time_ms,diameter_mm
0.0,2.633093525179856
1.0,2.633093525179856
2.0,2.589928057553957
3.0,2.589928057553957
4.0,2.589928057553957
5.0,2.589928057553957
6.0,2.633093525179856
7.0,2.633093525179856
8.0,2.589928057553957
9.0,2.589928057553957
10.0,2.589928057553957
11.0,2.633093525179856
12.0,2.633093525179856
13.0,2.633093525179856
14.0,2.589928057553957
15.0,2.589928057553957
16.0,2.589928057553957
17.0,2.589928057553957
18.0,2.589928057553957
19.0,2.589928057553957
20.0,2.589928057553957
21.0,2.589928057553957
22.0,2.589928057553957
23.0,2.633093525179856
24.0,2.589928057553957
25.0,2.589928057553957
26.0,2.589928057553957
27.0,2.589928057553957
28.0,2.589928057553957
29.0,2.5467625899280577
30.0,2.5467625899280577
31.0,2.589928057553957
32.0,2.589928057553957
33.0,2.589928057553957
34.0,2.589928057553957
35.0,2.589928057553957
36.0,2.589928057553957
37.0,2.5467625899280577
38.0,2.589928057553957
39.0,2.589928057553957
40.0,2.589928057553957
41.0,2.5467625899280577
42.0,2.5467625899280577
43.0,2.5467625899280577
44.0,2.589928057553957
45.0,2.589928057553957
46.0,2.589928057553957
47.0,2.589928057553957
48.0,2.589928057553957
49.0,2.5467625899280577
50.0,2.589928057553957
51.0,2.5467625899280577
52.0,2.5467625899280577
53.0,2.589928057553957
54.0,2.5467625899280577
55.0,2.5467625899280577
56.0,2.5467625899280577
57.0,2.5467625899280577
58.0,2.589928057553957
59.0,2.5467625899280577
60.0,2.589928057553957
61.0,2.5467625899280577
62.0,2.589928057553957
63.0,2.5467625899280577
64.0,2.5467625899280577
65.0,2.5467625899280577
66.0,2.5467625899280577
67.0,2.5035971223021583
68.0,2.5467625899280577
69.0,2.5035971223021583
70.0,2.5467625899280577
71.0,2.5467625899280577
72.0,2.5467625899280577
73.0,2.5467625899280577
74.0,2.5467625899280577
75.0,2.5467625899280577
76.0,2.5467625899280577
77.0,2.5467625899280577
78.0,2.5467625899280577
79.0,2.5467625899280577
80.0,2.5467625899280577
81.0,2.5467625899280577
82.0,2.5467625899280577
83.0,2.5467625899280577
84.0,2.5467625899280577
85.0,2.5467625899280577
86.0,2.5467625899280577
87.0,2.5467625899280577
88.0,2.5467625899280577
89.0,2.5467625899280577
90.0,2.5035971223021583
91.0,2.5467625899280577
92.0,2.5035971223021583
93.0,2.5467625899280577
94.0,2.5035971223021583
95.0,2.5467625899280577
96.0,2.5467625899280577
97.0,2.5467625899280577
98.0,2.5467625899280577
99.0,2.5035971223021583
100.0,2.5467625899280577
101.0,2.5035971223021583
102.0,2.5035971223021583
103.0,2.5467625899280577
104.0,2.5035971223021583
105.0,2.5035971223021583
106.0,2.5467625899280577
107.0,2.5467625899280577
108.0,2.5467625899280577
109.0,2.5035971223021583
110.0,2.5035971223021583
111.0,2.5035971223021583
112.0,2.5035971223021583
113.0,2.5467625899280577
114.0,2.5035971223021583
115.0,2.5035971223021583
116.0,2.5035971223021583
117.0,2.5035971223021583
118.0,2.5467625899280577
119.0,2.5035971223021583
120.0,2.5467625899280577
121.0,2.5467625899280577
122.0,2.5035971223021583
123.0,2.5035971223021583
124.0,2.5467625899280577
125.0,2.5035971223021583
126.0,2.5467625899280577
127.0,2.5035971223021583
128.0,2.5035971223021583
129.0,2.5035971223021583
130.0,2.5035971223021583
131.0,2.5035971223021583
132.0,2.5035971223021583
133.0,2.5035971223021583
134.0,2.5035971223021583
135.0,2.5035971223021583
136.0,2.5035971223021583
137.0,2.5035971223021583
138.0,2.5035971223021583
139.0,2.5035971223021583
140.0,2.5035971223021583
141.0,2.5035971223021583
142.0,2.5035971223021583
143.0,2.5035971223021583
144.0,2.5035971223021583
145.0,2.5035971223021583
146.0,2.5035971223021583
147.0,2.5035971223021583
148.0,2.5035971223021583
149.0,2.5035971223021583
150.0,2.5035971223021583
151.0,2.4604316546762592
152.0,2.4604316546762592
153.0,2.5035971223021583
154.0,2.5035971223021583
155.0,2.4604316546762592
156.0,2.5467625899280577
157.0,2.5035971223021583
158.0,2.5035971223021583
159.0,2.5035971223021583
160.0,2.5035971223021583
161.0,2.5035971223021583
162.0,2.5035971223021583
163.0,2.5035971223021583
164.0,2.5035971223021583
165.0,2.5035971223021583
166.0,2.5035971223021583
167.0,2.5035971223021583
168.0,2.5035971223021583
169.0,2.5035971223021583
170.0,2.5035971223021583
171.0,2.5035971223021583
172.0,2.5035971223021583
173.0,2.5035971223021583
174.0,2.5035971223021583
175.0,2.4604316546762592
176.0,2.4604316546762592
177.0,2.4604316546762592
178.0,2.5035971223021583
179.0,2.5035971223021583
180.0,2.5035971223021583
181.0,2.5035971223021583
182.0,2.5035971223021583
183.0,2.5035971223021583
184.0,2.5035971223021583
185.0,2.5035971223021583
186.0,2.5035971223021583
187.0,2.5035971223021583
188.0,2.5035971223021583
189.0,2.5035971223021583
190.0,2.4604316546762592
191.0,2.5035971223021583
192.0,2.4604316546762592
193.0,2.5035971223021583
194.0,2.4604316546762592
195.0,2.4604316546762592
196.0,2.4604316546762592
197.0,2.4604316546762592
198.0,2.4604316546762592
199.0,2.4604316546762592
200.0,2.4604316546762592
201.0,2.5035971223021583
202.0,2.5035971223021583
203.0,2.5035971223021583
204.0,2.5035971223021583
205.0,2.4604316546762592
206.0,2.5035971223021583
207.0,2.5035971223021583
208.0,2.4604316546762592
209.0,2.4604316546762592
210.0,2.5035971223021583
211.0,2.5035971223021583
212.0,2.5035971223021583
213.0,2.5035971223021583
214.0,2.5035971223021583
215.0,2.4604316546762592
216.0,2.5035971223021583
217.0,2.4604316546762592
218.0,2.5035971223021583
219.0,2.4604316546762592
220.0,2.5035971223021583
221.0,2.4604316546762592
222.0,2.4604316546762592
223.0,2.5035971223021583
224.0,2.5035971223021583
225.0,2.4604316546762592
226.0,2.5035971223021583
227.0,2.4604316546762592
228.0,2.5035971223021583
229.0,2.4604316546762592
230.0,2.5035971223021583
231.0,2.4604316546762592
232.0,2.4604316546762592
233.0,2.4604316546762592
234.0,2.4604316546762592
235.0,2.4604316546762592
236.0,2.4604316546762592
237.0,2.4604316546762592
238.0,2.4604316546762592
239.0,2.4604316546762592
240.0,2.4604316546762592
241.0,2.4604316546762592
242.0,2.4604316546762592
243.0,2.4604316546762592
244.0,2.5035971223021583
245.0,2.4604316546762592
246.0,2.4604316546762592
247.0,2.41726618705036
248.0,2.4604316546762592
249.0,2.41726618705036
250.0,2.5035971223021583
251.0,2.4604316546762592
252.0,2.41726618705036
253.0,2.4604316546762592
254.0,2.41726618705036
255.0,2.4604316546762592
256.0,2.4604316546762592
257.0,2.41726618705036
258.0,2.4604316546762592
259.0,2.4604316546762592
260.0,2.4604316546762592
261.0,2.4604316546762592
262.0,2.4604316546762592
263.0,2.4604316546762592
264.0,2.4604316546762592
265.0,2.41726618705036
266.0,2.4604316546762592
267.0,2.41726618705036
268.0,2.4604316546762592
269.0,2.41726618705036
270.0,2.4604316546762592
271.0,2.4604316546762592
272.0,2.4604316546762592
273.0,2.41726618705036
274.0,2.4604316546762592
275.0,2.4604316546762592
276.0,2.4604316546762592
277.0,2.41726618705036
278.0,2.4604316546762592
279.0,2.41726618705036
280.0,2.4604316546762592
281.0,2.4604316546762592
282.0,2.4604316546762592
283.0,2.4604316546762592
284.0,2.4604316546762592
285.0,2.41726618705036
286.0,2.4604316546762592
287.0,2.41726618705036
288.0,2.41726618705036
289.0,2.41726618705036
290.0,2.41726618705036
291.0,2.41726618705036
292.0,2.41726618705036
293.0,2.41726618705036
294.0,2.41726618705036
295.0,2.41726618705036
296.0,2.41726618705036
297.0,2.41726618705036
298.0,2.4604316546762592
299.0,2.41726618705036
300.0,2.41726618705036
301.0,2.41726618705036
302.0,2.41726618705036
303.0,2.41726618705036
304.0,2.4604316546762592
305.0,2.41726618705036
306.0,2.4604316546762592
307.0,2.41726618705036
308.0,2.4604316546762592
309.0,2.41726618705036
310.0,2.41726618705036
311.0,2.41726618705036
312.0,2.4604316546762592
313.0,2.41726618705036
314.0,2.4604316546762592
315.0,2.41726618705036
316.0,2.4604316546762592
317.0,2.41726618705036
318.0,2.41726618705036
319.0,2.41726618705036
320.0,2.4604316546762592
321.0,2.4604316546762592
322.0,2.4604316546762592
323.0,2.4604316546762592
324.0,2.41726618705036
325.0,2.41726618705036
326.0,2.41726618705036
327.0,2.41726618705036
328.0,2.41726618705036
329.0,2.41726618705036
330.0,2.41726618705036
331.0,2.41726618705036
332.0,2.41726618705036
333.0,2.41726618705036
334.0,2.41726618705036
335.0,2.41726618705036
336.0,2.41726618705036
337.0,2.41726618705036
338.0,2.41726618705036
339.0,2.41726618705036
340.0,2.41726618705036
341.0,2.41726618705036
342.0,2.41726618705036
343.0,2.41726618705036
344.0,2.41726618705036
345.0,2.41726618705036
346.0,2.41726618705036
347.0,2.41726618705036
348.0,2.41726618705036
349.0,2.41726618705036
350.0,2.4604316546762592
351.0,2.41726618705036
352.0,2.41726618705036
353.0,2.41726618705036
354.0,2.41726618705036
355.0,2.4604316546762592
356.0,2.41726618705036
357.0,2.41726618705036
358.0,2.41726618705036
359.0,2.41726618705036
360.0,2.41726618705036
361.0,2.41726618705036
362.0,2.41726618705036
363.0,2.41726618705036
364.0,2.41726618705036
365.0,2.3741007194244608
366.0,2.41726618705036
367.0,2.41726618705036
368.0,2.41726618705036
369.0,2.3741007194244608
370.0,2.41726618705036
371.0,2.41726618705036
372.0,2.41726618705036
373.0,2.41726618705036
374.0,2.41726618705036
375.0,2.41726618705036
376.0,2.41726618705036
377.0,2.41726618705036
378.0,2.41726618705036
379.0,2.41726618705036
380.0,2.41726618705036
381.0,2.41726618705036
382.0,2.41726618705036
383.0,2.41726618705036
384.0,2.41726618705036
385.0,2.41726618705036
386.0,2.41726618705036
387.0,2.41726618705036
388.0,2.41726618705036
389.0,2.41726618705036
390.0,2.41726618705036
391.0,2.41726618705036
392.0,2.41726618705036
393.0,2.41726618705036
394.0,2.41726618705036
395.0,2.41726618705036
396.0,2.3741007194244608
397.0,2.3741007194244608
398.0,2.3741007194244608
399.0,2.3741007194244608
400.0,2.41726618705036
401.0,2.3741007194244608
402.0,2.3741007194244608
403.0,2.41726618705036
404.0,2.3741007194244608
405.0,2.3741007194244608
406.0,2.3741007194244608
407.0,2.3741007194244608
408.0,2.41726618705036
409.0,2.3741007194244608
410.0,2.41726618705036
411.0,2.3741007194244608
412.0,2.41726618705036
413.0,2.3741007194244608
414.0,2.3741007194244608
415.0,2.41726618705036
416.0,2.41726618705036
417.0,2.41726618705036
418.0,2.41726618705036
419.0,2.41726618705036
420.0,2.41726618705036
421.0,2.41726618705036
422.0,2.3741007194244608
423.0,2.3741007194244608
424.0,2.3741007194244608
425.0,2.41726618705036
426.0,2.41726618705036
427.0,2.41726618705036
428.0,2.41726618705036
429.0,2.41726618705036
430.0,2.41726618705036
431.0,2.3741007194244608
432.0,2.41726618705036
433.0,2.41726618705036
434.0,2.3741007194244608
435.0,2.41726618705036
436.0,2.3741007194244608
437.0,2.3741007194244608
438.0,2.3741007194244608
439.0,2.3741007194244608
440.0,2.3741007194244608
441.0,2.3741007194244608
442.0,2.3741007194244608
443.0,2.3741007194244608
444.0,2.3741007194244608
445.0,2.3741007194244608
446.0,2.3741007194244608
447.0,2.3741007194244608
448.0,2.3741007194244608
449.0,2.3741007194244608
450.0,2.3741007194244608
451.0,2.3741007194244608
452.0,2.3741007194244608
453.0,2.3741007194244608
454.0,2.3741007194244608
455.0,2.3741007194244608
456.0,2.3741007194244608
457.0,2.3741007194244608
458.0,2.3741007194244608
459.0,2.3741007194244608
460.0,2.41726618705036
461.0,2.3741007194244608
462.0,2.3741007194244608
463.0,2.3741007194244608
464.0,2.3741007194244608
465.0,2.3741007194244608
466.0,2.3741007194244608
467.0,2.3741007194244608
468.0,2.3741007194244608
469.0,2.3741007194244608
470.0,2.3741007194244608
471.0,2.3741007194244608
472.0,2.3309352517985613
473.0,2.3741007194244608
474.0,2.41726618705036
475.0,2.3741007194244608
476.0,2.3741007194244608
477.0,2.3309352517985613
478.0,2.41726618705036
479.0,2.3741007194244608
480.0,2.3741007194244608
481.0,2.3741007194244608
482.0,2.3741007194244608
483.0,2.3741007194244608
484.0,2.3741007194244608
485.0,2.3741007194244608
486.0,2.3741007194244608
487.0,2.3741007194244608
488.0,2.3741007194244608
489.0,2.3309352517985613
490.0,2.3309352517985613
491.0,2.3741007194244608
492.0,2.3741007194244608
493.0,2.3741007194244608
494.0,2.3741007194244608
495.0,2.3741007194244608
496.0,2.3741007194244608
497.0,2.3741007194244608
498.0,2.3741007194244608
499.0,2.3741007194244608
500.0,2.3741007194244608
501.0,2.3741007194244608
502.0,2.3309352517985613
503.0,2.3741007194244608
504.0,2.3741007194244608
505.0,2.3741007194244608
506.0,2.3741007194244608
507.0,2.3309352517985613
508.0,2.3741007194244608
509.0,2.3741007194244608
510.0,2.3309352517985613
511.0,2.3741007194244608
512.0,2.3741007194244608
513.0,2.3741007194244608
514.0,2.3309352517985613
515.0,2.3741007194244608
516.0,2.3741007194244608
517.0,2.3741007194244608
518.0,2.3309352517985613
519.0,2.3741007194244608
520.0,2.3741007194244608
521.0,2.3741007194244608
522.0,2.3309352517985613
523.0,2.3741007194244608
524.0,2.3741007194244608
525.0,2.3741007194244608
526.0,2.3741007194244608
527.0,2.3741007194244608
528.0,2.3741007194244608
529.0,2.3741007194244608
530.0,2.3741007194244608
531.0,2.3741007194244608
532.0,2.3741007194244608
533.0,2.3741007194244608
534.0,2.3741007194244608
535.0,2.3741007194244608
536.0,2.3741007194244608
537.0,2.3741007194244608
538.0,2.3741007194244608
539.0,2.3741007194244608
540.0,2.3741007194244608
541.0,2.3741007194244608
542.0,2.3741007194244608
543.0,2.3741007194244608
544.0,2.3309352517985613
545.0,2.3741007194244608
546.0,2.3741007194244608
547.0,2.3309352517985613
548.0,2.3741007194244608
549.0,2.3309352517985613
550.0,2.3309352517985613
551.0,2.3309352517985613
552.0,2.3741007194244608
553.0,2.3309352517985613
554.0,2.3741007194244608
555.0,2.3309352517985613
556.0,2.3741007194244608
557.0,2.3309352517985613
558.0,2.3309352517985613
559.0,2.3309352517985613
560.0,2.3309352517985613
561.0,2.3309352517985613
562.0,2.3309352517985613
563.0,2.3741007194244608
564.0,2.3309352517985613
565.0,2.3309352517985613
566.0,2.3741007194244608
567.0,2.3309352517985613
568.0,2.3309352517985613
569.0,2.3309352517985613
570.0,2.3741007194244608
571.0,2.3309352517985613
572.0,2.3741007194244608
573.0,2.3741007194244608
574.0,2.3741007194244608
575.0,2.3741007194244608
576.0,2.3741007194244608
577.0,2.3741007194244608
578.0,2.3741007194244608
579.0,2.3741007194244608
580.0,2.3741007194244608
581.0,2.3309352517985613
582.0,2.3309352517985613
583.0,2.3309352517985613
584.0,2.3309352517985613
585.0,2.3309352517985613
586.0,2.3309352517985613
587.0,2.3309352517985613
588.0,2.3309352517985613
589.0,2.3309352517985613
590.0,2.3309352517985613
591.0,2.3309352517985613
592.0,2.3309352517985613
593.0,2.3309352517985613
594.0,2.3309352517985613
595.0,2.3309352517985613
596.0,2.3309352517985613
597.0,2.3309352517985613
598.0,2.3309352517985613
599.0,2.3309352517985613
600.0,2.3309352517985613
601.0,2.3309352517985613
602.0,2.3309352517985613
603.0,2.3309352517985613
604.0,2.3309352517985613
605.0,2.3309352517985613
606.0,2.3309352517985613
607.0,2.3309352517985613
608.0,2.3309352517985613
609.0,2.3309352517985613
610.0,2.3309352517985613
611.0,2.3309352517985613
612.0,2.3309352517985613
613.0,2.3309352517985613
614.0,2.3309352517985613
615.0,2.3309352517985613
616.0,2.3309352517985613
617.0,2.3309352517985613
618.0,2.3741007194244608
619.0,2.3309352517985613
620.0,2.3309352517985613
621.0,2.3309352517985613
622.0,2.3309352517985613
623.0,2.3309352517985613
624.0,2.3309352517985613
625.0,2.3741007194244608
626.0,2.3309352517985613
627.0,2.3309352517985613
628.0,2.3309352517985613
629.0,2.3309352517985613
630.0,2.3309352517985613
631.0,2.3309352517985613
632.0,2.3309352517985613
633.0,2.3309352517985613
634.0,2.3309352517985613
635.0,2.3309352517985613
636.0,2.3309352517985613
637.0,2.3309352517985613
638.0,2.3309352517985613
639.0,2.3309352517985613
640.0,2.3309352517985613
641.0,2.3309352517985613
642.0,2.3309352517985613
643.0,2.287769784172662
644.0,2.3309352517985613
645.0,2.3309352517985613
646.0,2.3309352517985613
647.0,2.3309352517985613
648.0,2.3309352517985613
649.0,2.3309352517985613
650.0,2.3309352517985613
651.0,2.3309352517985613
652.0,2.3309352517985613
653.0,2.3309352517985613
654.0,2.3309352517985613
655.0,2.287769784172662
656.0,2.287769784172662
657.0,2.287769784172662
658.0,2.3309352517985613
659.0,2.3309352517985613
660.0,2.3309352517985613
661.0,2.3309352517985613
662.0,2.3309352517985613
663.0,2.287769784172662
664.0,2.287769784172662
665.0,2.287769784172662
666.0,2.287769784172662
667.0,2.3309352517985613
668.0,2.287769784172662
669.0,2.287769784172662
670.0,2.3309352517985613
671.0,2.3309352517985613
672.0,2.3309352517985613
673.0,2.3309352517985613
674.0,2.287769784172662
675.0,2.3309352517985613
676.0,2.3309352517985613
677.0,2.287769784172662
678.0,2.3309352517985613
679.0,2.3309352517985613
680.0,2.3309352517985613
681.0,2.3309352517985613
682.0,2.3309352517985613
683.0,2.3309352517985613
684.0,2.3309352517985613
685.0,2.3309352517985613
686.0,2.3309352517985613
687.0,2.3309352517985613
688.0,2.3309352517985613
689.0,2.3309352517985613
690.0,2.3309352517985613
691.0,2.3309352517985613
692.0,2.287769784172662
693.0,2.3309352517985613
694.0,2.3309352517985613
695.0,2.287769784172662
696.0,2.287769784172662
697.0,2.287769784172662
698.0,2.3309352517985613
699.0,2.287769784172662
700.0,2.287769784172662
701.0,2.287769784172662
702.0,2.287769784172662
703.0,2.3309352517985613
704.0,2.287769784172662
705.0,2.287769784172662
706.0,2.287769784172662
707.0,2.287769784172662
708.0,2.3309352517985613
709.0,2.3309352517985613
710.0,2.287769784172662
711.0,2.287769784172662
712.0,2.287769784172662
713.0,2.287769784172662
714.0,2.287769784172662
715.0,2.287769784172662
716.0,2.287769784172662
717.0,2.287769784172662
718.0,2.287769784172662
719.0,2.287769784172662
720.0,2.3309352517985613
721.0,2.287769784172662
722.0,2.3309352517985613
723.0,2.3309352517985613
724.0,2.287769784172662
725.0,2.3309352517985613
726.0,2.3309352517985613
727.0,2.3309352517985613
728.0,2.3309352517985613
729.0,2.287769784172662
730.0,2.287769784172662
731.0,2.3309352517985613
732.0,2.3309352517985613
733.0,2.3309352517985613
734.0,2.3309352517985613
735.0,2.3309352517985613
736.0,2.3309352517985613
737.0,2.287769784172662
738.0,2.287769784172662
739.0,2.287769784172662
740.0,2.287769784172662
741.0,2.287769784172662
742.0,2.287769784172662
743.0,2.287769784172662
744.0,2.287769784172662
745.0,2.287769784172662
746.0,2.287769784172662
747.0,2.287769784172662
748.0,2.287769784172662
749.0,2.287769784172662
750.0,2.287769784172662
751.0,2.287769784172662
752.0,2.287769784172662
753.0,2.287769784172662
754.0,2.287769784172662
755.0,2.287769784172662
756.0,2.287769784172662
757.0,2.287769784172662
758.0,2.287769784172662
759.0,2.287769784172662
760.0,2.3309352517985613
761.0,2.287769784172662
762.0,2.3309352517985613
763.0,2.3309352517985613
764.0,2.287769784172662
765.0,2.287769784172662
766.0,2.3309352517985613
767.0,2.287769784172662
768.0,2.287769784172662
769.0,2.287769784172662
770.0,2.287769784172662
771.0,2.3309352517985613
772.0,2.287769784172662
773.0,2.3309352517985613
774.0,2.3309352517985613
775.0,2.287769784172662
776.0,2.287769784172662
777.0,2.287769784172662
778.0,2.287769784172662
779.0,2.287769784172662
780.0,2.287769784172662
781.0,2.287769784172662
782.0,2.287769784172662
783.0,2.287769784172662
784.0,2.287769784172662
785.0,2.287769784172662
786.0,2.287769784172662
787.0,2.287769784172662
788.0,2.287769784172662
789.0,2.287769784172662
790.0,2.287769784172662
791.0,2.287769784172662
792.0,2.287769784172662
793.0,2.287769784172662
794.0,2.287769784172662
795.0,2.287769784172662
796.0,2.287769784172662
797.0,2.287769784172662
798.0,2.287769784172662
799.0,2.287769784172662
800.0,2.287769784172662
801.0,2.287769784172662
802.0,2.287769784172662
803.0,2.287769784172662
804.0,2.287769784172662
805.0,2.287769784172662
806.0,2.287769784172662
807.0,2.244604316546763
808.0,2.3309352517985613
809.0,2.287769784172662
810.0,2.3309352517985613
811.0,2.244604316546763
812.0,2.3309352517985613
813.0,2.287769784172662
814.0,2.287769784172662
815.0,2.3309352517985613
816.0,2.287769784172662
817.0,2.287769784172662
818.0,2.287769784172662
819.0,2.287769784172662
820.0,2.287769784172662
821.0,2.287769784172662
822.0,2.244604316546763
823.0,2.287769784172662
824.0,2.287769784172662
825.0,2.287769784172662
826.0,2.287769784172662
827.0,2.287769784172662
828.0,2.287769784172662
829.0,2.287769784172662
830.0,2.287769784172662
831.0,2.287769784172662
832.0,2.287769784172662
833.0,2.287769784172662
834.0,2.287769784172662
835.0,2.287769784172662
836.0,2.287769784172662
837.0,2.287769784172662
838.0,2.287769784172662
839.0,2.287769784172662
840.0,2.287769784172662
841.0,2.287769784172662
842.0,2.287769784172662
843.0,2.287769784172662
844.0,2.287769784172662
845.0,2.287769784172662
846.0,2.287769784172662
847.0,2.287769784172662
848.0,2.287769784172662
849.0,2.287769784172662
850.0,2.287769784172662
851.0,2.287769784172662
852.0,2.287769784172662
853.0,2.244604316546763
854.0,2.287769784172662
855.0,2.244604316546763
856.0,2.244604316546763
857.0,2.244604316546763
858.0,2.287769784172662
859.0,2.287769784172662
860.0,2.287769784172662
861.0,2.244604316546763
862.0,2.244604316546763
863.0,2.287769784172662
864.0,2.244604316546763
865.0,2.244604316546763
866.0,2.244604316546763
867.0,2.244604316546763
868.0,2.244604316546763
869.0,2.244604316546763
870.0,2.244604316546763
871.0,2.287769784172662
872.0,2.287769784172662
873.0,2.244604316546763
874.0,2.244604316546763
875.0,2.287769784172662
876.0,2.244604316546763
877.0,2.287769784172662
878.0,2.287769784172662
879.0,2.287769784172662
880.0,2.287769784172662
881.0,2.287769784172662
882.0,2.244604316546763
883.0,2.287769784172662
884.0,2.287769784172662
885.0,2.287769784172662
886.0,2.244604316546763
887.0,2.287769784172662
888.0,2.287769784172662
889.0,2.287769784172662
890.0,2.244604316546763
891.0,2.287769784172662
892.0,2.244604316546763
893.0,2.244604316546763
894.0,2.244604316546763
895.0,2.287769784172662
896.0,2.244604316546763
897.0,2.287769784172662
898.0,2.244604316546763
899.0,2.244604316546763
900.0,2.287769784172662
901.0,2.287769784172662
902.0,2.244604316546763
903.0,2.244604316546763
904.0,2.244604316546763
905.0,2.244604316546763
906.0,2.287769784172662
907.0,2.244604316546763
908.0,2.244604316546763
909.0,2.244604316546763
910.0,2.244604316546763
911.0,2.244604316546763
912.0,2.287769784172662
913.0,2.244604316546763
914.0,2.244604316546763
915.0,2.244604316546763
916.0,2.244604316546763
917.0,2.287769784172662
918.0,2.244604316546763
919.0,2.244604316546763
920.0,2.244604316546763
921.0,2.287769784172662
922.0,2.287769784172662
923.0,2.244604316546763
924.0,2.287769784172662
925.0,2.287769784172662
926.0,2.244604316546763
927.0,2.287769784172662
928.0,2.244604316546763
929.0,2.244604316546763
930.0,2.244604316546763
931.0,2.244604316546763
932.0,2.244604316546763
933.0,2.244604316546763
934.0,2.287769784172662
935.0,2.244604316546763
936.0,2.244604316546763
937.0,2.244604316546763
938.0,2.244604316546763
939.0,2.244604316546763
940.0,2.244604316546763
941.0,2.244604316546763
942.0,2.244604316546763
943.0,2.244604316546763
944.0,2.244604316546763
945.0,2.244604316546763
946.0,2.244604316546763
947.0,2.244604316546763
948.0,2.244604316546763
949.0,2.244604316546763
950.0,2.244604316546763
951.0,2.244604316546763
952.0,2.244604316546763
953.0,2.244604316546763
954.0,2.244604316546763
955.0,2.244604316546763
956.0,2.244604316546763
957.0,2.244604316546763
958.0,2.244604316546763
959.0,2.244604316546763
960.0,2.244604316546763
961.0,2.244604316546763
962.0,2.287769784172662
963.0,2.244604316546763
964.0,2.244604316546763
965.0,2.287769784172662
966.0,2.244604316546763
967.0,2.244604316546763
968.0,2.244604316546763
969.0,2.244604316546763
970.0,2.244604316546763
971.0,2.244604316546763
972.0,2.244604316546763
973.0,2.244604316546763
974.0,2.244604316546763
975.0,2.244604316546763
976.0,2.244604316546763
977.0,2.244604316546763
978.0,2.244604316546763
979.0,2.244604316546763
980.0,2.244604316546763
981.0,2.2014388489208634
982.0,2.2014388489208634
983.0,2.244604316546763
984.0,2.244604316546763
985.0,2.244604316546763
986.0,2.244604316546763
987.0,2.244604316546763
988.0,2.244604316546763
989.0,2.244604316546763
990.0,2.244604316546763
991.0,2.244604316546763
992.0,2.244604316546763
993.0,2.244604316546763
994.0,2.244604316546763
995.0,2.244604316546763
996.0,2.244604316546763
997.0,2.244604316546763
998.0,2.244604316546763
999.0,2.244604316546763
1000.0,2.244604316546763
1001.0,2.244604316546763
1002.0,2.244604316546763
1003.0,2.244604316546763
1004.0,2.244604316546763
1005.0,2.244604316546763
1006.0,2.244604316546763
1007.0,2.2014388489208634
1008.0,2.244604316546763
1009.0,2.244604316546763
1010.0,2.244604316546763
1011.0,2.244604316546763
1012.0,2.244604316546763
1013.0,2.244604316546763
1014.0,2.244604316546763
1015.0,2.244604316546763
1016.0,2.244604316546763
1017.0,2.244604316546763
1018.0,2.244604316546763
1019.0,2.244604316546763
1020.0,2.244604316546763
1021.0,2.244604316546763
1022.0,2.244604316546763
1023.0,2.244604316546763
1024.0,2.244604316546763
1025.0,2.244604316546763
1026.0,2.244604316546763
1027.0,2.244604316546763
1028.0,2.244604316546763
1029.0,2.244604316546763
1030.0,2.244604316546763
1031.0,2.2014388489208634
1032.0,2.244604316546763
1033.0,2.244604316546763
1034.0,2.244604316546763
1035.0,2.244604316546763
1036.0,2.244604316546763
1037.0,2.244604316546763
1038.0,2.244604316546763
1039.0,2.2014388489208634
1040.0,2.244604316546763
1041.0,2.244604316546763
1042.0,2.244604316546763
1043.0,2.244604316546763
1044.0,2.244604316546763
1045.0,2.244604316546763
1046.0,2.244604316546763
1047.0,2.244604316546763
1048.0,2.244604316546763
1049.0,2.244604316546763
1050.0,2.244604316546763
1051.0,2.244604316546763
1052.0,2.244604316546763
1053.0,2.244604316546763
1054.0,2.244604316546763
1055.0,2.244604316546763
1056.0,2.2014388489208634
1057.0,2.244604316546763
1058.0,2.244604316546763
1059.0,2.244604316546763
1060.0,2.244604316546763
1061.0,2.244604316546763
1062.0,2.244604316546763
1063.0,2.244604316546763
1064.0,2.244604316546763
1065.0,2.244604316546763
1066.0,2.244604316546763
1067.0,2.244604316546763
1068.0,2.244604316546763
1069.0,2.244604316546763
1070.0,2.244604316546763
1071.0,2.244604316546763
1072.0,2.244604316546763
1073.0,2.244604316546763
1074.0,2.244604316546763
1075.0,2.2014388489208634
1076.0,2.244604316546763
1077.0,2.244604316546763
1078.0,2.2014388489208634
1079.0,2.244604316546763
1080.0,2.244604316546763
1081.0,2.244604316546763
1082.0,2.2014388489208634
1083.0,2.2014388489208634
1084.0,2.244604316546763
1085.0,2.2014388489208634
1086.0,2.244604316546763
1087.0,2.244604316546763
1088.0,2.244604316546763
1089.0,2.2014388489208634
1090.0,2.244604316546763
1091.0,2.2014388489208634
1092.0,2.244604316546763
1093.0,2.244604316546763
1094.0,2.244604316546763
1095.0,2.2014388489208634
1096.0,2.244604316546763
1097.0,2.244604316546763
1098.0,2.2014388489208634
1099.0,2.2014388489208634
1100.0,2.244604316546763
1101.0,2.244604316546763
1102.0,2.244604316546763
1103.0,2.2014388489208634
1104.0,2.244604316546763
1105.0,2.2014388489208634
1106.0,2.2014388489208634
1107.0,2.2014388489208634
1108.0,2.2014388489208634
1109.0,2.244604316546763
1110.0,2.2014388489208634
1111.0,2.2014388489208634
1112.0,2.244604316546763
1113.0,2.244604316546763
1114.0,2.2014388489208634
1115.0,2.244604316546763
1116.0,2.244604316546763
1117.0,2.2014388489208634
1118.0,2.2014388489208634
1119.0,2.244604316546763
1120.0,2.244604316546763
1121.0,2.244604316546763
1122.0,2.244604316546763
1123.0,2.2014388489208634
1124.0,2.2014388489208634
1125.0,2.244604316546763
1126.0,2.2014388489208634
1127.0,2.244604316546763
1128.0,2.2014388489208634
1129.0,2.244604316546763
1130.0,2.244604316546763
1131.0,2.244604316546763
1132.0,2.2014388489208634
1133.0,2.244604316546763
1134.0,2.2014388489208634
1135.0,2.2014388489208634
1136.0,2.2014388489208634
1137.0,2.2014388489208634
1138.0,2.2014388489208634
1139.0,2.244604316546763
1140.0,2.2014388489208634
1141.0,2.2014388489208634
1142.0,2.2014388489208634
1143.0,2.158273381294964
1144.0,2.2014388489208634
1145.0,2.2014388489208634
1146.0,2.2014388489208634
1147.0,2.2014388489208634
1148.0,2.2014388489208634
1149.0,2.2014388489208634
1150.0,2.244604316546763
1151.0,2.2014388489208634
1152.0,2.2014388489208634
1153.0,2.2014388489208634
1154.0,2.2014388489208634
1155.0,2.2014388489208634
1156.0,2.2014388489208634
1157.0,2.2014388489208634
1158.0,2.2014388489208634
1159.0,2.2014388489208634
1160.0,2.2014388489208634
1161.0,2.2014388489208634
1162.0,2.244604316546763
1163.0,2.2014388489208634
1164.0,2.244604316546763
1165.0,2.2014388489208634
1166.0,2.2014388489208634
1167.0,2.244604316546763
1168.0,2.2014388489208634
1169.0,2.244604316546763
1170.0,2.244604316546763
1171.0,2.244604316546763
1172.0,2.2014388489208634
1173.0,2.2014388489208634
1174.0,2.2014388489208634
1175.0,2.244604316546763
1176.0,2.244604316546763
1177.0,2.244604316546763
1178.0,2.2014388489208634
1179.0,2.2014388489208634
1180.0,2.2014388489208634
1181.0,2.2014388489208634
1182.0,2.2014388489208634
1183.0,2.2014388489208634
1184.0,2.2014388489208634
1185.0,2.2014388489208634
1186.0,2.2014388489208634
1187.0,2.2014388489208634
1188.0,2.2014388489208634
1189.0,2.244604316546763
1190.0,2.2014388489208634
1191.0,2.158273381294964
1192.0,2.2014388489208634
1193.0,2.158273381294964
1194.0,2.2014388489208634
1195.0,2.2014388489208634
1196.0,2.2014388489208634
1197.0,2.2014388489208634
1198.0,2.2014388489208634
1199.0,2.2014388489208634
1200.0,2.2014388489208634
1201.0,2.2014388489208634
1202.0,2.2014388489208634
1203.0,2.2014388489208634
1204.0,2.244604316546763
1205.0,2.2014388489208634
1206.0,2.2014388489208634
1207.0,2.158273381294964
1208.0,2.2014388489208634
1209.0,2.2014388489208634
1210.0,2.2014388489208634
1211.0,2.2014388489208634
1212.0,2.2014388489208634
1213.0,2.2014388489208634
1214.0,2.2014388489208634
1215.0,2.244604316546763
1216.0,2.244604316546763
1217.0,2.2014388489208634
1218.0,2.2014388489208634
1219.0,2.2014388489208634
1220.0,2.2014388489208634
1221.0,2.2014388489208634
1222.0,2.2014388489208634
1223.0,2.2014388489208634
1224.0,2.158273381294964
1225.0,2.2014388489208634
1226.0,2.2014388489208634
1227.0,2.2014388489208634
1228.0,2.2014388489208634
1229.0,2.2014388489208634
1230.0,2.2014388489208634
1231.0,2.2014388489208634
1232.0,2.158273381294964
1233.0,2.2014388489208634
1234.0,2.244604316546763
1235.0,2.158273381294964
1236.0,2.2014388489208634
1237.0,2.158273381294964
1238.0,2.2014388489208634
1239.0,2.158273381294964
1240.0,2.2014388489208634
1241.0,2.2014388489208634
1242.0,2.2014388489208634
1243.0,2.2014388489208634
1244.0,2.2014388489208634
1245.0,2.2014388489208634
1246.0,2.2014388489208634
1247.0,2.2014388489208634
1248.0,2.2014388489208634
1249.0,2.158273381294964
1250.0,2.244604316546763
1251.0,2.2014388489208634
1252.0,2.244604316546763
1253.0,2.2014388489208634
1254.0,2.2014388489208634
1255.0,2.2014388489208634
1256.0,2.2014388489208634
1257.0,2.2014388489208634
1258.0,2.158273381294964
1259.0,2.2014388489208634
1260.0,2.2014388489208634
1261.0,2.158273381294964
1262.0,2.2014388489208634
1263.0,2.2014388489208634
1264.0,2.2014388489208634
1265.0,2.2014388489208634
1266.0,2.2014388489208634
1267.0,2.158273381294964
1268.0,2.2014388489208634
1269.0,2.158273381294964
1270.0,2.2014388489208634
1271.0,2.2014388489208634
1272.0,2.2014388489208634
1273.0,2.158273381294964
1274.0,2.158273381294964
1275.0,2.2014388489208634
1276.0,2.2014388489208634
1277.0,2.2014388489208634
1278.0,2.2014388489208634
1279.0,2.244604316546763
1280.0,2.2014388489208634
1281.0,2.2014388489208634
1282.0,2.158273381294964
1283.0,2.158273381294964
1284.0,2.2014388489208634
1285.0,2.158273381294964
1286.0,2.2014388489208634
1287.0,2.2014388489208634
1288.0,2.2014388489208634
1289.0,2.158273381294964
1290.0,2.2014388489208634
1291.0,2.158273381294964
1292.0,2.2014388489208634
1293.0,2.2014388489208634
1294.0,2.2014388489208634
1295.0,2.2014388489208634
1296.0,2.2014388489208634
1297.0,2.2014388489208634
1298.0,2.2014388489208634
1299.0,2.158273381294964
1300.0,2.2014388489208634
1301.0,2.2014388489208634
1302.0,2.2014388489208634
1303.0,2.2014388489208634
1304.0,2.158273381294964
1305.0,2.2014388489208634
1306.0,2.2014388489208634
1307.0,2.158273381294964
1308.0,2.2014388489208634
1309.0,2.2014388489208634
1310.0,2.2014388489208634
1311.0,2.158273381294964
1312.0,2.2014388489208634
1313.0,2.2014388489208634
1314.0,2.2014388489208634
1315.0,2.158273381294964
1316.0,2.158273381294964
1317.0,2.158273381294964
1318.0,2.158273381294964
1319.0,2.2014388489208634
1320.0,2.158273381294964
1321.0,2.158273381294964
1322.0,2.2014388489208634
1323.0,2.158273381294964
1324.0,2.158273381294964
1325.0,2.158273381294964
1326.0,2.158273381294964
1327.0,2.2014388489208634
1328.0,2.158273381294964
1329.0,2.158273381294964
1330.0,2.2014388489208634
1331.0,2.158273381294964
1332.0,2.158273381294964
1333.0,2.158273381294964
1334.0,2.2014388489208634
1335.0,2.2014388489208634
1336.0,2.2014388489208634
1337.0,2.158273381294964
1338.0,2.2014388489208634
1339.0,2.2014388489208634
1340.0,2.2014388489208634
1341.0,2.158273381294964
1342.0,2.158273381294964
1343.0,2.158273381294964
1344.0,2.2014388489208634
1345.0,2.158273381294964
1346.0,2.158273381294964
1347.0,2.2014388489208634
1348.0,2.2014388489208634
1349.0,2.158273381294964
1350.0,2.2014388489208634
1351.0,2.158273381294964
1352.0,2.2014388489208634
1353.0,2.158273381294964
1354.0,2.2014388489208634
1355.0,2.158273381294964
1356.0,2.158273381294964
1357.0,2.158273381294964
1358.0,2.2014388489208634
1359.0,2.158273381294964
1360.0,2.158273381294964
1361.0,2.2014388489208634
1362.0,2.2014388489208634
1363.0,2.158273381294964
1364.0,2.158273381294964
1365.0,2.2014388489208634
1366.0,2.158273381294964
1367.0,2.158273381294964
1368.0,2.2014388489208634
1369.0,2.158273381294964
1370.0,2.158273381294964
1371.0,2.158273381294964
1372.0,2.158273381294964
1373.0,2.158273381294964
1374.0,2.158273381294964
1375.0,2.158273381294964
1376.0,2.158273381294964
1377.0,2.2014388489208634
1378.0,2.158273381294964
1379.0,2.158273381294964
1380.0,2.158273381294964
1381.0,2.158273381294964
1382.0,2.158273381294964
1383.0,2.158273381294964
1384.0,2.2014388489208634
1385.0,2.158273381294964
1386.0,2.158273381294964
1387.0,2.158273381294964
1388.0,2.158273381294964
1389.0,2.2014388489208634
1390.0,2.2014388489208634
1391.0,2.158273381294964
1392.0,2.158273381294964
1393.0,2.158273381294964
1394.0,2.2014388489208634
1395.0,2.158273381294964
1396.0,2.2014388489208634
1397.0,2.158273381294964
1398.0,2.2014388489208634
1399.0,2.158273381294964
1400.0,2.158273381294964
1401.0,2.158273381294964
1402.0,2.158273381294964
1403.0,2.158273381294964
1404.0,2.158273381294964
1405.0,2.158273381294964
1406.0,2.158273381294964
1407.0,2.158273381294964
1408.0,2.158273381294964
1409.0,2.158273381294964
1410.0,2.2014388489208634
1411.0,2.158273381294964
1412.0,2.158273381294964
1413.0,2.2014388489208634
1414.0,2.158273381294964
1415.0,2.158273381294964
1416.0,2.158273381294964
1417.0,2.158273381294964
1418.0,2.158273381294964
1419.0,2.158273381294964
1420.0,2.158273381294964
1421.0,2.158273381294964
1422.0,2.2014388489208634
1423.0,2.158273381294964
1424.0,2.158273381294964
1425.0,2.158273381294964
1426.0,2.158273381294964
1427.0,2.158273381294964
1428.0,2.158273381294964
1429.0,2.158273381294964
1430.0,2.158273381294964
1431.0,2.115107913669065
1432.0,2.158273381294964
1433.0,2.158273381294964
1434.0,2.158273381294964
1435.0,2.158273381294964
1436.0,2.158273381294964
1437.0,2.158273381294964
1438.0,2.158273381294964
1439.0,2.158273381294964
1440.0,2.158273381294964
1441.0,2.158273381294964
1442.0,2.158273381294964
1443.0,2.158273381294964
1444.0,2.158273381294964
1445.0,2.158273381294964
1446.0,2.158273381294964
1447.0,2.158273381294964
1448.0,2.158273381294964
1449.0,2.158273381294964
1450.0,2.158273381294964
1451.0,2.2014388489208634
1452.0,2.2014388489208634
1453.0,2.115107913669065
1454.0,2.158273381294964
1455.0,2.158273381294964
1456.0,2.158273381294964
1457.0,2.158273381294964
1458.0,2.158273381294964
1459.0,2.158273381294964
1460.0,2.158273381294964
1461.0,2.158273381294964
1462.0,2.158273381294964
1463.0,2.158273381294964
1464.0,2.158273381294964
1465.0,2.158273381294964
1466.0,2.158273381294964
1467.0,2.158273381294964
1468.0,2.158273381294964
1469.0,2.158273381294964
1470.0,2.158273381294964
1471.0,2.158273381294964
1472.0,2.158273381294964
1473.0,2.158273381294964
1474.0,2.158273381294964
1475.0,2.158273381294964
1476.0,2.158273381294964
1477.0,2.158273381294964
1478.0,2.158273381294964
1479.0,2.158273381294964
1480.0,2.158273381294964
1481.0,2.158273381294964
1482.0,2.158273381294964
1483.0,2.158273381294964
1484.0,2.158273381294964
1485.0,2.158273381294964
1486.0,2.158273381294964
1487.0,2.158273381294964
1488.0,2.158273381294964
1489.0,2.158273381294964
1490.0,2.158273381294964
1491.0,2.158273381294964
1492.0,2.158273381294964
1493.0,2.158273381294964
1494.0,2.158273381294964
1495.0,2.158273381294964
1496.0,2.158273381294964
1497.0,2.158273381294964
1498.0,2.158273381294964
1499.0,2.158273381294964
1500.0,2.158273381294964
1501.0,2.158273381294964
1502.0,2.158273381294964
1503.0,2.158273381294964
1504.0,2.158273381294964
1505.0,2.158273381294964
1506.0,2.158273381294964
1507.0,2.158273381294964
1508.0,2.115107913669065
1509.0,2.158273381294964
1510.0,2.158273381294964
1511.0,2.158273381294964
1512.0,2.2014388489208634
1513.0,2.158273381294964
1514.0,2.2014388489208634
1515.0,2.158273381294964
1516.0,2.158273381294964
1517.0,2.158273381294964
1518.0,2.158273381294964
1519.0,2.115107913669065
1520.0,2.158273381294964
1521.0,2.158273381294964
1522.0,2.158273381294964
1523.0,2.158273381294964
1524.0,2.158273381294964
1525.0,2.158273381294964
1526.0,2.158273381294964
1527.0,2.115107913669065
1528.0,2.158273381294964
1529.0,2.158273381294964
1530.0,2.158273381294964
1531.0,2.158273381294964
1532.0,2.158273381294964
1533.0,2.158273381294964
1534.0,2.158273381294964
1535.0,2.158273381294964
1536.0,2.158273381294964
1537.0,2.158273381294964
1538.0,2.158273381294964
1539.0,2.158273381294964
1540.0,2.158273381294964
1541.0,2.158273381294964
1542.0,2.158273381294964
1543.0,2.158273381294964
1544.0,2.158273381294964
1545.0,2.158273381294964
1546.0,2.158273381294964
1547.0,2.158273381294964
1548.0,2.158273381294964
1549.0,2.158273381294964
1550.0,2.158273381294964
1551.0,2.158273381294964
1552.0,2.158273381294964
1553.0,2.158273381294964
1554.0,2.158273381294964
1555.0,2.158273381294964
1556.0,2.158273381294964
1557.0,2.158273381294964
1558.0,2.2014388489208634
1559.0,2.158273381294964
1560.0,2.158273381294964
1561.0,2.115107913669065
1562.0,2.158273381294964
1563.0,2.115107913669065
1564.0,2.158273381294964
1565.0,2.158273381294964
1566.0,2.158273381294964
1567.0,2.158273381294964
1568.0,2.158273381294964
1569.0,2.158273381294964
1570.0,2.115107913669065
1571.0,2.158273381294964
1572.0,2.158273381294964
1573.0,2.158273381294964
1574.0,2.158273381294964
1575.0,2.158273381294964
1576.0,2.158273381294964
1577.0,2.158273381294964
1578.0,2.115107913669065
1579.0,2.158273381294964
1580.0,2.158273381294964
1581.0,2.158273381294964
1582.0,2.158273381294964
1583.0,2.158273381294964
1584.0,2.158273381294964
1585.0,2.158273381294964
1586.0,2.158273381294964
1587.0,2.115107913669065
1588.0,2.158273381294964
1589.0,2.158273381294964
1590.0,2.158273381294964
1591.0,2.158273381294964
1592.0,2.158273381294964
1593.0,2.158273381294964
1594.0,2.158273381294964
1595.0,2.158273381294964
1596.0,2.158273381294964
1597.0,2.115107913669065
1598.0,2.158273381294964
1599.0,2.115107913669065
1600.0,2.158273381294964
1601.0,2.158273381294964
1602.0,2.115107913669065
1603.0,2.158273381294964
1604.0,2.158273381294964
1605.0,2.158273381294964
1606.0,2.115107913669065
1607.0,2.158273381294964
1608.0,2.158273381294964
1609.0,2.115107913669065
1610.0,2.158273381294964
1611.0,2.158273381294964
1612.0,2.158273381294964
1613.0,2.158273381294964
1614.0,2.158273381294964
1615.0,2.115107913669065
1616.0,2.115107913669065
1617.0,2.158273381294964
1618.0,2.158273381294964
1619.0,2.158273381294964
1620.0,2.158273381294964
1621.0,2.158273381294964
1622.0,2.158273381294964
1623.0,2.115107913669065
1624.0,2.115107913669065
1625.0,2.158273381294964
1626.0,2.158273381294964
1627.0,2.115107913669065
1628.0,2.115107913669065
1629.0,2.158273381294964
1630.0,2.158273381294964
1631.0,2.115107913669065
1632.0,2.158273381294964
1633.0,2.115107913669065
1634.0,2.158273381294964
1635.0,2.115107913669065
1636.0,2.158273381294964
1637.0,2.158273381294964
1638.0,2.158273381294964
1639.0,2.158273381294964
1640.0,2.115107913669065
1641.0,2.115107913669065
1642.0,2.158273381294964
1643.0,2.158273381294964
1644.0,2.158273381294964
1645.0,2.115107913669065
1646.0,2.158273381294964
1647.0,2.158273381294964
1648.0,2.115107913669065
1649.0,2.115107913669065
1650.0,2.158273381294964
1651.0,2.158273381294964
1652.0,2.158273381294964
1653.0,2.115107913669065
1654.0,2.158273381294964
1655.0,2.115107913669065
1656.0,2.158273381294964
1657.0,2.115107913669065
1658.0,2.115107913669065
1659.0,2.158273381294964
1660.0,2.115107913669065
1661.0,2.158273381294964
1662.0,2.115107913669065
1663.0,2.115107913669065
1664.0,2.115107913669065
1665.0,2.115107913669065
1666.0,2.115107913669065
1667.0,2.115107913669065
1668.0,2.158273381294964
1669.0,2.158273381294964
1670.0,2.115107913669065
1671.0,2.115107913669065
1672.0,2.158273381294964
1673.0,2.115107913669065
1674.0,2.115107913669065
1675.0,2.115107913669065
1676.0,2.115107913669065
1677.0,2.115107913669065
1678.0,2.115107913669065
1679.0,2.158273381294964
1680.0,2.158273381294964
1681.0,2.158273381294964
1682.0,2.158273381294964
1683.0,2.115107913669065
1684.0,2.158273381294964
1685.0,2.158273381294964
1686.0,2.115107913669065
1687.0,2.115107913669065
1688.0,2.158273381294964
1689.0,2.115107913669065
1690.0,2.115107913669065
1691.0,2.158273381294964
1692.0,2.115107913669065
1693.0,2.115107913669065
1694.0,2.158273381294964
1695.0,2.115107913669065
1696.0,2.158273381294964
1697.0,2.115107913669065
1698.0,2.115107913669065
1699.0,2.115107913669065
1700.0,2.115107913669065
1701.0,2.115107913669065
1702.0,2.115107913669065
1703.0,2.115107913669065
1704.0,2.158273381294964
1705.0,2.115107913669065
1706.0,2.158273381294964
1707.0,2.158273381294964
1708.0,2.158273381294964
1709.0,2.158273381294964
1710.0,2.115107913669065
1711.0,2.158273381294964
1712.0,2.0719424460431655
1713.0,2.115107913669065
1714.0,2.115107913669065
1715.0,2.115107913669065
1716.0,2.115107913669065
1717.0,2.158273381294964
1718.0,2.115107913669065
1719.0,2.158273381294964
1720.0,2.115107913669065
1721.0,2.158273381294964
1722.0,2.115107913669065
1723.0,2.115107913669065
1724.0,2.115107913669065
1725.0,2.158273381294964
1726.0,2.115107913669065
1727.0,2.115107913669065
1728.0,2.115107913669065
1729.0,2.158273381294964
1730.0,2.115107913669065
1731.0,2.158273381294964
1732.0,2.115107913669065
1733.0,2.115107913669065
1734.0,2.115107913669065
1735.0,2.115107913669065
1736.0,2.158273381294964
1737.0,2.115107913669065
1738.0,2.158273381294964
1739.0,2.158273381294964
1740.0,2.115107913669065
1741.0,2.115107913669065
1742.0,2.115107913669065
1743.0,2.115107913669065
1744.0,2.115107913669065
1745.0,2.115107913669065
1746.0,2.115107913669065
1747.0,2.115107913669065
1748.0,2.115107913669065
1749.0,2.0719424460431655
1750.0,2.115107913669065
1751.0,2.115107913669065
1752.0,2.115107913669065
1753.0,2.115107913669065
1754.0,2.115107913669065
1755.0,2.115107913669065
1756.0,2.115107913669065
1757.0,2.115107913669065
1758.0,2.115107913669065
1759.0,2.115107913669065
1760.0,2.115107913669065
1761.0,2.115107913669065
1762.0,2.115107913669065
1763.0,2.158273381294964
1764.0,2.115107913669065
1765.0,2.115107913669065
1766.0,2.115107913669065
1767.0,2.115107913669065
1768.0,2.158273381294964
1769.0,2.158273381294964
1770.0,2.0719424460431655
1771.0,2.115107913669065
1772.0,2.115107913669065
1773.0,2.158273381294964
1774.0,2.115107913669065
1775.0,2.115107913669065
1776.0,2.0719424460431655
1777.0,2.115107913669065
1778.0,2.115107913669065
1779.0,2.158273381294964
1780.0,2.115107913669065
1781.0,2.115107913669065
1782.0,2.115107913669065
1783.0,2.115107913669065
1784.0,2.115107913669065
1785.0,2.115107913669065
1786.0,2.115107913669065
1787.0,2.115107913669065
1788.0,2.115107913669065
1789.0,2.115107913669065
1790.0,2.115107913669065
1791.0,2.115107913669065
1792.0,2.115107913669065
1793.0,2.115107913669065
1794.0,2.158273381294964
1795.0,2.115107913669065
1796.0,2.115107913669065
1797.0,2.115107913669065
1798.0,2.115107913669065
1799.0,2.0719424460431655
1800.0,2.115107913669065
1801.0,2.115107913669065
1802.0,2.115107913669065
1803.0,2.115107913669065
1804.0,2.0719424460431655
1805.0,2.115107913669065
1806.0,2.115107913669065
1807.0,2.158273381294964
1808.0,2.115107913669065
1809.0,2.115107913669065
1810.0,2.115107913669065
1811.0,2.158273381294964
1812.0,2.0719424460431655
1813.0,2.115107913669065
1814.0,2.115107913669065
1815.0,2.115107913669065
1816.0,2.115107913669065
1817.0,2.115107913669065
1818.0,2.115107913669065
1819.0,2.115107913669065
1820.0,2.115107913669065
1821.0,2.115107913669065
1822.0,2.115107913669065
1823.0,2.115107913669065
1824.0,2.0719424460431655
1825.0,2.115107913669065
1826.0,2.0719424460431655
1827.0,2.115107913669065
1828.0,2.0719424460431655
1829.0,2.115107913669065
1830.0,2.115107913669065
1831.0,2.115107913669065
1832.0,2.115107913669065
1833.0,2.115107913669065
1834.0,2.115107913669065
1835.0,2.115107913669065
1836.0,2.115107913669065
1837.0,2.0719424460431655
1838.0,2.115107913669065
1839.0,2.115107913669065
1840.0,2.115107913669065
1841.0,2.115107913669065
1842.0,2.115107913669065
1843.0,2.115107913669065
1844.0,2.115107913669065
1845.0,2.0719424460431655
1846.0,2.115107913669065
1847.0,2.115107913669065
1848.0,2.0719424460431655
1849.0,2.0719424460431655
1850.0,2.115107913669065
1851.0,2.115107913669065
1852.0,2.0719424460431655
1853.0,2.115107913669065
1854.0,2.115107913669065
1855.0,2.115107913669065
1856.0,2.115107913669065
1857.0,2.115107913669065
1858.0,2.115107913669065
1859.0,2.0719424460431655
1860.0,2.0719424460431655
1861.0,2.115107913669065
1862.0,2.0719424460431655
1863.0,2.115107913669065
1864.0,2.115107913669065
1865.0,2.0719424460431655
1866.0,2.0719424460431655
1867.0,2.115107913669065
1868.0,2.0719424460431655
1869.0,2.115107913669065
1870.0,2.115107913669065
1871.0,2.115107913669065
1872.0,2.115107913669065
1873.0,2.0719424460431655
1874.0,2.0719424460431655
1875.0,2.115107913669065
1876.0,2.115107913669065
1877.0,2.0719424460431655
1878.0,2.115107913669065
1879.0,2.115107913669065
1880.0,2.0719424460431655
1881.0,2.115107913669065
1882.0,2.115107913669065
1883.0,2.115107913669065
1884.0,2.115107913669065
1885.0,2.115107913669065
1886.0,2.115107913669065
1887.0,2.115107913669065
1888.0,2.115107913669065
1889.0,2.115107913669065
1890.0,2.0719424460431655
1891.0,2.0719424460431655
1892.0,2.115107913669065
1893.0,2.115107913669065
1894.0,2.0719424460431655
1895.0,2.0719424460431655
1896.0,2.115107913669065
1897.0,2.115107913669065
1898.0,2.0719424460431655
1899.0,2.115107913669065
1900.0,2.115107913669065
1901.0,2.0719424460431655
1902.0,2.0719424460431655
1903.0,2.0719424460431655
1904.0,2.0719424460431655
1905.0,2.0719424460431655
1906.0,2.115107913669065
1907.0,2.115107913669065
1908.0,2.115107913669065
1909.0,2.115107913669065
1910.0,2.0719424460431655
1911.0,2.0719424460431655
1912.0,2.115107913669065
1913.0,2.158273381294964
1914.0,2.0719424460431655
1915.0,2.115107913669065
1916.0,2.0719424460431655
1917.0,2.115107913669065
1918.0,2.115107913669065
1919.0,2.115107913669065
1920.0,2.0719424460431655
1921.0,2.115107913669065
1922.0,2.0719424460431655
1923.0,2.0719424460431655
1924.0,2.115107913669065
1925.0,2.115107913669065
1926.0,2.0719424460431655
1927.0,2.115107913669065
1928.0,2.115107913669065
1929.0,2.115107913669065
1930.0,2.115107913669065
1931.0,2.115107913669065
1932.0,2.115107913669065
1933.0,2.0719424460431655
1934.0,2.0719424460431655
1935.0,2.0719424460431655
1936.0,2.115107913669065
1937.0,2.0719424460431655
1938.0,2.0719424460431655
1939.0,2.0719424460431655
1940.0,2.0719424460431655
1941.0,2.0719424460431655
1942.0,2.0719424460431655
1943.0,2.0719424460431655
1944.0,2.0719424460431655
1945.0,2.0719424460431655
1946.0,2.115107913669065
1947.0,2.0719424460431655
1948.0,2.115107913669065
1949.0,2.0719424460431655
1950.0,2.0719424460431655
1951.0,2.115107913669065
1952.0,2.0719424460431655
1953.0,2.0719424460431655
1954.0,2.115107913669065
1955.0,2.0719424460431655
1956.0,2.115107913669065
1957.0,2.0719424460431655
1958.0,2.115107913669065
1959.0,2.115107913669065
1960.0,2.115107913669065
1961.0,2.115107913669065
1962.0,2.0719424460431655
1963.0,2.115107913669065
1964.0,2.115107913669065
1965.0,2.0719424460431655
1966.0,2.0719424460431655
1967.0,2.115107913669065
1968.0,2.115107913669065
1969.0,2.0719424460431655
1970.0,2.0719424460431655
1971.0,2.0719424460431655
1972.0,2.0719424460431655
1973.0,2.0719424460431655
1974.0,2.0719424460431655
1975.0,2.0719424460431655
1976.0,2.0719424460431655
1977.0,2.0719424460431655
1978.0,2.0719424460431655
1979.0,2.115107913669065
1980.0,2.0719424460431655
1981.0,2.0719424460431655
1982.0,2.0719424460431655
1983.0,2.0719424460431655
1984.0,2.0719424460431655
1985.0,2.0719424460431655
1986.0,2.0719424460431655
1987.0,2.0719424460431655
1988.0,2.0719424460431655
1989.0,2.0719424460431655
1990.0,2.0719424460431655
1991.0,2.0719424460431655
1992.0,2.115107913669065
1993.0,2.0719424460431655
1994.0,2.0719424460431655
1995.0,2.0719424460431655
1996.0,2.0719424460431655
1997.0,2.0719424460431655
1998.0,2.0719424460431655
1999.0,2.0719424460431655
2000.0,2.0719424460431655
2001.0,2.0719424460431655
2002.0,2.0719424460431655
2003.0,2.0719424460431655
2004.0,2.0719424460431655
2005.0,2.115107913669065
2006.0,2.115107913669065
2007.0,2.0719424460431655
2008.0,2.0719424460431655
2009.0,2.0719424460431655
2010.0,2.0719424460431655
2011.0,2.0719424460431655
2012.0,2.0719424460431655
2013.0,2.0719424460431655
2014.0,2.0719424460431655
2015.0,2.0719424460431655
2016.0,2.0719424460431655
2017.0,2.0719424460431655
2018.0,2.0719424460431655
2019.0,2.0719424460431655
2020.0,2.0719424460431655
2021.0,2.0719424460431655
2022.0,2.0719424460431655
2023.0,2.0719424460431655
2024.0,2.0719424460431655
2025.0,2.0719424460431655
2026.0,2.0719424460431655
2027.0,2.0719424460431655
2028.0,2.0719424460431655
2029.0,2.0719424460431655
2030.0,2.0719424460431655
2031.0,2.0719424460431655
2032.0,2.0719424460431655
2033.0,2.0719424460431655
2034.0,2.0719424460431655
2035.0,2.0719424460431655
2036.0,2.0719424460431655
2037.0,2.0719424460431655
2038.0,2.0719424460431655
2039.0,2.0719424460431655
2040.0,2.0719424460431655
2041.0,2.0719424460431655
2042.0,2.0719424460431655
2043.0,2.0719424460431655
2044.0,2.0719424460431655
2045.0,2.0719424460431655
2046.0,2.0719424460431655
2047.0,2.0719424460431655
2048.0,2.0719424460431655
2049.0,2.115107913669065
2050.0,2.0719424460431655
2051.0,2.0719424460431655
2052.0,2.0719424460431655
2053.0,2.0719424460431655
2054.0,2.0719424460431655
2055.0,2.0719424460431655
2056.0,2.0719424460431655
2057.0,2.0719424460431655
2058.0,2.0719424460431655
2059.0,2.0719424460431655
2060.0,2.0719424460431655
2061.0,2.0719424460431655
2062.0,2.0719424460431655
2063.0,2.0719424460431655
2064.0,2.0719424460431655
2065.0,2.0719424460431655
2066.0,2.0719424460431655
2067.0,2.0719424460431655
2068.0,2.0719424460431655
2069.0,2.0719424460431655
2070.0,2.0719424460431655
2071.0,2.0719424460431655
2072.0,2.0719424460431655
2073.0,2.0719424460431655
2074.0,2.0719424460431655
2075.0,2.0719424460431655
2076.0,2.0719424460431655
2077.0,2.0719424460431655
2078.0,2.0719424460431655
2079.0,2.0719424460431655
2080.0,2.0719424460431655
2081.0,2.0719424460431655
2082.0,2.0719424460431655
2083.0,2.0719424460431655
2084.0,2.0719424460431655
2085.0,2.0719424460431655
2086.0,2.0719424460431655
2087.0,2.0719424460431655
2088.0,2.0719424460431655
2089.0,2.0719424460431655
2090.0,2.0719424460431655
2091.0,2.0719424460431655
2092.0,2.0719424460431655
2093.0,2.0719424460431655
2094.0,2.0719424460431655
2095.0,2.0719424460431655
2096.0,2.0719424460431655
2097.0,2.0719424460431655
2098.0,2.0719424460431655
2099.0,2.0719424460431655
2100.0,2.115107913669065
2101.0,2.0719424460431655
2102.0,2.0719424460431655
2103.0,2.0719424460431655
2104.0,2.0719424460431655
2105.0,2.0719424460431655
2106.0,2.0719424460431655
2107.0,2.0719424460431655
2108.0,2.0719424460431655
2109.0,2.0719424460431655
2110.0,2.0719424460431655
2111.0,2.0719424460431655
2112.0,2.0719424460431655
2113.0,2.0719424460431655
2114.0,2.0719424460431655
2115.0,2.115107913669065
2116.0,2.0719424460431655
2117.0,2.0719424460431655
2118.0,2.0719424460431655
2119.0,2.0719424460431655
2120.0,2.0719424460431655
2121.0,2.0719424460431655
2122.0,2.0719424460431655
2123.0,2.0719424460431655
2124.0,2.0719424460431655
2125.0,2.0719424460431655
2126.0,2.0719424460431655
2127.0,2.0719424460431655
2128.0,2.0719424460431655
2129.0,2.0719424460431655
2130.0,2.0719424460431655
2131.0,2.0719424460431655
2132.0,2.0719424460431655
2133.0,2.0719424460431655
2134.0,2.0719424460431655
2135.0,2.0719424460431655
2136.0,2.115107913669065
2137.0,2.0719424460431655
2138.0,2.0719424460431655
2139.0,2.0719424460431655
2140.0,2.0719424460431655
2141.0,2.0719424460431655
2142.0,2.0719424460431655
2143.0,2.0719424460431655
2144.0,2.0719424460431655
2145.0,2.0719424460431655
2146.0,2.0719424460431655
2147.0,2.0719424460431655
2148.0,2.0287769784172665
2149.0,2.0719424460431655
2150.0,2.0719424460431655
2151.0,2.0719424460431655
2152.0,2.0719424460431655
2153.0,2.0719424460431655
2154.0,2.0719424460431655
2155.0,2.0719424460431655
2156.0,2.0719424460431655
2157.0,2.0719424460431655
2158.0,2.0719424460431655
2159.0,2.0719424460431655
2160.0,2.0719424460431655
2161.0,2.0719424460431655
2162.0,2.0287769784172665
2163.0,2.0719424460431655
2164.0,2.0719424460431655
2165.0,2.0287769784172665
2166.0,2.0719424460431655
2167.0,2.0719424460431655
2168.0,2.0719424460431655
2169.0,2.0719424460431655
2170.0,2.0719424460431655
2171.0,2.0719424460431655
2172.0,2.0719424460431655
2173.0,2.0287769784172665
2174.0,2.0719424460431655
2175.0,2.0719424460431655
2176.0,2.0719424460431655
2177.0,2.0719424460431655
2178.0,2.0719424460431655
2179.0,2.0287769784172665
2180.0,2.0719424460431655
2181.0,2.0719424460431655
2182.0,2.0719424460431655
2183.0,2.0719424460431655
2184.0,2.0719424460431655
2185.0,2.0719424460431655
2186.0,2.0719424460431655
2187.0,2.0719424460431655
2188.0,2.0719424460431655
2189.0,2.0719424460431655
2190.0,2.0287769784172665
2191.0,2.0719424460431655
2192.0,2.0719424460431655
2193.0,2.0719424460431655
2194.0,2.0719424460431655
2195.0,2.0719424460431655
2196.0,2.0287769784172665
2197.0,2.0719424460431655
2198.0,2.0719424460431655
2199.0,2.0719424460431655
2200.0,2.0287769784172665
2201.0,2.0719424460431655
2202.0,2.0719424460431655
2203.0,2.0719424460431655
2204.0,2.0287769784172665
2205.0,2.0287769784172665
2206.0,2.0719424460431655
2207.0,2.0719424460431655
2208.0,2.0719424460431655
2209.0,2.0719424460431655
2210.0,2.0719424460431655
2211.0,2.0719424460431655
2212.0,2.0287769784172665
2213.0,2.0719424460431655
2214.0,2.0719424460431655
2215.0,2.0719424460431655
2216.0,2.0719424460431655
2217.0,2.0719424460431655
2218.0,2.0719424460431655
2219.0,2.0719424460431655
2220.0,2.0719424460431655
2221.0,2.0719424460431655
2222.0,2.0719424460431655
2223.0,2.0719424460431655
2224.0,2.0719424460431655
2225.0,2.0719424460431655
2226.0,2.0719424460431655
2227.0,2.0719424460431655
2228.0,2.0719424460431655
2229.0,2.0719424460431655
2230.0,2.0719424460431655
2231.0,2.0719424460431655
2232.0,2.0719424460431655
2233.0,2.0719424460431655
2234.0,2.0719424460431655
2235.0,2.0719424460431655
2236.0,2.0719424460431655
2237.0,2.0719424460431655
2238.0,2.0719424460431655
2239.0,2.0719424460431655
2240.0,2.0719424460431655
2241.0,2.0719424460431655
2242.0,2.0719424460431655
2243.0,2.0719424460431655
2244.0,2.0287769784172665
2245.0,2.0719424460431655
2246.0,2.0719424460431655
2247.0,2.0287769784172665
2248.0,2.0719424460431655
2249.0,2.0719424460431655
2250.0,2.0287769784172665
2251.0,2.0719424460431655
2252.0,2.0719424460431655
2253.0,2.0719424460431655
2254.0,2.0287769784172665
2255.0,2.0719424460431655
2256.0,2.0719424460431655
2257.0,2.0719424460431655
2258.0,2.0719424460431655
2259.0,2.0719424460431655
2260.0,2.0719424460431655
2261.0,2.0719424460431655
2262.0,2.0719424460431655
2263.0,2.0287769784172665
2264.0,2.0719424460431655
2265.0,2.0287769784172665
2266.0,2.0719424460431655
2267.0,2.0719424460431655
2268.0,2.0719424460431655
2269.0,2.0719424460431655
2270.0,2.0287769784172665
2271.0,2.0719424460431655
2272.0,2.0719424460431655
2273.0,2.0719424460431655
2274.0,2.0719424460431655
2275.0,2.0287769784172665
2276.0,2.0719424460431655
2277.0,2.0719424460431655
2278.0,2.0719424460431655
2279.0,2.0287769784172665
2280.0,2.0719424460431655
2281.0,2.0719424460431655
2282.0,2.0719424460431655
2283.0,2.0719424460431655
2284.0,2.0719424460431655
2285.0,2.0719424460431655
2286.0,2.0719424460431655
2287.0,2.0719424460431655
2288.0,2.0719424460431655
2289.0,2.0719424460431655
2290.0,2.0287769784172665
2291.0,2.0719424460431655
2292.0,2.0287769784172665
2293.0,2.0719424460431655
2294.0,2.0719424460431655
2295.0,2.0287769784172665
2296.0,2.0719424460431655
2297.0,2.0719424460431655
2298.0,2.0719424460431655
2299.0,2.0719424460431655
2300.0,2.0719424460431655
2301.0,2.0719424460431655
2302.0,2.0719424460431655
2303.0,2.0719424460431655
2304.0,2.0287769784172665
2305.0,2.0719424460431655
2306.0,2.0719424460431655
2307.0,2.0287769784172665
2308.0,2.0287769784172665
2309.0,2.0719424460431655
2310.0,2.0287769784172665
2311.0,2.0719424460431655
2312.0,2.0287769784172665
2313.0,2.0719424460431655
2314.0,2.0287769784172665
2315.0,2.0719424460431655
2316.0,2.0287769784172665
2317.0,2.0719424460431655
2318.0,2.0719424460431655
2319.0,2.0719424460431655
2320.0,2.0287769784172665
2321.0,2.0719424460431655
2322.0,2.0287769784172665
2323.0,2.0719424460431655
2324.0,2.0719424460431655
2325.0,2.0287769784172665
2326.0,2.0719424460431655
2327.0,2.0719424460431655
2328.0,2.0287769784172665
2329.0,2.0719424460431655
2330.0,2.0719424460431655
2331.0,2.0719424460431655
2332.0,2.0287769784172665
2333.0,2.0719424460431655
2334.0,2.0719424460431655
2335.0,2.0719424460431655
2336.0,2.0287769784172665
2337.0,2.0287769784172665
2338.0,2.0287769784172665
2339.0,2.0287769784172665
2340.0,2.0287769784172665
2341.0,2.0287769784172665
2342.0,2.0287769784172665
2343.0,2.0719424460431655
2344.0,2.0287769784172665
2345.0,2.0719424460431655
2346.0,2.0719424460431655
2347.0,2.0287769784172665
2348.0,2.0719424460431655
2349.0,2.0719424460431655
2350.0,2.0719424460431655
2351.0,2.0719424460431655
2352.0,2.0287769784172665
2353.0,2.0719424460431655
2354.0,2.0719424460431655
2355.0,2.0719424460431655
2356.0,2.0287769784172665
2357.0,2.0719424460431655
2358.0,2.0287769784172665
2359.0,2.0719424460431655
2360.0,2.0287769784172665
2361.0,2.0719424460431655
2362.0,2.0287769784172665
2363.0,2.0719424460431655
2364.0,2.0287769784172665
2365.0,2.0287769784172665
2366.0,2.0287769784172665
2367.0,2.0719424460431655
2368.0,2.0287769784172665
2369.0,2.0719424460431655
2370.0,2.0719424460431655
2371.0,2.0719424460431655
2372.0,2.0719424460431655
2373.0,2.0287769784172665
2374.0,2.0287769784172665
2375.0,2.0287769784172665
2376.0,2.0287769784172665
2377.0,2.0287769784172665
2378.0,2.0287769784172665
2379.0,1.985611510791367
2380.0,2.0287769784172665
2381.0,2.0719424460431655
2382.0,2.0287769784172665
2383.0,2.0287769784172665
2384.0,2.0287769784172665
2385.0,2.0719424460431655
2386.0,2.0719424460431655
2387.0,2.0287769784172665
2388.0,2.0287769784172665
2389.0,2.0287769784172665
2390.0,2.0287769784172665
2391.0,2.0287769784172665
2392.0,2.0287769784172665
2393.0,2.0287769784172665
2394.0,2.0287769784172665
2395.0,2.0719424460431655
2396.0,2.0719424460431655
2397.0,2.0719424460431655
2398.0,2.0719424460431655
2399.0,2.0287769784172665
2400.0,2.0287769784172665
2401.0,2.0287769784172665
2402.0,2.0719424460431655
2403.0,2.0719424460431655
2404.0,2.0287769784172665
2405.0,2.0719424460431655
2406.0,2.0287769784172665
2407.0,2.0719424460431655
2408.0,2.0287769784172665
2409.0,2.0287769784172665
2410.0,2.0287769784172665
2411.0,2.0719424460431655
2412.0,2.0287769784172665
2413.0,2.0719424460431655
2414.0,2.0719424460431655
2415.0,1.985611510791367
2416.0,2.0719424460431655
2417.0,2.0287769784172665
2418.0,2.0287769784172665
2419.0,2.0719424460431655
2420.0,2.0287769784172665
2421.0,2.0719424460431655
2422.0,2.0287769784172665
2423.0,2.0287769784172665
2424.0,2.0287769784172665
2425.0,2.0287769784172665
2426.0,2.0287769784172665
2427.0,2.0719424460431655
2428.0,2.0719424460431655
2429.0,2.0287769784172665
2430.0,2.0287769784172665
2431.0,2.0287769784172665
2432.0,2.0287769784172665
2433.0,2.0719424460431655
2434.0,2.0287769784172665
2435.0,2.0287769784172665
2436.0,2.0287769784172665
2437.0,2.0287769784172665
2438.0,2.0719424460431655
2439.0,2.0287769784172665
2440.0,2.0287769784172665
2441.0,2.0719424460431655
2442.0,2.0287769784172665
2443.0,2.0287769784172665
2444.0,2.0287769784172665
2445.0,2.0287769784172665
2446.0,2.0287769784172665
2447.0,2.0719424460431655
2448.0,2.0287769784172665
2449.0,2.0287769784172665
2450.0,2.0287769784172665
2451.0,2.0719424460431655
2452.0,1.985611510791367
2453.0,2.0719424460431655
2454.0,1.985611510791367
2455.0,2.0287769784172665
2456.0,2.0287769784172665
2457.0,2.0287769784172665
2458.0,2.0287769784172665
2459.0,2.0287769784172665
2460.0,2.0287769784172665
2461.0,1.985611510791367
2462.0,1.985611510791367
2463.0,2.0719424460431655
2464.0,2.0719424460431655
2465.0,2.0287769784172665
2466.0,2.0287769784172665
2467.0,2.0287769784172665
2468.0,2.0287769784172665
2469.0,1.985611510791367
2470.0,2.0287769784172665
2471.0,2.0287769784172665
2472.0,2.0287769784172665
2473.0,2.0287769784172665
2474.0,2.0287769784172665
2475.0,2.0287769784172665
2476.0,2.0287769784172665
2477.0,1.985611510791367
2478.0,2.0719424460431655
2479.0,1.985611510791367
2480.0,2.0287769784172665
2481.0,2.0719424460431655
2482.0,2.0287769784172665
2483.0,1.985611510791367
2484.0,2.0287769784172665
2485.0,2.0287769784172665
2486.0,2.0287769784172665
2487.0,2.0287769784172665
2488.0,2.0287769784172665
2489.0,2.0287769784172665
2490.0,2.0287769784172665
2491.0,1.985611510791367
2492.0,2.0287769784172665
2493.0,2.0287769784172665
2494.0,2.0287769784172665
2495.0,1.985611510791367
2496.0,2.0287769784172665
2497.0,1.985611510791367
2498.0,2.0719424460431655
2499.0,2.0287769784172665
2500.0,1.985611510791367
2501.0,2.0287769784172665
2502.0,2.0287769784172665
2503.0,2.0287769784172665
2504.0,2.0287769784172665
2505.0,2.0287769784172665
2506.0,2.0287769784172665
2507.0,1.985611510791367
2508.0,1.985611510791367
2509.0,2.0287769784172665
2510.0,2.0287769784172665
2511.0,2.0287769784172665
2512.0,2.0287769784172665
2513.0,2.0287769784172665
2514.0,2.0287769784172665
2515.0,2.0287769784172665
2516.0,2.0719424460431655
2517.0,1.985611510791367
2518.0,2.0287769784172665
2519.0,1.985611510791367
2520.0,2.0287769784172665
2521.0,2.0287769784172665
2522.0,2.0287769784172665
2523.0,2.0287769784172665
2524.0,2.0287769784172665
2525.0,1.985611510791367
2526.0,2.0287769784172665
2527.0,2.0287769784172665
2528.0,2.0287769784172665
2529.0,2.0287769784172665
2530.0,1.985611510791367
2531.0,2.0287769784172665
2532.0,2.0287769784172665
2533.0,1.985611510791367
2534.0,2.0287769784172665
2535.0,1.985611510791367
2536.0,1.985611510791367
2537.0,1.985611510791367
2538.0,2.0287769784172665
2539.0,2.0287769784172665
2540.0,1.985611510791367
2541.0,2.0287769784172665
2542.0,1.985611510791367
2543.0,1.985611510791367
2544.0,1.985611510791367
2545.0,2.0287769784172665
2546.0,2.0287769784172665
2547.0,2.0287769784172665
2548.0,2.0287769784172665
2549.0,1.985611510791367
2550.0,2.0287769784172665
2551.0,2.0719424460431655
2552.0,2.0287769784172665
2553.0,2.0287769784172665
2554.0,2.0287769784172665
2555.0,2.0287769784172665
2556.0,2.0287769784172665
2557.0,1.985611510791367
2558.0,1.985611510791367
2559.0,2.0287769784172665
2560.0,2.0287769784172665
2561.0,1.985611510791367
2562.0,2.0287769784172665
2563.0,2.0287769784172665
2564.0,1.985611510791367
2565.0,2.0287769784172665
2566.0,2.0287769784172665
2567.0,1.985611510791367
2568.0,2.0287769784172665
2569.0,1.985611510791367
2570.0,1.985611510791367
2571.0,2.0287769784172665
2572.0,2.0287769784172665
2573.0,2.0287769784172665
2574.0,1.985611510791367
2575.0,1.985611510791367
2576.0,2.0287769784172665
2577.0,2.0287769784172665
2578.0,2.0287769784172665
2579.0,1.985611510791367
2580.0,2.0287769784172665
2581.0,1.985611510791367
2582.0,2.0287769784172665
2583.0,1.985611510791367
2584.0,1.985611510791367
2585.0,1.985611510791367
2586.0,1.985611510791367
2587.0,2.0287769784172665
2588.0,2.0287769784172665
2589.0,2.0287769784172665
2590.0,1.985611510791367
2591.0,1.985611510791367
2592.0,2.0287769784172665
2593.0,2.0287769784172665
2594.0,2.0287769784172665
2595.0,1.985611510791367
2596.0,2.0287769784172665
2597.0,2.0287769784172665
2598.0,1.985611510791367
2599.0,1.985611510791367
2600.0,1.985611510791367
2601.0,1.985611510791367
2602.0,1.985611510791367
2603.0,2.0287769784172665
2604.0,1.985611510791367
2605.0,2.0287769784172665
2606.0,2.0287769784172665
2607.0,1.985611510791367
2608.0,1.985611510791367
2609.0,2.0287769784172665
2610.0,2.0287769784172665
2611.0,1.985611510791367
2612.0,1.985611510791367
2613.0,2.0719424460431655
2614.0,1.985611510791367
2615.0,1.985611510791367
2616.0,2.0287769784172665
2617.0,1.985611510791367
2618.0,2.0287769784172665
2619.0,1.985611510791367
2620.0,2.0287769784172665
2621.0,2.0287769784172665
2622.0,1.985611510791367
2623.0,2.0287769784172665
2624.0,1.985611510791367
2625.0,1.985611510791367
2626.0,2.0287769784172665
2627.0,1.985611510791367
2628.0,1.985611510791367
2629.0,2.0287769784172665
2630.0,2.0287769784172665
2631.0,2.0287769784172665
2632.0,1.985611510791367
2633.0,1.985611510791367
2634.0,2.0287769784172665
2635.0,2.0287769784172665
2636.0,1.985611510791367
2637.0,1.985611510791367
2638.0,2.0287769784172665
2639.0,2.0287769784172665
2640.0,1.985611510791367
2641.0,2.0287769784172665
2642.0,1.985611510791367
2643.0,2.0287769784172665
2644.0,1.985611510791367
2645.0,1.985611510791367
2646.0,2.0287769784172665
2647.0,1.985611510791367
2648.0,1.985611510791367
2649.0,1.985611510791367
2650.0,2.0287769784172665
2651.0,1.985611510791367
2652.0,1.985611510791367
2653.0,2.0287769784172665
2654.0,2.0287769784172665
2655.0,2.0287769784172665
2656.0,2.0287769784172665
2657.0,1.985611510791367
2658.0,1.985611510791367
2659.0,2.0287769784172665
2660.0,1.985611510791367
2661.0,1.985611510791367
2662.0,2.0287769784172665
2663.0,2.0287769784172665
2664.0,1.985611510791367
2665.0,1.985611510791367
2666.0,2.0287769784172665
2667.0,1.985611510791367
2668.0,1.985611510791367
2669.0,1.985611510791367
2670.0,1.985611510791367
2671.0,1.985611510791367
2672.0,2.0287769784172665
2673.0,2.0287769784172665
2674.0,2.0287769784172665
2675.0,2.0287769784172665
2676.0,1.985611510791367
2677.0,1.985611510791367
2678.0,2.0287769784172665
2679.0,1.985611510791367
2680.0,1.985611510791367
2681.0,1.985611510791367
2682.0,1.985611510791367
2683.0,1.985611510791367
2684.0,2.0287769784172665
2685.0,1.985611510791367
2686.0,1.985611510791367
2687.0,1.985611510791367
2688.0,2.0287769784172665
2689.0,1.985611510791367
2690.0,2.0287769784172665
2691.0,2.0287769784172665
2692.0,1.985611510791367
2693.0,1.985611510791367
2694.0,1.985611510791367
2695.0,2.0287769784172665
2696.0,2.0287769784172665
2697.0,1.985611510791367
2698.0,2.0287769784172665
2699.0,2.0287769784172665
2700.0,1.985611510791367
2701.0,1.985611510791367
2702.0,1.985611510791367
2703.0,1.985611510791367
2704.0,1.985611510791367
2705.0,1.985611510791367
2706.0,2.0287769784172665
2707.0,1.985611510791367
2708.0,1.985611510791367
2709.0,1.985611510791367
2710.0,1.985611510791367
2711.0,1.985611510791367
2712.0,1.985611510791367
2713.0,1.985611510791367
2714.0,2.0287769784172665
2715.0,2.0287769784172665
2716.0,2.0287769784172665
2717.0,1.985611510791367
2718.0,1.985611510791367
2719.0,1.985611510791367
2720.0,2.0287769784172665
2721.0,2.0287769784172665
2722.0,1.985611510791367
2723.0,1.985611510791367
2724.0,1.985611510791367
2725.0,1.985611510791367
2726.0,1.985611510791367
2727.0,1.985611510791367
2728.0,2.0287769784172665
2729.0,1.985611510791367
2730.0,2.0287769784172665
2731.0,2.0287769784172665
2732.0,1.985611510791367
2733.0,1.985611510791367
2734.0,1.985611510791367
2735.0,1.985611510791367
2736.0,1.985611510791367
2737.0,1.985611510791367
2738.0,2.0287769784172665
2739.0,1.985611510791367
2740.0,1.985611510791367
2741.0,2.0287769784172665
2742.0,2.0287769784172665
2743.0,1.985611510791367
2744.0,2.0287769784172665
2745.0,1.985611510791367
2746.0,1.985611510791367
2747.0,1.985611510791367
2748.0,1.985611510791367
2749.0,1.985611510791367
2750.0,1.985611510791367
2751.0,1.985611510791367
2752.0,1.985611510791367
2753.0,2.0287769784172665
2754.0,1.985611510791367
2755.0,1.985611510791367
2756.0,1.985611510791367
2757.0,1.985611510791367
2758.0,1.985611510791367
2759.0,1.985611510791367
2760.0,1.985611510791367
2761.0,1.985611510791367
2762.0,1.985611510791367
2763.0,1.985611510791367
2764.0,1.985611510791367
2765.0,1.985611510791367
2766.0,1.985611510791367
2767.0,1.985611510791367
2768.0,1.985611510791367
2769.0,1.985611510791367
2770.0,1.985611510791367
2771.0,1.985611510791367
2772.0,1.985611510791367
2773.0,2.0287769784172665
2774.0,1.985611510791367
2775.0,2.0287769784172665
2776.0,1.985611510791367
2777.0,1.985611510791367
2778.0,2.0287769784172665
2779.0,1.985611510791367
2780.0,2.0287769784172665
2781.0,1.985611510791367
2782.0,1.985611510791367
2783.0,1.985611510791367
2784.0,1.985611510791367
2785.0,2.0287769784172665
2786.0,1.985611510791367
2787.0,1.985611510791367
2788.0,1.985611510791367
2789.0,1.985611510791367
2790.0,1.985611510791367
2791.0,2.0287769784172665
2792.0,2.0287769784172665
2793.0,2.0287769784172665
2794.0,1.985611510791367
2795.0,1.985611510791367
2796.0,1.985611510791367
2797.0,1.985611510791367
2798.0,1.985611510791367
2799.0,1.985611510791367
2800.0,1.985611510791367
2801.0,1.985611510791367
2802.0,1.985611510791367
2803.0,1.985611510791367
2804.0,1.985611510791367
2805.0,1.985611510791367
2806.0,1.985611510791367
2807.0,1.985611510791367
2808.0,1.985611510791367
2809.0,1.985611510791367
2810.0,2.0287769784172665
2811.0,1.985611510791367
2812.0,1.985611510791367
2813.0,1.985611510791367
2814.0,1.985611510791367
2815.0,1.985611510791367
2816.0,1.985611510791367
2817.0,1.9424460431654678
2818.0,1.985611510791367
2819.0,1.985611510791367
2820.0,1.985611510791367
2821.0,1.985611510791367
2822.0,1.985611510791367
2823.0,1.985611510791367
2824.0,1.985611510791367
2825.0,1.985611510791367
2826.0,1.985611510791367
2827.0,1.985611510791367
2828.0,1.985611510791367
2829.0,1.985611510791367
2830.0,2.0287769784172665
2831.0,1.985611510791367
2832.0,1.985611510791367
2833.0,1.985611510791367
2834.0,1.985611510791367
2835.0,1.985611510791367
2836.0,1.985611510791367
2837.0,1.985611510791367
2838.0,1.985611510791367
2839.0,1.985611510791367
2840.0,1.985611510791367
2841.0,2.0287769784172665
2842.0,1.985611510791367
2843.0,1.985611510791367
2844.0,1.985611510791367
2845.0,1.985611510791367
2846.0,1.985611510791367
2847.0,1.985611510791367
2848.0,1.985611510791367
2849.0,1.985611510791367
2850.0,1.985611510791367
2851.0,1.985611510791367
2852.0,1.985611510791367
2853.0,1.985611510791367
2854.0,1.985611510791367
2855.0,1.985611510791367
2856.0,1.985611510791367
2857.0,1.985611510791367
2858.0,1.985611510791367
2859.0,1.985611510791367
2860.0,1.985611510791367
2861.0,1.985611510791367
2862.0,1.985611510791367
2863.0,1.985611510791367
2864.0,1.985611510791367
2865.0,1.985611510791367
2866.0,1.985611510791367
2867.0,1.985611510791367
2868.0,1.985611510791367
2869.0,1.985611510791367
2870.0,1.985611510791367
2871.0,1.985611510791367
2872.0,1.985611510791367
2873.0,1.985611510791367
2874.0,1.985611510791367
2875.0,1.985611510791367
2876.0,1.985611510791367
2877.0,1.985611510791367
2878.0,2.0287769784172665
2879.0,1.985611510791367
2880.0,1.985611510791367
2881.0,1.985611510791367
2882.0,1.9424460431654678
2883.0,2.0287769784172665
2884.0,1.985611510791367
2885.0,2.0287769784172665
2886.0,1.985611510791367
2887.0,1.985611510791367
2888.0,1.985611510791367
2889.0,1.985611510791367
2890.0,1.985611510791367
2891.0,1.985611510791367
2892.0,1.985611510791367
2893.0,1.985611510791367
2894.0,1.985611510791367
2895.0,1.985611510791367
2896.0,1.985611510791367
2897.0,1.985611510791367
2898.0,1.985611510791367
2899.0,1.985611510791367
2900.0,1.985611510791367
2901.0,1.985611510791367
2902.0,1.985611510791367
2903.0,1.985611510791367
2904.0,1.985611510791367
2905.0,1.985611510791367
2906.0,1.985611510791367
2907.0,1.985611510791367
2908.0,1.985611510791367
2909.0,1.985611510791367
2910.0,1.985611510791367
2911.0,1.985611510791367
2912.0,1.985611510791367
2913.0,1.985611510791367
2914.0,1.985611510791367
2915.0,1.985611510791367
2916.0,1.985611510791367
2917.0,1.985611510791367
2918.0,1.985611510791367
2919.0,1.985611510791367
2920.0,1.985611510791367
2921.0,1.985611510791367
2922.0,1.9424460431654678
2923.0,1.985611510791367
2924.0,1.9424460431654678
2925.0,1.9424460431654678
2926.0,1.985611510791367
2927.0,1.985611510791367
2928.0,1.9424460431654678
2929.0,1.985611510791367
2930.0,1.985611510791367
2931.0,1.985611510791367
2932.0,1.985611510791367
2933.0,1.985611510791367
2934.0,1.985611510791367
2935.0,1.985611510791367
2936.0,1.985611510791367
2937.0,1.985611510791367
2938.0,1.985611510791367
2939.0,1.985611510791367
2940.0,1.985611510791367
2941.0,1.985611510791367
2942.0,1.985611510791367
2943.0,1.985611510791367
2944.0,1.985611510791367
2945.0,1.985611510791367
2946.0,1.985611510791367
2947.0,1.985611510791367
2948.0,1.985611510791367
2949.0,1.985611510791367
2950.0,1.985611510791367
2951.0,1.985611510791367
2952.0,1.985611510791367
2953.0,1.985611510791367
2954.0,1.985611510791367
2955.0,1.985611510791367
2956.0,1.985611510791367
2957.0,1.985611510791367
2958.0,1.985611510791367
2959.0,1.985611510791367
2960.0,1.985611510791367
2961.0,1.985611510791367
2962.0,1.9424460431654678
2963.0,2.0287769784172665
2964.0,1.985611510791367
2965.0,2.0287769784172665
2966.0,1.985611510791367
2967.0,1.985611510791367
2968.0,1.985611510791367
2969.0,1.985611510791367
2970.0,1.985611510791367
2971.0,1.985611510791367
2972.0,1.985611510791367
2973.0,1.985611510791367
2974.0,1.985611510791367
2975.0,1.9424460431654678
2976.0,1.9424460431654678
2977.0,1.985611510791367
2978.0,1.985611510791367
2979.0,1.985611510791367
2980.0,1.985611510791367
2981.0,1.985611510791367
2982.0,1.985611510791367
2983.0,1.985611510791367
2984.0,1.985611510791367
2985.0,1.985611510791367
2986.0,1.985611510791367
2987.0,1.985611510791367
2988.0,1.985611510791367
2989.0,1.985611510791367
2990.0,1.985611510791367
2991.0,1.985611510791367
2992.0,1.985611510791367
2993.0,1.985611510791367
2994.0,1.985611510791367
2995.0,1.985611510791367
2996.0,1.9424460431654678
2997.0,1.985611510791367
2998.0,1.985611510791367
2999.0,1.985611510791367
3000.0,1.9424460431654678
3001.0,1.985611510791367
3002.0,1.9424460431654678
3003.0,1.9424460431654678
3004.0,1.985611510791367
3005.0,1.985611510791367
3006.0,1.985611510791367
3007.0,1.9424460431654678
3008.0,1.9424460431654678
3009.0,1.985611510791367
3010.0,1.9424460431654678
3011.0,1.985611510791367
3012.0,1.985611510791367
3013.0,1.985611510791367
3014.0,1.9424460431654678
3015.0,1.985611510791367
3016.0,1.985611510791367
3017.0,1.985611510791367
3018.0,1.985611510791367
3019.0,1.985611510791367
3020.0,1.9424460431654678
3021.0,1.985611510791367
3022.0,1.985611510791367
3023.0,1.985611510791367
3024.0,1.985611510791367
3025.0,1.985611510791367
3026.0,1.9424460431654678
3027.0,1.985611510791367
3028.0,1.985611510791367
3029.0,1.9424460431654678
3030.0,1.985611510791367
3031.0,1.985611510791367
3032.0,1.9424460431654678
3033.0,1.9424460431654678
3034.0,1.985611510791367
3035.0,1.985611510791367
3036.0,1.985611510791367
3037.0,1.985611510791367
3038.0,1.985611510791367
3039.0,1.9424460431654678
3040.0,1.985611510791367
3041.0,1.985611510791367
3042.0,1.985611510791367
3043.0,1.985611510791367
3044.0,1.985611510791367
3045.0,1.985611510791367
3046.0,1.9424460431654678
3047.0,1.985611510791367
3048.0,1.9424460431654678
3049.0,1.985611510791367
3050.0,1.9424460431654678
3051.0,1.985611510791367
3052.0,1.985611510791367
3053.0,1.985611510791367
3054.0,1.985611510791367
3055.0,1.985611510791367
3056.0,1.9424460431654678
3057.0,1.9424460431654678
3058.0,1.985611510791367
3059.0,1.985611510791367
3060.0,1.985611510791367
3061.0,1.9424460431654678
3062.0,1.985611510791367
3063.0,1.9424460431654678
3064.0,1.985611510791367
3065.0,1.9424460431654678
3066.0,1.985611510791367
3067.0,1.985611510791367
3068.0,1.985611510791367
3069.0,1.985611510791367
3070.0,1.985611510791367
3071.0,1.9424460431654678
3072.0,1.985611510791367
3073.0,1.9424460431654678
3074.0,1.9424460431654678
3075.0,1.985611510791367
3076.0,1.985611510791367
3077.0,1.985611510791367
3078.0,1.9424460431654678
3079.0,1.9424460431654678
3080.0,1.985611510791367
3081.0,1.985611510791367
3082.0,1.985611510791367
3083.0,1.9424460431654678
3084.0,1.985611510791367
3085.0,1.985611510791367
3086.0,1.985611510791367
3087.0,1.985611510791367
3088.0,1.985611510791367
3089.0,1.985611510791367
3090.0,1.9424460431654678
3091.0,1.9424460431654678
3092.0,1.9424460431654678
3093.0,1.9424460431654678
3094.0,1.9424460431654678
3095.0,1.985611510791367
3096.0,1.9424460431654678
3097.0,1.9424460431654678
3098.0,1.9424460431654678
3099.0,1.9424460431654678
3100.0,1.9424460431654678
3101.0,1.9424460431654678
3102.0,1.985611510791367
3103.0,1.9424460431654678
3104.0,1.9424460431654678
3105.0,1.985611510791367
3106.0,1.985611510791367
3107.0,1.985611510791367
3108.0,1.985611510791367
3109.0,1.985611510791367
3110.0,1.9424460431654678
3111.0,1.985611510791367
3112.0,1.9424460431654678
3113.0,1.985611510791367
3114.0,1.9424460431654678
3115.0,1.9424460431654678
3116.0,1.985611510791367
3117.0,1.985611510791367
3118.0,1.985611510791367
3119.0,1.9424460431654678
3120.0,1.985611510791367
3121.0,1.985611510791367
3122.0,1.985611510791367
3123.0,1.985611510791367
3124.0,1.9424460431654678
3125.0,1.9424460431654678
3126.0,1.985611510791367
3127.0,1.985611510791367
3128.0,1.9424460431654678
3129.0,1.985611510791367
3130.0,1.985611510791367
3131.0,1.9424460431654678
3132.0,1.985611510791367
3133.0,2.0287769784172665
3134.0,1.985611510791367
3135.0,1.985611510791367
3136.0,1.985611510791367
3137.0,1.985611510791367
3138.0,1.9424460431654678
3139.0,1.9424460431654678
3140.0,1.9424460431654678
3141.0,1.9424460431654678
3142.0,1.9424460431654678
3143.0,1.9424460431654678
3144.0,1.985611510791367
3145.0,1.985611510791367
3146.0,1.9424460431654678
3147.0,1.9424460431654678
3148.0,1.9424460431654678
3149.0,1.9424460431654678
3150.0,1.9424460431654678
3151.0,1.985611510791367
3152.0,1.985611510791367
3153.0,1.9424460431654678
3154.0,1.9424460431654678
3155.0,1.985611510791367
3156.0,1.985611510791367
3157.0,1.985611510791367
3158.0,1.985611510791367
3159.0,1.9424460431654678
3160.0,1.9424460431654678
3161.0,1.9424460431654678
3162.0,1.985611510791367
3163.0,1.985611510791367
3164.0,1.985611510791367
3165.0,1.985611510791367
3166.0,1.9424460431654678
3167.0,1.9424460431654678
3168.0,1.985611510791367
3169.0,1.985611510791367
3170.0,1.985611510791367
3171.0,1.9424460431654678
3172.0,1.9424460431654678
3173.0,1.985611510791367
3174.0,1.9424460431654678
3175.0,1.9424460431654678
3176.0,1.985611510791367
3177.0,1.985611510791367
3178.0,1.9424460431654678
3179.0,1.9424460431654678
3180.0,1.9424460431654678
3181.0,1.9424460431654678
3182.0,1.985611510791367
3183.0,1.985611510791367
3184.0,1.985611510791367
3185.0,1.9424460431654678
3186.0,1.9424460431654678
3187.0,1.9424460431654678
3188.0,1.985611510791367
3189.0,1.9424460431654678
3190.0,1.985611510791367
3191.0,1.9424460431654678
3192.0,1.985611510791367
3193.0,1.985611510791367
3194.0,1.9424460431654678
3195.0,1.985611510791367
3196.0,1.985611510791367
3197.0,1.9424460431654678
3198.0,1.9424460431654678
3199.0,1.985611510791367
3200.0,1.9424460431654678
3201.0,1.985611510791367
3202.0,1.9424460431654678
3203.0,1.9424460431654678
3204.0,1.985611510791367
3205.0,1.9424460431654678
3206.0,1.9424460431654678
3207.0,1.985611510791367
3208.0,1.985611510791367
3209.0,1.9424460431654678
3210.0,1.9424460431654678
3211.0,1.9424460431654678
3212.0,1.9424460431654678
3213.0,1.9424460431654678
3214.0,1.985611510791367
3215.0,1.9424460431654678
3216.0,1.9424460431654678
3217.0,1.9424460431654678
3218.0,1.985611510791367
3219.0,1.9424460431654678
3220.0,1.985611510791367
3221.0,1.8992805755395685
3222.0,1.9424460431654678
3223.0,1.9424460431654678
3224.0,1.9424460431654678
3225.0,1.9424460431654678
3226.0,1.9424460431654678
3227.0,1.9424460431654678
3228.0,1.9424460431654678
3229.0,1.9424460431654678
3230.0,1.9424460431654678
3231.0,1.985611510791367
3232.0,1.9424460431654678
3233.0,1.985611510791367
3234.0,1.9424460431654678
3235.0,1.985611510791367
3236.0,1.9424460431654678
3237.0,1.985611510791367
3238.0,1.9424460431654678
3239.0,1.985611510791367
3240.0,1.985611510791367
3241.0,1.9424460431654678
3242.0,1.9424460431654678
3243.0,1.9424460431654678
3244.0,1.9424460431654678
3245.0,1.985611510791367
3246.0,1.9424460431654678
3247.0,1.9424460431654678
3248.0,1.9424460431654678
3249.0,1.9424460431654678
3250.0,1.9424460431654678
3251.0,1.9424460431654678
3252.0,1.9424460431654678
3253.0,1.9424460431654678
3254.0,1.985611510791367
3255.0,1.9424460431654678
3256.0,1.985611510791367
3257.0,1.9424460431654678
3258.0,1.9424460431654678
3259.0,1.9424460431654678
3260.0,1.9424460431654678
3261.0,1.9424460431654678
3262.0,1.9424460431654678
3263.0,1.8992805755395685
3264.0,1.9424460431654678
3265.0,1.9424460431654678
3266.0,1.9424460431654678
3267.0,1.9424460431654678
3268.0,1.9424460431654678
3269.0,1.9424460431654678
3270.0,1.985611510791367
3271.0,1.985611510791367
3272.0,1.9424460431654678
3273.0,1.9424460431654678
3274.0,1.9424460431654678
3275.0,1.9424460431654678
3276.0,1.9424460431654678
3277.0,1.9424460431654678
3278.0,1.9424460431654678
3279.0,1.9424460431654678
3280.0,1.9424460431654678
3281.0,1.9424460431654678
3282.0,1.9424460431654678
3283.0,1.9424460431654678
3284.0,1.9424460431654678
3285.0,1.9424460431654678
3286.0,1.9424460431654678
3287.0,1.9424460431654678
3288.0,1.9424460431654678
3289.0,1.9424460431654678
3290.0,1.985611510791367
3291.0,1.9424460431654678
3292.0,1.9424460431654678
3293.0,1.9424460431654678
3294.0,1.985611510791367
3295.0,1.985611510791367
3296.0,1.9424460431654678
3297.0,1.9424460431654678
3298.0,1.9424460431654678
3299.0,1.9424460431654678
3300.0,1.985611510791367
3301.0,1.9424460431654678
3302.0,1.9424460431654678
3303.0,1.9424460431654678
3304.0,1.9424460431654678
3305.0,1.985611510791367
3306.0,1.9424460431654678
3307.0,1.985611510791367
3308.0,1.9424460431654678
3309.0,1.9424460431654678
3310.0,1.9424460431654678
3311.0,1.9424460431654678
3312.0,1.9424460431654678
3313.0,1.9424460431654678
3314.0,1.9424460431654678
3315.0,1.9424460431654678
3316.0,1.9424460431654678
3317.0,1.9424460431654678
3318.0,1.985611510791367
3319.0,1.9424460431654678
3320.0,1.9424460431654678
3321.0,1.9424460431654678
3322.0,1.9424460431654678
3323.0,1.9424460431654678
3324.0,1.9424460431654678
3325.0,1.9424460431654678
3326.0,1.9424460431654678
3327.0,1.9424460431654678
3328.0,1.9424460431654678
3329.0,1.9424460431654678
3330.0,1.985611510791367
3331.0,1.9424460431654678
3332.0,1.8992805755395685
3333.0,1.8992805755395685
3334.0,1.9424460431654678
3335.0,1.9424460431654678
3336.0,1.8992805755395685
3337.0,1.985611510791367
3338.0,1.9424460431654678
3339.0,1.9424460431654678
3340.0,1.985611510791367
3341.0,1.9424460431654678
3342.0,1.9424460431654678
3343.0,1.985611510791367
3344.0,1.9424460431654678
3345.0,1.985611510791367
3346.0,1.9424460431654678
3347.0,1.9424460431654678
3348.0,1.9424460431654678
3349.0,1.9424460431654678
3350.0,1.9424460431654678
3351.0,1.9424460431654678
3352.0,1.8992805755395685
3353.0,1.8992805755395685
3354.0,1.9424460431654678
3355.0,1.9424460431654678
3356.0,1.9424460431654678
3357.0,1.8992805755395685
3358.0,1.9424460431654678
3359.0,1.9424460431654678
3360.0,1.9424460431654678
3361.0,1.9424460431654678
3362.0,1.9424460431654678
3363.0,1.9424460431654678
3364.0,1.9424460431654678
3365.0,1.9424460431654678
3366.0,1.9424460431654678
3367.0,1.9424460431654678
3368.0,1.9424460431654678
3369.0,1.9424460431654678
3370.0,1.9424460431654678
3371.0,1.9424460431654678
3372.0,1.9424460431654678
3373.0,1.9424460431654678
3374.0,1.9424460431654678
3375.0,1.9424460431654678
3376.0,1.9424460431654678
3377.0,1.9424460431654678
3378.0,1.9424460431654678
3379.0,1.9424460431654678
3380.0,1.9424460431654678
3381.0,1.9424460431654678
3382.0,1.9424460431654678
3383.0,1.9424460431654678
3384.0,1.9424460431654678
3385.0,1.9424460431654678
3386.0,1.9424460431654678
3387.0,1.9424460431654678
3388.0,1.9424460431654678
3389.0,1.9424460431654678
3390.0,1.9424460431654678
3391.0,1.985611510791367
3392.0,1.8992805755395685
3393.0,1.8992805755395685
3394.0,1.9424460431654678
3395.0,1.9424460431654678
3396.0,1.8992805755395685
3397.0,1.9424460431654678
3398.0,1.8992805755395685
3399.0,1.8992805755395685
3400.0,1.985611510791367
3401.0,1.9424460431654678
3402.0,1.9424460431654678
3403.0,1.8992805755395685
3404.0,1.9424460431654678
3405.0,1.9424460431654678
3406.0,1.8992805755395685
3407.0,1.9424460431654678
3408.0,1.9424460431654678
3409.0,1.8992805755395685
3410.0,1.9424460431654678
3411.0,1.9424460431654678
3412.0,1.9424460431654678
3413.0,1.9424460431654678
3414.0,1.9424460431654678
3415.0,1.9424460431654678
3416.0,1.9424460431654678
3417.0,1.9424460431654678
3418.0,1.8992805755395685
3419.0,1.9424460431654678
3420.0,1.9424460431654678
3421.0,1.8992805755395685
3422.0,1.9424460431654678
3423.0,1.9424460431654678
3424.0,1.8992805755395685
3425.0,1.8992805755395685
3426.0,1.9424460431654678
3427.0,1.9424460431654678
3428.0,1.8992805755395685
3429.0,1.9424460431654678
3430.0,1.9424460431654678
3431.0,1.9424460431654678
3432.0,1.8992805755395685
3433.0,1.9424460431654678
3434.0,1.9424460431654678
3435.0,1.9424460431654678
3436.0,1.8992805755395685
3437.0,1.9424460431654678
3438.0,1.8992805755395685
3439.0,1.9424460431654678
3440.0,1.9424460431654678
3441.0,1.8992805755395685
3442.0,1.9424460431654678
3443.0,1.9424460431654678
3444.0,1.9424460431654678
3445.0,1.8992805755395685
3446.0,1.9424460431654678
3447.0,1.9424460431654678
3448.0,1.9424460431654678
3449.0,1.9424460431654678
3450.0,1.9424460431654678
3451.0,1.9424460431654678
3452.0,1.9424460431654678
3453.0,1.8992805755395685
3454.0,1.9424460431654678
3455.0,1.8992805755395685
3456.0,1.8992805755395685
3457.0,1.8992805755395685
3458.0,1.9424460431654678
3459.0,1.8992805755395685
3460.0,1.9424460431654678
3461.0,1.9424460431654678
3462.0,1.9424460431654678
3463.0,1.9424460431654678
3464.0,1.9424460431654678
3465.0,1.9424460431654678
3466.0,1.8992805755395685
3467.0,1.9424460431654678
3468.0,1.9424460431654678
3469.0,1.9424460431654678
3470.0,1.9424460431654678
3471.0,1.8992805755395685
3472.0,1.9424460431654678
3473.0,1.9424460431654678
3474.0,1.9424460431654678
3475.0,1.9424460431654678
3476.0,1.8992805755395685
3477.0,1.8992805755395685
3478.0,1.8992805755395685
3479.0,1.9424460431654678
3480.0,1.9424460431654678
3481.0,1.9424460431654678
3482.0,1.8992805755395685
3483.0,1.9424460431654678
3484.0,1.8992805755395685
3485.0,1.8992805755395685
3486.0,1.9424460431654678
3487.0,1.9424460431654678
3488.0,1.8992805755395685
3489.0,1.9424460431654678
3490.0,1.8992805755395685
3491.0,1.8992805755395685
3492.0,1.8992805755395685
3493.0,1.8992805755395685
3494.0,1.8992805755395685
3495.0,1.8992805755395685
3496.0,1.9424460431654678
3497.0,1.9424460431654678
3498.0,1.8992805755395685
3499.0,1.9424460431654678
3500.0,1.9424460431654678
3501.0,1.9424460431654678
3502.0,1.9424460431654678
3503.0,1.8992805755395685
3504.0,1.9424460431654678
3505.0,1.9424460431654678
3506.0,1.9424460431654678
3507.0,1.9424460431654678
3508.0,1.9424460431654678
3509.0,1.9424460431654678
3510.0,1.9424460431654678
3511.0,1.9424460431654678
3512.0,1.9424460431654678
3513.0,1.8992805755395685
3514.0,1.8992805755395685
3515.0,1.9424460431654678
3516.0,1.9424460431654678
3517.0,1.9424460431654678
3518.0,1.9424460431654678
3519.0,1.9424460431654678
3520.0,1.9424460431654678
3521.0,1.8992805755395685
3522.0,1.9424460431654678
3523.0,1.9424460431654678
3524.0,1.8992805755395685
3525.0,1.8992805755395685
3526.0,1.8992805755395685
3527.0,1.8992805755395685
3528.0,1.8992805755395685
3529.0,1.9424460431654678
3530.0,1.9424460431654678
3531.0,1.8992805755395685
3532.0,1.8992805755395685
3533.0,1.8992805755395685
3534.0,1.8992805755395685
3535.0,1.8992805755395685
3536.0,1.8992805755395685
3537.0,1.8992805755395685
3538.0,1.8992805755395685
3539.0,1.9424460431654678
3540.0,1.8992805755395685
3541.0,1.9424460431654678
3542.0,1.8992805755395685
3543.0,1.9424460431654678
3544.0,1.9424460431654678
3545.0,1.8992805755395685
3546.0,1.8992805755395685
3547.0,1.8992805755395685
3548.0,1.9424460431654678
3549.0,1.9424460431654678
3550.0,1.9424460431654678
3551.0,1.9424460431654678
3552.0,1.9424460431654678
3553.0,1.9424460431654678
3554.0,1.8992805755395685
3555.0,1.9424460431654678
3556.0,1.9424460431654678
3557.0,1.9424460431654678
3558.0,1.8992805755395685
3559.0,1.8992805755395685
3560.0,1.9424460431654678
3561.0,1.9424460431654678
3562.0,1.9424460431654678
3563.0,1.8992805755395685
3564.0,1.8992805755395685
3565.0,1.9424460431654678
3566.0,1.9424460431654678
3567.0,1.8992805755395685
3568.0,1.8992805755395685
3569.0,1.8992805755395685
3570.0,1.8992805755395685
3571.0,1.8992805755395685
3572.0,1.9424460431654678
3573.0,1.8992805755395685
3574.0,1.8992805755395685
3575.0,1.9424460431654678
3576.0,1.8992805755395685
3577.0,1.9424460431654678
3578.0,1.8992805755395685
3579.0,1.8992805755395685
3580.0,1.8992805755395685
3581.0,1.8992805755395685
3582.0,1.9424460431654678
3583.0,1.8992805755395685
3584.0,1.9424460431654678
3585.0,1.8992805755395685
3586.0,1.8992805755395685
3587.0,1.9424460431654678
3588.0,1.8992805755395685
3589.0,1.9424460431654678
3590.0,1.9424460431654678
3591.0,1.8992805755395685
3592.0,1.8992805755395685
3593.0,1.8992805755395685
3594.0,1.8992805755395685
3595.0,1.8992805755395685
3596.0,1.8992805755395685
3597.0,1.9424460431654678
3598.0,1.8992805755395685
3599.0,1.8992805755395685
3600.0,1.8992805755395685
3601.0,1.8992805755395685
3602.0,1.9424460431654678
3603.0,1.8992805755395685
3604.0,1.8992805755395685
3605.0,1.9424460431654678
3606.0,1.8992805755395685
3607.0,1.9424460431654678
3608.0,1.8992805755395685
3609.0,1.8992805755395685
3610.0,1.8992805755395685
3611.0,1.8992805755395685
3612.0,1.8992805755395685
3613.0,1.8992805755395685
3614.0,1.9424460431654678
3615.0,1.8992805755395685
3616.0,1.8992805755395685
3617.0,1.8992805755395685
3618.0,1.8992805755395685
3619.0,1.8992805755395685
3620.0,1.8992805755395685
3621.0,1.8992805755395685
3622.0,1.8992805755395685
3623.0,1.8992805755395685
3624.0,1.8992805755395685
3625.0,1.8992805755395685
3626.0,1.8992805755395685
3627.0,1.8992805755395685
3628.0,1.8992805755395685
3629.0,1.8992805755395685
3630.0,1.8992805755395685
3631.0,1.8992805755395685
3632.0,1.8992805755395685
3633.0,1.9424460431654678
3634.0,1.8992805755395685
3635.0,1.8992805755395685
3636.0,1.9424460431654678
3637.0,1.8992805755395685
3638.0,1.8992805755395685
3639.0,1.8992805755395685
3640.0,1.8992805755395685
3641.0,1.8992805755395685
3642.0,1.8992805755395685
3643.0,1.8992805755395685
3644.0,1.8992805755395685
3645.0,1.8992805755395685
3646.0,1.8992805755395685
3647.0,1.9424460431654678
3648.0,1.9424460431654678
3649.0,1.9424460431654678
3650.0,1.8992805755395685
3651.0,1.8992805755395685
3652.0,1.8992805755395685
3653.0,1.8992805755395685
3654.0,1.8992805755395685
3655.0,1.9424460431654678
3656.0,1.8992805755395685
3657.0,1.9424460431654678
3658.0,1.8992805755395685
3659.0,1.8992805755395685
3660.0,1.8992805755395685
3661.0,1.8992805755395685
3662.0,1.8992805755395685
3663.0,1.8992805755395685
3664.0,1.8992805755395685
3665.0,1.9424460431654678
3666.0,1.8992805755395685
3667.0,1.8992805755395685
3668.0,1.8992805755395685
3669.0,1.8992805755395685
3670.0,1.8992805755395685
3671.0,1.8992805755395685
3672.0,1.8992805755395685
3673.0,1.9424460431654678
3674.0,1.8992805755395685
3675.0,1.9424460431654678
3676.0,1.8992805755395685
3677.0,1.8992805755395685
3678.0,1.8992805755395685
3679.0,1.8992805755395685
3680.0,1.9424460431654678
3681.0,1.8992805755395685
3682.0,1.9424460431654678
3683.0,1.8992805755395685
3684.0,1.8992805755395685
3685.0,1.8992805755395685
3686.0,1.8992805755395685
3687.0,1.8992805755395685
3688.0,1.8992805755395685
3689.0,1.9424460431654678
3690.0,1.9424460431654678
3691.0,1.856115107913669
3692.0,1.8992805755395685
3693.0,1.8992805755395685
3694.0,1.8992805755395685
3695.0,1.8992805755395685
3696.0,1.8992805755395685
3697.0,1.9424460431654678
3698.0,1.8992805755395685
3699.0,1.9424460431654678
3700.0,1.9424460431654678
3701.0,1.8992805755395685
3702.0,1.8992805755395685
3703.0,1.8992805755395685
3704.0,1.8992805755395685
3705.0,1.8992805755395685
3706.0,1.9424460431654678
3707.0,1.8992805755395685
3708.0,1.8992805755395685
3709.0,1.856115107913669
3710.0,1.8992805755395685
3711.0,1.8992805755395685
3712.0,1.8992805755395685
3713.0,1.8992805755395685
3714.0,1.8992805755395685
3715.0,1.9424460431654678
3716.0,1.8992805755395685
3717.0,1.8992805755395685
3718.0,1.8992805755395685
3719.0,1.8992805755395685
3720.0,1.8992805755395685
3721.0,1.8992805755395685
3722.0,1.9424460431654678
3723.0,1.8992805755395685
3724.0,1.9424460431654678
3725.0,1.8992805755395685
3726.0,1.8992805755395685
3727.0,1.8992805755395685
3728.0,1.8992805755395685
3729.0,1.8992805755395685
3730.0,1.9424460431654678
3731.0,1.9424460431654678
3732.0,1.8992805755395685
3733.0,1.9424460431654678
3734.0,1.8992805755395685
3735.0,1.8992805755395685
3736.0,1.8992805755395685
3737.0,1.8992805755395685
3738.0,1.8992805755395685
3739.0,1.8992805755395685
3740.0,1.8992805755395685
3741.0,1.856115107913669
3742.0,1.8992805755395685
3743.0,1.8992805755395685
3744.0,1.8992805755395685
3745.0,1.8992805755395685
3746.0,1.8992805755395685
3747.0,1.9424460431654678
3748.0,1.8992805755395685
3749.0,1.9424460431654678
3750.0,1.9424460431654678
3751.0,1.8992805755395685
3752.0,1.8992805755395685
3753.0,1.8992805755395685
3754.0,1.9424460431654678
3755.0,1.8992805755395685
3756.0,1.8992805755395685
3757.0,1.8992805755395685
3758.0,1.8992805755395685
3759.0,1.8992805755395685
3760.0,1.8992805755395685
3761.0,1.8992805755395685
3762.0,1.8992805755395685
3763.0,1.8992805755395685
3764.0,1.9424460431654678
3765.0,1.8992805755395685
3766.0,1.8992805755395685
3767.0,1.8992805755395685
3768.0,1.8992805755395685
3769.0,1.8992805755395685
3770.0,1.8992805755395685
3771.0,1.8992805755395685
3772.0,1.8992805755395685
3773.0,1.8992805755395685
3774.0,1.8992805755395685
3775.0,1.8992805755395685
3776.0,1.8992805755395685
3777.0,1.8992805755395685
3778.0,1.8992805755395685
3779.0,1.8992805755395685
3780.0,1.9424460431654678
3781.0,1.8992805755395685
3782.0,1.8992805755395685
3783.0,1.8992805755395685
3784.0,1.8992805755395685
3785.0,1.8992805755395685
3786.0,1.8992805755395685
3787.0,1.8992805755395685
3788.0,1.856115107913669
3789.0,1.9424460431654678
3790.0,1.8992805755395685
3791.0,1.8992805755395685
3792.0,1.8992805755395685
3793.0,1.8992805755395685
3794.0,1.8992805755395685
3795.0,1.8992805755395685
3796.0,1.8992805755395685
3797.0,1.8992805755395685
3798.0,1.8992805755395685
3799.0,1.8992805755395685
3800.0,1.8992805755395685
3801.0,1.8992805755395685
3802.0,1.8992805755395685
3803.0,1.8992805755395685
3804.0,1.8992805755395685
3805.0,1.8992805755395685
3806.0,1.8992805755395685
3807.0,1.8992805755395685
3808.0,1.8992805755395685
3809.0,1.8992805755395685
3810.0,1.8992805755395685
3811.0,1.8992805755395685
3812.0,1.8992805755395685
3813.0,1.8992805755395685
3814.0,1.8992805755395685
3815.0,1.8992805755395685
3816.0,1.8992805755395685
3817.0,1.8992805755395685
3818.0,1.8992805755395685
3819.0,1.8992805755395685
3820.0,1.8992805755395685
3821.0,1.8992805755395685
3822.0,1.8992805755395685
3823.0,1.8992805755395685
3824.0,1.8992805755395685
3825.0,1.8992805755395685
3826.0,1.8992805755395685
3827.0,1.8992805755395685
3828.0,1.8992805755395685
3829.0,1.8992805755395685
3830.0,1.856115107913669
3831.0,1.8992805755395685
3832.0,1.8992805755395685
3833.0,1.8992805755395685
3834.0,1.8992805755395685
3835.0,1.8992805755395685
3836.0,1.8992805755395685
3837.0,1.8992805755395685
3838.0,1.8992805755395685
3839.0,1.8992805755395685
3840.0,1.8992805755395685
3841.0,1.856115107913669
3842.0,1.8992805755395685
3843.0,1.8992805755395685
3844.0,1.8992805755395685
3845.0,1.856115107913669
3846.0,1.8992805755395685
3847.0,1.8992805755395685
3848.0,1.8992805755395685
3849.0,1.8992805755395685
3850.0,1.8992805755395685
3851.0,1.856115107913669
3852.0,1.8992805755395685
3853.0,1.856115107913669
3854.0,1.8992805755395685
3855.0,1.856115107913669
3856.0,1.8992805755395685
3857.0,1.8992805755395685
3858.0,1.856115107913669
3859.0,1.8992805755395685
3860.0,1.8992805755395685
3861.0,1.8992805755395685
3862.0,1.8992805755395685
3863.0,1.856115107913669
3864.0,1.8992805755395685
3865.0,1.8992805755395685
3866.0,1.856115107913669
3867.0,1.8992805755395685
3868.0,1.8992805755395685
3869.0,1.8992805755395685
3870.0,1.8992805755395685
3871.0,1.8992805755395685
3872.0,1.8992805755395685
3873.0,1.8992805755395685
3874.0,1.8992805755395685
3875.0,1.8992805755395685
3876.0,1.856115107913669
3877.0,1.8992805755395685
3878.0,1.856115107913669
3879.0,1.856115107913669
3880.0,1.8992805755395685
3881.0,1.8992805755395685
3882.0,1.8992805755395685
3883.0,1.8992805755395685
3884.0,1.8992805755395685
3885.0,1.8992805755395685
3886.0,1.8992805755395685
3887.0,1.8992805755395685
3888.0,1.8992805755395685
3889.0,1.8992805755395685
3890.0,1.8992805755395685
3891.0,1.8992805755395685
3892.0,1.856115107913669
3893.0,1.8992805755395685
3894.0,1.8992805755395685
3895.0,1.856115107913669
3896.0,1.8992805755395685
3897.0,1.8992805755395685
3898.0,1.8992805755395685
3899.0,1.8992805755395685
3900.0,1.8992805755395685
3901.0,1.856115107913669
3902.0,1.8992805755395685
3903.0,1.8992805755395685
3904.0,1.856115107913669
3905.0,1.856115107913669
3906.0,1.8992805755395685
3907.0,1.8992805755395685
3908.0,1.856115107913669
3909.0,1.856115107913669
3910.0,1.8992805755395685
3911.0,1.8992805755395685
3912.0,1.8992805755395685
3913.0,1.856115107913669
3914.0,1.9424460431654678
3915.0,1.8992805755395685
3916.0,1.8992805755395685
3917.0,1.856115107913669
3918.0,1.856115107913669
3919.0,1.8992805755395685
3920.0,1.856115107913669
3921.0,1.8992805755395685
3922.0,1.8992805755395685
3923.0,1.8992805755395685
3924.0,1.8992805755395685
3925.0,1.8992805755395685
3926.0,1.856115107913669
3927.0,1.8992805755395685
3928.0,1.8992805755395685
3929.0,1.8992805755395685
3930.0,1.856115107913669
3931.0,1.8992805755395685
3932.0,1.8992805755395685
3933.0,1.8992805755395685
3934.0,1.856115107913669
3935.0,1.856115107913669
3936.0,1.856115107913669
3937.0,1.8992805755395685
3938.0,1.8992805755395685
3939.0,1.8992805755395685
3940.0,1.8992805755395685
3941.0,1.856115107913669
3942.0,1.8992805755395685
3943.0,1.8992805755395685
3944.0,1.8992805755395685
3945.0,1.856115107913669
3946.0,1.8992805755395685
3947.0,1.8992805755395685
3948.0,1.8992805755395685
3949.0,1.8992805755395685
3950.0,1.8992805755395685
3951.0,1.856115107913669
3952.0,1.8992805755395685
3953.0,1.856115107913669
3954.0,1.8992805755395685
3955.0,1.8992805755395685
3956.0,1.8992805755395685
3957.0,1.856115107913669
3958.0,1.856115107913669
3959.0,1.856115107913669
3960.0,1.856115107913669
3961.0,1.856115107913669
3962.0,1.856115107913669
3963.0,1.856115107913669
3964.0,1.8992805755395685
3965.0,1.856115107913669
3966.0,1.856115107913669
3967.0,1.8992805755395685
3968.0,1.8992805755395685
3969.0,1.856115107913669
3970.0,1.8992805755395685
3971.0,1.856115107913669
3972.0,1.8992805755395685
3973.0,1.856115107913669
3974.0,1.8992805755395685
3975.0,1.856115107913669
3976.0,1.856115107913669
3977.0,1.8992805755395685
3978.0,1.856115107913669
3979.0,1.856115107913669
3980.0,1.856115107913669
3981.0,1.856115107913669
3982.0,1.8992805755395685
3983.0,1.8992805755395685
3984.0,1.856115107913669
3985.0,1.8992805755395685
3986.0,1.856115107913669
3987.0,1.8992805755395685
3988.0,1.856115107913669
3989.0,1.8992805755395685
3990.0,1.8992805755395685
3991.0,1.856115107913669
3992.0,1.8992805755395685
3993.0,1.8992805755395685
3994.0,1.8992805755395685
3995.0,1.856115107913669
3996.0,1.8992805755395685
3997.0,1.8992805755395685
3998.0,1.856115107913669
3999.0,1.8992805755395685
4000.0,1.856115107913669
4001.0,1.8992805755395685
4002.0,1.856115107913669
4003.0,1.856115107913669
4004.0,1.8992805755395685
4005.0,1.856115107913669
4006.0,1.8992805755395685
4007.0,1.856115107913669
4008.0,1.856115107913669
4009.0,1.856115107913669
4010.0,1.8992805755395685
4011.0,1.856115107913669
4012.0,1.856115107913669
4013.0,1.856115107913669
4014.0,1.8992805755395685
4015.0,1.856115107913669
4016.0,1.8992805755395685
4017.0,1.856115107913669
4018.0,1.856115107913669
4019.0,1.856115107913669
4020.0,1.856115107913669
4021.0,1.856115107913669
4022.0,1.8992805755395685
4023.0,1.856115107913669
4024.0,1.8992805755395685
4025.0,1.8992805755395685
4026.0,1.856115107913669
4027.0,1.8992805755395685
4028.0,1.856115107913669
4029.0,1.856115107913669
4030.0,1.856115107913669
4031.0,1.8992805755395685
4032.0,1.8992805755395685
4033.0,1.856115107913669
4034.0,1.856115107913669
4035.0,1.856115107913669
4036.0,1.856115107913669
4037.0,1.856115107913669
4038.0,1.856115107913669
4039.0,1.856115107913669
4040.0,1.8992805755395685
4041.0,1.856115107913669
4042.0,1.8992805755395685
4043.0,1.856115107913669
4044.0,1.8992805755395685
4045.0,1.856115107913669
4046.0,1.856115107913669
4047.0,1.8992805755395685
4048.0,1.856115107913669
4049.0,1.856115107913669
4050.0,1.856115107913669
4051.0,1.856115107913669
4052.0,1.8992805755395685
4053.0,1.856115107913669
4054.0,1.8992805755395685
4055.0,1.856115107913669
4056.0,1.8992805755395685
4057.0,1.856115107913669
4058.0,1.856115107913669
4059.0,1.856115107913669
4060.0,1.8992805755395685
4061.0,1.856115107913669
4062.0,1.856115107913669
4063.0,1.856115107913669
4064.0,1.8992805755395685
4065.0,1.8992805755395685
4066.0,1.856115107913669
4067.0,1.856115107913669
4068.0,1.856115107913669
4069.0,1.856115107913669
4070.0,1.856115107913669
4071.0,1.8992805755395685
4072.0,1.856115107913669
4073.0,1.8992805755395685
4074.0,1.8992805755395685
4075.0,1.856115107913669
4076.0,1.8992805755395685
4077.0,1.8992805755395685
4078.0,1.856115107913669
4079.0,1.856115107913669
4080.0,1.856115107913669
4081.0,1.8992805755395685
4082.0,1.856115107913669
4083.0,1.856115107913669
4084.0,1.856115107913669
4085.0,1.856115107913669
4086.0,1.856115107913669
4087.0,1.856115107913669
4088.0,1.856115107913669
4089.0,1.8992805755395685
4090.0,1.856115107913669
4091.0,1.8992805755395685
4092.0,1.8992805755395685
4093.0,1.856115107913669
4094.0,1.856115107913669
4095.0,1.856115107913669
4096.0,1.856115107913669
4097.0,1.8992805755395685
4098.0,1.856115107913669
4099.0,1.856115107913669
4100.0,1.856115107913669
4101.0,1.856115107913669
4102.0,1.856115107913669
4103.0,1.856115107913669
4104.0,1.8992805755395685
4105.0,1.856115107913669
4106.0,1.856115107913669
4107.0,1.856115107913669
4108.0,1.856115107913669
4109.0,1.856115107913669
4110.0,1.856115107913669
4111.0,1.856115107913669
4112.0,1.856115107913669
4113.0,1.856115107913669
4114.0,1.8992805755395685
4115.0,1.856115107913669
4116.0,1.856115107913669
4117.0,1.856115107913669
4118.0,1.8992805755395685
4119.0,1.856115107913669
4120.0,1.856115107913669
4121.0,1.856115107913669
4122.0,1.8992805755395685
4123.0,1.856115107913669
4124.0,1.8992805755395685
4125.0,1.856115107913669
4126.0,1.856115107913669
4127.0,1.856115107913669
4128.0,1.8992805755395685
4129.0,1.856115107913669
4130.0,1.856115107913669
4131.0,1.8992805755395685
4132.0,1.856115107913669
4133.0,1.856115107913669
4134.0,1.856115107913669
4135.0,1.856115107913669
4136.0,1.856115107913669
4137.0,1.856115107913669
4138.0,1.856115107913669
4139.0,1.856115107913669
4140.0,1.856115107913669
4141.0,1.8992805755395685
4142.0,1.8992805755395685
4143.0,1.856115107913669
4144.0,1.856115107913669
4145.0,1.856115107913669
4146.0,1.856115107913669
4147.0,1.856115107913669
4148.0,1.856115107913669
4149.0,1.856115107913669
4150.0,1.856115107913669
4151.0,1.856115107913669
4152.0,1.856115107913669
4153.0,1.856115107913669
4154.0,1.856115107913669
4155.0,1.856115107913669
4156.0,1.856115107913669
4157.0,1.856115107913669
4158.0,1.856115107913669
4159.0,1.856115107913669
4160.0,1.856115107913669
4161.0,1.856115107913669
4162.0,1.856115107913669
4163.0,1.856115107913669
4164.0,1.856115107913669
4165.0,1.856115107913669
4166.0,1.856115107913669
4167.0,1.856115107913669
4168.0,1.856115107913669
4169.0,1.8992805755395685
4170.0,1.856115107913669
4171.0,1.856115107913669
4172.0,1.856115107913669
4173.0,1.856115107913669
4174.0,1.856115107913669
4175.0,1.856115107913669
4176.0,1.856115107913669
4177.0,1.856115107913669
4178.0,1.856115107913669
4179.0,1.8992805755395685
4180.0,1.856115107913669
4181.0,1.856115107913669
4182.0,1.856115107913669
4183.0,1.856115107913669
4184.0,1.856115107913669
4185.0,1.856115107913669
4186.0,1.856115107913669
4187.0,1.856115107913669
4188.0,1.856115107913669
4189.0,1.856115107913669
4190.0,1.856115107913669
4191.0,1.856115107913669
4192.0,1.856115107913669
4193.0,1.856115107913669
4194.0,1.856115107913669
4195.0,1.856115107913669
4196.0,1.856115107913669
4197.0,1.856115107913669
4198.0,1.856115107913669
4199.0,1.856115107913669
4200.0,1.856115107913669
4201.0,1.856115107913669
4202.0,1.856115107913669
4203.0,1.856115107913669
4204.0,1.856115107913669
4205.0,1.856115107913669
4206.0,1.856115107913669
4207.0,1.856115107913669
4208.0,1.856115107913669
4209.0,1.856115107913669
4210.0,1.856115107913669
4211.0,1.856115107913669
4212.0,1.8992805755395685
4213.0,1.856115107913669
4214.0,1.856115107913669
4215.0,1.856115107913669
4216.0,1.856115107913669
4217.0,1.856115107913669
4218.0,1.856115107913669
4219.0,1.856115107913669
4220.0,1.856115107913669
4221.0,1.856115107913669
4222.0,1.8992805755395685
4223.0,1.856115107913669
4224.0,1.856115107913669
4225.0,1.856115107913669
4226.0,1.856115107913669
4227.0,1.856115107913669
4228.0,1.856115107913669
4229.0,1.856115107913669
4230.0,1.856115107913669
4231.0,1.856115107913669
4232.0,1.856115107913669
4233.0,1.856115107913669
4234.0,1.856115107913669
4235.0,1.856115107913669
4236.0,1.856115107913669
4237.0,1.856115107913669
4238.0,1.856115107913669
4239.0,1.856115107913669
4240.0,1.856115107913669
4241.0,1.856115107913669
4242.0,1.856115107913669
4243.0,1.856115107913669
4244.0,1.856115107913669
4245.0,1.856115107913669
4246.0,1.856115107913669
4247.0,1.856115107913669
4248.0,1.856115107913669
4249.0,1.856115107913669
4250.0,1.856115107913669
4251.0,1.856115107913669
4252.0,1.8992805755395685
4253.0,1.856115107913669
4254.0,1.856115107913669
4255.0,1.856115107913669
4256.0,1.856115107913669
4257.0,1.856115107913669
4258.0,1.856115107913669
4259.0,1.856115107913669
4260.0,1.856115107913669
4261.0,1.856115107913669
4262.0,1.856115107913669
4263.0,1.856115107913669
4264.0,1.856115107913669
4265.0,1.856115107913669
4266.0,1.856115107913669
4267.0,1.856115107913669
4268.0,1.856115107913669
4269.0,1.856115107913669
4270.0,1.856115107913669
4271.0,1.856115107913669
4272.0,1.856115107913669
4273.0,1.856115107913669
4274.0,1.856115107913669
4275.0,1.856115107913669
4276.0,1.8129496402877698
4277.0,1.856115107913669
4278.0,1.856115107913669
4279.0,1.856115107913669
4280.0,1.856115107913669
4281.0,1.856115107913669
4282.0,1.856115107913669
4283.0,1.856115107913669
4284.0,1.856115107913669
4285.0,1.856115107913669
4286.0,1.8129496402877698
4287.0,1.856115107913669
4288.0,1.856115107913669
4289.0,1.856115107913669
4290.0,1.856115107913669
4291.0,1.856115107913669
4292.0,1.856115107913669
4293.0,1.856115107913669
4294.0,1.856115107913669
4295.0,1.856115107913669
4296.0,1.856115107913669
4297.0,1.856115107913669
4298.0,1.856115107913669
4299.0,1.856115107913669
4300.0,1.856115107913669
4301.0,1.856115107913669
4302.0,1.856115107913669
4303.0,1.856115107913669
4304.0,1.8992805755395685
4305.0,1.856115107913669
4306.0,1.8992805755395685
4307.0,1.856115107913669
4308.0,1.856115107913669
4309.0,1.856115107913669
4310.0,1.856115107913669
4311.0,1.856115107913669
4312.0,1.856115107913669
4313.0,1.856115107913669
4314.0,1.856115107913669
4315.0,1.856115107913669
4316.0,1.856115107913669
4317.0,1.856115107913669
4318.0,1.856115107913669
4319.0,1.856115107913669
4320.0,1.856115107913669
4321.0,1.856115107913669
4322.0,1.856115107913669
4323.0,1.856115107913669
4324.0,1.856115107913669
4325.0,1.856115107913669
4326.0,1.856115107913669
4327.0,1.856115107913669
4328.0,1.856115107913669
4329.0,1.856115107913669
4330.0,1.856115107913669
4331.0,1.856115107913669
4332.0,1.856115107913669
4333.0,1.856115107913669
4334.0,1.856115107913669
4335.0,1.856115107913669
4336.0,1.856115107913669
4337.0,1.856115107913669
4338.0,1.856115107913669
4339.0,1.856115107913669
4340.0,1.856115107913669
4341.0,1.856115107913669
4342.0,1.856115107913669
4343.0,1.856115107913669
4344.0,1.856115107913669
4345.0,1.856115107913669
4346.0,1.856115107913669
4347.0,1.856115107913669
4348.0,1.856115107913669
4349.0,1.856115107913669
4350.0,1.856115107913669
4351.0,1.856115107913669
4352.0,1.856115107913669
4353.0,1.856115107913669
4354.0,1.856115107913669
4355.0,1.8129496402877698
4356.0,1.856115107913669
4357.0,1.856115107913669
4358.0,1.856115107913669
4359.0,1.856115107913669
4360.0,1.856115107913669
4361.0,1.856115107913669
4362.0,1.856115107913669
4363.0,1.856115107913669
4364.0,1.856115107913669
4365.0,1.856115107913669
4366.0,1.856115107913669
4367.0,1.856115107913669
4368.0,1.856115107913669
4369.0,1.856115107913669
4370.0,1.856115107913669
4371.0,1.856115107913669
4372.0,1.856115107913669
4373.0,1.856115107913669
4374.0,1.856115107913669
4375.0,1.856115107913669
4376.0,1.856115107913669
4377.0,1.856115107913669
4378.0,1.856115107913669
4379.0,1.856115107913669
4380.0,1.8129496402877698
4381.0,1.856115107913669
4382.0,1.856115107913669
4383.0,1.856115107913669
4384.0,1.856115107913669
4385.0,1.856115107913669
4386.0,1.856115107913669
4387.0,1.856115107913669
4388.0,1.856115107913669
4389.0,1.856115107913669
4390.0,1.856115107913669
4391.0,1.856115107913669
4392.0,1.856115107913669
4393.0,1.856115107913669
4394.0,1.856115107913669
4395.0,1.856115107913669
4396.0,1.856115107913669
4397.0,1.856115107913669
4398.0,1.856115107913669
4399.0,1.856115107913669
4400.0,1.856115107913669
4401.0,1.856115107913669
4402.0,1.856115107913669
4403.0,1.856115107913669
4404.0,1.856115107913669
4405.0,1.856115107913669
4406.0,1.856115107913669
4407.0,1.856115107913669
4408.0,1.8129496402877698
4409.0,1.856115107913669
4410.0,1.856115107913669
4411.0,1.856115107913669
4412.0,1.856115107913669
4413.0,1.856115107913669
4414.0,1.856115107913669
4415.0,1.856115107913669
4416.0,1.856115107913669
4417.0,1.856115107913669
4418.0,1.856115107913669
4419.0,1.856115107913669
4420.0,1.856115107913669
4421.0,1.8129496402877698
4422.0,1.8129496402877698
4423.0,1.856115107913669
4424.0,1.856115107913669
4425.0,1.856115107913669
4426.0,1.856115107913669
4427.0,1.856115107913669
4428.0,1.856115107913669
4429.0,1.856115107913669
4430.0,1.856115107913669
4431.0,1.856115107913669
4432.0,1.856115107913669
4433.0,1.856115107913669
4434.0,1.856115107913669
4435.0,1.856115107913669
4436.0,1.856115107913669
4437.0,1.856115107913669
4438.0,1.856115107913669
4439.0,1.856115107913669
4440.0,1.856115107913669
4441.0,1.856115107913669
4442.0,1.856115107913669
4443.0,1.856115107913669
4444.0,1.856115107913669
4445.0,1.856115107913669
4446.0,1.856115107913669
4447.0,1.8129496402877698
4448.0,1.856115107913669
4449.0,1.856115107913669
4450.0,1.856115107913669
4451.0,1.856115107913669
4452.0,1.856115107913669
4453.0,1.856115107913669
4454.0,1.856115107913669
4455.0,1.856115107913669
4456.0,1.856115107913669
4457.0,1.856115107913669
4458.0,1.856115107913669
4459.0,1.856115107913669
4460.0,1.856115107913669
4461.0,1.856115107913669
4462.0,1.856115107913669
4463.0,1.856115107913669
4464.0,1.856115107913669
4465.0,1.8129496402877698
4466.0,1.856115107913669
4467.0,1.856115107913669
4468.0,1.856115107913669
4469.0,1.856115107913669
4470.0,1.856115107913669
4471.0,1.856115107913669
4472.0,1.856115107913669
4473.0,1.856115107913669
4474.0,1.8129496402877698
4475.0,1.8129496402877698
4476.0,1.856115107913669
4477.0,1.856115107913669
4478.0,1.856115107913669
4479.0,1.856115107913669
4480.0,1.856115107913669
4481.0,1.856115107913669
4482.0,1.856115107913669
4483.0,1.856115107913669
4484.0,1.856115107913669
4485.0,1.856115107913669
4486.0,1.856115107913669
4487.0,1.856115107913669
4488.0,1.856115107913669
4489.0,1.856115107913669
4490.0,1.856115107913669
4491.0,1.856115107913669
4492.0,1.856115107913669
4493.0,1.856115107913669
4494.0,1.856115107913669
4495.0,1.856115107913669
4496.0,1.856115107913669
4497.0,1.856115107913669
4498.0,1.8129496402877698
4499.0,1.856115107913669
4500.0,1.8129496402877698
4501.0,1.8129496402877698
4502.0,1.856115107913669
4503.0,1.856115107913669
4504.0,1.856115107913669
4505.0,1.8129496402877698
4506.0,1.856115107913669
4507.0,1.856115107913669
4508.0,1.8129496402877698
4509.0,1.856115107913669
4510.0,1.8129496402877698
4511.0,1.856115107913669
4512.0,1.856115107913669
4513.0,1.856115107913669
4514.0,1.856115107913669
4515.0,1.856115107913669
4516.0,1.856115107913669
4517.0,1.856115107913669
4518.0,1.856115107913669
4519.0,1.856115107913669
4520.0,1.856115107913669
4521.0,1.856115107913669
4522.0,1.8129496402877698
4523.0,1.856115107913669
4524.0,1.8129496402877698
4525.0,1.856115107913669
4526.0,1.856115107913669
4527.0,1.856115107913669
4528.0,1.856115107913669
4529.0,1.8129496402877698
4530.0,1.8129496402877698
4531.0,1.856115107913669
4532.0,1.856115107913669
4533.0,1.8129496402877698
4534.0,1.856115107913669
4535.0,1.8129496402877698
4536.0,1.8129496402877698
4537.0,1.8129496402877698
4538.0,1.856115107913669
4539.0,1.8129496402877698
4540.0,1.8129496402877698
4541.0,1.856115107913669
4542.0,1.856115107913669
4543.0,1.8129496402877698
4544.0,1.856115107913669
4545.0,1.856115107913669
4546.0,1.856115107913669
4547.0,1.8129496402877698
4548.0,1.8129496402877698
4549.0,1.856115107913669
4550.0,1.8129496402877698
4551.0,1.8129496402877698
4552.0,1.856115107913669
4553.0,1.856115107913669
4554.0,1.8129496402877698
4555.0,1.8129496402877698
4556.0,1.856115107913669
4557.0,1.856115107913669
4558.0,1.8129496402877698
4559.0,1.856115107913669
4560.0,1.8129496402877698
4561.0,1.856115107913669
4562.0,1.856115107913669
4563.0,1.8129496402877698
4564.0,1.856115107913669
4565.0,1.8129496402877698
4566.0,1.8129496402877698
4567.0,1.856115107913669
4568.0,1.8129496402877698
4569.0,1.856115107913669
4570.0,1.856115107913669
4571.0,1.856115107913669
4572.0,1.856115107913669
4573.0,1.856115107913669
4574.0,1.8129496402877698
4575.0,1.856115107913669
4576.0,1.8129496402877698
4577.0,1.856115107913669
4578.0,1.856115107913669
4579.0,1.8129496402877698
4580.0,1.8129496402877698
4581.0,1.856115107913669
4582.0,1.856115107913669
4583.0,1.8129496402877698
4584.0,1.856115107913669
4585.0,1.8129496402877698
4586.0,1.856115107913669
4587.0,1.856115107913669
4588.0,1.8129496402877698
4589.0,1.856115107913669
4590.0,1.8129496402877698
4591.0,1.8129496402877698
4592.0,1.8129496402877698
4593.0,1.8129496402877698
4594.0,1.856115107913669
4595.0,1.856115107913669
4596.0,1.856115107913669
4597.0,1.8129496402877698
4598.0,1.856115107913669
4599.0,1.856115107913669
4600.0,1.8129496402877698
4601.0,1.8129496402877698
4602.0,1.8129496402877698
4603.0,1.856115107913669
4604.0,1.8129496402877698
4605.0,1.856115107913669
4606.0,1.8129496402877698
4607.0,1.856115107913669
4608.0,1.8129496402877698
4609.0,1.856115107913669
4610.0,1.8129496402877698
4611.0,1.856115107913669
4612.0,1.8129496402877698
4613.0,1.856115107913669
4614.0,1.8129496402877698
4615.0,1.856115107913669
4616.0,1.856115107913669
4617.0,1.856115107913669
4618.0,1.856115107913669
4619.0,1.856115107913669
4620.0,1.856115107913669
4621.0,1.856115107913669
4622.0,1.7697841726618706
4623.0,1.8129496402877698
4624.0,1.8129496402877698
4625.0,1.8129496402877698
4626.0,1.8129496402877698
4627.0,1.8129496402877698
4628.0,1.8129496402877698
4629.0,1.8129496402877698
4630.0,1.8129496402877698
4631.0,1.856115107913669
4632.0,1.8129496402877698
4633.0,1.8129496402877698
4634.0,1.856115107913669
4635.0,1.8129496402877698
4636.0,1.856115107913669
4637.0,1.8129496402877698
4638.0,1.856115107913669
4639.0,1.856115107913669
4640.0,1.856115107913669
4641.0,1.856115107913669
4642.0,1.8129496402877698
4643.0,1.8129496402877698
4644.0,1.856115107913669
4645.0,1.8129496402877698
4646.0,1.8129496402877698
4647.0,1.856115107913669
4648.0,1.8129496402877698
4649.0,1.8129496402877698
4650.0,1.7697841726618706
4651.0,1.8129496402877698
4652.0,1.8129496402877698
4653.0,1.8129496402877698
4654.0,1.7697841726618706
4655.0,1.8129496402877698
4656.0,1.856115107913669
4657.0,1.856115107913669
4658.0,1.8129496402877698
4659.0,1.856115107913669
4660.0,1.8129496402877698
4661.0,1.8129496402877698
4662.0,1.8129496402877698
4663.0,1.856115107913669
4664.0,1.856115107913669
4665.0,1.856115107913669
4666.0,1.856115107913669
4667.0,1.8129496402877698
4668.0,1.8129496402877698
4669.0,1.8129496402877698
4670.0,1.8129496402877698
4671.0,1.856115107913669
4672.0,1.7697841726618706
4673.0,1.8129496402877698
4674.0,1.7697841726618706
4675.0,1.8129496402877698
4676.0,1.7697841726618706
4677.0,1.8129496402877698
4678.0,1.856115107913669
4679.0,1.8129496402877698
4680.0,1.8129496402877698
4681.0,1.856115107913669
4682.0,1.8129496402877698
4683.0,1.856115107913669
4684.0,1.8129496402877698
4685.0,1.8129496402877698
4686.0,1.856115107913669
4687.0,1.8129496402877698
4688.0,1.8129496402877698
4689.0,1.8129496402877698
4690.0,1.8129496402877698
4691.0,1.8129496402877698
4692.0,1.8129496402877698
4693.0,1.8129496402877698
4694.0,1.8129496402877698
4695.0,1.8129496402877698
4696.0,1.8129496402877698
4697.0,1.8129496402877698
4698.0,1.8129496402877698
4699.0,1.8129496402877698
4700.0,1.8129496402877698
4701.0,1.7697841726618706
4702.0,1.8129496402877698
4703.0,1.856115107913669
4704.0,1.7697841726618706
4705.0,1.856115107913669
4706.0,1.856115107913669
4707.0,1.8129496402877698
4708.0,1.8129496402877698
4709.0,1.8129496402877698
4710.0,1.8129496402877698
4711.0,1.856115107913669
4712.0,1.8129496402877698
4713.0,1.8129496402877698
4714.0,1.856115107913669
4715.0,1.8129496402877698
4716.0,1.856115107913669
4717.0,1.8129496402877698
4718.0,1.8129496402877698
4719.0,1.8129496402877698
4720.0,1.8129496402877698
4721.0,1.8129496402877698
4722.0,1.7697841726618706
4723.0,1.8129496402877698
4724.0,1.8129496402877698
4725.0,1.7697841726618706
4726.0,1.8129496402877698
4727.0,1.8129496402877698
4728.0,1.8129496402877698
4729.0,1.7697841726618706
4730.0,1.7697841726618706
4731.0,1.8129496402877698
4732.0,1.8129496402877698
4733.0,1.856115107913669
4734.0,1.8129496402877698
4735.0,1.8129496402877698
4736.0,1.8129496402877698
4737.0,1.8129496402877698
4738.0,1.8129496402877698
4739.0,1.8129496402877698
4740.0,1.7697841726618706
4741.0,1.8129496402877698
4742.0,1.8129496402877698
4743.0,1.8129496402877698
4744.0,1.8129496402877698
4745.0,1.7697841726618706
4746.0,1.8129496402877698
4747.0,1.7697841726618706
4748.0,1.8129496402877698
4749.0,1.8129496402877698
4750.0,1.8129496402877698
4751.0,1.7697841726618706
4752.0,1.8129496402877698
4753.0,1.7697841726618706
4754.0,1.7697841726618706
4755.0,1.8129496402877698
4756.0,1.8129496402877698
4757.0,1.7697841726618706
4758.0,1.7697841726618706
4759.0,1.7697841726618706
4760.0,1.7697841726618706
4761.0,1.7697841726618706
4762.0,1.7697841726618706
4763.0,1.7697841726618706
4764.0,1.7697841726618706
4765.0,1.7697841726618706
4766.0,1.7697841726618706
4767.0,1.8129496402877698
4768.0,1.7697841726618706
4769.0,1.8129496402877698
4770.0,1.7697841726618706
4771.0,1.8129496402877698
4772.0,1.7697841726618706
4773.0,1.8129496402877698
4774.0,1.8129496402877698
4775.0,1.7697841726618706
4776.0,1.8129496402877698
4777.0,1.8129496402877698
4778.0,1.7697841726618706
4779.0,1.8129496402877698
4780.0,1.8129496402877698
4781.0,1.8129496402877698
4782.0,1.8129496402877698
4783.0,1.7697841726618706
4784.0,1.8129496402877698
4785.0,1.8129496402877698
4786.0,1.8129496402877698
4787.0,1.7697841726618706
4788.0,1.8129496402877698
4789.0,1.8129496402877698
4790.0,1.7697841726618706
4791.0,1.7697841726618706
4792.0,1.8129496402877698
4793.0,1.7697841726618706
4794.0,1.8129496402877698
4795.0,1.8129496402877698
4796.0,1.8129496402877698
4797.0,1.7697841726618706
4798.0,1.8129496402877698
4799.0,1.8129496402877698
4800.0,1.7697841726618706
4801.0,1.8129496402877698
4802.0,1.8129496402877698
4803.0,1.8129496402877698
4804.0,1.8129496402877698
4805.0,1.7697841726618706
4806.0,1.7697841726618706
4807.0,1.8129496402877698
4808.0,1.7697841726618706
4809.0,1.8129496402877698
4810.0,1.8129496402877698
4811.0,1.8129496402877698
4812.0,1.7697841726618706
4813.0,1.8129496402877698
4814.0,1.7697841726618706
4815.0,1.8129496402877698
4816.0,1.7697841726618706
4817.0,1.8129496402877698
4818.0,1.7697841726618706
4819.0,1.8129496402877698
4820.0,1.8129496402877698
4821.0,1.8129496402877698
4822.0,1.7697841726618706
4823.0,1.8129496402877698
4824.0,1.8129496402877698
4825.0,1.7697841726618706
4826.0,1.7697841726618706
4827.0,1.8129496402877698
4828.0,1.7697841726618706
4829.0,1.7697841726618706
4830.0,1.8129496402877698
4831.0,1.7697841726618706
4832.0,1.8129496402877698
4833.0,1.8129496402877698
4834.0,1.8129496402877698
4835.0,1.7697841726618706
4836.0,1.7697841726618706
4837.0,1.7697841726618706
4838.0,1.8129496402877698
4839.0,1.7697841726618706
4840.0,1.8129496402877698
4841.0,1.7697841726618706
4842.0,1.7697841726618706
4843.0,1.7697841726618706
4844.0,1.7697841726618706
4845.0,1.7697841726618706
4846.0,1.8129496402877698
4847.0,1.8129496402877698
4848.0,1.7697841726618706
4849.0,1.8129496402877698
4850.0,1.7697841726618706
4851.0,1.7697841726618706
4852.0,1.7697841726618706
4853.0,1.8129496402877698
4854.0,1.7697841726618706
4855.0,1.7697841726618706
4856.0,1.7697841726618706
4857.0,1.7697841726618706
4858.0,1.8129496402877698
4859.0,1.8129496402877698
4860.0,1.8129496402877698
4861.0,1.7697841726618706
4862.0,1.7697841726618706
4863.0,1.7697841726618706
4864.0,1.7697841726618706
4865.0,1.7697841726618706
4866.0,1.7697841726618706
4867.0,1.8129496402877698
4868.0,1.7697841726618706
4869.0,1.7697841726618706
4870.0,1.7697841726618706
4871.0,1.8129496402877698
4872.0,1.7697841726618706
4873.0,1.7697841726618706
4874.0,1.7697841726618706
4875.0,1.7697841726618706
4876.0,1.7697841726618706
4877.0,1.8129496402877698
4878.0,1.8129496402877698
4879.0,1.7697841726618706
4880.0,1.7697841726618706
4881.0,1.7697841726618706
4882.0,1.7697841726618706
4883.0,1.7697841726618706
4884.0,1.7697841726618706
4885.0,1.7697841726618706
4886.0,1.7697841726618706
4887.0,1.8129496402877698
4888.0,1.7697841726618706
4889.0,1.7697841726618706
4890.0,1.7697841726618706
4891.0,1.7697841726618706
4892.0,1.7697841726618706
4893.0,1.7697841726618706
4894.0,1.7697841726618706
4895.0,1.8129496402877698
4896.0,1.8129496402877698
4897.0,1.7697841726618706
4898.0,1.7697841726618706
4899.0,1.7697841726618706
4900.0,1.7697841726618706
4901.0,1.7697841726618706
4902.0,1.7697841726618706
4903.0,1.7697841726618706
4904.0,1.7697841726618706
4905.0,1.7697841726618706
4906.0,1.7697841726618706
4907.0,1.7697841726618706
4908.0,1.7697841726618706
4909.0,1.7697841726618706
4910.0,1.7697841726618706
4911.0,1.7697841726618706
4912.0,1.7697841726618706
4913.0,1.7697841726618706
4914.0,1.7697841726618706
4915.0,1.7697841726618706
4916.0,1.7697841726618706
4917.0,1.7697841726618706
4918.0,1.7697841726618706
4919.0,1.8129496402877698
4920.0,1.7697841726618706
4921.0,1.7697841726618706
4922.0,1.7697841726618706
4923.0,1.7697841726618706
4924.0,1.7697841726618706
4925.0,1.7697841726618706
4926.0,1.8129496402877698
4927.0,1.7697841726618706
4928.0,1.8129496402877698
4929.0,1.7697841726618706
4930.0,1.7697841726618706
4931.0,1.7697841726618706
4932.0,1.7697841726618706
4933.0,1.7697841726618706
4934.0,1.7697841726618706
4935.0,1.7697841726618706
4936.0,1.7697841726618706
4937.0,1.7697841726618706
4938.0,1.7697841726618706
4939.0,1.7697841726618706
4940.0,1.7697841726618706
4941.0,1.7697841726618706
4942.0,1.7697841726618706
4943.0,1.7697841726618706
4944.0,1.8129496402877698
4945.0,1.7697841726618706
4946.0,1.7697841726618706
4947.0,1.7697841726618706
4948.0,1.7697841726618706
4949.0,1.7697841726618706
4950.0,1.7697841726618706
4951.0,1.8129496402877698
4952.0,1.7697841726618706
4953.0,1.7697841726618706
4954.0,1.7697841726618706
4955.0,1.7697841726618706
4956.0,1.7697841726618706
4957.0,1.7697841726618706
4958.0,1.7697841726618706
4959.0,1.8129496402877698
4960.0,1.7697841726618706
4961.0,1.7697841726618706
4962.0,1.7697841726618706
4963.0,1.8129496402877698
4964.0,1.7697841726618706
4965.0,1.7697841726618706
4966.0,1.8129496402877698
4967.0,1.7697841726618706
4968.0,1.7697841726618706
4969.0,1.7697841726618706
4970.0,1.7697841726618706
4971.0,1.7697841726618706
4972.0,1.7697841726618706
4973.0,1.7697841726618706
4974.0,1.7697841726618706
4975.0,1.7697841726618706
4976.0,1.7697841726618706
4977.0,1.7697841726618706
4978.0,1.7697841726618706
4979.0,1.7697841726618706
4980.0,1.7697841726618706
4981.0,1.7697841726618706
4982.0,1.7697841726618706
4983.0,1.7697841726618706
4984.0,1.7697841726618706
4985.0,1.7697841726618706
4986.0,1.7697841726618706
4987.0,1.7697841726618706
4988.0,1.7697841726618706
4989.0,1.7266187050359714
4990.0,1.7697841726618706
4991.0,1.7697841726618706
4992.0,1.7697841726618706
4993.0,1.7697841726618706
4994.0,1.7697841726618706
4995.0,1.7697841726618706
4996.0,1.7697841726618706
4997.0,1.7697841726618706
4998.0,1.7697841726618706
4999.0,1.7697841726618706
5000.0,1.7697841726618706
5001.0,1.7697841726618706
5002.0,1.7697841726618706
5003.0,1.7697841726618706
5004.0,1.7697841726618706
5005.0,1.7697841726618706
5006.0,1.7697841726618706
5007.0,1.7697841726618706
5008.0,1.7697841726618706
5009.0,1.7697841726618706
5010.0,1.7697841726618706
5011.0,1.7697841726618706
5012.0,1.7697841726618706
5013.0,1.7697841726618706
5014.0,1.7697841726618706
5015.0,1.7697841726618706
5016.0,1.7697841726618706
5017.0,1.7697841726618706
5018.0,1.7697841726618706
5019.0,1.7697841726618706
5020.0,1.7697841726618706
5021.0,1.7697841726618706
5022.0,1.7697841726618706
5023.0,1.7697841726618706
5024.0,1.7697841726618706
5025.0,1.7697841726618706
5026.0,1.7697841726618706
5027.0,1.7697841726618706
5028.0,1.7697841726618706
5029.0,1.7697841726618706
5030.0,1.7697841726618706
5031.0,1.7697841726618706
5032.0,1.7697841726618706
5033.0,1.7697841726618706
5034.0,1.7697841726618706
5035.0,1.7697841726618706
5036.0,1.7697841726618706
5037.0,1.7697841726618706
5038.0,1.7697841726618706
5039.0,1.7697841726618706
5040.0,1.7697841726618706
5041.0,1.7697841726618706
5042.0,1.7697841726618706
5043.0,1.7697841726618706
5044.0,1.7697841726618706
5045.0,1.7697841726618706
5046.0,1.7697841726618706
5047.0,1.7697841726618706
5048.0,1.7697841726618706
5049.0,1.7697841726618706
5050.0,1.7697841726618706
5051.0,1.7697841726618706
5052.0,1.7697841726618706
5053.0,1.7697841726618706
5054.0,1.7697841726618706
5055.0,1.7697841726618706
5056.0,1.7697841726618706
5057.0,1.7697841726618706
5058.0,1.7697841726618706
5059.0,1.7697841726618706
5060.0,1.7697841726618706
5061.0,1.7697841726618706
5062.0,1.7697841726618706
5063.0,1.7697841726618706
5064.0,1.7697841726618706
5065.0,1.7697841726618706
5066.0,1.7697841726618706
5067.0,1.7697841726618706
5068.0,1.7697841726618706
5069.0,1.7697841726618706
5070.0,1.7697841726618706
5071.0,1.7697841726618706
5072.0,1.7697841726618706
5073.0,1.7697841726618706
5074.0,1.7697841726618706
5075.0,1.7697841726618706
5076.0,1.7697841726618706
5077.0,1.7697841726618706
5078.0,1.7697841726618706
5079.0,1.7697841726618706
5080.0,1.7697841726618706
5081.0,1.7697841726618706
5082.0,1.7697841726618706
5083.0,1.7697841726618706
5084.0,1.7697841726618706
5085.0,1.7697841726618706
5086.0,1.7697841726618706
5087.0,1.7697841726618706
5088.0,1.7697841726618706
5089.0,1.7697841726618706
5090.0,1.7697841726618706
5091.0,1.7697841726618706
5092.0,1.7697841726618706
5093.0,1.7697841726618706
5094.0,1.7697841726618706
5095.0,1.7697841726618706
5096.0,1.7697841726618706
5097.0,1.7697841726618706
5098.0,1.7697841726618706
5099.0,1.7697841726618706
5100.0,1.7697841726618706
5101.0,1.7697841726618706
5102.0,1.7697841726618706
5103.0,1.7697841726618706
5104.0,1.7697841726618706
5105.0,1.7697841726618706
5106.0,1.7697841726618706
5107.0,1.7697841726618706
5108.0,1.7697841726618706
5109.0,1.7697841726618706
5110.0,1.7697841726618706
5111.0,1.7697841726618706
5112.0,1.7697841726618706
5113.0,1.7697841726618706
5114.0,1.7697841726618706
5115.0,1.7697841726618706
5116.0,1.7697841726618706
5117.0,1.7697841726618706
5118.0,1.7697841726618706
5119.0,1.7697841726618706
5120.0,1.7697841726618706
5121.0,1.7697841726618706
5122.0,1.7697841726618706
5123.0,1.7697841726618706
5124.0,1.7697841726618706
5125.0,1.7697841726618706
5126.0,1.7697841726618706
5127.0,1.7697841726618706
5128.0,1.7697841726618706
5129.0,1.7266187050359714
5130.0,1.7697841726618706
5131.0,1.7697841726618706
5132.0,1.7697841726618706
5133.0,1.7697841726618706
5134.0,1.7697841726618706
5135.0,1.7697841726618706
5136.0,1.7697841726618706
5137.0,1.7697841726618706
5138.0,1.7697841726618706
5139.0,1.7697841726618706
5140.0,1.7697841726618706
5141.0,1.7697841726618706
5142.0,1.7697841726618706
5143.0,1.7697841726618706
5144.0,1.7697841726618706
5145.0,1.7697841726618706
5146.0,1.7697841726618706
5147.0,1.7697841726618706
5148.0,1.7697841726618706
5149.0,1.7697841726618706
5150.0,1.7266187050359714
5151.0,1.7697841726618706
5152.0,1.7697841726618706
5153.0,1.7697841726618706
5154.0,1.7697841726618706
5155.0,1.7697841726618706
5156.0,1.7697841726618706
5157.0,1.7697841726618706
5158.0,1.7697841726618706
5159.0,1.7697841726618706
5160.0,1.7697841726618706
5161.0,1.7266187050359714
5162.0,1.7697841726618706
5163.0,1.7697841726618706
5164.0,1.7697841726618706
5165.0,1.7697841726618706
5166.0,1.7697841726618706
5167.0,1.7697841726618706
5168.0,1.7697841726618706
5169.0,1.7697841726618706
5170.0,1.7697841726618706
5171.0,1.7697841726618706
5172.0,1.7697841726618706
5173.0,1.7697841726618706
5174.0,1.7697841726618706
5175.0,1.7697841726618706
5176.0,1.7697841726618706
5177.0,1.7266187050359714
5178.0,1.7697841726618706
5179.0,1.7697841726618706
5180.0,1.7697841726618706
5181.0,1.7697841726618706
5182.0,1.7697841726618706
5183.0,1.7697841726618706
5184.0,1.7697841726618706
5185.0,1.7697841726618706
5186.0,1.7697841726618706
5187.0,1.7697841726618706
5188.0,1.7697841726618706
5189.0,1.7697841726618706
5190.0,1.7697841726618706
5191.0,1.7697841726618706
5192.0,1.7697841726618706
5193.0,1.7266187050359714
5194.0,1.7697841726618706
5195.0,1.7697841726618706
5196.0,1.7266187050359714
5197.0,1.7697841726618706
5198.0,1.7697841726618706
5199.0,1.7697841726618706
5200.0,1.7697841726618706
5201.0,1.7697841726618706
5202.0,1.7697841726618706
5203.0,1.7697841726618706
5204.0,1.7697841726618706
5205.0,1.7697841726618706
5206.0,1.7697841726618706
5207.0,1.7697841726618706
5208.0,1.7697841726618706
5209.0,1.7697841726618706
5210.0,1.7266187050359714
5211.0,1.7697841726618706
5212.0,1.7697841726618706
5213.0,1.7697841726618706
5214.0,1.7697841726618706
5215.0,1.7697841726618706
5216.0,1.7697841726618706
5217.0,1.7697841726618706
5218.0,1.7266187050359714
5219.0,1.7697841726618706
5220.0,1.7697841726618706
5221.0,1.7266187050359714
5222.0,1.7697841726618706
5223.0,1.7697841726618706
5224.0,1.7697841726618706
5225.0,1.7697841726618706
5226.0,1.7697841726618706
5227.0,1.7697841726618706
5228.0,1.7697841726618706
5229.0,1.7266187050359714
5230.0,1.7697841726618706
5231.0,1.7266187050359714
5232.0,1.7697841726618706
5233.0,1.7697841726618706
5234.0,1.7697841726618706
5235.0,1.7697841726618706
5236.0,1.7697841726618706
5237.0,1.7697841726618706
5238.0,1.7697841726618706
5239.0,1.7697841726618706
5240.0,1.7697841726618706
5241.0,1.7697841726618706
5242.0,1.7697841726618706
5243.0,1.7697841726618706
5244.0,1.7697841726618706
5245.0,1.7697841726618706
5246.0,1.7697841726618706
5247.0,1.7697841726618706
5248.0,1.7697841726618706
5249.0,1.7266187050359714
5250.0,1.7266187050359714
5251.0,1.7697841726618706
5252.0,1.7697841726618706
5253.0,1.7697841726618706
5254.0,1.7697841726618706
5255.0,1.7697841726618706
5256.0,1.7697841726618706
5257.0,1.7266187050359714
5258.0,1.7697841726618706
5259.0,1.7697841726618706
5260.0,1.7266187050359714
5261.0,1.7697841726618706
5262.0,1.7697841726618706
5263.0,1.7697841726618706
5264.0,1.7697841726618706
5265.0,1.7697841726618706
5266.0,1.7697841726618706
5267.0,1.7266187050359714
5268.0,1.7266187050359714
5269.0,1.7697841726618706
5270.0,1.7697841726618706
5271.0,1.7266187050359714
5272.0,1.7266187050359714
5273.0,1.7266187050359714
5274.0,1.7697841726618706
5275.0,1.7266187050359714
5276.0,1.7697841726618706
5277.0,1.7266187050359714
5278.0,1.7697841726618706
5279.0,1.7697841726618706
5280.0,1.7697841726618706
5281.0,1.7697841726618706
5282.0,1.7697841726618706
5283.0,1.7697841726618706
5284.0,1.7697841726618706
5285.0,1.7266187050359714
5286.0,1.7697841726618706
5287.0,1.7697841726618706
5288.0,1.7697841726618706
5289.0,1.6834532374100721
5290.0,1.7697841726618706
5291.0,1.7697841726618706
5292.0,1.7697841726618706
5293.0,1.7697841726618706
5294.0,1.7697841726618706
5295.0,1.7697841726618706
5296.0,1.7266187050359714
5297.0,1.7266187050359714
5298.0,1.7697841726618706
5299.0,1.7266187050359714
5300.0,1.7697841726618706
5301.0,1.7697841726618706
5302.0,1.7266187050359714
5303.0,1.7697841726618706
5304.0,1.7697841726618706
5305.0,1.7697841726618706
5306.0,1.7266187050359714
5307.0,1.7266187050359714
5308.0,1.7697841726618706
5309.0,1.7266187050359714
5310.0,1.7266187050359714
5311.0,1.7266187050359714
5312.0,1.7266187050359714
5313.0,1.7697841726618706
5314.0,1.7266187050359714
5315.0,1.7266187050359714
5316.0,1.7697841726618706
5317.0,1.7266187050359714
5318.0,1.7266187050359714
5319.0,1.7697841726618706
5320.0,1.7697841726618706
5321.0,1.7266187050359714
5322.0,1.7697841726618706
5323.0,1.7697841726618706
5324.0,1.7697841726618706
5325.0,1.7266187050359714
5326.0,1.7697841726618706
5327.0,1.7697841726618706
5328.0,1.7697841726618706
5329.0,1.7697841726618706
5330.0,1.7697841726618706
5331.0,1.7266187050359714
5332.0,1.7697841726618706
5333.0,1.7697841726618706
5334.0,1.7266187050359714
5335.0,1.7266187050359714
5336.0,1.7266187050359714
5337.0,1.7697841726618706
5338.0,1.7697841726618706
5339.0,1.7266187050359714
5340.0,1.7697841726618706
5341.0,1.7266187050359714
5342.0,1.7697841726618706
5343.0,1.6834532374100721
5344.0,1.7697841726618706
5345.0,1.7266187050359714
5346.0,1.7266187050359714
5347.0,1.7266187050359714
5348.0,1.7697841726618706
5349.0,1.7697841726618706
5350.0,1.7697841726618706
5351.0,1.7266187050359714
5352.0,1.7266187050359714
5353.0,1.7266187050359714
5354.0,1.7266187050359714
5355.0,1.7697841726618706
5356.0,1.6834532374100721
5357.0,1.7697841726618706
5358.0,1.7697841726618706
5359.0,1.7697841726618706
5360.0,1.7266187050359714
5361.0,1.7697841726618706
5362.0,1.7697841726618706
5363.0,1.7266187050359714
5364.0,1.7266187050359714
5365.0,1.7266187050359714
5366.0,1.7697841726618706
5367.0,1.7266187050359714
5368.0,1.7266187050359714
5369.0,1.7697841726618706
5370.0,1.7697841726618706
5371.0,1.7266187050359714
5372.0,1.7266187050359714
5373.0,1.7266187050359714
5374.0,1.7697841726618706
5375.0,1.7266187050359714
5376.0,1.7697841726618706
5377.0,1.7697841726618706
5378.0,1.7697841726618706
5379.0,1.7266187050359714
5380.0,1.7697841726618706
5381.0,1.7266187050359714
5382.0,1.7697841726618706
5383.0,1.7697841726618706
5384.0,1.7266187050359714
5385.0,1.7697841726618706
5386.0,1.7697841726618706
5387.0,1.7697841726618706
5388.0,1.7697841726618706
5389.0,1.7266187050359714
5390.0,1.7697841726618706
5391.0,1.7697841726618706
5392.0,1.6834532374100721
5393.0,1.7266187050359714
5394.0,1.7697841726618706
5395.0,1.7266187050359714
5396.0,1.7266187050359714
5397.0,1.7266187050359714
5398.0,1.7697841726618706
5399.0,1.7697841726618706
5400.0,1.7697841726618706
5401.0,1.7266187050359714
5402.0,1.7697841726618706
5403.0,1.7697841726618706
5404.0,1.7266187050359714
5405.0,1.7697841726618706
5406.0,1.7266187050359714
5407.0,1.7266187050359714
5408.0,1.7697841726618706
5409.0,1.7266187050359714
5410.0,1.7266187050359714
5411.0,1.7697841726618706
5412.0,1.7697841726618706
5413.0,1.7266187050359714
5414.0,1.7266187050359714
5415.0,1.7266187050359714
5416.0,1.7266187050359714
5417.0,1.6834532374100721
5418.0,1.7266187050359714
5419.0,1.7266187050359714
5420.0,1.7266187050359714
5421.0,1.7266187050359714
5422.0,1.7266187050359714
5423.0,1.7266187050359714
5424.0,1.7697841726618706
5425.0,1.7266187050359714
5426.0,1.7697841726618706
5427.0,1.7266187050359714
5428.0,1.7266187050359714
5429.0,1.7697841726618706
5430.0,1.7697841726618706
5431.0,1.6834532374100721
5432.0,1.7697841726618706
5433.0,1.7697841726618706
5434.0,1.7697841726618706
5435.0,1.7266187050359714
5436.0,1.7266187050359714
5437.0,1.7266187050359714
5438.0,1.7266187050359714
5439.0,1.7266187050359714
5440.0,1.7266187050359714
5441.0,1.7697841726618706
5442.0,1.7266187050359714
5443.0,1.7266187050359714
5444.0,1.7697841726618706
5445.0,1.7266187050359714
5446.0,1.7266187050359714
5447.0,1.7266187050359714
5448.0,1.7697841726618706
5449.0,1.7266187050359714
5450.0,1.7266187050359714
5451.0,1.7266187050359714
5452.0,1.7266187050359714
5453.0,1.7266187050359714
5454.0,1.7266187050359714
5455.0,1.6834532374100721
5456.0,1.7266187050359714
5457.0,1.7266187050359714
5458.0,1.7266187050359714
5459.0,1.7266187050359714
5460.0,1.6834532374100721
5461.0,1.7266187050359714
5462.0,1.7266187050359714
5463.0,1.7697841726618706
5464.0,1.6834532374100721
5465.0,1.7266187050359714
5466.0,1.7266187050359714
5467.0,1.6834532374100721
5468.0,1.7697841726618706
5469.0,1.7266187050359714
5470.0,1.7266187050359714
5471.0,1.6834532374100721
5472.0,1.7266187050359714
5473.0,1.7266187050359714
5474.0,1.7266187050359714
5475.0,1.7266187050359714
5476.0,1.6834532374100721
5477.0,1.7266187050359714
5478.0,1.7266187050359714
5479.0,1.7266187050359714
5480.0,1.7697841726618706
5481.0,1.7266187050359714
5482.0,1.7266187050359714
5483.0,1.7266187050359714
5484.0,1.7697841726618706
5485.0,1.7266187050359714
5486.0,1.7266187050359714
5487.0,1.7266187050359714
5488.0,1.6834532374100721
5489.0,1.6834532374100721
5490.0,1.7266187050359714
5491.0,1.7266187050359714
5492.0,1.6834532374100721
5493.0,1.6834532374100721
5494.0,1.7266187050359714
5495.0,1.7266187050359714
5496.0,1.7266187050359714
5497.0,1.7266187050359714
5498.0,1.7697841726618706
5499.0,1.7266187050359714
5500.0,1.7697841726618706
5501.0,1.7266187050359714
5502.0,1.7697841726618706
5503.0,1.7266187050359714
5504.0,1.7266187050359714
5505.0,1.7266187050359714
5506.0,1.7266187050359714
5507.0,1.6834532374100721
5508.0,1.7266187050359714
5509.0,1.6834532374100721
5510.0,1.6834532374100721
5511.0,1.6834532374100721
5512.0,1.7266187050359714
5513.0,1.6834532374100721
5514.0,1.7266187050359714
5515.0,1.7697841726618706
5516.0,1.7266187050359714
5517.0,1.6834532374100721
5518.0,1.7266187050359714
5519.0,1.7266187050359714
5520.0,1.7266187050359714
5521.0,1.6834532374100721
5522.0,1.7266187050359714
5523.0,1.7266187050359714
5524.0,1.7266187050359714
5525.0,1.7266187050359714
5526.0,1.7697841726618706
5527.0,1.6834532374100721
5528.0,1.7266187050359714
5529.0,1.7266187050359714
5530.0,1.6834532374100721
5531.0,1.6834532374100721
5532.0,1.7266187050359714
5533.0,1.7266187050359714
5534.0,1.7697841726618706
5535.0,1.7266187050359714
5536.0,1.6834532374100721
5537.0,1.6834532374100721
5538.0,1.6834532374100721
5539.0,1.7266187050359714
5540.0,1.7266187050359714
5541.0,1.7266187050359714
5542.0,1.7266187050359714
5543.0,1.7266187050359714
5544.0,1.7266187050359714
5545.0,1.7266187050359714
5546.0,1.7266187050359714
5547.0,1.7266187050359714
5548.0,1.7697841726618706
5549.0,1.6834532374100721
5550.0,1.6834532374100721
5551.0,1.7266187050359714
5552.0,1.7266187050359714
5553.0,1.6834532374100721
5554.0,1.7266187050359714
5555.0,1.6834532374100721
5556.0,1.7266187050359714
5557.0,1.7266187050359714
5558.0,1.7266187050359714
5559.0,1.7266187050359714
5560.0,1.6834532374100721
5561.0,1.6834532374100721
5562.0,1.7266187050359714
5563.0,1.6834532374100721
5564.0,1.7266187050359714
5565.0,1.7266187050359714
5566.0,1.7266187050359714
5567.0,1.7266187050359714
5568.0,1.7697841726618706
5569.0,1.7266187050359714
5570.0,1.7266187050359714
5571.0,1.7266187050359714
5572.0,1.7266187050359714
5573.0,1.7266187050359714
5574.0,1.7266187050359714
5575.0,1.7266187050359714
5576.0,1.7266187050359714
5577.0,1.6834532374100721
5578.0,1.7266187050359714
5579.0,1.7266187050359714
5580.0,1.7266187050359714
5581.0,1.7266187050359714
5582.0,1.7266187050359714
5583.0,1.6834532374100721
5584.0,1.6834532374100721
5585.0,1.6834532374100721
5586.0,1.6834532374100721
5587.0,1.6834532374100721
5588.0,1.6834532374100721
5589.0,1.7266187050359714
5590.0,1.7266187050359714
5591.0,1.6834532374100721
5592.0,1.6834532374100721
5593.0,1.7266187050359714
5594.0,1.7266187050359714
5595.0,1.6834532374100721
5596.0,1.7266187050359714
5597.0,1.6834532374100721
5598.0,1.6834532374100721
5599.0,1.7266187050359714
5600.0,1.7266187050359714
5601.0,1.6834532374100721
5602.0,1.6834532374100721
5603.0,1.7266187050359714
5604.0,1.6834532374100721
5605.0,1.7266187050359714
5606.0,1.6834532374100721
5607.0,1.6834532374100721
5608.0,1.7266187050359714
5609.0,1.6834532374100721
5610.0,1.6834532374100721
5611.0,1.7266187050359714
5612.0,1.7266187050359714
5613.0,1.6834532374100721
5614.0,1.6834532374100721
5615.0,1.7266187050359714
5616.0,1.6834532374100721
5617.0,1.6834532374100721
5618.0,1.7266187050359714
5619.0,1.6834532374100721
5620.0,1.6834532374100721
5621.0,1.7266187050359714
5622.0,1.7266187050359714
5623.0,1.7266187050359714
5624.0,1.6834532374100721
5625.0,1.6834532374100721
5626.0,1.7266187050359714
5627.0,1.6834532374100721
5628.0,1.6834532374100721
5629.0,1.6834532374100721
5630.0,1.7266187050359714
5631.0,1.6834532374100721
5632.0,1.7266187050359714
5633.0,1.6834532374100721
5634.0,1.6834532374100721
5635.0,1.6834532374100721
5636.0,1.6834532374100721
5637.0,1.7266187050359714
5638.0,1.7266187050359714
5639.0,1.6834532374100721
5640.0,1.7266187050359714
5641.0,1.6834532374100721
5642.0,1.6834532374100721
5643.0,1.7266187050359714
5644.0,1.6834532374100721
5645.0,1.7266187050359714
5646.0,1.7266187050359714
5647.0,1.7266187050359714
5648.0,1.7697841726618706
5649.0,1.7266187050359714
5650.0,1.7266187050359714
5651.0,1.6834532374100721
5652.0,1.6834532374100721
5653.0,1.7266187050359714
5654.0,1.7266187050359714
5655.0,1.6834532374100721
5656.0,1.6834532374100721
5657.0,1.7266187050359714
5658.0,1.7266187050359714
5659.0,1.6834532374100721
5660.0,1.6834532374100721
5661.0,1.7266187050359714
5662.0,1.6834532374100721
5663.0,1.6834532374100721
5664.0,1.6834532374100721
5665.0,1.6834532374100721
5666.0,1.7266187050359714
5667.0,1.6834532374100721
5668.0,1.7266187050359714
5669.0,1.7266187050359714
5670.0,1.7266187050359714
5671.0,1.7266187050359714
5672.0,1.6834532374100721
5673.0,1.7266187050359714
5674.0,1.6834532374100721
5675.0,1.6834532374100721
5676.0,1.6834532374100721
5677.0,1.6834532374100721
5678.0,1.6834532374100721
5679.0,1.7266187050359714
5680.0,1.7266187050359714
5681.0,1.6834532374100721
5682.0,1.7266187050359714
5683.0,1.6834532374100721
5684.0,1.6834532374100721
5685.0,1.6834532374100721
5686.0,1.7266187050359714
5687.0,1.6834532374100721
5688.0,1.6834532374100721
5689.0,1.6834532374100721
5690.0,1.6834532374100721
5691.0,1.6834532374100721
5692.0,1.6834532374100721
5693.0,1.7266187050359714
5694.0,1.7266187050359714
5695.0,1.6834532374100721
5696.0,1.6834532374100721
5697.0,1.6834532374100721
5698.0,1.6834532374100721
5699.0,1.6834532374100721
5700.0,1.6834532374100721
5701.0,1.6834532374100721
5702.0,1.6834532374100721
5703.0,1.6834532374100721
5704.0,1.6834532374100721
5705.0,1.7266187050359714
5706.0,1.6834532374100721
5707.0,1.7266187050359714
5708.0,1.6834532374100721
5709.0,1.6834532374100721
5710.0,1.6834532374100721
5711.0,1.6834532374100721
5712.0,1.7266187050359714
5713.0,1.6834532374100721
5714.0,1.6834532374100721
5715.0,1.7266187050359714
5716.0,1.6834532374100721
5717.0,1.6834532374100721
5718.0,1.7266187050359714
5719.0,1.6834532374100721
5720.0,1.6834532374100721
5721.0,1.6834532374100721
5722.0,1.6834532374100721
5723.0,1.7266187050359714
5724.0,1.6834532374100721
5725.0,1.6834532374100721
5726.0,1.6834532374100721
5727.0,1.6834532374100721
5728.0,1.6834532374100721
5729.0,1.6834532374100721
5730.0,1.7266187050359714
5731.0,1.6834532374100721
5732.0,1.6834532374100721
5733.0,1.6834532374100721
5734.0,1.6834532374100721
5735.0,1.6834532374100721
5736.0,1.6834532374100721
5737.0,1.7266187050359714
5738.0,1.6834532374100721
5739.0,1.7266187050359714
5740.0,1.6834532374100721
5741.0,1.6834532374100721
5742.0,1.7266187050359714
5743.0,1.7266187050359714
5744.0,1.6834532374100721
5745.0,1.6834532374100721
5746.0,1.6834532374100721
5747.0,1.6834532374100721
5748.0,1.6834532374100721
5749.0,1.6834532374100721
5750.0,1.6834532374100721
5751.0,1.6834532374100721
5752.0,1.6834532374100721
5753.0,1.6834532374100721
5754.0,1.6834532374100721
5755.0,1.6834532374100721
5756.0,1.6834532374100721
5757.0,1.6834532374100721
5758.0,1.6834532374100721
5759.0,1.6834532374100721
5760.0,1.6834532374100721
5761.0,1.6834532374100721
5762.0,1.6834532374100721
5763.0,1.6834532374100721
5764.0,1.6834532374100721
5765.0,1.6834532374100721
5766.0,1.6834532374100721
5767.0,1.6834532374100721
5768.0,1.6834532374100721
5769.0,1.6834532374100721
5770.0,1.6834532374100721
5771.0,1.6834532374100721
5772.0,1.6834532374100721
5773.0,1.6834532374100721
5774.0,1.6834532374100721
5775.0,1.6834532374100721
5776.0,1.6834532374100721
5777.0,1.6834532374100721
5778.0,1.7266187050359714
5779.0,1.6834532374100721
5780.0,1.6834532374100721
5781.0,1.6834532374100721
5782.0,1.6834532374100721
5783.0,1.6834532374100721
5784.0,1.6834532374100721
5785.0,1.6834532374100721
5786.0,1.6834532374100721
5787.0,1.6834532374100721
5788.0,1.6834532374100721
5789.0,1.6834532374100721
5790.0,1.6834532374100721
5791.0,1.6834532374100721
5792.0,1.6834532374100721
5793.0,1.6834532374100721
5794.0,1.6834532374100721
5795.0,1.6834532374100721
5796.0,1.6834532374100721
5797.0,1.6834532374100721
5798.0,1.6834532374100721
5799.0,1.6834532374100721
5800.0,1.7266187050359714
5801.0,1.6834532374100721
5802.0,1.6834532374100721
5803.0,1.6834532374100721
5804.0,1.6834532374100721
5805.0,1.6834532374100721
5806.0,1.6834532374100721
5807.0,1.6834532374100721
5808.0,1.6834532374100721
5809.0,1.6834532374100721
5810.0,1.6834532374100721
5811.0,1.6834532374100721
5812.0,1.6834532374100721
5813.0,1.6834532374100721
5814.0,1.6834532374100721
5815.0,1.6834532374100721
5816.0,1.6834532374100721
5817.0,1.6834532374100721
5818.0,1.6834532374100721
5819.0,1.6834532374100721
5820.0,1.6834532374100721
5821.0,1.6834532374100721
5822.0,1.7266187050359714
5823.0,1.6834532374100721
5824.0,1.6834532374100721
5825.0,1.6834532374100721
5826.0,1.6834532374100721
5827.0,1.6834532374100721
5828.0,1.6834532374100721
5829.0,1.6834532374100721
5830.0,1.7266187050359714
5831.0,1.6834532374100721
5832.0,1.7266187050359714
5833.0,1.6834532374100721
5834.0,1.6834532374100721
5835.0,1.6834532374100721
5836.0,1.6834532374100721
5837.0,1.6834532374100721
5838.0,1.6834532374100721
5839.0,1.6834532374100721
5840.0,1.6834532374100721
5841.0,1.6834532374100721
5842.0,1.6834532374100721
5843.0,1.6834532374100721
5844.0,1.6834532374100721
5845.0,1.6834532374100721
5846.0,1.6834532374100721
5847.0,1.6834532374100721
5848.0,1.6834532374100721
5849.0,1.6834532374100721
5850.0,1.6834532374100721
5851.0,1.6834532374100721
5852.0,1.6834532374100721
5853.0,1.6834532374100721
5854.0,1.6834532374100721
5855.0,1.6834532374100721
5856.0,1.6834532374100721
5857.0,1.6834532374100721
5858.0,1.6834532374100721
5859.0,1.6834532374100721
5860.0,1.6834532374100721
5861.0,1.6834532374100721
5862.0,1.7266187050359714
5863.0,1.6834532374100721
5864.0,1.6834532374100721
5865.0,1.6834532374100721
5866.0,1.6834532374100721
5867.0,1.6834532374100721
5868.0,1.6834532374100721
5869.0,1.6834532374100721
5870.0,1.6834532374100721
5871.0,1.6834532374100721
5872.0,1.6834532374100721
5873.0,1.6834532374100721
5874.0,1.6834532374100721
5875.0,1.6834532374100721
5876.0,1.6834532374100721
5877.0,1.6834532374100721
5878.0,1.6834532374100721
5879.0,1.6834532374100721
5880.0,1.6834532374100721
5881.0,1.6834532374100721
5882.0,1.6834532374100721
5883.0,1.6834532374100721
5884.0,1.6834532374100721
5885.0,1.6834532374100721
5886.0,1.6834532374100721
5887.0,1.6834532374100721
5888.0,1.6834532374100721
5889.0,1.6834532374100721
5890.0,1.6834532374100721
5891.0,1.6834532374100721
5892.0,1.6834532374100721
5893.0,1.6834532374100721
5894.0,1.6834532374100721
5895.0,1.6834532374100721
5896.0,1.6834532374100721
5897.0,1.6834532374100721
5898.0,1.6834532374100721
5899.0,1.6834532374100721
5900.0,1.6834532374100721
5901.0,1.6834532374100721
5902.0,1.6834532374100721
5903.0,1.6834532374100721
5904.0,1.6834532374100721
5905.0,1.6834532374100721
5906.0,1.6834532374100721
5907.0,1.6834532374100721
5908.0,1.6834532374100721
5909.0,1.6834532374100721
5910.0,1.6834532374100721
5911.0,1.6834532374100721
5912.0,1.6834532374100721
5913.0,1.6834532374100721
5914.0,1.6834532374100721
5915.0,1.6834532374100721
5916.0,1.6834532374100721
5917.0,1.6834532374100721
5918.0,1.6834532374100721
5919.0,1.6834532374100721
5920.0,1.6834532374100721
5921.0,1.6834532374100721
5922.0,1.6834532374100721
5923.0,1.6834532374100721
5924.0,1.6834532374100721
5925.0,1.6834532374100721
5926.0,1.7266187050359714
5927.0,1.6834532374100721
5928.0,1.6834532374100721
5929.0,1.6834532374100721
5930.0,1.6834532374100721
5931.0,1.6834532374100721
5932.0,1.6834532374100721
5933.0,1.6834532374100721
5934.0,1.6834532374100721
5935.0,1.6834532374100721
5936.0,1.6834532374100721
5937.0,1.6834532374100721
5938.0,1.6402877697841727
5939.0,1.6834532374100721
5940.0,1.6834532374100721
5941.0,1.6834532374100721
5942.0,1.6834532374100721
5943.0,1.6834532374100721
5944.0,1.6834532374100721
5945.0,1.6834532374100721
5946.0,1.6834532374100721
5947.0,1.6834532374100721
5948.0,1.6834532374100721
5949.0,1.6834532374100721
5950.0,1.6834532374100721
5951.0,1.6834532374100721
5952.0,1.6834532374100721
5953.0,1.6834532374100721
5954.0,1.6834532374100721
5955.0,1.6834532374100721
5956.0,1.6834532374100721
5957.0,1.6834532374100721
5958.0,1.6834532374100721
5959.0,1.6834532374100721
5960.0,1.6834532374100721
5961.0,1.6834532374100721
5962.0,1.6834532374100721
5963.0,1.6834532374100721
5964.0,1.6834532374100721
5965.0,1.6834532374100721
5966.0,1.6834532374100721
5967.0,1.6834532374100721
5968.0,1.6834532374100721
5969.0,1.6834532374100721
5970.0,1.6834532374100721
5971.0,1.6834532374100721
5972.0,1.6834532374100721
5973.0,1.6834532374100721
5974.0,1.6834532374100721
5975.0,1.6834532374100721
5976.0,1.6834532374100721
5977.0,1.6834532374100721
5978.0,1.6834532374100721
5979.0,1.6834532374100721
5980.0,1.6834532374100721
5981.0,1.6834532374100721
5982.0,1.6834532374100721
5983.0,1.6834532374100721
5984.0,1.6834532374100721
5985.0,1.6834532374100721
5986.0,1.6834532374100721
5987.0,1.6834532374100721
5988.0,1.6834532374100721
5989.0,1.6834532374100721
5990.0,1.6834532374100721
5991.0,1.6834532374100721
5992.0,1.6834532374100721
5993.0,1.6834532374100721
5994.0,1.6402877697841727
5995.0,1.6834532374100721
5996.0,1.6834532374100721
5997.0,1.6834532374100721
5998.0,1.6834532374100721
5999.0,1.6834532374100721
6000.0,1.6834532374100721
6001.0,1.6834532374100721
6002.0,1.6834532374100721
6003.0,1.6834532374100721
6004.0,1.6834532374100721
6005.0,1.6834532374100721
6006.0,1.6834532374100721
6007.0,1.6834532374100721
6008.0,1.6834532374100721
6009.0,1.6834532374100721
6010.0,1.6402877697841727
6011.0,1.6402877697841727
6012.0,1.6834532374100721
6013.0,1.6834532374100721
6014.0,1.6834532374100721
6015.0,1.6834532374100721
6016.0,1.6834532374100721
6017.0,1.6834532374100721
6018.0,1.6834532374100721
6019.0,1.6834532374100721
6020.0,1.6834532374100721
6021.0,1.6834532374100721
6022.0,1.6834532374100721
6023.0,1.6834532374100721
6024.0,1.6834532374100721
6025.0,1.6834532374100721
6026.0,1.6834532374100721
6027.0,1.6834532374100721
6028.0,1.6834532374100721
6029.0,1.6834532374100721
6030.0,1.6834532374100721
6031.0,1.6834532374100721
6032.0,1.6834532374100721
6033.0,1.6834532374100721
6034.0,1.6834532374100721
6035.0,1.6834532374100721
6036.0,1.6834532374100721
6037.0,1.6834532374100721
6038.0,1.6834532374100721
6039.0,1.6834532374100721
6040.0,1.6834532374100721
6041.0,1.6834532374100721
6042.0,1.6834532374100721
6043.0,1.6834532374100721
6044.0,1.6834532374100721
6045.0,1.6834532374100721
6046.0,1.6834532374100721
6047.0,1.6834532374100721
6048.0,1.6834532374100721
6049.0,1.6834532374100721
6050.0,1.6834532374100721
6051.0,1.6402877697841727
6052.0,1.6834532374100721
6053.0,1.6834532374100721
6054.0,1.6834532374100721
6055.0,1.6834532374100721
6056.0,1.6834532374100721
6057.0,1.6834532374100721
6058.0,1.6834532374100721
6059.0,1.6834532374100721
6060.0,1.6834532374100721
6061.0,1.6834532374100721
6062.0,1.6834532374100721
6063.0,1.6834532374100721
6064.0,1.6834532374100721
6065.0,1.6834532374100721
6066.0,1.6834532374100721
6067.0,1.6834532374100721
6068.0,1.6834532374100721
6069.0,1.6834532374100721
6070.0,1.6834532374100721
6071.0,1.6834532374100721
6072.0,1.6834532374100721
6073.0,1.6834532374100721
6074.0,1.6834532374100721
6075.0,1.6834532374100721
6076.0,1.6834532374100721
6077.0,1.6402877697841727
6078.0,1.6834532374100721
6079.0,1.6834532374100721
6080.0,1.6834532374100721
6081.0,1.6834532374100721
6082.0,1.6834532374100721
6083.0,1.6834532374100721
6084.0,1.6834532374100721
6085.0,1.6834532374100721
6086.0,1.6834532374100721
6087.0,1.6834532374100721
6088.0,1.6402877697841727
6089.0,1.6834532374100721
6090.0,1.6834532374100721
6091.0,1.6834532374100721
6092.0,1.6834532374100721
6093.0,1.6834532374100721
6094.0,1.6834532374100721
6095.0,1.6834532374100721
6096.0,1.6834532374100721
6097.0,1.6834532374100721
6098.0,1.6834532374100721
6099.0,1.6834532374100721
6100.0,1.6834532374100721
6101.0,1.6834532374100721
6102.0,1.6834532374100721
6103.0,1.6834532374100721
6104.0,1.6834532374100721
6105.0,1.6402877697841727
6106.0,1.6834532374100721
6107.0,1.6834532374100721
6108.0,1.6834532374100721
6109.0,1.6402877697841727
6110.0,1.6834532374100721
6111.0,1.6834532374100721
6112.0,1.6834532374100721
6113.0,1.6834532374100721
6114.0,1.6834532374100721
6115.0,1.6834532374100721
6116.0,1.6834532374100721
6117.0,1.6834532374100721
6118.0,1.6834532374100721
6119.0,1.6834532374100721
6120.0,1.6834532374100721
6121.0,1.6834532374100721
6122.0,1.6834532374100721
6123.0,1.6402877697841727
6124.0,1.6834532374100721
6125.0,1.6834532374100721
6126.0,1.6402877697841727
6127.0,1.6402877697841727
6128.0,1.6834532374100721
6129.0,1.6834532374100721
6130.0,1.6834532374100721
6131.0,1.6834532374100721
6132.0,1.6834532374100721
6133.0,1.6834532374100721
6134.0,1.6834532374100721
6135.0,1.6834532374100721
6136.0,1.6834532374100721
6137.0,1.6834532374100721
6138.0,1.6402877697841727
6139.0,1.6402877697841727
6140.0,1.6834532374100721
6141.0,1.6834532374100721
6142.0,1.6834532374100721
6143.0,1.6834532374100721
6144.0,1.6402877697841727
6145.0,1.6834532374100721
6146.0,1.6402877697841727
6147.0,1.6834532374100721
6148.0,1.6402877697841727
6149.0,1.6834532374100721
6150.0,1.6834532374100721
6151.0,1.6834532374100721
6152.0,1.6834532374100721
6153.0,1.6834532374100721
6154.0,1.6834532374100721
6155.0,1.6402877697841727
6156.0,1.6402877697841727
6157.0,1.6834532374100721
6158.0,1.6834532374100721
6159.0,1.6402877697841727
6160.0,1.6834532374100721
6161.0,1.6834532374100721
6162.0,1.6834532374100721
6163.0,1.6834532374100721
6164.0,1.6834532374100721
6165.0,1.6834532374100721
6166.0,1.6834532374100721
6167.0,1.6834532374100721
6168.0,1.6834532374100721
6169.0,1.6834532374100721
6170.0,1.6834532374100721
6171.0,1.6834532374100721
6172.0,1.6834532374100721
6173.0,1.6834532374100721
6174.0,1.6834532374100721
6175.0,1.6834532374100721
6176.0,1.6834532374100721
6177.0,1.6834532374100721
6178.0,1.6402877697841727
6179.0,1.6834532374100721
6180.0,1.6402877697841727
6181.0,1.6402877697841727
6182.0,1.6834532374100721
6183.0,1.6834532374100721
6184.0,1.6834532374100721
6185.0,1.6834532374100721
6186.0,1.6834532374100721
6187.0,1.6402877697841727
6188.0,1.6402877697841727
6189.0,1.6402877697841727
6190.0,1.6834532374100721
6191.0,1.6402877697841727
6192.0,1.6834532374100721
6193.0,1.6402877697841727
6194.0,1.6834532374100721
6195.0,1.6834532374100721
6196.0,1.6834532374100721
6197.0,1.6834532374100721
6198.0,1.6402877697841727
6199.0,1.6834532374100721
6200.0,1.6402877697841727
6201.0,1.6834532374100721
6202.0,1.6834532374100721
6203.0,1.6834532374100721
6204.0,1.6402877697841727
6205.0,1.6402877697841727
6206.0,1.6402877697841727
6207.0,1.6402877697841727
6208.0,1.6402877697841727
6209.0,1.6834532374100721
6210.0,1.6834532374100721
6211.0,1.6402877697841727
6212.0,1.6834532374100721
6213.0,1.6834532374100721
6214.0,1.6834532374100721
6215.0,1.6834532374100721
6216.0,1.6834532374100721
6217.0,1.6834532374100721
6218.0,1.6834532374100721
6219.0,1.6834532374100721
6220.0,1.6834532374100721
6221.0,1.6834532374100721
6222.0,1.6834532374100721
6223.0,1.6402877697841727
6224.0,1.6834532374100721
6225.0,1.6834532374100721
6226.0,1.6402877697841727
6227.0,1.6402877697841727
6228.0,1.6402877697841727
6229.0,1.6834532374100721
6230.0,1.6402877697841727
6231.0,1.6402877697841727
6232.0,1.6834532374100721
6233.0,1.6402877697841727
6234.0,1.6402877697841727
6235.0,1.6402877697841727
6236.0,1.6402877697841727
6237.0,1.6402877697841727
6238.0,1.6402877697841727
6239.0,1.6834532374100721
6240.0,1.6402877697841727
6241.0,1.6834532374100721
6242.0,1.6834532374100721
6243.0,1.6402877697841727
6244.0,1.6402877697841727
6245.0,1.6834532374100721
6246.0,1.6834532374100721
6247.0,1.6402877697841727
6248.0,1.6402877697841727
6249.0,1.6402877697841727
6250.0,1.6834532374100721
6251.0,1.6834532374100721
6252.0,1.6402877697841727
6253.0,1.6834532374100721
6254.0,1.6402877697841727
6255.0,1.6402877697841727
6256.0,1.6402877697841727
6257.0,1.6834532374100721
6258.0,1.6834532374100721
6259.0,1.6834532374100721
6260.0,1.6402877697841727
6261.0,1.6402877697841727
6262.0,1.6834532374100721
6263.0,1.6834532374100721
6264.0,1.6834532374100721
6265.0,1.6402877697841727
6266.0,1.6402877697841727
6267.0,1.6402877697841727
6268.0,1.6834532374100721
6269.0,1.6402877697841727
6270.0,1.6402877697841727
6271.0,1.6834532374100721
6272.0,1.6402877697841727
6273.0,1.6402877697841727
6274.0,1.6402877697841727
6275.0,1.6402877697841727
6276.0,1.5971223021582734
6277.0,1.6402877697841727
6278.0,1.6834532374100721
6279.0,1.6834532374100721
6280.0,1.6402877697841727
6281.0,1.6402877697841727
6282.0,1.6402877697841727
6283.0,1.6402877697841727
6284.0,1.6402877697841727
6285.0,1.6402877697841727
6286.0,1.6402877697841727
6287.0,1.6834532374100721
6288.0,1.6402877697841727
6289.0,1.6834532374100721
6290.0,1.6834532374100721
6291.0,1.6402877697841727
6292.0,1.6834532374100721
6293.0,1.6402877697841727
6294.0,1.6402877697841727
6295.0,1.6402877697841727
6296.0,1.6402877697841727
6297.0,1.6834532374100721
6298.0,1.6402877697841727
6299.0,1.6834532374100721
6300.0,1.6402877697841727
6301.0,1.5971223021582734
6302.0,1.6402877697841727
6303.0,1.6402877697841727
6304.0,1.6834532374100721
6305.0,1.6402877697841727
6306.0,1.6402877697841727
6307.0,1.6834532374100721
6308.0,1.6834532374100721
6309.0,1.6834532374100721
6310.0,1.6402877697841727
6311.0,1.6834532374100721
6312.0,1.6834532374100721
6313.0,1.6834532374100721
6314.0,1.6834532374100721
6315.0,1.6402877697841727
6316.0,1.6834532374100721
6317.0,1.6402877697841727
6318.0,1.6402877697841727
6319.0,1.6402877697841727
6320.0,1.6402877697841727
6321.0,1.6834532374100721
6322.0,1.6834532374100721
6323.0,1.5971223021582734
6324.0,1.6834532374100721
6325.0,1.6402877697841727
6326.0,1.6402877697841727
6327.0,1.5971223021582734
6328.0,1.6402877697841727
6329.0,1.6402877697841727
6330.0,1.6402877697841727
6331.0,1.6402877697841727
6332.0,1.6402877697841727
6333.0,1.6402877697841727
6334.0,1.6402877697841727
6335.0,1.6402877697841727
6336.0,1.6834532374100721
6337.0,1.6834532374100721
6338.0,1.6402877697841727
6339.0,1.6402877697841727
6340.0,1.6834532374100721
6341.0,1.6834532374100721
6342.0,1.6834532374100721
6343.0,1.6402877697841727
6344.0,1.6402877697841727
6345.0,1.6402877697841727
6346.0,1.6834532374100721
6347.0,1.6834532374100721
6348.0,1.6834532374100721
6349.0,1.6834532374100721
6350.0,1.6834532374100721
6351.0,1.6402877697841727
6352.0,1.5971223021582734
6353.0,1.6402877697841727
6354.0,1.6402877697841727
6355.0,1.6402877697841727
6356.0,1.6834532374100721
6357.0,1.6834532374100721
6358.0,1.6402877697841727
6359.0,1.6402877697841727
6360.0,1.6834532374100721
6361.0,1.6402877697841727
6362.0,1.6402877697841727
6363.0,1.6402877697841727
6364.0,1.6402877697841727
6365.0,1.6402877697841727
6366.0,1.6402877697841727
6367.0,1.6402877697841727
6368.0,1.6402877697841727
6369.0,1.6402877697841727
6370.0,1.6402877697841727
6371.0,1.6402877697841727
6372.0,1.6834532374100721
6373.0,1.6402877697841727
6374.0,1.6402877697841727
6375.0,1.6402877697841727
6376.0,1.6402877697841727
6377.0,1.5971223021582734
6378.0,1.6402877697841727
6379.0,1.6402877697841727
6380.0,1.6402877697841727
6381.0,1.6402877697841727
6382.0,1.6834532374100721
6383.0,1.6402877697841727
6384.0,1.6834532374100721
6385.0,1.6402877697841727
6386.0,1.6402877697841727
6387.0,1.6402877697841727
6388.0,1.5971223021582734
6389.0,1.6834532374100721
6390.0,1.6834532374100721
6391.0,1.6402877697841727
6392.0,1.6834532374100721
6393.0,1.6402877697841727
6394.0,1.5971223021582734
6395.0,1.6834532374100721
6396.0,1.6402877697841727
6397.0,1.6834532374100721
6398.0,1.6402877697841727
6399.0,1.6834532374100721
6400.0,1.5971223021582734
6401.0,1.6402877697841727
6402.0,1.5971223021582734
6403.0,1.6834532374100721
6404.0,1.6402877697841727
6405.0,1.6402877697841727
6406.0,1.6402877697841727
6407.0,1.6402877697841727
6408.0,1.6402877697841727
6409.0,1.6834532374100721
6410.0,1.6402877697841727
6411.0,1.6834532374100721
6412.0,1.6402877697841727
6413.0,1.6402877697841727
6414.0,1.6402877697841727
6415.0,1.6402877697841727
6416.0,1.6402877697841727
6417.0,1.6402877697841727
6418.0,1.5971223021582734
6419.0,1.6402877697841727
6420.0,1.6834532374100721
6421.0,1.6402877697841727
6422.0,1.6402877697841727
6423.0,1.5971223021582734
6424.0,1.6402877697841727
6425.0,1.6402877697841727
6426.0,1.6402877697841727
6427.0,1.6402877697841727
6428.0,1.6834532374100721
6429.0,1.6402877697841727
6430.0,1.6402877697841727
6431.0,1.5971223021582734
6432.0,1.6402877697841727
6433.0,1.6402877697841727
6434.0,1.6834532374100721
6435.0,1.6402877697841727
6436.0,1.6402877697841727
6437.0,1.6402877697841727
6438.0,1.6402877697841727
6439.0,1.6402877697841727
6440.0,1.5971223021582734
6441.0,1.6402877697841727
6442.0,1.6402877697841727
6443.0,1.6834532374100721
6444.0,1.6402877697841727
6445.0,1.6402877697841727
6446.0,1.6402877697841727
6447.0,1.6402877697841727
6448.0,1.6402877697841727
6449.0,1.6402877697841727
6450.0,1.6402877697841727
6451.0,1.6402877697841727
6452.0,1.5971223021582734
6453.0,1.6402877697841727
6454.0,1.6402877697841727
6455.0,1.6402877697841727
6456.0,1.5971223021582734
6457.0,1.6402877697841727
6458.0,1.6402877697841727
6459.0,1.6402877697841727
6460.0,1.6402877697841727
6461.0,1.5971223021582734
6462.0,1.6402877697841727
6463.0,1.6402877697841727
6464.0,1.6402877697841727
6465.0,1.5971223021582734
6466.0,1.6402877697841727
6467.0,1.6402877697841727
6468.0,1.6402877697841727
6469.0,1.6402877697841727
6470.0,1.6402877697841727
6471.0,1.6402877697841727
6472.0,1.6402877697841727
6473.0,1.5971223021582734
6474.0,1.6402877697841727
6475.0,1.5971223021582734
6476.0,1.6402877697841727
6477.0,1.6402877697841727
6478.0,1.6402877697841727
6479.0,1.6402877697841727
6480.0,1.5971223021582734
6481.0,1.5971223021582734
6482.0,1.6402877697841727
6483.0,1.5971223021582734
6484.0,1.6402877697841727
6485.0,1.6402877697841727
6486.0,1.5971223021582734
6487.0,1.6402877697841727
6488.0,1.6402877697841727
6489.0,1.6402877697841727
6490.0,1.6402877697841727
6491.0,1.6834532374100721
6492.0,1.6402877697841727
6493.0,1.6402877697841727
6494.0,1.6402877697841727
6495.0,1.6402877697841727
6496.0,1.6402877697841727
6497.0,1.6402877697841727
6498.0,1.6402877697841727
6499.0,1.6402877697841727
6500.0,1.5971223021582734
6501.0,1.5971223021582734
6502.0,1.6402877697841727
6503.0,1.6402877697841727
6504.0,1.6402877697841727
6505.0,1.5971223021582734
6506.0,1.6402877697841727
6507.0,1.6402877697841727
6508.0,1.6402877697841727
6509.0,1.6402877697841727
6510.0,1.6402877697841727
6511.0,1.5971223021582734
6512.0,1.5971223021582734
6513.0,1.6402877697841727
6514.0,1.6402877697841727
6515.0,1.5971223021582734
6516.0,1.6402877697841727
6517.0,1.6402877697841727
6518.0,1.6402877697841727
6519.0,1.5971223021582734
6520.0,1.5971223021582734
6521.0,1.6402877697841727
6522.0,1.5971223021582734
6523.0,1.5971223021582734
6524.0,1.6402877697841727
6525.0,1.6402877697841727
6526.0,1.6402877697841727
6527.0,1.6402877697841727
6528.0,1.5971223021582734
6529.0,1.5971223021582734
6530.0,1.5971223021582734
6531.0,1.6402877697841727
6532.0,1.6402877697841727
6533.0,1.6402877697841727
6534.0,1.6402877697841727
6535.0,1.5971223021582734
6536.0,1.5971223021582734
6537.0,1.6402877697841727
6538.0,1.5971223021582734
6539.0,1.6402877697841727
6540.0,1.5971223021582734
6541.0,1.6402877697841727
6542.0,1.6402877697841727
6543.0,1.5971223021582734
6544.0,1.5971223021582734
6545.0,1.5971223021582734
6546.0,1.6402877697841727
6547.0,1.5971223021582734
6548.0,1.6402877697841727
6549.0,1.6402877697841727
6550.0,1.6402877697841727
6551.0,1.6402877697841727
6552.0,1.6834532374100721
6553.0,1.6402877697841727
6554.0,1.6402877697841727
6555.0,1.5971223021582734
6556.0,1.6402877697841727
6557.0,1.6402877697841727
6558.0,1.6402877697841727
6559.0,1.6402877697841727
6560.0,1.6402877697841727
6561.0,1.6402877697841727
6562.0,1.5971223021582734
6563.0,1.6834532374100721
6564.0,1.6402877697841727
6565.0,1.5971223021582734
6566.0,1.6402877697841727
6567.0,1.5971223021582734
6568.0,1.5971223021582734
6569.0,1.5971223021582734
6570.0,1.6402877697841727
6571.0,1.6402877697841727
6572.0,1.5971223021582734
6573.0,1.5971223021582734
6574.0,1.6402877697841727
6575.0,1.5971223021582734
6576.0,1.5971223021582734
6577.0,1.5971223021582734
6578.0,1.6402877697841727
6579.0,1.6402877697841727
6580.0,1.5971223021582734
6581.0,1.6402877697841727
6582.0,1.6402877697841727
6583.0,1.6402877697841727
6584.0,1.5971223021582734
6585.0,1.5971223021582734
6586.0,1.5971223021582734
6587.0,1.6402877697841727
6588.0,1.6402877697841727
6589.0,1.6402877697841727
6590.0,1.5971223021582734
6591.0,1.5971223021582734
6592.0,1.5971223021582734
6593.0,1.6402877697841727
6594.0,1.6402877697841727
6595.0,1.6402877697841727
6596.0,1.6402877697841727
6597.0,1.5971223021582734
6598.0,1.6402877697841727
6599.0,1.6402877697841727
6600.0,1.5971223021582734
6601.0,1.5971223021582734
6602.0,1.5971223021582734
6603.0,1.6402877697841727
6604.0,1.6402877697841727
6605.0,1.5971223021582734
6606.0,1.5971223021582734
6607.0,1.6402877697841727
6608.0,1.6402877697841727
6609.0,1.6402877697841727
6610.0,1.5971223021582734
6611.0,1.5971223021582734
6612.0,1.6402877697841727
6613.0,1.5971223021582734
6614.0,1.6402877697841727
6615.0,1.6402877697841727
6616.0,1.6402877697841727
6617.0,1.6402877697841727
6618.0,1.6402877697841727
6619.0,1.5971223021582734
6620.0,1.6402877697841727
6621.0,1.6402877697841727
6622.0,1.6402877697841727
6623.0,1.5971223021582734
6624.0,1.6402877697841727
6625.0,1.6402877697841727
6626.0,1.6402877697841727
6627.0,1.6402877697841727
6628.0,1.5971223021582734
6629.0,1.6402877697841727
6630.0,1.6402877697841727
6631.0,1.5971223021582734
6632.0,1.6402877697841727
6633.0,1.6402877697841727
6634.0,1.6402877697841727
6635.0,1.6402877697841727
6636.0,1.6402877697841727
6637.0,1.5971223021582734
6638.0,1.5971223021582734
6639.0,1.6402877697841727
6640.0,1.5971223021582734
6641.0,1.6402877697841727
6642.0,1.6402877697841727
6643.0,1.6402877697841727
6644.0,1.5971223021582734
6645.0,1.5971223021582734
6646.0,1.5971223021582734
6647.0,1.5971223021582734
6648.0,1.5971223021582734
6649.0,1.6402877697841727
6650.0,1.5971223021582734
6651.0,1.5971223021582734
6652.0,1.6402877697841727
6653.0,1.5971223021582734
6654.0,1.6402877697841727
6655.0,1.5971223021582734
6656.0,1.5971223021582734
6657.0,1.6402877697841727
6658.0,1.6402877697841727
6659.0,1.5971223021582734
6660.0,1.5971223021582734
6661.0,1.5971223021582734
6662.0,1.6402877697841727
6663.0,1.5971223021582734
6664.0,1.6402877697841727
6665.0,1.5971223021582734
6666.0,1.5971223021582734
6667.0,1.6402877697841727
6668.0,1.5971223021582734
6669.0,1.6402877697841727
6670.0,1.6402877697841727
6671.0,1.6402877697841727
6672.0,1.5971223021582734
6673.0,1.5971223021582734
6674.0,1.5971223021582734
6675.0,1.5971223021582734
6676.0,1.5971223021582734
6677.0,1.5971223021582734
6678.0,1.6402877697841727
6679.0,1.6402877697841727
6680.0,1.5971223021582734
6681.0,1.6402877697841727
6682.0,1.6402877697841727
6683.0,1.5971223021582734
6684.0,1.5971223021582734
6685.0,1.6402877697841727
6686.0,1.5971223021582734
6687.0,1.5971223021582734
6688.0,1.5971223021582734
6689.0,1.6402877697841727
6690.0,1.5971223021582734
6691.0,1.5971223021582734
6692.0,1.5971223021582734
6693.0,1.5971223021582734
6694.0,1.5971223021582734
6695.0,1.6402877697841727
6696.0,1.5971223021582734
6697.0,1.5971223021582734
6698.0,1.6402877697841727
6699.0,1.6402877697841727
6700.0,1.6402877697841727
6701.0,1.5971223021582734
6702.0,1.6402877697841727
6703.0,1.5971223021582734
6704.0,1.6402877697841727
6705.0,1.5971223021582734
6706.0,1.5971223021582734
6707.0,1.5971223021582734
6708.0,1.6402877697841727
6709.0,1.6402877697841727
6710.0,1.6402877697841727
6711.0,1.5971223021582734
6712.0,1.6402877697841727
6713.0,1.5971223021582734
6714.0,1.5971223021582734
6715.0,1.5971223021582734
6716.0,1.5971223021582734
6717.0,1.5971223021582734
6718.0,1.5971223021582734
6719.0,1.5971223021582734
6720.0,1.6402877697841727
6721.0,1.6402877697841727
6722.0,1.5971223021582734
6723.0,1.6402877697841727
6724.0,1.5971223021582734
6725.0,1.5971223021582734
6726.0,1.5971223021582734
6727.0,1.5971223021582734
6728.0,1.5971223021582734
6729.0,1.5971223021582734
6730.0,1.5971223021582734
6731.0,1.5971223021582734
6732.0,1.5971223021582734
6733.0,1.5971223021582734
6734.0,1.6402877697841727
6735.0,1.5971223021582734
6736.0,1.6402877697841727
6737.0,1.6402877697841727
6738.0,1.6402877697841727
6739.0,1.6402877697841727
6740.0,1.5971223021582734
6741.0,1.5971223021582734
6742.0,1.5971223021582734
6743.0,1.5971223021582734
6744.0,1.5971223021582734
6745.0,1.6402877697841727
6746.0,1.5971223021582734
6747.0,1.5971223021582734
6748.0,1.5971223021582734
6749.0,1.5971223021582734
6750.0,1.5971223021582734
6751.0,1.6402877697841727
6752.0,1.5971223021582734
6753.0,1.5971223021582734
6754.0,1.5971223021582734
6755.0,1.5971223021582734
6756.0,1.5971223021582734
6757.0,1.6402877697841727
6758.0,1.5971223021582734
6759.0,1.5971223021582734
6760.0,1.5971223021582734
6761.0,1.5971223021582734
6762.0,1.5971223021582734
6763.0,1.5971223021582734
6764.0,1.6402877697841727
6765.0,1.5971223021582734
6766.0,1.5971223021582734
6767.0,1.5971223021582734
6768.0,1.5971223021582734
6769.0,1.5971223021582734
6770.0,1.5971223021582734
6771.0,1.5971223021582734
6772.0,1.5971223021582734
6773.0,1.5971223021582734
6774.0,1.5971223021582734
6775.0,1.5971223021582734
6776.0,1.5971223021582734
6777.0,1.5971223021582734
6778.0,1.5971223021582734
6779.0,1.6402877697841727
6780.0,1.5971223021582734
6781.0,1.5971223021582734
6782.0,1.6402877697841727
6783.0,1.5971223021582734
6784.0,1.5971223021582734
6785.0,1.6402877697841727
6786.0,1.5971223021582734
6787.0,1.6402877697841727
6788.0,1.5971223021582734
6789.0,1.6402877697841727
6790.0,1.5971223021582734
6791.0,1.5971223021582734
6792.0,1.5971223021582734
6793.0,1.5971223021582734
6794.0,1.5971223021582734
6795.0,1.5971223021582734
6796.0,1.5971223021582734
6797.0,1.5971223021582734
6798.0,1.5971223021582734
6799.0,1.5971223021582734
6800.0,1.5971223021582734
6801.0,1.5971223021582734
6802.0,1.6402877697841727
6803.0,1.5971223021582734
6804.0,1.6402877697841727
6805.0,1.5971223021582734
6806.0,1.5971223021582734
6807.0,1.6402877697841727
6808.0,1.5971223021582734
6809.0,1.5971223021582734
6810.0,1.5971223021582734
6811.0,1.5971223021582734
6812.0,1.6402877697841727
6813.0,1.6402877697841727
6814.0,1.6402877697841727
6815.0,1.5971223021582734
6816.0,1.5971223021582734
6817.0,1.6402877697841727
6818.0,1.5539568345323742
6819.0,1.5971223021582734
6820.0,1.5971223021582734
6821.0,1.5971223021582734
6822.0,1.5971223021582734
6823.0,1.5971223021582734
6824.0,1.5971223021582734
6825.0,1.5971223021582734
6826.0,1.5971223021582734
6827.0,1.6402877697841727
6828.0,1.5971223021582734
6829.0,1.5971223021582734
6830.0,1.5971223021582734
6831.0,1.5971223021582734
6832.0,1.6402877697841727
6833.0,1.5971223021582734
6834.0,1.5971223021582734
6835.0,1.5971223021582734
6836.0,1.5971223021582734
6837.0,1.5971223021582734
6838.0,1.5971223021582734
6839.0,1.5971223021582734
6840.0,1.5971223021582734
6841.0,1.5971223021582734
6842.0,1.5971223021582734
6843.0,1.5971223021582734
6844.0,1.5971223021582734
6845.0,1.5971223021582734
6846.0,1.5971223021582734
6847.0,1.5971223021582734
6848.0,1.5971223021582734
6849.0,1.5971223021582734
6850.0,1.5971223021582734
6851.0,1.5971223021582734
6852.0,1.6402877697841727
6853.0,1.5971223021582734
6854.0,1.5971223021582734
6855.0,1.5971223021582734
6856.0,1.6402877697841727
6857.0,1.5971223021582734
6858.0,1.5971223021582734
6859.0,1.5971223021582734
6860.0,1.5971223021582734
6861.0,1.5971223021582734
6862.0,1.5971223021582734
6863.0,1.5971223021582734
6864.0,1.5971223021582734
6865.0,1.5971223021582734
6866.0,1.5971223021582734
6867.0,1.5971223021582734
6868.0,1.5971223021582734
6869.0,1.6402877697841727
6870.0,1.5971223021582734
6871.0,1.5971223021582734
6872.0,1.5971223021582734
6873.0,1.5971223021582734
6874.0,1.5971223021582734
6875.0,1.5971223021582734
6876.0,1.5971223021582734
6877.0,1.5971223021582734
6878.0,1.5971223021582734
6879.0,1.5971223021582734
6880.0,1.5971223021582734
6881.0,1.5971223021582734
6882.0,1.5971223021582734
6883.0,1.5971223021582734
6884.0,1.5971223021582734
6885.0,1.5971223021582734
6886.0,1.5971223021582734
6887.0,1.5971223021582734
6888.0,1.5971223021582734
6889.0,1.5971223021582734
6890.0,1.5971223021582734
6891.0,1.5971223021582734
6892.0,1.5971223021582734
6893.0,1.5971223021582734
6894.0,1.5971223021582734
6895.0,1.5971223021582734
6896.0,1.5971223021582734
6897.0,1.5971223021582734
6898.0,1.5971223021582734
6899.0,1.5971223021582734
6900.0,1.5971223021582734
6901.0,1.5971223021582734
6902.0,1.5971223021582734
6903.0,1.5971223021582734
6904.0,1.5971223021582734
6905.0,1.6402877697841727
6906.0,1.5971223021582734
6907.0,1.6402877697841727
6908.0,1.6402877697841727
6909.0,1.6402877697841727
6910.0,1.5971223021582734
6911.0,1.5971223021582734
6912.0,1.5971223021582734
6913.0,1.5971223021582734
6914.0,1.6402877697841727
6915.0,1.5971223021582734
6916.0,1.5971223021582734
6917.0,1.6402877697841727
6918.0,1.5971223021582734
6919.0,1.5971223021582734
6920.0,1.5971223021582734
6921.0,1.5971223021582734
6922.0,1.5971223021582734
6923.0,1.5971223021582734
6924.0,1.5971223021582734
6925.0,1.5971223021582734
6926.0,1.5971223021582734
6927.0,1.5971223021582734
6928.0,1.5971223021582734
6929.0,1.5971223021582734
6930.0,1.5971223021582734
6931.0,1.5971223021582734
6932.0,1.5971223021582734
6933.0,1.5971223021582734
6934.0,1.5971223021582734
6935.0,1.5971223021582734
6936.0,1.5971223021582734
6937.0,1.5971223021582734
6938.0,1.5971223021582734
6939.0,1.6402877697841727
6940.0,1.5971223021582734
6941.0,1.5971223021582734
6942.0,1.5971223021582734
6943.0,1.5971223021582734
6944.0,1.5971223021582734
6945.0,1.5971223021582734
6946.0,1.5971223021582734
6947.0,1.5971223021582734
6948.0,1.5971223021582734
6949.0,1.5971223021582734
6950.0,1.5971223021582734
6951.0,1.5971223021582734
6952.0,1.5971223021582734
6953.0,1.5971223021582734
6954.0,1.5971223021582734
6955.0,1.5539568345323742
6956.0,1.5971223021582734
6957.0,1.5971223021582734
6958.0,1.5971223021582734
6959.0,1.5971223021582734
6960.0,1.5539568345323742
6961.0,1.5539568345323742
6962.0,1.5971223021582734
6963.0,1.5971223021582734
6964.0,1.5971223021582734
6965.0,1.5971223021582734
6966.0,1.5971223021582734
6967.0,1.5971223021582734
6968.0,1.5971223021582734
6969.0,1.6402877697841727
6970.0,1.5971223021582734
6971.0,1.5971223021582734
6972.0,1.5971223021582734
6973.0,1.5971223021582734
6974.0,1.5971223021582734
6975.0,1.5971223021582734
6976.0,1.5971223021582734
6977.0,1.5971223021582734
6978.0,1.5971223021582734
6979.0,1.5971223021582734
6980.0,1.5971223021582734
6981.0,1.5971223021582734
6982.0,1.5971223021582734
6983.0,1.5971223021582734
6984.0,1.5971223021582734
6985.0,1.5971223021582734
6986.0,1.5971223021582734
6987.0,1.5971223021582734
6988.0,1.5971223021582734
6989.0,1.5971223021582734
6990.0,1.5971223021582734
6991.0,1.5971223021582734
6992.0,1.5971223021582734
6993.0,1.5971223021582734
6994.0,1.5971223021582734
6995.0,1.5971223021582734
6996.0,1.5971223021582734
6997.0,1.5971223021582734
6998.0,1.5971223021582734
6999.0,1.6402877697841727
7000.0,1.5971223021582734
7001.0,1.5971223021582734
7002.0,1.5971223021582734
7003.0,1.5539568345323742
7004.0,1.5971223021582734
7005.0,1.5971223021582734
7006.0,1.5971223021582734
7007.0,1.5971223021582734
7008.0,1.5971223021582734
7009.0,1.5971223021582734
7010.0,1.5971223021582734
7011.0,1.5539568345323742
7012.0,1.5971223021582734
7013.0,1.5971223021582734
7014.0,1.5971223021582734
7015.0,1.5971223021582734
7016.0,1.5971223021582734
7017.0,1.5971223021582734
7018.0,1.5971223021582734
7019.0,1.5971223021582734
7020.0,1.5971223021582734
7021.0,1.5971223021582734
7022.0,1.5971223021582734
7023.0,1.5971223021582734
7024.0,1.5971223021582734
7025.0,1.5971223021582734
7026.0,1.5971223021582734
7027.0,1.5971223021582734
7028.0,1.5971223021582734
7029.0,1.5971223021582734
7030.0,1.5971223021582734
7031.0,1.5971223021582734
7032.0,1.5971223021582734
7033.0,1.5539568345323742
7034.0,1.5971223021582734
7035.0,1.5971223021582734
7036.0,1.5971223021582734
7037.0,1.5971223021582734
7038.0,1.5971223021582734
7039.0,1.5971223021582734
7040.0,1.5971223021582734
7041.0,1.5971223021582734
7042.0,1.5971223021582734
7043.0,1.5971223021582734
7044.0,1.5971223021582734
7045.0,1.5971223021582734
7046.0,1.5971223021582734
7047.0,1.5971223021582734
7048.0,1.5971223021582734
7049.0,1.5971223021582734
7050.0,1.5971223021582734
7051.0,1.5971223021582734
7052.0,1.5971223021582734
7053.0,1.5971223021582734
7054.0,1.5971223021582734
7055.0,1.5539568345323742
7056.0,1.5971223021582734
7057.0,1.5971223021582734
7058.0,1.5971223021582734
7059.0,1.5971223021582734
7060.0,1.5539568345323742
7061.0,1.5539568345323742
7062.0,1.5971223021582734
7063.0,1.5971223021582734
7064.0,1.5971223021582734
7065.0,1.5539568345323742
7066.0,1.5971223021582734
7067.0,1.5971223021582734
7068.0,1.5971223021582734
7069.0,1.5971223021582734
7070.0,1.5539568345323742
7071.0,1.5971223021582734
7072.0,1.5539568345323742
7073.0,1.5971223021582734
7074.0,1.5971223021582734
7075.0,1.5971223021582734
7076.0,1.5971223021582734
7077.0,1.5971223021582734
7078.0,1.5971223021582734
7079.0,1.5971223021582734
7080.0,1.5971223021582734
7081.0,1.5971223021582734
7082.0,1.5971223021582734
7083.0,1.5971223021582734
7084.0,1.5971223021582734
7085.0,1.5539568345323742
7086.0,1.5539568345323742
7087.0,1.5971223021582734
7088.0,1.5971223021582734
7089.0,1.5971223021582734
7090.0,1.5971223021582734
7091.0,1.5971223021582734
7092.0,1.5971223021582734
7093.0,1.5971223021582734
7094.0,1.5971223021582734
7095.0,1.5539568345323742
7096.0,1.5539568345323742
7097.0,1.5971223021582734
7098.0,1.5971223021582734
7099.0,1.5971223021582734
7100.0,1.5971223021582734
7101.0,1.5971223021582734
7102.0,1.6402877697841727
7103.0,1.5539568345323742
7104.0,1.5971223021582734
7105.0,1.5971223021582734
7106.0,1.5971223021582734
7107.0,1.5971223021582734
7108.0,1.5539568345323742
7109.0,1.5971223021582734
7110.0,1.5539568345323742
7111.0,1.5971223021582734
7112.0,1.5539568345323742
7113.0,1.5971223021582734
7114.0,1.5539568345323742
7115.0,1.5539568345323742
7116.0,1.5971223021582734
7117.0,1.5971223021582734
7118.0,1.5971223021582734
7119.0,1.5971223021582734
7120.0,1.5971223021582734
7121.0,1.5971223021582734
7122.0,1.5971223021582734
7123.0,1.5971223021582734
7124.0,1.5971223021582734
7125.0,1.5971223021582734
7126.0,1.5971223021582734
7127.0,1.5539568345323742
7128.0,1.5971223021582734
7129.0,1.5971223021582734
7130.0,1.5971223021582734
7131.0,1.5539568345323742
7132.0,1.5971223021582734
7133.0,1.5971223021582734
7134.0,1.5971223021582734
7135.0,1.5539568345323742
7136.0,1.5539568345323742
7137.0,1.5971223021582734
7138.0,1.5971223021582734
7139.0,1.5971223021582734
7140.0,1.5539568345323742
7141.0,1.5971223021582734
7142.0,1.5971223021582734
7143.0,1.5971223021582734
7144.0,1.5971223021582734
7145.0,1.5971223021582734
7146.0,1.5971223021582734
7147.0,1.5971223021582734
7148.0,1.5539568345323742
7149.0,1.5971223021582734
7150.0,1.5539568345323742
7151.0,1.5971223021582734
7152.0,1.5971223021582734
7153.0,1.5539568345323742
7154.0,1.5971223021582734
7155.0,1.5539568345323742
7156.0,1.5971223021582734
7157.0,1.5971223021582734
7158.0,1.5971223021582734
7159.0,1.5971223021582734
7160.0,1.5971223021582734
7161.0,1.5539568345323742
7162.0,1.5971223021582734
7163.0,1.5971223021582734
7164.0,1.5539568345323742
7165.0,1.5971223021582734
7166.0,1.5971223021582734
7167.0,1.5971223021582734
7168.0,1.5971223021582734
7169.0,1.5971223021582734
7170.0,1.5971223021582734
7171.0,1.5971223021582734
7172.0,1.5971223021582734
7173.0,1.5539568345323742
7174.0,1.5971223021582734
7175.0,1.5971223021582734
7176.0,1.5971223021582734
7177.0,1.5539568345323742
7178.0,1.5539568345323742
7179.0,1.5971223021582734
7180.0,1.5971223021582734
7181.0,1.5971223021582734
7182.0,1.5971223021582734
7183.0,1.5539568345323742
7184.0,1.5539568345323742
7185.0,1.5539568345323742
7186.0,1.5539568345323742
7187.0,1.6402877697841727
7188.0,1.5971223021582734
7189.0,1.5971223021582734
7190.0,1.5971223021582734
7191.0,1.5971223021582734
7192.0,1.5539568345323742
7193.0,1.5971223021582734
7194.0,1.5539568345323742
7195.0,1.5971223021582734
7196.0,1.5539568345323742
7197.0,1.5971223021582734
7198.0,1.5971223021582734
7199.0,1.5971223021582734
7200.0,1.5971223021582734
7201.0,1.5539568345323742
7202.0,1.5971223021582734
7203.0,1.5971223021582734
7204.0,1.5971223021582734
7205.0,1.5539568345323742
7206.0,1.5971223021582734
7207.0,1.5539568345323742
7208.0,1.5539568345323742
7209.0,1.5971223021582734
7210.0,1.5539568345323742
7211.0,1.5539568345323742
7212.0,1.5971223021582734
7213.0,1.5971223021582734
7214.0,1.5971223021582734
7215.0,1.5971223021582734
7216.0,1.5539568345323742
7217.0,1.5971223021582734
7218.0,1.5971223021582734
7219.0,1.5971223021582734
7220.0,1.5539568345323742
7221.0,1.5539568345323742
7222.0,1.5539568345323742
7223.0,1.5539568345323742
7224.0,1.5971223021582734
7225.0,1.5539568345323742
7226.0,1.5971223021582734
7227.0,1.5539568345323742
7228.0,1.5539568345323742
7229.0,1.5539568345323742
7230.0,1.5539568345323742
7231.0,1.5971223021582734
7232.0,1.5971223021582734
7233.0,1.5539568345323742
7234.0,1.5971223021582734
7235.0,1.5539568345323742
7236.0,1.5539568345323742
7237.0,1.5971223021582734
7238.0,1.5971223021582734
7239.0,1.5539568345323742
7240.0,1.5539568345323742
7241.0,1.5971223021582734
7242.0,1.5539568345323742
7243.0,1.5971223021582734
7244.0,1.5971223021582734
7245.0,1.5971223021582734
7246.0,1.5971223021582734
7247.0,1.5971223021582734
7248.0,1.5539568345323742
7249.0,1.5971223021582734
7250.0,1.5539568345323742
7251.0,1.5539568345323742
7252.0,1.5539568345323742
7253.0,1.5539568345323742
7254.0,1.5539568345323742
7255.0,1.5539568345323742
7256.0,1.5971223021582734
7257.0,1.5539568345323742
7258.0,1.5971223021582734
7259.0,1.5539568345323742
7260.0,1.5539568345323742
7261.0,1.5539568345323742
7262.0,1.5971223021582734
7263.0,1.5971223021582734
7264.0,1.5539568345323742
7265.0,1.5539568345323742
7266.0,1.5971223021582734
7267.0,1.5539568345323742
7268.0,1.5971223021582734
7269.0,1.5971223021582734
7270.0,1.5539568345323742
7271.0,1.5971223021582734
7272.0,1.5539568345323742
7273.0,1.5539568345323742
7274.0,1.5539568345323742
7275.0,1.5539568345323742
7276.0,1.5539568345323742
7277.0,1.5971223021582734
7278.0,1.5539568345323742
7279.0,1.5971223021582734
7280.0,1.5539568345323742
7281.0,1.5539568345323742
7282.0,1.5539568345323742
7283.0,1.5971223021582734
7284.0,1.5539568345323742
7285.0,1.5539568345323742
7286.0,1.5539568345323742
7287.0,1.5539568345323742
7288.0,1.5539568345323742
7289.0,1.5539568345323742
7290.0,1.5539568345323742
7291.0,1.5539568345323742
7292.0,1.5539568345323742
7293.0,1.5539568345323742
7294.0,1.5971223021582734
7295.0,1.5971223021582734
7296.0,1.5971223021582734
7297.0,1.5539568345323742
7298.0,1.5539568345323742
7299.0,1.5539568345323742
7300.0,1.5971223021582734
7301.0,1.5539568345323742
7302.0,1.5539568345323742
7303.0,1.5971223021582734
7304.0,1.5971223021582734
7305.0,1.5971223021582734
7306.0,1.5971223021582734
7307.0,1.5539568345323742
7308.0,1.5971223021582734
7309.0,1.5539568345323742
7310.0,1.5539568345323742
7311.0,1.5971223021582734
7312.0,1.5971223021582734
7313.0,1.5539568345323742
7314.0,1.5539568345323742
7315.0,1.5539568345323742
7316.0,1.5971223021582734
7317.0,1.5539568345323742
7318.0,1.5971223021582734
7319.0,1.5539568345323742
7320.0,1.5539568345323742
7321.0,1.5539568345323742
7322.0,1.5539568345323742
7323.0,1.5539568345323742
7324.0,1.5971223021582734
7325.0,1.5539568345323742
7326.0,1.5539568345323742
7327.0,1.5539568345323742
7328.0,1.5539568345323742
7329.0,1.5539568345323742
7330.0,1.5539568345323742
7331.0,1.5971223021582734
7332.0,1.5539568345323742
7333.0,1.5539568345323742
7334.0,1.5539568345323742
7335.0,1.5539568345323742
7336.0,1.5971223021582734
7337.0,1.5539568345323742
7338.0,1.5971223021582734
7339.0,1.5539568345323742
7340.0,1.5971223021582734
7341.0,1.5971223021582734
7342.0,1.5539568345323742
7343.0,1.5539568345323742
7344.0,1.5539568345323742
7345.0,1.5539568345323742
7346.0,1.5539568345323742
7347.0,1.5539568345323742
7348.0,1.5539568345323742
7349.0,1.5971223021582734
7350.0,1.5539568345323742
7351.0,1.5539568345323742
7352.0,1.5539568345323742
7353.0,1.5539568345323742
7354.0,1.5539568345323742
7355.0,1.5539568345323742
7356.0,1.5539568345323742
7357.0,1.5539568345323742
7358.0,1.5539568345323742
7359.0,1.5539568345323742
7360.0,1.5539568345323742
7361.0,1.5539568345323742
7362.0,1.5539568345323742
7363.0,1.5539568345323742
7364.0,1.5539568345323742
7365.0,1.5539568345323742
7366.0,1.5539568345323742
7367.0,1.5539568345323742
7368.0,1.5539568345323742
7369.0,1.5971223021582734
7370.0,1.5539568345323742
7371.0,1.5971223021582734
7372.0,1.5539568345323742
7373.0,1.5539568345323742
7374.0,1.5539568345323742
7375.0,1.5539568345323742
7376.0,1.5539568345323742
7377.0,1.5539568345323742
7378.0,1.5539568345323742
7379.0,1.5971223021582734
7380.0,1.5539568345323742
7381.0,1.5539568345323742
7382.0,1.5539568345323742
7383.0,1.5971223021582734
7384.0,1.5539568345323742
7385.0,1.5539568345323742
7386.0,1.5971223021582734
7387.0,1.5539568345323742
7388.0,1.5539568345323742
7389.0,1.5539568345323742
7390.0,1.5539568345323742
7391.0,1.5539568345323742
7392.0,1.5539568345323742
7393.0,1.5539568345323742
7394.0,1.5539568345323742
7395.0,1.5539568345323742
7396.0,1.5539568345323742
7397.0,1.5539568345323742
7398.0,1.5539568345323742
7399.0,1.5539568345323742
7400.0,1.5539568345323742
7401.0,1.5539568345323742
7402.0,1.5539568345323742
7403.0,1.5539568345323742
7404.0,1.5539568345323742
7405.0,1.5539568345323742
7406.0,1.5539568345323742
7407.0,1.5539568345323742
7408.0,1.5539568345323742
7409.0,1.5539568345323742
7410.0,1.5539568345323742
7411.0,1.5971223021582734
7412.0,1.5539568345323742
7413.0,1.5539568345323742
7414.0,1.5539568345323742
7415.0,1.5539568345323742
7416.0,1.5971223021582734
7417.0,1.5539568345323742
7418.0,1.5539568345323742
7419.0,1.5539568345323742
7420.0,1.5539568345323742
7421.0,1.5539568345323742
7422.0,1.5539568345323742
7423.0,1.5539568345323742
7424.0,1.5971223021582734
7425.0,1.5539568345323742
7426.0,1.5539568345323742
7427.0,1.5539568345323742
7428.0,1.5539568345323742
7429.0,1.5539568345323742
7430.0,1.5539568345323742
7431.0,1.5539568345323742
7432.0,1.5539568345323742
7433.0,1.5539568345323742
7434.0,1.5539568345323742
7435.0,1.5539568345323742
7436.0,1.5971223021582734
7437.0,1.5539568345323742
7438.0,1.5539568345323742
7439.0,1.5539568345323742
7440.0,1.5539568345323742
7441.0,1.5539568345323742
7442.0,1.5539568345323742
7443.0,1.5539568345323742
7444.0,1.5539568345323742
7445.0,1.5539568345323742
7446.0,1.5539568345323742
7447.0,1.5539568345323742
7448.0,1.5539568345323742
7449.0,1.5539568345323742
7450.0,1.5539568345323742
7451.0,1.5539568345323742
7452.0,1.5539568345323742
7453.0,1.5539568345323742
7454.0,1.5971223021582734
7455.0,1.5539568345323742
7456.0,1.5539568345323742
7457.0,1.5539568345323742
7458.0,1.5539568345323742
7459.0,1.5539568345323742
7460.0,1.5539568345323742
7461.0,1.5539568345323742
7462.0,1.5539568345323742
7463.0,1.5539568345323742
7464.0,1.5539568345323742
7465.0,1.5539568345323742
7466.0,1.5539568345323742
7467.0,1.5539568345323742
7468.0,1.5539568345323742
7469.0,1.5539568345323742
7470.0,1.5539568345323742
7471.0,1.5539568345323742
7472.0,1.5539568345323742
7473.0,1.5539568345323742
7474.0,1.5539568345323742
7475.0,1.5539568345323742
7476.0,1.5539568345323742
7477.0,1.5539568345323742
7478.0,1.5539568345323742
7479.0,1.5539568345323742
7480.0,1.5539568345323742
7481.0,1.5539568345323742
7482.0,1.510791366906475
7483.0,1.5539568345323742
7484.0,1.5539568345323742
7485.0,1.5539568345323742
7486.0,1.5539568345323742
7487.0,1.5539568345323742
7488.0,1.5539568345323742
7489.0,1.5539568345323742
7490.0,1.5539568345323742
7491.0,1.5539568345323742
7492.0,1.5539568345323742
7493.0,1.5539568345323742
7494.0,1.5539568345323742
7495.0,1.5539568345323742
7496.0,1.5539568345323742
7497.0,1.5539568345323742
7498.0,1.5539568345323742
7499.0,1.5539568345323742
7500.0,1.5539568345323742
7501.0,1.5539568345323742
7502.0,1.5539568345323742
7503.0,1.5539568345323742
7504.0,1.5539568345323742
7505.0,1.5539568345323742
7506.0,1.5539568345323742
7507.0,1.5539568345323742
7508.0,1.5539568345323742
7509.0,1.5539568345323742
7510.0,1.5539568345323742
7511.0,1.5539568345323742
7512.0,1.5539568345323742
7513.0,1.5971223021582734
7514.0,1.5539568345323742
7515.0,1.5539568345323742
7516.0,1.5539568345323742
7517.0,1.5539568345323742
7518.0,1.5539568345323742
7519.0,1.5539568345323742
7520.0,1.5539568345323742
7521.0,1.5539568345323742
7522.0,1.5539568345323742
7523.0,1.5539568345323742
7524.0,1.5539568345323742
7525.0,1.5539568345323742
7526.0,1.5539568345323742
7527.0,1.5539568345323742
7528.0,1.5539568345323742
7529.0,1.5539568345323742
7530.0,1.5539568345323742
7531.0,1.5539568345323742
7532.0,1.5539568345323742
7533.0,1.5539568345323742
7534.0,1.5539568345323742
7535.0,1.5539568345323742
7536.0,1.5971223021582734
7537.0,1.5539568345323742
7538.0,1.5539568345323742
7539.0,1.5539568345323742
7540.0,1.5539568345323742
7541.0,1.5539568345323742
7542.0,1.5971223021582734
7543.0,1.5539568345323742
7544.0,1.5539568345323742
7545.0,1.5539568345323742
7546.0,1.5539568345323742
7547.0,1.5539568345323742
7548.0,1.5539568345323742
7549.0,1.5539568345323742
7550.0,1.5539568345323742
7551.0,1.5539568345323742
7552.0,1.5539568345323742
7553.0,1.5539568345323742
7554.0,1.5539568345323742
7555.0,1.5539568345323742
7556.0,1.5539568345323742
7557.0,1.5539568345323742
7558.0,1.5539568345323742
7559.0,1.5539568345323742
7560.0,1.5539568345323742
7561.0,1.5539568345323742
7562.0,1.5539568345323742
7563.0,1.5539568345323742
7564.0,1.5539568345323742
7565.0,1.5539568345323742
7566.0,1.5539568345323742
7567.0,1.5539568345323742
7568.0,1.5539568345323742
7569.0,1.5539568345323742
7570.0,1.5539568345323742
7571.0,1.5539568345323742
7572.0,1.510791366906475
7573.0,1.5539568345323742
7574.0,1.5539568345323742
7575.0,1.510791366906475
7576.0,1.5539568345323742
7577.0,1.5539568345323742
7578.0,1.5539568345323742
7579.0,1.5539568345323742
7580.0,1.5539568345323742
7581.0,1.5539568345323742
7582.0,1.5539568345323742
7583.0,1.5539568345323742
7584.0,1.5539568345323742
7585.0,1.5539568345323742
7586.0,1.5971223021582734
7587.0,1.5539568345323742
7588.0,1.5539568345323742
7589.0,1.5539568345323742
7590.0,1.5539568345323742
7591.0,1.5539568345323742
7592.0,1.5539568345323742
7593.0,1.5539568345323742
7594.0,1.5539568345323742
7595.0,1.5539568345323742
7596.0,1.5539568345323742
7597.0,1.5539568345323742
7598.0,1.5539568345323742
7599.0,1.5539568345323742
7600.0,1.5539568345323742
7601.0,1.5539568345323742
7602.0,1.5539568345323742
7603.0,1.5539568345323742
7604.0,1.5539568345323742
7605.0,1.5539568345323742
7606.0,1.5539568345323742
7607.0,1.5539568345323742
7608.0,1.5539568345323742
7609.0,1.5539568345323742
7610.0,1.5539568345323742
7611.0,1.5539568345323742
7612.0,1.5539568345323742
7613.0,1.5539568345323742
7614.0,1.5539568345323742
7615.0,1.5539568345323742
7616.0,1.5539568345323742
7617.0,1.5539568345323742
7618.0,1.5539568345323742
7619.0,1.5539568345323742
7620.0,1.510791366906475
7621.0,1.5539568345323742
7622.0,1.5539568345323742
7623.0,1.5539568345323742
7624.0,1.5539568345323742
7625.0,1.5539568345323742
7626.0,1.5539568345323742
7627.0,1.5539568345323742
7628.0,1.5539568345323742
7629.0,1.5539568345323742
7630.0,1.5539568345323742
7631.0,1.5971223021582734
7632.0,1.5539568345323742
7633.0,1.5539568345323742
7634.0,1.5539568345323742
7635.0,1.5539568345323742
7636.0,1.5539568345323742
7637.0,1.5539568345323742
7638.0,1.5539568345323742
7639.0,1.5539568345323742
7640.0,1.5539568345323742
7641.0,1.5539568345323742
7642.0,1.5539568345323742
7643.0,1.5539568345323742
7644.0,1.5539568345323742
7645.0,1.5539568345323742
7646.0,1.5539568345323742
7647.0,1.5539568345323742
7648.0,1.510791366906475
7649.0,1.5539568345323742
7650.0,1.510791366906475
7651.0,1.5539568345323742
7652.0,1.5539568345323742
7653.0,1.510791366906475
7654.0,1.5539568345323742
7655.0,1.5539568345323742
7656.0,1.5539568345323742
7657.0,1.5539568345323742
7658.0,1.5539568345323742
7659.0,1.5539568345323742
7660.0,1.5539568345323742
7661.0,1.5539568345323742
7662.0,1.5539568345323742
7663.0,1.5539568345323742
7664.0,1.5539568345323742
7665.0,1.5539568345323742
7666.0,1.5539568345323742
7667.0,1.5539568345323742
7668.0,1.5539568345323742
7669.0,1.5539568345323742
7670.0,1.5539568345323742
7671.0,1.5539568345323742
7672.0,1.5539568345323742
7673.0,1.5539568345323742
7674.0,1.5539568345323742
7675.0,1.5539568345323742
7676.0,1.5539568345323742
7677.0,1.5539568345323742
7678.0,1.510791366906475
7679.0,1.5539568345323742
7680.0,1.5539568345323742
7681.0,1.5539568345323742
7682.0,1.5539568345323742
7683.0,1.5539568345323742
7684.0,1.5539568345323742
7685.0,1.5539568345323742
7686.0,1.5539568345323742
7687.0,1.510791366906475
7688.0,1.5539568345323742
7689.0,1.5539568345323742
7690.0,1.5539568345323742
7691.0,1.5539568345323742
7692.0,1.5539568345323742
7693.0,1.5539568345323742
7694.0,1.5539568345323742
7695.0,1.510791366906475
7696.0,1.510791366906475
7697.0,1.5539568345323742
7698.0,1.5539568345323742
7699.0,1.510791366906475
7700.0,1.510791366906475
7701.0,1.5539568345323742
7702.0,1.5539568345323742
7703.0,1.510791366906475
7704.0,1.5539568345323742
7705.0,1.5539568345323742
7706.0,1.510791366906475
7707.0,1.5539568345323742
7708.0,1.5539568345323742
7709.0,1.5539568345323742
7710.0,1.5539568345323742
7711.0,1.5539568345323742
7712.0,1.510791366906475
7713.0,1.5539568345323742
7714.0,1.5539568345323742
7715.0,1.5539568345323742
7716.0,1.5539568345323742
7717.0,1.5539568345323742
7718.0,1.5539568345323742
7719.0,1.5539568345323742
7720.0,1.5539568345323742
7721.0,1.5539568345323742
7722.0,1.5539568345323742
7723.0,1.5539568345323742
7724.0,1.5539568345323742
7725.0,1.5539568345323742
7726.0,1.5539568345323742
7727.0,1.5539568345323742
7728.0,1.510791366906475
7729.0,1.510791366906475
7730.0,1.5539568345323742
7731.0,1.5539568345323742
7732.0,1.5539568345323742
7733.0,1.5539568345323742
7734.0,1.5539568345323742
7735.0,1.5539568345323742
7736.0,1.5539568345323742
7737.0,1.5539568345323742
7738.0,1.510791366906475
7739.0,1.5539568345323742
7740.0,1.5539568345323742
7741.0,1.5539568345323742
7742.0,1.5539568345323742
7743.0,1.5539568345323742
7744.0,1.5539568345323742
7745.0,1.510791366906475
7746.0,1.5539568345323742
7747.0,1.510791366906475
7748.0,1.5539568345323742
7749.0,1.5539568345323742
7750.0,1.5539568345323742
7751.0,1.5539568345323742
7752.0,1.510791366906475
7753.0,1.510791366906475
7754.0,1.5539568345323742
7755.0,1.5539568345323742
7756.0,1.5539568345323742
7757.0,1.5539568345323742
7758.0,1.5539568345323742
7759.0,1.5539568345323742
7760.0,1.5539568345323742
7761.0,1.5539568345323742
7762.0,1.5539568345323742
7763.0,1.5539568345323742
7764.0,1.5539568345323742
7765.0,1.5539568345323742
7766.0,1.5539568345323742
7767.0,1.5539568345323742
7768.0,1.5539568345323742
7769.0,1.5539568345323742
7770.0,1.5539568345323742
7771.0,1.5539568345323742
7772.0,1.5539568345323742
7773.0,1.5539568345323742
7774.0,1.510791366906475
7775.0,1.5539568345323742
7776.0,1.5539568345323742
7777.0,1.510791366906475
7778.0,1.5539568345323742
7779.0,1.5539568345323742
7780.0,1.5539568345323742
7781.0,1.5539568345323742
7782.0,1.5539568345323742
7783.0,1.5539568345323742
7784.0,1.510791366906475
7785.0,1.5539568345323742
7786.0,1.5539568345323742
7787.0,1.5539568345323742
7788.0,1.510791366906475
7789.0,1.510791366906475
7790.0,1.510791366906475
7791.0,1.5539568345323742
7792.0,1.5539568345323742
7793.0,1.5539568345323742
7794.0,1.510791366906475
7795.0,1.5539568345323742
7796.0,1.5539568345323742
7797.0,1.5539568345323742
7798.0,1.510791366906475
7799.0,1.5539568345323742
7800.0,1.5539568345323742
7801.0,1.5539568345323742
7802.0,1.510791366906475
7803.0,1.5539568345323742
7804.0,1.5539568345323742
7805.0,1.5539568345323742
7806.0,1.510791366906475
7807.0,1.5539568345323742
7808.0,1.5539568345323742
7809.0,1.5539568345323742
7810.0,1.5539568345323742
7811.0,1.5539568345323742
7812.0,1.5539568345323742
7813.0,1.5539568345323742
7814.0,1.5539568345323742
7815.0,1.5539568345323742
7816.0,1.5539568345323742
7817.0,1.5539568345323742
7818.0,1.5539568345323742
7819.0,1.510791366906475
7820.0,1.5539568345323742
7821.0,1.5539568345323742
7822.0,1.5539568345323742
7823.0,1.510791366906475
7824.0,1.5539568345323742
7825.0,1.5539568345323742
7826.0,1.510791366906475
7827.0,1.510791366906475
7828.0,1.5539568345323742
7829.0,1.5539568345323742
7830.0,1.5539568345323742
7831.0,1.510791366906475
7832.0,1.510791366906475
7833.0,1.510791366906475
7834.0,1.510791366906475
7835.0,1.510791366906475
7836.0,1.5539568345323742
7837.0,1.5539568345323742
7838.0,1.5539568345323742
7839.0,1.510791366906475
7840.0,1.510791366906475
7841.0,1.5539568345323742
7842.0,1.510791366906475
7843.0,1.5539568345323742
7844.0,1.5539568345323742
7845.0,1.510791366906475
7846.0,1.5539568345323742
7847.0,1.510791366906475
7848.0,1.5539568345323742
7849.0,1.5539568345323742
7850.0,1.5539568345323742
7851.0,1.5539568345323742
7852.0,1.510791366906475
7853.0,1.5539568345323742
7854.0,1.5539568345323742
7855.0,1.5539568345323742
7856.0,1.5539568345323742
7857.0,1.5539568345323742
7858.0,1.5539568345323742
7859.0,1.5539568345323742
7860.0,1.5539568345323742
7861.0,1.510791366906475
7862.0,1.5539568345323742
7863.0,1.5539568345323742
7864.0,1.510791366906475
7865.0,1.510791366906475
7866.0,1.5539568345323742
7867.0,1.5539568345323742
7868.0,1.5539568345323742
7869.0,1.5539568345323742
7870.0,1.5539568345323742
7871.0,1.5539568345323742
7872.0,1.510791366906475
7873.0,1.5539568345323742
7874.0,1.510791366906475
7875.0,1.5539568345323742
7876.0,1.510791366906475
7877.0,1.510791366906475
7878.0,1.5539568345323742
7879.0,1.5539568345323742
7880.0,1.5539568345323742
7881.0,1.510791366906475
7882.0,1.510791366906475
7883.0,1.5539568345323742
7884.0,1.510791366906475
7885.0,1.5539568345323742
7886.0,1.510791366906475
7887.0,1.510791366906475
7888.0,1.5539568345323742
7889.0,1.5539568345323742
7890.0,1.5539568345323742
7891.0,1.5539568345323742
7892.0,1.510791366906475
7893.0,1.5539568345323742
7894.0,1.510791366906475
7895.0,1.510791366906475
7896.0,1.510791366906475
7897.0,1.5539568345323742
7898.0,1.510791366906475
7899.0,1.510791366906475
7900.0,1.5539568345323742
7901.0,1.5539568345323742
7902.0,1.510791366906475
7903.0,1.5539568345323742
7904.0,1.5539568345323742
7905.0,1.510791366906475
7906.0,1.510791366906475
7907.0,1.5539568345323742
7908.0,1.5539568345323742
7909.0,1.510791366906475
7910.0,1.5539568345323742
7911.0,1.5539568345323742
7912.0,1.510791366906475
7913.0,1.510791366906475
7914.0,1.510791366906475
7915.0,1.5539568345323742
7916.0,1.5539568345323742
7917.0,1.5539568345323742
7918.0,1.5539568345323742
7919.0,1.510791366906475
7920.0,1.5539568345323742
7921.0,1.510791366906475
7922.0,1.5539568345323742
7923.0,1.5539568345323742
7924.0,1.510791366906475
7925.0,1.510791366906475
7926.0,1.510791366906475
7927.0,1.510791366906475
7928.0,1.5539568345323742
7929.0,1.510791366906475
7930.0,1.5539568345323742
7931.0,1.510791366906475
7932.0,1.510791366906475
7933.0,1.5539568345323742
7934.0,1.510791366906475
7935.0,1.5539568345323742
7936.0,1.510791366906475
7937.0,1.510791366906475
7938.0,1.5539568345323742
7939.0,1.5539568345323742
7940.0,1.510791366906475
7941.0,1.5539568345323742
7942.0,1.5539568345323742
7943.0,1.5539568345323742
7944.0,1.510791366906475
7945.0,1.510791366906475
7946.0,1.5539568345323742
7947.0,1.5539568345323742
7948.0,1.5539568345323742
7949.0,1.510791366906475
7950.0,1.510791366906475
7951.0,1.510791366906475
7952.0,1.510791366906475
7953.0,1.5539568345323742
7954.0,1.5539568345323742
7955.0,1.5539568345323742
7956.0,1.510791366906475
7957.0,1.5539568345323742
7958.0,1.5539568345323742
7959.0,1.510791366906475
7960.0,1.510791366906475
7961.0,1.5539568345323742
7962.0,1.510791366906475
7963.0,1.5539568345323742
7964.0,1.510791366906475
7965.0,1.5539568345323742
7966.0,1.5539568345323742
7967.0,1.5539568345323742
7968.0,1.510791366906475
7969.0,1.510791366906475
7970.0,1.510791366906475
7971.0,1.510791366906475
7972.0,1.510791366906475
7973.0,1.510791366906475
7974.0,1.510791366906475
7975.0,1.5539568345323742
7976.0,1.510791366906475
7977.0,1.510791366906475
7978.0,1.5539568345323742
7979.0,1.5539568345323742
7980.0,1.510791366906475
7981.0,1.510791366906475
7982.0,1.510791366906475
7983.0,1.510791366906475
7984.0,1.510791366906475
7985.0,1.5539568345323742
7986.0,1.510791366906475
7987.0,1.510791366906475
7988.0,1.5539568345323742
7989.0,1.510791366906475
7990.0,1.5539568345323742
7991.0,1.5539568345323742
7992.0,1.510791366906475
7993.0,1.510791366906475
7994.0,1.4676258992805755
7995.0,1.510791366906475
7996.0,1.5539568345323742
7997.0,1.510791366906475
7998.0,1.5539568345323742
7999.0,1.4676258992805755
8000.0,1.5539568345323742
8001.0,1.510791366906475
8002.0,1.510791366906475
8003.0,1.5539568345323742
8004.0,1.5539568345323742
8005.0,1.510791366906475
8006.0,1.510791366906475
8007.0,1.4676258992805755
8008.0,1.510791366906475
8009.0,1.510791366906475
8010.0,1.5539568345323742
8011.0,1.5539568345323742
8012.0,1.510791366906475
8013.0,1.5539568345323742
8014.0,1.4676258992805755
8015.0,1.5539568345323742
8016.0,1.510791366906475
8017.0,1.510791366906475
8018.0,1.510791366906475
8019.0,1.510791366906475
8020.0,1.510791366906475
8021.0,1.510791366906475
8022.0,1.510791366906475
8023.0,1.5539568345323742
8024.0,1.510791366906475
8025.0,1.5539568345323742
8026.0,1.510791366906475
8027.0,1.510791366906475
8028.0,1.510791366906475
8029.0,1.510791366906475
8030.0,1.510791366906475
8031.0,1.510791366906475
8032.0,1.510791366906475
8033.0,1.5539568345323742
8034.0,1.5539568345323742
8035.0,1.510791366906475
8036.0,1.5539568345323742
8037.0,1.510791366906475
8038.0,1.510791366906475
8039.0,1.5539568345323742
8040.0,1.510791366906475
8041.0,1.510791366906475
8042.0,1.510791366906475
8043.0,1.510791366906475
8044.0,1.5539568345323742
8045.0,1.510791366906475
8046.0,1.510791366906475
8047.0,1.510791366906475
8048.0,1.5539568345323742
8049.0,1.510791366906475
8050.0,1.5539568345323742
8051.0,1.510791366906475
8052.0,1.510791366906475
8053.0,1.5539568345323742
8054.0,1.510791366906475
8055.0,1.5539568345323742
8056.0,1.4676258992805755
8057.0,1.510791366906475
8058.0,1.5539568345323742
8059.0,1.510791366906475
8060.0,1.510791366906475
8061.0,1.510791366906475
8062.0,1.510791366906475
8063.0,1.510791366906475
8064.0,1.510791366906475
8065.0,1.5539568345323742
8066.0,1.510791366906475
8067.0,1.510791366906475
8068.0,1.5539568345323742
8069.0,1.510791366906475
8070.0,1.510791366906475
8071.0,1.5539568345323742
8072.0,1.510791366906475
8073.0,1.5539568345323742
8074.0,1.510791366906475
8075.0,1.510791366906475
8076.0,1.510791366906475
8077.0,1.5539568345323742
8078.0,1.5539568345323742
8079.0,1.510791366906475
8080.0,1.510791366906475
8081.0,1.510791366906475
8082.0,1.4676258992805755
8083.0,1.5539568345323742
8084.0,1.510791366906475
8085.0,1.5539568345323742
8086.0,1.510791366906475
8087.0,1.510791366906475
8088.0,1.5539568345323742
8089.0,1.5539568345323742
8090.0,1.510791366906475
8091.0,1.4676258992805755
8092.0,1.510791366906475
8093.0,1.5539568345323742
8094.0,1.510791366906475
8095.0,1.4676258992805755
8096.0,1.510791366906475
8097.0,1.510791366906475
8098.0,1.5539568345323742
8099.0,1.4676258992805755
8100.0,1.510791366906475
8101.0,1.510791366906475
8102.0,1.510791366906475
8103.0,1.510791366906475
8104.0,1.510791366906475
8105.0,1.510791366906475
8106.0,1.4676258992805755
8107.0,1.510791366906475
8108.0,1.510791366906475
8109.0,1.510791366906475
8110.0,1.510791366906475
8111.0,1.510791366906475
8112.0,1.510791366906475
8113.0,1.510791366906475
8114.0,1.4676258992805755
8115.0,1.510791366906475
8116.0,1.510791366906475
8117.0,1.510791366906475
8118.0,1.4676258992805755
8119.0,1.510791366906475
8120.0,1.510791366906475
8121.0,1.510791366906475
8122.0,1.510791366906475
8123.0,1.5539568345323742
8124.0,1.510791366906475
8125.0,1.510791366906475
8126.0,1.5539568345323742
8127.0,1.5539568345323742
8128.0,1.510791366906475
8129.0,1.510791366906475
8130.0,1.510791366906475
8131.0,1.510791366906475
8132.0,1.510791366906475
8133.0,1.510791366906475
8134.0,1.4676258992805755
8135.0,1.510791366906475
8136.0,1.510791366906475
8137.0,1.510791366906475
8138.0,1.510791366906475
8139.0,1.510791366906475
8140.0,1.510791366906475
8141.0,1.510791366906475
8142.0,1.4676258992805755
8143.0,1.4676258992805755
8144.0,1.510791366906475
8145.0,1.510791366906475
8146.0,1.510791366906475
8147.0,1.510791366906475
8148.0,1.510791366906475
8149.0,1.510791366906475
8150.0,1.5539568345323742
8151.0,1.4676258992805755
8152.0,1.510791366906475
8153.0,1.5539568345323742
8154.0,1.4676258992805755
8155.0,1.5539568345323742
8156.0,1.510791366906475
8157.0,1.510791366906475
8158.0,1.510791366906475
8159.0,1.4676258992805755
8160.0,1.510791366906475
8161.0,1.510791366906475
8162.0,1.4676258992805755
8163.0,1.510791366906475
8164.0,1.5539568345323742
8165.0,1.510791366906475
8166.0,1.4676258992805755
8167.0,1.510791366906475
8168.0,1.4676258992805755
8169.0,1.510791366906475
8170.0,1.510791366906475
8171.0,1.510791366906475
8172.0,1.510791366906475
8173.0,1.510791366906475
8174.0,1.4676258992805755
8175.0,1.4676258992805755
8176.0,1.510791366906475
8177.0,1.510791366906475
8178.0,1.510791366906475
8179.0,1.510791366906475
8180.0,1.4676258992805755
8181.0,1.4676258992805755
8182.0,1.510791366906475
8183.0,1.510791366906475
8184.0,1.4676258992805755
8185.0,1.510791366906475
8186.0,1.510791366906475
8187.0,1.510791366906475
8188.0,1.5539568345323742
8189.0,1.510791366906475
8190.0,1.510791366906475
8191.0,1.510791366906475
8192.0,1.4676258992805755
8193.0,1.510791366906475
8194.0,1.510791366906475
8195.0,1.4676258992805755
8196.0,1.4676258992805755
8197.0,1.5539568345323742
8198.0,1.4676258992805755
8199.0,1.510791366906475
8200.0,1.510791366906475
8201.0,1.510791366906475
8202.0,1.510791366906475
8203.0,1.510791366906475
8204.0,1.4676258992805755
8205.0,1.5539568345323742
8206.0,1.510791366906475
8207.0,1.4676258992805755
8208.0,1.510791366906475
8209.0,1.510791366906475
8210.0,1.510791366906475
8211.0,1.510791366906475
8212.0,1.4676258992805755
8213.0,1.510791366906475
8214.0,1.510791366906475
8215.0,1.510791366906475
8216.0,1.4676258992805755
8217.0,1.510791366906475
8218.0,1.4676258992805755
8219.0,1.4676258992805755
8220.0,1.4676258992805755
8221.0,1.510791366906475
8222.0,1.4676258992805755
8223.0,1.510791366906475
8224.0,1.510791366906475
8225.0,1.4676258992805755
8226.0,1.4676258992805755
8227.0,1.510791366906475
8228.0,1.510791366906475
8229.0,1.510791366906475
8230.0,1.510791366906475
8231.0,1.510791366906475
8232.0,1.510791366906475
8233.0,1.510791366906475
8234.0,1.4676258992805755
8235.0,1.4676258992805755
8236.0,1.4676258992805755
8237.0,1.510791366906475
8238.0,1.510791366906475
8239.0,1.510791366906475
8240.0,1.4676258992805755
8241.0,1.510791366906475
8242.0,1.510791366906475
8243.0,1.510791366906475
8244.0,1.4676258992805755
8245.0,1.4676258992805755
8246.0,1.510791366906475
8247.0,1.510791366906475
8248.0,1.4676258992805755
8249.0,1.510791366906475
8250.0,1.4676258992805755
8251.0,1.4676258992805755
8252.0,1.4676258992805755
8253.0,1.4676258992805755
8254.0,1.510791366906475
8255.0,1.510791366906475
8256.0,1.4676258992805755
8257.0,1.4676258992805755
8258.0,1.510791366906475
8259.0,1.510791366906475
8260.0,1.510791366906475
8261.0,1.4676258992805755
8262.0,1.4676258992805755
8263.0,1.510791366906475
8264.0,1.510791366906475
8265.0,1.4676258992805755
8266.0,1.510791366906475
8267.0,1.510791366906475
8268.0,1.4676258992805755
8269.0,1.510791366906475
8270.0,1.4676258992805755
8271.0,1.510791366906475
8272.0,1.510791366906475
8273.0,1.4676258992805755
8274.0,1.4676258992805755
8275.0,1.510791366906475
8276.0,1.4676258992805755
8277.0,1.510791366906475
8278.0,1.510791366906475
8279.0,1.4676258992805755
8280.0,1.510791366906475
8281.0,1.510791366906475
8282.0,1.4676258992805755
8283.0,1.510791366906475
8284.0,1.510791366906475
8285.0,1.510791366906475
8286.0,1.510791366906475
8287.0,1.510791366906475
8288.0,1.510791366906475
8289.0,1.510791366906475
8290.0,1.510791366906475
8291.0,1.4676258992805755
8292.0,1.510791366906475
8293.0,1.510791366906475
8294.0,1.4676258992805755
8295.0,1.510791366906475
8296.0,1.4676258992805755
8297.0,1.4676258992805755
8298.0,1.4676258992805755
8299.0,1.510791366906475
8300.0,1.4676258992805755
8301.0,1.510791366906475
8302.0,1.4676258992805755
8303.0,1.510791366906475
8304.0,1.4676258992805755
8305.0,1.510791366906475
8306.0,1.4676258992805755
8307.0,1.510791366906475
8308.0,1.5539568345323742
8309.0,1.510791366906475
8310.0,1.4676258992805755
8311.0,1.4676258992805755
8312.0,1.4676258992805755
8313.0,1.510791366906475
8314.0,1.4676258992805755
8315.0,1.510791366906475
8316.0,1.4676258992805755
8317.0,1.4676258992805755
8318.0,1.4676258992805755
8319.0,1.4676258992805755
8320.0,1.4676258992805755
8321.0,1.510791366906475
8322.0,1.510791366906475
8323.0,1.4676258992805755
8324.0,1.510791366906475
8325.0,1.510791366906475
8326.0,1.4676258992805755
8327.0,1.510791366906475
8328.0,1.4676258992805755
8329.0,1.4676258992805755
8330.0,1.4676258992805755
8331.0,1.4676258992805755
8332.0,1.4676258992805755
8333.0,1.510791366906475
8334.0,1.4676258992805755
8335.0,1.510791366906475
8336.0,1.4676258992805755
8337.0,1.4676258992805755
8338.0,1.510791366906475
8339.0,1.4676258992805755
8340.0,1.510791366906475
8341.0,1.4676258992805755
8342.0,1.4676258992805755
8343.0,1.4676258992805755
8344.0,1.510791366906475
8345.0,1.4676258992805755
8346.0,1.4676258992805755
8347.0,1.4676258992805755
8348.0,1.4676258992805755
8349.0,1.510791366906475
8350.0,1.510791366906475
8351.0,1.4676258992805755
8352.0,1.4676258992805755
8353.0,1.4676258992805755
8354.0,1.4676258992805755
8355.0,1.510791366906475
8356.0,1.4676258992805755
8357.0,1.4676258992805755
8358.0,1.510791366906475
8359.0,1.4676258992805755
8360.0,1.4676258992805755
8361.0,1.510791366906475
8362.0,1.4676258992805755
8363.0,1.510791366906475
8364.0,1.4676258992805755
8365.0,1.510791366906475
8366.0,1.4676258992805755
8367.0,1.510791366906475
8368.0,1.510791366906475
8369.0,1.4676258992805755
8370.0,1.4676258992805755
8371.0,1.4676258992805755
8372.0,1.510791366906475
8373.0,1.4676258992805755
8374.0,1.510791366906475
8375.0,1.4676258992805755
8376.0,1.4676258992805755
8377.0,1.510791366906475
8378.0,1.4676258992805755
8379.0,1.4676258992805755
8380.0,1.4676258992805755
8381.0,1.4676258992805755
8382.0,1.510791366906475
8383.0,1.510791366906475
8384.0,1.4676258992805755
8385.0,1.4676258992805755
8386.0,1.4676258992805755
8387.0,1.4676258992805755
8388.0,1.4676258992805755
8389.0,1.510791366906475
8390.0,1.510791366906475
8391.0,1.4676258992805755
8392.0,1.4676258992805755
8393.0,1.4676258992805755
8394.0,1.4676258992805755
8395.0,1.510791366906475
8396.0,1.4676258992805755
8397.0,1.4676258992805755
8398.0,1.4676258992805755
8399.0,1.4676258992805755
8400.0,1.4676258992805755
8401.0,1.4676258992805755
8402.0,1.4676258992805755
8403.0,1.510791366906475
8404.0,1.4676258992805755
8405.0,1.510791366906475
8406.0,1.4676258992805755
8407.0,1.510791366906475
8408.0,1.510791366906475
8409.0,1.4676258992805755
8410.0,1.4676258992805755
8411.0,1.4676258992805755
8412.0,1.4676258992805755
8413.0,1.4676258992805755
8414.0,1.4676258992805755
8415.0,1.510791366906475
8416.0,1.4676258992805755
8417.0,1.4676258992805755
8418.0,1.4676258992805755
8419.0,1.4676258992805755
8420.0,1.510791366906475
8421.0,1.510791366906475
8422.0,1.4676258992805755
8423.0,1.4676258992805755
8424.0,1.4676258992805755
8425.0,1.510791366906475
8426.0,1.4676258992805755
8427.0,1.4676258992805755
8428.0,1.4676258992805755
8429.0,1.4676258992805755
8430.0,1.4676258992805755
8431.0,1.4676258992805755
8432.0,1.4676258992805755
8433.0,1.4676258992805755
8434.0,1.510791366906475
8435.0,1.4676258992805755
8436.0,1.4676258992805755
8437.0,1.4676258992805755
8438.0,1.510791366906475
8439.0,1.510791366906475
8440.0,1.4676258992805755
8441.0,1.510791366906475
8442.0,1.4676258992805755
8443.0,1.4676258992805755
8444.0,1.4676258992805755
8445.0,1.510791366906475
8446.0,1.4676258992805755
8447.0,1.4676258992805755
8448.0,1.4676258992805755
8449.0,1.4676258992805755
8450.0,1.4676258992805755
8451.0,1.4676258992805755
8452.0,1.4676258992805755
8453.0,1.510791366906475
8454.0,1.4676258992805755
8455.0,1.4676258992805755
8456.0,1.4676258992805755
8457.0,1.4676258992805755
8458.0,1.4676258992805755
8459.0,1.4676258992805755
8460.0,1.4676258992805755
8461.0,1.4676258992805755
8462.0,1.510791366906475
8463.0,1.4676258992805755
8464.0,1.4676258992805755
8465.0,1.4676258992805755
8466.0,1.4676258992805755
8467.0,1.4676258992805755
8468.0,1.4676258992805755
8469.0,1.4676258992805755
8470.0,1.510791366906475
8471.0,1.4676258992805755
8472.0,1.4676258992805755
8473.0,1.4676258992805755
8474.0,1.4676258992805755
8475.0,1.4676258992805755
8476.0,1.4676258992805755
8477.0,1.4676258992805755
8478.0,1.4676258992805755
8479.0,1.4676258992805755
8480.0,1.4676258992805755
8481.0,1.4676258992805755
8482.0,1.4676258992805755
8483.0,1.510791366906475
8484.0,1.4676258992805755
8485.0,1.4676258992805755
8486.0,1.4676258992805755
8487.0,1.4676258992805755
8488.0,1.4676258992805755
8489.0,1.4676258992805755
8490.0,1.510791366906475
8491.0,1.4676258992805755
8492.0,1.4676258992805755
8493.0,1.510791366906475
8494.0,1.4676258992805755
8495.0,1.510791366906475
8496.0,1.4676258992805755
8497.0,1.4676258992805755
8498.0,1.4676258992805755
8499.0,1.4676258992805755
