time_ms,diameter_mm
0.0,2.914285714285714
1.0,2.9571428571428573
2.0,2.9571428571428573
3.0,2.9571428571428573
4.0,2.9571428571428573
5.0,2.9571428571428573
6.0,2.9571428571428573
7.0,2.9571428571428573
8.0,2.9571428571428573
9.0,2.9571428571428573
10.0,2.9571428571428573
11.0,2.9571428571428573
12.0,2.914285714285714
13.0,2.914285714285714
14.0,2.914285714285714
15.0,2.9571428571428573
16.0,2.914285714285714
17.0,2.9571428571428573
18.0,2.9571428571428573
19.0,2.914285714285714
20.0,2.914285714285714
21.0,2.914285714285714
22.0,2.914285714285714
23.0,2.9571428571428573
24.0,2.914285714285714
25.0,2.9571428571428573
26.0,2.914285714285714
27.0,2.914285714285714
28.0,2.914285714285714
29.0,2.914285714285714
30.0,2.8714285714285714
31.0,2.914285714285714
32.0,2.914285714285714
33.0,2.914285714285714
34.0,2.914285714285714
35.0,2.914285714285714
36.0,2.914285714285714
37.0,2.914285714285714
38.0,2.914285714285714
39.0,2.914285714285714
40.0,2.914285714285714
41.0,2.914285714285714
42.0,2.914285714285714
43.0,2.914285714285714
44.0,2.914285714285714
45.0,2.914285714285714
46.0,2.914285714285714
47.0,2.914285714285714
48.0,2.8714285714285714
49.0,2.8714285714285714
50.0,2.914285714285714
51.0,2.914285714285714
52.0,2.914285714285714
53.0,2.914285714285714
54.0,2.914285714285714
55.0,2.8714285714285714
56.0,2.8714285714285714
57.0,2.914285714285714
58.0,2.914285714285714
59.0,2.8714285714285714
60.0,2.8714285714285714
61.0,2.914285714285714
62.0,2.8714285714285714
63.0,2.8714285714285714
64.0,2.8714285714285714
65.0,2.8714285714285714
66.0,2.8714285714285714
67.0,2.8714285714285714
68.0,2.8714285714285714
69.0,2.914285714285714
70.0,2.914285714285714
71.0,2.8714285714285714
72.0,2.8714285714285714
73.0,2.8714285714285714
74.0,2.8714285714285714
75.0,2.8714285714285714
76.0,2.8714285714285714
77.0,2.914285714285714
78.0,2.8714285714285714
79.0,2.8714285714285714
80.0,2.8714285714285714
81.0,2.8714285714285714
82.0,2.8714285714285714
83.0,2.8714285714285714
84.0,2.8714285714285714
85.0,2.8714285714285714
86.0,2.8714285714285714
87.0,2.8714285714285714
88.0,2.8285714285714287
89.0,2.8714285714285714
90.0,2.8714285714285714
91.0,2.8714285714285714
92.0,2.8714285714285714
93.0,2.8714285714285714
94.0,2.8714285714285714
95.0,2.8714285714285714
96.0,2.8714285714285714
97.0,2.8714285714285714
98.0,2.8714285714285714
99.0,2.8285714285714287
100.0,2.8714285714285714
101.0,2.8285714285714287
102.0,2.8714285714285714
103.0,2.8714285714285714
104.0,2.8714285714285714
105.0,2.8714285714285714
106.0,2.8714285714285714
107.0,2.8714285714285714
108.0,2.8714285714285714
109.0,2.8714285714285714
110.0,2.8714285714285714
111.0,2.8714285714285714
112.0,2.8714285714285714
113.0,2.8285714285714287
114.0,2.8714285714285714
115.0,2.8285714285714287
116.0,2.8714285714285714
117.0,2.8285714285714287
118.0,2.8285714285714287
119.0,2.8714285714285714
120.0,2.8285714285714287
121.0,2.8714285714285714
122.0,2.8285714285714287
123.0,2.8285714285714287
124.0,2.8285714285714287
125.0,2.8714285714285714
126.0,2.8714285714285714
127.0,2.8714285714285714
128.0,2.8285714285714287
129.0,2.8714285714285714
130.0,2.8285714285714287
131.0,2.8285714285714287
132.0,2.8285714285714287
133.0,2.8285714285714287
134.0,2.8285714285714287
135.0,2.8285714285714287
136.0,2.8285714285714287
137.0,2.8285714285714287
138.0,2.8714285714285714
139.0,2.8285714285714287
140.0,2.8714285714285714
141.0,2.8285714285714287
142.0,2.8285714285714287
143.0,2.8285714285714287
144.0,2.8285714285714287
145.0,2.8285714285714287
146.0,2.8285714285714287
147.0,2.8285714285714287
148.0,2.8285714285714287
149.0,2.8285714285714287
150.0,2.8285714285714287
151.0,2.8285714285714287
152.0,2.8714285714285714
153.0,2.8285714285714287
154.0,2.8285714285714287
155.0,2.8285714285714287
156.0,2.8285714285714287
157.0,2.8285714285714287
158.0,2.8285714285714287
159.0,2.8285714285714287
160.0,2.8285714285714287
161.0,2.7857142857142856
162.0,2.8285714285714287
163.0,2.8285714285714287
164.0,2.7857142857142856
165.0,2.8285714285714287
166.0,2.8285714285714287
167.0,2.8285714285714287
168.0,2.8285714285714287
169.0,2.8285714285714287
170.0,2.8285714285714287
171.0,2.8285714285714287
172.0,2.8285714285714287
173.0,2.8285714285714287
174.0,2.8285714285714287
175.0,2.8285714285714287
176.0,2.8285714285714287
177.0,2.8285714285714287
178.0,2.8285714285714287
179.0,2.7857142857142856
180.0,2.8285714285714287
181.0,2.7857142857142856
182.0,2.8285714285714287
183.0,2.7857142857142856
184.0,2.7857142857142856
185.0,2.8285714285714287
186.0,2.8285714285714287
187.0,2.8285714285714287
188.0,2.8285714285714287
189.0,2.7857142857142856
190.0,2.8285714285714287
191.0,2.7857142857142856
192.0,2.7857142857142856
193.0,2.7857142857142856
194.0,2.8285714285714287
195.0,2.7857142857142856
196.0,2.7857142857142856
197.0,2.7857142857142856
198.0,2.8285714285714287
199.0,2.8285714285714287
200.0,2.7857142857142856
201.0,2.742857142857143
202.0,2.7857142857142856
203.0,2.7857142857142856
204.0,2.8285714285714287
205.0,2.7857142857142856
206.0,2.7857142857142856
207.0,2.7857142857142856
208.0,2.7857142857142856
209.0,2.8285714285714287
210.0,2.8285714285714287
211.0,2.8285714285714287
212.0,2.8285714285714287
213.0,2.8285714285714287
214.0,2.7857142857142856
215.0,2.7857142857142856
216.0,2.8285714285714287
217.0,2.7857142857142856
218.0,2.8285714285714287
219.0,2.8285714285714287
220.0,2.8285714285714287
221.0,2.7857142857142856
222.0,2.8285714285714287
223.0,2.7857142857142856
224.0,2.7857142857142856
225.0,2.7857142857142856
226.0,2.7857142857142856
227.0,2.7857142857142856
228.0,2.7857142857142856
229.0,2.7857142857142856
230.0,2.7857142857142856
231.0,2.7857142857142856
232.0,2.7857142857142856
233.0,2.7857142857142856
234.0,2.7857142857142856
235.0,2.7857142857142856
236.0,2.7857142857142856
237.0,2.7857142857142856
238.0,2.8285714285714287
239.0,2.7857142857142856
240.0,2.7857142857142856
241.0,2.7857142857142856
242.0,2.7857142857142856
243.0,2.7857142857142856
244.0,2.7857142857142856
245.0,2.7857142857142856
246.0,2.7857142857142856
247.0,2.7857142857142856
248.0,2.7857142857142856
249.0,2.7857142857142856
250.0,2.7857142857142856
251.0,2.7857142857142856
252.0,2.7857142857142856
253.0,2.7857142857142856
254.0,2.8285714285714287
255.0,2.7857142857142856
256.0,2.7857142857142856
257.0,2.742857142857143
258.0,2.742857142857143
259.0,2.7857142857142856
260.0,2.7857142857142856
261.0,2.742857142857143
262.0,2.7857142857142856
263.0,2.7857142857142856
264.0,2.7857142857142856
265.0,2.7857142857142856
266.0,2.7857142857142856
267.0,2.7857142857142856
268.0,2.7857142857142856
269.0,2.7857142857142856
270.0,2.742857142857143
271.0,2.7857142857142856
272.0,2.742857142857143
273.0,2.7857142857142856
274.0,2.742857142857143
275.0,2.7857142857142856
276.0,2.742857142857143
277.0,2.742857142857143
278.0,2.7857142857142856
279.0,2.742857142857143
280.0,2.7857142857142856
281.0,2.742857142857143
282.0,2.742857142857143
283.0,2.742857142857143
284.0,2.742857142857143
285.0,2.742857142857143
286.0,2.742857142857143
287.0,2.742857142857143
288.0,2.742857142857143
289.0,2.742857142857143
290.0,2.7857142857142856
291.0,2.7857142857142856
292.0,2.7857142857142856
293.0,2.742857142857143
294.0,2.742857142857143
295.0,2.742857142857143
296.0,2.7857142857142856
297.0,2.742857142857143
298.0,2.7857142857142856
299.0,2.742857142857143
300.0,2.742857142857143
301.0,2.742857142857143
302.0,2.7857142857142856
303.0,2.742857142857143
304.0,2.742857142857143
305.0,2.7857142857142856
306.0,2.742857142857143
307.0,2.742857142857143
308.0,2.742857142857143
309.0,2.742857142857143
310.0,2.742857142857143
311.0,2.742857142857143
312.0,2.742857142857143
313.0,2.7857142857142856
314.0,2.742857142857143
315.0,2.742857142857143
316.0,2.742857142857143
317.0,2.742857142857143
318.0,2.742857142857143
319.0,2.742857142857143
320.0,2.742857142857143
321.0,2.742857142857143
322.0,2.742857142857143
323.0,2.742857142857143
324.0,2.742857142857143
325.0,2.742857142857143
326.0,2.742857142857143
327.0,2.742857142857143
328.0,2.742857142857143
329.0,2.742857142857143
330.0,2.742857142857143
331.0,2.742857142857143
332.0,2.742857142857143
333.0,2.742857142857143
334.0,2.742857142857143
335.0,2.742857142857143
336.0,2.7857142857142856
337.0,2.742857142857143
338.0,2.7857142857142856
339.0,2.742857142857143
340.0,2.742857142857143
341.0,2.742857142857143
342.0,2.742857142857143
343.0,2.742857142857143
344.0,2.742857142857143
345.0,2.742857142857143
346.0,2.742857142857143
347.0,2.742857142857143
348.0,2.742857142857143
349.0,2.742857142857143
350.0,2.742857142857143
351.0,2.742857142857143
352.0,2.742857142857143
353.0,2.742857142857143
354.0,2.742857142857143
355.0,2.7
356.0,2.742857142857143
357.0,2.742857142857143
358.0,2.742857142857143
359.0,2.742857142857143
360.0,2.742857142857143
361.0,2.7
362.0,2.742857142857143
363.0,2.742857142857143
364.0,2.742857142857143
365.0,2.742857142857143
366.0,2.742857142857143
367.0,2.742857142857143
368.0,2.7
369.0,2.742857142857143
370.0,2.742857142857143
371.0,2.742857142857143
372.0,2.742857142857143
373.0,2.742857142857143
374.0,2.742857142857143
375.0,2.742857142857143
376.0,2.742857142857143
377.0,2.742857142857143
378.0,2.742857142857143
379.0,2.742857142857143
380.0,2.7
381.0,2.742857142857143
382.0,2.7
383.0,2.742857142857143
384.0,2.742857142857143
385.0,2.7
386.0,2.742857142857143
387.0,2.7
388.0,2.742857142857143
389.0,2.742857142857143
390.0,2.742857142857143
391.0,2.742857142857143
392.0,2.742857142857143
393.0,2.7
394.0,2.742857142857143
395.0,2.7
396.0,2.742857142857143
397.0,2.742857142857143
398.0,2.742857142857143
399.0,2.7
400.0,2.7
401.0,2.742857142857143
402.0,2.7
403.0,2.742857142857143
404.0,2.742857142857143
405.0,2.7
406.0,2.742857142857143
407.0,2.742857142857143
408.0,2.742857142857143
409.0,2.7
410.0,2.742857142857143
411.0,2.742857142857143
412.0,2.742857142857143
413.0,2.742857142857143
414.0,2.742857142857143
415.0,2.742857142857143
416.0,2.742857142857143
417.0,2.742857142857143
418.0,2.742857142857143
419.0,2.7
420.0,2.7
421.0,2.7
422.0,2.7
423.0,2.742857142857143
424.0,2.7
425.0,2.742857142857143
426.0,2.742857142857143
427.0,2.7
428.0,2.7
429.0,2.7
430.0,2.7
431.0,2.742857142857143
432.0,2.742857142857143
433.0,2.742857142857143
434.0,2.742857142857143
435.0,2.7
436.0,2.742857142857143
437.0,2.7
438.0,2.742857142857143
439.0,2.742857142857143
440.0,2.7
441.0,2.742857142857143
442.0,2.7
443.0,2.7
444.0,2.7
445.0,2.7
446.0,2.7
447.0,2.7
448.0,2.7
449.0,2.742857142857143
450.0,2.7
451.0,2.742857142857143
452.0,2.742857142857143
453.0,2.742857142857143
454.0,2.742857142857143
455.0,2.742857142857143
456.0,2.742857142857143
457.0,2.7
458.0,2.7
459.0,2.7
460.0,2.7
461.0,2.7
462.0,2.7
463.0,2.742857142857143
464.0,2.742857142857143
465.0,2.7
466.0,2.742857142857143
467.0,2.7
468.0,2.7
469.0,2.7
470.0,2.7
471.0,2.742857142857143
472.0,2.742857142857143
473.0,2.7
474.0,2.742857142857143
475.0,2.7
476.0,2.742857142857143
477.0,2.742857142857143
478.0,2.7
479.0,2.7
480.0,2.7
481.0,2.7
482.0,2.7
483.0,2.7
484.0,2.742857142857143
485.0,2.7
486.0,2.7
487.0,2.7
488.0,2.7
489.0,2.7
490.0,2.7
491.0,2.7
492.0,2.7
493.0,2.7
494.0,2.7
495.0,2.7
496.0,2.7
497.0,2.7
498.0,2.7
499.0,2.7
500.0,2.7
501.0,2.7
502.0,2.7
503.0,2.7
504.0,2.7
505.0,2.7
506.0,2.7
507.0,2.7
508.0,2.7
509.0,2.7
510.0,2.7
511.0,2.7
512.0,2.7
513.0,2.7
514.0,2.7
515.0,2.7
516.0,2.7
517.0,2.7
518.0,2.7
519.0,2.7
520.0,2.742857142857143
521.0,2.7
522.0,2.742857142857143
523.0,2.7
524.0,2.742857142857143
525.0,2.657142857142857
526.0,2.7
527.0,2.7
528.0,2.7
529.0,2.657142857142857
530.0,2.7
531.0,2.7
532.0,2.7
533.0,2.7
534.0,2.7
535.0,2.7
536.0,2.7
537.0,2.7
538.0,2.7
539.0,2.657142857142857
540.0,2.657142857142857
541.0,2.7
542.0,2.7
543.0,2.7
544.0,2.7
545.0,2.657142857142857
546.0,2.7
547.0,2.657142857142857
548.0,2.7
549.0,2.657142857142857
550.0,2.657142857142857
551.0,2.7
552.0,2.657142857142857
553.0,2.7
554.0,2.7
555.0,2.7
556.0,2.7
557.0,2.657142857142857
558.0,2.7
559.0,2.657142857142857
560.0,2.657142857142857
561.0,2.657142857142857
562.0,2.7
563.0,2.7
564.0,2.657142857142857
565.0,2.657142857142857
566.0,2.657142857142857
567.0,2.657142857142857
568.0,2.657142857142857
569.0,2.657142857142857
570.0,2.657142857142857
571.0,2.657142857142857
572.0,2.657142857142857
573.0,2.657142857142857
574.0,2.7
575.0,2.657142857142857
576.0,2.657142857142857
577.0,2.657142857142857
578.0,2.657142857142857
579.0,2.7
580.0,2.7
581.0,2.7
582.0,2.657142857142857
583.0,2.657142857142857
584.0,2.657142857142857
585.0,2.7
586.0,2.7
587.0,2.657142857142857
588.0,2.7
589.0,2.657142857142857
590.0,2.657142857142857
591.0,2.657142857142857
592.0,2.7
593.0,2.657142857142857
594.0,2.657142857142857
595.0,2.657142857142857
596.0,2.7
597.0,2.657142857142857
598.0,2.657142857142857
599.0,2.657142857142857
600.0,2.657142857142857
601.0,2.657142857142857
602.0,2.657142857142857
603.0,2.657142857142857
604.0,2.657142857142857
605.0,2.657142857142857
606.0,2.657142857142857
607.0,2.657142857142857
608.0,2.657142857142857
609.0,2.657142857142857
610.0,2.657142857142857
611.0,2.657142857142857
612.0,2.657142857142857
613.0,2.657142857142857
614.0,2.657142857142857
615.0,2.657142857142857
616.0,2.657142857142857
617.0,2.657142857142857
618.0,2.657142857142857
619.0,2.657142857142857
620.0,2.657142857142857
621.0,2.657142857142857
622.0,2.657142857142857
623.0,2.7
624.0,2.7
625.0,2.657142857142857
626.0,2.657142857142857
627.0,2.657142857142857
628.0,2.657142857142857
629.0,2.657142857142857
630.0,2.657142857142857
631.0,2.7
632.0,2.657142857142857
633.0,2.657142857142857
634.0,2.657142857142857
635.0,2.657142857142857
636.0,2.6142857142857143
637.0,2.657142857142857
638.0,2.6142857142857143
639.0,2.657142857142857
640.0,2.657142857142857
641.0,2.657142857142857
642.0,2.657142857142857
643.0,2.657142857142857
644.0,2.657142857142857
645.0,2.657142857142857
646.0,2.657142857142857
647.0,2.657142857142857
648.0,2.657142857142857
649.0,2.657142857142857
650.0,2.657142857142857
651.0,2.657142857142857
652.0,2.657142857142857
653.0,2.657142857142857
654.0,2.657142857142857
655.0,2.657142857142857
656.0,2.6142857142857143
657.0,2.657142857142857
658.0,2.657142857142857
659.0,2.6142857142857143
660.0,2.657142857142857
661.0,2.657142857142857
662.0,2.7
663.0,2.657142857142857
664.0,2.657142857142857
665.0,2.6142857142857143
666.0,2.657142857142857
667.0,2.6142857142857143
668.0,2.657142857142857
669.0,2.657142857142857
670.0,2.657142857142857
671.0,2.657142857142857
672.0,2.657142857142857
673.0,2.657142857142857
674.0,2.657142857142857
675.0,2.657142857142857
676.0,2.657142857142857
677.0,2.657142857142857
678.0,2.657142857142857
679.0,2.657142857142857
680.0,2.657142857142857
681.0,2.6142857142857143
682.0,2.657142857142857
683.0,2.657142857142857
684.0,2.6142857142857143
685.0,2.6142857142857143
686.0,2.657142857142857
687.0,2.657142857142857
688.0,2.6142857142857143
689.0,2.6142857142857143
690.0,2.657142857142857
691.0,2.6142857142857143
692.0,2.657142857142857
693.0,2.657142857142857
694.0,2.657142857142857
695.0,2.657142857142857
696.0,2.657142857142857
697.0,2.657142857142857
698.0,2.657142857142857
699.0,2.657142857142857
700.0,2.657142857142857
701.0,2.657142857142857
702.0,2.657142857142857
703.0,2.657142857142857
704.0,2.657142857142857
705.0,2.657142857142857
706.0,2.6142857142857143
707.0,2.6142857142857143
708.0,2.6142857142857143
709.0,2.6142857142857143
710.0,2.657142857142857
711.0,2.6142857142857143
712.0,2.6142857142857143
713.0,2.657142857142857
714.0,2.657142857142857
715.0,2.657142857142857
716.0,2.6142857142857143
717.0,2.657142857142857
718.0,2.6142857142857143
719.0,2.657142857142857
720.0,2.6142857142857143
721.0,2.6142857142857143
722.0,2.657142857142857
723.0,2.6142857142857143
724.0,2.6142857142857143
725.0,2.6142857142857143
726.0,2.6142857142857143
727.0,2.6142857142857143
728.0,2.657142857142857
729.0,2.6142857142857143
730.0,2.6142857142857143
731.0,2.657142857142857
732.0,2.6142857142857143
733.0,2.657142857142857
734.0,2.657142857142857
735.0,2.657142857142857
736.0,2.6142857142857143
737.0,2.657142857142857
738.0,2.657142857142857
739.0,2.6142857142857143
740.0,2.657142857142857
741.0,2.6142857142857143
742.0,2.657142857142857
743.0,2.6142857142857143
744.0,2.6142857142857143
745.0,2.6142857142857143
746.0,2.6142857142857143
747.0,2.6142857142857143
748.0,2.6142857142857143
749.0,2.657142857142857
750.0,2.6142857142857143
751.0,2.6142857142857143
752.0,2.657142857142857
753.0,2.6142857142857143
754.0,2.657142857142857
755.0,2.6142857142857143
756.0,2.6142857142857143
757.0,2.6142857142857143
758.0,2.6142857142857143
759.0,2.6142857142857143
760.0,2.6142857142857143
761.0,2.6142857142857143
762.0,2.6142857142857143
763.0,2.6142857142857143
764.0,2.6142857142857143
765.0,2.6142857142857143
766.0,2.657142857142857
767.0,2.6142857142857143
768.0,2.6142857142857143
769.0,2.6142857142857143
770.0,2.6142857142857143
771.0,2.6142857142857143
772.0,2.6142857142857143
773.0,2.657142857142857
774.0,2.6142857142857143
775.0,2.6142857142857143
776.0,2.6142857142857143
777.0,2.6142857142857143
778.0,2.657142857142857
779.0,2.657142857142857
780.0,2.6142857142857143
781.0,2.657142857142857
782.0,2.6142857142857143
783.0,2.6142857142857143
784.0,2.657142857142857
785.0,2.6142857142857143
786.0,2.6142857142857143
787.0,2.6142857142857143
788.0,2.657142857142857
789.0,2.6142857142857143
790.0,2.657142857142857
791.0,2.6142857142857143
792.0,2.6142857142857143
793.0,2.6142857142857143
794.0,2.6142857142857143
795.0,2.6142857142857143
796.0,2.6142857142857143
797.0,2.6142857142857143
798.0,2.6142857142857143
799.0,2.6142857142857143
800.0,2.657142857142857
801.0,2.6142857142857143
802.0,2.6142857142857143
803.0,2.6142857142857143
804.0,2.6142857142857143
805.0,2.6142857142857143
806.0,2.6142857142857143
807.0,2.6142857142857143
808.0,2.6142857142857143
809.0,2.6142857142857143
810.0,2.6142857142857143
811.0,2.6142857142857143
812.0,2.6142857142857143
813.0,2.6142857142857143
814.0,2.6142857142857143
815.0,2.6142857142857143
816.0,2.6142857142857143
817.0,2.6142857142857143
818.0,2.6142857142857143
819.0,2.6142857142857143
820.0,2.6142857142857143
821.0,2.6142857142857143
822.0,2.6142857142857143
823.0,2.6142857142857143
824.0,2.6142857142857143
825.0,2.6142857142857143
826.0,2.6142857142857143
827.0,2.6142857142857143
828.0,2.6142857142857143
829.0,2.657142857142857
830.0,2.6142857142857143
831.0,2.657142857142857
832.0,2.6142857142857143
833.0,2.6142857142857143
834.0,2.657142857142857
835.0,2.6142857142857143
836.0,2.6142857142857143
837.0,2.6142857142857143
838.0,2.6142857142857143
839.0,2.6142857142857143
840.0,2.6142857142857143
841.0,2.6142857142857143
842.0,2.6142857142857143
843.0,2.6142857142857143
844.0,2.6142857142857143
845.0,2.6142857142857143
846.0,2.6142857142857143
847.0,2.6142857142857143
848.0,2.6142857142857143
849.0,2.6142857142857143
850.0,2.6142857142857143
851.0,2.6142857142857143
852.0,2.6142857142857143
853.0,2.6142857142857143
854.0,2.6142857142857143
855.0,2.6142857142857143
856.0,2.6142857142857143
857.0,2.6142857142857143
858.0,2.6142857142857143
859.0,2.6142857142857143
860.0,2.6142857142857143
861.0,2.6142857142857143
862.0,2.6142857142857143
863.0,2.6142857142857143
864.0,2.6142857142857143
865.0,2.6142857142857143
866.0,2.6142857142857143
867.0,2.5714285714285716
868.0,2.6142857142857143
869.0,2.6142857142857143
870.0,2.6142857142857143
871.0,2.6142857142857143
872.0,2.5714285714285716
873.0,2.6142857142857143
874.0,2.6142857142857143
875.0,2.6142857142857143
876.0,2.6142857142857143
877.0,2.6142857142857143
878.0,2.6142857142857143
879.0,2.6142857142857143
880.0,2.6142857142857143
881.0,2.6142857142857143
882.0,2.6142857142857143
883.0,2.6142857142857143
884.0,2.6142857142857143
885.0,2.6142857142857143
886.0,2.5714285714285716
887.0,2.6142857142857143
888.0,2.6142857142857143
889.0,2.5714285714285716
890.0,2.6142857142857143
891.0,2.6142857142857143
892.0,2.6142857142857143
893.0,2.6142857142857143
894.0,2.6142857142857143
895.0,2.6142857142857143
896.0,2.6142857142857143
897.0,2.6142857142857143
898.0,2.6142857142857143
899.0,2.6142857142857143
900.0,2.6142857142857143
901.0,2.6142857142857143
902.0,2.5714285714285716
903.0,2.6142857142857143
904.0,2.6142857142857143
905.0,2.6142857142857143
906.0,2.5714285714285716
907.0,2.6142857142857143
908.0,2.6142857142857143
909.0,2.5714285714285716
910.0,2.6142857142857143
911.0,2.5714285714285716
912.0,2.5714285714285716
913.0,2.5714285714285716
914.0,2.6142857142857143
915.0,2.5714285714285716
916.0,2.5714285714285716
917.0,2.5714285714285716
918.0,2.5714285714285716
919.0,2.5714285714285716
920.0,2.5714285714285716
921.0,2.5714285714285716
922.0,2.5714285714285716
923.0,2.5714285714285716
924.0,2.6142857142857143
925.0,2.6142857142857143
926.0,2.6142857142857143
927.0,2.6142857142857143
928.0,2.6142857142857143
929.0,2.6142857142857143
930.0,2.6142857142857143
931.0,2.6142857142857143
932.0,2.6142857142857143
933.0,2.5714285714285716
934.0,2.5714285714285716
935.0,2.6142857142857143
936.0,2.6142857142857143
937.0,2.6142857142857143
938.0,2.5714285714285716
939.0,2.5714285714285716
940.0,2.5714285714285716
941.0,2.5714285714285716
942.0,2.5714285714285716
943.0,2.5714285714285716
944.0,2.5714285714285716
945.0,2.6142857142857143
946.0,2.5714285714285716
947.0,2.6142857142857143
948.0,2.6142857142857143
949.0,2.6142857142857143
950.0,2.6142857142857143
951.0,2.5714285714285716
952.0,2.6142857142857143
953.0,2.5714285714285716
954.0,2.6142857142857143
955.0,2.6142857142857143
956.0,2.6142857142857143
957.0,2.5714285714285716
958.0,2.6142857142857143
959.0,2.5714285714285716
960.0,2.5714285714285716
961.0,2.5714285714285716
962.0,2.6142857142857143
963.0,2.5714285714285716
964.0,2.5714285714285716
965.0,2.6142857142857143
966.0,2.6142857142857143
967.0,2.5714285714285716
968.0,2.6142857142857143
969.0,2.5714285714285716
970.0,2.5714285714285716
971.0,2.5714285714285716
972.0,2.6142857142857143
973.0,2.6142857142857143
974.0,2.6142857142857143
975.0,2.5714285714285716
976.0,2.6142857142857143
977.0,2.5714285714285716
978.0,2.5714285714285716
979.0,2.6142857142857143
980.0,2.5714285714285716
981.0,2.6142857142857143
982.0,2.6142857142857143
983.0,2.6142857142857143
984.0,2.6142857142857143
985.0,2.6142857142857143
986.0,2.5714285714285716
987.0,2.6142857142857143
988.0,2.5714285714285716
989.0,2.5714285714285716
990.0,2.6142857142857143
991.0,2.6142857142857143
992.0,2.5714285714285716
993.0,2.5714285714285716
994.0,2.5714285714285716
995.0,2.5714285714285716
996.0,2.6142857142857143
997.0,2.6142857142857143
998.0,2.5714285714285716
999.0,2.6142857142857143
1000.0,2.5714285714285716
1001.0,2.5714285714285716
1002.0,2.5714285714285716
1003.0,2.6142857142857143
1004.0,2.5714285714285716
1005.0,2.5714285714285716
1006.0,2.6142857142857143
1007.0,2.5714285714285716
1008.0,2.5285714285714285
1009.0,2.5714285714285716
1010.0,2.5714285714285716
1011.0,2.5714285714285716
1012.0,2.5714285714285716
1013.0,2.5714285714285716
1014.0,2.6142857142857143
1015.0,2.5714285714285716
1016.0,2.6142857142857143
1017.0,2.6142857142857143
1018.0,2.6142857142857143
1019.0,2.5714285714285716
1020.0,2.5714285714285716
1021.0,2.5714285714285716
1022.0,2.5714285714285716
1023.0,2.5714285714285716
1024.0,2.6142857142857143
1025.0,2.5285714285714285
1026.0,2.6142857142857143
1027.0,2.5714285714285716
1028.0,2.5714285714285716
1029.0,2.5714285714285716
1030.0,2.5714285714285716
1031.0,2.5714285714285716
1032.0,2.5714285714285716
1033.0,2.5714285714285716
1034.0,2.5714285714285716
1035.0,2.5714285714285716
1036.0,2.5714285714285716
1037.0,2.5714285714285716
1038.0,2.5714285714285716
1039.0,2.5714285714285716
1040.0,2.5714285714285716
1041.0,2.5714285714285716
1042.0,2.5714285714285716
1043.0,2.5714285714285716
1044.0,2.5714285714285716
1045.0,2.5714285714285716
1046.0,2.5714285714285716
1047.0,2.6142857142857143
1048.0,2.5714285714285716
1049.0,2.5285714285714285
1050.0,2.5714285714285716
1051.0,2.5714285714285716
1052.0,2.5714285714285716
1053.0,2.5714285714285716
1054.0,2.5714285714285716
1055.0,2.5714285714285716
1056.0,2.5714285714285716
1057.0,2.5285714285714285
1058.0,2.5714285714285716
1059.0,2.5714285714285716
1060.0,2.5714285714285716
1061.0,2.5714285714285716
1062.0,2.5714285714285716
1063.0,2.5285714285714285
1064.0,2.5714285714285716
1065.0,2.5714285714285716
1066.0,2.5714285714285716
1067.0,2.5714285714285716
1068.0,2.5714285714285716
1069.0,2.5714285714285716
1070.0,2.5714285714285716
1071.0,2.5714285714285716
1072.0,2.5714285714285716
1073.0,2.5714285714285716
1074.0,2.5285714285714285
1075.0,2.5714285714285716
1076.0,2.5285714285714285
1077.0,2.5714285714285716
1078.0,2.5714285714285716
1079.0,2.5285714285714285
1080.0,2.5714285714285716
1081.0,2.5714285714285716
1082.0,2.5285714285714285
1083.0,2.5285714285714285
1084.0,2.5285714285714285
1085.0,2.5285714285714285
1086.0,2.5714285714285716
1087.0,2.5714285714285716
1088.0,2.5714285714285716
1089.0,2.5714285714285716
1090.0,2.5714285714285716
1091.0,2.5714285714285716
1092.0,2.5714285714285716
1093.0,2.5714285714285716
1094.0,2.5714285714285716
1095.0,2.5714285714285716
1096.0,2.5714285714285716
1097.0,2.5714285714285716
1098.0,2.5714285714285716
1099.0,2.5285714285714285
1100.0,2.5714285714285716
1101.0,2.5714285714285716
1102.0,2.5714285714285716
1103.0,2.5714285714285716
1104.0,2.5714285714285716
1105.0,2.5714285714285716
1106.0,2.5714285714285716
1107.0,2.5714285714285716
1108.0,2.5714285714285716
1109.0,2.5714285714285716
1110.0,2.5285714285714285
1111.0,2.5285714285714285
1112.0,2.5714285714285716
1113.0,2.5285714285714285
1114.0,2.5285714285714285
1115.0,2.5285714285714285
1116.0,2.5714285714285716
1117.0,2.5285714285714285
1118.0,2.5714285714285716
1119.0,2.5285714285714285
1120.0,2.5714285714285716
1121.0,2.5714285714285716
1122.0,2.5285714285714285
1123.0,2.5714285714285716
1124.0,2.5714285714285716
1125.0,2.5714285714285716
1126.0,2.5714285714285716
1127.0,2.5285714285714285
1128.0,2.5714285714285716
1129.0,2.5285714285714285
1130.0,2.5285714285714285
1131.0,2.5714285714285716
1132.0,2.5285714285714285
1133.0,2.5714285714285716
1134.0,2.5714285714285716
1135.0,2.5285714285714285
1136.0,2.5714285714285716
1137.0,2.5714285714285716
1138.0,2.5714285714285716
1139.0,2.5714285714285716
1140.0,2.5714285714285716
1141.0,2.5714285714285716
1142.0,2.5285714285714285
1143.0,2.5714285714285716
1144.0,2.5285714285714285
1145.0,2.5285714285714285
1146.0,2.5714285714285716
1147.0,2.5285714285714285
1148.0,2.5285714285714285
1149.0,2.5285714285714285
1150.0,2.5285714285714285
1151.0,2.5285714285714285
1152.0,2.5714285714285716
1153.0,2.5714285714285716
1154.0,2.5285714285714285
1155.0,2.5285714285714285
1156.0,2.5714285714285716
1157.0,2.5285714285714285
1158.0,2.5285714285714285
1159.0,2.5714285714285716
1160.0,2.5285714285714285
1161.0,2.5714285714285716
1162.0,2.5714285714285716
1163.0,2.5714285714285716
1164.0,2.5714285714285716
1165.0,2.5714285714285716
1166.0,2.5714285714285716
1167.0,2.5285714285714285
1168.0,2.5285714285714285
1169.0,2.5714285714285716
1170.0,2.5714285714285716
1171.0,2.5285714285714285
1172.0,2.5714285714285716
1173.0,2.5285714285714285
1174.0,2.5285714285714285
1175.0,2.5285714285714285
1176.0,2.5285714285714285
1177.0,2.5285714285714285
1178.0,2.5285714285714285
1179.0,2.5285714285714285
1180.0,2.5285714285714285
1181.0,2.5285714285714285
1182.0,2.5714285714285716
1183.0,2.5714285714285716
1184.0,2.5714285714285716
1185.0,2.5285714285714285
1186.0,2.5714285714285716
1187.0,2.5714285714285716
1188.0,2.5285714285714285
1189.0,2.5285714285714285
1190.0,2.5285714285714285
1191.0,2.5285714285714285
1192.0,2.5714285714285716
1193.0,2.5285714285714285
1194.0,2.5714285714285716
1195.0,2.5285714285714285
1196.0,2.5285714285714285
1197.0,2.5285714285714285
1198.0,2.5285714285714285
1199.0,2.5285714285714285
1200.0,2.5285714285714285
1201.0,2.5285714285714285
1202.0,2.5285714285714285
1203.0,2.5285714285714285
1204.0,2.5285714285714285
1205.0,2.5714285714285716
1206.0,2.5285714285714285
1207.0,2.5285714285714285
1208.0,2.5285714285714285
1209.0,2.5285714285714285
1210.0,2.5285714285714285
1211.0,2.5285714285714285
1212.0,2.5714285714285716
1213.0,2.5714285714285716
1214.0,2.5714285714285716
1215.0,2.5285714285714285
1216.0,2.5714285714285716
1217.0,2.5285714285714285
1218.0,2.5285714285714285
1219.0,2.5285714285714285
1220.0,2.5285714285714285
1221.0,2.5285714285714285
1222.0,2.5285714285714285
1223.0,2.5285714285714285
1224.0,2.5285714285714285
1225.0,2.5285714285714285
1226.0,2.5285714285714285
1227.0,2.5285714285714285
1228.0,2.5285714285714285
1229.0,2.5285714285714285
1230.0,2.5285714285714285
1231.0,2.5285714285714285
1232.0,2.5285714285714285
1233.0,2.5285714285714285
1234.0,2.5285714285714285
1235.0,2.5285714285714285
1236.0,2.5285714285714285
1237.0,2.5285714285714285
1238.0,2.5285714285714285
1239.0,2.5285714285714285
1240.0,2.5285714285714285
1241.0,2.5285714285714285
1242.0,2.5285714285714285
1243.0,2.5285714285714285
1244.0,2.5285714285714285
1245.0,2.5285714285714285
1246.0,2.5285714285714285
1247.0,2.5285714285714285
1248.0,2.5285714285714285
1249.0,2.5714285714285716
1250.0,2.5285714285714285
1251.0,2.5714285714285716
1252.0,2.5285714285714285
1253.0,2.5285714285714285
1254.0,2.5285714285714285
1255.0,2.5285714285714285
1256.0,2.5285714285714285
1257.0,2.5285714285714285
1258.0,2.5285714285714285
1259.0,2.5285714285714285
1260.0,2.5285714285714285
1261.0,2.5285714285714285
1262.0,2.5285714285714285
1263.0,2.5285714285714285
1264.0,2.5285714285714285
1265.0,2.5285714285714285
1266.0,2.5714285714285716
1267.0,2.5285714285714285
1268.0,2.5285714285714285
1269.0,2.5285714285714285
1270.0,2.5285714285714285
1271.0,2.5285714285714285
1272.0,2.5285714285714285
1273.0,2.5285714285714285
1274.0,2.5285714285714285
1275.0,2.5285714285714285
1276.0,2.5285714285714285
1277.0,2.5285714285714285
1278.0,2.5285714285714285
1279.0,2.5285714285714285
1280.0,2.5285714285714285
1281.0,2.5285714285714285
1282.0,2.5285714285714285
1283.0,2.5285714285714285
1284.0,2.5285714285714285
1285.0,2.5285714285714285
1286.0,2.5285714285714285
1287.0,2.5285714285714285
1288.0,2.5285714285714285
1289.0,2.5285714285714285
1290.0,2.5285714285714285
1291.0,2.5285714285714285
1292.0,2.5285714285714285
1293.0,2.5714285714285716
1294.0,2.5285714285714285
1295.0,2.5285714285714285
1296.0,2.5285714285714285
1297.0,2.5285714285714285
1298.0,2.5285714285714285
1299.0,2.5714285714285716
1300.0,2.5714285714285716
1301.0,2.5285714285714285
1302.0,2.5285714285714285
1303.0,2.5285714285714285
1304.0,2.5285714285714285
1305.0,2.5285714285714285
1306.0,2.5285714285714285
1307.0,2.5285714285714285
1308.0,2.5285714285714285
1309.0,2.5285714285714285
1310.0,2.5285714285714285
1311.0,2.4857142857142858
1312.0,2.5285714285714285
1313.0,2.5285714285714285
1314.0,2.5285714285714285
1315.0,2.5285714285714285
1316.0,2.5285714285714285
1317.0,2.5285714285714285
1318.0,2.5285714285714285
1319.0,2.5285714285714285
1320.0,2.5285714285714285
1321.0,2.5285714285714285
1322.0,2.5285714285714285
1323.0,2.5285714285714285
1324.0,2.5285714285714285
1325.0,2.5285714285714285
1326.0,2.5285714285714285
1327.0,2.5285714285714285
1328.0,2.5285714285714285
1329.0,2.5714285714285716
1330.0,2.5285714285714285
1331.0,2.5285714285714285
1332.0,2.5285714285714285
1333.0,2.5285714285714285
1334.0,2.5285714285714285
1335.0,2.5285714285714285
1336.0,2.5285714285714285
1337.0,2.5285714285714285
1338.0,2.5285714285714285
1339.0,2.5285714285714285
1340.0,2.5285714285714285
1341.0,2.5285714285714285
1342.0,2.5285714285714285
1343.0,2.5285714285714285
1344.0,2.5285714285714285
1345.0,2.5285714285714285
1346.0,2.5285714285714285
1347.0,2.5285714285714285
1348.0,2.5285714285714285
1349.0,2.5285714285714285
1350.0,2.5285714285714285
1351.0,2.5285714285714285
1352.0,2.5285714285714285
1353.0,2.5285714285714285
1354.0,2.5285714285714285
1355.0,2.4857142857142858
1356.0,2.5285714285714285
1357.0,2.5285714285714285
1358.0,2.5285714285714285
1359.0,2.5285714285714285
1360.0,2.5285714285714285
1361.0,2.5285714285714285
1362.0,2.5285714285714285
1363.0,2.5285714285714285
1364.0,2.5285714285714285
1365.0,2.5285714285714285
1366.0,2.5285714285714285
1367.0,2.5285714285714285
1368.0,2.5285714285714285
1369.0,2.5285714285714285
1370.0,2.5285714285714285
1371.0,2.5285714285714285
1372.0,2.5285714285714285
1373.0,2.5285714285714285
1374.0,2.5285714285714285
1375.0,2.5285714285714285
1376.0,2.5285714285714285
1377.0,2.5285714285714285
1378.0,2.5285714285714285
1379.0,2.5285714285714285
1380.0,2.5285714285714285
1381.0,2.5285714285714285
1382.0,2.5285714285714285
1383.0,2.4857142857142858
1384.0,2.4857142857142858
1385.0,2.4857142857142858
1386.0,2.5285714285714285
1387.0,2.4857142857142858
1388.0,2.5285714285714285
1389.0,2.5285714285714285
1390.0,2.5285714285714285
1391.0,2.4857142857142858
1392.0,2.5285714285714285
1393.0,2.4857142857142858
1394.0,2.5285714285714285
1395.0,2.4857142857142858
1396.0,2.5285714285714285
1397.0,2.4857142857142858
1398.0,2.4857142857142858
1399.0,2.5285714285714285
1400.0,2.5285714285714285
1401.0,2.5285714285714285
1402.0,2.5285714285714285
1403.0,2.5285714285714285
1404.0,2.5285714285714285
1405.0,2.5285714285714285
1406.0,2.5285714285714285
1407.0,2.5285714285714285
1408.0,2.5285714285714285
1409.0,2.4857142857142858
1410.0,2.5285714285714285
1411.0,2.5285714285714285
1412.0,2.5285714285714285
1413.0,2.4857142857142858
1414.0,2.5285714285714285
1415.0,2.5285714285714285
1416.0,2.5285714285714285
1417.0,2.5285714285714285
1418.0,2.5285714285714285
1419.0,2.4857142857142858
1420.0,2.5285714285714285
1421.0,2.4857142857142858
1422.0,2.5285714285714285
1423.0,2.4857142857142858
1424.0,2.5285714285714285
1425.0,2.4857142857142858
1426.0,2.5285714285714285
1427.0,2.4857142857142858
1428.0,2.4857142857142858
1429.0,2.5285714285714285
1430.0,2.5285714285714285
1431.0,2.5285714285714285
1432.0,2.5285714285714285
1433.0,2.4857142857142858
1434.0,2.4857142857142858
1435.0,2.4857142857142858
1436.0,2.4857142857142858
1437.0,2.5285714285714285
1438.0,2.5285714285714285
1439.0,2.4857142857142858
1440.0,2.5285714285714285
1441.0,2.4857142857142858
1442.0,2.5285714285714285
1443.0,2.4857142857142858
1444.0,2.5285714285714285
1445.0,2.4857142857142858
1446.0,2.5285714285714285
1447.0,2.5285714285714285
1448.0,2.5285714285714285
1449.0,2.4857142857142858
1450.0,2.5285714285714285
1451.0,2.5285714285714285
1452.0,2.5285714285714285
1453.0,2.4857142857142858
1454.0,2.5285714285714285
1455.0,2.5285714285714285
1456.0,2.4857142857142858
1457.0,2.5285714285714285
1458.0,2.5285714285714285
1459.0,2.4857142857142858
1460.0,2.5285714285714285
1461.0,2.4857142857142858
1462.0,2.5285714285714285
1463.0,2.5285714285714285
1464.0,2.4857142857142858
1465.0,2.442857142857143
1466.0,2.4857142857142858
1467.0,2.4857142857142858
1468.0,2.4857142857142858
1469.0,2.4857142857142858
1470.0,2.4857142857142858
1471.0,2.4857142857142858
1472.0,2.4857142857142858
1473.0,2.4857142857142858
1474.0,2.4857142857142858
1475.0,2.5285714285714285
1476.0,2.4857142857142858
1477.0,2.4857142857142858
1478.0,2.4857142857142858
1479.0,2.4857142857142858
1480.0,2.4857142857142858
1481.0,2.442857142857143
1482.0,2.4857142857142858
1483.0,2.4857142857142858
1484.0,2.5285714285714285
1485.0,2.4857142857142858
1486.0,2.5285714285714285
1487.0,2.442857142857143
1488.0,2.4857142857142858
1489.0,2.4857142857142858
1490.0,2.5285714285714285
1491.0,2.4857142857142858
1492.0,2.5285714285714285
1493.0,2.4857142857142858
1494.0,2.5285714285714285
1495.0,2.4857142857142858
1496.0,2.4857142857142858
1497.0,2.5285714285714285
1498.0,2.5285714285714285
1499.0,2.4857142857142858
1500.0,2.5285714285714285
1501.0,2.5285714285714285
1502.0,2.4857142857142858
1503.0,2.4857142857142858
1504.0,2.5285714285714285
1505.0,2.5285714285714285
1506.0,2.4857142857142858
1507.0,2.4857142857142858
1508.0,2.5285714285714285
1509.0,2.4857142857142858
1510.0,2.5285714285714285
1511.0,2.4857142857142858
1512.0,2.4857142857142858
1513.0,2.4857142857142858
1514.0,2.5285714285714285
1515.0,2.4857142857142858
1516.0,2.5285714285714285
1517.0,2.4857142857142858
1518.0,2.4857142857142858
1519.0,2.4857142857142858
1520.0,2.5285714285714285
1521.0,2.4857142857142858
1522.0,2.5285714285714285
1523.0,2.4857142857142858
1524.0,2.4857142857142858
1525.0,2.4857142857142858
1526.0,2.4857142857142858
1527.0,2.4857142857142858
1528.0,2.4857142857142858
1529.0,2.4857142857142858
1530.0,2.4857142857142858
1531.0,2.4857142857142858
1532.0,2.4857142857142858
1533.0,2.4857142857142858
1534.0,2.5285714285714285
1535.0,2.4857142857142858
1536.0,2.4857142857142858
1537.0,2.4857142857142858
1538.0,2.4857142857142858
1539.0,2.5285714285714285
1540.0,2.5285714285714285
1541.0,2.5285714285714285
1542.0,2.5285714285714285
1543.0,2.4857142857142858
1544.0,2.5285714285714285
1545.0,2.442857142857143
1546.0,2.4857142857142858
1547.0,2.4857142857142858
1548.0,2.4857142857142858
1549.0,2.4857142857142858
1550.0,2.4857142857142858
1551.0,2.4857142857142858
1552.0,2.4857142857142858
1553.0,2.4857142857142858
1554.0,2.4857142857142858
1555.0,2.4857142857142858
1556.0,2.5285714285714285
1557.0,2.442857142857143
1558.0,2.5285714285714285
1559.0,2.4857142857142858
1560.0,2.4857142857142858
1561.0,2.4857142857142858
1562.0,2.4857142857142858
1563.0,2.4857142857142858
1564.0,2.4857142857142858
1565.0,2.4857142857142858
1566.0,2.4857142857142858
1567.0,2.4857142857142858
1568.0,2.4857142857142858
1569.0,2.4857142857142858
1570.0,2.4857142857142858
1571.0,2.4857142857142858
1572.0,2.4857142857142858
1573.0,2.4857142857142858
1574.0,2.5285714285714285
1575.0,2.4857142857142858
1576.0,2.4857142857142858
1577.0,2.4857142857142858
1578.0,2.4857142857142858
1579.0,2.442857142857143
1580.0,2.4857142857142858
1581.0,2.442857142857143
1582.0,2.5285714285714285
1583.0,2.4857142857142858
1584.0,2.4857142857142858
1585.0,2.442857142857143
1586.0,2.5285714285714285
1587.0,2.4857142857142858
1588.0,2.442857142857143
1589.0,2.442857142857143
1590.0,2.5285714285714285
1591.0,2.4857142857142858
1592.0,2.4857142857142858
1593.0,2.4857142857142858
1594.0,2.4857142857142858
1595.0,2.4857142857142858
1596.0,2.4857142857142858
1597.0,2.4857142857142858
1598.0,2.4857142857142858
1599.0,2.4857142857142858
1600.0,2.4857142857142858
1601.0,2.442857142857143
1602.0,2.4857142857142858
1603.0,2.4857142857142858
1604.0,2.4857142857142858
1605.0,2.4857142857142858
1606.0,2.4857142857142858
1607.0,2.4857142857142858
1608.0,2.4857142857142858
1609.0,2.4857142857142858
1610.0,2.4857142857142858
1611.0,2.4857142857142858
1612.0,2.4857142857142858
1613.0,2.4857142857142858
1614.0,2.4857142857142858
1615.0,2.4857142857142858
1616.0,2.4857142857142858
1617.0,2.4857142857142858
1618.0,2.4857142857142858
1619.0,2.4857142857142858
1620.0,2.4857142857142858
1621.0,2.4857142857142858
1622.0,2.4857142857142858
1623.0,2.4857142857142858
1624.0,2.4857142857142858
1625.0,2.442857142857143
1626.0,2.4857142857142858
1627.0,2.4857142857142858
1628.0,2.442857142857143
1629.0,2.4857142857142858
1630.0,2.442857142857143
1631.0,2.4857142857142858
1632.0,2.442857142857143
1633.0,2.4857142857142858
1634.0,2.4857142857142858
1635.0,2.442857142857143
1636.0,2.4857142857142858
1637.0,2.4857142857142858
1638.0,2.4857142857142858
1639.0,2.442857142857143
1640.0,2.5285714285714285
1641.0,2.4857142857142858
1642.0,2.5285714285714285
1643.0,2.4857142857142858
1644.0,2.4857142857142858
1645.0,2.4857142857142858
1646.0,2.4857142857142858
1647.0,2.4857142857142858
1648.0,2.4857142857142858
1649.0,2.4857142857142858
1650.0,2.4857142857142858
1651.0,2.4857142857142858
1652.0,2.4857142857142858
1653.0,2.442857142857143
1654.0,2.4857142857142858
1655.0,2.442857142857143
1656.0,2.4857142857142858
1657.0,2.4857142857142858
1658.0,2.4857142857142858
1659.0,2.4857142857142858
1660.0,2.4857142857142858
1661.0,2.442857142857143
1662.0,2.442857142857143
1663.0,2.4857142857142858
1664.0,2.442857142857143
1665.0,2.442857142857143
1666.0,2.4857142857142858
1667.0,2.442857142857143
1668.0,2.4857142857142858
1669.0,2.442857142857143
1670.0,2.442857142857143
1671.0,2.442857142857143
1672.0,2.4857142857142858
1673.0,2.4857142857142858
1674.0,2.4857142857142858
1675.0,2.442857142857143
1676.0,2.442857142857143
1677.0,2.442857142857143
1678.0,2.4857142857142858
1679.0,2.4857142857142858
1680.0,2.4857142857142858
1681.0,2.442857142857143
1682.0,2.4857142857142858
1683.0,2.442857142857143
1684.0,2.4857142857142858
1685.0,2.442857142857143
1686.0,2.4857142857142858
1687.0,2.4857142857142858
1688.0,2.4857142857142858
1689.0,2.4857142857142858
1690.0,2.4857142857142858
1691.0,2.4857142857142858
1692.0,2.4857142857142858
1693.0,2.4857142857142858
1694.0,2.4857142857142858
1695.0,2.4857142857142858
1696.0,2.4857142857142858
1697.0,2.4857142857142858
1698.0,2.4857142857142858
1699.0,2.442857142857143
1700.0,2.4857142857142858
1701.0,2.4857142857142858
1702.0,2.4857142857142858
1703.0,2.442857142857143
1704.0,2.4857142857142858
1705.0,2.442857142857143
1706.0,2.4857142857142858
1707.0,2.4857142857142858
1708.0,2.442857142857143
1709.0,2.4857142857142858
1710.0,2.4857142857142858
1711.0,2.4857142857142858
1712.0,2.4857142857142858
1713.0,2.4857142857142858
1714.0,2.4857142857142858
1715.0,2.4857142857142858
1716.0,2.442857142857143
1717.0,2.4857142857142858
1718.0,2.4857142857142858
1719.0,2.442857142857143
1720.0,2.442857142857143
1721.0,2.442857142857143
1722.0,2.4857142857142858
1723.0,2.4857142857142858
1724.0,2.5285714285714285
1725.0,2.442857142857143
1726.0,2.4857142857142858
1727.0,2.4857142857142858
1728.0,2.4857142857142858
1729.0,2.4857142857142858
1730.0,2.442857142857143
1731.0,2.442857142857143
1732.0,2.4857142857142858
1733.0,2.4857142857142858
1734.0,2.4857142857142858
1735.0,2.442857142857143
1736.0,2.442857142857143
1737.0,2.4857142857142858
1738.0,2.4857142857142858
1739.0,2.4857142857142858
1740.0,2.4857142857142858
1741.0,2.442857142857143
1742.0,2.4857142857142858
1743.0,2.4857142857142858
1744.0,2.4857142857142858
1745.0,2.442857142857143
1746.0,2.4857142857142858
1747.0,2.4857142857142858
1748.0,2.4857142857142858
1749.0,2.4857142857142858
1750.0,2.4857142857142858
1751.0,2.442857142857143
1752.0,2.4857142857142858
1753.0,2.4857142857142858
1754.0,2.4857142857142858
1755.0,2.442857142857143
1756.0,2.4857142857142858
1757.0,2.442857142857143
1758.0,2.442857142857143
1759.0,2.4857142857142858
1760.0,2.442857142857143
1761.0,2.4857142857142858
1762.0,2.4857142857142858
1763.0,2.442857142857143
1764.0,2.442857142857143
1765.0,2.442857142857143
1766.0,2.4857142857142858
1767.0,2.442857142857143
1768.0,2.4857142857142858
1769.0,2.442857142857143
1770.0,2.442857142857143
1771.0,2.442857142857143
1772.0,2.442857142857143
1773.0,2.442857142857143
1774.0,2.4857142857142858
1775.0,2.4857142857142858
1776.0,2.442857142857143
1777.0,2.442857142857143
1778.0,2.442857142857143
1779.0,2.442857142857143
1780.0,2.4857142857142858
1781.0,2.4857142857142858
1782.0,2.442857142857143
1783.0,2.4857142857142858
1784.0,2.4857142857142858
1785.0,2.442857142857143
1786.0,2.4857142857142858
1787.0,2.442857142857143
1788.0,2.4857142857142858
1789.0,2.4857142857142858
1790.0,2.4857142857142858
1791.0,2.442857142857143
1792.0,2.4857142857142858
1793.0,2.442857142857143
1794.0,2.4857142857142858
1795.0,2.4857142857142858
1796.0,2.4857142857142858
1797.0,2.442857142857143
1798.0,2.4857142857142858
1799.0,2.4857142857142858
1800.0,2.442857142857143
1801.0,2.442857142857143
1802.0,2.4857142857142858
1803.0,2.442857142857143
1804.0,2.4857142857142858
1805.0,2.442857142857143
1806.0,2.442857142857143
1807.0,2.442857142857143
1808.0,2.4857142857142858
1809.0,2.442857142857143
1810.0,2.4857142857142858
1811.0,2.442857142857143
1812.0,2.442857142857143
1813.0,2.442857142857143
1814.0,2.442857142857143
1815.0,2.442857142857143
1816.0,2.442857142857143
1817.0,2.442857142857143
1818.0,2.442857142857143
1819.0,2.442857142857143
1820.0,2.442857142857143
1821.0,2.442857142857143
1822.0,2.4857142857142858
1823.0,2.442857142857143
1824.0,2.4857142857142858
1825.0,2.4857142857142858
1826.0,2.4857142857142858
1827.0,2.4857142857142858
1828.0,2.4857142857142858
1829.0,2.442857142857143
1830.0,2.4857142857142858
1831.0,2.4857142857142858
1832.0,2.4857142857142858
1833.0,2.442857142857143
1834.0,2.4857142857142858
1835.0,2.442857142857143
1836.0,2.4857142857142858
1837.0,2.442857142857143
1838.0,2.4857142857142858
1839.0,2.442857142857143
1840.0,2.4857142857142858
1841.0,2.442857142857143
1842.0,2.442857142857143
1843.0,2.442857142857143
1844.0,2.442857142857143
1845.0,2.442857142857143
1846.0,2.442857142857143
1847.0,2.442857142857143
1848.0,2.442857142857143
1849.0,2.442857142857143
1850.0,2.442857142857143
1851.0,2.442857142857143
1852.0,2.442857142857143
1853.0,2.442857142857143
1854.0,2.442857142857143
1855.0,2.442857142857143
1856.0,2.442857142857143
1857.0,2.442857142857143
1858.0,2.442857142857143
1859.0,2.442857142857143
1860.0,2.4857142857142858
1861.0,2.442857142857143
1862.0,2.442857142857143
1863.0,2.442857142857143
1864.0,2.4857142857142858
1865.0,2.442857142857143
1866.0,2.442857142857143
1867.0,2.442857142857143
1868.0,2.442857142857143
1869.0,2.4857142857142858
1870.0,2.442857142857143
1871.0,2.442857142857143
1872.0,2.4857142857142858
1873.0,2.4857142857142858
1874.0,2.4857142857142858
1875.0,2.442857142857143
1876.0,2.442857142857143
1877.0,2.442857142857143
1878.0,2.442857142857143
1879.0,2.4857142857142858
1880.0,2.442857142857143
1881.0,2.4857142857142858
1882.0,2.442857142857143
1883.0,2.442857142857143
1884.0,2.442857142857143
1885.0,2.442857142857143
1886.0,2.442857142857143
1887.0,2.442857142857143
1888.0,2.442857142857143
1889.0,2.442857142857143
1890.0,2.442857142857143
1891.0,2.442857142857143
1892.0,2.442857142857143
1893.0,2.442857142857143
1894.0,2.442857142857143
1895.0,2.442857142857143
1896.0,2.442857142857143
1897.0,2.442857142857143
1898.0,2.442857142857143
1899.0,2.442857142857143
1900.0,2.442857142857143
1901.0,2.442857142857143
1902.0,2.442857142857143
1903.0,2.442857142857143
1904.0,2.442857142857143
1905.0,2.442857142857143
1906.0,2.442857142857143
1907.0,2.442857142857143
1908.0,2.442857142857143
1909.0,2.442857142857143
1910.0,2.442857142857143
1911.0,2.442857142857143
1912.0,2.4857142857142858
1913.0,2.442857142857143
1914.0,2.442857142857143
1915.0,2.4857142857142858
1916.0,2.442857142857143
1917.0,2.4857142857142858
1918.0,2.442857142857143
1919.0,2.4857142857142858
1920.0,2.442857142857143
1921.0,2.4857142857142858
1922.0,2.4857142857142858
1923.0,2.442857142857143
1924.0,2.442857142857143
1925.0,2.442857142857143
1926.0,2.442857142857143
1927.0,2.442857142857143
1928.0,2.442857142857143
1929.0,2.442857142857143
1930.0,2.442857142857143
1931.0,2.442857142857143
1932.0,2.442857142857143
1933.0,2.442857142857143
1934.0,2.442857142857143
1935.0,2.442857142857143
1936.0,2.442857142857143
1937.0,2.442857142857143
1938.0,2.442857142857143
1939.0,2.442857142857143
1940.0,2.4857142857142858
1941.0,2.442857142857143
1942.0,2.442857142857143
1943.0,2.442857142857143
1944.0,2.442857142857143
1945.0,2.442857142857143
1946.0,2.442857142857143
1947.0,2.442857142857143
1948.0,2.442857142857143
1949.0,2.442857142857143
1950.0,2.442857142857143
1951.0,2.442857142857143
1952.0,2.442857142857143
1953.0,2.4
1954.0,2.4857142857142858
1955.0,2.442857142857143
1956.0,2.4857142857142858
1957.0,2.442857142857143
1958.0,2.442857142857143
1959.0,2.442857142857143
1960.0,2.442857142857143
1961.0,2.442857142857143
1962.0,2.4857142857142858
1963.0,2.442857142857143
1964.0,2.4857142857142858
1965.0,2.442857142857143
1966.0,2.442857142857143
1967.0,2.442857142857143
1968.0,2.442857142857143
1969.0,2.442857142857143
1970.0,2.442857142857143
1971.0,2.442857142857143
1972.0,2.442857142857143
1973.0,2.442857142857143
1974.0,2.442857142857143
1975.0,2.442857142857143
1976.0,2.442857142857143
1977.0,2.442857142857143
1978.0,2.442857142857143
1979.0,2.442857142857143
1980.0,2.442857142857143
1981.0,2.442857142857143
1982.0,2.442857142857143
1983.0,2.442857142857143
1984.0,2.442857142857143
1985.0,2.442857142857143
1986.0,2.442857142857143
1987.0,2.442857142857143
1988.0,2.442857142857143
1989.0,2.442857142857143
1990.0,2.442857142857143
1991.0,2.442857142857143
1992.0,2.442857142857143
1993.0,2.442857142857143
1994.0,2.442857142857143
1995.0,2.442857142857143
1996.0,2.442857142857143
1997.0,2.442857142857143
1998.0,2.442857142857143
1999.0,2.442857142857143
2000.0,2.442857142857143
2001.0,2.442857142857143
2002.0,2.442857142857143
2003.0,2.442857142857143
2004.0,2.442857142857143
2005.0,2.442857142857143
2006.0,2.442857142857143
2007.0,2.442857142857143
2008.0,2.442857142857143
2009.0,2.442857142857143
2010.0,2.442857142857143
2011.0,2.442857142857143
2012.0,2.442857142857143
2013.0,2.442857142857143
2014.0,2.442857142857143
2015.0,2.442857142857143
2016.0,2.442857142857143
2017.0,2.442857142857143
2018.0,2.4857142857142858
2019.0,2.442857142857143
2020.0,2.442857142857143
2021.0,2.442857142857143
2022.0,2.442857142857143
2023.0,2.442857142857143
2024.0,2.442857142857143
2025.0,2.442857142857143
2026.0,2.442857142857143
2027.0,2.442857142857143
2028.0,2.442857142857143
2029.0,2.442857142857143
2030.0,2.442857142857143
2031.0,2.442857142857143
2032.0,2.442857142857143
2033.0,2.442857142857143
2034.0,2.442857142857143
2035.0,2.442857142857143
2036.0,2.442857142857143
2037.0,2.442857142857143
2038.0,2.442857142857143
2039.0,2.442857142857143
2040.0,2.442857142857143
2041.0,2.442857142857143
2042.0,2.442857142857143
2043.0,2.442857142857143
2044.0,2.442857142857143
2045.0,2.442857142857143
2046.0,2.442857142857143
2047.0,2.442857142857143
2048.0,2.442857142857143
2049.0,2.442857142857143
2050.0,2.4
2051.0,2.4
2052.0,2.442857142857143
2053.0,2.4
2054.0,2.442857142857143
2055.0,2.442857142857143
2056.0,2.442857142857143
2057.0,2.4
2058.0,2.442857142857143
2059.0,2.4
2060.0,2.4
2061.0,2.4
2062.0,2.442857142857143
2063.0,2.442857142857143
2064.0,2.442857142857143
2065.0,2.442857142857143
2066.0,2.442857142857143
2067.0,2.442857142857143
2068.0,2.442857142857143
2069.0,2.442857142857143
2070.0,2.442857142857143
2071.0,2.442857142857143
2072.0,2.442857142857143
2073.0,2.442857142857143
2074.0,2.442857142857143
2075.0,2.442857142857143
2076.0,2.442857142857143
2077.0,2.442857142857143
2078.0,2.4
2079.0,2.442857142857143
2080.0,2.442857142857143
2081.0,2.442857142857143
2082.0,2.442857142857143
2083.0,2.442857142857143
2084.0,2.442857142857143
2085.0,2.442857142857143
2086.0,2.442857142857143
2087.0,2.4
2088.0,2.442857142857143
2089.0,2.442857142857143
2090.0,2.442857142857143
2091.0,2.442857142857143
2092.0,2.442857142857143
2093.0,2.442857142857143
2094.0,2.442857142857143
2095.0,2.442857142857143
2096.0,2.4
2097.0,2.4
2098.0,2.442857142857143
2099.0,2.442857142857143
2100.0,2.442857142857143
2101.0,2.4
2102.0,2.442857142857143
2103.0,2.442857142857143
2104.0,2.442857142857143
2105.0,2.442857142857143
2106.0,2.442857142857143
2107.0,2.442857142857143
2108.0,2.442857142857143
2109.0,2.4
2110.0,2.442857142857143
2111.0,2.442857142857143
2112.0,2.4
2113.0,2.4
2114.0,2.442857142857143
2115.0,2.4
2116.0,2.4
2117.0,2.4
2118.0,2.442857142857143
2119.0,2.442857142857143
2120.0,2.4
2121.0,2.4
2122.0,2.442857142857143
2123.0,2.4
2124.0,2.4
2125.0,2.442857142857143
2126.0,2.4
2127.0,2.442857142857143
2128.0,2.442857142857143
2129.0,2.442857142857143
2130.0,2.442857142857143
2131.0,2.4
2132.0,2.442857142857143
2133.0,2.4
2134.0,2.442857142857143
2135.0,2.442857142857143
2136.0,2.4
2137.0,2.4
2138.0,2.4
2139.0,2.442857142857143
2140.0,2.4
2141.0,2.4
2142.0,2.442857142857143
2143.0,2.4
2144.0,2.4
2145.0,2.4
2146.0,2.4
2147.0,2.4
2148.0,2.442857142857143
2149.0,2.4
2150.0,2.442857142857143
2151.0,2.4
2152.0,2.4
2153.0,2.4
2154.0,2.4
2155.0,2.4
2156.0,2.442857142857143
2157.0,2.4
2158.0,2.4
2159.0,2.442857142857143
2160.0,2.4
2161.0,2.4
2162.0,2.4
2163.0,2.442857142857143
2164.0,2.4
2165.0,2.4
2166.0,2.442857142857143
2167.0,2.4
2168.0,2.442857142857143
2169.0,2.4
2170.0,2.442857142857143
2171.0,2.4
2172.0,2.4
2173.0,2.442857142857143
2174.0,2.442857142857143
2175.0,2.4
2176.0,2.4
2177.0,2.4
2178.0,2.4
2179.0,2.442857142857143
2180.0,2.442857142857143
2181.0,2.4
2182.0,2.4
2183.0,2.442857142857143
2184.0,2.4
2185.0,2.4
2186.0,2.4
2187.0,2.442857142857143
2188.0,2.4
2189.0,2.4
2190.0,2.4
2191.0,2.4
2192.0,2.4
2193.0,2.4
2194.0,2.4
2195.0,2.442857142857143
2196.0,2.4
2197.0,2.442857142857143
2198.0,2.4
2199.0,2.4
2200.0,2.4
2201.0,2.4
2202.0,2.4
2203.0,2.4
2204.0,2.4
2205.0,2.442857142857143
2206.0,2.4
2207.0,2.4
2208.0,2.4
2209.0,2.4
2210.0,2.442857142857143
2211.0,2.4
2212.0,2.4
2213.0,2.442857142857143
2214.0,2.4
2215.0,2.442857142857143
2216.0,2.4
2217.0,2.442857142857143
2218.0,2.442857142857143
2219.0,2.442857142857143
2220.0,2.4
2221.0,2.4
2222.0,2.4
2223.0,2.4
2224.0,2.4
2225.0,2.442857142857143
2226.0,2.4
2227.0,2.4
2228.0,2.442857142857143
2229.0,2.4
2230.0,2.4
2231.0,2.4
2232.0,2.4
2233.0,2.442857142857143
2234.0,2.4
2235.0,2.4
2236.0,2.4
2237.0,2.4
2238.0,2.442857142857143
2239.0,2.4
2240.0,2.442857142857143
2241.0,2.4
2242.0,2.4
2243.0,2.4
2244.0,2.4
2245.0,2.4
2246.0,2.4
2247.0,2.4
2248.0,2.442857142857143
2249.0,2.442857142857143
2250.0,2.442857142857143
2251.0,2.4
2252.0,2.4
2253.0,2.4
2254.0,2.4
2255.0,2.4
2256.0,2.4
2257.0,2.4
2258.0,2.4
2259.0,2.4
2260.0,2.4
2261.0,2.442857142857143
2262.0,2.442857142857143
2263.0,2.4
2264.0,2.4
2265.0,2.4
2266.0,2.4
2267.0,2.4
2268.0,2.4
2269.0,2.4
2270.0,2.4
2271.0,2.4
2272.0,2.4
2273.0,2.4
2274.0,2.4
2275.0,2.442857142857143
2276.0,2.4
2277.0,2.4
2278.0,2.4
2279.0,2.4
2280.0,2.4
2281.0,2.4
2282.0,2.4
2283.0,2.4
2284.0,2.4
2285.0,2.4
2286.0,2.442857142857143
2287.0,2.4
2288.0,2.4
2289.0,2.4
2290.0,2.4
2291.0,2.4
2292.0,2.4
2293.0,2.4
2294.0,2.4
2295.0,2.4
2296.0,2.442857142857143
2297.0,2.4
2298.0,2.4
2299.0,2.4
2300.0,2.4
2301.0,2.4
2302.0,2.4
2303.0,2.4
2304.0,2.4
2305.0,2.442857142857143
2306.0,2.442857142857143
2307.0,2.4
2308.0,2.4
2309.0,2.4
2310.0,2.4
2311.0,2.4
2312.0,2.4
2313.0,2.4
2314.0,2.4
2315.0,2.4
2316.0,2.4
2317.0,2.4
2318.0,2.4
2319.0,2.4
2320.0,2.4
2321.0,2.4
2322.0,2.4
2323.0,2.4
2324.0,2.4
2325.0,2.4
2326.0,2.4
2327.0,2.4
2328.0,2.4
2329.0,2.4
2330.0,2.4
2331.0,2.4
2332.0,2.4
2333.0,2.4
2334.0,2.4
2335.0,2.4
2336.0,2.4
2337.0,2.4
2338.0,2.4
2339.0,2.4
2340.0,2.4
2341.0,2.4
2342.0,2.442857142857143
2343.0,2.4
2344.0,2.4
2345.0,2.4
2346.0,2.4
2347.0,2.4
2348.0,2.4
2349.0,2.4
2350.0,2.4
2351.0,2.4
2352.0,2.4
2353.0,2.4
2354.0,2.4
2355.0,2.4
2356.0,2.442857142857143
2357.0,2.4
2358.0,2.4
2359.0,2.4
2360.0,2.4
2361.0,2.4
2362.0,2.4
2363.0,2.442857142857143
2364.0,2.4
2365.0,2.4
2366.0,2.4
2367.0,2.4
2368.0,2.4
2369.0,2.4
2370.0,2.4
2371.0,2.4
2372.0,2.4
2373.0,2.4
2374.0,2.4
2375.0,2.4
2376.0,2.442857142857143
2377.0,2.357142857142857
2378.0,2.4
2379.0,2.4
2380.0,2.4
2381.0,2.4
2382.0,2.4
2383.0,2.4
2384.0,2.4
2385.0,2.4
2386.0,2.4
2387.0,2.4
2388.0,2.4
2389.0,2.4
2390.0,2.4
2391.0,2.4
2392.0,2.442857142857143
2393.0,2.4
2394.0,2.4
2395.0,2.4
2396.0,2.4
2397.0,2.4
2398.0,2.4
2399.0,2.4
2400.0,2.4
2401.0,2.357142857142857
2402.0,2.4
2403.0,2.4
2404.0,2.4
2405.0,2.357142857142857
2406.0,2.4
2407.0,2.4
2408.0,2.4
2409.0,2.4
2410.0,2.4
2411.0,2.4
2412.0,2.4
2413.0,2.4
2414.0,2.4
2415.0,2.4
2416.0,2.4
2417.0,2.4
2418.0,2.4
2419.0,2.4
2420.0,2.4
2421.0,2.4
2422.0,2.4
2423.0,2.4
2424.0,2.4
2425.0,2.4
2426.0,2.4
2427.0,2.4
2428.0,2.4
2429.0,2.4
2430.0,2.4
2431.0,2.4
2432.0,2.4
2433.0,2.4
2434.0,2.4
2435.0,2.4
2436.0,2.4
2437.0,2.4
2438.0,2.4
2439.0,2.4
2440.0,2.4
2441.0,2.4
2442.0,2.4
2443.0,2.4
2444.0,2.357142857142857
2445.0,2.4
2446.0,2.4
2447.0,2.357142857142857
2448.0,2.4
2449.0,2.4
2450.0,2.4
2451.0,2.357142857142857
2452.0,2.4
2453.0,2.4
2454.0,2.4
2455.0,2.4
2456.0,2.4
2457.0,2.4
2458.0,2.4
2459.0,2.4
2460.0,2.4
2461.0,2.4
2462.0,2.4
2463.0,2.4
2464.0,2.4
2465.0,2.357142857142857
2466.0,2.4
2467.0,2.4
2468.0,2.4
2469.0,2.4
2470.0,2.4
2471.0,2.4
2472.0,2.4
2473.0,2.357142857142857
2474.0,2.4
2475.0,2.4
2476.0,2.4
2477.0,2.4
2478.0,2.4
2479.0,2.4
2480.0,2.4
2481.0,2.4
2482.0,2.4
2483.0,2.357142857142857
2484.0,2.4
2485.0,2.4
2486.0,2.4
2487.0,2.4
2488.0,2.4
2489.0,2.4
2490.0,2.4
2491.0,2.4
2492.0,2.4
2493.0,2.4
2494.0,2.4
2495.0,2.4
2496.0,2.4
2497.0,2.4
2498.0,2.4
2499.0,2.4
2500.0,2.4
2501.0,2.4
2502.0,2.4
2503.0,2.4
2504.0,2.4
2505.0,2.4
2506.0,2.4
2507.0,2.4
2508.0,2.4
2509.0,2.4
2510.0,2.4
2511.0,2.357142857142857
2512.0,2.4
2513.0,2.4
2514.0,2.4
2515.0,2.357142857142857
2516.0,2.4
2517.0,2.357142857142857
2518.0,2.4
2519.0,2.357142857142857
2520.0,2.4
2521.0,2.4
2522.0,2.4
2523.0,2.4
2524.0,2.357142857142857
2525.0,2.357142857142857
2526.0,2.4
2527.0,2.4
2528.0,2.357142857142857
2529.0,2.4
2530.0,2.4
2531.0,2.357142857142857
2532.0,2.4
2533.0,2.4
2534.0,2.4
2535.0,2.357142857142857
2536.0,2.4
2537.0,2.4
2538.0,2.4
2539.0,2.4
2540.0,2.4
2541.0,2.357142857142857
2542.0,2.4
2543.0,2.357142857142857
2544.0,2.4
2545.0,2.4
2546.0,2.4
2547.0,2.4
2548.0,2.4
2549.0,2.4
2550.0,2.4
2551.0,2.4
2552.0,2.4
2553.0,2.357142857142857
2554.0,2.4
2555.0,2.357142857142857
2556.0,2.4
2557.0,2.4
2558.0,2.4
2559.0,2.4
2560.0,2.357142857142857
2561.0,2.4
2562.0,2.4
2563.0,2.4
2564.0,2.4
2565.0,2.4
2566.0,2.4
2567.0,2.357142857142857
2568.0,2.357142857142857
2569.0,2.357142857142857
2570.0,2.4
2571.0,2.4
2572.0,2.4
2573.0,2.357142857142857
2574.0,2.4
2575.0,2.357142857142857
2576.0,2.4
2577.0,2.357142857142857
2578.0,2.4
2579.0,2.357142857142857
2580.0,2.357142857142857
2581.0,2.4
2582.0,2.357142857142857
2583.0,2.357142857142857
2584.0,2.357142857142857
2585.0,2.4
2586.0,2.4
2587.0,2.357142857142857
2588.0,2.4
2589.0,2.4
2590.0,2.4
2591.0,2.4
2592.0,2.4
2593.0,2.4
2594.0,2.4
2595.0,2.4
2596.0,2.4
2597.0,2.4
2598.0,2.4
2599.0,2.4
2600.0,2.4
2601.0,2.4
2602.0,2.4
2603.0,2.4
2604.0,2.4
2605.0,2.4
2606.0,2.4
2607.0,2.4
2608.0,2.4
2609.0,2.4
2610.0,2.357142857142857
2611.0,2.4
2612.0,2.357142857142857
2613.0,2.4
2614.0,2.357142857142857
2615.0,2.4
2616.0,2.357142857142857
2617.0,2.357142857142857
2618.0,2.4
2619.0,2.357142857142857
2620.0,2.357142857142857
2621.0,2.4
2622.0,2.4
2623.0,2.357142857142857
2624.0,2.4
2625.0,2.357142857142857
2626.0,2.4
2627.0,2.357142857142857
2628.0,2.4
2629.0,2.357142857142857
2630.0,2.4
2631.0,2.4
2632.0,2.4
2633.0,2.357142857142857
2634.0,2.4
2635.0,2.357142857142857
2636.0,2.4
2637.0,2.4
2638.0,2.4
2639.0,2.4
2640.0,2.4
2641.0,2.4
2642.0,2.357142857142857
2643.0,2.4
2644.0,2.4
2645.0,2.4
2646.0,2.4
2647.0,2.4
2648.0,2.4
2649.0,2.4
2650.0,2.4
2651.0,2.4
2652.0,2.357142857142857
2653.0,2.357142857142857
2654.0,2.4
2655.0,2.4
2656.0,2.4
2657.0,2.4
2658.0,2.4
2659.0,2.357142857142857
2660.0,2.357142857142857
2661.0,2.4
2662.0,2.357142857142857
2663.0,2.4
2664.0,2.4
2665.0,2.4
2666.0,2.4
2667.0,2.4
2668.0,2.4
2669.0,2.4
2670.0,2.4
2671.0,2.357142857142857
2672.0,2.4
2673.0,2.357142857142857
2674.0,2.357142857142857
2675.0,2.357142857142857
2676.0,2.357142857142857
2677.0,2.4
2678.0,2.357142857142857
2679.0,2.357142857142857
2680.0,2.4
2681.0,2.357142857142857
2682.0,2.4
2683.0,2.4
2684.0,2.4
2685.0,2.4
2686.0,2.4
2687.0,2.357142857142857
2688.0,2.4
2689.0,2.357142857142857
2690.0,2.4
2691.0,2.4
2692.0,2.4
2693.0,2.357142857142857
2694.0,2.4
2695.0,2.4
2696.0,2.357142857142857
2697.0,2.357142857142857
2698.0,2.357142857142857
2699.0,2.357142857142857
2700.0,2.357142857142857
2701.0,2.357142857142857
2702.0,2.357142857142857
2703.0,2.357142857142857
2704.0,2.357142857142857
2705.0,2.357142857142857
2706.0,2.357142857142857
2707.0,2.357142857142857
2708.0,2.4
2709.0,2.357142857142857
2710.0,2.4
2711.0,2.357142857142857
2712.0,2.357142857142857
2713.0,2.4
2714.0,2.4
2715.0,2.357142857142857
2716.0,2.4
2717.0,2.357142857142857
2718.0,2.4
2719.0,2.357142857142857
2720.0,2.357142857142857
2721.0,2.4
2722.0,2.4
2723.0,2.4
2724.0,2.357142857142857
2725.0,2.4
2726.0,2.4
2727.0,2.4
2728.0,2.357142857142857
2729.0,2.357142857142857
2730.0,2.4
2731.0,2.357142857142857
2732.0,2.4
2733.0,2.357142857142857
2734.0,2.4
2735.0,2.357142857142857
2736.0,2.357142857142857
2737.0,2.357142857142857
2738.0,2.4
2739.0,2.357142857142857
2740.0,2.357142857142857
2741.0,2.357142857142857
2742.0,2.357142857142857
2743.0,2.357142857142857
2744.0,2.357142857142857
2745.0,2.357142857142857
2746.0,2.4
2747.0,2.357142857142857
2748.0,2.357142857142857
2749.0,2.357142857142857
2750.0,2.4
2751.0,2.4
2752.0,2.4
2753.0,2.4
2754.0,2.357142857142857
2755.0,2.357142857142857
2756.0,2.357142857142857
2757.0,2.357142857142857
2758.0,2.4
2759.0,2.4
2760.0,2.357142857142857
2761.0,2.357142857142857
2762.0,2.357142857142857
2763.0,2.357142857142857
2764.0,2.4
2765.0,2.357142857142857
2766.0,2.357142857142857
2767.0,2.357142857142857
2768.0,2.4
2769.0,2.357142857142857
2770.0,2.357142857142857
2771.0,2.4
2772.0,2.357142857142857
2773.0,2.4
2774.0,2.4
2775.0,2.4
2776.0,2.357142857142857
2777.0,2.357142857142857
2778.0,2.4
2779.0,2.357142857142857
2780.0,2.357142857142857
2781.0,2.357142857142857
2782.0,2.357142857142857
2783.0,2.4
2784.0,2.357142857142857
2785.0,2.4
2786.0,2.4
2787.0,2.357142857142857
2788.0,2.4
2789.0,2.357142857142857
2790.0,2.357142857142857
2791.0,2.357142857142857
2792.0,2.357142857142857
2793.0,2.357142857142857
2794.0,2.357142857142857
2795.0,2.4
2796.0,2.4
2797.0,2.357142857142857
2798.0,2.357142857142857
2799.0,2.357142857142857
2800.0,2.357142857142857
2801.0,2.357142857142857
2802.0,2.4
2803.0,2.357142857142857
2804.0,2.357142857142857
2805.0,2.357142857142857
2806.0,2.357142857142857
2807.0,2.357142857142857
2808.0,2.357142857142857
2809.0,2.357142857142857
2810.0,2.357142857142857
2811.0,2.357142857142857
2812.0,2.357142857142857
2813.0,2.357142857142857
2814.0,2.357142857142857
2815.0,2.357142857142857
2816.0,2.357142857142857
2817.0,2.4
2818.0,2.3142857142857145
2819.0,2.357142857142857
2820.0,2.3142857142857145
2821.0,2.357142857142857
2822.0,2.357142857142857
2823.0,2.357142857142857
2824.0,2.4
2825.0,2.357142857142857
2826.0,2.3142857142857145
2827.0,2.357142857142857
2828.0,2.357142857142857
2829.0,2.357142857142857
2830.0,2.3142857142857145
2831.0,2.357142857142857
2832.0,2.357142857142857
2833.0,2.357142857142857
2834.0,2.4
2835.0,2.4
2836.0,2.357142857142857
2837.0,2.357142857142857
2838.0,2.357142857142857
2839.0,2.357142857142857
2840.0,2.357142857142857
2841.0,2.357142857142857
2842.0,2.4
2843.0,2.357142857142857
2844.0,2.357142857142857
2845.0,2.357142857142857
2846.0,2.357142857142857
2847.0,2.357142857142857
2848.0,2.357142857142857
2849.0,2.357142857142857
2850.0,2.4
2851.0,2.357142857142857
2852.0,2.357142857142857
2853.0,2.4
2854.0,2.357142857142857
2855.0,2.3142857142857145
2856.0,2.4
2857.0,2.357142857142857
2858.0,2.357142857142857
2859.0,2.357142857142857
2860.0,2.357142857142857
2861.0,2.3142857142857145
2862.0,2.357142857142857
2863.0,2.357142857142857
2864.0,2.4
2865.0,2.357142857142857
2866.0,2.4
2867.0,2.357142857142857
2868.0,2.3142857142857145
2869.0,2.357142857142857
2870.0,2.4
2871.0,2.357142857142857
2872.0,2.357142857142857
2873.0,2.357142857142857
2874.0,2.357142857142857
2875.0,2.357142857142857
2876.0,2.3142857142857145
2877.0,2.357142857142857
2878.0,2.357142857142857
2879.0,2.357142857142857
2880.0,2.357142857142857
2881.0,2.357142857142857
2882.0,2.357142857142857
2883.0,2.357142857142857
2884.0,2.357142857142857
2885.0,2.357142857142857
2886.0,2.357142857142857
2887.0,2.357142857142857
2888.0,2.357142857142857
2889.0,2.357142857142857
2890.0,2.357142857142857
2891.0,2.357142857142857
2892.0,2.357142857142857
2893.0,2.357142857142857
2894.0,2.357142857142857
2895.0,2.357142857142857
2896.0,2.357142857142857
2897.0,2.357142857142857
2898.0,2.357142857142857
2899.0,2.357142857142857
2900.0,2.4
2901.0,2.357142857142857
2902.0,2.357142857142857
2903.0,2.357142857142857
2904.0,2.357142857142857
2905.0,2.357142857142857
2906.0,2.357142857142857
2907.0,2.4
2908.0,2.357142857142857
2909.0,2.357142857142857
2910.0,2.357142857142857
2911.0,2.357142857142857
2912.0,2.3142857142857145
2913.0,2.3142857142857145
2914.0,2.3142857142857145
2915.0,2.357142857142857
2916.0,2.3142857142857145
2917.0,2.357142857142857
2918.0,2.357142857142857
2919.0,2.357142857142857
2920.0,2.357142857142857
2921.0,2.357142857142857
2922.0,2.3142857142857145
2923.0,2.357142857142857
2924.0,2.357142857142857
2925.0,2.357142857142857
2926.0,2.357142857142857
2927.0,2.357142857142857
2928.0,2.357142857142857
2929.0,2.357142857142857
2930.0,2.357142857142857
2931.0,2.357142857142857
2932.0,2.357142857142857
2933.0,2.357142857142857
2934.0,2.357142857142857
2935.0,2.357142857142857
2936.0,2.3142857142857145
2937.0,2.357142857142857
2938.0,2.3142857142857145
2939.0,2.3142857142857145
2940.0,2.357142857142857
2941.0,2.357142857142857
2942.0,2.357142857142857
2943.0,2.357142857142857
2944.0,2.357142857142857
2945.0,2.357142857142857
2946.0,2.357142857142857
2947.0,2.357142857142857
2948.0,2.357142857142857
2949.0,2.357142857142857
2950.0,2.357142857142857
2951.0,2.357142857142857
2952.0,2.357142857142857
2953.0,2.357142857142857
2954.0,2.357142857142857
2955.0,2.3142857142857145
2956.0,2.4
2957.0,2.357142857142857
2958.0,2.3142857142857145
2959.0,2.357142857142857
2960.0,2.357142857142857
2961.0,2.3142857142857145
2962.0,2.357142857142857
2963.0,2.3142857142857145
2964.0,2.3142857142857145
2965.0,2.357142857142857
2966.0,2.357142857142857
2967.0,2.357142857142857
2968.0,2.357142857142857
2969.0,2.3142857142857145
2970.0,2.3142857142857145
2971.0,2.357142857142857
2972.0,2.357142857142857
2973.0,2.3142857142857145
2974.0,2.357142857142857
2975.0,2.357142857142857
2976.0,2.3142857142857145
2977.0,2.3142857142857145
2978.0,2.357142857142857
2979.0,2.357142857142857
2980.0,2.3142857142857145
2981.0,2.357142857142857
2982.0,2.357142857142857
2983.0,2.357142857142857
2984.0,2.357142857142857
2985.0,2.4
2986.0,2.357142857142857
2987.0,2.357142857142857
2988.0,2.3142857142857145
2989.0,2.357142857142857
2990.0,2.3142857142857145
2991.0,2.357142857142857
2992.0,2.3142857142857145
2993.0,2.357142857142857
2994.0,2.357142857142857
2995.0,2.3142857142857145
2996.0,2.3142857142857145
2997.0,2.357142857142857
2998.0,2.3142857142857145
2999.0,2.4
3000.0,2.357142857142857
3001.0,2.357142857142857
3002.0,2.357142857142857
3003.0,2.3142857142857145
3004.0,2.357142857142857
3005.0,2.357142857142857
3006.0,2.357142857142857
3007.0,2.357142857142857
3008.0,2.357142857142857
3009.0,2.357142857142857
3010.0,2.357142857142857
3011.0,2.357142857142857
3012.0,2.357142857142857
3013.0,2.357142857142857
3014.0,2.3142857142857145
3015.0,2.357142857142857
3016.0,2.357142857142857
3017.0,2.357142857142857
3018.0,2.3142857142857145
3019.0,2.3142857142857145
3020.0,2.357142857142857
3021.0,2.3142857142857145
3022.0,2.357142857142857
3023.0,2.3142857142857145
3024.0,2.357142857142857
3025.0,2.3142857142857145
3026.0,2.3142857142857145
3027.0,2.3142857142857145
3028.0,2.3142857142857145
3029.0,2.357142857142857
3030.0,2.357142857142857
3031.0,2.357142857142857
3032.0,2.3142857142857145
3033.0,2.357142857142857
3034.0,2.357142857142857
3035.0,2.357142857142857
3036.0,2.357142857142857
3037.0,2.357142857142857
3038.0,2.357142857142857
3039.0,2.3142857142857145
3040.0,2.357142857142857
3041.0,2.357142857142857
3042.0,2.357142857142857
3043.0,2.3142857142857145
3044.0,2.357142857142857
3045.0,2.357142857142857
3046.0,2.3142857142857145
3047.0,2.357142857142857
3048.0,2.357142857142857
3049.0,2.357142857142857
3050.0,2.357142857142857
3051.0,2.3142857142857145
3052.0,2.3142857142857145
3053.0,2.3142857142857145
3054.0,2.357142857142857
3055.0,2.3142857142857145
3056.0,2.357142857142857
3057.0,2.3142857142857145
3058.0,2.357142857142857
3059.0,2.3142857142857145
3060.0,2.3142857142857145
3061.0,2.3142857142857145
3062.0,2.357142857142857
3063.0,2.357142857142857
3064.0,2.357142857142857
3065.0,2.3142857142857145
3066.0,2.357142857142857
3067.0,2.3142857142857145
3068.0,2.357142857142857
3069.0,2.3142857142857145
3070.0,2.3142857142857145
3071.0,2.357142857142857
3072.0,2.357142857142857
3073.0,2.357142857142857
3074.0,2.357142857142857
3075.0,2.357142857142857
3076.0,2.3142857142857145
3077.0,2.3142857142857145
3078.0,2.3142857142857145
3079.0,2.357142857142857
3080.0,2.3142857142857145
3081.0,2.357142857142857
3082.0,2.357142857142857
3083.0,2.357142857142857
3084.0,2.3142857142857145
3085.0,2.3142857142857145
3086.0,2.3142857142857145
3087.0,2.357142857142857
3088.0,2.357142857142857
3089.0,2.3142857142857145
3090.0,2.3142857142857145
3091.0,2.3142857142857145
3092.0,2.3142857142857145
3093.0,2.3142857142857145
3094.0,2.3142857142857145
3095.0,2.3142857142857145
3096.0,2.4
3097.0,2.357142857142857
3098.0,2.357142857142857
3099.0,2.3142857142857145
3100.0,2.357142857142857
3101.0,2.3142857142857145
3102.0,2.3142857142857145
3103.0,2.357142857142857
3104.0,2.3142857142857145
3105.0,2.3142857142857145
3106.0,2.357142857142857
3107.0,2.3142857142857145
3108.0,2.3142857142857145
3109.0,2.3142857142857145
3110.0,2.3142857142857145
3111.0,2.3142857142857145
3112.0,2.3142857142857145
3113.0,2.3142857142857145
3114.0,2.3142857142857145
3115.0,2.4
3116.0,2.3142857142857145
3117.0,2.357142857142857
3118.0,2.3142857142857145
3119.0,2.357142857142857
3120.0,2.3142857142857145
3121.0,2.3142857142857145
3122.0,2.3142857142857145
3123.0,2.357142857142857
3124.0,2.357142857142857
3125.0,2.3142857142857145
3126.0,2.3142857142857145
3127.0,2.357142857142857
3128.0,2.3142857142857145
3129.0,2.3142857142857145
3130.0,2.3142857142857145
3131.0,2.357142857142857
3132.0,2.357142857142857
3133.0,2.3142857142857145
3134.0,2.3142857142857145
3135.0,2.3142857142857145
3136.0,2.3142857142857145
3137.0,2.357142857142857
3138.0,2.3142857142857145
3139.0,2.3142857142857145
3140.0,2.3142857142857145
3141.0,2.3142857142857145
3142.0,2.357142857142857
3143.0,2.3142857142857145
3144.0,2.3142857142857145
3145.0,2.3142857142857145
3146.0,2.357142857142857
3147.0,2.357142857142857
3148.0,2.3142857142857145
3149.0,2.357142857142857
3150.0,2.3142857142857145
3151.0,2.357142857142857
3152.0,2.3142857142857145
3153.0,2.3142857142857145
3154.0,2.3142857142857145
3155.0,2.3142857142857145
3156.0,2.3142857142857145
3157.0,2.3142857142857145
3158.0,2.3142857142857145
3159.0,2.3142857142857145
3160.0,2.3142857142857145
3161.0,2.3142857142857145
3162.0,2.3142857142857145
3163.0,2.3142857142857145
3164.0,2.3142857142857145
3165.0,2.3142857142857145
3166.0,2.3142857142857145
3167.0,2.357142857142857
3168.0,2.357142857142857
3169.0,2.357142857142857
3170.0,2.3142857142857145
3171.0,2.3142857142857145
3172.0,2.357142857142857
3173.0,2.3142857142857145
3174.0,2.357142857142857
3175.0,2.3142857142857145
3176.0,2.3142857142857145
3177.0,2.3142857142857145
3178.0,2.3142857142857145
3179.0,2.3142857142857145
3180.0,2.357142857142857
3181.0,2.357142857142857
3182.0,2.3142857142857145
3183.0,2.3142857142857145
3184.0,2.3142857142857145
3185.0,2.3142857142857145
3186.0,2.3142857142857145
3187.0,2.357142857142857
3188.0,2.3142857142857145
3189.0,2.3142857142857145
3190.0,2.3142857142857145
3191.0,2.3142857142857145
3192.0,2.3142857142857145
3193.0,2.3142857142857145
3194.0,2.357142857142857
3195.0,2.3142857142857145
3196.0,2.3142857142857145
3197.0,2.3142857142857145
3198.0,2.3142857142857145
3199.0,2.3142857142857145
3200.0,2.357142857142857
3201.0,2.3142857142857145
3202.0,2.3142857142857145
3203.0,2.3142857142857145
3204.0,2.357142857142857
3205.0,2.3142857142857145
3206.0,2.3142857142857145
3207.0,2.3142857142857145
3208.0,2.357142857142857
3209.0,2.3142857142857145
3210.0,2.3142857142857145
3211.0,2.3142857142857145
3212.0,2.3142857142857145
3213.0,2.3142857142857145
3214.0,2.3142857142857145
3215.0,2.3142857142857145
3216.0,2.3142857142857145
3217.0,2.3142857142857145
3218.0,2.3142857142857145
3219.0,2.3142857142857145
3220.0,2.357142857142857
3221.0,2.3142857142857145
3222.0,2.3142857142857145
3223.0,2.3142857142857145
3224.0,2.3142857142857145
3225.0,2.3142857142857145
3226.0,2.3142857142857145
3227.0,2.3142857142857145
3228.0,2.3142857142857145
3229.0,2.3142857142857145
3230.0,2.3142857142857145
3231.0,2.3142857142857145
3232.0,2.3142857142857145
3233.0,2.357142857142857
3234.0,2.3142857142857145
3235.0,2.3142857142857145
3236.0,2.357142857142857
3237.0,2.3142857142857145
3238.0,2.3142857142857145
3239.0,2.3142857142857145
3240.0,2.3142857142857145
3241.0,2.3142857142857145
3242.0,2.3142857142857145
3243.0,2.3142857142857145
3244.0,2.3142857142857145
3245.0,2.3142857142857145
3246.0,2.357142857142857
3247.0,2.3142857142857145
3248.0,2.3142857142857145
3249.0,2.3142857142857145
3250.0,2.3142857142857145
3251.0,2.3142857142857145
3252.0,2.3142857142857145
3253.0,2.3142857142857145
3254.0,2.3142857142857145
3255.0,2.3142857142857145
3256.0,2.357142857142857
3257.0,2.3142857142857145
3258.0,2.357142857142857
3259.0,2.3142857142857145
3260.0,2.3142857142857145
3261.0,2.3142857142857145
3262.0,2.3142857142857145
3263.0,2.3142857142857145
3264.0,2.3142857142857145
3265.0,2.3142857142857145
3266.0,2.3142857142857145
3267.0,2.3142857142857145
3268.0,2.3142857142857145
3269.0,2.3142857142857145
3270.0,2.3142857142857145
3271.0,2.3142857142857145
3272.0,2.3142857142857145
3273.0,2.3142857142857145
3274.0,2.3142857142857145
3275.0,2.3142857142857145
3276.0,2.3142857142857145
3277.0,2.3142857142857145
3278.0,2.3142857142857145
3279.0,2.3142857142857145
3280.0,2.3142857142857145
3281.0,2.3142857142857145
3282.0,2.3142857142857145
3283.0,2.3142857142857145
3284.0,2.3142857142857145
3285.0,2.3142857142857145
3286.0,2.3142857142857145
3287.0,2.3142857142857145
3288.0,2.357142857142857
3289.0,2.3142857142857145
3290.0,2.3142857142857145
3291.0,2.3142857142857145
3292.0,2.357142857142857
3293.0,2.357142857142857
3294.0,2.3142857142857145
3295.0,2.3142857142857145
3296.0,2.357142857142857
3297.0,2.3142857142857145
3298.0,2.3142857142857145
3299.0,2.3142857142857145
3300.0,2.3142857142857145
3301.0,2.3142857142857145
3302.0,2.3142857142857145
3303.0,2.3142857142857145
3304.0,2.3142857142857145
3305.0,2.3142857142857145
3306.0,2.3142857142857145
3307.0,2.3142857142857145
3308.0,2.3142857142857145
3309.0,2.3142857142857145
3310.0,2.3142857142857145
3311.0,2.3142857142857145
3312.0,2.3142857142857145
3313.0,2.3142857142857145
3314.0,2.3142857142857145
3315.0,2.3142857142857145
3316.0,2.3142857142857145
3317.0,2.3142857142857145
3318.0,2.3142857142857145
3319.0,2.3142857142857145
3320.0,2.3142857142857145
3321.0,2.3142857142857145
3322.0,2.3142857142857145
3323.0,2.3142857142857145
3324.0,2.3142857142857145
3325.0,2.3142857142857145
3326.0,2.3142857142857145
3327.0,2.3142857142857145
3328.0,2.3142857142857145
3329.0,2.3142857142857145
3330.0,2.3142857142857145
3331.0,2.3142857142857145
3332.0,2.3142857142857145
3333.0,2.3142857142857145
3334.0,2.3142857142857145
3335.0,2.3142857142857145
3336.0,2.3142857142857145
3337.0,2.3142857142857145
3338.0,2.3142857142857145
3339.0,2.3142857142857145
3340.0,2.3142857142857145
3341.0,2.3142857142857145
3342.0,2.3142857142857145
3343.0,2.3142857142857145
3344.0,2.3142857142857145
3345.0,2.3142857142857145
3346.0,2.3142857142857145
3347.0,2.3142857142857145
3348.0,2.357142857142857
3349.0,2.3142857142857145
3350.0,2.3142857142857145
3351.0,2.3142857142857145
3352.0,2.3142857142857145
3353.0,2.357142857142857
3354.0,2.3142857142857145
3355.0,2.3142857142857145
3356.0,2.3142857142857145
3357.0,2.3142857142857145
3358.0,2.3142857142857145
3359.0,2.3142857142857145
3360.0,2.3142857142857145
3361.0,2.3142857142857145
3362.0,2.3142857142857145
3363.0,2.3142857142857145
3364.0,2.3142857142857145
3365.0,2.3142857142857145
3366.0,2.3142857142857145
3367.0,2.3142857142857145
3368.0,2.3142857142857145
3369.0,2.3142857142857145
3370.0,2.3142857142857145
3371.0,2.3142857142857145
3372.0,2.3142857142857145
3373.0,2.3142857142857145
3374.0,2.3142857142857145
3375.0,2.3142857142857145
3376.0,2.3142857142857145
3377.0,2.3142857142857145
3378.0,2.3142857142857145
3379.0,2.3142857142857145
3380.0,2.3142857142857145
3381.0,2.3142857142857145
3382.0,2.3142857142857145
3383.0,2.3142857142857145
3384.0,2.3142857142857145
3385.0,2.3142857142857145
3386.0,2.3142857142857145
3387.0,2.3142857142857145
3388.0,2.3142857142857145
3389.0,2.3142857142857145
3390.0,2.3142857142857145
3391.0,2.3142857142857145
3392.0,2.3142857142857145
3393.0,2.3142857142857145
3394.0,2.3142857142857145
3395.0,2.3142857142857145
3396.0,2.3142857142857145
3397.0,2.3142857142857145
3398.0,2.3142857142857145
3399.0,2.3142857142857145
3400.0,2.3142857142857145
3401.0,2.3142857142857145
3402.0,2.3142857142857145
3403.0,2.3142857142857145
3404.0,2.3142857142857145
3405.0,2.3142857142857145
3406.0,2.3142857142857145
3407.0,2.3142857142857145
3408.0,2.3142857142857145
3409.0,2.3142857142857145
3410.0,2.3142857142857145
3411.0,2.3142857142857145
3412.0,2.3142857142857145
3413.0,2.3142857142857145
3414.0,2.3142857142857145
3415.0,2.3142857142857145
3416.0,2.3142857142857145
3417.0,2.3142857142857145
3418.0,2.3142857142857145
3419.0,2.3142857142857145
3420.0,2.3142857142857145
3421.0,2.3142857142857145
3422.0,2.3142857142857145
3423.0,2.3142857142857145
3424.0,2.3142857142857145
3425.0,2.3142857142857145
3426.0,2.3142857142857145
3427.0,2.3142857142857145
3428.0,2.3142857142857145
3429.0,2.3142857142857145
3430.0,2.3142857142857145
3431.0,2.3142857142857145
3432.0,2.3142857142857145
3433.0,2.3142857142857145
3434.0,2.3142857142857145
3435.0,2.3142857142857145
3436.0,2.3142857142857145
3437.0,2.3142857142857145
3438.0,2.3142857142857145
3439.0,2.3142857142857145
3440.0,2.3142857142857145
3441.0,2.3142857142857145
3442.0,2.3142857142857145
3443.0,2.3142857142857145
3444.0,2.3142857142857145
3445.0,2.3142857142857145
3446.0,2.3142857142857145
3447.0,2.3142857142857145
3448.0,2.3142857142857145
3449.0,2.3142857142857145
3450.0,2.3142857142857145
3451.0,2.3142857142857145
3452.0,2.3142857142857145
3453.0,2.3142857142857145
3454.0,2.3142857142857145
3455.0,2.3142857142857145
3456.0,2.3142857142857145
3457.0,2.3142857142857145
3458.0,2.357142857142857
3459.0,2.3142857142857145
3460.0,2.3142857142857145
3461.0,2.3142857142857145
3462.0,2.3142857142857145
3463.0,2.3142857142857145
3464.0,2.3142857142857145
3465.0,2.3142857142857145
3466.0,2.357142857142857
3467.0,2.3142857142857145
3468.0,2.3142857142857145
3469.0,2.3142857142857145
3470.0,2.3142857142857145
3471.0,2.3142857142857145
3472.0,2.3142857142857145
3473.0,2.3142857142857145
3474.0,2.3142857142857145
3475.0,2.3142857142857145
3476.0,2.3142857142857145
3477.0,2.3142857142857145
3478.0,2.3142857142857145
3479.0,2.3142857142857145
3480.0,2.357142857142857
3481.0,2.3142857142857145
3482.0,2.3142857142857145
3483.0,2.3142857142857145
3484.0,2.3142857142857145
3485.0,2.3142857142857145
3486.0,2.3142857142857145
3487.0,2.3142857142857145
3488.0,2.3142857142857145
3489.0,2.3142857142857145
3490.0,2.3142857142857145
3491.0,2.3142857142857145
3492.0,2.3142857142857145
3493.0,2.3142857142857145
3494.0,2.3142857142857145
3495.0,2.3142857142857145
3496.0,2.3142857142857145
3497.0,2.3142857142857145
3498.0,2.3142857142857145
3499.0,2.3142857142857145
3500.0,2.3142857142857145
3501.0,2.3142857142857145
3502.0,2.3142857142857145
3503.0,2.3142857142857145
3504.0,2.3142857142857145
3505.0,2.3142857142857145
3506.0,2.3142857142857145
3507.0,2.3142857142857145
3508.0,2.3142857142857145
3509.0,2.3142857142857145
3510.0,2.3142857142857145
3511.0,2.3142857142857145
3512.0,2.3142857142857145
3513.0,2.2714285714285714
3514.0,2.3142857142857145
3515.0,2.3142857142857145
3516.0,2.3142857142857145
3517.0,2.3142857142857145
3518.0,2.3142857142857145
3519.0,2.3142857142857145
3520.0,2.3142857142857145
3521.0,2.3142857142857145
3522.0,2.3142857142857145
3523.0,2.3142857142857145
3524.0,2.3142857142857145
3525.0,2.3142857142857145
3526.0,2.3142857142857145
3527.0,2.3142857142857145
3528.0,2.3142857142857145
3529.0,2.3142857142857145
3530.0,2.3142857142857145
3531.0,2.3142857142857145
3532.0,2.3142857142857145
3533.0,2.3142857142857145
3534.0,2.3142857142857145
3535.0,2.3142857142857145
3536.0,2.3142857142857145
3537.0,2.3142857142857145
3538.0,2.3142857142857145
3539.0,2.3142857142857145
3540.0,2.3142857142857145
3541.0,2.3142857142857145
3542.0,2.3142857142857145
3543.0,2.3142857142857145
3544.0,2.3142857142857145
3545.0,2.3142857142857145
3546.0,2.3142857142857145
3547.0,2.3142857142857145
3548.0,2.3142857142857145
3549.0,2.3142857142857145
3550.0,2.3142857142857145
3551.0,2.3142857142857145
3552.0,2.3142857142857145
3553.0,2.3142857142857145
3554.0,2.3142857142857145
3555.0,2.3142857142857145
3556.0,2.3142857142857145
3557.0,2.3142857142857145
3558.0,2.3142857142857145
3559.0,2.3142857142857145
3560.0,2.3142857142857145
3561.0,2.3142857142857145
3562.0,2.3142857142857145
3563.0,2.2714285714285714
3564.0,2.3142857142857145
3565.0,2.3142857142857145
3566.0,2.3142857142857145
3567.0,2.3142857142857145
3568.0,2.3142857142857145
3569.0,2.3142857142857145
3570.0,2.3142857142857145
3571.0,2.3142857142857145
3572.0,2.3142857142857145
3573.0,2.3142857142857145
3574.0,2.3142857142857145
3575.0,2.3142857142857145
3576.0,2.3142857142857145
3577.0,2.3142857142857145
3578.0,2.3142857142857145
3579.0,2.3142857142857145
3580.0,2.3142857142857145
3581.0,2.3142857142857145
3582.0,2.3142857142857145
3583.0,2.3142857142857145
3584.0,2.3142857142857145
3585.0,2.3142857142857145
3586.0,2.2714285714285714
3587.0,2.3142857142857145
3588.0,2.3142857142857145
3589.0,2.3142857142857145
3590.0,2.3142857142857145
3591.0,2.3142857142857145
3592.0,2.3142857142857145
3593.0,2.3142857142857145
3594.0,2.3142857142857145
3595.0,2.3142857142857145
3596.0,2.3142857142857145
3597.0,2.3142857142857145
3598.0,2.3142857142857145
3599.0,2.3142857142857145
3600.0,2.3142857142857145
3601.0,2.3142857142857145
3602.0,2.3142857142857145
3603.0,2.3142857142857145
3604.0,2.2714285714285714
3605.0,2.3142857142857145
3606.0,2.3142857142857145
3607.0,2.3142857142857145
3608.0,2.3142857142857145
3609.0,2.3142857142857145
3610.0,2.3142857142857145
3611.0,2.3142857142857145
3612.0,2.3142857142857145
3613.0,2.3142857142857145
3614.0,2.3142857142857145
3615.0,2.3142857142857145
3616.0,2.3142857142857145
3617.0,2.2714285714285714
3618.0,2.3142857142857145
3619.0,2.3142857142857145
3620.0,2.3142857142857145
3621.0,2.3142857142857145
3622.0,2.3142857142857145
3623.0,2.3142857142857145
3624.0,2.3142857142857145
3625.0,2.3142857142857145
3626.0,2.3142857142857145
3627.0,2.3142857142857145
3628.0,2.3142857142857145
3629.0,2.3142857142857145
3630.0,2.3142857142857145
3631.0,2.3142857142857145
3632.0,2.3142857142857145
3633.0,2.3142857142857145
3634.0,2.3142857142857145
3635.0,2.3142857142857145
3636.0,2.3142857142857145
3637.0,2.3142857142857145
3638.0,2.3142857142857145
3639.0,2.3142857142857145
3640.0,2.3142857142857145
3641.0,2.3142857142857145
3642.0,2.3142857142857145
3643.0,2.3142857142857145
3644.0,2.3142857142857145
3645.0,2.2714285714285714
3646.0,2.3142857142857145
3647.0,2.3142857142857145
3648.0,2.3142857142857145
3649.0,2.3142857142857145
3650.0,2.3142857142857145
3651.0,2.3142857142857145
3652.0,2.3142857142857145
3653.0,2.3142857142857145
3654.0,2.3142857142857145
3655.0,2.3142857142857145
3656.0,2.3142857142857145
3657.0,2.3142857142857145
3658.0,2.3142857142857145
3659.0,2.3142857142857145
3660.0,2.3142857142857145
3661.0,2.3142857142857145
3662.0,2.3142857142857145
3663.0,2.3142857142857145
3664.0,2.3142857142857145
3665.0,2.2714285714285714
3666.0,2.3142857142857145
3667.0,2.3142857142857145
3668.0,2.3142857142857145
3669.0,2.3142857142857145
3670.0,2.3142857142857145
3671.0,2.3142857142857145
3672.0,2.3142857142857145
3673.0,2.3142857142857145
3674.0,2.3142857142857145
3675.0,2.3142857142857145
3676.0,2.3142857142857145
3677.0,2.3142857142857145
3678.0,2.3142857142857145
3679.0,2.3142857142857145
3680.0,2.3142857142857145
3681.0,2.3142857142857145
3682.0,2.3142857142857145
3683.0,2.3142857142857145
3684.0,2.3142857142857145
3685.0,2.3142857142857145
3686.0,2.3142857142857145
3687.0,2.3142857142857145
3688.0,2.3142857142857145
3689.0,2.3142857142857145
3690.0,2.3142857142857145
3691.0,2.3142857142857145
3692.0,2.3142857142857145
3693.0,2.3142857142857145
3694.0,2.3142857142857145
3695.0,2.3142857142857145
3696.0,2.3142857142857145
3697.0,2.2714285714285714
3698.0,2.3142857142857145
3699.0,2.3142857142857145
3700.0,2.2714285714285714
3701.0,2.2714285714285714
3702.0,2.3142857142857145
3703.0,2.3142857142857145
3704.0,2.3142857142857145
3705.0,2.2714285714285714
3706.0,2.2714285714285714
3707.0,2.2714285714285714
3708.0,2.3142857142857145
3709.0,2.3142857142857145
3710.0,2.2714285714285714
3711.0,2.3142857142857145
3712.0,2.3142857142857145
3713.0,2.3142857142857145
3714.0,2.3142857142857145
3715.0,2.3142857142857145
3716.0,2.3142857142857145
3717.0,2.3142857142857145
3718.0,2.2714285714285714
3719.0,2.3142857142857145
3720.0,2.3142857142857145
3721.0,2.3142857142857145
3722.0,2.3142857142857145
3723.0,2.3142857142857145
3724.0,2.3142857142857145
3725.0,2.3142857142857145
3726.0,2.3142857142857145
3727.0,2.3142857142857145
3728.0,2.2714285714285714
3729.0,2.3142857142857145
3730.0,2.3142857142857145
3731.0,2.3142857142857145
3732.0,2.3142857142857145
3733.0,2.3142857142857145
3734.0,2.2714285714285714
3735.0,2.2714285714285714
3736.0,2.3142857142857145
3737.0,2.2714285714285714
3738.0,2.3142857142857145
3739.0,2.3142857142857145
3740.0,2.3142857142857145
3741.0,2.3142857142857145
3742.0,2.3142857142857145
3743.0,2.3142857142857145
3744.0,2.3142857142857145
3745.0,2.3142857142857145
3746.0,2.3142857142857145
3747.0,2.3142857142857145
3748.0,2.2714285714285714
3749.0,2.2714285714285714
3750.0,2.3142857142857145
3751.0,2.2714285714285714
3752.0,2.3142857142857145
3753.0,2.3142857142857145
3754.0,2.3142857142857145
3755.0,2.3142857142857145
3756.0,2.3142857142857145
3757.0,2.3142857142857145
3758.0,2.3142857142857145
3759.0,2.3142857142857145
3760.0,2.3142857142857145
3761.0,2.2714285714285714
3762.0,2.3142857142857145
3763.0,2.3142857142857145
3764.0,2.3142857142857145
3765.0,2.3142857142857145
3766.0,2.3142857142857145
3767.0,2.3142857142857145
3768.0,2.2714285714285714
3769.0,2.3142857142857145
3770.0,2.3142857142857145
3771.0,2.3142857142857145
3772.0,2.3142857142857145
3773.0,2.3142857142857145
3774.0,2.3142857142857145
3775.0,2.3142857142857145
3776.0,2.3142857142857145
3777.0,2.3142857142857145
3778.0,2.3142857142857145
3779.0,2.3142857142857145
3780.0,2.3142857142857145
3781.0,2.3142857142857145
3782.0,2.3142857142857145
3783.0,2.2714285714285714
3784.0,2.2714285714285714
3785.0,2.2714285714285714
3786.0,2.3142857142857145
3787.0,2.2714285714285714
3788.0,2.2714285714285714
3789.0,2.2714285714285714
3790.0,2.3142857142857145
3791.0,2.2714285714285714
3792.0,2.3142857142857145
3793.0,2.2714285714285714
3794.0,2.3142857142857145
3795.0,2.2714285714285714
3796.0,2.3142857142857145
3797.0,2.2714285714285714
3798.0,2.3142857142857145
3799.0,2.3142857142857145
3800.0,2.3142857142857145
3801.0,2.3142857142857145
3802.0,2.3142857142857145
3803.0,2.2714285714285714
3804.0,2.3142857142857145
3805.0,2.3142857142857145
3806.0,2.3142857142857145
3807.0,2.3142857142857145
3808.0,2.3142857142857145
3809.0,2.2714285714285714
3810.0,2.3142857142857145
3811.0,2.3142857142857145
3812.0,2.3142857142857145
3813.0,2.2714285714285714
3814.0,2.3142857142857145
3815.0,2.3142857142857145
3816.0,2.2714285714285714
3817.0,2.3142857142857145
3818.0,2.2714285714285714
3819.0,2.3142857142857145
3820.0,2.2714285714285714
3821.0,2.3142857142857145
3822.0,2.2714285714285714
3823.0,2.3142857142857145
3824.0,2.3142857142857145
3825.0,2.3142857142857145
3826.0,2.3142857142857145
3827.0,2.2714285714285714
3828.0,2.2714285714285714
3829.0,2.3142857142857145
3830.0,2.3142857142857145
3831.0,2.2714285714285714
3832.0,2.3142857142857145
3833.0,2.3142857142857145
3834.0,2.3142857142857145
3835.0,2.2714285714285714
3836.0,2.2714285714285714
3837.0,2.2714285714285714
3838.0,2.3142857142857145
3839.0,2.3142857142857145
3840.0,2.3142857142857145
3841.0,2.2714285714285714
3842.0,2.2714285714285714
3843.0,2.2714285714285714
3844.0,2.2714285714285714
3845.0,2.2714285714285714
3846.0,2.2714285714285714
3847.0,2.2714285714285714
3848.0,2.3142857142857145
3849.0,2.2714285714285714
3850.0,2.3142857142857145
3851.0,2.2714285714285714
3852.0,2.2714285714285714
3853.0,2.3142857142857145
3854.0,2.3142857142857145
3855.0,2.3142857142857145
3856.0,2.3142857142857145
3857.0,2.3142857142857145
3858.0,2.3142857142857145
3859.0,2.3142857142857145
3860.0,2.3142857142857145
3861.0,2.3142857142857145
3862.0,2.2714285714285714
3863.0,2.2714285714285714
3864.0,2.2714285714285714
3865.0,2.2714285714285714
3866.0,2.3142857142857145
3867.0,2.2714285714285714
3868.0,2.3142857142857145
3869.0,2.2714285714285714
3870.0,2.3142857142857145
3871.0,2.3142857142857145
3872.0,2.3142857142857145
3873.0,2.3142857142857145
3874.0,2.3142857142857145
3875.0,2.3142857142857145
3876.0,2.3142857142857145
3877.0,2.3142857142857145
3878.0,2.2714285714285714
3879.0,2.3142857142857145
3880.0,2.3142857142857145
3881.0,2.3142857142857145
3882.0,2.2714285714285714
3883.0,2.3142857142857145
3884.0,2.2714285714285714
3885.0,2.3142857142857145
3886.0,2.2714285714285714
3887.0,2.3142857142857145
3888.0,2.3142857142857145
3889.0,2.2714285714285714
3890.0,2.2714285714285714
3891.0,2.2714285714285714
3892.0,2.3142857142857145
3893.0,2.2714285714285714
3894.0,2.3142857142857145
3895.0,2.2714285714285714
3896.0,2.3142857142857145
3897.0,2.2714285714285714
3898.0,2.3142857142857145
3899.0,2.3142857142857145
3900.0,2.2714285714285714
3901.0,2.2714285714285714
3902.0,2.3142857142857145
3903.0,2.2714285714285714
3904.0,2.2714285714285714
3905.0,2.3142857142857145
3906.0,2.2714285714285714
3907.0,2.2714285714285714
3908.0,2.2714285714285714
3909.0,2.3142857142857145
3910.0,2.2714285714285714
3911.0,2.3142857142857145
3912.0,2.2714285714285714
3913.0,2.3142857142857145
3914.0,2.2714285714285714
3915.0,2.2714285714285714
3916.0,2.3142857142857145
3917.0,2.3142857142857145
3918.0,2.2714285714285714
3919.0,2.2714285714285714
3920.0,2.2714285714285714
3921.0,2.2714285714285714
3922.0,2.2714285714285714
3923.0,2.2714285714285714
3924.0,2.3142857142857145
3925.0,2.2714285714285714
3926.0,2.2714285714285714
3927.0,2.2714285714285714
3928.0,2.2714285714285714
3929.0,2.2714285714285714
3930.0,2.3142857142857145
3931.0,2.2714285714285714
3932.0,2.3142857142857145
3933.0,2.3142857142857145
3934.0,2.2714285714285714
3935.0,2.2714285714285714
3936.0,2.2714285714285714
3937.0,2.2714285714285714
3938.0,2.2714285714285714
3939.0,2.3142857142857145
3940.0,2.2714285714285714
3941.0,2.2714285714285714
3942.0,2.3142857142857145
3943.0,2.2714285714285714
3944.0,2.2714285714285714
3945.0,2.3142857142857145
3946.0,2.2714285714285714
3947.0,2.2714285714285714
3948.0,2.2714285714285714
3949.0,2.3142857142857145
3950.0,2.2714285714285714
3951.0,2.2714285714285714
3952.0,2.2714285714285714
3953.0,2.3142857142857145
3954.0,2.2714285714285714
3955.0,2.2714285714285714
3956.0,2.2714285714285714
3957.0,2.2714285714285714
3958.0,2.3142857142857145
3959.0,2.3142857142857145
3960.0,2.2714285714285714
3961.0,2.2714285714285714
3962.0,2.2714285714285714
3963.0,2.2714285714285714
3964.0,2.3142857142857145
3965.0,2.2714285714285714
3966.0,2.3142857142857145
3967.0,2.2714285714285714
3968.0,2.2714285714285714
3969.0,2.3142857142857145
3970.0,2.2714285714285714
3971.0,2.2714285714285714
3972.0,2.3142857142857145
3973.0,2.3142857142857145
3974.0,2.2714285714285714
3975.0,2.2714285714285714
3976.0,2.2714285714285714
3977.0,2.3142857142857145
3978.0,2.3142857142857145
3979.0,2.2285714285714286
3980.0,2.3142857142857145
3981.0,2.3142857142857145
3982.0,2.2714285714285714
3983.0,2.3142857142857145
3984.0,2.2714285714285714
3985.0,2.3142857142857145
3986.0,2.2714285714285714
3987.0,2.2714285714285714
3988.0,2.2714285714285714
3989.0,2.2714285714285714
3990.0,2.2714285714285714
3991.0,2.3142857142857145
3992.0,2.2285714285714286
3993.0,2.2714285714285714
3994.0,2.2714285714285714
3995.0,2.2714285714285714
3996.0,2.2714285714285714
3997.0,2.3142857142857145
3998.0,2.3142857142857145
3999.0,2.2714285714285714
4000.0,2.2714285714285714
4001.0,2.3142857142857145
4002.0,2.2714285714285714
4003.0,2.3142857142857145
4004.0,2.2714285714285714
4005.0,2.2714285714285714
4006.0,2.2714285714285714
4007.0,2.2714285714285714
4008.0,2.2714285714285714
4009.0,2.2714285714285714
4010.0,2.2714285714285714
4011.0,2.3142857142857145
4012.0,2.2714285714285714
4013.0,2.2714285714285714
4014.0,2.2714285714285714
4015.0,2.2714285714285714
4016.0,2.3142857142857145
4017.0,2.3142857142857145
4018.0,2.3142857142857145
4019.0,2.2714285714285714
4020.0,2.2714285714285714
4021.0,2.2714285714285714
4022.0,2.2714285714285714
4023.0,2.2714285714285714
4024.0,2.2714285714285714
4025.0,2.2714285714285714
4026.0,2.2714285714285714
4027.0,2.2714285714285714
4028.0,2.2714285714285714
4029.0,2.3142857142857145
4030.0,2.2714285714285714
4031.0,2.3142857142857145
4032.0,2.3142857142857145
4033.0,2.3142857142857145
4034.0,2.2714285714285714
4035.0,2.2714285714285714
4036.0,2.2714285714285714
4037.0,2.2714285714285714
4038.0,2.2714285714285714
4039.0,2.3142857142857145
4040.0,2.2714285714285714
4041.0,2.2714285714285714
4042.0,2.2714285714285714
4043.0,2.2714285714285714
4044.0,2.2714285714285714
4045.0,2.2714285714285714
4046.0,2.2714285714285714
4047.0,2.2714285714285714
4048.0,2.2714285714285714
4049.0,2.2714285714285714
4050.0,2.2714285714285714
4051.0,2.2285714285714286
4052.0,2.2714285714285714
4053.0,2.2714285714285714
4054.0,2.2714285714285714
4055.0,2.2714285714285714
4056.0,2.2714285714285714
4057.0,2.2714285714285714
4058.0,2.2714285714285714
4059.0,2.2714285714285714
4060.0,2.2714285714285714
4061.0,2.2714285714285714
4062.0,2.3142857142857145
4063.0,2.2714285714285714
4064.0,2.2714285714285714
4065.0,2.2714285714285714
4066.0,2.2714285714285714
4067.0,2.2714285714285714
4068.0,2.2714285714285714
4069.0,2.2714285714285714
4070.0,2.2714285714285714
4071.0,2.2714285714285714
4072.0,2.2714285714285714
4073.0,2.2714285714285714
4074.0,2.2714285714285714
4075.0,2.2714285714285714
4076.0,2.3142857142857145
4077.0,2.2714285714285714
4078.0,2.2714285714285714
4079.0,2.2714285714285714
4080.0,2.3142857142857145
4081.0,2.2714285714285714
4082.0,2.3142857142857145
4083.0,2.2285714285714286
4084.0,2.3142857142857145
4085.0,2.2714285714285714
4086.0,2.2714285714285714
4087.0,2.2714285714285714
4088.0,2.2714285714285714
4089.0,2.2285714285714286
4090.0,2.2714285714285714
4091.0,2.2714285714285714
4092.0,2.3142857142857145
4093.0,2.2714285714285714
4094.0,2.2714285714285714
4095.0,2.2714285714285714
4096.0,2.3142857142857145
4097.0,2.2714285714285714
4098.0,2.2714285714285714
4099.0,2.3142857142857145
4100.0,2.2714285714285714
4101.0,2.2714285714285714
4102.0,2.2714285714285714
4103.0,2.2714285714285714
4104.0,2.2714285714285714
4105.0,2.2714285714285714
4106.0,2.2714285714285714
4107.0,2.2714285714285714
4108.0,2.2714285714285714
4109.0,2.2285714285714286
4110.0,2.2714285714285714
4111.0,2.2714285714285714
4112.0,2.2714285714285714
4113.0,2.2714285714285714
4114.0,2.3142857142857145
4115.0,2.2714285714285714
4116.0,2.2714285714285714
4117.0,2.2714285714285714
4118.0,2.2714285714285714
4119.0,2.2714285714285714
4120.0,2.2714285714285714
4121.0,2.2714285714285714
4122.0,2.2285714285714286
4123.0,2.2714285714285714
4124.0,2.2714285714285714
4125.0,2.2714285714285714
4126.0,2.2285714285714286
4127.0,2.2714285714285714
4128.0,2.2714285714285714
4129.0,2.3142857142857145
4130.0,2.2714285714285714
4131.0,2.2714285714285714
4132.0,2.2285714285714286
4133.0,2.2714285714285714
4134.0,2.2714285714285714
4135.0,2.2714285714285714
4136.0,2.2714285714285714
4137.0,2.2714285714285714
4138.0,2.2714285714285714
4139.0,2.2285714285714286
4140.0,2.2714285714285714
4141.0,2.2714285714285714
4142.0,2.2714285714285714
4143.0,2.2714285714285714
4144.0,2.2714285714285714
4145.0,2.2285714285714286
4146.0,2.2714285714285714
4147.0,2.2714285714285714
4148.0,2.2714285714285714
4149.0,2.2714285714285714
4150.0,2.2714285714285714
4151.0,2.2714285714285714
4152.0,2.2714285714285714
4153.0,2.2714285714285714
4154.0,2.3142857142857145
4155.0,2.2285714285714286
4156.0,2.2714285714285714
4157.0,2.2714285714285714
4158.0,2.2714285714285714
4159.0,2.2714285714285714
4160.0,2.2714285714285714
4161.0,2.2714285714285714
4162.0,2.3142857142857145
4163.0,2.2714285714285714
4164.0,2.2714285714285714
4165.0,2.2285714285714286
4166.0,2.2714285714285714
4167.0,2.2285714285714286
4168.0,2.2714285714285714
4169.0,2.2285714285714286
4170.0,2.2285714285714286
4171.0,2.2285714285714286
4172.0,2.2285714285714286
4173.0,2.2714285714285714
4174.0,2.3142857142857145
4175.0,2.2714285714285714
4176.0,2.2714285714285714
4177.0,2.2714285714285714
4178.0,2.2285714285714286
4179.0,2.2714285714285714
4180.0,2.2714285714285714
4181.0,2.2714285714285714
4182.0,2.2714285714285714
4183.0,2.2714285714285714
4184.0,2.2714285714285714
4185.0,2.2714285714285714
4186.0,2.2714285714285714
4187.0,2.2714285714285714
4188.0,2.2285714285714286
4189.0,2.2285714285714286
4190.0,2.2714285714285714
4191.0,2.2714285714285714
4192.0,2.2714285714285714
4193.0,2.2714285714285714
4194.0,2.2714285714285714
4195.0,2.2714285714285714
4196.0,2.2714285714285714
4197.0,2.2714285714285714
4198.0,2.2285714285714286
4199.0,2.2285714285714286
4200.0,2.3142857142857145
4201.0,2.2714285714285714
4202.0,2.2714285714285714
4203.0,2.2714285714285714
4204.0,2.2714285714285714
4205.0,2.2714285714285714
4206.0,2.2285714285714286
4207.0,2.2714285714285714
4208.0,2.2714285714285714
4209.0,2.2714285714285714
4210.0,2.2714285714285714
4211.0,2.2714285714285714
4212.0,2.2714285714285714
4213.0,2.2285714285714286
4214.0,2.2714285714285714
4215.0,2.2714285714285714
4216.0,2.2714285714285714
4217.0,2.2714285714285714
4218.0,2.2285714285714286
4219.0,2.2285714285714286
4220.0,2.2285714285714286
4221.0,2.2285714285714286
4222.0,2.2714285714285714
4223.0,2.2714285714285714
4224.0,2.2714285714285714
4225.0,2.3142857142857145
4226.0,2.2714285714285714
4227.0,2.2285714285714286
4228.0,2.2285714285714286
4229.0,2.3142857142857145
4230.0,2.2714285714285714
4231.0,2.2714285714285714
4232.0,2.2714285714285714
4233.0,2.2714285714285714
4234.0,2.2714285714285714
4235.0,2.2714285714285714
4236.0,2.2714285714285714
4237.0,2.2714285714285714
4238.0,2.2285714285714286
4239.0,2.2285714285714286
4240.0,2.2714285714285714
4241.0,2.2714285714285714
4242.0,2.2714285714285714
4243.0,2.2714285714285714
4244.0,2.2714285714285714
4245.0,2.2714285714285714
4246.0,2.2714285714285714
4247.0,2.2714285714285714
4248.0,2.2714285714285714
4249.0,2.2714285714285714
4250.0,2.2714285714285714
4251.0,2.2714285714285714
4252.0,2.2285714285714286
4253.0,2.2714285714285714
4254.0,2.3142857142857145
4255.0,2.2714285714285714
4256.0,2.2285714285714286
4257.0,2.2285714285714286
4258.0,2.2714285714285714
4259.0,2.2714285714285714
4260.0,2.2714285714285714
4261.0,2.2714285714285714
4262.0,2.2714285714285714
4263.0,2.2714285714285714
4264.0,2.2285714285714286
4265.0,2.2285714285714286
4266.0,2.2714285714285714
4267.0,2.2285714285714286
4268.0,2.2714285714285714
4269.0,2.2714285714285714
4270.0,2.2285714285714286
4271.0,2.2714285714285714
4272.0,2.2285714285714286
4273.0,2.2714285714285714
4274.0,2.2714285714285714
4275.0,2.2714285714285714
4276.0,2.2285714285714286
4277.0,2.2714285714285714
4278.0,2.2285714285714286
4279.0,2.2714285714285714
4280.0,2.2285714285714286
4281.0,2.2714285714285714
4282.0,2.2714285714285714
4283.0,2.2714285714285714
4284.0,2.2714285714285714
4285.0,2.2285714285714286
4286.0,2.2285714285714286
4287.0,2.2285714285714286
4288.0,2.2285714285714286
4289.0,2.2285714285714286
4290.0,2.2714285714285714
4291.0,2.2714285714285714
4292.0,2.2285714285714286
4293.0,2.2714285714285714
4294.0,2.2714285714285714
4295.0,2.2714285714285714
4296.0,2.2714285714285714
4297.0,2.2285714285714286
4298.0,2.2714285714285714
4299.0,2.2714285714285714
4300.0,2.2714285714285714
4301.0,2.2714285714285714
4302.0,2.2285714285714286
4303.0,2.2285714285714286
4304.0,2.2714285714285714
4305.0,2.2285714285714286
4306.0,2.2714285714285714
4307.0,2.2714285714285714
4308.0,2.2714285714285714
4309.0,2.2714285714285714
4310.0,2.2714285714285714
4311.0,2.2714285714285714
4312.0,2.2714285714285714
4313.0,2.2714285714285714
4314.0,2.2285714285714286
4315.0,2.2714285714285714
4316.0,2.2714285714285714
4317.0,2.2714285714285714
4318.0,2.2714285714285714
4319.0,2.2285714285714286
4320.0,2.2285714285714286
4321.0,2.2285714285714286
4322.0,2.2285714285714286
4323.0,2.2285714285714286
4324.0,2.2714285714285714
4325.0,2.2714285714285714
4326.0,2.2285714285714286
4327.0,2.2714285714285714
4328.0,2.2285714285714286
4329.0,2.2285714285714286
4330.0,2.2714285714285714
4331.0,2.2714285714285714
4332.0,2.2285714285714286
4333.0,2.2285714285714286
4334.0,2.3142857142857145
4335.0,2.2285714285714286
4336.0,2.2714285714285714
4337.0,2.2714285714285714
4338.0,2.2714285714285714
4339.0,2.2714285714285714
4340.0,2.2285714285714286
4341.0,2.2714285714285714
4342.0,2.2285714285714286
4343.0,2.2285714285714286
4344.0,2.2285714285714286
4345.0,2.2285714285714286
4346.0,2.2285714285714286
4347.0,2.2285714285714286
4348.0,2.2714285714285714
4349.0,2.3142857142857145
4350.0,2.2714285714285714
4351.0,2.2285714285714286
4352.0,2.2714285714285714
4353.0,2.2285714285714286
4354.0,2.2285714285714286
4355.0,2.2285714285714286
4356.0,2.2285714285714286
4357.0,2.2285714285714286
4358.0,2.2714285714285714
4359.0,2.2714285714285714
4360.0,2.2285714285714286
4361.0,2.2714285714285714
4362.0,2.2285714285714286
4363.0,2.2285714285714286
4364.0,2.2714285714285714
4365.0,2.2714285714285714
4366.0,2.2714285714285714
4367.0,2.2285714285714286
4368.0,2.2285714285714286
4369.0,2.2285714285714286
4370.0,2.2714285714285714
4371.0,2.2714285714285714
4372.0,2.2714285714285714
4373.0,2.2285714285714286
4374.0,2.2714285714285714
4375.0,2.2285714285714286
4376.0,2.2714285714285714
4377.0,2.2285714285714286
4378.0,2.2714285714285714
4379.0,2.2285714285714286
4380.0,2.2285714285714286
4381.0,2.2285714285714286
4382.0,2.2714285714285714
4383.0,2.2285714285714286
4384.0,2.2285714285714286
4385.0,2.2285714285714286
4386.0,2.2285714285714286
4387.0,2.2285714285714286
4388.0,2.2285714285714286
4389.0,2.2285714285714286
4390.0,2.2285714285714286
4391.0,2.2714285714285714
4392.0,2.2714285714285714
4393.0,2.2285714285714286
4394.0,2.2285714285714286
4395.0,2.2714285714285714
4396.0,2.2714285714285714
4397.0,2.2285714285714286
4398.0,2.2285714285714286
4399.0,2.2714285714285714
4400.0,2.2714285714285714
4401.0,2.2714285714285714
4402.0,2.2714285714285714
4403.0,2.2714285714285714
4404.0,2.2714285714285714
4405.0,2.2714285714285714
4406.0,2.2285714285714286
4407.0,2.2285714285714286
4408.0,2.2285714285714286
4409.0,2.2714285714285714
4410.0,2.2714285714285714
4411.0,2.2714285714285714
4412.0,2.2285714285714286
4413.0,2.2285714285714286
4414.0,2.2285714285714286
4415.0,2.2285714285714286
4416.0,2.2714285714285714
4417.0,2.2714285714285714
4418.0,2.2714285714285714
4419.0,2.2285714285714286
4420.0,2.2285714285714286
4421.0,2.3142857142857145
4422.0,2.2285714285714286
4423.0,2.2285714285714286
4424.0,2.2285714285714286
4425.0,2.2285714285714286
4426.0,2.2285714285714286
4427.0,2.2714285714285714
4428.0,2.2285714285714286
4429.0,2.2714285714285714
4430.0,2.2285714285714286
4431.0,2.2714285714285714
4432.0,2.2714285714285714
4433.0,2.2714285714285714
4434.0,2.2285714285714286
4435.0,2.2714285714285714
4436.0,2.2714285714285714
4437.0,2.2285714285714286
4438.0,2.2285714285714286
4439.0,2.2285714285714286
4440.0,2.2285714285714286
4441.0,2.2285714285714286
4442.0,2.2285714285714286
4443.0,2.2285714285714286
4444.0,2.2285714285714286
4445.0,2.2285714285714286
4446.0,2.2285714285714286
4447.0,2.2285714285714286
4448.0,2.2285714285714286
4449.0,2.2285714285714286
4450.0,2.2285714285714286
4451.0,2.2285714285714286
4452.0,2.2714285714285714
4453.0,2.2285714285714286
4454.0,2.2714285714285714
4455.0,2.2285714285714286
4456.0,2.2714285714285714
4457.0,2.2714285714285714
4458.0,2.2285714285714286
4459.0,2.2714285714285714
4460.0,2.2285714285714286
4461.0,2.2285714285714286
4462.0,2.2285714285714286
4463.0,2.2285714285714286
4464.0,2.2285714285714286
4465.0,2.2285714285714286
4466.0,2.2714285714285714
4467.0,2.2714285714285714
4468.0,2.2714285714285714
4469.0,2.2285714285714286
4470.0,2.2285714285714286
4471.0,2.2714285714285714
4472.0,2.2285714285714286
4473.0,2.2285714285714286
4474.0,2.2285714285714286
4475.0,2.2714285714285714
4476.0,2.2714285714285714
4477.0,2.2285714285714286
4478.0,2.2285714285714286
4479.0,2.2714285714285714
4480.0,2.2714285714285714
4481.0,2.2285714285714286
4482.0,2.2285714285714286
4483.0,2.2285714285714286
4484.0,2.2285714285714286
4485.0,2.2714285714285714
4486.0,2.2714285714285714
4487.0,2.2714285714285714
4488.0,2.2285714285714286
4489.0,2.2285714285714286
4490.0,2.2285714285714286
4491.0,2.2285714285714286
4492.0,2.2714285714285714
4493.0,2.2285714285714286
4494.0,2.2285714285714286
4495.0,2.2714285714285714
4496.0,2.2285714285714286
4497.0,2.2285714285714286
4498.0,2.2285714285714286
4499.0,2.2714285714285714
4500.0,2.2285714285714286
4501.0,2.2714285714285714
4502.0,2.2285714285714286
4503.0,2.2285714285714286
4504.0,2.2285714285714286
4505.0,2.2285714285714286
4506.0,2.2285714285714286
4507.0,2.2285714285714286
4508.0,2.2285714285714286
4509.0,2.2285714285714286
4510.0,2.2285714285714286
4511.0,2.2285714285714286
4512.0,2.2285714285714286
4513.0,2.2285714285714286
4514.0,2.2285714285714286
4515.0,2.2714285714285714
4516.0,2.2285714285714286
4517.0,2.2714285714285714
4518.0,2.2714285714285714
4519.0,2.2285714285714286
4520.0,2.2285714285714286
4521.0,2.2714285714285714
4522.0,2.2285714285714286
4523.0,2.2285714285714286
4524.0,2.2285714285714286
4525.0,2.2714285714285714
4526.0,2.2285714285714286
4527.0,2.2285714285714286
4528.0,2.2285714285714286
4529.0,2.2285714285714286
4530.0,2.2285714285714286
4531.0,2.2285714285714286
4532.0,2.2714285714285714
4533.0,2.2285714285714286
4534.0,2.2285714285714286
4535.0,2.2285714285714286
4536.0,2.2285714285714286
4537.0,2.2285714285714286
4538.0,2.2285714285714286
4539.0,2.2285714285714286
4540.0,2.2285714285714286
4541.0,2.2285714285714286
4542.0,2.2714285714285714
4543.0,2.2285714285714286
4544.0,2.2714285714285714
4545.0,2.2285714285714286
4546.0,2.2285714285714286
4547.0,2.2285714285714286
4548.0,2.2285714285714286
4549.0,2.2285714285714286
4550.0,2.2714285714285714
4551.0,2.2285714285714286
4552.0,2.2285714285714286
4553.0,2.2285714285714286
4554.0,2.2714285714285714
4555.0,2.2285714285714286
4556.0,2.2285714285714286
4557.0,2.2714285714285714
4558.0,2.2285714285714286
4559.0,2.2285714285714286
4560.0,2.2285714285714286
4561.0,2.2285714285714286
4562.0,2.2285714285714286
4563.0,2.2285714285714286
4564.0,2.2285714285714286
4565.0,2.2285714285714286
4566.0,2.2285714285714286
4567.0,2.2285714285714286
4568.0,2.2285714285714286
4569.0,2.2285714285714286
4570.0,2.2285714285714286
4571.0,2.2285714285714286
4572.0,2.2285714285714286
4573.0,2.2714285714285714
4574.0,2.2285714285714286
4575.0,2.2285714285714286
4576.0,2.2285714285714286
4577.0,2.2285714285714286
4578.0,2.2285714285714286
4579.0,2.2285714285714286
4580.0,2.2285714285714286
4581.0,2.2285714285714286
4582.0,2.2285714285714286
4583.0,2.2714285714285714
4584.0,2.2285714285714286
4585.0,2.2285714285714286
4586.0,2.2714285714285714
4587.0,2.2285714285714286
4588.0,2.2285714285714286
4589.0,2.2285714285714286
4590.0,2.2285714285714286
4591.0,2.2285714285714286
4592.0,2.2285714285714286
4593.0,2.2285714285714286
4594.0,2.2285714285714286
4595.0,2.2285714285714286
4596.0,2.2285714285714286
4597.0,2.2285714285714286
4598.0,2.2285714285714286
4599.0,2.2285714285714286
4600.0,2.2285714285714286
4601.0,2.2285714285714286
4602.0,2.2285714285714286
4603.0,2.2285714285714286
4604.0,2.2714285714285714
4605.0,2.2285714285714286
4606.0,2.2285714285714286
4607.0,2.2714285714285714
4608.0,2.2285714285714286
4609.0,2.2714285714285714
4610.0,2.2285714285714286
4611.0,2.2285714285714286
4612.0,2.2285714285714286
4613.0,2.2285714285714286
4614.0,2.2285714285714286
4615.0,2.2285714285714286
4616.0,2.2714285714285714
4617.0,2.2285714285714286
4618.0,2.2285714285714286
4619.0,2.2285714285714286
4620.0,2.2285714285714286
4621.0,2.2285714285714286
4622.0,2.2714285714285714
4623.0,2.2714285714285714
4624.0,2.2285714285714286
4625.0,2.2285714285714286
4626.0,2.2285714285714286
4627.0,2.2714285714285714
4628.0,2.2714285714285714
4629.0,2.2285714285714286
4630.0,2.2285714285714286
4631.0,2.2285714285714286
4632.0,2.2285714285714286
4633.0,2.2285714285714286
4634.0,2.2285714285714286
4635.0,2.2285714285714286
4636.0,2.2285714285714286
4637.0,2.2714285714285714
4638.0,2.2285714285714286
4639.0,2.2285714285714286
4640.0,2.2285714285714286
4641.0,2.2285714285714286
4642.0,2.2285714285714286
4643.0,2.2285714285714286
4644.0,2.2285714285714286
4645.0,2.2285714285714286
4646.0,2.2285714285714286
4647.0,2.2285714285714286
4648.0,2.2285714285714286
4649.0,2.2285714285714286
4650.0,2.2714285714285714
4651.0,2.2285714285714286
4652.0,2.2285714285714286
4653.0,2.185714285714286
4654.0,2.2714285714285714
4655.0,2.185714285714286
4656.0,2.2285714285714286
4657.0,2.2285714285714286
4658.0,2.2285714285714286
4659.0,2.2285714285714286
4660.0,2.2285714285714286
4661.0,2.2285714285714286
4662.0,2.2285714285714286
4663.0,2.2285714285714286
4664.0,2.2714285714285714
4665.0,2.2285714285714286
4666.0,2.2285714285714286
4667.0,2.2285714285714286
4668.0,2.2285714285714286
4669.0,2.2285714285714286
4670.0,2.2285714285714286
4671.0,2.2285714285714286
4672.0,2.2285714285714286
4673.0,2.2714285714285714
4674.0,2.2285714285714286
4675.0,2.2285714285714286
4676.0,2.2285714285714286
4677.0,2.2285714285714286
4678.0,2.2285714285714286
4679.0,2.2285714285714286
4680.0,2.2285714285714286
4681.0,2.2285714285714286
4682.0,2.2285714285714286
4683.0,2.2285714285714286
4684.0,2.2285714285714286
4685.0,2.2285714285714286
4686.0,2.2285714285714286
4687.0,2.2285714285714286
4688.0,2.2285714285714286
4689.0,2.2285714285714286
4690.0,2.2714285714285714
4691.0,2.2285714285714286
4692.0,2.2285714285714286
4693.0,2.2285714285714286
4694.0,2.2285714285714286
4695.0,2.2285714285714286
4696.0,2.2285714285714286
4697.0,2.2285714285714286
4698.0,2.2285714285714286
4699.0,2.2285714285714286
4700.0,2.2285714285714286
4701.0,2.2285714285714286
4702.0,2.2285714285714286
4703.0,2.2285714285714286
4704.0,2.2285714285714286
4705.0,2.2285714285714286
4706.0,2.2285714285714286
4707.0,2.2285714285714286
4708.0,2.2285714285714286
4709.0,2.2285714285714286
4710.0,2.2285714285714286
4711.0,2.2285714285714286
4712.0,2.2714285714285714
4713.0,2.2285714285714286
4714.0,2.2285714285714286
4715.0,2.2285714285714286
4716.0,2.2285714285714286
4717.0,2.2285714285714286
4718.0,2.2285714285714286
4719.0,2.2285714285714286
4720.0,2.2285714285714286
4721.0,2.2714285714285714
4722.0,2.2285714285714286
4723.0,2.2285714285714286
4724.0,2.2285714285714286
4725.0,2.2285714285714286
4726.0,2.2285714285714286
4727.0,2.2285714285714286
4728.0,2.2285714285714286
4729.0,2.185714285714286
4730.0,2.2285714285714286
4731.0,2.2285714285714286
4732.0,2.2285714285714286
4733.0,2.2285714285714286
4734.0,2.2285714285714286
4735.0,2.2285714285714286
4736.0,2.2285714285714286
4737.0,2.2285714285714286
4738.0,2.2285714285714286
4739.0,2.185714285714286
4740.0,2.2285714285714286
4741.0,2.2285714285714286
4742.0,2.2285714285714286
4743.0,2.2285714285714286
4744.0,2.2285714285714286
4745.0,2.2285714285714286
4746.0,2.2285714285714286
4747.0,2.2285714285714286
4748.0,2.2285714285714286
4749.0,2.2285714285714286
4750.0,2.2285714285714286
4751.0,2.2285714285714286
4752.0,2.2285714285714286
4753.0,2.2285714285714286
4754.0,2.2714285714285714
4755.0,2.2285714285714286
4756.0,2.2285714285714286
4757.0,2.2285714285714286
4758.0,2.2285714285714286
4759.0,2.2285714285714286
4760.0,2.2285714285714286
4761.0,2.2285714285714286
4762.0,2.2285714285714286
4763.0,2.2285714285714286
4764.0,2.2285714285714286
4765.0,2.2285714285714286
4766.0,2.2285714285714286
4767.0,2.2285714285714286
4768.0,2.2285714285714286
4769.0,2.2285714285714286
4770.0,2.2285714285714286
4771.0,2.2285714285714286
4772.0,2.2285714285714286
4773.0,2.2285714285714286
4774.0,2.2285714285714286
4775.0,2.2285714285714286
4776.0,2.2285714285714286
4777.0,2.2285714285714286
4778.0,2.2285714285714286
4779.0,2.2285714285714286
4780.0,2.2285714285714286
4781.0,2.2285714285714286
4782.0,2.2285714285714286
4783.0,2.2285714285714286
4784.0,2.2285714285714286
4785.0,2.2285714285714286
4786.0,2.2285714285714286
4787.0,2.2285714285714286
4788.0,2.2285714285714286
4789.0,2.2285714285714286
4790.0,2.2285714285714286
4791.0,2.185714285714286
4792.0,2.2285714285714286
4793.0,2.2285714285714286
4794.0,2.2285714285714286
4795.0,2.2285714285714286
4796.0,2.2285714285714286
4797.0,2.2285714285714286
4798.0,2.2285714285714286
4799.0,2.2285714285714286
4800.0,2.2285714285714286
4801.0,2.2285714285714286
4802.0,2.2285714285714286
4803.0,2.2285714285714286
4804.0,2.2285714285714286
4805.0,2.2285714285714286
4806.0,2.2285714285714286
4807.0,2.2285714285714286
4808.0,2.2285714285714286
4809.0,2.2285714285714286
4810.0,2.2285714285714286
4811.0,2.2285714285714286
4812.0,2.2285714285714286
4813.0,2.2285714285714286
4814.0,2.2285714285714286
4815.0,2.2285714285714286
4816.0,2.2285714285714286
4817.0,2.2285714285714286
4818.0,2.2285714285714286
4819.0,2.2285714285714286
4820.0,2.2285714285714286
4821.0,2.2285714285714286
4822.0,2.2285714285714286
4823.0,2.2285714285714286
4824.0,2.2285714285714286
4825.0,2.2285714285714286
4826.0,2.2285714285714286
4827.0,2.2285714285714286
4828.0,2.2714285714285714
4829.0,2.2285714285714286
4830.0,2.185714285714286
4831.0,2.2285714285714286
4832.0,2.2285714285714286
4833.0,2.2285714285714286
4834.0,2.2285714285714286
4835.0,2.2285714285714286
4836.0,2.2285714285714286
4837.0,2.2285714285714286
4838.0,2.2285714285714286
4839.0,2.2285714285714286
4840.0,2.2285714285714286
4841.0,2.2285714285714286
4842.0,2.2285714285714286
4843.0,2.2285714285714286
4844.0,2.2285714285714286
4845.0,2.2285714285714286
4846.0,2.185714285714286
4847.0,2.2285714285714286
4848.0,2.2285714285714286
4849.0,2.2285714285714286
4850.0,2.2285714285714286
4851.0,2.2285714285714286
4852.0,2.2285714285714286
4853.0,2.2285714285714286
4854.0,2.2285714285714286
4855.0,2.2285714285714286
4856.0,2.2285714285714286
4857.0,2.2285714285714286
4858.0,2.2285714285714286
4859.0,2.2285714285714286
4860.0,2.2285714285714286
4861.0,2.2285714285714286
4862.0,2.2285714285714286
4863.0,2.2285714285714286
4864.0,2.2285714285714286
4865.0,2.2285714285714286
4866.0,2.2285714285714286
4867.0,2.2285714285714286
4868.0,2.2285714285714286
4869.0,2.2285714285714286
4870.0,2.2285714285714286
4871.0,2.2285714285714286
4872.0,2.2285714285714286
4873.0,2.2285714285714286
4874.0,2.185714285714286
4875.0,2.2285714285714286
4876.0,2.2285714285714286
4877.0,2.2285714285714286
4878.0,2.2285714285714286
4879.0,2.185714285714286
4880.0,2.2285714285714286
4881.0,2.2285714285714286
4882.0,2.185714285714286
4883.0,2.2285714285714286
4884.0,2.2285714285714286
4885.0,2.2285714285714286
4886.0,2.2285714285714286
4887.0,2.2285714285714286
4888.0,2.2285714285714286
4889.0,2.2285714285714286
4890.0,2.2285714285714286
4891.0,2.2285714285714286
4892.0,2.2285714285714286
4893.0,2.2285714285714286
4894.0,2.2285714285714286
4895.0,2.2285714285714286
4896.0,2.2285714285714286
4897.0,2.2285714285714286
4898.0,2.2285714285714286
4899.0,2.2285714285714286
4900.0,2.2285714285714286
4901.0,2.2285714285714286
4902.0,2.2285714285714286
4903.0,2.2285714285714286
4904.0,2.2285714285714286
4905.0,2.2285714285714286
4906.0,2.2285714285714286
4907.0,2.2285714285714286
4908.0,2.185714285714286
4909.0,2.2285714285714286
4910.0,2.2285714285714286
4911.0,2.185714285714286
4912.0,2.2285714285714286
4913.0,2.2285714285714286
4914.0,2.2285714285714286
4915.0,2.2285714285714286
4916.0,2.2285714285714286
4917.0,2.2285714285714286
4918.0,2.2285714285714286
4919.0,2.2285714285714286
4920.0,2.185714285714286
4921.0,2.2285714285714286
4922.0,2.185714285714286
4923.0,2.2285714285714286
4924.0,2.2285714285714286
4925.0,2.185714285714286
4926.0,2.2285714285714286
4927.0,2.2285714285714286
4928.0,2.2285714285714286
4929.0,2.2285714285714286
4930.0,2.2285714285714286
4931.0,2.2285714285714286
4932.0,2.2285714285714286
4933.0,2.2285714285714286
4934.0,2.2285714285714286
4935.0,2.185714285714286
4936.0,2.2285714285714286
4937.0,2.2285714285714286
4938.0,2.2285714285714286
4939.0,2.2285714285714286
4940.0,2.2285714285714286
4941.0,2.2285714285714286
4942.0,2.185714285714286
4943.0,2.2285714285714286
4944.0,2.185714285714286
4945.0,2.2285714285714286
4946.0,2.2285714285714286
4947.0,2.2285714285714286
4948.0,2.2285714285714286
4949.0,2.2285714285714286
4950.0,2.185714285714286
4951.0,2.2285714285714286
4952.0,2.185714285714286
4953.0,2.2285714285714286
4954.0,2.2285714285714286
4955.0,2.2285714285714286
4956.0,2.2285714285714286
4957.0,2.2285714285714286
4958.0,2.2285714285714286
4959.0,2.2285714285714286
4960.0,2.2285714285714286
4961.0,2.2285714285714286
4962.0,2.2285714285714286
4963.0,2.2285714285714286
4964.0,2.2285714285714286
4965.0,2.185714285714286
4966.0,2.2285714285714286
4967.0,2.2285714285714286
4968.0,2.2285714285714286
4969.0,2.2285714285714286
4970.0,2.2285714285714286
4971.0,2.2285714285714286
4972.0,2.2285714285714286
4973.0,2.2285714285714286
4974.0,2.2285714285714286
4975.0,2.2285714285714286
4976.0,2.2285714285714286
4977.0,2.2285714285714286
4978.0,2.2285714285714286
4979.0,2.2285714285714286
4980.0,2.185714285714286
4981.0,2.2285714285714286
4982.0,2.2285714285714286
4983.0,2.2285714285714286
4984.0,2.2285714285714286
4985.0,2.2285714285714286
4986.0,2.2285714285714286
4987.0,2.2285714285714286
4988.0,2.2285714285714286
4989.0,2.2285714285714286
4990.0,2.2285714285714286
4991.0,2.2285714285714286
4992.0,2.2285714285714286
4993.0,2.2285714285714286
4994.0,2.2285714285714286
4995.0,2.2285714285714286
4996.0,2.2285714285714286
4997.0,2.2285714285714286
4998.0,2.2285714285714286
4999.0,2.2285714285714286
5000.0,2.2285714285714286
5001.0,2.2285714285714286
5002.0,2.2285714285714286
5003.0,2.2285714285714286
5004.0,2.2285714285714286
5005.0,2.2285714285714286
5006.0,2.2285714285714286
5007.0,2.2285714285714286
5008.0,2.2285714285714286
5009.0,2.2285714285714286
5010.0,2.2285714285714286
5011.0,2.2285714285714286
5012.0,2.185714285714286
5013.0,2.2285714285714286
5014.0,2.2285714285714286
5015.0,2.2285714285714286
5016.0,2.2285714285714286
5017.0,2.2285714285714286
5018.0,2.2285714285714286
5019.0,2.2285714285714286
5020.0,2.2285714285714286
5021.0,2.2285714285714286
5022.0,2.185714285714286
5023.0,2.2285714285714286
5024.0,2.2285714285714286
5025.0,2.2285714285714286
5026.0,2.185714285714286
5027.0,2.2285714285714286
5028.0,2.2285714285714286
5029.0,2.2285714285714286
5030.0,2.2285714285714286
5031.0,2.2285714285714286
5032.0,2.2285714285714286
5033.0,2.2285714285714286
5034.0,2.2285714285714286
5035.0,2.2285714285714286
5036.0,2.2285714285714286
5037.0,2.2285714285714286
5038.0,2.2285714285714286
5039.0,2.2285714285714286
5040.0,2.2285714285714286
5041.0,2.2285714285714286
5042.0,2.2285714285714286
5043.0,2.2285714285714286
5044.0,2.2285714285714286
5045.0,2.2285714285714286
5046.0,2.2285714285714286
5047.0,2.2285714285714286
5048.0,2.2714285714285714
5049.0,2.2285714285714286
5050.0,2.2285714285714286
5051.0,2.2285714285714286
5052.0,2.2285714285714286
5053.0,2.2285714285714286
5054.0,2.2285714285714286
5055.0,2.2285714285714286
5056.0,2.2285714285714286
5057.0,2.2285714285714286
5058.0,2.2285714285714286
5059.0,2.2285714285714286
5060.0,2.2285714285714286
5061.0,2.2285714285714286
5062.0,2.2285714285714286
5063.0,2.2285714285714286
5064.0,2.2285714285714286
5065.0,2.2285714285714286
5066.0,2.2285714285714286
5067.0,2.2285714285714286
5068.0,2.185714285714286
5069.0,2.2285714285714286
5070.0,2.185714285714286
5071.0,2.2285714285714286
5072.0,2.185714285714286
5073.0,2.2285714285714286
5074.0,2.2285714285714286
5075.0,2.2285714285714286
5076.0,2.2285714285714286
5077.0,2.2285714285714286
5078.0,2.2285714285714286
5079.0,2.2285714285714286
5080.0,2.2285714285714286
5081.0,2.2285714285714286
5082.0,2.2285714285714286
5083.0,2.2285714285714286
5084.0,2.2285714285714286
5085.0,2.2285714285714286
5086.0,2.2285714285714286
5087.0,2.2285714285714286
5088.0,2.2285714285714286
5089.0,2.2285714285714286
5090.0,2.2285714285714286
5091.0,2.2285714285714286
5092.0,2.2285714285714286
5093.0,2.2285714285714286
5094.0,2.2285714285714286
5095.0,2.2285714285714286
5096.0,2.2285714285714286
5097.0,2.2285714285714286
5098.0,2.2285714285714286
5099.0,2.2285714285714286
5100.0,2.185714285714286
5101.0,2.2285714285714286
5102.0,2.185714285714286
5103.0,2.2285714285714286
5104.0,2.185714285714286
5105.0,2.185714285714286
5106.0,2.2285714285714286
5107.0,2.185714285714286
5108.0,2.185714285714286
5109.0,2.2285714285714286
5110.0,2.2285714285714286
5111.0,2.185714285714286
5112.0,2.185714285714286
5113.0,2.185714285714286
5114.0,2.185714285714286
5115.0,2.2285714285714286
5116.0,2.2285714285714286
5117.0,2.2285714285714286
5118.0,2.2285714285714286
5119.0,2.185714285714286
5120.0,2.2285714285714286
5121.0,2.185714285714286
5122.0,2.2285714285714286
5123.0,2.2285714285714286
5124.0,2.2285714285714286
5125.0,2.2285714285714286
5126.0,2.2285714285714286
5127.0,2.185714285714286
5128.0,2.2285714285714286
5129.0,2.2285714285714286
5130.0,2.2285714285714286
5131.0,2.2285714285714286
5132.0,2.2285714285714286
5133.0,2.2285714285714286
5134.0,2.185714285714286
5135.0,2.2285714285714286
5136.0,2.2285714285714286
5137.0,2.2285714285714286
5138.0,2.2285714285714286
5139.0,2.2285714285714286
5140.0,2.2285714285714286
5141.0,2.2285714285714286
5142.0,2.2285714285714286
5143.0,2.2285714285714286
5144.0,2.2285714285714286
5145.0,2.2285714285714286
5146.0,2.2285714285714286
5147.0,2.185714285714286
5148.0,2.185714285714286
5149.0,2.2285714285714286
5150.0,2.2285714285714286
5151.0,2.2285714285714286
5152.0,2.2285714285714286
5153.0,2.2285714285714286
5154.0,2.2285714285714286
5155.0,2.2285714285714286
5156.0,2.185714285714286
5157.0,2.2285714285714286
5158.0,2.2285714285714286
5159.0,2.2285714285714286
5160.0,2.2285714285714286
5161.0,2.2285714285714286
5162.0,2.185714285714286
5163.0,2.2285714285714286
5164.0,2.2285714285714286
5165.0,2.2285714285714286
5166.0,2.2285714285714286
5167.0,2.2285714285714286
5168.0,2.2285714285714286
5169.0,2.2285714285714286
5170.0,2.2285714285714286
5171.0,2.2285714285714286
5172.0,2.2285714285714286
5173.0,2.2285714285714286
5174.0,2.2285714285714286
5175.0,2.2285714285714286
5176.0,2.185714285714286
5177.0,2.185714285714286
5178.0,2.185714285714286
5179.0,2.2285714285714286
5180.0,2.2285714285714286
5181.0,2.2285714285714286
5182.0,2.185714285714286
5183.0,2.185714285714286
5184.0,2.2285714285714286
5185.0,2.2285714285714286
5186.0,2.185714285714286
5187.0,2.2285714285714286
5188.0,2.185714285714286
5189.0,2.185714285714286
5190.0,2.2285714285714286
5191.0,2.2285714285714286
5192.0,2.2285714285714286
5193.0,2.2285714285714286
5194.0,2.2285714285714286
5195.0,2.2285714285714286
5196.0,2.2285714285714286
5197.0,2.2285714285714286
5198.0,2.2285714285714286
5199.0,2.2285714285714286
5200.0,2.185714285714286
5201.0,2.185714285714286
5202.0,2.185714285714286
5203.0,2.2285714285714286
5204.0,2.185714285714286
5205.0,2.2285714285714286
5206.0,2.2285714285714286
5207.0,2.2285714285714286
5208.0,2.185714285714286
5209.0,2.2285714285714286
5210.0,2.185714285714286
5211.0,2.185714285714286
5212.0,2.2285714285714286
5213.0,2.2285714285714286
5214.0,2.185714285714286
5215.0,2.2285714285714286
5216.0,2.2285714285714286
5217.0,2.2285714285714286
5218.0,2.2285714285714286
5219.0,2.2285714285714286
5220.0,2.185714285714286
5221.0,2.2285714285714286
5222.0,2.2285714285714286
5223.0,2.2285714285714286
5224.0,2.2285714285714286
5225.0,2.2285714285714286
5226.0,2.2285714285714286
5227.0,2.2285714285714286
5228.0,2.185714285714286
5229.0,2.185714285714286
5230.0,2.2285714285714286
5231.0,2.2285714285714286
5232.0,2.185714285714286
5233.0,2.2285714285714286
5234.0,2.2285714285714286
5235.0,2.2285714285714286
5236.0,2.2285714285714286
5237.0,2.2285714285714286
5238.0,2.2285714285714286
5239.0,2.2285714285714286
5240.0,2.2285714285714286
5241.0,2.2285714285714286
5242.0,2.185714285714286
5243.0,2.2285714285714286
5244.0,2.185714285714286
5245.0,2.185714285714286
5246.0,2.185714285714286
5247.0,2.2285714285714286
5248.0,2.2285714285714286
5249.0,2.2285714285714286
5250.0,2.185714285714286
5251.0,2.2285714285714286
5252.0,2.185714285714286
5253.0,2.2285714285714286
5254.0,2.185714285714286
5255.0,2.2285714285714286
5256.0,2.2285714285714286
5257.0,2.2285714285714286
5258.0,2.185714285714286
5259.0,2.2285714285714286
5260.0,2.2285714285714286
5261.0,2.2285714285714286
5262.0,2.185714285714286
5263.0,2.185714285714286
5264.0,2.2285714285714286
5265.0,2.2285714285714286
5266.0,2.2285714285714286
5267.0,2.2285714285714286
5268.0,2.185714285714286
5269.0,2.2285714285714286
5270.0,2.2285714285714286
5271.0,2.185714285714286
5272.0,2.185714285714286
5273.0,2.2285714285714286
5274.0,2.2285714285714286
5275.0,2.185714285714286
5276.0,2.2285714285714286
5277.0,2.2285714285714286
5278.0,2.2285714285714286
5279.0,2.2285714285714286
5280.0,2.2285714285714286
5281.0,2.185714285714286
5282.0,2.185714285714286
5283.0,2.2285714285714286
5284.0,2.2285714285714286
5285.0,2.2285714285714286
5286.0,2.185714285714286
5287.0,2.2285714285714286
5288.0,2.2285714285714286
5289.0,2.185714285714286
5290.0,2.2285714285714286
5291.0,2.2285714285714286
5292.0,2.2285714285714286
5293.0,2.2285714285714286
5294.0,2.185714285714286
5295.0,2.2285714285714286
5296.0,2.2285714285714286
5297.0,2.185714285714286
5298.0,2.2285714285714286
5299.0,2.185714285714286
5300.0,2.2285714285714286
5301.0,2.2285714285714286
5302.0,2.2285714285714286
5303.0,2.2285714285714286
5304.0,2.2285714285714286
5305.0,2.2285714285714286
5306.0,2.185714285714286
5307.0,2.2285714285714286
5308.0,2.2285714285714286
5309.0,2.2285714285714286
5310.0,2.2285714285714286
5311.0,2.2285714285714286
5312.0,2.2285714285714286
5313.0,2.185714285714286
5314.0,2.185714285714286
5315.0,2.2285714285714286
5316.0,2.2285714285714286
5317.0,2.2285714285714286
5318.0,2.185714285714286
5319.0,2.2285714285714286
5320.0,2.2285714285714286
5321.0,2.185714285714286
5322.0,2.185714285714286
5323.0,2.2285714285714286
5324.0,2.185714285714286
5325.0,2.2285714285714286
5326.0,2.185714285714286
5327.0,2.185714285714286
5328.0,2.185714285714286
5329.0,2.185714285714286
5330.0,2.185714285714286
5331.0,2.2285714285714286
5332.0,2.185714285714286
5333.0,2.185714285714286
5334.0,2.2285714285714286
5335.0,2.185714285714286
5336.0,2.185714285714286
5337.0,2.185714285714286
5338.0,2.185714285714286
5339.0,2.2285714285714286
5340.0,2.2285714285714286
5341.0,2.2285714285714286
5342.0,2.2285714285714286
5343.0,2.2285714285714286
5344.0,2.185714285714286
5345.0,2.2285714285714286
5346.0,2.185714285714286
5347.0,2.2285714285714286
5348.0,2.2285714285714286
5349.0,2.2285714285714286
5350.0,2.2285714285714286
5351.0,2.185714285714286
5352.0,2.185714285714286
5353.0,2.185714285714286
5354.0,2.185714285714286
5355.0,2.185714285714286
5356.0,2.2285714285714286
5357.0,2.2285714285714286
5358.0,2.2285714285714286
5359.0,2.2285714285714286
5360.0,2.2285714285714286
5361.0,2.2285714285714286
5362.0,2.2285714285714286
5363.0,2.2285714285714286
5364.0,2.2285714285714286
5365.0,2.185714285714286
5366.0,2.185714285714286
5367.0,2.185714285714286
5368.0,2.185714285714286
5369.0,2.2285714285714286
5370.0,2.185714285714286
5371.0,2.185714285714286
5372.0,2.185714285714286
5373.0,2.2285714285714286
5374.0,2.185714285714286
5375.0,2.185714285714286
5376.0,2.185714285714286
5377.0,2.2285714285714286
5378.0,2.185714285714286
5379.0,2.2285714285714286
5380.0,2.185714285714286
5381.0,2.185714285714286
5382.0,2.185714285714286
5383.0,2.2285714285714286
5384.0,2.185714285714286
5385.0,2.185714285714286
5386.0,2.185714285714286
5387.0,2.2285714285714286
5388.0,2.185714285714286
5389.0,2.185714285714286
5390.0,2.185714285714286
5391.0,2.2285714285714286
5392.0,2.185714285714286
5393.0,2.2285714285714286
5394.0,2.185714285714286
5395.0,2.2285714285714286
5396.0,2.185714285714286
5397.0,2.2285714285714286
5398.0,2.2285714285714286
5399.0,2.185714285714286
5400.0,2.185714285714286
5401.0,2.185714285714286
5402.0,2.185714285714286
5403.0,2.185714285714286
5404.0,2.2285714285714286
5405.0,2.2285714285714286
5406.0,2.2285714285714286
5407.0,2.2285714285714286
5408.0,2.185714285714286
5409.0,2.2285714285714286
5410.0,2.2285714285714286
5411.0,2.185714285714286
5412.0,2.185714285714286
5413.0,2.185714285714286
5414.0,2.2285714285714286
5415.0,2.185714285714286
5416.0,2.185714285714286
5417.0,2.185714285714286
5418.0,2.185714285714286
5419.0,2.185714285714286
5420.0,2.185714285714286
5421.0,2.185714285714286
5422.0,2.185714285714286
5423.0,2.185714285714286
5424.0,2.185714285714286
5425.0,2.185714285714286
5426.0,2.142857142857143
5427.0,2.142857142857143
5428.0,2.2285714285714286
5429.0,2.185714285714286
5430.0,2.185714285714286
5431.0,2.2285714285714286
5432.0,2.2285714285714286
5433.0,2.185714285714286
5434.0,2.2285714285714286
5435.0,2.2285714285714286
5436.0,2.185714285714286
5437.0,2.2285714285714286
5438.0,2.185714285714286
5439.0,2.2285714285714286
5440.0,2.142857142857143
5441.0,2.185714285714286
5442.0,2.2285714285714286
5443.0,2.185714285714286
5444.0,2.2285714285714286
5445.0,2.2285714285714286
5446.0,2.185714285714286
5447.0,2.185714285714286
5448.0,2.2285714285714286
5449.0,2.2285714285714286
5450.0,2.2285714285714286
5451.0,2.2285714285714286
5452.0,2.185714285714286
5453.0,2.185714285714286
5454.0,2.185714285714286
5455.0,2.185714285714286
5456.0,2.185714285714286
5457.0,2.185714285714286
5458.0,2.185714285714286
5459.0,2.2285714285714286
5460.0,2.185714285714286
5461.0,2.185714285714286
5462.0,2.185714285714286
5463.0,2.185714285714286
5464.0,2.185714285714286
5465.0,2.185714285714286
5466.0,2.185714285714286
5467.0,2.185714285714286
5468.0,2.185714285714286
5469.0,2.185714285714286
5470.0,2.185714285714286
5471.0,2.185714285714286
5472.0,2.185714285714286
5473.0,2.2285714285714286
5474.0,2.142857142857143
5475.0,2.185714285714286
5476.0,2.185714285714286
5477.0,2.185714285714286
5478.0,2.185714285714286
5479.0,2.185714285714286
5480.0,2.185714285714286
5481.0,2.2285714285714286
5482.0,2.185714285714286
5483.0,2.2285714285714286
5484.0,2.2285714285714286
5485.0,2.2285714285714286
5486.0,2.2285714285714286
5487.0,2.2285714285714286
5488.0,2.2285714285714286
5489.0,2.185714285714286
5490.0,2.2285714285714286
5491.0,2.185714285714286
5492.0,2.2285714285714286
5493.0,2.185714285714286
5494.0,2.185714285714286
5495.0,2.2285714285714286
5496.0,2.185714285714286
5497.0,2.2285714285714286
5498.0,2.2285714285714286
5499.0,2.185714285714286
5500.0,2.2285714285714286
5501.0,2.2285714285714286
5502.0,2.185714285714286
5503.0,2.2285714285714286
5504.0,2.2285714285714286
5505.0,2.185714285714286
5506.0,2.185714285714286
5507.0,2.185714285714286
5508.0,2.185714285714286
5509.0,2.185714285714286
5510.0,2.185714285714286
5511.0,2.2285714285714286
5512.0,2.2285714285714286
5513.0,2.185714285714286
5514.0,2.185714285714286
5515.0,2.185714285714286
5516.0,2.185714285714286
5517.0,2.2285714285714286
5518.0,2.185714285714286
5519.0,2.185714285714286
5520.0,2.185714285714286
5521.0,2.2285714285714286
5522.0,2.2285714285714286
5523.0,2.2285714285714286
5524.0,2.2285714285714286
5525.0,2.185714285714286
5526.0,2.185714285714286
5527.0,2.185714285714286
5528.0,2.185714285714286
5529.0,2.142857142857143
5530.0,2.185714285714286
5531.0,2.185714285714286
5532.0,2.142857142857143
5533.0,2.185714285714286
5534.0,2.185714285714286
5535.0,2.2285714285714286
5536.0,2.2285714285714286
5537.0,2.185714285714286
5538.0,2.2285714285714286
5539.0,2.185714285714286
5540.0,2.185714285714286
5541.0,2.142857142857143
5542.0,2.185714285714286
5543.0,2.185714285714286
5544.0,2.142857142857143
5545.0,2.185714285714286
5546.0,2.185714285714286
5547.0,2.185714285714286
5548.0,2.185714285714286
5549.0,2.185714285714286
5550.0,2.185714285714286
5551.0,2.185714285714286
5552.0,2.185714285714286
5553.0,2.185714285714286
5554.0,2.185714285714286
5555.0,2.185714285714286
5556.0,2.185714285714286
5557.0,2.185714285714286
5558.0,2.185714285714286
5559.0,2.2285714285714286
5560.0,2.185714285714286
5561.0,2.185714285714286
5562.0,2.185714285714286
5563.0,2.185714285714286
5564.0,2.185714285714286
5565.0,2.2285714285714286
5566.0,2.185714285714286
5567.0,2.185714285714286
5568.0,2.185714285714286
5569.0,2.185714285714286
5570.0,2.185714285714286
5571.0,2.185714285714286
5572.0,2.142857142857143
5573.0,2.2285714285714286
5574.0,2.2285714285714286
5575.0,2.2285714285714286
5576.0,2.185714285714286
5577.0,2.185714285714286
5578.0,2.2285714285714286
5579.0,2.185714285714286
5580.0,2.185714285714286
5581.0,2.185714285714286
5582.0,2.185714285714286
5583.0,2.185714285714286
5584.0,2.2285714285714286
5585.0,2.142857142857143
5586.0,2.2285714285714286
5587.0,2.2285714285714286
5588.0,2.185714285714286
5589.0,2.185714285714286
5590.0,2.185714285714286
5591.0,2.185714285714286
5592.0,2.185714285714286
5593.0,2.185714285714286
5594.0,2.2285714285714286
5595.0,2.2285714285714286
5596.0,2.185714285714286
5597.0,2.185714285714286
5598.0,2.185714285714286
5599.0,2.185714285714286
5600.0,2.185714285714286
5601.0,2.185714285714286
5602.0,2.185714285714286
5603.0,2.142857142857143
5604.0,2.185714285714286
5605.0,2.185714285714286
5606.0,2.142857142857143
5607.0,2.185714285714286
5608.0,2.185714285714286
5609.0,2.2285714285714286
5610.0,2.185714285714286
5611.0,2.142857142857143
5612.0,2.185714285714286
5613.0,2.185714285714286
5614.0,2.185714285714286
5615.0,2.185714285714286
5616.0,2.185714285714286
5617.0,2.185714285714286
5618.0,2.2285714285714286
5619.0,2.185714285714286
5620.0,2.185714285714286
5621.0,2.185714285714286
5622.0,2.185714285714286
5623.0,2.185714285714286
5624.0,2.185714285714286
5625.0,2.185714285714286
5626.0,2.185714285714286
5627.0,2.185714285714286
5628.0,2.142857142857143
5629.0,2.185714285714286
5630.0,2.142857142857143
5631.0,2.185714285714286
5632.0,2.142857142857143
5633.0,2.185714285714286
5634.0,2.185714285714286
5635.0,2.185714285714286
5636.0,2.185714285714286
5637.0,2.2285714285714286
5638.0,2.2285714285714286
5639.0,2.185714285714286
5640.0,2.185714285714286
5641.0,2.185714285714286
5642.0,2.185714285714286
5643.0,2.185714285714286
5644.0,2.142857142857143
5645.0,2.2285714285714286
5646.0,2.185714285714286
5647.0,2.185714285714286
5648.0,2.185714285714286
5649.0,2.185714285714286
5650.0,2.185714285714286
5651.0,2.185714285714286
5652.0,2.185714285714286
5653.0,2.185714285714286
5654.0,2.185714285714286
5655.0,2.185714285714286
5656.0,2.142857142857143
5657.0,2.185714285714286
5658.0,2.142857142857143
5659.0,2.185714285714286
5660.0,2.142857142857143
5661.0,2.142857142857143
5662.0,2.185714285714286
5663.0,2.2285714285714286
5664.0,2.185714285714286
5665.0,2.185714285714286
5666.0,2.185714285714286
5667.0,2.185714285714286
5668.0,2.185714285714286
5669.0,2.185714285714286
5670.0,2.142857142857143
5671.0,2.185714285714286
5672.0,2.142857142857143
5673.0,2.185714285714286
5674.0,2.2285714285714286
5675.0,2.2285714285714286
5676.0,2.185714285714286
5677.0,2.142857142857143
5678.0,2.185714285714286
5679.0,2.185714285714286
5680.0,2.185714285714286
5681.0,2.185714285714286
5682.0,2.2285714285714286
5683.0,2.185714285714286
5684.0,2.185714285714286
5685.0,2.142857142857143
5686.0,2.185714285714286
5687.0,2.185714285714286
5688.0,2.185714285714286
5689.0,2.142857142857143
5690.0,2.185714285714286
5691.0,2.185714285714286
5692.0,2.142857142857143
5693.0,2.185714285714286
5694.0,2.142857142857143
5695.0,2.185714285714286
5696.0,2.185714285714286
5697.0,2.2285714285714286
5698.0,2.185714285714286
5699.0,2.185714285714286
5700.0,2.185714285714286
5701.0,2.185714285714286
5702.0,2.185714285714286
5703.0,2.185714285714286
5704.0,2.185714285714286
5705.0,2.185714285714286
5706.0,2.142857142857143
5707.0,2.2285714285714286
5708.0,2.185714285714286
5709.0,2.185714285714286
5710.0,2.142857142857143
5711.0,2.142857142857143
5712.0,2.142857142857143
5713.0,2.185714285714286
5714.0,2.142857142857143
5715.0,2.142857142857143
5716.0,2.185714285714286
5717.0,2.185714285714286
5718.0,2.142857142857143
5719.0,2.185714285714286
5720.0,2.185714285714286
5721.0,2.142857142857143
5722.0,2.185714285714286
5723.0,2.185714285714286
5724.0,2.185714285714286
5725.0,2.142857142857143
5726.0,2.185714285714286
5727.0,2.185714285714286
5728.0,2.185714285714286
5729.0,2.185714285714286
5730.0,2.185714285714286
5731.0,2.185714285714286
5732.0,2.185714285714286
5733.0,2.185714285714286
5734.0,2.142857142857143
5735.0,2.142857142857143
5736.0,2.185714285714286
5737.0,2.185714285714286
5738.0,2.185714285714286
5739.0,2.185714285714286
5740.0,2.185714285714286
5741.0,2.185714285714286
5742.0,2.185714285714286
5743.0,2.142857142857143
5744.0,2.185714285714286
5745.0,2.185714285714286
5746.0,2.185714285714286
5747.0,2.185714285714286
5748.0,2.2285714285714286
5749.0,2.185714285714286
5750.0,2.142857142857143
5751.0,2.185714285714286
5752.0,2.185714285714286
5753.0,2.185714285714286
5754.0,2.185714285714286
5755.0,2.142857142857143
5756.0,2.142857142857143
5757.0,2.185714285714286
5758.0,2.185714285714286
5759.0,2.142857142857143
5760.0,2.142857142857143
5761.0,2.185714285714286
5762.0,2.142857142857143
5763.0,2.142857142857143
5764.0,2.142857142857143
5765.0,2.185714285714286
5766.0,2.185714285714286
5767.0,2.185714285714286
5768.0,2.2285714285714286
5769.0,2.185714285714286
5770.0,2.185714285714286
5771.0,2.185714285714286
5772.0,2.185714285714286
5773.0,2.185714285714286
5774.0,2.185714285714286
5775.0,2.185714285714286
5776.0,2.142857142857143
5777.0,2.185714285714286
5778.0,2.185714285714286
5779.0,2.185714285714286
5780.0,2.185714285714286
5781.0,2.142857142857143
5782.0,2.185714285714286
5783.0,2.185714285714286
5784.0,2.185714285714286
5785.0,2.185714285714286
5786.0,2.185714285714286
5787.0,2.142857142857143
5788.0,2.185714285714286
5789.0,2.185714285714286
5790.0,2.185714285714286
5791.0,2.142857142857143
5792.0,2.185714285714286
5793.0,2.185714285714286
5794.0,2.142857142857143
5795.0,2.142857142857143
5796.0,2.185714285714286
5797.0,2.185714285714286
5798.0,2.185714285714286
5799.0,2.185714285714286
5800.0,2.185714285714286
5801.0,2.185714285714286
5802.0,2.185714285714286
5803.0,2.185714285714286
5804.0,2.142857142857143
5805.0,2.142857142857143
5806.0,2.185714285714286
5807.0,2.142857142857143
5808.0,2.185714285714286
5809.0,2.185714285714286
5810.0,2.142857142857143
5811.0,2.185714285714286
5812.0,2.185714285714286
5813.0,2.185714285714286
5814.0,2.185714285714286
5815.0,2.142857142857143
5816.0,2.142857142857143
5817.0,2.2285714285714286
5818.0,2.185714285714286
5819.0,2.142857142857143
5820.0,2.142857142857143
5821.0,2.185714285714286
5822.0,2.185714285714286
5823.0,2.142857142857143
5824.0,2.142857142857143
5825.0,2.142857142857143
5826.0,2.142857142857143
5827.0,2.185714285714286
5828.0,2.142857142857143
5829.0,2.185714285714286
5830.0,2.142857142857143
5831.0,2.142857142857143
5832.0,2.185714285714286
5833.0,2.185714285714286
5834.0,2.185714285714286
5835.0,2.142857142857143
5836.0,2.142857142857143
5837.0,2.185714285714286
5838.0,2.142857142857143
5839.0,2.185714285714286
5840.0,2.142857142857143
5841.0,2.185714285714286
5842.0,2.142857142857143
5843.0,2.142857142857143
5844.0,2.142857142857143
5845.0,2.142857142857143
5846.0,2.142857142857143
5847.0,2.185714285714286
5848.0,2.185714285714286
5849.0,2.185714285714286
5850.0,2.185714285714286
5851.0,2.142857142857143
5852.0,2.185714285714286
5853.0,2.142857142857143
5854.0,2.185714285714286
5855.0,2.142857142857143
5856.0,2.185714285714286
5857.0,2.185714285714286
5858.0,2.142857142857143
5859.0,2.185714285714286
5860.0,2.142857142857143
5861.0,2.142857142857143
5862.0,2.142857142857143
5863.0,2.142857142857143
5864.0,2.142857142857143
5865.0,2.185714285714286
5866.0,2.142857142857143
5867.0,2.142857142857143
5868.0,2.142857142857143
5869.0,2.142857142857143
5870.0,2.185714285714286
5871.0,2.142857142857143
5872.0,2.185714285714286
5873.0,2.185714285714286
5874.0,2.185714285714286
5875.0,2.185714285714286
5876.0,2.185714285714286
5877.0,2.142857142857143
5878.0,2.185714285714286
5879.0,2.185714285714286
5880.0,2.185714285714286
5881.0,2.185714285714286
5882.0,2.185714285714286
5883.0,2.185714285714286
5884.0,2.185714285714286
5885.0,2.142857142857143
5886.0,2.185714285714286
5887.0,2.185714285714286
5888.0,2.142857142857143
5889.0,2.142857142857143
5890.0,2.142857142857143
5891.0,2.142857142857143
5892.0,2.185714285714286
5893.0,2.185714285714286
5894.0,2.142857142857143
5895.0,2.185714285714286
5896.0,2.142857142857143
5897.0,2.142857142857143
5898.0,2.142857142857143
5899.0,2.185714285714286
5900.0,2.142857142857143
5901.0,2.185714285714286
5902.0,2.142857142857143
5903.0,2.185714285714286
5904.0,2.142857142857143
5905.0,2.185714285714286
5906.0,2.142857142857143
5907.0,2.185714285714286
5908.0,2.185714285714286
5909.0,2.142857142857143
5910.0,2.142857142857143
5911.0,2.185714285714286
5912.0,2.185714285714286
5913.0,2.185714285714286
5914.0,2.185714285714286
5915.0,2.142857142857143
5916.0,2.142857142857143
5917.0,2.185714285714286
5918.0,2.185714285714286
5919.0,2.185714285714286
5920.0,2.142857142857143
5921.0,2.185714285714286
5922.0,2.185714285714286
5923.0,2.185714285714286
5924.0,2.142857142857143
5925.0,2.142857142857143
5926.0,2.142857142857143
5927.0,2.185714285714286
5928.0,2.142857142857143
5929.0,2.185714285714286
5930.0,2.142857142857143
5931.0,2.142857142857143
5932.0,2.185714285714286
5933.0,2.185714285714286
5934.0,2.142857142857143
5935.0,2.185714285714286
5936.0,2.142857142857143
5937.0,2.142857142857143
5938.0,2.142857142857143
5939.0,2.142857142857143
5940.0,2.185714285714286
5941.0,2.185714285714286
5942.0,2.185714285714286
5943.0,2.185714285714286
5944.0,2.142857142857143
5945.0,2.142857142857143
5946.0,2.142857142857143
5947.0,2.142857142857143
5948.0,2.142857142857143
5949.0,2.185714285714286
5950.0,2.142857142857143
5951.0,2.142857142857143
5952.0,2.185714285714286
5953.0,2.142857142857143
5954.0,2.142857142857143
5955.0,2.185714285714286
5956.0,2.142857142857143
5957.0,2.185714285714286
5958.0,2.142857142857143
5959.0,2.142857142857143
5960.0,2.142857142857143
5961.0,2.142857142857143
5962.0,2.185714285714286
5963.0,2.142857142857143
5964.0,2.142857142857143
5965.0,2.185714285714286
5966.0,2.142857142857143
5967.0,2.185714285714286
5968.0,2.185714285714286
5969.0,2.142857142857143
5970.0,2.142857142857143
5971.0,2.185714285714286
5972.0,2.185714285714286
5973.0,2.185714285714286
5974.0,2.142857142857143
5975.0,2.142857142857143
5976.0,2.185714285714286
5977.0,2.142857142857143
5978.0,2.142857142857143
5979.0,2.142857142857143
5980.0,2.142857142857143
5981.0,2.142857142857143
5982.0,2.142857142857143
5983.0,2.142857142857143
5984.0,2.142857142857143
5985.0,2.142857142857143
5986.0,2.142857142857143
5987.0,2.185714285714286
5988.0,2.185714285714286
5989.0,2.142857142857143
5990.0,2.142857142857143
5991.0,2.142857142857143
5992.0,2.142857142857143
5993.0,2.185714285714286
5994.0,2.185714285714286
5995.0,2.185714285714286
5996.0,2.142857142857143
5997.0,2.185714285714286
5998.0,2.142857142857143
5999.0,2.142857142857143
6000.0,2.142857142857143
6001.0,2.142857142857143
6002.0,2.142857142857143
6003.0,2.2285714285714286
6004.0,2.142857142857143
6005.0,2.185714285714286
6006.0,2.142857142857143
6007.0,2.142857142857143
6008.0,2.185714285714286
6009.0,2.142857142857143
6010.0,2.142857142857143
6011.0,2.142857142857143
6012.0,2.142857142857143
6013.0,2.142857142857143
6014.0,2.142857142857143
6015.0,2.142857142857143
6016.0,2.142857142857143
6017.0,2.185714285714286
6018.0,2.142857142857143
6019.0,2.142857142857143
6020.0,2.142857142857143
6021.0,2.142857142857143
6022.0,2.142857142857143
6023.0,2.142857142857143
6024.0,2.142857142857143
6025.0,2.185714285714286
6026.0,2.142857142857143
6027.0,2.142857142857143
6028.0,2.142857142857143
6029.0,2.142857142857143
6030.0,2.142857142857143
6031.0,2.142857142857143
6032.0,2.185714285714286
6033.0,2.185714285714286
6034.0,2.185714285714286
6035.0,2.185714285714286
6036.0,2.185714285714286
6037.0,2.142857142857143
6038.0,2.142857142857143
6039.0,2.142857142857143
6040.0,2.142857142857143
6041.0,2.142857142857143
6042.0,2.142857142857143
6043.0,2.142857142857143
6044.0,2.185714285714286
6045.0,2.185714285714286
6046.0,2.185714285714286
6047.0,2.185714285714286
6048.0,2.142857142857143
6049.0,2.142857142857143
6050.0,2.142857142857143
6051.0,2.142857142857143
6052.0,2.185714285714286
6053.0,2.185714285714286
6054.0,2.142857142857143
6055.0,2.142857142857143
6056.0,2.185714285714286
6057.0,2.142857142857143
6058.0,2.142857142857143
6059.0,2.142857142857143
6060.0,2.142857142857143
6061.0,2.185714285714286
6062.0,2.142857142857143
6063.0,2.185714285714286
6064.0,2.142857142857143
6065.0,2.142857142857143
6066.0,2.142857142857143
6067.0,2.142857142857143
6068.0,2.142857142857143
6069.0,2.142857142857143
6070.0,2.142857142857143
6071.0,2.185714285714286
6072.0,2.142857142857143
6073.0,2.185714285714286
6074.0,2.142857142857143
6075.0,2.185714285714286
6076.0,2.142857142857143
6077.0,2.142857142857143
6078.0,2.142857142857143
6079.0,2.185714285714286
6080.0,2.185714285714286
6081.0,2.142857142857143
6082.0,2.142857142857143
6083.0,2.185714285714286
6084.0,2.142857142857143
6085.0,2.142857142857143
6086.0,2.142857142857143
6087.0,2.185714285714286
6088.0,2.185714285714286
6089.0,2.185714285714286
6090.0,2.142857142857143
6091.0,2.185714285714286
6092.0,2.142857142857143
6093.0,2.185714285714286
6094.0,2.142857142857143
6095.0,2.142857142857143
6096.0,2.142857142857143
6097.0,2.142857142857143
6098.0,2.142857142857143
6099.0,2.185714285714286
6100.0,2.142857142857143
6101.0,2.142857142857143
6102.0,2.142857142857143
6103.0,2.142857142857143
6104.0,2.142857142857143
6105.0,2.142857142857143
6106.0,2.142857142857143
6107.0,2.142857142857143
6108.0,2.142857142857143
6109.0,2.185714285714286
6110.0,2.142857142857143
6111.0,2.142857142857143
6112.0,2.142857142857143
6113.0,2.142857142857143
6114.0,2.142857142857143
6115.0,2.185714285714286
6116.0,2.142857142857143
6117.0,2.142857142857143
6118.0,2.142857142857143
6119.0,2.142857142857143
6120.0,2.142857142857143
6121.0,2.185714285714286
6122.0,2.142857142857143
6123.0,2.142857142857143
6124.0,2.142857142857143
6125.0,2.142857142857143
6126.0,2.142857142857143
6127.0,2.142857142857143
6128.0,2.142857142857143
6129.0,2.142857142857143
6130.0,2.185714285714286
6131.0,2.142857142857143
6132.0,2.142857142857143
6133.0,2.142857142857143
6134.0,2.142857142857143
6135.0,2.142857142857143
6136.0,2.142857142857143
6137.0,2.142857142857143
6138.0,2.185714285714286
6139.0,2.142857142857143
6140.0,2.142857142857143
6141.0,2.142857142857143
6142.0,2.142857142857143
6143.0,2.142857142857143
6144.0,2.142857142857143
6145.0,2.142857142857143
6146.0,2.142857142857143
6147.0,2.142857142857143
6148.0,2.142857142857143
6149.0,2.142857142857143
6150.0,2.142857142857143
6151.0,2.142857142857143
6152.0,2.142857142857143
6153.0,2.142857142857143
6154.0,2.142857142857143
6155.0,2.185714285714286
6156.0,2.142857142857143
6157.0,2.185714285714286
6158.0,2.142857142857143
6159.0,2.142857142857143
6160.0,2.142857142857143
6161.0,2.142857142857143
6162.0,2.142857142857143
6163.0,2.142857142857143
6164.0,2.142857142857143
6165.0,2.142857142857143
6166.0,2.142857142857143
6167.0,2.142857142857143
6168.0,2.142857142857143
6169.0,2.142857142857143
6170.0,2.142857142857143
6171.0,2.185714285714286
6172.0,2.142857142857143
6173.0,2.142857142857143
6174.0,2.142857142857143
6175.0,2.142857142857143
6176.0,2.142857142857143
6177.0,2.142857142857143
6178.0,2.142857142857143
6179.0,2.185714285714286
6180.0,2.142857142857143
6181.0,2.142857142857143
6182.0,2.142857142857143
6183.0,2.142857142857143
6184.0,2.142857142857143
6185.0,2.142857142857143
6186.0,2.142857142857143
6187.0,2.142857142857143
6188.0,2.142857142857143
6189.0,2.142857142857143
6190.0,2.142857142857143
6191.0,2.142857142857143
6192.0,2.142857142857143
6193.0,2.142857142857143
6194.0,2.185714285714286
6195.0,2.142857142857143
6196.0,2.142857142857143
6197.0,2.142857142857143
6198.0,2.142857142857143
6199.0,2.142857142857143
6200.0,2.142857142857143
6201.0,2.142857142857143
6202.0,2.142857142857143
6203.0,2.142857142857143
6204.0,2.142857142857143
6205.0,2.142857142857143
6206.0,2.142857142857143
6207.0,2.142857142857143
6208.0,2.142857142857143
6209.0,2.185714285714286
6210.0,2.142857142857143
6211.0,2.142857142857143
6212.0,2.142857142857143
6213.0,2.142857142857143
6214.0,2.142857142857143
6215.0,2.185714285714286
6216.0,2.142857142857143
6217.0,2.142857142857143
6218.0,2.142857142857143
6219.0,2.142857142857143
6220.0,2.142857142857143
6221.0,2.142857142857143
6222.0,2.142857142857143
6223.0,2.142857142857143
6224.0,2.142857142857143
6225.0,2.142857142857143
6226.0,2.142857142857143
6227.0,2.142857142857143
6228.0,2.142857142857143
6229.0,2.185714285714286
6230.0,2.185714285714286
6231.0,2.142857142857143
6232.0,2.185714285714286
6233.0,2.142857142857143
6234.0,2.142857142857143
6235.0,2.142857142857143
6236.0,2.142857142857143
6237.0,2.185714285714286
6238.0,2.142857142857143
6239.0,2.142857142857143
6240.0,2.185714285714286
6241.0,2.142857142857143
6242.0,2.142857142857143
6243.0,2.185714285714286
6244.0,2.142857142857143
6245.0,2.142857142857143
6246.0,2.142857142857143
6247.0,2.142857142857143
6248.0,2.142857142857143
6249.0,2.142857142857143
6250.0,2.142857142857143
6251.0,2.142857142857143
6252.0,2.142857142857143
6253.0,2.142857142857143
6254.0,2.142857142857143
6255.0,2.142857142857143
6256.0,2.142857142857143
6257.0,2.142857142857143
6258.0,2.142857142857143
6259.0,2.142857142857143
6260.0,2.142857142857143
6261.0,2.185714285714286
6262.0,2.142857142857143
6263.0,2.142857142857143
6264.0,2.142857142857143
6265.0,2.185714285714286
6266.0,2.142857142857143
6267.0,2.142857142857143
6268.0,2.142857142857143
6269.0,2.142857142857143
6270.0,2.142857142857143
6271.0,2.142857142857143
6272.0,2.142857142857143
6273.0,2.142857142857143
6274.0,2.142857142857143
6275.0,2.142857142857143
6276.0,2.142857142857143
6277.0,2.142857142857143
6278.0,2.142857142857143
6279.0,2.142857142857143
6280.0,2.142857142857143
6281.0,2.142857142857143
6282.0,2.142857142857143
6283.0,2.142857142857143
6284.0,2.142857142857143
6285.0,2.142857142857143
6286.0,2.142857142857143
6287.0,2.142857142857143
6288.0,2.142857142857143
6289.0,2.142857142857143
6290.0,2.142857142857143
6291.0,2.142857142857143
6292.0,2.142857142857143
6293.0,2.142857142857143
6294.0,2.142857142857143
6295.0,2.142857142857143
6296.0,2.142857142857143
6297.0,2.142857142857143
6298.0,2.142857142857143
6299.0,2.142857142857143
6300.0,2.142857142857143
6301.0,2.142857142857143
6302.0,2.142857142857143
6303.0,2.142857142857143
6304.0,2.142857142857143
6305.0,2.142857142857143
6306.0,2.142857142857143
6307.0,2.142857142857143
6308.0,2.142857142857143
6309.0,2.142857142857143
6310.0,2.142857142857143
6311.0,2.142857142857143
6312.0,2.142857142857143
6313.0,2.142857142857143
6314.0,2.142857142857143
6315.0,2.142857142857143
6316.0,2.142857142857143
6317.0,2.142857142857143
6318.0,2.142857142857143
6319.0,2.142857142857143
6320.0,2.142857142857143
6321.0,2.142857142857143
6322.0,2.142857142857143
6323.0,2.142857142857143
6324.0,2.142857142857143
6325.0,2.142857142857143
6326.0,2.142857142857143
6327.0,2.142857142857143
6328.0,2.142857142857143
6329.0,2.142857142857143
6330.0,2.142857142857143
6331.0,2.142857142857143
6332.0,2.142857142857143
6333.0,2.142857142857143
6334.0,2.142857142857143
6335.0,2.142857142857143
6336.0,2.142857142857143
6337.0,2.142857142857143
6338.0,2.142857142857143
6339.0,2.142857142857143
6340.0,2.142857142857143
6341.0,2.142857142857143
6342.0,2.142857142857143
6343.0,2.142857142857143
6344.0,2.142857142857143
6345.0,2.142857142857143
6346.0,2.142857142857143
6347.0,2.142857142857143
6348.0,2.142857142857143
6349.0,2.142857142857143
6350.0,2.142857142857143
6351.0,2.185714285714286
6352.0,2.142857142857143
6353.0,2.142857142857143
6354.0,2.142857142857143
6355.0,2.142857142857143
6356.0,2.142857142857143
6357.0,2.142857142857143
6358.0,2.142857142857143
6359.0,2.142857142857143
6360.0,2.142857142857143
6361.0,2.142857142857143
6362.0,2.185714285714286
6363.0,2.142857142857143
6364.0,2.142857142857143
6365.0,2.142857142857143
6366.0,2.142857142857143
6367.0,2.142857142857143
6368.0,2.142857142857143
6369.0,2.142857142857143
6370.0,2.142857142857143
6371.0,2.142857142857143
6372.0,2.142857142857143
6373.0,2.142857142857143
6374.0,2.142857142857143
6375.0,2.142857142857143
6376.0,2.142857142857143
6377.0,2.142857142857143
6378.0,2.142857142857143
6379.0,2.142857142857143
6380.0,2.142857142857143
6381.0,2.142857142857143
6382.0,2.142857142857143
6383.0,2.142857142857143
6384.0,2.142857142857143
6385.0,2.142857142857143
6386.0,2.142857142857143
6387.0,2.142857142857143
6388.0,2.142857142857143
6389.0,2.142857142857143
6390.0,2.142857142857143
6391.0,2.142857142857143
6392.0,2.142857142857143
6393.0,2.142857142857143
6394.0,2.142857142857143
6395.0,2.142857142857143
6396.0,2.142857142857143
6397.0,2.142857142857143
6398.0,2.142857142857143
6399.0,2.142857142857143
6400.0,2.142857142857143
6401.0,2.142857142857143
6402.0,2.142857142857143
6403.0,2.142857142857143
6404.0,2.142857142857143
6405.0,2.142857142857143
6406.0,2.142857142857143
6407.0,2.142857142857143
6408.0,2.142857142857143
6409.0,2.142857142857143
6410.0,2.1
6411.0,2.142857142857143
6412.0,2.142857142857143
6413.0,2.142857142857143
6414.0,2.142857142857143
6415.0,2.142857142857143
6416.0,2.142857142857143
6417.0,2.142857142857143
6418.0,2.142857142857143
6419.0,2.142857142857143
6420.0,2.142857142857143
6421.0,2.142857142857143
6422.0,2.142857142857143
6423.0,2.142857142857143
6424.0,2.142857142857143
6425.0,2.142857142857143
6426.0,2.142857142857143
6427.0,2.142857142857143
6428.0,2.142857142857143
6429.0,2.142857142857143
6430.0,2.142857142857143
6431.0,2.185714285714286
6432.0,2.142857142857143
6433.0,2.185714285714286
6434.0,2.142857142857143
6435.0,2.142857142857143
6436.0,2.142857142857143
6437.0,2.185714285714286
6438.0,2.142857142857143
6439.0,2.142857142857143
6440.0,2.142857142857143
6441.0,2.142857142857143
6442.0,2.142857142857143
6443.0,2.142857142857143
6444.0,2.142857142857143
6445.0,2.142857142857143
6446.0,2.142857142857143
6447.0,2.142857142857143
6448.0,2.142857142857143
6449.0,2.142857142857143
6450.0,2.142857142857143
6451.0,2.142857142857143
6452.0,2.142857142857143
6453.0,2.142857142857143
6454.0,2.142857142857143
6455.0,2.142857142857143
6456.0,2.142857142857143
6457.0,2.142857142857143
6458.0,2.142857142857143
6459.0,2.142857142857143
6460.0,2.142857142857143
6461.0,2.142857142857143
6462.0,2.142857142857143
6463.0,2.142857142857143
6464.0,2.142857142857143
6465.0,2.142857142857143
6466.0,2.142857142857143
6467.0,2.142857142857143
6468.0,2.142857142857143
6469.0,2.142857142857143
6470.0,2.142857142857143
6471.0,2.142857142857143
6472.0,2.142857142857143
6473.0,2.142857142857143
6474.0,2.142857142857143
6475.0,2.142857142857143
6476.0,2.142857142857143
6477.0,2.142857142857143
6478.0,2.142857142857143
6479.0,2.142857142857143
6480.0,2.142857142857143
6481.0,2.142857142857143
6482.0,2.142857142857143
6483.0,2.142857142857143
6484.0,2.142857142857143
6485.0,2.142857142857143
6486.0,2.142857142857143
6487.0,2.142857142857143
6488.0,2.142857142857143
6489.0,2.185714285714286
6490.0,2.142857142857143
6491.0,2.142857142857143
6492.0,2.142857142857143
6493.0,2.142857142857143
6494.0,2.142857142857143
6495.0,2.142857142857143
6496.0,2.142857142857143
6497.0,2.142857142857143
6498.0,2.142857142857143
6499.0,2.142857142857143
6500.0,2.142857142857143
6501.0,2.142857142857143
6502.0,2.142857142857143
6503.0,2.142857142857143
6504.0,2.142857142857143
6505.0,2.142857142857143
6506.0,2.142857142857143
6507.0,2.142857142857143
6508.0,2.1
6509.0,2.142857142857143
6510.0,2.142857142857143
6511.0,2.142857142857143
6512.0,2.142857142857143
6513.0,2.142857142857143
6514.0,2.142857142857143
6515.0,2.142857142857143
6516.0,2.142857142857143
6517.0,2.142857142857143
6518.0,2.142857142857143
6519.0,2.142857142857143
6520.0,2.142857142857143
6521.0,2.142857142857143
6522.0,2.142857142857143
6523.0,2.142857142857143
6524.0,2.142857142857143
6525.0,2.142857142857143
6526.0,2.142857142857143
6527.0,2.142857142857143
6528.0,2.142857142857143
6529.0,2.142857142857143
6530.0,2.1
6531.0,2.142857142857143
6532.0,2.142857142857143
6533.0,2.142857142857143
6534.0,2.142857142857143
6535.0,2.142857142857143
6536.0,2.142857142857143
6537.0,2.142857142857143
6538.0,2.142857142857143
6539.0,2.142857142857143
6540.0,2.142857142857143
6541.0,2.142857142857143
6542.0,2.142857142857143
6543.0,2.142857142857143
6544.0,2.142857142857143
6545.0,2.142857142857143
6546.0,2.142857142857143
6547.0,2.142857142857143
6548.0,2.142857142857143
6549.0,2.142857142857143
6550.0,2.142857142857143
6551.0,2.142857142857143
6552.0,2.142857142857143
6553.0,2.142857142857143
6554.0,2.142857142857143
6555.0,2.142857142857143
6556.0,2.142857142857143
6557.0,2.142857142857143
6558.0,2.142857142857143
6559.0,2.142857142857143
6560.0,2.142857142857143
6561.0,2.142857142857143
6562.0,2.142857142857143
6563.0,2.142857142857143
6564.0,2.142857142857143
6565.0,2.142857142857143
6566.0,2.142857142857143
6567.0,2.142857142857143
6568.0,2.142857142857143
6569.0,2.142857142857143
6570.0,2.142857142857143
6571.0,2.142857142857143
6572.0,2.142857142857143
6573.0,2.142857142857143
6574.0,2.142857142857143
6575.0,2.142857142857143
6576.0,2.142857142857143
6577.0,2.142857142857143
6578.0,2.142857142857143
6579.0,2.142857142857143
6580.0,2.142857142857143
6581.0,2.142857142857143
6582.0,2.142857142857143
6583.0,2.142857142857143
6584.0,2.142857142857143
6585.0,2.142857142857143
6586.0,2.142857142857143
6587.0,2.142857142857143
6588.0,2.1
6589.0,2.142857142857143
6590.0,2.142857142857143
6591.0,2.142857142857143
6592.0,2.142857142857143
6593.0,2.142857142857143
6594.0,2.142857142857143
6595.0,2.142857142857143
6596.0,2.142857142857143
6597.0,2.142857142857143
6598.0,2.142857142857143
6599.0,2.142857142857143
6600.0,2.142857142857143
6601.0,2.142857142857143
6602.0,2.142857142857143
6603.0,2.142857142857143
6604.0,2.142857142857143
6605.0,2.142857142857143
6606.0,2.142857142857143
6607.0,2.142857142857143
6608.0,2.142857142857143
6609.0,2.142857142857143
6610.0,2.142857142857143
6611.0,2.142857142857143
6612.0,2.142857142857143
6613.0,2.142857142857143
6614.0,2.142857142857143
6615.0,2.142857142857143
6616.0,2.142857142857143
6617.0,2.142857142857143
6618.0,2.142857142857143
6619.0,2.142857142857143
6620.0,2.142857142857143
6621.0,2.185714285714286
6622.0,2.142857142857143
6623.0,2.142857142857143
6624.0,2.142857142857143
6625.0,2.142857142857143
6626.0,2.142857142857143
6627.0,2.142857142857143
6628.0,2.142857142857143
6629.0,2.142857142857143
6630.0,2.142857142857143
6631.0,2.142857142857143
6632.0,2.142857142857143
6633.0,2.142857142857143
6634.0,2.142857142857143
6635.0,2.142857142857143
6636.0,2.142857142857143
6637.0,2.142857142857143
6638.0,2.142857142857143
6639.0,2.142857142857143
6640.0,2.142857142857143
6641.0,2.142857142857143
6642.0,2.142857142857143
6643.0,2.142857142857143
6644.0,2.142857142857143
6645.0,2.142857142857143
6646.0,2.142857142857143
6647.0,2.142857142857143
6648.0,2.142857142857143
6649.0,2.142857142857143
6650.0,2.142857142857143
6651.0,2.142857142857143
6652.0,2.142857142857143
6653.0,2.142857142857143
6654.0,2.142857142857143
6655.0,2.142857142857143
6656.0,2.142857142857143
6657.0,2.142857142857143
6658.0,2.142857142857143
6659.0,2.142857142857143
6660.0,2.142857142857143
6661.0,2.142857142857143
6662.0,2.142857142857143
6663.0,2.142857142857143
6664.0,2.142857142857143
6665.0,2.142857142857143
6666.0,2.142857142857143
6667.0,2.142857142857143
6668.0,2.142857142857143
6669.0,2.142857142857143
6670.0,2.142857142857143
6671.0,2.142857142857143
6672.0,2.142857142857143
6673.0,2.142857142857143
6674.0,2.142857142857143
6675.0,2.142857142857143
6676.0,2.142857142857143
6677.0,2.142857142857143
6678.0,2.142857142857143
6679.0,2.142857142857143
6680.0,2.142857142857143
6681.0,2.142857142857143
6682.0,2.142857142857143
6683.0,2.142857142857143
6684.0,2.1
6685.0,2.142857142857143
6686.0,2.1
6687.0,2.142857142857143
6688.0,2.1
6689.0,2.142857142857143
6690.0,2.1
6691.0,2.142857142857143
6692.0,2.142857142857143
6693.0,2.1
6694.0,2.142857142857143
6695.0,2.142857142857143
6696.0,2.142857142857143
6697.0,2.142857142857143
6698.0,2.142857142857143
6699.0,2.142857142857143
6700.0,2.1
6701.0,2.142857142857143
6702.0,2.142857142857143
6703.0,2.142857142857143
6704.0,2.142857142857143
6705.0,2.142857142857143
6706.0,2.142857142857143
6707.0,2.142857142857143
6708.0,2.142857142857143
6709.0,2.142857142857143
6710.0,2.142857142857143
6711.0,2.142857142857143
6712.0,2.142857142857143
6713.0,2.142857142857143
6714.0,2.142857142857143
6715.0,2.142857142857143
6716.0,2.142857142857143
6717.0,2.142857142857143
6718.0,2.142857142857143
6719.0,2.142857142857143
6720.0,2.142857142857143
6721.0,2.142857142857143
6722.0,2.142857142857143
6723.0,2.142857142857143
6724.0,2.142857142857143
6725.0,2.142857142857143
6726.0,2.1
6727.0,2.142857142857143
6728.0,2.142857142857143
6729.0,2.142857142857143
6730.0,2.142857142857143
6731.0,2.142857142857143
6732.0,2.142857142857143
6733.0,2.142857142857143
6734.0,2.142857142857143
6735.0,2.142857142857143
6736.0,2.142857142857143
6737.0,2.142857142857143
6738.0,2.1
6739.0,2.142857142857143
6740.0,2.142857142857143
6741.0,2.142857142857143
6742.0,2.142857142857143
6743.0,2.142857142857143
6744.0,2.142857142857143
6745.0,2.142857142857143
6746.0,2.142857142857143
6747.0,2.142857142857143
6748.0,2.142857142857143
6749.0,2.142857142857143
6750.0,2.142857142857143
6751.0,2.142857142857143
6752.0,2.142857142857143
6753.0,2.142857142857143
6754.0,2.142857142857143
6755.0,2.142857142857143
6756.0,2.142857142857143
6757.0,2.142857142857143
6758.0,2.142857142857143
6759.0,2.142857142857143
6760.0,2.142857142857143
6761.0,2.142857142857143
6762.0,2.142857142857143
6763.0,2.142857142857143
6764.0,2.142857142857143
6765.0,2.142857142857143
6766.0,2.142857142857143
6767.0,2.142857142857143
6768.0,2.142857142857143
6769.0,2.142857142857143
6770.0,2.1
6771.0,2.142857142857143
6772.0,2.142857142857143
6773.0,2.1
6774.0,2.142857142857143
6775.0,2.142857142857143
6776.0,2.1
6777.0,2.142857142857143
6778.0,2.142857142857143
6779.0,2.142857142857143
6780.0,2.142857142857143
6781.0,2.142857142857143
6782.0,2.142857142857143
6783.0,2.142857142857143
6784.0,2.1
6785.0,2.142857142857143
6786.0,2.1
6787.0,2.142857142857143
6788.0,2.1
6789.0,2.142857142857143
6790.0,2.142857142857143
6791.0,2.142857142857143
6792.0,2.142857142857143
6793.0,2.142857142857143
6794.0,2.142857142857143
6795.0,2.142857142857143
6796.0,2.142857142857143
6797.0,2.185714285714286
6798.0,2.142857142857143
6799.0,2.142857142857143
6800.0,2.142857142857143
6801.0,2.142857142857143
6802.0,2.142857142857143
6803.0,2.142857142857143
6804.0,2.142857142857143
6805.0,2.142857142857143
6806.0,2.142857142857143
6807.0,2.142857142857143
6808.0,2.142857142857143
6809.0,2.142857142857143
6810.0,2.142857142857143
6811.0,2.142857142857143
6812.0,2.142857142857143
6813.0,2.142857142857143
6814.0,2.142857142857143
6815.0,2.142857142857143
6816.0,2.142857142857143
6817.0,2.142857142857143
6818.0,2.142857142857143
6819.0,2.142857142857143
6820.0,2.142857142857143
6821.0,2.1
6822.0,2.142857142857143
6823.0,2.142857142857143
6824.0,2.142857142857143
6825.0,2.142857142857143
6826.0,2.142857142857143
6827.0,2.142857142857143
6828.0,2.1
6829.0,2.142857142857143
6830.0,2.142857142857143
6831.0,2.142857142857143
6832.0,2.142857142857143
6833.0,2.142857142857143
6834.0,2.1
6835.0,2.142857142857143
6836.0,2.142857142857143
6837.0,2.142857142857143
6838.0,2.1
6839.0,2.142857142857143
6840.0,2.142857142857143
6841.0,2.142857142857143
6842.0,2.142857142857143
6843.0,2.142857142857143
6844.0,2.1
6845.0,2.142857142857143
6846.0,2.142857142857143
6847.0,2.142857142857143
6848.0,2.142857142857143
6849.0,2.142857142857143
6850.0,2.142857142857143
6851.0,2.142857142857143
6852.0,2.142857142857143
6853.0,2.142857142857143
6854.0,2.142857142857143
6855.0,2.142857142857143
6856.0,2.142857142857143
6857.0,2.142857142857143
6858.0,2.142857142857143
6859.0,2.1
6860.0,2.142857142857143
6861.0,2.142857142857143
6862.0,2.142857142857143
6863.0,2.142857142857143
6864.0,2.142857142857143
6865.0,2.142857142857143
6866.0,2.142857142857143
6867.0,2.142857142857143
6868.0,2.142857142857143
6869.0,2.1
6870.0,2.142857142857143
6871.0,2.1
6872.0,2.1
6873.0,2.1
6874.0,2.1
6875.0,2.142857142857143
6876.0,2.1
6877.0,2.142857142857143
6878.0,2.142857142857143
6879.0,2.142857142857143
6880.0,2.142857142857143
6881.0,2.142857142857143
6882.0,2.142857142857143
6883.0,2.142857142857143
6884.0,2.142857142857143
6885.0,2.142857142857143
6886.0,2.1
6887.0,2.142857142857143
6888.0,2.142857142857143
6889.0,2.142857142857143
6890.0,2.142857142857143
6891.0,2.142857142857143
6892.0,2.142857142857143
6893.0,2.142857142857143
6894.0,2.142857142857143
6895.0,2.142857142857143
6896.0,2.142857142857143
6897.0,2.142857142857143
6898.0,2.142857142857143
6899.0,2.142857142857143
6900.0,2.1
6901.0,2.142857142857143
6902.0,2.142857142857143
6903.0,2.1
6904.0,2.142857142857143
6905.0,2.142857142857143
6906.0,2.1
6907.0,2.142857142857143
6908.0,2.1
6909.0,2.142857142857143
6910.0,2.142857142857143
6911.0,2.142857142857143
6912.0,2.142857142857143
6913.0,2.142857142857143
6914.0,2.142857142857143
6915.0,2.142857142857143
6916.0,2.142857142857143
6917.0,2.142857142857143
6918.0,2.142857142857143
6919.0,2.142857142857143
6920.0,2.142857142857143
6921.0,2.142857142857143
6922.0,2.142857142857143
6923.0,2.142857142857143
6924.0,2.142857142857143
6925.0,2.1
6926.0,2.142857142857143
6927.0,2.142857142857143
6928.0,2.142857142857143
6929.0,2.142857142857143
6930.0,2.142857142857143
6931.0,2.142857142857143
6932.0,2.142857142857143
6933.0,2.142857142857143
6934.0,2.142857142857143
6935.0,2.142857142857143
6936.0,2.1
6937.0,2.142857142857143
6938.0,2.142857142857143
6939.0,2.142857142857143
6940.0,2.142857142857143
6941.0,2.142857142857143
6942.0,2.142857142857143
6943.0,2.142857142857143
6944.0,2.142857142857143
6945.0,2.142857142857143
6946.0,2.142857142857143
6947.0,2.142857142857143
6948.0,2.1
6949.0,2.1
6950.0,2.1
6951.0,2.142857142857143
6952.0,2.142857142857143
6953.0,2.142857142857143
6954.0,2.142857142857143
6955.0,2.1
6956.0,2.1
6957.0,2.142857142857143
6958.0,2.142857142857143
6959.0,2.142857142857143
6960.0,2.142857142857143
6961.0,2.1
6962.0,2.142857142857143
6963.0,2.142857142857143
6964.0,2.142857142857143
6965.0,2.142857142857143
6966.0,2.142857142857143
6967.0,2.142857142857143
6968.0,2.1
6969.0,2.142857142857143
6970.0,2.142857142857143
6971.0,2.142857142857143
6972.0,2.142857142857143
6973.0,2.1
6974.0,2.142857142857143
6975.0,2.142857142857143
6976.0,2.142857142857143
6977.0,2.142857142857143
6978.0,2.142857142857143
6979.0,2.142857142857143
6980.0,2.1
6981.0,2.142857142857143
6982.0,2.142857142857143
6983.0,2.142857142857143
6984.0,2.142857142857143
6985.0,2.142857142857143
6986.0,2.142857142857143
6987.0,2.142857142857143
6988.0,2.1
6989.0,2.142857142857143
6990.0,2.142857142857143
6991.0,2.142857142857143
6992.0,2.142857142857143
6993.0,2.142857142857143
6994.0,2.1
6995.0,2.142857142857143
6996.0,2.1
6997.0,2.142857142857143
6998.0,2.1
6999.0,2.142857142857143
7000.0,2.142857142857143
7001.0,2.142857142857143
7002.0,2.142857142857143
7003.0,2.142857142857143
7004.0,2.142857142857143
7005.0,2.142857142857143
7006.0,2.142857142857143
7007.0,2.142857142857143
7008.0,2.142857142857143
7009.0,2.142857142857143
7010.0,2.142857142857143
7011.0,2.142857142857143
7012.0,2.142857142857143
7013.0,2.142857142857143
7014.0,2.142857142857143
7015.0,2.142857142857143
7016.0,2.142857142857143
7017.0,2.142857142857143
7018.0,2.142857142857143
7019.0,2.142857142857143
7020.0,2.142857142857143
7021.0,2.1
7022.0,2.142857142857143
7023.0,2.142857142857143
7024.0,2.142857142857143
7025.0,2.142857142857143
7026.0,2.1
7027.0,2.142857142857143
7028.0,2.142857142857143
7029.0,2.142857142857143
7030.0,2.142857142857143
7031.0,2.142857142857143
7032.0,2.142857142857143
7033.0,2.142857142857143
7034.0,2.1
7035.0,2.142857142857143
7036.0,2.1
7037.0,2.142857142857143
7038.0,2.1
7039.0,2.142857142857143
7040.0,2.142857142857143
7041.0,2.142857142857143
7042.0,2.142857142857143
7043.0,2.142857142857143
7044.0,2.142857142857143
7045.0,2.142857142857143
7046.0,2.1
7047.0,2.142857142857143
7048.0,2.1
7049.0,2.142857142857143
7050.0,2.1
7051.0,2.142857142857143
7052.0,2.142857142857143
7053.0,2.142857142857143
7054.0,2.142857142857143
7055.0,2.142857142857143
7056.0,2.1
7057.0,2.142857142857143
7058.0,2.1
7059.0,2.142857142857143
7060.0,2.142857142857143
7061.0,2.142857142857143
7062.0,2.1
7063.0,2.142857142857143
7064.0,2.142857142857143
7065.0,2.142857142857143
7066.0,2.142857142857143
7067.0,2.142857142857143
7068.0,2.142857142857143
7069.0,2.142857142857143
7070.0,2.1
7071.0,2.142857142857143
7072.0,2.142857142857143
7073.0,2.1
7074.0,2.142857142857143
7075.0,2.142857142857143
7076.0,2.142857142857143
7077.0,2.142857142857143
7078.0,2.142857142857143
7079.0,2.1
7080.0,2.142857142857143
7081.0,2.142857142857143
7082.0,2.142857142857143
7083.0,2.142857142857143
7084.0,2.142857142857143
7085.0,2.142857142857143
7086.0,2.142857142857143
7087.0,2.142857142857143
7088.0,2.1
7089.0,2.142857142857143
7090.0,2.1
7091.0,2.142857142857143
7092.0,2.142857142857143
7093.0,2.142857142857143
7094.0,2.1
7095.0,2.142857142857143
7096.0,2.142857142857143
7097.0,2.142857142857143
7098.0,2.1
7099.0,2.142857142857143
7100.0,2.1
7101.0,2.142857142857143
7102.0,2.142857142857143
7103.0,2.142857142857143
7104.0,2.142857142857143
7105.0,2.142857142857143
7106.0,2.142857142857143
7107.0,2.142857142857143
7108.0,2.142857142857143
7109.0,2.142857142857143
7110.0,2.1
7111.0,2.142857142857143
7112.0,2.142857142857143
7113.0,2.1
7114.0,2.142857142857143
7115.0,2.142857142857143
7116.0,2.1
7117.0,2.1
7118.0,2.1
7119.0,2.142857142857143
7120.0,2.142857142857143
7121.0,2.1
7122.0,2.142857142857143
7123.0,2.142857142857143
7124.0,2.142857142857143
7125.0,2.1
7126.0,2.1
7127.0,2.142857142857143
7128.0,2.142857142857143
7129.0,2.1
7130.0,2.142857142857143
7131.0,2.142857142857143
7132.0,2.1
7133.0,2.1
7134.0,2.1
7135.0,2.1
7136.0,2.1
7137.0,2.1
7138.0,2.1
7139.0,2.142857142857143
7140.0,2.1
7141.0,2.142857142857143
7142.0,2.142857142857143
7143.0,2.142857142857143
7144.0,2.1
7145.0,2.142857142857143
7146.0,2.142857142857143
7147.0,2.142857142857143
7148.0,2.142857142857143
7149.0,2.142857142857143
7150.0,2.1
7151.0,2.1
7152.0,2.1
7153.0,2.1
7154.0,2.142857142857143
7155.0,2.142857142857143
7156.0,2.142857142857143
7157.0,2.142857142857143
7158.0,2.1
7159.0,2.142857142857143
7160.0,2.1
7161.0,2.142857142857143
7162.0,2.142857142857143
7163.0,2.142857142857143
7164.0,2.1
7165.0,2.142857142857143
7166.0,2.1
7167.0,2.142857142857143
7168.0,2.1
7169.0,2.1
7170.0,2.1
7171.0,2.1
7172.0,2.142857142857143
7173.0,2.1
7174.0,2.142857142857143
7175.0,2.1
7176.0,2.142857142857143
7177.0,2.142857142857143
7178.0,2.142857142857143
7179.0,2.142857142857143
7180.0,2.142857142857143
7181.0,2.1
7182.0,2.142857142857143
7183.0,2.1
7184.0,2.142857142857143
7185.0,2.142857142857143
7186.0,2.1
7187.0,2.142857142857143
7188.0,2.1
7189.0,2.142857142857143
7190.0,2.142857142857143
7191.0,2.1
7192.0,2.142857142857143
7193.0,2.142857142857143
7194.0,2.142857142857143
7195.0,2.142857142857143
7196.0,2.142857142857143
7197.0,2.142857142857143
7198.0,2.1
7199.0,2.142857142857143
7200.0,2.142857142857143
7201.0,2.1
7202.0,2.142857142857143
7203.0,2.142857142857143
7204.0,2.142857142857143
7205.0,2.142857142857143
7206.0,2.1
7207.0,2.142857142857143
7208.0,2.142857142857143
7209.0,2.142857142857143
7210.0,2.057142857142857
7211.0,2.1
7212.0,2.1
7213.0,2.142857142857143
7214.0,2.1
7215.0,2.142857142857143
7216.0,2.1
7217.0,2.142857142857143
7218.0,2.1
7219.0,2.142857142857143
7220.0,2.1
7221.0,2.1
7222.0,2.1
7223.0,2.1
7224.0,2.142857142857143
7225.0,2.1
7226.0,2.1
7227.0,2.142857142857143
7228.0,2.1
7229.0,2.142857142857143
7230.0,2.142857142857143
7231.0,2.1
7232.0,2.1
7233.0,2.1
7234.0,2.142857142857143
7235.0,2.1
7236.0,2.1
7237.0,2.142857142857143
7238.0,2.142857142857143
7239.0,2.142857142857143
7240.0,2.142857142857143
7241.0,2.142857142857143
7242.0,2.142857142857143
7243.0,2.142857142857143
7244.0,2.142857142857143
7245.0,2.142857142857143
7246.0,2.1
7247.0,2.142857142857143
7248.0,2.1
7249.0,2.142857142857143
7250.0,2.142857142857143
7251.0,2.1
7252.0,2.142857142857143
7253.0,2.142857142857143
7254.0,2.142857142857143
7255.0,2.142857142857143
7256.0,2.142857142857143
7257.0,2.142857142857143
7258.0,2.1
7259.0,2.142857142857143
7260.0,2.1
7261.0,2.142857142857143
7262.0,2.142857142857143
7263.0,2.142857142857143
7264.0,2.1
7265.0,2.142857142857143
7266.0,2.1
7267.0,2.142857142857143
7268.0,2.1
7269.0,2.1
7270.0,2.1
7271.0,2.142857142857143
7272.0,2.1
7273.0,2.1
7274.0,2.1
7275.0,2.142857142857143
7276.0,2.1
7277.0,2.142857142857143
7278.0,2.1
7279.0,2.142857142857143
7280.0,2.1
7281.0,2.142857142857143
7282.0,2.142857142857143
7283.0,2.142857142857143
7284.0,2.142857142857143
7285.0,2.142857142857143
7286.0,2.1
7287.0,2.142857142857143
7288.0,2.1
7289.0,2.142857142857143
7290.0,2.142857142857143
7291.0,2.1
7292.0,2.1
7293.0,2.1
7294.0,2.142857142857143
7295.0,2.142857142857143
7296.0,2.1
7297.0,2.142857142857143
7298.0,2.1
7299.0,2.142857142857143
7300.0,2.1
7301.0,2.142857142857143
7302.0,2.1
7303.0,2.142857142857143
7304.0,2.1
7305.0,2.142857142857143
7306.0,2.1
7307.0,2.142857142857143
7308.0,2.1
7309.0,2.142857142857143
7310.0,2.1
7311.0,2.1
7312.0,2.142857142857143
7313.0,2.1
7314.0,2.142857142857143
7315.0,2.1
7316.0,2.1
7317.0,2.142857142857143
7318.0,2.1
7319.0,2.1
7320.0,2.1
7321.0,2.142857142857143
7322.0,2.142857142857143
7323.0,2.142857142857143
7324.0,2.1
7325.0,2.142857142857143
7326.0,2.1
7327.0,2.142857142857143
7328.0,2.1
7329.0,2.1
7330.0,2.142857142857143
7331.0,2.1
7332.0,2.1
7333.0,2.142857142857143
7334.0,2.142857142857143
7335.0,2.1
7336.0,2.1
7337.0,2.142857142857143
7338.0,2.142857142857143
7339.0,2.142857142857143
7340.0,2.1
7341.0,2.1
7342.0,2.142857142857143
7343.0,2.1
7344.0,2.1
7345.0,2.142857142857143
7346.0,2.1
7347.0,2.142857142857143
7348.0,2.1
7349.0,2.1
7350.0,2.1
7351.0,2.1
7352.0,2.142857142857143
7353.0,2.142857142857143
7354.0,2.142857142857143
7355.0,2.142857142857143
7356.0,2.1
7357.0,2.142857142857143
7358.0,2.1
7359.0,2.142857142857143
7360.0,2.1
7361.0,2.142857142857143
7362.0,2.1
7363.0,2.142857142857143
7364.0,2.142857142857143
7365.0,2.142857142857143
7366.0,2.1
7367.0,2.142857142857143
7368.0,2.057142857142857
7369.0,2.057142857142857
7370.0,2.1
7371.0,2.142857142857143
7372.0,2.142857142857143
7373.0,2.142857142857143
7374.0,2.1
7375.0,2.1
7376.0,2.142857142857143
7377.0,2.1
7378.0,2.142857142857143
7379.0,2.142857142857143
7380.0,2.142857142857143
7381.0,2.142857142857143
7382.0,2.1
7383.0,2.142857142857143
7384.0,2.142857142857143
7385.0,2.1
7386.0,2.1
7387.0,2.142857142857143
7388.0,2.142857142857143
7389.0,2.142857142857143
7390.0,2.142857142857143
7391.0,2.1
7392.0,2.1
7393.0,2.142857142857143
7394.0,2.1
7395.0,2.142857142857143
7396.0,2.142857142857143
7397.0,2.1
7398.0,2.142857142857143
7399.0,2.142857142857143
7400.0,2.057142857142857
7401.0,2.1
7402.0,2.1
7403.0,2.142857142857143
7404.0,2.1
7405.0,2.1
7406.0,2.1
7407.0,2.142857142857143
7408.0,2.1
7409.0,2.142857142857143
7410.0,2.142857142857143
7411.0,2.142857142857143
7412.0,2.142857142857143
7413.0,2.1
7414.0,2.142857142857143
7415.0,2.142857142857143
7416.0,2.057142857142857
7417.0,2.142857142857143
7418.0,2.1
7419.0,2.1
7420.0,2.1
7421.0,2.057142857142857
7422.0,2.1
7423.0,2.1
7424.0,2.142857142857143
7425.0,2.142857142857143
7426.0,2.1
7427.0,2.142857142857143
7428.0,2.1
7429.0,2.142857142857143
7430.0,2.142857142857143
7431.0,2.1
7432.0,2.1
7433.0,2.142857142857143
7434.0,2.1
7435.0,2.142857142857143
7436.0,2.1
7437.0,2.1
7438.0,2.1
7439.0,2.142857142857143
7440.0,2.142857142857143
7441.0,2.1
7442.0,2.1
7443.0,2.1
7444.0,2.1
7445.0,2.142857142857143
7446.0,2.1
7447.0,2.142857142857143
7448.0,2.1
7449.0,2.1
7450.0,2.1
7451.0,2.1
7452.0,2.1
7453.0,2.142857142857143
7454.0,2.142857142857143
7455.0,2.142857142857143
7456.0,2.1
7457.0,2.142857142857143
7458.0,2.1
7459.0,2.142857142857143
7460.0,2.1
7461.0,2.1
7462.0,2.1
7463.0,2.142857142857143
7464.0,2.1
7465.0,2.142857142857143
7466.0,2.1
7467.0,2.142857142857143
7468.0,2.057142857142857
7469.0,2.142857142857143
7470.0,2.1
7471.0,2.142857142857143
7472.0,2.1
7473.0,2.142857142857143
7474.0,2.142857142857143
7475.0,2.142857142857143
7476.0,2.057142857142857
7477.0,2.1
7478.0,2.1
7479.0,2.142857142857143
7480.0,2.142857142857143
7481.0,2.1
7482.0,2.1
7483.0,2.1
7484.0,2.1
7485.0,2.142857142857143
7486.0,2.1
7487.0,2.142857142857143
7488.0,2.1
7489.0,2.142857142857143
7490.0,2.142857142857143
7491.0,2.1
7492.0,2.1
7493.0,2.1
7494.0,2.1
7495.0,2.142857142857143
7496.0,2.1
7497.0,2.1
7498.0,2.1
7499.0,2.1
7500.0,2.142857142857143
7501.0,2.1
7502.0,2.1
7503.0,2.1
7504.0,2.1
7505.0,2.142857142857143
7506.0,2.1
7507.0,2.142857142857143
7508.0,2.1
7509.0,2.142857142857143
7510.0,2.142857142857143
7511.0,2.1
7512.0,2.1
7513.0,2.1
7514.0,2.057142857142857
7515.0,2.142857142857143
7516.0,2.1
7517.0,2.142857142857143
7518.0,2.057142857142857
7519.0,2.1
7520.0,2.1
7521.0,2.1
7522.0,2.1
7523.0,2.1
7524.0,2.142857142857143
7525.0,2.142857142857143
7526.0,2.142857142857143
7527.0,2.1
7528.0,2.1
7529.0,2.142857142857143
7530.0,2.1
7531.0,2.1
7532.0,2.1
7533.0,2.1
7534.0,2.1
7535.0,2.142857142857143
7536.0,2.1
7537.0,2.142857142857143
7538.0,2.142857142857143
7539.0,2.142857142857143
7540.0,2.1
7541.0,2.142857142857143
7542.0,2.142857142857143
7543.0,2.142857142857143
7544.0,2.1
7545.0,2.1
7546.0,2.1
7547.0,2.142857142857143
7548.0,2.1
7549.0,2.1
7550.0,2.1
7551.0,2.057142857142857
7552.0,2.1
7553.0,2.1
7554.0,2.1
7555.0,2.1
7556.0,2.1
7557.0,2.1
7558.0,2.1
7559.0,2.142857142857143
7560.0,2.1
7561.0,2.1
7562.0,2.1
7563.0,2.1
7564.0,2.057142857142857
7565.0,2.1
7566.0,2.1
7567.0,2.142857142857143
7568.0,2.1
7569.0,2.142857142857143
7570.0,2.142857142857143
7571.0,2.1
7572.0,2.1
7573.0,2.1
7574.0,2.1
7575.0,2.1
7576.0,2.1
7577.0,2.142857142857143
7578.0,2.1
7579.0,2.142857142857143
7580.0,2.1
7581.0,2.142857142857143
7582.0,2.1
7583.0,2.1
7584.0,2.1
7585.0,2.1
7586.0,2.057142857142857
7587.0,2.1
7588.0,2.142857142857143
7589.0,2.1
7590.0,2.1
7591.0,2.1
7592.0,2.1
7593.0,2.1
7594.0,2.1
7595.0,2.142857142857143
7596.0,2.057142857142857
7597.0,2.142857142857143
7598.0,2.142857142857143
7599.0,2.1
7600.0,2.1
7601.0,2.1
7602.0,2.057142857142857
7603.0,2.142857142857143
7604.0,2.142857142857143
7605.0,2.142857142857143
7606.0,2.1
7607.0,2.142857142857143
7608.0,2.057142857142857
7609.0,2.142857142857143
7610.0,2.1
7611.0,2.1
7612.0,2.142857142857143
7613.0,2.142857142857143
7614.0,2.1
7615.0,2.142857142857143
7616.0,2.057142857142857
7617.0,2.142857142857143
7618.0,2.1
7619.0,2.1
7620.0,2.1
7621.0,2.057142857142857
7622.0,2.1
7623.0,2.142857142857143
7624.0,2.057142857142857
7625.0,2.142857142857143
7626.0,2.1
7627.0,2.1
7628.0,2.1
7629.0,2.142857142857143
7630.0,2.1
7631.0,2.1
7632.0,2.1
7633.0,2.142857142857143
7634.0,2.142857142857143
7635.0,2.142857142857143
7636.0,2.1
7637.0,2.142857142857143
7638.0,2.057142857142857
7639.0,2.1
7640.0,2.1
7641.0,2.1
7642.0,2.1
7643.0,2.142857142857143
7644.0,2.1
7645.0,2.1
7646.0,2.057142857142857
7647.0,2.142857142857143
7648.0,2.142857142857143
7649.0,2.1
7650.0,2.1
7651.0,2.1
7652.0,2.1
7653.0,2.1
7654.0,2.1
7655.0,2.1
7656.0,2.057142857142857
7657.0,2.1
7658.0,2.1
7659.0,2.142857142857143
7660.0,2.1
7661.0,2.1
7662.0,2.1
7663.0,2.1
7664.0,2.1
7665.0,2.142857142857143
7666.0,2.1
7667.0,2.1
7668.0,2.057142857142857
7669.0,2.142857142857143
7670.0,2.1
7671.0,2.1
7672.0,2.1
7673.0,2.1
7674.0,2.1
7675.0,2.142857142857143
7676.0,2.1
7677.0,2.142857142857143
7678.0,2.1
7679.0,2.142857142857143
7680.0,2.1
7681.0,2.1
7682.0,2.1
7683.0,2.057142857142857
7684.0,2.1
7685.0,2.1
7686.0,2.057142857142857
7687.0,2.1
7688.0,2.1
7689.0,2.1
7690.0,2.1
7691.0,2.1
7692.0,2.1
7693.0,2.1
7694.0,2.057142857142857
7695.0,2.142857142857143
7696.0,2.1
7697.0,2.1
7698.0,2.1
7699.0,2.1
7700.0,2.1
7701.0,2.057142857142857
7702.0,2.142857142857143
7703.0,2.1
7704.0,2.142857142857143
7705.0,2.142857142857143
7706.0,2.1
7707.0,2.142857142857143
7708.0,2.1
7709.0,2.142857142857143
7710.0,2.057142857142857
7711.0,2.1
7712.0,2.142857142857143
7713.0,2.1
7714.0,2.1
7715.0,2.1
7716.0,2.1
7717.0,2.1
7718.0,2.1
7719.0,2.1
7720.0,2.142857142857143
7721.0,2.1
7722.0,2.1
7723.0,2.142857142857143
7724.0,2.1
7725.0,2.142857142857143
7726.0,2.057142857142857
7727.0,2.142857142857143
7728.0,2.1
7729.0,2.1
7730.0,2.1
7731.0,2.1
7732.0,2.1
7733.0,2.057142857142857
7734.0,2.1
7735.0,2.1
7736.0,2.057142857142857
7737.0,2.1
7738.0,2.1
7739.0,2.1
7740.0,2.1
7741.0,2.1
7742.0,2.1
7743.0,2.1
7744.0,2.1
7745.0,2.142857142857143
7746.0,2.057142857142857
7747.0,2.1
7748.0,2.1
7749.0,2.1
7750.0,2.1
7751.0,2.142857142857143
7752.0,2.142857142857143
7753.0,2.1
7754.0,2.142857142857143
7755.0,2.1
7756.0,2.1
7757.0,2.1
7758.0,2.1
7759.0,2.142857142857143
7760.0,2.1
7761.0,2.1
7762.0,2.1
7763.0,2.1
7764.0,2.1
7765.0,2.1
7766.0,2.1
7767.0,2.1
7768.0,2.057142857142857
7769.0,2.1
7770.0,2.1
7771.0,2.1
7772.0,2.057142857142857
7773.0,2.142857142857143
7774.0,2.057142857142857
7775.0,2.1
7776.0,2.057142857142857
7777.0,2.1
7778.0,2.1
7779.0,2.1
7780.0,2.1
7781.0,2.1
7782.0,2.1
7783.0,2.057142857142857
7784.0,2.1
7785.0,2.1
7786.0,2.1
7787.0,2.142857142857143
7788.0,2.142857142857143
7789.0,2.1
7790.0,2.1
7791.0,2.1
7792.0,2.142857142857143
7793.0,2.1
7794.0,2.057142857142857
7795.0,2.1
7796.0,2.1
7797.0,2.142857142857143
7798.0,2.1
7799.0,2.1
7800.0,2.1
7801.0,2.057142857142857
7802.0,2.1
7803.0,2.142857142857143
7804.0,2.1
7805.0,2.142857142857143
7806.0,2.057142857142857
7807.0,2.1
7808.0,2.1
7809.0,2.1
7810.0,2.057142857142857
7811.0,2.1
7812.0,2.1
7813.0,2.1
7814.0,2.057142857142857
7815.0,2.1
7816.0,2.057142857142857
7817.0,2.1
7818.0,2.057142857142857
7819.0,2.057142857142857
7820.0,2.1
7821.0,2.1
7822.0,2.1
7823.0,2.1
7824.0,2.1
7825.0,2.142857142857143
7826.0,2.057142857142857
7827.0,2.1
7828.0,2.057142857142857
7829.0,2.057142857142857
7830.0,2.1
7831.0,2.1
7832.0,2.1
7833.0,2.1
7834.0,2.057142857142857
7835.0,2.1
7836.0,2.1
7837.0,2.1
7838.0,2.1
7839.0,2.142857142857143
7840.0,2.1
7841.0,2.1
7842.0,2.1
7843.0,2.057142857142857
7844.0,2.057142857142857
7845.0,2.057142857142857
7846.0,2.057142857142857
7847.0,2.1
7848.0,2.1
7849.0,2.1
7850.0,2.1
7851.0,2.057142857142857
7852.0,2.1
7853.0,2.1
7854.0,2.1
7855.0,2.142857142857143
7856.0,2.1
7857.0,2.1
7858.0,2.057142857142857
7859.0,2.1
7860.0,2.057142857142857
7861.0,2.1
7862.0,2.1
7863.0,2.142857142857143
7864.0,2.057142857142857
7865.0,2.1
7866.0,2.057142857142857
7867.0,2.1
7868.0,2.1
7869.0,2.1
7870.0,2.1
7871.0,2.1
7872.0,2.1
7873.0,2.1
7874.0,2.057142857142857
7875.0,2.1
7876.0,2.057142857142857
7877.0,2.142857142857143
7878.0,2.057142857142857
7879.0,2.1
7880.0,2.1
7881.0,2.1
7882.0,2.1
7883.0,2.057142857142857
7884.0,2.057142857142857
7885.0,2.057142857142857
7886.0,2.057142857142857
7887.0,2.1
7888.0,2.057142857142857
7889.0,2.1
7890.0,2.1
7891.0,2.1
7892.0,2.1
7893.0,2.1
7894.0,2.057142857142857
7895.0,2.142857142857143
7896.0,2.057142857142857
7897.0,2.1
7898.0,2.1
7899.0,2.057142857142857
7900.0,2.1
7901.0,2.1
7902.0,2.1
7903.0,2.1
7904.0,2.1
7905.0,2.1
7906.0,2.057142857142857
7907.0,2.1
7908.0,2.142857142857143
7909.0,2.1
7910.0,2.1
7911.0,2.1
7912.0,2.1
7913.0,2.142857142857143
7914.0,2.1
7915.0,2.1
7916.0,2.057142857142857
7917.0,2.1
7918.0,2.057142857142857
7919.0,2.1
7920.0,2.1
7921.0,2.057142857142857
7922.0,2.1
7923.0,2.142857142857143
7924.0,2.057142857142857
7925.0,2.142857142857143
7926.0,2.057142857142857
7927.0,2.1
7928.0,2.1
7929.0,2.057142857142857
7930.0,2.057142857142857
7931.0,2.057142857142857
7932.0,2.1
7933.0,2.1
7934.0,2.1
7935.0,2.1
7936.0,2.1
7937.0,2.1
7938.0,2.1
7939.0,2.1
7940.0,2.1
7941.0,2.1
7942.0,2.1
7943.0,2.1
7944.0,2.057142857142857
7945.0,2.1
7946.0,2.057142857142857
7947.0,2.057142857142857
7948.0,2.1
7949.0,2.057142857142857
7950.0,2.1
7951.0,2.057142857142857
7952.0,2.057142857142857
7953.0,2.1
7954.0,2.1
7955.0,2.1
7956.0,2.057142857142857
7957.0,2.1
7958.0,2.057142857142857
7959.0,2.057142857142857
7960.0,2.1
7961.0,2.057142857142857
7962.0,2.1
7963.0,2.1
7964.0,2.057142857142857
7965.0,2.142857142857143
7966.0,2.057142857142857
7967.0,2.1
7968.0,2.057142857142857
7969.0,2.1
7970.0,2.057142857142857
7971.0,2.057142857142857
7972.0,2.1
7973.0,2.142857142857143
7974.0,2.1
7975.0,2.142857142857143
7976.0,2.057142857142857
7977.0,2.1
7978.0,2.1
7979.0,2.142857142857143
7980.0,2.1
7981.0,2.057142857142857
7982.0,2.1
7983.0,2.057142857142857
7984.0,2.1
7985.0,2.057142857142857
7986.0,2.057142857142857
7987.0,2.1
7988.0,2.1
7989.0,2.057142857142857
7990.0,2.057142857142857
7991.0,2.057142857142857
7992.0,2.1
7993.0,2.057142857142857
7994.0,2.057142857142857
7995.0,2.142857142857143
7996.0,2.1
7997.0,2.057142857142857
7998.0,2.057142857142857
7999.0,2.1
8000.0,2.1
8001.0,2.057142857142857
8002.0,2.057142857142857
8003.0,2.1
8004.0,2.1
8005.0,2.1
8006.0,2.057142857142857
8007.0,2.057142857142857
8008.0,2.057142857142857
8009.0,2.1
8010.0,2.057142857142857
8011.0,2.1
8012.0,2.1
8013.0,2.1
8014.0,2.057142857142857
8015.0,2.1
8016.0,2.057142857142857
8017.0,2.057142857142857
8018.0,2.1
8019.0,2.1
8020.0,2.1
8021.0,2.057142857142857
8022.0,2.057142857142857
8023.0,2.1
8024.0,2.1
8025.0,2.1
8026.0,2.1
8027.0,2.1
8028.0,2.057142857142857
8029.0,2.142857142857143
8030.0,2.1
8031.0,2.057142857142857
8032.0,2.1
8033.0,2.057142857142857
8034.0,2.1
8035.0,2.1
8036.0,2.057142857142857
8037.0,2.142857142857143
8038.0,2.057142857142857
8039.0,2.1
8040.0,2.057142857142857
8041.0,2.057142857142857
8042.0,2.057142857142857
8043.0,2.1
8044.0,2.1
8045.0,2.1
8046.0,2.057142857142857
8047.0,2.1
8048.0,2.057142857142857
8049.0,2.057142857142857
8050.0,2.1
8051.0,2.057142857142857
8052.0,2.1
8053.0,2.1
8054.0,2.1
8055.0,2.1
8056.0,2.057142857142857
8057.0,2.057142857142857
8058.0,2.1
8059.0,2.057142857142857
8060.0,2.057142857142857
8061.0,2.057142857142857
8062.0,2.1
8063.0,2.057142857142857
8064.0,2.057142857142857
8065.0,2.1
8066.0,2.057142857142857
8067.0,2.057142857142857
8068.0,2.057142857142857
8069.0,2.057142857142857
8070.0,2.1
8071.0,2.057142857142857
8072.0,2.1
8073.0,2.1
8074.0,2.1
8075.0,2.1
8076.0,2.057142857142857
8077.0,2.1
8078.0,2.057142857142857
8079.0,2.1
8080.0,2.057142857142857
8081.0,2.057142857142857
8082.0,2.1
8083.0,2.1
8084.0,2.1
8085.0,2.1
8086.0,2.057142857142857
8087.0,2.1
8088.0,2.057142857142857
8089.0,2.057142857142857
8090.0,2.1
8091.0,2.057142857142857
8092.0,2.1
8093.0,2.1
8094.0,2.1
8095.0,2.1
8096.0,2.1
8097.0,2.1
8098.0,2.142857142857143
8099.0,2.057142857142857
8100.0,2.057142857142857
8101.0,2.057142857142857
8102.0,2.1
8103.0,2.1
8104.0,2.1
8105.0,2.1
8106.0,2.057142857142857
8107.0,2.1
8108.0,2.057142857142857
8109.0,2.1
8110.0,2.057142857142857
8111.0,2.1
8112.0,2.057142857142857
8113.0,2.1
8114.0,2.057142857142857
8115.0,2.142857142857143
8116.0,2.057142857142857
8117.0,2.1
8118.0,2.1
8119.0,2.057142857142857
8120.0,2.1
8121.0,2.057142857142857
8122.0,2.1
8123.0,2.142857142857143
8124.0,2.1
8125.0,2.1
8126.0,2.057142857142857
8127.0,2.1
8128.0,2.057142857142857
8129.0,2.1
8130.0,2.1
8131.0,2.057142857142857
8132.0,2.057142857142857
8133.0,2.1
8134.0,2.057142857142857
8135.0,2.057142857142857
8136.0,2.057142857142857
8137.0,2.1
8138.0,2.1
8139.0,2.057142857142857
8140.0,2.057142857142857
8141.0,2.057142857142857
8142.0,2.057142857142857
8143.0,2.1
8144.0,2.057142857142857
8145.0,2.1
8146.0,2.057142857142857
8147.0,2.1
8148.0,2.1
8149.0,2.1
8150.0,2.1
8151.0,2.057142857142857
8152.0,2.1
8153.0,2.057142857142857
8154.0,2.057142857142857
8155.0,2.1
8156.0,2.057142857142857
8157.0,2.1
8158.0,2.1
8159.0,2.1
8160.0,2.057142857142857
8161.0,2.057142857142857
8162.0,2.057142857142857
8163.0,2.142857142857143
8164.0,2.057142857142857
8165.0,2.1
8166.0,2.057142857142857
8167.0,2.057142857142857
8168.0,2.057142857142857
8169.0,2.057142857142857
8170.0,2.057142857142857
8171.0,2.1
8172.0,2.057142857142857
8173.0,2.1
8174.0,2.057142857142857
8175.0,2.1
8176.0,2.057142857142857
8177.0,2.1
8178.0,2.057142857142857
8179.0,2.057142857142857
8180.0,2.1
8181.0,2.1
8182.0,2.057142857142857
8183.0,2.1
8184.0,2.057142857142857
8185.0,2.057142857142857
8186.0,2.057142857142857
8187.0,2.1
8188.0,2.1
8189.0,2.057142857142857
8190.0,2.057142857142857
8191.0,2.057142857142857
8192.0,2.057142857142857
8193.0,2.057142857142857
8194.0,2.057142857142857
8195.0,2.057142857142857
8196.0,2.057142857142857
8197.0,2.057142857142857
8198.0,2.1
8199.0,2.057142857142857
8200.0,2.1
8201.0,2.057142857142857
8202.0,2.1
8203.0,2.1
8204.0,2.1
8205.0,2.1
8206.0,2.057142857142857
8207.0,2.1
8208.0,2.057142857142857
8209.0,2.057142857142857
8210.0,2.1
8211.0,2.057142857142857
8212.0,2.057142857142857
8213.0,2.1
8214.0,2.057142857142857
8215.0,2.1
8216.0,2.057142857142857
8217.0,2.057142857142857
8218.0,2.057142857142857
8219.0,2.057142857142857
8220.0,2.1
8221.0,2.057142857142857
8222.0,2.057142857142857
8223.0,2.142857142857143
8224.0,2.057142857142857
8225.0,2.057142857142857
8226.0,2.057142857142857
8227.0,2.1
8228.0,2.057142857142857
8229.0,2.057142857142857
8230.0,2.057142857142857
8231.0,2.057142857142857
8232.0,2.1
8233.0,2.1
8234.0,2.057142857142857
8235.0,2.1
8236.0,2.057142857142857
8237.0,2.057142857142857
8238.0,2.1
8239.0,2.057142857142857
8240.0,2.057142857142857
8241.0,2.057142857142857
8242.0,2.057142857142857
8243.0,2.1
8244.0,2.057142857142857
8245.0,2.1
8246.0,2.057142857142857
8247.0,2.057142857142857
8248.0,2.057142857142857
8249.0,2.057142857142857
8250.0,2.1
8251.0,2.057142857142857
8252.0,2.057142857142857
8253.0,2.057142857142857
8254.0,2.057142857142857
8255.0,2.1
8256.0,2.057142857142857
8257.0,2.1
8258.0,2.1
8259.0,2.1
8260.0,2.1
8261.0,2.057142857142857
8262.0,2.1
8263.0,2.1
8264.0,2.057142857142857
8265.0,2.057142857142857
8266.0,2.0142857142857142
8267.0,2.057142857142857
8268.0,2.057142857142857
8269.0,2.057142857142857
8270.0,2.057142857142857
8271.0,2.1
8272.0,2.1
8273.0,2.057142857142857
8274.0,2.057142857142857
8275.0,2.057142857142857
8276.0,2.057142857142857
8277.0,2.142857142857143
8278.0,2.057142857142857
8279.0,2.057142857142857
8280.0,2.057142857142857
8281.0,2.057142857142857
8282.0,2.057142857142857
8283.0,2.057142857142857
8284.0,2.057142857142857
8285.0,2.1
8286.0,2.057142857142857
8287.0,2.1
8288.0,2.057142857142857
8289.0,2.057142857142857
8290.0,2.057142857142857
8291.0,2.057142857142857
8292.0,2.057142857142857
8293.0,2.057142857142857
8294.0,2.057142857142857
8295.0,2.057142857142857
8296.0,2.057142857142857
8297.0,2.1
8298.0,2.1
8299.0,2.057142857142857
8300.0,2.057142857142857
8301.0,2.057142857142857
8302.0,2.057142857142857
8303.0,2.057142857142857
8304.0,2.057142857142857
8305.0,2.057142857142857
8306.0,2.057142857142857
8307.0,2.057142857142857
8308.0,2.057142857142857
8309.0,2.1
8310.0,2.057142857142857
8311.0,2.057142857142857
8312.0,2.057142857142857
8313.0,2.1
8314.0,2.057142857142857
8315.0,2.057142857142857
8316.0,2.057142857142857
8317.0,2.1
8318.0,2.057142857142857
8319.0,2.057142857142857
8320.0,2.057142857142857
8321.0,2.057142857142857
8322.0,2.057142857142857
8323.0,2.1
8324.0,2.057142857142857
8325.0,2.1
8326.0,2.057142857142857
8327.0,2.057142857142857
8328.0,2.057142857142857
8329.0,2.057142857142857
8330.0,2.057142857142857
8331.0,2.1
8332.0,2.057142857142857
8333.0,2.057142857142857
8334.0,2.1
8335.0,2.057142857142857
8336.0,2.057142857142857
8337.0,2.1
8338.0,2.1
8339.0,2.057142857142857
8340.0,2.1
8341.0,2.057142857142857
8342.0,2.057142857142857
8343.0,2.057142857142857
8344.0,2.057142857142857
8345.0,2.057142857142857
8346.0,2.057142857142857
8347.0,2.057142857142857
8348.0,2.057142857142857
8349.0,2.057142857142857
8350.0,2.057142857142857
8351.0,2.057142857142857
8352.0,2.057142857142857
8353.0,2.1
8354.0,2.057142857142857
8355.0,2.1
8356.0,2.1
8357.0,2.057142857142857
8358.0,2.057142857142857
8359.0,2.057142857142857
8360.0,2.057142857142857
8361.0,2.057142857142857
8362.0,2.057142857142857
8363.0,2.1
8364.0,2.057142857142857
8365.0,2.057142857142857
8366.0,2.057142857142857
8367.0,2.142857142857143
8368.0,2.057142857142857
8369.0,2.057142857142857
8370.0,2.057142857142857
8371.0,2.057142857142857
8372.0,2.057142857142857
8373.0,2.1
8374.0,2.057142857142857
8375.0,2.057142857142857
8376.0,2.057142857142857
8377.0,2.1
8378.0,2.057142857142857
8379.0,2.057142857142857
8380.0,2.057142857142857
8381.0,2.057142857142857
8382.0,2.057142857142857
8383.0,2.057142857142857
8384.0,2.1
8385.0,2.057142857142857
8386.0,2.057142857142857
8387.0,2.057142857142857
8388.0,2.057142857142857
8389.0,2.057142857142857
8390.0,2.057142857142857
8391.0,2.057142857142857
8392.0,2.057142857142857
8393.0,2.057142857142857
8394.0,2.057142857142857
8395.0,2.057142857142857
8396.0,2.057142857142857
8397.0,2.057142857142857
8398.0,2.057142857142857
8399.0,2.057142857142857
8400.0,2.057142857142857
8401.0,2.057142857142857
8402.0,2.057142857142857
8403.0,2.1
8404.0,2.057142857142857
8405.0,2.057142857142857
8406.0,2.057142857142857
8407.0,2.057142857142857
8408.0,2.057142857142857
8409.0,2.057142857142857
8410.0,2.057142857142857
8411.0,2.057142857142857
8412.0,2.1
8413.0,2.1
8414.0,2.057142857142857
8415.0,2.057142857142857
8416.0,2.057142857142857
8417.0,2.1
8418.0,2.057142857142857
8419.0,2.057142857142857
8420.0,2.057142857142857
8421.0,2.057142857142857
8422.0,2.057142857142857
8423.0,2.1
8424.0,2.057142857142857
8425.0,2.1
8426.0,2.057142857142857
8427.0,2.057142857142857
8428.0,2.057142857142857
8429.0,2.057142857142857
8430.0,2.057142857142857
8431.0,2.057142857142857
8432.0,2.057142857142857
8433.0,2.1
8434.0,2.057142857142857
8435.0,2.057142857142857
8436.0,2.057142857142857
8437.0,2.057142857142857
8438.0,2.057142857142857
8439.0,2.057142857142857
8440.0,2.057142857142857
8441.0,2.057142857142857
8442.0,2.057142857142857
8443.0,2.057142857142857
8444.0,2.057142857142857
8445.0,2.1
8446.0,2.057142857142857
8447.0,2.057142857142857
8448.0,2.057142857142857
8449.0,2.057142857142857
8450.0,2.1
8451.0,2.057142857142857
8452.0,2.057142857142857
8453.0,2.057142857142857
8454.0,2.057142857142857
8455.0,2.1
8456.0,2.057142857142857
8457.0,2.057142857142857
8458.0,2.1
8459.0,2.057142857142857
8460.0,2.057142857142857
8461.0,2.057142857142857
8462.0,2.057142857142857
8463.0,2.057142857142857
8464.0,2.057142857142857
8465.0,2.057142857142857
8466.0,2.057142857142857
8467.0,2.057142857142857
8468.0,2.057142857142857
8469.0,2.057142857142857
8470.0,2.1
8471.0,2.057142857142857
8472.0,2.057142857142857
8473.0,2.057142857142857
8474.0,2.057142857142857
8475.0,2.057142857142857
8476.0,2.057142857142857
8477.0,2.057142857142857
8478.0,2.057142857142857
8479.0,2.057142857142857
8480.0,2.057142857142857
8481.0,2.057142857142857
8482.0,2.057142857142857
8483.0,2.057142857142857
8484.0,2.057142857142857
8485.0,2.057142857142857
8486.0,2.057142857142857
8487.0,2.1
8488.0,2.1
8489.0,2.057142857142857
8490.0,2.057142857142857
8491.0,2.057142857142857
8492.0,2.1
8493.0,2.057142857142857
8494.0,2.057142857142857
8495.0,2.057142857142857
8496.0,2.057142857142857
8497.0,2.057142857142857
8498.0,2.057142857142857
8499.0,2.057142857142857
