time_ms,diameter_mm
0.0,3.7553956834532376
1.0,3.712230215827338
2.0,3.7553956834532376
3.0,3.7553956834532376
4.0,3.7553956834532376
5.0,3.7553956834532376
6.0,3.7553956834532376
7.0,3.7553956834532376
8.0,3.7553956834532376
9.0,3.712230215827338
10.0,3.712230215827338
11.0,3.7553956834532376
12.0,3.712230215827338
13.0,3.712230215827338
14.0,3.712230215827338
15.0,3.7553956834532376
16.0,3.712230215827338
17.0,3.7553956834532376
18.0,3.712230215827338
19.0,3.7553956834532376
20.0,3.712230215827338
21.0,3.7553956834532376
22.0,3.7553956834532376
23.0,3.712230215827338
24.0,3.712230215827338
25.0,3.7553956834532376
26.0,3.7553956834532376
27.0,3.7553956834532376
28.0,3.7553956834532376
29.0,3.7553956834532376
30.0,3.712230215827338
31.0,3.712230215827338
32.0,3.7553956834532376
33.0,3.7553956834532376
34.0,3.7553956834532376
35.0,3.7553956834532376
36.0,3.7553956834532376
37.0,3.712230215827338
38.0,3.712230215827338
39.0,3.7553956834532376
40.0,3.712230215827338
41.0,3.7553956834532376
42.0,3.7553956834532376
43.0,3.7553956834532376
44.0,3.712230215827338
45.0,3.712230215827338
46.0,3.712230215827338
47.0,3.7553956834532376
48.0,3.712230215827338
49.0,3.7553956834532376
50.0,3.712230215827338
51.0,3.712230215827338
52.0,3.712230215827338
53.0,3.7553956834532376
54.0,3.712230215827338
55.0,3.712230215827338
56.0,3.712230215827338
57.0,3.712230215827338
58.0,3.712230215827338
59.0,3.7553956834532376
60.0,3.712230215827338
61.0,3.712230215827338
62.0,3.712230215827338
63.0,3.712230215827338
64.0,3.7553956834532376
65.0,3.7553956834532376
66.0,3.712230215827338
67.0,3.712230215827338
68.0,3.712230215827338
69.0,3.712230215827338
70.0,3.7553956834532376
71.0,3.712230215827338
72.0,3.712230215827338
73.0,3.712230215827338
74.0,3.712230215827338
75.0,3.7553956834532376
76.0,3.712230215827338
77.0,3.712230215827338
78.0,3.712230215827338
79.0,3.7553956834532376
80.0,3.712230215827338
81.0,3.712230215827338
82.0,3.712230215827338
83.0,3.712230215827338
84.0,3.712230215827338
85.0,3.712230215827338
86.0,3.712230215827338
87.0,3.712230215827338
88.0,3.712230215827338
89.0,3.712230215827338
90.0,3.712230215827338
91.0,3.712230215827338
92.0,3.7553956834532376
93.0,3.712230215827338
94.0,3.712230215827338
95.0,3.712230215827338
96.0,3.712230215827338
97.0,3.712230215827338
98.0,3.712230215827338
99.0,3.7553956834532376
100.0,3.712230215827338
101.0,3.712230215827338
102.0,3.712230215827338
103.0,3.712230215827338
104.0,3.712230215827338
105.0,3.712230215827338
106.0,3.712230215827338
107.0,3.712230215827338
108.0,3.712230215827338
109.0,3.712230215827338
110.0,3.712230215827338
111.0,3.712230215827338
112.0,3.712230215827338
113.0,3.712230215827338
114.0,3.712230215827338
115.0,3.712230215827338
116.0,3.669064748201439
117.0,3.712230215827338
118.0,3.712230215827338
119.0,3.712230215827338
120.0,3.712230215827338
121.0,3.712230215827338
122.0,3.712230215827338
123.0,3.712230215827338
124.0,3.712230215827338
125.0,3.712230215827338
126.0,3.669064748201439
127.0,3.712230215827338
128.0,3.712230215827338
129.0,3.712230215827338
130.0,3.712230215827338
131.0,3.712230215827338
132.0,3.712230215827338
133.0,3.712230215827338
134.0,3.712230215827338
135.0,3.712230215827338
136.0,3.712230215827338
137.0,3.712230215827338
138.0,3.712230215827338
139.0,3.712230215827338
140.0,3.7553956834532376
141.0,3.712230215827338
142.0,3.669064748201439
143.0,3.712230215827338
144.0,3.712230215827338
145.0,3.712230215827338
146.0,3.712230215827338
147.0,3.712230215827338
148.0,3.712230215827338
149.0,3.712230215827338
150.0,3.712230215827338
151.0,3.712230215827338
152.0,3.712230215827338
153.0,3.712230215827338
154.0,3.712230215827338
155.0,3.712230215827338
156.0,3.712230215827338
157.0,3.712230215827338
158.0,3.712230215827338
159.0,3.712230215827338
160.0,3.712230215827338
161.0,3.669064748201439
162.0,3.712230215827338
163.0,3.712230215827338
164.0,3.712230215827338
165.0,3.712230215827338
166.0,3.712230215827338
167.0,3.712230215827338
168.0,3.712230215827338
169.0,3.712230215827338
170.0,3.712230215827338
171.0,3.7553956834532376
172.0,3.712230215827338
173.0,3.712230215827338
174.0,3.712230215827338
175.0,3.712230215827338
176.0,3.712230215827338
177.0,3.712230215827338
178.0,3.712230215827338
179.0,3.712230215827338
180.0,3.712230215827338
181.0,3.712230215827338
182.0,3.712230215827338
183.0,3.712230215827338
184.0,3.712230215827338
185.0,3.712230215827338
186.0,3.669064748201439
187.0,3.669064748201439
188.0,3.712230215827338
189.0,3.712230215827338
190.0,3.712230215827338
191.0,3.712230215827338
192.0,3.712230215827338
193.0,3.712230215827338
194.0,3.712230215827338
195.0,3.712230215827338
196.0,3.712230215827338
197.0,3.712230215827338
198.0,3.669064748201439
199.0,3.669064748201439
200.0,3.669064748201439
201.0,3.712230215827338
202.0,3.712230215827338
203.0,3.712230215827338
204.0,3.712230215827338
205.0,3.712230215827338
206.0,3.712230215827338
207.0,3.712230215827338
208.0,3.669064748201439
209.0,3.712230215827338
210.0,3.669064748201439
211.0,3.712230215827338
212.0,3.669064748201439
213.0,3.669064748201439
214.0,3.712230215827338
215.0,3.669064748201439
216.0,3.669064748201439
217.0,3.712230215827338
218.0,3.669064748201439
219.0,3.712230215827338
220.0,3.712230215827338
221.0,3.712230215827338
222.0,3.712230215827338
223.0,3.712230215827338
224.0,3.712230215827338
225.0,3.712230215827338
226.0,3.669064748201439
227.0,3.712230215827338
228.0,3.669064748201439
229.0,3.669064748201439
230.0,3.669064748201439
231.0,3.669064748201439
232.0,3.669064748201439
233.0,3.669064748201439
234.0,3.669064748201439
235.0,3.712230215827338
236.0,3.712230215827338
237.0,3.712230215827338
238.0,3.669064748201439
239.0,3.712230215827338
240.0,3.669064748201439
241.0,3.712230215827338
242.0,3.669064748201439
243.0,3.669064748201439
244.0,3.669064748201439
245.0,3.712230215827338
246.0,3.669064748201439
247.0,3.669064748201439
248.0,3.712230215827338
249.0,3.669064748201439
250.0,3.712230215827338
251.0,3.712230215827338
252.0,3.712230215827338
253.0,3.669064748201439
254.0,3.712230215827338
255.0,3.712230215827338
256.0,3.669064748201439
257.0,3.712230215827338
258.0,3.669064748201439
259.0,3.712230215827338
260.0,3.669064748201439
261.0,3.669064748201439
262.0,3.669064748201439
263.0,3.669064748201439
264.0,3.712230215827338
265.0,3.669064748201439
266.0,3.712230215827338
267.0,3.712230215827338
268.0,3.669064748201439
269.0,3.669064748201439
270.0,3.712230215827338
271.0,3.669064748201439
272.0,3.669064748201439
273.0,3.669064748201439
274.0,3.669064748201439
275.0,3.669064748201439
276.0,3.669064748201439
277.0,3.669064748201439
278.0,3.669064748201439
279.0,3.712230215827338
280.0,3.669064748201439
281.0,3.669064748201439
282.0,3.669064748201439
283.0,3.669064748201439
284.0,3.669064748201439
285.0,3.669064748201439
286.0,3.669064748201439
287.0,3.669064748201439
288.0,3.669064748201439
289.0,3.669064748201439
290.0,3.669064748201439
291.0,3.669064748201439
292.0,3.669064748201439
293.0,3.669064748201439
294.0,3.669064748201439
295.0,3.712230215827338
296.0,3.712230215827338
297.0,3.669064748201439
298.0,3.669064748201439
299.0,3.669064748201439
300.0,3.669064748201439
301.0,3.669064748201439
302.0,3.669064748201439
303.0,3.669064748201439
304.0,3.669064748201439
305.0,3.669064748201439
306.0,3.669064748201439
307.0,3.712230215827338
308.0,3.6258992805755397
309.0,3.669064748201439
310.0,3.669064748201439
311.0,3.669064748201439
312.0,3.669064748201439
313.0,3.669064748201439
314.0,3.669064748201439
315.0,3.712230215827338
316.0,3.669064748201439
317.0,3.669064748201439
318.0,3.669064748201439
319.0,3.669064748201439
320.0,3.669064748201439
321.0,3.669064748201439
322.0,3.669064748201439
323.0,3.712230215827338
324.0,3.669064748201439
325.0,3.669064748201439
326.0,3.669064748201439
327.0,3.669064748201439
328.0,3.669064748201439
329.0,3.669064748201439
330.0,3.669064748201439
331.0,3.669064748201439
332.0,3.669064748201439
333.0,3.669064748201439
334.0,3.669064748201439
335.0,3.669064748201439
336.0,3.669064748201439
337.0,3.669064748201439
338.0,3.669064748201439
339.0,3.669064748201439
340.0,3.669064748201439
341.0,3.669064748201439
342.0,3.669064748201439
343.0,3.669064748201439
344.0,3.669064748201439
345.0,3.669064748201439
346.0,3.669064748201439
347.0,3.669064748201439
348.0,3.669064748201439
349.0,3.669064748201439
350.0,3.669064748201439
351.0,3.669064748201439
352.0,3.669064748201439
353.0,3.669064748201439
354.0,3.669064748201439
355.0,3.669064748201439
356.0,3.669064748201439
357.0,3.669064748201439
358.0,3.669064748201439
359.0,3.669064748201439
360.0,3.669064748201439
361.0,3.669064748201439
362.0,3.669064748201439
363.0,3.669064748201439
364.0,3.669064748201439
365.0,3.669064748201439
366.0,3.669064748201439
367.0,3.669064748201439
368.0,3.669064748201439
369.0,3.669064748201439
370.0,3.669064748201439
371.0,3.669064748201439
372.0,3.669064748201439
373.0,3.669064748201439
374.0,3.669064748201439
375.0,3.669064748201439
376.0,3.669064748201439
377.0,3.669064748201439
378.0,3.669064748201439
379.0,3.669064748201439
380.0,3.669064748201439
381.0,3.669064748201439
382.0,3.669064748201439
383.0,3.669064748201439
384.0,3.669064748201439
385.0,3.669064748201439
386.0,3.669064748201439
387.0,3.669064748201439
388.0,3.669064748201439
389.0,3.669064748201439
390.0,3.669064748201439
391.0,3.669064748201439
392.0,3.669064748201439
393.0,3.669064748201439
394.0,3.669064748201439
395.0,3.669064748201439
396.0,3.669064748201439
397.0,3.669064748201439
398.0,3.669064748201439
399.0,3.669064748201439
400.0,3.669064748201439
401.0,3.669064748201439
402.0,3.669064748201439
403.0,3.669064748201439
404.0,3.669064748201439
405.0,3.669064748201439
406.0,3.6258992805755397
407.0,3.669064748201439
408.0,3.669064748201439
409.0,3.669064748201439
410.0,3.669064748201439
411.0,3.669064748201439
412.0,3.669064748201439
413.0,3.669064748201439
414.0,3.669064748201439
415.0,3.669064748201439
416.0,3.669064748201439
417.0,3.669064748201439
418.0,3.669064748201439
419.0,3.669064748201439
420.0,3.669064748201439
421.0,3.669064748201439
422.0,3.669064748201439
423.0,3.669064748201439
424.0,3.669064748201439
425.0,3.669064748201439
426.0,3.669064748201439
427.0,3.669064748201439
428.0,3.669064748201439
429.0,3.669064748201439
430.0,3.669064748201439
431.0,3.669064748201439
432.0,3.669064748201439
433.0,3.669064748201439
434.0,3.669064748201439
435.0,3.669064748201439
436.0,3.669064748201439
437.0,3.669064748201439
438.0,3.669064748201439
439.0,3.669064748201439
440.0,3.669064748201439
441.0,3.669064748201439
442.0,3.669064748201439
443.0,3.6258992805755397
444.0,3.669064748201439
445.0,3.669064748201439
446.0,3.669064748201439
447.0,3.669064748201439
448.0,3.669064748201439
449.0,3.669064748201439
450.0,3.669064748201439
451.0,3.669064748201439
452.0,3.669064748201439
453.0,3.6258992805755397
454.0,3.669064748201439
455.0,3.669064748201439
456.0,3.669064748201439
457.0,3.669064748201439
458.0,3.669064748201439
459.0,3.669064748201439
460.0,3.669064748201439
461.0,3.6258992805755397
462.0,3.6258992805755397
463.0,3.669064748201439
464.0,3.669064748201439
465.0,3.669064748201439
466.0,3.669064748201439
467.0,3.669064748201439
468.0,3.669064748201439
469.0,3.669064748201439
470.0,3.669064748201439
471.0,3.669064748201439
472.0,3.669064748201439
473.0,3.669064748201439
474.0,3.669064748201439
475.0,3.669064748201439
476.0,3.669064748201439
477.0,3.669064748201439
478.0,3.669064748201439
479.0,3.669064748201439
480.0,3.669064748201439
481.0,3.6258992805755397
482.0,3.669064748201439
483.0,3.669064748201439
484.0,3.669064748201439
485.0,3.669064748201439
486.0,3.6258992805755397
487.0,3.669064748201439
488.0,3.6258992805755397
489.0,3.669064748201439
490.0,3.669064748201439
491.0,3.6258992805755397
492.0,3.6258992805755397
493.0,3.669064748201439
494.0,3.6258992805755397
495.0,3.6258992805755397
496.0,3.6258992805755397
497.0,3.669064748201439
498.0,3.669064748201439
499.0,3.669064748201439
500.0,3.6258992805755397
501.0,3.669064748201439
502.0,3.669064748201439
503.0,3.669064748201439
504.0,3.669064748201439
505.0,3.6258992805755397
506.0,3.6258992805755397
507.0,3.669064748201439
508.0,3.669064748201439
509.0,3.669064748201439
510.0,3.669064748201439
511.0,3.669064748201439
512.0,3.669064748201439
513.0,3.669064748201439
514.0,3.669064748201439
515.0,3.669064748201439
516.0,3.669064748201439
517.0,3.669064748201439
518.0,3.669064748201439
519.0,3.669064748201439
520.0,3.669064748201439
521.0,3.6258992805755397
522.0,3.6258992805755397
523.0,3.669064748201439
524.0,3.6258992805755397
525.0,3.669064748201439
526.0,3.669064748201439
527.0,3.6258992805755397
528.0,3.6258992805755397
529.0,3.6258992805755397
530.0,3.6258992805755397
531.0,3.6258992805755397
532.0,3.6258992805755397
533.0,3.6258992805755397
534.0,3.6258992805755397
535.0,3.669064748201439
536.0,3.6258992805755397
537.0,3.6258992805755397
538.0,3.6258992805755397
539.0,3.6258992805755397
540.0,3.6258992805755397
541.0,3.6258992805755397
542.0,3.669064748201439
543.0,3.669064748201439
544.0,3.6258992805755397
545.0,3.669064748201439
546.0,3.669064748201439
547.0,3.669064748201439
548.0,3.669064748201439
549.0,3.669064748201439
550.0,3.669064748201439
551.0,3.669064748201439
552.0,3.669064748201439
553.0,3.6258992805755397
554.0,3.6258992805755397
555.0,3.669064748201439
556.0,3.6258992805755397
557.0,3.669064748201439
558.0,3.669064748201439
559.0,3.669064748201439
560.0,3.669064748201439
561.0,3.669064748201439
562.0,3.6258992805755397
563.0,3.669064748201439
564.0,3.669064748201439
565.0,3.669064748201439
566.0,3.6258992805755397
567.0,3.669064748201439
568.0,3.669064748201439
569.0,3.669064748201439
570.0,3.6258992805755397
571.0,3.669064748201439
572.0,3.6258992805755397
573.0,3.669064748201439
574.0,3.6258992805755397
575.0,3.6258992805755397
576.0,3.6258992805755397
577.0,3.6258992805755397
578.0,3.6258992805755397
579.0,3.669064748201439
580.0,3.6258992805755397
581.0,3.669064748201439
582.0,3.6258992805755397
583.0,3.669064748201439
584.0,3.6258992805755397
585.0,3.6258992805755397
586.0,3.669064748201439
587.0,3.6258992805755397
588.0,3.669064748201439
589.0,3.669064748201439
590.0,3.6258992805755397
591.0,3.6258992805755397
592.0,3.669064748201439
593.0,3.669064748201439
594.0,3.6258992805755397
595.0,3.669064748201439
596.0,3.6258992805755397
597.0,3.6258992805755397
598.0,3.669064748201439
599.0,3.669064748201439
600.0,3.669064748201439
601.0,3.669064748201439
602.0,3.6258992805755397
603.0,3.6258992805755397
604.0,3.669064748201439
605.0,3.669064748201439
606.0,3.669064748201439
607.0,3.669064748201439
608.0,3.6258992805755397
609.0,3.669064748201439
610.0,3.669064748201439
611.0,3.669064748201439
612.0,3.6258992805755397
613.0,3.6258992805755397
614.0,3.6258992805755397
615.0,3.6258992805755397
616.0,3.669064748201439
617.0,3.669064748201439
618.0,3.6258992805755397
619.0,3.6258992805755397
620.0,3.6258992805755397
621.0,3.6258992805755397
622.0,3.6258992805755397
623.0,3.6258992805755397
624.0,3.6258992805755397
625.0,3.6258992805755397
626.0,3.6258992805755397
627.0,3.6258992805755397
628.0,3.6258992805755397
629.0,3.6258992805755397
630.0,3.6258992805755397
631.0,3.6258992805755397
632.0,3.6258992805755397
633.0,3.6258992805755397
634.0,3.6258992805755397
635.0,3.669064748201439
636.0,3.6258992805755397
637.0,3.6258992805755397
638.0,3.6258992805755397
639.0,3.669064748201439
640.0,3.6258992805755397
641.0,3.669064748201439
642.0,3.6258992805755397
643.0,3.6258992805755397
644.0,3.6258992805755397
645.0,3.6258992805755397
646.0,3.6258992805755397
647.0,3.6258992805755397
648.0,3.6258992805755397
649.0,3.6258992805755397
650.0,3.669064748201439
651.0,3.669064748201439
652.0,3.6258992805755397
653.0,3.6258992805755397
654.0,3.6258992805755397
655.0,3.6258992805755397
656.0,3.669064748201439
657.0,3.6258992805755397
658.0,3.6258992805755397
659.0,3.6258992805755397
660.0,3.6258992805755397
661.0,3.6258992805755397
662.0,3.6258992805755397
663.0,3.6258992805755397
664.0,3.6258992805755397
665.0,3.6258992805755397
666.0,3.6258992805755397
667.0,3.6258992805755397
668.0,3.6258992805755397
669.0,3.6258992805755397
670.0,3.6258992805755397
671.0,3.6258992805755397
672.0,3.6258992805755397
673.0,3.669064748201439
674.0,3.6258992805755397
675.0,3.6258992805755397
676.0,3.6258992805755397
677.0,3.6258992805755397
678.0,3.6258992805755397
679.0,3.6258992805755397
680.0,3.6258992805755397
681.0,3.669064748201439
682.0,3.669064748201439
683.0,3.6258992805755397
684.0,3.6258992805755397
685.0,3.6258992805755397
686.0,3.6258992805755397
687.0,3.6258992805755397
688.0,3.6258992805755397
689.0,3.6258992805755397
690.0,3.6258992805755397
691.0,3.669064748201439
692.0,3.6258992805755397
693.0,3.669064748201439
694.0,3.6258992805755397
695.0,3.669064748201439
696.0,3.6258992805755397
697.0,3.6258992805755397
698.0,3.6258992805755397
699.0,3.669064748201439
700.0,3.6258992805755397
701.0,3.6258992805755397
702.0,3.6258992805755397
703.0,3.6258992805755397
704.0,3.6258992805755397
705.0,3.6258992805755397
706.0,3.6258992805755397
707.0,3.6258992805755397
708.0,3.6258992805755397
709.0,3.6258992805755397
710.0,3.6258992805755397
711.0,3.6258992805755397
712.0,3.6258992805755397
713.0,3.6258992805755397
714.0,3.6258992805755397
715.0,3.6258992805755397
716.0,3.6258992805755397
717.0,3.6258992805755397
718.0,3.6258992805755397
719.0,3.6258992805755397
720.0,3.6258992805755397
721.0,3.6258992805755397
722.0,3.6258992805755397
723.0,3.6258992805755397
724.0,3.6258992805755397
725.0,3.6258992805755397
726.0,3.6258992805755397
727.0,3.6258992805755397
728.0,3.6258992805755397
729.0,3.6258992805755397
730.0,3.6258992805755397
731.0,3.6258992805755397
732.0,3.6258992805755397
733.0,3.6258992805755397
734.0,3.6258992805755397
735.0,3.6258992805755397
736.0,3.6258992805755397
737.0,3.6258992805755397
738.0,3.6258992805755397
739.0,3.6258992805755397
740.0,3.6258992805755397
741.0,3.6258992805755397
742.0,3.6258992805755397
743.0,3.6258992805755397
744.0,3.6258992805755397
745.0,3.6258992805755397
746.0,3.6258992805755397
747.0,3.6258992805755397
748.0,3.6258992805755397
749.0,3.6258992805755397
750.0,3.6258992805755397
751.0,3.6258992805755397
752.0,3.6258992805755397
753.0,3.6258992805755397
754.0,3.6258992805755397
755.0,3.6258992805755397
756.0,3.6258992805755397
757.0,3.6258992805755397
758.0,3.6258992805755397
759.0,3.6258992805755397
760.0,3.6258992805755397
761.0,3.6258992805755397
762.0,3.6258992805755397
763.0,3.6258992805755397
764.0,3.6258992805755397
765.0,3.6258992805755397
766.0,3.6258992805755397
767.0,3.6258992805755397
768.0,3.6258992805755397
769.0,3.6258992805755397
770.0,3.6258992805755397
771.0,3.6258992805755397
772.0,3.6258992805755397
773.0,3.6258992805755397
774.0,3.6258992805755397
775.0,3.6258992805755397
776.0,3.6258992805755397
777.0,3.6258992805755397
778.0,3.6258992805755397
779.0,3.6258992805755397
780.0,3.6258992805755397
781.0,3.6258992805755397
782.0,3.6258992805755397
783.0,3.6258992805755397
784.0,3.6258992805755397
785.0,3.6258992805755397
786.0,3.6258992805755397
787.0,3.669064748201439
788.0,3.6258992805755397
789.0,3.6258992805755397
790.0,3.6258992805755397
791.0,3.6258992805755397
792.0,3.6258992805755397
793.0,3.6258992805755397
794.0,3.6258992805755397
795.0,3.6258992805755397
796.0,3.6258992805755397
797.0,3.6258992805755397
798.0,3.6258992805755397
799.0,3.6258992805755397
800.0,3.6258992805755397
801.0,3.6258992805755397
802.0,3.6258992805755397
803.0,3.6258992805755397
804.0,3.6258992805755397
805.0,3.6258992805755397
806.0,3.5827338129496407
807.0,3.6258992805755397
808.0,3.6258992805755397
809.0,3.5827338129496407
810.0,3.6258992805755397
811.0,3.6258992805755397
812.0,3.6258992805755397
813.0,3.6258992805755397
814.0,3.6258992805755397
815.0,3.6258992805755397
816.0,3.6258992805755397
817.0,3.6258992805755397
818.0,3.6258992805755397
819.0,3.6258992805755397
820.0,3.6258992805755397
821.0,3.6258992805755397
822.0,3.5827338129496407
823.0,3.6258992805755397
824.0,3.6258992805755397
825.0,3.6258992805755397
826.0,3.6258992805755397
827.0,3.6258992805755397
828.0,3.5827338129496407
829.0,3.6258992805755397
830.0,3.5827338129496407
831.0,3.5827338129496407
832.0,3.5827338129496407
833.0,3.6258992805755397
834.0,3.6258992805755397
835.0,3.6258992805755397
836.0,3.6258992805755397
837.0,3.6258992805755397
838.0,3.6258992805755397
839.0,3.6258992805755397
840.0,3.6258992805755397
841.0,3.6258992805755397
842.0,3.6258992805755397
843.0,3.6258992805755397
844.0,3.5827338129496407
845.0,3.6258992805755397
846.0,3.5827338129496407
847.0,3.6258992805755397
848.0,3.5827338129496407
849.0,3.6258992805755397
850.0,3.6258992805755397
851.0,3.6258992805755397
852.0,3.6258992805755397
853.0,3.5827338129496407
854.0,3.5827338129496407
855.0,3.6258992805755397
856.0,3.5827338129496407
857.0,3.6258992805755397
858.0,3.5827338129496407
859.0,3.6258992805755397
860.0,3.5827338129496407
861.0,3.6258992805755397
862.0,3.6258992805755397
863.0,3.6258992805755397
864.0,3.6258992805755397
865.0,3.6258992805755397
866.0,3.6258992805755397
867.0,3.6258992805755397
868.0,3.6258992805755397
869.0,3.6258992805755397
870.0,3.6258992805755397
871.0,3.6258992805755397
872.0,3.6258992805755397
873.0,3.6258992805755397
874.0,3.6258992805755397
875.0,3.6258992805755397
876.0,3.6258992805755397
877.0,3.6258992805755397
878.0,3.5827338129496407
879.0,3.6258992805755397
880.0,3.6258992805755397
881.0,3.6258992805755397
882.0,3.5827338129496407
883.0,3.5827338129496407
884.0,3.5827338129496407
885.0,3.6258992805755397
886.0,3.5827338129496407
887.0,3.6258992805755397
888.0,3.5827338129496407
889.0,3.6258992805755397
890.0,3.5827338129496407
891.0,3.6258992805755397
892.0,3.6258992805755397
893.0,3.6258992805755397
894.0,3.6258992805755397
895.0,3.5827338129496407
896.0,3.5827338129496407
897.0,3.5827338129496407
898.0,3.5827338129496407
899.0,3.6258992805755397
900.0,3.6258992805755397
901.0,3.6258992805755397
902.0,3.6258992805755397
903.0,3.5827338129496407
904.0,3.6258992805755397
905.0,3.6258992805755397
906.0,3.5827338129496407
907.0,3.5827338129496407
908.0,3.5827338129496407
909.0,3.6258992805755397
910.0,3.5827338129496407
911.0,3.5827338129496407
912.0,3.6258992805755397
913.0,3.6258992805755397
914.0,3.5827338129496407
915.0,3.5827338129496407
916.0,3.6258992805755397
917.0,3.6258992805755397
918.0,3.6258992805755397
919.0,3.5827338129496407
920.0,3.5827338129496407
921.0,3.5827338129496407
922.0,3.5827338129496407
923.0,3.6258992805755397
924.0,3.6258992805755397
925.0,3.6258992805755397
926.0,3.6258992805755397
927.0,3.6258992805755397
928.0,3.6258992805755397
929.0,3.6258992805755397
930.0,3.6258992805755397
931.0,3.6258992805755397
932.0,3.6258992805755397
933.0,3.5827338129496407
934.0,3.6258992805755397
935.0,3.6258992805755397
936.0,3.5827338129496407
937.0,3.6258992805755397
938.0,3.5827338129496407
939.0,3.5827338129496407
940.0,3.5827338129496407
941.0,3.6258992805755397
942.0,3.5827338129496407
943.0,3.5827338129496407
944.0,3.5827338129496407
945.0,3.5827338129496407
946.0,3.6258992805755397
947.0,3.6258992805755397
948.0,3.6258992805755397
949.0,3.6258992805755397
950.0,3.6258992805755397
951.0,3.6258992805755397
952.0,3.5827338129496407
953.0,3.6258992805755397
954.0,3.5827338129496407
955.0,3.6258992805755397
956.0,3.6258992805755397
957.0,3.5827338129496407
958.0,3.6258992805755397
959.0,3.5827338129496407
960.0,3.5827338129496407
961.0,3.6258992805755397
962.0,3.6258992805755397
963.0,3.5827338129496407
964.0,3.6258992805755397
965.0,3.6258992805755397
966.0,3.5827338129496407
967.0,3.6258992805755397
968.0,3.5827338129496407
969.0,3.5827338129496407
970.0,3.5827338129496407
971.0,3.5827338129496407
972.0,3.5827338129496407
973.0,3.6258992805755397
974.0,3.6258992805755397
975.0,3.6258992805755397
976.0,3.6258992805755397
977.0,3.6258992805755397
978.0,3.5827338129496407
979.0,3.5827338129496407
980.0,3.6258992805755397
981.0,3.6258992805755397
982.0,3.5827338129496407
983.0,3.5827338129496407
984.0,3.6258992805755397
985.0,3.5827338129496407
986.0,3.5827338129496407
987.0,3.6258992805755397
988.0,3.5827338129496407
989.0,3.6258992805755397
990.0,3.5827338129496407
991.0,3.6258992805755397
992.0,3.6258992805755397
993.0,3.6258992805755397
994.0,3.5827338129496407
995.0,3.6258992805755397
996.0,3.5827338129496407
997.0,3.5827338129496407
998.0,3.5827338129496407
999.0,3.5827338129496407
1000.0,3.5827338129496407
1001.0,3.5827338129496407
1002.0,3.5827338129496407
1003.0,3.5827338129496407
1004.0,3.5827338129496407
1005.0,3.5827338129496407
1006.0,3.5827338129496407
1007.0,3.5827338129496407
1008.0,3.5827338129496407
1009.0,3.5827338129496407
1010.0,3.5827338129496407
1011.0,3.5827338129496407
1012.0,3.5827338129496407
1013.0,3.5827338129496407
1014.0,3.5827338129496407
1015.0,3.5827338129496407
1016.0,3.5827338129496407
1017.0,3.6258992805755397
1018.0,3.5827338129496407
1019.0,3.5827338129496407
1020.0,3.5827338129496407
1021.0,3.5827338129496407
1022.0,3.5827338129496407
1023.0,3.5827338129496407
1024.0,3.5827338129496407
1025.0,3.5827338129496407
1026.0,3.5827338129496407
1027.0,3.5827338129496407
1028.0,3.5827338129496407
1029.0,3.5827338129496407
1030.0,3.5827338129496407
1031.0,3.6258992805755397
1032.0,3.5827338129496407
1033.0,3.5827338129496407
1034.0,3.6258992805755397
1035.0,3.6258992805755397
1036.0,3.5827338129496407
1037.0,3.6258992805755397
1038.0,3.5827338129496407
1039.0,3.6258992805755397
1040.0,3.6258992805755397
1041.0,3.6258992805755397
1042.0,3.5827338129496407
1043.0,3.5827338129496407
1044.0,3.5827338129496407
1045.0,3.5827338129496407
1046.0,3.6258992805755397
1047.0,3.6258992805755397
1048.0,3.5827338129496407
1049.0,3.5827338129496407
1050.0,3.5827338129496407
1051.0,3.5827338129496407
1052.0,3.5827338129496407
1053.0,3.5827338129496407
1054.0,3.5827338129496407
1055.0,3.5827338129496407
1056.0,3.5827338129496407
1057.0,3.5827338129496407
1058.0,3.5827338129496407
1059.0,3.5827338129496407
1060.0,3.5827338129496407
1061.0,3.5827338129496407
1062.0,3.5827338129496407
1063.0,3.6258992805755397
1064.0,3.5827338129496407
1065.0,3.5827338129496407
1066.0,3.5827338129496407
1067.0,3.5827338129496407
1068.0,3.5827338129496407
1069.0,3.5827338129496407
1070.0,3.5827338129496407
1071.0,3.5827338129496407
1072.0,3.5827338129496407
1073.0,3.6258992805755397
1074.0,3.5827338129496407
1075.0,3.6258992805755397
1076.0,3.6258992805755397
1077.0,3.5827338129496407
1078.0,3.5827338129496407
1079.0,3.5827338129496407
1080.0,3.5827338129496407
1081.0,3.5827338129496407
1082.0,3.5827338129496407
1083.0,3.5827338129496407
1084.0,3.5827338129496407
1085.0,3.5827338129496407
1086.0,3.5827338129496407
1087.0,3.5827338129496407
1088.0,3.5827338129496407
1089.0,3.6258992805755397
1090.0,3.5827338129496407
1091.0,3.5827338129496407
1092.0,3.5827338129496407
1093.0,3.5827338129496407
1094.0,3.5827338129496407
1095.0,3.5827338129496407
1096.0,3.5827338129496407
1097.0,3.5827338129496407
1098.0,3.5827338129496407
1099.0,3.6258992805755397
1100.0,3.5827338129496407
1101.0,3.5827338129496407
1102.0,3.5827338129496407
1103.0,3.5827338129496407
1104.0,3.5827338129496407
1105.0,3.5827338129496407
1106.0,3.5827338129496407
1107.0,3.5827338129496407
1108.0,3.5827338129496407
1109.0,3.5827338129496407
1110.0,3.5827338129496407
1111.0,3.5827338129496407
1112.0,3.5827338129496407
1113.0,3.5827338129496407
1114.0,3.5827338129496407
1115.0,3.5827338129496407
1116.0,3.6258992805755397
1117.0,3.5827338129496407
1118.0,3.5827338129496407
1119.0,3.5827338129496407
1120.0,3.5827338129496407
1121.0,3.5827338129496407
1122.0,3.5827338129496407
1123.0,3.5827338129496407
1124.0,3.5827338129496407
1125.0,3.5827338129496407
1126.0,3.5827338129496407
1127.0,3.5827338129496407
1128.0,3.5827338129496407
1129.0,3.5827338129496407
1130.0,3.5827338129496407
1131.0,3.5827338129496407
1132.0,3.5827338129496407
1133.0,3.5827338129496407
1134.0,3.5827338129496407
1135.0,3.5827338129496407
1136.0,3.5827338129496407
1137.0,3.5827338129496407
1138.0,3.5827338129496407
1139.0,3.6258992805755397
1140.0,3.5827338129496407
1141.0,3.5827338129496407
1142.0,3.5827338129496407
1143.0,3.5827338129496407
1144.0,3.5827338129496407
1145.0,3.5827338129496407
1146.0,3.5827338129496407
1147.0,3.5827338129496407
1148.0,3.5827338129496407
1149.0,3.6258992805755397
1150.0,3.5827338129496407
1151.0,3.5827338129496407
1152.0,3.5827338129496407
1153.0,3.5827338129496407
1154.0,3.5827338129496407
1155.0,3.5827338129496407
1156.0,3.5827338129496407
1157.0,3.5827338129496407
1158.0,3.5827338129496407
1159.0,3.5827338129496407
1160.0,3.5827338129496407
1161.0,3.5827338129496407
1162.0,3.5827338129496407
1163.0,3.5827338129496407
1164.0,3.5827338129496407
1165.0,3.5827338129496407
1166.0,3.6258992805755397
1167.0,3.5827338129496407
1168.0,3.6258992805755397
1169.0,3.5827338129496407
1170.0,3.6258992805755397
1171.0,3.5827338129496407
1172.0,3.6258992805755397
1173.0,3.5827338129496407
1174.0,3.5827338129496407
1175.0,3.5827338129496407
1176.0,3.5827338129496407
1177.0,3.5827338129496407
1178.0,3.5827338129496407
1179.0,3.5827338129496407
1180.0,3.5827338129496407
1181.0,3.5827338129496407
1182.0,3.5827338129496407
1183.0,3.5827338129496407
1184.0,3.5827338129496407
1185.0,3.5827338129496407
1186.0,3.5827338129496407
1187.0,3.5827338129496407
1188.0,3.5827338129496407
1189.0,3.5827338129496407
1190.0,3.5827338129496407
1191.0,3.5827338129496407
1192.0,3.5827338129496407
1193.0,3.5827338129496407
1194.0,3.5827338129496407
1195.0,3.5827338129496407
1196.0,3.5827338129496407
1197.0,3.5827338129496407
1198.0,3.5827338129496407
1199.0,3.5827338129496407
1200.0,3.5827338129496407
1201.0,3.5827338129496407
1202.0,3.5827338129496407
1203.0,3.5827338129496407
1204.0,3.5827338129496407
1205.0,3.5827338129496407
1206.0,3.5827338129496407
1207.0,3.5827338129496407
1208.0,3.5827338129496407
1209.0,3.5827338129496407
1210.0,3.5827338129496407
1211.0,3.5827338129496407
1212.0,3.5827338129496407
1213.0,3.5827338129496407
1214.0,3.5827338129496407
1215.0,3.6258992805755397
1216.0,3.6258992805755397
1217.0,3.5827338129496407
1218.0,3.6258992805755397
1219.0,3.5827338129496407
1220.0,3.5827338129496407
1221.0,3.5827338129496407
1222.0,3.5827338129496407
1223.0,3.5827338129496407
1224.0,3.5827338129496407
1225.0,3.5827338129496407
1226.0,3.5827338129496407
1227.0,3.5827338129496407
1228.0,3.5827338129496407
1229.0,3.6258992805755397
1230.0,3.5827338129496407
1231.0,3.5827338129496407
1232.0,3.5827338129496407
1233.0,3.5827338129496407
1234.0,3.5827338129496407
1235.0,3.5827338129496407
1236.0,3.5827338129496407
1237.0,3.5827338129496407
1238.0,3.5827338129496407
1239.0,3.5827338129496407
1240.0,3.5827338129496407
1241.0,3.5827338129496407
1242.0,3.5827338129496407
1243.0,3.5827338129496407
1244.0,3.5827338129496407
1245.0,3.5827338129496407
1246.0,3.5827338129496407
1247.0,3.5827338129496407
1248.0,3.5827338129496407
1249.0,3.5827338129496407
1250.0,3.5827338129496407
1251.0,3.5827338129496407
1252.0,3.5827338129496407
1253.0,3.5827338129496407
1254.0,3.5827338129496407
1255.0,3.5827338129496407
1256.0,3.5827338129496407
1257.0,3.5827338129496407
1258.0,3.5827338129496407
1259.0,3.5827338129496407
1260.0,3.5827338129496407
1261.0,3.5827338129496407
1262.0,3.5827338129496407
1263.0,3.5827338129496407
1264.0,3.5827338129496407
1265.0,3.5827338129496407
1266.0,3.5827338129496407
1267.0,3.5827338129496407
1268.0,3.5827338129496407
1269.0,3.5827338129496407
1270.0,3.5827338129496407
1271.0,3.5827338129496407
1272.0,3.5827338129496407
1273.0,3.5827338129496407
1274.0,3.5827338129496407
1275.0,3.5827338129496407
1276.0,3.5827338129496407
1277.0,3.5827338129496407
1278.0,3.5827338129496407
1279.0,3.5827338129496407
1280.0,3.5827338129496407
1281.0,3.5827338129496407
1282.0,3.5827338129496407
1283.0,3.5827338129496407
1284.0,3.5827338129496407
1285.0,3.5827338129496407
1286.0,3.5827338129496407
1287.0,3.5827338129496407
1288.0,3.5827338129496407
1289.0,3.5827338129496407
1290.0,3.5827338129496407
1291.0,3.5827338129496407
1292.0,3.5827338129496407
1293.0,3.5827338129496407
1294.0,3.5827338129496407
1295.0,3.5827338129496407
1296.0,3.5827338129496407
1297.0,3.5827338129496407
1298.0,3.5827338129496407
1299.0,3.5827338129496407
1300.0,3.5827338129496407
1301.0,3.5827338129496407
1302.0,3.5827338129496407
1303.0,3.5827338129496407
1304.0,3.5827338129496407
1305.0,3.5827338129496407
1306.0,3.5827338129496407
1307.0,3.5827338129496407
1308.0,3.5827338129496407
1309.0,3.5827338129496407
1310.0,3.5827338129496407
1311.0,3.5827338129496407
1312.0,3.5827338129496407
1313.0,3.5827338129496407
1314.0,3.5827338129496407
1315.0,3.5827338129496407
1316.0,3.5827338129496407
1317.0,3.5827338129496407
1318.0,3.5827338129496407
1319.0,3.5827338129496407
1320.0,3.5827338129496407
1321.0,3.5827338129496407
1322.0,3.5827338129496407
1323.0,3.5827338129496407
1324.0,3.5827338129496407
1325.0,3.5827338129496407
1326.0,3.539568345323741
1327.0,3.5827338129496407
1328.0,3.5827338129496407
1329.0,3.5827338129496407
1330.0,3.5827338129496407
1331.0,3.5827338129496407
1332.0,3.5827338129496407
1333.0,3.5827338129496407
1334.0,3.5827338129496407
1335.0,3.5827338129496407
1336.0,3.5827338129496407
1337.0,3.5827338129496407
1338.0,3.5827338129496407
1339.0,3.5827338129496407
1340.0,3.5827338129496407
1341.0,3.5827338129496407
1342.0,3.5827338129496407
1343.0,3.5827338129496407
1344.0,3.5827338129496407
1345.0,3.5827338129496407
1346.0,3.5827338129496407
1347.0,3.5827338129496407
1348.0,3.5827338129496407
1349.0,3.5827338129496407
1350.0,3.5827338129496407
1351.0,3.5827338129496407
1352.0,3.5827338129496407
1353.0,3.5827338129496407
1354.0,3.5827338129496407
1355.0,3.5827338129496407
1356.0,3.5827338129496407
1357.0,3.5827338129496407
1358.0,3.5827338129496407
1359.0,3.5827338129496407
1360.0,3.539568345323741
1361.0,3.5827338129496407
1362.0,3.5827338129496407
1363.0,3.6258992805755397
1364.0,3.5827338129496407
1365.0,3.5827338129496407
1366.0,3.5827338129496407
1367.0,3.5827338129496407
1368.0,3.5827338129496407
1369.0,3.5827338129496407
1370.0,3.5827338129496407
1371.0,3.5827338129496407
1372.0,3.5827338129496407
1373.0,3.5827338129496407
1374.0,3.5827338129496407
1375.0,3.5827338129496407
1376.0,3.5827338129496407
1377.0,3.5827338129496407
1378.0,3.5827338129496407
1379.0,3.5827338129496407
1380.0,3.5827338129496407
1381.0,3.5827338129496407
1382.0,3.5827338129496407
1383.0,3.5827338129496407
1384.0,3.5827338129496407
1385.0,3.5827338129496407
1386.0,3.5827338129496407
1387.0,3.5827338129496407
1388.0,3.5827338129496407
1389.0,3.5827338129496407
1390.0,3.5827338129496407
1391.0,3.5827338129496407
1392.0,3.5827338129496407
1393.0,3.5827338129496407
1394.0,3.5827338129496407
1395.0,3.5827338129496407
1396.0,3.5827338129496407
1397.0,3.5827338129496407
1398.0,3.5827338129496407
1399.0,3.5827338129496407
1400.0,3.5827338129496407
1401.0,3.5827338129496407
1402.0,3.5827338129496407
1403.0,3.5827338129496407
1404.0,3.5827338129496407
1405.0,3.5827338129496407
1406.0,3.5827338129496407
1407.0,3.5827338129496407
1408.0,3.5827338129496407
1409.0,3.5827338129496407
1410.0,3.5827338129496407
1411.0,3.5827338129496407
1412.0,3.5827338129496407
1413.0,3.5827338129496407
1414.0,3.5827338129496407
1415.0,3.5827338129496407
1416.0,3.5827338129496407
1417.0,3.5827338129496407
1418.0,3.5827338129496407
1419.0,3.5827338129496407
1420.0,3.5827338129496407
1421.0,3.539568345323741
1422.0,3.5827338129496407
1423.0,3.5827338129496407
1424.0,3.5827338129496407
1425.0,3.5827338129496407
1426.0,3.5827338129496407
1427.0,3.5827338129496407
1428.0,3.5827338129496407
1429.0,3.5827338129496407
1430.0,3.5827338129496407
1431.0,3.5827338129496407
1432.0,3.5827338129496407
1433.0,3.5827338129496407
1434.0,3.5827338129496407
1435.0,3.5827338129496407
1436.0,3.5827338129496407
1437.0,3.5827338129496407
1438.0,3.5827338129496407
1439.0,3.5827338129496407
1440.0,3.5827338129496407
1441.0,3.5827338129496407
1442.0,3.5827338129496407
1443.0,3.5827338129496407
1444.0,3.5827338129496407
1445.0,3.5827338129496407
1446.0,3.5827338129496407
1447.0,3.5827338129496407
1448.0,3.539568345323741
1449.0,3.5827338129496407
1450.0,3.5827338129496407
1451.0,3.5827338129496407
1452.0,3.5827338129496407
1453.0,3.5827338129496407
1454.0,3.5827338129496407
1455.0,3.5827338129496407
1456.0,3.5827338129496407
1457.0,3.5827338129496407
1458.0,3.539568345323741
1459.0,3.5827338129496407
1460.0,3.5827338129496407
1461.0,3.5827338129496407
1462.0,3.5827338129496407
1463.0,3.5827338129496407
1464.0,3.5827338129496407
1465.0,3.5827338129496407
1466.0,3.5827338129496407
1467.0,3.5827338129496407
1468.0,3.5827338129496407
1469.0,3.5827338129496407
1470.0,3.5827338129496407
1471.0,3.539568345323741
1472.0,3.5827338129496407
1473.0,3.5827338129496407
1474.0,3.539568345323741
1475.0,3.5827338129496407
1476.0,3.5827338129496407
1477.0,3.5827338129496407
1478.0,3.5827338129496407
1479.0,3.5827338129496407
1480.0,3.5827338129496407
1481.0,3.5827338129496407
1482.0,3.5827338129496407
1483.0,3.5827338129496407
1484.0,3.5827338129496407
1485.0,3.5827338129496407
1486.0,3.5827338129496407
1487.0,3.5827338129496407
1488.0,3.5827338129496407
1489.0,3.5827338129496407
1490.0,3.5827338129496407
1491.0,3.539568345323741
1492.0,3.5827338129496407
1493.0,3.5827338129496407
1494.0,3.5827338129496407
1495.0,3.5827338129496407
1496.0,3.539568345323741
1497.0,3.5827338129496407
1498.0,3.5827338129496407
1499.0,3.5827338129496407
1500.0,3.5827338129496407
1501.0,3.5827338129496407
1502.0,3.539568345323741
1503.0,3.5827338129496407
1504.0,3.5827338129496407
1505.0,3.539568345323741
1506.0,3.5827338129496407
1507.0,3.5827338129496407
1508.0,3.539568345323741
1509.0,3.5827338129496407
1510.0,3.539568345323741
1511.0,3.5827338129496407
1512.0,3.5827338129496407
1513.0,3.5827338129496407
1514.0,3.5827338129496407
1515.0,3.5827338129496407
1516.0,3.5827338129496407
1517.0,3.5827338129496407
1518.0,3.5827338129496407
1519.0,3.5827338129496407
1520.0,3.5827338129496407
1521.0,3.5827338129496407
1522.0,3.5827338129496407
1523.0,3.5827338129496407
1524.0,3.5827338129496407
1525.0,3.5827338129496407
1526.0,3.5827338129496407
1527.0,3.5827338129496407
1528.0,3.5827338129496407
1529.0,3.5827338129496407
1530.0,3.5827338129496407
1531.0,3.539568345323741
1532.0,3.539568345323741
1533.0,3.5827338129496407
1534.0,3.539568345323741
1535.0,3.539568345323741
1536.0,3.5827338129496407
1537.0,3.5827338129496407
1538.0,3.5827338129496407
1539.0,3.5827338129496407
1540.0,3.5827338129496407
1541.0,3.5827338129496407
1542.0,3.5827338129496407
1543.0,3.5827338129496407
1544.0,3.5827338129496407
1545.0,3.539568345323741
1546.0,3.5827338129496407
1547.0,3.5827338129496407
1548.0,3.539568345323741
1549.0,3.539568345323741
1550.0,3.539568345323741
1551.0,3.5827338129496407
1552.0,3.539568345323741
1553.0,3.5827338129496407
1554.0,3.5827338129496407
1555.0,3.5827338129496407
1556.0,3.539568345323741
1557.0,3.5827338129496407
1558.0,3.539568345323741
1559.0,3.5827338129496407
1560.0,3.539568345323741
1561.0,3.5827338129496407
1562.0,3.5827338129496407
1563.0,3.5827338129496407
1564.0,3.539568345323741
1565.0,3.5827338129496407
1566.0,3.5827338129496407
1567.0,3.5827338129496407
1568.0,3.5827338129496407
1569.0,3.5827338129496407
1570.0,3.539568345323741
1571.0,3.5827338129496407
1572.0,3.539568345323741
1573.0,3.539568345323741
1574.0,3.539568345323741
1575.0,3.5827338129496407
1576.0,3.539568345323741
1577.0,3.5827338129496407
1578.0,3.5827338129496407
1579.0,3.5827338129496407
1580.0,3.539568345323741
1581.0,3.5827338129496407
1582.0,3.5827338129496407
1583.0,3.539568345323741
1584.0,3.5827338129496407
1585.0,3.5827338129496407
1586.0,3.539568345323741
1587.0,3.5827338129496407
1588.0,3.539568345323741
1589.0,3.539568345323741
1590.0,3.5827338129496407
1591.0,3.5827338129496407
1592.0,3.539568345323741
1593.0,3.5827338129496407
1594.0,3.539568345323741
1595.0,3.5827338129496407
1596.0,3.539568345323741
1597.0,3.5827338129496407
1598.0,3.539568345323741
1599.0,3.5827338129496407
1600.0,3.539568345323741
1601.0,3.5827338129496407
1602.0,3.5827338129496407
1603.0,3.5827338129496407
1604.0,3.5827338129496407
1605.0,3.5827338129496407
1606.0,3.539568345323741
1607.0,3.5827338129496407
1608.0,3.539568345323741
1609.0,3.5827338129496407
1610.0,3.539568345323741
1611.0,3.539568345323741
1612.0,3.539568345323741
1613.0,3.539568345323741
1614.0,3.539568345323741
1615.0,3.5827338129496407
1616.0,3.5827338129496407
1617.0,3.5827338129496407
1618.0,3.5827338129496407
1619.0,3.5827338129496407
1620.0,3.539568345323741
1621.0,3.539568345323741
1622.0,3.5827338129496407
1623.0,3.5827338129496407
1624.0,3.539568345323741
1625.0,3.5827338129496407
1626.0,3.539568345323741
1627.0,3.539568345323741
1628.0,3.539568345323741
1629.0,3.5827338129496407
1630.0,3.539568345323741
1631.0,3.5827338129496407
1632.0,3.539568345323741
1633.0,3.539568345323741
1634.0,3.5827338129496407
1635.0,3.5827338129496407
1636.0,3.539568345323741
1637.0,3.539568345323741
1638.0,3.539568345323741
1639.0,3.539568345323741
1640.0,3.539568345323741
1641.0,3.5827338129496407
1642.0,3.539568345323741
1643.0,3.539568345323741
1644.0,3.539568345323741
1645.0,3.539568345323741
1646.0,3.539568345323741
1647.0,3.5827338129496407
1648.0,3.539568345323741
1649.0,3.539568345323741
1650.0,3.539568345323741
1651.0,3.5827338129496407
1652.0,3.539568345323741
1653.0,3.5827338129496407
1654.0,3.5827338129496407
1655.0,3.5827338129496407
1656.0,3.539568345323741
1657.0,3.539568345323741
1658.0,3.539568345323741
1659.0,3.539568345323741
1660.0,3.5827338129496407
1661.0,3.539568345323741
1662.0,3.539568345323741
1663.0,3.539568345323741
1664.0,3.539568345323741
1665.0,3.5827338129496407
1666.0,3.5827338129496407
1667.0,3.5827338129496407
1668.0,3.539568345323741
1669.0,3.5827338129496407
1670.0,3.539568345323741
1671.0,3.539568345323741
1672.0,3.539568345323741
1673.0,3.539568345323741
1674.0,3.539568345323741
1675.0,3.539568345323741
1676.0,3.539568345323741
1677.0,3.539568345323741
1678.0,3.539568345323741
1679.0,3.539568345323741
1680.0,3.539568345323741
1681.0,3.539568345323741
1682.0,3.539568345323741
1683.0,3.539568345323741
1684.0,3.5827338129496407
1685.0,3.539568345323741
1686.0,3.539568345323741
1687.0,3.5827338129496407
1688.0,3.539568345323741
1689.0,3.539568345323741
1690.0,3.539568345323741
1691.0,3.539568345323741
1692.0,3.539568345323741
1693.0,3.539568345323741
1694.0,3.539568345323741
1695.0,3.539568345323741
1696.0,3.539568345323741
1697.0,3.539568345323741
1698.0,3.539568345323741
1699.0,3.5827338129496407
1700.0,3.5827338129496407
1701.0,3.5827338129496407
1702.0,3.539568345323741
1703.0,3.5827338129496407
1704.0,3.5827338129496407
1705.0,3.539568345323741
1706.0,3.539568345323741
1707.0,3.5827338129496407
1708.0,3.539568345323741
1709.0,3.539568345323741
1710.0,3.539568345323741
1711.0,3.539568345323741
1712.0,3.539568345323741
1713.0,3.539568345323741
1714.0,3.539568345323741
1715.0,3.5827338129496407
1716.0,3.5827338129496407
1717.0,3.539568345323741
1718.0,3.539568345323741
1719.0,3.539568345323741
1720.0,3.539568345323741
1721.0,3.539568345323741
1722.0,3.539568345323741
1723.0,3.5827338129496407
1724.0,3.539568345323741
1725.0,3.539568345323741
1726.0,3.539568345323741
1727.0,3.539568345323741
1728.0,3.539568345323741
1729.0,3.539568345323741
1730.0,3.539568345323741
1731.0,3.5827338129496407
1732.0,3.539568345323741
1733.0,3.539568345323741
1734.0,3.539568345323741
1735.0,3.5827338129496407
1736.0,3.539568345323741
1737.0,3.539568345323741
1738.0,3.539568345323741
1739.0,3.539568345323741
1740.0,3.539568345323741
1741.0,3.5827338129496407
1742.0,3.5827338129496407
1743.0,3.539568345323741
1744.0,3.539568345323741
1745.0,3.539568345323741
1746.0,3.539568345323741
1747.0,3.539568345323741
1748.0,3.539568345323741
1749.0,3.5827338129496407
1750.0,3.5827338129496407
1751.0,3.5827338129496407
1752.0,3.539568345323741
1753.0,3.539568345323741
1754.0,3.539568345323741
1755.0,3.539568345323741
1756.0,3.539568345323741
1757.0,3.539568345323741
1758.0,3.539568345323741
1759.0,3.539568345323741
1760.0,3.539568345323741
1761.0,3.539568345323741
1762.0,3.539568345323741
1763.0,3.539568345323741
1764.0,3.5827338129496407
1765.0,3.539568345323741
1766.0,3.539568345323741
1767.0,3.539568345323741
1768.0,3.539568345323741
1769.0,3.539568345323741
1770.0,3.539568345323741
1771.0,3.539568345323741
1772.0,3.539568345323741
1773.0,3.539568345323741
1774.0,3.539568345323741
1775.0,3.539568345323741
1776.0,3.539568345323741
1777.0,3.539568345323741
1778.0,3.539568345323741
1779.0,3.539568345323741
1780.0,3.539568345323741
1781.0,3.539568345323741
1782.0,3.539568345323741
1783.0,3.539568345323741
1784.0,3.539568345323741
1785.0,3.5827338129496407
1786.0,3.539568345323741
1787.0,3.539568345323741
1788.0,3.539568345323741
1789.0,3.539568345323741
1790.0,3.539568345323741
1791.0,3.5827338129496407
1792.0,3.539568345323741
1793.0,3.539568345323741
1794.0,3.539568345323741
1795.0,3.539568345323741
1796.0,3.539568345323741
1797.0,3.539568345323741
1798.0,3.539568345323741
1799.0,3.539568345323741
1800.0,3.539568345323741
1801.0,3.539568345323741
1802.0,3.539568345323741
1803.0,3.539568345323741
1804.0,3.539568345323741
1805.0,3.539568345323741
1806.0,3.539568345323741
1807.0,3.539568345323741
1808.0,3.539568345323741
1809.0,3.5827338129496407
1810.0,3.539568345323741
1811.0,3.539568345323741
1812.0,3.539568345323741
1813.0,3.539568345323741
1814.0,3.539568345323741
1815.0,3.539568345323741
1816.0,3.5827338129496407
1817.0,3.539568345323741
1818.0,3.539568345323741
1819.0,3.539568345323741
1820.0,3.539568345323741
1821.0,3.539568345323741
1822.0,3.539568345323741
1823.0,3.539568345323741
1824.0,3.539568345323741
1825.0,3.539568345323741
1826.0,3.539568345323741
1827.0,3.539568345323741
1828.0,3.539568345323741
1829.0,3.539568345323741
1830.0,3.539568345323741
1831.0,3.539568345323741
1832.0,3.539568345323741
1833.0,3.539568345323741
1834.0,3.539568345323741
1835.0,3.539568345323741
1836.0,3.539568345323741
1837.0,3.539568345323741
1838.0,3.539568345323741
1839.0,3.5827338129496407
1840.0,3.539568345323741
1841.0,3.539568345323741
1842.0,3.539568345323741
1843.0,3.539568345323741
1844.0,3.539568345323741
1845.0,3.539568345323741
1846.0,3.539568345323741
1847.0,3.539568345323741
1848.0,3.539568345323741
1849.0,3.539568345323741
1850.0,3.539568345323741
1851.0,3.539568345323741
1852.0,3.539568345323741
1853.0,3.539568345323741
1854.0,3.539568345323741
1855.0,3.539568345323741
1856.0,3.539568345323741
1857.0,3.539568345323741
1858.0,3.539568345323741
1859.0,3.539568345323741
1860.0,3.539568345323741
1861.0,3.539568345323741
1862.0,3.539568345323741
1863.0,3.539568345323741
1864.0,3.539568345323741
1865.0,3.539568345323741
1866.0,3.539568345323741
1867.0,3.5827338129496407
1868.0,3.539568345323741
1869.0,3.539568345323741
1870.0,3.539568345323741
1871.0,3.539568345323741
1872.0,3.539568345323741
1873.0,3.539568345323741
1874.0,3.539568345323741
1875.0,3.5827338129496407
1876.0,3.539568345323741
1877.0,3.5827338129496407
1878.0,3.539568345323741
1879.0,3.539568345323741
1880.0,3.539568345323741
1881.0,3.539568345323741
1882.0,3.539568345323741
1883.0,3.539568345323741
1884.0,3.539568345323741
1885.0,3.539568345323741
1886.0,3.539568345323741
1887.0,3.539568345323741
1888.0,3.539568345323741
1889.0,3.539568345323741
1890.0,3.539568345323741
1891.0,3.539568345323741
1892.0,3.539568345323741
1893.0,3.5827338129496407
1894.0,3.539568345323741
1895.0,3.539568345323741
1896.0,3.539568345323741
1897.0,3.539568345323741
1898.0,3.539568345323741
1899.0,3.539568345323741
1900.0,3.539568345323741
1901.0,3.539568345323741
1902.0,3.539568345323741
1903.0,3.539568345323741
1904.0,3.539568345323741
1905.0,3.539568345323741
1906.0,3.539568345323741
1907.0,3.539568345323741
1908.0,3.539568345323741
1909.0,3.539568345323741
1910.0,3.539568345323741
1911.0,3.539568345323741
1912.0,3.539568345323741
1913.0,3.539568345323741
1914.0,3.539568345323741
1915.0,3.539568345323741
1916.0,3.539568345323741
1917.0,3.539568345323741
1918.0,3.539568345323741
1919.0,3.539568345323741
1920.0,3.539568345323741
1921.0,3.539568345323741
1922.0,3.539568345323741
1923.0,3.539568345323741
1924.0,3.539568345323741
1925.0,3.539568345323741
1926.0,3.539568345323741
1927.0,3.539568345323741
1928.0,3.539568345323741
1929.0,3.539568345323741
1930.0,3.539568345323741
1931.0,3.539568345323741
1932.0,3.539568345323741
1933.0,3.539568345323741
1934.0,3.539568345323741
1935.0,3.539568345323741
1936.0,3.539568345323741
1937.0,3.539568345323741
1938.0,3.539568345323741
1939.0,3.539568345323741
1940.0,3.539568345323741
1941.0,3.539568345323741
1942.0,3.539568345323741
1943.0,3.539568345323741
1944.0,3.539568345323741
1945.0,3.539568345323741
1946.0,3.539568345323741
1947.0,3.539568345323741
1948.0,3.539568345323741
1949.0,3.539568345323741
1950.0,3.539568345323741
1951.0,3.539568345323741
1952.0,3.539568345323741
1953.0,3.539568345323741
1954.0,3.539568345323741
1955.0,3.539568345323741
1956.0,3.539568345323741
1957.0,3.539568345323741
1958.0,3.539568345323741
1959.0,3.539568345323741
1960.0,3.539568345323741
1961.0,3.539568345323741
1962.0,3.539568345323741
1963.0,3.539568345323741
1964.0,3.539568345323741
1965.0,3.539568345323741
1966.0,3.539568345323741
1967.0,3.539568345323741
1968.0,3.539568345323741
1969.0,3.539568345323741
1970.0,3.539568345323741
1971.0,3.539568345323741
1972.0,3.539568345323741
1973.0,3.539568345323741
1974.0,3.539568345323741
1975.0,3.539568345323741
1976.0,3.539568345323741
1977.0,3.539568345323741
1978.0,3.539568345323741
1979.0,3.539568345323741
1980.0,3.539568345323741
1981.0,3.539568345323741
1982.0,3.539568345323741
1983.0,3.539568345323741
1984.0,3.539568345323741
1985.0,3.539568345323741
1986.0,3.539568345323741
1987.0,3.539568345323741
1988.0,3.539568345323741
1989.0,3.539568345323741
1990.0,3.539568345323741
1991.0,3.539568345323741
1992.0,3.539568345323741
1993.0,3.539568345323741
1994.0,3.539568345323741
1995.0,3.539568345323741
1996.0,3.539568345323741
1997.0,3.539568345323741
1998.0,3.539568345323741
1999.0,3.539568345323741
2000.0,3.539568345323741
2001.0,3.539568345323741
2002.0,3.539568345323741
2003.0,3.539568345323741
2004.0,3.539568345323741
2005.0,3.539568345323741
2006.0,3.539568345323741
2007.0,3.539568345323741
2008.0,3.539568345323741
2009.0,3.539568345323741
2010.0,3.539568345323741
2011.0,3.539568345323741
2012.0,3.539568345323741
2013.0,3.539568345323741
2014.0,3.539568345323741
2015.0,3.539568345323741
2016.0,3.539568345323741
2017.0,3.539568345323741
2018.0,3.539568345323741
2019.0,3.539568345323741
2020.0,3.539568345323741
2021.0,3.539568345323741
2022.0,3.539568345323741
2023.0,3.539568345323741
2024.0,3.539568345323741
2025.0,3.539568345323741
2026.0,3.539568345323741
2027.0,3.539568345323741
2028.0,3.539568345323741
2029.0,3.539568345323741
2030.0,3.539568345323741
2031.0,3.539568345323741
2032.0,3.539568345323741
2033.0,3.539568345323741
2034.0,3.539568345323741
2035.0,3.539568345323741
2036.0,3.539568345323741
2037.0,3.539568345323741
2038.0,3.539568345323741
2039.0,3.539568345323741
2040.0,3.539568345323741
2041.0,3.539568345323741
2042.0,3.539568345323741
2043.0,3.539568345323741
2044.0,3.539568345323741
2045.0,3.539568345323741
2046.0,3.539568345323741
2047.0,3.539568345323741
2048.0,3.539568345323741
2049.0,3.539568345323741
2050.0,3.539568345323741
2051.0,3.539568345323741
2052.0,3.539568345323741
2053.0,3.539568345323741
2054.0,3.539568345323741
2055.0,3.539568345323741
2056.0,3.539568345323741
2057.0,3.539568345323741
2058.0,3.539568345323741
2059.0,3.539568345323741
2060.0,3.539568345323741
2061.0,3.539568345323741
2062.0,3.539568345323741
2063.0,3.539568345323741
2064.0,3.539568345323741
2065.0,3.539568345323741
2066.0,3.539568345323741
2067.0,3.539568345323741
2068.0,3.539568345323741
2069.0,3.539568345323741
2070.0,3.539568345323741
2071.0,3.539568345323741
2072.0,3.539568345323741
2073.0,3.539568345323741
2074.0,3.539568345323741
2075.0,3.539568345323741
2076.0,3.539568345323741
2077.0,3.539568345323741
2078.0,3.539568345323741
2079.0,3.539568345323741
2080.0,3.539568345323741
2081.0,3.539568345323741
2082.0,3.539568345323741
2083.0,3.539568345323741
2084.0,3.539568345323741
2085.0,3.539568345323741
2086.0,3.539568345323741
2087.0,3.539568345323741
2088.0,3.539568345323741
2089.0,3.539568345323741
2090.0,3.539568345323741
2091.0,3.539568345323741
2092.0,3.539568345323741
2093.0,3.539568345323741
2094.0,3.539568345323741
2095.0,3.539568345323741
2096.0,3.539568345323741
2097.0,3.539568345323741
2098.0,3.539568345323741
2099.0,3.539568345323741
2100.0,3.539568345323741
2101.0,3.539568345323741
2102.0,3.539568345323741
2103.0,3.539568345323741
2104.0,3.539568345323741
2105.0,3.539568345323741
2106.0,3.539568345323741
2107.0,3.539568345323741
2108.0,3.539568345323741
2109.0,3.539568345323741
2110.0,3.539568345323741
2111.0,3.539568345323741
2112.0,3.539568345323741
2113.0,3.539568345323741
2114.0,3.539568345323741
2115.0,3.539568345323741
2116.0,3.539568345323741
2117.0,3.539568345323741
2118.0,3.539568345323741
2119.0,3.539568345323741
2120.0,3.539568345323741
2121.0,3.539568345323741
2122.0,3.539568345323741
2123.0,3.539568345323741
2124.0,3.539568345323741
2125.0,3.539568345323741
2126.0,3.4964028776978417
2127.0,3.539568345323741
2128.0,3.539568345323741
2129.0,3.539568345323741
2130.0,3.539568345323741
2131.0,3.539568345323741
2132.0,3.539568345323741
2133.0,3.539568345323741
2134.0,3.539568345323741
2135.0,3.539568345323741
2136.0,3.539568345323741
2137.0,3.539568345323741
2138.0,3.539568345323741
2139.0,3.539568345323741
2140.0,3.539568345323741
2141.0,3.539568345323741
2142.0,3.539568345323741
2143.0,3.539568345323741
2144.0,3.539568345323741
2145.0,3.539568345323741
2146.0,3.539568345323741
2147.0,3.539568345323741
2148.0,3.539568345323741
2149.0,3.539568345323741
2150.0,3.539568345323741
2151.0,3.539568345323741
2152.0,3.539568345323741
2153.0,3.539568345323741
2154.0,3.539568345323741
2155.0,3.539568345323741
2156.0,3.539568345323741
2157.0,3.539568345323741
2158.0,3.539568345323741
2159.0,3.539568345323741
2160.0,3.539568345323741
2161.0,3.539568345323741
2162.0,3.539568345323741
2163.0,3.539568345323741
2164.0,3.539568345323741
2165.0,3.539568345323741
2166.0,3.539568345323741
2167.0,3.539568345323741
2168.0,3.539568345323741
2169.0,3.539568345323741
2170.0,3.539568345323741
2171.0,3.539568345323741
2172.0,3.539568345323741
2173.0,3.539568345323741
2174.0,3.539568345323741
2175.0,3.539568345323741
2176.0,3.539568345323741
2177.0,3.539568345323741
2178.0,3.539568345323741
2179.0,3.539568345323741
2180.0,3.539568345323741
2181.0,3.539568345323741
2182.0,3.539568345323741
2183.0,3.539568345323741
2184.0,3.539568345323741
2185.0,3.539568345323741
2186.0,3.539568345323741
2187.0,3.539568345323741
2188.0,3.539568345323741
2189.0,3.539568345323741
2190.0,3.539568345323741
2191.0,3.539568345323741
2192.0,3.539568345323741
2193.0,3.539568345323741
2194.0,3.539568345323741
2195.0,3.539568345323741
2196.0,3.539568345323741
2197.0,3.539568345323741
2198.0,3.539568345323741
2199.0,3.539568345323741
2200.0,3.539568345323741
2201.0,3.539568345323741
2202.0,3.539568345323741
2203.0,3.539568345323741
2204.0,3.539568345323741
2205.0,3.539568345323741
2206.0,3.539568345323741
2207.0,3.539568345323741
2208.0,3.539568345323741
2209.0,3.539568345323741
2210.0,3.539568345323741
2211.0,3.539568345323741
2212.0,3.539568345323741
2213.0,3.539568345323741
2214.0,3.539568345323741
2215.0,3.4964028776978417
2216.0,3.539568345323741
2217.0,3.539568345323741
2218.0,3.539568345323741
2219.0,3.539568345323741
2220.0,3.539568345323741
2221.0,3.539568345323741
2222.0,3.539568345323741
2223.0,3.539568345323741
2224.0,3.539568345323741
2225.0,3.539568345323741
2226.0,3.539568345323741
2227.0,3.539568345323741
2228.0,3.539568345323741
2229.0,3.539568345323741
2230.0,3.539568345323741
2231.0,3.539568345323741
2232.0,3.539568345323741
2233.0,3.539568345323741
2234.0,3.539568345323741
2235.0,3.539568345323741
2236.0,3.539568345323741
2237.0,3.539568345323741
2238.0,3.4964028776978417
2239.0,3.539568345323741
2240.0,3.539568345323741
2241.0,3.539568345323741
2242.0,3.539568345323741
2243.0,3.539568345323741
2244.0,3.539568345323741
2245.0,3.539568345323741
2246.0,3.539568345323741
2247.0,3.539568345323741
2248.0,3.539568345323741
2249.0,3.539568345323741
2250.0,3.539568345323741
2251.0,3.539568345323741
2252.0,3.539568345323741
2253.0,3.539568345323741
2254.0,3.539568345323741
2255.0,3.539568345323741
2256.0,3.539568345323741
2257.0,3.539568345323741
2258.0,3.539568345323741
2259.0,3.539568345323741
2260.0,3.539568345323741
2261.0,3.539568345323741
2262.0,3.4964028776978417
2263.0,3.4964028776978417
2264.0,3.539568345323741
2265.0,3.539568345323741
2266.0,3.539568345323741
2267.0,3.539568345323741
2268.0,3.539568345323741
2269.0,3.539568345323741
2270.0,3.539568345323741
2271.0,3.539568345323741
2272.0,3.539568345323741
2273.0,3.539568345323741
2274.0,3.539568345323741
2275.0,3.539568345323741
2276.0,3.539568345323741
2277.0,3.539568345323741
2278.0,3.539568345323741
2279.0,3.539568345323741
2280.0,3.539568345323741
2281.0,3.539568345323741
2282.0,3.539568345323741
2283.0,3.539568345323741
2284.0,3.539568345323741
2285.0,3.539568345323741
2286.0,3.539568345323741
2287.0,3.539568345323741
2288.0,3.4964028776978417
2289.0,3.4964028776978417
2290.0,3.539568345323741
2291.0,3.4964028776978417
2292.0,3.539568345323741
2293.0,3.4964028776978417
2294.0,3.539568345323741
2295.0,3.539568345323741
2296.0,3.539568345323741
2297.0,3.539568345323741
2298.0,3.539568345323741
2299.0,3.539568345323741
2300.0,3.4964028776978417
2301.0,3.4964028776978417
2302.0,3.539568345323741
2303.0,3.539568345323741
2304.0,3.539568345323741
2305.0,3.539568345323741
2306.0,3.539568345323741
2307.0,3.539568345323741
2308.0,3.539568345323741
2309.0,3.539568345323741
2310.0,3.539568345323741
2311.0,3.4964028776978417
2312.0,3.4964028776978417
2313.0,3.539568345323741
2314.0,3.4964028776978417
2315.0,3.539568345323741
2316.0,3.4964028776978417
2317.0,3.539568345323741
2318.0,3.4964028776978417
2319.0,3.4964028776978417
2320.0,3.539568345323741
2321.0,3.539568345323741
2322.0,3.539568345323741
2323.0,3.539568345323741
2324.0,3.539568345323741
2325.0,3.539568345323741
2326.0,3.539568345323741
2327.0,3.539568345323741
2328.0,3.539568345323741
2329.0,3.539568345323741
2330.0,3.539568345323741
2331.0,3.539568345323741
2332.0,3.539568345323741
2333.0,3.539568345323741
2334.0,3.539568345323741
2335.0,3.539568345323741
2336.0,3.539568345323741
2337.0,3.539568345323741
2338.0,3.539568345323741
2339.0,3.539568345323741
2340.0,3.539568345323741
2341.0,3.4964028776978417
2342.0,3.539568345323741
2343.0,3.539568345323741
2344.0,3.539568345323741
2345.0,3.539568345323741
2346.0,3.539568345323741
2347.0,3.539568345323741
2348.0,3.4964028776978417
2349.0,3.539568345323741
2350.0,3.539568345323741
2351.0,3.539568345323741
2352.0,3.4964028776978417
2353.0,3.4964028776978417
2354.0,3.539568345323741
2355.0,3.539568345323741
2356.0,3.4964028776978417
2357.0,3.539568345323741
2358.0,3.539568345323741
2359.0,3.539568345323741
2360.0,3.4964028776978417
2361.0,3.539568345323741
2362.0,3.4964028776978417
2363.0,3.539568345323741
2364.0,3.4964028776978417
2365.0,3.539568345323741
2366.0,3.4964028776978417
2367.0,3.539568345323741
2368.0,3.539568345323741
2369.0,3.539568345323741
2370.0,3.539568345323741
2371.0,3.539568345323741
2372.0,3.539568345323741
2373.0,3.539568345323741
2374.0,3.539568345323741
2375.0,3.4964028776978417
2376.0,3.539568345323741
2377.0,3.539568345323741
2378.0,3.539568345323741
2379.0,3.539568345323741
2380.0,3.539568345323741
2381.0,3.539568345323741
2382.0,3.539568345323741
2383.0,3.539568345323741
2384.0,3.539568345323741
2385.0,3.539568345323741
2386.0,3.539568345323741
2387.0,3.4964028776978417
2388.0,3.4964028776978417
2389.0,3.539568345323741
2390.0,3.4964028776978417
2391.0,3.4964028776978417
2392.0,3.4964028776978417
2393.0,3.4964028776978417
2394.0,3.4964028776978417
2395.0,3.539568345323741
2396.0,3.539568345323741
2397.0,3.4964028776978417
2398.0,3.539568345323741
2399.0,3.539568345323741
2400.0,3.4964028776978417
2401.0,3.539568345323741
2402.0,3.539568345323741
2403.0,3.539568345323741
2404.0,3.539568345323741
2405.0,3.4964028776978417
2406.0,3.539568345323741
2407.0,3.539568345323741
2408.0,3.539568345323741
2409.0,3.539568345323741
2410.0,3.539568345323741
2411.0,3.539568345323741
2412.0,3.539568345323741
2413.0,3.539568345323741
2414.0,3.539568345323741
2415.0,3.539568345323741
2416.0,3.539568345323741
2417.0,3.4964028776978417
2418.0,3.539568345323741
2419.0,3.4964028776978417
2420.0,3.539568345323741
2421.0,3.539568345323741
2422.0,3.539568345323741
2423.0,3.539568345323741
2424.0,3.539568345323741
2425.0,3.539568345323741
2426.0,3.4964028776978417
2427.0,3.539568345323741
2428.0,3.4964028776978417
2429.0,3.4964028776978417
2430.0,3.4964028776978417
2431.0,3.4964028776978417
2432.0,3.4964028776978417
2433.0,3.539568345323741
2434.0,3.539568345323741
2435.0,3.4964028776978417
2436.0,3.4964028776978417
2437.0,3.539568345323741
2438.0,3.4964028776978417
2439.0,3.539568345323741
2440.0,3.539568345323741
2441.0,3.4964028776978417
2442.0,3.539568345323741
2443.0,3.539568345323741
2444.0,3.4964028776978417
2445.0,3.4964028776978417
2446.0,3.539568345323741
2447.0,3.539568345323741
2448.0,3.539568345323741
2449.0,3.4964028776978417
2450.0,3.539568345323741
2451.0,3.4964028776978417
2452.0,3.539568345323741
2453.0,3.4964028776978417
2454.0,3.539568345323741
2455.0,3.539568345323741
2456.0,3.539568345323741
2457.0,3.539568345323741
2458.0,3.539568345323741
2459.0,3.539568345323741
2460.0,3.539568345323741
2461.0,3.539568345323741
2462.0,3.4964028776978417
2463.0,3.539568345323741
2464.0,3.539568345323741
2465.0,3.4964028776978417
2466.0,3.539568345323741
2467.0,3.539568345323741
2468.0,3.539568345323741
2469.0,3.4964028776978417
2470.0,3.539568345323741
2471.0,3.539568345323741
2472.0,3.4964028776978417
2473.0,3.4964028776978417
2474.0,3.4964028776978417
2475.0,3.4964028776978417
2476.0,3.539568345323741
2477.0,3.539568345323741
2478.0,3.4964028776978417
2479.0,3.4964028776978417
2480.0,3.4964028776978417
2481.0,3.4964028776978417
2482.0,3.539568345323741
2483.0,3.4964028776978417
2484.0,3.4964028776978417
2485.0,3.539568345323741
2486.0,3.4964028776978417
2487.0,3.4964028776978417
2488.0,3.4964028776978417
2489.0,3.4964028776978417
2490.0,3.4964028776978417
2491.0,3.539568345323741
2492.0,3.4964028776978417
2493.0,3.539568345323741
2494.0,3.4964028776978417
2495.0,3.4964028776978417
2496.0,3.539568345323741
2497.0,3.539568345323741
2498.0,3.539568345323741
2499.0,3.539568345323741
2500.0,3.4964028776978417
2501.0,3.539568345323741
2502.0,3.539568345323741
2503.0,3.539568345323741
2504.0,3.539568345323741
2505.0,3.539568345323741
2506.0,3.4964028776978417
2507.0,3.4964028776978417
2508.0,3.539568345323741
2509.0,3.539568345323741
2510.0,3.4964028776978417
2511.0,3.539568345323741
2512.0,3.539568345323741
2513.0,3.4964028776978417
2514.0,3.539568345323741
2515.0,3.4964028776978417
2516.0,3.539568345323741
2517.0,3.539568345323741
2518.0,3.539568345323741
2519.0,3.4964028776978417
2520.0,3.539568345323741
2521.0,3.539568345323741
2522.0,3.4964028776978417
2523.0,3.539568345323741
2524.0,3.4964028776978417
2525.0,3.4964028776978417
2526.0,3.4964028776978417
2527.0,3.4964028776978417
2528.0,3.4964028776978417
2529.0,3.539568345323741
2530.0,3.4964028776978417
2531.0,3.4964028776978417
2532.0,3.4964028776978417
2533.0,3.4964028776978417
2534.0,3.4964028776978417
2535.0,3.4964028776978417
2536.0,3.4964028776978417
2537.0,3.4964028776978417
2538.0,3.4964028776978417
2539.0,3.4964028776978417
2540.0,3.4964028776978417
2541.0,3.4964028776978417
2542.0,3.4964028776978417
2543.0,3.4964028776978417
2544.0,3.4964028776978417
2545.0,3.539568345323741
2546.0,3.539568345323741
2547.0,3.539568345323741
2548.0,3.539568345323741
2549.0,3.4964028776978417
2550.0,3.4964028776978417
2551.0,3.539568345323741
2552.0,3.539568345323741
2553.0,3.4964028776978417
2554.0,3.4964028776978417
2555.0,3.4964028776978417
2556.0,3.539568345323741
2557.0,3.4964028776978417
2558.0,3.539568345323741
2559.0,3.539568345323741
2560.0,3.4964028776978417
2561.0,3.4964028776978417
2562.0,3.4964028776978417
2563.0,3.4964028776978417
2564.0,3.4964028776978417
2565.0,3.4964028776978417
2566.0,3.4964028776978417
2567.0,3.4964028776978417
2568.0,3.4964028776978417
2569.0,3.4964028776978417
2570.0,3.4964028776978417
2571.0,3.539568345323741
2572.0,3.4964028776978417
2573.0,3.539568345323741
2574.0,3.539568345323741
2575.0,3.539568345323741
2576.0,3.539568345323741
2577.0,3.4964028776978417
2578.0,3.4964028776978417
2579.0,3.4964028776978417
2580.0,3.4964028776978417
2581.0,3.4964028776978417
2582.0,3.4964028776978417
2583.0,3.4964028776978417
2584.0,3.4964028776978417
2585.0,3.4964028776978417
2586.0,3.4964028776978417
2587.0,3.4964028776978417
2588.0,3.4964028776978417
2589.0,3.4964028776978417
2590.0,3.4964028776978417
2591.0,3.4964028776978417
2592.0,3.539568345323741
2593.0,3.4964028776978417
2594.0,3.4964028776978417
2595.0,3.539568345323741
2596.0,3.4964028776978417
2597.0,3.539568345323741
2598.0,3.4964028776978417
2599.0,3.4964028776978417
2600.0,3.4964028776978417
2601.0,3.4964028776978417
2602.0,3.539568345323741
2603.0,3.539568345323741
2604.0,3.4964028776978417
2605.0,3.4964028776978417
2606.0,3.4964028776978417
2607.0,3.4964028776978417
2608.0,3.4964028776978417
2609.0,3.4964028776978417
2610.0,3.4964028776978417
2611.0,3.4964028776978417
2612.0,3.4964028776978417
2613.0,3.539568345323741
2614.0,3.4964028776978417
2615.0,3.4964028776978417
2616.0,3.4964028776978417
2617.0,3.4964028776978417
2618.0,3.4964028776978417
2619.0,3.4964028776978417
2620.0,3.4964028776978417
2621.0,3.4964028776978417
2622.0,3.4964028776978417
2623.0,3.4964028776978417
2624.0,3.4964028776978417
2625.0,3.4964028776978417
2626.0,3.4964028776978417
2627.0,3.4964028776978417
2628.0,3.4964028776978417
2629.0,3.4964028776978417
2630.0,3.4964028776978417
2631.0,3.4964028776978417
2632.0,3.539568345323741
2633.0,3.539568345323741
2634.0,3.4964028776978417
2635.0,3.4964028776978417
2636.0,3.539568345323741
2637.0,3.4964028776978417
2638.0,3.539568345323741
2639.0,3.4964028776978417
2640.0,3.539568345323741
2641.0,3.4964028776978417
2642.0,3.4964028776978417
2643.0,3.4964028776978417
2644.0,3.4964028776978417
2645.0,3.4964028776978417
2646.0,3.4964028776978417
2647.0,3.539568345323741
2648.0,3.539568345323741
2649.0,3.4964028776978417
2650.0,3.539568345323741
2651.0,3.4964028776978417
2652.0,3.4964028776978417
2653.0,3.4964028776978417
2654.0,3.4964028776978417
2655.0,3.4964028776978417
2656.0,3.4964028776978417
2657.0,3.4964028776978417
2658.0,3.539568345323741
2659.0,3.4964028776978417
2660.0,3.4964028776978417
2661.0,3.4964028776978417
2662.0,3.4964028776978417
2663.0,3.4964028776978417
2664.0,3.4964028776978417
2665.0,3.4964028776978417
2666.0,3.4964028776978417
2667.0,3.4964028776978417
2668.0,3.4964028776978417
2669.0,3.4964028776978417
2670.0,3.4964028776978417
2671.0,3.539568345323741
2672.0,3.539568345323741
2673.0,3.4964028776978417
2674.0,3.539568345323741
2675.0,3.539568345323741
2676.0,3.4964028776978417
2677.0,3.4964028776978417
2678.0,3.4964028776978417
2679.0,3.4964028776978417
2680.0,3.4964028776978417
2681.0,3.4964028776978417
2682.0,3.4964028776978417
2683.0,3.4964028776978417
2684.0,3.4964028776978417
2685.0,3.4964028776978417
2686.0,3.539568345323741
2687.0,3.4964028776978417
2688.0,3.539568345323741
2689.0,3.4964028776978417
2690.0,3.4964028776978417
2691.0,3.4964028776978417
2692.0,3.4964028776978417
2693.0,3.4964028776978417
2694.0,3.4964028776978417
2695.0,3.4964028776978417
2696.0,3.539568345323741
2697.0,3.4964028776978417
2698.0,3.4964028776978417
2699.0,3.539568345323741
2700.0,3.4964028776978417
2701.0,3.539568345323741
2702.0,3.4964028776978417
2703.0,3.4964028776978417
2704.0,3.4964028776978417
2705.0,3.4964028776978417
2706.0,3.4964028776978417
2707.0,3.4964028776978417
2708.0,3.4964028776978417
2709.0,3.4964028776978417
2710.0,3.4964028776978417
2711.0,3.4964028776978417
2712.0,3.4964028776978417
2713.0,3.4964028776978417
2714.0,3.4964028776978417
2715.0,3.4964028776978417
2716.0,3.4964028776978417
2717.0,3.4964028776978417
2718.0,3.4964028776978417
2719.0,3.4964028776978417
2720.0,3.4964028776978417
2721.0,3.4964028776978417
2722.0,3.4964028776978417
2723.0,3.4964028776978417
2724.0,3.539568345323741
2725.0,3.4964028776978417
2726.0,3.4964028776978417
2727.0,3.4964028776978417
2728.0,3.4964028776978417
2729.0,3.4964028776978417
2730.0,3.4964028776978417
2731.0,3.4964028776978417
2732.0,3.4964028776978417
2733.0,3.4964028776978417
2734.0,3.539568345323741
2735.0,3.4964028776978417
2736.0,3.4964028776978417
2737.0,3.4964028776978417
2738.0,3.4964028776978417
2739.0,3.4964028776978417
2740.0,3.4964028776978417
2741.0,3.4964028776978417
2742.0,3.4964028776978417
2743.0,3.539568345323741
2744.0,3.4964028776978417
2745.0,3.4964028776978417
2746.0,3.4964028776978417
2747.0,3.4964028776978417
2748.0,3.4964028776978417
2749.0,3.4964028776978417
2750.0,3.4964028776978417
2751.0,3.4964028776978417
2752.0,3.4964028776978417
2753.0,3.4964028776978417
2754.0,3.4964028776978417
2755.0,3.4964028776978417
2756.0,3.4964028776978417
2757.0,3.4964028776978417
2758.0,3.4964028776978417
2759.0,3.4964028776978417
2760.0,3.4964028776978417
2761.0,3.4964028776978417
2762.0,3.4964028776978417
2763.0,3.4964028776978417
2764.0,3.4964028776978417
2765.0,3.4964028776978417
2766.0,3.4964028776978417
2767.0,3.4964028776978417
2768.0,3.4964028776978417
2769.0,3.4964028776978417
2770.0,3.4964028776978417
2771.0,3.4964028776978417
2772.0,3.4964028776978417
2773.0,3.4964028776978417
2774.0,3.4964028776978417
2775.0,3.4964028776978417
2776.0,3.539568345323741
2777.0,3.4964028776978417
2778.0,3.4964028776978417
2779.0,3.4964028776978417
2780.0,3.4964028776978417
2781.0,3.4964028776978417
2782.0,3.4964028776978417
2783.0,3.4964028776978417
2784.0,3.4964028776978417
2785.0,3.4964028776978417
2786.0,3.4964028776978417
2787.0,3.4964028776978417
2788.0,3.539568345323741
2789.0,3.4964028776978417
2790.0,3.4964028776978417
2791.0,3.4964028776978417
2792.0,3.4964028776978417
2793.0,3.4964028776978417
2794.0,3.4964028776978417
2795.0,3.4964028776978417
2796.0,3.4964028776978417
2797.0,3.4964028776978417
2798.0,3.4964028776978417
2799.0,3.4964028776978417
2800.0,3.4964028776978417
2801.0,3.4964028776978417
2802.0,3.4964028776978417
2803.0,3.4964028776978417
2804.0,3.4964028776978417
2805.0,3.4964028776978417
2806.0,3.4964028776978417
2807.0,3.4964028776978417
2808.0,3.4964028776978417
2809.0,3.4964028776978417
2810.0,3.4964028776978417
2811.0,3.4964028776978417
2812.0,3.4964028776978417
2813.0,3.4964028776978417
2814.0,3.4964028776978417
2815.0,3.4964028776978417
2816.0,3.4964028776978417
2817.0,3.4964028776978417
2818.0,3.4964028776978417
2819.0,3.4964028776978417
2820.0,3.4964028776978417
2821.0,3.4964028776978417
2822.0,3.4964028776978417
2823.0,3.4964028776978417
2824.0,3.4964028776978417
2825.0,3.4964028776978417
2826.0,3.4964028776978417
2827.0,3.4964028776978417
2828.0,3.4964028776978417
2829.0,3.4964028776978417
2830.0,3.4964028776978417
2831.0,3.4964028776978417
2832.0,3.4964028776978417
2833.0,3.4964028776978417
2834.0,3.4964028776978417
2835.0,3.4964028776978417
2836.0,3.4964028776978417
2837.0,3.4964028776978417
2838.0,3.4964028776978417
2839.0,3.4964028776978417
2840.0,3.4964028776978417
2841.0,3.4964028776978417
2842.0,3.4964028776978417
2843.0,3.4964028776978417
2844.0,3.4964028776978417
2845.0,3.4964028776978417
2846.0,3.4964028776978417
2847.0,3.4964028776978417
2848.0,3.4964028776978417
2849.0,3.4964028776978417
2850.0,3.4964028776978417
2851.0,3.4964028776978417
2852.0,3.4964028776978417
2853.0,3.4964028776978417
2854.0,3.4964028776978417
2855.0,3.4964028776978417
2856.0,3.4964028776978417
2857.0,3.4964028776978417
2858.0,3.4964028776978417
2859.0,3.4964028776978417
2860.0,3.4964028776978417
2861.0,3.4964028776978417
2862.0,3.4964028776978417
2863.0,3.539568345323741
2864.0,3.4964028776978417
2865.0,3.4964028776978417
2866.0,3.4964028776978417
2867.0,3.4964028776978417
2868.0,3.4964028776978417
2869.0,3.4964028776978417
2870.0,3.4964028776978417
2871.0,3.4964028776978417
2872.0,3.4964028776978417
2873.0,3.4964028776978417
2874.0,3.4964028776978417
2875.0,3.4964028776978417
2876.0,3.4964028776978417
2877.0,3.4964028776978417
2878.0,3.4964028776978417
2879.0,3.4964028776978417
2880.0,3.4964028776978417
2881.0,3.4964028776978417
2882.0,3.4964028776978417
2883.0,3.4964028776978417
2884.0,3.4964028776978417
2885.0,3.4964028776978417
2886.0,3.4964028776978417
2887.0,3.4964028776978417
2888.0,3.4964028776978417
2889.0,3.4964028776978417
2890.0,3.4964028776978417
2891.0,3.4964028776978417
2892.0,3.4964028776978417
2893.0,3.4964028776978417
2894.0,3.4964028776978417
2895.0,3.4964028776978417
2896.0,3.4964028776978417
2897.0,3.4964028776978417
2898.0,3.4964028776978417
2899.0,3.4964028776978417
2900.0,3.4964028776978417
2901.0,3.4964028776978417
2902.0,3.4964028776978417
2903.0,3.4964028776978417
2904.0,3.4964028776978417
2905.0,3.4964028776978417
2906.0,3.4964028776978417
2907.0,3.4964028776978417
2908.0,3.4964028776978417
2909.0,3.4964028776978417
2910.0,3.4964028776978417
2911.0,3.4964028776978417
2912.0,3.4964028776978417
2913.0,3.4964028776978417
2914.0,3.4964028776978417
2915.0,3.4964028776978417
2916.0,3.4964028776978417
2917.0,3.4964028776978417
2918.0,3.4964028776978417
2919.0,3.4964028776978417
2920.0,3.4964028776978417
2921.0,3.4964028776978417
2922.0,3.4964028776978417
2923.0,3.4964028776978417
2924.0,3.4964028776978417
2925.0,3.4964028776978417
2926.0,3.4964028776978417
2927.0,3.4964028776978417
2928.0,3.4964028776978417
2929.0,3.4964028776978417
2930.0,3.4964028776978417
2931.0,3.4964028776978417
2932.0,3.4964028776978417
2933.0,3.4964028776978417
2934.0,3.4964028776978417
2935.0,3.4964028776978417
2936.0,3.4964028776978417
2937.0,3.4964028776978417
2938.0,3.4964028776978417
2939.0,3.4964028776978417
2940.0,3.4964028776978417
2941.0,3.4964028776978417
2942.0,3.4964028776978417
2943.0,3.4964028776978417
2944.0,3.4964028776978417
2945.0,3.4964028776978417
2946.0,3.4964028776978417
2947.0,3.4964028776978417
2948.0,3.4964028776978417
2949.0,3.4964028776978417
2950.0,3.4964028776978417
2951.0,3.4964028776978417
2952.0,3.4964028776978417
2953.0,3.4964028776978417
2954.0,3.4964028776978417
2955.0,3.4964028776978417
2956.0,3.4964028776978417
2957.0,3.4532374100719427
2958.0,3.4964028776978417
2959.0,3.4964028776978417
2960.0,3.4964028776978417
2961.0,3.4964028776978417
2962.0,3.4964028776978417
2963.0,3.4964028776978417
2964.0,3.4532374100719427
2965.0,3.4964028776978417
2966.0,3.4964028776978417
2967.0,3.4964028776978417
2968.0,3.4964028776978417
2969.0,3.4964028776978417
2970.0,3.4964028776978417
2971.0,3.4964028776978417
2972.0,3.4964028776978417
2973.0,3.4964028776978417
2974.0,3.4964028776978417
2975.0,3.4964028776978417
2976.0,3.4964028776978417
2977.0,3.4964028776978417
2978.0,3.4964028776978417
2979.0,3.4964028776978417
2980.0,3.4964028776978417
2981.0,3.4964028776978417
2982.0,3.4964028776978417
2983.0,3.4964028776978417
2984.0,3.4964028776978417
2985.0,3.4964028776978417
2986.0,3.4964028776978417
2987.0,3.4964028776978417
2988.0,3.4964028776978417
2989.0,3.4964028776978417
2990.0,3.4964028776978417
2991.0,3.4964028776978417
2992.0,3.4964028776978417
2993.0,3.4964028776978417
2994.0,3.4964028776978417
2995.0,3.4964028776978417
2996.0,3.4964028776978417
2997.0,3.4964028776978417
2998.0,3.4964028776978417
2999.0,3.4964028776978417
3000.0,3.4964028776978417
3001.0,3.4964028776978417
3002.0,3.4964028776978417
3003.0,3.4964028776978417
3004.0,3.4964028776978417
3005.0,3.4532374100719427
3006.0,3.4532374100719427
3007.0,3.4964028776978417
3008.0,3.4964028776978417
3009.0,3.4964028776978417
3010.0,3.4964028776978417
3011.0,3.4964028776978417
3012.0,3.4964028776978417
3013.0,3.4964028776978417
3014.0,3.4964028776978417
3015.0,3.4964028776978417
3016.0,3.4964028776978417
3017.0,3.4964028776978417
3018.0,3.4964028776978417
3019.0,3.4964028776978417
3020.0,3.4964028776978417
3021.0,3.4964028776978417
3022.0,3.4964028776978417
3023.0,3.4964028776978417
3024.0,3.4964028776978417
3025.0,3.4964028776978417
3026.0,3.4964028776978417
3027.0,3.4964028776978417
3028.0,3.4964028776978417
3029.0,3.4964028776978417
3030.0,3.4964028776978417
3031.0,3.4964028776978417
3032.0,3.4964028776978417
3033.0,3.4964028776978417
3034.0,3.4964028776978417
3035.0,3.4964028776978417
3036.0,3.4964028776978417
3037.0,3.4964028776978417
3038.0,3.4964028776978417
3039.0,3.4964028776978417
3040.0,3.4964028776978417
3041.0,3.4964028776978417
3042.0,3.4964028776978417
3043.0,3.4964028776978417
3044.0,3.4964028776978417
3045.0,3.4532374100719427
3046.0,3.4964028776978417
3047.0,3.4964028776978417
3048.0,3.4964028776978417
3049.0,3.4964028776978417
3050.0,3.4964028776978417
3051.0,3.4964028776978417
3052.0,3.4964028776978417
3053.0,3.4964028776978417
3054.0,3.4964028776978417
3055.0,3.4964028776978417
3056.0,3.4964028776978417
3057.0,3.4964028776978417
3058.0,3.4964028776978417
3059.0,3.4964028776978417
3060.0,3.4964028776978417
3061.0,3.4964028776978417
3062.0,3.4964028776978417
3063.0,3.4964028776978417
3064.0,3.4964028776978417
3065.0,3.4964028776978417
3066.0,3.4964028776978417
3067.0,3.4964028776978417
3068.0,3.4532374100719427
3069.0,3.4964028776978417
3070.0,3.4964028776978417
3071.0,3.4964028776978417
3072.0,3.4964028776978417
3073.0,3.4964028776978417
3074.0,3.4964028776978417
3075.0,3.4964028776978417
3076.0,3.4964028776978417
3077.0,3.4964028776978417
3078.0,3.4964028776978417
3079.0,3.4964028776978417
3080.0,3.4532374100719427
3081.0,3.4964028776978417
3082.0,3.4964028776978417
3083.0,3.4532374100719427
3084.0,3.4964028776978417
3085.0,3.4964028776978417
3086.0,3.4964028776978417
3087.0,3.4964028776978417
3088.0,3.4964028776978417
3089.0,3.4964028776978417
3090.0,3.4964028776978417
3091.0,3.4964028776978417
3092.0,3.4964028776978417
3093.0,3.4964028776978417
3094.0,3.4964028776978417
3095.0,3.4964028776978417
3096.0,3.4964028776978417
3097.0,3.4964028776978417
3098.0,3.4964028776978417
3099.0,3.4964028776978417
3100.0,3.4964028776978417
3101.0,3.4964028776978417
3102.0,3.4964028776978417
3103.0,3.4964028776978417
3104.0,3.4964028776978417
3105.0,3.4964028776978417
3106.0,3.4964028776978417
3107.0,3.4964028776978417
3108.0,3.4964028776978417
3109.0,3.4964028776978417
3110.0,3.4964028776978417
3111.0,3.4964028776978417
3112.0,3.4964028776978417
3113.0,3.4964028776978417
3114.0,3.4964028776978417
3115.0,3.4964028776978417
3116.0,3.4964028776978417
3117.0,3.4964028776978417
3118.0,3.4964028776978417
3119.0,3.4964028776978417
3120.0,3.4964028776978417
3121.0,3.4964028776978417
3122.0,3.4964028776978417
3123.0,3.4964028776978417
3124.0,3.4964028776978417
3125.0,3.4964028776978417
3126.0,3.4964028776978417
3127.0,3.4964028776978417
3128.0,3.4964028776978417
3129.0,3.4964028776978417
3130.0,3.4964028776978417
3131.0,3.4964028776978417
3132.0,3.4964028776978417
3133.0,3.4964028776978417
3134.0,3.4964028776978417
3135.0,3.4964028776978417
3136.0,3.4964028776978417
3137.0,3.4964028776978417
3138.0,3.4964028776978417
3139.0,3.4964028776978417
3140.0,3.4964028776978417
3141.0,3.4964028776978417
3142.0,3.4964028776978417
3143.0,3.4964028776978417
3144.0,3.4964028776978417
3145.0,3.4964028776978417
3146.0,3.4964028776978417
3147.0,3.4964028776978417
3148.0,3.4964028776978417
3149.0,3.4964028776978417
3150.0,3.4964028776978417
3151.0,3.4964028776978417
3152.0,3.4964028776978417
3153.0,3.4532374100719427
3154.0,3.4964028776978417
3155.0,3.4964028776978417
3156.0,3.4964028776978417
3157.0,3.4964028776978417
3158.0,3.4964028776978417
3159.0,3.4532374100719427
3160.0,3.4964028776978417
3161.0,3.4964028776978417
3162.0,3.4964028776978417
3163.0,3.4964028776978417
3164.0,3.4964028776978417
3165.0,3.4964028776978417
3166.0,3.4964028776978417
3167.0,3.4964028776978417
3168.0,3.4964028776978417
3169.0,3.4964028776978417
3170.0,3.4964028776978417
3171.0,3.4964028776978417
3172.0,3.4964028776978417
3173.0,3.4964028776978417
3174.0,3.4964028776978417
3175.0,3.4964028776978417
3176.0,3.4964028776978417
3177.0,3.4964028776978417
3178.0,3.4964028776978417
3179.0,3.4532374100719427
3180.0,3.4532374100719427
3181.0,3.4532374100719427
3182.0,3.4964028776978417
3183.0,3.4964028776978417
3184.0,3.4964028776978417
3185.0,3.4964028776978417
3186.0,3.4964028776978417
3187.0,3.4964028776978417
3188.0,3.4964028776978417
3189.0,3.4964028776978417
3190.0,3.4964028776978417
3191.0,3.4964028776978417
3192.0,3.4964028776978417
3193.0,3.4964028776978417
3194.0,3.4964028776978417
3195.0,3.4532374100719427
3196.0,3.4964028776978417
3197.0,3.4964028776978417
3198.0,3.4964028776978417
3199.0,3.4964028776978417
3200.0,3.4964028776978417
3201.0,3.4532374100719427
3202.0,3.4532374100719427
3203.0,3.4964028776978417
3204.0,3.4532374100719427
3205.0,3.4964028776978417
3206.0,3.4964028776978417
3207.0,3.4964028776978417
3208.0,3.4964028776978417
3209.0,3.4964028776978417
3210.0,3.4964028776978417
3211.0,3.4964028776978417
3212.0,3.4964028776978417
3213.0,3.4964028776978417
3214.0,3.4964028776978417
3215.0,3.4964028776978417
3216.0,3.4964028776978417
3217.0,3.4964028776978417
3218.0,3.4964028776978417
3219.0,3.4964028776978417
3220.0,3.4964028776978417
3221.0,3.4964028776978417
3222.0,3.4964028776978417
3223.0,3.4964028776978417
3224.0,3.4964028776978417
3225.0,3.4964028776978417
3226.0,3.4964028776978417
3227.0,3.4964028776978417
3228.0,3.4964028776978417
3229.0,3.4532374100719427
3230.0,3.4964028776978417
3231.0,3.4532374100719427
3232.0,3.4964028776978417
3233.0,3.4964028776978417
3234.0,3.4964028776978417
3235.0,3.4964028776978417
3236.0,3.4964028776978417
3237.0,3.4964028776978417
3238.0,3.4964028776978417
3239.0,3.4964028776978417
3240.0,3.4964028776978417
3241.0,3.4964028776978417
3242.0,3.4964028776978417
3243.0,3.4964028776978417
3244.0,3.4964028776978417
3245.0,3.4532374100719427
3246.0,3.4964028776978417
3247.0,3.4532374100719427
3248.0,3.4964028776978417
3249.0,3.4964028776978417
3250.0,3.4964028776978417
3251.0,3.4964028776978417
3252.0,3.4964028776978417
3253.0,3.4964028776978417
3254.0,3.4964028776978417
3255.0,3.4964028776978417
3256.0,3.4964028776978417
3257.0,3.4964028776978417
3258.0,3.4964028776978417
3259.0,3.4964028776978417
3260.0,3.4964028776978417
3261.0,3.4964028776978417
3262.0,3.4964028776978417
3263.0,3.4964028776978417
3264.0,3.4964028776978417
3265.0,3.4964028776978417
3266.0,3.4964028776978417
3267.0,3.4964028776978417
3268.0,3.4964028776978417
3269.0,3.4964028776978417
3270.0,3.4964028776978417
3271.0,3.4964028776978417
3272.0,3.4964028776978417
3273.0,3.4964028776978417
3274.0,3.4964028776978417
3275.0,3.4964028776978417
3276.0,3.4964028776978417
3277.0,3.4964028776978417
3278.0,3.4964028776978417
3279.0,3.4964028776978417
3280.0,3.4964028776978417
3281.0,3.4964028776978417
3282.0,3.4964028776978417
3283.0,3.4964028776978417
3284.0,3.4964028776978417
3285.0,3.4964028776978417
3286.0,3.4532374100719427
3287.0,3.4532374100719427
3288.0,3.4964028776978417
3289.0,3.4964028776978417
3290.0,3.4964028776978417
3291.0,3.4964028776978417
3292.0,3.4964028776978417
3293.0,3.4964028776978417
3294.0,3.4964028776978417
3295.0,3.4532374100719427
3296.0,3.4532374100719427
3297.0,3.4964028776978417
3298.0,3.4964028776978417
3299.0,3.4532374100719427
3300.0,3.4964028776978417
3301.0,3.4964028776978417
3302.0,3.4964028776978417
3303.0,3.4532374100719427
3304.0,3.4532374100719427
3305.0,3.4964028776978417
3306.0,3.4964028776978417
3307.0,3.4964028776978417
3308.0,3.4964028776978417
3309.0,3.4964028776978417
3310.0,3.4964028776978417
3311.0,3.4964028776978417
3312.0,3.4964028776978417
3313.0,3.4964028776978417
3314.0,3.4964028776978417
3315.0,3.4964028776978417
3316.0,3.4964028776978417
3317.0,3.4532374100719427
3318.0,3.4964028776978417
3319.0,3.4964028776978417
3320.0,3.4964028776978417
3321.0,3.4964028776978417
3322.0,3.4964028776978417
3323.0,3.4964028776978417
3324.0,3.4964028776978417
3325.0,3.4964028776978417
3326.0,3.4964028776978417
3327.0,3.4964028776978417
3328.0,3.4964028776978417
3329.0,3.4964028776978417
3330.0,3.4532374100719427
3331.0,3.4964028776978417
3332.0,3.4532374100719427
3333.0,3.4532374100719427
3334.0,3.4532374100719427
3335.0,3.4964028776978417
3336.0,3.4532374100719427
3337.0,3.4964028776978417
3338.0,3.4964028776978417
3339.0,3.4964028776978417
3340.0,3.4964028776978417
3341.0,3.4964028776978417
3342.0,3.4964028776978417
3343.0,3.4964028776978417
3344.0,3.4964028776978417
3345.0,3.4532374100719427
3346.0,3.4964028776978417
3347.0,3.4532374100719427
3348.0,3.4964028776978417
3349.0,3.4964028776978417
3350.0,3.4964028776978417
3351.0,3.4964028776978417
3352.0,3.4964028776978417
3353.0,3.4964028776978417
3354.0,3.4964028776978417
3355.0,3.4964028776978417
3356.0,3.4964028776978417
3357.0,3.4964028776978417
3358.0,3.4964028776978417
3359.0,3.4964028776978417
3360.0,3.4964028776978417
3361.0,3.4532374100719427
3362.0,3.4964028776978417
3363.0,3.4964028776978417
3364.0,3.4532374100719427
3365.0,3.4964028776978417
3366.0,3.4964028776978417
3367.0,3.4964028776978417
3368.0,3.4964028776978417
3369.0,3.4964028776978417
3370.0,3.4964028776978417
3371.0,3.4964028776978417
3372.0,3.4532374100719427
3373.0,3.4964028776978417
3374.0,3.4964028776978417
3375.0,3.4964028776978417
3376.0,3.4964028776978417
3377.0,3.4964028776978417
3378.0,3.4964028776978417
3379.0,3.4964028776978417
3380.0,3.4964028776978417
3381.0,3.4964028776978417
3382.0,3.4964028776978417
3383.0,3.4964028776978417
3384.0,3.4964028776978417
3385.0,3.4964028776978417
3386.0,3.4964028776978417
3387.0,3.4964028776978417
3388.0,3.4964028776978417
3389.0,3.4532374100719427
3390.0,3.4964028776978417
3391.0,3.4964028776978417
3392.0,3.4964028776978417
3393.0,3.4964028776978417
3394.0,3.4964028776978417
3395.0,3.4532374100719427
3396.0,3.4964028776978417
3397.0,3.4964028776978417
3398.0,3.4532374100719427
3399.0,3.4964028776978417
3400.0,3.4964028776978417
3401.0,3.4964028776978417
3402.0,3.4964028776978417
3403.0,3.4964028776978417
3404.0,3.4964028776978417
3405.0,3.4964028776978417
3406.0,3.4532374100719427
3407.0,3.4964028776978417
3408.0,3.4964028776978417
3409.0,3.4964028776978417
3410.0,3.4964028776978417
3411.0,3.4532374100719427
3412.0,3.4964028776978417
3413.0,3.4964028776978417
3414.0,3.4964028776978417
3415.0,3.4964028776978417
3416.0,3.4964028776978417
3417.0,3.4964028776978417
3418.0,3.4964028776978417
3419.0,3.4964028776978417
3420.0,3.4532374100719427
3421.0,3.4532374100719427
3422.0,3.4964028776978417
3423.0,3.4964028776978417
3424.0,3.4964028776978417
3425.0,3.4964028776978417
3426.0,3.4964028776978417
3427.0,3.4964028776978417
3428.0,3.4964028776978417
3429.0,3.4964028776978417
3430.0,3.4964028776978417
3431.0,3.4964028776978417
3432.0,3.4964028776978417
3433.0,3.4964028776978417
3434.0,3.4532374100719427
3435.0,3.4964028776978417
3436.0,3.4532374100719427
3437.0,3.4532374100719427
3438.0,3.4964028776978417
3439.0,3.4964028776978417
3440.0,3.4964028776978417
3441.0,3.4964028776978417
3442.0,3.4964028776978417
3443.0,3.4964028776978417
3444.0,3.4964028776978417
3445.0,3.4964028776978417
3446.0,3.4964028776978417
3447.0,3.4964028776978417
3448.0,3.4532374100719427
3449.0,3.4964028776978417
3450.0,3.4964028776978417
3451.0,3.4964028776978417
3452.0,3.4964028776978417
3453.0,3.4964028776978417
3454.0,3.4964028776978417
3455.0,3.4964028776978417
3456.0,3.4964028776978417
3457.0,3.4964028776978417
3458.0,3.4532374100719427
3459.0,3.4532374100719427
3460.0,3.4964028776978417
3461.0,3.4532374100719427
3462.0,3.4964028776978417
3463.0,3.4964028776978417
3464.0,3.4964028776978417
3465.0,3.4964028776978417
3466.0,3.4964028776978417
3467.0,3.4964028776978417
3468.0,3.4964028776978417
3469.0,3.4964028776978417
3470.0,3.4964028776978417
3471.0,3.4964028776978417
3472.0,3.4532374100719427
3473.0,3.4964028776978417
3474.0,3.4532374100719427
3475.0,3.4964028776978417
3476.0,3.4964028776978417
3477.0,3.4964028776978417
3478.0,3.4964028776978417
3479.0,3.4964028776978417
3480.0,3.4964028776978417
3481.0,3.4532374100719427
3482.0,3.4964028776978417
3483.0,3.4532374100719427
3484.0,3.4532374100719427
3485.0,3.4964028776978417
3486.0,3.4532374100719427
3487.0,3.4964028776978417
3488.0,3.4964028776978417
3489.0,3.4532374100719427
3490.0,3.4964028776978417
3491.0,3.4964028776978417
3492.0,3.4532374100719427
3493.0,3.4964028776978417
3494.0,3.4964028776978417
3495.0,3.4964028776978417
3496.0,3.4964028776978417
3497.0,3.4532374100719427
3498.0,3.4964028776978417
3499.0,3.4964028776978417
3500.0,3.4964028776978417
3501.0,3.4964028776978417
3502.0,3.4532374100719427
3503.0,3.4532374100719427
3504.0,3.4532374100719427
3505.0,3.4964028776978417
3506.0,3.4964028776978417
3507.0,3.4532374100719427
3508.0,3.4964028776978417
3509.0,3.4532374100719427
3510.0,3.4532374100719427
3511.0,3.4532374100719427
3512.0,3.4964028776978417
3513.0,3.4964028776978417
3514.0,3.4964028776978417
3515.0,3.4964028776978417
3516.0,3.4964028776978417
3517.0,3.4964028776978417
3518.0,3.4964028776978417
3519.0,3.4964028776978417
3520.0,3.4532374100719427
3521.0,3.4532374100719427
3522.0,3.4964028776978417
3523.0,3.4532374100719427
3524.0,3.4532374100719427
3525.0,3.4532374100719427
3526.0,3.4964028776978417
3527.0,3.4532374100719427
3528.0,3.4964028776978417
3529.0,3.4532374100719427
3530.0,3.4964028776978417
3531.0,3.4964028776978417
3532.0,3.4964028776978417
3533.0,3.4964028776978417
3534.0,3.4964028776978417
3535.0,3.4532374100719427
3536.0,3.4964028776978417
3537.0,3.4532374100719427
3538.0,3.4964028776978417
3539.0,3.4532374100719427
3540.0,3.4964028776978417
3541.0,3.4964028776978417
3542.0,3.4964028776978417
3543.0,3.4964028776978417
3544.0,3.4964028776978417
3545.0,3.4532374100719427
3546.0,3.4964028776978417
3547.0,3.4964028776978417
3548.0,3.4532374100719427
3549.0,3.4532374100719427
3550.0,3.4964028776978417
3551.0,3.4964028776978417
3552.0,3.4964028776978417
3553.0,3.4964028776978417
3554.0,3.4532374100719427
3555.0,3.4964028776978417
3556.0,3.4532374100719427
3557.0,3.4964028776978417
3558.0,3.4532374100719427
3559.0,3.4532374100719427
3560.0,3.4964028776978417
3561.0,3.4532374100719427
3562.0,3.4964028776978417
3563.0,3.4964028776978417
3564.0,3.4964028776978417
3565.0,3.4964028776978417
3566.0,3.4532374100719427
3567.0,3.4964028776978417
3568.0,3.4964028776978417
3569.0,3.4532374100719427
3570.0,3.4964028776978417
3571.0,3.4532374100719427
3572.0,3.4532374100719427
3573.0,3.4532374100719427
3574.0,3.4532374100719427
3575.0,3.4532374100719427
3576.0,3.4532374100719427
3577.0,3.4532374100719427
3578.0,3.4964028776978417
3579.0,3.4532374100719427
3580.0,3.4964028776978417
3581.0,3.4532374100719427
3582.0,3.4964028776978417
3583.0,3.4532374100719427
3584.0,3.4532374100719427
3585.0,3.4532374100719427
3586.0,3.4532374100719427
3587.0,3.4532374100719427
3588.0,3.4964028776978417
3589.0,3.4532374100719427
3590.0,3.4532374100719427
3591.0,3.4964028776978417
3592.0,3.4532374100719427
3593.0,3.4964028776978417
3594.0,3.4964028776978417
3595.0,3.4532374100719427
3596.0,3.4532374100719427
3597.0,3.4532374100719427
3598.0,3.4532374100719427
3599.0,3.4532374100719427
3600.0,3.4964028776978417
3601.0,3.4964028776978417
3602.0,3.4532374100719427
3603.0,3.4532374100719427
3604.0,3.4532374100719427
3605.0,3.4964028776978417
3606.0,3.4532374100719427
3607.0,3.4532374100719427
3608.0,3.4532374100719427
3609.0,3.4532374100719427
3610.0,3.4532374100719427
3611.0,3.4964028776978417
3612.0,3.4532374100719427
3613.0,3.4532374100719427
3614.0,3.4964028776978417
3615.0,3.4964028776978417
3616.0,3.4964028776978417
3617.0,3.4532374100719427
3618.0,3.4964028776978417
3619.0,3.4532374100719427
3620.0,3.4964028776978417
3621.0,3.4964028776978417
3622.0,3.4532374100719427
3623.0,3.4532374100719427
3624.0,3.4964028776978417
3625.0,3.4964028776978417
3626.0,3.4964028776978417
3627.0,3.4964028776978417
3628.0,3.4964028776978417
3629.0,3.4532374100719427
3630.0,3.4964028776978417
3631.0,3.4532374100719427
3632.0,3.4964028776978417
3633.0,3.4532374100719427
3634.0,3.4964028776978417
3635.0,3.4532374100719427
3636.0,3.4964028776978417
3637.0,3.4532374100719427
3638.0,3.4532374100719427
3639.0,3.4532374100719427
3640.0,3.4964028776978417
3641.0,3.4532374100719427
3642.0,3.4532374100719427
3643.0,3.4964028776978417
3644.0,3.4964028776978417
3645.0,3.4532374100719427
3646.0,3.4532374100719427
3647.0,3.4964028776978417
3648.0,3.4532374100719427
3649.0,3.4964028776978417
3650.0,3.4532374100719427
3651.0,3.4964028776978417
3652.0,3.4964028776978417
3653.0,3.4964028776978417
3654.0,3.4532374100719427
3655.0,3.4964028776978417
3656.0,3.4532374100719427
3657.0,3.4532374100719427
3658.0,3.4964028776978417
3659.0,3.4532374100719427
3660.0,3.4964028776978417
3661.0,3.4532374100719427
3662.0,3.4100719424460433
3663.0,3.4532374100719427
3664.0,3.4532374100719427
3665.0,3.4532374100719427
3666.0,3.4532374100719427
3667.0,3.4532374100719427
3668.0,3.4532374100719427
3669.0,3.4532374100719427
3670.0,3.4964028776978417
3671.0,3.4532374100719427
3672.0,3.4532374100719427
3673.0,3.4532374100719427
3674.0,3.4532374100719427
3675.0,3.4532374100719427
3676.0,3.4532374100719427
3677.0,3.4532374100719427
3678.0,3.4532374100719427
3679.0,3.4532374100719427
3680.0,3.4532374100719427
3681.0,3.4532374100719427
3682.0,3.4532374100719427
3683.0,3.4532374100719427
3684.0,3.4532374100719427
3685.0,3.4964028776978417
3686.0,3.4532374100719427
3687.0,3.4532374100719427
3688.0,3.4532374100719427
3689.0,3.4532374100719427
3690.0,3.4532374100719427
3691.0,3.4532374100719427
3692.0,3.4964028776978417
3693.0,3.4964028776978417
3694.0,3.4964028776978417
3695.0,3.4532374100719427
3696.0,3.4532374100719427
3697.0,3.4532374100719427
3698.0,3.4532374100719427
3699.0,3.4532374100719427
3700.0,3.4964028776978417
3701.0,3.4532374100719427
3702.0,3.4964028776978417
3703.0,3.4964028776978417
3704.0,3.4532374100719427
3705.0,3.4964028776978417
3706.0,3.4532374100719427
3707.0,3.4532374100719427
3708.0,3.4532374100719427
3709.0,3.4532374100719427
3710.0,3.4532374100719427
3711.0,3.4532374100719427
3712.0,3.4532374100719427
3713.0,3.4532374100719427
3714.0,3.4532374100719427
3715.0,3.4532374100719427
3716.0,3.4532374100719427
3717.0,3.4532374100719427
3718.0,3.4532374100719427
3719.0,3.4532374100719427
3720.0,3.4532374100719427
3721.0,3.4532374100719427
3722.0,3.4532374100719427
3723.0,3.4532374100719427
3724.0,3.4532374100719427
3725.0,3.4532374100719427
3726.0,3.4532374100719427
3727.0,3.4532374100719427
3728.0,3.4532374100719427
3729.0,3.4964028776978417
3730.0,3.4964028776978417
3731.0,3.4532374100719427
3732.0,3.4964028776978417
3733.0,3.4532374100719427
3734.0,3.4532374100719427
3735.0,3.4532374100719427
3736.0,3.4532374100719427
3737.0,3.4532374100719427
3738.0,3.4532374100719427
3739.0,3.4532374100719427
3740.0,3.4532374100719427
3741.0,3.4100719424460433
3742.0,3.4532374100719427
3743.0,3.4964028776978417
3744.0,3.4964028776978417
3745.0,3.4532374100719427
3746.0,3.4532374100719427
3747.0,3.4532374100719427
3748.0,3.4100719424460433
3749.0,3.4532374100719427
3750.0,3.4532374100719427
3751.0,3.4532374100719427
3752.0,3.4532374100719427
3753.0,3.4532374100719427
3754.0,3.4532374100719427
3755.0,3.4532374100719427
3756.0,3.4532374100719427
3757.0,3.4532374100719427
3758.0,3.4532374100719427
3759.0,3.4532374100719427
3760.0,3.4532374100719427
3761.0,3.4532374100719427
3762.0,3.4532374100719427
3763.0,3.4532374100719427
3764.0,3.4532374100719427
3765.0,3.4532374100719427
3766.0,3.4532374100719427
3767.0,3.4532374100719427
3768.0,3.4532374100719427
3769.0,3.4532374100719427
3770.0,3.4532374100719427
3771.0,3.4532374100719427
3772.0,3.4100719424460433
3773.0,3.4100719424460433
3774.0,3.4100719424460433
3775.0,3.4532374100719427
3776.0,3.4532374100719427
3777.0,3.4532374100719427
3778.0,3.4532374100719427
3779.0,3.4532374100719427
3780.0,3.4532374100719427
3781.0,3.4532374100719427
3782.0,3.4532374100719427
3783.0,3.4532374100719427
3784.0,3.4532374100719427
3785.0,3.4532374100719427
3786.0,3.4532374100719427
3787.0,3.4532374100719427
3788.0,3.4532374100719427
3789.0,3.4532374100719427
3790.0,3.4964028776978417
3791.0,3.4532374100719427
3792.0,3.4532374100719427
3793.0,3.4532374100719427
3794.0,3.4532374100719427
3795.0,3.4532374100719427
3796.0,3.4532374100719427
3797.0,3.4532374100719427
3798.0,3.4532374100719427
3799.0,3.4532374100719427
3800.0,3.4532374100719427
3801.0,3.4532374100719427
3802.0,3.4532374100719427
3803.0,3.4532374100719427
3804.0,3.4532374100719427
3805.0,3.4532374100719427
3806.0,3.4532374100719427
3807.0,3.4532374100719427
3808.0,3.4532374100719427
3809.0,3.4532374100719427
3810.0,3.4532374100719427
3811.0,3.4532374100719427
3812.0,3.4532374100719427
3813.0,3.4964028776978417
3814.0,3.4964028776978417
3815.0,3.4532374100719427
3816.0,3.4532374100719427
3817.0,3.4532374100719427
3818.0,3.4532374100719427
3819.0,3.4532374100719427
3820.0,3.4964028776978417
3821.0,3.4532374100719427
3822.0,3.4532374100719427
3823.0,3.4100719424460433
3824.0,3.4100719424460433
3825.0,3.4532374100719427
3826.0,3.4532374100719427
3827.0,3.4532374100719427
3828.0,3.4532374100719427
3829.0,3.4964028776978417
3830.0,3.4964028776978417
3831.0,3.4100719424460433
3832.0,3.4100719424460433
3833.0,3.4532374100719427
3834.0,3.4532374100719427
3835.0,3.4532374100719427
3836.0,3.4532374100719427
3837.0,3.4964028776978417
3838.0,3.4532374100719427
3839.0,3.4532374100719427
3840.0,3.4964028776978417
3841.0,3.4532374100719427
3842.0,3.4532374100719427
3843.0,3.4532374100719427
3844.0,3.4532374100719427
3845.0,3.4532374100719427
3846.0,3.4532374100719427
3847.0,3.4532374100719427
3848.0,3.4532374100719427
3849.0,3.4532374100719427
3850.0,3.4532374100719427
3851.0,3.4532374100719427
3852.0,3.4532374100719427
3853.0,3.4532374100719427
3854.0,3.4532374100719427
3855.0,3.4532374100719427
3856.0,3.4100719424460433
3857.0,3.4532374100719427
3858.0,3.4532374100719427
3859.0,3.4532374100719427
3860.0,3.4532374100719427
3861.0,3.4532374100719427
3862.0,3.4532374100719427
3863.0,3.4532374100719427
3864.0,3.4532374100719427
3865.0,3.4532374100719427
3866.0,3.4100719424460433
3867.0,3.4532374100719427
3868.0,3.4532374100719427
3869.0,3.4532374100719427
3870.0,3.4532374100719427
3871.0,3.4100719424460433
3872.0,3.4532374100719427
3873.0,3.4100719424460433
3874.0,3.4100719424460433
3875.0,3.4532374100719427
3876.0,3.4964028776978417
3877.0,3.4532374100719427
3878.0,3.4532374100719427
3879.0,3.4532374100719427
3880.0,3.4532374100719427
3881.0,3.4964028776978417
3882.0,3.4532374100719427
3883.0,3.4532374100719427
3884.0,3.4532374100719427
3885.0,3.4100719424460433
3886.0,3.4532374100719427
3887.0,3.4532374100719427
3888.0,3.4532374100719427
3889.0,3.4100719424460433
3890.0,3.4964028776978417
3891.0,3.4532374100719427
3892.0,3.4532374100719427
3893.0,3.4532374100719427
3894.0,3.4532374100719427
3895.0,3.4532374100719427
3896.0,3.4532374100719427
3897.0,3.4532374100719427
3898.0,3.4532374100719427
3899.0,3.4532374100719427
3900.0,3.4532374100719427
3901.0,3.4100719424460433
3902.0,3.4532374100719427
3903.0,3.4532374100719427
3904.0,3.4532374100719427
3905.0,3.4532374100719427
3906.0,3.4532374100719427
3907.0,3.4532374100719427
3908.0,3.4532374100719427
3909.0,3.4532374100719427
3910.0,3.4532374100719427
3911.0,3.4532374100719427
3912.0,3.4532374100719427
3913.0,3.4532374100719427
3914.0,3.4100719424460433
3915.0,3.4532374100719427
3916.0,3.4532374100719427
3917.0,3.4532374100719427
3918.0,3.4532374100719427
3919.0,3.4532374100719427
3920.0,3.4532374100719427
3921.0,3.4100719424460433
3922.0,3.4532374100719427
3923.0,3.4532374100719427
3924.0,3.4532374100719427
3925.0,3.4532374100719427
3926.0,3.4532374100719427
3927.0,3.4532374100719427
3928.0,3.4532374100719427
3929.0,3.4532374100719427
3930.0,3.4100719424460433
3931.0,3.4100719424460433
3932.0,3.4532374100719427
3933.0,3.4532374100719427
3934.0,3.4532374100719427
3935.0,3.4532374100719427
3936.0,3.4532374100719427
3937.0,3.4532374100719427
3938.0,3.4532374100719427
3939.0,3.4532374100719427
3940.0,3.4532374100719427
3941.0,3.4532374100719427
3942.0,3.4532374100719427
3943.0,3.4532374100719427
3944.0,3.4532374100719427
3945.0,3.4532374100719427
3946.0,3.4532374100719427
3947.0,3.4532374100719427
3948.0,3.4532374100719427
3949.0,3.4532374100719427
3950.0,3.4532374100719427
3951.0,3.4532374100719427
3952.0,3.4532374100719427
3953.0,3.4532374100719427
3954.0,3.4100719424460433
3955.0,3.4532374100719427
3956.0,3.4532374100719427
3957.0,3.4532374100719427
3958.0,3.4532374100719427
3959.0,3.4532374100719427
3960.0,3.4100719424460433
3961.0,3.4532374100719427
3962.0,3.4100719424460433
3963.0,3.4532374100719427
3964.0,3.4532374100719427
3965.0,3.4532374100719427
3966.0,3.4964028776978417
3967.0,3.4532374100719427
3968.0,3.4532374100719427
3969.0,3.4532374100719427
3970.0,3.4532374100719427
3971.0,3.4100719424460433
3972.0,3.4100719424460433
3973.0,3.4532374100719427
3974.0,3.4100719424460433
3975.0,3.4532374100719427
3976.0,3.4532374100719427
3977.0,3.4532374100719427
3978.0,3.4532374100719427
3979.0,3.4532374100719427
3980.0,3.4532374100719427
3981.0,3.4532374100719427
3982.0,3.4532374100719427
3983.0,3.4532374100719427
3984.0,3.4532374100719427
3985.0,3.4532374100719427
3986.0,3.4532374100719427
3987.0,3.4100719424460433
3988.0,3.4532374100719427
3989.0,3.4100719424460433
3990.0,3.4532374100719427
3991.0,3.4532374100719427
3992.0,3.4100719424460433
3993.0,3.4532374100719427
3994.0,3.4532374100719427
3995.0,3.4532374100719427
3996.0,3.4100719424460433
3997.0,3.4100719424460433
3998.0,3.4532374100719427
3999.0,3.4532374100719427
4000.0,3.4532374100719427
4001.0,3.4532374100719427
4002.0,3.4100719424460433
4003.0,3.4532374100719427
4004.0,3.4532374100719427
4005.0,3.4532374100719427
4006.0,3.4100719424460433
4007.0,3.4532374100719427
4008.0,3.4532374100719427
4009.0,3.4100719424460433
4010.0,3.4532374100719427
4011.0,3.4100719424460433
4012.0,3.4100719424460433
4013.0,3.4532374100719427
4014.0,3.4100719424460433
4015.0,3.4532374100719427
4016.0,3.4532374100719427
4017.0,3.4532374100719427
4018.0,3.4532374100719427
4019.0,3.4532374100719427
4020.0,3.4532374100719427
4021.0,3.4532374100719427
4022.0,3.4532374100719427
4023.0,3.4100719424460433
4024.0,3.4532374100719427
4025.0,3.4532374100719427
4026.0,3.4532374100719427
4027.0,3.4532374100719427
4028.0,3.4532374100719427
4029.0,3.4532374100719427
4030.0,3.4532374100719427
4031.0,3.4100719424460433
4032.0,3.4532374100719427
4033.0,3.4532374100719427
4034.0,3.4100719424460433
4035.0,3.4532374100719427
4036.0,3.4532374100719427
4037.0,3.4100719424460433
4038.0,3.4532374100719427
4039.0,3.4100719424460433
4040.0,3.4100719424460433
4041.0,3.4532374100719427
4042.0,3.4532374100719427
4043.0,3.4532374100719427
4044.0,3.4532374100719427
4045.0,3.4532374100719427
4046.0,3.4532374100719427
4047.0,3.4532374100719427
4048.0,3.4532374100719427
4049.0,3.4532374100719427
4050.0,3.4532374100719427
4051.0,3.4100719424460433
4052.0,3.4532374100719427
4053.0,3.4100719424460433
4054.0,3.4100719424460433
4055.0,3.4100719424460433
4056.0,3.4100719424460433
4057.0,3.4532374100719427
4058.0,3.4532374100719427
4059.0,3.4532374100719427
4060.0,3.4532374100719427
4061.0,3.4532374100719427
4062.0,3.4100719424460433
4063.0,3.4532374100719427
4064.0,3.4532374100719427
4065.0,3.4532374100719427
4066.0,3.4964028776978417
4067.0,3.4532374100719427
4068.0,3.4532374100719427
4069.0,3.4532374100719427
4070.0,3.4532374100719427
4071.0,3.4100719424460433
4072.0,3.4532374100719427
4073.0,3.4100719424460433
4074.0,3.4532374100719427
4075.0,3.4532374100719427
4076.0,3.4100719424460433
4077.0,3.4100719424460433
4078.0,3.4100719424460433
4079.0,3.4100719424460433
4080.0,3.4532374100719427
4081.0,3.4532374100719427
4082.0,3.4532374100719427
4083.0,3.4532374100719427
4084.0,3.4532374100719427
4085.0,3.4532374100719427
4086.0,3.4532374100719427
4087.0,3.4532374100719427
4088.0,3.4532374100719427
4089.0,3.4100719424460433
4090.0,3.4100719424460433
4091.0,3.4532374100719427
4092.0,3.4532374100719427
4093.0,3.4532374100719427
4094.0,3.4100719424460433
4095.0,3.4100719424460433
4096.0,3.4100719424460433
4097.0,3.4532374100719427
4098.0,3.4100719424460433
4099.0,3.4100719424460433
4100.0,3.4100719424460433
4101.0,3.4532374100719427
4102.0,3.4532374100719427
4103.0,3.4532374100719427
4104.0,3.4532374100719427
4105.0,3.4532374100719427
4106.0,3.4100719424460433
4107.0,3.4532374100719427
4108.0,3.4100719424460433
4109.0,3.4532374100719427
4110.0,3.4532374100719427
4111.0,3.4532374100719427
4112.0,3.4100719424460433
4113.0,3.4100719424460433
4114.0,3.4100719424460433
4115.0,3.4532374100719427
4116.0,3.4532374100719427
4117.0,3.4532374100719427
4118.0,3.4532374100719427
4119.0,3.4532374100719427
4120.0,3.4532374100719427
4121.0,3.4532374100719427
4122.0,3.4532374100719427
4123.0,3.4100719424460433
4124.0,3.4532374100719427
4125.0,3.4532374100719427
4126.0,3.4100719424460433
4127.0,3.4532374100719427
4128.0,3.4100719424460433
4129.0,3.4532374100719427
4130.0,3.4532374100719427
4131.0,3.4532374100719427
4132.0,3.4532374100719427
4133.0,3.4532374100719427
4134.0,3.4100719424460433
4135.0,3.4532374100719427
4136.0,3.4100719424460433
4137.0,3.4532374100719427
4138.0,3.4100719424460433
4139.0,3.4100719424460433
4140.0,3.4532374100719427
4141.0,3.4532374100719427
4142.0,3.4532374100719427
4143.0,3.4532374100719427
4144.0,3.4532374100719427
4145.0,3.4532374100719427
4146.0,3.4532374100719427
4147.0,3.4532374100719427
4148.0,3.4532374100719427
4149.0,3.4100719424460433
4150.0,3.4100719424460433
4151.0,3.4100719424460433
4152.0,3.4532374100719427
4153.0,3.4532374100719427
4154.0,3.4100719424460433
4155.0,3.4532374100719427
4156.0,3.4100719424460433
4157.0,3.4532374100719427
4158.0,3.4532374100719427
4159.0,3.4100719424460433
4160.0,3.4532374100719427
4161.0,3.4532374100719427
4162.0,3.4532374100719427
4163.0,3.4532374100719427
4164.0,3.4532374100719427
4165.0,3.4532374100719427
4166.0,3.4532374100719427
4167.0,3.4532374100719427
4168.0,3.4532374100719427
4169.0,3.4532374100719427
4170.0,3.4532374100719427
4171.0,3.4100719424460433
4172.0,3.4532374100719427
4173.0,3.4100719424460433
4174.0,3.4532374100719427
4175.0,3.4100719424460433
4176.0,3.4100719424460433
4177.0,3.4100719424460433
4178.0,3.4100719424460433
4179.0,3.4100719424460433
4180.0,3.4532374100719427
4181.0,3.4100719424460433
4182.0,3.4100719424460433
4183.0,3.4100719424460433
4184.0,3.4532374100719427
4185.0,3.4532374100719427
4186.0,3.4100719424460433
4187.0,3.4100719424460433
4188.0,3.4100719424460433
4189.0,3.4100719424460433
4190.0,3.4100719424460433
4191.0,3.4532374100719427
4192.0,3.4532374100719427
4193.0,3.4532374100719427
4194.0,3.4100719424460433
4195.0,3.4532374100719427
4196.0,3.4100719424460433
4197.0,3.4532374100719427
4198.0,3.4100719424460433
4199.0,3.4100719424460433
4200.0,3.4532374100719427
4201.0,3.4100719424460433
4202.0,3.4532374100719427
4203.0,3.4532374100719427
4204.0,3.4532374100719427
4205.0,3.4532374100719427
4206.0,3.4532374100719427
4207.0,3.4532374100719427
4208.0,3.4532374100719427
4209.0,3.4532374100719427
4210.0,3.4532374100719427
4211.0,3.4532374100719427
4212.0,3.4100719424460433
4213.0,3.4532374100719427
4214.0,3.4532374100719427
4215.0,3.4100719424460433
4216.0,3.4100719424460433
4217.0,3.4100719424460433
4218.0,3.4532374100719427
4219.0,3.4100719424460433
4220.0,3.4100719424460433
4221.0,3.4532374100719427
4222.0,3.4100719424460433
4223.0,3.4100719424460433
4224.0,3.4100719424460433
4225.0,3.4100719424460433
4226.0,3.4100719424460433
4227.0,3.4100719424460433
4228.0,3.4532374100719427
4229.0,3.4100719424460433
4230.0,3.4532374100719427
4231.0,3.4532374100719427
4232.0,3.4100719424460433
4233.0,3.4100719424460433
4234.0,3.4100719424460433
4235.0,3.4532374100719427
4236.0,3.4532374100719427
4237.0,3.4532374100719427
4238.0,3.4100719424460433
4239.0,3.4100719424460433
4240.0,3.4100719424460433
4241.0,3.4532374100719427
4242.0,3.4100719424460433
4243.0,3.4532374100719427
4244.0,3.4532374100719427
4245.0,3.4532374100719427
4246.0,3.4100719424460433
4247.0,3.4100719424460433
4248.0,3.4100719424460433
4249.0,3.4100719424460433
4250.0,3.4532374100719427
4251.0,3.4532374100719427
4252.0,3.4532374100719427
4253.0,3.4532374100719427
4254.0,3.4532374100719427
4255.0,3.4100719424460433
4256.0,3.4532374100719427
4257.0,3.4100719424460433
4258.0,3.4532374100719427
4259.0,3.4532374100719427
4260.0,3.4532374100719427
4261.0,3.4532374100719427
4262.0,3.4532374100719427
4263.0,3.4100719424460433
4264.0,3.4100719424460433
4265.0,3.4100719424460433
4266.0,3.4532374100719427
4267.0,3.4532374100719427
4268.0,3.4532374100719427
4269.0,3.4532374100719427
4270.0,3.4532374100719427
4271.0,3.4100719424460433
4272.0,3.4100719424460433
4273.0,3.4100719424460433
4274.0,3.4100719424460433
4275.0,3.4100719424460433
4276.0,3.4100719424460433
4277.0,3.4100719424460433
4278.0,3.4100719424460433
4279.0,3.4100719424460433
4280.0,3.4100719424460433
4281.0,3.4100719424460433
4282.0,3.4100719424460433
4283.0,3.4100719424460433
4284.0,3.4100719424460433
4285.0,3.4100719424460433
4286.0,3.4532374100719427
4287.0,3.4100719424460433
4288.0,3.4532374100719427
4289.0,3.4532374100719427
4290.0,3.4532374100719427
4291.0,3.4532374100719427
4292.0,3.4532374100719427
4293.0,3.4532374100719427
4294.0,3.4100719424460433
4295.0,3.4100719424460433
4296.0,3.4100719424460433
4297.0,3.4532374100719427
4298.0,3.4100719424460433
4299.0,3.4532374100719427
4300.0,3.4100719424460433
4301.0,3.4532374100719427
4302.0,3.4532374100719427
4303.0,3.4100719424460433
4304.0,3.4532374100719427
4305.0,3.4532374100719427
4306.0,3.4100719424460433
4307.0,3.4532374100719427
4308.0,3.4100719424460433
4309.0,3.4532374100719427
4310.0,3.4532374100719427
4311.0,3.4100719424460433
4312.0,3.4100719424460433
4313.0,3.4100719424460433
4314.0,3.4100719424460433
4315.0,3.4532374100719427
4316.0,3.4532374100719427
4317.0,3.4100719424460433
4318.0,3.4532374100719427
4319.0,3.4532374100719427
4320.0,3.4100719424460433
4321.0,3.4100719424460433
4322.0,3.4100719424460433
4323.0,3.4100719424460433
4324.0,3.4100719424460433
4325.0,3.4532374100719427
4326.0,3.4100719424460433
4327.0,3.4100719424460433
4328.0,3.4100719424460433
4329.0,3.4100719424460433
4330.0,3.4100719424460433
4331.0,3.4100719424460433
4332.0,3.4100719424460433
4333.0,3.4100719424460433
4334.0,3.4100719424460433
4335.0,3.4532374100719427
4336.0,3.4532374100719427
4337.0,3.4532374100719427
4338.0,3.4100719424460433
4339.0,3.4100719424460433
4340.0,3.4532374100719427
4341.0,3.4532374100719427
4342.0,3.4100719424460433
4343.0,3.4532374100719427
4344.0,3.4532374100719427
4345.0,3.4532374100719427
4346.0,3.4532374100719427
4347.0,3.4100719424460433
4348.0,3.4532374100719427
4349.0,3.4532374100719427
4350.0,3.4100719424460433
4351.0,3.4532374100719427
4352.0,3.4532374100719427
4353.0,3.4100719424460433
4354.0,3.4100719424460433
4355.0,3.4100719424460433
4356.0,3.4100719424460433
4357.0,3.4532374100719427
4358.0,3.4532374100719427
4359.0,3.4532374100719427
4360.0,3.4532374100719427
4361.0,3.4100719424460433
4362.0,3.4100719424460433
4363.0,3.4100719424460433
4364.0,3.4100719424460433
4365.0,3.4100719424460433
4366.0,3.4532374100719427
4367.0,3.4100719424460433
4368.0,3.4100719424460433
4369.0,3.4100719424460433
4370.0,3.4100719424460433
4371.0,3.4100719424460433
4372.0,3.4100719424460433
4373.0,3.4100719424460433
4374.0,3.4100719424460433
4375.0,3.4100719424460433
4376.0,3.4100719424460433
4377.0,3.4100719424460433
4378.0,3.4100719424460433
4379.0,3.4100719424460433
4380.0,3.4100719424460433
4381.0,3.4100719424460433
4382.0,3.4532374100719427
4383.0,3.4532374100719427
4384.0,3.4100719424460433
4385.0,3.4532374100719427
4386.0,3.4532374100719427
4387.0,3.4532374100719427
4388.0,3.4100719424460433
4389.0,3.4532374100719427
4390.0,3.4100719424460433
4391.0,3.4532374100719427
4392.0,3.4532374100719427
4393.0,3.4532374100719427
4394.0,3.4532374100719427
4395.0,3.4532374100719427
4396.0,3.4100719424460433
4397.0,3.4100719424460433
4398.0,3.4532374100719427
4399.0,3.4100719424460433
4400.0,3.4100719424460433
4401.0,3.4100719424460433
4402.0,3.4100719424460433
4403.0,3.4100719424460433
4404.0,3.4100719424460433
4405.0,3.4100719424460433
4406.0,3.4100719424460433
4407.0,3.4532374100719427
4408.0,3.4100719424460433
4409.0,3.4532374100719427
4410.0,3.4100719424460433
4411.0,3.4100719424460433
4412.0,3.4100719424460433
4413.0,3.4100719424460433
4414.0,3.4100719424460433
4415.0,3.4100719424460433
4416.0,3.4100719424460433
4417.0,3.4532374100719427
4418.0,3.4532374100719427
4419.0,3.4532374100719427
4420.0,3.4100719424460433
4421.0,3.4100719424460433
4422.0,3.4532374100719427
4423.0,3.4100719424460433
4424.0,3.4532374100719427
4425.0,3.4532374100719427
4426.0,3.4100719424460433
4427.0,3.4100719424460433
4428.0,3.4100719424460433
4429.0,3.4532374100719427
4430.0,3.4532374100719427
4431.0,3.4532374100719427
4432.0,3.4532374100719427
4433.0,3.4100719424460433
4434.0,3.4100719424460433
4435.0,3.4532374100719427
4436.0,3.4532374100719427
4437.0,3.4100719424460433
4438.0,3.4100719424460433
4439.0,3.4100719424460433
4440.0,3.4100719424460433
4441.0,3.4100719424460433
4442.0,3.4100719424460433
4443.0,3.4100719424460433
4444.0,3.4100719424460433
4445.0,3.4100719424460433
4446.0,3.4100719424460433
4447.0,3.4100719424460433
4448.0,3.4100719424460433
4449.0,3.4100719424460433
4450.0,3.4100719424460433
4451.0,3.4532374100719427
4452.0,3.4100719424460433
4453.0,3.4100719424460433
4454.0,3.4100719424460433
4455.0,3.4100719424460433
4456.0,3.4100719424460433
4457.0,3.4532374100719427
4458.0,3.4532374100719427
4459.0,3.4100719424460433
4460.0,3.4532374100719427
4461.0,3.4100719424460433
4462.0,3.4100719424460433
4463.0,3.4100719424460433
4464.0,3.4100719424460433
4465.0,3.4532374100719427
4466.0,3.4532374100719427
4467.0,3.4532374100719427
4468.0,3.4532374100719427
4469.0,3.4100719424460433
4470.0,3.4532374100719427
4471.0,3.4100719424460433
4472.0,3.4532374100719427
4473.0,3.4100719424460433
4474.0,3.4100719424460433
4475.0,3.4100719424460433
4476.0,3.4100719424460433
4477.0,3.4532374100719427
4478.0,3.4532374100719427
4479.0,3.4100719424460433
4480.0,3.4100719424460433
4481.0,3.4100719424460433
4482.0,3.4100719424460433
4483.0,3.4100719424460433
4484.0,3.4100719424460433
4485.0,3.4100719424460433
4486.0,3.4100719424460433
4487.0,3.4100719424460433
4488.0,3.4100719424460433
4489.0,3.4100719424460433
4490.0,3.4100719424460433
4491.0,3.4100719424460433
4492.0,3.4100719424460433
4493.0,3.4532374100719427
4494.0,3.4100719424460433
4495.0,3.4100719424460433
4496.0,3.4100719424460433
4497.0,3.4100719424460433
4498.0,3.4100719424460433
4499.0,3.4100719424460433
4500.0,3.4100719424460433
4501.0,3.4100719424460433
4502.0,3.4100719424460433
4503.0,3.4532374100719427
4504.0,3.4100719424460433
4505.0,3.4100719424460433
4506.0,3.4100719424460433
4507.0,3.4100719424460433
4508.0,3.4100719424460433
4509.0,3.4532374100719427
4510.0,3.4100719424460433
4511.0,3.4100719424460433
4512.0,3.4100719424460433
4513.0,3.4100719424460433
4514.0,3.4100719424460433
4515.0,3.4100719424460433
4516.0,3.4532374100719427
4517.0,3.4532374100719427
4518.0,3.4100719424460433
4519.0,3.4532374100719427
4520.0,3.4100719424460433
4521.0,3.4532374100719427
4522.0,3.4532374100719427
4523.0,3.4100719424460433
4524.0,3.4100719424460433
4525.0,3.4100719424460433
4526.0,3.4532374100719427
4527.0,3.4100719424460433
4528.0,3.4532374100719427
4529.0,3.4100719424460433
4530.0,3.4100719424460433
4531.0,3.4100719424460433
4532.0,3.4100719424460433
4533.0,3.4100719424460433
4534.0,3.4532374100719427
4535.0,3.4100719424460433
4536.0,3.4100719424460433
4537.0,3.4100719424460433
4538.0,3.4100719424460433
4539.0,3.4100719424460433
4540.0,3.4100719424460433
4541.0,3.4532374100719427
4542.0,3.4100719424460433
4543.0,3.4532374100719427
4544.0,3.4100719424460433
4545.0,3.4100719424460433
4546.0,3.4100719424460433
4547.0,3.4532374100719427
4548.0,3.4100719424460433
4549.0,3.4100719424460433
4550.0,3.4100719424460433
4551.0,3.4532374100719427
4552.0,3.4100719424460433
4553.0,3.4100719424460433
4554.0,3.4100719424460433
4555.0,3.4100719424460433
4556.0,3.4100719424460433
4557.0,3.4100719424460433
4558.0,3.4100719424460433
4559.0,3.4100719424460433
4560.0,3.4100719424460433
4561.0,3.4100719424460433
4562.0,3.4100719424460433
4563.0,3.4100719424460433
4564.0,3.4100719424460433
4565.0,3.4532374100719427
4566.0,3.4100719424460433
4567.0,3.4532374100719427
4568.0,3.4532374100719427
4569.0,3.4532374100719427
4570.0,3.4100719424460433
4571.0,3.4100719424460433
4572.0,3.4100719424460433
4573.0,3.4100719424460433
4574.0,3.4532374100719427
4575.0,3.4100719424460433
4576.0,3.4100719424460433
4577.0,3.4100719424460433
4578.0,3.4100719424460433
4579.0,3.4100719424460433
4580.0,3.4100719424460433
4581.0,3.4100719424460433
4582.0,3.4100719424460433
4583.0,3.4100719424460433
4584.0,3.4100719424460433
4585.0,3.4100719424460433
4586.0,3.4100719424460433
4587.0,3.4100719424460433
4588.0,3.4100719424460433
4589.0,3.4100719424460433
4590.0,3.4100719424460433
4591.0,3.4100719424460433
4592.0,3.4532374100719427
4593.0,3.4100719424460433
4594.0,3.4100719424460433
4595.0,3.4100719424460433
4596.0,3.4100719424460433
4597.0,3.4100719424460433
4598.0,3.4100719424460433
4599.0,3.4100719424460433
4600.0,3.4100719424460433
4601.0,3.4100719424460433
4602.0,3.4532374100719427
4603.0,3.4100719424460433
4604.0,3.4100719424460433
4605.0,3.4100719424460433
4606.0,3.4100719424460433
4607.0,3.4100719424460433
4608.0,3.4100719424460433
4609.0,3.4100719424460433
4610.0,3.4100719424460433
4611.0,3.4100719424460433
4612.0,3.4100719424460433
4613.0,3.4100719424460433
4614.0,3.4100719424460433
4615.0,3.4100719424460433
4616.0,3.4100719424460433
4617.0,3.4532374100719427
4618.0,3.4100719424460433
4619.0,3.4100719424460433
4620.0,3.4100719424460433
4621.0,3.4532374100719427
4622.0,3.4100719424460433
4623.0,3.4100719424460433
4624.0,3.4100719424460433
4625.0,3.4100719424460433
4626.0,3.4100719424460433
4627.0,3.4100719424460433
4628.0,3.4100719424460433
4629.0,3.4100719424460433
4630.0,3.4100719424460433
4631.0,3.4100719424460433
4632.0,3.4100719424460433
4633.0,3.4100719424460433
4634.0,3.4532374100719427
4635.0,3.4100719424460433
4636.0,3.4100719424460433
4637.0,3.4532374100719427
4638.0,3.4100719424460433
4639.0,3.4100719424460433
4640.0,3.4100719424460433
4641.0,3.4532374100719427
4642.0,3.4532374100719427
4643.0,3.4532374100719427
4644.0,3.4100719424460433
4645.0,3.4532374100719427
4646.0,3.4100719424460433
4647.0,3.4532374100719427
4648.0,3.4100719424460433
4649.0,3.4100719424460433
4650.0,3.4100719424460433
4651.0,3.4100719424460433
4652.0,3.4100719424460433
4653.0,3.4100719424460433
4654.0,3.4100719424460433
4655.0,3.4100719424460433
4656.0,3.4100719424460433
4657.0,3.4100719424460433
4658.0,3.4100719424460433
4659.0,3.4100719424460433
4660.0,3.4100719424460433
4661.0,3.4532374100719427
4662.0,3.4100719424460433
4663.0,3.4100719424460433
4664.0,3.4100719424460433
4665.0,3.4100719424460433
4666.0,3.4100719424460433
4667.0,3.4100719424460433
4668.0,3.4100719424460433
4669.0,3.4100719424460433
4670.0,3.4100719424460433
4671.0,3.4100719424460433
4672.0,3.4100719424460433
4673.0,3.4100719424460433
4674.0,3.4100719424460433
4675.0,3.4100719424460433
4676.0,3.4100719424460433
4677.0,3.4100719424460433
4678.0,3.4100719424460433
4679.0,3.4100719424460433
4680.0,3.4100719424460433
4681.0,3.4100719424460433
4682.0,3.4100719424460433
4683.0,3.4532374100719427
4684.0,3.4100719424460433
4685.0,3.4100719424460433
4686.0,3.4100719424460433
4687.0,3.4532374100719427
4688.0,3.4100719424460433
4689.0,3.4100719424460433
4690.0,3.4100719424460433
4691.0,3.4100719424460433
4692.0,3.4100719424460433
4693.0,3.4100719424460433
4694.0,3.4100719424460433
4695.0,3.4100719424460433
4696.0,3.4100719424460433
4697.0,3.4532374100719427
4698.0,3.4100719424460433
4699.0,3.4100719424460433
4700.0,3.4100719424460433
4701.0,3.4100719424460433
4702.0,3.4100719424460433
4703.0,3.4100719424460433
4704.0,3.4100719424460433
4705.0,3.4100719424460433
4706.0,3.4100719424460433
4707.0,3.4100719424460433
4708.0,3.4100719424460433
4709.0,3.4100719424460433
4710.0,3.4100719424460433
4711.0,3.4100719424460433
4712.0,3.4100719424460433
4713.0,3.4100719424460433
4714.0,3.4100719424460433
4715.0,3.4100719424460433
4716.0,3.4100719424460433
4717.0,3.4100719424460433
4718.0,3.4100719424460433
4719.0,3.4100719424460433
4720.0,3.4100719424460433
4721.0,3.4100719424460433
4722.0,3.4100719424460433
4723.0,3.4100719424460433
4724.0,3.4100719424460433
4725.0,3.4100719424460433
4726.0,3.4100719424460433
4727.0,3.4100719424460433
4728.0,3.4100719424460433
4729.0,3.4100719424460433
4730.0,3.4100719424460433
4731.0,3.4100719424460433
4732.0,3.4100719424460433
4733.0,3.4100719424460433
4734.0,3.4100719424460433
4735.0,3.4100719424460433
4736.0,3.4100719424460433
4737.0,3.4100719424460433
4738.0,3.4100719424460433
4739.0,3.4100719424460433
4740.0,3.4100719424460433
4741.0,3.4100719424460433
4742.0,3.4100719424460433
4743.0,3.4100719424460433
4744.0,3.4100719424460433
4745.0,3.4532374100719427
4746.0,3.4100719424460433
4747.0,3.4532374100719427
4748.0,3.4100719424460433
4749.0,3.4100719424460433
4750.0,3.4100719424460433
4751.0,3.4100719424460433
4752.0,3.4100719424460433
4753.0,3.4100719424460433
4754.0,3.4100719424460433
4755.0,3.4100719424460433
4756.0,3.4100719424460433
4757.0,3.4100719424460433
4758.0,3.4100719424460433
4759.0,3.4100719424460433
4760.0,3.4100719424460433
4761.0,3.4100719424460433
4762.0,3.4100719424460433
4763.0,3.4100719424460433
4764.0,3.4100719424460433
4765.0,3.4100719424460433
4766.0,3.4100719424460433
4767.0,3.4532374100719427
4768.0,3.4100719424460433
4769.0,3.4100719424460433
4770.0,3.4100719424460433
4771.0,3.4100719424460433
4772.0,3.4100719424460433
4773.0,3.4100719424460433
4774.0,3.4100719424460433
4775.0,3.4100719424460433
4776.0,3.4100719424460433
4777.0,3.4532374100719427
4778.0,3.4532374100719427
4779.0,3.4100719424460433
4780.0,3.4532374100719427
4781.0,3.4100719424460433
4782.0,3.4100719424460433
4783.0,3.4100719424460433
4784.0,3.4100719424460433
4785.0,3.4100719424460433
4786.0,3.4100719424460433
4787.0,3.4100719424460433
4788.0,3.4100719424460433
4789.0,3.4100719424460433
4790.0,3.4100719424460433
4791.0,3.4100719424460433
4792.0,3.4100719424460433
4793.0,3.4100719424460433
4794.0,3.4532374100719427
4795.0,3.4100719424460433
4796.0,3.4100719424460433
4797.0,3.4100719424460433
4798.0,3.4100719424460433
4799.0,3.4100719424460433
4800.0,3.4100719424460433
4801.0,3.4100719424460433
4802.0,3.4100719424460433
4803.0,3.4100719424460433
4804.0,3.4100719424460433
4805.0,3.4100719424460433
4806.0,3.4100719424460433
4807.0,3.4100719424460433
4808.0,3.4100719424460433
4809.0,3.4100719424460433
4810.0,3.4100719424460433
4811.0,3.4100719424460433
4812.0,3.4100719424460433
4813.0,3.4100719424460433
4814.0,3.4100719424460433
4815.0,3.4100719424460433
4816.0,3.4100719424460433
4817.0,3.4100719424460433
4818.0,3.4100719424460433
4819.0,3.4100719424460433
4820.0,3.4100719424460433
4821.0,3.4100719424460433
4822.0,3.4100719424460433
4823.0,3.4100719424460433
4824.0,3.4100719424460433
4825.0,3.4100719424460433
4826.0,3.4100719424460433
4827.0,3.4100719424460433
4828.0,3.4100719424460433
4829.0,3.4100719424460433
4830.0,3.4100719424460433
4831.0,3.3669064748201443
4832.0,3.4100719424460433
4833.0,3.4100719424460433
4834.0,3.4532374100719427
4835.0,3.4532374100719427
4836.0,3.4532374100719427
4837.0,3.4532374100719427
4838.0,3.4100719424460433
4839.0,3.4100719424460433
4840.0,3.4100719424460433
4841.0,3.4100719424460433
4842.0,3.4532374100719427
4843.0,3.4100719424460433
4844.0,3.4532374100719427
4845.0,3.4100719424460433
4846.0,3.4100719424460433
4847.0,3.4100719424460433
4848.0,3.4100719424460433
4849.0,3.4100719424460433
4850.0,3.4100719424460433
4851.0,3.4100719424460433
4852.0,3.4100719424460433
4853.0,3.4100719424460433
4854.0,3.4100719424460433
4855.0,3.4100719424460433
4856.0,3.4100719424460433
4857.0,3.4100719424460433
4858.0,3.4100719424460433
4859.0,3.4532374100719427
4860.0,3.4100719424460433
4861.0,3.4100719424460433
4862.0,3.4100719424460433
4863.0,3.4100719424460433
4864.0,3.4100719424460433
4865.0,3.4100719424460433
4866.0,3.4100719424460433
4867.0,3.4100719424460433
4868.0,3.4100719424460433
4869.0,3.4100719424460433
4870.0,3.4100719424460433
4871.0,3.4100719424460433
4872.0,3.4100719424460433
4873.0,3.4100719424460433
4874.0,3.4100719424460433
4875.0,3.4100719424460433
4876.0,3.4100719424460433
4877.0,3.4100719424460433
4878.0,3.4532374100719427
4879.0,3.4100719424460433
4880.0,3.4100719424460433
4881.0,3.4100719424460433
4882.0,3.4100719424460433
4883.0,3.4100719424460433
4884.0,3.4100719424460433
4885.0,3.4100719424460433
4886.0,3.4100719424460433
4887.0,3.4100719424460433
4888.0,3.4100719424460433
4889.0,3.4100719424460433
4890.0,3.4100719424460433
4891.0,3.4100719424460433
4892.0,3.4100719424460433
4893.0,3.4100719424460433
4894.0,3.4100719424460433
4895.0,3.4100719424460433
4896.0,3.4100719424460433
4897.0,3.4100719424460433
4898.0,3.3669064748201443
4899.0,3.4100719424460433
4900.0,3.4100719424460433
4901.0,3.4100719424460433
4902.0,3.4100719424460433
4903.0,3.4100719424460433
4904.0,3.4100719424460433
4905.0,3.4100719424460433
4906.0,3.4100719424460433
4907.0,3.4100719424460433
4908.0,3.4100719424460433
4909.0,3.4532374100719427
4910.0,3.4100719424460433
4911.0,3.4532374100719427
4912.0,3.4100719424460433
4913.0,3.4100719424460433
4914.0,3.4100719424460433
4915.0,3.4100719424460433
4916.0,3.4100719424460433
4917.0,3.4100719424460433
4918.0,3.4100719424460433
4919.0,3.4532374100719427
4920.0,3.4100719424460433
4921.0,3.4100719424460433
4922.0,3.4100719424460433
4923.0,3.4100719424460433
4924.0,3.4100719424460433
4925.0,3.4100719424460433
4926.0,3.4532374100719427
4927.0,3.4100719424460433
4928.0,3.4532374100719427
4929.0,3.4100719424460433
4930.0,3.4100719424460433
4931.0,3.4100719424460433
4932.0,3.4100719424460433
4933.0,3.4100719424460433
4934.0,3.4100719424460433
4935.0,3.4532374100719427
4936.0,3.4100719424460433
4937.0,3.4100719424460433
4938.0,3.4100719424460433
4939.0,3.4100719424460433
4940.0,3.4100719424460433
4941.0,3.4100719424460433
4942.0,3.4532374100719427
4943.0,3.4100719424460433
4944.0,3.4100719424460433
4945.0,3.4100719424460433
4946.0,3.4100719424460433
4947.0,3.4100719424460433
4948.0,3.4100719424460433
4949.0,3.4100719424460433
4950.0,3.4100719424460433
4951.0,3.4100719424460433
4952.0,3.4100719424460433
4953.0,3.4100719424460433
4954.0,3.4100719424460433
4955.0,3.4100719424460433
4956.0,3.4100719424460433
4957.0,3.4100719424460433
4958.0,3.4100719424460433
4959.0,3.4100719424460433
4960.0,3.4100719424460433
4961.0,3.4100719424460433
4962.0,3.4100719424460433
4963.0,3.4100719424460433
4964.0,3.4100719424460433
4965.0,3.4100719424460433
4966.0,3.4100719424460433
4967.0,3.4532374100719427
4968.0,3.4100719424460433
4969.0,3.4532374100719427
4970.0,3.4100719424460433
4971.0,3.4100719424460433
4972.0,3.4100719424460433
4973.0,3.4100719424460433
4974.0,3.4100719424460433
4975.0,3.4100719424460433
4976.0,3.4100719424460433
4977.0,3.4100719424460433
4978.0,3.4100719424460433
4979.0,3.4100719424460433
4980.0,3.4100719424460433
4981.0,3.4100719424460433
4982.0,3.4100719424460433
4983.0,3.4100719424460433
4984.0,3.4100719424460433
4985.0,3.4100719424460433
4986.0,3.4100719424460433
4987.0,3.4100719424460433
4988.0,3.4100719424460433
4989.0,3.4100719424460433
4990.0,3.4100719424460433
4991.0,3.4100719424460433
4992.0,3.4100719424460433
4993.0,3.4100719424460433
4994.0,3.4100719424460433
4995.0,3.4100719424460433
4996.0,3.4100719424460433
4997.0,3.4100719424460433
4998.0,3.4100719424460433
4999.0,3.4100719424460433
5000.0,3.4100719424460433
5001.0,3.4100719424460433
5002.0,3.4100719424460433
5003.0,3.4100719424460433
5004.0,3.4100719424460433
5005.0,3.4100719424460433
5006.0,3.4100719424460433
5007.0,3.4532374100719427
5008.0,3.4100719424460433
5009.0,3.4100719424460433
5010.0,3.4100719424460433
5011.0,3.4100719424460433
5012.0,3.4100719424460433
5013.0,3.4100719424460433
5014.0,3.4532374100719427
5015.0,3.3669064748201443
5016.0,3.4100719424460433
5017.0,3.4100719424460433
5018.0,3.4100719424460433
5019.0,3.4100719424460433
5020.0,3.4100719424460433
5021.0,3.4100719424460433
5022.0,3.4100719424460433
5023.0,3.4100719424460433
5024.0,3.4100719424460433
5025.0,3.4100719424460433
5026.0,3.4100719424460433
5027.0,3.4100719424460433
5028.0,3.4100719424460433
5029.0,3.4100719424460433
5030.0,3.4100719424460433
5031.0,3.4100719424460433
5032.0,3.4100719424460433
5033.0,3.4100719424460433
5034.0,3.4100719424460433
5035.0,3.4100719424460433
5036.0,3.4100719424460433
5037.0,3.4100719424460433
5038.0,3.3669064748201443
5039.0,3.4100719424460433
5040.0,3.3669064748201443
5041.0,3.4100719424460433
5042.0,3.4100719424460433
5043.0,3.4100719424460433
5044.0,3.4100719424460433
5045.0,3.4100719424460433
5046.0,3.4100719424460433
5047.0,3.4100719424460433
5048.0,3.3669064748201443
5049.0,3.4100719424460433
5050.0,3.4100719424460433
5051.0,3.4100719424460433
5052.0,3.4100719424460433
5053.0,3.4100719424460433
5054.0,3.4100719424460433
5055.0,3.4100719424460433
5056.0,3.4100719424460433
5057.0,3.4100719424460433
5058.0,3.4100719424460433
5059.0,3.4100719424460433
5060.0,3.4100719424460433
5061.0,3.4100719424460433
5062.0,3.4100719424460433
5063.0,3.4100719424460433
5064.0,3.4100719424460433
5065.0,3.4100719424460433
5066.0,3.4100719424460433
5067.0,3.4100719424460433
5068.0,3.4100719424460433
5069.0,3.4100719424460433
5070.0,3.4100719424460433
5071.0,3.4100719424460433
5072.0,3.4100719424460433
5073.0,3.4100719424460433
5074.0,3.4100719424460433
5075.0,3.4100719424460433
5076.0,3.4100719424460433
5077.0,3.4100719424460433
5078.0,3.4100719424460433
5079.0,3.4100719424460433
5080.0,3.4100719424460433
5081.0,3.4100719424460433
5082.0,3.3669064748201443
5083.0,3.4100719424460433
5084.0,3.3669064748201443
5085.0,3.4100719424460433
5086.0,3.4100719424460433
5087.0,3.4100719424460433
5088.0,3.4100719424460433
5089.0,3.4100719424460433
5090.0,3.4100719424460433
5091.0,3.4100719424460433
5092.0,3.4100719424460433
5093.0,3.4100719424460433
5094.0,3.4100719424460433
5095.0,3.4100719424460433
5096.0,3.4100719424460433
5097.0,3.4100719424460433
5098.0,3.4100719424460433
5099.0,3.4100719424460433
5100.0,3.4100719424460433
5101.0,3.4100719424460433
5102.0,3.4100719424460433
5103.0,3.4100719424460433
5104.0,3.4100719424460433
5105.0,3.4100719424460433
5106.0,3.4100719424460433
5107.0,3.4100719424460433
5108.0,3.4100719424460433
5109.0,3.4100719424460433
5110.0,3.4100719424460433
5111.0,3.4532374100719427
5112.0,3.4100719424460433
5113.0,3.4100719424460433
5114.0,3.3669064748201443
5115.0,3.3669064748201443
5116.0,3.4100719424460433
5117.0,3.4100719424460433
5118.0,3.3669064748201443
5119.0,3.4100719424460433
5120.0,3.4100719424460433
5121.0,3.4100719424460433
5122.0,3.4100719424460433
5123.0,3.4100719424460433
5124.0,3.3669064748201443
5125.0,3.4100719424460433
5126.0,3.4100719424460433
5127.0,3.4100719424460433
5128.0,3.4100719424460433
5129.0,3.4100719424460433
5130.0,3.4100719424460433
5131.0,3.3669064748201443
5132.0,3.4100719424460433
5133.0,3.4100719424460433
5134.0,3.4100719424460433
5135.0,3.4100719424460433
5136.0,3.4100719424460433
5137.0,3.4100719424460433
5138.0,3.4100719424460433
5139.0,3.4100719424460433
5140.0,3.4100719424460433
5141.0,3.4100719424460433
5142.0,3.4100719424460433
5143.0,3.4100719424460433
5144.0,3.4100719424460433
5145.0,3.4100719424460433
5146.0,3.4100719424460433
5147.0,3.4100719424460433
5148.0,3.4100719424460433
5149.0,3.4100719424460433
5150.0,3.4100719424460433
5151.0,3.4100719424460433
5152.0,3.4532374100719427
5153.0,3.4100719424460433
5154.0,3.4100719424460433
5155.0,3.3669064748201443
5156.0,3.4100719424460433
5157.0,3.4100719424460433
5158.0,3.4100719424460433
5159.0,3.4100719424460433
5160.0,3.4100719424460433
5161.0,3.4100719424460433
5162.0,3.4100719424460433
5163.0,3.4100719424460433
5164.0,3.4100719424460433
5165.0,3.3669064748201443
5166.0,3.4100719424460433
5167.0,3.4100719424460433
5168.0,3.4100719424460433
5169.0,3.4100719424460433
5170.0,3.4100719424460433
5171.0,3.3669064748201443
5172.0,3.4100719424460433
5173.0,3.3669064748201443
5174.0,3.4100719424460433
5175.0,3.4100719424460433
5176.0,3.3669064748201443
5177.0,3.4100719424460433
5178.0,3.4100719424460433
5179.0,3.3669064748201443
5180.0,3.3669064748201443
5181.0,3.4100719424460433
5182.0,3.4100719424460433
5183.0,3.4100719424460433
5184.0,3.4100719424460433
5185.0,3.4100719424460433
5186.0,3.4100719424460433
5187.0,3.4100719424460433
5188.0,3.4100719424460433
5189.0,3.4100719424460433
5190.0,3.4100719424460433
5191.0,3.4100719424460433
5192.0,3.4100719424460433
5193.0,3.4100719424460433
5194.0,3.4100719424460433
5195.0,3.4100719424460433
5196.0,3.4100719424460433
5197.0,3.4100719424460433
5198.0,3.3669064748201443
5199.0,3.4100719424460433
5200.0,3.4100719424460433
5201.0,3.4100719424460433
5202.0,3.4100719424460433
5203.0,3.4100719424460433
5204.0,3.3669064748201443
5205.0,3.4100719424460433
5206.0,3.4100719424460433
5207.0,3.4100719424460433
5208.0,3.4100719424460433
5209.0,3.4100719424460433
5210.0,3.4100719424460433
5211.0,3.3669064748201443
5212.0,3.4100719424460433
5213.0,3.4100719424460433
5214.0,3.4100719424460433
5215.0,3.4100719424460433
5216.0,3.3669064748201443
5217.0,3.4100719424460433
5218.0,3.4100719424460433
5219.0,3.4100719424460433
5220.0,3.4100719424460433
5221.0,3.4100719424460433
5222.0,3.4100719424460433
5223.0,3.3669064748201443
5224.0,3.4100719424460433
5225.0,3.4100719424460433
5226.0,3.4100719424460433
5227.0,3.4100719424460433
5228.0,3.4100719424460433
5229.0,3.4100719424460433
5230.0,3.4100719424460433
5231.0,3.4100719424460433
5232.0,3.4100719424460433
5233.0,3.4100719424460433
5234.0,3.4100719424460433
5235.0,3.4100719424460433
5236.0,3.4100719424460433
5237.0,3.4100719424460433
5238.0,3.4100719424460433
5239.0,3.4100719424460433
5240.0,3.4100719424460433
5241.0,3.4100719424460433
5242.0,3.4100719424460433
5243.0,3.4100719424460433
5244.0,3.4100719424460433
5245.0,3.4100719424460433
5246.0,3.4100719424460433
5247.0,3.4100719424460433
5248.0,3.4100719424460433
5249.0,3.4100719424460433
5250.0,3.4100719424460433
5251.0,3.4100719424460433
5252.0,3.3669064748201443
5253.0,3.4100719424460433
5254.0,3.3669064748201443
5255.0,3.3669064748201443
5256.0,3.4100719424460433
5257.0,3.3669064748201443
5258.0,3.4100719424460433
5259.0,3.4100719424460433
5260.0,3.4100719424460433
5261.0,3.4100719424460433
5262.0,3.4100719424460433
5263.0,3.4100719424460433
5264.0,3.3669064748201443
5265.0,3.4100719424460433
5266.0,3.3669064748201443
5267.0,3.3669064748201443
5268.0,3.4100719424460433
5269.0,3.4100719424460433
5270.0,3.4100719424460433
5271.0,3.3669064748201443
5272.0,3.4100719424460433
5273.0,3.4100719424460433
5274.0,3.4100719424460433
5275.0,3.4100719424460433
5276.0,3.4100719424460433
5277.0,3.4100719424460433
5278.0,3.4100719424460433
5279.0,3.4100719424460433
5280.0,3.4100719424460433
5281.0,3.4100719424460433
5282.0,3.4100719424460433
5283.0,3.4100719424460433
5284.0,3.4100719424460433
5285.0,3.4100719424460433
5286.0,3.4100719424460433
5287.0,3.3669064748201443
5288.0,3.4100719424460433
5289.0,3.4100719424460433
5290.0,3.3669064748201443
5291.0,3.4100719424460433
5292.0,3.4100719424460433
5293.0,3.4100719424460433
5294.0,3.4100719424460433
5295.0,3.4100719424460433
5296.0,3.4100719424460433
5297.0,3.4100719424460433
5298.0,3.4100719424460433
5299.0,3.4100719424460433
5300.0,3.4100719424460433
5301.0,3.4100719424460433
5302.0,3.4100719424460433
5303.0,3.4100719424460433
5304.0,3.3669064748201443
5305.0,3.3669064748201443
5306.0,3.3669064748201443
5307.0,3.3669064748201443
5308.0,3.3669064748201443
5309.0,3.4100719424460433
5310.0,3.3669064748201443
5311.0,3.4100719424460433
5312.0,3.3669064748201443
5313.0,3.4100719424460433
5314.0,3.4100719424460433
5315.0,3.4100719424460433
5316.0,3.4532374100719427
5317.0,3.4100719424460433
5318.0,3.3669064748201443
5319.0,3.4100719424460433
5320.0,3.3669064748201443
5321.0,3.4100719424460433
5322.0,3.4100719424460433
5323.0,3.4100719424460433
5324.0,3.4100719424460433
5325.0,3.3669064748201443
5326.0,3.4100719424460433
5327.0,3.4100719424460433
5328.0,3.4100719424460433
5329.0,3.4100719424460433
5330.0,3.4100719424460433
5331.0,3.4100719424460433
5332.0,3.4100719424460433
5333.0,3.4100719424460433
5334.0,3.4100719424460433
5335.0,3.4100719424460433
5336.0,3.4100719424460433
5337.0,3.4100719424460433
5338.0,3.4100719424460433
5339.0,3.4100719424460433
5340.0,3.3669064748201443
5341.0,3.3669064748201443
5342.0,3.3669064748201443
5343.0,3.3669064748201443
5344.0,3.3669064748201443
5345.0,3.4100719424460433
5346.0,3.3669064748201443
5347.0,3.3669064748201443
5348.0,3.3669064748201443
5349.0,3.3669064748201443
5350.0,3.3669064748201443
5351.0,3.4100719424460433
5352.0,3.4100719424460433
5353.0,3.3669064748201443
5354.0,3.3669064748201443
5355.0,3.3669064748201443
5356.0,3.3669064748201443
5357.0,3.3669064748201443
5358.0,3.4100719424460433
5359.0,3.4100719424460433
5360.0,3.4100719424460433
5361.0,3.4100719424460433
5362.0,3.4100719424460433
5363.0,3.4100719424460433
5364.0,3.4100719424460433
5365.0,3.3669064748201443
5366.0,3.4100719424460433
5367.0,3.4100719424460433
5368.0,3.4100719424460433
5369.0,3.4100719424460433
5370.0,3.4100719424460433
5371.0,3.4100719424460433
5372.0,3.4100719424460433
5373.0,3.4100719424460433
5374.0,3.4100719424460433
5375.0,3.4100719424460433
5376.0,3.4100719424460433
5377.0,3.4100719424460433
5378.0,3.4100719424460433
5379.0,3.3669064748201443
5380.0,3.4100719424460433
5381.0,3.3669064748201443
5382.0,3.3669064748201443
5383.0,3.3669064748201443
5384.0,3.4100719424460433
5385.0,3.4100719424460433
5386.0,3.3669064748201443
5387.0,3.3669064748201443
5388.0,3.4100719424460433
5389.0,3.4100719424460433
5390.0,3.3669064748201443
5391.0,3.4100719424460433
5392.0,3.3669064748201443
5393.0,3.4100719424460433
5394.0,3.4100719424460433
5395.0,3.3669064748201443
5396.0,3.3669064748201443
5397.0,3.4100719424460433
5398.0,3.3669064748201443
5399.0,3.4100719424460433
5400.0,3.4100719424460433
5401.0,3.4100719424460433
5402.0,3.4100719424460433
5403.0,3.4100719424460433
5404.0,3.3669064748201443
5405.0,3.4100719424460433
5406.0,3.4100719424460433
5407.0,3.4100719424460433
5408.0,3.4100719424460433
5409.0,3.3669064748201443
5410.0,3.4100719424460433
5411.0,3.4100719424460433
5412.0,3.3669064748201443
5413.0,3.3669064748201443
5414.0,3.3669064748201443
5415.0,3.4100719424460433
5416.0,3.3669064748201443
5417.0,3.4100719424460433
5418.0,3.3669064748201443
5419.0,3.4100719424460433
5420.0,3.4100719424460433
5421.0,3.4100719424460433
5422.0,3.4100719424460433
5423.0,3.4100719424460433
5424.0,3.3669064748201443
5425.0,3.4100719424460433
5426.0,3.3669064748201443
5427.0,3.4100719424460433
5428.0,3.4100719424460433
5429.0,3.4100719424460433
5430.0,3.3669064748201443
5431.0,3.4100719424460433
5432.0,3.3669064748201443
5433.0,3.4100719424460433
5434.0,3.3669064748201443
5435.0,3.3669064748201443
5436.0,3.3669064748201443
5437.0,3.3669064748201443
5438.0,3.3669064748201443
5439.0,3.4100719424460433
5440.0,3.3669064748201443
5441.0,3.3669064748201443
5442.0,3.3669064748201443
5443.0,3.4100719424460433
5444.0,3.4100719424460433
5445.0,3.4100719424460433
5446.0,3.3669064748201443
5447.0,3.4100719424460433
5448.0,3.3669064748201443
5449.0,3.4100719424460433
5450.0,3.3669064748201443
5451.0,3.3669064748201443
5452.0,3.4100719424460433
5453.0,3.4100719424460433
5454.0,3.4100719424460433
5455.0,3.3669064748201443
5456.0,3.3669064748201443
5457.0,3.4100719424460433
5458.0,3.3669064748201443
5459.0,3.4100719424460433
5460.0,3.4100719424460433
5461.0,3.4100719424460433
5462.0,3.4100719424460433
5463.0,3.4100719424460433
5464.0,3.4100719424460433
5465.0,3.4100719424460433
5466.0,3.4100719424460433
5467.0,3.4100719424460433
5468.0,3.4100719424460433
5469.0,3.3669064748201443
5470.0,3.3669064748201443
5471.0,3.3669064748201443
5472.0,3.4100719424460433
5473.0,3.3669064748201443
5474.0,3.4100719424460433
5475.0,3.4100719424460433
5476.0,3.3669064748201443
5477.0,3.4100719424460433
5478.0,3.4100719424460433
5479.0,3.4100719424460433
5480.0,3.3669064748201443
5481.0,3.3669064748201443
5482.0,3.3669064748201443
5483.0,3.3669064748201443
5484.0,3.4100719424460433
5485.0,3.4100719424460433
5486.0,3.4100719424460433
5487.0,3.4100719424460433
5488.0,3.4100719424460433
5489.0,3.4100719424460433
5490.0,3.4100719424460433
5491.0,3.4100719424460433
5492.0,3.3669064748201443
5493.0,3.3669064748201443
5494.0,3.3669064748201443
5495.0,3.4100719424460433
5496.0,3.3669064748201443
5497.0,3.4100719424460433
5498.0,3.4100719424460433
5499.0,3.4100719424460433
5500.0,3.4100719424460433
5501.0,3.4100719424460433
5502.0,3.4100719424460433
5503.0,3.4100719424460433
5504.0,3.3669064748201443
5505.0,3.3669064748201443
5506.0,3.3669064748201443
5507.0,3.3669064748201443
5508.0,3.3669064748201443
5509.0,3.4100719424460433
5510.0,3.3669064748201443
5511.0,3.3669064748201443
5512.0,3.3669064748201443
5513.0,3.3669064748201443
5514.0,3.3669064748201443
5515.0,3.3669064748201443
5516.0,3.3669064748201443
5517.0,3.4100719424460433
5518.0,3.3669064748201443
5519.0,3.4100719424460433
5520.0,3.3669064748201443
5521.0,3.3669064748201443
5522.0,3.4100719424460433
5523.0,3.3669064748201443
5524.0,3.3669064748201443
5525.0,3.3669064748201443
5526.0,3.3669064748201443
5527.0,3.4100719424460433
5528.0,3.4100719424460433
5529.0,3.4100719424460433
5530.0,3.3669064748201443
5531.0,3.3669064748201443
5532.0,3.4100719424460433
5533.0,3.3669064748201443
5534.0,3.4100719424460433
5535.0,3.3669064748201443
5536.0,3.4100719424460433
5537.0,3.3669064748201443
5538.0,3.3669064748201443
5539.0,3.3669064748201443
5540.0,3.3669064748201443
5541.0,3.3669064748201443
5542.0,3.3669064748201443
5543.0,3.4100719424460433
5544.0,3.4100719424460433
5545.0,3.4100719424460433
5546.0,3.4100719424460433
5547.0,3.4100719424460433
5548.0,3.3669064748201443
5549.0,3.4100719424460433
5550.0,3.3669064748201443
5551.0,3.3669064748201443
5552.0,3.3669064748201443
5553.0,3.4100719424460433
5554.0,3.4100719424460433
5555.0,3.4100719424460433
5556.0,3.3669064748201443
5557.0,3.4100719424460433
5558.0,3.3669064748201443
5559.0,3.4100719424460433
5560.0,3.3669064748201443
5561.0,3.3669064748201443
5562.0,3.4100719424460433
5563.0,3.3669064748201443
5564.0,3.4100719424460433
5565.0,3.3669064748201443
5566.0,3.4100719424460433
5567.0,3.4100719424460433
5568.0,3.3669064748201443
5569.0,3.4100719424460433
5570.0,3.3669064748201443
5571.0,3.3669064748201443
5572.0,3.4100719424460433
5573.0,3.3669064748201443
5574.0,3.3669064748201443
5575.0,3.3669064748201443
5576.0,3.3669064748201443
5577.0,3.4100719424460433
5578.0,3.3669064748201443
5579.0,3.4100719424460433
5580.0,3.3669064748201443
5581.0,3.3669064748201443
5582.0,3.3669064748201443
5583.0,3.4100719424460433
5584.0,3.4100719424460433
5585.0,3.3669064748201443
5586.0,3.3669064748201443
5587.0,3.3669064748201443
5588.0,3.3669064748201443
5589.0,3.3669064748201443
5590.0,3.3669064748201443
5591.0,3.3669064748201443
5592.0,3.3669064748201443
5593.0,3.3669064748201443
5594.0,3.4100719424460433
5595.0,3.4100719424460433
5596.0,3.3669064748201443
5597.0,3.4100719424460433
5598.0,3.3669064748201443
5599.0,3.4100719424460433
5600.0,3.3669064748201443
5601.0,3.3669064748201443
5602.0,3.4100719424460433
5603.0,3.3669064748201443
5604.0,3.3669064748201443
5605.0,3.4100719424460433
5606.0,3.4100719424460433
5607.0,3.3669064748201443
5608.0,3.3669064748201443
5609.0,3.4100719424460433
5610.0,3.3669064748201443
5611.0,3.3669064748201443
5612.0,3.3669064748201443
5613.0,3.4100719424460433
5614.0,3.4100719424460433
5615.0,3.3669064748201443
5616.0,3.3669064748201443
5617.0,3.3669064748201443
5618.0,3.3669064748201443
5619.0,3.3669064748201443
5620.0,3.3669064748201443
5621.0,3.3669064748201443
5622.0,3.3669064748201443
5623.0,3.3669064748201443
5624.0,3.3669064748201443
5625.0,3.3669064748201443
5626.0,3.4100719424460433
5627.0,3.4100719424460433
5628.0,3.3669064748201443
5629.0,3.3669064748201443
5630.0,3.3669064748201443
5631.0,3.3669064748201443
5632.0,3.3669064748201443
5633.0,3.3669064748201443
5634.0,3.3669064748201443
5635.0,3.4100719424460433
5636.0,3.3669064748201443
5637.0,3.3669064748201443
5638.0,3.3669064748201443
5639.0,3.3669064748201443
5640.0,3.3669064748201443
5641.0,3.3669064748201443
5642.0,3.3669064748201443
5643.0,3.4100719424460433
5644.0,3.4100719424460433
5645.0,3.4100719424460433
5646.0,3.3669064748201443
5647.0,3.3669064748201443
5648.0,3.3669064748201443
5649.0,3.3669064748201443
5650.0,3.3669064748201443
5651.0,3.3669064748201443
5652.0,3.3669064748201443
5653.0,3.3669064748201443
5654.0,3.3669064748201443
5655.0,3.3669064748201443
5656.0,3.3669064748201443
5657.0,3.3669064748201443
5658.0,3.3669064748201443
5659.0,3.4100719424460433
5660.0,3.3669064748201443
5661.0,3.3669064748201443
5662.0,3.3669064748201443
5663.0,3.3669064748201443
5664.0,3.3669064748201443
5665.0,3.3669064748201443
5666.0,3.3669064748201443
5667.0,3.3669064748201443
5668.0,3.3669064748201443
5669.0,3.3669064748201443
5670.0,3.3669064748201443
5671.0,3.3669064748201443
5672.0,3.3669064748201443
5673.0,3.3669064748201443
5674.0,3.3669064748201443
5675.0,3.3669064748201443
5676.0,3.4100719424460433
5677.0,3.3669064748201443
5678.0,3.3669064748201443
5679.0,3.3669064748201443
5680.0,3.3669064748201443
5681.0,3.3669064748201443
5682.0,3.4100719424460433
5683.0,3.3669064748201443
5684.0,3.4100719424460433
5685.0,3.4100719424460433
5686.0,3.3669064748201443
5687.0,3.3669064748201443
5688.0,3.4100719424460433
5689.0,3.4100719424460433
5690.0,3.3669064748201443
5691.0,3.3669064748201443
5692.0,3.4100719424460433
5693.0,3.3669064748201443
5694.0,3.3669064748201443
5695.0,3.4100719424460433
5696.0,3.3669064748201443
5697.0,3.3669064748201443
5698.0,3.3669064748201443
5699.0,3.3669064748201443
5700.0,3.3669064748201443
5701.0,3.3669064748201443
5702.0,3.3669064748201443
5703.0,3.4100719424460433
5704.0,3.3669064748201443
5705.0,3.3669064748201443
5706.0,3.3669064748201443
5707.0,3.3669064748201443
5708.0,3.4100719424460433
5709.0,3.4100719424460433
5710.0,3.3669064748201443
5711.0,3.3669064748201443
5712.0,3.3669064748201443
5713.0,3.3669064748201443
5714.0,3.3669064748201443
5715.0,3.4100719424460433
5716.0,3.3669064748201443
5717.0,3.4100719424460433
5718.0,3.3669064748201443
5719.0,3.3669064748201443
5720.0,3.3669064748201443
5721.0,3.4100719424460433
5722.0,3.4100719424460433
5723.0,3.3669064748201443
5724.0,3.3669064748201443
5725.0,3.4100719424460433
5726.0,3.3669064748201443
5727.0,3.4100719424460433
5728.0,3.3669064748201443
5729.0,3.3669064748201443
5730.0,3.3669064748201443
5731.0,3.3669064748201443
5732.0,3.3669064748201443
5733.0,3.3669064748201443
5734.0,3.3669064748201443
5735.0,3.3669064748201443
5736.0,3.3669064748201443
5737.0,3.3669064748201443
5738.0,3.3669064748201443
5739.0,3.4100719424460433
5740.0,3.3669064748201443
5741.0,3.4100719424460433
5742.0,3.3669064748201443
5743.0,3.3669064748201443
5744.0,3.3669064748201443
5745.0,3.4100719424460433
5746.0,3.3669064748201443
5747.0,3.4100719424460433
5748.0,3.3669064748201443
5749.0,3.4100719424460433
5750.0,3.3669064748201443
5751.0,3.4100719424460433
5752.0,3.3669064748201443
5753.0,3.3669064748201443
5754.0,3.3669064748201443
5755.0,3.3669064748201443
5756.0,3.3669064748201443
5757.0,3.3669064748201443
5758.0,3.3669064748201443
5759.0,3.3669064748201443
5760.0,3.3669064748201443
5761.0,3.3669064748201443
5762.0,3.3669064748201443
5763.0,3.3669064748201443
5764.0,3.4100719424460433
5765.0,3.3669064748201443
5766.0,3.4100719424460433
5767.0,3.3669064748201443
5768.0,3.4100719424460433
5769.0,3.3669064748201443
5770.0,3.3669064748201443
5771.0,3.4100719424460433
5772.0,3.3669064748201443
5773.0,3.3669064748201443
5774.0,3.3669064748201443
5775.0,3.3669064748201443
5776.0,3.3669064748201443
5777.0,3.3669064748201443
5778.0,3.3669064748201443
5779.0,3.3669064748201443
5780.0,3.3669064748201443
5781.0,3.4100719424460433
5782.0,3.3669064748201443
5783.0,3.3669064748201443
5784.0,3.3669064748201443
5785.0,3.3669064748201443
5786.0,3.3669064748201443
5787.0,3.3669064748201443
5788.0,3.3669064748201443
5789.0,3.3669064748201443
5790.0,3.3669064748201443
5791.0,3.3669064748201443
5792.0,3.3669064748201443
5793.0,3.3669064748201443
5794.0,3.3669064748201443
5795.0,3.3669064748201443
5796.0,3.3669064748201443
5797.0,3.4100719424460433
5798.0,3.3669064748201443
5799.0,3.4100719424460433
5800.0,3.3669064748201443
5801.0,3.3669064748201443
5802.0,3.4100719424460433
5803.0,3.3669064748201443
5804.0,3.3669064748201443
5805.0,3.3669064748201443
5806.0,3.3669064748201443
5807.0,3.4100719424460433
5808.0,3.3669064748201443
5809.0,3.3669064748201443
5810.0,3.3669064748201443
5811.0,3.3669064748201443
5812.0,3.3669064748201443
5813.0,3.3669064748201443
5814.0,3.3669064748201443
5815.0,3.3669064748201443
5816.0,3.3669064748201443
5817.0,3.3669064748201443
5818.0,3.3669064748201443
5819.0,3.3669064748201443
5820.0,3.3669064748201443
5821.0,3.4100719424460433
5822.0,3.3669064748201443
5823.0,3.3669064748201443
5824.0,3.4100719424460433
5825.0,3.3669064748201443
5826.0,3.3669064748201443
5827.0,3.4100719424460433
5828.0,3.3669064748201443
5829.0,3.3669064748201443
5830.0,3.3669064748201443
5831.0,3.3669064748201443
5832.0,3.3669064748201443
5833.0,3.3669064748201443
5834.0,3.3669064748201443
5835.0,3.4100719424460433
5836.0,3.3669064748201443
5837.0,3.4100719424460433
5838.0,3.3669064748201443
5839.0,3.4100719424460433
5840.0,3.3669064748201443
5841.0,3.3669064748201443
5842.0,3.3669064748201443
5843.0,3.3669064748201443
5844.0,3.3669064748201443
5845.0,3.3669064748201443
5846.0,3.3669064748201443
5847.0,3.3669064748201443
5848.0,3.3669064748201443
5849.0,3.3669064748201443
5850.0,3.3669064748201443
5851.0,3.3669064748201443
5852.0,3.3669064748201443
5853.0,3.4100719424460433
5854.0,3.3669064748201443
5855.0,3.3669064748201443
5856.0,3.3669064748201443
5857.0,3.3669064748201443
5858.0,3.3669064748201443
5859.0,3.4100719424460433
5860.0,3.3669064748201443
5861.0,3.3669064748201443
5862.0,3.3669064748201443
5863.0,3.4100719424460433
5864.0,3.3669064748201443
5865.0,3.3669064748201443
5866.0,3.3669064748201443
5867.0,3.4100719424460433
5868.0,3.3669064748201443
5869.0,3.3669064748201443
5870.0,3.3669064748201443
5871.0,3.3669064748201443
5872.0,3.3669064748201443
5873.0,3.3669064748201443
5874.0,3.3669064748201443
5875.0,3.3669064748201443
5876.0,3.3669064748201443
5877.0,3.3669064748201443
5878.0,3.3669064748201443
5879.0,3.3669064748201443
5880.0,3.3669064748201443
5881.0,3.4100719424460433
5882.0,3.3669064748201443
5883.0,3.3669064748201443
5884.0,3.3669064748201443
5885.0,3.3669064748201443
5886.0,3.3669064748201443
5887.0,3.3669064748201443
5888.0,3.3669064748201443
5889.0,3.3669064748201443
5890.0,3.3669064748201443
5891.0,3.3669064748201443
5892.0,3.3669064748201443
5893.0,3.3669064748201443
5894.0,3.3669064748201443
5895.0,3.4100719424460433
5896.0,3.3669064748201443
5897.0,3.3669064748201443
5898.0,3.3669064748201443
5899.0,3.3669064748201443
5900.0,3.3669064748201443
5901.0,3.4100719424460433
5902.0,3.3669064748201443
5903.0,3.3669064748201443
5904.0,3.3669064748201443
5905.0,3.3669064748201443
5906.0,3.3669064748201443
5907.0,3.3669064748201443
5908.0,3.3669064748201443
5909.0,3.4100719424460433
5910.0,3.3669064748201443
5911.0,3.3669064748201443
5912.0,3.3669064748201443
5913.0,3.3669064748201443
5914.0,3.3669064748201443
5915.0,3.3669064748201443
5916.0,3.3669064748201443
5917.0,3.3669064748201443
5918.0,3.3669064748201443
5919.0,3.3669064748201443
5920.0,3.4100719424460433
5921.0,3.3669064748201443
5922.0,3.3669064748201443
5923.0,3.3669064748201443
5924.0,3.3669064748201443
5925.0,3.3669064748201443
5926.0,3.3669064748201443
5927.0,3.3669064748201443
5928.0,3.3669064748201443
5929.0,3.3669064748201443
5930.0,3.3669064748201443
5931.0,3.4100719424460433
5932.0,3.3669064748201443
5933.0,3.3669064748201443
5934.0,3.3669064748201443
5935.0,3.3669064748201443
5936.0,3.3669064748201443
5937.0,3.3669064748201443
5938.0,3.3669064748201443
5939.0,3.3669064748201443
5940.0,3.3669064748201443
5941.0,3.3669064748201443
5942.0,3.3669064748201443
5943.0,3.3669064748201443
5944.0,3.3669064748201443
5945.0,3.3669064748201443
5946.0,3.3669064748201443
5947.0,3.3669064748201443
5948.0,3.3669064748201443
5949.0,3.3669064748201443
5950.0,3.3669064748201443
5951.0,3.3669064748201443
5952.0,3.3669064748201443
5953.0,3.3669064748201443
5954.0,3.3669064748201443
5955.0,3.3669064748201443
5956.0,3.3669064748201443
5957.0,3.3669064748201443
5958.0,3.3669064748201443
5959.0,3.3669064748201443
5960.0,3.3669064748201443
5961.0,3.3669064748201443
5962.0,3.3669064748201443
5963.0,3.3669064748201443
5964.0,3.3669064748201443
5965.0,3.3669064748201443
5966.0,3.3669064748201443
5967.0,3.4100719424460433
5968.0,3.3669064748201443
5969.0,3.3669064748201443
5970.0,3.3669064748201443
5971.0,3.3669064748201443
5972.0,3.3669064748201443
5973.0,3.3669064748201443
5974.0,3.3669064748201443
5975.0,3.3669064748201443
5976.0,3.3669064748201443
5977.0,3.3669064748201443
5978.0,3.3669064748201443
5979.0,3.3669064748201443
5980.0,3.3669064748201443
5981.0,3.3669064748201443
5982.0,3.3669064748201443
5983.0,3.3669064748201443
5984.0,3.3669064748201443
5985.0,3.3669064748201443
5986.0,3.3669064748201443
5987.0,3.3669064748201443
5988.0,3.3669064748201443
5989.0,3.3669064748201443
5990.0,3.3669064748201443
5991.0,3.3669064748201443
5992.0,3.3669064748201443
5993.0,3.3669064748201443
5994.0,3.3669064748201443
5995.0,3.3669064748201443
5996.0,3.3669064748201443
5997.0,3.3669064748201443
5998.0,3.3669064748201443
5999.0,3.4100719424460433
6000.0,3.3669064748201443
6001.0,3.3669064748201443
6002.0,3.3669064748201443
6003.0,3.3669064748201443
6004.0,3.3669064748201443
6005.0,3.3669064748201443
6006.0,3.3669064748201443
6007.0,3.3669064748201443
6008.0,3.3669064748201443
6009.0,3.3669064748201443
6010.0,3.3669064748201443
6011.0,3.3669064748201443
6012.0,3.3669064748201443
6013.0,3.3669064748201443
6014.0,3.3669064748201443
6015.0,3.3669064748201443
6016.0,3.3669064748201443
6017.0,3.3669064748201443
6018.0,3.3669064748201443
6019.0,3.4100719424460433
6020.0,3.3669064748201443
6021.0,3.3669064748201443
6022.0,3.3669064748201443
6023.0,3.3669064748201443
6024.0,3.3669064748201443
6025.0,3.4100719424460433
6026.0,3.3669064748201443
6027.0,3.4100719424460433
6028.0,3.3669064748201443
6029.0,3.3669064748201443
6030.0,3.3669064748201443
6031.0,3.3669064748201443
6032.0,3.3669064748201443
6033.0,3.3669064748201443
6034.0,3.3669064748201443
6035.0,3.3669064748201443
6036.0,3.3669064748201443
6037.0,3.4100719424460433
6038.0,3.3669064748201443
6039.0,3.3669064748201443
6040.0,3.3669064748201443
6041.0,3.4100719424460433
6042.0,3.3669064748201443
6043.0,3.3669064748201443
6044.0,3.3669064748201443
6045.0,3.3669064748201443
6046.0,3.3669064748201443
6047.0,3.3669064748201443
6048.0,3.3669064748201443
6049.0,3.3669064748201443
6050.0,3.3669064748201443
6051.0,3.3669064748201443
6052.0,3.3669064748201443
6053.0,3.3669064748201443
6054.0,3.3669064748201443
6055.0,3.4100719424460433
6056.0,3.3669064748201443
6057.0,3.3669064748201443
6058.0,3.3669064748201443
6059.0,3.4100719424460433
6060.0,3.3669064748201443
6061.0,3.3669064748201443
6062.0,3.3669064748201443
6063.0,3.3669064748201443
6064.0,3.3669064748201443
6065.0,3.3669064748201443
6066.0,3.3669064748201443
6067.0,3.3669064748201443
6068.0,3.3669064748201443
6069.0,3.3669064748201443
6070.0,3.3669064748201443
6071.0,3.3669064748201443
6072.0,3.3669064748201443
6073.0,3.3669064748201443
6074.0,3.3669064748201443
6075.0,3.4100719424460433
6076.0,3.3669064748201443
6077.0,3.3669064748201443
6078.0,3.3669064748201443
6079.0,3.3669064748201443
6080.0,3.3669064748201443
6081.0,3.3669064748201443
6082.0,3.3669064748201443
6083.0,3.3669064748201443
6084.0,3.3669064748201443
6085.0,3.3669064748201443
6086.0,3.3669064748201443
6087.0,3.3669064748201443
6088.0,3.3669064748201443
6089.0,3.3669064748201443
6090.0,3.3669064748201443
6091.0,3.3669064748201443
6092.0,3.3669064748201443
6093.0,3.3669064748201443
6094.0,3.3669064748201443
6095.0,3.3669064748201443
6096.0,3.3669064748201443
6097.0,3.4100719424460433
6098.0,3.3669064748201443
6099.0,3.3669064748201443
6100.0,3.3669064748201443
6101.0,3.3669064748201443
6102.0,3.3669064748201443
6103.0,3.3669064748201443
6104.0,3.3669064748201443
6105.0,3.3669064748201443
6106.0,3.3669064748201443
6107.0,3.3669064748201443
6108.0,3.3669064748201443
6109.0,3.3669064748201443
6110.0,3.3669064748201443
6111.0,3.3669064748201443
6112.0,3.3669064748201443
6113.0,3.3669064748201443
6114.0,3.3669064748201443
6115.0,3.3669064748201443
6116.0,3.3669064748201443
6117.0,3.3669064748201443
6118.0,3.3669064748201443
6119.0,3.3669064748201443
6120.0,3.3669064748201443
6121.0,3.3669064748201443
6122.0,3.3669064748201443
6123.0,3.3669064748201443
6124.0,3.3669064748201443
6125.0,3.3669064748201443
6126.0,3.3669064748201443
6127.0,3.3669064748201443
6128.0,3.3669064748201443
6129.0,3.3669064748201443
6130.0,3.323741007194245
6131.0,3.3669064748201443
6132.0,3.3669064748201443
6133.0,3.3669064748201443
6134.0,3.3669064748201443
6135.0,3.3669064748201443
6136.0,3.3669064748201443
6137.0,3.3669064748201443
6138.0,3.3669064748201443
6139.0,3.3669064748201443
6140.0,3.323741007194245
6141.0,3.3669064748201443
6142.0,3.3669064748201443
6143.0,3.3669064748201443
6144.0,3.3669064748201443
6145.0,3.3669064748201443
6146.0,3.3669064748201443
6147.0,3.3669064748201443
6148.0,3.3669064748201443
6149.0,3.3669064748201443
6150.0,3.3669064748201443
6151.0,3.3669064748201443
6152.0,3.3669064748201443
6153.0,3.3669064748201443
6154.0,3.3669064748201443
6155.0,3.3669064748201443
6156.0,3.3669064748201443
6157.0,3.3669064748201443
6158.0,3.3669064748201443
6159.0,3.3669064748201443
6160.0,3.3669064748201443
6161.0,3.3669064748201443
6162.0,3.3669064748201443
6163.0,3.3669064748201443
6164.0,3.3669064748201443
6165.0,3.3669064748201443
6166.0,3.3669064748201443
6167.0,3.3669064748201443
6168.0,3.3669064748201443
6169.0,3.3669064748201443
6170.0,3.3669064748201443
6171.0,3.3669064748201443
6172.0,3.3669064748201443
6173.0,3.3669064748201443
6174.0,3.3669064748201443
6175.0,3.3669064748201443
6176.0,3.3669064748201443
6177.0,3.3669064748201443
6178.0,3.3669064748201443
6179.0,3.3669064748201443
6180.0,3.3669064748201443
6181.0,3.3669064748201443
6182.0,3.3669064748201443
6183.0,3.3669064748201443
6184.0,3.3669064748201443
6185.0,3.3669064748201443
6186.0,3.3669064748201443
6187.0,3.3669064748201443
6188.0,3.3669064748201443
6189.0,3.3669064748201443
6190.0,3.3669064748201443
6191.0,3.3669064748201443
6192.0,3.3669064748201443
6193.0,3.3669064748201443
6194.0,3.3669064748201443
6195.0,3.3669064748201443
6196.0,3.3669064748201443
6197.0,3.3669064748201443
6198.0,3.3669064748201443
6199.0,3.3669064748201443
6200.0,3.3669064748201443
6201.0,3.3669064748201443
6202.0,3.3669064748201443
6203.0,3.3669064748201443
6204.0,3.3669064748201443
6205.0,3.3669064748201443
6206.0,3.3669064748201443
6207.0,3.3669064748201443
6208.0,3.3669064748201443
6209.0,3.3669064748201443
6210.0,3.3669064748201443
6211.0,3.3669064748201443
6212.0,3.3669064748201443
6213.0,3.3669064748201443
6214.0,3.3669064748201443
6215.0,3.3669064748201443
6216.0,3.3669064748201443
6217.0,3.3669064748201443
6218.0,3.3669064748201443
6219.0,3.3669064748201443
6220.0,3.3669064748201443
6221.0,3.3669064748201443
6222.0,3.3669064748201443
6223.0,3.3669064748201443
6224.0,3.3669064748201443
6225.0,3.3669064748201443
6226.0,3.3669064748201443
6227.0,3.4100719424460433
6228.0,3.3669064748201443
6229.0,3.3669064748201443
6230.0,3.3669064748201443
6231.0,3.3669064748201443
6232.0,3.3669064748201443
6233.0,3.3669064748201443
6234.0,3.3669064748201443
6235.0,3.3669064748201443
6236.0,3.3669064748201443
6237.0,3.3669064748201443
6238.0,3.3669064748201443
6239.0,3.3669064748201443
6240.0,3.3669064748201443
6241.0,3.3669064748201443
6242.0,3.3669064748201443
6243.0,3.3669064748201443
6244.0,3.3669064748201443
6245.0,3.3669064748201443
6246.0,3.3669064748201443
6247.0,3.3669064748201443
6248.0,3.3669064748201443
6249.0,3.3669064748201443
6250.0,3.3669064748201443
6251.0,3.3669064748201443
6252.0,3.3669064748201443
6253.0,3.3669064748201443
6254.0,3.3669064748201443
6255.0,3.3669064748201443
6256.0,3.3669064748201443
6257.0,3.3669064748201443
6258.0,3.3669064748201443
6259.0,3.3669064748201443
6260.0,3.3669064748201443
6261.0,3.3669064748201443
6262.0,3.3669064748201443
6263.0,3.3669064748201443
6264.0,3.3669064748201443
6265.0,3.3669064748201443
6266.0,3.3669064748201443
6267.0,3.3669064748201443
6268.0,3.3669064748201443
6269.0,3.3669064748201443
6270.0,3.3669064748201443
6271.0,3.3669064748201443
6272.0,3.3669064748201443
6273.0,3.3669064748201443
6274.0,3.3669064748201443
6275.0,3.3669064748201443
6276.0,3.3669064748201443
6277.0,3.3669064748201443
6278.0,3.3669064748201443
6279.0,3.3669064748201443
6280.0,3.3669064748201443
6281.0,3.3669064748201443
6282.0,3.3669064748201443
6283.0,3.3669064748201443
6284.0,3.3669064748201443
6285.0,3.3669064748201443
6286.0,3.3669064748201443
6287.0,3.3669064748201443
6288.0,3.3669064748201443
6289.0,3.3669064748201443
6290.0,3.3669064748201443
6291.0,3.3669064748201443
6292.0,3.3669064748201443
6293.0,3.3669064748201443
6294.0,3.3669064748201443
6295.0,3.4100719424460433
6296.0,3.3669064748201443
6297.0,3.3669064748201443
6298.0,3.3669064748201443
6299.0,3.3669064748201443
6300.0,3.3669064748201443
6301.0,3.3669064748201443
6302.0,3.3669064748201443
6303.0,3.3669064748201443
6304.0,3.3669064748201443
6305.0,3.3669064748201443
6306.0,3.3669064748201443
6307.0,3.3669064748201443
6308.0,3.3669064748201443
6309.0,3.3669064748201443
6310.0,3.3669064748201443
6311.0,3.3669064748201443
6312.0,3.3669064748201443
6313.0,3.3669064748201443
6314.0,3.3669064748201443
6315.0,3.3669064748201443
6316.0,3.3669064748201443
6317.0,3.3669064748201443
6318.0,3.3669064748201443
6319.0,3.3669064748201443
6320.0,3.3669064748201443
6321.0,3.3669064748201443
6322.0,3.3669064748201443
6323.0,3.3669064748201443
6324.0,3.3669064748201443
6325.0,3.3669064748201443
6326.0,3.3669064748201443
6327.0,3.3669064748201443
6328.0,3.3669064748201443
6329.0,3.3669064748201443
6330.0,3.3669064748201443
6331.0,3.3669064748201443
6332.0,3.3669064748201443
6333.0,3.3669064748201443
6334.0,3.3669064748201443
6335.0,3.3669064748201443
6336.0,3.3669064748201443
6337.0,3.3669064748201443
6338.0,3.3669064748201443
6339.0,3.3669064748201443
6340.0,3.3669064748201443
6341.0,3.3669064748201443
6342.0,3.3669064748201443
6343.0,3.3669064748201443
6344.0,3.3669064748201443
6345.0,3.3669064748201443
6346.0,3.3669064748201443
6347.0,3.3669064748201443
6348.0,3.3669064748201443
6349.0,3.3669064748201443
6350.0,3.3669064748201443
6351.0,3.3669064748201443
6352.0,3.3669064748201443
6353.0,3.3669064748201443
6354.0,3.3669064748201443
6355.0,3.3669064748201443
6356.0,3.3669064748201443
6357.0,3.3669064748201443
6358.0,3.3669064748201443
6359.0,3.3669064748201443
6360.0,3.3669064748201443
6361.0,3.3669064748201443
6362.0,3.3669064748201443
6363.0,3.3669064748201443
6364.0,3.3669064748201443
6365.0,3.3669064748201443
6366.0,3.3669064748201443
6367.0,3.3669064748201443
6368.0,3.3669064748201443
6369.0,3.3669064748201443
6370.0,3.3669064748201443
6371.0,3.3669064748201443
6372.0,3.3669064748201443
6373.0,3.3669064748201443
6374.0,3.3669064748201443
6375.0,3.3669064748201443
6376.0,3.3669064748201443
6377.0,3.3669064748201443
6378.0,3.3669064748201443
6379.0,3.3669064748201443
6380.0,3.3669064748201443
6381.0,3.3669064748201443
6382.0,3.3669064748201443
6383.0,3.3669064748201443
6384.0,3.3669064748201443
6385.0,3.3669064748201443
6386.0,3.3669064748201443
6387.0,3.3669064748201443
6388.0,3.3669064748201443
6389.0,3.3669064748201443
6390.0,3.3669064748201443
6391.0,3.3669064748201443
6392.0,3.3669064748201443
6393.0,3.3669064748201443
6394.0,3.3669064748201443
6395.0,3.3669064748201443
6396.0,3.3669064748201443
6397.0,3.3669064748201443
6398.0,3.3669064748201443
6399.0,3.3669064748201443
6400.0,3.3669064748201443
6401.0,3.3669064748201443
6402.0,3.3669064748201443
6403.0,3.3669064748201443
6404.0,3.3669064748201443
6405.0,3.3669064748201443
6406.0,3.3669064748201443
6407.0,3.3669064748201443
6408.0,3.3669064748201443
6409.0,3.3669064748201443
6410.0,3.3669064748201443
6411.0,3.3669064748201443
6412.0,3.3669064748201443
6413.0,3.3669064748201443
6414.0,3.3669064748201443
6415.0,3.3669064748201443
6416.0,3.3669064748201443
6417.0,3.3669064748201443
6418.0,3.3669064748201443
6419.0,3.3669064748201443
6420.0,3.3669064748201443
6421.0,3.3669064748201443
6422.0,3.3669064748201443
6423.0,3.3669064748201443
6424.0,3.3669064748201443
6425.0,3.3669064748201443
6426.0,3.3669064748201443
6427.0,3.3669064748201443
6428.0,3.3669064748201443
6429.0,3.3669064748201443
6430.0,3.3669064748201443
6431.0,3.3669064748201443
6432.0,3.3669064748201443
6433.0,3.3669064748201443
6434.0,3.3669064748201443
6435.0,3.3669064748201443
6436.0,3.3669064748201443
6437.0,3.3669064748201443
6438.0,3.3669064748201443
6439.0,3.3669064748201443
6440.0,3.323741007194245
6441.0,3.3669064748201443
6442.0,3.3669064748201443
6443.0,3.3669064748201443
6444.0,3.3669064748201443
6445.0,3.3669064748201443
6446.0,3.3669064748201443
6447.0,3.3669064748201443
6448.0,3.3669064748201443
6449.0,3.3669064748201443
6450.0,3.3669064748201443
6451.0,3.3669064748201443
6452.0,3.3669064748201443
6453.0,3.3669064748201443
6454.0,3.3669064748201443
6455.0,3.3669064748201443
6456.0,3.3669064748201443
6457.0,3.3669064748201443
6458.0,3.3669064748201443
6459.0,3.3669064748201443
6460.0,3.3669064748201443
6461.0,3.3669064748201443
6462.0,3.3669064748201443
6463.0,3.3669064748201443
6464.0,3.3669064748201443
6465.0,3.3669064748201443
6466.0,3.3669064748201443
6467.0,3.3669064748201443
6468.0,3.3669064748201443
6469.0,3.3669064748201443
6470.0,3.3669064748201443
6471.0,3.3669064748201443
6472.0,3.3669064748201443
6473.0,3.3669064748201443
6474.0,3.3669064748201443
6475.0,3.3669064748201443
6476.0,3.3669064748201443
6477.0,3.3669064748201443
6478.0,3.3669064748201443
6479.0,3.3669064748201443
6480.0,3.3669064748201443
6481.0,3.3669064748201443
6482.0,3.3669064748201443
6483.0,3.3669064748201443
6484.0,3.3669064748201443
6485.0,3.3669064748201443
6486.0,3.3669064748201443
6487.0,3.3669064748201443
6488.0,3.3669064748201443
6489.0,3.3669064748201443
6490.0,3.3669064748201443
6491.0,3.3669064748201443
6492.0,3.3669064748201443
6493.0,3.3669064748201443
6494.0,3.3669064748201443
6495.0,3.3669064748201443
6496.0,3.3669064748201443
6497.0,3.3669064748201443
6498.0,3.3669064748201443
6499.0,3.3669064748201443
6500.0,3.3669064748201443
6501.0,3.3669064748201443
6502.0,3.3669064748201443
6503.0,3.3669064748201443
6504.0,3.3669064748201443
6505.0,3.3669064748201443
6506.0,3.3669064748201443
6507.0,3.3669064748201443
6508.0,3.3669064748201443
6509.0,3.3669064748201443
6510.0,3.3669064748201443
6511.0,3.3669064748201443
6512.0,3.3669064748201443
6513.0,3.3669064748201443
6514.0,3.3669064748201443
6515.0,3.3669064748201443
6516.0,3.3669064748201443
6517.0,3.3669064748201443
6518.0,3.3669064748201443
6519.0,3.3669064748201443
6520.0,3.3669064748201443
6521.0,3.3669064748201443
6522.0,3.3669064748201443
6523.0,3.3669064748201443
6524.0,3.3669064748201443
6525.0,3.3669064748201443
6526.0,3.3669064748201443
6527.0,3.3669064748201443
6528.0,3.3669064748201443
6529.0,3.3669064748201443
6530.0,3.3669064748201443
6531.0,3.3669064748201443
6532.0,3.3669064748201443
6533.0,3.3669064748201443
6534.0,3.3669064748201443
6535.0,3.3669064748201443
6536.0,3.3669064748201443
6537.0,3.3669064748201443
6538.0,3.323741007194245
6539.0,3.3669064748201443
6540.0,3.3669064748201443
6541.0,3.3669064748201443
6542.0,3.3669064748201443
6543.0,3.3669064748201443
6544.0,3.3669064748201443
6545.0,3.3669064748201443
6546.0,3.3669064748201443
6547.0,3.3669064748201443
6548.0,3.3669064748201443
6549.0,3.3669064748201443
6550.0,3.3669064748201443
6551.0,3.3669064748201443
6552.0,3.3669064748201443
6553.0,3.3669064748201443
6554.0,3.3669064748201443
6555.0,3.3669064748201443
6556.0,3.3669064748201443
6557.0,3.3669064748201443
6558.0,3.3669064748201443
6559.0,3.3669064748201443
6560.0,3.3669064748201443
6561.0,3.3669064748201443
6562.0,3.3669064748201443
6563.0,3.3669064748201443
6564.0,3.3669064748201443
6565.0,3.3669064748201443
6566.0,3.3669064748201443
6567.0,3.3669064748201443
6568.0,3.3669064748201443
6569.0,3.3669064748201443
6570.0,3.3669064748201443
6571.0,3.3669064748201443
6572.0,3.3669064748201443
6573.0,3.3669064748201443
6574.0,3.3669064748201443
6575.0,3.3669064748201443
6576.0,3.3669064748201443
6577.0,3.3669064748201443
6578.0,3.3669064748201443
6579.0,3.3669064748201443
6580.0,3.3669064748201443
6581.0,3.3669064748201443
6582.0,3.3669064748201443
6583.0,3.3669064748201443
6584.0,3.3669064748201443
6585.0,3.3669064748201443
6586.0,3.3669064748201443
6587.0,3.3669064748201443
6588.0,3.3669064748201443
6589.0,3.3669064748201443
6590.0,3.3669064748201443
6591.0,3.3669064748201443
6592.0,3.3669064748201443
6593.0,3.3669064748201443
6594.0,3.3669064748201443
6595.0,3.3669064748201443
6596.0,3.3669064748201443
6597.0,3.3669064748201443
6598.0,3.323741007194245
6599.0,3.3669064748201443
6600.0,3.3669064748201443
6601.0,3.3669064748201443
6602.0,3.3669064748201443
6603.0,3.3669064748201443
6604.0,3.3669064748201443
6605.0,3.3669064748201443
6606.0,3.3669064748201443
6607.0,3.3669064748201443
6608.0,3.3669064748201443
6609.0,3.3669064748201443
6610.0,3.3669064748201443
6611.0,3.3669064748201443
6612.0,3.3669064748201443
6613.0,3.3669064748201443
6614.0,3.3669064748201443
6615.0,3.3669064748201443
6616.0,3.3669064748201443
6617.0,3.3669064748201443
6618.0,3.3669064748201443
6619.0,3.3669064748201443
6620.0,3.3669064748201443
6621.0,3.3669064748201443
6622.0,3.3669064748201443
6623.0,3.3669064748201443
6624.0,3.3669064748201443
6625.0,3.3669064748201443
6626.0,3.3669064748201443
6627.0,3.3669064748201443
6628.0,3.3669064748201443
6629.0,3.3669064748201443
6630.0,3.3669064748201443
6631.0,3.3669064748201443
6632.0,3.3669064748201443
6633.0,3.3669064748201443
6634.0,3.3669064748201443
6635.0,3.3669064748201443
6636.0,3.3669064748201443
6637.0,3.3669064748201443
6638.0,3.3669064748201443
6639.0,3.3669064748201443
6640.0,3.3669064748201443
6641.0,3.3669064748201443
6642.0,3.3669064748201443
6643.0,3.3669064748201443
6644.0,3.3669064748201443
6645.0,3.3669064748201443
6646.0,3.3669064748201443
6647.0,3.3669064748201443
6648.0,3.3669064748201443
6649.0,3.3669064748201443
6650.0,3.3669064748201443
6651.0,3.3669064748201443
6652.0,3.3669064748201443
6653.0,3.3669064748201443
6654.0,3.3669064748201443
6655.0,3.3669064748201443
6656.0,3.3669064748201443
6657.0,3.3669064748201443
6658.0,3.3669064748201443
6659.0,3.3669064748201443
6660.0,3.3669064748201443
6661.0,3.3669064748201443
6662.0,3.3669064748201443
6663.0,3.3669064748201443
6664.0,3.3669064748201443
6665.0,3.3669064748201443
6666.0,3.3669064748201443
6667.0,3.3669064748201443
6668.0,3.3669064748201443
6669.0,3.3669064748201443
6670.0,3.3669064748201443
6671.0,3.3669064748201443
6672.0,3.3669064748201443
6673.0,3.3669064748201443
6674.0,3.3669064748201443
6675.0,3.3669064748201443
6676.0,3.3669064748201443
6677.0,3.3669064748201443
6678.0,3.3669064748201443
6679.0,3.3669064748201443
6680.0,3.3669064748201443
6681.0,3.3669064748201443
6682.0,3.3669064748201443
6683.0,3.3669064748201443
6684.0,3.3669064748201443
6685.0,3.3669064748201443
6686.0,3.3669064748201443
6687.0,3.3669064748201443
6688.0,3.3669064748201443
6689.0,3.3669064748201443
6690.0,3.3669064748201443
6691.0,3.3669064748201443
6692.0,3.3669064748201443
6693.0,3.3669064748201443
6694.0,3.3669064748201443
6695.0,3.3669064748201443
6696.0,3.3669064748201443
6697.0,3.3669064748201443
6698.0,3.3669064748201443
6699.0,3.3669064748201443
6700.0,3.3669064748201443
6701.0,3.3669064748201443
6702.0,3.3669064748201443
6703.0,3.3669064748201443
6704.0,3.3669064748201443
6705.0,3.3669064748201443
6706.0,3.3669064748201443
6707.0,3.3669064748201443
6708.0,3.3669064748201443
6709.0,3.3669064748201443
6710.0,3.3669064748201443
6711.0,3.3669064748201443
6712.0,3.3669064748201443
6713.0,3.3669064748201443
6714.0,3.3669064748201443
6715.0,3.3669064748201443
6716.0,3.3669064748201443
6717.0,3.3669064748201443
6718.0,3.3669064748201443
6719.0,3.3669064748201443
6720.0,3.3669064748201443
6721.0,3.3669064748201443
6722.0,3.3669064748201443
6723.0,3.3669064748201443
6724.0,3.3669064748201443
6725.0,3.3669064748201443
6726.0,3.323741007194245
6727.0,3.3669064748201443
6728.0,3.3669064748201443
6729.0,3.323741007194245
6730.0,3.3669064748201443
6731.0,3.3669064748201443
6732.0,3.3669064748201443
6733.0,3.3669064748201443
6734.0,3.3669064748201443
6735.0,3.3669064748201443
6736.0,3.323741007194245
6737.0,3.3669064748201443
6738.0,3.3669064748201443
6739.0,3.3669064748201443
6740.0,3.3669064748201443
6741.0,3.3669064748201443
6742.0,3.3669064748201443
6743.0,3.3669064748201443
6744.0,3.3669064748201443
6745.0,3.3669064748201443
6746.0,3.3669064748201443
6747.0,3.3669064748201443
6748.0,3.3669064748201443
6749.0,3.3669064748201443
6750.0,3.3669064748201443
6751.0,3.3669064748201443
6752.0,3.3669064748201443
6753.0,3.3669064748201443
6754.0,3.3669064748201443
6755.0,3.3669064748201443
6756.0,3.3669064748201443
6757.0,3.3669064748201443
6758.0,3.3669064748201443
6759.0,3.3669064748201443
6760.0,3.3669064748201443
6761.0,3.3669064748201443
6762.0,3.3669064748201443
6763.0,3.3669064748201443
6764.0,3.3669064748201443
6765.0,3.3669064748201443
6766.0,3.323741007194245
6767.0,3.3669064748201443
6768.0,3.3669064748201443
6769.0,3.3669064748201443
6770.0,3.3669064748201443
6771.0,3.3669064748201443
6772.0,3.3669064748201443
6773.0,3.3669064748201443
6774.0,3.3669064748201443
6775.0,3.3669064748201443
6776.0,3.3669064748201443
6777.0,3.3669064748201443
6778.0,3.3669064748201443
6779.0,3.3669064748201443
6780.0,3.3669064748201443
6781.0,3.3669064748201443
6782.0,3.3669064748201443
6783.0,3.3669064748201443
6784.0,3.3669064748201443
6785.0,3.3669064748201443
6786.0,3.3669064748201443
6787.0,3.3669064748201443
6788.0,3.3669064748201443
6789.0,3.3669064748201443
6790.0,3.3669064748201443
6791.0,3.3669064748201443
6792.0,3.3669064748201443
6793.0,3.3669064748201443
6794.0,3.3669064748201443
6795.0,3.3669064748201443
6796.0,3.3669064748201443
6797.0,3.3669064748201443
6798.0,3.3669064748201443
6799.0,3.3669064748201443
6800.0,3.3669064748201443
6801.0,3.3669064748201443
6802.0,3.3669064748201443
6803.0,3.3669064748201443
6804.0,3.3669064748201443
6805.0,3.3669064748201443
6806.0,3.3669064748201443
6807.0,3.3669064748201443
6808.0,3.3669064748201443
6809.0,3.3669064748201443
6810.0,3.3669064748201443
6811.0,3.3669064748201443
6812.0,3.3669064748201443
6813.0,3.3669064748201443
6814.0,3.3669064748201443
6815.0,3.3669064748201443
6816.0,3.3669064748201443
6817.0,3.3669064748201443
6818.0,3.3669064748201443
6819.0,3.3669064748201443
6820.0,3.3669064748201443
6821.0,3.3669064748201443
6822.0,3.3669064748201443
6823.0,3.3669064748201443
6824.0,3.3669064748201443
6825.0,3.3669064748201443
6826.0,3.3669064748201443
6827.0,3.3669064748201443
6828.0,3.3669064748201443
6829.0,3.3669064748201443
6830.0,3.3669064748201443
6831.0,3.3669064748201443
6832.0,3.323741007194245
6833.0,3.3669064748201443
6834.0,3.3669064748201443
6835.0,3.3669064748201443
6836.0,3.3669064748201443
6837.0,3.3669064748201443
6838.0,3.3669064748201443
6839.0,3.3669064748201443
6840.0,3.3669064748201443
6841.0,3.3669064748201443
6842.0,3.3669064748201443
6843.0,3.3669064748201443
6844.0,3.3669064748201443
6845.0,3.3669064748201443
6846.0,3.3669064748201443
6847.0,3.3669064748201443
6848.0,3.3669064748201443
6849.0,3.3669064748201443
6850.0,3.3669064748201443
6851.0,3.3669064748201443
6852.0,3.3669064748201443
6853.0,3.3669064748201443
6854.0,3.3669064748201443
6855.0,3.3669064748201443
6856.0,3.3669064748201443
6857.0,3.3669064748201443
6858.0,3.3669064748201443
6859.0,3.3669064748201443
6860.0,3.3669064748201443
6861.0,3.3669064748201443
6862.0,3.3669064748201443
6863.0,3.323741007194245
6864.0,3.323741007194245
6865.0,3.3669064748201443
6866.0,3.3669064748201443
6867.0,3.3669064748201443
6868.0,3.3669064748201443
6869.0,3.3669064748201443
6870.0,3.3669064748201443
6871.0,3.3669064748201443
6872.0,3.3669064748201443
6873.0,3.3669064748201443
6874.0,3.3669064748201443
6875.0,3.3669064748201443
6876.0,3.3669064748201443
6877.0,3.3669064748201443
6878.0,3.3669064748201443
6879.0,3.3669064748201443
6880.0,3.3669064748201443
6881.0,3.3669064748201443
6882.0,3.3669064748201443
6883.0,3.3669064748201443
6884.0,3.3669064748201443
6885.0,3.3669064748201443
6886.0,3.3669064748201443
6887.0,3.3669064748201443
6888.0,3.3669064748201443
6889.0,3.3669064748201443
6890.0,3.3669064748201443
6891.0,3.3669064748201443
6892.0,3.3669064748201443
6893.0,3.3669064748201443
6894.0,3.3669064748201443
6895.0,3.3669064748201443
6896.0,3.3669064748201443
6897.0,3.3669064748201443
6898.0,3.3669064748201443
6899.0,3.3669064748201443
6900.0,3.3669064748201443
6901.0,3.3669064748201443
6902.0,3.3669064748201443
6903.0,3.3669064748201443
6904.0,3.3669064748201443
6905.0,3.3669064748201443
6906.0,3.3669064748201443
6907.0,3.323741007194245
6908.0,3.3669064748201443
6909.0,3.3669064748201443
6910.0,3.3669064748201443
6911.0,3.3669064748201443
6912.0,3.3669064748201443
6913.0,3.3669064748201443
6914.0,3.3669064748201443
6915.0,3.3669064748201443
6916.0,3.3669064748201443
6917.0,3.3669064748201443
6918.0,3.3669064748201443
6919.0,3.3669064748201443
6920.0,3.3669064748201443
6921.0,3.3669064748201443
6922.0,3.3669064748201443
6923.0,3.3669064748201443
6924.0,3.3669064748201443
6925.0,3.3669064748201443
6926.0,3.3669064748201443
6927.0,3.3669064748201443
6928.0,3.3669064748201443
6929.0,3.3669064748201443
6930.0,3.3669064748201443
6931.0,3.3669064748201443
6932.0,3.3669064748201443
6933.0,3.3669064748201443
6934.0,3.3669064748201443
6935.0,3.3669064748201443
6936.0,3.3669064748201443
6937.0,3.3669064748201443
6938.0,3.3669064748201443
6939.0,3.3669064748201443
6940.0,3.3669064748201443
6941.0,3.3669064748201443
6942.0,3.3669064748201443
6943.0,3.3669064748201443
6944.0,3.3669064748201443
6945.0,3.3669064748201443
6946.0,3.3669064748201443
6947.0,3.3669064748201443
6948.0,3.3669064748201443
6949.0,3.3669064748201443
6950.0,3.3669064748201443
6951.0,3.3669064748201443
6952.0,3.3669064748201443
6953.0,3.3669064748201443
6954.0,3.3669064748201443
6955.0,3.3669064748201443
6956.0,3.3669064748201443
6957.0,3.3669064748201443
6958.0,3.3669064748201443
6959.0,3.3669064748201443
6960.0,3.323741007194245
6961.0,3.3669064748201443
6962.0,3.3669064748201443
6963.0,3.3669064748201443
6964.0,3.3669064748201443
6965.0,3.3669064748201443
6966.0,3.3669064748201443
6967.0,3.3669064748201443
6968.0,3.3669064748201443
6969.0,3.3669064748201443
6970.0,3.3669064748201443
6971.0,3.3669064748201443
6972.0,3.3669064748201443
6973.0,3.3669064748201443
6974.0,3.3669064748201443
6975.0,3.3669064748201443
6976.0,3.3669064748201443
6977.0,3.3669064748201443
6978.0,3.3669064748201443
6979.0,3.3669064748201443
6980.0,3.3669064748201443
6981.0,3.3669064748201443
6982.0,3.3669064748201443
6983.0,3.3669064748201443
6984.0,3.3669064748201443
6985.0,3.3669064748201443
6986.0,3.3669064748201443
6987.0,3.3669064748201443
6988.0,3.3669064748201443
6989.0,3.3669064748201443
6990.0,3.323741007194245
6991.0,3.3669064748201443
6992.0,3.3669064748201443
6993.0,3.3669064748201443
6994.0,3.3669064748201443
6995.0,3.3669064748201443
6996.0,3.3669064748201443
6997.0,3.3669064748201443
6998.0,3.3669064748201443
6999.0,3.3669064748201443
7000.0,3.3669064748201443
7001.0,3.3669064748201443
7002.0,3.3669064748201443
7003.0,3.3669064748201443
7004.0,3.3669064748201443
7005.0,3.3669064748201443
7006.0,3.323741007194245
7007.0,3.3669064748201443
7008.0,3.3669064748201443
7009.0,3.3669064748201443
7010.0,3.3669064748201443
7011.0,3.3669064748201443
7012.0,3.3669064748201443
7013.0,3.3669064748201443
7014.0,3.3669064748201443
7015.0,3.3669064748201443
7016.0,3.3669064748201443
7017.0,3.3669064748201443
7018.0,3.3669064748201443
7019.0,3.3669064748201443
7020.0,3.3669064748201443
7021.0,3.3669064748201443
7022.0,3.3669064748201443
7023.0,3.3669064748201443
7024.0,3.3669064748201443
7025.0,3.3669064748201443
7026.0,3.3669064748201443
7027.0,3.3669064748201443
7028.0,3.3669064748201443
7029.0,3.3669064748201443
7030.0,3.3669064748201443
7031.0,3.3669064748201443
7032.0,3.3669064748201443
7033.0,3.3669064748201443
7034.0,3.3669064748201443
7035.0,3.3669064748201443
7036.0,3.3669064748201443
7037.0,3.3669064748201443
7038.0,3.3669064748201443
7039.0,3.3669064748201443
7040.0,3.3669064748201443
7041.0,3.3669064748201443
7042.0,3.3669064748201443
7043.0,3.3669064748201443
7044.0,3.3669064748201443
7045.0,3.3669064748201443
7046.0,3.3669064748201443
7047.0,3.3669064748201443
7048.0,3.3669064748201443
7049.0,3.3669064748201443
7050.0,3.3669064748201443
7051.0,3.3669064748201443
7052.0,3.3669064748201443
7053.0,3.3669064748201443
7054.0,3.3669064748201443
7055.0,3.3669064748201443
7056.0,3.3669064748201443
7057.0,3.3669064748201443
7058.0,3.3669064748201443
7059.0,3.3669064748201443
7060.0,3.3669064748201443
7061.0,3.3669064748201443
7062.0,3.3669064748201443
7063.0,3.3669064748201443
7064.0,3.3669064748201443
7065.0,3.3669064748201443
7066.0,3.3669064748201443
7067.0,3.3669064748201443
7068.0,3.3669064748201443
7069.0,3.3669064748201443
7070.0,3.3669064748201443
7071.0,3.3669064748201443
7072.0,3.3669064748201443
7073.0,3.3669064748201443
7074.0,3.3669064748201443
7075.0,3.3669064748201443
7076.0,3.3669064748201443
7077.0,3.3669064748201443
7078.0,3.3669064748201443
7079.0,3.3669064748201443
7080.0,3.3669064748201443
7081.0,3.3669064748201443
7082.0,3.3669064748201443
7083.0,3.3669064748201443
7084.0,3.3669064748201443
7085.0,3.3669064748201443
7086.0,3.3669064748201443
7087.0,3.3669064748201443
7088.0,3.3669064748201443
7089.0,3.3669064748201443
7090.0,3.3669064748201443
7091.0,3.3669064748201443
7092.0,3.3669064748201443
7093.0,3.3669064748201443
7094.0,3.3669064748201443
7095.0,3.3669064748201443
7096.0,3.3669064748201443
7097.0,3.3669064748201443
7098.0,3.3669064748201443
7099.0,3.3669064748201443
7100.0,3.3669064748201443
7101.0,3.3669064748201443
7102.0,3.3669064748201443
7103.0,3.3669064748201443
7104.0,3.3669064748201443
7105.0,3.3669064748201443
7106.0,3.3669064748201443
7107.0,3.3669064748201443
7108.0,3.3669064748201443
7109.0,3.3669064748201443
7110.0,3.3669064748201443
7111.0,3.3669064748201443
7112.0,3.3669064748201443
7113.0,3.3669064748201443
7114.0,3.3669064748201443
7115.0,3.3669064748201443
7116.0,3.3669064748201443
7117.0,3.323741007194245
7118.0,3.3669064748201443
7119.0,3.3669064748201443
7120.0,3.3669064748201443
7121.0,3.3669064748201443
7122.0,3.323741007194245
7123.0,3.3669064748201443
7124.0,3.3669064748201443
7125.0,3.3669064748201443
7126.0,3.3669064748201443
7127.0,3.3669064748201443
7128.0,3.3669064748201443
7129.0,3.3669064748201443
7130.0,3.3669064748201443
7131.0,3.3669064748201443
7132.0,3.3669064748201443
7133.0,3.3669064748201443
7134.0,3.3669064748201443
7135.0,3.3669064748201443
7136.0,3.3669064748201443
7137.0,3.3669064748201443
7138.0,3.3669064748201443
7139.0,3.3669064748201443
7140.0,3.3669064748201443
7141.0,3.3669064748201443
7142.0,3.3669064748201443
7143.0,3.3669064748201443
7144.0,3.3669064748201443
7145.0,3.3669064748201443
7146.0,3.3669064748201443
7147.0,3.3669064748201443
7148.0,3.3669064748201443
7149.0,3.3669064748201443
7150.0,3.3669064748201443
7151.0,3.3669064748201443
7152.0,3.323741007194245
7153.0,3.3669064748201443
7154.0,3.3669064748201443
7155.0,3.3669064748201443
7156.0,3.3669064748201443
7157.0,3.323741007194245
7158.0,3.3669064748201443
7159.0,3.3669064748201443
7160.0,3.3669064748201443
7161.0,3.3669064748201443
7162.0,3.323741007194245
7163.0,3.3669064748201443
7164.0,3.3669064748201443
7165.0,3.3669064748201443
7166.0,3.323741007194245
7167.0,3.3669064748201443
7168.0,3.3669064748201443
7169.0,3.3669064748201443
7170.0,3.3669064748201443
7171.0,3.3669064748201443
7172.0,3.3669064748201443
7173.0,3.3669064748201443
7174.0,3.3669064748201443
7175.0,3.3669064748201443
7176.0,3.3669064748201443
7177.0,3.3669064748201443
7178.0,3.3669064748201443
7179.0,3.3669064748201443
7180.0,3.323741007194245
7181.0,3.3669064748201443
7182.0,3.3669064748201443
7183.0,3.3669064748201443
7184.0,3.3669064748201443
7185.0,3.3669064748201443
7186.0,3.3669064748201443
7187.0,3.3669064748201443
7188.0,3.3669064748201443
7189.0,3.3669064748201443
7190.0,3.323741007194245
7191.0,3.3669064748201443
7192.0,3.3669064748201443
7193.0,3.3669064748201443
7194.0,3.323741007194245
7195.0,3.3669064748201443
7196.0,3.3669064748201443
7197.0,3.3669064748201443
7198.0,3.3669064748201443
7199.0,3.3669064748201443
7200.0,3.3669064748201443
7201.0,3.3669064748201443
7202.0,3.3669064748201443
7203.0,3.3669064748201443
7204.0,3.323741007194245
7205.0,3.3669064748201443
7206.0,3.323741007194245
7207.0,3.3669064748201443
7208.0,3.3669064748201443
7209.0,3.3669064748201443
7210.0,3.323741007194245
7211.0,3.3669064748201443
7212.0,3.3669064748201443
7213.0,3.3669064748201443
7214.0,3.323741007194245
7215.0,3.3669064748201443
7216.0,3.3669064748201443
7217.0,3.3669064748201443
7218.0,3.3669064748201443
7219.0,3.3669064748201443
7220.0,3.3669064748201443
7221.0,3.3669064748201443
7222.0,3.3669064748201443
7223.0,3.3669064748201443
7224.0,3.3669064748201443
7225.0,3.3669064748201443
7226.0,3.3669064748201443
7227.0,3.3669064748201443
7228.0,3.3669064748201443
7229.0,3.3669064748201443
7230.0,3.323741007194245
7231.0,3.3669064748201443
7232.0,3.323741007194245
7233.0,3.3669064748201443
7234.0,3.3669064748201443
7235.0,3.3669064748201443
7236.0,3.3669064748201443
7237.0,3.3669064748201443
7238.0,3.3669064748201443
7239.0,3.3669064748201443
7240.0,3.3669064748201443
7241.0,3.3669064748201443
7242.0,3.3669064748201443
7243.0,3.3669064748201443
7244.0,3.3669064748201443
7245.0,3.3669064748201443
7246.0,3.3669064748201443
7247.0,3.3669064748201443
7248.0,3.323741007194245
7249.0,3.3669064748201443
7250.0,3.3669064748201443
7251.0,3.3669064748201443
7252.0,3.3669064748201443
7253.0,3.3669064748201443
7254.0,3.3669064748201443
7255.0,3.323741007194245
7256.0,3.3669064748201443
7257.0,3.3669064748201443
7258.0,3.323741007194245
7259.0,3.3669064748201443
7260.0,3.3669064748201443
7261.0,3.3669064748201443
7262.0,3.3669064748201443
7263.0,3.3669064748201443
7264.0,3.3669064748201443
7265.0,3.3669064748201443
7266.0,3.3669064748201443
7267.0,3.3669064748201443
7268.0,3.3669064748201443
7269.0,3.3669064748201443
7270.0,3.3669064748201443
7271.0,3.3669064748201443
7272.0,3.3669064748201443
7273.0,3.3669064748201443
7274.0,3.3669064748201443
7275.0,3.3669064748201443
7276.0,3.3669064748201443
7277.0,3.3669064748201443
7278.0,3.3669064748201443
7279.0,3.3669064748201443
7280.0,3.3669064748201443
7281.0,3.3669064748201443
7282.0,3.323741007194245
7283.0,3.3669064748201443
7284.0,3.3669064748201443
7285.0,3.3669064748201443
7286.0,3.3669064748201443
7287.0,3.323741007194245
7288.0,3.323741007194245
7289.0,3.3669064748201443
7290.0,3.3669064748201443
7291.0,3.323741007194245
7292.0,3.323741007194245
7293.0,3.323741007194245
7294.0,3.323741007194245
7295.0,3.323741007194245
7296.0,3.323741007194245
7297.0,3.3669064748201443
7298.0,3.3669064748201443
7299.0,3.323741007194245
7300.0,3.323741007194245
7301.0,3.3669064748201443
7302.0,3.3669064748201443
7303.0,3.323741007194245
7304.0,3.323741007194245
7305.0,3.3669064748201443
7306.0,3.3669064748201443
7307.0,3.3669064748201443
7308.0,3.3669064748201443
7309.0,3.3669064748201443
7310.0,3.323741007194245
7311.0,3.3669064748201443
7312.0,3.323741007194245
7313.0,3.3669064748201443
7314.0,3.323741007194245
7315.0,3.3669064748201443
7316.0,3.323741007194245
7317.0,3.3669064748201443
7318.0,3.3669064748201443
7319.0,3.3669064748201443
7320.0,3.323741007194245
7321.0,3.3669064748201443
7322.0,3.323741007194245
7323.0,3.3669064748201443
7324.0,3.3669064748201443
7325.0,3.3669064748201443
7326.0,3.323741007194245
7327.0,3.3669064748201443
7328.0,3.3669064748201443
7329.0,3.3669064748201443
7330.0,3.323741007194245
7331.0,3.323741007194245
7332.0,3.323741007194245
7333.0,3.3669064748201443
7334.0,3.3669064748201443
7335.0,3.3669064748201443
7336.0,3.3669064748201443
7337.0,3.3669064748201443
7338.0,3.3669064748201443
7339.0,3.3669064748201443
7340.0,3.323741007194245
7341.0,3.323741007194245
7342.0,3.3669064748201443
7343.0,3.3669064748201443
7344.0,3.323741007194245
7345.0,3.3669064748201443
7346.0,3.3669064748201443
7347.0,3.3669064748201443
7348.0,3.3669064748201443
7349.0,3.3669064748201443
7350.0,3.3669064748201443
7351.0,3.3669064748201443
7352.0,3.3669064748201443
7353.0,3.3669064748201443
7354.0,3.323741007194245
7355.0,3.3669064748201443
7356.0,3.3669064748201443
7357.0,3.3669064748201443
7358.0,3.3669064748201443
7359.0,3.3669064748201443
7360.0,3.3669064748201443
7361.0,3.3669064748201443
7362.0,3.3669064748201443
7363.0,3.3669064748201443
7364.0,3.323741007194245
7365.0,3.3669064748201443
7366.0,3.323741007194245
7367.0,3.3669064748201443
7368.0,3.3669064748201443
7369.0,3.3669064748201443
7370.0,3.3669064748201443
7371.0,3.3669064748201443
7372.0,3.3669064748201443
7373.0,3.3669064748201443
7374.0,3.323741007194245
7375.0,3.3669064748201443
7376.0,3.3669064748201443
7377.0,3.3669064748201443
7378.0,3.3669064748201443
7379.0,3.3669064748201443
7380.0,3.3669064748201443
7381.0,3.323741007194245
7382.0,3.323741007194245
7383.0,3.3669064748201443
7384.0,3.3669064748201443
7385.0,3.3669064748201443
7386.0,3.323741007194245
7387.0,3.3669064748201443
7388.0,3.3669064748201443
7389.0,3.3669064748201443
7390.0,3.323741007194245
7391.0,3.3669064748201443
7392.0,3.323741007194245
7393.0,3.323741007194245
7394.0,3.323741007194245
7395.0,3.3669064748201443
7396.0,3.323741007194245
7397.0,3.3669064748201443
7398.0,3.323741007194245
7399.0,3.323741007194245
7400.0,3.3669064748201443
7401.0,3.3669064748201443
7402.0,3.323741007194245
7403.0,3.3669064748201443
7404.0,3.3669064748201443
7405.0,3.3669064748201443
7406.0,3.3669064748201443
7407.0,3.3669064748201443
7408.0,3.3669064748201443
7409.0,3.3669064748201443
7410.0,3.3669064748201443
7411.0,3.3669064748201443
7412.0,3.3669064748201443
7413.0,3.3669064748201443
7414.0,3.323741007194245
7415.0,3.3669064748201443
7416.0,3.3669064748201443
7417.0,3.3669064748201443
7418.0,3.3669064748201443
7419.0,3.3669064748201443
7420.0,3.323741007194245
7421.0,3.323741007194245
7422.0,3.3669064748201443
7423.0,3.3669064748201443
7424.0,3.323741007194245
7425.0,3.323741007194245
7426.0,3.323741007194245
7427.0,3.3669064748201443
7428.0,3.3669064748201443
7429.0,3.3669064748201443
7430.0,3.323741007194245
7431.0,3.323741007194245
7432.0,3.323741007194245
7433.0,3.323741007194245
7434.0,3.323741007194245
7435.0,3.3669064748201443
7436.0,3.3669064748201443
7437.0,3.3669064748201443
7438.0,3.3669064748201443
7439.0,3.3669064748201443
7440.0,3.323741007194245
7441.0,3.323741007194245
7442.0,3.323741007194245
7443.0,3.3669064748201443
7444.0,3.323741007194245
7445.0,3.3669064748201443
7446.0,3.3669064748201443
7447.0,3.3669064748201443
7448.0,3.323741007194245
7449.0,3.3669064748201443
7450.0,3.3669064748201443
7451.0,3.3669064748201443
7452.0,3.3669064748201443
7453.0,3.3669064748201443
7454.0,3.3669064748201443
7455.0,3.3669064748201443
7456.0,3.3669064748201443
7457.0,3.323741007194245
7458.0,3.3669064748201443
7459.0,3.3669064748201443
7460.0,3.3669064748201443
7461.0,3.3669064748201443
7462.0,3.323741007194245
7463.0,3.3669064748201443
7464.0,3.323741007194245
7465.0,3.3669064748201443
7466.0,3.323741007194245
7467.0,3.323741007194245
7468.0,3.3669064748201443
7469.0,3.323741007194245
7470.0,3.323741007194245
7471.0,3.3669064748201443
7472.0,3.323741007194245
7473.0,3.3669064748201443
7474.0,3.2805755395683454
7475.0,3.323741007194245
7476.0,3.323741007194245
7477.0,3.323741007194245
7478.0,3.323741007194245
7479.0,3.323741007194245
7480.0,3.323741007194245
7481.0,3.323741007194245
7482.0,3.323741007194245
7483.0,3.3669064748201443
7484.0,3.3669064748201443
7485.0,3.323741007194245
7486.0,3.3669064748201443
7487.0,3.3669064748201443
7488.0,3.3669064748201443
7489.0,3.3669064748201443
7490.0,3.3669064748201443
7491.0,3.3669064748201443
7492.0,3.3669064748201443
7493.0,3.3669064748201443
7494.0,3.3669064748201443
7495.0,3.3669064748201443
7496.0,3.3669064748201443
7497.0,3.3669064748201443
7498.0,3.323741007194245
7499.0,3.3669064748201443
7500.0,3.3669064748201443
7501.0,3.3669064748201443
7502.0,3.323741007194245
7503.0,3.3669064748201443
7504.0,3.323741007194245
7505.0,3.3669064748201443
7506.0,3.323741007194245
7507.0,3.323741007194245
7508.0,3.3669064748201443
7509.0,3.3669064748201443
7510.0,3.3669064748201443
7511.0,3.3669064748201443
7512.0,3.3669064748201443
7513.0,3.3669064748201443
7514.0,3.323741007194245
7515.0,3.323741007194245
7516.0,3.323741007194245
7517.0,3.3669064748201443
7518.0,3.323741007194245
7519.0,3.323741007194245
7520.0,3.323741007194245
7521.0,3.323741007194245
7522.0,3.3669064748201443
7523.0,3.323741007194245
7524.0,3.323741007194245
7525.0,3.3669064748201443
7526.0,3.3669064748201443
7527.0,3.3669064748201443
7528.0,3.3669064748201443
7529.0,3.3669064748201443
7530.0,3.2805755395683454
7531.0,3.3669064748201443
7532.0,3.3669064748201443
7533.0,3.323741007194245
7534.0,3.323741007194245
7535.0,3.3669064748201443
7536.0,3.3669064748201443
7537.0,3.3669064748201443
7538.0,3.3669064748201443
7539.0,3.3669064748201443
7540.0,3.323741007194245
7541.0,3.3669064748201443
7542.0,3.323741007194245
7543.0,3.3669064748201443
7544.0,3.323741007194245
7545.0,3.3669064748201443
7546.0,3.323741007194245
7547.0,3.3669064748201443
7548.0,3.3669064748201443
7549.0,3.3669064748201443
7550.0,3.3669064748201443
7551.0,3.323741007194245
7552.0,3.323741007194245
7553.0,3.3669064748201443
7554.0,3.323741007194245
7555.0,3.323741007194245
7556.0,3.323741007194245
7557.0,3.323741007194245
7558.0,3.323741007194245
7559.0,3.323741007194245
7560.0,3.323741007194245
7561.0,3.3669064748201443
7562.0,3.323741007194245
7563.0,3.323741007194245
7564.0,3.323741007194245
7565.0,3.323741007194245
7566.0,3.323741007194245
7567.0,3.323741007194245
7568.0,3.323741007194245
7569.0,3.3669064748201443
7570.0,3.323741007194245
7571.0,3.323741007194245
7572.0,3.323741007194245
7573.0,3.323741007194245
7574.0,3.323741007194245
7575.0,3.3669064748201443
7576.0,3.323741007194245
7577.0,3.323741007194245
7578.0,3.2805755395683454
7579.0,3.3669064748201443
7580.0,3.323741007194245
7581.0,3.3669064748201443
7582.0,3.323741007194245
7583.0,3.323741007194245
7584.0,3.3669064748201443
7585.0,3.3669064748201443
7586.0,3.3669064748201443
7587.0,3.3669064748201443
7588.0,3.3669064748201443
7589.0,3.3669064748201443
7590.0,3.323741007194245
7591.0,3.3669064748201443
7592.0,3.323741007194245
7593.0,3.323741007194245
7594.0,3.323741007194245
7595.0,3.3669064748201443
7596.0,3.3669064748201443
7597.0,3.3669064748201443
7598.0,3.323741007194245
7599.0,3.3669064748201443
7600.0,3.323741007194245
7601.0,3.323741007194245
7602.0,3.323741007194245
7603.0,3.323741007194245
7604.0,3.3669064748201443
7605.0,3.323741007194245
7606.0,3.323741007194245
7607.0,3.3669064748201443
7608.0,3.323741007194245
7609.0,3.3669064748201443
7610.0,3.323741007194245
7611.0,3.323741007194245
7612.0,3.323741007194245
7613.0,3.323741007194245
7614.0,3.3669064748201443
7615.0,3.3669064748201443
7616.0,3.323741007194245
7617.0,3.323741007194245
7618.0,3.323741007194245
7619.0,3.3669064748201443
7620.0,3.3669064748201443
7621.0,3.3669064748201443
7622.0,3.323741007194245
7623.0,3.3669064748201443
7624.0,3.323741007194245
7625.0,3.323741007194245
7626.0,3.323741007194245
7627.0,3.3669064748201443
7628.0,3.3669064748201443
7629.0,3.3669064748201443
7630.0,3.323741007194245
7631.0,3.3669064748201443
7632.0,3.3669064748201443
7633.0,3.3669064748201443
7634.0,3.3669064748201443
7635.0,3.3669064748201443
7636.0,3.3669064748201443
7637.0,3.323741007194245
7638.0,3.3669064748201443
7639.0,3.3669064748201443
7640.0,3.2805755395683454
7641.0,3.323741007194245
7642.0,3.323741007194245
7643.0,3.3669064748201443
7644.0,3.323741007194245
7645.0,3.3669064748201443
7646.0,3.323741007194245
7647.0,3.3669064748201443
7648.0,3.323741007194245
7649.0,3.323741007194245
7650.0,3.323741007194245
7651.0,3.323741007194245
7652.0,3.323741007194245
7653.0,3.323741007194245
7654.0,3.323741007194245
7655.0,3.323741007194245
7656.0,3.323741007194245
7657.0,3.323741007194245
7658.0,3.323741007194245
7659.0,3.323741007194245
7660.0,3.323741007194245
7661.0,3.323741007194245
7662.0,3.323741007194245
7663.0,3.323741007194245
7664.0,3.323741007194245
7665.0,3.323741007194245
7666.0,3.323741007194245
7667.0,3.323741007194245
7668.0,3.323741007194245
7669.0,3.323741007194245
7670.0,3.3669064748201443
7671.0,3.3669064748201443
7672.0,3.323741007194245
7673.0,3.323741007194245
7674.0,3.323741007194245
7675.0,3.3669064748201443
7676.0,3.323741007194245
7677.0,3.3669064748201443
7678.0,3.3669064748201443
7679.0,3.3669064748201443
7680.0,3.323741007194245
7681.0,3.3669064748201443
7682.0,3.323741007194245
7683.0,3.323741007194245
7684.0,3.3669064748201443
7685.0,3.3669064748201443
7686.0,3.323741007194245
7687.0,3.3669064748201443
7688.0,3.3669064748201443
7689.0,3.3669064748201443
7690.0,3.3669064748201443
7691.0,3.3669064748201443
7692.0,3.323741007194245
7693.0,3.323741007194245
7694.0,3.323741007194245
7695.0,3.323741007194245
7696.0,3.323741007194245
7697.0,3.323741007194245
7698.0,3.323741007194245
7699.0,3.2805755395683454
7700.0,3.323741007194245
7701.0,3.3669064748201443
7702.0,3.323741007194245
7703.0,3.323741007194245
7704.0,3.323741007194245
7705.0,3.323741007194245
7706.0,3.323741007194245
7707.0,3.323741007194245
7708.0,3.323741007194245
7709.0,3.323741007194245
7710.0,3.323741007194245
7711.0,3.323741007194245
7712.0,3.323741007194245
7713.0,3.323741007194245
7714.0,3.323741007194245
7715.0,3.3669064748201443
7716.0,3.323741007194245
7717.0,3.3669064748201443
7718.0,3.323741007194245
7719.0,3.3669064748201443
7720.0,3.323741007194245
7721.0,3.3669064748201443
7722.0,3.323741007194245
7723.0,3.3669064748201443
7724.0,3.323741007194245
7725.0,3.3669064748201443
7726.0,3.323741007194245
7727.0,3.323741007194245
7728.0,3.323741007194245
7729.0,3.3669064748201443
7730.0,3.323741007194245
7731.0,3.323741007194245
7732.0,3.323741007194245
7733.0,3.3669064748201443
7734.0,3.2805755395683454
7735.0,3.3669064748201443
7736.0,3.3669064748201443
7737.0,3.323741007194245
7738.0,3.323741007194245
7739.0,3.3669064748201443
7740.0,3.323741007194245
7741.0,3.323741007194245
7742.0,3.323741007194245
7743.0,3.323741007194245
7744.0,3.323741007194245
7745.0,3.323741007194245
7746.0,3.323741007194245
7747.0,3.323741007194245
7748.0,3.323741007194245
7749.0,3.323741007194245
7750.0,3.323741007194245
7751.0,3.323741007194245
7752.0,3.323741007194245
7753.0,3.323741007194245
7754.0,3.323741007194245
7755.0,3.3669064748201443
7756.0,3.323741007194245
7757.0,3.3669064748201443
7758.0,3.323741007194245
7759.0,3.323741007194245
7760.0,3.3669064748201443
7761.0,3.3669064748201443
7762.0,3.323741007194245
7763.0,3.323741007194245
7764.0,3.323741007194245
7765.0,3.3669064748201443
7766.0,3.3669064748201443
7767.0,3.323741007194245
7768.0,3.323741007194245
7769.0,3.323741007194245
7770.0,3.323741007194245
7771.0,3.323741007194245
7772.0,3.323741007194245
7773.0,3.3669064748201443
7774.0,3.323741007194245
7775.0,3.3669064748201443
7776.0,3.323741007194245
7777.0,3.323741007194245
7778.0,3.323741007194245
7779.0,3.323741007194245
7780.0,3.323741007194245
7781.0,3.323741007194245
7782.0,3.323741007194245
7783.0,3.3669064748201443
7784.0,3.323741007194245
7785.0,3.323741007194245
7786.0,3.323741007194245
7787.0,3.323741007194245
7788.0,3.323741007194245
7789.0,3.323741007194245
7790.0,3.323741007194245
7791.0,3.323741007194245
7792.0,3.323741007194245
7793.0,3.323741007194245
7794.0,3.323741007194245
7795.0,3.323741007194245
7796.0,3.323741007194245
7797.0,3.323741007194245
7798.0,3.323741007194245
7799.0,3.3669064748201443
7800.0,3.323741007194245
7801.0,3.3669064748201443
7802.0,3.2805755395683454
7803.0,3.323741007194245
7804.0,3.323741007194245
7805.0,3.323741007194245
7806.0,3.2805755395683454
7807.0,3.323741007194245
7808.0,3.323741007194245
7809.0,3.323741007194245
7810.0,3.323741007194245
7811.0,3.323741007194245
7812.0,3.323741007194245
7813.0,3.3669064748201443
7814.0,3.323741007194245
7815.0,3.3669064748201443
7816.0,3.323741007194245
7817.0,3.3669064748201443
7818.0,3.2805755395683454
7819.0,3.3669064748201443
7820.0,3.323741007194245
7821.0,3.323741007194245
7822.0,3.2805755395683454
7823.0,3.3669064748201443
7824.0,3.3669064748201443
7825.0,3.3669064748201443
7826.0,3.323741007194245
7827.0,3.323741007194245
7828.0,3.323741007194245
7829.0,3.323741007194245
7830.0,3.323741007194245
7831.0,3.323741007194245
7832.0,3.323741007194245
7833.0,3.323741007194245
7834.0,3.323741007194245
7835.0,3.323741007194245
7836.0,3.323741007194245
7837.0,3.323741007194245
7838.0,3.323741007194245
7839.0,3.323741007194245
7840.0,3.323741007194245
7841.0,3.323741007194245
7842.0,3.323741007194245
7843.0,3.323741007194245
7844.0,3.323741007194245
7845.0,3.323741007194245
7846.0,3.323741007194245
7847.0,3.3669064748201443
7848.0,3.323741007194245
7849.0,3.323741007194245
7850.0,3.323741007194245
7851.0,3.3669064748201443
7852.0,3.2805755395683454
7853.0,3.3669064748201443
7854.0,3.2805755395683454
7855.0,3.3669064748201443
7856.0,3.323741007194245
7857.0,3.323741007194245
7858.0,3.2805755395683454
7859.0,3.323741007194245
7860.0,3.323741007194245
7861.0,3.3669064748201443
7862.0,3.323741007194245
7863.0,3.323741007194245
7864.0,3.323741007194245
7865.0,3.323741007194245
7866.0,3.323741007194245
7867.0,3.323741007194245
7868.0,3.323741007194245
7869.0,3.323741007194245
7870.0,3.323741007194245
7871.0,3.323741007194245
7872.0,3.323741007194245
7873.0,3.323741007194245
7874.0,3.323741007194245
7875.0,3.323741007194245
7876.0,3.323741007194245
7877.0,3.323741007194245
7878.0,3.323741007194245
7879.0,3.323741007194245
7880.0,3.323741007194245
7881.0,3.323741007194245
7882.0,3.323741007194245
7883.0,3.323741007194245
7884.0,3.323741007194245
7885.0,3.323741007194245
7886.0,3.323741007194245
7887.0,3.323741007194245
7888.0,3.323741007194245
7889.0,3.323741007194245
7890.0,3.323741007194245
7891.0,3.3669064748201443
7892.0,3.323741007194245
7893.0,3.2805755395683454
7894.0,3.2805755395683454
7895.0,3.3669064748201443
7896.0,3.2805755395683454
7897.0,3.3669064748201443
7898.0,3.323741007194245
7899.0,3.3669064748201443
7900.0,3.323741007194245
7901.0,3.323741007194245
7902.0,3.323741007194245
7903.0,3.323741007194245
7904.0,3.323741007194245
7905.0,3.3669064748201443
7906.0,3.323741007194245
7907.0,3.3669064748201443
7908.0,3.323741007194245
7909.0,3.323741007194245
7910.0,3.323741007194245
7911.0,3.323741007194245
7912.0,3.323741007194245
7913.0,3.323741007194245
7914.0,3.323741007194245
7915.0,3.323741007194245
7916.0,3.323741007194245
7917.0,3.323741007194245
7918.0,3.2805755395683454
7919.0,3.323741007194245
7920.0,3.323741007194245
7921.0,3.323741007194245
7922.0,3.323741007194245
7923.0,3.323741007194245
7924.0,3.323741007194245
7925.0,3.323741007194245
7926.0,3.323741007194245
7927.0,3.323741007194245
7928.0,3.323741007194245
7929.0,3.323741007194245
7930.0,3.323741007194245
7931.0,3.323741007194245
7932.0,3.323741007194245
7933.0,3.323741007194245
7934.0,3.323741007194245
7935.0,3.3669064748201443
7936.0,3.323741007194245
7937.0,3.3669064748201443
7938.0,3.323741007194245
7939.0,3.323741007194245
7940.0,3.3669064748201443
7941.0,3.323741007194245
7942.0,3.2805755395683454
7943.0,3.323741007194245
7944.0,3.323741007194245
7945.0,3.3669064748201443
7946.0,3.323741007194245
7947.0,3.323741007194245
7948.0,3.323741007194245
7949.0,3.323741007194245
7950.0,3.323741007194245
7951.0,3.323741007194245
7952.0,3.323741007194245
7953.0,3.323741007194245
7954.0,3.323741007194245
7955.0,3.323741007194245
7956.0,3.323741007194245
7957.0,3.323741007194245
7958.0,3.323741007194245
7959.0,3.3669064748201443
7960.0,3.323741007194245
7961.0,3.323741007194245
7962.0,3.323741007194245
7963.0,3.323741007194245
7964.0,3.2805755395683454
7965.0,3.323741007194245
7966.0,3.323741007194245
7967.0,3.323741007194245
7968.0,3.323741007194245
7969.0,3.323741007194245
7970.0,3.323741007194245
7971.0,3.323741007194245
7972.0,3.323741007194245
7973.0,3.323741007194245
7974.0,3.323741007194245
7975.0,3.323741007194245
7976.0,3.323741007194245
7977.0,3.323741007194245
7978.0,3.2805755395683454
7979.0,3.323741007194245
7980.0,3.2805755395683454
7981.0,3.323741007194245
7982.0,3.2805755395683454
7983.0,3.3669064748201443
7984.0,3.323741007194245
7985.0,3.323741007194245
7986.0,3.323741007194245
7987.0,3.323741007194245
7988.0,3.323741007194245
7989.0,3.323741007194245
7990.0,3.323741007194245
7991.0,3.323741007194245
7992.0,3.2805755395683454
7993.0,3.2805755395683454
7994.0,3.2805755395683454
7995.0,3.323741007194245
7996.0,3.323741007194245
7997.0,3.323741007194245
7998.0,3.323741007194245
7999.0,3.323741007194245
8000.0,3.323741007194245
8001.0,3.323741007194245
8002.0,3.323741007194245
8003.0,3.323741007194245
8004.0,3.323741007194245
8005.0,3.323741007194245
8006.0,3.323741007194245
8007.0,3.323741007194245
8008.0,3.323741007194245
8009.0,3.323741007194245
8010.0,3.323741007194245
8011.0,3.323741007194245
8012.0,3.323741007194245
8013.0,3.323741007194245
8014.0,3.323741007194245
8015.0,3.323741007194245
8016.0,3.323741007194245
8017.0,3.3669064748201443
8018.0,3.323741007194245
8019.0,3.323741007194245
8020.0,3.323741007194245
8021.0,3.323741007194245
8022.0,3.323741007194245
8023.0,3.323741007194245
8024.0,3.323741007194245
8025.0,3.3669064748201443
8026.0,3.323741007194245
8027.0,3.323741007194245
8028.0,3.323741007194245
8029.0,3.323741007194245
8030.0,3.323741007194245
8031.0,3.323741007194245
8032.0,3.323741007194245
8033.0,3.323741007194245
8034.0,3.323741007194245
8035.0,3.323741007194245
8036.0,3.323741007194245
8037.0,3.323741007194245
8038.0,3.2805755395683454
8039.0,3.323741007194245
8040.0,3.323741007194245
8041.0,3.323741007194245
8042.0,3.323741007194245
8043.0,3.323741007194245
8044.0,3.323741007194245
8045.0,3.323741007194245
8046.0,3.323741007194245
8047.0,3.323741007194245
8048.0,3.323741007194245
8049.0,3.323741007194245
8050.0,3.323741007194245
8051.0,3.323741007194245
8052.0,3.2805755395683454
8053.0,3.3669064748201443
8054.0,3.323741007194245
8055.0,3.323741007194245
8056.0,3.2805755395683454
8057.0,3.323741007194245
8058.0,3.323741007194245
8059.0,3.323741007194245
8060.0,3.323741007194245
8061.0,3.323741007194245
8062.0,3.323741007194245
8063.0,3.323741007194245
8064.0,3.323741007194245
8065.0,3.323741007194245
8066.0,3.323741007194245
8067.0,3.323741007194245
8068.0,3.2805755395683454
8069.0,3.323741007194245
8070.0,3.323741007194245
8071.0,3.323741007194245
8072.0,3.323741007194245
8073.0,3.323741007194245
8074.0,3.323741007194245
8075.0,3.323741007194245
8076.0,3.323741007194245
8077.0,3.323741007194245
8078.0,3.323741007194245
8079.0,3.323741007194245
8080.0,3.323741007194245
8081.0,3.323741007194245
8082.0,3.323741007194245
8083.0,3.323741007194245
8084.0,3.323741007194245
8085.0,3.323741007194245
8086.0,3.323741007194245
8087.0,3.323741007194245
8088.0,3.323741007194245
8089.0,3.3669064748201443
8090.0,3.323741007194245
8091.0,3.323741007194245
8092.0,3.323741007194245
8093.0,3.323741007194245
8094.0,3.323741007194245
8095.0,3.323741007194245
8096.0,3.323741007194245
8097.0,3.323741007194245
8098.0,3.323741007194245
8099.0,3.323741007194245
8100.0,3.323741007194245
8101.0,3.323741007194245
8102.0,3.323741007194245
8103.0,3.323741007194245
8104.0,3.2805755395683454
8105.0,3.323741007194245
8106.0,3.2805755395683454
8107.0,3.323741007194245
8108.0,3.323741007194245
8109.0,3.323741007194245
8110.0,3.323741007194245
8111.0,3.323741007194245
8112.0,3.323741007194245
8113.0,3.323741007194245
8114.0,3.323741007194245
8115.0,3.323741007194245
8116.0,3.323741007194245
8117.0,3.323741007194245
8118.0,3.323741007194245
8119.0,3.323741007194245
8120.0,3.323741007194245
8121.0,3.3669064748201443
8122.0,3.323741007194245
8123.0,3.323741007194245
8124.0,3.2805755395683454
8125.0,3.323741007194245
8126.0,3.323741007194245
8127.0,3.323741007194245
8128.0,3.323741007194245
8129.0,3.323741007194245
8130.0,3.323741007194245
8131.0,3.323741007194245
8132.0,3.323741007194245
8133.0,3.323741007194245
8134.0,3.323741007194245
8135.0,3.323741007194245
8136.0,3.323741007194245
8137.0,3.323741007194245
8138.0,3.323741007194245
8139.0,3.323741007194245
8140.0,3.323741007194245
8141.0,3.2805755395683454
8142.0,3.323741007194245
8143.0,3.323741007194245
8144.0,3.323741007194245
8145.0,3.323741007194245
8146.0,3.323741007194245
8147.0,3.323741007194245
8148.0,3.323741007194245
8149.0,3.323741007194245
8150.0,3.323741007194245
8151.0,3.3669064748201443
8152.0,3.323741007194245
8153.0,3.323741007194245
8154.0,3.2805755395683454
8155.0,3.323741007194245
8156.0,3.2805755395683454
8157.0,3.3669064748201443
8158.0,3.323741007194245
8159.0,3.323741007194245
8160.0,3.323741007194245
8161.0,3.323741007194245
8162.0,3.323741007194245
8163.0,3.323741007194245
8164.0,3.323741007194245
8165.0,3.323741007194245
8166.0,3.323741007194245
8167.0,3.323741007194245
8168.0,3.2805755395683454
8169.0,3.323741007194245
8170.0,3.323741007194245
8171.0,3.323741007194245
8172.0,3.323741007194245
8173.0,3.323741007194245
8174.0,3.323741007194245
8175.0,3.323741007194245
8176.0,3.323741007194245
8177.0,3.323741007194245
8178.0,3.323741007194245
8179.0,3.323741007194245
8180.0,3.2805755395683454
8181.0,3.323741007194245
8182.0,3.323741007194245
8183.0,3.323741007194245
8184.0,3.2805755395683454
8185.0,3.323741007194245
8186.0,3.2805755395683454
8187.0,3.323741007194245
8188.0,3.323741007194245
8189.0,3.323741007194245
8190.0,3.2805755395683454
8191.0,3.323741007194245
8192.0,3.323741007194245
8193.0,3.323741007194245
8194.0,3.2805755395683454
8195.0,3.323741007194245
8196.0,3.2805755395683454
8197.0,3.323741007194245
8198.0,3.323741007194245
8199.0,3.323741007194245
8200.0,3.323741007194245
8201.0,3.323741007194245
8202.0,3.323741007194245
8203.0,3.323741007194245
8204.0,3.2805755395683454
8205.0,3.323741007194245
8206.0,3.323741007194245
8207.0,3.323741007194245
8208.0,3.323741007194245
8209.0,3.323741007194245
8210.0,3.323741007194245
8211.0,3.323741007194245
8212.0,3.323741007194245
8213.0,3.323741007194245
8214.0,3.323741007194245
8215.0,3.323741007194245
8216.0,3.323741007194245
8217.0,3.323741007194245
8218.0,3.323741007194245
8219.0,3.323741007194245
8220.0,3.323741007194245
8221.0,3.323741007194245
8222.0,3.323741007194245
8223.0,3.323741007194245
8224.0,3.323741007194245
8225.0,3.323741007194245
8226.0,3.323741007194245
8227.0,3.323741007194245
8228.0,3.323741007194245
8229.0,3.323741007194245
8230.0,3.323741007194245
8231.0,3.2805755395683454
8232.0,3.323741007194245
8233.0,3.323741007194245
8234.0,3.2805755395683454
8235.0,3.323741007194245
8236.0,3.323741007194245
8237.0,3.323741007194245
8238.0,3.323741007194245
8239.0,3.323741007194245
8240.0,3.323741007194245
8241.0,3.323741007194245
8242.0,3.323741007194245
8243.0,3.323741007194245
8244.0,3.323741007194245
8245.0,3.323741007194245
8246.0,3.323741007194245
8247.0,3.323741007194245
8248.0,3.323741007194245
8249.0,3.323741007194245
8250.0,3.323741007194245
8251.0,3.323741007194245
8252.0,3.323741007194245
8253.0,3.323741007194245
8254.0,3.323741007194245
8255.0,3.323741007194245
8256.0,3.2805755395683454
8257.0,3.323741007194245
8258.0,3.323741007194245
8259.0,3.323741007194245
8260.0,3.2805755395683454
8261.0,3.323741007194245
8262.0,3.323741007194245
8263.0,3.323741007194245
8264.0,3.323741007194245
8265.0,3.323741007194245
8266.0,3.2805755395683454
8267.0,3.323741007194245
8268.0,3.2805755395683454
8269.0,3.323741007194245
8270.0,3.323741007194245
8271.0,3.323741007194245
8272.0,3.323741007194245
8273.0,3.323741007194245
8274.0,3.323741007194245
8275.0,3.323741007194245
8276.0,3.323741007194245
8277.0,3.323741007194245
8278.0,3.323741007194245
8279.0,3.323741007194245
8280.0,3.323741007194245
8281.0,3.323741007194245
8282.0,3.2805755395683454
8283.0,3.323741007194245
8284.0,3.323741007194245
8285.0,3.323741007194245
8286.0,3.2805755395683454
8287.0,3.323741007194245
8288.0,3.2805755395683454
8289.0,3.323741007194245
8290.0,3.323741007194245
8291.0,3.323741007194245
8292.0,3.2805755395683454
8293.0,3.323741007194245
8294.0,3.323741007194245
8295.0,3.323741007194245
8296.0,3.323741007194245
8297.0,3.323741007194245
8298.0,3.323741007194245
8299.0,3.323741007194245
8300.0,3.2805755395683454
8301.0,3.323741007194245
8302.0,3.323741007194245
8303.0,3.323741007194245
8304.0,3.2805755395683454
8305.0,3.323741007194245
8306.0,3.323741007194245
8307.0,3.3669064748201443
8308.0,3.2805755395683454
8309.0,3.323741007194245
8310.0,3.323741007194245
8311.0,3.2805755395683454
8312.0,3.323741007194245
8313.0,3.323741007194245
8314.0,3.323741007194245
8315.0,3.323741007194245
8316.0,3.2805755395683454
8317.0,3.323741007194245
8318.0,3.2805755395683454
8319.0,3.323741007194245
8320.0,3.323741007194245
8321.0,3.323741007194245
8322.0,3.323741007194245
8323.0,3.323741007194245
8324.0,3.2805755395683454
8325.0,3.3669064748201443
8326.0,3.323741007194245
8327.0,3.323741007194245
8328.0,3.323741007194245
8329.0,3.323741007194245
8330.0,3.323741007194245
8331.0,3.2805755395683454
8332.0,3.2805755395683454
8333.0,3.323741007194245
8334.0,3.323741007194245
8335.0,3.323741007194245
8336.0,3.323741007194245
8337.0,3.323741007194245
8338.0,3.323741007194245
8339.0,3.323741007194245
8340.0,3.323741007194245
8341.0,3.323741007194245
8342.0,3.323741007194245
8343.0,3.323741007194245
8344.0,3.323741007194245
8345.0,3.323741007194245
8346.0,3.323741007194245
8347.0,3.323741007194245
8348.0,3.323741007194245
8349.0,3.323741007194245
8350.0,3.323741007194245
8351.0,3.323741007194245
8352.0,3.323741007194245
8353.0,3.323741007194245
8354.0,3.323741007194245
8355.0,3.323741007194245
8356.0,3.323741007194245
8357.0,3.323741007194245
8358.0,3.323741007194245
8359.0,3.323741007194245
8360.0,3.323741007194245
8361.0,3.323741007194245
8362.0,3.323741007194245
8363.0,3.323741007194245
8364.0,3.2805755395683454
8365.0,3.323741007194245
8366.0,3.2805755395683454
8367.0,3.323741007194245
8368.0,3.323741007194245
8369.0,3.323741007194245
8370.0,3.2805755395683454
8371.0,3.323741007194245
8372.0,3.2805755395683454
8373.0,3.2805755395683454
8374.0,3.2805755395683454
8375.0,3.323741007194245
8376.0,3.2805755395683454
8377.0,3.323741007194245
8378.0,3.323741007194245
8379.0,3.323741007194245
8380.0,3.2805755395683454
8381.0,3.323741007194245
8382.0,3.323741007194245
8383.0,3.323741007194245
8384.0,3.2805755395683454
8385.0,3.323741007194245
8386.0,3.323741007194245
8387.0,3.323741007194245
8388.0,3.323741007194245
8389.0,3.3669064748201443
8390.0,3.2805755395683454
8391.0,3.323741007194245
8392.0,3.323741007194245
8393.0,3.323741007194245
8394.0,3.323741007194245
8395.0,3.323741007194245
8396.0,3.323741007194245
8397.0,3.323741007194245
8398.0,3.323741007194245
8399.0,3.323741007194245
8400.0,3.323741007194245
8401.0,3.323741007194245
8402.0,3.323741007194245
8403.0,3.323741007194245
8404.0,3.323741007194245
8405.0,3.323741007194245
8406.0,3.323741007194245
8407.0,3.323741007194245
8408.0,3.2805755395683454
8409.0,3.323741007194245
8410.0,3.2805755395683454
8411.0,3.323741007194245
8412.0,3.323741007194245
8413.0,3.323741007194245
8414.0,3.323741007194245
8415.0,3.323741007194245
8416.0,3.2805755395683454
8417.0,3.2805755395683454
8418.0,3.323741007194245
8419.0,3.323741007194245
8420.0,3.323741007194245
8421.0,3.323741007194245
8422.0,3.323741007194245
8423.0,3.323741007194245
8424.0,3.2805755395683454
8425.0,3.323741007194245
8426.0,3.323741007194245
8427.0,3.323741007194245
8428.0,3.323741007194245
8429.0,3.323741007194245
8430.0,3.323741007194245
8431.0,3.323741007194245
8432.0,3.323741007194245
8433.0,3.323741007194245
8434.0,3.2805755395683454
8435.0,3.323741007194245
8436.0,3.323741007194245
8437.0,3.323741007194245
8438.0,3.323741007194245
8439.0,3.323741007194245
8440.0,3.323741007194245
8441.0,3.323741007194245
8442.0,3.323741007194245
8443.0,3.323741007194245
8444.0,3.323741007194245
8445.0,3.323741007194245
8446.0,3.323741007194245
8447.0,3.2805755395683454
8448.0,3.2805755395683454
8449.0,3.323741007194245
8450.0,3.2805755395683454
8451.0,3.2805755395683454
8452.0,3.2805755395683454
8453.0,3.323741007194245
8454.0,3.323741007194245
8455.0,3.323741007194245
8456.0,3.2805755395683454
8457.0,3.323741007194245
8458.0,3.2805755395683454
8459.0,3.2805755395683454
8460.0,3.323741007194245
8461.0,3.2805755395683454
8462.0,3.2805755395683454
8463.0,3.323741007194245
8464.0,3.323741007194245
8465.0,3.323741007194245
8466.0,3.2805755395683454
8467.0,3.323741007194245
8468.0,3.323741007194245
8469.0,3.323741007194245
8470.0,3.323741007194245
8471.0,3.323741007194245
8472.0,3.2805755395683454
8473.0,3.323741007194245
8474.0,3.323741007194245
8475.0,3.323741007194245
8476.0,3.323741007194245
8477.0,3.323741007194245
8478.0,3.323741007194245
8479.0,3.323741007194245
8480.0,3.323741007194245
8481.0,3.323741007194245
8482.0,3.323741007194245
8483.0,3.323741007194245
8484.0,3.323741007194245
8485.0,3.323741007194245
8486.0,3.323741007194245
8487.0,3.323741007194245
8488.0,3.323741007194245
8489.0,3.323741007194245
8490.0,3.323741007194245
8491.0,3.2805755395683454
8492.0,3.323741007194245
8493.0,3.2805755395683454
8494.0,3.2805755395683454
8495.0,3.323741007194245
8496.0,3.323741007194245
8497.0,3.323741007194245
8498.0,3.2805755395683454
8499.0,3.323741007194245
