time_ms,diameter_mm
0.0,2.892086330935252
1.0,2.892086330935252
2.0,2.892086330935252
3.0,2.892086330935252
4.0,2.892086330935252
5.0,2.892086330935252
6.0,2.892086330935252
7.0,2.892086330935252
8.0,2.892086330935252
9.0,2.892086330935252
10.0,2.892086330935252
11.0,2.8489208633093526
12.0,2.892086330935252
13.0,2.8489208633093526
14.0,2.8489208633093526
15.0,2.8489208633093526
16.0,2.892086330935252
17.0,2.892086330935252
18.0,2.892086330935252
19.0,2.892086330935252
20.0,2.892086330935252
21.0,2.892086330935252
22.0,2.892086330935252
23.0,2.8489208633093526
24.0,2.8489208633093526
25.0,2.8489208633093526
26.0,2.8489208633093526
27.0,2.8489208633093526
28.0,2.8489208633093526
29.0,2.8489208633093526
30.0,2.8489208633093526
31.0,2.8489208633093526
32.0,2.8489208633093526
33.0,2.8489208633093526
34.0,2.892086330935252
35.0,2.892086330935252
36.0,2.8489208633093526
37.0,2.8489208633093526
38.0,2.8489208633093526
39.0,2.8489208633093526
40.0,2.8489208633093526
41.0,2.8489208633093526
42.0,2.8489208633093526
43.0,2.8489208633093526
44.0,2.8489208633093526
45.0,2.8057553956834536
46.0,2.8489208633093526
47.0,2.8489208633093526
48.0,2.8489208633093526
49.0,2.8057553956834536
50.0,2.8489208633093526
51.0,2.8489208633093526
52.0,2.8489208633093526
53.0,2.8489208633093526
54.0,2.8489208633093526
55.0,2.8489208633093526
56.0,2.8489208633093526
57.0,2.8057553956834536
58.0,2.8057553956834536
59.0,2.8057553956834536
60.0,2.8057553956834536
61.0,2.8057553956834536
62.0,2.8057553956834536
63.0,2.8489208633093526
64.0,2.8489208633093526
65.0,2.8057553956834536
66.0,2.8057553956834536
67.0,2.8057553956834536
68.0,2.8489208633093526
69.0,2.8057553956834536
70.0,2.8057553956834536
71.0,2.8057553956834536
72.0,2.8057553956834536
73.0,2.8057553956834536
74.0,2.8057553956834536
75.0,2.8057553956834536
76.0,2.8489208633093526
77.0,2.8489208633093526
78.0,2.8057553956834536
79.0,2.8057553956834536
80.0,2.8057553956834536
81.0,2.8057553956834536
82.0,2.8057553956834536
83.0,2.8057553956834536
84.0,2.8057553956834536
85.0,2.8057553956834536
86.0,2.8057553956834536
87.0,2.8057553956834536
88.0,2.8057553956834536
89.0,2.8057553956834536
90.0,2.8057553956834536
91.0,2.8057553956834536
92.0,2.8057553956834536
93.0,2.8057553956834536
94.0,2.8057553956834536
95.0,2.8057553956834536
96.0,2.8057553956834536
97.0,2.8057553956834536
98.0,2.8057553956834536
99.0,2.8057553956834536
100.0,2.8057553956834536
101.0,2.8057553956834536
102.0,2.8057553956834536
103.0,2.8057553956834536
104.0,2.8057553956834536
105.0,2.762589928057554
106.0,2.762589928057554
107.0,2.762589928057554
108.0,2.762589928057554
109.0,2.762589928057554
110.0,2.762589928057554
111.0,2.762589928057554
112.0,2.8057553956834536
113.0,2.762589928057554
114.0,2.8057553956834536
115.0,2.8057553956834536
116.0,2.8057553956834536
117.0,2.8057553956834536
118.0,2.8057553956834536
119.0,2.762589928057554
120.0,2.762589928057554
121.0,2.762589928057554
122.0,2.8057553956834536
123.0,2.762589928057554
124.0,2.762589928057554
125.0,2.8057553956834536
126.0,2.762589928057554
127.0,2.762589928057554
128.0,2.762589928057554
129.0,2.8057553956834536
130.0,2.762589928057554
131.0,2.762589928057554
132.0,2.762589928057554
133.0,2.762589928057554
134.0,2.762589928057554
135.0,2.762589928057554
136.0,2.762589928057554
137.0,2.762589928057554
138.0,2.762589928057554
139.0,2.762589928057554
140.0,2.762589928057554
141.0,2.762589928057554
142.0,2.762589928057554
143.0,2.762589928057554
144.0,2.762589928057554
145.0,2.762589928057554
146.0,2.762589928057554
147.0,2.762589928057554
148.0,2.762589928057554
149.0,2.762589928057554
150.0,2.762589928057554
151.0,2.762589928057554
152.0,2.762589928057554
153.0,2.762589928057554
154.0,2.762589928057554
155.0,2.762589928057554
156.0,2.762589928057554
157.0,2.762589928057554
158.0,2.762589928057554
159.0,2.762589928057554
160.0,2.7194244604316546
161.0,2.762589928057554
162.0,2.762589928057554
163.0,2.762589928057554
164.0,2.762589928057554
165.0,2.762589928057554
166.0,2.762589928057554
167.0,2.762589928057554
168.0,2.762589928057554
169.0,2.762589928057554
170.0,2.762589928057554
171.0,2.762589928057554
172.0,2.762589928057554
173.0,2.762589928057554
174.0,2.762589928057554
175.0,2.7194244604316546
176.0,2.762589928057554
177.0,2.762589928057554
178.0,2.762589928057554
179.0,2.762589928057554
180.0,2.762589928057554
181.0,2.762589928057554
182.0,2.7194244604316546
183.0,2.7194244604316546
184.0,2.7194244604316546
185.0,2.7194244604316546
186.0,2.7194244604316546
187.0,2.7194244604316546
188.0,2.7194244604316546
189.0,2.7194244604316546
190.0,2.7194244604316546
191.0,2.7194244604316546
192.0,2.7194244604316546
193.0,2.762589928057554
194.0,2.762589928057554
195.0,2.7194244604316546
196.0,2.7194244604316546
197.0,2.7194244604316546
198.0,2.7194244604316546
199.0,2.7194244604316546
200.0,2.7194244604316546
201.0,2.762589928057554
202.0,2.7194244604316546
203.0,2.7194244604316546
204.0,2.7194244604316546
205.0,2.7194244604316546
206.0,2.7194244604316546
207.0,2.7194244604316546
208.0,2.7194244604316546
209.0,2.7194244604316546
210.0,2.7194244604316546
211.0,2.7194244604316546
212.0,2.7194244604316546
213.0,2.7194244604316546
214.0,2.7194244604316546
215.0,2.7194244604316546
216.0,2.7194244604316546
217.0,2.7194244604316546
218.0,2.7194244604316546
219.0,2.7194244604316546
220.0,2.7194244604316546
221.0,2.6762589928057556
222.0,2.7194244604316546
223.0,2.7194244604316546
224.0,2.7194244604316546
225.0,2.7194244604316546
226.0,2.7194244604316546
227.0,2.7194244604316546
228.0,2.7194244604316546
229.0,2.7194244604316546
230.0,2.7194244604316546
231.0,2.7194244604316546
232.0,2.7194244604316546
233.0,2.6762589928057556
234.0,2.6762589928057556
235.0,2.6762589928057556
236.0,2.6762589928057556
237.0,2.6762589928057556
238.0,2.6762589928057556
239.0,2.6762589928057556
240.0,2.6762589928057556
241.0,2.6762589928057556
242.0,2.6762589928057556
243.0,2.6762589928057556
244.0,2.6762589928057556
245.0,2.6762589928057556
246.0,2.6762589928057556
247.0,2.7194244604316546
248.0,2.7194244604316546
249.0,2.6762589928057556
250.0,2.7194244604316546
251.0,2.7194244604316546
252.0,2.7194244604316546
253.0,2.7194244604316546
254.0,2.7194244604316546
255.0,2.7194244604316546
256.0,2.7194244604316546
257.0,2.7194244604316546
258.0,2.6762589928057556
259.0,2.6762589928057556
260.0,2.6762589928057556
261.0,2.6762589928057556
262.0,2.6762589928057556
263.0,2.6762589928057556
264.0,2.6762589928057556
265.0,2.6762589928057556
266.0,2.6762589928057556
267.0,2.6762589928057556
268.0,2.6762589928057556
269.0,2.6762589928057556
270.0,2.6762589928057556
271.0,2.6762589928057556
272.0,2.7194244604316546
273.0,2.7194244604316546
274.0,2.7194244604316546
275.0,2.6762589928057556
276.0,2.6762589928057556
277.0,2.6762589928057556
278.0,2.6762589928057556
279.0,2.6762589928057556
280.0,2.6762589928057556
281.0,2.6762589928057556
282.0,2.6762589928057556
283.0,2.6762589928057556
284.0,2.6762589928057556
285.0,2.6762589928057556
286.0,2.6762589928057556
287.0,2.6762589928057556
288.0,2.6762589928057556
289.0,2.6762589928057556
290.0,2.6762589928057556
291.0,2.6762589928057556
292.0,2.6762589928057556
293.0,2.6762589928057556
294.0,2.6762589928057556
295.0,2.6762589928057556
296.0,2.6762589928057556
297.0,2.7194244604316546
298.0,2.6762589928057556
299.0,2.6762589928057556
300.0,2.633093525179856
301.0,2.6762589928057556
302.0,2.6762589928057556
303.0,2.6762589928057556
304.0,2.6762589928057556
305.0,2.6762589928057556
306.0,2.6762589928057556
307.0,2.6762589928057556
308.0,2.6762589928057556
309.0,2.6762589928057556
310.0,2.633093525179856
311.0,2.6762589928057556
312.0,2.633093525179856
313.0,2.6762589928057556
314.0,2.6762589928057556
315.0,2.6762589928057556
316.0,2.633093525179856
317.0,2.6762589928057556
318.0,2.6762589928057556
319.0,2.6762589928057556
320.0,2.6762589928057556
321.0,2.6762589928057556
322.0,2.6762589928057556
323.0,2.6762589928057556
324.0,2.6762589928057556
325.0,2.6762589928057556
326.0,2.6762589928057556
327.0,2.6762589928057556
328.0,2.6762589928057556
329.0,2.6762589928057556
330.0,2.6762589928057556
331.0,2.6762589928057556
332.0,2.6762589928057556
333.0,2.6762589928057556
334.0,2.6762589928057556
335.0,2.6762589928057556
336.0,2.6762589928057556
337.0,2.6762589928057556
338.0,2.6762589928057556
339.0,2.6762589928057556
340.0,2.633093525179856
341.0,2.6762589928057556
342.0,2.633093525179856
343.0,2.6762589928057556
344.0,2.6762589928057556
345.0,2.6762589928057556
346.0,2.633093525179856
347.0,2.6762589928057556
348.0,2.6762589928057556
349.0,2.6762589928057556
350.0,2.633093525179856
351.0,2.6762589928057556
352.0,2.633093525179856
353.0,2.633093525179856
354.0,2.633093525179856
355.0,2.633093525179856
356.0,2.633093525179856
357.0,2.633093525179856
358.0,2.633093525179856
359.0,2.633093525179856
360.0,2.633093525179856
361.0,2.633093525179856
362.0,2.6762589928057556
363.0,2.6762589928057556
364.0,2.6762589928057556
365.0,2.6762589928057556
366.0,2.6762589928057556
367.0,2.6762589928057556
368.0,2.6762589928057556
369.0,2.6762589928057556
370.0,2.633093525179856
371.0,2.633093525179856
372.0,2.633093525179856
373.0,2.633093525179856
374.0,2.6762589928057556
375.0,2.6762589928057556
376.0,2.6762589928057556
377.0,2.6762589928057556
378.0,2.6762589928057556
379.0,2.633093525179856
380.0,2.633093525179856
381.0,2.633093525179856
382.0,2.633093525179856
383.0,2.633093525179856
384.0,2.633093525179856
385.0,2.633093525179856
386.0,2.633093525179856
387.0,2.633093525179856
388.0,2.633093525179856
389.0,2.633093525179856
390.0,2.633093525179856
391.0,2.633093525179856
392.0,2.633093525179856
393.0,2.633093525179856
394.0,2.633093525179856
395.0,2.633093525179856
396.0,2.633093525179856
397.0,2.633093525179856
398.0,2.633093525179856
399.0,2.633093525179856
400.0,2.633093525179856
401.0,2.633093525179856
402.0,2.633093525179856
403.0,2.633093525179856
404.0,2.633093525179856
405.0,2.633093525179856
406.0,2.633093525179856
407.0,2.633093525179856
408.0,2.633093525179856
409.0,2.633093525179856
410.0,2.633093525179856
411.0,2.633093525179856
412.0,2.633093525179856
413.0,2.633093525179856
414.0,2.633093525179856
415.0,2.633093525179856
416.0,2.633093525179856
417.0,2.633093525179856
418.0,2.633093525179856
419.0,2.633093525179856
420.0,2.633093525179856
421.0,2.633093525179856
422.0,2.633093525179856
423.0,2.589928057553957
424.0,2.589928057553957
425.0,2.633093525179856
426.0,2.633093525179856
427.0,2.633093525179856
428.0,2.633093525179856
429.0,2.633093525179856
430.0,2.633093525179856
431.0,2.633093525179856
432.0,2.633093525179856
433.0,2.633093525179856
434.0,2.633093525179856
435.0,2.633093525179856
436.0,2.633093525179856
437.0,2.633093525179856
438.0,2.633093525179856
439.0,2.633093525179856
440.0,2.633093525179856
441.0,2.633093525179856
442.0,2.633093525179856
443.0,2.633093525179856
444.0,2.633093525179856
445.0,2.633093525179856
446.0,2.589928057553957
447.0,2.633093525179856
448.0,2.633093525179856
449.0,2.633093525179856
450.0,2.633093525179856
451.0,2.589928057553957
452.0,2.633093525179856
453.0,2.633093525179856
454.0,2.589928057553957
455.0,2.633093525179856
456.0,2.633093525179856
457.0,2.633093525179856
458.0,2.633093525179856
459.0,2.589928057553957
460.0,2.589928057553957
461.0,2.633093525179856
462.0,2.633093525179856
463.0,2.633093525179856
464.0,2.633093525179856
465.0,2.633093525179856
466.0,2.589928057553957
467.0,2.589928057553957
468.0,2.633093525179856
469.0,2.589928057553957
470.0,2.589928057553957
471.0,2.633093525179856
472.0,2.589928057553957
473.0,2.633093525179856
474.0,2.633093525179856
475.0,2.633093525179856
476.0,2.633093525179856
477.0,2.633093525179856
478.0,2.589928057553957
479.0,2.633093525179856
480.0,2.633093525179856
481.0,2.589928057553957
482.0,2.633093525179856
483.0,2.633093525179856
484.0,2.589928057553957
485.0,2.633093525179856
486.0,2.589928057553957
487.0,2.633093525179856
488.0,2.633093525179856
489.0,2.633093525179856
490.0,2.589928057553957
491.0,2.589928057553957
492.0,2.589928057553957
493.0,2.589928057553957
494.0,2.589928057553957
495.0,2.589928057553957
496.0,2.589928057553957
497.0,2.633093525179856
498.0,2.589928057553957
499.0,2.589928057553957
500.0,2.589928057553957
501.0,2.589928057553957
502.0,2.589928057553957
503.0,2.589928057553957
504.0,2.589928057553957
505.0,2.589928057553957
506.0,2.589928057553957
507.0,2.589928057553957
508.0,2.589928057553957
509.0,2.589928057553957
510.0,2.589928057553957
511.0,2.589928057553957
512.0,2.589928057553957
513.0,2.589928057553957
514.0,2.589928057553957
515.0,2.589928057553957
516.0,2.589928057553957
517.0,2.589928057553957
518.0,2.589928057553957
519.0,2.589928057553957
520.0,2.589928057553957
521.0,2.589928057553957
522.0,2.633093525179856
523.0,2.589928057553957
524.0,2.633093525179856
525.0,2.589928057553957
526.0,2.633093525179856
527.0,2.589928057553957
528.0,2.589928057553957
529.0,2.633093525179856
530.0,2.589928057553957
531.0,2.633093525179856
532.0,2.589928057553957
533.0,2.633093525179856
534.0,2.589928057553957
535.0,2.589928057553957
536.0,2.589928057553957
537.0,2.589928057553957
538.0,2.589928057553957
539.0,2.589928057553957
540.0,2.589928057553957
541.0,2.589928057553957
542.0,2.589928057553957
543.0,2.589928057553957
544.0,2.589928057553957
545.0,2.589928057553957
546.0,2.589928057553957
547.0,2.589928057553957
548.0,2.589928057553957
549.0,2.589928057553957
550.0,2.589928057553957
551.0,2.589928057553957
552.0,2.589928057553957
553.0,2.589928057553957
554.0,2.589928057553957
555.0,2.589928057553957
556.0,2.589928057553957
557.0,2.589928057553957
558.0,2.589928057553957
559.0,2.589928057553957
560.0,2.589928057553957
561.0,2.589928057553957
562.0,2.589928057553957
563.0,2.589928057553957
564.0,2.589928057553957
565.0,2.589928057553957
566.0,2.589928057553957
567.0,2.589928057553957
568.0,2.589928057553957
569.0,2.589928057553957
570.0,2.589928057553957
571.0,2.589928057553957
572.0,2.589928057553957
573.0,2.589928057553957
574.0,2.589928057553957
575.0,2.589928057553957
576.0,2.589928057553957
577.0,2.589928057553957
578.0,2.589928057553957
579.0,2.589928057553957
580.0,2.589928057553957
581.0,2.589928057553957
582.0,2.589928057553957
583.0,2.589928057553957
584.0,2.589928057553957
585.0,2.589928057553957
586.0,2.589928057553957
587.0,2.589928057553957
588.0,2.589928057553957
589.0,2.589928057553957
590.0,2.589928057553957
591.0,2.589928057553957
592.0,2.589928057553957
593.0,2.589928057553957
594.0,2.589928057553957
595.0,2.589928057553957
596.0,2.589928057553957
597.0,2.589928057553957
598.0,2.589928057553957
599.0,2.589928057553957
600.0,2.589928057553957
601.0,2.589928057553957
602.0,2.589928057553957
603.0,2.589928057553957
604.0,2.589928057553957
605.0,2.589928057553957
606.0,2.589928057553957
607.0,2.589928057553957
608.0,2.589928057553957
609.0,2.589928057553957
610.0,2.589928057553957
611.0,2.589928057553957
612.0,2.589928057553957
613.0,2.5467625899280577
614.0,2.589928057553957
615.0,2.589928057553957
616.0,2.589928057553957
617.0,2.589928057553957
618.0,2.589928057553957
619.0,2.589928057553957
620.0,2.589928057553957
621.0,2.589928057553957
622.0,2.589928057553957
623.0,2.589928057553957
624.0,2.589928057553957
625.0,2.589928057553957
626.0,2.589928057553957
627.0,2.589928057553957
628.0,2.589928057553957
629.0,2.589928057553957
630.0,2.589928057553957
631.0,2.589928057553957
632.0,2.589928057553957
633.0,2.589928057553957
634.0,2.589928057553957
635.0,2.589928057553957
636.0,2.589928057553957
637.0,2.589928057553957
638.0,2.589928057553957
639.0,2.589928057553957
640.0,2.589928057553957
641.0,2.589928057553957
642.0,2.589928057553957
643.0,2.589928057553957
644.0,2.589928057553957
645.0,2.589928057553957
646.0,2.589928057553957
647.0,2.589928057553957
648.0,2.589928057553957
649.0,2.589928057553957
650.0,2.589928057553957
651.0,2.589928057553957
652.0,2.589928057553957
653.0,2.589928057553957
654.0,2.589928057553957
655.0,2.589928057553957
656.0,2.589928057553957
657.0,2.589928057553957
658.0,2.589928057553957
659.0,2.589928057553957
660.0,2.589928057553957
661.0,2.589928057553957
662.0,2.589928057553957
663.0,2.589928057553957
664.0,2.589928057553957
665.0,2.589928057553957
666.0,2.589928057553957
667.0,2.589928057553957
668.0,2.589928057553957
669.0,2.589928057553957
670.0,2.589928057553957
671.0,2.589928057553957
672.0,2.5467625899280577
673.0,2.5467625899280577
674.0,2.5467625899280577
675.0,2.5467625899280577
676.0,2.589928057553957
677.0,2.589928057553957
678.0,2.589928057553957
679.0,2.589928057553957
680.0,2.589928057553957
681.0,2.589928057553957
682.0,2.5467625899280577
683.0,2.589928057553957
684.0,2.589928057553957
685.0,2.5467625899280577
686.0,2.589928057553957
687.0,2.589928057553957
688.0,2.5467625899280577
689.0,2.589928057553957
690.0,2.589928057553957
691.0,2.589928057553957
692.0,2.589928057553957
693.0,2.589928057553957
694.0,2.589928057553957
695.0,2.589928057553957
696.0,2.589928057553957
697.0,2.589928057553957
698.0,2.589928057553957
699.0,2.589928057553957
700.0,2.589928057553957
701.0,2.589928057553957
702.0,2.589928057553957
703.0,2.589928057553957
704.0,2.589928057553957
705.0,2.589928057553957
706.0,2.589928057553957
707.0,2.589928057553957
708.0,2.589928057553957
709.0,2.589928057553957
710.0,2.589928057553957
711.0,2.589928057553957
712.0,2.589928057553957
713.0,2.589928057553957
714.0,2.589928057553957
715.0,2.589928057553957
716.0,2.589928057553957
717.0,2.5467625899280577
718.0,2.589928057553957
719.0,2.5467625899280577
720.0,2.589928057553957
721.0,2.5467625899280577
722.0,2.589928057553957
723.0,2.5467625899280577
724.0,2.5467625899280577
725.0,2.5467625899280577
726.0,2.5467625899280577
727.0,2.5467625899280577
728.0,2.589928057553957
729.0,2.5467625899280577
730.0,2.5467625899280577
731.0,2.5467625899280577
732.0,2.5467625899280577
733.0,2.5467625899280577
734.0,2.5467625899280577
735.0,2.5467625899280577
736.0,2.5467625899280577
737.0,2.5467625899280577
738.0,2.5467625899280577
739.0,2.5467625899280577
740.0,2.5467625899280577
741.0,2.5467625899280577
742.0,2.5467625899280577
743.0,2.589928057553957
744.0,2.589928057553957
745.0,2.5467625899280577
746.0,2.589928057553957
747.0,2.5467625899280577
748.0,2.589928057553957
749.0,2.5467625899280577
750.0,2.5467625899280577
751.0,2.5467625899280577
752.0,2.5467625899280577
753.0,2.5467625899280577
754.0,2.5467625899280577
755.0,2.589928057553957
756.0,2.5467625899280577
757.0,2.5467625899280577
758.0,2.5467625899280577
759.0,2.5467625899280577
760.0,2.5467625899280577
761.0,2.589928057553957
762.0,2.5467625899280577
763.0,2.5467625899280577
764.0,2.5467625899280577
765.0,2.5467625899280577
766.0,2.5467625899280577
767.0,2.5467625899280577
768.0,2.5467625899280577
769.0,2.5467625899280577
770.0,2.5467625899280577
771.0,2.5467625899280577
772.0,2.5467625899280577
773.0,2.5467625899280577
774.0,2.5467625899280577
775.0,2.5467625899280577
776.0,2.5467625899280577
777.0,2.5467625899280577
778.0,2.5467625899280577
779.0,2.5467625899280577
780.0,2.5467625899280577
781.0,2.5467625899280577
782.0,2.5467625899280577
783.0,2.5467625899280577
784.0,2.5467625899280577
785.0,2.5467625899280577
786.0,2.5467625899280577
787.0,2.5467625899280577
788.0,2.5467625899280577
789.0,2.5467625899280577
790.0,2.589928057553957
791.0,2.5467625899280577
792.0,2.5467625899280577
793.0,2.5467625899280577
794.0,2.5467625899280577
795.0,2.5467625899280577
796.0,2.5467625899280577
797.0,2.5467625899280577
798.0,2.5467625899280577
799.0,2.5467625899280577
800.0,2.5467625899280577
801.0,2.5467625899280577
802.0,2.5467625899280577
803.0,2.5467625899280577
804.0,2.5467625899280577
805.0,2.5467625899280577
806.0,2.5467625899280577
807.0,2.5467625899280577
808.0,2.5467625899280577
809.0,2.5467625899280577
810.0,2.5467625899280577
811.0,2.5467625899280577
812.0,2.5467625899280577
813.0,2.5467625899280577
814.0,2.5467625899280577
815.0,2.5467625899280577
816.0,2.5035971223021583
817.0,2.5467625899280577
818.0,2.5467625899280577
819.0,2.5467625899280577
820.0,2.5467625899280577
821.0,2.5467625899280577
822.0,2.5467625899280577
823.0,2.5467625899280577
824.0,2.5467625899280577
825.0,2.5467625899280577
826.0,2.5467625899280577
827.0,2.5467625899280577
828.0,2.5035971223021583
829.0,2.5467625899280577
830.0,2.5467625899280577
831.0,2.5467625899280577
832.0,2.5467625899280577
833.0,2.5467625899280577
834.0,2.5035971223021583
835.0,2.5467625899280577
836.0,2.5035971223021583
837.0,2.5467625899280577
838.0,2.5467625899280577
839.0,2.5467625899280577
840.0,2.5467625899280577
841.0,2.5467625899280577
842.0,2.5467625899280577
843.0,2.5467625899280577
844.0,2.5467625899280577
845.0,2.5467625899280577
846.0,2.5467625899280577
847.0,2.5035971223021583
848.0,2.5467625899280577
849.0,2.5035971223021583
850.0,2.5467625899280577
851.0,2.5467625899280577
852.0,2.5467625899280577
853.0,2.5467625899280577
854.0,2.5467625899280577
855.0,2.5467625899280577
856.0,2.5467625899280577
857.0,2.5467625899280577
858.0,2.5467625899280577
859.0,2.5035971223021583
860.0,2.5467625899280577
861.0,2.5467625899280577
862.0,2.5467625899280577
863.0,2.5467625899280577
864.0,2.5467625899280577
865.0,2.5467625899280577
866.0,2.5035971223021583
867.0,2.5467625899280577
868.0,2.5035971223021583
869.0,2.5035971223021583
870.0,2.5467625899280577
871.0,2.5035971223021583
872.0,2.5035971223021583
873.0,2.5035971223021583
874.0,2.5467625899280577
875.0,2.5467625899280577
876.0,2.5467625899280577
877.0,2.5467625899280577
878.0,2.5467625899280577
879.0,2.5467625899280577
880.0,2.5467625899280577
881.0,2.5467625899280577
882.0,2.5035971223021583
883.0,2.5035971223021583
884.0,2.5467625899280577
885.0,2.5467625899280577
886.0,2.5035971223021583
887.0,2.5467625899280577
888.0,2.5467625899280577
889.0,2.5035971223021583
890.0,2.5467625899280577
891.0,2.5467625899280577
892.0,2.5467625899280577
893.0,2.5467625899280577
894.0,2.5467625899280577
895.0,2.5467625899280577
896.0,2.5467625899280577
897.0,2.5035971223021583
898.0,2.5467625899280577
899.0,2.5467625899280577
900.0,2.5035971223021583
901.0,2.5467625899280577
902.0,2.5035971223021583
903.0,2.5035971223021583
904.0,2.5467625899280577
905.0,2.5467625899280577
906.0,2.5035971223021583
907.0,2.5035971223021583
908.0,2.5035971223021583
909.0,2.5035971223021583
910.0,2.5467625899280577
911.0,2.5035971223021583
912.0,2.5467625899280577
913.0,2.5467625899280577
914.0,2.5467625899280577
915.0,2.5035971223021583
916.0,2.5467625899280577
917.0,2.5467625899280577
918.0,2.5467625899280577
919.0,2.5467625899280577
920.0,2.5467625899280577
921.0,2.5035971223021583
922.0,2.5467625899280577
923.0,2.5467625899280577
924.0,2.5467625899280577
925.0,2.5035971223021583
926.0,2.5035971223021583
927.0,2.5035971223021583
928.0,2.5467625899280577
929.0,2.5467625899280577
930.0,2.5467625899280577
931.0,2.5035971223021583
932.0,2.5035971223021583
933.0,2.5035971223021583
934.0,2.5035971223021583
935.0,2.5035971223021583
936.0,2.5035971223021583
937.0,2.5035971223021583
938.0,2.5035971223021583
939.0,2.5467625899280577
940.0,2.5467625899280577
941.0,2.5035971223021583
942.0,2.5035971223021583
943.0,2.5467625899280577
944.0,2.5467625899280577
945.0,2.5035971223021583
946.0,2.5035971223021583
947.0,2.5467625899280577
948.0,2.5035971223021583
949.0,2.5467625899280577
950.0,2.5467625899280577
951.0,2.5467625899280577
952.0,2.5467625899280577
953.0,2.5467625899280577
954.0,2.5467625899280577
955.0,2.5467625899280577
956.0,2.5035971223021583
957.0,2.5035971223021583
958.0,2.5035971223021583
959.0,2.5035971223021583
960.0,2.5035971223021583
961.0,2.5467625899280577
962.0,2.5467625899280577
963.0,2.5035971223021583
964.0,2.5035971223021583
965.0,2.5035971223021583
966.0,2.5467625899280577
967.0,2.5035971223021583
968.0,2.5467625899280577
969.0,2.5035971223021583
970.0,2.5035971223021583
971.0,2.5467625899280577
972.0,2.5467625899280577
973.0,2.5035971223021583
974.0,2.5467625899280577
975.0,2.5035971223021583
976.0,2.5035971223021583
977.0,2.5035971223021583
978.0,2.5035971223021583
979.0,2.5035971223021583
980.0,2.5467625899280577
981.0,2.5467625899280577
982.0,2.5035971223021583
983.0,2.5035971223021583
984.0,2.5035971223021583
985.0,2.5035971223021583
986.0,2.5035971223021583
987.0,2.5035971223021583
988.0,2.5035971223021583
989.0,2.5035971223021583
990.0,2.5467625899280577
991.0,2.5035971223021583
992.0,2.5035971223021583
993.0,2.5035971223021583
994.0,2.5035971223021583
995.0,2.5035971223021583
996.0,2.5467625899280577
997.0,2.5035971223021583
998.0,2.5035971223021583
999.0,2.5035971223021583
1000.0,2.5035971223021583
1001.0,2.5035971223021583
1002.0,2.5035971223021583
1003.0,2.5035971223021583
1004.0,2.5035971223021583
1005.0,2.5035971223021583
1006.0,2.5035971223021583
1007.0,2.5035971223021583
1008.0,2.5035971223021583
1009.0,2.5035971223021583
1010.0,2.5035971223021583
1011.0,2.5035971223021583
1012.0,2.5035971223021583
1013.0,2.5035971223021583
1014.0,2.5035971223021583
1015.0,2.5035971223021583
1016.0,2.5035971223021583
1017.0,2.5035971223021583
1018.0,2.5035971223021583
1019.0,2.5035971223021583
1020.0,2.5467625899280577
1021.0,2.5035971223021583
1022.0,2.5467625899280577
1023.0,2.5035971223021583
1024.0,2.5035971223021583
1025.0,2.5035971223021583
1026.0,2.5035971223021583
1027.0,2.5035971223021583
1028.0,2.5467625899280577
1029.0,2.5035971223021583
1030.0,2.5467625899280577
1031.0,2.5035971223021583
1032.0,2.5035971223021583
1033.0,2.5035971223021583
1034.0,2.5035971223021583
1035.0,2.5035971223021583
1036.0,2.5467625899280577
1037.0,2.5035971223021583
1038.0,2.5035971223021583
1039.0,2.5035971223021583
1040.0,2.5035971223021583
1041.0,2.5035971223021583
1042.0,2.5035971223021583
1043.0,2.5035971223021583
1044.0,2.5035971223021583
1045.0,2.5035971223021583
1046.0,2.5035971223021583
1047.0,2.5035971223021583
1048.0,2.5035971223021583
1049.0,2.5035971223021583
1050.0,2.5035971223021583
1051.0,2.5035971223021583
1052.0,2.5035971223021583
1053.0,2.5467625899280577
1054.0,2.5035971223021583
1055.0,2.5035971223021583
1056.0,2.5467625899280577
1057.0,2.5035971223021583
1058.0,2.5467625899280577
1059.0,2.5035971223021583
1060.0,2.5035971223021583
1061.0,2.5467625899280577
1062.0,2.5467625899280577
1063.0,2.5035971223021583
1064.0,2.5467625899280577
1065.0,2.5467625899280577
1066.0,2.5467625899280577
1067.0,2.5035971223021583
1068.0,2.5035971223021583
1069.0,2.5035971223021583
1070.0,2.5035971223021583
1071.0,2.5035971223021583
1072.0,2.5467625899280577
1073.0,2.5035971223021583
1074.0,2.5035971223021583
1075.0,2.5035971223021583
1076.0,2.5035971223021583
1077.0,2.5035971223021583
1078.0,2.5035971223021583
1079.0,2.5035971223021583
1080.0,2.5035971223021583
1081.0,2.5035971223021583
1082.0,2.5035971223021583
1083.0,2.5035971223021583
1084.0,2.5035971223021583
1085.0,2.5035971223021583
1086.0,2.5035971223021583
1087.0,2.5035971223021583
1088.0,2.5035971223021583
1089.0,2.5035971223021583
1090.0,2.5035971223021583
1091.0,2.5035971223021583
1092.0,2.5035971223021583
1093.0,2.5035971223021583
1094.0,2.5035971223021583
1095.0,2.5035971223021583
1096.0,2.5035971223021583
1097.0,2.5035971223021583
1098.0,2.5035971223021583
1099.0,2.5035971223021583
1100.0,2.5467625899280577
1101.0,2.5035971223021583
1102.0,2.5035971223021583
1103.0,2.5035971223021583
1104.0,2.5035971223021583
1105.0,2.5035971223021583
1106.0,2.5035971223021583
1107.0,2.5035971223021583
1108.0,2.5035971223021583
1109.0,2.5035971223021583
1110.0,2.5035971223021583
1111.0,2.5035971223021583
1112.0,2.5035971223021583
1113.0,2.5035971223021583
1114.0,2.5035971223021583
1115.0,2.5035971223021583
1116.0,2.5035971223021583
1117.0,2.5035971223021583
1118.0,2.5035971223021583
1119.0,2.5035971223021583
1120.0,2.5035971223021583
1121.0,2.5035971223021583
1122.0,2.5035971223021583
1123.0,2.5035971223021583
1124.0,2.5035971223021583
1125.0,2.5035971223021583
1126.0,2.5035971223021583
1127.0,2.5035971223021583
1128.0,2.5035971223021583
1129.0,2.5035971223021583
1130.0,2.5035971223021583
1131.0,2.5035971223021583
1132.0,2.5035971223021583
1133.0,2.5035971223021583
1134.0,2.5035971223021583
1135.0,2.4604316546762592
1136.0,2.5035971223021583
1137.0,2.5035971223021583
1138.0,2.5035971223021583
1139.0,2.5035971223021583
1140.0,2.5035971223021583
1141.0,2.5035971223021583
1142.0,2.5035971223021583
1143.0,2.5035971223021583
1144.0,2.5035971223021583
1145.0,2.5035971223021583
1146.0,2.5035971223021583
1147.0,2.5035971223021583
1148.0,2.5035971223021583
1149.0,2.5035971223021583
1150.0,2.5035971223021583
1151.0,2.4604316546762592
1152.0,2.5035971223021583
1153.0,2.5035971223021583
1154.0,2.5035971223021583
1155.0,2.5035971223021583
1156.0,2.5035971223021583
1157.0,2.5035971223021583
1158.0,2.5035971223021583
1159.0,2.5035971223021583
1160.0,2.5035971223021583
1161.0,2.5035971223021583
1162.0,2.5035971223021583
1163.0,2.5035971223021583
1164.0,2.5035971223021583
1165.0,2.5035971223021583
1166.0,2.5035971223021583
1167.0,2.5035971223021583
1168.0,2.5035971223021583
1169.0,2.5035971223021583
1170.0,2.5035971223021583
1171.0,2.5035971223021583
1172.0,2.5035971223021583
1173.0,2.5035971223021583
1174.0,2.5035971223021583
1175.0,2.4604316546762592
1176.0,2.5035971223021583
1177.0,2.4604316546762592
1178.0,2.5035971223021583
1179.0,2.5035971223021583
1180.0,2.5035971223021583
1181.0,2.5035971223021583
1182.0,2.5035971223021583
1183.0,2.4604316546762592
1184.0,2.4604316546762592
1185.0,2.4604316546762592
1186.0,2.4604316546762592
1187.0,2.4604316546762592
1188.0,2.4604316546762592
1189.0,2.4604316546762592
1190.0,2.5035971223021583
1191.0,2.4604316546762592
1192.0,2.5035971223021583
1193.0,2.4604316546762592
1194.0,2.5035971223021583
1195.0,2.4604316546762592
1196.0,2.5035971223021583
1197.0,2.4604316546762592
1198.0,2.5035971223021583
1199.0,2.5035971223021583
1200.0,2.5035971223021583
1201.0,2.5035971223021583
1202.0,2.5035971223021583
1203.0,2.5035971223021583
1204.0,2.5035971223021583
1205.0,2.5035971223021583
1206.0,2.5035971223021583
1207.0,2.5035971223021583
1208.0,2.5035971223021583
1209.0,2.5035971223021583
1210.0,2.4604316546762592
1211.0,2.5035971223021583
1212.0,2.5035971223021583
1213.0,2.5035971223021583
1214.0,2.5035971223021583
1215.0,2.5035971223021583
1216.0,2.5035971223021583
1217.0,2.5035971223021583
1218.0,2.5035971223021583
1219.0,2.4604316546762592
1220.0,2.5035971223021583
1221.0,2.5035971223021583
1222.0,2.5035971223021583
1223.0,2.4604316546762592
1224.0,2.5035971223021583
1225.0,2.4604316546762592
1226.0,2.5035971223021583
1227.0,2.5035971223021583
1228.0,2.5035971223021583
1229.0,2.4604316546762592
1230.0,2.5035971223021583
1231.0,2.4604316546762592
1232.0,2.5035971223021583
1233.0,2.5035971223021583
1234.0,2.5035971223021583
1235.0,2.5035971223021583
1236.0,2.5035971223021583
1237.0,2.4604316546762592
1238.0,2.5035971223021583
1239.0,2.4604316546762592
1240.0,2.5035971223021583
1241.0,2.5035971223021583
1242.0,2.5035971223021583
1243.0,2.5035971223021583
1244.0,2.5035971223021583
1245.0,2.5035971223021583
1246.0,2.5035971223021583
1247.0,2.5035971223021583
1248.0,2.4604316546762592
1249.0,2.5035971223021583
1250.0,2.5035971223021583
1251.0,2.4604316546762592
1252.0,2.5035971223021583
1253.0,2.4604316546762592
1254.0,2.5035971223021583
1255.0,2.5035971223021583
1256.0,2.5035971223021583
1257.0,2.5035971223021583
1258.0,2.4604316546762592
1259.0,2.4604316546762592
1260.0,2.5035971223021583
1261.0,2.4604316546762592
1262.0,2.5035971223021583
1263.0,2.5035971223021583
1264.0,2.5035971223021583
1265.0,2.5035971223021583
1266.0,2.5035971223021583
1267.0,2.4604316546762592
1268.0,2.5035971223021583
1269.0,2.4604316546762592
1270.0,2.5035971223021583
1271.0,2.4604316546762592
1272.0,2.5035971223021583
1273.0,2.5035971223021583
1274.0,2.4604316546762592
1275.0,2.5035971223021583
1276.0,2.4604316546762592
1277.0,2.4604316546762592
1278.0,2.4604316546762592
1279.0,2.4604316546762592
1280.0,2.5035971223021583
1281.0,2.4604316546762592
1282.0,2.5035971223021583
1283.0,2.4604316546762592
1284.0,2.4604316546762592
1285.0,2.4604316546762592
1286.0,2.5035971223021583
1287.0,2.5035971223021583
1288.0,2.4604316546762592
1289.0,2.4604316546762592
1290.0,2.4604316546762592
1291.0,2.4604316546762592
1292.0,2.5035971223021583
1293.0,2.4604316546762592
1294.0,2.4604316546762592
1295.0,2.4604316546762592
1296.0,2.4604316546762592
1297.0,2.5035971223021583
1298.0,2.5035971223021583
1299.0,2.4604316546762592
1300.0,2.5035971223021583
1301.0,2.4604316546762592
1302.0,2.4604316546762592
1303.0,2.4604316546762592
1304.0,2.5035971223021583
1305.0,2.4604316546762592
1306.0,2.5035971223021583
1307.0,2.5035971223021583
1308.0,2.5035971223021583
1309.0,2.5035971223021583
1310.0,2.5035971223021583
1311.0,2.4604316546762592
1312.0,2.4604316546762592
1313.0,2.5035971223021583
1314.0,2.5035971223021583
1315.0,2.4604316546762592
1316.0,2.4604316546762592
1317.0,2.4604316546762592
1318.0,2.4604316546762592
1319.0,2.4604316546762592
1320.0,2.4604316546762592
1321.0,2.4604316546762592
1322.0,2.4604316546762592
1323.0,2.4604316546762592
1324.0,2.4604316546762592
1325.0,2.4604316546762592
1326.0,2.4604316546762592
1327.0,2.4604316546762592
1328.0,2.4604316546762592
1329.0,2.4604316546762592
1330.0,2.5035971223021583
1331.0,2.4604316546762592
1332.0,2.5035971223021583
1333.0,2.5035971223021583
1334.0,2.5035971223021583
1335.0,2.4604316546762592
1336.0,2.5035971223021583
1337.0,2.5035971223021583
1338.0,2.5035971223021583
1339.0,2.4604316546762592
1340.0,2.4604316546762592
1341.0,2.4604316546762592
1342.0,2.4604316546762592
1343.0,2.4604316546762592
1344.0,2.4604316546762592
1345.0,2.4604316546762592
1346.0,2.4604316546762592
1347.0,2.5035971223021583
1348.0,2.4604316546762592
1349.0,2.4604316546762592
1350.0,2.4604316546762592
1351.0,2.4604316546762592
1352.0,2.4604316546762592
1353.0,2.4604316546762592
1354.0,2.4604316546762592
1355.0,2.5035971223021583
1356.0,2.4604316546762592
1357.0,2.4604316546762592
1358.0,2.4604316546762592
1359.0,2.4604316546762592
1360.0,2.4604316546762592
1361.0,2.4604316546762592
1362.0,2.4604316546762592
1363.0,2.4604316546762592
1364.0,2.4604316546762592
1365.0,2.4604316546762592
1366.0,2.4604316546762592
1367.0,2.4604316546762592
1368.0,2.4604316546762592
1369.0,2.4604316546762592
1370.0,2.4604316546762592
1371.0,2.4604316546762592
1372.0,2.4604316546762592
1373.0,2.4604316546762592
1374.0,2.4604316546762592
1375.0,2.4604316546762592
1376.0,2.4604316546762592
1377.0,2.4604316546762592
1378.0,2.4604316546762592
1379.0,2.4604316546762592
1380.0,2.4604316546762592
1381.0,2.4604316546762592
1382.0,2.4604316546762592
1383.0,2.4604316546762592
1384.0,2.5035971223021583
1385.0,2.4604316546762592
1386.0,2.5035971223021583
1387.0,2.4604316546762592
1388.0,2.4604316546762592
1389.0,2.4604316546762592
1390.0,2.4604316546762592
1391.0,2.4604316546762592
1392.0,2.4604316546762592
1393.0,2.4604316546762592
1394.0,2.4604316546762592
1395.0,2.4604316546762592
1396.0,2.4604316546762592
1397.0,2.4604316546762592
1398.0,2.4604316546762592
1399.0,2.4604316546762592
1400.0,2.4604316546762592
1401.0,2.4604316546762592
1402.0,2.4604316546762592
1403.0,2.4604316546762592
1404.0,2.4604316546762592
1405.0,2.4604316546762592
1406.0,2.4604316546762592
1407.0,2.5035971223021583
1408.0,2.4604316546762592
1409.0,2.4604316546762592
1410.0,2.4604316546762592
1411.0,2.4604316546762592
1412.0,2.4604316546762592
1413.0,2.4604316546762592
1414.0,2.4604316546762592
1415.0,2.4604316546762592
1416.0,2.4604316546762592
1417.0,2.4604316546762592
1418.0,2.4604316546762592
1419.0,2.4604316546762592
1420.0,2.4604316546762592
1421.0,2.4604316546762592
1422.0,2.4604316546762592
1423.0,2.4604316546762592
1424.0,2.4604316546762592
1425.0,2.4604316546762592
1426.0,2.4604316546762592
1427.0,2.4604316546762592
1428.0,2.4604316546762592
1429.0,2.4604316546762592
1430.0,2.4604316546762592
1431.0,2.4604316546762592
1432.0,2.4604316546762592
1433.0,2.4604316546762592
1434.0,2.4604316546762592
1435.0,2.4604316546762592
1436.0,2.4604316546762592
1437.0,2.4604316546762592
1438.0,2.4604316546762592
1439.0,2.4604316546762592
1440.0,2.4604316546762592
1441.0,2.4604316546762592
1442.0,2.4604316546762592
1443.0,2.4604316546762592
1444.0,2.4604316546762592
1445.0,2.4604316546762592
1446.0,2.4604316546762592
1447.0,2.4604316546762592
1448.0,2.4604316546762592
1449.0,2.4604316546762592
1450.0,2.4604316546762592
1451.0,2.4604316546762592
1452.0,2.4604316546762592
1453.0,2.4604316546762592
1454.0,2.4604316546762592
1455.0,2.4604316546762592
1456.0,2.4604316546762592
1457.0,2.4604316546762592
1458.0,2.4604316546762592
1459.0,2.4604316546762592
1460.0,2.4604316546762592
1461.0,2.4604316546762592
1462.0,2.5035971223021583
1463.0,2.4604316546762592
1464.0,2.4604316546762592
1465.0,2.4604316546762592
1466.0,2.4604316546762592
1467.0,2.4604316546762592
1468.0,2.4604316546762592
1469.0,2.4604316546762592
1470.0,2.4604316546762592
1471.0,2.4604316546762592
1472.0,2.4604316546762592
1473.0,2.4604316546762592
1474.0,2.4604316546762592
1475.0,2.4604316546762592
1476.0,2.4604316546762592
1477.0,2.4604316546762592
1478.0,2.4604316546762592
1479.0,2.4604316546762592
1480.0,2.4604316546762592
1481.0,2.4604316546762592
1482.0,2.4604316546762592
1483.0,2.4604316546762592
1484.0,2.4604316546762592
1485.0,2.4604316546762592
1486.0,2.4604316546762592
1487.0,2.4604316546762592
1488.0,2.4604316546762592
1489.0,2.4604316546762592
1490.0,2.4604316546762592
1491.0,2.4604316546762592
1492.0,2.4604316546762592
1493.0,2.4604316546762592
1494.0,2.4604316546762592
1495.0,2.4604316546762592
1496.0,2.4604316546762592
1497.0,2.4604316546762592
1498.0,2.4604316546762592
1499.0,2.4604316546762592
1500.0,2.4604316546762592
1501.0,2.4604316546762592
1502.0,2.4604316546762592
1503.0,2.4604316546762592
1504.0,2.4604316546762592
1505.0,2.4604316546762592
1506.0,2.4604316546762592
1507.0,2.4604316546762592
1508.0,2.4604316546762592
1509.0,2.4604316546762592
1510.0,2.4604316546762592
1511.0,2.4604316546762592
1512.0,2.4604316546762592
1513.0,2.4604316546762592
1514.0,2.4604316546762592
1515.0,2.4604316546762592
1516.0,2.4604316546762592
1517.0,2.4604316546762592
1518.0,2.4604316546762592
1519.0,2.4604316546762592
1520.0,2.4604316546762592
1521.0,2.4604316546762592
1522.0,2.4604316546762592
1523.0,2.4604316546762592
1524.0,2.4604316546762592
1525.0,2.4604316546762592
1526.0,2.4604316546762592
1527.0,2.4604316546762592
1528.0,2.4604316546762592
1529.0,2.4604316546762592
1530.0,2.4604316546762592
1531.0,2.4604316546762592
1532.0,2.4604316546762592
1533.0,2.4604316546762592
1534.0,2.4604316546762592
1535.0,2.4604316546762592
1536.0,2.4604316546762592
1537.0,2.4604316546762592
1538.0,2.4604316546762592
1539.0,2.4604316546762592
1540.0,2.4604316546762592
1541.0,2.4604316546762592
1542.0,2.4604316546762592
1543.0,2.4604316546762592
1544.0,2.4604316546762592
1545.0,2.4604316546762592
1546.0,2.4604316546762592
1547.0,2.4604316546762592
1548.0,2.4604316546762592
1549.0,2.4604316546762592
1550.0,2.4604316546762592
1551.0,2.4604316546762592
1552.0,2.4604316546762592
1553.0,2.4604316546762592
1554.0,2.4604316546762592
1555.0,2.4604316546762592
1556.0,2.4604316546762592
1557.0,2.4604316546762592
1558.0,2.4604316546762592
1559.0,2.4604316546762592
1560.0,2.4604316546762592
1561.0,2.4604316546762592
1562.0,2.4604316546762592
1563.0,2.4604316546762592
1564.0,2.4604316546762592
1565.0,2.4604316546762592
1566.0,2.4604316546762592
1567.0,2.4604316546762592
1568.0,2.4604316546762592
1569.0,2.4604316546762592
1570.0,2.4604316546762592
1571.0,2.4604316546762592
1572.0,2.4604316546762592
1573.0,2.4604316546762592
1574.0,2.4604316546762592
1575.0,2.4604316546762592
1576.0,2.4604316546762592
1577.0,2.4604316546762592
1578.0,2.4604316546762592
1579.0,2.4604316546762592
1580.0,2.4604316546762592
1581.0,2.4604316546762592
1582.0,2.4604316546762592
1583.0,2.4604316546762592
1584.0,2.4604316546762592
1585.0,2.4604316546762592
1586.0,2.4604316546762592
1587.0,2.4604316546762592
1588.0,2.4604316546762592
1589.0,2.4604316546762592
1590.0,2.4604316546762592
1591.0,2.4604316546762592
1592.0,2.4604316546762592
1593.0,2.4604316546762592
1594.0,2.4604316546762592
1595.0,2.4604316546762592
1596.0,2.4604316546762592
1597.0,2.4604316546762592
1598.0,2.4604316546762592
1599.0,2.4604316546762592
1600.0,2.4604316546762592
1601.0,2.4604316546762592
1602.0,2.4604316546762592
1603.0,2.4604316546762592
1604.0,2.4604316546762592
1605.0,2.4604316546762592
1606.0,2.4604316546762592
1607.0,2.4604316546762592
1608.0,2.4604316546762592
1609.0,2.4604316546762592
1610.0,2.4604316546762592
1611.0,2.4604316546762592
1612.0,2.4604316546762592
1613.0,2.4604316546762592
1614.0,2.4604316546762592
1615.0,2.4604316546762592
1616.0,2.4604316546762592
1617.0,2.4604316546762592
1618.0,2.4604316546762592
1619.0,2.4604316546762592
1620.0,2.4604316546762592
1621.0,2.4604316546762592
1622.0,2.4604316546762592
1623.0,2.4604316546762592
1624.0,2.4604316546762592
1625.0,2.4604316546762592
1626.0,2.4604316546762592
1627.0,2.4604316546762592
1628.0,2.4604316546762592
1629.0,2.4604316546762592
1630.0,2.4604316546762592
1631.0,2.4604316546762592
1632.0,2.4604316546762592
1633.0,2.4604316546762592
1634.0,2.4604316546762592
1635.0,2.4604316546762592
1636.0,2.4604316546762592
1637.0,2.4604316546762592
1638.0,2.4604316546762592
1639.0,2.4604316546762592
1640.0,2.4604316546762592
1641.0,2.4604316546762592
1642.0,2.4604316546762592
1643.0,2.4604316546762592
1644.0,2.4604316546762592
1645.0,2.4604316546762592
1646.0,2.4604316546762592
1647.0,2.4604316546762592
1648.0,2.4604316546762592
1649.0,2.4604316546762592
1650.0,2.4604316546762592
1651.0,2.4604316546762592
1652.0,2.4604316546762592
1653.0,2.4604316546762592
1654.0,2.4604316546762592
1655.0,2.4604316546762592
1656.0,2.4604316546762592
1657.0,2.4604316546762592
1658.0,2.4604316546762592
1659.0,2.4604316546762592
1660.0,2.4604316546762592
1661.0,2.4604316546762592
1662.0,2.4604316546762592
1663.0,2.4604316546762592
1664.0,2.4604316546762592
1665.0,2.4604316546762592
1666.0,2.4604316546762592
1667.0,2.4604316546762592
1668.0,2.4604316546762592
1669.0,2.4604316546762592
1670.0,2.4604316546762592
1671.0,2.4604316546762592
1672.0,2.4604316546762592
1673.0,2.4604316546762592
1674.0,2.4604316546762592
1675.0,2.4604316546762592
1676.0,2.4604316546762592
1677.0,2.4604316546762592
1678.0,2.4604316546762592
1679.0,2.4604316546762592
1680.0,2.4604316546762592
1681.0,2.4604316546762592
1682.0,2.4604316546762592
1683.0,2.4604316546762592
1684.0,2.4604316546762592
1685.0,2.4604316546762592
1686.0,2.4604316546762592
1687.0,2.4604316546762592
1688.0,2.4604316546762592
1689.0,2.4604316546762592
1690.0,2.4604316546762592
1691.0,2.4604316546762592
1692.0,2.4604316546762592
1693.0,2.4604316546762592
1694.0,2.4604316546762592
1695.0,2.4604316546762592
1696.0,2.4604316546762592
1697.0,2.4604316546762592
1698.0,2.4604316546762592
1699.0,2.4604316546762592
1700.0,2.4604316546762592
1701.0,2.4604316546762592
1702.0,2.4604316546762592
1703.0,2.4604316546762592
1704.0,2.4604316546762592
1705.0,2.4604316546762592
1706.0,2.4604316546762592
1707.0,2.4604316546762592
1708.0,2.4604316546762592
1709.0,2.4604316546762592
1710.0,2.4604316546762592
1711.0,2.4604316546762592
1712.0,2.4604316546762592
1713.0,2.4604316546762592
1714.0,2.4604316546762592
1715.0,2.4604316546762592
1716.0,2.4604316546762592
1717.0,2.4604316546762592
1718.0,2.4604316546762592
1719.0,2.4604316546762592
1720.0,2.4604316546762592
1721.0,2.4604316546762592
1722.0,2.4604316546762592
1723.0,2.4604316546762592
1724.0,2.4604316546762592
1725.0,2.4604316546762592
1726.0,2.4604316546762592
1727.0,2.4604316546762592
1728.0,2.4604316546762592
1729.0,2.4604316546762592
1730.0,2.4604316546762592
1731.0,2.4604316546762592
1732.0,2.4604316546762592
1733.0,2.4604316546762592
1734.0,2.4604316546762592
1735.0,2.4604316546762592
1736.0,2.4604316546762592
1737.0,2.4604316546762592
1738.0,2.4604316546762592
1739.0,2.4604316546762592
1740.0,2.4604316546762592
1741.0,2.4604316546762592
1742.0,2.4604316546762592
1743.0,2.4604316546762592
1744.0,2.4604316546762592
1745.0,2.4604316546762592
1746.0,2.4604316546762592
1747.0,2.4604316546762592
1748.0,2.4604316546762592
1749.0,2.4604316546762592
1750.0,2.4604316546762592
1751.0,2.4604316546762592
1752.0,2.4604316546762592
1753.0,2.4604316546762592
1754.0,2.4604316546762592
1755.0,2.4604316546762592
1756.0,2.4604316546762592
1757.0,2.4604316546762592
1758.0,2.4604316546762592
1759.0,2.4604316546762592
1760.0,2.4604316546762592
1761.0,2.4604316546762592
1762.0,2.4604316546762592
1763.0,2.4604316546762592
1764.0,2.4604316546762592
1765.0,2.4604316546762592
1766.0,2.4604316546762592
1767.0,2.4604316546762592
1768.0,2.4604316546762592
1769.0,2.4604316546762592
1770.0,2.4604316546762592
1771.0,2.4604316546762592
1772.0,2.4604316546762592
1773.0,2.4604316546762592
1774.0,2.4604316546762592
1775.0,2.41726618705036
1776.0,2.4604316546762592
1777.0,2.4604316546762592
1778.0,2.4604316546762592
1779.0,2.4604316546762592
1780.0,2.4604316546762592
1781.0,2.4604316546762592
1782.0,2.4604316546762592
1783.0,2.4604316546762592
1784.0,2.4604316546762592
1785.0,2.4604316546762592
1786.0,2.4604316546762592
1787.0,2.4604316546762592
1788.0,2.4604316546762592
1789.0,2.4604316546762592
1790.0,2.4604316546762592
1791.0,2.4604316546762592
1792.0,2.4604316546762592
1793.0,2.4604316546762592
1794.0,2.4604316546762592
1795.0,2.4604316546762592
1796.0,2.4604316546762592
1797.0,2.4604316546762592
1798.0,2.4604316546762592
1799.0,2.4604316546762592
1800.0,2.4604316546762592
1801.0,2.4604316546762592
1802.0,2.4604316546762592
1803.0,2.4604316546762592
1804.0,2.4604316546762592
1805.0,2.4604316546762592
1806.0,2.4604316546762592
1807.0,2.4604316546762592
1808.0,2.4604316546762592
1809.0,2.4604316546762592
1810.0,2.4604316546762592
1811.0,2.4604316546762592
1812.0,2.4604316546762592
1813.0,2.4604316546762592
1814.0,2.4604316546762592
1815.0,2.4604316546762592
1816.0,2.4604316546762592
1817.0,2.4604316546762592
1818.0,2.4604316546762592
1819.0,2.4604316546762592
1820.0,2.4604316546762592
1821.0,2.4604316546762592
1822.0,2.4604316546762592
1823.0,2.4604316546762592
1824.0,2.4604316546762592
1825.0,2.4604316546762592
1826.0,2.4604316546762592
1827.0,2.4604316546762592
1828.0,2.4604316546762592
1829.0,2.4604316546762592
1830.0,2.4604316546762592
1831.0,2.4604316546762592
1832.0,2.4604316546762592
1833.0,2.4604316546762592
1834.0,2.4604316546762592
1835.0,2.4604316546762592
1836.0,2.4604316546762592
1837.0,2.4604316546762592
1838.0,2.4604316546762592
1839.0,2.4604316546762592
1840.0,2.4604316546762592
1841.0,2.4604316546762592
1842.0,2.4604316546762592
1843.0,2.4604316546762592
1844.0,2.4604316546762592
1845.0,2.4604316546762592
1846.0,2.4604316546762592
1847.0,2.4604316546762592
1848.0,2.4604316546762592
1849.0,2.4604316546762592
1850.0,2.4604316546762592
1851.0,2.4604316546762592
1852.0,2.4604316546762592
1853.0,2.4604316546762592
1854.0,2.4604316546762592
1855.0,2.4604316546762592
1856.0,2.4604316546762592
1857.0,2.4604316546762592
1858.0,2.41726618705036
1859.0,2.4604316546762592
1860.0,2.4604316546762592
1861.0,2.4604316546762592
1862.0,2.4604316546762592
1863.0,2.4604316546762592
1864.0,2.4604316546762592
1865.0,2.4604316546762592
1866.0,2.4604316546762592
1867.0,2.4604316546762592
1868.0,2.4604316546762592
1869.0,2.4604316546762592
1870.0,2.4604316546762592
1871.0,2.4604316546762592
1872.0,2.4604316546762592
1873.0,2.4604316546762592
1874.0,2.4604316546762592
1875.0,2.41726618705036
1876.0,2.4604316546762592
1877.0,2.4604316546762592
1878.0,2.4604316546762592
1879.0,2.4604316546762592
1880.0,2.4604316546762592
1881.0,2.4604316546762592
1882.0,2.4604316546762592
1883.0,2.4604316546762592
1884.0,2.4604316546762592
1885.0,2.4604316546762592
1886.0,2.4604316546762592
1887.0,2.4604316546762592
1888.0,2.4604316546762592
1889.0,2.4604316546762592
1890.0,2.4604316546762592
1891.0,2.4604316546762592
1892.0,2.4604316546762592
1893.0,2.41726618705036
1894.0,2.4604316546762592
1895.0,2.4604316546762592
1896.0,2.4604316546762592
1897.0,2.4604316546762592
1898.0,2.4604316546762592
1899.0,2.41726618705036
1900.0,2.4604316546762592
1901.0,2.4604316546762592
1902.0,2.41726618705036
1903.0,2.41726618705036
1904.0,2.4604316546762592
1905.0,2.4604316546762592
1906.0,2.41726618705036
1907.0,2.41726618705036
1908.0,2.4604316546762592
1909.0,2.4604316546762592
1910.0,2.41726618705036
1911.0,2.4604316546762592
1912.0,2.4604316546762592
1913.0,2.4604316546762592
1914.0,2.4604316546762592
1915.0,2.41726618705036
1916.0,2.41726618705036
1917.0,2.4604316546762592
1918.0,2.4604316546762592
1919.0,2.4604316546762592
1920.0,2.4604316546762592
1921.0,2.4604316546762592
1922.0,2.4604316546762592
1923.0,2.41726618705036
1924.0,2.4604316546762592
1925.0,2.4604316546762592
1926.0,2.4604316546762592
1927.0,2.4604316546762592
1928.0,2.4604316546762592
1929.0,2.4604316546762592
1930.0,2.4604316546762592
1931.0,2.4604316546762592
1932.0,2.4604316546762592
1933.0,2.41726618705036
1934.0,2.4604316546762592
1935.0,2.4604316546762592
1936.0,2.4604316546762592
1937.0,2.4604316546762592
1938.0,2.4604316546762592
1939.0,2.4604316546762592
1940.0,2.4604316546762592
1941.0,2.4604316546762592
1942.0,2.4604316546762592
1943.0,2.41726618705036
1944.0,2.41726618705036
1945.0,2.41726618705036
1946.0,2.41726618705036
1947.0,2.41726618705036
1948.0,2.41726618705036
1949.0,2.41726618705036
1950.0,2.4604316546762592
1951.0,2.41726618705036
1952.0,2.41726618705036
1953.0,2.41726618705036
1954.0,2.4604316546762592
1955.0,2.41726618705036
1956.0,2.41726618705036
1957.0,2.41726618705036
1958.0,2.4604316546762592
1959.0,2.4604316546762592
1960.0,2.4604316546762592
1961.0,2.4604316546762592
1962.0,2.4604316546762592
1963.0,2.41726618705036
1964.0,2.4604316546762592
1965.0,2.4604316546762592
1966.0,2.4604316546762592
1967.0,2.41726618705036
1968.0,2.4604316546762592
1969.0,2.4604316546762592
1970.0,2.4604316546762592
1971.0,2.41726618705036
1972.0,2.4604316546762592
1973.0,2.41726618705036
1974.0,2.4604316546762592
1975.0,2.4604316546762592
1976.0,2.4604316546762592
1977.0,2.41726618705036
1978.0,2.4604316546762592
1979.0,2.41726618705036
1980.0,2.4604316546762592
1981.0,2.41726618705036
1982.0,2.4604316546762592
1983.0,2.41726618705036
1984.0,2.41726618705036
1985.0,2.41726618705036
1986.0,2.4604316546762592
1987.0,2.41726618705036
1988.0,2.41726618705036
1989.0,2.41726618705036
1990.0,2.41726618705036
1991.0,2.41726618705036
1992.0,2.41726618705036
1993.0,2.41726618705036
1994.0,2.41726618705036
1995.0,2.41726618705036
1996.0,2.41726618705036
1997.0,2.41726618705036
1998.0,2.41726618705036
1999.0,2.41726618705036
2000.0,2.41726618705036
2001.0,2.4604316546762592
2002.0,2.41726618705036
2003.0,2.4604316546762592
2004.0,2.4604316546762592
2005.0,2.4604316546762592
2006.0,2.4604316546762592
2007.0,2.4604316546762592
2008.0,2.41726618705036
2009.0,2.41726618705036
2010.0,2.4604316546762592
2011.0,2.4604316546762592
2012.0,2.4604316546762592
2013.0,2.4604316546762592
2014.0,2.4604316546762592
2015.0,2.4604316546762592
2016.0,2.4604316546762592
2017.0,2.41726618705036
2018.0,2.4604316546762592
2019.0,2.41726618705036
2020.0,2.41726618705036
2021.0,2.41726618705036
2022.0,2.41726618705036
2023.0,2.41726618705036
2024.0,2.41726618705036
2025.0,2.4604316546762592
2026.0,2.4604316546762592
2027.0,2.41726618705036
2028.0,2.41726618705036
2029.0,2.41726618705036
2030.0,2.4604316546762592
2031.0,2.41726618705036
2032.0,2.41726618705036
2033.0,2.41726618705036
2034.0,2.41726618705036
2035.0,2.41726618705036
2036.0,2.41726618705036
2037.0,2.41726618705036
2038.0,2.41726618705036
2039.0,2.41726618705036
2040.0,2.41726618705036
2041.0,2.41726618705036
2042.0,2.41726618705036
2043.0,2.41726618705036
2044.0,2.4604316546762592
2045.0,2.41726618705036
2046.0,2.41726618705036
2047.0,2.41726618705036
2048.0,2.41726618705036
2049.0,2.41726618705036
2050.0,2.4604316546762592
2051.0,2.4604316546762592
2052.0,2.41726618705036
2053.0,2.41726618705036
2054.0,2.4604316546762592
2055.0,2.4604316546762592
2056.0,2.41726618705036
2057.0,2.41726618705036
2058.0,2.41726618705036
2059.0,2.41726618705036
2060.0,2.41726618705036
2061.0,2.41726618705036
2062.0,2.41726618705036
2063.0,2.41726618705036
2064.0,2.41726618705036
2065.0,2.41726618705036
2066.0,2.41726618705036
2067.0,2.41726618705036
2068.0,2.41726618705036
2069.0,2.41726618705036
2070.0,2.41726618705036
2071.0,2.41726618705036
2072.0,2.41726618705036
2073.0,2.4604316546762592
2074.0,2.4604316546762592
2075.0,2.41726618705036
2076.0,2.4604316546762592
2077.0,2.41726618705036
2078.0,2.4604316546762592
2079.0,2.41726618705036
2080.0,2.4604316546762592
2081.0,2.41726618705036
2082.0,2.41726618705036
2083.0,2.41726618705036
2084.0,2.41726618705036
2085.0,2.41726618705036
2086.0,2.41726618705036
2087.0,2.41726618705036
2088.0,2.41726618705036
2089.0,2.41726618705036
2090.0,2.41726618705036
2091.0,2.41726618705036
2092.0,2.41726618705036
2093.0,2.41726618705036
2094.0,2.41726618705036
2095.0,2.41726618705036
2096.0,2.41726618705036
2097.0,2.41726618705036
2098.0,2.41726618705036
2099.0,2.41726618705036
2100.0,2.41726618705036
2101.0,2.41726618705036
2102.0,2.41726618705036
2103.0,2.41726618705036
2104.0,2.41726618705036
2105.0,2.41726618705036
2106.0,2.41726618705036
2107.0,2.41726618705036
2108.0,2.41726618705036
2109.0,2.41726618705036
2110.0,2.41726618705036
2111.0,2.4604316546762592
2112.0,2.4604316546762592
2113.0,2.4604316546762592
2114.0,2.4604316546762592
2115.0,2.4604316546762592
2116.0,2.4604316546762592
2117.0,2.41726618705036
2118.0,2.4604316546762592
2119.0,2.3741007194244608
2120.0,2.4604316546762592
2121.0,2.41726618705036
2122.0,2.4604316546762592
2123.0,2.41726618705036
2124.0,2.41726618705036
2125.0,2.41726618705036
2126.0,2.41726618705036
2127.0,2.41726618705036
2128.0,2.41726618705036
2129.0,2.41726618705036
2130.0,2.41726618705036
2131.0,2.41726618705036
2132.0,2.41726618705036
2133.0,2.41726618705036
2134.0,2.41726618705036
2135.0,2.41726618705036
2136.0,2.41726618705036
2137.0,2.41726618705036
2138.0,2.41726618705036
2139.0,2.41726618705036
2140.0,2.41726618705036
2141.0,2.41726618705036
2142.0,2.41726618705036
2143.0,2.41726618705036
2144.0,2.41726618705036
2145.0,2.41726618705036
2146.0,2.41726618705036
2147.0,2.3741007194244608
2148.0,2.4604316546762592
2149.0,2.41726618705036
2150.0,2.41726618705036
2151.0,2.41726618705036
2152.0,2.41726618705036
2153.0,2.4604316546762592
2154.0,2.41726618705036
2155.0,2.4604316546762592
2156.0,2.41726618705036
2157.0,2.41726618705036
2158.0,2.41726618705036
2159.0,2.41726618705036
2160.0,2.41726618705036
2161.0,2.41726618705036
2162.0,2.41726618705036
2163.0,2.41726618705036
2164.0,2.41726618705036
2165.0,2.41726618705036
2166.0,2.41726618705036
2167.0,2.41726618705036
2168.0,2.41726618705036
2169.0,2.41726618705036
2170.0,2.41726618705036
2171.0,2.41726618705036
2172.0,2.41726618705036
2173.0,2.41726618705036
2174.0,2.41726618705036
2175.0,2.41726618705036
2176.0,2.41726618705036
2177.0,2.41726618705036
2178.0,2.41726618705036
2179.0,2.41726618705036
2180.0,2.41726618705036
2181.0,2.41726618705036
2182.0,2.41726618705036
2183.0,2.41726618705036
2184.0,2.41726618705036
2185.0,2.41726618705036
2186.0,2.41726618705036
2187.0,2.41726618705036
2188.0,2.41726618705036
2189.0,2.41726618705036
2190.0,2.41726618705036
2191.0,2.41726618705036
2192.0,2.41726618705036
2193.0,2.3741007194244608
2194.0,2.41726618705036
2195.0,2.41726618705036
2196.0,2.41726618705036
2197.0,2.41726618705036
2198.0,2.41726618705036
2199.0,2.41726618705036
2200.0,2.41726618705036
2201.0,2.41726618705036
2202.0,2.41726618705036
2203.0,2.41726618705036
2204.0,2.41726618705036
2205.0,2.41726618705036
2206.0,2.41726618705036
2207.0,2.41726618705036
2208.0,2.41726618705036
2209.0,2.41726618705036
2210.0,2.41726618705036
2211.0,2.41726618705036
2212.0,2.41726618705036
2213.0,2.41726618705036
2214.0,2.41726618705036
2215.0,2.41726618705036
2216.0,2.41726618705036
2217.0,2.41726618705036
2218.0,2.41726618705036
2219.0,2.41726618705036
2220.0,2.41726618705036
2221.0,2.41726618705036
2222.0,2.41726618705036
2223.0,2.41726618705036
2224.0,2.41726618705036
2225.0,2.41726618705036
2226.0,2.41726618705036
2227.0,2.41726618705036
2228.0,2.41726618705036
2229.0,2.41726618705036
2230.0,2.41726618705036
2231.0,2.41726618705036
2232.0,2.41726618705036
2233.0,2.41726618705036
2234.0,2.41726618705036
2235.0,2.41726618705036
2236.0,2.41726618705036
2237.0,2.41726618705036
2238.0,2.41726618705036
2239.0,2.41726618705036
2240.0,2.41726618705036
2241.0,2.41726618705036
2242.0,2.41726618705036
2243.0,2.41726618705036
2244.0,2.41726618705036
2245.0,2.41726618705036
2246.0,2.41726618705036
2247.0,2.41726618705036
2248.0,2.41726618705036
2249.0,2.41726618705036
2250.0,2.41726618705036
2251.0,2.41726618705036
2252.0,2.41726618705036
2253.0,2.41726618705036
2254.0,2.41726618705036
2255.0,2.3741007194244608
2256.0,2.41726618705036
2257.0,2.41726618705036
2258.0,2.41726618705036
2259.0,2.41726618705036
2260.0,2.41726618705036
2261.0,2.41726618705036
2262.0,2.41726618705036
2263.0,2.41726618705036
2264.0,2.41726618705036
2265.0,2.41726618705036
2266.0,2.41726618705036
2267.0,2.41726618705036
2268.0,2.41726618705036
2269.0,2.41726618705036
2270.0,2.41726618705036
2271.0,2.41726618705036
2272.0,2.41726618705036
2273.0,2.41726618705036
2274.0,2.41726618705036
2275.0,2.41726618705036
2276.0,2.41726618705036
2277.0,2.41726618705036
2278.0,2.41726618705036
2279.0,2.41726618705036
2280.0,2.41726618705036
2281.0,2.41726618705036
2282.0,2.41726618705036
2283.0,2.41726618705036
2284.0,2.41726618705036
2285.0,2.41726618705036
2286.0,2.41726618705036
2287.0,2.41726618705036
2288.0,2.41726618705036
2289.0,2.41726618705036
2290.0,2.41726618705036
2291.0,2.41726618705036
2292.0,2.41726618705036
2293.0,2.41726618705036
2294.0,2.41726618705036
2295.0,2.41726618705036
2296.0,2.41726618705036
2297.0,2.41726618705036
2298.0,2.41726618705036
2299.0,2.3741007194244608
2300.0,2.41726618705036
2301.0,2.41726618705036
2302.0,2.3741007194244608
2303.0,2.3741007194244608
2304.0,2.41726618705036
2305.0,2.41726618705036
2306.0,2.41726618705036
2307.0,2.41726618705036
2308.0,2.41726618705036
2309.0,2.41726618705036
2310.0,2.41726618705036
2311.0,2.41726618705036
2312.0,2.41726618705036
2313.0,2.41726618705036
2314.0,2.41726618705036
2315.0,2.41726618705036
2316.0,2.41726618705036
2317.0,2.41726618705036
2318.0,2.41726618705036
2319.0,2.41726618705036
2320.0,2.41726618705036
2321.0,2.41726618705036
2322.0,2.41726618705036
2323.0,2.41726618705036
2324.0,2.41726618705036
2325.0,2.41726618705036
2326.0,2.41726618705036
2327.0,2.41726618705036
2328.0,2.41726618705036
2329.0,2.41726618705036
2330.0,2.41726618705036
2331.0,2.41726618705036
2332.0,2.41726618705036
2333.0,2.3741007194244608
2334.0,2.41726618705036
2335.0,2.41726618705036
2336.0,2.41726618705036
2337.0,2.41726618705036
2338.0,2.41726618705036
2339.0,2.3741007194244608
2340.0,2.41726618705036
2341.0,2.41726618705036
2342.0,2.41726618705036
2343.0,2.3741007194244608
2344.0,2.3741007194244608
2345.0,2.41726618705036
2346.0,2.41726618705036
2347.0,2.41726618705036
2348.0,2.41726618705036
2349.0,2.41726618705036
2350.0,2.41726618705036
2351.0,2.41726618705036
2352.0,2.41726618705036
2353.0,2.41726618705036
2354.0,2.41726618705036
2355.0,2.41726618705036
2356.0,2.41726618705036
2357.0,2.41726618705036
2358.0,2.41726618705036
2359.0,2.41726618705036
2360.0,2.41726618705036
2361.0,2.41726618705036
2362.0,2.41726618705036
2363.0,2.41726618705036
2364.0,2.41726618705036
2365.0,2.41726618705036
2366.0,2.41726618705036
2367.0,2.41726618705036
2368.0,2.41726618705036
2369.0,2.41726618705036
2370.0,2.41726618705036
2371.0,2.41726618705036
2372.0,2.41726618705036
2373.0,2.41726618705036
2374.0,2.41726618705036
2375.0,2.3741007194244608
2376.0,2.41726618705036
2377.0,2.3741007194244608
2378.0,2.41726618705036
2379.0,2.41726618705036
2380.0,2.3741007194244608
2381.0,2.41726618705036
2382.0,2.3741007194244608
2383.0,2.41726618705036
2384.0,2.3741007194244608
2385.0,2.41726618705036
2386.0,2.41726618705036
2387.0,2.41726618705036
2388.0,2.3741007194244608
2389.0,2.3741007194244608
2390.0,2.41726618705036
2391.0,2.41726618705036
2392.0,2.41726618705036
2393.0,2.41726618705036
2394.0,2.41726618705036
2395.0,2.41726618705036
2396.0,2.41726618705036
2397.0,2.41726618705036
2398.0,2.41726618705036
2399.0,2.41726618705036
2400.0,2.41726618705036
2401.0,2.41726618705036
2402.0,2.41726618705036
2403.0,2.41726618705036
2404.0,2.41726618705036
2405.0,2.41726618705036
2406.0,2.41726618705036
2407.0,2.41726618705036
2408.0,2.41726618705036
2409.0,2.41726618705036
2410.0,2.41726618705036
2411.0,2.41726618705036
2412.0,2.41726618705036
2413.0,2.41726618705036
2414.0,2.41726618705036
2415.0,2.41726618705036
2416.0,2.41726618705036
2417.0,2.41726618705036
2418.0,2.41726618705036
2419.0,2.41726618705036
2420.0,2.41726618705036
2421.0,2.41726618705036
2422.0,2.41726618705036
2423.0,2.41726618705036
2424.0,2.41726618705036
2425.0,2.41726618705036
2426.0,2.41726618705036
2427.0,2.41726618705036
2428.0,2.41726618705036
2429.0,2.41726618705036
2430.0,2.41726618705036
2431.0,2.41726618705036
2432.0,2.41726618705036
2433.0,2.41726618705036
2434.0,2.3741007194244608
2435.0,2.41726618705036
2436.0,2.41726618705036
2437.0,2.41726618705036
2438.0,2.41726618705036
2439.0,2.41726618705036
2440.0,2.41726618705036
2441.0,2.41726618705036
2442.0,2.41726618705036
2443.0,2.41726618705036
2444.0,2.3741007194244608
2445.0,2.3741007194244608
2446.0,2.3741007194244608
2447.0,2.41726618705036
2448.0,2.41726618705036
2449.0,2.41726618705036
2450.0,2.41726618705036
2451.0,2.3741007194244608
2452.0,2.3741007194244608
2453.0,2.41726618705036
2454.0,2.41726618705036
2455.0,2.41726618705036
2456.0,2.41726618705036
2457.0,2.41726618705036
2458.0,2.41726618705036
2459.0,2.3741007194244608
2460.0,2.41726618705036
2461.0,2.41726618705036
2462.0,2.41726618705036
2463.0,2.41726618705036
2464.0,2.41726618705036
2465.0,2.41726618705036
2466.0,2.41726618705036
2467.0,2.41726618705036
2468.0,2.41726618705036
2469.0,2.41726618705036
2470.0,2.41726618705036
2471.0,2.3741007194244608
2472.0,2.3741007194244608
2473.0,2.3741007194244608
2474.0,2.41726618705036
2475.0,2.41726618705036
2476.0,2.3741007194244608
2477.0,2.3741007194244608
2478.0,2.41726618705036
2479.0,2.3741007194244608
2480.0,2.41726618705036
2481.0,2.3741007194244608
2482.0,2.41726618705036
2483.0,2.3741007194244608
2484.0,2.3741007194244608
2485.0,2.41726618705036
2486.0,2.41726618705036
2487.0,2.41726618705036
2488.0,2.3741007194244608
2489.0,2.3741007194244608
2490.0,2.41726618705036
2491.0,2.41726618705036
2492.0,2.3741007194244608
2493.0,2.3741007194244608
2494.0,2.41726618705036
2495.0,2.41726618705036
2496.0,2.41726618705036
2497.0,2.41726618705036
2498.0,2.41726618705036
2499.0,2.41726618705036
2500.0,2.41726618705036
2501.0,2.41726618705036
2502.0,2.41726618705036
2503.0,2.41726618705036
2504.0,2.41726618705036
2505.0,2.41726618705036
2506.0,2.41726618705036
2507.0,2.41726618705036
2508.0,2.41726618705036
2509.0,2.3741007194244608
2510.0,2.41726618705036
2511.0,2.41726618705036
2512.0,2.41726618705036
2513.0,2.41726618705036
2514.0,2.41726618705036
2515.0,2.41726618705036
2516.0,2.41726618705036
2517.0,2.41726618705036
2518.0,2.41726618705036
2519.0,2.3741007194244608
2520.0,2.3741007194244608
2521.0,2.3741007194244608
2522.0,2.41726618705036
2523.0,2.3741007194244608
2524.0,2.41726618705036
2525.0,2.3741007194244608
2526.0,2.3741007194244608
2527.0,2.3741007194244608
2528.0,2.3741007194244608
2529.0,2.3741007194244608
2530.0,2.41726618705036
2531.0,2.3741007194244608
2532.0,2.3741007194244608
2533.0,2.41726618705036
2534.0,2.41726618705036
2535.0,2.41726618705036
2536.0,2.41726618705036
2537.0,2.41726618705036
2538.0,2.41726618705036
2539.0,2.41726618705036
2540.0,2.41726618705036
2541.0,2.41726618705036
2542.0,2.41726618705036
2543.0,2.41726618705036
2544.0,2.41726618705036
2545.0,2.41726618705036
2546.0,2.41726618705036
2547.0,2.41726618705036
2548.0,2.3741007194244608
2549.0,2.41726618705036
2550.0,2.3741007194244608
2551.0,2.3741007194244608
2552.0,2.3741007194244608
2553.0,2.41726618705036
2554.0,2.3741007194244608
2555.0,2.41726618705036
2556.0,2.41726618705036
2557.0,2.41726618705036
2558.0,2.3741007194244608
2559.0,2.3741007194244608
2560.0,2.41726618705036
2561.0,2.41726618705036
2562.0,2.41726618705036
2563.0,2.41726618705036
2564.0,2.41726618705036
2565.0,2.41726618705036
2566.0,2.3741007194244608
2567.0,2.3741007194244608
2568.0,2.41726618705036
2569.0,2.3741007194244608
2570.0,2.41726618705036
2571.0,2.3741007194244608
2572.0,2.41726618705036
2573.0,2.41726618705036
2574.0,2.41726618705036
2575.0,2.41726618705036
2576.0,2.3741007194244608
2577.0,2.41726618705036
2578.0,2.41726618705036
2579.0,2.41726618705036
2580.0,2.41726618705036
2581.0,2.41726618705036
2582.0,2.41726618705036
2583.0,2.41726618705036
2584.0,2.41726618705036
2585.0,2.41726618705036
2586.0,2.41726618705036
2587.0,2.3741007194244608
2588.0,2.41726618705036
2589.0,2.41726618705036
2590.0,2.41726618705036
2591.0,2.41726618705036
2592.0,2.3741007194244608
2593.0,2.3741007194244608
2594.0,2.41726618705036
2595.0,2.41726618705036
2596.0,2.41726618705036
2597.0,2.41726618705036
2598.0,2.3741007194244608
2599.0,2.3741007194244608
2600.0,2.41726618705036
2601.0,2.41726618705036
2602.0,2.3741007194244608
2603.0,2.3741007194244608
2604.0,2.41726618705036
2605.0,2.41726618705036
2606.0,2.41726618705036
2607.0,2.41726618705036
2608.0,2.3741007194244608
2609.0,2.3741007194244608
2610.0,2.41726618705036
2611.0,2.41726618705036
2612.0,2.3741007194244608
2613.0,2.41726618705036
2614.0,2.41726618705036
2615.0,2.41726618705036
2616.0,2.41726618705036
2617.0,2.41726618705036
2618.0,2.41726618705036
2619.0,2.3741007194244608
2620.0,2.41726618705036
2621.0,2.3741007194244608
2622.0,2.3741007194244608
2623.0,2.41726618705036
2624.0,2.41726618705036
2625.0,2.3741007194244608
2626.0,2.41726618705036
2627.0,2.41726618705036
2628.0,2.41726618705036
2629.0,2.41726618705036
2630.0,2.41726618705036
2631.0,2.3741007194244608
2632.0,2.3741007194244608
2633.0,2.3741007194244608
2634.0,2.3741007194244608
2635.0,2.41726618705036
2636.0,2.41726618705036
2637.0,2.3741007194244608
2638.0,2.41726618705036
2639.0,2.41726618705036
2640.0,2.41726618705036
2641.0,2.3741007194244608
2642.0,2.41726618705036
2643.0,2.3741007194244608
2644.0,2.3741007194244608
2645.0,2.3741007194244608
2646.0,2.41726618705036
2647.0,2.41726618705036
2648.0,2.41726618705036
2649.0,2.41726618705036
2650.0,2.41726618705036
2651.0,2.3741007194244608
2652.0,2.3741007194244608
2653.0,2.41726618705036
2654.0,2.41726618705036
2655.0,2.41726618705036
2656.0,2.3741007194244608
2657.0,2.41726618705036
2658.0,2.41726618705036
2659.0,2.3741007194244608
2660.0,2.3741007194244608
2661.0,2.41726618705036
2662.0,2.41726618705036
2663.0,2.41726618705036
2664.0,2.3741007194244608
2665.0,2.3741007194244608
2666.0,2.3741007194244608
2667.0,2.3741007194244608
2668.0,2.41726618705036
2669.0,2.3741007194244608
2670.0,2.41726618705036
2671.0,2.41726618705036
2672.0,2.41726618705036
2673.0,2.41726618705036
2674.0,2.41726618705036
2675.0,2.41726618705036
2676.0,2.3741007194244608
2677.0,2.3741007194244608
2678.0,2.41726618705036
2679.0,2.3741007194244608
2680.0,2.41726618705036
2681.0,2.3741007194244608
2682.0,2.41726618705036
2683.0,2.41726618705036
2684.0,2.41726618705036
2685.0,2.41726618705036
2686.0,2.3741007194244608
2687.0,2.41726618705036
2688.0,2.3741007194244608
2689.0,2.3741007194244608
2690.0,2.41726618705036
2691.0,2.3741007194244608
2692.0,2.41726618705036
2693.0,2.3741007194244608
2694.0,2.3741007194244608
2695.0,2.3741007194244608
2696.0,2.3741007194244608
2697.0,2.41726618705036
2698.0,2.3741007194244608
2699.0,2.3741007194244608
2700.0,2.3741007194244608
2701.0,2.3741007194244608
2702.0,2.3741007194244608
2703.0,2.3741007194244608
2704.0,2.3741007194244608
2705.0,2.3741007194244608
2706.0,2.3741007194244608
2707.0,2.3741007194244608
2708.0,2.3741007194244608
2709.0,2.3741007194244608
2710.0,2.3741007194244608
2711.0,2.3741007194244608
2712.0,2.3741007194244608
2713.0,2.3741007194244608
2714.0,2.3741007194244608
2715.0,2.41726618705036
2716.0,2.3741007194244608
2717.0,2.41726618705036
2718.0,2.3741007194244608
2719.0,2.3741007194244608
2720.0,2.3741007194244608
2721.0,2.41726618705036
2722.0,2.41726618705036
2723.0,2.3741007194244608
2724.0,2.41726618705036
2725.0,2.41726618705036
2726.0,2.41726618705036
2727.0,2.3741007194244608
2728.0,2.41726618705036
2729.0,2.3741007194244608
2730.0,2.41726618705036
2731.0,2.41726618705036
2732.0,2.41726618705036
2733.0,2.41726618705036
2734.0,2.41726618705036
2735.0,2.41726618705036
2736.0,2.3741007194244608
2737.0,2.3741007194244608
2738.0,2.3741007194244608
2739.0,2.3741007194244608
2740.0,2.41726618705036
2741.0,2.3741007194244608
2742.0,2.3741007194244608
2743.0,2.3741007194244608
2744.0,2.3741007194244608
2745.0,2.41726618705036
2746.0,2.3741007194244608
2747.0,2.41726618705036
2748.0,2.3741007194244608
2749.0,2.3741007194244608
2750.0,2.3741007194244608
2751.0,2.3741007194244608
2752.0,2.3741007194244608
2753.0,2.3741007194244608
2754.0,2.3741007194244608
2755.0,2.3741007194244608
2756.0,2.3741007194244608
2757.0,2.41726618705036
2758.0,2.3741007194244608
2759.0,2.3741007194244608
2760.0,2.3741007194244608
2761.0,2.41726618705036
2762.0,2.3741007194244608
2763.0,2.3741007194244608
2764.0,2.41726618705036
2765.0,2.41726618705036
2766.0,2.41726618705036
2767.0,2.3741007194244608
2768.0,2.41726618705036
2769.0,2.3741007194244608
2770.0,2.41726618705036
2771.0,2.3741007194244608
2772.0,2.41726618705036
2773.0,2.41726618705036
2774.0,2.41726618705036
2775.0,2.41726618705036
2776.0,2.3741007194244608
2777.0,2.3741007194244608
2778.0,2.3741007194244608
2779.0,2.41726618705036
2780.0,2.3741007194244608
2781.0,2.3741007194244608
2782.0,2.41726618705036
2783.0,2.3741007194244608
2784.0,2.3741007194244608
2785.0,2.3741007194244608
2786.0,2.3741007194244608
2787.0,2.3741007194244608
2788.0,2.3741007194244608
2789.0,2.3741007194244608
2790.0,2.3741007194244608
2791.0,2.3741007194244608
2792.0,2.3741007194244608
2793.0,2.3741007194244608
2794.0,2.3741007194244608
2795.0,2.3741007194244608
2796.0,2.41726618705036
2797.0,2.3741007194244608
2798.0,2.3741007194244608
2799.0,2.3741007194244608
2800.0,2.41726618705036
2801.0,2.41726618705036
2802.0,2.3741007194244608
2803.0,2.41726618705036
2804.0,2.41726618705036
2805.0,2.3741007194244608
2806.0,2.41726618705036
2807.0,2.3741007194244608
2808.0,2.41726618705036
2809.0,2.3741007194244608
2810.0,2.41726618705036
2811.0,2.41726618705036
2812.0,2.41726618705036
2813.0,2.3741007194244608
2814.0,2.3741007194244608
2815.0,2.3741007194244608
2816.0,2.3741007194244608
2817.0,2.3741007194244608
2818.0,2.3741007194244608
2819.0,2.3741007194244608
2820.0,2.3741007194244608
2821.0,2.3741007194244608
2822.0,2.3741007194244608
2823.0,2.3741007194244608
2824.0,2.3741007194244608
2825.0,2.3741007194244608
2826.0,2.3741007194244608
2827.0,2.3741007194244608
2828.0,2.3741007194244608
2829.0,2.3741007194244608
2830.0,2.3741007194244608
2831.0,2.41726618705036
2832.0,2.3741007194244608
2833.0,2.3741007194244608
2834.0,2.3741007194244608
2835.0,2.41726618705036
2836.0,2.41726618705036
2837.0,2.3741007194244608
2838.0,2.3741007194244608
2839.0,2.3741007194244608
2840.0,2.41726618705036
2841.0,2.3741007194244608
2842.0,2.41726618705036
2843.0,2.41726618705036
2844.0,2.41726618705036
2845.0,2.41726618705036
2846.0,2.3741007194244608
2847.0,2.41726618705036
2848.0,2.3741007194244608
2849.0,2.3741007194244608
2850.0,2.3741007194244608
2851.0,2.3741007194244608
2852.0,2.3741007194244608
2853.0,2.3741007194244608
2854.0,2.3741007194244608
2855.0,2.3741007194244608
2856.0,2.3741007194244608
2857.0,2.41726618705036
2858.0,2.41726618705036
2859.0,2.3741007194244608
2860.0,2.3741007194244608
2861.0,2.3741007194244608
2862.0,2.3741007194244608
2863.0,2.41726618705036
2864.0,2.41726618705036
2865.0,2.3741007194244608
2866.0,2.3741007194244608
2867.0,2.41726618705036
2868.0,2.3741007194244608
2869.0,2.3741007194244608
2870.0,2.3741007194244608
2871.0,2.41726618705036
2872.0,2.3741007194244608
2873.0,2.41726618705036
2874.0,2.3741007194244608
2875.0,2.3741007194244608
2876.0,2.41726618705036
2877.0,2.3741007194244608
2878.0,2.3741007194244608
2879.0,2.3741007194244608
2880.0,2.41726618705036
2881.0,2.3741007194244608
2882.0,2.3741007194244608
2883.0,2.41726618705036
2884.0,2.3741007194244608
2885.0,2.3741007194244608
2886.0,2.3741007194244608
2887.0,2.3741007194244608
2888.0,2.3741007194244608
2889.0,2.3741007194244608
2890.0,2.41726618705036
2891.0,2.3309352517985613
2892.0,2.41726618705036
2893.0,2.3741007194244608
2894.0,2.3741007194244608
2895.0,2.3741007194244608
2896.0,2.3741007194244608
2897.0,2.3741007194244608
2898.0,2.41726618705036
2899.0,2.3741007194244608
2900.0,2.3741007194244608
2901.0,2.3309352517985613
2902.0,2.3741007194244608
2903.0,2.3741007194244608
2904.0,2.41726618705036
2905.0,2.3741007194244608
2906.0,2.3741007194244608
2907.0,2.3741007194244608
2908.0,2.41726618705036
2909.0,2.3741007194244608
2910.0,2.41726618705036
2911.0,2.3741007194244608
2912.0,2.3741007194244608
2913.0,2.41726618705036
2914.0,2.3741007194244608
2915.0,2.41726618705036
2916.0,2.3741007194244608
2917.0,2.3741007194244608
2918.0,2.3741007194244608
2919.0,2.3741007194244608
2920.0,2.3741007194244608
2921.0,2.3741007194244608
2922.0,2.3741007194244608
2923.0,2.3741007194244608
2924.0,2.3741007194244608
2925.0,2.3741007194244608
2926.0,2.3741007194244608
2927.0,2.3741007194244608
2928.0,2.3741007194244608
2929.0,2.3741007194244608
2930.0,2.3741007194244608
2931.0,2.3741007194244608
2932.0,2.3741007194244608
2933.0,2.3741007194244608
2934.0,2.3741007194244608
2935.0,2.3741007194244608
2936.0,2.3741007194244608
2937.0,2.3741007194244608
2938.0,2.3741007194244608
2939.0,2.3741007194244608
2940.0,2.3741007194244608
2941.0,2.3741007194244608
2942.0,2.41726618705036
2943.0,2.3741007194244608
2944.0,2.3741007194244608
2945.0,2.3741007194244608
2946.0,2.41726618705036
2947.0,2.3741007194244608
2948.0,2.3741007194244608
2949.0,2.3741007194244608
2950.0,2.3741007194244608
2951.0,2.3741007194244608
2952.0,2.41726618705036
2953.0,2.3309352517985613
2954.0,2.41726618705036
2955.0,2.3741007194244608
2956.0,2.3741007194244608
2957.0,2.3741007194244608
2958.0,2.3741007194244608
2959.0,2.3741007194244608
2960.0,2.3741007194244608
2961.0,2.3741007194244608
2962.0,2.3741007194244608
2963.0,2.3741007194244608
2964.0,2.3741007194244608
2965.0,2.3741007194244608
2966.0,2.3741007194244608
2967.0,2.3741007194244608
2968.0,2.3741007194244608
2969.0,2.3741007194244608
2970.0,2.3741007194244608
2971.0,2.3741007194244608
2972.0,2.3741007194244608
2973.0,2.3741007194244608
2974.0,2.3741007194244608
2975.0,2.3309352517985613
2976.0,2.3741007194244608
2977.0,2.3741007194244608
2978.0,2.3741007194244608
2979.0,2.3741007194244608
2980.0,2.3741007194244608
2981.0,2.3741007194244608
2982.0,2.3741007194244608
2983.0,2.3741007194244608
2984.0,2.3741007194244608
2985.0,2.3741007194244608
2986.0,2.3741007194244608
2987.0,2.3741007194244608
2988.0,2.41726618705036
2989.0,2.3741007194244608
2990.0,2.41726618705036
2991.0,2.3741007194244608
2992.0,2.41726618705036
2993.0,2.3741007194244608
2994.0,2.3741007194244608
2995.0,2.3741007194244608
2996.0,2.3741007194244608
2997.0,2.3741007194244608
2998.0,2.3741007194244608
2999.0,2.3741007194244608
3000.0,2.3741007194244608
3001.0,2.3741007194244608
3002.0,2.3741007194244608
3003.0,2.3741007194244608
3004.0,2.3741007194244608
3005.0,2.3741007194244608
3006.0,2.3741007194244608
3007.0,2.3741007194244608
3008.0,2.3741007194244608
3009.0,2.41726618705036
3010.0,2.3741007194244608
3011.0,2.3741007194244608
3012.0,2.3741007194244608
3013.0,2.3741007194244608
3014.0,2.3741007194244608
3015.0,2.41726618705036
3016.0,2.3741007194244608
3017.0,2.3741007194244608
3018.0,2.3741007194244608
3019.0,2.3741007194244608
3020.0,2.3741007194244608
3021.0,2.3741007194244608
3022.0,2.3741007194244608
3023.0,2.3741007194244608
3024.0,2.3741007194244608
3025.0,2.3741007194244608
3026.0,2.3741007194244608
3027.0,2.3741007194244608
3028.0,2.3741007194244608
3029.0,2.3741007194244608
3030.0,2.3741007194244608
3031.0,2.3741007194244608
3032.0,2.3741007194244608
3033.0,2.3741007194244608
3034.0,2.3741007194244608
3035.0,2.3309352517985613
3036.0,2.3741007194244608
3037.0,2.3741007194244608
3038.0,2.3741007194244608
3039.0,2.3741007194244608
3040.0,2.3741007194244608
3041.0,2.3741007194244608
3042.0,2.3741007194244608
3043.0,2.3309352517985613
3044.0,2.3741007194244608
3045.0,2.3309352517985613
3046.0,2.3741007194244608
3047.0,2.3309352517985613
3048.0,2.3741007194244608
3049.0,2.3741007194244608
3050.0,2.3741007194244608
3051.0,2.3741007194244608
3052.0,2.3741007194244608
3053.0,2.3309352517985613
3054.0,2.3741007194244608
3055.0,2.3309352517985613
3056.0,2.3741007194244608
3057.0,2.3741007194244608
3058.0,2.3741007194244608
3059.0,2.41726618705036
3060.0,2.3741007194244608
3061.0,2.3741007194244608
3062.0,2.3741007194244608
3063.0,2.3741007194244608
3064.0,2.3741007194244608
3065.0,2.3741007194244608
3066.0,2.3741007194244608
3067.0,2.3741007194244608
3068.0,2.3741007194244608
3069.0,2.3741007194244608
3070.0,2.3741007194244608
3071.0,2.3309352517985613
3072.0,2.41726618705036
3073.0,2.41726618705036
3074.0,2.3741007194244608
3075.0,2.3309352517985613
3076.0,2.41726618705036
3077.0,2.3309352517985613
3078.0,2.3741007194244608
3079.0,2.3741007194244608
3080.0,2.3741007194244608
3081.0,2.3741007194244608
3082.0,2.41726618705036
3083.0,2.3741007194244608
3084.0,2.3741007194244608
3085.0,2.3741007194244608
3086.0,2.3741007194244608
3087.0,2.3741007194244608
3088.0,2.3741007194244608
3089.0,2.3741007194244608
3090.0,2.3741007194244608
3091.0,2.3741007194244608
3092.0,2.3309352517985613
3093.0,2.3741007194244608
3094.0,2.3309352517985613
3095.0,2.3741007194244608
3096.0,2.3741007194244608
3097.0,2.3741007194244608
3098.0,2.3741007194244608
3099.0,2.3741007194244608
3100.0,2.3741007194244608
3101.0,2.3741007194244608
3102.0,2.3741007194244608
3103.0,2.3741007194244608
3104.0,2.3741007194244608
3105.0,2.3741007194244608
3106.0,2.3741007194244608
3107.0,2.3741007194244608
3108.0,2.3741007194244608
3109.0,2.3741007194244608
3110.0,2.3741007194244608
3111.0,2.3309352517985613
3112.0,2.3741007194244608
3113.0,2.3741007194244608
3114.0,2.3741007194244608
3115.0,2.3741007194244608
3116.0,2.3741007194244608
3117.0,2.3741007194244608
3118.0,2.3741007194244608
3119.0,2.3309352517985613
3120.0,2.3741007194244608
3121.0,2.3741007194244608
3122.0,2.3741007194244608
3123.0,2.3741007194244608
3124.0,2.3741007194244608
3125.0,2.3741007194244608
3126.0,2.3741007194244608
3127.0,2.3309352517985613
3128.0,2.41726618705036
3129.0,2.3741007194244608
3130.0,2.3741007194244608
3131.0,2.3741007194244608
3132.0,2.3309352517985613
3133.0,2.3741007194244608
3134.0,2.3741007194244608
3135.0,2.3309352517985613
3136.0,2.3309352517985613
3137.0,2.3309352517985613
3138.0,2.3741007194244608
3139.0,2.3741007194244608
3140.0,2.3741007194244608
3141.0,2.3741007194244608
3142.0,2.3741007194244608
3143.0,2.3741007194244608
3144.0,2.3741007194244608
3145.0,2.3741007194244608
3146.0,2.3741007194244608
3147.0,2.3741007194244608
3148.0,2.3741007194244608
3149.0,2.3309352517985613
3150.0,2.3741007194244608
3151.0,2.3741007194244608
3152.0,2.3741007194244608
3153.0,2.3741007194244608
3154.0,2.3741007194244608
3155.0,2.3741007194244608
3156.0,2.3741007194244608
3157.0,2.3741007194244608
3158.0,2.3741007194244608
3159.0,2.3741007194244608
3160.0,2.3741007194244608
3161.0,2.3741007194244608
3162.0,2.3741007194244608
3163.0,2.3741007194244608
3164.0,2.3741007194244608
3165.0,2.3741007194244608
3166.0,2.3741007194244608
3167.0,2.3741007194244608
3168.0,2.3741007194244608
3169.0,2.3309352517985613
3170.0,2.3741007194244608
3171.0,2.3309352517985613
3172.0,2.3741007194244608
3173.0,2.3741007194244608
3174.0,2.3741007194244608
3175.0,2.3741007194244608
3176.0,2.3741007194244608
3177.0,2.3741007194244608
3178.0,2.3741007194244608
3179.0,2.3741007194244608
3180.0,2.3741007194244608
3181.0,2.3741007194244608
3182.0,2.3741007194244608
3183.0,2.3741007194244608
3184.0,2.3741007194244608
3185.0,2.3741007194244608
3186.0,2.3741007194244608
3187.0,2.3741007194244608
3188.0,2.3741007194244608
3189.0,2.3741007194244608
3190.0,2.3741007194244608
3191.0,2.3741007194244608
3192.0,2.3741007194244608
3193.0,2.3741007194244608
3194.0,2.3741007194244608
3195.0,2.3741007194244608
3196.0,2.3741007194244608
3197.0,2.3309352517985613
3198.0,2.3741007194244608
3199.0,2.3741007194244608
3200.0,2.3741007194244608
3201.0,2.3309352517985613
3202.0,2.3741007194244608
3203.0,2.3309352517985613
3204.0,2.3741007194244608
3205.0,2.3741007194244608
3206.0,2.3741007194244608
3207.0,2.3741007194244608
3208.0,2.3741007194244608
3209.0,2.3741007194244608
3210.0,2.3741007194244608
3211.0,2.3741007194244608
3212.0,2.3309352517985613
3213.0,2.3741007194244608
3214.0,2.3741007194244608
3215.0,2.3741007194244608
3216.0,2.3741007194244608
3217.0,2.3741007194244608
3218.0,2.3741007194244608
3219.0,2.3741007194244608
3220.0,2.3741007194244608
3221.0,2.3309352517985613
3222.0,2.3741007194244608
3223.0,2.3309352517985613
3224.0,2.3741007194244608
3225.0,2.3309352517985613
3226.0,2.3741007194244608
3227.0,2.3741007194244608
3228.0,2.3741007194244608
3229.0,2.3309352517985613
3230.0,2.3741007194244608
3231.0,2.3309352517985613
3232.0,2.3741007194244608
3233.0,2.3309352517985613
3234.0,2.3741007194244608
3235.0,2.3741007194244608
3236.0,2.3741007194244608
3237.0,2.3309352517985613
3238.0,2.3741007194244608
3239.0,2.3741007194244608
3240.0,2.3741007194244608
3241.0,2.3741007194244608
3242.0,2.3741007194244608
3243.0,2.3741007194244608
3244.0,2.3741007194244608
3245.0,2.3741007194244608
3246.0,2.3741007194244608
3247.0,2.3741007194244608
3248.0,2.3741007194244608
3249.0,2.3741007194244608
3250.0,2.3741007194244608
3251.0,2.3741007194244608
3252.0,2.3741007194244608
3253.0,2.3741007194244608
3254.0,2.3309352517985613
3255.0,2.3741007194244608
3256.0,2.3741007194244608
3257.0,2.3309352517985613
3258.0,2.3741007194244608
3259.0,2.3741007194244608
3260.0,2.3741007194244608
3261.0,2.3741007194244608
3262.0,2.3741007194244608
3263.0,2.3741007194244608
3264.0,2.3741007194244608
3265.0,2.3741007194244608
3266.0,2.3741007194244608
3267.0,2.3741007194244608
3268.0,2.3741007194244608
3269.0,2.3741007194244608
3270.0,2.3741007194244608
3271.0,2.3309352517985613
3272.0,2.3741007194244608
3273.0,2.3309352517985613
3274.0,2.3741007194244608
3275.0,2.3309352517985613
3276.0,2.3309352517985613
3277.0,2.3741007194244608
3278.0,2.3309352517985613
3279.0,2.3309352517985613
3280.0,2.3741007194244608
3281.0,2.3741007194244608
3282.0,2.3741007194244608
3283.0,2.3309352517985613
3284.0,2.3741007194244608
3285.0,2.3309352517985613
3286.0,2.3741007194244608
3287.0,2.3309352517985613
3288.0,2.3741007194244608
3289.0,2.3309352517985613
3290.0,2.3741007194244608
3291.0,2.3741007194244608
3292.0,2.3309352517985613
3293.0,2.3309352517985613
3294.0,2.3309352517985613
3295.0,2.3741007194244608
3296.0,2.3741007194244608
3297.0,2.3741007194244608
3298.0,2.3741007194244608
3299.0,2.3741007194244608
3300.0,2.3309352517985613
3301.0,2.3309352517985613
3302.0,2.3741007194244608
3303.0,2.3309352517985613
3304.0,2.3309352517985613
3305.0,2.3309352517985613
3306.0,2.3741007194244608
3307.0,2.3309352517985613
3308.0,2.3309352517985613
3309.0,2.3741007194244608
3310.0,2.3309352517985613
3311.0,2.3309352517985613
3312.0,2.3309352517985613
3313.0,2.3309352517985613
3314.0,2.3309352517985613
3315.0,2.3309352517985613
3316.0,2.3741007194244608
3317.0,2.3309352517985613
3318.0,2.3309352517985613
3319.0,2.3741007194244608
3320.0,2.3309352517985613
3321.0,2.3741007194244608
3322.0,2.3741007194244608
3323.0,2.3741007194244608
3324.0,2.3741007194244608
3325.0,2.3741007194244608
3326.0,2.3741007194244608
3327.0,2.3741007194244608
3328.0,2.3741007194244608
3329.0,2.3741007194244608
3330.0,2.3741007194244608
3331.0,2.3309352517985613
3332.0,2.3741007194244608
3333.0,2.3309352517985613
3334.0,2.3741007194244608
3335.0,2.3741007194244608
3336.0,2.3741007194244608
3337.0,2.3741007194244608
3338.0,2.3741007194244608
3339.0,2.3309352517985613
3340.0,2.3309352517985613
3341.0,2.3741007194244608
3342.0,2.3309352517985613
3343.0,2.3309352517985613
3344.0,2.3309352517985613
3345.0,2.3309352517985613
3346.0,2.3309352517985613
3347.0,2.3741007194244608
3348.0,2.3741007194244608
3349.0,2.3741007194244608
3350.0,2.3741007194244608
3351.0,2.3309352517985613
3352.0,2.3741007194244608
3353.0,2.3741007194244608
3354.0,2.3309352517985613
3355.0,2.3741007194244608
3356.0,2.3309352517985613
3357.0,2.3741007194244608
3358.0,2.3741007194244608
3359.0,2.3309352517985613
3360.0,2.3741007194244608
3361.0,2.3741007194244608
3362.0,2.3741007194244608
3363.0,2.3309352517985613
3364.0,2.3741007194244608
3365.0,2.3741007194244608
3366.0,2.3741007194244608
3367.0,2.3741007194244608
3368.0,2.3741007194244608
3369.0,2.3741007194244608
3370.0,2.3741007194244608
3371.0,2.3309352517985613
3372.0,2.3741007194244608
3373.0,2.3309352517985613
3374.0,2.3741007194244608
3375.0,2.3741007194244608
3376.0,2.3741007194244608
3377.0,2.3741007194244608
3378.0,2.3741007194244608
3379.0,2.3741007194244608
3380.0,2.3741007194244608
3381.0,2.3741007194244608
3382.0,2.3309352517985613
3383.0,2.3741007194244608
3384.0,2.3741007194244608
3385.0,2.3741007194244608
3386.0,2.3309352517985613
3387.0,2.3741007194244608
3388.0,2.3309352517985613
3389.0,2.3309352517985613
3390.0,2.3741007194244608
3391.0,2.3309352517985613
3392.0,2.3309352517985613
3393.0,2.3309352517985613
3394.0,2.3309352517985613
3395.0,2.3309352517985613
3396.0,2.3741007194244608
3397.0,2.3309352517985613
3398.0,2.3741007194244608
3399.0,2.3309352517985613
3400.0,2.3309352517985613
3401.0,2.3309352517985613
3402.0,2.3309352517985613
3403.0,2.3309352517985613
3404.0,2.3741007194244608
3405.0,2.3309352517985613
3406.0,2.3741007194244608
3407.0,2.3741007194244608
3408.0,2.3309352517985613
3409.0,2.3309352517985613
3410.0,2.3309352517985613
3411.0,2.3309352517985613
3412.0,2.3741007194244608
3413.0,2.3309352517985613
3414.0,2.3741007194244608
3415.0,2.3741007194244608
3416.0,2.3741007194244608
3417.0,2.3309352517985613
3418.0,2.3309352517985613
3419.0,2.3309352517985613
3420.0,2.3741007194244608
3421.0,2.3741007194244608
3422.0,2.3741007194244608
3423.0,2.3741007194244608
3424.0,2.3741007194244608
3425.0,2.3741007194244608
3426.0,2.3309352517985613
3427.0,2.3309352517985613
3428.0,2.3741007194244608
3429.0,2.3309352517985613
3430.0,2.3741007194244608
3431.0,2.3741007194244608
3432.0,2.3741007194244608
3433.0,2.3309352517985613
3434.0,2.3741007194244608
3435.0,2.3741007194244608
3436.0,2.3309352517985613
3437.0,2.3309352517985613
3438.0,2.3309352517985613
3439.0,2.3741007194244608
3440.0,2.3741007194244608
3441.0,2.3309352517985613
3442.0,2.3309352517985613
3443.0,2.3309352517985613
3444.0,2.3309352517985613
3445.0,2.3309352517985613
3446.0,2.3309352517985613
3447.0,2.3309352517985613
3448.0,2.3309352517985613
3449.0,2.3741007194244608
3450.0,2.3741007194244608
3451.0,2.3309352517985613
3452.0,2.3741007194244608
3453.0,2.3309352517985613
3454.0,2.3309352517985613
3455.0,2.3741007194244608
3456.0,2.3309352517985613
3457.0,2.3741007194244608
3458.0,2.3741007194244608
3459.0,2.3309352517985613
3460.0,2.3741007194244608
3461.0,2.3309352517985613
3462.0,2.3309352517985613
3463.0,2.3309352517985613
3464.0,2.3309352517985613
3465.0,2.3741007194244608
3466.0,2.3741007194244608
3467.0,2.3309352517985613
3468.0,2.3309352517985613
3469.0,2.3309352517985613
3470.0,2.3309352517985613
3471.0,2.3309352517985613
3472.0,2.3309352517985613
3473.0,2.3741007194244608
3474.0,2.3741007194244608
3475.0,2.3309352517985613
3476.0,2.3309352517985613
3477.0,2.3309352517985613
3478.0,2.3309352517985613
3479.0,2.3309352517985613
3480.0,2.3309352517985613
3481.0,2.3309352517985613
3482.0,2.3309352517985613
3483.0,2.3309352517985613
3484.0,2.3309352517985613
3485.0,2.3309352517985613
3486.0,2.3309352517985613
3487.0,2.3309352517985613
3488.0,2.3309352517985613
3489.0,2.3309352517985613
3490.0,2.3741007194244608
3491.0,2.3309352517985613
3492.0,2.3309352517985613
3493.0,2.3309352517985613
3494.0,2.3741007194244608
3495.0,2.3741007194244608
3496.0,2.3309352517985613
3497.0,2.3309352517985613
3498.0,2.3309352517985613
3499.0,2.3309352517985613
3500.0,2.3741007194244608
3501.0,2.3309352517985613
3502.0,2.3741007194244608
3503.0,2.3309352517985613
3504.0,2.3309352517985613
3505.0,2.3309352517985613
3506.0,2.3309352517985613
3507.0,2.3741007194244608
3508.0,2.3741007194244608
3509.0,2.3309352517985613
3510.0,2.3309352517985613
3511.0,2.3309352517985613
3512.0,2.3309352517985613
3513.0,2.3309352517985613
3514.0,2.3309352517985613
3515.0,2.3309352517985613
3516.0,2.3309352517985613
3517.0,2.3309352517985613
3518.0,2.3309352517985613
3519.0,2.3309352517985613
3520.0,2.3741007194244608
3521.0,2.3309352517985613
3522.0,2.3741007194244608
3523.0,2.3309352517985613
3524.0,2.3309352517985613
3525.0,2.3309352517985613
3526.0,2.3309352517985613
3527.0,2.3309352517985613
3528.0,2.3309352517985613
3529.0,2.3309352517985613
3530.0,2.3309352517985613
3531.0,2.3309352517985613
3532.0,2.3309352517985613
3533.0,2.3309352517985613
3534.0,2.3309352517985613
3535.0,2.3309352517985613
3536.0,2.3741007194244608
3537.0,2.3309352517985613
3538.0,2.3309352517985613
3539.0,2.3309352517985613
3540.0,2.3309352517985613
3541.0,2.3309352517985613
3542.0,2.3309352517985613
3543.0,2.3309352517985613
3544.0,2.3309352517985613
3545.0,2.3309352517985613
3546.0,2.3309352517985613
3547.0,2.3309352517985613
3548.0,2.3741007194244608
3549.0,2.3309352517985613
3550.0,2.3309352517985613
3551.0,2.3741007194244608
3552.0,2.3309352517985613
3553.0,2.3309352517985613
3554.0,2.3309352517985613
3555.0,2.3309352517985613
3556.0,2.3309352517985613
3557.0,2.3309352517985613
3558.0,2.3309352517985613
3559.0,2.3309352517985613
3560.0,2.3309352517985613
3561.0,2.3309352517985613
3562.0,2.3309352517985613
3563.0,2.3309352517985613
3564.0,2.3309352517985613
3565.0,2.3309352517985613
3566.0,2.3741007194244608
3567.0,2.3309352517985613
3568.0,2.3309352517985613
3569.0,2.3309352517985613
3570.0,2.3309352517985613
3571.0,2.3309352517985613
3572.0,2.3741007194244608
3573.0,2.3741007194244608
3574.0,2.3309352517985613
3575.0,2.3309352517985613
3576.0,2.3741007194244608
3577.0,2.3741007194244608
3578.0,2.3309352517985613
3579.0,2.3309352517985613
3580.0,2.3309352517985613
3581.0,2.3309352517985613
3582.0,2.3309352517985613
3583.0,2.3309352517985613
3584.0,2.3309352517985613
3585.0,2.3309352517985613
3586.0,2.3309352517985613
3587.0,2.3309352517985613
3588.0,2.3309352517985613
3589.0,2.3309352517985613
3590.0,2.3741007194244608
3591.0,2.3309352517985613
3592.0,2.3309352517985613
3593.0,2.3309352517985613
3594.0,2.3309352517985613
3595.0,2.3309352517985613
3596.0,2.3309352517985613
3597.0,2.3309352517985613
3598.0,2.3309352517985613
3599.0,2.3309352517985613
3600.0,2.3309352517985613
3601.0,2.3309352517985613
3602.0,2.3309352517985613
3603.0,2.3309352517985613
3604.0,2.3309352517985613
3605.0,2.3309352517985613
3606.0,2.3309352517985613
3607.0,2.3309352517985613
3608.0,2.3309352517985613
3609.0,2.3309352517985613
3610.0,2.3309352517985613
3611.0,2.3741007194244608
3612.0,2.3309352517985613
3613.0,2.3309352517985613
3614.0,2.3309352517985613
3615.0,2.3741007194244608
3616.0,2.3309352517985613
3617.0,2.3309352517985613
3618.0,2.3309352517985613
3619.0,2.3741007194244608
3620.0,2.3309352517985613
3621.0,2.3309352517985613
3622.0,2.3309352517985613
3623.0,2.3309352517985613
3624.0,2.3309352517985613
3625.0,2.3309352517985613
3626.0,2.3309352517985613
3627.0,2.3309352517985613
3628.0,2.3309352517985613
3629.0,2.3309352517985613
3630.0,2.3309352517985613
3631.0,2.3309352517985613
3632.0,2.3309352517985613
3633.0,2.3309352517985613
3634.0,2.3309352517985613
3635.0,2.3309352517985613
3636.0,2.3309352517985613
3637.0,2.3309352517985613
3638.0,2.3309352517985613
3639.0,2.3309352517985613
3640.0,2.3309352517985613
3641.0,2.3309352517985613
3642.0,2.3309352517985613
3643.0,2.3309352517985613
3644.0,2.3309352517985613
3645.0,2.3309352517985613
3646.0,2.3309352517985613
3647.0,2.3309352517985613
3648.0,2.3309352517985613
3649.0,2.3309352517985613
3650.0,2.3309352517985613
3651.0,2.3309352517985613
3652.0,2.3309352517985613
3653.0,2.3309352517985613
3654.0,2.3309352517985613
3655.0,2.3309352517985613
3656.0,2.3309352517985613
3657.0,2.3309352517985613
3658.0,2.3309352517985613
3659.0,2.3309352517985613
3660.0,2.3309352517985613
3661.0,2.3309352517985613
3662.0,2.3309352517985613
3663.0,2.3309352517985613
3664.0,2.3309352517985613
3665.0,2.3309352517985613
3666.0,2.3309352517985613
3667.0,2.3309352517985613
3668.0,2.3309352517985613
3669.0,2.3309352517985613
3670.0,2.3309352517985613
3671.0,2.3309352517985613
3672.0,2.3309352517985613
3673.0,2.3309352517985613
3674.0,2.3309352517985613
3675.0,2.3309352517985613
3676.0,2.3309352517985613
3677.0,2.3309352517985613
3678.0,2.3741007194244608
3679.0,2.3309352517985613
3680.0,2.3309352517985613
3681.0,2.3309352517985613
3682.0,2.3309352517985613
3683.0,2.3309352517985613
3684.0,2.3309352517985613
3685.0,2.3309352517985613
3686.0,2.3309352517985613
3687.0,2.3309352517985613
3688.0,2.3309352517985613
3689.0,2.3309352517985613
3690.0,2.3741007194244608
3691.0,2.3309352517985613
3692.0,2.3309352517985613
3693.0,2.3309352517985613
3694.0,2.3309352517985613
3695.0,2.3309352517985613
3696.0,2.3309352517985613
3697.0,2.3309352517985613
3698.0,2.3309352517985613
3699.0,2.3309352517985613
3700.0,2.3741007194244608
3701.0,2.3309352517985613
3702.0,2.3309352517985613
3703.0,2.3309352517985613
3704.0,2.3309352517985613
3705.0,2.3309352517985613
3706.0,2.3309352517985613
3707.0,2.3309352517985613
3708.0,2.3309352517985613
3709.0,2.3309352517985613
3710.0,2.3309352517985613
3711.0,2.3309352517985613
3712.0,2.3309352517985613
3713.0,2.3309352517985613
3714.0,2.3309352517985613
3715.0,2.3309352517985613
3716.0,2.3309352517985613
3717.0,2.3309352517985613
3718.0,2.3309352517985613
3719.0,2.3309352517985613
3720.0,2.3309352517985613
3721.0,2.3309352517985613
3722.0,2.3309352517985613
3723.0,2.3309352517985613
3724.0,2.3309352517985613
3725.0,2.3309352517985613
3726.0,2.3309352517985613
3727.0,2.3309352517985613
3728.0,2.3741007194244608
3729.0,2.3309352517985613
3730.0,2.3309352517985613
3731.0,2.3309352517985613
3732.0,2.3309352517985613
3733.0,2.3309352517985613
3734.0,2.3309352517985613
3735.0,2.3309352517985613
3736.0,2.3309352517985613
3737.0,2.3309352517985613
3738.0,2.3309352517985613
3739.0,2.3309352517985613
3740.0,2.3309352517985613
3741.0,2.3309352517985613
3742.0,2.3309352517985613
3743.0,2.3309352517985613
3744.0,2.3309352517985613
3745.0,2.3309352517985613
3746.0,2.3309352517985613
3747.0,2.3309352517985613
3748.0,2.3309352517985613
3749.0,2.3309352517985613
3750.0,2.3309352517985613
3751.0,2.3309352517985613
3752.0,2.3309352517985613
3753.0,2.3309352517985613
3754.0,2.3309352517985613
3755.0,2.3741007194244608
3756.0,2.3309352517985613
3757.0,2.3309352517985613
3758.0,2.3309352517985613
3759.0,2.3309352517985613
3760.0,2.3309352517985613
3761.0,2.3309352517985613
3762.0,2.3309352517985613
3763.0,2.3309352517985613
3764.0,2.3309352517985613
3765.0,2.3309352517985613
3766.0,2.3309352517985613
3767.0,2.3309352517985613
3768.0,2.3309352517985613
3769.0,2.3309352517985613
3770.0,2.3309352517985613
3771.0,2.3309352517985613
3772.0,2.3309352517985613
3773.0,2.3309352517985613
3774.0,2.3309352517985613
3775.0,2.3309352517985613
3776.0,2.3309352517985613
3777.0,2.3309352517985613
3778.0,2.3309352517985613
3779.0,2.3309352517985613
3780.0,2.3309352517985613
3781.0,2.3309352517985613
3782.0,2.3309352517985613
3783.0,2.3309352517985613
3784.0,2.3309352517985613
3785.0,2.3309352517985613
3786.0,2.3309352517985613
3787.0,2.3309352517985613
3788.0,2.3309352517985613
3789.0,2.3309352517985613
3790.0,2.3309352517985613
3791.0,2.3309352517985613
3792.0,2.3309352517985613
3793.0,2.3309352517985613
3794.0,2.3309352517985613
3795.0,2.3309352517985613
3796.0,2.3309352517985613
3797.0,2.3309352517985613
3798.0,2.3309352517985613
3799.0,2.3309352517985613
3800.0,2.3309352517985613
3801.0,2.3309352517985613
3802.0,2.3309352517985613
3803.0,2.3309352517985613
3804.0,2.3309352517985613
3805.0,2.3309352517985613
3806.0,2.3309352517985613
3807.0,2.3309352517985613
3808.0,2.3309352517985613
3809.0,2.3309352517985613
3810.0,2.3309352517985613
3811.0,2.3309352517985613
3812.0,2.3309352517985613
3813.0,2.3309352517985613
3814.0,2.3309352517985613
3815.0,2.3309352517985613
3816.0,2.3309352517985613
3817.0,2.3309352517985613
3818.0,2.3309352517985613
3819.0,2.3309352517985613
3820.0,2.3309352517985613
3821.0,2.3309352517985613
3822.0,2.3309352517985613
3823.0,2.3309352517985613
3824.0,2.3309352517985613
3825.0,2.3309352517985613
3826.0,2.3309352517985613
3827.0,2.3309352517985613
3828.0,2.3309352517985613
3829.0,2.3309352517985613
3830.0,2.3309352517985613
3831.0,2.3309352517985613
3832.0,2.3741007194244608
3833.0,2.3309352517985613
3834.0,2.3309352517985613
3835.0,2.3309352517985613
3836.0,2.3309352517985613
3837.0,2.3309352517985613
3838.0,2.3309352517985613
3839.0,2.3309352517985613
3840.0,2.3309352517985613
3841.0,2.3309352517985613
3842.0,2.3309352517985613
3843.0,2.3309352517985613
3844.0,2.3741007194244608
3845.0,2.3309352517985613
3846.0,2.3309352517985613
3847.0,2.3309352517985613
3848.0,2.3309352517985613
3849.0,2.3309352517985613
3850.0,2.3309352517985613
3851.0,2.3309352517985613
3852.0,2.3309352517985613
3853.0,2.3309352517985613
3854.0,2.3309352517985613
3855.0,2.3309352517985613
3856.0,2.3309352517985613
3857.0,2.3309352517985613
3858.0,2.3309352517985613
3859.0,2.3309352517985613
3860.0,2.3309352517985613
3861.0,2.3309352517985613
3862.0,2.3309352517985613
3863.0,2.3309352517985613
3864.0,2.3309352517985613
3865.0,2.3309352517985613
3866.0,2.3309352517985613
3867.0,2.3309352517985613
3868.0,2.3309352517985613
3869.0,2.3309352517985613
3870.0,2.3309352517985613
3871.0,2.3309352517985613
3872.0,2.3309352517985613
3873.0,2.3309352517985613
3874.0,2.3309352517985613
3875.0,2.3309352517985613
3876.0,2.3309352517985613
3877.0,2.3309352517985613
3878.0,2.3309352517985613
3879.0,2.3309352517985613
3880.0,2.3309352517985613
3881.0,2.3309352517985613
3882.0,2.3309352517985613
3883.0,2.3309352517985613
3884.0,2.3309352517985613
3885.0,2.3309352517985613
3886.0,2.3309352517985613
3887.0,2.3309352517985613
3888.0,2.3309352517985613
3889.0,2.3309352517985613
3890.0,2.3309352517985613
3891.0,2.3309352517985613
3892.0,2.3309352517985613
3893.0,2.3309352517985613
3894.0,2.3309352517985613
3895.0,2.3309352517985613
3896.0,2.3309352517985613
3897.0,2.3309352517985613
3898.0,2.3309352517985613
3899.0,2.3309352517985613
3900.0,2.3309352517985613
3901.0,2.3309352517985613
3902.0,2.3309352517985613
3903.0,2.3309352517985613
3904.0,2.3309352517985613
3905.0,2.3309352517985613
3906.0,2.3309352517985613
3907.0,2.3309352517985613
3908.0,2.3309352517985613
3909.0,2.3309352517985613
3910.0,2.3309352517985613
3911.0,2.3309352517985613
3912.0,2.3309352517985613
3913.0,2.3309352517985613
3914.0,2.3309352517985613
3915.0,2.3309352517985613
3916.0,2.3309352517985613
3917.0,2.3309352517985613
3918.0,2.3309352517985613
3919.0,2.3309352517985613
3920.0,2.3309352517985613
3921.0,2.3309352517985613
3922.0,2.3309352517985613
3923.0,2.3741007194244608
3924.0,2.3309352517985613
3925.0,2.3309352517985613
3926.0,2.3309352517985613
3927.0,2.3309352517985613
3928.0,2.3309352517985613
3929.0,2.3309352517985613
3930.0,2.3309352517985613
3931.0,2.3309352517985613
3932.0,2.3309352517985613
3933.0,2.3309352517985613
3934.0,2.3309352517985613
3935.0,2.3309352517985613
3936.0,2.3309352517985613
3937.0,2.3309352517985613
3938.0,2.3309352517985613
3939.0,2.3309352517985613
3940.0,2.3309352517985613
3941.0,2.3309352517985613
3942.0,2.3741007194244608
3943.0,2.3309352517985613
3944.0,2.3309352517985613
3945.0,2.3309352517985613
3946.0,2.3309352517985613
3947.0,2.3309352517985613
3948.0,2.3309352517985613
3949.0,2.3309352517985613
3950.0,2.3309352517985613
3951.0,2.3309352517985613
3952.0,2.3309352517985613
3953.0,2.3309352517985613
3954.0,2.3309352517985613
3955.0,2.3309352517985613
3956.0,2.3309352517985613
3957.0,2.3309352517985613
3958.0,2.3309352517985613
3959.0,2.3309352517985613
3960.0,2.3309352517985613
3961.0,2.3309352517985613
3962.0,2.3309352517985613
3963.0,2.3309352517985613
3964.0,2.3309352517985613
3965.0,2.3309352517985613
3966.0,2.3309352517985613
3967.0,2.3309352517985613
3968.0,2.3309352517985613
3969.0,2.3309352517985613
3970.0,2.3309352517985613
3971.0,2.3309352517985613
3972.0,2.3309352517985613
3973.0,2.3309352517985613
3974.0,2.3309352517985613
3975.0,2.3309352517985613
3976.0,2.3309352517985613
3977.0,2.3309352517985613
3978.0,2.3309352517985613
3979.0,2.3309352517985613
3980.0,2.3309352517985613
3981.0,2.3309352517985613
3982.0,2.3309352517985613
3983.0,2.3309352517985613
3984.0,2.3309352517985613
3985.0,2.3309352517985613
3986.0,2.3741007194244608
3987.0,2.3309352517985613
3988.0,2.3309352517985613
3989.0,2.3309352517985613
3990.0,2.3309352517985613
3991.0,2.3309352517985613
3992.0,2.3309352517985613
3993.0,2.3309352517985613
3994.0,2.3309352517985613
3995.0,2.3309352517985613
3996.0,2.3309352517985613
3997.0,2.3309352517985613
3998.0,2.3309352517985613
3999.0,2.3309352517985613
4000.0,2.3309352517985613
4001.0,2.3309352517985613
4002.0,2.3309352517985613
4003.0,2.3309352517985613
4004.0,2.3309352517985613
4005.0,2.3309352517985613
4006.0,2.3309352517985613
4007.0,2.3309352517985613
4008.0,2.3309352517985613
4009.0,2.3309352517985613
4010.0,2.3309352517985613
4011.0,2.3309352517985613
4012.0,2.3309352517985613
4013.0,2.3309352517985613
4014.0,2.3309352517985613
4015.0,2.3309352517985613
4016.0,2.3309352517985613
4017.0,2.3309352517985613
4018.0,2.3309352517985613
4019.0,2.3309352517985613
4020.0,2.3309352517985613
4021.0,2.3309352517985613
4022.0,2.3309352517985613
4023.0,2.3309352517985613
4024.0,2.3309352517985613
4025.0,2.3309352517985613
4026.0,2.3309352517985613
4027.0,2.3309352517985613
4028.0,2.3309352517985613
4029.0,2.3309352517985613
4030.0,2.3309352517985613
4031.0,2.3309352517985613
4032.0,2.3309352517985613
4033.0,2.3309352517985613
4034.0,2.3309352517985613
4035.0,2.3309352517985613
4036.0,2.3309352517985613
4037.0,2.3309352517985613
4038.0,2.3309352517985613
4039.0,2.3309352517985613
4040.0,2.3309352517985613
4041.0,2.3309352517985613
4042.0,2.3309352517985613
4043.0,2.3309352517985613
4044.0,2.3309352517985613
4045.0,2.3309352517985613
4046.0,2.3309352517985613
4047.0,2.3309352517985613
4048.0,2.3309352517985613
4049.0,2.3309352517985613
4050.0,2.3309352517985613
4051.0,2.3309352517985613
4052.0,2.3309352517985613
4053.0,2.3309352517985613
4054.0,2.3309352517985613
4055.0,2.3309352517985613
4056.0,2.3309352517985613
4057.0,2.3309352517985613
4058.0,2.3309352517985613
4059.0,2.3309352517985613
4060.0,2.3309352517985613
4061.0,2.3309352517985613
4062.0,2.3309352517985613
4063.0,2.3309352517985613
4064.0,2.3309352517985613
4065.0,2.3309352517985613
4066.0,2.3309352517985613
4067.0,2.3309352517985613
4068.0,2.3309352517985613
4069.0,2.3309352517985613
4070.0,2.3309352517985613
4071.0,2.3309352517985613
4072.0,2.3309352517985613
4073.0,2.3309352517985613
4074.0,2.3309352517985613
4075.0,2.3309352517985613
4076.0,2.3309352517985613
4077.0,2.3309352517985613
4078.0,2.3309352517985613
4079.0,2.3309352517985613
4080.0,2.3309352517985613
4081.0,2.3309352517985613
4082.0,2.3309352517985613
4083.0,2.3309352517985613
4084.0,2.3309352517985613
4085.0,2.3309352517985613
4086.0,2.3309352517985613
4087.0,2.3309352517985613
4088.0,2.3309352517985613
4089.0,2.3309352517985613
4090.0,2.3309352517985613
4091.0,2.3309352517985613
4092.0,2.3309352517985613
4093.0,2.3309352517985613
4094.0,2.3309352517985613
4095.0,2.3309352517985613
4096.0,2.3309352517985613
4097.0,2.3309352517985613
4098.0,2.3309352517985613
4099.0,2.3309352517985613
4100.0,2.3309352517985613
4101.0,2.3309352517985613
4102.0,2.3309352517985613
4103.0,2.3309352517985613
4104.0,2.3309352517985613
4105.0,2.3309352517985613
4106.0,2.3309352517985613
4107.0,2.3309352517985613
4108.0,2.3309352517985613
4109.0,2.3309352517985613
4110.0,2.3309352517985613
4111.0,2.3309352517985613
4112.0,2.3309352517985613
4113.0,2.3309352517985613
4114.0,2.3309352517985613
4115.0,2.3309352517985613
4116.0,2.3741007194244608
4117.0,2.3309352517985613
4118.0,2.3309352517985613
4119.0,2.3309352517985613
4120.0,2.3309352517985613
4121.0,2.3309352517985613
4122.0,2.3309352517985613
4123.0,2.3741007194244608
4124.0,2.3309352517985613
4125.0,2.3309352517985613
4126.0,2.3741007194244608
4127.0,2.3309352517985613
4128.0,2.3309352517985613
4129.0,2.3309352517985613
4130.0,2.3309352517985613
4131.0,2.3309352517985613
4132.0,2.3309352517985613
4133.0,2.3309352517985613
4134.0,2.3309352517985613
4135.0,2.3309352517985613
4136.0,2.3309352517985613
4137.0,2.3309352517985613
4138.0,2.3309352517985613
4139.0,2.3309352517985613
4140.0,2.3309352517985613
4141.0,2.3309352517985613
4142.0,2.3309352517985613
4143.0,2.3309352517985613
4144.0,2.3309352517985613
4145.0,2.3309352517985613
4146.0,2.3309352517985613
4147.0,2.3309352517985613
4148.0,2.3309352517985613
4149.0,2.3309352517985613
4150.0,2.3309352517985613
4151.0,2.3309352517985613
4152.0,2.3309352517985613
4153.0,2.3309352517985613
4154.0,2.3309352517985613
4155.0,2.3309352517985613
4156.0,2.3309352517985613
4157.0,2.3309352517985613
4158.0,2.3309352517985613
4159.0,2.3309352517985613
4160.0,2.3309352517985613
4161.0,2.3309352517985613
4162.0,2.3309352517985613
4163.0,2.3309352517985613
4164.0,2.3309352517985613
4165.0,2.3309352517985613
4166.0,2.3309352517985613
4167.0,2.3309352517985613
4168.0,2.3309352517985613
4169.0,2.3309352517985613
4170.0,2.3309352517985613
4171.0,2.3309352517985613
4172.0,2.3309352517985613
4173.0,2.3309352517985613
4174.0,2.3309352517985613
4175.0,2.3309352517985613
4176.0,2.3309352517985613
4177.0,2.3309352517985613
4178.0,2.3309352517985613
4179.0,2.3309352517985613
4180.0,2.3309352517985613
4181.0,2.3309352517985613
4182.0,2.3309352517985613
4183.0,2.3309352517985613
4184.0,2.3309352517985613
4185.0,2.3309352517985613
4186.0,2.3309352517985613
4187.0,2.3309352517985613
4188.0,2.3309352517985613
4189.0,2.3309352517985613
4190.0,2.3309352517985613
4191.0,2.3309352517985613
4192.0,2.3309352517985613
4193.0,2.3309352517985613
4194.0,2.3309352517985613
4195.0,2.3309352517985613
4196.0,2.3309352517985613
4197.0,2.3309352517985613
4198.0,2.3309352517985613
4199.0,2.3309352517985613
4200.0,2.3309352517985613
4201.0,2.3309352517985613
4202.0,2.3309352517985613
4203.0,2.3309352517985613
4204.0,2.3309352517985613
4205.0,2.3309352517985613
4206.0,2.3309352517985613
4207.0,2.3309352517985613
4208.0,2.3309352517985613
4209.0,2.3309352517985613
4210.0,2.3309352517985613
4211.0,2.3309352517985613
4212.0,2.3309352517985613
4213.0,2.3309352517985613
4214.0,2.3309352517985613
4215.0,2.3309352517985613
4216.0,2.3309352517985613
4217.0,2.3309352517985613
4218.0,2.3309352517985613
4219.0,2.3309352517985613
4220.0,2.3309352517985613
4221.0,2.3309352517985613
4222.0,2.3309352517985613
4223.0,2.3309352517985613
4224.0,2.3309352517985613
4225.0,2.3309352517985613
4226.0,2.3309352517985613
4227.0,2.3309352517985613
4228.0,2.3309352517985613
4229.0,2.3309352517985613
4230.0,2.3309352517985613
4231.0,2.3309352517985613
4232.0,2.3309352517985613
4233.0,2.3309352517985613
4234.0,2.3309352517985613
4235.0,2.3309352517985613
4236.0,2.3309352517985613
4237.0,2.3309352517985613
4238.0,2.3309352517985613
4239.0,2.3309352517985613
4240.0,2.3309352517985613
4241.0,2.3309352517985613
4242.0,2.3309352517985613
4243.0,2.3309352517985613
4244.0,2.3309352517985613
4245.0,2.3309352517985613
4246.0,2.3309352517985613
4247.0,2.3309352517985613
4248.0,2.3309352517985613
4249.0,2.3309352517985613
4250.0,2.3309352517985613
4251.0,2.3309352517985613
4252.0,2.3309352517985613
4253.0,2.3309352517985613
4254.0,2.3309352517985613
4255.0,2.3309352517985613
4256.0,2.3309352517985613
4257.0,2.3309352517985613
4258.0,2.3309352517985613
4259.0,2.3309352517985613
4260.0,2.3309352517985613
4261.0,2.3309352517985613
4262.0,2.3309352517985613
4263.0,2.3309352517985613
4264.0,2.3309352517985613
4265.0,2.3309352517985613
4266.0,2.3309352517985613
4267.0,2.3309352517985613
4268.0,2.3309352517985613
4269.0,2.3309352517985613
4270.0,2.3309352517985613
4271.0,2.3309352517985613
4272.0,2.3309352517985613
4273.0,2.3309352517985613
4274.0,2.3309352517985613
4275.0,2.3309352517985613
4276.0,2.3309352517985613
4277.0,2.3309352517985613
4278.0,2.3309352517985613
4279.0,2.3309352517985613
4280.0,2.3309352517985613
4281.0,2.3309352517985613
4282.0,2.3309352517985613
4283.0,2.3309352517985613
4284.0,2.3309352517985613
4285.0,2.3309352517985613
4286.0,2.3309352517985613
4287.0,2.3309352517985613
4288.0,2.3309352517985613
4289.0,2.3309352517985613
4290.0,2.3309352517985613
4291.0,2.3309352517985613
4292.0,2.3309352517985613
4293.0,2.3309352517985613
4294.0,2.3309352517985613
4295.0,2.3309352517985613
4296.0,2.3309352517985613
4297.0,2.3309352517985613
4298.0,2.3309352517985613
4299.0,2.3309352517985613
4300.0,2.3309352517985613
4301.0,2.3309352517985613
4302.0,2.3309352517985613
4303.0,2.3309352517985613
4304.0,2.3309352517985613
4305.0,2.3309352517985613
4306.0,2.3309352517985613
4307.0,2.3309352517985613
4308.0,2.3309352517985613
4309.0,2.3309352517985613
4310.0,2.3309352517985613
4311.0,2.3309352517985613
4312.0,2.3309352517985613
4313.0,2.3309352517985613
4314.0,2.3309352517985613
4315.0,2.3309352517985613
4316.0,2.3309352517985613
4317.0,2.3309352517985613
4318.0,2.3309352517985613
4319.0,2.3309352517985613
4320.0,2.3309352517985613
4321.0,2.3309352517985613
4322.0,2.3309352517985613
4323.0,2.3309352517985613
4324.0,2.3309352517985613
4325.0,2.3309352517985613
4326.0,2.3309352517985613
4327.0,2.3309352517985613
4328.0,2.3309352517985613
4329.0,2.3309352517985613
4330.0,2.3309352517985613
4331.0,2.3309352517985613
4332.0,2.3309352517985613
4333.0,2.3309352517985613
4334.0,2.3309352517985613
4335.0,2.3309352517985613
4336.0,2.3309352517985613
4337.0,2.3309352517985613
4338.0,2.3309352517985613
4339.0,2.3309352517985613
4340.0,2.3309352517985613
4341.0,2.3309352517985613
4342.0,2.3309352517985613
4343.0,2.3309352517985613
4344.0,2.3309352517985613
4345.0,2.3309352517985613
4346.0,2.3309352517985613
4347.0,2.3309352517985613
4348.0,2.3309352517985613
4349.0,2.3309352517985613
4350.0,2.3309352517985613
4351.0,2.3309352517985613
4352.0,2.3309352517985613
4353.0,2.3309352517985613
4354.0,2.3309352517985613
4355.0,2.3309352517985613
4356.0,2.3309352517985613
4357.0,2.3309352517985613
4358.0,2.3309352517985613
4359.0,2.3309352517985613
4360.0,2.3309352517985613
4361.0,2.3309352517985613
4362.0,2.3309352517985613
4363.0,2.3309352517985613
4364.0,2.3309352517985613
4365.0,2.3309352517985613
4366.0,2.3309352517985613
4367.0,2.3309352517985613
4368.0,2.3309352517985613
4369.0,2.3309352517985613
4370.0,2.3309352517985613
4371.0,2.3309352517985613
4372.0,2.3309352517985613
4373.0,2.3309352517985613
4374.0,2.3309352517985613
4375.0,2.3309352517985613
4376.0,2.3309352517985613
4377.0,2.3309352517985613
4378.0,2.3309352517985613
4379.0,2.3309352517985613
4380.0,2.3309352517985613
4381.0,2.3309352517985613
4382.0,2.3309352517985613
4383.0,2.3309352517985613
4384.0,2.3309352517985613
4385.0,2.3309352517985613
4386.0,2.3309352517985613
4387.0,2.3309352517985613
4388.0,2.3309352517985613
4389.0,2.3309352517985613
4390.0,2.3309352517985613
4391.0,2.3309352517985613
4392.0,2.3309352517985613
4393.0,2.3309352517985613
4394.0,2.3309352517985613
4395.0,2.3309352517985613
4396.0,2.3309352517985613
4397.0,2.3309352517985613
4398.0,2.3309352517985613
4399.0,2.3309352517985613
4400.0,2.3309352517985613
4401.0,2.3309352517985613
4402.0,2.3309352517985613
4403.0,2.3309352517985613
4404.0,2.3309352517985613
4405.0,2.3309352517985613
4406.0,2.3309352517985613
4407.0,2.3309352517985613
4408.0,2.3309352517985613
4409.0,2.3309352517985613
4410.0,2.3309352517985613
4411.0,2.3309352517985613
4412.0,2.3309352517985613
4413.0,2.3309352517985613
4414.0,2.3309352517985613
4415.0,2.3309352517985613
4416.0,2.3309352517985613
4417.0,2.3309352517985613
4418.0,2.3309352517985613
4419.0,2.3309352517985613
4420.0,2.3309352517985613
4421.0,2.3309352517985613
4422.0,2.3309352517985613
4423.0,2.3309352517985613
4424.0,2.3309352517985613
4425.0,2.3309352517985613
4426.0,2.3309352517985613
4427.0,2.3309352517985613
4428.0,2.3309352517985613
4429.0,2.3309352517985613
4430.0,2.3309352517985613
4431.0,2.3309352517985613
4432.0,2.3309352517985613
4433.0,2.3309352517985613
4434.0,2.3309352517985613
4435.0,2.3309352517985613
4436.0,2.3309352517985613
4437.0,2.3309352517985613
4438.0,2.3309352517985613
4439.0,2.3309352517985613
4440.0,2.3309352517985613
4441.0,2.3309352517985613
4442.0,2.3309352517985613
4443.0,2.3309352517985613
4444.0,2.3309352517985613
4445.0,2.3309352517985613
4446.0,2.3309352517985613
4447.0,2.3309352517985613
4448.0,2.3309352517985613
4449.0,2.3309352517985613
4450.0,2.3309352517985613
4451.0,2.3309352517985613
4452.0,2.3309352517985613
4453.0,2.3309352517985613
4454.0,2.3309352517985613
4455.0,2.3309352517985613
4456.0,2.3309352517985613
4457.0,2.3309352517985613
4458.0,2.3309352517985613
4459.0,2.3309352517985613
4460.0,2.3309352517985613
4461.0,2.3309352517985613
4462.0,2.3309352517985613
4463.0,2.3309352517985613
4464.0,2.3309352517985613
4465.0,2.3309352517985613
4466.0,2.3309352517985613
4467.0,2.3309352517985613
4468.0,2.3309352517985613
4469.0,2.3309352517985613
4470.0,2.3309352517985613
4471.0,2.3309352517985613
4472.0,2.3309352517985613
4473.0,2.3309352517985613
4474.0,2.3309352517985613
4475.0,2.3309352517985613
4476.0,2.3309352517985613
4477.0,2.3309352517985613
4478.0,2.3309352517985613
4479.0,2.3309352517985613
4480.0,2.3309352517985613
4481.0,2.3309352517985613
4482.0,2.3309352517985613
4483.0,2.3309352517985613
4484.0,2.3309352517985613
4485.0,2.3309352517985613
4486.0,2.3309352517985613
4487.0,2.3309352517985613
4488.0,2.3309352517985613
4489.0,2.3309352517985613
4490.0,2.3309352517985613
4491.0,2.3309352517985613
4492.0,2.3309352517985613
4493.0,2.3309352517985613
4494.0,2.3309352517985613
4495.0,2.3309352517985613
4496.0,2.3309352517985613
4497.0,2.3309352517985613
4498.0,2.3309352517985613
4499.0,2.3309352517985613
4500.0,2.3309352517985613
4501.0,2.3309352517985613
4502.0,2.3309352517985613
4503.0,2.3309352517985613
4504.0,2.3309352517985613
4505.0,2.3309352517985613
4506.0,2.3309352517985613
4507.0,2.3309352517985613
4508.0,2.3309352517985613
4509.0,2.3309352517985613
4510.0,2.3309352517985613
4511.0,2.3309352517985613
4512.0,2.3309352517985613
4513.0,2.3309352517985613
4514.0,2.3309352517985613
4515.0,2.3309352517985613
4516.0,2.3309352517985613
4517.0,2.3309352517985613
4518.0,2.3309352517985613
4519.0,2.3309352517985613
4520.0,2.3309352517985613
4521.0,2.3309352517985613
4522.0,2.3309352517985613
4523.0,2.3309352517985613
4524.0,2.3309352517985613
4525.0,2.3309352517985613
4526.0,2.3309352517985613
4527.0,2.3309352517985613
4528.0,2.3309352517985613
4529.0,2.3309352517985613
4530.0,2.3309352517985613
4531.0,2.3309352517985613
4532.0,2.3309352517985613
4533.0,2.3309352517985613
4534.0,2.3309352517985613
4535.0,2.3309352517985613
4536.0,2.3309352517985613
4537.0,2.3309352517985613
4538.0,2.3309352517985613
4539.0,2.3309352517985613
4540.0,2.3309352517985613
4541.0,2.3309352517985613
4542.0,2.3309352517985613
4543.0,2.3309352517985613
4544.0,2.3309352517985613
4545.0,2.3309352517985613
4546.0,2.3309352517985613
4547.0,2.3309352517985613
4548.0,2.3309352517985613
4549.0,2.3309352517985613
4550.0,2.3309352517985613
4551.0,2.3309352517985613
4552.0,2.3309352517985613
4553.0,2.3309352517985613
4554.0,2.3309352517985613
4555.0,2.3309352517985613
4556.0,2.3309352517985613
4557.0,2.3309352517985613
4558.0,2.3309352517985613
4559.0,2.3309352517985613
4560.0,2.3309352517985613
4561.0,2.3309352517985613
4562.0,2.3309352517985613
4563.0,2.3309352517985613
4564.0,2.3309352517985613
4565.0,2.3309352517985613
4566.0,2.3309352517985613
4567.0,2.3309352517985613
4568.0,2.3309352517985613
4569.0,2.3309352517985613
4570.0,2.3309352517985613
4571.0,2.3309352517985613
4572.0,2.3309352517985613
4573.0,2.3309352517985613
4574.0,2.3309352517985613
4575.0,2.3309352517985613
4576.0,2.3309352517985613
4577.0,2.3309352517985613
4578.0,2.3309352517985613
4579.0,2.3309352517985613
4580.0,2.3309352517985613
4581.0,2.3309352517985613
4582.0,2.3309352517985613
4583.0,2.3309352517985613
4584.0,2.3309352517985613
4585.0,2.3309352517985613
4586.0,2.3309352517985613
4587.0,2.3309352517985613
4588.0,2.3309352517985613
4589.0,2.3309352517985613
4590.0,2.3309352517985613
4591.0,2.3309352517985613
4592.0,2.3309352517985613
4593.0,2.3309352517985613
4594.0,2.3309352517985613
4595.0,2.3309352517985613
4596.0,2.3309352517985613
4597.0,2.3309352517985613
4598.0,2.3309352517985613
4599.0,2.3309352517985613
4600.0,2.3309352517985613
4601.0,2.3309352517985613
4602.0,2.3309352517985613
4603.0,2.3309352517985613
4604.0,2.3309352517985613
4605.0,2.3309352517985613
4606.0,2.3309352517985613
4607.0,2.3309352517985613
4608.0,2.3309352517985613
4609.0,2.3309352517985613
4610.0,2.3309352517985613
4611.0,2.3309352517985613
4612.0,2.3309352517985613
4613.0,2.3309352517985613
4614.0,2.3309352517985613
4615.0,2.3309352517985613
4616.0,2.3309352517985613
4617.0,2.3309352517985613
4618.0,2.3309352517985613
4619.0,2.3309352517985613
4620.0,2.3309352517985613
4621.0,2.3309352517985613
4622.0,2.3309352517985613
4623.0,2.3309352517985613
4624.0,2.3309352517985613
4625.0,2.3309352517985613
4626.0,2.3309352517985613
4627.0,2.3309352517985613
4628.0,2.3309352517985613
4629.0,2.3309352517985613
4630.0,2.3309352517985613
4631.0,2.3309352517985613
4632.0,2.3309352517985613
4633.0,2.3309352517985613
4634.0,2.3309352517985613
4635.0,2.3309352517985613
4636.0,2.3309352517985613
4637.0,2.3309352517985613
4638.0,2.3309352517985613
4639.0,2.3309352517985613
4640.0,2.3309352517985613
4641.0,2.3309352517985613
4642.0,2.3309352517985613
4643.0,2.3309352517985613
4644.0,2.3309352517985613
4645.0,2.3309352517985613
4646.0,2.3309352517985613
4647.0,2.3309352517985613
4648.0,2.3309352517985613
4649.0,2.3309352517985613
4650.0,2.3309352517985613
4651.0,2.3309352517985613
4652.0,2.3309352517985613
4653.0,2.3309352517985613
4654.0,2.3309352517985613
4655.0,2.3309352517985613
4656.0,2.3309352517985613
4657.0,2.3309352517985613
4658.0,2.3309352517985613
4659.0,2.3309352517985613
4660.0,2.3309352517985613
4661.0,2.3309352517985613
4662.0,2.3309352517985613
4663.0,2.3309352517985613
4664.0,2.3309352517985613
4665.0,2.287769784172662
4666.0,2.3309352517985613
4667.0,2.3309352517985613
4668.0,2.3309352517985613
4669.0,2.3309352517985613
4670.0,2.3309352517985613
4671.0,2.3309352517985613
4672.0,2.3309352517985613
4673.0,2.3309352517985613
4674.0,2.3309352517985613
4675.0,2.3309352517985613
4676.0,2.3309352517985613
4677.0,2.3309352517985613
4678.0,2.3309352517985613
4679.0,2.3309352517985613
4680.0,2.3309352517985613
4681.0,2.3309352517985613
4682.0,2.3309352517985613
4683.0,2.3309352517985613
4684.0,2.3309352517985613
4685.0,2.3309352517985613
4686.0,2.3309352517985613
4687.0,2.3309352517985613
4688.0,2.3309352517985613
4689.0,2.3309352517985613
4690.0,2.3309352517985613
4691.0,2.3309352517985613
4692.0,2.3309352517985613
4693.0,2.3309352517985613
4694.0,2.3309352517985613
4695.0,2.3309352517985613
4696.0,2.3309352517985613
4697.0,2.3309352517985613
4698.0,2.3309352517985613
4699.0,2.3309352517985613
4700.0,2.3309352517985613
4701.0,2.3309352517985613
4702.0,2.3309352517985613
4703.0,2.3309352517985613
4704.0,2.3309352517985613
4705.0,2.3309352517985613
4706.0,2.3309352517985613
4707.0,2.287769784172662
4708.0,2.3309352517985613
4709.0,2.287769784172662
4710.0,2.3309352517985613
4711.0,2.3309352517985613
4712.0,2.3309352517985613
4713.0,2.3309352517985613
4714.0,2.3309352517985613
4715.0,2.3309352517985613
4716.0,2.3309352517985613
4717.0,2.3309352517985613
4718.0,2.3309352517985613
4719.0,2.3309352517985613
4720.0,2.3309352517985613
4721.0,2.3309352517985613
4722.0,2.3309352517985613
4723.0,2.3309352517985613
4724.0,2.3309352517985613
4725.0,2.3309352517985613
4726.0,2.3309352517985613
4727.0,2.3309352517985613
4728.0,2.3309352517985613
4729.0,2.3309352517985613
4730.0,2.3309352517985613
4731.0,2.3309352517985613
4732.0,2.3309352517985613
4733.0,2.3309352517985613
4734.0,2.3309352517985613
4735.0,2.3309352517985613
4736.0,2.3309352517985613
4737.0,2.3309352517985613
4738.0,2.3309352517985613
4739.0,2.3309352517985613
4740.0,2.3309352517985613
4741.0,2.3309352517985613
4742.0,2.3309352517985613
4743.0,2.3309352517985613
4744.0,2.287769784172662
4745.0,2.3309352517985613
4746.0,2.3309352517985613
4747.0,2.3309352517985613
4748.0,2.3309352517985613
4749.0,2.3309352517985613
4750.0,2.3309352517985613
4751.0,2.3309352517985613
4752.0,2.287769784172662
4753.0,2.3309352517985613
4754.0,2.3309352517985613
4755.0,2.3309352517985613
4756.0,2.3309352517985613
4757.0,2.3309352517985613
4758.0,2.3309352517985613
4759.0,2.3309352517985613
4760.0,2.3309352517985613
4761.0,2.3309352517985613
4762.0,2.3309352517985613
4763.0,2.3309352517985613
4764.0,2.3309352517985613
4765.0,2.3309352517985613
4766.0,2.3309352517985613
4767.0,2.3309352517985613
4768.0,2.3309352517985613
4769.0,2.3309352517985613
4770.0,2.3309352517985613
4771.0,2.3309352517985613
4772.0,2.3309352517985613
4773.0,2.3309352517985613
4774.0,2.3309352517985613
4775.0,2.3309352517985613
4776.0,2.3309352517985613
4777.0,2.3309352517985613
4778.0,2.3309352517985613
4779.0,2.3309352517985613
4780.0,2.3309352517985613
4781.0,2.3309352517985613
4782.0,2.3309352517985613
4783.0,2.3309352517985613
4784.0,2.3309352517985613
4785.0,2.3309352517985613
4786.0,2.3309352517985613
4787.0,2.3309352517985613
4788.0,2.3309352517985613
4789.0,2.3309352517985613
4790.0,2.3309352517985613
4791.0,2.287769784172662
4792.0,2.3309352517985613
4793.0,2.3309352517985613
4794.0,2.3309352517985613
4795.0,2.3309352517985613
4796.0,2.287769784172662
4797.0,2.287769784172662
4798.0,2.287769784172662
4799.0,2.287769784172662
4800.0,2.3309352517985613
4801.0,2.287769784172662
4802.0,2.287769784172662
4803.0,2.3309352517985613
4804.0,2.287769784172662
4805.0,2.3309352517985613
4806.0,2.3309352517985613
4807.0,2.3309352517985613
4808.0,2.3309352517985613
4809.0,2.3309352517985613
4810.0,2.3309352517985613
4811.0,2.3309352517985613
4812.0,2.3309352517985613
4813.0,2.3309352517985613
4814.0,2.3309352517985613
4815.0,2.3309352517985613
4816.0,2.3309352517985613
4817.0,2.3309352517985613
4818.0,2.3309352517985613
4819.0,2.3309352517985613
4820.0,2.3309352517985613
4821.0,2.3309352517985613
4822.0,2.3309352517985613
4823.0,2.3309352517985613
4824.0,2.3309352517985613
4825.0,2.3309352517985613
4826.0,2.3309352517985613
4827.0,2.3309352517985613
4828.0,2.3309352517985613
4829.0,2.3309352517985613
4830.0,2.3309352517985613
4831.0,2.3309352517985613
4832.0,2.3309352517985613
4833.0,2.3309352517985613
4834.0,2.287769784172662
4835.0,2.3309352517985613
4836.0,2.287769784172662
4837.0,2.3309352517985613
4838.0,2.3309352517985613
4839.0,2.3309352517985613
4840.0,2.3309352517985613
4841.0,2.287769784172662
4842.0,2.3309352517985613
4843.0,2.287769784172662
4844.0,2.3309352517985613
4845.0,2.287769784172662
4846.0,2.3309352517985613
4847.0,2.3309352517985613
4848.0,2.3309352517985613
4849.0,2.3309352517985613
4850.0,2.3309352517985613
4851.0,2.3309352517985613
4852.0,2.3309352517985613
4853.0,2.3309352517985613
4854.0,2.3309352517985613
4855.0,2.3309352517985613
4856.0,2.3309352517985613
4857.0,2.3309352517985613
4858.0,2.3309352517985613
4859.0,2.3309352517985613
4860.0,2.3309352517985613
4861.0,2.3309352517985613
4862.0,2.3309352517985613
4863.0,2.3309352517985613
4864.0,2.3309352517985613
4865.0,2.3309352517985613
4866.0,2.3309352517985613
4867.0,2.3309352517985613
4868.0,2.3309352517985613
4869.0,2.3309352517985613
4870.0,2.3309352517985613
4871.0,2.3309352517985613
4872.0,2.3309352517985613
4873.0,2.287769784172662
4874.0,2.3309352517985613
4875.0,2.3309352517985613
4876.0,2.3309352517985613
4877.0,2.287769784172662
4878.0,2.287769784172662
4879.0,2.3309352517985613
4880.0,2.3309352517985613
4881.0,2.3309352517985613
4882.0,2.3309352517985613
4883.0,2.3309352517985613
4884.0,2.3309352517985613
4885.0,2.3309352517985613
4886.0,2.3309352517985613
4887.0,2.3309352517985613
4888.0,2.3309352517985613
4889.0,2.3309352517985613
4890.0,2.3309352517985613
4891.0,2.3309352517985613
4892.0,2.3309352517985613
4893.0,2.3309352517985613
4894.0,2.3309352517985613
4895.0,2.3309352517985613
4896.0,2.3309352517985613
4897.0,2.3309352517985613
4898.0,2.287769784172662
4899.0,2.287769784172662
4900.0,2.287769784172662
4901.0,2.3309352517985613
4902.0,2.3309352517985613
4903.0,2.3309352517985613
4904.0,2.3309352517985613
4905.0,2.3309352517985613
4906.0,2.3309352517985613
4907.0,2.287769784172662
4908.0,2.3309352517985613
4909.0,2.3309352517985613
4910.0,2.3309352517985613
4911.0,2.3309352517985613
4912.0,2.3309352517985613
4913.0,2.3309352517985613
4914.0,2.3309352517985613
4915.0,2.3309352517985613
4916.0,2.3309352517985613
4917.0,2.3309352517985613
4918.0,2.3309352517985613
4919.0,2.3309352517985613
4920.0,2.3309352517985613
4921.0,2.3309352517985613
4922.0,2.287769784172662
4923.0,2.287769784172662
4924.0,2.3309352517985613
4925.0,2.3309352517985613
4926.0,2.3309352517985613
4927.0,2.3309352517985613
4928.0,2.3309352517985613
4929.0,2.287769784172662
4930.0,2.287769784172662
4931.0,2.287769784172662
4932.0,2.3309352517985613
4933.0,2.3309352517985613
4934.0,2.287769784172662
4935.0,2.3309352517985613
4936.0,2.3309352517985613
4937.0,2.287769784172662
4938.0,2.3309352517985613
4939.0,2.287769784172662
4940.0,2.3309352517985613
4941.0,2.3309352517985613
4942.0,2.3309352517985613
4943.0,2.3309352517985613
4944.0,2.3309352517985613
4945.0,2.3309352517985613
4946.0,2.3309352517985613
4947.0,2.3309352517985613
4948.0,2.3309352517985613
4949.0,2.3309352517985613
4950.0,2.287769784172662
4951.0,2.287769784172662
4952.0,2.287769784172662
4953.0,2.3309352517985613
4954.0,2.287769784172662
4955.0,2.3309352517985613
4956.0,2.287769784172662
4957.0,2.3309352517985613
4958.0,2.3309352517985613
4959.0,2.3309352517985613
4960.0,2.3309352517985613
4961.0,2.3309352517985613
4962.0,2.3309352517985613
4963.0,2.3309352517985613
4964.0,2.3309352517985613
4965.0,2.3309352517985613
4966.0,2.287769784172662
4967.0,2.287769784172662
4968.0,2.3309352517985613
4969.0,2.287769784172662
4970.0,2.287769784172662
4971.0,2.287769784172662
4972.0,2.287769784172662
4973.0,2.287769784172662
4974.0,2.3309352517985613
4975.0,2.287769784172662
4976.0,2.287769784172662
4977.0,2.287769784172662
4978.0,2.3309352517985613
4979.0,2.3309352517985613
4980.0,2.3309352517985613
4981.0,2.287769784172662
4982.0,2.287769784172662
4983.0,2.287769784172662
4984.0,2.3309352517985613
4985.0,2.3309352517985613
4986.0,2.3309352517985613
4987.0,2.3309352517985613
4988.0,2.3309352517985613
4989.0,2.3309352517985613
4990.0,2.287769784172662
4991.0,2.3309352517985613
4992.0,2.287769784172662
4993.0,2.3309352517985613
4994.0,2.3309352517985613
4995.0,2.3309352517985613
4996.0,2.287769784172662
4997.0,2.3309352517985613
4998.0,2.287769784172662
4999.0,2.3309352517985613
5000.0,2.3309352517985613
5001.0,2.3309352517985613
5002.0,2.3309352517985613
5003.0,2.3309352517985613
5004.0,2.3309352517985613
5005.0,2.3309352517985613
5006.0,2.3309352517985613
5007.0,2.287769784172662
5008.0,2.3309352517985613
5009.0,2.287769784172662
5010.0,2.3309352517985613
5011.0,2.287769784172662
5012.0,2.3309352517985613
5013.0,2.3309352517985613
5014.0,2.287769784172662
5015.0,2.287769784172662
5016.0,2.3309352517985613
5017.0,2.287769784172662
5018.0,2.287769784172662
5019.0,2.287769784172662
5020.0,2.287769784172662
5021.0,2.287769784172662
5022.0,2.3309352517985613
5023.0,2.287769784172662
5024.0,2.3309352517985613
5025.0,2.3309352517985613
5026.0,2.3309352517985613
5027.0,2.3309352517985613
5028.0,2.3309352517985613
5029.0,2.3309352517985613
5030.0,2.3309352517985613
5031.0,2.3309352517985613
5032.0,2.3309352517985613
5033.0,2.3309352517985613
5034.0,2.3309352517985613
5035.0,2.3309352517985613
5036.0,2.3309352517985613
5037.0,2.3309352517985613
5038.0,2.3309352517985613
5039.0,2.3309352517985613
5040.0,2.3309352517985613
5041.0,2.3309352517985613
5042.0,2.3309352517985613
5043.0,2.3309352517985613
5044.0,2.3309352517985613
5045.0,2.3309352517985613
5046.0,2.3309352517985613
5047.0,2.287769784172662
5048.0,2.3309352517985613
5049.0,2.3309352517985613
5050.0,2.3309352517985613
5051.0,2.287769784172662
5052.0,2.287769784172662
5053.0,2.287769784172662
5054.0,2.3309352517985613
5055.0,2.3309352517985613
5056.0,2.3309352517985613
5057.0,2.3309352517985613
5058.0,2.3309352517985613
5059.0,2.287769784172662
5060.0,2.287769784172662
5061.0,2.3309352517985613
5062.0,2.3309352517985613
5063.0,2.3309352517985613
5064.0,2.3309352517985613
5065.0,2.3309352517985613
5066.0,2.3309352517985613
5067.0,2.3309352517985613
5068.0,2.3309352517985613
5069.0,2.287769784172662
5070.0,2.3309352517985613
5071.0,2.287769784172662
5072.0,2.3309352517985613
5073.0,2.3309352517985613
5074.0,2.3309352517985613
5075.0,2.287769784172662
5076.0,2.3309352517985613
5077.0,2.3309352517985613
5078.0,2.3309352517985613
5079.0,2.3309352517985613
5080.0,2.3309352517985613
5081.0,2.287769784172662
5082.0,2.3309352517985613
5083.0,2.287769784172662
5084.0,2.3309352517985613
5085.0,2.3309352517985613
5086.0,2.3309352517985613
5087.0,2.3309352517985613
5088.0,2.3309352517985613
5089.0,2.3309352517985613
5090.0,2.287769784172662
5091.0,2.3309352517985613
5092.0,2.287769784172662
5093.0,2.3309352517985613
5094.0,2.3309352517985613
5095.0,2.3309352517985613
5096.0,2.287769784172662
5097.0,2.3309352517985613
5098.0,2.3309352517985613
5099.0,2.3309352517985613
5100.0,2.3309352517985613
5101.0,2.3309352517985613
5102.0,2.3309352517985613
5103.0,2.287769784172662
5104.0,2.3309352517985613
5105.0,2.287769784172662
5106.0,2.287769784172662
5107.0,2.3309352517985613
5108.0,2.287769784172662
5109.0,2.287769784172662
5110.0,2.287769784172662
5111.0,2.287769784172662
5112.0,2.287769784172662
5113.0,2.287769784172662
5114.0,2.3309352517985613
5115.0,2.287769784172662
5116.0,2.3309352517985613
5117.0,2.287769784172662
5118.0,2.287769784172662
5119.0,2.287769784172662
5120.0,2.3309352517985613
5121.0,2.3309352517985613
5122.0,2.287769784172662
5123.0,2.3309352517985613
5124.0,2.3309352517985613
5125.0,2.3309352517985613
5126.0,2.287769784172662
5127.0,2.3309352517985613
5128.0,2.3309352517985613
5129.0,2.3309352517985613
5130.0,2.3309352517985613
5131.0,2.3309352517985613
5132.0,2.3309352517985613
5133.0,2.3309352517985613
5134.0,2.3309352517985613
5135.0,2.3309352517985613
5136.0,2.3309352517985613
5137.0,2.3309352517985613
5138.0,2.3309352517985613
5139.0,2.3309352517985613
5140.0,2.287769784172662
5141.0,2.287769784172662
5142.0,2.287769784172662
5143.0,2.3309352517985613
5144.0,2.287769784172662
5145.0,2.287769784172662
5146.0,2.287769784172662
5147.0,2.287769784172662
5148.0,2.287769784172662
5149.0,2.3309352517985613
5150.0,2.287769784172662
5151.0,2.287769784172662
5152.0,2.3309352517985613
5153.0,2.287769784172662
5154.0,2.287769784172662
5155.0,2.287769784172662
5156.0,2.287769784172662
5157.0,2.287769784172662
5158.0,2.3309352517985613
5159.0,2.287769784172662
5160.0,2.287769784172662
5161.0,2.3309352517985613
5162.0,2.3309352517985613
5163.0,2.3309352517985613
5164.0,2.3309352517985613
5165.0,2.3309352517985613
5166.0,2.3309352517985613
5167.0,2.3309352517985613
5168.0,2.287769784172662
5169.0,2.3309352517985613
5170.0,2.3309352517985613
5171.0,2.3309352517985613
5172.0,2.3309352517985613
5173.0,2.3309352517985613
5174.0,2.287769784172662
5175.0,2.3309352517985613
5176.0,2.3309352517985613
5177.0,2.287769784172662
5178.0,2.3309352517985613
5179.0,2.3309352517985613
5180.0,2.3309352517985613
5181.0,2.3309352517985613
5182.0,2.3309352517985613
5183.0,2.3309352517985613
5184.0,2.3309352517985613
5185.0,2.3309352517985613
5186.0,2.287769784172662
5187.0,2.3309352517985613
5188.0,2.287769784172662
5189.0,2.287769784172662
5190.0,2.287769784172662
5191.0,2.3309352517985613
5192.0,2.287769784172662
5193.0,2.287769784172662
5194.0,2.287769784172662
5195.0,2.287769784172662
5196.0,2.287769784172662
5197.0,2.287769784172662
5198.0,2.287769784172662
5199.0,2.287769784172662
5200.0,2.3309352517985613
5201.0,2.287769784172662
5202.0,2.287769784172662
5203.0,2.287769784172662
5204.0,2.287769784172662
5205.0,2.287769784172662
5206.0,2.287769784172662
5207.0,2.3309352517985613
5208.0,2.3309352517985613
5209.0,2.3309352517985613
5210.0,2.287769784172662
5211.0,2.3309352517985613
5212.0,2.3309352517985613
5213.0,2.3309352517985613
5214.0,2.287769784172662
5215.0,2.3309352517985613
5216.0,2.3309352517985613
5217.0,2.3309352517985613
5218.0,2.3309352517985613
5219.0,2.3309352517985613
5220.0,2.3309352517985613
5221.0,2.3309352517985613
5222.0,2.3309352517985613
5223.0,2.3309352517985613
5224.0,2.3309352517985613
5225.0,2.3309352517985613
5226.0,2.287769784172662
5227.0,2.3309352517985613
5228.0,2.287769784172662
5229.0,2.3309352517985613
5230.0,2.3309352517985613
5231.0,2.287769784172662
5232.0,2.287769784172662
5233.0,2.287769784172662
5234.0,2.3309352517985613
5235.0,2.287769784172662
5236.0,2.287769784172662
5237.0,2.287769784172662
5238.0,2.287769784172662
5239.0,2.287769784172662
5240.0,2.287769784172662
5241.0,2.3309352517985613
5242.0,2.287769784172662
5243.0,2.287769784172662
5244.0,2.287769784172662
5245.0,2.287769784172662
5246.0,2.287769784172662
5247.0,2.287769784172662
5248.0,2.3309352517985613
5249.0,2.287769784172662
5250.0,2.3309352517985613
5251.0,2.3309352517985613
5252.0,2.287769784172662
5253.0,2.3309352517985613
5254.0,2.287769784172662
5255.0,2.3309352517985613
5256.0,2.287769784172662
5257.0,2.3309352517985613
5258.0,2.3309352517985613
5259.0,2.3309352517985613
5260.0,2.3309352517985613
5261.0,2.3309352517985613
5262.0,2.3309352517985613
5263.0,2.287769784172662
5264.0,2.3309352517985613
5265.0,2.287769784172662
5266.0,2.3309352517985613
5267.0,2.3309352517985613
5268.0,2.287769784172662
5269.0,2.287769784172662
5270.0,2.287769784172662
5271.0,2.287769784172662
5272.0,2.287769784172662
5273.0,2.287769784172662
5274.0,2.287769784172662
5275.0,2.287769784172662
5276.0,2.287769784172662
5277.0,2.287769784172662
5278.0,2.287769784172662
5279.0,2.287769784172662
5280.0,2.287769784172662
5281.0,2.287769784172662
5282.0,2.287769784172662
5283.0,2.287769784172662
5284.0,2.3309352517985613
5285.0,2.287769784172662
5286.0,2.287769784172662
5287.0,2.287769784172662
5288.0,2.287769784172662
5289.0,2.3309352517985613
5290.0,2.287769784172662
5291.0,2.3309352517985613
5292.0,2.287769784172662
5293.0,2.3309352517985613
5294.0,2.3309352517985613
5295.0,2.287769784172662
5296.0,2.3309352517985613
5297.0,2.287769784172662
5298.0,2.287769784172662
5299.0,2.3309352517985613
5300.0,2.3309352517985613
5301.0,2.3309352517985613
5302.0,2.287769784172662
5303.0,2.287769784172662
5304.0,2.287769784172662
5305.0,2.287769784172662
5306.0,2.287769784172662
5307.0,2.287769784172662
5308.0,2.287769784172662
5309.0,2.287769784172662
5310.0,2.287769784172662
5311.0,2.287769784172662
5312.0,2.287769784172662
5313.0,2.287769784172662
5314.0,2.287769784172662
5315.0,2.287769784172662
5316.0,2.287769784172662
5317.0,2.287769784172662
5318.0,2.287769784172662
5319.0,2.287769784172662
5320.0,2.287769784172662
5321.0,2.3309352517985613
5322.0,2.3309352517985613
5323.0,2.287769784172662
5324.0,2.287769784172662
5325.0,2.3309352517985613
5326.0,2.287769784172662
5327.0,2.287769784172662
5328.0,2.3309352517985613
5329.0,2.287769784172662
5330.0,2.287769784172662
5331.0,2.287769784172662
5332.0,2.3309352517985613
5333.0,2.287769784172662
5334.0,2.287769784172662
5335.0,2.287769784172662
5336.0,2.287769784172662
5337.0,2.287769784172662
5338.0,2.287769784172662
5339.0,2.287769784172662
5340.0,2.287769784172662
5341.0,2.287769784172662
5342.0,2.287769784172662
5343.0,2.287769784172662
5344.0,2.287769784172662
5345.0,2.287769784172662
5346.0,2.287769784172662
5347.0,2.287769784172662
5348.0,2.287769784172662
5349.0,2.287769784172662
5350.0,2.287769784172662
5351.0,2.3309352517985613
5352.0,2.287769784172662
5353.0,2.3309352517985613
5354.0,2.287769784172662
5355.0,2.3309352517985613
5356.0,2.287769784172662
5357.0,2.3309352517985613
5358.0,2.3309352517985613
5359.0,2.3309352517985613
5360.0,2.3309352517985613
5361.0,2.3309352517985613
5362.0,2.3309352517985613
5363.0,2.287769784172662
5364.0,2.3309352517985613
5365.0,2.287769784172662
5366.0,2.287769784172662
5367.0,2.287769784172662
5368.0,2.3309352517985613
5369.0,2.287769784172662
5370.0,2.287769784172662
5371.0,2.287769784172662
5372.0,2.287769784172662
5373.0,2.287769784172662
5374.0,2.287769784172662
5375.0,2.287769784172662
5376.0,2.287769784172662
5377.0,2.287769784172662
5378.0,2.287769784172662
5379.0,2.287769784172662
5380.0,2.287769784172662
5381.0,2.287769784172662
5382.0,2.287769784172662
5383.0,2.287769784172662
5384.0,2.287769784172662
5385.0,2.287769784172662
5386.0,2.3309352517985613
5387.0,2.287769784172662
5388.0,2.287769784172662
5389.0,2.3309352517985613
5390.0,2.287769784172662
5391.0,2.3309352517985613
5392.0,2.287769784172662
5393.0,2.3309352517985613
5394.0,2.287769784172662
5395.0,2.3309352517985613
5396.0,2.287769784172662
5397.0,2.3309352517985613
5398.0,2.3309352517985613
5399.0,2.3309352517985613
5400.0,2.3309352517985613
5401.0,2.3309352517985613
5402.0,2.287769784172662
5403.0,2.3309352517985613
5404.0,2.3309352517985613
5405.0,2.287769784172662
5406.0,2.287769784172662
5407.0,2.287769784172662
5408.0,2.287769784172662
5409.0,2.287769784172662
5410.0,2.287769784172662
5411.0,2.287769784172662
5412.0,2.287769784172662
5413.0,2.287769784172662
5414.0,2.287769784172662
5415.0,2.287769784172662
5416.0,2.287769784172662
5417.0,2.287769784172662
5418.0,2.287769784172662
5419.0,2.287769784172662
5420.0,2.287769784172662
5421.0,2.287769784172662
5422.0,2.287769784172662
5423.0,2.287769784172662
5424.0,2.287769784172662
5425.0,2.287769784172662
5426.0,2.287769784172662
5427.0,2.287769784172662
5428.0,2.287769784172662
5429.0,2.287769784172662
5430.0,2.287769784172662
5431.0,2.3309352517985613
5432.0,2.287769784172662
5433.0,2.3309352517985613
5434.0,2.3309352517985613
5435.0,2.3309352517985613
5436.0,2.3309352517985613
5437.0,2.3309352517985613
5438.0,2.3309352517985613
5439.0,2.3309352517985613
5440.0,2.3309352517985613
5441.0,2.287769784172662
5442.0,2.287769784172662
5443.0,2.287769784172662
5444.0,2.287769784172662
5445.0,2.287769784172662
5446.0,2.287769784172662
5447.0,2.287769784172662
5448.0,2.287769784172662
5449.0,2.287769784172662
5450.0,2.287769784172662
5451.0,2.287769784172662
5452.0,2.287769784172662
5453.0,2.287769784172662
5454.0,2.3309352517985613
5455.0,2.287769784172662
5456.0,2.287769784172662
5457.0,2.287769784172662
5458.0,2.287769784172662
5459.0,2.287769784172662
5460.0,2.287769784172662
5461.0,2.287769784172662
5462.0,2.287769784172662
5463.0,2.287769784172662
5464.0,2.3309352517985613
5465.0,2.3309352517985613
5466.0,2.287769784172662
5467.0,2.287769784172662
5468.0,2.287769784172662
5469.0,2.287769784172662
5470.0,2.3309352517985613
5471.0,2.3309352517985613
5472.0,2.287769784172662
5473.0,2.287769784172662
5474.0,2.287769784172662
5475.0,2.287769784172662
5476.0,2.287769784172662
5477.0,2.287769784172662
5478.0,2.287769784172662
5479.0,2.287769784172662
5480.0,2.287769784172662
5481.0,2.287769784172662
5482.0,2.287769784172662
5483.0,2.287769784172662
5484.0,2.287769784172662
5485.0,2.287769784172662
5486.0,2.287769784172662
5487.0,2.287769784172662
5488.0,2.287769784172662
5489.0,2.287769784172662
5490.0,2.287769784172662
5491.0,2.287769784172662
5492.0,2.287769784172662
5493.0,2.287769784172662
5494.0,2.287769784172662
5495.0,2.3309352517985613
5496.0,2.3309352517985613
5497.0,2.287769784172662
5498.0,2.287769784172662
5499.0,2.287769784172662
5500.0,2.3309352517985613
5501.0,2.287769784172662
5502.0,2.287769784172662
5503.0,2.287769784172662
5504.0,2.287769784172662
5505.0,2.3309352517985613
5506.0,2.3309352517985613
5507.0,2.287769784172662
5508.0,2.287769784172662
5509.0,2.287769784172662
5510.0,2.287769784172662
5511.0,2.287769784172662
5512.0,2.287769784172662
5513.0,2.287769784172662
5514.0,2.287769784172662
5515.0,2.287769784172662
5516.0,2.287769784172662
5517.0,2.287769784172662
5518.0,2.287769784172662
5519.0,2.287769784172662
5520.0,2.287769784172662
5521.0,2.287769784172662
5522.0,2.287769784172662
5523.0,2.287769784172662
5524.0,2.287769784172662
5525.0,2.287769784172662
5526.0,2.3309352517985613
5527.0,2.287769784172662
5528.0,2.287769784172662
5529.0,2.287769784172662
5530.0,2.287769784172662
5531.0,2.287769784172662
5532.0,2.287769784172662
5533.0,2.287769784172662
5534.0,2.287769784172662
5535.0,2.287769784172662
5536.0,2.287769784172662
5537.0,2.287769784172662
5538.0,2.287769784172662
5539.0,2.287769784172662
5540.0,2.287769784172662
5541.0,2.287769784172662
5542.0,2.287769784172662
5543.0,2.287769784172662
5544.0,2.287769784172662
5545.0,2.287769784172662
5546.0,2.287769784172662
5547.0,2.287769784172662
5548.0,2.287769784172662
5549.0,2.287769784172662
5550.0,2.287769784172662
5551.0,2.287769784172662
5552.0,2.287769784172662
5553.0,2.287769784172662
5554.0,2.287769784172662
5555.0,2.287769784172662
5556.0,2.287769784172662
5557.0,2.287769784172662
5558.0,2.287769784172662
5559.0,2.287769784172662
5560.0,2.287769784172662
5561.0,2.287769784172662
5562.0,2.3309352517985613
5563.0,2.287769784172662
5564.0,2.287769784172662
5565.0,2.287769784172662
5566.0,2.287769784172662
5567.0,2.287769784172662
5568.0,2.287769784172662
5569.0,2.287769784172662
5570.0,2.287769784172662
5571.0,2.287769784172662
5572.0,2.287769784172662
5573.0,2.287769784172662
5574.0,2.287769784172662
5575.0,2.287769784172662
5576.0,2.287769784172662
5577.0,2.287769784172662
5578.0,2.287769784172662
5579.0,2.287769784172662
5580.0,2.287769784172662
5581.0,2.287769784172662
5582.0,2.287769784172662
5583.0,2.287769784172662
5584.0,2.287769784172662
5585.0,2.287769784172662
5586.0,2.287769784172662
5587.0,2.287769784172662
5588.0,2.287769784172662
5589.0,2.287769784172662
5590.0,2.287769784172662
5591.0,2.287769784172662
5592.0,2.287769784172662
5593.0,2.287769784172662
5594.0,2.287769784172662
5595.0,2.287769784172662
5596.0,2.287769784172662
5597.0,2.287769784172662
5598.0,2.287769784172662
5599.0,2.287769784172662
5600.0,2.287769784172662
5601.0,2.287769784172662
5602.0,2.287769784172662
5603.0,2.287769784172662
5604.0,2.287769784172662
5605.0,2.287769784172662
5606.0,2.287769784172662
5607.0,2.287769784172662
5608.0,2.287769784172662
5609.0,2.287769784172662
5610.0,2.287769784172662
5611.0,2.287769784172662
5612.0,2.287769784172662
5613.0,2.287769784172662
5614.0,2.287769784172662
5615.0,2.287769784172662
5616.0,2.287769784172662
5617.0,2.287769784172662
5618.0,2.287769784172662
5619.0,2.287769784172662
5620.0,2.287769784172662
5621.0,2.287769784172662
5622.0,2.287769784172662
5623.0,2.287769784172662
5624.0,2.287769784172662
5625.0,2.287769784172662
5626.0,2.287769784172662
5627.0,2.287769784172662
5628.0,2.287769784172662
5629.0,2.287769784172662
5630.0,2.287769784172662
5631.0,2.287769784172662
5632.0,2.287769784172662
5633.0,2.287769784172662
5634.0,2.287769784172662
5635.0,2.287769784172662
5636.0,2.287769784172662
5637.0,2.287769784172662
5638.0,2.287769784172662
5639.0,2.287769784172662
5640.0,2.287769784172662
5641.0,2.287769784172662
5642.0,2.287769784172662
5643.0,2.287769784172662
5644.0,2.287769784172662
5645.0,2.287769784172662
5646.0,2.287769784172662
5647.0,2.287769784172662
5648.0,2.287769784172662
5649.0,2.287769784172662
5650.0,2.287769784172662
5651.0,2.287769784172662
5652.0,2.287769784172662
5653.0,2.287769784172662
5654.0,2.287769784172662
5655.0,2.287769784172662
5656.0,2.287769784172662
5657.0,2.287769784172662
5658.0,2.287769784172662
5659.0,2.287769784172662
5660.0,2.287769784172662
5661.0,2.287769784172662
5662.0,2.287769784172662
5663.0,2.287769784172662
5664.0,2.287769784172662
5665.0,2.287769784172662
5666.0,2.287769784172662
5667.0,2.287769784172662
5668.0,2.287769784172662
5669.0,2.287769784172662
5670.0,2.287769784172662
5671.0,2.287769784172662
5672.0,2.287769784172662
5673.0,2.287769784172662
5674.0,2.287769784172662
5675.0,2.287769784172662
5676.0,2.287769784172662
5677.0,2.287769784172662
5678.0,2.287769784172662
5679.0,2.287769784172662
5680.0,2.287769784172662
5681.0,2.287769784172662
5682.0,2.287769784172662
5683.0,2.287769784172662
5684.0,2.287769784172662
5685.0,2.287769784172662
5686.0,2.287769784172662
5687.0,2.287769784172662
5688.0,2.287769784172662
5689.0,2.287769784172662
5690.0,2.287769784172662
5691.0,2.287769784172662
5692.0,2.287769784172662
5693.0,2.287769784172662
5694.0,2.287769784172662
5695.0,2.287769784172662
5696.0,2.287769784172662
5697.0,2.287769784172662
5698.0,2.287769784172662
5699.0,2.287769784172662
5700.0,2.287769784172662
5701.0,2.287769784172662
5702.0,2.287769784172662
5703.0,2.287769784172662
5704.0,2.287769784172662
5705.0,2.287769784172662
5706.0,2.287769784172662
5707.0,2.287769784172662
5708.0,2.287769784172662
5709.0,2.287769784172662
5710.0,2.287769784172662
5711.0,2.287769784172662
5712.0,2.287769784172662
5713.0,2.287769784172662
5714.0,2.287769784172662
5715.0,2.287769784172662
5716.0,2.287769784172662
5717.0,2.287769784172662
5718.0,2.287769784172662
5719.0,2.287769784172662
5720.0,2.287769784172662
5721.0,2.287769784172662
5722.0,2.287769784172662
5723.0,2.287769784172662
5724.0,2.287769784172662
5725.0,2.287769784172662
5726.0,2.287769784172662
5727.0,2.287769784172662
5728.0,2.287769784172662
5729.0,2.287769784172662
5730.0,2.287769784172662
5731.0,2.287769784172662
5732.0,2.244604316546763
5733.0,2.287769784172662
5734.0,2.287769784172662
5735.0,2.287769784172662
5736.0,2.287769784172662
5737.0,2.287769784172662
5738.0,2.287769784172662
5739.0,2.287769784172662
5740.0,2.287769784172662
5741.0,2.287769784172662
5742.0,2.287769784172662
5743.0,2.287769784172662
5744.0,2.287769784172662
5745.0,2.287769784172662
5746.0,2.287769784172662
5747.0,2.287769784172662
5748.0,2.287769784172662
5749.0,2.287769784172662
5750.0,2.287769784172662
5751.0,2.287769784172662
5752.0,2.287769784172662
5753.0,2.287769784172662
5754.0,2.287769784172662
5755.0,2.287769784172662
5756.0,2.287769784172662
5757.0,2.287769784172662
5758.0,2.287769784172662
5759.0,2.287769784172662
5760.0,2.287769784172662
5761.0,2.287769784172662
5762.0,2.287769784172662
5763.0,2.287769784172662
5764.0,2.287769784172662
5765.0,2.287769784172662
5766.0,2.287769784172662
5767.0,2.287769784172662
5768.0,2.287769784172662
5769.0,2.287769784172662
5770.0,2.287769784172662
5771.0,2.287769784172662
5772.0,2.287769784172662
5773.0,2.287769784172662
5774.0,2.287769784172662
5775.0,2.287769784172662
5776.0,2.287769784172662
5777.0,2.287769784172662
5778.0,2.287769784172662
5779.0,2.287769784172662
5780.0,2.287769784172662
5781.0,2.287769784172662
5782.0,2.287769784172662
5783.0,2.287769784172662
5784.0,2.287769784172662
5785.0,2.287769784172662
5786.0,2.287769784172662
5787.0,2.287769784172662
5788.0,2.287769784172662
5789.0,2.287769784172662
5790.0,2.287769784172662
5791.0,2.287769784172662
5792.0,2.287769784172662
5793.0,2.287769784172662
5794.0,2.287769784172662
5795.0,2.287769784172662
5796.0,2.287769784172662
5797.0,2.287769784172662
5798.0,2.287769784172662
5799.0,2.287769784172662
5800.0,2.287769784172662
5801.0,2.287769784172662
5802.0,2.287769784172662
5803.0,2.287769784172662
5804.0,2.287769784172662
5805.0,2.287769784172662
5806.0,2.287769784172662
5807.0,2.287769784172662
5808.0,2.287769784172662
5809.0,2.287769784172662
5810.0,2.287769784172662
5811.0,2.287769784172662
5812.0,2.287769784172662
5813.0,2.287769784172662
5814.0,2.287769784172662
5815.0,2.287769784172662
5816.0,2.287769784172662
5817.0,2.287769784172662
5818.0,2.287769784172662
5819.0,2.287769784172662
5820.0,2.287769784172662
5821.0,2.287769784172662
5822.0,2.287769784172662
5823.0,2.287769784172662
5824.0,2.287769784172662
5825.0,2.287769784172662
5826.0,2.287769784172662
5827.0,2.287769784172662
5828.0,2.287769784172662
5829.0,2.287769784172662
5830.0,2.287769784172662
5831.0,2.287769784172662
5832.0,2.287769784172662
5833.0,2.287769784172662
5834.0,2.287769784172662
5835.0,2.287769784172662
5836.0,2.287769784172662
5837.0,2.287769784172662
5838.0,2.287769784172662
5839.0,2.287769784172662
5840.0,2.287769784172662
5841.0,2.287769784172662
5842.0,2.287769784172662
5843.0,2.287769784172662
5844.0,2.244604316546763
5845.0,2.287769784172662
5846.0,2.287769784172662
5847.0,2.287769784172662
5848.0,2.287769784172662
5849.0,2.287769784172662
5850.0,2.287769784172662
5851.0,2.287769784172662
5852.0,2.287769784172662
5853.0,2.287769784172662
5854.0,2.287769784172662
5855.0,2.287769784172662
5856.0,2.287769784172662
5857.0,2.287769784172662
5858.0,2.287769784172662
5859.0,2.287769784172662
5860.0,2.287769784172662
5861.0,2.287769784172662
5862.0,2.287769784172662
5863.0,2.287769784172662
5864.0,2.287769784172662
5865.0,2.287769784172662
5866.0,2.287769784172662
5867.0,2.287769784172662
5868.0,2.287769784172662
5869.0,2.287769784172662
5870.0,2.287769784172662
5871.0,2.287769784172662
5872.0,2.287769784172662
5873.0,2.287769784172662
5874.0,2.287769784172662
5875.0,2.287769784172662
5876.0,2.287769784172662
5877.0,2.287769784172662
5878.0,2.287769784172662
5879.0,2.244604316546763
5880.0,2.287769784172662
5881.0,2.287769784172662
5882.0,2.287769784172662
5883.0,2.287769784172662
5884.0,2.287769784172662
5885.0,2.287769784172662
5886.0,2.287769784172662
5887.0,2.287769784172662
5888.0,2.287769784172662
5889.0,2.287769784172662
5890.0,2.287769784172662
5891.0,2.287769784172662
5892.0,2.287769784172662
5893.0,2.287769784172662
5894.0,2.287769784172662
5895.0,2.287769784172662
5896.0,2.287769784172662
5897.0,2.287769784172662
5898.0,2.287769784172662
5899.0,2.287769784172662
5900.0,2.287769784172662
5901.0,2.287769784172662
5902.0,2.244604316546763
5903.0,2.287769784172662
5904.0,2.287769784172662
5905.0,2.287769784172662
5906.0,2.287769784172662
5907.0,2.287769784172662
5908.0,2.287769784172662
5909.0,2.287769784172662
5910.0,2.287769784172662
5911.0,2.287769784172662
5912.0,2.287769784172662
5913.0,2.287769784172662
5914.0,2.287769784172662
5915.0,2.287769784172662
5916.0,2.287769784172662
5917.0,2.287769784172662
5918.0,2.287769784172662
5919.0,2.244604316546763
5920.0,2.287769784172662
5921.0,2.287769784172662
5922.0,2.287769784172662
5923.0,2.287769784172662
5924.0,2.287769784172662
5925.0,2.287769784172662
5926.0,2.287769784172662
5927.0,2.287769784172662
5928.0,2.287769784172662
5929.0,2.287769784172662
5930.0,2.287769784172662
5931.0,2.287769784172662
5932.0,2.287769784172662
5933.0,2.287769784172662
5934.0,2.287769784172662
5935.0,2.287769784172662
5936.0,2.287769784172662
5937.0,2.287769784172662
5938.0,2.287769784172662
5939.0,2.287769784172662
5940.0,2.287769784172662
5941.0,2.287769784172662
5942.0,2.287769784172662
5943.0,2.287769784172662
5944.0,2.287769784172662
5945.0,2.287769784172662
5946.0,2.287769784172662
5947.0,2.287769784172662
5948.0,2.287769784172662
5949.0,2.287769784172662
5950.0,2.244604316546763
5951.0,2.287769784172662
5952.0,2.287769784172662
5953.0,2.287769784172662
5954.0,2.287769784172662
5955.0,2.287769784172662
5956.0,2.287769784172662
5957.0,2.287769784172662
5958.0,2.287769784172662
5959.0,2.287769784172662
5960.0,2.287769784172662
5961.0,2.287769784172662
5962.0,2.287769784172662
5963.0,2.287769784172662
5964.0,2.287769784172662
5965.0,2.287769784172662
5966.0,2.287769784172662
5967.0,2.287769784172662
5968.0,2.244604316546763
5969.0,2.287769784172662
5970.0,2.287769784172662
5971.0,2.287769784172662
5972.0,2.287769784172662
5973.0,2.287769784172662
5974.0,2.287769784172662
5975.0,2.287769784172662
5976.0,2.287769784172662
5977.0,2.287769784172662
5978.0,2.287769784172662
5979.0,2.287769784172662
5980.0,2.287769784172662
5981.0,2.287769784172662
5982.0,2.287769784172662
5983.0,2.287769784172662
5984.0,2.287769784172662
5985.0,2.287769784172662
5986.0,2.287769784172662
5987.0,2.287769784172662
5988.0,2.287769784172662
5989.0,2.287769784172662
5990.0,2.287769784172662
5991.0,2.287769784172662
5992.0,2.287769784172662
5993.0,2.244604316546763
5994.0,2.287769784172662
5995.0,2.287769784172662
5996.0,2.287769784172662
5997.0,2.287769784172662
5998.0,2.287769784172662
5999.0,2.287769784172662
6000.0,2.287769784172662
6001.0,2.287769784172662
6002.0,2.287769784172662
6003.0,2.287769784172662
6004.0,2.287769784172662
6005.0,2.287769784172662
6006.0,2.287769784172662
6007.0,2.287769784172662
6008.0,2.244604316546763
6009.0,2.287769784172662
6010.0,2.287769784172662
6011.0,2.287769784172662
6012.0,2.244604316546763
6013.0,2.287769784172662
6014.0,2.287769784172662
6015.0,2.287769784172662
6016.0,2.287769784172662
6017.0,2.287769784172662
6018.0,2.287769784172662
6019.0,2.287769784172662
6020.0,2.287769784172662
6021.0,2.287769784172662
6022.0,2.287769784172662
6023.0,2.287769784172662
6024.0,2.287769784172662
6025.0,2.287769784172662
6026.0,2.287769784172662
6027.0,2.287769784172662
6028.0,2.287769784172662
6029.0,2.287769784172662
6030.0,2.287769784172662
6031.0,2.287769784172662
6032.0,2.244604316546763
6033.0,2.287769784172662
6034.0,2.287769784172662
6035.0,2.244604316546763
6036.0,2.244604316546763
6037.0,2.287769784172662
6038.0,2.287769784172662
6039.0,2.287769784172662
6040.0,2.287769784172662
6041.0,2.287769784172662
6042.0,2.287769784172662
6043.0,2.244604316546763
6044.0,2.287769784172662
6045.0,2.287769784172662
6046.0,2.287769784172662
6047.0,2.287769784172662
6048.0,2.287769784172662
6049.0,2.287769784172662
6050.0,2.287769784172662
6051.0,2.287769784172662
6052.0,2.287769784172662
6053.0,2.287769784172662
6054.0,2.287769784172662
6055.0,2.287769784172662
6056.0,2.287769784172662
6057.0,2.287769784172662
6058.0,2.287769784172662
6059.0,2.287769784172662
6060.0,2.244604316546763
6061.0,2.287769784172662
6062.0,2.287769784172662
6063.0,2.287769784172662
6064.0,2.287769784172662
6065.0,2.287769784172662
6066.0,2.287769784172662
6067.0,2.287769784172662
6068.0,2.287769784172662
6069.0,2.287769784172662
6070.0,2.287769784172662
6071.0,2.287769784172662
6072.0,2.287769784172662
6073.0,2.287769784172662
6074.0,2.244604316546763
6075.0,2.287769784172662
6076.0,2.287769784172662
6077.0,2.287769784172662
6078.0,2.287769784172662
6079.0,2.287769784172662
6080.0,2.287769784172662
6081.0,2.287769784172662
6082.0,2.244604316546763
6083.0,2.287769784172662
6084.0,2.287769784172662
6085.0,2.287769784172662
6086.0,2.287769784172662
6087.0,2.287769784172662
6088.0,2.287769784172662
6089.0,2.287769784172662
6090.0,2.244604316546763
6091.0,2.287769784172662
6092.0,2.287769784172662
6093.0,2.287769784172662
6094.0,2.287769784172662
6095.0,2.287769784172662
6096.0,2.287769784172662
6097.0,2.287769784172662
6098.0,2.287769784172662
6099.0,2.287769784172662
6100.0,2.287769784172662
6101.0,2.287769784172662
6102.0,2.287769784172662
6103.0,2.287769784172662
6104.0,2.287769784172662
6105.0,2.287769784172662
6106.0,2.287769784172662
6107.0,2.244604316546763
6108.0,2.287769784172662
6109.0,2.287769784172662
6110.0,2.287769784172662
6111.0,2.287769784172662
6112.0,2.287769784172662
6113.0,2.287769784172662
6114.0,2.287769784172662
6115.0,2.287769784172662
6116.0,2.287769784172662
6117.0,2.287769784172662
6118.0,2.287769784172662
6119.0,2.244604316546763
6120.0,2.287769784172662
6121.0,2.287769784172662
6122.0,2.287769784172662
6123.0,2.287769784172662
6124.0,2.287769784172662
6125.0,2.287769784172662
6126.0,2.287769784172662
6127.0,2.287769784172662
6128.0,2.287769784172662
6129.0,2.287769784172662
6130.0,2.244604316546763
6131.0,2.287769784172662
6132.0,2.287769784172662
6133.0,2.287769784172662
6134.0,2.287769784172662
6135.0,2.287769784172662
6136.0,2.287769784172662
6137.0,2.287769784172662
6138.0,2.287769784172662
6139.0,2.244604316546763
6140.0,2.287769784172662
6141.0,2.287769784172662
6142.0,2.287769784172662
6143.0,2.244604316546763
6144.0,2.244604316546763
6145.0,2.287769784172662
6146.0,2.287769784172662
6147.0,2.287769784172662
6148.0,2.287769784172662
6149.0,2.287769784172662
6150.0,2.287769784172662
6151.0,2.287769784172662
6152.0,2.287769784172662
6153.0,2.287769784172662
6154.0,2.287769784172662
6155.0,2.287769784172662
6156.0,2.287769784172662
6157.0,2.287769784172662
6158.0,2.287769784172662
6159.0,2.287769784172662
6160.0,2.287769784172662
6161.0,2.287769784172662
6162.0,2.287769784172662
6163.0,2.287769784172662
6164.0,2.244604316546763
6165.0,2.287769784172662
6166.0,2.287769784172662
6167.0,2.287769784172662
6168.0,2.244604316546763
6169.0,2.287769784172662
6170.0,2.244604316546763
6171.0,2.287769784172662
6172.0,2.287769784172662
6173.0,2.287769784172662
6174.0,2.244604316546763
6175.0,2.244604316546763
6176.0,2.287769784172662
6177.0,2.244604316546763
6178.0,2.287769784172662
6179.0,2.287769784172662
6180.0,2.244604316546763
6181.0,2.287769784172662
6182.0,2.287769784172662
6183.0,2.287769784172662
6184.0,2.287769784172662
6185.0,2.287769784172662
6186.0,2.287769784172662
6187.0,2.287769784172662
6188.0,2.287769784172662
6189.0,2.287769784172662
6190.0,2.287769784172662
6191.0,2.287769784172662
6192.0,2.287769784172662
6193.0,2.287769784172662
6194.0,2.244604316546763
6195.0,2.287769784172662
6196.0,2.287769784172662
6197.0,2.287769784172662
6198.0,2.287769784172662
6199.0,2.287769784172662
6200.0,2.287769784172662
6201.0,2.287769784172662
6202.0,2.287769784172662
6203.0,2.287769784172662
6204.0,2.287769784172662
6205.0,2.287769784172662
6206.0,2.287769784172662
6207.0,2.244604316546763
6208.0,2.287769784172662
6209.0,2.244604316546763
6210.0,2.287769784172662
6211.0,2.244604316546763
6212.0,2.287769784172662
6213.0,2.287769784172662
6214.0,2.287769784172662
6215.0,2.244604316546763
6216.0,2.287769784172662
6217.0,2.244604316546763
6218.0,2.287769784172662
6219.0,2.287769784172662
6220.0,2.287769784172662
6221.0,2.287769784172662
6222.0,2.287769784172662
6223.0,2.287769784172662
6224.0,2.287769784172662
6225.0,2.287769784172662
6226.0,2.287769784172662
6227.0,2.287769784172662
6228.0,2.287769784172662
6229.0,2.287769784172662
6230.0,2.244604316546763
6231.0,2.287769784172662
6232.0,2.287769784172662
6233.0,2.244604316546763
6234.0,2.287769784172662
6235.0,2.287769784172662
6236.0,2.244604316546763
6237.0,2.287769784172662
6238.0,2.244604316546763
6239.0,2.287769784172662
6240.0,2.287769784172662
6241.0,2.287769784172662
6242.0,2.287769784172662
6243.0,2.287769784172662
6244.0,2.287769784172662
6245.0,2.287769784172662
6246.0,2.244604316546763
6247.0,2.287769784172662
6248.0,2.287769784172662
6249.0,2.287769784172662
6250.0,2.287769784172662
6251.0,2.244604316546763
6252.0,2.287769784172662
6253.0,2.287769784172662
6254.0,2.287769784172662
6255.0,2.287769784172662
6256.0,2.287769784172662
6257.0,2.287769784172662
6258.0,2.287769784172662
6259.0,2.287769784172662
6260.0,2.244604316546763
6261.0,2.287769784172662
6262.0,2.287769784172662
6263.0,2.287769784172662
6264.0,2.287769784172662
6265.0,2.287769784172662
6266.0,2.287769784172662
6267.0,2.287769784172662
6268.0,2.287769784172662
6269.0,2.287769784172662
6270.0,2.244604316546763
6271.0,2.287769784172662
6272.0,2.287769784172662
6273.0,2.287769784172662
6274.0,2.244604316546763
6275.0,2.244604316546763
6276.0,2.287769784172662
6277.0,2.287769784172662
6278.0,2.287769784172662
6279.0,2.287769784172662
6280.0,2.287769784172662
6281.0,2.287769784172662
6282.0,2.244604316546763
6283.0,2.244604316546763
6284.0,2.244604316546763
6285.0,2.287769784172662
6286.0,2.287769784172662
6287.0,2.287769784172662
6288.0,2.287769784172662
6289.0,2.287769784172662
6290.0,2.287769784172662
6291.0,2.287769784172662
6292.0,2.287769784172662
6293.0,2.287769784172662
6294.0,2.287769784172662
6295.0,2.287769784172662
6296.0,2.287769784172662
6297.0,2.287769784172662
6298.0,2.287769784172662
6299.0,2.287769784172662
6300.0,2.287769784172662
6301.0,2.287769784172662
6302.0,2.287769784172662
6303.0,2.287769784172662
6304.0,2.287769784172662
6305.0,2.287769784172662
6306.0,2.244604316546763
6307.0,2.244604316546763
6308.0,2.287769784172662
6309.0,2.287769784172662
6310.0,2.244604316546763
6311.0,2.287769784172662
6312.0,2.244604316546763
6313.0,2.244604316546763
6314.0,2.287769784172662
6315.0,2.287769784172662
6316.0,2.287769784172662
6317.0,2.287769784172662
6318.0,2.287769784172662
6319.0,2.287769784172662
6320.0,2.244604316546763
6321.0,2.287769784172662
6322.0,2.287769784172662
6323.0,2.287769784172662
6324.0,2.287769784172662
6325.0,2.287769784172662
6326.0,2.287769784172662
6327.0,2.287769784172662
6328.0,2.287769784172662
6329.0,2.287769784172662
6330.0,2.287769784172662
6331.0,2.287769784172662
6332.0,2.287769784172662
6333.0,2.287769784172662
6334.0,2.287769784172662
6335.0,2.287769784172662
6336.0,2.287769784172662
6337.0,2.287769784172662
6338.0,2.287769784172662
6339.0,2.287769784172662
6340.0,2.287769784172662
6341.0,2.287769784172662
6342.0,2.287769784172662
6343.0,2.287769784172662
6344.0,2.244604316546763
6345.0,2.287769784172662
6346.0,2.287769784172662
6347.0,2.287769784172662
6348.0,2.244604316546763
6349.0,2.287769784172662
6350.0,2.287769784172662
6351.0,2.287769784172662
6352.0,2.244604316546763
6353.0,2.244604316546763
6354.0,2.287769784172662
6355.0,2.287769784172662
6356.0,2.287769784172662
6357.0,2.244604316546763
6358.0,2.287769784172662
6359.0,2.244604316546763
6360.0,2.244604316546763
6361.0,2.287769784172662
6362.0,2.244604316546763
6363.0,2.244604316546763
6364.0,2.244604316546763
6365.0,2.287769784172662
6366.0,2.287769784172662
6367.0,2.287769784172662
6368.0,2.287769784172662
6369.0,2.287769784172662
6370.0,2.287769784172662
6371.0,2.287769784172662
6372.0,2.287769784172662
6373.0,2.287769784172662
6374.0,2.287769784172662
6375.0,2.287769784172662
6376.0,2.244604316546763
6377.0,2.287769784172662
6378.0,2.287769784172662
6379.0,2.287769784172662
6380.0,2.287769784172662
6381.0,2.287769784172662
6382.0,2.287769784172662
6383.0,2.287769784172662
6384.0,2.244604316546763
6385.0,2.287769784172662
6386.0,2.287769784172662
6387.0,2.287769784172662
6388.0,2.244604316546763
6389.0,2.244604316546763
6390.0,2.287769784172662
6391.0,2.244604316546763
6392.0,2.287769784172662
6393.0,2.287769784172662
6394.0,2.244604316546763
6395.0,2.244604316546763
6396.0,2.287769784172662
6397.0,2.244604316546763
6398.0,2.287769784172662
6399.0,2.287769784172662
6400.0,2.244604316546763
6401.0,2.287769784172662
6402.0,2.287769784172662
6403.0,2.287769784172662
6404.0,2.287769784172662
6405.0,2.244604316546763
6406.0,2.244604316546763
6407.0,2.287769784172662
6408.0,2.244604316546763
6409.0,2.287769784172662
6410.0,2.287769784172662
6411.0,2.287769784172662
6412.0,2.287769784172662
6413.0,2.287769784172662
6414.0,2.287769784172662
6415.0,2.287769784172662
6416.0,2.287769784172662
6417.0,2.287769784172662
6418.0,2.287769784172662
6419.0,2.244604316546763
6420.0,2.287769784172662
6421.0,2.287769784172662
6422.0,2.287769784172662
6423.0,2.287769784172662
6424.0,2.287769784172662
6425.0,2.287769784172662
6426.0,2.287769784172662
6427.0,2.287769784172662
6428.0,2.287769784172662
6429.0,2.287769784172662
6430.0,2.287769784172662
6431.0,2.287769784172662
6432.0,2.287769784172662
6433.0,2.287769784172662
6434.0,2.244604316546763
6435.0,2.244604316546763
6436.0,2.244604316546763
6437.0,2.287769784172662
6438.0,2.287769784172662
6439.0,2.244604316546763
6440.0,2.244604316546763
6441.0,2.287769784172662
6442.0,2.287769784172662
6443.0,2.287769784172662
6444.0,2.287769784172662
6445.0,2.287769784172662
6446.0,2.287769784172662
6447.0,2.287769784172662
6448.0,2.287769784172662
6449.0,2.287769784172662
6450.0,2.287769784172662
6451.0,2.287769784172662
6452.0,2.287769784172662
6453.0,2.244604316546763
6454.0,2.287769784172662
6455.0,2.287769784172662
6456.0,2.287769784172662
6457.0,2.287769784172662
6458.0,2.244604316546763
6459.0,2.287769784172662
6460.0,2.244604316546763
6461.0,2.287769784172662
6462.0,2.287769784172662
6463.0,2.287769784172662
6464.0,2.287769784172662
6465.0,2.287769784172662
6466.0,2.287769784172662
6467.0,2.287769784172662
6468.0,2.244604316546763
6469.0,2.287769784172662
6470.0,2.287769784172662
6471.0,2.287769784172662
6472.0,2.287769784172662
6473.0,2.287769784172662
6474.0,2.244604316546763
6475.0,2.244604316546763
6476.0,2.287769784172662
6477.0,2.287769784172662
6478.0,2.287769784172662
6479.0,2.287769784172662
6480.0,2.287769784172662
6481.0,2.244604316546763
6482.0,2.287769784172662
6483.0,2.287769784172662
6484.0,2.287769784172662
6485.0,2.244604316546763
6486.0,2.244604316546763
6487.0,2.287769784172662
6488.0,2.287769784172662
6489.0,2.287769784172662
6490.0,2.287769784172662
6491.0,2.287769784172662
6492.0,2.287769784172662
6493.0,2.287769784172662
6494.0,2.244604316546763
6495.0,2.287769784172662
6496.0,2.287769784172662
6497.0,2.287769784172662
6498.0,2.287769784172662
6499.0,2.287769784172662
6500.0,2.287769784172662
6501.0,2.244604316546763
6502.0,2.287769784172662
6503.0,2.287769784172662
6504.0,2.287769784172662
6505.0,2.287769784172662
6506.0,2.287769784172662
6507.0,2.287769784172662
6508.0,2.287769784172662
6509.0,2.287769784172662
6510.0,2.244604316546763
6511.0,2.287769784172662
6512.0,2.287769784172662
6513.0,2.287769784172662
6514.0,2.287769784172662
6515.0,2.287769784172662
6516.0,2.287769784172662
6517.0,2.287769784172662
6518.0,2.287769784172662
6519.0,2.244604316546763
6520.0,2.287769784172662
6521.0,2.287769784172662
6522.0,2.287769784172662
6523.0,2.287769784172662
6524.0,2.244604316546763
6525.0,2.287769784172662
6526.0,2.287769784172662
6527.0,2.287769784172662
6528.0,2.244604316546763
6529.0,2.287769784172662
6530.0,2.244604316546763
6531.0,2.287769784172662
6532.0,2.244604316546763
6533.0,2.287769784172662
6534.0,2.287769784172662
6535.0,2.287769784172662
6536.0,2.244604316546763
6537.0,2.287769784172662
6538.0,2.244604316546763
6539.0,2.244604316546763
6540.0,2.287769784172662
6541.0,2.244604316546763
6542.0,2.287769784172662
6543.0,2.287769784172662
6544.0,2.244604316546763
6545.0,2.287769784172662
6546.0,2.287769784172662
6547.0,2.244604316546763
6548.0,2.287769784172662
6549.0,2.244604316546763
6550.0,2.287769784172662
6551.0,2.287769784172662
6552.0,2.287769784172662
6553.0,2.287769784172662
6554.0,2.287769784172662
6555.0,2.287769784172662
6556.0,2.244604316546763
6557.0,2.287769784172662
6558.0,2.287769784172662
6559.0,2.287769784172662
6560.0,2.287769784172662
6561.0,2.287769784172662
6562.0,2.287769784172662
6563.0,2.287769784172662
6564.0,2.287769784172662
6565.0,2.287769784172662
6566.0,2.287769784172662
6567.0,2.287769784172662
6568.0,2.244604316546763
6569.0,2.244604316546763
6570.0,2.287769784172662
6571.0,2.287769784172662
6572.0,2.244604316546763
6573.0,2.287769784172662
6574.0,2.244604316546763
6575.0,2.287769784172662
6576.0,2.287769784172662
6577.0,2.287769784172662
6578.0,2.244604316546763
6579.0,2.287769784172662
6580.0,2.244604316546763
6581.0,2.244604316546763
6582.0,2.244604316546763
6583.0,2.287769784172662
6584.0,2.244604316546763
6585.0,2.244604316546763
6586.0,2.244604316546763
6587.0,2.244604316546763
6588.0,2.244604316546763
6589.0,2.287769784172662
6590.0,2.287769784172662
6591.0,2.287769784172662
6592.0,2.287769784172662
6593.0,2.287769784172662
6594.0,2.287769784172662
6595.0,2.287769784172662
6596.0,2.287769784172662
6597.0,2.287769784172662
6598.0,2.287769784172662
6599.0,2.287769784172662
6600.0,2.287769784172662
6601.0,2.287769784172662
6602.0,2.244604316546763
6603.0,2.287769784172662
6604.0,2.244604316546763
6605.0,2.287769784172662
6606.0,2.287769784172662
6607.0,2.287769784172662
6608.0,2.244604316546763
6609.0,2.287769784172662
6610.0,2.287769784172662
6611.0,2.244604316546763
6612.0,2.287769784172662
6613.0,2.287769784172662
6614.0,2.287769784172662
6615.0,2.287769784172662
6616.0,2.287769784172662
6617.0,2.287769784172662
6618.0,2.244604316546763
6619.0,2.287769784172662
6620.0,2.244604316546763
6621.0,2.244604316546763
6622.0,2.287769784172662
6623.0,2.287769784172662
6624.0,2.244604316546763
6625.0,2.287769784172662
6626.0,2.244604316546763
6627.0,2.287769784172662
6628.0,2.244604316546763
6629.0,2.287769784172662
6630.0,2.244604316546763
6631.0,2.287769784172662
6632.0,2.287769784172662
6633.0,2.287769784172662
6634.0,2.287769784172662
6635.0,2.287769784172662
6636.0,2.244604316546763
6637.0,2.287769784172662
6638.0,2.287769784172662
6639.0,2.287769784172662
6640.0,2.287769784172662
6641.0,2.287769784172662
6642.0,2.244604316546763
6643.0,2.287769784172662
6644.0,2.244604316546763
6645.0,2.287769784172662
6646.0,2.244604316546763
6647.0,2.287769784172662
6648.0,2.287769784172662
6649.0,2.244604316546763
6650.0,2.244604316546763
6651.0,2.287769784172662
6652.0,2.287769784172662
6653.0,2.244604316546763
6654.0,2.244604316546763
6655.0,2.244604316546763
6656.0,2.287769784172662
6657.0,2.244604316546763
6658.0,2.287769784172662
6659.0,2.244604316546763
6660.0,2.244604316546763
6661.0,2.287769784172662
6662.0,2.287769784172662
6663.0,2.287769784172662
6664.0,2.244604316546763
6665.0,2.287769784172662
6666.0,2.287769784172662
6667.0,2.287769784172662
6668.0,2.287769784172662
6669.0,2.244604316546763
6670.0,2.244604316546763
6671.0,2.287769784172662
6672.0,2.244604316546763
6673.0,2.287769784172662
6674.0,2.244604316546763
6675.0,2.287769784172662
6676.0,2.287769784172662
6677.0,2.244604316546763
6678.0,2.244604316546763
6679.0,2.287769784172662
6680.0,2.244604316546763
6681.0,2.287769784172662
6682.0,2.287769784172662
6683.0,2.287769784172662
6684.0,2.244604316546763
6685.0,2.287769784172662
6686.0,2.244604316546763
6687.0,2.287769784172662
6688.0,2.287769784172662
6689.0,2.287769784172662
6690.0,2.287769784172662
6691.0,2.287769784172662
6692.0,2.287769784172662
6693.0,2.287769784172662
6694.0,2.244604316546763
6695.0,2.287769784172662
6696.0,2.287769784172662
6697.0,2.287769784172662
6698.0,2.244604316546763
6699.0,2.244604316546763
6700.0,2.287769784172662
6701.0,2.287769784172662
6702.0,2.244604316546763
6703.0,2.287769784172662
6704.0,2.287769784172662
6705.0,2.244604316546763
6706.0,2.287769784172662
6707.0,2.287769784172662
6708.0,2.287769784172662
6709.0,2.287769784172662
6710.0,2.287769784172662
6711.0,2.287769784172662
6712.0,2.244604316546763
6713.0,2.244604316546763
6714.0,2.244604316546763
6715.0,2.244604316546763
6716.0,2.244604316546763
6717.0,2.244604316546763
6718.0,2.287769784172662
6719.0,2.244604316546763
6720.0,2.244604316546763
6721.0,2.287769784172662
6722.0,2.287769784172662
6723.0,2.287769784172662
6724.0,2.244604316546763
6725.0,2.287769784172662
6726.0,2.244604316546763
6727.0,2.287769784172662
6728.0,2.244604316546763
6729.0,2.287769784172662
6730.0,2.287769784172662
6731.0,2.287769784172662
6732.0,2.287769784172662
6733.0,2.287769784172662
6734.0,2.244604316546763
6735.0,2.287769784172662
6736.0,2.244604316546763
6737.0,2.287769784172662
6738.0,2.287769784172662
6739.0,2.287769784172662
6740.0,2.287769784172662
6741.0,2.287769784172662
6742.0,2.287769784172662
6743.0,2.287769784172662
6744.0,2.244604316546763
6745.0,2.287769784172662
6746.0,2.244604316546763
6747.0,2.287769784172662
6748.0,2.244604316546763
6749.0,2.244604316546763
6750.0,2.244604316546763
6751.0,2.244604316546763
6752.0,2.287769784172662
6753.0,2.287769784172662
6754.0,2.244604316546763
6755.0,2.244604316546763
6756.0,2.244604316546763
6757.0,2.244604316546763
6758.0,2.244604316546763
6759.0,2.244604316546763
6760.0,2.244604316546763
6761.0,2.244604316546763
6762.0,2.244604316546763
6763.0,2.244604316546763
6764.0,2.244604316546763
6765.0,2.287769784172662
6766.0,2.244604316546763
6767.0,2.244604316546763
6768.0,2.244604316546763
6769.0,2.287769784172662
6770.0,2.244604316546763
6771.0,2.287769784172662
6772.0,2.244604316546763
6773.0,2.287769784172662
6774.0,2.244604316546763
6775.0,2.287769784172662
6776.0,2.244604316546763
6777.0,2.287769784172662
6778.0,2.244604316546763
6779.0,2.287769784172662
6780.0,2.287769784172662
6781.0,2.287769784172662
6782.0,2.287769784172662
6783.0,2.287769784172662
6784.0,2.244604316546763
6785.0,2.287769784172662
6786.0,2.244604316546763
6787.0,2.244604316546763
6788.0,2.244604316546763
6789.0,2.287769784172662
6790.0,2.244604316546763
6791.0,2.287769784172662
6792.0,2.244604316546763
6793.0,2.287769784172662
6794.0,2.287769784172662
6795.0,2.244604316546763
6796.0,2.244604316546763
6797.0,2.287769784172662
6798.0,2.244604316546763
6799.0,2.244604316546763
6800.0,2.244604316546763
6801.0,2.287769784172662
6802.0,2.244604316546763
6803.0,2.244604316546763
6804.0,2.244604316546763
6805.0,2.244604316546763
6806.0,2.244604316546763
6807.0,2.244604316546763
6808.0,2.287769784172662
6809.0,2.244604316546763
6810.0,2.244604316546763
6811.0,2.244604316546763
6812.0,2.287769784172662
6813.0,2.287769784172662
6814.0,2.287769784172662
6815.0,2.287769784172662
6816.0,2.244604316546763
6817.0,2.287769784172662
6818.0,2.244604316546763
6819.0,2.287769784172662
6820.0,2.244604316546763
6821.0,2.287769784172662
6822.0,2.287769784172662
6823.0,2.287769784172662
6824.0,2.244604316546763
6825.0,2.287769784172662
6826.0,2.244604316546763
6827.0,2.287769784172662
6828.0,2.287769784172662
6829.0,2.287769784172662
6830.0,2.244604316546763
6831.0,2.287769784172662
6832.0,2.244604316546763
6833.0,2.287769784172662
6834.0,2.244604316546763
6835.0,2.244604316546763
6836.0,2.244604316546763
6837.0,2.244604316546763
6838.0,2.244604316546763
6839.0,2.287769784172662
6840.0,2.244604316546763
6841.0,2.287769784172662
6842.0,2.287769784172662
6843.0,2.244604316546763
6844.0,2.244604316546763
6845.0,2.287769784172662
6846.0,2.244604316546763
6847.0,2.287769784172662
6848.0,2.287769784172662
6849.0,2.244604316546763
6850.0,2.244604316546763
6851.0,2.287769784172662
6852.0,2.244604316546763
6853.0,2.287769784172662
6854.0,2.244604316546763
6855.0,2.287769784172662
6856.0,2.244604316546763
6857.0,2.244604316546763
6858.0,2.244604316546763
6859.0,2.287769784172662
6860.0,2.287769784172662
6861.0,2.287769784172662
6862.0,2.287769784172662
6863.0,2.287769784172662
6864.0,2.244604316546763
6865.0,2.287769784172662
6866.0,2.287769784172662
6867.0,2.287769784172662
6868.0,2.287769784172662
6869.0,2.287769784172662
6870.0,2.244604316546763
6871.0,2.287769784172662
6872.0,2.244604316546763
6873.0,2.287769784172662
6874.0,2.244604316546763
6875.0,2.287769784172662
6876.0,2.244604316546763
6877.0,2.244604316546763
6878.0,2.244604316546763
6879.0,2.244604316546763
6880.0,2.244604316546763
6881.0,2.287769784172662
6882.0,2.244604316546763
6883.0,2.287769784172662
6884.0,2.244604316546763
6885.0,2.244604316546763
6886.0,2.244604316546763
6887.0,2.287769784172662
6888.0,2.244604316546763
6889.0,2.287769784172662
6890.0,2.244604316546763
6891.0,2.287769784172662
6892.0,2.244604316546763
6893.0,2.287769784172662
6894.0,2.244604316546763
6895.0,2.244604316546763
6896.0,2.244604316546763
6897.0,2.244604316546763
6898.0,2.244604316546763
6899.0,2.244604316546763
6900.0,2.244604316546763
6901.0,2.244604316546763
6902.0,2.244604316546763
6903.0,2.244604316546763
6904.0,2.244604316546763
6905.0,2.287769784172662
6906.0,2.244604316546763
6907.0,2.244604316546763
6908.0,2.287769784172662
6909.0,2.244604316546763
6910.0,2.244604316546763
6911.0,2.244604316546763
6912.0,2.287769784172662
6913.0,2.287769784172662
6914.0,2.244604316546763
6915.0,2.244604316546763
6916.0,2.244604316546763
6917.0,2.287769784172662
6918.0,2.287769784172662
6919.0,2.287769784172662
6920.0,2.287769784172662
6921.0,2.287769784172662
6922.0,2.244604316546763
6923.0,2.287769784172662
6924.0,2.244604316546763
6925.0,2.287769784172662
6926.0,2.244604316546763
6927.0,2.244604316546763
6928.0,2.287769784172662
6929.0,2.287769784172662
6930.0,2.244604316546763
6931.0,2.287769784172662
6932.0,2.244604316546763
6933.0,2.287769784172662
6934.0,2.244604316546763
6935.0,2.244604316546763
6936.0,2.244604316546763
6937.0,2.244604316546763
6938.0,2.244604316546763
6939.0,2.244604316546763
6940.0,2.244604316546763
6941.0,2.287769784172662
6942.0,2.244604316546763
6943.0,2.287769784172662
6944.0,2.244604316546763
6945.0,2.287769784172662
6946.0,2.287769784172662
6947.0,2.244604316546763
6948.0,2.244604316546763
6949.0,2.244604316546763
6950.0,2.244604316546763
6951.0,2.244604316546763
6952.0,2.244604316546763
6953.0,2.287769784172662
6954.0,2.244604316546763
6955.0,2.244604316546763
6956.0,2.244604316546763
6957.0,2.287769784172662
6958.0,2.287769784172662
6959.0,2.287769784172662
6960.0,2.244604316546763
6961.0,2.244604316546763
6962.0,2.244604316546763
6963.0,2.244604316546763
6964.0,2.244604316546763
6965.0,2.287769784172662
6966.0,2.287769784172662
6967.0,2.287769784172662
6968.0,2.244604316546763
6969.0,2.287769784172662
6970.0,2.244604316546763
6971.0,2.287769784172662
6972.0,2.244604316546763
6973.0,2.287769784172662
6974.0,2.244604316546763
6975.0,2.287769784172662
6976.0,2.244604316546763
6977.0,2.244604316546763
6978.0,2.244604316546763
6979.0,2.287769784172662
6980.0,2.244604316546763
6981.0,2.244604316546763
6982.0,2.244604316546763
6983.0,2.244604316546763
6984.0,2.244604316546763
6985.0,2.244604316546763
6986.0,2.244604316546763
6987.0,2.287769784172662
6988.0,2.244604316546763
6989.0,2.287769784172662
6990.0,2.244604316546763
6991.0,2.244604316546763
6992.0,2.244604316546763
6993.0,2.287769784172662
6994.0,2.244604316546763
6995.0,2.287769784172662
6996.0,2.287769784172662
6997.0,2.287769784172662
6998.0,2.244604316546763
6999.0,2.287769784172662
7000.0,2.287769784172662
7001.0,2.287769784172662
7002.0,2.287769784172662
7003.0,2.287769784172662
7004.0,2.287769784172662
7005.0,2.287769784172662
7006.0,2.287769784172662
7007.0,2.287769784172662
7008.0,2.244604316546763
7009.0,2.287769784172662
7010.0,2.244604316546763
7011.0,2.287769784172662
7012.0,2.244604316546763
7013.0,2.244604316546763
7014.0,2.244604316546763
7015.0,2.244604316546763
7016.0,2.244604316546763
7017.0,2.244604316546763
7018.0,2.244604316546763
7019.0,2.244604316546763
7020.0,2.244604316546763
7021.0,2.244604316546763
7022.0,2.244604316546763
7023.0,2.244604316546763
7024.0,2.244604316546763
7025.0,2.244604316546763
7026.0,2.244604316546763
7027.0,2.244604316546763
7028.0,2.244604316546763
7029.0,2.244604316546763
7030.0,2.244604316546763
7031.0,2.244604316546763
7032.0,2.244604316546763
7033.0,2.287769784172662
7034.0,2.287769784172662
7035.0,2.287769784172662
7036.0,2.244604316546763
7037.0,2.287769784172662
7038.0,2.244604316546763
7039.0,2.287769784172662
7040.0,2.287769784172662
7041.0,2.244604316546763
7042.0,2.244604316546763
7043.0,2.287769784172662
7044.0,2.287769784172662
7045.0,2.287769784172662
7046.0,2.287769784172662
7047.0,2.287769784172662
7048.0,2.244604316546763
7049.0,2.244604316546763
7050.0,2.287769784172662
7051.0,2.244604316546763
7052.0,2.244604316546763
7053.0,2.244604316546763
7054.0,2.244604316546763
7055.0,2.244604316546763
7056.0,2.244604316546763
7057.0,2.244604316546763
7058.0,2.244604316546763
7059.0,2.244604316546763
7060.0,2.244604316546763
7061.0,2.244604316546763
7062.0,2.244604316546763
7063.0,2.244604316546763
7064.0,2.244604316546763
7065.0,2.287769784172662
7066.0,2.244604316546763
7067.0,2.287769784172662
7068.0,2.244604316546763
7069.0,2.287769784172662
7070.0,2.287769784172662
7071.0,2.287769784172662
7072.0,2.244604316546763
7073.0,2.244604316546763
7074.0,2.244604316546763
7075.0,2.287769784172662
7076.0,2.244604316546763
7077.0,2.287769784172662
7078.0,2.244604316546763
7079.0,2.287769784172662
7080.0,2.244604316546763
7081.0,2.287769784172662
7082.0,2.244604316546763
7083.0,2.287769784172662
7084.0,2.244604316546763
7085.0,2.244604316546763
7086.0,2.244604316546763
7087.0,2.244604316546763
7088.0,2.244604316546763
7089.0,2.287769784172662
7090.0,2.287769784172662
7091.0,2.244604316546763
7092.0,2.244604316546763
7093.0,2.244604316546763
7094.0,2.244604316546763
7095.0,2.244604316546763
7096.0,2.244604316546763
7097.0,2.244604316546763
7098.0,2.244604316546763
7099.0,2.287769784172662
7100.0,2.244604316546763
7101.0,2.287769784172662
7102.0,2.244604316546763
7103.0,2.244604316546763
7104.0,2.244604316546763
7105.0,2.287769784172662
7106.0,2.287769784172662
7107.0,2.287769784172662
7108.0,2.287769784172662
7109.0,2.287769784172662
7110.0,2.244604316546763
7111.0,2.287769784172662
7112.0,2.287769784172662
7113.0,2.244604316546763
7114.0,2.244604316546763
7115.0,2.287769784172662
7116.0,2.244604316546763
7117.0,2.287769784172662
7118.0,2.244604316546763
7119.0,2.287769784172662
7120.0,2.244604316546763
7121.0,2.287769784172662
7122.0,2.244604316546763
7123.0,2.244604316546763
7124.0,2.244604316546763
7125.0,2.287769784172662
7126.0,2.244604316546763
7127.0,2.244604316546763
7128.0,2.244604316546763
7129.0,2.244604316546763
7130.0,2.244604316546763
7131.0,2.244604316546763
7132.0,2.244604316546763
7133.0,2.287769784172662
7134.0,2.244604316546763
7135.0,2.244604316546763
7136.0,2.244604316546763
7137.0,2.287769784172662
7138.0,2.244604316546763
7139.0,2.287769784172662
7140.0,2.287769784172662
7141.0,2.244604316546763
7142.0,2.244604316546763
7143.0,2.244604316546763
7144.0,2.244604316546763
7145.0,2.287769784172662
7146.0,2.244604316546763
7147.0,2.287769784172662
7148.0,2.244604316546763
7149.0,2.287769784172662
7150.0,2.244604316546763
7151.0,2.244604316546763
7152.0,2.287769784172662
7153.0,2.287769784172662
7154.0,2.244604316546763
7155.0,2.244604316546763
7156.0,2.244604316546763
7157.0,2.244604316546763
7158.0,2.244604316546763
7159.0,2.287769784172662
7160.0,2.244604316546763
7161.0,2.244604316546763
7162.0,2.244604316546763
7163.0,2.287769784172662
7164.0,2.244604316546763
7165.0,2.287769784172662
7166.0,2.244604316546763
7167.0,2.244604316546763
7168.0,2.244604316546763
7169.0,2.244604316546763
7170.0,2.244604316546763
7171.0,2.287769784172662
7172.0,2.244604316546763
7173.0,2.287769784172662
7174.0,2.244604316546763
7175.0,2.244604316546763
7176.0,2.287769784172662
7177.0,2.244604316546763
7178.0,2.244604316546763
7179.0,2.244604316546763
7180.0,2.244604316546763
7181.0,2.244604316546763
7182.0,2.287769784172662
7183.0,2.287769784172662
7184.0,2.244604316546763
7185.0,2.287769784172662
7186.0,2.244604316546763
7187.0,2.287769784172662
7188.0,2.244604316546763
7189.0,2.244604316546763
7190.0,2.244604316546763
7191.0,2.244604316546763
7192.0,2.244604316546763
7193.0,2.287769784172662
7194.0,2.244604316546763
7195.0,2.244604316546763
7196.0,2.244604316546763
7197.0,2.244604316546763
7198.0,2.244604316546763
7199.0,2.244604316546763
7200.0,2.244604316546763
7201.0,2.244604316546763
7202.0,2.244604316546763
7203.0,2.244604316546763
7204.0,2.244604316546763
7205.0,2.244604316546763
7206.0,2.244604316546763
7207.0,2.287769784172662
7208.0,2.287769784172662
7209.0,2.244604316546763
7210.0,2.244604316546763
7211.0,2.244604316546763
7212.0,2.244604316546763
7213.0,2.244604316546763
7214.0,2.244604316546763
7215.0,2.244604316546763
7216.0,2.287769784172662
7217.0,2.244604316546763
7218.0,2.244604316546763
7219.0,2.287769784172662
7220.0,2.287769784172662
7221.0,2.244604316546763
7222.0,2.244604316546763
7223.0,2.287769784172662
7224.0,2.244604316546763
7225.0,2.287769784172662
7226.0,2.244604316546763
7227.0,2.244604316546763
7228.0,2.244604316546763
7229.0,2.287769784172662
7230.0,2.244604316546763
7231.0,2.287769784172662
7232.0,2.244604316546763
7233.0,2.287769784172662
7234.0,2.244604316546763
7235.0,2.244604316546763
7236.0,2.244604316546763
7237.0,2.244604316546763
7238.0,2.244604316546763
7239.0,2.287769784172662
7240.0,2.244604316546763
7241.0,2.287769784172662
7242.0,2.244604316546763
7243.0,2.244604316546763
7244.0,2.244604316546763
7245.0,2.244604316546763
7246.0,2.244604316546763
7247.0,2.244604316546763
7248.0,2.244604316546763
7249.0,2.244604316546763
7250.0,2.244604316546763
7251.0,2.244604316546763
7252.0,2.244604316546763
7253.0,2.244604316546763
7254.0,2.244604316546763
7255.0,2.287769784172662
7256.0,2.287769784172662
7257.0,2.287769784172662
7258.0,2.287769784172662
7259.0,2.244604316546763
7260.0,2.244604316546763
7261.0,2.244604316546763
7262.0,2.244604316546763
7263.0,2.244604316546763
7264.0,2.244604316546763
7265.0,2.244604316546763
7266.0,2.244604316546763
7267.0,2.287769784172662
7268.0,2.287769784172662
7269.0,2.244604316546763
7270.0,2.244604316546763
7271.0,2.287769784172662
7272.0,2.244604316546763
7273.0,2.244604316546763
7274.0,2.244604316546763
7275.0,2.244604316546763
7276.0,2.244604316546763
7277.0,2.244604316546763
7278.0,2.244604316546763
7279.0,2.244604316546763
7280.0,2.244604316546763
7281.0,2.244604316546763
7282.0,2.244604316546763
7283.0,2.244604316546763
7284.0,2.244604316546763
7285.0,2.244604316546763
7286.0,2.244604316546763
7287.0,2.287769784172662
7288.0,2.244604316546763
7289.0,2.244604316546763
7290.0,2.244604316546763
7291.0,2.244604316546763
7292.0,2.287769784172662
7293.0,2.244604316546763
7294.0,2.244604316546763
7295.0,2.244604316546763
7296.0,2.244604316546763
7297.0,2.244604316546763
7298.0,2.244604316546763
7299.0,2.287769784172662
7300.0,2.287769784172662
7301.0,2.287769784172662
7302.0,2.244604316546763
7303.0,2.244604316546763
7304.0,2.244604316546763
7305.0,2.244604316546763
7306.0,2.244604316546763
7307.0,2.287769784172662
7308.0,2.244604316546763
7309.0,2.287769784172662
7310.0,2.244604316546763
7311.0,2.244604316546763
7312.0,2.244604316546763
7313.0,2.287769784172662
7314.0,2.244604316546763
7315.0,2.244604316546763
7316.0,2.244604316546763
7317.0,2.244604316546763
7318.0,2.244604316546763
7319.0,2.244604316546763
7320.0,2.244604316546763
7321.0,2.244604316546763
7322.0,2.244604316546763
7323.0,2.244604316546763
7324.0,2.244604316546763
7325.0,2.244604316546763
7326.0,2.244604316546763
7327.0,2.244604316546763
7328.0,2.244604316546763
7329.0,2.287769784172662
7330.0,2.244604316546763
7331.0,2.287769784172662
7332.0,2.287769784172662
7333.0,2.244604316546763
7334.0,2.244604316546763
7335.0,2.244604316546763
7336.0,2.244604316546763
7337.0,2.244604316546763
7338.0,2.244604316546763
7339.0,2.287769784172662
7340.0,2.244604316546763
7341.0,2.287769784172662
7342.0,2.244604316546763
7343.0,2.244604316546763
7344.0,2.287769784172662
7345.0,2.244604316546763
7346.0,2.244604316546763
7347.0,2.244604316546763
7348.0,2.244604316546763
7349.0,2.244604316546763
7350.0,2.244604316546763
7351.0,2.244604316546763
7352.0,2.244604316546763
7353.0,2.244604316546763
7354.0,2.244604316546763
7355.0,2.287769784172662
7356.0,2.244604316546763
7357.0,2.244604316546763
7358.0,2.244604316546763
7359.0,2.244604316546763
7360.0,2.244604316546763
7361.0,2.244604316546763
7362.0,2.244604316546763
7363.0,2.287769784172662
7364.0,2.244604316546763
7365.0,2.244604316546763
7366.0,2.244604316546763
7367.0,2.287769784172662
7368.0,2.244604316546763
7369.0,2.244604316546763
7370.0,2.244604316546763
7371.0,2.287769784172662
7372.0,2.244604316546763
7373.0,2.244604316546763
7374.0,2.244604316546763
7375.0,2.244604316546763
7376.0,2.244604316546763
7377.0,2.244604316546763
7378.0,2.244604316546763
7379.0,2.244604316546763
7380.0,2.244604316546763
7381.0,2.244604316546763
7382.0,2.244604316546763
7383.0,2.244604316546763
7384.0,2.244604316546763
7385.0,2.244604316546763
7386.0,2.244604316546763
7387.0,2.244604316546763
7388.0,2.244604316546763
7389.0,2.244604316546763
7390.0,2.244604316546763
7391.0,2.244604316546763
7392.0,2.244604316546763
7393.0,2.244604316546763
7394.0,2.287769784172662
7395.0,2.244604316546763
7396.0,2.244604316546763
7397.0,2.244604316546763
7398.0,2.244604316546763
7399.0,2.244604316546763
7400.0,2.244604316546763
7401.0,2.244604316546763
7402.0,2.244604316546763
7403.0,2.287769784172662
7404.0,2.244604316546763
7405.0,2.287769784172662
7406.0,2.287769784172662
7407.0,2.287769784172662
7408.0,2.244604316546763
7409.0,2.287769784172662
7410.0,2.287769784172662
7411.0,2.2014388489208634
7412.0,2.287769784172662
7413.0,2.287769784172662
7414.0,2.2014388489208634
7415.0,2.287769784172662
7416.0,2.244604316546763
7417.0,2.244604316546763
7418.0,2.244604316546763
7419.0,2.244604316546763
7420.0,2.244604316546763
7421.0,2.287769784172662
7422.0,2.244604316546763
7423.0,2.244604316546763
7424.0,2.244604316546763
7425.0,2.244604316546763
7426.0,2.244604316546763
7427.0,2.244604316546763
7428.0,2.244604316546763
7429.0,2.244604316546763
7430.0,2.244604316546763
7431.0,2.287769784172662
7432.0,2.244604316546763
7433.0,2.287769784172662
7434.0,2.244604316546763
7435.0,2.244604316546763
7436.0,2.244604316546763
7437.0,2.244604316546763
7438.0,2.244604316546763
7439.0,2.287769784172662
7440.0,2.244604316546763
7441.0,2.244604316546763
7442.0,2.244604316546763
7443.0,2.287769784172662
7444.0,2.287769784172662
7445.0,2.244604316546763
7446.0,2.2014388489208634
7447.0,2.244604316546763
7448.0,2.244604316546763
7449.0,2.287769784172662
7450.0,2.244604316546763
7451.0,2.244604316546763
7452.0,2.244604316546763
7453.0,2.244604316546763
7454.0,2.244604316546763
7455.0,2.244604316546763
7456.0,2.244604316546763
7457.0,2.244604316546763
7458.0,2.244604316546763
7459.0,2.287769784172662
7460.0,2.244604316546763
7461.0,2.244604316546763
7462.0,2.244604316546763
7463.0,2.244604316546763
7464.0,2.244604316546763
7465.0,2.244604316546763
7466.0,2.244604316546763
7467.0,2.244604316546763
7468.0,2.244604316546763
7469.0,2.287769784172662
7470.0,2.244604316546763
7471.0,2.287769784172662
7472.0,2.244604316546763
7473.0,2.244604316546763
7474.0,2.244604316546763
7475.0,2.244604316546763
7476.0,2.244604316546763
7477.0,2.244604316546763
7478.0,2.244604316546763
7479.0,2.244604316546763
7480.0,2.244604316546763
7481.0,2.244604316546763
7482.0,2.244604316546763
7483.0,2.244604316546763
7484.0,2.244604316546763
7485.0,2.287769784172662
7486.0,2.244604316546763
7487.0,2.244604316546763
7488.0,2.244604316546763
7489.0,2.244604316546763
7490.0,2.244604316546763
7491.0,2.244604316546763
7492.0,2.244604316546763
7493.0,2.244604316546763
7494.0,2.244604316546763
7495.0,2.244604316546763
7496.0,2.244604316546763
7497.0,2.244604316546763
7498.0,2.244604316546763
7499.0,2.244604316546763
7500.0,2.244604316546763
7501.0,2.244604316546763
7502.0,2.244604316546763
7503.0,2.244604316546763
7504.0,2.244604316546763
7505.0,2.244604316546763
7506.0,2.244604316546763
7507.0,2.244604316546763
7508.0,2.244604316546763
7509.0,2.287769784172662
7510.0,2.2014388489208634
7511.0,2.244604316546763
7512.0,2.244604316546763
7513.0,2.244604316546763
7514.0,2.244604316546763
7515.0,2.244604316546763
7516.0,2.244604316546763
7517.0,2.287769784172662
7518.0,2.244604316546763
7519.0,2.2014388489208634
7520.0,2.244604316546763
7521.0,2.244604316546763
7522.0,2.244604316546763
7523.0,2.244604316546763
7524.0,2.244604316546763
7525.0,2.244604316546763
7526.0,2.244604316546763
7527.0,2.244604316546763
7528.0,2.244604316546763
7529.0,2.244604316546763
7530.0,2.244604316546763
7531.0,2.244604316546763
7532.0,2.244604316546763
7533.0,2.244604316546763
7534.0,2.244604316546763
7535.0,2.244604316546763
7536.0,2.244604316546763
7537.0,2.244604316546763
7538.0,2.244604316546763
7539.0,2.244604316546763
7540.0,2.244604316546763
7541.0,2.244604316546763
7542.0,2.244604316546763
7543.0,2.244604316546763
7544.0,2.287769784172662
7545.0,2.244604316546763
7546.0,2.244604316546763
7547.0,2.244604316546763
7548.0,2.244604316546763
7549.0,2.244604316546763
7550.0,2.244604316546763
7551.0,2.2014388489208634
7552.0,2.244604316546763
7553.0,2.244604316546763
7554.0,2.244604316546763
7555.0,2.244604316546763
7556.0,2.244604316546763
7557.0,2.287769784172662
7558.0,2.244604316546763
7559.0,2.287769784172662
7560.0,2.244604316546763
7561.0,2.244604316546763
7562.0,2.244604316546763
7563.0,2.2014388489208634
7564.0,2.244604316546763
7565.0,2.244604316546763
7566.0,2.244604316546763
7567.0,2.244604316546763
7568.0,2.244604316546763
7569.0,2.244604316546763
7570.0,2.244604316546763
7571.0,2.244604316546763
7572.0,2.244604316546763
7573.0,2.244604316546763
7574.0,2.244604316546763
7575.0,2.244604316546763
7576.0,2.244604316546763
7577.0,2.244604316546763
7578.0,2.244604316546763
7579.0,2.244604316546763
7580.0,2.244604316546763
7581.0,2.244604316546763
7582.0,2.244604316546763
7583.0,2.287769784172662
7584.0,2.244604316546763
7585.0,2.244604316546763
7586.0,2.244604316546763
7587.0,2.244604316546763
7588.0,2.244604316546763
7589.0,2.244604316546763
7590.0,2.287769784172662
7591.0,2.2014388489208634
7592.0,2.244604316546763
7593.0,2.287769784172662
7594.0,2.244604316546763
7595.0,2.244604316546763
7596.0,2.244604316546763
7597.0,2.244604316546763
7598.0,2.244604316546763
7599.0,2.244604316546763
7600.0,2.244604316546763
7601.0,2.244604316546763
7602.0,2.244604316546763
7603.0,2.244604316546763
7604.0,2.287769784172662
7605.0,2.2014388489208634
7606.0,2.244604316546763
7607.0,2.244604316546763
7608.0,2.244604316546763
7609.0,2.2014388489208634
7610.0,2.244604316546763
7611.0,2.244604316546763
7612.0,2.244604316546763
7613.0,2.244604316546763
7614.0,2.244604316546763
7615.0,2.244604316546763
7616.0,2.244604316546763
7617.0,2.244604316546763
7618.0,2.244604316546763
7619.0,2.244604316546763
7620.0,2.244604316546763
7621.0,2.244604316546763
7622.0,2.244604316546763
7623.0,2.244604316546763
7624.0,2.244604316546763
7625.0,2.244604316546763
7626.0,2.244604316546763
7627.0,2.244604316546763
7628.0,2.244604316546763
7629.0,2.244604316546763
7630.0,2.244604316546763
7631.0,2.244604316546763
7632.0,2.244604316546763
7633.0,2.244604316546763
7634.0,2.244604316546763
7635.0,2.287769784172662
7636.0,2.244604316546763
7637.0,2.244604316546763
7638.0,2.244604316546763
7639.0,2.244604316546763
7640.0,2.244604316546763
7641.0,2.244604316546763
7642.0,2.244604316546763
7643.0,2.244604316546763
7644.0,2.244604316546763
7645.0,2.244604316546763
7646.0,2.244604316546763
7647.0,2.244604316546763
7648.0,2.244604316546763
7649.0,2.244604316546763
7650.0,2.244604316546763
7651.0,2.2014388489208634
7652.0,2.244604316546763
7653.0,2.2014388489208634
7654.0,2.244604316546763
7655.0,2.287769784172662
7656.0,2.244604316546763
7657.0,2.244604316546763
7658.0,2.244604316546763
7659.0,2.244604316546763
7660.0,2.244604316546763
7661.0,2.2014388489208634
7662.0,2.244604316546763
7663.0,2.287769784172662
7664.0,2.244604316546763
7665.0,2.287769784172662
7666.0,2.244604316546763
7667.0,2.287769784172662
7668.0,2.244604316546763
7669.0,2.244604316546763
7670.0,2.244604316546763
7671.0,2.244604316546763
7672.0,2.244604316546763
7673.0,2.244604316546763
7674.0,2.244604316546763
7675.0,2.244604316546763
7676.0,2.244604316546763
7677.0,2.2014388489208634
7678.0,2.244604316546763
7679.0,2.244604316546763
7680.0,2.244604316546763
7681.0,2.2014388489208634
7682.0,2.244604316546763
7683.0,2.287769784172662
7684.0,2.244604316546763
7685.0,2.244604316546763
7686.0,2.244604316546763
7687.0,2.244604316546763
7688.0,2.244604316546763
7689.0,2.244604316546763
7690.0,2.244604316546763
7691.0,2.244604316546763
7692.0,2.244604316546763
7693.0,2.244604316546763
7694.0,2.244604316546763
7695.0,2.244604316546763
7696.0,2.244604316546763
7697.0,2.2014388489208634
7698.0,2.244604316546763
7699.0,2.244604316546763
7700.0,2.244604316546763
7701.0,2.2014388489208634
7702.0,2.244604316546763
7703.0,2.2014388489208634
7704.0,2.244604316546763
7705.0,2.244604316546763
7706.0,2.244604316546763
7707.0,2.244604316546763
7708.0,2.244604316546763
7709.0,2.2014388489208634
7710.0,2.244604316546763
7711.0,2.2014388489208634
7712.0,2.244604316546763
7713.0,2.2014388489208634
7714.0,2.244604316546763
7715.0,2.244604316546763
7716.0,2.244604316546763
7717.0,2.244604316546763
7718.0,2.244604316546763
7719.0,2.244604316546763
7720.0,2.244604316546763
7721.0,2.244604316546763
7722.0,2.244604316546763
7723.0,2.244604316546763
7724.0,2.244604316546763
7725.0,2.2014388489208634
7726.0,2.244604316546763
7727.0,2.244604316546763
7728.0,2.244604316546763
7729.0,2.244604316546763
7730.0,2.244604316546763
7731.0,2.244604316546763
7732.0,2.244604316546763
7733.0,2.244604316546763
7734.0,2.244604316546763
7735.0,2.2014388489208634
7736.0,2.244604316546763
7737.0,2.244604316546763
7738.0,2.244604316546763
7739.0,2.244604316546763
7740.0,2.244604316546763
7741.0,2.244604316546763
7742.0,2.244604316546763
7743.0,2.244604316546763
7744.0,2.244604316546763
7745.0,2.2014388489208634
7746.0,2.2014388489208634
7747.0,2.244604316546763
7748.0,2.244604316546763
7749.0,2.244604316546763
7750.0,2.244604316546763
7751.0,2.244604316546763
7752.0,2.244604316546763
7753.0,2.2014388489208634
7754.0,2.244604316546763
7755.0,2.2014388489208634
7756.0,2.244604316546763
7757.0,2.244604316546763
7758.0,2.244604316546763
7759.0,2.244604316546763
7760.0,2.244604316546763
7761.0,2.244604316546763
7762.0,2.244604316546763
7763.0,2.244604316546763
7764.0,2.2014388489208634
7765.0,2.244604316546763
7766.0,2.244604316546763
7767.0,2.244604316546763
7768.0,2.244604316546763
7769.0,2.244604316546763
7770.0,2.244604316546763
7771.0,2.244604316546763
7772.0,2.244604316546763
7773.0,2.2014388489208634
7774.0,2.244604316546763
7775.0,2.244604316546763
7776.0,2.244604316546763
7777.0,2.244604316546763
7778.0,2.244604316546763
7779.0,2.244604316546763
7780.0,2.244604316546763
7781.0,2.244604316546763
7782.0,2.244604316546763
7783.0,2.244604316546763
7784.0,2.244604316546763
7785.0,2.244604316546763
7786.0,2.244604316546763
7787.0,2.2014388489208634
7788.0,2.244604316546763
7789.0,2.2014388489208634
7790.0,2.244604316546763
7791.0,2.244604316546763
7792.0,2.244604316546763
7793.0,2.244604316546763
7794.0,2.244604316546763
7795.0,2.244604316546763
7796.0,2.244604316546763
7797.0,2.244604316546763
7798.0,2.244604316546763
7799.0,2.244604316546763
7800.0,2.244604316546763
7801.0,2.244604316546763
7802.0,2.244604316546763
7803.0,2.244604316546763
7804.0,2.244604316546763
7805.0,2.244604316546763
7806.0,2.244604316546763
7807.0,2.244604316546763
7808.0,2.244604316546763
7809.0,2.244604316546763
7810.0,2.244604316546763
7811.0,2.244604316546763
7812.0,2.2014388489208634
7813.0,2.2014388489208634
7814.0,2.244604316546763
7815.0,2.244604316546763
7816.0,2.244604316546763
7817.0,2.244604316546763
7818.0,2.244604316546763
7819.0,2.244604316546763
7820.0,2.244604316546763
7821.0,2.244604316546763
7822.0,2.244604316546763
7823.0,2.244604316546763
7824.0,2.244604316546763
7825.0,2.244604316546763
7826.0,2.244604316546763
7827.0,2.2014388489208634
7828.0,2.244604316546763
7829.0,2.244604316546763
7830.0,2.244604316546763
7831.0,2.244604316546763
7832.0,2.244604316546763
7833.0,2.2014388489208634
7834.0,2.244604316546763
7835.0,2.244604316546763
7836.0,2.244604316546763
7837.0,2.244604316546763
7838.0,2.244604316546763
7839.0,2.244604316546763
7840.0,2.244604316546763
7841.0,2.244604316546763
7842.0,2.244604316546763
7843.0,2.244604316546763
7844.0,2.244604316546763
7845.0,2.2014388489208634
7846.0,2.244604316546763
7847.0,2.2014388489208634
7848.0,2.244604316546763
7849.0,2.2014388489208634
7850.0,2.287769784172662
7851.0,2.244604316546763
7852.0,2.244604316546763
7853.0,2.2014388489208634
7854.0,2.244604316546763
7855.0,2.2014388489208634
7856.0,2.244604316546763
7857.0,2.244604316546763
7858.0,2.244604316546763
7859.0,2.244604316546763
7860.0,2.244604316546763
7861.0,2.244604316546763
7862.0,2.244604316546763
7863.0,2.244604316546763
7864.0,2.2014388489208634
7865.0,2.2014388489208634
7866.0,2.244604316546763
7867.0,2.244604316546763
7868.0,2.244604316546763
7869.0,2.244604316546763
7870.0,2.244604316546763
7871.0,2.244604316546763
7872.0,2.2014388489208634
7873.0,2.244604316546763
7874.0,2.244604316546763
7875.0,2.244604316546763
7876.0,2.244604316546763
7877.0,2.244604316546763
7878.0,2.244604316546763
7879.0,2.244604316546763
7880.0,2.244604316546763
7881.0,2.244604316546763
7882.0,2.244604316546763
7883.0,2.244604316546763
7884.0,2.244604316546763
7885.0,2.2014388489208634
7886.0,2.244604316546763
7887.0,2.244604316546763
7888.0,2.244604316546763
7889.0,2.244604316546763
7890.0,2.244604316546763
7891.0,2.244604316546763
7892.0,2.244604316546763
7893.0,2.244604316546763
7894.0,2.244604316546763
7895.0,2.244604316546763
7896.0,2.244604316546763
7897.0,2.244604316546763
7898.0,2.244604316546763
7899.0,2.244604316546763
7900.0,2.244604316546763
7901.0,2.244604316546763
7902.0,2.244604316546763
7903.0,2.2014388489208634
7904.0,2.244604316546763
7905.0,2.244604316546763
7906.0,2.244604316546763
7907.0,2.2014388489208634
7908.0,2.244604316546763
7909.0,2.2014388489208634
7910.0,2.244604316546763
7911.0,2.2014388489208634
7912.0,2.244604316546763
7913.0,2.2014388489208634
7914.0,2.244604316546763
7915.0,2.244604316546763
7916.0,2.244604316546763
7917.0,2.2014388489208634
7918.0,2.244604316546763
7919.0,2.244604316546763
7920.0,2.244604316546763
7921.0,2.2014388489208634
7922.0,2.2014388489208634
7923.0,2.244604316546763
7924.0,2.244604316546763
7925.0,2.244604316546763
7926.0,2.2014388489208634
7927.0,2.244604316546763
7928.0,2.244604316546763
7929.0,2.244604316546763
7930.0,2.244604316546763
7931.0,2.244604316546763
7932.0,2.244604316546763
7933.0,2.244604316546763
7934.0,2.244604316546763
7935.0,2.244604316546763
7936.0,2.244604316546763
7937.0,2.244604316546763
7938.0,2.244604316546763
7939.0,2.244604316546763
7940.0,2.244604316546763
7941.0,2.2014388489208634
7942.0,2.244604316546763
7943.0,2.244604316546763
7944.0,2.244604316546763
7945.0,2.244604316546763
7946.0,2.244604316546763
7947.0,2.244604316546763
7948.0,2.244604316546763
7949.0,2.244604316546763
7950.0,2.244604316546763
7951.0,2.2014388489208634
7952.0,2.244604316546763
7953.0,2.2014388489208634
7954.0,2.244604316546763
7955.0,2.244604316546763
7956.0,2.244604316546763
7957.0,2.244604316546763
7958.0,2.244604316546763
7959.0,2.244604316546763
7960.0,2.244604316546763
7961.0,2.244604316546763
7962.0,2.244604316546763
7963.0,2.244604316546763
7964.0,2.2014388489208634
7965.0,2.244604316546763
7966.0,2.244604316546763
7967.0,2.244604316546763
7968.0,2.244604316546763
7969.0,2.244604316546763
7970.0,2.244604316546763
7971.0,2.244604316546763
7972.0,2.244604316546763
7973.0,2.244604316546763
7974.0,2.244604316546763
7975.0,2.244604316546763
7976.0,2.244604316546763
7977.0,2.244604316546763
7978.0,2.244604316546763
7979.0,2.244604316546763
7980.0,2.244604316546763
7981.0,2.244604316546763
7982.0,2.244604316546763
7983.0,2.244604316546763
7984.0,2.244604316546763
7985.0,2.244604316546763
7986.0,2.244604316546763
7987.0,2.244604316546763
7988.0,2.287769784172662
7989.0,2.2014388489208634
7990.0,2.244604316546763
7991.0,2.244604316546763
7992.0,2.244604316546763
7993.0,2.244604316546763
7994.0,2.244604316546763
7995.0,2.2014388489208634
7996.0,2.2014388489208634
7997.0,2.244604316546763
7998.0,2.244604316546763
7999.0,2.2014388489208634
8000.0,2.244604316546763
8001.0,2.2014388489208634
8002.0,2.2014388489208634
8003.0,2.244604316546763
8004.0,2.244604316546763
8005.0,2.244604316546763
8006.0,2.244604316546763
8007.0,2.244604316546763
8008.0,2.244604316546763
8009.0,2.244604316546763
8010.0,2.244604316546763
8011.0,2.244604316546763
8012.0,2.244604316546763
8013.0,2.244604316546763
8014.0,2.244604316546763
8015.0,2.244604316546763
8016.0,2.244604316546763
8017.0,2.244604316546763
8018.0,2.244604316546763
8019.0,2.244604316546763
8020.0,2.244604316546763
8021.0,2.287769784172662
8022.0,2.244604316546763
8023.0,2.244604316546763
8024.0,2.244604316546763
8025.0,2.244604316546763
8026.0,2.244604316546763
8027.0,2.2014388489208634
8028.0,2.244604316546763
8029.0,2.244604316546763
8030.0,2.244604316546763
8031.0,2.244604316546763
8032.0,2.244604316546763
8033.0,2.244604316546763
8034.0,2.2014388489208634
8035.0,2.244604316546763
8036.0,2.2014388489208634
8037.0,2.244604316546763
8038.0,2.244604316546763
8039.0,2.2014388489208634
8040.0,2.244604316546763
8041.0,2.244604316546763
8042.0,2.244604316546763
8043.0,2.244604316546763
8044.0,2.244604316546763
8045.0,2.244604316546763
8046.0,2.244604316546763
8047.0,2.244604316546763
8048.0,2.244604316546763
8049.0,2.244604316546763
8050.0,2.244604316546763
8051.0,2.244604316546763
8052.0,2.2014388489208634
8053.0,2.2014388489208634
8054.0,2.244604316546763
8055.0,2.244604316546763
8056.0,2.244604316546763
8057.0,2.244604316546763
8058.0,2.244604316546763
8059.0,2.244604316546763
8060.0,2.244604316546763
8061.0,2.244604316546763
8062.0,2.244604316546763
8063.0,2.244604316546763
8064.0,2.244604316546763
8065.0,2.2014388489208634
8066.0,2.244604316546763
8067.0,2.244604316546763
8068.0,2.244604316546763
8069.0,2.244604316546763
8070.0,2.244604316546763
8071.0,2.244604316546763
8072.0,2.244604316546763
8073.0,2.244604316546763
8074.0,2.244604316546763
8075.0,2.244604316546763
8076.0,2.244604316546763
8077.0,2.244604316546763
8078.0,2.2014388489208634
8079.0,2.2014388489208634
8080.0,2.2014388489208634
8081.0,2.244604316546763
8082.0,2.244604316546763
8083.0,2.2014388489208634
8084.0,2.244604316546763
8085.0,2.244604316546763
8086.0,2.244604316546763
8087.0,2.2014388489208634
8088.0,2.244604316546763
8089.0,2.244604316546763
8090.0,2.244604316546763
8091.0,2.244604316546763
8092.0,2.244604316546763
8093.0,2.2014388489208634
8094.0,2.244604316546763
8095.0,2.244604316546763
8096.0,2.244604316546763
8097.0,2.244604316546763
8098.0,2.244604316546763
8099.0,2.244604316546763
8100.0,2.244604316546763
8101.0,2.244604316546763
8102.0,2.244604316546763
8103.0,2.2014388489208634
8104.0,2.244604316546763
8105.0,2.2014388489208634
8106.0,2.244604316546763
8107.0,2.244604316546763
8108.0,2.244604316546763
8109.0,2.287769784172662
8110.0,2.244604316546763
8111.0,2.2014388489208634
8112.0,2.244604316546763
8113.0,2.2014388489208634
8114.0,2.2014388489208634
8115.0,2.2014388489208634
8116.0,2.244604316546763
8117.0,2.244604316546763
8118.0,2.244604316546763
8119.0,2.2014388489208634
8120.0,2.2014388489208634
8121.0,2.244604316546763
8122.0,2.2014388489208634
8123.0,2.2014388489208634
8124.0,2.244604316546763
8125.0,2.244604316546763
8126.0,2.244604316546763
8127.0,2.2014388489208634
8128.0,2.2014388489208634
8129.0,2.2014388489208634
8130.0,2.2014388489208634
8131.0,2.2014388489208634
8132.0,2.244604316546763
8133.0,2.2014388489208634
8134.0,2.244604316546763
8135.0,2.2014388489208634
8136.0,2.244604316546763
8137.0,2.244604316546763
8138.0,2.244604316546763
8139.0,2.244604316546763
8140.0,2.2014388489208634
8141.0,2.244604316546763
8142.0,2.244604316546763
8143.0,2.2014388489208634
8144.0,2.244604316546763
8145.0,2.244604316546763
8146.0,2.2014388489208634
8147.0,2.244604316546763
8148.0,2.244604316546763
8149.0,2.2014388489208634
8150.0,2.244604316546763
8151.0,2.2014388489208634
8152.0,2.244604316546763
8153.0,2.2014388489208634
8154.0,2.244604316546763
8155.0,2.244604316546763
8156.0,2.244604316546763
8157.0,2.244604316546763
8158.0,2.244604316546763
8159.0,2.244604316546763
8160.0,2.244604316546763
8161.0,2.244604316546763
8162.0,2.244604316546763
8163.0,2.2014388489208634
8164.0,2.244604316546763
8165.0,2.2014388489208634
8166.0,2.244604316546763
8167.0,2.244604316546763
8168.0,2.244604316546763
8169.0,2.244604316546763
8170.0,2.244604316546763
8171.0,2.2014388489208634
8172.0,2.244604316546763
8173.0,2.244604316546763
8174.0,2.244604316546763
8175.0,2.244604316546763
8176.0,2.2014388489208634
8177.0,2.2014388489208634
8178.0,2.244604316546763
8179.0,2.244604316546763
8180.0,2.244604316546763
8181.0,2.244604316546763
8182.0,2.244604316546763
8183.0,2.244604316546763
8184.0,2.244604316546763
8185.0,2.244604316546763
8186.0,2.244604316546763
8187.0,2.244604316546763
8188.0,2.2014388489208634
8189.0,2.244604316546763
8190.0,2.244604316546763
8191.0,2.2014388489208634
8192.0,2.244604316546763
8193.0,2.244604316546763
8194.0,2.244604316546763
8195.0,2.2014388489208634
8196.0,2.244604316546763
8197.0,2.2014388489208634
8198.0,2.244604316546763
8199.0,2.244604316546763
8200.0,2.244604316546763
8201.0,2.244604316546763
8202.0,2.244604316546763
8203.0,2.244604316546763
8204.0,2.244604316546763
8205.0,2.244604316546763
8206.0,2.244604316546763
8207.0,2.244604316546763
8208.0,2.244604316546763
8209.0,2.2014388489208634
8210.0,2.244604316546763
8211.0,2.244604316546763
8212.0,2.244604316546763
8213.0,2.244604316546763
8214.0,2.244604316546763
8215.0,2.244604316546763
8216.0,2.244604316546763
8217.0,2.244604316546763
8218.0,2.244604316546763
8219.0,2.2014388489208634
8220.0,2.244604316546763
8221.0,2.2014388489208634
8222.0,2.2014388489208634
8223.0,2.2014388489208634
8224.0,2.2014388489208634
8225.0,2.2014388489208634
8226.0,2.2014388489208634
8227.0,2.244604316546763
8228.0,2.244604316546763
8229.0,2.2014388489208634
8230.0,2.2014388489208634
8231.0,2.244604316546763
8232.0,2.2014388489208634
8233.0,2.2014388489208634
8234.0,2.244604316546763
8235.0,2.2014388489208634
8236.0,2.244604316546763
8237.0,2.244604316546763
8238.0,2.244604316546763
8239.0,2.244604316546763
8240.0,2.244604316546763
8241.0,2.2014388489208634
8242.0,2.244604316546763
8243.0,2.2014388489208634
8244.0,2.2014388489208634
8245.0,2.2014388489208634
8246.0,2.2014388489208634
8247.0,2.2014388489208634
8248.0,2.244604316546763
8249.0,2.2014388489208634
8250.0,2.2014388489208634
8251.0,2.244604316546763
8252.0,2.2014388489208634
8253.0,2.2014388489208634
8254.0,2.244604316546763
8255.0,2.2014388489208634
8256.0,2.244604316546763
8257.0,2.244604316546763
8258.0,2.2014388489208634
8259.0,2.244604316546763
8260.0,2.244604316546763
8261.0,2.244604316546763
8262.0,2.244604316546763
8263.0,2.2014388489208634
8264.0,2.2014388489208634
8265.0,2.244604316546763
8266.0,2.2014388489208634
8267.0,2.244604316546763
8268.0,2.244604316546763
8269.0,2.2014388489208634
8270.0,2.2014388489208634
8271.0,2.2014388489208634
8272.0,2.2014388489208634
8273.0,2.244604316546763
8274.0,2.244604316546763
8275.0,2.2014388489208634
8276.0,2.244604316546763
8277.0,2.2014388489208634
8278.0,2.244604316546763
8279.0,2.2014388489208634
8280.0,2.244604316546763
8281.0,2.244604316546763
8282.0,2.244604316546763
8283.0,2.2014388489208634
8284.0,2.244604316546763
8285.0,2.2014388489208634
8286.0,2.244604316546763
8287.0,2.2014388489208634
8288.0,2.2014388489208634
8289.0,2.2014388489208634
8290.0,2.244604316546763
8291.0,2.244604316546763
8292.0,2.244604316546763
8293.0,2.2014388489208634
8294.0,2.244604316546763
8295.0,2.244604316546763
8296.0,2.244604316546763
8297.0,2.2014388489208634
8298.0,2.2014388489208634
8299.0,2.244604316546763
8300.0,2.244604316546763
8301.0,2.2014388489208634
8302.0,2.244604316546763
8303.0,2.2014388489208634
8304.0,2.244604316546763
8305.0,2.2014388489208634
8306.0,2.244604316546763
8307.0,2.2014388489208634
8308.0,2.244604316546763
8309.0,2.244604316546763
8310.0,2.244604316546763
8311.0,2.2014388489208634
8312.0,2.244604316546763
8313.0,2.2014388489208634
8314.0,2.2014388489208634
8315.0,2.2014388489208634
8316.0,2.244604316546763
8317.0,2.2014388489208634
8318.0,2.244604316546763
8319.0,2.2014388489208634
8320.0,2.244604316546763
8321.0,2.244604316546763
8322.0,2.244604316546763
8323.0,2.2014388489208634
8324.0,2.244604316546763
8325.0,2.244604316546763
8326.0,2.2014388489208634
8327.0,2.244604316546763
8328.0,2.244604316546763
8329.0,2.2014388489208634
8330.0,2.244604316546763
8331.0,2.2014388489208634
8332.0,2.2014388489208634
8333.0,2.2014388489208634
8334.0,2.244604316546763
8335.0,2.2014388489208634
8336.0,2.244604316546763
8337.0,2.2014388489208634
8338.0,2.244604316546763
8339.0,2.2014388489208634
8340.0,2.244604316546763
8341.0,2.2014388489208634
8342.0,2.244604316546763
8343.0,2.2014388489208634
8344.0,2.244604316546763
8345.0,2.244604316546763
8346.0,2.2014388489208634
8347.0,2.244604316546763
8348.0,2.244604316546763
8349.0,2.244604316546763
8350.0,2.244604316546763
8351.0,2.244604316546763
8352.0,2.2014388489208634
8353.0,2.2014388489208634
8354.0,2.2014388489208634
8355.0,2.2014388489208634
8356.0,2.244604316546763
8357.0,2.244604316546763
8358.0,2.2014388489208634
8359.0,2.244604316546763
8360.0,2.244604316546763
8361.0,2.244604316546763
8362.0,2.2014388489208634
8363.0,2.244604316546763
8364.0,2.2014388489208634
8365.0,2.244604316546763
8366.0,2.2014388489208634
8367.0,2.244604316546763
8368.0,2.2014388489208634
8369.0,2.2014388489208634
8370.0,2.2014388489208634
8371.0,2.244604316546763
8372.0,2.244604316546763
8373.0,2.2014388489208634
8374.0,2.244604316546763
8375.0,2.2014388489208634
8376.0,2.244604316546763
8377.0,2.2014388489208634
8378.0,2.244604316546763
8379.0,2.2014388489208634
8380.0,2.244604316546763
8381.0,2.2014388489208634
8382.0,2.244604316546763
8383.0,2.2014388489208634
8384.0,2.244604316546763
8385.0,2.2014388489208634
8386.0,2.244604316546763
8387.0,2.244604316546763
8388.0,2.2014388489208634
8389.0,2.244604316546763
8390.0,2.244604316546763
8391.0,2.2014388489208634
8392.0,2.244604316546763
8393.0,2.2014388489208634
8394.0,2.244604316546763
8395.0,2.2014388489208634
8396.0,2.2014388489208634
8397.0,2.244604316546763
8398.0,2.2014388489208634
8399.0,2.244604316546763
8400.0,2.2014388489208634
8401.0,2.244604316546763
8402.0,2.2014388489208634
8403.0,2.244604316546763
8404.0,2.244604316546763
8405.0,2.244604316546763
8406.0,2.2014388489208634
8407.0,2.2014388489208634
8408.0,2.2014388489208634
8409.0,2.244604316546763
8410.0,2.2014388489208634
8411.0,2.244604316546763
8412.0,2.244604316546763
8413.0,2.2014388489208634
8414.0,2.244604316546763
8415.0,2.2014388489208634
8416.0,2.244604316546763
8417.0,2.2014388489208634
8418.0,2.244604316546763
8419.0,2.244604316546763
8420.0,2.244604316546763
8421.0,2.244604316546763
8422.0,2.2014388489208634
8423.0,2.2014388489208634
8424.0,2.2014388489208634
8425.0,2.2014388489208634
8426.0,2.244604316546763
8427.0,2.2014388489208634
8428.0,2.2014388489208634
8429.0,2.244604316546763
8430.0,2.2014388489208634
8431.0,2.2014388489208634
8432.0,2.244604316546763
8433.0,2.244604316546763
8434.0,2.244604316546763
8435.0,2.2014388489208634
8436.0,2.244604316546763
8437.0,2.244604316546763
8438.0,2.2014388489208634
8439.0,2.2014388489208634
8440.0,2.2014388489208634
8441.0,2.244604316546763
8442.0,2.2014388489208634
8443.0,2.2014388489208634
8444.0,2.244604316546763
8445.0,2.244604316546763
8446.0,2.2014388489208634
8447.0,2.2014388489208634
8448.0,2.244604316546763
8449.0,2.244604316546763
8450.0,2.2014388489208634
8451.0,2.244604316546763
8452.0,2.2014388489208634
8453.0,2.2014388489208634
8454.0,2.2014388489208634
8455.0,2.2014388489208634
8456.0,2.244604316546763
8457.0,2.244604316546763
8458.0,2.244604316546763
8459.0,2.244604316546763
8460.0,2.2014388489208634
8461.0,2.244604316546763
8462.0,2.244604316546763
8463.0,2.2014388489208634
8464.0,2.244604316546763
8465.0,2.244604316546763
8466.0,2.244604316546763
8467.0,2.244604316546763
8468.0,2.2014388489208634
8469.0,2.2014388489208634
8470.0,2.244604316546763
8471.0,2.2014388489208634
8472.0,2.2014388489208634
8473.0,2.2014388489208634
8474.0,2.244604316546763
8475.0,2.2014388489208634
8476.0,2.244604316546763
8477.0,2.244604316546763
8478.0,2.2014388489208634
8479.0,2.244604316546763
8480.0,2.244604316546763
8481.0,2.2014388489208634
8482.0,2.2014388489208634
8483.0,2.2014388489208634
8484.0,2.244604316546763
8485.0,2.2014388489208634
8486.0,2.244604316546763
8487.0,2.244604316546763
8488.0,2.2014388489208634
8489.0,2.244604316546763
8490.0,2.2014388489208634
8491.0,2.2014388489208634
8492.0,2.2014388489208634
8493.0,2.244604316546763
8494.0,2.2014388489208634
8495.0,2.2014388489208634
8496.0,2.244604316546763
8497.0,2.244604316546763
8498.0,2.244604316546763
8499.0,2.2014388489208634
