time_ms,diameter_mm
0.0,3.642857142857143
1.0,3.685714285714286
2.0,3.685714285714286
3.0,3.685714285714286
4.0,3.685714285714286
5.0,3.685714285714286
6.0,3.642857142857143
7.0,3.685714285714286
8.0,3.642857142857143
9.0,3.642857142857143
10.0,3.642857142857143
11.0,3.685714285714286
12.0,3.685714285714286
13.0,3.642857142857143
14.0,3.642857142857143
15.0,3.642857142857143
16.0,3.642857142857143
17.0,3.642857142857143
18.0,3.642857142857143
19.0,3.642857142857143
20.0,3.642857142857143
21.0,3.642857142857143
22.0,3.642857142857143
23.0,3.642857142857143
24.0,
25.0,3.642857142857143
26.0,3.642857142857143
27.0,3.642857142857143
28.0,3.642857142857143
29.0,3.642857142857143
30.0,3.642857142857143
31.0,3.642857142857143
32.0,3.642857142857143
33.0,3.6
34.0,3.642857142857143
35.0,3.642857142857143
36.0,3.642857142857143
37.0,3.642857142857143
38.0,3.642857142857143
39.0,3.642857142857143
40.0,3.642857142857143
41.0,3.642857142857143
42.0,3.642857142857143
43.0,3.642857142857143
44.0,3.6
45.0,3.6
46.0,3.642857142857143
47.0,3.6
48.0,3.6
49.0,3.6
50.0,3.6
51.0,3.6
52.0,3.642857142857143
53.0,3.6
54.0,3.6
55.0,3.6
56.0,3.6
57.0,3.6
58.0,3.6
59.0,3.6
60.0,3.6
61.0,3.6
62.0,3.6
63.0,3.6
64.0,3.6
65.0,3.6
66.0,3.6
67.0,3.6
68.0,
69.0,3.6
70.0,3.6
71.0,3.6
72.0,3.6
73.0,3.6
74.0,3.5571428571428574
75.0,3.6
76.0,3.6
77.0,3.6
78.0,3.6
79.0,3.6
80.0,3.6
81.0,3.6
82.0,3.6
83.0,3.5571428571428574
84.0,3.5571428571428574
85.0,3.6
86.0,3.6
87.0,3.6
88.0,3.5571428571428574
89.0,3.6
90.0,3.6
91.0,3.6
92.0,3.6
93.0,3.6
94.0,3.6
95.0,3.6
96.0,3.6
97.0,3.5571428571428574
98.0,3.5571428571428574
99.0,3.5571428571428574
100.0,3.5571428571428574
101.0,3.5571428571428574
102.0,3.6
103.0,3.6
104.0,3.5571428571428574
105.0,3.5571428571428574
106.0,3.5571428571428574
107.0,3.5571428571428574
108.0,3.5571428571428574
109.0,3.5571428571428574
110.0,3.5571428571428574
111.0,3.5571428571428574
112.0,3.5571428571428574
113.0,3.5571428571428574
114.0,3.5571428571428574
115.0,3.5571428571428574
116.0,3.5571428571428574
117.0,3.5571428571428574
118.0,3.5571428571428574
119.0,3.5571428571428574
120.0,3.5571428571428574
121.0,3.5571428571428574
122.0,3.5571428571428574
123.0,3.5571428571428574
124.0,3.5571428571428574
125.0,3.5571428571428574
126.0,3.5571428571428574
127.0,3.5571428571428574
128.0,3.5571428571428574
129.0,3.5571428571428574
130.0,3.5571428571428574
131.0,3.5571428571428574
132.0,3.5571428571428574
133.0,3.5571428571428574
134.0,3.5571428571428574
135.0,3.5571428571428574
136.0,3.5571428571428574
137.0,3.5571428571428574
138.0,3.5571428571428574
139.0,3.5571428571428574
140.0,3.5571428571428574
141.0,3.5571428571428574
142.0,3.5571428571428574
143.0,3.5571428571428574
144.0,3.5142857142857142
145.0,3.5142857142857142
146.0,3.5142857142857142
147.0,3.5142857142857142
148.0,3.5571428571428574
149.0,3.5571428571428574
150.0,3.5571428571428574
151.0,3.5571428571428574
152.0,3.5142857142857142
153.0,3.5142857142857142
154.0,3.5142857142857142
155.0,3.5142857142857142
156.0,3.5142857142857142
157.0,3.5142857142857142
158.0,3.5142857142857142
159.0,3.5142857142857142
160.0,3.5142857142857142
161.0,3.5142857142857142
162.0,3.5142857142857142
163.0,3.5142857142857142
164.0,3.5142857142857142
165.0,3.5142857142857142
166.0,3.5142857142857142
167.0,3.5142857142857142
168.0,3.5142857142857142
169.0,3.5142857142857142
170.0,3.5142857142857142
171.0,3.5142857142857142
172.0,3.5142857142857142
173.0,3.5142857142857142
174.0,3.5142857142857142
175.0,3.5142857142857142
176.0,3.5142857142857142
177.0,3.5142857142857142
178.0,3.4714285714285715
179.0,3.5142857142857142
180.0,3.5142857142857142
181.0,3.5142857142857142
182.0,3.5142857142857142
183.0,3.5142857142857142
184.0,3.5142857142857142
185.0,3.5142857142857142
186.0,3.5142857142857142
187.0,3.5142857142857142
188.0,3.5142857142857142
189.0,3.5142857142857142
190.0,3.5142857142857142
191.0,3.4714285714285715
192.0,3.5142857142857142
193.0,3.5142857142857142
194.0,3.5142857142857142
195.0,3.5142857142857142
196.0,3.5142857142857142
197.0,3.5142857142857142
198.0,3.5142857142857142
199.0,3.5142857142857142
200.0,3.4714285714285715
201.0,3.4714285714285715
202.0,3.4714285714285715
203.0,3.4714285714285715
204.0,3.4714285714285715
205.0,3.4714285714285715
206.0,3.4714285714285715
207.0,3.5142857142857142
208.0,3.5142857142857142
209.0,3.4714285714285715
210.0,3.5142857142857142
211.0,3.5142857142857142
212.0,3.5142857142857142
213.0,3.5142857142857142
214.0,3.4714285714285715
215.0,3.4714285714285715
216.0,3.4714285714285715
217.0,3.4714285714285715
218.0,3.4714285714285715
219.0,3.4714285714285715
220.0,3.4714285714285715
221.0,3.4714285714285715
222.0,3.4714285714285715
223.0,3.4714285714285715
224.0,3.4714285714285715
225.0,3.4714285714285715
226.0,3.4714285714285715
227.0,3.5142857142857142
228.0,3.4714285714285715
229.0,3.5142857142857142
230.0,3.5142857142857142
231.0,3.4714285714285715
232.0,3.4714285714285715
233.0,3.4714285714285715
234.0,3.4714285714285715
235.0,3.4714285714285715
236.0,3.4714285714285715
237.0,3.4714285714285715
238.0,3.4714285714285715
239.0,3.4714285714285715
240.0,3.4714285714285715
241.0,3.4714285714285715
242.0,3.4714285714285715
243.0,3.4714285714285715
244.0,3.4714285714285715
245.0,3.4714285714285715
246.0,3.4714285714285715
247.0,3.4714285714285715
248.0,3.4714285714285715
249.0,3.4714285714285715
250.0,3.4714285714285715
251.0,3.4714285714285715
252.0,3.4714285714285715
253.0,3.4714285714285715
254.0,3.428571428571429
255.0,3.4714285714285715
256.0,3.4714285714285715
257.0,3.4714285714285715
258.0,3.4714285714285715
259.0,3.4714285714285715
260.0,3.4714285714285715
261.0,3.4714285714285715
262.0,3.4714285714285715
263.0,3.4714285714285715
264.0,3.4714285714285715
265.0,3.4714285714285715
266.0,3.4714285714285715
267.0,3.4714285714285715
268.0,3.4714285714285715
269.0,3.4714285714285715
270.0,3.4714285714285715
271.0,3.4714285714285715
272.0,3.4714285714285715
273.0,3.428571428571429
274.0,3.428571428571429
275.0,3.4714285714285715
276.0,3.428571428571429
277.0,3.4714285714285715
278.0,3.428571428571429
279.0,3.4714285714285715
280.0,3.4714285714285715
281.0,3.4714285714285715
282.0,3.4714285714285715
283.0,3.4714285714285715
284.0,3.4714285714285715
285.0,3.4714285714285715
286.0,3.4714285714285715
287.0,3.4714285714285715
288.0,3.4714285714285715
289.0,3.4714285714285715
290.0,3.4714285714285715
291.0,3.4714285714285715
292.0,3.4714285714285715
293.0,3.4714285714285715
294.0,3.4714285714285715
295.0,3.4714285714285715
296.0,3.428571428571429
297.0,3.428571428571429
298.0,3.428571428571429
299.0,3.428571428571429
300.0,3.428571428571429
301.0,3.428571428571429
302.0,3.428571428571429
303.0,3.428571428571429
304.0,3.428571428571429
305.0,3.428571428571429
306.0,3.428571428571429
307.0,3.428571428571429
308.0,3.428571428571429
309.0,3.428571428571429
310.0,3.428571428571429
311.0,3.428571428571429
312.0,3.428571428571429
313.0,3.428571428571429
314.0,3.428571428571429
315.0,3.428571428571429
316.0,3.428571428571429
317.0,3.428571428571429
318.0,3.428571428571429
319.0,3.428571428571429
320.0,3.428571428571429
321.0,3.428571428571429
322.0,3.428571428571429
323.0,3.428571428571429
324.0,3.428571428571429
325.0,3.4714285714285715
326.0,3.428571428571429
327.0,3.428571428571429
328.0,3.428571428571429
329.0,3.428571428571429
330.0,3.428571428571429
331.0,3.428571428571429
332.0,3.428571428571429
333.0,3.428571428571429
334.0,3.428571428571429
335.0,3.428571428571429
336.0,3.428571428571429
337.0,3.428571428571429
338.0,3.428571428571429
339.0,3.428571428571429
340.0,3.428571428571429
341.0,3.428571428571429
342.0,3.428571428571429
343.0,3.428571428571429
344.0,3.428571428571429
345.0,3.428571428571429
346.0,3.428571428571429
347.0,3.428571428571429
348.0,3.428571428571429
349.0,3.428571428571429
350.0,3.428571428571429
351.0,3.428571428571429
352.0,3.428571428571429
353.0,3.428571428571429
354.0,3.428571428571429
355.0,3.428571428571429
356.0,3.428571428571429
357.0,3.428571428571429
358.0,3.428571428571429
359.0,3.428571428571429
360.0,3.428571428571429
361.0,3.428571428571429
362.0,3.428571428571429
363.0,3.428571428571429
364.0,3.428571428571429
365.0,3.428571428571429
366.0,3.428571428571429
367.0,3.428571428571429
368.0,3.428571428571429
369.0,3.428571428571429
370.0,3.3857142857142857
371.0,3.3857142857142857
372.0,3.3857142857142857
373.0,3.3857142857142857
374.0,3.3857142857142857
375.0,3.3857142857142857
376.0,3.3857142857142857
377.0,3.3857142857142857
378.0,3.3857142857142857
379.0,3.3857142857142857
380.0,3.3857142857142857
381.0,3.3857142857142857
382.0,3.3857142857142857
383.0,3.3857142857142857
384.0,3.3857142857142857
385.0,3.428571428571429
386.0,3.3857142857142857
387.0,3.3857142857142857
388.0,3.3857142857142857
389.0,3.428571428571429
390.0,3.428571428571429
391.0,3.428571428571429
392.0,3.3857142857142857
393.0,3.3857142857142857
394.0,3.3857142857142857
395.0,3.428571428571429
396.0,3.428571428571429
397.0,3.3857142857142857
398.0,3.428571428571429
399.0,3.3857142857142857
400.0,3.3857142857142857
401.0,3.3857142857142857
402.0,3.3857142857142857
403.0,3.428571428571429
404.0,3.3857142857142857
405.0,3.3857142857142857
406.0,3.3857142857142857
407.0,3.3857142857142857
408.0,3.3857142857142857
409.0,3.3857142857142857
410.0,3.3857142857142857
411.0,3.3857142857142857
412.0,3.3857142857142857
413.0,3.3857142857142857
414.0,3.3857142857142857
415.0,3.3857142857142857
416.0,3.3857142857142857
417.0,3.3857142857142857
418.0,3.3857142857142857
419.0,3.3857142857142857
420.0,3.3857142857142857
421.0,3.3857142857142857
422.0,3.3857142857142857
423.0,3.3857142857142857
424.0,3.3857142857142857
425.0,3.3857142857142857
426.0,3.3857142857142857
427.0,3.3857142857142857
428.0,3.3857142857142857
429.0,3.3857142857142857
430.0,3.3857142857142857
431.0,3.3857142857142857
432.0,3.3857142857142857
433.0,3.3857142857142857
434.0,3.3857142857142857
435.0,3.3857142857142857
436.0,3.3857142857142857
437.0,3.3857142857142857
438.0,3.3857142857142857
439.0,3.3857142857142857
440.0,3.3857142857142857
441.0,3.3857142857142857
442.0,3.3857142857142857
443.0,3.3857142857142857
444.0,3.3857142857142857
445.0,3.428571428571429
446.0,3.3857142857142857
447.0,3.3857142857142857
448.0,3.3857142857142857
449.0,3.3857142857142857
450.0,3.342857142857143
451.0,3.3857142857142857
452.0,3.3857142857142857
453.0,3.3857142857142857
454.0,3.3857142857142857
455.0,3.3857142857142857
456.0,3.3857142857142857
457.0,3.3857142857142857
458.0,3.3857142857142857
459.0,3.3857142857142857
460.0,3.3857142857142857
461.0,3.3857142857142857
462.0,3.3857142857142857
463.0,3.3857142857142857
464.0,3.3857142857142857
465.0,3.3857142857142857
466.0,3.3857142857142857
467.0,3.3857142857142857
468.0,3.3857142857142857
469.0,3.3857142857142857
470.0,3.342857142857143
471.0,3.3857142857142857
472.0,3.3857142857142857
473.0,3.3857142857142857
474.0,3.342857142857143
475.0,3.3857142857142857
476.0,3.342857142857143
477.0,3.342857142857143
478.0,3.342857142857143
479.0,3.3857142857142857
480.0,3.342857142857143
481.0,3.3857142857142857
482.0,3.3857142857142857
483.0,3.3857142857142857
484.0,3.342857142857143
485.0,3.3857142857142857
486.0,3.342857142857143
487.0,3.3857142857142857
488.0,3.3857142857142857
489.0,3.3857142857142857
490.0,3.342857142857143
491.0,3.342857142857143
492.0,3.3857142857142857
493.0,3.342857142857143
494.0,3.342857142857143
495.0,3.342857142857143
496.0,3.342857142857143
497.0,3.3857142857142857
498.0,3.3857142857142857
499.0,3.3857142857142857
500.0,3.3857142857142857
501.0,3.3857142857142857
502.0,3.3857142857142857
503.0,3.342857142857143
504.0,3.3857142857142857
505.0,3.3857142857142857
506.0,3.3857142857142857
507.0,3.3857142857142857
508.0,3.3857142857142857
509.0,3.3857142857142857
510.0,3.3857142857142857
511.0,3.342857142857143
512.0,3.342857142857143
513.0,3.342857142857143
514.0,3.342857142857143
515.0,3.3857142857142857
516.0,3.342857142857143
517.0,3.342857142857143
518.0,3.342857142857143
519.0,3.342857142857143
520.0,3.342857142857143
521.0,3.342857142857143
522.0,3.342857142857143
523.0,3.342857142857143
524.0,3.342857142857143
525.0,3.342857142857143
526.0,3.342857142857143
527.0,3.342857142857143
528.0,3.342857142857143
529.0,3.342857142857143
530.0,3.342857142857143
531.0,3.342857142857143
532.0,3.342857142857143
533.0,3.342857142857143
534.0,3.342857142857143
535.0,3.342857142857143
536.0,3.342857142857143
537.0,3.342857142857143
538.0,3.342857142857143
539.0,3.342857142857143
540.0,3.342857142857143
541.0,3.342857142857143
542.0,3.342857142857143
543.0,3.342857142857143
544.0,3.342857142857143
545.0,3.342857142857143
546.0,3.342857142857143
547.0,3.342857142857143
548.0,3.342857142857143
549.0,3.3857142857142857
550.0,3.3857142857142857
551.0,3.3857142857142857
552.0,3.342857142857143
553.0,3.342857142857143
554.0,3.342857142857143
555.0,3.3857142857142857
556.0,3.342857142857143
557.0,3.342857142857143
558.0,3.342857142857143
559.0,3.3857142857142857
560.0,3.342857142857143
561.0,3.342857142857143
562.0,3.342857142857143
563.0,3.342857142857143
564.0,3.342857142857143
565.0,3.342857142857143
566.0,3.342857142857143
567.0,3.342857142857143
568.0,3.342857142857143
569.0,3.342857142857143
570.0,3.342857142857143
571.0,3.342857142857143
572.0,3.342857142857143
573.0,3.342857142857143
574.0,3.342857142857143
575.0,3.342857142857143
576.0,3.342857142857143
577.0,3.342857142857143
578.0,3.342857142857143
579.0,3.342857142857143
580.0,3.342857142857143
581.0,3.342857142857143
582.0,3.342857142857143
583.0,3.342857142857143
584.0,3.342857142857143
585.0,3.342857142857143
586.0,3.342857142857143
587.0,3.342857142857143
588.0,3.342857142857143
589.0,3.342857142857143
590.0,3.342857142857143
591.0,3.342857142857143
592.0,3.342857142857143
593.0,3.342857142857143
594.0,3.3
595.0,3.342857142857143
596.0,3.3
597.0,3.342857142857143
598.0,3.342857142857143
599.0,3.342857142857143
600.0,3.342857142857143
601.0,3.342857142857143
602.0,3.342857142857143
603.0,3.342857142857143
604.0,3.342857142857143
605.0,3.342857142857143
606.0,3.342857142857143
607.0,3.342857142857143
608.0,3.342857142857143
609.0,3.342857142857143
610.0,3.342857142857143
611.0,3.342857142857143
612.0,3.342857142857143
613.0,3.342857142857143
614.0,3.342857142857143
615.0,3.342857142857143
616.0,3.342857142857143
617.0,3.342857142857143
618.0,3.342857142857143
619.0,3.342857142857143
620.0,3.342857142857143
621.0,3.342857142857143
622.0,3.342857142857143
623.0,3.342857142857143
624.0,3.342857142857143
625.0,3.342857142857143
626.0,3.342857142857143
627.0,3.3
628.0,3.3
629.0,3.3
630.0,3.3
631.0,3.342857142857143
632.0,3.342857142857143
633.0,3.3
634.0,3.3
635.0,3.342857142857143
636.0,3.3
637.0,3.3
638.0,3.342857142857143
639.0,3.342857142857143
640.0,3.342857142857143
641.0,3.3
642.0,3.3
643.0,3.3
644.0,3.3
645.0,3.342857142857143
646.0,3.342857142857143
647.0,3.3
648.0,3.342857142857143
649.0,3.342857142857143
650.0,3.342857142857143
651.0,3.342857142857143
652.0,3.342857142857143
653.0,3.342857142857143
654.0,3.342857142857143
655.0,3.342857142857143
656.0,3.342857142857143
657.0,3.342857142857143
658.0,3.342857142857143
659.0,3.342857142857143
660.0,3.342857142857143
661.0,3.3
662.0,3.342857142857143
663.0,3.342857142857143
664.0,3.342857142857143
665.0,3.342857142857143
666.0,3.3
667.0,3.3
668.0,3.3
669.0,3.3
670.0,3.3
671.0,3.3
672.0,3.3
673.0,3.3
674.0,3.3
675.0,3.3
676.0,3.3
677.0,3.3
678.0,3.3
679.0,3.3
680.0,3.3
681.0,3.3
682.0,3.3
683.0,3.3
684.0,3.3
685.0,3.3
686.0,3.3
687.0,3.3
688.0,3.3
689.0,3.3
690.0,3.3
691.0,3.3
692.0,3.3
693.0,3.3
694.0,3.3
695.0,3.3
696.0,3.342857142857143
697.0,3.3
698.0,3.3
699.0,3.342857142857143
700.0,3.3
701.0,3.3
702.0,3.3
703.0,3.3
704.0,3.3
705.0,3.3
706.0,3.3
707.0,3.3
708.0,3.3
709.0,3.3
710.0,3.3
711.0,3.3
712.0,3.3
713.0,3.3
714.0,3.3
715.0,3.3
716.0,3.3
717.0,3.3
718.0,3.3
719.0,3.3
720.0,3.3
721.0,3.3
722.0,3.3
723.0,3.3
724.0,3.3
725.0,3.3
726.0,3.3
727.0,3.3
728.0,3.3
729.0,3.3
730.0,3.3
731.0,3.3
732.0,3.3
733.0,3.3
734.0,3.3
735.0,3.3
736.0,3.3
737.0,3.3
738.0,3.3
739.0,3.3
740.0,3.3
741.0,3.3
742.0,3.3
743.0,3.3
744.0,3.3
745.0,3.3
746.0,3.3
747.0,3.3
748.0,3.3
749.0,3.3
750.0,3.3
751.0,3.3
752.0,3.3
753.0,3.3
754.0,3.3
755.0,3.3
756.0,3.3
757.0,3.3
758.0,3.3
759.0,3.3
760.0,3.3
761.0,3.3
762.0,3.3
763.0,3.3
764.0,3.3
765.0,3.3
766.0,3.3
767.0,3.3
768.0,3.3
769.0,3.3
770.0,3.3
771.0,3.3
772.0,3.3
773.0,3.3
774.0,3.3
775.0,3.3
776.0,3.3
777.0,3.3
778.0,3.3
779.0,3.3
780.0,3.3
781.0,3.3
782.0,3.3
783.0,3.3
784.0,3.3
785.0,3.3
786.0,3.3
787.0,3.3
788.0,3.3
789.0,3.3
790.0,3.3
791.0,3.3
792.0,3.3
793.0,3.3
794.0,3.3
795.0,3.3
796.0,3.3
797.0,3.3
798.0,3.3
799.0,3.3
800.0,3.3
801.0,3.3
802.0,3.3
803.0,3.3
804.0,3.3
805.0,3.3
806.0,3.3
807.0,3.3
808.0,3.3
809.0,3.3
810.0,3.3
811.0,3.3
812.0,3.3
813.0,3.3
814.0,3.3
815.0,3.3
816.0,3.3
817.0,3.3
818.0,3.3
819.0,3.3
820.0,3.3
821.0,3.3
822.0,3.3
823.0,3.3
824.0,3.3
825.0,3.3
826.0,3.257142857142857
827.0,3.3
828.0,3.257142857142857
829.0,3.257142857142857
830.0,3.3
831.0,3.257142857142857
832.0,3.257142857142857
833.0,3.3
834.0,3.257142857142857
835.0,3.3
836.0,3.3
837.0,3.3
838.0,3.3
839.0,3.3
840.0,3.3
841.0,3.3
842.0,3.3
843.0,3.3
844.0,3.3
845.0,3.3
846.0,3.3
847.0,3.3
848.0,3.3
849.0,3.3
850.0,3.3
851.0,3.3
852.0,3.3
853.0,3.3
854.0,3.3
855.0,3.3
856.0,3.3
857.0,3.3
858.0,3.3
859.0,3.3
860.0,3.3
861.0,3.3
862.0,3.257142857142857
863.0,3.257142857142857
864.0,3.257142857142857
865.0,3.257142857142857
866.0,3.257142857142857
867.0,3.257142857142857
868.0,3.257142857142857
869.0,3.257142857142857
870.0,3.257142857142857
871.0,3.257142857142857
872.0,3.257142857142857
873.0,3.257142857142857
874.0,3.257142857142857
875.0,3.257142857142857
876.0,3.257142857142857
877.0,3.257142857142857
878.0,3.257142857142857
879.0,3.257142857142857
880.0,3.257142857142857
881.0,3.257142857142857
882.0,3.257142857142857
883.0,3.257142857142857
884.0,3.3
885.0,3.3
886.0,3.3
887.0,3.3
888.0,3.3
889.0,3.3
890.0,3.3
891.0,3.3
892.0,3.257142857142857
893.0,3.3
894.0,3.257142857142857
895.0,3.3
896.0,3.3
897.0,3.3
898.0,3.3
899.0,3.3
900.0,3.257142857142857
901.0,3.3
902.0,3.257142857142857
903.0,3.257142857142857
904.0,3.257142857142857
905.0,3.257142857142857
906.0,3.257142857142857
907.0,3.257142857142857
908.0,3.257142857142857
909.0,3.257142857142857
910.0,3.257142857142857
911.0,3.257142857142857
912.0,3.257142857142857
913.0,3.257142857142857
914.0,3.257142857142857
915.0,3.257142857142857
916.0,3.257142857142857
917.0,3.257142857142857
918.0,3.257142857142857
919.0,3.257142857142857
920.0,3.257142857142857
921.0,3.257142857142857
922.0,3.257142857142857
923.0,3.257142857142857
924.0,3.257142857142857
925.0,3.3
926.0,3.257142857142857
927.0,3.257142857142857
928.0,3.3
929.0,3.3
930.0,3.3
931.0,3.3
932.0,3.3
933.0,3.3
934.0,3.3
935.0,3.257142857142857
936.0,3.3
937.0,3.3
938.0,3.3
939.0,3.3
940.0,3.3
941.0,3.257142857142857
942.0,3.3
943.0,3.257142857142857
944.0,3.257142857142857
945.0,3.257142857142857
946.0,3.257142857142857
947.0,3.257142857142857
948.0,3.257142857142857
949.0,3.257142857142857
950.0,3.257142857142857
951.0,3.257142857142857
952.0,3.257142857142857
953.0,3.257142857142857
954.0,3.257142857142857
955.0,3.257142857142857
956.0,3.257142857142857
957.0,3.257142857142857
958.0,3.257142857142857
959.0,3.257142857142857
960.0,3.257142857142857
961.0,3.257142857142857
962.0,3.257142857142857
963.0,3.257142857142857
964.0,3.257142857142857
965.0,3.257142857142857
966.0,3.257142857142857
967.0,3.257142857142857
968.0,3.257142857142857
969.0,3.257142857142857
970.0,3.257142857142857
971.0,3.257142857142857
972.0,3.257142857142857
973.0,3.3
974.0,3.257142857142857
975.0,3.257142857142857
976.0,3.257142857142857
977.0,3.257142857142857
978.0,3.257142857142857
979.0,3.257142857142857
980.0,3.257142857142857
981.0,3.257142857142857
982.0,3.257142857142857
983.0,3.257142857142857
984.0,3.257142857142857
985.0,3.257142857142857
986.0,3.257142857142857
987.0,3.257142857142857
988.0,3.257142857142857
989.0,3.257142857142857
990.0,3.257142857142857
991.0,3.257142857142857
992.0,3.257142857142857
993.0,3.257142857142857
994.0,3.257142857142857
995.0,3.257142857142857
996.0,3.257142857142857
997.0,3.257142857142857
998.0,3.257142857142857
999.0,3.257142857142857
1000.0,3.257142857142857
1001.0,3.257142857142857
1002.0,3.257142857142857
1003.0,3.257142857142857
1004.0,3.257142857142857
1005.0,3.257142857142857
1006.0,3.257142857142857
1007.0,3.257142857142857
1008.0,3.257142857142857
1009.0,3.257142857142857
1010.0,3.257142857142857
1011.0,3.257142857142857
1012.0,3.257142857142857
1013.0,3.257142857142857
1014.0,3.257142857142857
1015.0,3.257142857142857
1016.0,3.257142857142857
1017.0,3.257142857142857
1018.0,3.257142857142857
1019.0,3.257142857142857
1020.0,3.257142857142857
1021.0,3.257142857142857
1022.0,3.257142857142857
1023.0,3.257142857142857
1024.0,3.257142857142857
1025.0,3.257142857142857
1026.0,3.257142857142857
1027.0,3.2142857142857144
1028.0,3.257142857142857
1029.0,3.257142857142857
1030.0,3.257142857142857
1031.0,3.257142857142857
1032.0,3.257142857142857
1033.0,3.257142857142857
1034.0,3.257142857142857
1035.0,3.257142857142857
1036.0,3.257142857142857
1037.0,3.257142857142857
1038.0,3.257142857142857
1039.0,3.257142857142857
1040.0,3.257142857142857
1041.0,3.257142857142857
1042.0,3.257142857142857
1043.0,3.257142857142857
1044.0,3.257142857142857
1045.0,3.257142857142857
1046.0,3.257142857142857
1047.0,3.257142857142857
1048.0,3.257142857142857
1049.0,3.257142857142857
1050.0,3.257142857142857
1051.0,3.257142857142857
1052.0,3.257142857142857
1053.0,3.257142857142857
1054.0,3.257142857142857
1055.0,3.257142857142857
1056.0,3.257142857142857
1057.0,3.257142857142857
1058.0,3.257142857142857
1059.0,3.257142857142857
1060.0,3.257142857142857
1061.0,3.257142857142857
1062.0,3.257142857142857
1063.0,3.2142857142857144
1064.0,3.257142857142857
1065.0,3.257142857142857
1066.0,3.257142857142857
1067.0,3.257142857142857
1068.0,3.257142857142857
1069.0,3.257142857142857
1070.0,3.257142857142857
1071.0,3.2142857142857144
1072.0,3.2142857142857144
1073.0,3.257142857142857
1074.0,3.257142857142857
1075.0,3.2142857142857144
1076.0,3.2142857142857144
1077.0,3.2142857142857144
1078.0,3.257142857142857
1079.0,3.2142857142857144
1080.0,3.257142857142857
1081.0,3.257142857142857
1082.0,3.2142857142857144
1083.0,3.257142857142857
1084.0,3.257142857142857
1085.0,3.257142857142857
1086.0,3.257142857142857
1087.0,3.257142857142857
1088.0,3.257142857142857
1089.0,3.257142857142857
1090.0,3.257142857142857
1091.0,3.257142857142857
1092.0,3.257142857142857
1093.0,3.257142857142857
1094.0,3.257142857142857
1095.0,3.257142857142857
1096.0,3.257142857142857
1097.0,3.2142857142857144
1098.0,3.257142857142857
1099.0,3.257142857142857
1100.0,3.257142857142857
1101.0,3.257142857142857
1102.0,3.257142857142857
1103.0,3.2142857142857144
1104.0,3.2142857142857144
1105.0,3.2142857142857144
1106.0,3.2142857142857144
1107.0,3.2142857142857144
1108.0,3.2142857142857144
1109.0,3.257142857142857
1110.0,3.2142857142857144
1111.0,3.2142857142857144
1112.0,3.2142857142857144
1113.0,3.2142857142857144
1114.0,3.2142857142857144
1115.0,3.2142857142857144
1116.0,3.2142857142857144
1117.0,3.2142857142857144
1118.0,3.2142857142857144
1119.0,3.2142857142857144
1120.0,3.2142857142857144
1121.0,3.2142857142857144
1122.0,3.2142857142857144
1123.0,3.2142857142857144
1124.0,3.2142857142857144
1125.0,3.257142857142857
1126.0,3.257142857142857
1127.0,3.2142857142857144
1128.0,3.2142857142857144
1129.0,3.257142857142857
1130.0,3.257142857142857
1131.0,3.257142857142857
1132.0,3.2142857142857144
1133.0,3.257142857142857
1134.0,3.257142857142857
1135.0,3.257142857142857
1136.0,3.257142857142857
1137.0,3.257142857142857
1138.0,3.257142857142857
1139.0,3.257142857142857
1140.0,3.257142857142857
1141.0,3.257142857142857
1142.0,3.257142857142857
1143.0,3.257142857142857
1144.0,3.257142857142857
1145.0,3.2142857142857144
1146.0,3.2142857142857144
1147.0,3.2142857142857144
1148.0,3.2142857142857144
1149.0,3.2142857142857144
1150.0,3.2142857142857144
1151.0,3.2142857142857144
1152.0,3.257142857142857
1153.0,3.2142857142857144
1154.0,3.2142857142857144
1155.0,3.2142857142857144
1156.0,3.2142857142857144
1157.0,3.2142857142857144
1158.0,3.2142857142857144
1159.0,3.2142857142857144
1160.0,3.2142857142857144
1161.0,3.2142857142857144
1162.0,3.2142857142857144
1163.0,3.2142857142857144
1164.0,3.2142857142857144
1165.0,3.2142857142857144
1166.0,3.2142857142857144
1167.0,3.2142857142857144
1168.0,3.2142857142857144
1169.0,3.2142857142857144
1170.0,3.2142857142857144
1171.0,3.2142857142857144
1172.0,3.2142857142857144
1173.0,3.257142857142857
1174.0,3.257142857142857
1175.0,3.257142857142857
1176.0,3.257142857142857
1177.0,3.257142857142857
1178.0,3.257142857142857
1179.0,3.257142857142857
1180.0,3.2142857142857144
1181.0,3.2142857142857144
1182.0,3.257142857142857
1183.0,3.2142857142857144
1184.0,3.2142857142857144
1185.0,3.2142857142857144
1186.0,3.2142857142857144
1187.0,3.2142857142857144
1188.0,3.2142857142857144
1189.0,3.2142857142857144
1190.0,3.2142857142857144
1191.0,3.2142857142857144
1192.0,3.2142857142857144
1193.0,3.2142857142857144
1194.0,3.2142857142857144
1195.0,3.2142857142857144
1196.0,3.2142857142857144
1197.0,3.2142857142857144
1198.0,3.2142857142857144
1199.0,3.2142857142857144
1200.0,3.2142857142857144
1201.0,3.2142857142857144
1202.0,3.2142857142857144
1203.0,3.2142857142857144
1204.0,3.2142857142857144
1205.0,3.2142857142857144
1206.0,3.2142857142857144
1207.0,3.2142857142857144
1208.0,3.2142857142857144
1209.0,3.2142857142857144
1210.0,3.2142857142857144
1211.0,3.257142857142857
1212.0,3.257142857142857
1213.0,3.2142857142857144
1214.0,3.2142857142857144
1215.0,3.2142857142857144
1216.0,3.2142857142857144
1217.0,3.2142857142857144
1218.0,3.2142857142857144
1219.0,3.257142857142857
1220.0,3.257142857142857
1221.0,3.2142857142857144
1222.0,3.257142857142857
1223.0,3.2142857142857144
1224.0,3.2142857142857144
1225.0,3.2142857142857144
1226.0,3.2142857142857144
1227.0,3.2142857142857144
1228.0,3.2142857142857144
1229.0,3.2142857142857144
1230.0,3.2142857142857144
1231.0,3.2142857142857144
1232.0,3.2142857142857144
1233.0,3.2142857142857144
1234.0,3.2142857142857144
1235.0,3.2142857142857144
1236.0,3.2142857142857144
1237.0,3.2142857142857144
1238.0,3.2142857142857144
1239.0,3.2142857142857144
1240.0,3.2142857142857144
1241.0,3.2142857142857144
1242.0,3.2142857142857144
1243.0,3.2142857142857144
1244.0,3.2142857142857144
1245.0,3.2142857142857144
1246.0,3.2142857142857144
1247.0,3.2142857142857144
1248.0,3.2142857142857144
1249.0,3.2142857142857144
1250.0,3.2142857142857144
1251.0,3.2142857142857144
1252.0,3.2142857142857144
1253.0,3.2142857142857144
1254.0,3.2142857142857144
1255.0,3.2142857142857144
1256.0,3.2142857142857144
1257.0,3.2142857142857144
1258.0,3.2142857142857144
1259.0,3.2142857142857144
1260.0,3.2142857142857144
1261.0,3.2142857142857144
1262.0,3.2142857142857144
1263.0,3.2142857142857144
1264.0,3.2142857142857144
1265.0,3.2142857142857144
1266.0,3.2142857142857144
1267.0,3.2142857142857144
1268.0,3.2142857142857144
1269.0,3.2142857142857144
1270.0,3.2142857142857144
1271.0,3.2142857142857144
1272.0,3.2142857142857144
1273.0,3.2142857142857144
1274.0,3.2142857142857144
1275.0,3.2142857142857144
1276.0,3.2142857142857144
1277.0,3.2142857142857144
1278.0,3.2142857142857144
1279.0,3.2142857142857144
1280.0,3.2142857142857144
1281.0,3.2142857142857144
1282.0,3.2142857142857144
1283.0,3.2142857142857144
1284.0,3.2142857142857144
1285.0,3.2142857142857144
1286.0,3.2142857142857144
1287.0,3.2142857142857144
1288.0,3.2142857142857144
1289.0,3.2142857142857144
1290.0,3.2142857142857144
1291.0,3.2142857142857144
1292.0,3.2142857142857144
1293.0,3.2142857142857144
1294.0,3.2142857142857144
1295.0,3.2142857142857144
1296.0,3.2142857142857144
1297.0,3.2142857142857144
1298.0,3.2142857142857144
1299.0,3.2142857142857144
1300.0,3.2142857142857144
1301.0,3.2142857142857144
1302.0,3.2142857142857144
1303.0,3.2142857142857144
1304.0,3.2142857142857144
1305.0,3.2142857142857144
1306.0,3.2142857142857144
1307.0,3.2142857142857144
1308.0,3.2142857142857144
1309.0,3.2142857142857144
1310.0,3.2142857142857144
1311.0,3.2142857142857144
1312.0,3.257142857142857
1313.0,3.2142857142857144
1314.0,3.2142857142857144
1315.0,3.2142857142857144
1316.0,3.2142857142857144
1317.0,3.2142857142857144
1318.0,3.2142857142857144
1319.0,3.2142857142857144
1320.0,3.2142857142857144
1321.0,3.2142857142857144
1322.0,3.2142857142857144
1323.0,3.2142857142857144
1324.0,3.2142857142857144
1325.0,3.2142857142857144
1326.0,3.2142857142857144
1327.0,3.2142857142857144
1328.0,3.2142857142857144
1329.0,3.2142857142857144
1330.0,3.2142857142857144
1331.0,3.2142857142857144
1332.0,3.2142857142857144
1333.0,3.2142857142857144
1334.0,3.2142857142857144
1335.0,3.2142857142857144
1336.0,3.2142857142857144
1337.0,3.2142857142857144
1338.0,3.2142857142857144
1339.0,3.2142857142857144
1340.0,3.2142857142857144
1341.0,3.2142857142857144
1342.0,3.2142857142857144
1343.0,3.2142857142857144
1344.0,3.2142857142857144
1345.0,3.2142857142857144
1346.0,3.2142857142857144
1347.0,3.2142857142857144
1348.0,3.2142857142857144
1349.0,3.2142857142857144
1350.0,3.2142857142857144
1351.0,3.2142857142857144
1352.0,3.2142857142857144
1353.0,3.2142857142857144
1354.0,3.2142857142857144
1355.0,3.2142857142857144
1356.0,3.1714285714285713
1357.0,3.2142857142857144
1358.0,3.2142857142857144
1359.0,3.2142857142857144
1360.0,3.1714285714285713
1361.0,3.2142857142857144
1362.0,3.1714285714285713
1363.0,3.2142857142857144
1364.0,3.2142857142857144
1365.0,3.2142857142857144
1366.0,3.2142857142857144
1367.0,3.2142857142857144
1368.0,3.2142857142857144
1369.0,3.2142857142857144
1370.0,3.2142857142857144
1371.0,3.2142857142857144
1372.0,3.2142857142857144
1373.0,3.2142857142857144
1374.0,3.2142857142857144
1375.0,3.2142857142857144
1376.0,3.2142857142857144
1377.0,3.2142857142857144
1378.0,3.2142857142857144
1379.0,3.2142857142857144
1380.0,3.2142857142857144
1381.0,3.2142857142857144
1382.0,3.2142857142857144
1383.0,3.2142857142857144
1384.0,3.2142857142857144
1385.0,3.2142857142857144
1386.0,3.2142857142857144
1387.0,3.2142857142857144
1388.0,3.2142857142857144
1389.0,3.2142857142857144
1390.0,3.2142857142857144
1391.0,3.2142857142857144
1392.0,3.2142857142857144
1393.0,3.2142857142857144
1394.0,3.2142857142857144
1395.0,3.2142857142857144
1396.0,3.2142857142857144
1397.0,3.2142857142857144
1398.0,3.2142857142857144
1399.0,3.1714285714285713
1400.0,3.2142857142857144
1401.0,3.2142857142857144
1402.0,3.2142857142857144
1403.0,3.2142857142857144
1404.0,3.2142857142857144
1405.0,3.2142857142857144
1406.0,3.2142857142857144
1407.0,3.2142857142857144
1408.0,3.2142857142857144
1409.0,3.2142857142857144
1410.0,3.2142857142857144
1411.0,3.2142857142857144
1412.0,3.2142857142857144
1413.0,3.2142857142857144
1414.0,3.2142857142857144
1415.0,3.2142857142857144
1416.0,3.2142857142857144
1417.0,3.2142857142857144
1418.0,3.2142857142857144
1419.0,3.2142857142857144
1420.0,3.2142857142857144
1421.0,3.2142857142857144
1422.0,3.2142857142857144
1423.0,3.2142857142857144
1424.0,3.2142857142857144
1425.0,3.2142857142857144
1426.0,3.2142857142857144
1427.0,3.2142857142857144
1428.0,3.2142857142857144
1429.0,3.2142857142857144
1430.0,3.2142857142857144
1431.0,3.2142857142857144
1432.0,3.2142857142857144
1433.0,3.2142857142857144
1434.0,3.2142857142857144
1435.0,3.2142857142857144
1436.0,3.2142857142857144
1437.0,3.2142857142857144
1438.0,3.2142857142857144
1439.0,3.2142857142857144
1440.0,3.2142857142857144
1441.0,3.2142857142857144
1442.0,3.1714285714285713
1443.0,3.2142857142857144
1444.0,3.2142857142857144
1445.0,3.2142857142857144
1446.0,3.2142857142857144
1447.0,3.1714285714285713
1448.0,3.2142857142857144
1449.0,3.2142857142857144
1450.0,3.2142857142857144
1451.0,3.2142857142857144
1452.0,3.2142857142857144
1453.0,3.1714285714285713
1454.0,3.2142857142857144
1455.0,3.2142857142857144
1456.0,3.2142857142857144
1457.0,3.2142857142857144
1458.0,3.2142857142857144
1459.0,3.1714285714285713
1460.0,3.2142857142857144
1461.0,3.1714285714285713
1462.0,3.2142857142857144
1463.0,3.2142857142857144
1464.0,3.2142857142857144
1465.0,3.2142857142857144
1466.0,3.2142857142857144
1467.0,3.1714285714285713
1468.0,3.2142857142857144
1469.0,3.2142857142857144
1470.0,3.2142857142857144
1471.0,3.1714285714285713
1472.0,3.2142857142857144
1473.0,3.1714285714285713
1474.0,3.2142857142857144
1475.0,3.2142857142857144
1476.0,3.2142857142857144
1477.0,3.2142857142857144
1478.0,3.2142857142857144
1479.0,3.2142857142857144
1480.0,3.2142857142857144
1481.0,3.2142857142857144
1482.0,3.2142857142857144
1483.0,3.2142857142857144
1484.0,3.2142857142857144
1485.0,3.1714285714285713
1486.0,3.2142857142857144
1487.0,3.2142857142857144
1488.0,3.2142857142857144
1489.0,3.1714285714285713
1490.0,3.1714285714285713
1491.0,3.1714285714285713
1492.0,3.2142857142857144
1493.0,3.1714285714285713
1494.0,3.2142857142857144
1495.0,3.1714285714285713
1496.0,3.1714285714285713
1497.0,3.1714285714285713
1498.0,3.1714285714285713
1499.0,3.1714285714285713
1500.0,3.2142857142857144
1501.0,3.1714285714285713
1502.0,3.2142857142857144
1503.0,3.1714285714285713
1504.0,3.1714285714285713
1505.0,3.2142857142857144
1506.0,3.2142857142857144
1507.0,3.2142857142857144
1508.0,3.1714285714285713
1509.0,3.1714285714285713
1510.0,3.1714285714285713
1511.0,3.2142857142857144
1512.0,3.1714285714285713
1513.0,3.2142857142857144
1514.0,3.1714285714285713
1515.0,3.2142857142857144
1516.0,3.2142857142857144
1517.0,3.2142857142857144
1518.0,3.2142857142857144
1519.0,3.2142857142857144
1520.0,3.2142857142857144
1521.0,3.2142857142857144
1522.0,3.2142857142857144
1523.0,3.2142857142857144
1524.0,3.2142857142857144
1525.0,3.1714285714285713
1526.0,3.1714285714285713
1527.0,3.2142857142857144
1528.0,3.1714285714285713
1529.0,3.2142857142857144
1530.0,3.2142857142857144
1531.0,3.2142857142857144
1532.0,3.1714285714285713
1533.0,3.1714285714285713
1534.0,3.1714285714285713
1535.0,3.1714285714285713
1536.0,3.1714285714285713
1537.0,3.1714285714285713
1538.0,3.2142857142857144
1539.0,3.1714285714285713
1540.0,3.1714285714285713
1541.0,3.1714285714285713
1542.0,3.1714285714285713
1543.0,3.1714285714285713
1544.0,3.1714285714285713
1545.0,3.1714285714285713
1546.0,3.1714285714285713
1547.0,3.1714285714285713
1548.0,3.1714285714285713
1549.0,3.1714285714285713
1550.0,3.1714285714285713
1551.0,3.1714285714285713
1552.0,3.1714285714285713
1553.0,3.2142857142857144
1554.0,3.2142857142857144
1555.0,3.2142857142857144
1556.0,3.2142857142857144
1557.0,3.1714285714285713
1558.0,3.1714285714285713
1559.0,3.2142857142857144
1560.0,3.2142857142857144
1561.0,3.2142857142857144
1562.0,3.2142857142857144
1563.0,3.2142857142857144
1564.0,3.2142857142857144
1565.0,3.2142857142857144
1566.0,3.2142857142857144
1567.0,3.1714285714285713
1568.0,3.1714285714285713
1569.0,3.2142857142857144
1570.0,3.2142857142857144
1571.0,3.1714285714285713
1572.0,3.1714285714285713
1573.0,3.1714285714285713
1574.0,3.1714285714285713
1575.0,3.1714285714285713
1576.0,3.1714285714285713
1577.0,3.1714285714285713
1578.0,3.1714285714285713
1579.0,3.1714285714285713
1580.0,3.1714285714285713
1581.0,3.1714285714285713
1582.0,3.1714285714285713
1583.0,3.1714285714285713
1584.0,3.1714285714285713
1585.0,3.1714285714285713
1586.0,3.1714285714285713
1587.0,3.1714285714285713
1588.0,3.1714285714285713
1589.0,3.1714285714285713
1590.0,3.1714285714285713
1591.0,3.1714285714285713
1592.0,3.1714285714285713
1593.0,3.1714285714285713
1594.0,3.1714285714285713
1595.0,3.1714285714285713
1596.0,3.1714285714285713
1597.0,3.2142857142857144
1598.0,3.1714285714285713
1599.0,3.1714285714285713
1600.0,3.2142857142857144
1601.0,3.1714285714285713
1602.0,3.1714285714285713
1603.0,3.2142857142857144
1604.0,3.1714285714285713
1605.0,3.1714285714285713
1606.0,3.2142857142857144
1607.0,3.1714285714285713
1608.0,3.1714285714285713
1609.0,3.1714285714285713
1610.0,3.2142857142857144
1611.0,3.1714285714285713
1612.0,3.1714285714285713
1613.0,3.1714285714285713
1614.0,3.1714285714285713
1615.0,3.1714285714285713
1616.0,3.1714285714285713
1617.0,3.1714285714285713
1618.0,3.1714285714285713
1619.0,3.1714285714285713
1620.0,3.1714285714285713
1621.0,3.1714285714285713
1622.0,3.1714285714285713
1623.0,3.1714285714285713
1624.0,3.1714285714285713
1625.0,3.1714285714285713
1626.0,3.1714285714285713
1627.0,3.1714285714285713
1628.0,3.1714285714285713
1629.0,3.1714285714285713
1630.0,3.1714285714285713
1631.0,3.1714285714285713
1632.0,3.1714285714285713
1633.0,3.1714285714285713
1634.0,3.1714285714285713
1635.0,3.1714285714285713
1636.0,3.1714285714285713
1637.0,3.1714285714285713
1638.0,3.1714285714285713
1639.0,3.1714285714285713
1640.0,3.1714285714285713
1641.0,3.1714285714285713
1642.0,3.1714285714285713
1643.0,3.1714285714285713
1644.0,3.1714285714285713
1645.0,3.1714285714285713
1646.0,3.1714285714285713
1647.0,3.1714285714285713
1648.0,3.1714285714285713
1649.0,3.1714285714285713
1650.0,3.1714285714285713
1651.0,3.1714285714285713
1652.0,3.1714285714285713
1653.0,3.1714285714285713
1654.0,3.1714285714285713
1655.0,3.1714285714285713
1656.0,3.1714285714285713
1657.0,3.1714285714285713
1658.0,3.1714285714285713
1659.0,3.1714285714285713
1660.0,3.1714285714285713
1661.0,3.1714285714285713
1662.0,3.1714285714285713
1663.0,3.1714285714285713
1664.0,3.1714285714285713
1665.0,3.1714285714285713
1666.0,3.1714285714285713
1667.0,3.1714285714285713
1668.0,3.1714285714285713
1669.0,3.1714285714285713
1670.0,3.1714285714285713
1671.0,3.1714285714285713
1672.0,3.1714285714285713
1673.0,3.1714285714285713
1674.0,3.1714285714285713
1675.0,3.1714285714285713
1676.0,3.1714285714285713
1677.0,3.1714285714285713
1678.0,3.1714285714285713
1679.0,3.1714285714285713
1680.0,3.1714285714285713
1681.0,3.1714285714285713
1682.0,3.1714285714285713
1683.0,3.1714285714285713
1684.0,3.1714285714285713
1685.0,3.1714285714285713
1686.0,3.1714285714285713
1687.0,3.1714285714285713
1688.0,3.1714285714285713
1689.0,3.1714285714285713
1690.0,3.1714285714285713
1691.0,3.1714285714285713
1692.0,3.1714285714285713
1693.0,3.1714285714285713
1694.0,3.1714285714285713
1695.0,3.1714285714285713
1696.0,3.1714285714285713
1697.0,3.1714285714285713
1698.0,3.1714285714285713
1699.0,3.2142857142857144
1700.0,3.1714285714285713
1701.0,3.1714285714285713
1702.0,3.1714285714285713
1703.0,3.1714285714285713
1704.0,3.1714285714285713
1705.0,3.1714285714285713
1706.0,3.1714285714285713
1707.0,3.1714285714285713
1708.0,3.2142857142857144
1709.0,3.1714285714285713
1710.0,3.1714285714285713
1711.0,3.1714285714285713
1712.0,3.1714285714285713
1713.0,3.1714285714285713
1714.0,3.1714285714285713
1715.0,3.1714285714285713
1716.0,3.1714285714285713
1717.0,3.1714285714285713
1718.0,3.1714285714285713
1719.0,3.1714285714285713
1720.0,3.1714285714285713
1721.0,3.1714285714285713
1722.0,3.1714285714285713
1723.0,3.1714285714285713
1724.0,3.1714285714285713
1725.0,3.1714285714285713
1726.0,3.1714285714285713
1727.0,3.1714285714285713
1728.0,3.1714285714285713
1729.0,3.1714285714285713
1730.0,3.1714285714285713
1731.0,3.1714285714285713
1732.0,3.1714285714285713
1733.0,3.1714285714285713
1734.0,3.1714285714285713
1735.0,3.1714285714285713
1736.0,3.1714285714285713
1737.0,3.1714285714285713
1738.0,3.1714285714285713
1739.0,3.1714285714285713
1740.0,3.1714285714285713
1741.0,3.1714285714285713
1742.0,3.1714285714285713
1743.0,3.1714285714285713
1744.0,3.1714285714285713
1745.0,3.1714285714285713
1746.0,3.1714285714285713
1747.0,3.1714285714285713
1748.0,3.1714285714285713
1749.0,3.1714285714285713
1750.0,3.1714285714285713
1751.0,3.1714285714285713
1752.0,3.1714285714285713
1753.0,3.1714285714285713
1754.0,3.1714285714285713
1755.0,3.1714285714285713
1756.0,3.1714285714285713
1757.0,3.1714285714285713
1758.0,3.1714285714285713
1759.0,3.1714285714285713
1760.0,3.1714285714285713
1761.0,3.1714285714285713
1762.0,3.1714285714285713
1763.0,3.1714285714285713
1764.0,3.1714285714285713
1765.0,3.1714285714285713
1766.0,3.1714285714285713
1767.0,3.1714285714285713
1768.0,3.1714285714285713
1769.0,3.1714285714285713
1770.0,3.1714285714285713
1771.0,3.1714285714285713
1772.0,3.1714285714285713
1773.0,3.1714285714285713
1774.0,3.1714285714285713
1775.0,3.1714285714285713
1776.0,3.1714285714285713
1777.0,3.1714285714285713
1778.0,3.1714285714285713
1779.0,3.1714285714285713
1780.0,3.1714285714285713
1781.0,3.1714285714285713
1782.0,3.1714285714285713
1783.0,3.1714285714285713
1784.0,3.1714285714285713
1785.0,3.1714285714285713
1786.0,3.1714285714285713
1787.0,3.1714285714285713
1788.0,3.1714285714285713
1789.0,3.1714285714285713
1790.0,3.1714285714285713
1791.0,3.1714285714285713
1792.0,3.1714285714285713
1793.0,3.1714285714285713
1794.0,3.1714285714285713
1795.0,3.1714285714285713
1796.0,3.1714285714285713
1797.0,3.1714285714285713
1798.0,3.1714285714285713
1799.0,3.1714285714285713
1800.0,3.1714285714285713
1801.0,3.1714285714285713
1802.0,3.1714285714285713
1803.0,3.1714285714285713
1804.0,3.1714285714285713
1805.0,3.1714285714285713
1806.0,3.1714285714285713
1807.0,3.1714285714285713
1808.0,3.1714285714285713
1809.0,3.1714285714285713
1810.0,3.1714285714285713
1811.0,3.1714285714285713
1812.0,3.1714285714285713
1813.0,3.1714285714285713
1814.0,3.1714285714285713
1815.0,3.1714285714285713
1816.0,3.1714285714285713
1817.0,3.1714285714285713
1818.0,3.1714285714285713
1819.0,3.1714285714285713
1820.0,3.1714285714285713
1821.0,3.1285714285714286
1822.0,3.1714285714285713
1823.0,3.1714285714285713
1824.0,3.1714285714285713
1825.0,3.1714285714285713
1826.0,3.1714285714285713
1827.0,3.1714285714285713
1828.0,3.1714285714285713
1829.0,3.1714285714285713
1830.0,3.1714285714285713
1831.0,3.1714285714285713
1832.0,3.1714285714285713
1833.0,3.1714285714285713
1834.0,3.1714285714285713
1835.0,3.1714285714285713
1836.0,3.1714285714285713
1837.0,3.1714285714285713
1838.0,3.1714285714285713
1839.0,3.1714285714285713
1840.0,3.1714285714285713
1841.0,3.1714285714285713
1842.0,3.1714285714285713
1843.0,3.1714285714285713
1844.0,3.1714285714285713
1845.0,3.1714285714285713
1846.0,3.1714285714285713
1847.0,3.1714285714285713
1848.0,3.1714285714285713
1849.0,3.1714285714285713
1850.0,3.1714285714285713
1851.0,3.1714285714285713
1852.0,3.1714285714285713
1853.0,3.1714285714285713
1854.0,3.1714285714285713
1855.0,3.1714285714285713
1856.0,3.1714285714285713
1857.0,3.1714285714285713
1858.0,3.1714285714285713
1859.0,3.1714285714285713
1860.0,3.1714285714285713
1861.0,3.1714285714285713
1862.0,3.1714285714285713
1863.0,3.1714285714285713
1864.0,3.1714285714285713
1865.0,3.1714285714285713
1866.0,3.1714285714285713
1867.0,3.1714285714285713
1868.0,3.1714285714285713
1869.0,3.1714285714285713
1870.0,3.1714285714285713
1871.0,3.1714285714285713
1872.0,3.1714285714285713
1873.0,3.1714285714285713
1874.0,3.1714285714285713
1875.0,3.1714285714285713
1876.0,3.1714285714285713
1877.0,3.1714285714285713
1878.0,3.1714285714285713
1879.0,3.1714285714285713
1880.0,3.1714285714285713
1881.0,3.1714285714285713
1882.0,3.1714285714285713
1883.0,3.1714285714285713
1884.0,3.1714285714285713
1885.0,3.1714285714285713
1886.0,3.1714285714285713
1887.0,3.1714285714285713
1888.0,3.1714285714285713
1889.0,3.1714285714285713
1890.0,3.1714285714285713
1891.0,3.1714285714285713
1892.0,3.1714285714285713
1893.0,3.1714285714285713
1894.0,3.1714285714285713
1895.0,3.1714285714285713
1896.0,3.1714285714285713
1897.0,3.1714285714285713
1898.0,3.1714285714285713
1899.0,3.1714285714285713
1900.0,3.1714285714285713
1901.0,3.1714285714285713
1902.0,3.1714285714285713
1903.0,3.1714285714285713
1904.0,3.1714285714285713
1905.0,3.1714285714285713
1906.0,3.1714285714285713
1907.0,3.1714285714285713
1908.0,3.1714285714285713
1909.0,3.1714285714285713
1910.0,3.1714285714285713
1911.0,3.1714285714285713
1912.0,3.1714285714285713
1913.0,3.1714285714285713
1914.0,3.1714285714285713
1915.0,3.1714285714285713
1916.0,3.1714285714285713
1917.0,3.1714285714285713
1918.0,3.1714285714285713
1919.0,3.1714285714285713
1920.0,3.1714285714285713
1921.0,3.1285714285714286
1922.0,3.1714285714285713
1923.0,3.1714285714285713
1924.0,3.1285714285714286
1925.0,3.1714285714285713
1926.0,3.1714285714285713
1927.0,3.1714285714285713
1928.0,3.1714285714285713
1929.0,3.1714285714285713
1930.0,3.1714285714285713
1931.0,3.1714285714285713
1932.0,3.1714285714285713
1933.0,3.1714285714285713
1934.0,3.1714285714285713
1935.0,3.1714285714285713
1936.0,3.1714285714285713
1937.0,3.1714285714285713
1938.0,3.1714285714285713
1939.0,3.1714285714285713
1940.0,3.1714285714285713
1941.0,3.1714285714285713
1942.0,3.1714285714285713
1943.0,3.1714285714285713
1944.0,3.1714285714285713
1945.0,3.1714285714285713
1946.0,3.1714285714285713
1947.0,3.1714285714285713
1948.0,3.1714285714285713
1949.0,3.1714285714285713
1950.0,3.1714285714285713
1951.0,3.1714285714285713
1952.0,3.1714285714285713
1953.0,3.1714285714285713
1954.0,3.1714285714285713
1955.0,3.1714285714285713
1956.0,3.1714285714285713
1957.0,3.1714285714285713
1958.0,3.1714285714285713
1959.0,3.1714285714285713
1960.0,3.1714285714285713
1961.0,3.1714285714285713
1962.0,3.1714285714285713
1963.0,3.1714285714285713
1964.0,3.1714285714285713
1965.0,3.1714285714285713
1966.0,3.1285714285714286
1967.0,3.1285714285714286
1968.0,3.1714285714285713
1969.0,3.1714285714285713
1970.0,3.1285714285714286
1971.0,3.1714285714285713
1972.0,3.1714285714285713
1973.0,3.1714285714285713
1974.0,3.1714285714285713
1975.0,3.1714285714285713
1976.0,3.1714285714285713
1977.0,3.1714285714285713
1978.0,3.1714285714285713
1979.0,3.1714285714285713
1980.0,3.1714285714285713
1981.0,3.1714285714285713
1982.0,3.1714285714285713
1983.0,3.1714285714285713
1984.0,3.1714285714285713
1985.0,3.1714285714285713
1986.0,3.1714285714285713
1987.0,3.1714285714285713
1988.0,3.1714285714285713
1989.0,3.1714285714285713
1990.0,3.1714285714285713
1991.0,3.1714285714285713
1992.0,3.1714285714285713
1993.0,3.1714285714285713
1994.0,3.1714285714285713
1995.0,3.1714285714285713
1996.0,3.1714285714285713
1997.0,3.1714285714285713
1998.0,3.1714285714285713
1999.0,3.1714285714285713
2000.0,3.1714285714285713
2001.0,3.1714285714285713
2002.0,3.1714285714285713
2003.0,3.1714285714285713
2004.0,3.1714285714285713
2005.0,3.1714285714285713
2006.0,3.1285714285714286
2007.0,3.1714285714285713
2008.0,3.1285714285714286
2009.0,3.1285714285714286
2010.0,3.1714285714285713
2011.0,3.1714285714285713
2012.0,3.1714285714285713
2013.0,3.1714285714285713
2014.0,3.1714285714285713
2015.0,3.1714285714285713
2016.0,3.1714285714285713
2017.0,3.1714285714285713
2018.0,3.1714285714285713
2019.0,3.1714285714285713
2020.0,3.1714285714285713
2021.0,3.1714285714285713
2022.0,3.1714285714285713
2023.0,3.1714285714285713
2024.0,3.1714285714285713
2025.0,3.1714285714285713
2026.0,3.1714285714285713
2027.0,3.1714285714285713
2028.0,3.1714285714285713
2029.0,3.1714285714285713
2030.0,3.1714285714285713
2031.0,3.1714285714285713
2032.0,3.1714285714285713
2033.0,3.1714285714285713
2034.0,3.1714285714285713
2035.0,3.1714285714285713
2036.0,3.1714285714285713
2037.0,3.1714285714285713
2038.0,3.1714285714285713
2039.0,3.1714285714285713
2040.0,3.1714285714285713
2041.0,3.1714285714285713
2042.0,3.1285714285714286
2043.0,3.1285714285714286
2044.0,3.1714285714285713
2045.0,3.1714285714285713
2046.0,3.1714285714285713
2047.0,3.1714285714285713
2048.0,3.1714285714285713
2049.0,3.1714285714285713
2050.0,3.1714285714285713
2051.0,3.1714285714285713
2052.0,3.1714285714285713
2053.0,3.1714285714285713
2054.0,3.1714285714285713
2055.0,3.1714285714285713
2056.0,3.1714285714285713
2057.0,3.1714285714285713
2058.0,3.1714285714285713
2059.0,3.1714285714285713
2060.0,3.1714285714285713
2061.0,3.1714285714285713
2062.0,3.1714285714285713
2063.0,3.1714285714285713
2064.0,3.1714285714285713
2065.0,3.1714285714285713
2066.0,3.1714285714285713
2067.0,3.1714285714285713
2068.0,3.1714285714285713
2069.0,3.1714285714285713
2070.0,3.1714285714285713
2071.0,3.1714285714285713
2072.0,3.1714285714285713
2073.0,3.1714285714285713
2074.0,3.1714285714285713
2075.0,3.1714285714285713
2076.0,3.1714285714285713
2077.0,3.1714285714285713
2078.0,3.1714285714285713
2079.0,3.1714285714285713
2080.0,3.1714285714285713
2081.0,3.1714285714285713
2082.0,3.1714285714285713
2083.0,3.1714285714285713
2084.0,3.1714285714285713
2085.0,3.1714285714285713
2086.0,3.1714285714285713
2087.0,3.1714285714285713
2088.0,3.1714285714285713
2089.0,3.1714285714285713
2090.0,3.1714285714285713
2091.0,3.1714285714285713
2092.0,3.1714285714285713
2093.0,3.1714285714285713
2094.0,3.1714285714285713
2095.0,3.1714285714285713
2096.0,3.1714285714285713
2097.0,3.1714285714285713
2098.0,3.1714285714285713
2099.0,3.1714285714285713
2100.0,3.1714285714285713
2101.0,3.1714285714285713
2102.0,3.1714285714285713
2103.0,3.1285714285714286
2104.0,3.1285714285714286
2105.0,3.1285714285714286
2106.0,3.1285714285714286
2107.0,3.1285714285714286
2108.0,3.1285714285714286
2109.0,3.1285714285714286
2110.0,3.1285714285714286
2111.0,3.1285714285714286
2112.0,3.1714285714285713
2113.0,3.1714285714285713
2114.0,3.1714285714285713
2115.0,3.1714285714285713
2116.0,3.1714285714285713
2117.0,3.1714285714285713
2118.0,3.1714285714285713
2119.0,3.1714285714285713
2120.0,3.1714285714285713
2121.0,3.1714285714285713
2122.0,3.1714285714285713
2123.0,3.1714285714285713
2124.0,3.1714285714285713
2125.0,3.1714285714285713
2126.0,3.1714285714285713
2127.0,3.1714285714285713
2128.0,3.1714285714285713
2129.0,3.1714285714285713
2130.0,3.1714285714285713
2131.0,3.1714285714285713
2132.0,3.1714285714285713
2133.0,3.1285714285714286
2134.0,3.1714285714285713
2135.0,3.1714285714285713
2136.0,3.1714285714285713
2137.0,3.1285714285714286
2138.0,3.1285714285714286
2139.0,3.1285714285714286
2140.0,3.1285714285714286
2141.0,3.1714285714285713
2142.0,3.1714285714285713
2143.0,3.1285714285714286
2144.0,3.1285714285714286
2145.0,3.1285714285714286
2146.0,3.1285714285714286
2147.0,3.1285714285714286
2148.0,3.1714285714285713
2149.0,3.1285714285714286
2150.0,3.1285714285714286
2151.0,3.1285714285714286
2152.0,3.1285714285714286
2153.0,3.1285714285714286
2154.0,3.1285714285714286
2155.0,3.1714285714285713
2156.0,3.1285714285714286
2157.0,3.1714285714285713
2158.0,3.1714285714285713
2159.0,3.1714285714285713
2160.0,3.1714285714285713
2161.0,3.1714285714285713
2162.0,3.1714285714285713
2163.0,3.1714285714285713
2164.0,3.1285714285714286
2165.0,3.1714285714285713
2166.0,3.1714285714285713
2167.0,3.1714285714285713
2168.0,3.1714285714285713
2169.0,3.1714285714285713
2170.0,3.1714285714285713
2171.0,3.1714285714285713
2172.0,3.1714285714285713
2173.0,3.1714285714285713
2174.0,3.1714285714285713
2175.0,3.1714285714285713
2176.0,3.1714285714285713
2177.0,3.1714285714285713
2178.0,3.1714285714285713
2179.0,3.1714285714285713
2180.0,3.1714285714285713
2181.0,3.1714285714285713
2182.0,3.1714285714285713
2183.0,3.1714285714285713
2184.0,3.1714285714285713
2185.0,3.1714285714285713
2186.0,3.1285714285714286
2187.0,3.1714285714285713
2188.0,3.1714285714285713
2189.0,3.1714285714285713
2190.0,3.1714285714285713
2191.0,3.1285714285714286
2192.0,3.1285714285714286
2193.0,3.1285714285714286
2194.0,3.1714285714285713
2195.0,3.1714285714285713
2196.0,3.1714285714285713
2197.0,3.1714285714285713
2198.0,3.1714285714285713
2199.0,3.1714285714285713
2200.0,3.1714285714285713
2201.0,3.1714285714285713
2202.0,3.1714285714285713
2203.0,3.1714285714285713
2204.0,3.1714285714285713
2205.0,3.1285714285714286
2206.0,3.1714285714285713
2207.0,3.1714285714285713
2208.0,3.1714285714285713
2209.0,3.1285714285714286
2210.0,3.1714285714285713
2211.0,3.1714285714285713
2212.0,3.1714285714285713
2213.0,3.1285714285714286
2214.0,3.1714285714285713
2215.0,3.1714285714285713
2216.0,3.1714285714285713
2217.0,3.1285714285714286
2218.0,3.1714285714285713
2219.0,3.1285714285714286
2220.0,3.1714285714285713
2221.0,3.1285714285714286
2222.0,3.1285714285714286
2223.0,3.1714285714285713
2224.0,3.1714285714285713
2225.0,3.1714285714285713
2226.0,3.1714285714285713
2227.0,3.1714285714285713
2228.0,3.1714285714285713
2229.0,3.1285714285714286
2230.0,3.1714285714285713
2231.0,3.1714285714285713
2232.0,3.1714285714285713
2233.0,3.1714285714285713
2234.0,3.1714285714285713
2235.0,3.1714285714285713
2236.0,3.1714285714285713
2237.0,3.1714285714285713
2238.0,3.1714285714285713
2239.0,3.1714285714285713
2240.0,3.1714285714285713
2241.0,3.1714285714285713
2242.0,3.1714285714285713
2243.0,3.1714285714285713
2244.0,3.1714285714285713
2245.0,3.1714285714285713
2246.0,3.1714285714285713
2247.0,3.1285714285714286
2248.0,3.1285714285714286
2249.0,3.1285714285714286
2250.0,3.1714285714285713
2251.0,3.1714285714285713
2252.0,3.1714285714285713
2253.0,3.1714285714285713
2254.0,3.1714285714285713
2255.0,3.1714285714285713
2256.0,3.1714285714285713
2257.0,3.1714285714285713
2258.0,3.1714285714285713
2259.0,3.1714285714285713
2260.0,3.1714285714285713
2261.0,3.1714285714285713
2262.0,3.1714285714285713
2263.0,3.1714285714285713
2264.0,3.1714285714285713
2265.0,3.1714285714285713
2266.0,3.1714285714285713
2267.0,3.1285714285714286
2268.0,3.1714285714285713
2269.0,3.1714285714285713
2270.0,3.1714285714285713
2271.0,3.1714285714285713
2272.0,3.1714285714285713
2273.0,3.1714285714285713
2274.0,3.1714285714285713
2275.0,3.1714285714285713
2276.0,3.1714285714285713
2277.0,3.1285714285714286
2278.0,3.1285714285714286
2279.0,3.1714285714285713
2280.0,3.1714285714285713
2281.0,3.1285714285714286
2282.0,3.1285714285714286
2283.0,3.1285714285714286
2284.0,3.1714285714285713
2285.0,3.1285714285714286
2286.0,3.1714285714285713
2287.0,3.1714285714285713
2288.0,3.1714285714285713
2289.0,3.1285714285714286
2290.0,3.1285714285714286
2291.0,3.1714285714285713
2292.0,3.1714285714285713
2293.0,3.1714285714285713
2294.0,3.1714285714285713
2295.0,3.1714285714285713
2296.0,3.1714285714285713
2297.0,3.1714285714285713
2298.0,3.1714285714285713
2299.0,3.1285714285714286
2300.0,3.1714285714285713
2301.0,3.1714285714285713
2302.0,3.1285714285714286
2303.0,3.1714285714285713
2304.0,3.1714285714285713
2305.0,3.1285714285714286
2306.0,3.1285714285714286
2307.0,3.1714285714285713
2308.0,3.1285714285714286
2309.0,3.1285714285714286
2310.0,3.1714285714285713
2311.0,3.1285714285714286
2312.0,3.1714285714285713
2313.0,3.1285714285714286
2314.0,3.1285714285714286
2315.0,3.1285714285714286
2316.0,3.1714285714285713
2317.0,3.1285714285714286
2318.0,3.085714285714286
2319.0,3.1714285714285713
2320.0,3.1714285714285713
2321.0,3.1714285714285713
2322.0,3.1714285714285713
2323.0,3.1285714285714286
2324.0,3.1285714285714286
2325.0,3.1285714285714286
2326.0,3.1285714285714286
2327.0,3.1285714285714286
2328.0,3.1285714285714286
2329.0,3.1285714285714286
2330.0,3.1285714285714286
2331.0,3.1285714285714286
2332.0,3.1285714285714286
2333.0,3.1285714285714286
2334.0,3.1285714285714286
2335.0,3.1285714285714286
2336.0,3.1285714285714286
2337.0,3.1285714285714286
2338.0,3.1285714285714286
2339.0,3.1285714285714286
2340.0,3.1285714285714286
2341.0,3.1285714285714286
2342.0,3.1714285714285713
2343.0,3.1285714285714286
2344.0,3.1714285714285713
2345.0,3.1714285714285713
2346.0,3.1714285714285713
2347.0,3.1714285714285713
2348.0,3.1714285714285713
2349.0,3.1714285714285713
2350.0,3.1714285714285713
2351.0,3.1285714285714286
2352.0,3.1285714285714286
2353.0,3.1285714285714286
2354.0,3.1285714285714286
2355.0,3.1714285714285713
2356.0,3.1285714285714286
2357.0,3.1714285714285713
2358.0,3.1285714285714286
2359.0,3.1714285714285713
2360.0,3.1285714285714286
2361.0,3.1714285714285713
2362.0,3.1285714285714286
2363.0,3.1714285714285713
2364.0,3.1714285714285713
2365.0,3.1714285714285713
2366.0,3.1285714285714286
2367.0,3.1285714285714286
2368.0,3.1285714285714286
2369.0,3.1285714285714286
2370.0,3.1285714285714286
2371.0,3.1285714285714286
2372.0,3.1285714285714286
2373.0,3.1285714285714286
2374.0,3.1285714285714286
2375.0,3.1285714285714286
2376.0,3.1285714285714286
2377.0,3.1285714285714286
2378.0,3.1285714285714286
2379.0,3.1285714285714286
2380.0,3.1285714285714286
2381.0,3.1285714285714286
2382.0,3.1285714285714286
2383.0,3.1285714285714286
2384.0,3.1285714285714286
2385.0,3.1285714285714286
2386.0,3.1285714285714286
2387.0,3.085714285714286
2388.0,3.1714285714285713
2389.0,3.1285714285714286
2390.0,3.1714285714285713
2391.0,3.1714285714285713
2392.0,3.1714285714285713
2393.0,3.1714285714285713
2394.0,3.1285714285714286
2395.0,3.1714285714285713
2396.0,3.1714285714285713
2397.0,3.1285714285714286
2398.0,3.1714285714285713
2399.0,3.1285714285714286
2400.0,3.1285714285714286
2401.0,3.1714285714285713
2402.0,3.1714285714285713
2403.0,3.1714285714285713
2404.0,3.1714285714285713
2405.0,3.1714285714285713
2406.0,3.1714285714285713
2407.0,3.1285714285714286
2408.0,3.1285714285714286
2409.0,3.1285714285714286
2410.0,3.1285714285714286
2411.0,3.1285714285714286
2412.0,3.1285714285714286
2413.0,3.1285714285714286
2414.0,3.1285714285714286
2415.0,3.1285714285714286
2416.0,3.1285714285714286
2417.0,3.1285714285714286
2418.0,3.1285714285714286
2419.0,3.1285714285714286
2420.0,3.1285714285714286
2421.0,3.1285714285714286
2422.0,3.1285714285714286
2423.0,3.1285714285714286
2424.0,3.1285714285714286
2425.0,3.1285714285714286
2426.0,3.1285714285714286
2427.0,3.1285714285714286
2428.0,3.1285714285714286
2429.0,3.1285714285714286
2430.0,3.1285714285714286
2431.0,3.1285714285714286
2432.0,3.1285714285714286
2433.0,3.085714285714286
2434.0,3.1285714285714286
2435.0,3.1285714285714286
2436.0,3.1285714285714286
2437.0,3.1285714285714286
2438.0,3.1285714285714286
2439.0,3.1285714285714286
2440.0,3.1285714285714286
2441.0,3.1285714285714286
2442.0,3.1285714285714286
2443.0,3.1285714285714286
2444.0,3.1285714285714286
2445.0,3.1285714285714286
2446.0,3.1285714285714286
2447.0,3.1285714285714286
2448.0,3.1714285714285713
2449.0,3.1285714285714286
2450.0,3.1285714285714286
2451.0,3.1285714285714286
2452.0,3.1285714285714286
2453.0,3.1285714285714286
2454.0,3.1285714285714286
2455.0,3.1285714285714286
2456.0,3.1285714285714286
2457.0,3.1285714285714286
2458.0,3.1285714285714286
2459.0,3.1285714285714286
2460.0,3.1285714285714286
2461.0,3.1285714285714286
2462.0,3.1285714285714286
2463.0,3.085714285714286
2464.0,3.1285714285714286
2465.0,3.1714285714285713
2466.0,3.1714285714285713
2467.0,3.1714285714285713
2468.0,3.1285714285714286
2469.0,3.1285714285714286
2470.0,3.1285714285714286
2471.0,3.1285714285714286
2472.0,3.1285714285714286
2473.0,3.1285714285714286
2474.0,3.1714285714285713
2475.0,3.1285714285714286
2476.0,3.1714285714285713
2477.0,3.1714285714285713
2478.0,3.1285714285714286
2479.0,3.1285714285714286
2480.0,3.085714285714286
2481.0,3.1285714285714286
2482.0,3.1285714285714286
2483.0,3.1285714285714286
2484.0,3.085714285714286
2485.0,3.1285714285714286
2486.0,3.1285714285714286
2487.0,3.1285714285714286
2488.0,3.1285714285714286
2489.0,3.1285714285714286
2490.0,3.1285714285714286
2491.0,3.1285714285714286
2492.0,3.1714285714285713
2493.0,3.1285714285714286
2494.0,3.1714285714285713
2495.0,3.085714285714286
2496.0,3.1285714285714286
2497.0,3.1714285714285713
2498.0,3.1285714285714286
2499.0,3.1285714285714286
2500.0,3.1714285714285713
2501.0,3.1285714285714286
2502.0,3.1285714285714286
2503.0,3.1285714285714286
2504.0,3.1285714285714286
2505.0,3.1285714285714286
2506.0,3.085714285714286
2507.0,3.1285714285714286
2508.0,3.1285714285714286
2509.0,3.1285714285714286
2510.0,3.1285714285714286
2511.0,3.1285714285714286
2512.0,3.1285714285714286
2513.0,3.1285714285714286
2514.0,3.1285714285714286
2515.0,3.1285714285714286
2516.0,3.1285714285714286
2517.0,3.1285714285714286
2518.0,3.1285714285714286
2519.0,3.1285714285714286
2520.0,3.1285714285714286
2521.0,3.1285714285714286
2522.0,3.1285714285714286
2523.0,3.1285714285714286
2524.0,3.1285714285714286
2525.0,3.1285714285714286
2526.0,3.1285714285714286
2527.0,3.1285714285714286
2528.0,3.1285714285714286
2529.0,3.1285714285714286
2530.0,3.1285714285714286
2531.0,3.1285714285714286
2532.0,3.1285714285714286
2533.0,3.1285714285714286
2534.0,3.1285714285714286
2535.0,3.1285714285714286
2536.0,3.1285714285714286
2537.0,3.1285714285714286
2538.0,3.1285714285714286
2539.0,3.1285714285714286
2540.0,3.1285714285714286
2541.0,3.1285714285714286
2542.0,3.1285714285714286
2543.0,3.1285714285714286
2544.0,3.1285714285714286
2545.0,3.1285714285714286
2546.0,3.1285714285714286
2547.0,3.1285714285714286
2548.0,3.1285714285714286
2549.0,3.1285714285714286
2550.0,3.1285714285714286
2551.0,3.1285714285714286
2552.0,3.1285714285714286
2553.0,3.1285714285714286
2554.0,3.1285714285714286
2555.0,3.1285714285714286
2556.0,3.085714285714286
2557.0,3.1285714285714286
2558.0,3.1285714285714286
2559.0,3.1285714285714286
2560.0,3.1285714285714286
2561.0,3.1285714285714286
2562.0,3.085714285714286
2563.0,3.1285714285714286
2564.0,3.1285714285714286
2565.0,3.1285714285714286
2566.0,3.1285714285714286
2567.0,3.1285714285714286
2568.0,3.1285714285714286
2569.0,3.1285714285714286
2570.0,3.1285714285714286
2571.0,3.1285714285714286
2572.0,3.1285714285714286
2573.0,3.1285714285714286
2574.0,3.1285714285714286
2575.0,3.1285714285714286
2576.0,3.1285714285714286
2577.0,3.1285714285714286
2578.0,3.1285714285714286
2579.0,3.1285714285714286
2580.0,3.1285714285714286
2581.0,3.1285714285714286
2582.0,3.1285714285714286
2583.0,3.1285714285714286
2584.0,3.085714285714286
2585.0,3.1285714285714286
2586.0,3.085714285714286
2587.0,3.085714285714286
2588.0,3.1285714285714286
2589.0,3.085714285714286
2590.0,3.1285714285714286
2591.0,3.085714285714286
2592.0,3.085714285714286
2593.0,3.1285714285714286
2594.0,3.1285714285714286
2595.0,3.085714285714286
2596.0,3.1285714285714286
2597.0,3.1285714285714286
2598.0,3.085714285714286
2599.0,3.1285714285714286
2600.0,3.1285714285714286
2601.0,3.1285714285714286
2602.0,3.1285714285714286
2603.0,3.1285714285714286
2604.0,3.085714285714286
2605.0,3.1285714285714286
2606.0,3.1285714285714286
2607.0,3.1285714285714286
2608.0,3.085714285714286
2609.0,3.085714285714286
2610.0,3.085714285714286
2611.0,3.085714285714286
2612.0,3.1285714285714286
2613.0,3.085714285714286
2614.0,3.085714285714286
2615.0,3.1285714285714286
2616.0,3.085714285714286
2617.0,3.1285714285714286
2618.0,3.1285714285714286
2619.0,3.1285714285714286
2620.0,3.1285714285714286
2621.0,3.1285714285714286
2622.0,3.085714285714286
2623.0,3.1285714285714286
2624.0,3.1285714285714286
2625.0,3.1285714285714286
2626.0,3.1285714285714286
2627.0,3.1285714285714286
2628.0,3.1285714285714286
2629.0,3.085714285714286
2630.0,3.1285714285714286
2631.0,3.1285714285714286
2632.0,3.1285714285714286
2633.0,3.1285714285714286
2634.0,3.1285714285714286
2635.0,3.085714285714286
2636.0,3.1285714285714286
2637.0,3.1285714285714286
2638.0,3.1285714285714286
2639.0,3.085714285714286
2640.0,3.085714285714286
2641.0,3.085714285714286
2642.0,3.1285714285714286
2643.0,3.085714285714286
2644.0,3.1285714285714286
2645.0,3.1285714285714286
2646.0,3.085714285714286
2647.0,3.085714285714286
2648.0,3.085714285714286
2649.0,3.1285714285714286
2650.0,3.085714285714286
2651.0,3.1285714285714286
2652.0,3.1285714285714286
2653.0,3.085714285714286
2654.0,3.085714285714286
2655.0,3.085714285714286
2656.0,3.085714285714286
2657.0,3.085714285714286
2658.0,3.1285714285714286
2659.0,3.1285714285714286
2660.0,3.1285714285714286
2661.0,3.1285714285714286
2662.0,3.1285714285714286
2663.0,3.085714285714286
2664.0,3.1285714285714286
2665.0,3.1285714285714286
2666.0,3.1285714285714286
2667.0,3.1285714285714286
2668.0,3.1285714285714286
2669.0,3.1285714285714286
2670.0,3.1285714285714286
2671.0,3.1285714285714286
2672.0,3.1285714285714286
2673.0,3.085714285714286
2674.0,3.1285714285714286
2675.0,3.1285714285714286
2676.0,3.1285714285714286
2677.0,3.1285714285714286
2678.0,3.1285714285714286
2679.0,3.1285714285714286
2680.0,3.1285714285714286
2681.0,3.085714285714286
2682.0,3.085714285714286
2683.0,3.085714285714286
2684.0,3.1285714285714286
2685.0,3.085714285714286
2686.0,3.1285714285714286
2687.0,3.085714285714286
2688.0,3.085714285714286
2689.0,3.085714285714286
2690.0,3.085714285714286
2691.0,3.085714285714286
2692.0,3.085714285714286
2693.0,3.085714285714286
2694.0,3.085714285714286
2695.0,3.085714285714286
2696.0,3.085714285714286
2697.0,3.085714285714286
2698.0,3.085714285714286
2699.0,3.085714285714286
2700.0,3.085714285714286
2701.0,3.085714285714286
2702.0,3.1285714285714286
2703.0,3.1285714285714286
2704.0,3.1285714285714286
2705.0,3.1285714285714286
2706.0,3.1285714285714286
2707.0,3.1285714285714286
2708.0,3.1285714285714286
2709.0,3.1285714285714286
2710.0,3.1285714285714286
2711.0,3.1285714285714286
2712.0,3.1285714285714286
2713.0,3.1285714285714286
2714.0,3.1285714285714286
2715.0,3.1285714285714286
2716.0,3.1285714285714286
2717.0,3.1285714285714286
2718.0,3.1285714285714286
2719.0,3.1285714285714286
2720.0,3.1285714285714286
2721.0,3.085714285714286
2722.0,3.085714285714286
2723.0,3.085714285714286
2724.0,3.085714285714286
2725.0,3.085714285714286
2726.0,3.085714285714286
2727.0,3.085714285714286
2728.0,3.085714285714286
2729.0,3.1285714285714286
2730.0,3.1285714285714286
2731.0,3.085714285714286
2732.0,3.085714285714286
2733.0,3.1285714285714286
2734.0,3.085714285714286
2735.0,3.1285714285714286
2736.0,3.085714285714286
2737.0,3.085714285714286
2738.0,3.085714285714286
2739.0,3.085714285714286
2740.0,3.1285714285714286
2741.0,3.085714285714286
2742.0,3.085714285714286
2743.0,3.085714285714286
2744.0,3.085714285714286
2745.0,3.1285714285714286
2746.0,3.1285714285714286
2747.0,3.1285714285714286
2748.0,3.1285714285714286
2749.0,3.1285714285714286
2750.0,3.085714285714286
2751.0,3.085714285714286
2752.0,3.1285714285714286
2753.0,3.1285714285714286
2754.0,3.1285714285714286
2755.0,3.1285714285714286
2756.0,3.1285714285714286
2757.0,3.1285714285714286
2758.0,3.1285714285714286
2759.0,3.1285714285714286
2760.0,3.1285714285714286
2761.0,3.1285714285714286
2762.0,3.1285714285714286
2763.0,3.1285714285714286
2764.0,3.1285714285714286
2765.0,3.1285714285714286
2766.0,3.085714285714286
2767.0,3.085714285714286
2768.0,3.085714285714286
2769.0,3.085714285714286
2770.0,3.085714285714286
2771.0,3.085714285714286
2772.0,3.085714285714286
2773.0,3.085714285714286
2774.0,3.085714285714286
2775.0,3.085714285714286
2776.0,3.085714285714286
2777.0,3.085714285714286
2778.0,3.085714285714286
2779.0,3.085714285714286
2780.0,3.085714285714286
2781.0,3.085714285714286
2782.0,3.085714285714286
2783.0,3.1285714285714286
2784.0,3.085714285714286
2785.0,3.085714285714286
2786.0,3.085714285714286
2787.0,3.1285714285714286
2788.0,3.085714285714286
2789.0,3.085714285714286
2790.0,3.085714285714286
2791.0,3.085714285714286
2792.0,3.085714285714286
2793.0,3.085714285714286
2794.0,3.085714285714286
2795.0,3.1285714285714286
2796.0,3.1285714285714286
2797.0,3.1285714285714286
2798.0,3.1285714285714286
2799.0,3.1285714285714286
2800.0,3.1285714285714286
2801.0,3.1285714285714286
2802.0,3.1285714285714286
2803.0,3.1285714285714286
2804.0,3.1285714285714286
2805.0,3.1285714285714286
2806.0,3.1285714285714286
2807.0,3.1285714285714286
2808.0,3.1285714285714286
2809.0,3.085714285714286
2810.0,3.085714285714286
2811.0,3.1285714285714286
2812.0,3.085714285714286
2813.0,3.085714285714286
2814.0,3.085714285714286
2815.0,3.085714285714286
2816.0,3.085714285714286
2817.0,3.085714285714286
2818.0,3.085714285714286
2819.0,3.085714285714286
2820.0,3.085714285714286
2821.0,3.085714285714286
2822.0,3.085714285714286
2823.0,3.085714285714286
2824.0,3.085714285714286
2825.0,3.085714285714286
2826.0,3.085714285714286
2827.0,3.085714285714286
2828.0,3.085714285714286
2829.0,3.085714285714286
2830.0,3.1285714285714286
2831.0,3.1285714285714286
2832.0,3.1285714285714286
2833.0,3.1285714285714286
2834.0,3.1285714285714286
2835.0,3.1285714285714286
2836.0,3.1285714285714286
2837.0,3.085714285714286
2838.0,3.1285714285714286
2839.0,3.085714285714286
2840.0,3.1285714285714286
2841.0,3.085714285714286
2842.0,3.1285714285714286
2843.0,3.085714285714286
2844.0,3.085714285714286
2845.0,3.085714285714286
2846.0,3.1285714285714286
2847.0,3.1285714285714286
2848.0,3.1285714285714286
2849.0,3.085714285714286
2850.0,3.085714285714286
2851.0,3.085714285714286
2852.0,3.085714285714286
2853.0,3.085714285714286
2854.0,3.085714285714286
2855.0,3.085714285714286
2856.0,3.085714285714286
2857.0,3.085714285714286
2858.0,3.085714285714286
2859.0,3.085714285714286
2860.0,3.085714285714286
2861.0,3.085714285714286
2862.0,3.085714285714286
2863.0,3.085714285714286
2864.0,3.085714285714286
2865.0,3.085714285714286
2866.0,3.085714285714286
2867.0,3.085714285714286
2868.0,3.085714285714286
2869.0,3.085714285714286
2870.0,3.085714285714286
2871.0,3.085714285714286
2872.0,3.085714285714286
2873.0,3.1285714285714286
2874.0,3.085714285714286
2875.0,3.085714285714286
2876.0,3.085714285714286
2877.0,3.085714285714286
2878.0,3.085714285714286
2879.0,3.085714285714286
2880.0,3.1285714285714286
2881.0,3.1285714285714286
2882.0,3.1285714285714286
2883.0,3.1285714285714286
2884.0,3.085714285714286
2885.0,3.085714285714286
2886.0,3.085714285714286
2887.0,3.085714285714286
2888.0,3.085714285714286
2889.0,3.1285714285714286
2890.0,3.085714285714286
2891.0,3.1285714285714286
2892.0,3.1285714285714286
2893.0,3.1285714285714286
2894.0,3.085714285714286
2895.0,3.1285714285714286
2896.0,3.085714285714286
2897.0,3.085714285714286
2898.0,3.1285714285714286
2899.0,3.085714285714286
2900.0,3.085714285714286
2901.0,3.085714285714286
2902.0,3.085714285714286
2903.0,3.085714285714286
2904.0,3.085714285714286
2905.0,3.085714285714286
2906.0,3.085714285714286
2907.0,3.085714285714286
2908.0,3.085714285714286
2909.0,3.085714285714286
2910.0,3.085714285714286
2911.0,3.085714285714286
2912.0,3.085714285714286
2913.0,3.085714285714286
2914.0,3.085714285714286
2915.0,3.085714285714286
2916.0,3.085714285714286
2917.0,3.085714285714286
2918.0,3.085714285714286
2919.0,3.085714285714286
2920.0,3.085714285714286
2921.0,3.085714285714286
2922.0,3.085714285714286
2923.0,3.085714285714286
2924.0,3.085714285714286
2925.0,3.085714285714286
2926.0,3.085714285714286
2927.0,3.085714285714286
2928.0,3.085714285714286
2929.0,3.085714285714286
2930.0,3.085714285714286
2931.0,3.085714285714286
2932.0,3.1285714285714286
2933.0,3.1285714285714286
2934.0,3.1285714285714286
2935.0,3.1285714285714286
2936.0,3.1285714285714286
2937.0,3.1285714285714286
2938.0,3.1285714285714286
2939.0,3.1285714285714286
2940.0,3.1285714285714286
2941.0,3.1285714285714286
2942.0,3.1285714285714286
2943.0,3.1285714285714286
2944.0,3.085714285714286
2945.0,3.1285714285714286
2946.0,3.1285714285714286
2947.0,3.085714285714286
2948.0,3.085714285714286
2949.0,3.085714285714286
2950.0,3.085714285714286
2951.0,3.085714285714286
2952.0,3.085714285714286
2953.0,3.085714285714286
2954.0,3.085714285714286
2955.0,3.085714285714286
2956.0,3.085714285714286
2957.0,3.085714285714286
2958.0,3.085714285714286
2959.0,3.085714285714286
2960.0,3.085714285714286
2961.0,3.085714285714286
2962.0,3.085714285714286
2963.0,3.085714285714286
2964.0,3.085714285714286
2965.0,3.085714285714286
2966.0,3.085714285714286
2967.0,3.085714285714286
2968.0,3.085714285714286
2969.0,3.085714285714286
2970.0,3.1285714285714286
2971.0,3.1285714285714286
2972.0,3.1285714285714286
2973.0,3.085714285714286
2974.0,3.1285714285714286
2975.0,3.1285714285714286
2976.0,3.1285714285714286
2977.0,3.1285714285714286
2978.0,3.1285714285714286
2979.0,3.1285714285714286
2980.0,3.1285714285714286
2981.0,3.1285714285714286
2982.0,3.1285714285714286
2983.0,3.1285714285714286
2984.0,3.1285714285714286
2985.0,3.1285714285714286
2986.0,3.085714285714286
2987.0,3.085714285714286
2988.0,3.085714285714286
2989.0,3.085714285714286
2990.0,3.085714285714286
2991.0,3.085714285714286
2992.0,3.085714285714286
2993.0,3.085714285714286
2994.0,3.085714285714286
2995.0,3.085714285714286
2996.0,3.085714285714286
2997.0,3.085714285714286
2998.0,3.085714285714286
2999.0,3.085714285714286
3000.0,3.085714285714286
3001.0,3.085714285714286
3002.0,3.085714285714286
3003.0,3.085714285714286
3004.0,3.085714285714286
3005.0,3.085714285714286
3006.0,3.085714285714286
3007.0,3.085714285714286
3008.0,3.085714285714286
3009.0,3.085714285714286
3010.0,3.085714285714286
3011.0,3.1285714285714286
3012.0,3.1285714285714286
3013.0,3.085714285714286
3014.0,3.085714285714286
3015.0,3.085714285714286
3016.0,3.085714285714286
3017.0,3.1285714285714286
3018.0,3.085714285714286
3019.0,3.085714285714286
3020.0,3.1285714285714286
3021.0,3.085714285714286
3022.0,3.085714285714286
3023.0,3.085714285714286
3024.0,3.085714285714286
3025.0,3.085714285714286
3026.0,3.085714285714286
3027.0,3.085714285714286
3028.0,3.085714285714286
3029.0,3.085714285714286
3030.0,3.085714285714286
3031.0,3.085714285714286
3032.0,3.085714285714286
3033.0,3.085714285714286
3034.0,3.085714285714286
3035.0,3.085714285714286
3036.0,3.085714285714286
3037.0,3.085714285714286
3038.0,3.085714285714286
3039.0,3.085714285714286
3040.0,3.085714285714286
3041.0,3.085714285714286
3042.0,3.1285714285714286
3043.0,3.085714285714286
3044.0,3.085714285714286
3045.0,3.1285714285714286
3046.0,3.085714285714286
3047.0,3.085714285714286
3048.0,3.085714285714286
3049.0,3.085714285714286
3050.0,3.085714285714286
3051.0,3.085714285714286
3052.0,3.085714285714286
3053.0,3.085714285714286
3054.0,3.085714285714286
3055.0,3.1285714285714286
3056.0,3.085714285714286
3057.0,3.085714285714286
3058.0,3.085714285714286
3059.0,3.085714285714286
3060.0,3.1285714285714286
3061.0,3.085714285714286
3062.0,3.085714285714286
3063.0,3.085714285714286
3064.0,3.085714285714286
3065.0,3.085714285714286
3066.0,3.085714285714286
3067.0,3.085714285714286
3068.0,3.085714285714286
3069.0,3.085714285714286
3070.0,3.085714285714286
3071.0,3.085714285714286
3072.0,3.085714285714286
3073.0,3.085714285714286
3074.0,3.085714285714286
3075.0,3.085714285714286
3076.0,3.085714285714286
3077.0,3.1285714285714286
3078.0,3.1285714285714286
3079.0,3.1285714285714286
3080.0,3.085714285714286
3081.0,3.085714285714286
3082.0,3.085714285714286
3083.0,3.085714285714286
3084.0,3.085714285714286
3085.0,3.085714285714286
3086.0,3.085714285714286
3087.0,3.085714285714286
3088.0,3.085714285714286
3089.0,3.085714285714286
3090.0,3.085714285714286
3091.0,3.085714285714286
3092.0,3.085714285714286
3093.0,3.085714285714286
3094.0,3.085714285714286
3095.0,3.085714285714286
3096.0,3.085714285714286
3097.0,3.085714285714286
3098.0,3.085714285714286
3099.0,3.085714285714286
3100.0,3.085714285714286
3101.0,3.085714285714286
3102.0,3.085714285714286
3103.0,3.085714285714286
3104.0,3.085714285714286
3105.0,3.1285714285714286
3106.0,3.1285714285714286
3107.0,3.1285714285714286
3108.0,3.085714285714286
3109.0,3.085714285714286
3110.0,3.085714285714286
3111.0,3.085714285714286
3112.0,3.1285714285714286
3113.0,3.1285714285714286
3114.0,3.1285714285714286
3115.0,3.085714285714286
3116.0,3.085714285714286
3117.0,3.085714285714286
3118.0,3.085714285714286
3119.0,3.085714285714286
3120.0,3.1285714285714286
3121.0,3.1285714285714286
3122.0,3.1285714285714286
3123.0,3.1285714285714286
3124.0,3.1285714285714286
3125.0,3.085714285714286
3126.0,3.085714285714286
3127.0,3.085714285714286
3128.0,3.085714285714286
3129.0,3.085714285714286
3130.0,3.085714285714286
3131.0,3.085714285714286
3132.0,3.085714285714286
3133.0,3.085714285714286
3134.0,3.085714285714286
3135.0,3.085714285714286
3136.0,3.085714285714286
3137.0,3.085714285714286
3138.0,3.085714285714286
3139.0,3.085714285714286
3140.0,3.085714285714286
3141.0,3.085714285714286
3142.0,3.085714285714286
3143.0,3.085714285714286
3144.0,3.085714285714286
3145.0,3.085714285714286
3146.0,3.085714285714286
3147.0,3.1285714285714286
3148.0,3.085714285714286
3149.0,3.085714285714286
3150.0,3.1285714285714286
3151.0,3.085714285714286
3152.0,3.085714285714286
3153.0,3.085714285714286
3154.0,3.1285714285714286
3155.0,3.1285714285714286
3156.0,3.1285714285714286
3157.0,3.085714285714286
3158.0,3.085714285714286
3159.0,3.085714285714286
3160.0,3.085714285714286
3161.0,3.085714285714286
3162.0,3.085714285714286
3163.0,3.085714285714286
3164.0,3.1285714285714286
3165.0,3.085714285714286
3166.0,3.1285714285714286
3167.0,3.085714285714286
3168.0,3.085714285714286
3169.0,3.085714285714286
3170.0,3.085714285714286
3171.0,3.085714285714286
3172.0,3.085714285714286
3173.0,3.085714285714286
3174.0,3.085714285714286
3175.0,3.085714285714286
3176.0,3.085714285714286
3177.0,3.085714285714286
3178.0,3.085714285714286
3179.0,3.085714285714286
3180.0,3.085714285714286
3181.0,3.085714285714286
3182.0,3.085714285714286
3183.0,3.085714285714286
3184.0,3.085714285714286
3185.0,3.085714285714286
3186.0,3.085714285714286
3187.0,3.085714285714286
3188.0,3.085714285714286
3189.0,3.085714285714286
3190.0,3.085714285714286
3191.0,3.085714285714286
3192.0,3.085714285714286
3193.0,3.085714285714286
3194.0,3.085714285714286
3195.0,3.085714285714286
3196.0,3.085714285714286
3197.0,3.085714285714286
3198.0,3.085714285714286
3199.0,3.085714285714286
3200.0,3.1285714285714286
3201.0,3.085714285714286
3202.0,3.085714285714286
3203.0,3.085714285714286
3204.0,3.1285714285714286
3205.0,3.085714285714286
3206.0,3.1285714285714286
3207.0,3.1285714285714286
3208.0,3.1285714285714286
3209.0,3.085714285714286
3210.0,3.085714285714286
3211.0,3.085714285714286
3212.0,3.085714285714286
3213.0,3.085714285714286
3214.0,3.085714285714286
3215.0,3.085714285714286
3216.0,3.085714285714286
3217.0,3.085714285714286
3218.0,3.085714285714286
3219.0,3.085714285714286
3220.0,3.085714285714286
3221.0,3.085714285714286
3222.0,3.085714285714286
3223.0,3.085714285714286
3224.0,3.085714285714286
3225.0,3.085714285714286
3226.0,3.085714285714286
3227.0,3.085714285714286
3228.0,3.085714285714286
3229.0,3.085714285714286
3230.0,3.085714285714286
3231.0,3.085714285714286
3232.0,3.085714285714286
3233.0,3.085714285714286
3234.0,3.085714285714286
3235.0,3.085714285714286
3236.0,3.085714285714286
3237.0,3.085714285714286
3238.0,3.085714285714286
3239.0,3.085714285714286
3240.0,3.085714285714286
3241.0,3.085714285714286
3242.0,3.085714285714286
3243.0,3.085714285714286
3244.0,3.085714285714286
3245.0,3.085714285714286
3246.0,3.1285714285714286
3247.0,3.085714285714286
3248.0,3.085714285714286
3249.0,3.085714285714286
3250.0,3.1285714285714286
3251.0,3.085714285714286
3252.0,3.085714285714286
3253.0,3.085714285714286
3254.0,3.085714285714286
3255.0,3.085714285714286
3256.0,3.085714285714286
3257.0,3.085714285714286
3258.0,3.085714285714286
3259.0,3.085714285714286
3260.0,3.085714285714286
3261.0,3.085714285714286
3262.0,3.085714285714286
3263.0,3.085714285714286
3264.0,3.085714285714286
3265.0,3.085714285714286
3266.0,3.085714285714286
3267.0,3.085714285714286
3268.0,3.085714285714286
3269.0,3.085714285714286
3270.0,3.085714285714286
3271.0,3.085714285714286
3272.0,3.085714285714286
3273.0,3.085714285714286
3274.0,3.085714285714286
3275.0,3.085714285714286
3276.0,3.085714285714286
3277.0,3.085714285714286
3278.0,3.085714285714286
3279.0,3.085714285714286
3280.0,3.085714285714286
3281.0,3.085714285714286
3282.0,3.085714285714286
3283.0,3.085714285714286
3284.0,3.085714285714286
3285.0,3.085714285714286
3286.0,3.085714285714286
3287.0,3.085714285714286
3288.0,3.085714285714286
3289.0,3.085714285714286
3290.0,3.085714285714286
3291.0,3.085714285714286
3292.0,3.085714285714286
3293.0,3.085714285714286
3294.0,3.085714285714286
3295.0,3.085714285714286
3296.0,3.085714285714286
3297.0,3.085714285714286
3298.0,3.085714285714286
3299.0,3.085714285714286
3300.0,3.085714285714286
3301.0,3.085714285714286
3302.0,3.085714285714286
3303.0,3.085714285714286
3304.0,3.085714285714286
3305.0,3.085714285714286
3306.0,3.085714285714286
3307.0,3.085714285714286
3308.0,3.085714285714286
3309.0,3.1285714285714286
3310.0,3.085714285714286
3311.0,3.085714285714286
3312.0,3.085714285714286
3313.0,3.085714285714286
3314.0,3.085714285714286
3315.0,3.085714285714286
3316.0,3.085714285714286
3317.0,3.085714285714286
3318.0,3.085714285714286
3319.0,3.085714285714286
3320.0,3.085714285714286
3321.0,3.085714285714286
3322.0,3.085714285714286
3323.0,3.085714285714286
3324.0,3.085714285714286
3325.0,3.085714285714286
3326.0,3.085714285714286
3327.0,3.085714285714286
3328.0,3.085714285714286
3329.0,3.085714285714286
3330.0,3.085714285714286
3331.0,3.085714285714286
3332.0,3.085714285714286
3333.0,3.085714285714286
3334.0,3.085714285714286
3335.0,3.085714285714286
3336.0,3.085714285714286
3337.0,3.085714285714286
3338.0,3.085714285714286
3339.0,3.085714285714286
3340.0,3.085714285714286
3341.0,3.085714285714286
3342.0,3.1285714285714286
3343.0,3.1285714285714286
3344.0,3.1285714285714286
3345.0,3.1285714285714286
3346.0,3.1285714285714286
3347.0,3.1285714285714286
3348.0,3.1285714285714286
3349.0,3.085714285714286
3350.0,3.1285714285714286
3351.0,3.1285714285714286
3352.0,3.1285714285714286
3353.0,3.085714285714286
3354.0,3.085714285714286
3355.0,3.085714285714286
3356.0,3.085714285714286
3357.0,3.085714285714286
3358.0,3.085714285714286
3359.0,3.085714285714286
3360.0,3.085714285714286
3361.0,3.085714285714286
3362.0,3.085714285714286
3363.0,3.085714285714286
3364.0,3.085714285714286
3365.0,3.085714285714286
3366.0,3.085714285714286
3367.0,3.085714285714286
3368.0,3.085714285714286
3369.0,3.085714285714286
3370.0,3.085714285714286
3371.0,3.085714285714286
3372.0,3.085714285714286
3373.0,3.085714285714286
3374.0,3.085714285714286
3375.0,3.085714285714286
3376.0,3.085714285714286
3377.0,3.085714285714286
3378.0,3.085714285714286
3379.0,3.085714285714286
3380.0,3.1285714285714286
3381.0,3.085714285714286
3382.0,3.1285714285714286
3383.0,3.085714285714286
3384.0,3.1285714285714286
3385.0,3.085714285714286
3386.0,3.1285714285714286
3387.0,3.1285714285714286
3388.0,3.085714285714286
3389.0,3.085714285714286
3390.0,3.085714285714286
3391.0,3.085714285714286
3392.0,3.085714285714286
3393.0,3.085714285714286
3394.0,3.085714285714286
3395.0,3.085714285714286
3396.0,3.085714285714286
3397.0,3.085714285714286
3398.0,3.085714285714286
3399.0,3.085714285714286
3400.0,3.085714285714286
3401.0,3.085714285714286
3402.0,3.085714285714286
3403.0,3.085714285714286
3404.0,3.085714285714286
3405.0,3.085714285714286
3406.0,3.085714285714286
3407.0,3.085714285714286
3408.0,3.085714285714286
3409.0,3.085714285714286
3410.0,3.085714285714286
3411.0,3.085714285714286
3412.0,3.085714285714286
3413.0,3.085714285714286
3414.0,3.085714285714286
3415.0,3.085714285714286
3416.0,3.085714285714286
3417.0,3.085714285714286
3418.0,3.1285714285714286
3419.0,3.085714285714286
3420.0,3.085714285714286
3421.0,3.085714285714286
3422.0,3.085714285714286
3423.0,3.085714285714286
3424.0,3.085714285714286
3425.0,3.085714285714286
3426.0,3.1285714285714286
3427.0,3.1285714285714286
3428.0,3.1285714285714286
3429.0,3.085714285714286
3430.0,3.085714285714286
3431.0,3.085714285714286
3432.0,3.085714285714286
3433.0,3.085714285714286
3434.0,3.085714285714286
3435.0,3.085714285714286
3436.0,3.085714285714286
3437.0,3.085714285714286
3438.0,3.085714285714286
3439.0,3.085714285714286
3440.0,3.085714285714286
3441.0,3.085714285714286
3442.0,3.085714285714286
3443.0,3.085714285714286
3444.0,3.085714285714286
3445.0,3.085714285714286
3446.0,3.085714285714286
3447.0,3.085714285714286
3448.0,3.085714285714286
3449.0,3.085714285714286
3450.0,3.085714285714286
3451.0,3.085714285714286
3452.0,3.085714285714286
3453.0,3.085714285714286
3454.0,3.085714285714286
3455.0,3.085714285714286
3456.0,3.085714285714286
3457.0,3.085714285714286
3458.0,3.085714285714286
3459.0,3.085714285714286
3460.0,3.085714285714286
3461.0,3.085714285714286
3462.0,3.085714285714286
3463.0,3.085714285714286
3464.0,3.085714285714286
3465.0,3.085714285714286
3466.0,3.085714285714286
3467.0,3.085714285714286
3468.0,3.085714285714286
3469.0,3.085714285714286
3470.0,3.085714285714286
3471.0,3.085714285714286
3472.0,3.085714285714286
3473.0,3.085714285714286
3474.0,3.085714285714286
3475.0,3.085714285714286
3476.0,3.085714285714286
3477.0,3.085714285714286
3478.0,3.085714285714286
3479.0,3.085714285714286
3480.0,3.085714285714286
3481.0,3.1285714285714286
3482.0,3.1285714285714286
3483.0,3.1285714285714286
3484.0,3.1285714285714286
3485.0,3.1285714285714286
3486.0,3.1285714285714286
3487.0,3.1285714285714286
3488.0,3.085714285714286
3489.0,3.085714285714286
3490.0,3.085714285714286
3491.0,3.085714285714286
3492.0,3.085714285714286
3493.0,3.085714285714286
3494.0,3.085714285714286
3495.0,3.085714285714286
3496.0,3.085714285714286
3497.0,3.085714285714286
3498.0,3.085714285714286
3499.0,3.085714285714286
3500.0,3.085714285714286
3501.0,3.085714285714286
3502.0,3.085714285714286
3503.0,3.085714285714286
3504.0,3.085714285714286
3505.0,3.085714285714286
3506.0,3.085714285714286
3507.0,3.085714285714286
3508.0,3.085714285714286
3509.0,3.085714285714286
3510.0,3.085714285714286
3511.0,3.085714285714286
3512.0,3.085714285714286
3513.0,3.085714285714286
3514.0,3.085714285714286
3515.0,3.085714285714286
3516.0,3.085714285714286
3517.0,3.085714285714286
3518.0,3.085714285714286
3519.0,3.085714285714286
3520.0,3.1285714285714286
3521.0,3.1285714285714286
3522.0,3.085714285714286
3523.0,3.085714285714286
3524.0,3.1285714285714286
3525.0,3.1285714285714286
3526.0,3.1285714285714286
3527.0,3.1285714285714286
3528.0,3.085714285714286
3529.0,3.085714285714286
3530.0,3.085714285714286
3531.0,3.085714285714286
3532.0,3.085714285714286
3533.0,3.085714285714286
3534.0,3.085714285714286
3535.0,3.085714285714286
3536.0,3.085714285714286
3537.0,3.085714285714286
3538.0,3.085714285714286
3539.0,3.085714285714286
3540.0,3.085714285714286
3541.0,3.085714285714286
3542.0,3.085714285714286
3543.0,3.085714285714286
3544.0,3.085714285714286
3545.0,3.085714285714286
3546.0,3.085714285714286
3547.0,3.085714285714286
3548.0,3.085714285714286
3549.0,3.085714285714286
3550.0,3.085714285714286
3551.0,3.085714285714286
3552.0,3.085714285714286
3553.0,3.085714285714286
3554.0,3.085714285714286
3555.0,3.085714285714286
3556.0,3.085714285714286
3557.0,3.085714285714286
3558.0,3.085714285714286
3559.0,3.085714285714286
3560.0,3.085714285714286
3561.0,3.085714285714286
3562.0,3.085714285714286
3563.0,3.085714285714286
3564.0,3.1285714285714286
3565.0,3.1285714285714286
3566.0,3.1285714285714286
3567.0,3.1285714285714286
3568.0,3.085714285714286
3569.0,3.085714285714286
3570.0,3.085714285714286
3571.0,3.1285714285714286
3572.0,3.1285714285714286
3573.0,3.1285714285714286
3574.0,3.1285714285714286
3575.0,3.085714285714286
3576.0,3.085714285714286
3577.0,3.085714285714286
3578.0,3.085714285714286
3579.0,3.085714285714286
3580.0,3.085714285714286
3581.0,3.085714285714286
3582.0,3.085714285714286
3583.0,3.085714285714286
3584.0,3.085714285714286
3585.0,3.085714285714286
3586.0,3.085714285714286
3587.0,3.085714285714286
3588.0,3.085714285714286
3589.0,3.085714285714286
3590.0,3.085714285714286
3591.0,3.085714285714286
3592.0,3.085714285714286
3593.0,3.085714285714286
3594.0,3.085714285714286
3595.0,3.085714285714286
3596.0,3.085714285714286
3597.0,3.085714285714286
3598.0,3.085714285714286
3599.0,3.085714285714286
3600.0,3.085714285714286
3601.0,3.085714285714286
3602.0,3.085714285714286
3603.0,3.085714285714286
3604.0,3.085714285714286
3605.0,3.085714285714286
3606.0,3.1285714285714286
3607.0,3.1285714285714286
3608.0,3.1285714285714286
3609.0,3.1285714285714286
3610.0,3.085714285714286
3611.0,3.1285714285714286
3612.0,3.1285714285714286
3613.0,3.085714285714286
3614.0,3.085714285714286
3615.0,3.1285714285714286
3616.0,3.1285714285714286
3617.0,3.085714285714286
3618.0,3.085714285714286
3619.0,3.085714285714286
3620.0,3.085714285714286
3621.0,3.085714285714286
3622.0,3.085714285714286
3623.0,3.085714285714286
3624.0,3.085714285714286
3625.0,3.085714285714286
3626.0,3.085714285714286
3627.0,3.085714285714286
3628.0,3.085714285714286
3629.0,3.085714285714286
3630.0,3.085714285714286
3631.0,3.085714285714286
3632.0,3.085714285714286
3633.0,3.085714285714286
3634.0,3.085714285714286
3635.0,3.085714285714286
3636.0,3.085714285714286
3637.0,3.085714285714286
3638.0,3.0428571428571427
3639.0,3.085714285714286
3640.0,3.085714285714286
3641.0,3.085714285714286
3642.0,3.085714285714286
3643.0,3.085714285714286
3644.0,3.085714285714286
3645.0,3.085714285714286
3646.0,3.085714285714286
3647.0,3.085714285714286
3648.0,3.085714285714286
3649.0,3.085714285714286
3650.0,3.085714285714286
3651.0,3.085714285714286
3652.0,3.085714285714286
3653.0,3.085714285714286
3654.0,3.085714285714286
3655.0,3.085714285714286
3656.0,3.085714285714286
3657.0,3.085714285714286
3658.0,3.085714285714286
3659.0,3.1285714285714286
3660.0,3.085714285714286
3661.0,3.085714285714286
3662.0,3.085714285714286
3663.0,3.085714285714286
3664.0,3.085714285714286
3665.0,3.085714285714286
3666.0,3.085714285714286
3667.0,3.085714285714286
3668.0,3.085714285714286
3669.0,3.085714285714286
3670.0,3.085714285714286
3671.0,3.085714285714286
3672.0,3.085714285714286
3673.0,3.085714285714286
3674.0,3.085714285714286
3675.0,3.085714285714286
3676.0,3.085714285714286
3677.0,3.085714285714286
3678.0,3.085714285714286
3679.0,3.085714285714286
3680.0,3.085714285714286
3681.0,3.085714285714286
3682.0,3.085714285714286
3683.0,3.085714285714286
3684.0,3.085714285714286
3685.0,3.085714285714286
3686.0,3.085714285714286
3687.0,3.085714285714286
3688.0,3.085714285714286
3689.0,3.085714285714286
3690.0,3.085714285714286
3691.0,3.085714285714286
3692.0,3.1285714285714286
3693.0,3.085714285714286
3694.0,3.085714285714286
3695.0,3.085714285714286
3696.0,3.085714285714286
3697.0,3.085714285714286
3698.0,3.085714285714286
3699.0,3.1285714285714286
3700.0,3.1285714285714286
3701.0,3.1285714285714286
3702.0,3.0428571428571427
3703.0,3.085714285714286
3704.0,3.085714285714286
3705.0,3.085714285714286
3706.0,3.0428571428571427
3707.0,3.085714285714286
3708.0,3.085714285714286
3709.0,3.085714285714286
3710.0,3.085714285714286
3711.0,3.085714285714286
3712.0,3.085714285714286
3713.0,3.085714285714286
3714.0,3.085714285714286
3715.0,3.085714285714286
3716.0,3.085714285714286
3717.0,3.085714285714286
3718.0,3.085714285714286
3719.0,3.085714285714286
3720.0,3.085714285714286
3721.0,3.085714285714286
3722.0,3.085714285714286
3723.0,3.085714285714286
3724.0,3.085714285714286
3725.0,3.085714285714286
3726.0,3.085714285714286
3727.0,3.085714285714286
3728.0,3.085714285714286
3729.0,3.085714285714286
3730.0,3.085714285714286
3731.0,3.085714285714286
3732.0,3.085714285714286
3733.0,3.085714285714286
3734.0,3.085714285714286
3735.0,3.085714285714286
3736.0,3.085714285714286
3737.0,3.085714285714286
3738.0,3.085714285714286
3739.0,3.085714285714286
3740.0,3.0428571428571427
3741.0,3.085714285714286
3742.0,3.1285714285714286
3743.0,3.1285714285714286
3744.0,3.1285714285714286
3745.0,3.085714285714286
3746.0,3.085714285714286
3747.0,3.085714285714286
3748.0,3.085714285714286
3749.0,3.085714285714286
3750.0,3.085714285714286
3751.0,3.085714285714286
3752.0,3.085714285714286
3753.0,3.085714285714286
3754.0,3.085714285714286
3755.0,3.1285714285714286
3756.0,3.085714285714286
3757.0,3.085714285714286
3758.0,3.0428571428571427
3759.0,3.085714285714286
3760.0,3.085714285714286
3761.0,3.085714285714286
3762.0,3.085714285714286
3763.0,3.085714285714286
3764.0,3.085714285714286
3765.0,3.085714285714286
3766.0,3.085714285714286
3767.0,3.085714285714286
3768.0,3.085714285714286
3769.0,3.085714285714286
3770.0,3.085714285714286
3771.0,3.085714285714286
3772.0,3.085714285714286
3773.0,3.085714285714286
3774.0,3.085714285714286
3775.0,3.085714285714286
3776.0,3.085714285714286
3777.0,3.085714285714286
3778.0,3.085714285714286
3779.0,3.085714285714286
3780.0,3.0428571428571427
3781.0,3.085714285714286
3782.0,3.085714285714286
3783.0,3.085714285714286
3784.0,3.085714285714286
3785.0,3.085714285714286
3786.0,3.085714285714286
3787.0,3.085714285714286
3788.0,3.085714285714286
3789.0,3.085714285714286
3790.0,3.085714285714286
3791.0,3.085714285714286
3792.0,3.085714285714286
3793.0,3.085714285714286
3794.0,3.085714285714286
3795.0,3.085714285714286
3796.0,3.085714285714286
3797.0,3.1285714285714286
3798.0,3.085714285714286
3799.0,3.085714285714286
3800.0,3.0428571428571427
3801.0,3.085714285714286
3802.0,3.0428571428571427
3803.0,3.085714285714286
3804.0,3.085714285714286
3805.0,3.085714285714286
3806.0,3.085714285714286
3807.0,3.085714285714286
3808.0,3.085714285714286
3809.0,3.085714285714286
3810.0,3.085714285714286
3811.0,3.085714285714286
3812.0,3.085714285714286
3813.0,3.085714285714286
3814.0,3.085714285714286
3815.0,3.085714285714286
3816.0,3.085714285714286
3817.0,3.085714285714286
3818.0,3.085714285714286
3819.0,3.085714285714286
3820.0,3.085714285714286
3821.0,3.085714285714286
3822.0,3.085714285714286
3823.0,3.085714285714286
3824.0,3.085714285714286
3825.0,3.085714285714286
3826.0,3.085714285714286
3827.0,3.085714285714286
3828.0,3.085714285714286
3829.0,3.085714285714286
3830.0,3.085714285714286
3831.0,3.085714285714286
3832.0,3.085714285714286
3833.0,3.085714285714286
3834.0,3.085714285714286
3835.0,3.085714285714286
3836.0,3.0428571428571427
3837.0,3.1285714285714286
3838.0,3.085714285714286
3839.0,3.085714285714286
3840.0,3.0428571428571427
3841.0,3.085714285714286
3842.0,3.085714285714286
3843.0,3.085714285714286
3844.0,3.0428571428571427
3845.0,3.085714285714286
3846.0,3.0428571428571427
3847.0,3.085714285714286
3848.0,3.0428571428571427
3849.0,3.085714285714286
3850.0,3.085714285714286
3851.0,3.085714285714286
3852.0,3.085714285714286
3853.0,3.085714285714286
3854.0,3.085714285714286
3855.0,3.085714285714286
3856.0,3.085714285714286
3857.0,3.085714285714286
3858.0,3.085714285714286
3859.0,3.085714285714286
3860.0,3.085714285714286
3861.0,3.085714285714286
3862.0,3.085714285714286
3863.0,3.085714285714286
3864.0,3.085714285714286
3865.0,3.085714285714286
3866.0,3.085714285714286
3867.0,3.085714285714286
3868.0,3.085714285714286
3869.0,3.085714285714286
3870.0,3.085714285714286
3871.0,3.085714285714286
3872.0,3.085714285714286
3873.0,3.0428571428571427
3874.0,3.085714285714286
3875.0,3.085714285714286
3876.0,3.0428571428571427
3877.0,3.085714285714286
3878.0,3.085714285714286
3879.0,3.085714285714286
3880.0,3.085714285714286
3881.0,3.085714285714286
3882.0,3.085714285714286
3883.0,3.085714285714286
3884.0,3.085714285714286
3885.0,3.085714285714286
3886.0,3.085714285714286
3887.0,3.0428571428571427
3888.0,3.085714285714286
3889.0,3.085714285714286
3890.0,3.085714285714286
3891.0,3.085714285714286
3892.0,3.0428571428571427
3893.0,3.085714285714286
3894.0,3.0428571428571427
3895.0,3.085714285714286
3896.0,3.085714285714286
3897.0,3.085714285714286
3898.0,3.085714285714286
3899.0,3.085714285714286
3900.0,3.085714285714286
3901.0,3.085714285714286
3902.0,3.085714285714286
3903.0,3.085714285714286
3904.0,3.085714285714286
3905.0,3.085714285714286
3906.0,3.085714285714286
3907.0,3.085714285714286
3908.0,3.085714285714286
3909.0,3.085714285714286
3910.0,3.085714285714286
3911.0,3.085714285714286
3912.0,3.085714285714286
3913.0,3.085714285714286
3914.0,3.0428571428571427
3915.0,3.0428571428571427
3916.0,3.085714285714286
3917.0,3.085714285714286
3918.0,3.085714285714286
3919.0,3.085714285714286
3920.0,3.0428571428571427
3921.0,3.085714285714286
3922.0,3.085714285714286
3923.0,3.085714285714286
3924.0,3.085714285714286
3925.0,3.085714285714286
3926.0,3.085714285714286
3927.0,3.0428571428571427
3928.0,3.085714285714286
3929.0,3.085714285714286
3930.0,3.085714285714286
3931.0,3.085714285714286
3932.0,3.085714285714286
3933.0,3.0428571428571427
3934.0,3.0428571428571427
3935.0,3.085714285714286
3936.0,3.0428571428571427
3937.0,3.085714285714286
3938.0,3.085714285714286
3939.0,3.085714285714286
3940.0,3.085714285714286
3941.0,3.085714285714286
3942.0,3.085714285714286
3943.0,3.085714285714286
3944.0,3.085714285714286
3945.0,3.085714285714286
3946.0,3.085714285714286
3947.0,3.085714285714286
3948.0,3.085714285714286
3949.0,3.085714285714286
3950.0,3.085714285714286
3951.0,3.085714285714286
3952.0,3.085714285714286
3953.0,3.085714285714286
3954.0,3.085714285714286
3955.0,3.085714285714286
3956.0,3.085714285714286
3957.0,3.085714285714286
3958.0,3.0428571428571427
3959.0,3.085714285714286
3960.0,3.0428571428571427
3961.0,3.085714285714286
3962.0,3.0428571428571427
3963.0,3.085714285714286
3964.0,3.085714285714286
3965.0,3.085714285714286
3966.0,3.085714285714286
3967.0,3.085714285714286
3968.0,3.085714285714286
3969.0,3.085714285714286
3970.0,3.085714285714286
3971.0,3.085714285714286
3972.0,3.085714285714286
3973.0,3.085714285714286
3974.0,3.085714285714286
3975.0,3.085714285714286
3976.0,3.0428571428571427
3977.0,3.085714285714286
3978.0,3.0428571428571427
3979.0,3.0428571428571427
3980.0,3.085714285714286
3981.0,3.085714285714286
3982.0,3.085714285714286
3983.0,3.0428571428571427
3984.0,3.085714285714286
3985.0,3.085714285714286
3986.0,3.085714285714286
3987.0,3.085714285714286
3988.0,3.085714285714286
3989.0,3.085714285714286
3990.0,3.085714285714286
3991.0,3.085714285714286
3992.0,3.085714285714286
3993.0,3.085714285714286
3994.0,3.085714285714286
3995.0,3.085714285714286
3996.0,3.085714285714286
3997.0,3.085714285714286
3998.0,3.085714285714286
3999.0,3.085714285714286
4000.0,3.085714285714286
4001.0,3.085714285714286
4002.0,3.085714285714286
4003.0,3.085714285714286
4004.0,3.0428571428571427
4005.0,3.0428571428571427
4006.0,3.0428571428571427
4007.0,3.0428571428571427
4008.0,3.085714285714286
4009.0,3.085714285714286
4010.0,3.085714285714286
4011.0,3.0428571428571427
4012.0,3.085714285714286
4013.0,3.085714285714286
4014.0,3.085714285714286
4015.0,3.085714285714286
4016.0,3.085714285714286
4017.0,3.085714285714286
4018.0,3.085714285714286
4019.0,3.085714285714286
4020.0,3.085714285714286
4021.0,3.0428571428571427
4022.0,3.085714285714286
4023.0,3.0428571428571427
4024.0,3.0428571428571427
4025.0,3.085714285714286
4026.0,3.0428571428571427
4027.0,3.085714285714286
4028.0,3.085714285714286
4029.0,3.085714285714286
4030.0,3.085714285714286
4031.0,3.085714285714286
4032.0,3.0428571428571427
4033.0,3.085714285714286
4034.0,3.085714285714286
4035.0,3.085714285714286
4036.0,3.085714285714286
4037.0,3.085714285714286
4038.0,3.085714285714286
4039.0,3.085714285714286
4040.0,3.0428571428571427
4041.0,3.085714285714286
4042.0,3.0428571428571427
4043.0,3.085714285714286
4044.0,3.0428571428571427
4045.0,3.085714285714286
4046.0,3.0428571428571427
4047.0,3.085714285714286
4048.0,3.0428571428571427
4049.0,3.085714285714286
4050.0,3.0428571428571427
4051.0,3.0428571428571427
4052.0,3.0428571428571427
4053.0,3.085714285714286
4054.0,3.085714285714286
4055.0,3.085714285714286
4056.0,3.085714285714286
4057.0,3.085714285714286
4058.0,3.085714285714286
4059.0,3.085714285714286
4060.0,3.0428571428571427
4061.0,3.0428571428571427
4062.0,3.0428571428571427
4063.0,3.0428571428571427
4064.0,3.0428571428571427
4065.0,3.0428571428571427
4066.0,3.0428571428571427
4067.0,3.085714285714286
4068.0,3.0428571428571427
4069.0,3.0428571428571427
4070.0,3.085714285714286
4071.0,3.085714285714286
4072.0,3.085714285714286
4073.0,3.085714285714286
4074.0,3.0428571428571427
4075.0,3.085714285714286
4076.0,3.0428571428571427
4077.0,3.085714285714286
4078.0,3.085714285714286
4079.0,3.0428571428571427
4080.0,3.0428571428571427
4081.0,3.085714285714286
4082.0,3.085714285714286
4083.0,3.085714285714286
4084.0,3.0428571428571427
4085.0,3.085714285714286
4086.0,3.0428571428571427
4087.0,3.0428571428571427
4088.0,3.0428571428571427
4089.0,3.085714285714286
4090.0,3.085714285714286
4091.0,3.085714285714286
4092.0,3.085714285714286
4093.0,3.085714285714286
4094.0,3.085714285714286
4095.0,3.085714285714286
4096.0,3.085714285714286
4097.0,3.085714285714286
4098.0,3.0428571428571427
4099.0,3.0428571428571427
4100.0,3.0428571428571427
4101.0,3.0428571428571427
4102.0,3.085714285714286
4103.0,3.085714285714286
4104.0,3.085714285714286
4105.0,3.0428571428571427
4106.0,3.0428571428571427
4107.0,3.0428571428571427
4108.0,3.0428571428571427
4109.0,3.0428571428571427
4110.0,3.085714285714286
4111.0,3.0428571428571427
4112.0,3.085714285714286
4113.0,3.085714285714286
4114.0,3.085714285714286
4115.0,3.085714285714286
4116.0,3.085714285714286
4117.0,3.0428571428571427
4118.0,3.085714285714286
4119.0,3.085714285714286
4120.0,3.0428571428571427
4121.0,3.085714285714286
4122.0,3.0428571428571427
4123.0,3.085714285714286
4124.0,3.0428571428571427
4125.0,3.085714285714286
4126.0,3.0428571428571427
4127.0,3.085714285714286
4128.0,3.0428571428571427
4129.0,3.085714285714286
4130.0,3.0428571428571427
4131.0,3.085714285714286
4132.0,3.0428571428571427
4133.0,3.085714285714286
4134.0,3.0428571428571427
4135.0,3.085714285714286
4136.0,3.0428571428571427
4137.0,3.0428571428571427
4138.0,3.085714285714286
4139.0,3.0428571428571427
4140.0,3.0428571428571427
4141.0,3.0428571428571427
4142.0,3.0428571428571427
4143.0,3.0428571428571427
4144.0,3.0428571428571427
4145.0,3.085714285714286
4146.0,3.085714285714286
4147.0,3.085714285714286
4148.0,3.085714285714286
4149.0,3.0428571428571427
4150.0,3.085714285714286
4151.0,3.0428571428571427
4152.0,3.0428571428571427
4153.0,3.0428571428571427
4154.0,3.085714285714286
4155.0,3.085714285714286
4156.0,3.0428571428571427
4157.0,3.0428571428571427
4158.0,3.085714285714286
4159.0,3.085714285714286
4160.0,3.0428571428571427
4161.0,3.085714285714286
4162.0,3.0428571428571427
4163.0,3.0428571428571427
4164.0,3.0428571428571427
4165.0,3.085714285714286
4166.0,3.085714285714286
4167.0,3.0428571428571427
4168.0,3.0428571428571427
4169.0,3.085714285714286
4170.0,3.0428571428571427
4171.0,3.0428571428571427
4172.0,3.0428571428571427
4173.0,3.085714285714286
4174.0,3.0428571428571427
4175.0,3.085714285714286
4176.0,3.0428571428571427
4177.0,3.085714285714286
4178.0,3.0428571428571427
4179.0,3.085714285714286
4180.0,3.0428571428571427
4181.0,3.085714285714286
4182.0,3.0428571428571427
4183.0,3.0428571428571427
4184.0,3.0428571428571427
4185.0,3.085714285714286
4186.0,3.0428571428571427
4187.0,3.0428571428571427
4188.0,3.0428571428571427
4189.0,3.085714285714286
4190.0,3.0428571428571427
4191.0,3.0428571428571427
4192.0,3.085714285714286
4193.0,3.0428571428571427
4194.0,3.085714285714286
4195.0,3.0428571428571427
4196.0,3.085714285714286
4197.0,3.0428571428571427
4198.0,3.0428571428571427
4199.0,3.085714285714286
4200.0,3.0428571428571427
4201.0,3.0428571428571427
4202.0,3.0428571428571427
4203.0,3.085714285714286
4204.0,3.0428571428571427
4205.0,3.085714285714286
4206.0,3.0428571428571427
4207.0,3.0428571428571427
4208.0,3.0428571428571427
4209.0,3.085714285714286
4210.0,3.085714285714286
4211.0,3.085714285714286
4212.0,3.0428571428571427
4213.0,3.085714285714286
4214.0,3.0428571428571427
4215.0,3.085714285714286
4216.0,3.0428571428571427
4217.0,3.085714285714286
4218.0,3.0428571428571427
4219.0,3.085714285714286
4220.0,3.085714285714286
4221.0,3.085714285714286
4222.0,3.0428571428571427
4223.0,3.085714285714286
4224.0,3.0428571428571427
4225.0,3.085714285714286
4226.0,3.0428571428571427
4227.0,3.0428571428571427
4228.0,3.0428571428571427
4229.0,3.0428571428571427
4230.0,3.085714285714286
4231.0,3.085714285714286
4232.0,3.0428571428571427
4233.0,3.0428571428571427
4234.0,3.0428571428571427
4235.0,3.085714285714286
4236.0,3.0428571428571427
4237.0,3.0428571428571427
4238.0,3.0428571428571427
4239.0,3.085714285714286
4240.0,3.0428571428571427
4241.0,3.085714285714286
4242.0,3.0428571428571427
4243.0,3.0428571428571427
4244.0,3.0428571428571427
4245.0,3.085714285714286
4246.0,3.0428571428571427
4247.0,3.0428571428571427
4248.0,3.0428571428571427
4249.0,3.085714285714286
4250.0,3.0428571428571427
4251.0,3.0428571428571427
4252.0,3.0428571428571427
4253.0,3.0428571428571427
4254.0,3.0428571428571427
4255.0,3.0428571428571427
4256.0,3.0428571428571427
4257.0,3.085714285714286
4258.0,3.0428571428571427
4259.0,3.0428571428571427
4260.0,3.0428571428571427
4261.0,3.0428571428571427
4262.0,3.0428571428571427
4263.0,3.0428571428571427
4264.0,3.0428571428571427
4265.0,3.0428571428571427
4266.0,3.0428571428571427
4267.0,3.0428571428571427
4268.0,3.0428571428571427
4269.0,3.0428571428571427
4270.0,3.0428571428571427
4271.0,3.0428571428571427
4272.0,3.085714285714286
4273.0,3.0428571428571427
4274.0,3.085714285714286
4275.0,3.0428571428571427
4276.0,3.0428571428571427
4277.0,3.0428571428571427
4278.0,3.0428571428571427
4279.0,3.085714285714286
4280.0,3.0428571428571427
4281.0,3.085714285714286
4282.0,3.0428571428571427
4283.0,3.0428571428571427
4284.0,3.0428571428571427
4285.0,3.0428571428571427
4286.0,3.0428571428571427
4287.0,3.0428571428571427
4288.0,3.0428571428571427
4289.0,3.085714285714286
4290.0,3.085714285714286
4291.0,3.0428571428571427
4292.0,3.0428571428571427
4293.0,3.085714285714286
4294.0,3.0428571428571427
4295.0,3.085714285714286
4296.0,3.0428571428571427
4297.0,3.085714285714286
4298.0,3.085714285714286
4299.0,3.0428571428571427
4300.0,3.0428571428571427
4301.0,3.0428571428571427
4302.0,3.0428571428571427
4303.0,3.085714285714286
4304.0,3.0428571428571427
4305.0,3.0428571428571427
4306.0,3.0428571428571427
4307.0,3.085714285714286
4308.0,3.0428571428571427
4309.0,3.0428571428571427
4310.0,3.0428571428571427
4311.0,3.0428571428571427
4312.0,3.0428571428571427
4313.0,3.085714285714286
4314.0,3.085714285714286
4315.0,3.085714285714286
4316.0,3.0428571428571427
4317.0,3.085714285714286
4318.0,3.0428571428571427
4319.0,3.0428571428571427
4320.0,3.0428571428571427
4321.0,3.0428571428571427
4322.0,3.0428571428571427
4323.0,3.0428571428571427
4324.0,3.0428571428571427
4325.0,3.085714285714286
4326.0,3.0428571428571427
4327.0,3.0428571428571427
4328.0,3.0428571428571427
4329.0,3.085714285714286
4330.0,3.085714285714286
4331.0,3.085714285714286
4332.0,3.085714285714286
4333.0,3.0428571428571427
4334.0,3.0428571428571427
4335.0,3.0428571428571427
4336.0,3.0428571428571427
4337.0,3.085714285714286
4338.0,3.0428571428571427
4339.0,3.0428571428571427
4340.0,3.0428571428571427
4341.0,3.0428571428571427
4342.0,3.0428571428571427
4343.0,3.0428571428571427
4344.0,3.0428571428571427
4345.0,3.085714285714286
4346.0,3.0428571428571427
4347.0,3.0428571428571427
4348.0,3.0428571428571427
4349.0,3.0428571428571427
4350.0,3.0428571428571427
4351.0,3.085714285714286
4352.0,3.0428571428571427
4353.0,3.085714285714286
4354.0,3.0428571428571427
4355.0,3.085714285714286
4356.0,3.0428571428571427
4357.0,3.0428571428571427
4358.0,3.0428571428571427
4359.0,3.085714285714286
4360.0,3.0428571428571427
4361.0,3.0428571428571427
4362.0,3.0428571428571427
4363.0,3.085714285714286
4364.0,3.0428571428571427
4365.0,3.0428571428571427
4366.0,3.0428571428571427
4367.0,3.0428571428571427
4368.0,3.085714285714286
4369.0,3.0428571428571427
4370.0,3.085714285714286
4371.0,3.085714285714286
4372.0,3.085714285714286
4373.0,3.085714285714286
4374.0,3.085714285714286
4375.0,3.085714285714286
4376.0,3.085714285714286
4377.0,3.0428571428571427
4378.0,3.085714285714286
4379.0,3.085714285714286
4380.0,3.085714285714286
4381.0,3.0428571428571427
4382.0,3.0428571428571427
4383.0,3.0428571428571427
4384.0,3.0428571428571427
4385.0,3.0428571428571427
4386.0,3.0428571428571427
4387.0,3.0428571428571427
4388.0,3.0428571428571427
4389.0,3.0428571428571427
4390.0,3.0428571428571427
4391.0,3.0428571428571427
4392.0,3.0428571428571427
4393.0,3.0428571428571427
4394.0,3.0428571428571427
4395.0,3.0428571428571427
4396.0,3.0428571428571427
4397.0,3.085714285714286
4398.0,3.0428571428571427
4399.0,3.0428571428571427
4400.0,3.0428571428571427
4401.0,3.0428571428571427
4402.0,3.0428571428571427
4403.0,3.0428571428571427
4404.0,3.0428571428571427
4405.0,3.0428571428571427
4406.0,3.0428571428571427
4407.0,3.0428571428571427
4408.0,3.0428571428571427
4409.0,3.0428571428571427
4410.0,3.0428571428571427
4411.0,3.0428571428571427
4412.0,3.0428571428571427
4413.0,3.0428571428571427
4414.0,3.0428571428571427
4415.0,3.0428571428571427
4416.0,3.0428571428571427
4417.0,3.0428571428571427
4418.0,3.085714285714286
4419.0,3.085714285714286
4420.0,3.085714285714286
4421.0,3.0428571428571427
4422.0,3.0428571428571427
4423.0,3.0428571428571427
4424.0,3.0428571428571427
4425.0,3.0428571428571427
4426.0,3.0428571428571427
4427.0,3.0428571428571427
4428.0,3.0428571428571427
4429.0,3.0428571428571427
4430.0,3.0428571428571427
4431.0,3.0428571428571427
4432.0,3.0428571428571427
4433.0,3.0428571428571427
4434.0,3.0428571428571427
4435.0,3.0428571428571427
4436.0,3.0428571428571427
4437.0,3.0428571428571427
4438.0,3.0428571428571427
4439.0,3.0428571428571427
4440.0,3.0428571428571427
4441.0,3.0428571428571427
4442.0,3.0428571428571427
4443.0,3.0428571428571427
4444.0,3.0428571428571427
4445.0,3.0428571428571427
4446.0,3.0428571428571427
4447.0,3.0428571428571427
4448.0,3.0428571428571427
4449.0,3.0428571428571427
4450.0,3.0428571428571427
4451.0,3.0428571428571427
4452.0,3.0428571428571427
4453.0,3.0428571428571427
4454.0,3.085714285714286
4455.0,3.0428571428571427
4456.0,3.0428571428571427
4457.0,3.0428571428571427
4458.0,3.0428571428571427
4459.0,3.0428571428571427
4460.0,3.0428571428571427
4461.0,3.0428571428571427
4462.0,3.0428571428571427
4463.0,3.0428571428571427
4464.0,3.0428571428571427
4465.0,3.0428571428571427
4466.0,3.0428571428571427
4467.0,3.0428571428571427
4468.0,3.0428571428571427
4469.0,3.085714285714286
4470.0,3.0428571428571427
4471.0,3.0428571428571427
4472.0,3.0428571428571427
4473.0,3.0428571428571427
4474.0,3.0428571428571427
4475.0,3.0428571428571427
4476.0,3.0428571428571427
4477.0,3.0428571428571427
4478.0,3.0428571428571427
4479.0,3.0428571428571427
4480.0,3.0428571428571427
4481.0,3.0428571428571427
4482.0,3.0428571428571427
4483.0,3.0428571428571427
4484.0,3.0428571428571427
4485.0,3.0428571428571427
4486.0,3.0428571428571427
4487.0,3.0428571428571427
4488.0,3.0428571428571427
4489.0,3.0428571428571427
4490.0,3.0428571428571427
4491.0,3.0428571428571427
4492.0,3.0428571428571427
4493.0,3.0428571428571427
4494.0,3.0428571428571427
4495.0,3.0428571428571427
4496.0,3.0428571428571427
4497.0,3.0428571428571427
4498.0,3.0428571428571427
4499.0,3.0428571428571427
4500.0,3.0428571428571427
4501.0,3.0428571428571427
4502.0,3.0428571428571427
4503.0,3.0428571428571427
4504.0,3.0428571428571427
4505.0,3.0428571428571427
4506.0,3.0428571428571427
4507.0,3.085714285714286
4508.0,3.0428571428571427
4509.0,3.0428571428571427
4510.0,3.0428571428571427
4511.0,3.0428571428571427
4512.0,3.0428571428571427
4513.0,3.0428571428571427
4514.0,3.0428571428571427
4515.0,3.0428571428571427
4516.0,3.0428571428571427
4517.0,3.0428571428571427
4518.0,3.0428571428571427
4519.0,3.085714285714286
4520.0,3.085714285714286
4521.0,3.085714285714286
4522.0,3.085714285714286
4523.0,3.085714285714286
4524.0,3.085714285714286
4525.0,3.0428571428571427
4526.0,3.085714285714286
4527.0,3.085714285714286
4528.0,3.0428571428571427
4529.0,3.0428571428571427
4530.0,3.0428571428571427
4531.0,3.0428571428571427
4532.0,3.0428571428571427
4533.0,3.0428571428571427
4534.0,3.0428571428571427
4535.0,3.0428571428571427
4536.0,3.0428571428571427
4537.0,3.0428571428571427
4538.0,3.0428571428571427
4539.0,3.0428571428571427
4540.0,3.0428571428571427
4541.0,3.0428571428571427
4542.0,3.0428571428571427
4543.0,3.0428571428571427
4544.0,3.0428571428571427
4545.0,3.0428571428571427
4546.0,3.0428571428571427
4547.0,3.0428571428571427
4548.0,3.0428571428571427
4549.0,3.0428571428571427
4550.0,3.0428571428571427
4551.0,3.0428571428571427
4552.0,3.0428571428571427
4553.0,3.0428571428571427
4554.0,3.0428571428571427
4555.0,3.0428571428571427
4556.0,3.085714285714286
4557.0,3.0428571428571427
4558.0,3.0428571428571427
4559.0,3.0428571428571427
4560.0,3.085714285714286
4561.0,3.085714285714286
4562.0,3.085714285714286
4563.0,3.085714285714286
4564.0,3.085714285714286
4565.0,3.085714285714286
4566.0,3.085714285714286
4567.0,3.085714285714286
4568.0,3.0428571428571427
4569.0,3.0428571428571427
4570.0,3.0428571428571427
4571.0,3.0428571428571427
4572.0,3.0428571428571427
4573.0,3.0428571428571427
4574.0,3.0428571428571427
4575.0,3.0428571428571427
4576.0,3.0428571428571427
4577.0,3.0428571428571427
4578.0,3.0428571428571427
4579.0,3.0428571428571427
4580.0,3.085714285714286
4581.0,3.0428571428571427
4582.0,3.0428571428571427
4583.0,3.0428571428571427
4584.0,3.0428571428571427
4585.0,3.085714285714286
4586.0,3.0428571428571427
4587.0,3.0428571428571427
4588.0,3.0428571428571427
4589.0,3.0428571428571427
4590.0,3.0428571428571427
4591.0,3.0428571428571427
4592.0,3.0428571428571427
4593.0,3.0428571428571427
4594.0,3.0428571428571427
4595.0,3.0428571428571427
4596.0,3.0428571428571427
4597.0,3.085714285714286
4598.0,3.085714285714286
4599.0,3.0428571428571427
4600.0,3.085714285714286
4601.0,3.085714285714286
4602.0,3.085714285714286
4603.0,3.085714285714286
4604.0,3.085714285714286
4605.0,3.085714285714286
4606.0,3.0428571428571427
4607.0,3.0428571428571427
4608.0,3.0428571428571427
4609.0,3.0428571428571427
4610.0,3.0428571428571427
4611.0,3.0428571428571427
4612.0,3.0428571428571427
4613.0,3.0428571428571427
4614.0,3.0428571428571427
4615.0,3.0428571428571427
4616.0,3.0428571428571427
4617.0,3.0428571428571427
4618.0,3.0428571428571427
4619.0,3.0428571428571427
4620.0,3.0428571428571427
4621.0,3.0428571428571427
4622.0,3.0428571428571427
4623.0,3.0428571428571427
4624.0,3.0428571428571427
4625.0,3.085714285714286
4626.0,3.0428571428571427
4627.0,3.0428571428571427
4628.0,3.0428571428571427
4629.0,3.085714285714286
4630.0,3.0428571428571427
4631.0,3.0428571428571427
4632.0,3.0428571428571427
4633.0,3.0428571428571427
4634.0,3.0428571428571427
4635.0,3.0428571428571427
4636.0,3.0428571428571427
4637.0,3.0428571428571427
4638.0,3.0428571428571427
4639.0,3.085714285714286
4640.0,3.085714285714286
4641.0,3.0428571428571427
4642.0,3.0428571428571427
4643.0,3.0428571428571427
4644.0,3.0428571428571427
4645.0,3.0428571428571427
4646.0,3.085714285714286
4647.0,3.0428571428571427
4648.0,3.0428571428571427
4649.0,3.0428571428571427
4650.0,3.0428571428571427
4651.0,3.085714285714286
4652.0,3.0428571428571427
4653.0,3.0428571428571427
4654.0,3.0428571428571427
4655.0,3.0428571428571427
4656.0,3.0428571428571427
4657.0,3.0428571428571427
4658.0,3.0428571428571427
4659.0,3.0428571428571427
4660.0,3.0428571428571427
4661.0,3.0428571428571427
4662.0,3.0428571428571427
4663.0,3.0428571428571427
4664.0,3.0428571428571427
4665.0,3.0428571428571427
4666.0,3.0428571428571427
4667.0,3.0428571428571427
4668.0,3.0428571428571427
4669.0,3.0428571428571427
4670.0,3.0428571428571427
4671.0,3.0428571428571427
4672.0,3.0428571428571427
4673.0,3.0428571428571427
4674.0,3.0428571428571427
4675.0,3.0428571428571427
4676.0,3.0428571428571427
4677.0,3.0428571428571427
4678.0,3.0428571428571427
4679.0,3.0428571428571427
4680.0,3.0428571428571427
4681.0,3.0428571428571427
4682.0,3.0428571428571427
4683.0,3.0428571428571427
4684.0,3.0428571428571427
4685.0,3.0428571428571427
4686.0,3.0428571428571427
4687.0,3.0428571428571427
4688.0,3.085714285714286
4689.0,3.0428571428571427
4690.0,3.0428571428571427
4691.0,3.0428571428571427
4692.0,3.0428571428571427
4693.0,3.0428571428571427
4694.0,3.0428571428571427
4695.0,3.0428571428571427
4696.0,3.0428571428571427
4697.0,3.0428571428571427
4698.0,3.085714285714286
4699.0,3.085714285714286
4700.0,3.085714285714286
4701.0,3.085714285714286
4702.0,3.085714285714286
4703.0,3.0428571428571427
4704.0,3.0428571428571427
4705.0,3.085714285714286
4706.0,3.0428571428571427
4707.0,3.085714285714286
4708.0,3.0428571428571427
4709.0,3.0428571428571427
4710.0,3.0428571428571427
4711.0,3.0428571428571427
4712.0,3.0428571428571427
4713.0,3.0428571428571427
4714.0,3.0428571428571427
4715.0,3.0428571428571427
4716.0,3.0428571428571427
4717.0,3.085714285714286
4718.0,3.0428571428571427
4719.0,3.0428571428571427
4720.0,3.0428571428571427
4721.0,3.0428571428571427
4722.0,3.0428571428571427
4723.0,3.0428571428571427
4724.0,3.0428571428571427
4725.0,3.0428571428571427
4726.0,3.0428571428571427
4727.0,3.0428571428571427
4728.0,3.0428571428571427
4729.0,3.0428571428571427
4730.0,3.0428571428571427
4731.0,3.0428571428571427
4732.0,3.0428571428571427
4733.0,3.085714285714286
4734.0,3.085714285714286
4735.0,3.0428571428571427
4736.0,3.0428571428571427
4737.0,3.0428571428571427
4738.0,3.085714285714286
4739.0,3.085714285714286
4740.0,3.085714285714286
4741.0,3.085714285714286
4742.0,3.0428571428571427
4743.0,3.0428571428571427
4744.0,3.0428571428571427
4745.0,3.0428571428571427
4746.0,3.0428571428571427
4747.0,3.0428571428571427
4748.0,3.0428571428571427
4749.0,3.0428571428571427
4750.0,3.085714285714286
4751.0,3.0428571428571427
4752.0,3.0428571428571427
4753.0,3.0428571428571427
4754.0,3.0428571428571427
4755.0,3.0428571428571427
4756.0,3.0428571428571427
4757.0,3.0428571428571427
4758.0,3.0428571428571427
4759.0,3.0428571428571427
4760.0,3.0428571428571427
4761.0,3.0428571428571427
4762.0,3.0428571428571427
4763.0,3.0428571428571427
4764.0,3.0428571428571427
4765.0,3.0428571428571427
4766.0,3.0428571428571427
4767.0,3.0428571428571427
4768.0,3.0428571428571427
4769.0,3.0428571428571427
4770.0,3.0428571428571427
4771.0,3.0428571428571427
4772.0,3.0428571428571427
4773.0,3.0428571428571427
4774.0,3.085714285714286
4775.0,3.0428571428571427
4776.0,3.085714285714286
4777.0,3.085714285714286
4778.0,3.085714285714286
4779.0,3.085714285714286
4780.0,3.085714285714286
4781.0,3.0428571428571427
4782.0,3.0428571428571427
4783.0,3.0428571428571427
4784.0,3.0428571428571427
4785.0,3.085714285714286
4786.0,3.0428571428571427
4787.0,3.085714285714286
4788.0,3.0428571428571427
4789.0,3.0428571428571427
4790.0,3.0428571428571427
4791.0,3.0428571428571427
4792.0,3.0428571428571427
4793.0,3.0428571428571427
4794.0,3.0428571428571427
4795.0,3.0428571428571427
4796.0,3.0428571428571427
4797.0,3.0428571428571427
4798.0,3.0428571428571427
4799.0,3.0428571428571427
4800.0,3.0428571428571427
4801.0,3.0428571428571427
4802.0,3.0428571428571427
4803.0,3.0428571428571427
4804.0,3.0428571428571427
4805.0,3.0428571428571427
4806.0,3.0428571428571427
4807.0,3.0428571428571427
4808.0,3.0428571428571427
4809.0,3.0428571428571427
4810.0,3.0428571428571427
4811.0,3.0428571428571427
4812.0,3.0428571428571427
4813.0,3.0428571428571427
4814.0,3.0428571428571427
4815.0,3.0428571428571427
4816.0,3.0428571428571427
4817.0,3.085714285714286
4818.0,3.085714285714286
4819.0,3.085714285714286
4820.0,3.085714285714286
4821.0,3.085714285714286
4822.0,3.0428571428571427
4823.0,3.0428571428571427
4824.0,3.0428571428571427
4825.0,3.0428571428571427
4826.0,3.0428571428571427
4827.0,3.0428571428571427
4828.0,3.085714285714286
4829.0,3.0428571428571427
4830.0,3.085714285714286
4831.0,3.0428571428571427
4832.0,3.0428571428571427
4833.0,3.0428571428571427
4834.0,3.0428571428571427
4835.0,3.0428571428571427
4836.0,3.0428571428571427
4837.0,3.0428571428571427
4838.0,3.0428571428571427
4839.0,3.0428571428571427
4840.0,3.0428571428571427
4841.0,3.0428571428571427
4842.0,3.0428571428571427
4843.0,3.0428571428571427
4844.0,3.0428571428571427
4845.0,3.0428571428571427
4846.0,3.0428571428571427
4847.0,3.0428571428571427
4848.0,3.0428571428571427
4849.0,3.0428571428571427
4850.0,3.0428571428571427
4851.0,3.0428571428571427
4852.0,3.0428571428571427
4853.0,3.0428571428571427
4854.0,3.0428571428571427
4855.0,3.0428571428571427
4856.0,3.0428571428571427
4857.0,3.0428571428571427
4858.0,3.0428571428571427
4859.0,3.0428571428571427
4860.0,3.0428571428571427
4861.0,3.0428571428571427
4862.0,3.0428571428571427
4863.0,3.0428571428571427
4864.0,3.0428571428571427
4865.0,3.0428571428571427
4866.0,3.0428571428571427
4867.0,3.0428571428571427
4868.0,3.0428571428571427
4869.0,3.0428571428571427
4870.0,3.0428571428571427
4871.0,3.0428571428571427
4872.0,3.0428571428571427
4873.0,3.085714285714286
4874.0,3.085714285714286
4875.0,3.0428571428571427
4876.0,3.085714285714286
4877.0,3.0428571428571427
4878.0,3.0428571428571427
4879.0,3.0428571428571427
4880.0,3.0428571428571427
4881.0,3.0428571428571427
4882.0,3.0428571428571427
4883.0,3.0428571428571427
4884.0,3.0428571428571427
4885.0,3.0428571428571427
4886.0,3.0428571428571427
4887.0,3.0428571428571427
4888.0,3.0428571428571427
4889.0,3.0428571428571427
4890.0,3.0428571428571427
4891.0,3.0428571428571427
4892.0,3.0428571428571427
4893.0,3.0428571428571427
4894.0,3.0428571428571427
4895.0,3.0428571428571427
4896.0,3.0428571428571427
4897.0,3.0428571428571427
4898.0,3.0428571428571427
4899.0,3.0428571428571427
4900.0,3.0428571428571427
4901.0,3.0428571428571427
4902.0,3.0428571428571427
4903.0,3.0428571428571427
4904.0,3.0428571428571427
4905.0,3.0428571428571427
4906.0,3.0428571428571427
4907.0,3.0428571428571427
4908.0,3.0428571428571427
4909.0,3.0428571428571427
4910.0,3.0428571428571427
4911.0,3.0428571428571427
4912.0,3.0428571428571427
4913.0,3.0428571428571427
4914.0,3.085714285714286
4915.0,3.085714285714286
4916.0,3.085714285714286
4917.0,3.0428571428571427
4918.0,3.0428571428571427
4919.0,3.085714285714286
4920.0,3.085714285714286
4921.0,3.085714285714286
4922.0,3.085714285714286
4923.0,3.085714285714286
4924.0,3.085714285714286
4925.0,3.085714285714286
4926.0,3.0428571428571427
4927.0,3.0428571428571427
4928.0,3.0428571428571427
4929.0,3.0428571428571427
4930.0,3.085714285714286
4931.0,3.0428571428571427
4932.0,3.0428571428571427
4933.0,3.0428571428571427
4934.0,3.0428571428571427
4935.0,3.0428571428571427
4936.0,3.0428571428571427
4937.0,3.0428571428571427
4938.0,3.0428571428571427
4939.0,3.0428571428571427
4940.0,3.0428571428571427
4941.0,3.0428571428571427
4942.0,3.0428571428571427
4943.0,3.0428571428571427
4944.0,3.0428571428571427
4945.0,3.0428571428571427
4946.0,3.0428571428571427
4947.0,3.0428571428571427
4948.0,3.0428571428571427
4949.0,3.0428571428571427
4950.0,3.0428571428571427
4951.0,3.0428571428571427
4952.0,3.0428571428571427
4953.0,3.0428571428571427
4954.0,3.0428571428571427
4955.0,3.0428571428571427
4956.0,3.0428571428571427
4957.0,3.085714285714286
4958.0,3.085714285714286
4959.0,3.085714285714286
4960.0,3.085714285714286
4961.0,3.0428571428571427
4962.0,3.085714285714286
4963.0,3.085714285714286
4964.0,3.085714285714286
4965.0,3.085714285714286
4966.0,3.085714285714286
4967.0,3.085714285714286
4968.0,3.085714285714286
4969.0,3.0428571428571427
4970.0,3.085714285714286
4971.0,3.085714285714286
4972.0,3.0428571428571427
4973.0,3.085714285714286
4974.0,3.0428571428571427
4975.0,3.0428571428571427
4976.0,3.0428571428571427
4977.0,3.0428571428571427
4978.0,3.0428571428571427
4979.0,3.0428571428571427
4980.0,3.0428571428571427
4981.0,3.0428571428571427
4982.0,3.0428571428571427
4983.0,3.0428571428571427
4984.0,3.0428571428571427
4985.0,3.0428571428571427
4986.0,3.0428571428571427
4987.0,3.0428571428571427
4988.0,3.0428571428571427
4989.0,3.0428571428571427
4990.0,3.0428571428571427
4991.0,3.0428571428571427
4992.0,3.0428571428571427
4993.0,3.0428571428571427
4994.0,3.0428571428571427
4995.0,3.0428571428571427
4996.0,3.0428571428571427
4997.0,3.0428571428571427
4998.0,3.085714285714286
4999.0,3.085714285714286
5000.0,3.085714285714286
5001.0,3.085714285714286
5002.0,3.085714285714286
5003.0,3.0428571428571427
5004.0,3.085714285714286
5005.0,3.085714285714286
5006.0,3.085714285714286
5007.0,3.085714285714286
5008.0,3.085714285714286
5009.0,3.085714285714286
5010.0,3.085714285714286
5011.0,3.085714285714286
5012.0,3.085714285714286
5013.0,3.0428571428571427
5014.0,3.085714285714286
5015.0,3.0428571428571427
5016.0,3.0428571428571427
5017.0,3.0428571428571427
5018.0,3.0428571428571427
5019.0,3.0428571428571427
5020.0,3.0428571428571427
5021.0,3.0428571428571427
5022.0,3.0428571428571427
5023.0,3.0428571428571427
5024.0,3.0428571428571427
5025.0,3.0428571428571427
5026.0,3.0428571428571427
5027.0,3.0428571428571427
5028.0,3.0428571428571427
5029.0,3.0428571428571427
5030.0,3.0428571428571427
5031.0,3.0428571428571427
5032.0,3.0428571428571427
5033.0,3.0428571428571427
5034.0,3.0428571428571427
5035.0,3.0428571428571427
5036.0,3.0428571428571427
5037.0,3.0428571428571427
5038.0,3.0428571428571427
5039.0,3.0428571428571427
5040.0,3.0428571428571427
5041.0,3.0428571428571427
5042.0,3.0428571428571427
5043.0,3.0428571428571427
5044.0,3.0428571428571427
5045.0,3.0428571428571427
5046.0,3.085714285714286
5047.0,3.0428571428571427
5048.0,3.0428571428571427
5049.0,3.085714285714286
5050.0,3.085714285714286
5051.0,3.085714285714286
5052.0,3.085714285714286
5053.0,3.0428571428571427
5054.0,3.0428571428571427
5055.0,3.0428571428571427
5056.0,3.0428571428571427
5057.0,3.0428571428571427
5058.0,3.0428571428571427
5059.0,3.0428571428571427
5060.0,3.0428571428571427
5061.0,3.0428571428571427
5062.0,3.0428571428571427
5063.0,3.0428571428571427
5064.0,3.0428571428571427
5065.0,3.0428571428571427
5066.0,3.0428571428571427
5067.0,3.0428571428571427
5068.0,3.0428571428571427
5069.0,3.0428571428571427
5070.0,3.0428571428571427
5071.0,3.0428571428571427
5072.0,3.0428571428571427
5073.0,3.0428571428571427
5074.0,3.0428571428571427
5075.0,3.0428571428571427
5076.0,3.0428571428571427
5077.0,3.0428571428571427
5078.0,3.0428571428571427
5079.0,3.0428571428571427
5080.0,3.0428571428571427
5081.0,3.0428571428571427
5082.0,3.0428571428571427
5083.0,3.0428571428571427
5084.0,3.0428571428571427
5085.0,3.0428571428571427
5086.0,3.0428571428571427
5087.0,3.0428571428571427
5088.0,3.0428571428571427
5089.0,3.0428571428571427
5090.0,3.0428571428571427
5091.0,3.0428571428571427
5092.0,3.0428571428571427
5093.0,3.0428571428571427
5094.0,3.0428571428571427
5095.0,3.0428571428571427
5096.0,3.0428571428571427
5097.0,3.0428571428571427
5098.0,3.0428571428571427
5099.0,3.0428571428571427
5100.0,3.085714285714286
5101.0,3.0428571428571427
5102.0,3.0428571428571427
5103.0,3.0428571428571427
5104.0,3.0428571428571427
5105.0,3.0428571428571427
5106.0,3.0428571428571427
5107.0,3.0428571428571427
5108.0,3.0428571428571427
5109.0,3.0428571428571427
5110.0,3.0428571428571427
5111.0,3.085714285714286
5112.0,3.0428571428571427
5113.0,3.0428571428571427
5114.0,3.0428571428571427
5115.0,3.0428571428571427
5116.0,3.0428571428571427
5117.0,3.0428571428571427
5118.0,3.0428571428571427
5119.0,3.0428571428571427
5120.0,3.0428571428571427
5121.0,3.0428571428571427
5122.0,3.0428571428571427
5123.0,3.0428571428571427
5124.0,3.0428571428571427
5125.0,3.0428571428571427
5126.0,3.0428571428571427
5127.0,3.0428571428571427
5128.0,3.0428571428571427
5129.0,3.0428571428571427
5130.0,3.0428571428571427
5131.0,3.0428571428571427
5132.0,3.0428571428571427
5133.0,3.0428571428571427
5134.0,3.0428571428571427
5135.0,3.0428571428571427
5136.0,3.0428571428571427
5137.0,3.0428571428571427
5138.0,3.0428571428571427
5139.0,3.0428571428571427
5140.0,3.085714285714286
5141.0,3.0428571428571427
5142.0,3.0428571428571427
5143.0,3.085714285714286
5144.0,3.085714285714286
5145.0,3.085714285714286
5146.0,3.085714285714286
5147.0,3.085714285714286
5148.0,3.085714285714286
5149.0,3.085714285714286
5150.0,3.085714285714286
5151.0,3.0428571428571427
5152.0,3.085714285714286
5153.0,3.085714285714286
5154.0,3.0428571428571427
5155.0,3.0428571428571427
5156.0,3.0428571428571427
5157.0,3.0428571428571427
5158.0,3.0428571428571427
5159.0,3.0428571428571427
5160.0,3.0428571428571427
5161.0,3.0428571428571427
5162.0,3.0428571428571427
5163.0,3.0428571428571427
5164.0,3.0428571428571427
5165.0,3.0428571428571427
5166.0,3.0428571428571427
5167.0,3.0428571428571427
5168.0,3.0428571428571427
5169.0,3.0428571428571427
5170.0,3.0428571428571427
5171.0,3.0428571428571427
5172.0,3.0428571428571427
5173.0,3.0428571428571427
5174.0,3.0428571428571427
5175.0,3.0428571428571427
5176.0,3.0428571428571427
5177.0,3.085714285714286
5178.0,3.0428571428571427
5179.0,3.085714285714286
5180.0,3.0428571428571427
5181.0,3.085714285714286
5182.0,3.0428571428571427
5183.0,3.0428571428571427
5184.0,3.085714285714286
5185.0,3.085714285714286
5186.0,3.085714285714286
5187.0,3.085714285714286
5188.0,3.085714285714286
5189.0,3.0428571428571427
5190.0,3.0428571428571427
5191.0,3.0428571428571427
5192.0,3.0428571428571427
5193.0,3.0428571428571427
5194.0,3.085714285714286
5195.0,3.0428571428571427
5196.0,3.0428571428571427
5197.0,3.0428571428571427
5198.0,3.0428571428571427
5199.0,3.0428571428571427
5200.0,3.0428571428571427
5201.0,3.0428571428571427
5202.0,3.0428571428571427
5203.0,3.0428571428571427
5204.0,3.0428571428571427
5205.0,3.0428571428571427
5206.0,3.0428571428571427
5207.0,3.0428571428571427
5208.0,3.0428571428571427
5209.0,3.0428571428571427
5210.0,3.0428571428571427
5211.0,3.0428571428571427
5212.0,3.0428571428571427
5213.0,3.0428571428571427
5214.0,3.0428571428571427
5215.0,3.0428571428571427
5216.0,3.0428571428571427
5217.0,3.0428571428571427
5218.0,3.0428571428571427
5219.0,3.0428571428571427
5220.0,3.0428571428571427
5221.0,3.0428571428571427
5222.0,3.0428571428571427
5223.0,3.0428571428571427
5224.0,3.0428571428571427
5225.0,3.0428571428571427
5226.0,3.0428571428571427
5227.0,3.085714285714286
5228.0,3.085714285714286
5229.0,3.0428571428571427
5230.0,3.0428571428571427
5231.0,3.0428571428571427
5232.0,3.0428571428571427
5233.0,3.0428571428571427
5234.0,3.0428571428571427
5235.0,3.0428571428571427
5236.0,3.0428571428571427
5237.0,3.0428571428571427
5238.0,3.085714285714286
5239.0,3.0428571428571427
5240.0,3.0428571428571427
5241.0,3.0428571428571427
5242.0,3.0428571428571427
5243.0,3.0428571428571427
5244.0,3.0428571428571427
5245.0,3.0428571428571427
5246.0,3.0428571428571427
5247.0,3.0428571428571427
5248.0,3.0428571428571427
5249.0,3.0428571428571427
5250.0,3.0428571428571427
5251.0,3.0428571428571427
5252.0,3.0428571428571427
5253.0,3.0428571428571427
5254.0,3.0428571428571427
5255.0,3.0428571428571427
5256.0,3.0428571428571427
5257.0,3.0428571428571427
5258.0,3.0428571428571427
5259.0,3.0428571428571427
5260.0,3.0428571428571427
5261.0,3.0428571428571427
5262.0,3.0428571428571427
5263.0,3.0428571428571427
5264.0,3.0428571428571427
5265.0,3.0428571428571427
5266.0,3.0428571428571427
5267.0,3.0428571428571427
5268.0,3.0428571428571427
5269.0,3.0428571428571427
5270.0,3.0428571428571427
5271.0,3.0428571428571427
5272.0,3.0428571428571427
5273.0,3.0428571428571427
5274.0,3.0428571428571427
5275.0,3.0428571428571427
5276.0,3.0428571428571427
5277.0,3.0428571428571427
5278.0,3.085714285714286
5279.0,3.085714285714286
5280.0,3.085714285714286
5281.0,3.0428571428571427
5282.0,3.085714285714286
5283.0,3.0428571428571427
5284.0,3.0428571428571427
5285.0,3.0428571428571427
5286.0,3.0428571428571427
5287.0,3.0428571428571427
5288.0,3.0428571428571427
5289.0,3.0428571428571427
5290.0,3.0428571428571427
5291.0,3.0428571428571427
5292.0,3.0428571428571427
5293.0,3.0428571428571427
5294.0,3.0428571428571427
5295.0,3.0428571428571427
5296.0,3.0428571428571427
5297.0,3.0428571428571427
5298.0,3.0428571428571427
5299.0,3.0428571428571427
5300.0,3.0428571428571427
5301.0,3.0428571428571427
5302.0,3.0428571428571427
5303.0,3.0428571428571427
5304.0,3.0428571428571427
5305.0,3.0428571428571427
5306.0,3.0428571428571427
5307.0,3.0428571428571427
5308.0,3.0428571428571427
5309.0,3.0428571428571427
5310.0,3.0428571428571427
5311.0,3.0428571428571427
5312.0,3.0428571428571427
5313.0,3.0428571428571427
5314.0,3.0428571428571427
5315.0,3.0428571428571427
5316.0,3.0428571428571427
5317.0,3.0428571428571427
5318.0,3.0428571428571427
5319.0,3.0428571428571427
5320.0,3.0428571428571427
5321.0,3.0428571428571427
5322.0,3.085714285714286
5323.0,3.085714285714286
5324.0,3.0428571428571427
5325.0,3.0428571428571427
5326.0,3.0428571428571427
5327.0,3.0428571428571427
5328.0,3.0428571428571427
5329.0,3.0428571428571427
5330.0,3.0428571428571427
5331.0,3.0428571428571427
5332.0,3.0428571428571427
5333.0,3.0428571428571427
5334.0,3.0428571428571427
5335.0,3.0428571428571427
5336.0,3.0428571428571427
5337.0,3.0428571428571427
5338.0,3.0428571428571427
5339.0,3.0428571428571427
5340.0,3.0428571428571427
5341.0,3.0428571428571427
5342.0,3.0428571428571427
5343.0,3.0428571428571427
5344.0,3.0428571428571427
5345.0,3.0428571428571427
5346.0,3.0428571428571427
5347.0,3.0428571428571427
5348.0,3.0428571428571427
5349.0,3.0428571428571427
5350.0,3.0428571428571427
5351.0,3.0428571428571427
5352.0,3.0428571428571427
5353.0,3.0428571428571427
5354.0,3.0428571428571427
5355.0,3.0428571428571427
5356.0,3.0428571428571427
5357.0,3.0428571428571427
5358.0,3.0428571428571427
5359.0,3.0428571428571427
5360.0,3.0428571428571427
5361.0,3.0428571428571427
5362.0,3.0428571428571427
5363.0,3.085714285714286
5364.0,3.085714285714286
5365.0,3.0428571428571427
5366.0,3.085714285714286
5367.0,3.085714285714286
5368.0,3.0428571428571427
5369.0,3.0428571428571427
5370.0,3.0428571428571427
5371.0,3.0428571428571427
5372.0,3.0428571428571427
5373.0,3.085714285714286
5374.0,3.085714285714286
5375.0,3.0428571428571427
5376.0,3.0428571428571427
5377.0,3.0428571428571427
5378.0,3.0428571428571427
5379.0,3.0428571428571427
5380.0,3.0428571428571427
5381.0,3.0428571428571427
5382.0,3.0428571428571427
5383.0,3.0428571428571427
5384.0,3.0428571428571427
5385.0,3.0428571428571427
5386.0,3.0428571428571427
5387.0,3.0428571428571427
5388.0,3.0428571428571427
5389.0,3.0428571428571427
5390.0,3.0428571428571427
5391.0,3.0428571428571427
5392.0,3.0428571428571427
5393.0,3.0428571428571427
5394.0,3.0428571428571427
5395.0,3.0428571428571427
5396.0,3.0428571428571427
5397.0,3.0428571428571427
5398.0,3.0428571428571427
5399.0,3.0428571428571427
5400.0,3.0428571428571427
5401.0,3.0428571428571427
5402.0,3.0428571428571427
5403.0,3.0428571428571427
5404.0,3.0428571428571427
5405.0,3.0428571428571427
5406.0,3.085714285714286
5407.0,3.085714285714286
5408.0,3.0428571428571427
5409.0,3.085714285714286
5410.0,3.085714285714286
5411.0,3.085714285714286
5412.0,3.0428571428571427
5413.0,3.085714285714286
5414.0,3.085714285714286
5415.0,3.0428571428571427
5416.0,3.085714285714286
5417.0,3.0428571428571427
5418.0,3.085714285714286
5419.0,3.085714285714286
5420.0,3.0428571428571427
5421.0,3.0428571428571427
5422.0,3.0428571428571427
5423.0,3.0428571428571427
5424.0,3.0428571428571427
5425.0,3.0428571428571427
5426.0,3.0428571428571427
5427.0,3.0428571428571427
5428.0,3.0428571428571427
5429.0,3.0428571428571427
5430.0,3.0428571428571427
5431.0,3.0428571428571427
5432.0,3.0428571428571427
5433.0,3.0428571428571427
5434.0,3.0428571428571427
5435.0,3.0428571428571427
5436.0,3.0428571428571427
5437.0,3.0428571428571427
5438.0,3.0428571428571427
5439.0,3.0428571428571427
5440.0,3.0428571428571427
5441.0,3.0428571428571427
5442.0,3.085714285714286
5443.0,3.0428571428571427
5444.0,3.085714285714286
5445.0,3.085714285714286
5446.0,3.0428571428571427
5447.0,3.0428571428571427
5448.0,3.085714285714286
5449.0,3.0428571428571427
5450.0,3.0428571428571427
5451.0,3.0428571428571427
5452.0,3.085714285714286
5453.0,3.085714285714286
5454.0,3.0428571428571427
5455.0,3.0428571428571427
5456.0,3.0428571428571427
5457.0,3.0428571428571427
5458.0,3.0428571428571427
5459.0,3.0428571428571427
5460.0,3.085714285714286
5461.0,3.085714285714286
5462.0,3.0428571428571427
5463.0,3.0428571428571427
5464.0,3.0428571428571427
5465.0,3.0428571428571427
5466.0,3.0428571428571427
5467.0,3.0428571428571427
5468.0,3.0428571428571427
5469.0,3.0428571428571427
5470.0,3.0428571428571427
5471.0,3.0428571428571427
5472.0,3.0428571428571427
5473.0,3.0428571428571427
5474.0,3.0428571428571427
5475.0,3.0428571428571427
5476.0,3.0428571428571427
5477.0,3.0428571428571427
5478.0,3.0428571428571427
5479.0,3.0428571428571427
5480.0,3.0428571428571427
5481.0,3.0428571428571427
5482.0,3.0428571428571427
5483.0,3.0428571428571427
5484.0,3.0428571428571427
5485.0,3.0428571428571427
5486.0,3.0428571428571427
5487.0,3.0428571428571427
5488.0,3.0428571428571427
5489.0,3.0428571428571427
5490.0,3.0428571428571427
5491.0,3.0428571428571427
5492.0,3.0428571428571427
5493.0,3.0428571428571427
5494.0,3.0428571428571427
5495.0,3.0428571428571427
5496.0,3.0428571428571427
5497.0,3.0428571428571427
5498.0,3.0428571428571427
5499.0,3.0428571428571427
5500.0,3.0428571428571427
5501.0,3.0428571428571427
5502.0,3.0428571428571427
5503.0,3.0428571428571427
5504.0,3.0428571428571427
5505.0,3.0428571428571427
5506.0,3.0428571428571427
5507.0,3.0428571428571427
5508.0,3.0428571428571427
5509.0,3.0428571428571427
5510.0,3.085714285714286
5511.0,3.085714285714286
5512.0,3.085714285714286
5513.0,3.0428571428571427
5514.0,3.0428571428571427
5515.0,3.0428571428571427
5516.0,3.0428571428571427
5517.0,3.0428571428571427
5518.0,3.0428571428571427
5519.0,3.0428571428571427
5520.0,3.0428571428571427
5521.0,3.0428571428571427
5522.0,3.0428571428571427
5523.0,3.0428571428571427
5524.0,3.0428571428571427
5525.0,3.0428571428571427
5526.0,3.0428571428571427
5527.0,3.0428571428571427
5528.0,3.0428571428571427
5529.0,3.0428571428571427
5530.0,3.0428571428571427
5531.0,3.0428571428571427
5532.0,3.0428571428571427
5533.0,3.0428571428571427
5534.0,3.0428571428571427
5535.0,3.0428571428571427
5536.0,3.0428571428571427
5537.0,3.0428571428571427
5538.0,3.0428571428571427
5539.0,3.0428571428571427
5540.0,3.0428571428571427
5541.0,3.0428571428571427
5542.0,3.0428571428571427
5543.0,3.0428571428571427
5544.0,3.0428571428571427
5545.0,3.0428571428571427
5546.0,3.0428571428571427
5547.0,3.085714285714286
5548.0,3.085714285714286
5549.0,3.085714285714286
5550.0,3.085714285714286
5551.0,3.085714285714286
5552.0,3.085714285714286
5553.0,3.0428571428571427
5554.0,3.085714285714286
5555.0,3.085714285714286
5556.0,3.085714285714286
5557.0,3.0428571428571427
5558.0,3.0428571428571427
5559.0,3.0428571428571427
5560.0,3.0428571428571427
5561.0,3.0428571428571427
5562.0,3.0428571428571427
5563.0,3.0428571428571427
5564.0,3.0428571428571427
5565.0,3.0428571428571427
5566.0,3.0428571428571427
5567.0,3.0428571428571427
5568.0,3.0428571428571427
5569.0,3.0428571428571427
5570.0,3.0428571428571427
5571.0,3.0428571428571427
5572.0,3.0428571428571427
5573.0,3.0428571428571427
5574.0,3.0428571428571427
5575.0,3.0428571428571427
5576.0,3.0428571428571427
5577.0,3.0428571428571427
5578.0,3.0428571428571427
5579.0,3.0428571428571427
5580.0,3.0428571428571427
5581.0,3.0428571428571427
5582.0,3.0428571428571427
5583.0,3.0428571428571427
5584.0,3.0428571428571427
5585.0,3.0428571428571427
5586.0,3.0428571428571427
5587.0,3.0428571428571427
5588.0,3.0428571428571427
5589.0,3.085714285714286
5590.0,3.085714285714286
5591.0,3.085714285714286
5592.0,3.0428571428571427
5593.0,3.085714285714286
5594.0,3.085714285714286
5595.0,3.0428571428571427
5596.0,3.085714285714286
5597.0,3.085714285714286
5598.0,3.0428571428571427
5599.0,3.0428571428571427
5600.0,3.0428571428571427
5601.0,3.0428571428571427
5602.0,3.0428571428571427
5603.0,3.0428571428571427
5604.0,3.0428571428571427
5605.0,3.0428571428571427
5606.0,3.0428571428571427
5607.0,3.0428571428571427
5608.0,3.0428571428571427
5609.0,3.0428571428571427
5610.0,3.0428571428571427
5611.0,3.0428571428571427
5612.0,3.0428571428571427
5613.0,3.0428571428571427
5614.0,3.0428571428571427
5615.0,3.0428571428571427
5616.0,3.0428571428571427
5617.0,3.0428571428571427
5618.0,3.0428571428571427
5619.0,3.0428571428571427
5620.0,3.0428571428571427
5621.0,3.0428571428571427
5622.0,3.0428571428571427
5623.0,3.0428571428571427
5624.0,3.0428571428571427
5625.0,3.0428571428571427
5626.0,3.0428571428571427
5627.0,3.0428571428571427
5628.0,3.0428571428571427
5629.0,3.0428571428571427
5630.0,3.0428571428571427
5631.0,3.0428571428571427
5632.0,3.0428571428571427
5633.0,3.0428571428571427
5634.0,3.0428571428571427
5635.0,3.0428571428571427
5636.0,3.085714285714286
5637.0,3.0428571428571427
5638.0,3.0428571428571427
5639.0,3.0428571428571427
5640.0,3.0428571428571427
5641.0,3.0428571428571427
5642.0,3.0428571428571427
5643.0,3.0428571428571427
5644.0,3.0428571428571427
5645.0,3.0428571428571427
5646.0,3.0428571428571427
5647.0,3.0428571428571427
5648.0,3.0428571428571427
5649.0,3.0428571428571427
5650.0,3.0428571428571427
5651.0,3.0428571428571427
5652.0,3.0428571428571427
5653.0,3.0428571428571427
5654.0,3.0428571428571427
5655.0,3.0428571428571427
5656.0,3.0428571428571427
5657.0,3.0428571428571427
5658.0,3.0428571428571427
5659.0,3.0428571428571427
5660.0,3.0428571428571427
5661.0,3.0428571428571427
5662.0,3.0428571428571427
5663.0,3.0428571428571427
5664.0,3.0428571428571427
5665.0,3.0428571428571427
5666.0,3.0428571428571427
5667.0,3.0428571428571427
5668.0,3.0428571428571427
5669.0,3.0428571428571427
5670.0,3.0428571428571427
5671.0,3.0428571428571427
5672.0,3.0428571428571427
5673.0,3.0428571428571427
5674.0,3.0428571428571427
5675.0,3.0428571428571427
5676.0,3.0428571428571427
5677.0,3.0428571428571427
5678.0,3.0428571428571427
5679.0,3.0428571428571427
5680.0,3.0428571428571427
5681.0,3.0428571428571427
5682.0,3.085714285714286
5683.0,3.0428571428571427
5684.0,3.0428571428571427
5685.0,3.0428571428571427
5686.0,3.0428571428571427
5687.0,3.0428571428571427
5688.0,3.085714285714286
5689.0,3.0428571428571427
5690.0,3.0428571428571427
5691.0,3.0428571428571427
5692.0,3.0428571428571427
5693.0,3.0428571428571427
5694.0,3.0428571428571427
5695.0,3.0428571428571427
5696.0,3.0428571428571427
5697.0,3.0428571428571427
5698.0,3.0428571428571427
5699.0,3.0428571428571427
5700.0,3.0428571428571427
5701.0,3.0428571428571427
5702.0,3.0428571428571427
5703.0,3.0428571428571427
5704.0,3.0428571428571427
5705.0,3.0428571428571427
5706.0,3.0428571428571427
5707.0,3.0428571428571427
5708.0,3.0428571428571427
5709.0,3.0428571428571427
5710.0,3.0428571428571427
5711.0,3.0428571428571427
5712.0,3.0428571428571427
5713.0,3.0428571428571427
5714.0,3.0428571428571427
5715.0,3.0428571428571427
5716.0,3.0428571428571427
5717.0,3.0428571428571427
5718.0,3.0428571428571427
5719.0,3.0428571428571427
5720.0,3.0428571428571427
5721.0,3.0428571428571427
5722.0,3.0428571428571427
5723.0,3.0428571428571427
5724.0,3.0428571428571427
5725.0,3.0428571428571427
5726.0,3.0428571428571427
5727.0,3.0428571428571427
5728.0,3.0428571428571427
5729.0,3.0428571428571427
5730.0,3.0428571428571427
5731.0,3.0428571428571427
5732.0,3.085714285714286
5733.0,3.0428571428571427
5734.0,3.085714285714286
5735.0,3.085714285714286
5736.0,3.0428571428571427
5737.0,3.0428571428571427
5738.0,3.0428571428571427
5739.0,3.0428571428571427
5740.0,3.0428571428571427
5741.0,3.0428571428571427
5742.0,3.0428571428571427
5743.0,3.0428571428571427
5744.0,3.0428571428571427
5745.0,3.0428571428571427
5746.0,3.0428571428571427
5747.0,3.0428571428571427
5748.0,3.0428571428571427
5749.0,3.0428571428571427
5750.0,3.0428571428571427
5751.0,3.0428571428571427
5752.0,3.0428571428571427
5753.0,3.0428571428571427
5754.0,3.0428571428571427
5755.0,3.0428571428571427
5756.0,3.0428571428571427
5757.0,3.0428571428571427
5758.0,3.0428571428571427
5759.0,3.0428571428571427
5760.0,3.0428571428571427
5761.0,3.0428571428571427
5762.0,3.0428571428571427
5763.0,3.0428571428571427
5764.0,3.0428571428571427
5765.0,3.0428571428571427
5766.0,3.0428571428571427
5767.0,3.0428571428571427
5768.0,3.085714285714286
5769.0,3.085714285714286
5770.0,3.0428571428571427
5771.0,3.0428571428571427
5772.0,3.085714285714286
5773.0,3.085714285714286
5774.0,3.085714285714286
5775.0,3.085714285714286
5776.0,3.085714285714286
5777.0,3.0428571428571427
5778.0,3.085714285714286
5779.0,3.085714285714286
5780.0,3.085714285714286
5781.0,3.0428571428571427
5782.0,3.0428571428571427
5783.0,3.0428571428571427
5784.0,3.0428571428571427
5785.0,3.0428571428571427
5786.0,3.0428571428571427
5787.0,3.0428571428571427
5788.0,3.0428571428571427
5789.0,3.0428571428571427
5790.0,3.0428571428571427
5791.0,3.0428571428571427
5792.0,3.0428571428571427
5793.0,3.0428571428571427
5794.0,3.0428571428571427
5795.0,3.0428571428571427
5796.0,3.0428571428571427
5797.0,3.0428571428571427
5798.0,3.0428571428571427
5799.0,3.0428571428571427
5800.0,3.0428571428571427
5801.0,3.0428571428571427
5802.0,3.0428571428571427
5803.0,3.0428571428571427
5804.0,3.0428571428571427
5805.0,3.0428571428571427
5806.0,3.0428571428571427
5807.0,3.0428571428571427
5808.0,3.0428571428571427
5809.0,3.0428571428571427
5810.0,3.085714285714286
5811.0,3.085714285714286
5812.0,3.085714285714286
5813.0,3.085714285714286
5814.0,3.0428571428571427
5815.0,3.085714285714286
5816.0,3.085714285714286
5817.0,3.0428571428571427
5818.0,3.0428571428571427
5819.0,3.085714285714286
5820.0,3.085714285714286
5821.0,3.0428571428571427
5822.0,3.0428571428571427
5823.0,3.0428571428571427
5824.0,3.0428571428571427
5825.0,3.0428571428571427
5826.0,3.0428571428571427
5827.0,3.0428571428571427
5828.0,3.0428571428571427
5829.0,3.0428571428571427
5830.0,3.0428571428571427
5831.0,3.0428571428571427
5832.0,3.0428571428571427
5833.0,3.0428571428571427
5834.0,3.0428571428571427
5835.0,3.0428571428571427
5836.0,3.0428571428571427
5837.0,3.0428571428571427
5838.0,3.0428571428571427
5839.0,3.0428571428571427
5840.0,3.0428571428571427
5841.0,3.0428571428571427
5842.0,3.0428571428571427
5843.0,3.0428571428571427
5844.0,3.0428571428571427
5845.0,3.0428571428571427
5846.0,3.0428571428571427
5847.0,3.0428571428571427
5848.0,3.0428571428571427
5849.0,3.0428571428571427
5850.0,3.0428571428571427
5851.0,3.0428571428571427
5852.0,3.0428571428571427
5853.0,3.0428571428571427
5854.0,3.0428571428571427
5855.0,3.0428571428571427
5856.0,3.0428571428571427
5857.0,3.0428571428571427
5858.0,3.0428571428571427
5859.0,3.0428571428571427
5860.0,3.0428571428571427
5861.0,3.0428571428571427
5862.0,3.0428571428571427
5863.0,3.0428571428571427
5864.0,3.0428571428571427
5865.0,3.0428571428571427
5866.0,3.0428571428571427
5867.0,3.0428571428571427
5868.0,3.0428571428571427
5869.0,3.0428571428571427
5870.0,3.085714285714286
5871.0,3.0428571428571427
5872.0,3.085714285714286
5873.0,3.0428571428571427
5874.0,3.0428571428571427
5875.0,3.0428571428571427
5876.0,3.0428571428571427
5877.0,3.0428571428571427
5878.0,3.0428571428571427
5879.0,3.0428571428571427
5880.0,3.0428571428571427
5881.0,3.0428571428571427
5882.0,3.0428571428571427
5883.0,3.0428571428571427
5884.0,3.0428571428571427
5885.0,3.0428571428571427
5886.0,3.0428571428571427
5887.0,3.0428571428571427
5888.0,3.0428571428571427
5889.0,3.0428571428571427
5890.0,3.0428571428571427
5891.0,3.0428571428571427
5892.0,3.0428571428571427
5893.0,3.0428571428571427
5894.0,3.0428571428571427
5895.0,3.0428571428571427
5896.0,3.0428571428571427
5897.0,3.0428571428571427
5898.0,3.0428571428571427
5899.0,3.0428571428571427
5900.0,3.0428571428571427
5901.0,3.0428571428571427
5902.0,3.0428571428571427
5903.0,3.0428571428571427
5904.0,3.0428571428571427
5905.0,3.0428571428571427
5906.0,3.0428571428571427
5907.0,3.0428571428571427
5908.0,3.0428571428571427
5909.0,3.0428571428571427
5910.0,3.0428571428571427
5911.0,3.0428571428571427
5912.0,3.0428571428571427
5913.0,3.0428571428571427
5914.0,3.0428571428571427
5915.0,3.0428571428571427
5916.0,3.085714285714286
5917.0,3.0428571428571427
5918.0,3.0428571428571427
5919.0,3.085714285714286
5920.0,3.0428571428571427
5921.0,3.085714285714286
5922.0,3.085714285714286
5923.0,3.0428571428571427
5924.0,3.0428571428571427
5925.0,3.0428571428571427
5926.0,3.0428571428571427
5927.0,3.0428571428571427
5928.0,3.0428571428571427
5929.0,3.0428571428571427
5930.0,3.0428571428571427
5931.0,3.0428571428571427
5932.0,3.0428571428571427
5933.0,3.0428571428571427
5934.0,3.0428571428571427
5935.0,3.0428571428571427
5936.0,3.0428571428571427
5937.0,3.0428571428571427
5938.0,3.0428571428571427
5939.0,3.0428571428571427
5940.0,3.0428571428571427
5941.0,3.0428571428571427
5942.0,3.0428571428571427
5943.0,3.0428571428571427
5944.0,3.0428571428571427
5945.0,3.0428571428571427
5946.0,3.0428571428571427
5947.0,3.0428571428571427
5948.0,3.0428571428571427
5949.0,3.0428571428571427
5950.0,3.0428571428571427
5951.0,3.085714285714286
5952.0,3.0
5953.0,3.0428571428571427
5954.0,3.085714285714286
5955.0,3.085714285714286
5956.0,3.085714285714286
5957.0,3.0428571428571427
5958.0,3.085714285714286
5959.0,3.085714285714286
5960.0,3.085714285714286
5961.0,3.0428571428571427
5962.0,3.0428571428571427
5963.0,3.0428571428571427
5964.0,3.085714285714286
5965.0,3.0428571428571427
5966.0,3.085714285714286
5967.0,3.0428571428571427
5968.0,3.0428571428571427
5969.0,3.0428571428571427
5970.0,3.0428571428571427
5971.0,3.0428571428571427
5972.0,3.0428571428571427
5973.0,3.0428571428571427
5974.0,3.0428571428571427
5975.0,3.0428571428571427
5976.0,3.0428571428571427
5977.0,3.0428571428571427
5978.0,3.0428571428571427
5979.0,3.0428571428571427
5980.0,3.0428571428571427
5981.0,3.0428571428571427
5982.0,3.0428571428571427
5983.0,3.0428571428571427
5984.0,3.0428571428571427
5985.0,3.0428571428571427
5986.0,3.0428571428571427
5987.0,3.0428571428571427
5988.0,3.0428571428571427
5989.0,3.0428571428571427
5990.0,3.0428571428571427
5991.0,3.0428571428571427
5992.0,3.0428571428571427
5993.0,3.0428571428571427
5994.0,3.0428571428571427
5995.0,3.0428571428571427
5996.0,3.085714285714286
5997.0,3.085714285714286
5998.0,3.085714285714286
5999.0,3.085714285714286
6000.0,3.0428571428571427
6001.0,3.0428571428571427
6002.0,3.0428571428571427
6003.0,3.085714285714286
6004.0,3.0
6005.0,3.085714285714286
6006.0,3.0428571428571427
6007.0,3.0428571428571427
6008.0,3.0428571428571427
6009.0,3.0428571428571427
6010.0,3.0428571428571427
6011.0,3.0428571428571427
6012.0,3.0428571428571427
6013.0,3.0428571428571427
6014.0,3.0428571428571427
6015.0,3.0428571428571427
6016.0,3.0428571428571427
6017.0,3.0428571428571427
6018.0,3.0428571428571427
6019.0,3.0428571428571427
6020.0,3.0428571428571427
6021.0,3.0428571428571427
6022.0,3.0428571428571427
6023.0,3.0428571428571427
6024.0,3.0428571428571427
6025.0,3.0428571428571427
6026.0,3.0428571428571427
6027.0,3.0428571428571427
6028.0,3.0428571428571427
6029.0,3.0428571428571427
6030.0,3.0428571428571427
6031.0,3.0428571428571427
6032.0,3.0428571428571427
6033.0,3.0428571428571427
6034.0,3.0428571428571427
6035.0,3.0428571428571427
6036.0,3.085714285714286
6037.0,3.0428571428571427
6038.0,3.0428571428571427
6039.0,3.085714285714286
6040.0,3.085714285714286
6041.0,3.0428571428571427
6042.0,3.0428571428571427
6043.0,3.0428571428571427
6044.0,3.0428571428571427
6045.0,3.0428571428571427
6046.0,3.0428571428571427
6047.0,3.0428571428571427
6048.0,3.0428571428571427
6049.0,3.0428571428571427
6050.0,3.0428571428571427
6051.0,3.0428571428571427
6052.0,3.0428571428571427
6053.0,3.0428571428571427
6054.0,3.0428571428571427
6055.0,3.0428571428571427
6056.0,3.0428571428571427
6057.0,3.0428571428571427
6058.0,3.0428571428571427
6059.0,3.0428571428571427
6060.0,3.0428571428571427
6061.0,3.0428571428571427
6062.0,3.0428571428571427
6063.0,3.0428571428571427
6064.0,3.0428571428571427
6065.0,3.0428571428571427
6066.0,3.0428571428571427
6067.0,3.0428571428571427
6068.0,3.0428571428571427
6069.0,3.0428571428571427
6070.0,3.0428571428571427
6071.0,3.0428571428571427
6072.0,3.0428571428571427
6073.0,3.0428571428571427
6074.0,3.0428571428571427
6075.0,3.0428571428571427
6076.0,3.0428571428571427
6077.0,3.0428571428571427
6078.0,3.0428571428571427
6079.0,3.0428571428571427
6080.0,3.0428571428571427
6081.0,3.0428571428571427
6082.0,3.0428571428571427
6083.0,3.0428571428571427
6084.0,3.0428571428571427
6085.0,3.0428571428571427
6086.0,3.0428571428571427
6087.0,3.0428571428571427
6088.0,3.0428571428571427
6089.0,3.0428571428571427
6090.0,3.0428571428571427
6091.0,3.0428571428571427
6092.0,3.0428571428571427
6093.0,3.085714285714286
6094.0,3.085714285714286
6095.0,3.0428571428571427
6096.0,3.085714285714286
6097.0,3.0428571428571427
6098.0,3.0428571428571427
6099.0,3.0428571428571427
6100.0,3.0428571428571427
6101.0,3.0428571428571427
6102.0,3.0428571428571427
6103.0,3.0428571428571427
6104.0,3.0428571428571427
6105.0,3.0428571428571427
6106.0,3.0428571428571427
6107.0,3.0428571428571427
6108.0,3.0428571428571427
6109.0,3.0428571428571427
6110.0,3.0428571428571427
6111.0,3.0428571428571427
6112.0,3.0428571428571427
6113.0,3.0428571428571427
6114.0,3.0428571428571427
6115.0,3.0428571428571427
6116.0,3.0428571428571427
6117.0,3.0428571428571427
6118.0,3.0428571428571427
6119.0,3.0428571428571427
6120.0,3.0428571428571427
6121.0,3.0428571428571427
6122.0,3.0428571428571427
6123.0,3.0428571428571427
6124.0,3.0428571428571427
6125.0,3.0428571428571427
6126.0,3.0428571428571427
6127.0,3.0428571428571427
6128.0,3.0428571428571427
6129.0,3.0428571428571427
6130.0,3.0428571428571427
6131.0,3.0428571428571427
6132.0,3.0428571428571427
6133.0,3.0428571428571427
6134.0,3.0428571428571427
6135.0,3.085714285714286
6136.0,3.085714285714286
6137.0,3.0428571428571427
6138.0,3.085714285714286
6139.0,3.085714285714286
6140.0,3.0428571428571427
6141.0,3.085714285714286
6142.0,3.0428571428571427
6143.0,3.0428571428571427
6144.0,3.0428571428571427
6145.0,3.0428571428571427
6146.0,3.0428571428571427
6147.0,3.0428571428571427
6148.0,3.0428571428571427
6149.0,3.0428571428571427
6150.0,3.0428571428571427
6151.0,3.0428571428571427
6152.0,3.0428571428571427
6153.0,3.0428571428571427
6154.0,3.0428571428571427
6155.0,3.0428571428571427
6156.0,3.0428571428571427
6157.0,3.0428571428571427
6158.0,3.0428571428571427
6159.0,3.0428571428571427
6160.0,3.0428571428571427
6161.0,3.0428571428571427
6162.0,3.0428571428571427
6163.0,3.0428571428571427
6164.0,3.0428571428571427
6165.0,3.0428571428571427
6166.0,3.0428571428571427
6167.0,3.0428571428571427
6168.0,3.0428571428571427
6169.0,3.0428571428571427
6170.0,3.0428571428571427
6171.0,3.0428571428571427
6172.0,3.0428571428571427
6173.0,3.0428571428571427
6174.0,3.0
6175.0,3.0428571428571427
6176.0,3.0428571428571427
6177.0,3.085714285714286
6178.0,3.0428571428571427
6179.0,3.0428571428571427
6180.0,3.085714285714286
6181.0,3.0428571428571427
6182.0,3.0428571428571427
6183.0,3.0428571428571427
6184.0,3.085714285714286
6185.0,3.085714285714286
6186.0,3.085714285714286
6187.0,3.0428571428571427
6188.0,3.085714285714286
6189.0,3.0428571428571427
6190.0,3.0428571428571427
6191.0,3.0428571428571427
6192.0,3.0428571428571427
6193.0,3.0428571428571427
6194.0,3.0428571428571427
6195.0,3.0428571428571427
6196.0,3.0428571428571427
6197.0,3.0428571428571427
6198.0,3.0428571428571427
6199.0,3.0428571428571427
6200.0,3.0428571428571427
6201.0,3.0428571428571427
6202.0,3.0428571428571427
6203.0,3.0428571428571427
6204.0,3.0428571428571427
6205.0,3.0428571428571427
6206.0,3.0428571428571427
6207.0,3.0428571428571427
6208.0,3.0428571428571427
6209.0,3.0428571428571427
6210.0,3.0428571428571427
6211.0,3.0428571428571427
6212.0,3.0428571428571427
6213.0,3.0428571428571427
6214.0,3.0428571428571427
6215.0,3.0428571428571427
6216.0,3.0428571428571427
6217.0,3.0428571428571427
6218.0,3.085714285714286
6219.0,3.0428571428571427
6220.0,3.0428571428571427
6221.0,3.085714285714286
6222.0,3.0428571428571427
6223.0,3.0428571428571427
6224.0,3.0428571428571427
6225.0,3.0428571428571427
6226.0,3.0428571428571427
6227.0,3.0428571428571427
6228.0,3.0428571428571427
6229.0,3.085714285714286
6230.0,3.0428571428571427
6231.0,3.0428571428571427
6232.0,3.0428571428571427
6233.0,3.0428571428571427
6234.0,3.0428571428571427
6235.0,3.0428571428571427
6236.0,3.0428571428571427
6237.0,3.0428571428571427
6238.0,3.0428571428571427
6239.0,3.0428571428571427
6240.0,3.0428571428571427
6241.0,3.0428571428571427
6242.0,3.0428571428571427
6243.0,3.0428571428571427
6244.0,3.0428571428571427
6245.0,3.0428571428571427
6246.0,3.0428571428571427
6247.0,3.0428571428571427
6248.0,3.0428571428571427
6249.0,3.0428571428571427
6250.0,3.0428571428571427
6251.0,3.0428571428571427
6252.0,3.0428571428571427
6253.0,3.0428571428571427
6254.0,3.0428571428571427
6255.0,3.0428571428571427
6256.0,3.0428571428571427
6257.0,3.0428571428571427
6258.0,3.0428571428571427
6259.0,3.0428571428571427
6260.0,3.0428571428571427
6261.0,3.0428571428571427
6262.0,3.0428571428571427
6263.0,3.0428571428571427
6264.0,3.0428571428571427
6265.0,3.0428571428571427
6266.0,3.0428571428571427
6267.0,3.0428571428571427
6268.0,3.085714285714286
6269.0,3.0428571428571427
6270.0,3.0428571428571427
6271.0,3.085714285714286
6272.0,3.085714285714286
6273.0,3.0428571428571427
6274.0,3.0428571428571427
6275.0,3.0428571428571427
6276.0,3.0428571428571427
6277.0,3.0428571428571427
6278.0,3.0428571428571427
6279.0,3.0428571428571427
6280.0,3.0428571428571427
6281.0,3.0428571428571427
6282.0,3.0428571428571427
6283.0,3.0428571428571427
6284.0,3.0428571428571427
6285.0,3.0428571428571427
6286.0,3.0428571428571427
6287.0,3.0428571428571427
6288.0,3.0428571428571427
6289.0,3.0428571428571427
6290.0,3.0428571428571427
6291.0,3.0428571428571427
6292.0,3.0428571428571427
6293.0,3.0428571428571427
6294.0,3.0428571428571427
6295.0,3.0428571428571427
6296.0,3.0428571428571427
6297.0,3.0428571428571427
6298.0,3.0428571428571427
6299.0,3.0428571428571427
6300.0,3.0428571428571427
6301.0,3.0428571428571427
6302.0,3.0428571428571427
6303.0,3.0428571428571427
6304.0,3.0428571428571427
6305.0,3.0428571428571427
6306.0,3.0428571428571427
6307.0,3.0428571428571427
6308.0,3.0428571428571427
6309.0,3.0428571428571427
6310.0,3.0
6311.0,3.0428571428571427
6312.0,3.0
6313.0,3.0428571428571427
6314.0,3.085714285714286
6315.0,3.0428571428571427
6316.0,3.0428571428571427
6317.0,3.0428571428571427
6318.0,3.0
6319.0,3.0428571428571427
6320.0,3.0
6321.0,3.0428571428571427
6322.0,3.0
6323.0,3.0428571428571427
6324.0,3.0428571428571427
6325.0,3.0428571428571427
6326.0,3.0428571428571427
6327.0,3.0428571428571427
6328.0,3.0428571428571427
6329.0,3.0428571428571427
6330.0,3.0428571428571427
6331.0,3.0428571428571427
6332.0,3.0428571428571427
6333.0,3.0428571428571427
6334.0,3.0428571428571427
6335.0,3.0428571428571427
6336.0,3.0428571428571427
6337.0,3.0428571428571427
6338.0,3.0428571428571427
6339.0,3.0428571428571427
6340.0,3.0428571428571427
6341.0,3.0428571428571427
6342.0,3.0428571428571427
6343.0,3.0428571428571427
6344.0,3.0428571428571427
6345.0,3.0428571428571427
6346.0,3.0428571428571427
6347.0,3.0428571428571427
6348.0,3.0428571428571427
6349.0,3.0428571428571427
6350.0,3.0428571428571427
6351.0,3.0428571428571427
6352.0,3.0428571428571427
6353.0,3.0428571428571427
6354.0,3.0428571428571427
6355.0,3.0428571428571427
6356.0,3.0428571428571427
6357.0,3.0428571428571427
6358.0,3.085714285714286
6359.0,3.0428571428571427
6360.0,3.0428571428571427
6361.0,3.085714285714286
6362.0,3.0428571428571427
6363.0,3.0428571428571427
6364.0,3.0428571428571427
6365.0,3.085714285714286
6366.0,3.0428571428571427
6367.0,3.0428571428571427
6368.0,3.0
6369.0,3.0428571428571427
6370.0,3.0
6371.0,3.0428571428571427
6372.0,3.0428571428571427
6373.0,3.0428571428571427
6374.0,3.0428571428571427
6375.0,3.0428571428571427
6376.0,3.0428571428571427
6377.0,3.0428571428571427
6378.0,3.0428571428571427
6379.0,3.0428571428571427
6380.0,3.0428571428571427
6381.0,3.0428571428571427
6382.0,3.0428571428571427
6383.0,3.0428571428571427
6384.0,3.0428571428571427
6385.0,3.0428571428571427
6386.0,3.0428571428571427
6387.0,3.0428571428571427
6388.0,3.0428571428571427
6389.0,3.0428571428571427
6390.0,3.0428571428571427
6391.0,3.0428571428571427
6392.0,3.0428571428571427
6393.0,3.0428571428571427
6394.0,3.0428571428571427
6395.0,3.0428571428571427
6396.0,3.0428571428571427
6397.0,3.0428571428571427
6398.0,3.0428571428571427
6399.0,3.0428571428571427
6400.0,3.0428571428571427
6401.0,3.0428571428571427
6402.0,3.0428571428571427
6403.0,3.0428571428571427
6404.0,3.0428571428571427
6405.0,3.0428571428571427
6406.0,3.0428571428571427
6407.0,3.085714285714286
6408.0,3.0428571428571427
6409.0,3.085714285714286
6410.0,3.085714285714286
6411.0,3.0428571428571427
6412.0,3.0428571428571427
6413.0,3.0428571428571427
6414.0,3.0428571428571427
6415.0,3.0428571428571427
6416.0,3.0428571428571427
6417.0,3.0428571428571427
6418.0,3.0428571428571427
6419.0,3.0428571428571427
6420.0,3.0428571428571427
6421.0,3.0428571428571427
6422.0,3.0428571428571427
6423.0,3.0428571428571427
6424.0,3.0428571428571427
6425.0,3.0428571428571427
6426.0,3.0428571428571427
6427.0,3.0428571428571427
6428.0,3.0428571428571427
6429.0,3.0428571428571427
6430.0,3.0428571428571427
6431.0,3.0428571428571427
6432.0,3.0428571428571427
6433.0,3.0428571428571427
6434.0,3.0428571428571427
6435.0,3.0428571428571427
6436.0,3.0428571428571427
6437.0,3.0428571428571427
6438.0,3.0428571428571427
6439.0,3.0428571428571427
6440.0,3.0428571428571427
6441.0,3.0428571428571427
6442.0,3.0428571428571427
6443.0,3.0428571428571427
6444.0,3.0428571428571427
6445.0,3.0428571428571427
6446.0,3.0
6447.0,3.0428571428571427
6448.0,3.0428571428571427
6449.0,3.0428571428571427
6450.0,3.085714285714286
6451.0,3.0428571428571427
6452.0,3.0428571428571427
6453.0,3.0428571428571427
6454.0,3.0428571428571427
6455.0,3.0428571428571427
6456.0,3.0428571428571427
6457.0,3.0428571428571427
6458.0,3.0428571428571427
6459.0,3.0428571428571427
6460.0,3.0428571428571427
6461.0,3.0428571428571427
6462.0,3.0428571428571427
6463.0,3.0428571428571427
6464.0,3.0428571428571427
6465.0,3.0428571428571427
6466.0,3.0428571428571427
6467.0,3.0428571428571427
6468.0,3.0428571428571427
6469.0,3.0428571428571427
6470.0,3.0428571428571427
6471.0,3.0428571428571427
6472.0,3.0428571428571427
6473.0,3.0428571428571427
6474.0,3.0428571428571427
6475.0,3.0428571428571427
6476.0,3.0428571428571427
6477.0,3.0428571428571427
6478.0,3.0428571428571427
6479.0,3.0428571428571427
6480.0,3.0
6481.0,3.0428571428571427
6482.0,3.0428571428571427
6483.0,3.0428571428571427
6484.0,3.0428571428571427
6485.0,3.0428571428571427
6486.0,3.0428571428571427
6487.0,3.0428571428571427
6488.0,3.0428571428571427
6489.0,3.0428571428571427
6490.0,3.0428571428571427
6491.0,3.0428571428571427
6492.0,3.0428571428571427
6493.0,3.0428571428571427
6494.0,3.0428571428571427
6495.0,3.0428571428571427
6496.0,3.0428571428571427
6497.0,3.0428571428571427
6498.0,3.0428571428571427
6499.0,3.0428571428571427
6500.0,3.0428571428571427
6501.0,3.0428571428571427
6502.0,3.0428571428571427
6503.0,3.0428571428571427
6504.0,3.0
6505.0,3.0428571428571427
6506.0,3.0428571428571427
6507.0,3.0428571428571427
6508.0,3.0428571428571427
6509.0,3.0
6510.0,3.0428571428571427
6511.0,3.0428571428571427
6512.0,3.0428571428571427
6513.0,3.0428571428571427
6514.0,3.0
6515.0,3.0428571428571427
6516.0,3.0428571428571427
6517.0,3.0428571428571427
6518.0,3.0428571428571427
6519.0,3.0428571428571427
6520.0,3.0428571428571427
6521.0,3.0428571428571427
6522.0,3.0428571428571427
6523.0,3.0428571428571427
6524.0,3.0428571428571427
6525.0,3.0428571428571427
6526.0,3.0428571428571427
6527.0,3.0428571428571427
6528.0,3.0428571428571427
6529.0,3.0428571428571427
6530.0,3.0428571428571427
6531.0,3.0428571428571427
6532.0,3.0428571428571427
6533.0,3.0428571428571427
6534.0,3.0428571428571427
6535.0,3.0428571428571427
6536.0,3.0428571428571427
6537.0,3.0428571428571427
6538.0,3.0428571428571427
6539.0,3.0428571428571427
6540.0,3.0428571428571427
6541.0,3.0428571428571427
6542.0,3.0428571428571427
6543.0,3.0428571428571427
6544.0,3.0428571428571427
6545.0,3.0428571428571427
6546.0,3.0428571428571427
6547.0,3.0428571428571427
6548.0,3.0
6549.0,3.0428571428571427
6550.0,3.0428571428571427
6551.0,3.0428571428571427
6552.0,3.085714285714286
6553.0,3.0428571428571427
6554.0,3.0428571428571427
6555.0,3.0428571428571427
6556.0,3.0428571428571427
6557.0,3.0428571428571427
6558.0,3.0428571428571427
6559.0,3.0
6560.0,3.0428571428571427
6561.0,3.0428571428571427
6562.0,3.0428571428571427
6563.0,3.0428571428571427
6564.0,3.0428571428571427
6565.0,3.0428571428571427
6566.0,3.0428571428571427
6567.0,3.0428571428571427
6568.0,3.0428571428571427
6569.0,3.0428571428571427
6570.0,3.0428571428571427
6571.0,3.0428571428571427
6572.0,3.0428571428571427
6573.0,3.0428571428571427
6574.0,3.0428571428571427
6575.0,3.0428571428571427
6576.0,3.0428571428571427
6577.0,3.0428571428571427
6578.0,3.0428571428571427
6579.0,3.0428571428571427
6580.0,3.0428571428571427
6581.0,3.0428571428571427
6582.0,3.0428571428571427
6583.0,3.085714285714286
6584.0,3.0
6585.0,3.0
6586.0,3.0428571428571427
6587.0,3.0428571428571427
6588.0,3.0428571428571427
6589.0,3.0428571428571427
6590.0,3.0428571428571427
6591.0,3.085714285714286
6592.0,3.0428571428571427
6593.0,3.0
6594.0,3.0428571428571427
6595.0,3.0428571428571427
6596.0,3.0428571428571427
6597.0,3.0428571428571427
6598.0,3.0428571428571427
6599.0,3.0428571428571427
6600.0,3.0428571428571427
6601.0,3.0428571428571427
6602.0,3.0428571428571427
6603.0,3.0428571428571427
6604.0,3.0428571428571427
6605.0,3.0428571428571427
6606.0,3.0428571428571427
6607.0,3.0428571428571427
6608.0,3.0428571428571427
6609.0,3.0428571428571427
6610.0,3.0428571428571427
6611.0,3.0428571428571427
6612.0,3.0428571428571427
6613.0,3.0428571428571427
6614.0,3.0428571428571427
6615.0,3.0428571428571427
6616.0,3.0428571428571427
6617.0,3.0428571428571427
6618.0,3.0428571428571427
6619.0,3.0428571428571427
6620.0,3.0428571428571427
6621.0,3.0428571428571427
6622.0,3.0428571428571427
6623.0,3.0428571428571427
6624.0,3.0428571428571427
6625.0,3.085714285714286
6626.0,3.085714285714286
6627.0,3.0428571428571427
6628.0,3.0428571428571427
6629.0,3.0428571428571427
6630.0,3.0428571428571427
6631.0,3.0428571428571427
6632.0,3.0428571428571427
6633.0,3.085714285714286
6634.0,3.0428571428571427
6635.0,3.0428571428571427
6636.0,3.0
6637.0,3.0428571428571427
6638.0,3.0
6639.0,3.0428571428571427
6640.0,3.0428571428571427
6641.0,3.0428571428571427
6642.0,3.0
6643.0,3.0428571428571427
6644.0,3.0428571428571427
6645.0,3.0428571428571427
6646.0,3.0428571428571427
6647.0,3.0428571428571427
6648.0,3.0428571428571427
6649.0,3.0428571428571427
6650.0,3.0428571428571427
6651.0,3.0428571428571427
6652.0,3.0428571428571427
6653.0,3.0428571428571427
6654.0,3.0
6655.0,3.0428571428571427
6656.0,3.0428571428571427
6657.0,3.0428571428571427
6658.0,3.0428571428571427
6659.0,3.0428571428571427
6660.0,3.0428571428571427
6661.0,3.0428571428571427
6662.0,3.0428571428571427
6663.0,3.0428571428571427
6664.0,3.0
6665.0,3.0428571428571427
6666.0,3.0428571428571427
6667.0,3.0428571428571427
6668.0,3.0
6669.0,3.0428571428571427
6670.0,3.0428571428571427
6671.0,3.0428571428571427
6672.0,3.0428571428571427
6673.0,3.0428571428571427
6674.0,3.0428571428571427
6675.0,3.0428571428571427
6676.0,3.0428571428571427
6677.0,3.0428571428571427
6678.0,3.0
6679.0,3.0428571428571427
6680.0,3.0428571428571427
6681.0,3.0428571428571427
6682.0,3.0428571428571427
6683.0,3.0428571428571427
6684.0,3.0428571428571427
6685.0,3.0428571428571427
6686.0,3.0428571428571427
6687.0,3.0428571428571427
6688.0,3.0428571428571427
6689.0,3.0428571428571427
6690.0,3.0428571428571427
6691.0,3.0428571428571427
6692.0,3.0
6693.0,3.0428571428571427
6694.0,3.0
6695.0,3.0428571428571427
6696.0,3.0428571428571427
6697.0,3.0
6698.0,3.0428571428571427
6699.0,3.0428571428571427
6700.0,3.0428571428571427
6701.0,3.0428571428571427
6702.0,3.0428571428571427
6703.0,3.0428571428571427
6704.0,3.0428571428571427
6705.0,3.0428571428571427
6706.0,3.0
6707.0,3.0428571428571427
6708.0,3.0428571428571427
6709.0,3.0428571428571427
6710.0,3.0428571428571427
6711.0,3.0428571428571427
6712.0,3.0428571428571427
6713.0,3.0428571428571427
6714.0,3.0
6715.0,3.0428571428571427
6716.0,3.0
6717.0,3.0428571428571427
6718.0,3.0428571428571427
6719.0,3.0428571428571427
6720.0,3.0428571428571427
6721.0,3.0428571428571427
6722.0,3.0428571428571427
6723.0,3.0428571428571427
6724.0,3.0
6725.0,3.0428571428571427
6726.0,3.0428571428571427
6727.0,3.0428571428571427
6728.0,3.0428571428571427
6729.0,3.0428571428571427
6730.0,3.0428571428571427
6731.0,3.0428571428571427
6732.0,3.0428571428571427
6733.0,3.0428571428571427
6734.0,3.0
6735.0,3.0428571428571427
6736.0,3.0428571428571427
6737.0,3.0428571428571427
6738.0,3.0
6739.0,3.0428571428571427
6740.0,3.0428571428571427
6741.0,3.0428571428571427
6742.0,3.0
6743.0,3.0428571428571427
6744.0,3.0428571428571427
6745.0,3.0428571428571427
6746.0,3.0428571428571427
6747.0,3.0428571428571427
6748.0,3.0428571428571427
6749.0,3.0428571428571427
6750.0,3.0428571428571427
6751.0,3.0428571428571427
6752.0,3.0428571428571427
6753.0,3.0428571428571427
6754.0,3.0428571428571427
6755.0,3.0428571428571427
6756.0,3.0428571428571427
6757.0,3.0428571428571427
6758.0,3.0428571428571427
6759.0,3.0
6760.0,3.0428571428571427
6761.0,3.0428571428571427
6762.0,3.0
6763.0,3.0
6764.0,3.0428571428571427
6765.0,3.0428571428571427
6766.0,3.0428571428571427
6767.0,3.0428571428571427
6768.0,3.0428571428571427
6769.0,3.0428571428571427
6770.0,3.0428571428571427
6771.0,3.0428571428571427
6772.0,3.0428571428571427
6773.0,3.0428571428571427
6774.0,3.0428571428571427
6775.0,3.0428571428571427
6776.0,3.0428571428571427
6777.0,3.0428571428571427
6778.0,3.0
6779.0,3.0428571428571427
6780.0,3.0
6781.0,3.0428571428571427
6782.0,3.0428571428571427
6783.0,3.0428571428571427
6784.0,3.0428571428571427
6785.0,3.0428571428571427
6786.0,3.0428571428571427
6787.0,3.0428571428571427
6788.0,3.0428571428571427
6789.0,3.0428571428571427
6790.0,3.0428571428571427
6791.0,3.0428571428571427
6792.0,3.0428571428571427
6793.0,3.0428571428571427
6794.0,3.0428571428571427
6795.0,3.0428571428571427
6796.0,3.0428571428571427
6797.0,3.0428571428571427
6798.0,3.0428571428571427
6799.0,3.0428571428571427
6800.0,3.0428571428571427
6801.0,3.0428571428571427
6802.0,3.0428571428571427
6803.0,3.0428571428571427
6804.0,3.0
6805.0,3.0428571428571427
6806.0,3.0428571428571427
6807.0,3.0428571428571427
6808.0,3.0428571428571427
6809.0,3.0
6810.0,3.0428571428571427
6811.0,3.0428571428571427
6812.0,3.0428571428571427
6813.0,3.0
6814.0,3.0
6815.0,3.085714285714286
6816.0,3.0428571428571427
6817.0,3.0428571428571427
6818.0,3.0428571428571427
6819.0,3.0
6820.0,3.0428571428571427
6821.0,3.0428571428571427
6822.0,3.0
6823.0,3.0428571428571427
6824.0,3.0
6825.0,3.0
6826.0,3.0428571428571427
6827.0,3.0428571428571427
6828.0,3.0428571428571427
6829.0,3.0428571428571427
6830.0,3.0428571428571427
6831.0,3.0428571428571427
6832.0,3.0
6833.0,3.0428571428571427
6834.0,3.0428571428571427
6835.0,3.0428571428571427
6836.0,3.0428571428571427
6837.0,3.0428571428571427
6838.0,3.0428571428571427
6839.0,3.0428571428571427
6840.0,3.0428571428571427
6841.0,3.0428571428571427
6842.0,3.0428571428571427
6843.0,3.0428571428571427
6844.0,3.0
6845.0,3.0428571428571427
6846.0,3.0428571428571427
6847.0,3.0428571428571427
6848.0,3.0428571428571427
6849.0,3.0428571428571427
6850.0,3.0428571428571427
6851.0,3.0428571428571427
6852.0,3.0428571428571427
6853.0,3.0428571428571427
6854.0,3.0428571428571427
6855.0,3.0428571428571427
6856.0,3.0428571428571427
6857.0,3.0428571428571427
6858.0,3.0428571428571427
6859.0,3.0428571428571427
6860.0,3.0428571428571427
6861.0,3.0428571428571427
6862.0,3.0428571428571427
6863.0,3.0428571428571427
6864.0,3.0428571428571427
6865.0,3.085714285714286
6866.0,3.0428571428571427
6867.0,3.085714285714286
6868.0,3.0
6869.0,3.0428571428571427
6870.0,3.0
6871.0,3.0428571428571427
6872.0,3.0
6873.0,3.0
6874.0,3.0
6875.0,3.0428571428571427
6876.0,3.0428571428571427
6877.0,3.0428571428571427
6878.0,3.0428571428571427
6879.0,3.0428571428571427
6880.0,3.0428571428571427
6881.0,3.0428571428571427
6882.0,3.0428571428571427
6883.0,3.0428571428571427
6884.0,3.0428571428571427
6885.0,3.0428571428571427
6886.0,3.0428571428571427
6887.0,3.0428571428571427
6888.0,3.0428571428571427
6889.0,3.0428571428571427
6890.0,3.0428571428571427
6891.0,3.0428571428571427
6892.0,3.0428571428571427
6893.0,3.0428571428571427
6894.0,3.0
6895.0,3.0428571428571427
6896.0,3.0
6897.0,3.0
6898.0,3.0
6899.0,3.0
6900.0,3.0428571428571427
6901.0,3.0428571428571427
6902.0,3.0
6903.0,3.0428571428571427
6904.0,3.0
6905.0,3.0
6906.0,3.0428571428571427
6907.0,3.0428571428571427
6908.0,3.0
6909.0,3.0428571428571427
6910.0,3.0428571428571427
6911.0,3.0428571428571427
6912.0,3.0428571428571427
6913.0,3.0428571428571427
6914.0,3.0428571428571427
6915.0,3.0
6916.0,3.0428571428571427
6917.0,3.0428571428571427
6918.0,3.0428571428571427
6919.0,3.0428571428571427
6920.0,3.0428571428571427
6921.0,3.0428571428571427
6922.0,3.0428571428571427
6923.0,3.0428571428571427
6924.0,3.0428571428571427
6925.0,3.0428571428571427
6926.0,3.0428571428571427
6927.0,3.0428571428571427
6928.0,3.0428571428571427
6929.0,3.0428571428571427
6930.0,3.0428571428571427
6931.0,3.0428571428571427
6932.0,3.0428571428571427
6933.0,3.0428571428571427
6934.0,3.0428571428571427
6935.0,3.0428571428571427
6936.0,3.0428571428571427
6937.0,3.0
6938.0,3.0428571428571427
6939.0,3.0428571428571427
6940.0,3.0428571428571427
6941.0,3.0428571428571427
6942.0,3.0428571428571427
6943.0,3.0428571428571427
6944.0,3.0
6945.0,3.0428571428571427
6946.0,3.0428571428571427
6947.0,3.0428571428571427
6948.0,3.0428571428571427
6949.0,3.0428571428571427
6950.0,3.0428571428571427
6951.0,3.0
6952.0,3.0
6953.0,3.0
6954.0,3.0
6955.0,3.0
6956.0,3.0428571428571427
6957.0,3.0428571428571427
6958.0,3.0428571428571427
6959.0,3.0428571428571427
6960.0,3.0
6961.0,3.0428571428571427
6962.0,3.0
6963.0,3.0428571428571427
6964.0,3.0
6965.0,3.0428571428571427
6966.0,3.0428571428571427
6967.0,3.0428571428571427
6968.0,3.0428571428571427
6969.0,3.0428571428571427
6970.0,3.0428571428571427
6971.0,3.0428571428571427
6972.0,3.0428571428571427
6973.0,3.0428571428571427
6974.0,3.0428571428571427
6975.0,3.0428571428571427
6976.0,3.0428571428571427
6977.0,3.0428571428571427
6978.0,3.0428571428571427
6979.0,3.0428571428571427
6980.0,3.0428571428571427
6981.0,3.0428571428571427
6982.0,3.0428571428571427
6983.0,3.0428571428571427
6984.0,3.0428571428571427
6985.0,3.0428571428571427
6986.0,3.0428571428571427
6987.0,3.0428571428571427
6988.0,3.0428571428571427
6989.0,3.0428571428571427
6990.0,3.0428571428571427
6991.0,3.0428571428571427
6992.0,3.0428571428571427
6993.0,3.0
6994.0,3.0428571428571427
6995.0,3.0428571428571427
6996.0,3.0
6997.0,3.0428571428571427
6998.0,3.0
6999.0,3.0428571428571427
7000.0,3.0428571428571427
7001.0,3.0428571428571427
7002.0,3.0428571428571427
7003.0,3.0428571428571427
7004.0,3.0
7005.0,3.0
7006.0,3.0
7007.0,3.0428571428571427
7008.0,3.0428571428571427
7009.0,3.0428571428571427
7010.0,3.0428571428571427
7011.0,3.0428571428571427
7012.0,3.0428571428571427
7013.0,3.0428571428571427
7014.0,3.0428571428571427
7015.0,3.0428571428571427
7016.0,3.0428571428571427
7017.0,3.0428571428571427
7018.0,3.0428571428571427
7019.0,3.0428571428571427
7020.0,3.0428571428571427
7021.0,3.0428571428571427
7022.0,3.0428571428571427
7023.0,3.0428571428571427
7024.0,3.0428571428571427
7025.0,3.0428571428571427
7026.0,3.0428571428571427
7027.0,3.0428571428571427
7028.0,3.0428571428571427
7029.0,3.0
7030.0,3.0428571428571427
7031.0,3.0428571428571427
7032.0,3.0428571428571427
7033.0,3.0428571428571427
7034.0,3.0428571428571427
7035.0,3.0
7036.0,3.0428571428571427
7037.0,3.0428571428571427
7038.0,3.0428571428571427
7039.0,3.0428571428571427
7040.0,3.0428571428571427
7041.0,3.0428571428571427
7042.0,3.0428571428571427
7043.0,3.0
7044.0,3.0
7045.0,3.0428571428571427
7046.0,3.0
7047.0,3.0428571428571427
7048.0,3.0428571428571427
7049.0,3.0428571428571427
7050.0,3.0
7051.0,3.0428571428571427
7052.0,3.0428571428571427
7053.0,3.0428571428571427
7054.0,3.0
7055.0,3.0428571428571427
7056.0,3.0428571428571427
7057.0,3.0428571428571427
7058.0,3.0
7059.0,3.0428571428571427
7060.0,3.0428571428571427
7061.0,3.0428571428571427
7062.0,3.0
7063.0,3.0
7064.0,3.0
7065.0,3.0428571428571427
7066.0,3.0428571428571427
7067.0,3.0428571428571427
7068.0,3.0428571428571427
7069.0,3.0428571428571427
7070.0,3.0428571428571427
7071.0,3.0
7072.0,3.0428571428571427
7073.0,3.0428571428571427
7074.0,3.0428571428571427
7075.0,3.085714285714286
7076.0,3.0428571428571427
7077.0,3.0428571428571427
7078.0,3.0
7079.0,3.0428571428571427
7080.0,3.0428571428571427
7081.0,3.0428571428571427
7082.0,3.0428571428571427
7083.0,3.0428571428571427
7084.0,3.0
7085.0,3.0428571428571427
7086.0,3.0
7087.0,3.0
7088.0,3.0
7089.0,3.0428571428571427
7090.0,3.0428571428571427
7091.0,3.0428571428571427
7092.0,3.0
7093.0,3.0428571428571427
7094.0,3.0
7095.0,3.0
7096.0,3.0
7097.0,3.0428571428571427
7098.0,3.0
7099.0,3.0428571428571427
7100.0,3.0428571428571427
7101.0,3.0428571428571427
7102.0,3.0428571428571427
7103.0,3.0428571428571427
7104.0,3.0
7105.0,3.0428571428571427
7106.0,3.0428571428571427
7107.0,3.0428571428571427
7108.0,3.0
7109.0,3.0428571428571427
7110.0,3.0428571428571427
7111.0,3.0428571428571427
7112.0,3.0428571428571427
7113.0,3.0428571428571427
7114.0,3.0
7115.0,3.0428571428571427
7116.0,3.0428571428571427
7117.0,3.0428571428571427
7118.0,3.0
7119.0,3.0428571428571427
7120.0,3.0428571428571427
7121.0,3.0428571428571427
7122.0,3.0428571428571427
7123.0,3.0428571428571427
7124.0,3.0428571428571427
7125.0,3.0428571428571427
7126.0,3.0
7127.0,3.0428571428571427
7128.0,3.0
7129.0,3.0
7130.0,3.0
7131.0,3.0428571428571427
7132.0,3.0428571428571427
7133.0,3.0428571428571427
7134.0,3.0428571428571427
7135.0,3.0428571428571427
7136.0,3.0428571428571427
7137.0,3.0
7138.0,3.0428571428571427
7139.0,3.0
7140.0,3.0
7141.0,3.0428571428571427
7142.0,3.0
7143.0,3.0428571428571427
7144.0,3.0
7145.0,3.0428571428571427
7146.0,3.0
7147.0,3.0428571428571427
7148.0,3.0428571428571427
7149.0,3.0428571428571427
7150.0,3.0428571428571427
7151.0,3.0428571428571427
7152.0,3.0
7153.0,3.0428571428571427
7154.0,3.0428571428571427
7155.0,3.0428571428571427
7156.0,3.0428571428571427
7157.0,3.0428571428571427
7158.0,3.0428571428571427
7159.0,3.0428571428571427
7160.0,3.0428571428571427
7161.0,3.0428571428571427
7162.0,3.0
7163.0,3.0428571428571427
7164.0,3.0
7165.0,3.0428571428571427
7166.0,3.0
7167.0,3.0428571428571427
7168.0,3.0428571428571427
7169.0,3.0428571428571427
7170.0,3.0428571428571427
7171.0,3.0428571428571427
7172.0,3.0428571428571427
7173.0,3.0428571428571427
7174.0,3.0428571428571427
7175.0,3.0428571428571427
7176.0,3.0428571428571427
7177.0,3.0428571428571427
7178.0,3.0428571428571427
7179.0,3.0428571428571427
7180.0,3.0428571428571427
7181.0,3.0428571428571427
7182.0,3.0
7183.0,3.0
7184.0,3.0
7185.0,3.0428571428571427
7186.0,3.0
7187.0,3.0428571428571427
7188.0,3.0428571428571427
7189.0,3.0428571428571427
7190.0,3.0
7191.0,3.0428571428571427
7192.0,3.0428571428571427
7193.0,3.0428571428571427
7194.0,3.0428571428571427
7195.0,3.0428571428571427
7196.0,3.0428571428571427
7197.0,3.0428571428571427
7198.0,3.0428571428571427
7199.0,3.0428571428571427
7200.0,3.0428571428571427
7201.0,3.0428571428571427
7202.0,3.0
7203.0,3.0428571428571427
7204.0,3.0428571428571427
7205.0,3.0428571428571427
7206.0,3.0
7207.0,3.0
7208.0,3.0
7209.0,3.0
7210.0,3.0428571428571427
7211.0,3.0428571428571427
7212.0,3.0
7213.0,3.0
7214.0,3.0428571428571427
7215.0,3.0
7216.0,3.0428571428571427
7217.0,3.0428571428571427
7218.0,3.0428571428571427
7219.0,3.0428571428571427
7220.0,3.0428571428571427
7221.0,3.0428571428571427
7222.0,3.0
7223.0,3.0428571428571427
7224.0,3.0
7225.0,3.0428571428571427
7226.0,3.0428571428571427
7227.0,3.0
7228.0,3.0428571428571427
7229.0,3.0
7230.0,3.0428571428571427
7231.0,3.0428571428571427
7232.0,3.0
7233.0,3.0428571428571427
7234.0,3.0
7235.0,3.0428571428571427
7236.0,3.0
7237.0,3.0428571428571427
7238.0,3.0428571428571427
7239.0,3.0428571428571427
7240.0,3.0428571428571427
7241.0,3.0428571428571427
7242.0,3.0428571428571427
7243.0,3.0428571428571427
7244.0,3.0428571428571427
7245.0,3.0428571428571427
7246.0,3.0
7247.0,3.0428571428571427
7248.0,3.0
7249.0,3.0428571428571427
7250.0,3.0
7251.0,3.0
7252.0,3.0
7253.0,3.0
7254.0,3.0
7255.0,3.0
7256.0,3.0428571428571427
7257.0,3.0428571428571427
7258.0,3.0428571428571427
7259.0,3.0
7260.0,3.0
7261.0,3.0
7262.0,3.0
7263.0,3.0
7264.0,3.0
7265.0,3.0
7266.0,3.0
7267.0,3.0428571428571427
7268.0,3.0
7269.0,3.0
7270.0,3.0428571428571427
7271.0,3.0
7272.0,3.0
7273.0,3.0
7274.0,3.0
7275.0,3.0428571428571427
7276.0,3.0
7277.0,3.0428571428571427
7278.0,3.0428571428571427
7279.0,3.0428571428571427
7280.0,3.0
7281.0,3.0428571428571427
7282.0,3.0428571428571427
7283.0,3.0428571428571427
7284.0,3.0
7285.0,3.0428571428571427
7286.0,3.0
7287.0,3.0428571428571427
7288.0,3.0428571428571427
7289.0,3.0428571428571427
7290.0,3.0428571428571427
7291.0,3.0428571428571427
7292.0,3.0
7293.0,3.0428571428571427
7294.0,3.0428571428571427
7295.0,3.0
7296.0,3.0
7297.0,3.0428571428571427
7298.0,3.0428571428571427
7299.0,3.0428571428571427
7300.0,3.0428571428571427
7301.0,3.0428571428571427
7302.0,3.0428571428571427
7303.0,3.0
7304.0,3.0
7305.0,3.0
7306.0,3.0428571428571427
7307.0,3.0428571428571427
7308.0,3.0
7309.0,3.0
7310.0,3.0
7311.0,3.0428571428571427
7312.0,3.0
7313.0,3.0428571428571427
7314.0,3.0428571428571427
7315.0,3.0428571428571427
7316.0,3.0428571428571427
7317.0,3.0428571428571427
7318.0,3.0428571428571427
7319.0,3.0428571428571427
7320.0,3.0428571428571427
7321.0,3.0
7322.0,3.0
7323.0,3.0428571428571427
7324.0,3.0
7325.0,3.0
7326.0,3.0
7327.0,3.0
7328.0,3.0
7329.0,3.0
7330.0,3.0
7331.0,3.0428571428571427
7332.0,3.0428571428571427
7333.0,3.0428571428571427
7334.0,3.0428571428571427
7335.0,3.0428571428571427
7336.0,3.0
7337.0,3.0
7338.0,3.0428571428571427
7339.0,3.0428571428571427
7340.0,3.0
7341.0,3.0428571428571427
7342.0,3.0
7343.0,3.0428571428571427
7344.0,3.0
7345.0,3.0
7346.0,3.0
7347.0,3.0428571428571427
7348.0,3.0428571428571427
7349.0,3.0
7350.0,3.0
7351.0,3.0
7352.0,3.0
7353.0,3.0
7354.0,3.0428571428571427
7355.0,3.0
7356.0,3.0428571428571427
7357.0,3.0428571428571427
7358.0,3.0428571428571427
7359.0,3.0
7360.0,3.0
7361.0,3.0428571428571427
7362.0,3.0
7363.0,3.0428571428571427
7364.0,3.0
7365.0,3.0428571428571427
7366.0,3.0
7367.0,3.0428571428571427
7368.0,3.0
7369.0,3.0
7370.0,3.0428571428571427
7371.0,3.0428571428571427
7372.0,3.0
7373.0,3.0428571428571427
7374.0,3.0
7375.0,3.0428571428571427
7376.0,3.0428571428571427
7377.0,3.0428571428571427
7378.0,3.0428571428571427
7379.0,3.0428571428571427
7380.0,3.0428571428571427
7381.0,3.0428571428571427
7382.0,3.0428571428571427
7383.0,3.0428571428571427
7384.0,3.0428571428571427
7385.0,3.0428571428571427
7386.0,3.0
7387.0,3.0428571428571427
7388.0,3.0428571428571427
7389.0,3.0
7390.0,3.0
7391.0,3.0428571428571427
7392.0,3.0428571428571427
7393.0,3.0428571428571427
7394.0,3.0428571428571427
7395.0,3.0428571428571427
7396.0,3.0428571428571427
7397.0,3.0428571428571427
7398.0,3.0428571428571427
7399.0,3.0
7400.0,3.0428571428571427
7401.0,3.0
7402.0,3.0
7403.0,3.0
7404.0,3.0
7405.0,3.0
7406.0,3.0
7407.0,3.0
7408.0,3.0
7409.0,3.0
7410.0,3.0
7411.0,3.0
7412.0,3.0428571428571427
7413.0,3.0428571428571427
7414.0,3.0428571428571427
7415.0,3.0428571428571427
7416.0,3.0
7417.0,3.0428571428571427
7418.0,3.0
7419.0,3.0428571428571427
7420.0,3.0428571428571427
7421.0,3.0428571428571427
7422.0,3.0
7423.0,3.0428571428571427
7424.0,3.0428571428571427
7425.0,3.0428571428571427
7426.0,3.0428571428571427
7427.0,3.0428571428571427
7428.0,3.0428571428571427
7429.0,3.0428571428571427
7430.0,3.0428571428571427
7431.0,3.0428571428571427
7432.0,3.0428571428571427
7433.0,3.0428571428571427
7434.0,3.0
7435.0,3.0
7436.0,3.0428571428571427
7437.0,3.0
7438.0,3.0428571428571427
7439.0,3.0
7440.0,3.0428571428571427
7441.0,3.0
7442.0,3.0
7443.0,3.0428571428571427
7444.0,3.0
7445.0,3.0
7446.0,3.0
7447.0,3.0
7448.0,3.0
7449.0,3.0428571428571427
7450.0,3.0
7451.0,3.0428571428571427
7452.0,3.0428571428571427
7453.0,3.0428571428571427
7454.0,3.0
7455.0,3.0428571428571427
7456.0,3.0
7457.0,3.0
7458.0,3.0428571428571427
7459.0,3.0
7460.0,3.0428571428571427
7461.0,3.0
7462.0,3.0
7463.0,3.0428571428571427
7464.0,3.0
7465.0,3.0428571428571427
7466.0,3.0
7467.0,3.0
7468.0,3.0428571428571427
7469.0,3.0428571428571427
7470.0,3.0
7471.0,3.0
7472.0,3.0
7473.0,3.0428571428571427
7474.0,3.0
7475.0,3.0428571428571427
7476.0,3.0
7477.0,3.0
7478.0,3.0
7479.0,3.0428571428571427
7480.0,3.0
7481.0,3.0428571428571427
7482.0,3.0428571428571427
7483.0,3.0428571428571427
7484.0,3.0
7485.0,3.0428571428571427
7486.0,3.0
7487.0,3.0428571428571427
7488.0,3.0428571428571427
7489.0,3.0
7490.0,3.0
7491.0,3.0
7492.0,3.0
7493.0,3.0428571428571427
7494.0,3.0
7495.0,3.0428571428571427
7496.0,3.0
7497.0,3.0
7498.0,3.0
7499.0,3.0
7500.0,3.0
7501.0,3.0
7502.0,3.0
7503.0,3.0
7504.0,3.0
7505.0,3.0428571428571427
7506.0,3.0428571428571427
7507.0,3.0428571428571427
7508.0,3.0
7509.0,3.0
7510.0,3.0
7511.0,3.0428571428571427
7512.0,3.0428571428571427
7513.0,3.0428571428571427
7514.0,3.0
7515.0,3.0428571428571427
7516.0,3.0
7517.0,3.0428571428571427
7518.0,3.0
7519.0,3.0428571428571427
7520.0,3.0428571428571427
7521.0,3.0428571428571427
7522.0,3.0428571428571427
7523.0,3.0428571428571427
7524.0,3.0428571428571427
7525.0,3.0
7526.0,3.0
7527.0,3.0428571428571427
7528.0,3.0428571428571427
7529.0,3.0428571428571427
7530.0,3.0
7531.0,3.0
7532.0,3.0
7533.0,3.0
7534.0,3.0428571428571427
7535.0,3.0428571428571427
7536.0,3.0428571428571427
7537.0,3.0428571428571427
7538.0,3.0
7539.0,3.0
7540.0,3.0
7541.0,3.0428571428571427
7542.0,3.0428571428571427
7543.0,3.0428571428571427
7544.0,3.0428571428571427
7545.0,3.0
7546.0,3.0
7547.0,3.0
7548.0,3.0
7549.0,3.0
7550.0,3.0
7551.0,3.0
7552.0,3.0428571428571427
7553.0,3.0
7554.0,3.0
7555.0,3.0
7556.0,3.0
7557.0,3.0
7558.0,3.0
7559.0,3.0428571428571427
7560.0,3.0
7561.0,3.0428571428571427
7562.0,3.0428571428571427
7563.0,3.0428571428571427
7564.0,3.0428571428571427
7565.0,3.0428571428571427
7566.0,3.0
7567.0,3.0428571428571427
7568.0,3.0428571428571427
7569.0,3.0428571428571427
7570.0,3.0428571428571427
7571.0,3.0
7572.0,3.0
7573.0,3.0428571428571427
7574.0,3.0428571428571427
7575.0,3.0
7576.0,3.0428571428571427
7577.0,3.0428571428571427
7578.0,3.0428571428571427
7579.0,3.0
7580.0,3.0428571428571427
7581.0,3.0
7582.0,3.0
7583.0,3.0428571428571427
7584.0,3.0428571428571427
7585.0,3.0
7586.0,3.0428571428571427
7587.0,3.0428571428571427
7588.0,3.0
7589.0,3.0428571428571427
7590.0,3.0
7591.0,3.0
7592.0,3.0
7593.0,3.0428571428571427
7594.0,3.0
7595.0,3.0
7596.0,3.0
7597.0,3.0
7598.0,3.0
7599.0,3.0428571428571427
7600.0,3.0
7601.0,3.0
7602.0,3.0
7603.0,3.0428571428571427
7604.0,3.0
7605.0,3.0428571428571427
7606.0,3.0
7607.0,3.0428571428571427
7608.0,3.0
7609.0,3.0
7610.0,3.0
7611.0,3.0428571428571427
7612.0,3.0428571428571427
7613.0,3.0
7614.0,3.0
7615.0,3.0
7616.0,3.0
7617.0,3.0428571428571427
7618.0,3.0
7619.0,3.0428571428571427
7620.0,3.0428571428571427
7621.0,3.0
7622.0,3.0
7623.0,3.0428571428571427
7624.0,3.0
7625.0,3.0
7626.0,3.0428571428571427
7627.0,3.0428571428571427
7628.0,3.0
7629.0,3.0428571428571427
7630.0,3.0
7631.0,3.0
7632.0,3.0
7633.0,3.0
7634.0,3.0
7635.0,3.0428571428571427
7636.0,3.0
7637.0,3.0
7638.0,3.0
7639.0,3.0
7640.0,3.0428571428571427
7641.0,3.0428571428571427
7642.0,3.0
7643.0,3.0428571428571427
7644.0,3.0
7645.0,3.0
7646.0,3.0
7647.0,3.0
7648.0,3.0428571428571427
7649.0,3.0
7650.0,3.0
7651.0,3.0428571428571427
7652.0,3.0428571428571427
7653.0,3.0
7654.0,3.0
7655.0,3.0
7656.0,3.0428571428571427
7657.0,3.0
7658.0,3.0
7659.0,3.0
7660.0,3.0
7661.0,3.0428571428571427
7662.0,3.0428571428571427
7663.0,3.0
7664.0,3.0
7665.0,3.0
7666.0,3.0
7667.0,3.0
7668.0,3.0
7669.0,3.0
7670.0,3.0428571428571427
7671.0,3.0428571428571427
7672.0,3.0
7673.0,3.0428571428571427
7674.0,3.0428571428571427
7675.0,3.0
7676.0,3.0428571428571427
7677.0,3.0428571428571427
7678.0,3.0
7679.0,3.0
7680.0,3.0428571428571427
7681.0,3.0
7682.0,3.0
7683.0,3.0
7684.0,3.0
7685.0,3.0428571428571427
7686.0,3.0
7687.0,3.0
7688.0,3.0
7689.0,3.0
7690.0,3.0
7691.0,3.0
7692.0,3.0
7693.0,3.0
7694.0,3.0
7695.0,3.0
7696.0,3.0
7697.0,3.0
7698.0,3.0
7699.0,3.0428571428571427
7700.0,3.0428571428571427
7701.0,3.0428571428571427
7702.0,3.0428571428571427
7703.0,3.0428571428571427
7704.0,3.0
7705.0,3.0428571428571427
7706.0,3.0
7707.0,3.0
7708.0,3.0
7709.0,3.0
7710.0,3.0
7711.0,3.0428571428571427
7712.0,3.0
7713.0,3.0428571428571427
7714.0,3.0
7715.0,3.0
7716.0,3.0428571428571427
7717.0,3.0
7718.0,3.0
7719.0,3.0428571428571427
7720.0,3.0428571428571427
7721.0,3.0
7722.0,3.0428571428571427
7723.0,3.0428571428571427
7724.0,3.0
7725.0,3.0
7726.0,3.0428571428571427
7727.0,3.0
7728.0,3.0428571428571427
7729.0,3.0
7730.0,3.0428571428571427
7731.0,3.0428571428571427
7732.0,3.0
7733.0,3.0
7734.0,3.0428571428571427
7735.0,3.0
7736.0,3.0
7737.0,3.0
7738.0,3.0
7739.0,3.0
7740.0,3.0428571428571427
7741.0,3.0428571428571427
7742.0,3.0
7743.0,3.0428571428571427
7744.0,3.0428571428571427
7745.0,3.0428571428571427
7746.0,3.0
7747.0,3.0428571428571427
7748.0,3.0
7749.0,3.0428571428571427
7750.0,3.0
7751.0,3.0
7752.0,3.0
7753.0,3.0
7754.0,3.0
7755.0,3.0428571428571427
7756.0,3.0
7757.0,3.0
7758.0,3.0
7759.0,3.0
7760.0,3.0
7761.0,3.0428571428571427
7762.0,3.0428571428571427
7763.0,3.0428571428571427
7764.0,3.0428571428571427
7765.0,3.0428571428571427
7766.0,3.0428571428571427
7767.0,3.0428571428571427
7768.0,3.0428571428571427
7769.0,3.0
7770.0,3.0428571428571427
7771.0,3.0428571428571427
7772.0,3.0428571428571427
7773.0,3.0
7774.0,3.0428571428571427
7775.0,3.0
7776.0,3.0
7777.0,3.0
7778.0,3.0
7779.0,3.0
7780.0,3.0
7781.0,3.0
7782.0,3.0
7783.0,3.0428571428571427
7784.0,3.0
7785.0,3.0428571428571427
7786.0,3.0428571428571427
7787.0,3.0428571428571427
7788.0,3.0428571428571427
7789.0,3.0428571428571427
7790.0,3.0428571428571427
7791.0,3.0428571428571427
7792.0,3.0428571428571427
7793.0,3.0428571428571427
7794.0,3.0
7795.0,3.0428571428571427
7796.0,3.0428571428571427
7797.0,3.0
7798.0,3.0
7799.0,3.0
7800.0,3.0
7801.0,3.0
7802.0,3.0428571428571427
7803.0,3.0
7804.0,3.0428571428571427
7805.0,3.0428571428571427
7806.0,3.0428571428571427
7807.0,3.0
7808.0,3.0428571428571427
7809.0,3.0428571428571427
7810.0,3.0428571428571427
7811.0,3.0428571428571427
7812.0,3.0428571428571427
7813.0,3.0
7814.0,3.0
7815.0,3.0
7816.0,3.0
7817.0,3.0
7818.0,3.0
7819.0,3.0428571428571427
7820.0,3.0
7821.0,3.0
7822.0,3.0
7823.0,3.0
7824.0,3.0428571428571427
7825.0,3.0428571428571427
7826.0,3.0428571428571427
7827.0,3.0428571428571427
7828.0,3.0428571428571427
7829.0,3.0428571428571427
7830.0,3.0428571428571427
7831.0,3.0428571428571427
7832.0,3.0
7833.0,3.0
7834.0,3.0
7835.0,3.0
7836.0,3.0
7837.0,3.0
7838.0,3.0
7839.0,3.0
7840.0,3.0
7841.0,3.0428571428571427
7842.0,3.0
7843.0,3.0428571428571427
7844.0,3.0
7845.0,3.0428571428571427
7846.0,3.0
7847.0,3.0428571428571427
7848.0,3.0
7849.0,3.0428571428571427
7850.0,3.0428571428571427
7851.0,3.0428571428571427
7852.0,3.0428571428571427
7853.0,3.0
7854.0,3.0428571428571427
7855.0,3.0
7856.0,3.0
7857.0,3.0
7858.0,3.0
7859.0,3.0
7860.0,3.0
7861.0,3.0
7862.0,3.0
7863.0,3.0428571428571427
7864.0,3.0
7865.0,3.0
7866.0,3.0
7867.0,3.0
7868.0,3.0
7869.0,3.0
7870.0,3.0
7871.0,3.0428571428571427
7872.0,3.0428571428571427
7873.0,3.0428571428571427
7874.0,3.0
7875.0,3.0
7876.0,3.0428571428571427
7877.0,3.0
7878.0,3.0
7879.0,3.0
7880.0,3.0
7881.0,3.0428571428571427
7882.0,3.0
7883.0,3.0428571428571427
7884.0,3.0
7885.0,3.0
7886.0,3.0
7887.0,3.0
7888.0,3.0
7889.0,3.0
7890.0,3.0
7891.0,3.0428571428571427
7892.0,3.0428571428571427
7893.0,3.0428571428571427
7894.0,3.0
7895.0,3.0
7896.0,3.0
7897.0,3.0428571428571427
7898.0,3.0428571428571427
7899.0,3.0428571428571427
7900.0,3.0
7901.0,3.0428571428571427
7902.0,3.0428571428571427
7903.0,3.0428571428571427
7904.0,3.0428571428571427
7905.0,3.0428571428571427
7906.0,3.0
7907.0,3.0428571428571427
7908.0,3.0
7909.0,3.0
7910.0,3.0
7911.0,3.0
7912.0,3.0
7913.0,3.0
7914.0,3.0
7915.0,3.0
7916.0,3.0
7917.0,3.0
7918.0,3.0
7919.0,3.0
7920.0,3.0
7921.0,3.0
7922.0,3.0428571428571427
7923.0,3.0428571428571427
7924.0,3.0428571428571427
7925.0,3.0428571428571427
7926.0,3.0
7927.0,3.0428571428571427
7928.0,3.0
7929.0,3.0
7930.0,3.0428571428571427
7931.0,3.0428571428571427
7932.0,3.0
7933.0,3.0
7934.0,3.0
7935.0,3.0
7936.0,3.0
7937.0,3.0428571428571427
7938.0,3.0
7939.0,3.0
7940.0,3.0428571428571427
7941.0,3.0
7942.0,3.0428571428571427
7943.0,3.0428571428571427
7944.0,3.0428571428571427
7945.0,3.0428571428571427
7946.0,3.0428571428571427
7947.0,3.0428571428571427
7948.0,3.0428571428571427
7949.0,3.0428571428571427
7950.0,3.0428571428571427
7951.0,3.0428571428571427
7952.0,3.0428571428571427
7953.0,3.0428571428571427
7954.0,3.0428571428571427
7955.0,3.0428571428571427
7956.0,3.0
7957.0,3.0428571428571427
7958.0,3.0
7959.0,3.0428571428571427
7960.0,3.0
7961.0,3.0428571428571427
7962.0,3.0428571428571427
7963.0,3.0428571428571427
7964.0,3.0428571428571427
7965.0,3.0428571428571427
7966.0,3.0428571428571427
7967.0,3.0428571428571427
7968.0,3.0428571428571427
7969.0,3.0428571428571427
7970.0,3.0428571428571427
7971.0,3.0
7972.0,3.0428571428571427
7973.0,3.0428571428571427
7974.0,3.0428571428571427
7975.0,3.0428571428571427
7976.0,3.0
7977.0,3.0
7978.0,3.0
7979.0,3.0
7980.0,3.0428571428571427
7981.0,3.0428571428571427
7982.0,3.0
7983.0,3.0428571428571427
7984.0,3.0428571428571427
7985.0,3.0428571428571427
7986.0,3.0428571428571427
7987.0,3.0428571428571427
7988.0,3.0428571428571427
7989.0,3.0428571428571427
7990.0,3.0428571428571427
7991.0,3.0428571428571427
7992.0,3.0
7993.0,3.0428571428571427
7994.0,3.0428571428571427
7995.0,3.0
7996.0,3.0428571428571427
7997.0,3.0
7998.0,3.0
7999.0,3.0
8000.0,3.0
8001.0,3.0
8002.0,3.0
8003.0,3.0
8004.0,3.0
8005.0,3.0428571428571427
8006.0,3.0
8007.0,3.0428571428571427
8008.0,3.0
8009.0,3.0428571428571427
8010.0,3.0
8011.0,3.0428571428571427
8012.0,3.0
8013.0,3.0428571428571427
8014.0,3.0
8015.0,3.0428571428571427
8016.0,3.0
8017.0,3.0428571428571427
8018.0,3.0428571428571427
8019.0,3.0428571428571427
8020.0,3.0
8021.0,3.0
8022.0,3.0
8023.0,3.0
8024.0,3.0
8025.0,3.0
8026.0,3.0
8027.0,3.0
8028.0,3.0
8029.0,3.0
8030.0,3.0
8031.0,3.0428571428571427
8032.0,3.0428571428571427
8033.0,3.0
8034.0,3.0428571428571427
8035.0,3.0
8036.0,3.0428571428571427
8037.0,3.0
8038.0,3.0428571428571427
8039.0,3.0
8040.0,3.0
8041.0,3.0428571428571427
8042.0,3.0
8043.0,3.0
8044.0,3.0
8045.0,3.0
8046.0,3.0
8047.0,3.0
8048.0,3.0
8049.0,3.0
8050.0,3.0
8051.0,3.0428571428571427
8052.0,3.0
8053.0,3.0
8054.0,3.0
8055.0,3.0
8056.0,3.0428571428571427
8057.0,3.0
8058.0,3.0
8059.0,3.0428571428571427
8060.0,3.0428571428571427
8061.0,3.0428571428571427
8062.0,3.0
8063.0,3.0
8064.0,3.0
8065.0,3.0428571428571427
8066.0,3.0
8067.0,3.0
8068.0,3.0
8069.0,3.0
8070.0,3.0
8071.0,3.0
8072.0,3.0
8073.0,3.0
8074.0,3.0428571428571427
8075.0,3.0428571428571427
8076.0,3.0
8077.0,3.0
8078.0,3.0
8079.0,3.0
8080.0,3.0428571428571427
8081.0,3.0428571428571427
8082.0,3.0428571428571427
8083.0,3.0
8084.0,3.0
8085.0,3.0
8086.0,3.0
8087.0,3.0
8088.0,3.0
8089.0,3.0
8090.0,3.0
8091.0,3.0428571428571427
8092.0,3.0
8093.0,3.0
8094.0,3.0
8095.0,3.0
8096.0,3.0
8097.0,3.0428571428571427
8098.0,3.0
8099.0,3.0
8100.0,3.0
8101.0,3.0428571428571427
8102.0,3.0
8103.0,3.0
8104.0,3.0
8105.0,3.0
8106.0,3.0
8107.0,3.0
8108.0,3.0
8109.0,3.0
8110.0,3.0
8111.0,3.0428571428571427
8112.0,3.0
8113.0,3.0
8114.0,3.0
8115.0,3.0428571428571427
8116.0,3.0
8117.0,3.0428571428571427
8118.0,3.0428571428571427
8119.0,3.0
8120.0,3.0
8121.0,3.0
8122.0,3.0
8123.0,3.0
8124.0,3.0428571428571427
8125.0,3.0428571428571427
8126.0,3.0428571428571427
8127.0,3.0
8128.0,3.0
8129.0,3.0428571428571427
8130.0,3.0428571428571427
8131.0,3.0
8132.0,3.0428571428571427
8133.0,3.0428571428571427
8134.0,3.0
8135.0,3.0
8136.0,3.0
8137.0,3.0
8138.0,3.0
8139.0,3.0
8140.0,3.0
8141.0,3.0428571428571427
8142.0,3.0
8143.0,3.0
8144.0,3.0
8145.0,3.0
8146.0,3.0
8147.0,3.0428571428571427
8148.0,3.0
8149.0,3.0428571428571427
8150.0,3.0
8151.0,3.0428571428571427
8152.0,3.0
8153.0,3.0
8154.0,3.0
8155.0,3.0
8156.0,3.0
8157.0,3.0
8158.0,3.0
8159.0,3.0
8160.0,3.0
8161.0,3.0
8162.0,3.0428571428571427
8163.0,3.0
8164.0,3.0428571428571427
8165.0,3.0428571428571427
8166.0,3.0428571428571427
8167.0,3.0428571428571427
8168.0,3.0428571428571427
8169.0,3.0428571428571427
8170.0,3.0428571428571427
8171.0,3.0428571428571427
8172.0,3.0428571428571427
8173.0,3.0428571428571427
8174.0,3.0428571428571427
8175.0,3.0428571428571427
8176.0,3.0428571428571427
8177.0,3.0428571428571427
8178.0,3.0
8179.0,3.0
8180.0,3.0
8181.0,3.0
8182.0,3.0
8183.0,3.0
8184.0,3.0
8185.0,3.0
8186.0,3.0
8187.0,3.0
8188.0,3.0
8189.0,3.0
8190.0,3.0428571428571427
8191.0,3.0428571428571427
8192.0,3.0428571428571427
8193.0,3.0
8194.0,3.0
8195.0,3.0
8196.0,3.0428571428571427
8197.0,3.0428571428571427
8198.0,3.0
8199.0,3.0
8200.0,3.0
8201.0,3.0
8202.0,3.0428571428571427
8203.0,3.0
8204.0,3.0428571428571427
8205.0,3.0
8206.0,3.0428571428571427
8207.0,3.0428571428571427
8208.0,3.0428571428571427
8209.0,3.0428571428571427
8210.0,3.0428571428571427
8211.0,3.0428571428571427
8212.0,3.0428571428571427
8213.0,3.0
8214.0,3.0
8215.0,3.0428571428571427
8216.0,3.0428571428571427
8217.0,3.0
8218.0,3.0
8219.0,3.0
8220.0,3.0
8221.0,3.0
8222.0,3.0
8223.0,3.0
8224.0,3.0
8225.0,3.0
8226.0,3.0
8227.0,3.0428571428571427
8228.0,3.0
8229.0,3.0
8230.0,3.0
8231.0,3.0
8232.0,3.0
8233.0,3.0
8234.0,3.0
8235.0,3.0
8236.0,3.0
8237.0,3.0
8238.0,3.0
8239.0,3.0
8240.0,3.0
8241.0,3.0
8242.0,3.0
8243.0,3.0
8244.0,3.0
8245.0,3.0
8246.0,3.0
8247.0,3.0428571428571427
8248.0,3.0
8249.0,3.0
8250.0,3.0
8251.0,3.0
8252.0,3.0428571428571427
8253.0,3.0428571428571427
8254.0,3.0428571428571427
8255.0,3.0
8256.0,3.0428571428571427
8257.0,3.0
8258.0,3.0
8259.0,3.0
8260.0,3.0
8261.0,3.0
8262.0,3.0
8263.0,3.0
8264.0,3.0
8265.0,3.0
8266.0,3.0
8267.0,3.0
8268.0,3.0
8269.0,3.0
8270.0,3.0
8271.0,3.0
8272.0,3.0
8273.0,3.0
8274.0,3.0
8275.0,3.0
8276.0,3.0
8277.0,3.0
8278.0,3.0
8279.0,3.0
8280.0,3.0
8281.0,3.0
8282.0,3.0
8283.0,3.0
8284.0,3.0
8285.0,3.0
8286.0,3.0
8287.0,3.0
8288.0,3.0
8289.0,3.0
8290.0,3.0
8291.0,3.0
8292.0,3.0
8293.0,3.0
8294.0,3.0
8295.0,3.0
8296.0,3.0
8297.0,3.0
8298.0,3.0
8299.0,3.0
8300.0,3.0
8301.0,3.0
8302.0,3.0
8303.0,3.0428571428571427
8304.0,3.0
8305.0,3.0
8306.0,3.0
8307.0,3.0428571428571427
8308.0,3.0428571428571427
8309.0,3.0
8310.0,3.0
8311.0,3.0
8312.0,3.0
8313.0,3.0
8314.0,3.0
8315.0,3.0
8316.0,3.0
8317.0,3.0
8318.0,3.0
8319.0,3.0
8320.0,3.0
8321.0,3.0
8322.0,3.0
8323.0,3.0
8324.0,3.0
8325.0,3.0428571428571427
8326.0,3.0
8327.0,3.0
8328.0,3.0
8329.0,3.0428571428571427
8330.0,3.0
8331.0,3.0
8332.0,3.0
8333.0,3.0
8334.0,3.0
8335.0,3.0
8336.0,3.0
8337.0,3.0
8338.0,3.0
8339.0,3.0
8340.0,3.0
8341.0,3.0428571428571427
8342.0,3.0
8343.0,3.0428571428571427
8344.0,3.0
8345.0,3.0
8346.0,3.0
8347.0,3.0
8348.0,3.0428571428571427
8349.0,3.0
8350.0,3.0428571428571427
8351.0,3.0
8352.0,3.0
8353.0,3.0
8354.0,3.0
8355.0,3.0428571428571427
8356.0,3.0428571428571427
8357.0,3.0
8358.0,3.0
8359.0,3.0
8360.0,3.0
8361.0,3.0
8362.0,3.0
8363.0,3.0
8364.0,3.0428571428571427
8365.0,3.0
8366.0,3.0
8367.0,3.0
8368.0,3.0
8369.0,3.0
8370.0,3.0
8371.0,3.0
8372.0,3.0
8373.0,3.0
8374.0,3.0
8375.0,3.0
8376.0,3.0
8377.0,3.0
8378.0,3.0
8379.0,3.0428571428571427
8380.0,3.0
8381.0,3.0
8382.0,3.0
8383.0,3.0
8384.0,3.0
8385.0,3.0
8386.0,3.0
8387.0,3.0
8388.0,3.0
8389.0,3.0
8390.0,3.0
8391.0,3.0428571428571427
8392.0,3.0
8393.0,3.0
8394.0,3.0
8395.0,3.0
8396.0,3.0
8397.0,3.0
8398.0,3.0
8399.0,3.0
8400.0,3.0
8401.0,3.0
8402.0,3.0
8403.0,3.0
8404.0,3.0
8405.0,3.0
8406.0,3.0
8407.0,3.0
8408.0,3.0
8409.0,3.0
8410.0,3.0
8411.0,3.0428571428571427
8412.0,3.0
8413.0,3.0
8414.0,3.0
8415.0,3.0
8416.0,3.0
8417.0,3.0
8418.0,3.0
8419.0,3.0
8420.0,3.0
8421.0,3.0
8422.0,3.0
8423.0,3.0
8424.0,3.0
8425.0,3.0
8426.0,3.0428571428571427
8427.0,3.0
8428.0,3.0
8429.0,3.0
8430.0,3.0
8431.0,3.0
8432.0,3.0
8433.0,3.0
8434.0,3.0
8435.0,3.0
8436.0,3.0
8437.0,3.0
8438.0,3.0
8439.0,3.0
8440.0,3.0428571428571427
8441.0,3.0
8442.0,3.0
8443.0,3.0
8444.0,3.0
8445.0,3.0
8446.0,3.0
8447.0,3.0
8448.0,3.0
8449.0,3.0
8450.0,3.0
8451.0,3.0
8452.0,3.0
8453.0,3.0
8454.0,3.0
8455.0,3.0
8456.0,3.0
8457.0,3.0428571428571427
8458.0,3.0
8459.0,3.0
8460.0,3.0
8461.0,3.0
8462.0,3.0
8463.0,3.0
8464.0,3.0
8465.0,3.0
8466.0,3.0
8467.0,3.0
8468.0,3.0
8469.0,3.0
8470.0,3.0
8471.0,3.0
8472.0,3.0
8473.0,3.0
8474.0,3.0
8475.0,3.0
8476.0,3.0
8477.0,3.0
8478.0,3.0428571428571427
8479.0,3.0
8480.0,3.0
8481.0,3.0
8482.0,3.0
8483.0,3.0428571428571427
8484.0,3.0
8485.0,3.0
8486.0,3.0
8487.0,3.0
8488.0,3.0
8489.0,3.0
8490.0,3.0
8491.0,3.0
8492.0,3.0
8493.0,3.0
8494.0,3.0
8495.0,3.0
8496.0,3.0
8497.0,3.0
8498.0,3.0
8499.0,3.0
