time_ms,diameter_mm
0.0,3.5142857142857142
1.0,3.5142857142857142
2.0,3.5142857142857142
3.0,3.4714285714285715
4.0,3.4714285714285715
5.0,3.4714285714285715
6.0,3.4714285714285715
7.0,3.4714285714285715
8.0,3.4714285714285715
9.0,3.4714285714285715
10.0,3.4714285714285715
11.0,3.4714285714285715
12.0,3.4714285714285715
13.0,3.4714285714285715
14.0,3.4714285714285715
15.0,3.4714285714285715
16.0,3.4714285714285715
17.0,3.4714285714285715
18.0,3.428571428571429
19.0,3.4714285714285715
20.0,3.428571428571429
21.0,3.4714285714285715
22.0,3.428571428571429
23.0,3.428571428571429
24.0,3.428571428571429
25.0,3.428571428571429
26.0,3.428571428571429
27.0,3.428571428571429
28.0,3.428571428571429
29.0,3.428571428571429
30.0,3.428571428571429
31.0,3.428571428571429
32.0,3.3857142857142857
33.0,3.428571428571429
34.0,3.3857142857142857
35.0,3.428571428571429
36.0,3.428571428571429
37.0,3.428571428571429
38.0,3.3857142857142857
39.0,3.3857142857142857
40.0,3.3857142857142857
41.0,3.3857142857142857
42.0,3.3857142857142857
43.0,3.3857142857142857
44.0,3.3857142857142857
45.0,3.3857142857142857
46.0,3.3857142857142857
47.0,3.3857142857142857
48.0,3.3857142857142857
49.0,3.3857142857142857
50.0,3.3857142857142857
51.0,3.3857142857142857
52.0,3.3857142857142857
53.0,3.3857142857142857
54.0,3.3857142857142857
55.0,3.3857142857142857
56.0,3.3857142857142857
57.0,3.3857142857142857
58.0,3.3857142857142857
59.0,3.3857142857142857
60.0,3.342857142857143
61.0,3.3857142857142857
62.0,3.342857142857143
63.0,3.3857142857142857
64.0,3.3857142857142857
65.0,3.3857142857142857
66.0,3.3857142857142857
67.0,3.3857142857142857
68.0,3.3857142857142857
69.0,3.3857142857142857
70.0,3.3857142857142857
71.0,3.3857142857142857
72.0,3.342857142857143
73.0,3.342857142857143
74.0,3.342857142857143
75.0,3.342857142857143
76.0,3.342857142857143
77.0,3.3857142857142857
78.0,3.3857142857142857
79.0,3.3857142857142857
80.0,3.342857142857143
81.0,3.342857142857143
82.0,3.342857142857143
83.0,3.342857142857143
84.0,3.342857142857143
85.0,3.342857142857143
86.0,3.342857142857143
87.0,3.342857142857143
88.0,3.342857142857143
89.0,3.342857142857143
90.0,3.342857142857143
91.0,3.342857142857143
92.0,3.342857142857143
93.0,3.342857142857143
94.0,3.342857142857143
95.0,3.342857142857143
96.0,3.342857142857143
97.0,3.3857142857142857
98.0,3.3857142857142857
99.0,3.342857142857143
100.0,3.342857142857143
101.0,3.342857142857143
102.0,3.342857142857143
103.0,3.342857142857143
104.0,3.342857142857143
105.0,3.342857142857143
106.0,3.342857142857143
107.0,3.3857142857142857
108.0,3.3857142857142857
109.0,3.3857142857142857
110.0,3.342857142857143
111.0,3.342857142857143
112.0,3.342857142857143
113.0,3.342857142857143
114.0,3.3857142857142857
115.0,3.342857142857143
116.0,3.342857142857143
117.0,3.3857142857142857
118.0,3.3857142857142857
119.0,3.342857142857143
120.0,3.342857142857143
121.0,3.342857142857143
122.0,3.342857142857143
123.0,3.342857142857143
124.0,3.342857142857143
125.0,3.342857142857143
126.0,3.342857142857143
127.0,3.342857142857143
128.0,3.342857142857143
129.0,3.342857142857143
130.0,3.342857142857143
131.0,3.342857142857143
132.0,3.342857142857143
133.0,3.342857142857143
134.0,3.342857142857143
135.0,3.342857142857143
136.0,3.342857142857143
137.0,3.342857142857143
138.0,3.342857142857143
139.0,3.342857142857143
140.0,3.342857142857143
141.0,3.342857142857143
142.0,3.342857142857143
143.0,3.342857142857143
144.0,3.342857142857143
145.0,3.342857142857143
146.0,3.342857142857143
147.0,3.342857142857143
148.0,3.342857142857143
149.0,3.342857142857143
150.0,3.342857142857143
151.0,3.342857142857143
152.0,3.342857142857143
153.0,3.342857142857143
154.0,3.342857142857143
155.0,3.342857142857143
156.0,3.342857142857143
157.0,3.342857142857143
158.0,3.342857142857143
159.0,3.342857142857143
160.0,3.342857142857143
161.0,3.342857142857143
162.0,3.342857142857143
163.0,3.3
164.0,3.342857142857143
165.0,3.342857142857143
166.0,3.3
167.0,3.342857142857143
168.0,3.342857142857143
169.0,3.342857142857143
170.0,3.342857142857143
171.0,3.342857142857143
172.0,3.342857142857143
173.0,3.342857142857143
174.0,3.342857142857143
175.0,3.342857142857143
176.0,3.3
177.0,3.342857142857143
178.0,3.3
179.0,3.3
180.0,3.3
181.0,3.3
182.0,3.342857142857143
183.0,3.342857142857143
184.0,3.342857142857143
185.0,3.342857142857143
186.0,3.342857142857143
187.0,3.342857142857143
188.0,3.342857142857143
189.0,3.342857142857143
190.0,3.342857142857143
191.0,3.3
192.0,3.3
193.0,3.342857142857143
194.0,3.3
195.0,3.342857142857143
196.0,3.342857142857143
197.0,3.342857142857143
198.0,3.342857142857143
199.0,3.342857142857143
200.0,3.342857142857143
201.0,3.342857142857143
202.0,3.342857142857143
203.0,3.342857142857143
204.0,3.342857142857143
205.0,3.342857142857143
206.0,3.342857142857143
207.0,3.342857142857143
208.0,3.3
209.0,3.342857142857143
210.0,3.3
211.0,3.3
212.0,3.3
213.0,3.3
214.0,3.342857142857143
215.0,3.342857142857143
216.0,3.342857142857143
217.0,3.342857142857143
218.0,3.3
219.0,3.3
220.0,3.342857142857143
221.0,3.342857142857143
222.0,3.3
223.0,3.342857142857143
224.0,3.342857142857143
225.0,3.342857142857143
226.0,3.342857142857143
227.0,3.3
228.0,3.342857142857143
229.0,3.3
230.0,3.3
231.0,3.3
232.0,3.3
233.0,3.3
234.0,3.3
235.0,3.342857142857143
236.0,3.3
237.0,3.342857142857143
238.0,3.342857142857143
239.0,3.3
240.0,3.3
241.0,3.3
242.0,3.342857142857143
243.0,3.3
244.0,3.342857142857143
245.0,3.342857142857143
246.0,3.342857142857143
247.0,3.342857142857143
248.0,3.342857142857143
249.0,3.342857142857143
250.0,3.342857142857143
251.0,3.342857142857143
252.0,3.3
253.0,3.3
254.0,3.3
255.0,3.3
256.0,3.3
257.0,3.3
258.0,3.3
259.0,3.342857142857143
260.0,3.342857142857143
261.0,3.342857142857143
262.0,3.3
263.0,3.342857142857143
264.0,3.342857142857143
265.0,3.342857142857143
266.0,3.3
267.0,3.342857142857143
268.0,3.3
269.0,3.3
270.0,3.342857142857143
271.0,3.3
272.0,3.3
273.0,3.3
274.0,3.3
275.0,3.3
276.0,3.3
277.0,3.3
278.0,3.3
279.0,3.3
280.0,3.3
281.0,3.3
282.0,3.342857142857143
283.0,3.3
284.0,3.3
285.0,3.3
286.0,3.3
287.0,3.3
288.0,3.3
289.0,3.3
290.0,3.3
291.0,3.3
292.0,3.3
293.0,3.342857142857143
294.0,3.3
295.0,3.3
296.0,3.3
297.0,3.3
298.0,3.3
299.0,3.3
300.0,3.3
301.0,3.3
302.0,3.3
303.0,3.3
304.0,3.3
305.0,3.3
306.0,3.3
307.0,3.3
308.0,3.3
309.0,3.3
310.0,3.3
311.0,3.3
312.0,3.3
313.0,3.3
314.0,3.3
315.0,3.3
316.0,3.3
317.0,3.3
318.0,3.3
319.0,3.3
320.0,3.3
321.0,3.3
322.0,3.3
323.0,3.3
324.0,3.3
325.0,3.3
326.0,3.3
327.0,3.3
328.0,3.257142857142857
329.0,3.3
330.0,3.3
331.0,3.3
332.0,3.257142857142857
333.0,3.3
334.0,3.3
335.0,3.3
336.0,3.3
337.0,3.3
338.0,3.257142857142857
339.0,3.3
340.0,3.257142857142857
341.0,3.257142857142857
342.0,3.3
343.0,3.3
344.0,3.3
345.0,3.3
346.0,3.3
347.0,3.3
348.0,3.3
349.0,3.3
350.0,3.3
351.0,3.3
352.0,3.3
353.0,3.3
354.0,3.3
355.0,3.3
356.0,3.3
357.0,3.3
358.0,3.3
359.0,3.3
360.0,3.3
361.0,3.3
362.0,3.3
363.0,3.3
364.0,3.3
365.0,3.3
366.0,3.3
367.0,3.3
368.0,3.3
369.0,3.3
370.0,3.3
371.0,3.3
372.0,3.3
373.0,3.3
374.0,3.3
375.0,3.257142857142857
376.0,3.3
377.0,3.3
378.0,3.3
379.0,3.3
380.0,3.3
381.0,3.3
382.0,3.257142857142857
383.0,3.3
384.0,3.257142857142857
385.0,3.3
386.0,3.257142857142857
387.0,3.3
388.0,3.3
389.0,3.3
390.0,3.3
391.0,3.3
392.0,3.3
393.0,3.3
394.0,3.3
395.0,3.3
396.0,3.3
397.0,3.3
398.0,3.3
399.0,3.3
400.0,3.3
401.0,3.3
402.0,3.3
403.0,3.3
404.0,3.3
405.0,3.3
406.0,3.3
407.0,3.3
408.0,3.3
409.0,3.3
410.0,3.257142857142857
411.0,3.3
412.0,3.257142857142857
413.0,3.257142857142857
414.0,3.257142857142857
415.0,3.3
416.0,3.257142857142857
417.0,3.257142857142857
418.0,3.257142857142857
419.0,3.3
420.0,3.3
421.0,3.3
422.0,3.3
423.0,3.3
424.0,3.3
425.0,3.257142857142857
426.0,3.257142857142857
427.0,3.3
428.0,3.257142857142857
429.0,3.257142857142857
430.0,3.257142857142857
431.0,3.257142857142857
432.0,3.257142857142857
433.0,3.3
434.0,3.3
435.0,3.3
436.0,3.3
437.0,3.3
438.0,3.3
439.0,3.3
440.0,3.3
441.0,3.3
442.0,3.3
443.0,3.3
444.0,3.3
445.0,3.3
446.0,3.3
447.0,3.3
448.0,3.3
449.0,3.3
450.0,3.3
451.0,3.3
452.0,3.3
453.0,3.257142857142857
454.0,3.257142857142857
455.0,3.3
456.0,3.257142857142857
457.0,3.257142857142857
458.0,3.257142857142857
459.0,3.257142857142857
460.0,3.257142857142857
461.0,3.257142857142857
462.0,3.257142857142857
463.0,3.3
464.0,3.3
465.0,3.3
466.0,3.3
467.0,3.257142857142857
468.0,3.257142857142857
469.0,3.257142857142857
470.0,3.3
471.0,3.3
472.0,3.3
473.0,3.257142857142857
474.0,3.257142857142857
475.0,3.257142857142857
476.0,3.257142857142857
477.0,3.257142857142857
478.0,3.257142857142857
479.0,3.3
480.0,3.3
481.0,3.3
482.0,3.3
483.0,3.3
484.0,3.3
485.0,3.3
486.0,3.3
487.0,3.3
488.0,3.3
489.0,3.3
490.0,3.3
491.0,3.3
492.0,3.3
493.0,3.257142857142857
494.0,3.257142857142857
495.0,3.257142857142857
496.0,3.257142857142857
497.0,3.257142857142857
498.0,3.257142857142857
499.0,3.257142857142857
500.0,3.257142857142857
501.0,3.3
502.0,3.257142857142857
503.0,3.3
504.0,3.3
505.0,3.3
506.0,3.3
507.0,3.3
508.0,3.3
509.0,3.3
510.0,3.257142857142857
511.0,3.257142857142857
512.0,3.257142857142857
513.0,3.3
514.0,3.257142857142857
515.0,3.257142857142857
516.0,3.257142857142857
517.0,3.257142857142857
518.0,3.257142857142857
519.0,3.257142857142857
520.0,3.257142857142857
521.0,3.3
522.0,3.257142857142857
523.0,3.3
524.0,3.3
525.0,3.3
526.0,3.3
527.0,3.3
528.0,3.3
529.0,3.3
530.0,3.3
531.0,3.3
532.0,3.257142857142857
533.0,3.3
534.0,3.3
535.0,3.257142857142857
536.0,3.257142857142857
537.0,3.257142857142857
538.0,3.257142857142857
539.0,3.257142857142857
540.0,3.257142857142857
541.0,3.257142857142857
542.0,3.257142857142857
543.0,3.257142857142857
544.0,3.257142857142857
545.0,3.257142857142857
546.0,3.257142857142857
547.0,3.257142857142857
548.0,3.257142857142857
549.0,3.257142857142857
550.0,3.3
551.0,3.257142857142857
552.0,3.3
553.0,3.257142857142857
554.0,3.257142857142857
555.0,3.257142857142857
556.0,3.257142857142857
557.0,3.257142857142857
558.0,3.257142857142857
559.0,3.257142857142857
560.0,3.257142857142857
561.0,3.257142857142857
562.0,3.257142857142857
563.0,3.257142857142857
564.0,3.257142857142857
565.0,3.257142857142857
566.0,3.257142857142857
567.0,3.257142857142857
568.0,3.257142857142857
569.0,3.257142857142857
570.0,3.257142857142857
571.0,3.257142857142857
572.0,3.257142857142857
573.0,3.257142857142857
574.0,3.257142857142857
575.0,3.257142857142857
576.0,3.257142857142857
577.0,3.257142857142857
578.0,3.257142857142857
579.0,3.257142857142857
580.0,3.257142857142857
581.0,3.257142857142857
582.0,3.257142857142857
583.0,3.257142857142857
584.0,3.257142857142857
585.0,3.257142857142857
586.0,3.257142857142857
587.0,3.257142857142857
588.0,3.257142857142857
589.0,3.257142857142857
590.0,3.257142857142857
591.0,3.257142857142857
592.0,3.257142857142857
593.0,3.257142857142857
594.0,3.257142857142857
595.0,3.257142857142857
596.0,3.257142857142857
597.0,3.257142857142857
598.0,3.257142857142857
599.0,3.257142857142857
600.0,3.257142857142857
601.0,3.257142857142857
602.0,3.257142857142857
603.0,3.257142857142857
604.0,3.257142857142857
605.0,3.3
606.0,3.257142857142857
607.0,3.257142857142857
608.0,3.257142857142857
609.0,3.257142857142857
610.0,3.257142857142857
611.0,3.257142857142857
612.0,3.257142857142857
613.0,3.257142857142857
614.0,3.257142857142857
615.0,3.257142857142857
616.0,3.257142857142857
617.0,3.257142857142857
618.0,3.257142857142857
619.0,3.257142857142857
620.0,3.257142857142857
621.0,3.257142857142857
622.0,3.257142857142857
623.0,3.257142857142857
624.0,3.257142857142857
625.0,3.257142857142857
626.0,3.257142857142857
627.0,3.257142857142857
628.0,3.257142857142857
629.0,3.257142857142857
630.0,3.257142857142857
631.0,3.257142857142857
632.0,3.257142857142857
633.0,3.257142857142857
634.0,3.257142857142857
635.0,3.257142857142857
636.0,3.257142857142857
637.0,3.257142857142857
638.0,3.257142857142857
639.0,3.3
640.0,3.3
641.0,3.257142857142857
642.0,3.3
643.0,3.3
644.0,3.257142857142857
645.0,3.3
646.0,3.257142857142857
647.0,3.257142857142857
648.0,3.257142857142857
649.0,3.257142857142857
650.0,3.257142857142857
651.0,3.257142857142857
652.0,3.257142857142857
653.0,3.257142857142857
654.0,3.257142857142857
655.0,3.257142857142857
656.0,3.257142857142857
657.0,3.257142857142857
658.0,3.257142857142857
659.0,3.257142857142857
660.0,3.257142857142857
661.0,3.257142857142857
662.0,3.257142857142857
663.0,3.257142857142857
664.0,3.257142857142857
665.0,3.257142857142857
666.0,3.257142857142857
667.0,3.257142857142857
668.0,3.257142857142857
669.0,3.257142857142857
670.0,3.257142857142857
671.0,3.257142857142857
672.0,3.257142857142857
673.0,3.257142857142857
674.0,3.257142857142857
675.0,3.257142857142857
676.0,3.257142857142857
677.0,3.257142857142857
678.0,3.257142857142857
679.0,3.3
680.0,3.257142857142857
681.0,3.257142857142857
682.0,3.3
683.0,3.257142857142857
684.0,3.257142857142857
685.0,3.257142857142857
686.0,3.257142857142857
687.0,3.257142857142857
688.0,3.257142857142857
689.0,3.257142857142857
690.0,3.257142857142857
691.0,3.257142857142857
692.0,3.257142857142857
693.0,3.257142857142857
694.0,3.257142857142857
695.0,3.257142857142857
696.0,3.257142857142857
697.0,3.257142857142857
698.0,3.257142857142857
699.0,3.257142857142857
700.0,3.257142857142857
701.0,3.257142857142857
702.0,3.257142857142857
703.0,3.257142857142857
704.0,3.257142857142857
705.0,3.257142857142857
706.0,3.257142857142857
707.0,3.257142857142857
708.0,3.257142857142857
709.0,3.257142857142857
710.0,3.257142857142857
711.0,3.257142857142857
712.0,3.257142857142857
713.0,3.257142857142857
714.0,3.257142857142857
715.0,3.257142857142857
716.0,3.257142857142857
717.0,3.257142857142857
718.0,3.257142857142857
719.0,3.257142857142857
720.0,3.257142857142857
721.0,3.257142857142857
722.0,3.257142857142857
723.0,3.257142857142857
724.0,3.257142857142857
725.0,3.257142857142857
726.0,3.257142857142857
727.0,3.257142857142857
728.0,3.257142857142857
729.0,3.257142857142857
730.0,3.257142857142857
731.0,3.257142857142857
732.0,3.257142857142857
733.0,3.257142857142857
734.0,3.257142857142857
735.0,3.257142857142857
736.0,3.257142857142857
737.0,3.257142857142857
738.0,3.257142857142857
739.0,3.257142857142857
740.0,3.257142857142857
741.0,3.257142857142857
742.0,3.257142857142857
743.0,3.257142857142857
744.0,3.257142857142857
745.0,3.257142857142857
746.0,3.257142857142857
747.0,3.257142857142857
748.0,3.257142857142857
749.0,3.257142857142857
750.0,3.257142857142857
751.0,3.257142857142857
752.0,3.257142857142857
753.0,3.257142857142857
754.0,3.257142857142857
755.0,3.257142857142857
756.0,3.257142857142857
757.0,3.257142857142857
758.0,3.257142857142857
759.0,3.257142857142857
760.0,3.257142857142857
761.0,3.257142857142857
762.0,3.257142857142857
763.0,3.257142857142857
764.0,3.257142857142857
765.0,3.257142857142857
766.0,3.257142857142857
767.0,3.257142857142857
768.0,3.257142857142857
769.0,3.257142857142857
770.0,3.257142857142857
771.0,3.257142857142857
772.0,3.257142857142857
773.0,3.257142857142857
774.0,3.257142857142857
775.0,3.257142857142857
776.0,3.257142857142857
777.0,3.257142857142857
778.0,3.257142857142857
779.0,3.257142857142857
780.0,3.257142857142857
781.0,3.257142857142857
782.0,3.257142857142857
783.0,3.257142857142857
784.0,3.257142857142857
785.0,3.257142857142857
786.0,3.257142857142857
787.0,3.257142857142857
788.0,3.257142857142857
789.0,3.257142857142857
790.0,3.257142857142857
791.0,3.257142857142857
792.0,3.257142857142857
793.0,3.257142857142857
794.0,3.257142857142857
795.0,3.257142857142857
796.0,3.257142857142857
797.0,3.257142857142857
798.0,3.257142857142857
799.0,3.257142857142857
800.0,3.257142857142857
801.0,3.257142857142857
802.0,3.257142857142857
803.0,3.257142857142857
804.0,3.257142857142857
805.0,3.257142857142857
806.0,3.257142857142857
807.0,3.257142857142857
808.0,3.257142857142857
809.0,3.257142857142857
810.0,3.257142857142857
811.0,3.257142857142857
812.0,3.257142857142857
813.0,3.257142857142857
814.0,3.257142857142857
815.0,3.257142857142857
816.0,3.257142857142857
817.0,3.257142857142857
818.0,3.257142857142857
819.0,3.257142857142857
820.0,3.257142857142857
821.0,3.257142857142857
822.0,3.257142857142857
823.0,3.257142857142857
824.0,3.257142857142857
825.0,3.257142857142857
826.0,3.257142857142857
827.0,3.257142857142857
828.0,3.257142857142857
829.0,3.257142857142857
830.0,3.257142857142857
831.0,3.257142857142857
832.0,3.257142857142857
833.0,3.257142857142857
834.0,3.257142857142857
835.0,3.257142857142857
836.0,3.257142857142857
837.0,3.257142857142857
838.0,3.257142857142857
839.0,3.257142857142857
840.0,3.257142857142857
841.0,3.257142857142857
842.0,3.257142857142857
843.0,3.257142857142857
844.0,3.257142857142857
845.0,3.257142857142857
846.0,3.257142857142857
847.0,3.257142857142857
848.0,3.257142857142857
849.0,3.257142857142857
850.0,3.257142857142857
851.0,3.257142857142857
852.0,3.257142857142857
853.0,3.257142857142857
854.0,3.257142857142857
855.0,3.257142857142857
856.0,3.257142857142857
857.0,3.257142857142857
858.0,3.257142857142857
859.0,3.257142857142857
860.0,3.257142857142857
861.0,3.2142857142857144
862.0,3.257142857142857
863.0,3.257142857142857
864.0,3.257142857142857
865.0,3.257142857142857
866.0,3.257142857142857
867.0,3.257142857142857
868.0,3.257142857142857
869.0,3.257142857142857
870.0,3.257142857142857
871.0,3.257142857142857
872.0,3.257142857142857
873.0,3.257142857142857
874.0,3.257142857142857
875.0,3.257142857142857
876.0,3.257142857142857
877.0,3.257142857142857
878.0,3.257142857142857
879.0,3.257142857142857
880.0,3.257142857142857
881.0,3.257142857142857
882.0,3.257142857142857
883.0,3.257142857142857
884.0,3.257142857142857
885.0,3.257142857142857
886.0,3.257142857142857
887.0,3.257142857142857
888.0,3.257142857142857
889.0,3.257142857142857
890.0,3.257142857142857
891.0,3.257142857142857
892.0,3.257142857142857
893.0,3.257142857142857
894.0,3.257142857142857
895.0,3.257142857142857
896.0,3.257142857142857
897.0,3.257142857142857
898.0,3.257142857142857
899.0,3.257142857142857
900.0,3.2142857142857144
901.0,3.257142857142857
902.0,3.257142857142857
903.0,3.257142857142857
904.0,3.257142857142857
905.0,3.257142857142857
906.0,3.257142857142857
907.0,3.257142857142857
908.0,3.257142857142857
909.0,3.257142857142857
910.0,3.257142857142857
911.0,3.257142857142857
912.0,3.257142857142857
913.0,3.257142857142857
914.0,3.257142857142857
915.0,3.2142857142857144
916.0,3.257142857142857
917.0,3.257142857142857
918.0,3.257142857142857
919.0,3.257142857142857
920.0,3.257142857142857
921.0,3.257142857142857
922.0,3.257142857142857
923.0,3.257142857142857
924.0,3.257142857142857
925.0,3.257142857142857
926.0,3.257142857142857
927.0,3.257142857142857
928.0,3.257142857142857
929.0,3.257142857142857
930.0,3.257142857142857
931.0,3.257142857142857
932.0,3.257142857142857
933.0,3.257142857142857
934.0,3.257142857142857
935.0,3.257142857142857
936.0,3.257142857142857
937.0,3.257142857142857
938.0,3.257142857142857
939.0,3.2142857142857144
940.0,3.257142857142857
941.0,3.257142857142857
942.0,3.257142857142857
943.0,3.2142857142857144
944.0,3.257142857142857
945.0,3.2142857142857144
946.0,3.257142857142857
947.0,3.257142857142857
948.0,3.2142857142857144
949.0,3.257142857142857
950.0,3.257142857142857
951.0,3.257142857142857
952.0,3.257142857142857
953.0,3.257142857142857
954.0,3.257142857142857
955.0,3.257142857142857
956.0,3.257142857142857
957.0,3.257142857142857
958.0,3.257142857142857
959.0,3.257142857142857
960.0,3.2142857142857144
961.0,3.257142857142857
962.0,3.257142857142857
963.0,3.257142857142857
964.0,3.257142857142857
965.0,3.257142857142857
966.0,3.257142857142857
967.0,3.257142857142857
968.0,3.2142857142857144
969.0,3.257142857142857
970.0,3.2142857142857144
971.0,3.2142857142857144
972.0,3.257142857142857
973.0,3.2142857142857144
974.0,3.257142857142857
975.0,3.257142857142857
976.0,3.257142857142857
977.0,3.257142857142857
978.0,3.257142857142857
979.0,3.2142857142857144
980.0,3.257142857142857
981.0,3.257142857142857
982.0,3.2142857142857144
983.0,3.257142857142857
984.0,3.2142857142857144
985.0,3.2142857142857144
986.0,3.2142857142857144
987.0,3.2142857142857144
988.0,3.257142857142857
989.0,3.2142857142857144
990.0,3.2142857142857144
991.0,3.257142857142857
992.0,3.2142857142857144
993.0,3.2142857142857144
994.0,3.257142857142857
995.0,3.257142857142857
996.0,3.257142857142857
997.0,3.257142857142857
998.0,3.257142857142857
999.0,3.257142857142857
1000.0,3.257142857142857
1001.0,3.257142857142857
1002.0,3.257142857142857
1003.0,3.2142857142857144
1004.0,3.257142857142857
1005.0,3.2142857142857144
1006.0,3.257142857142857
1007.0,3.2142857142857144
1008.0,3.257142857142857
1009.0,3.2142857142857144
1010.0,3.2142857142857144
1011.0,3.2142857142857144
1012.0,3.257142857142857
1013.0,3.257142857142857
1014.0,3.2142857142857144
1015.0,3.2142857142857144
1016.0,3.2142857142857144
1017.0,3.257142857142857
1018.0,3.257142857142857
1019.0,3.257142857142857
1020.0,3.2142857142857144
1021.0,3.2142857142857144
1022.0,3.2142857142857144
1023.0,3.257142857142857
1024.0,3.2142857142857144
1025.0,3.257142857142857
1026.0,3.257142857142857
1027.0,3.2142857142857144
1028.0,3.2142857142857144
1029.0,3.2142857142857144
1030.0,3.2142857142857144
1031.0,3.2142857142857144
1032.0,3.257142857142857
1033.0,3.2142857142857144
1034.0,3.2142857142857144
1035.0,3.2142857142857144
1036.0,3.2142857142857144
1037.0,3.2142857142857144
1038.0,3.257142857142857
1039.0,3.2142857142857144
1040.0,3.257142857142857
1041.0,3.257142857142857
1042.0,3.257142857142857
1043.0,3.2142857142857144
1044.0,3.2142857142857144
1045.0,3.2142857142857144
1046.0,3.2142857142857144
1047.0,3.2142857142857144
1048.0,3.2142857142857144
1049.0,3.2142857142857144
1050.0,3.2142857142857144
1051.0,3.2142857142857144
1052.0,3.2142857142857144
1053.0,3.2142857142857144
1054.0,3.2142857142857144
1055.0,3.2142857142857144
1056.0,3.2142857142857144
1057.0,3.2142857142857144
1058.0,3.257142857142857
1059.0,3.2142857142857144
1060.0,3.257142857142857
1061.0,3.2142857142857144
1062.0,3.2142857142857144
1063.0,3.257142857142857
1064.0,3.2142857142857144
1065.0,3.2142857142857144
1066.0,3.2142857142857144
1067.0,3.2142857142857144
1068.0,3.2142857142857144
1069.0,3.2142857142857144
1070.0,3.2142857142857144
1071.0,3.2142857142857144
1072.0,3.2142857142857144
1073.0,3.257142857142857
1074.0,3.2142857142857144
1075.0,3.2142857142857144
1076.0,3.2142857142857144
1077.0,3.257142857142857
1078.0,3.2142857142857144
1079.0,3.2142857142857144
1080.0,3.2142857142857144
1081.0,3.2142857142857144
1082.0,3.2142857142857144
1083.0,3.2142857142857144
1084.0,3.2142857142857144
1085.0,3.2142857142857144
1086.0,3.2142857142857144
1087.0,3.2142857142857144
1088.0,3.2142857142857144
1089.0,3.2142857142857144
1090.0,3.2142857142857144
1091.0,3.2142857142857144
1092.0,3.257142857142857
1093.0,3.2142857142857144
1094.0,3.2142857142857144
1095.0,3.2142857142857144
1096.0,3.2142857142857144
1097.0,3.2142857142857144
1098.0,3.2142857142857144
1099.0,3.2142857142857144
1100.0,3.2142857142857144
1101.0,3.2142857142857144
1102.0,3.2142857142857144
1103.0,3.2142857142857144
1104.0,3.2142857142857144
1105.0,3.2142857142857144
1106.0,3.2142857142857144
1107.0,3.2142857142857144
1108.0,3.2142857142857144
1109.0,3.2142857142857144
1110.0,3.2142857142857144
1111.0,3.2142857142857144
1112.0,3.2142857142857144
1113.0,3.2142857142857144
1114.0,3.2142857142857144
1115.0,3.2142857142857144
1116.0,3.2142857142857144
1117.0,3.2142857142857144
1118.0,3.2142857142857144
1119.0,3.2142857142857144
1120.0,3.2142857142857144
1121.0,3.2142857142857144
1122.0,3.2142857142857144
1123.0,3.2142857142857144
1124.0,3.2142857142857144
1125.0,3.2142857142857144
1126.0,3.2142857142857144
1127.0,3.2142857142857144
1128.0,3.2142857142857144
1129.0,3.2142857142857144
1130.0,3.2142857142857144
1131.0,3.2142857142857144
1132.0,3.2142857142857144
1133.0,3.2142857142857144
1134.0,3.2142857142857144
1135.0,3.2142857142857144
1136.0,3.2142857142857144
1137.0,3.2142857142857144
1138.0,3.2142857142857144
1139.0,3.2142857142857144
1140.0,3.2142857142857144
1141.0,3.2142857142857144
1142.0,3.2142857142857144
1143.0,3.2142857142857144
1144.0,3.2142857142857144
1145.0,3.2142857142857144
1146.0,3.2142857142857144
1147.0,3.2142857142857144
1148.0,3.2142857142857144
1149.0,3.2142857142857144
1150.0,3.2142857142857144
1151.0,3.2142857142857144
1152.0,3.2142857142857144
1153.0,3.2142857142857144
1154.0,3.2142857142857144
1155.0,3.2142857142857144
1156.0,3.2142857142857144
1157.0,3.2142857142857144
1158.0,3.2142857142857144
1159.0,3.2142857142857144
1160.0,3.2142857142857144
1161.0,3.2142857142857144
1162.0,3.2142857142857144
1163.0,3.2142857142857144
1164.0,3.2142857142857144
1165.0,3.2142857142857144
1166.0,3.2142857142857144
1167.0,3.2142857142857144
1168.0,3.2142857142857144
1169.0,3.2142857142857144
1170.0,3.2142857142857144
1171.0,3.2142857142857144
1172.0,3.2142857142857144
1173.0,3.2142857142857144
1174.0,3.2142857142857144
1175.0,3.2142857142857144
1176.0,3.2142857142857144
1177.0,3.2142857142857144
1178.0,3.2142857142857144
1179.0,3.2142857142857144
1180.0,3.2142857142857144
1181.0,3.2142857142857144
1182.0,3.2142857142857144
1183.0,3.2142857142857144
1184.0,3.2142857142857144
1185.0,3.2142857142857144
1186.0,3.2142857142857144
1187.0,3.2142857142857144
1188.0,3.2142857142857144
1189.0,3.2142857142857144
1190.0,3.2142857142857144
1191.0,3.2142857142857144
1192.0,3.2142857142857144
1193.0,3.2142857142857144
1194.0,3.2142857142857144
1195.0,3.2142857142857144
1196.0,3.2142857142857144
1197.0,3.2142857142857144
1198.0,3.2142857142857144
1199.0,3.2142857142857144
1200.0,3.2142857142857144
1201.0,3.2142857142857144
1202.0,3.2142857142857144
1203.0,3.2142857142857144
1204.0,3.2142857142857144
1205.0,3.2142857142857144
1206.0,3.2142857142857144
1207.0,3.2142857142857144
1208.0,3.2142857142857144
1209.0,3.2142857142857144
1210.0,3.2142857142857144
1211.0,3.2142857142857144
1212.0,3.2142857142857144
1213.0,3.2142857142857144
1214.0,3.2142857142857144
1215.0,3.2142857142857144
1216.0,3.2142857142857144
1217.0,3.2142857142857144
1218.0,3.2142857142857144
1219.0,3.2142857142857144
1220.0,3.2142857142857144
1221.0,3.2142857142857144
1222.0,3.2142857142857144
1223.0,3.2142857142857144
1224.0,3.2142857142857144
1225.0,3.2142857142857144
1226.0,3.2142857142857144
1227.0,3.2142857142857144
1228.0,3.2142857142857144
1229.0,3.2142857142857144
1230.0,3.2142857142857144
1231.0,3.2142857142857144
1232.0,3.2142857142857144
1233.0,3.2142857142857144
1234.0,3.2142857142857144
1235.0,3.2142857142857144
1236.0,3.2142857142857144
1237.0,3.2142857142857144
1238.0,3.2142857142857144
1239.0,3.2142857142857144
1240.0,3.2142857142857144
1241.0,3.2142857142857144
1242.0,3.2142857142857144
1243.0,3.2142857142857144
1244.0,3.2142857142857144
1245.0,3.2142857142857144
1246.0,3.2142857142857144
1247.0,3.2142857142857144
1248.0,3.2142857142857144
1249.0,3.2142857142857144
1250.0,3.2142857142857144
1251.0,3.2142857142857144
1252.0,3.2142857142857144
1253.0,3.2142857142857144
1254.0,3.2142857142857144
1255.0,3.2142857142857144
1256.0,3.2142857142857144
1257.0,3.2142857142857144
1258.0,3.2142857142857144
1259.0,3.2142857142857144
1260.0,3.2142857142857144
1261.0,3.2142857142857144
1262.0,3.2142857142857144
1263.0,3.2142857142857144
1264.0,3.2142857142857144
1265.0,3.2142857142857144
1266.0,3.2142857142857144
1267.0,3.2142857142857144
1268.0,3.2142857142857144
1269.0,3.2142857142857144
1270.0,3.2142857142857144
1271.0,3.2142857142857144
1272.0,3.2142857142857144
1273.0,3.2142857142857144
1274.0,3.2142857142857144
1275.0,3.2142857142857144
1276.0,3.2142857142857144
1277.0,3.2142857142857144
1278.0,3.2142857142857144
1279.0,3.2142857142857144
1280.0,3.2142857142857144
1281.0,3.2142857142857144
1282.0,3.2142857142857144
1283.0,3.2142857142857144
1284.0,3.2142857142857144
1285.0,3.2142857142857144
1286.0,3.2142857142857144
1287.0,3.2142857142857144
1288.0,3.2142857142857144
1289.0,3.2142857142857144
1290.0,3.2142857142857144
1291.0,3.2142857142857144
1292.0,3.2142857142857144
1293.0,3.2142857142857144
1294.0,3.2142857142857144
1295.0,3.2142857142857144
1296.0,3.2142857142857144
1297.0,3.2142857142857144
1298.0,3.2142857142857144
1299.0,3.2142857142857144
1300.0,3.2142857142857144
1301.0,3.2142857142857144
1302.0,3.2142857142857144
1303.0,3.2142857142857144
1304.0,3.2142857142857144
1305.0,3.2142857142857144
1306.0,3.2142857142857144
1307.0,3.2142857142857144
1308.0,3.2142857142857144
1309.0,3.2142857142857144
1310.0,3.2142857142857144
1311.0,3.2142857142857144
1312.0,3.2142857142857144
1313.0,3.2142857142857144
1314.0,3.2142857142857144
1315.0,3.2142857142857144
1316.0,3.2142857142857144
1317.0,3.2142857142857144
1318.0,3.2142857142857144
1319.0,3.2142857142857144
1320.0,3.2142857142857144
1321.0,3.2142857142857144
1322.0,3.2142857142857144
1323.0,3.2142857142857144
1324.0,3.2142857142857144
1325.0,3.2142857142857144
1326.0,3.2142857142857144
1327.0,3.2142857142857144
1328.0,3.2142857142857144
1329.0,3.2142857142857144
1330.0,3.2142857142857144
1331.0,3.2142857142857144
1332.0,3.2142857142857144
1333.0,3.2142857142857144
1334.0,3.2142857142857144
1335.0,3.2142857142857144
1336.0,3.2142857142857144
1337.0,3.2142857142857144
1338.0,3.2142857142857144
1339.0,3.2142857142857144
1340.0,3.2142857142857144
1341.0,3.2142857142857144
1342.0,3.2142857142857144
1343.0,3.2142857142857144
1344.0,3.2142857142857144
1345.0,3.2142857142857144
1346.0,3.2142857142857144
1347.0,3.2142857142857144
1348.0,3.2142857142857144
1349.0,3.2142857142857144
1350.0,3.2142857142857144
1351.0,3.2142857142857144
1352.0,3.2142857142857144
1353.0,3.2142857142857144
1354.0,3.2142857142857144
1355.0,3.2142857142857144
1356.0,3.2142857142857144
1357.0,3.2142857142857144
1358.0,3.2142857142857144
1359.0,3.2142857142857144
1360.0,3.2142857142857144
1361.0,3.2142857142857144
1362.0,3.2142857142857144
1363.0,3.2142857142857144
1364.0,3.2142857142857144
1365.0,3.2142857142857144
1366.0,3.2142857142857144
1367.0,3.2142857142857144
1368.0,3.2142857142857144
1369.0,3.2142857142857144
1370.0,3.2142857142857144
1371.0,3.2142857142857144
1372.0,3.2142857142857144
1373.0,3.2142857142857144
1374.0,3.2142857142857144
1375.0,3.2142857142857144
1376.0,3.2142857142857144
1377.0,3.2142857142857144
1378.0,3.2142857142857144
1379.0,3.2142857142857144
1380.0,3.2142857142857144
1381.0,3.2142857142857144
1382.0,3.2142857142857144
1383.0,3.1714285714285713
1384.0,3.2142857142857144
1385.0,3.2142857142857144
1386.0,3.2142857142857144
1387.0,3.2142857142857144
1388.0,3.2142857142857144
1389.0,3.2142857142857144
1390.0,3.2142857142857144
1391.0,3.2142857142857144
1392.0,3.2142857142857144
1393.0,3.2142857142857144
1394.0,3.2142857142857144
1395.0,3.2142857142857144
1396.0,3.2142857142857144
1397.0,3.2142857142857144
1398.0,3.2142857142857144
1399.0,3.2142857142857144
1400.0,3.2142857142857144
1401.0,3.2142857142857144
1402.0,3.2142857142857144
1403.0,3.2142857142857144
1404.0,3.2142857142857144
1405.0,3.2142857142857144
1406.0,3.2142857142857144
1407.0,3.2142857142857144
1408.0,3.2142857142857144
1409.0,3.2142857142857144
1410.0,3.2142857142857144
1411.0,3.2142857142857144
1412.0,3.2142857142857144
1413.0,3.2142857142857144
1414.0,3.2142857142857144
1415.0,3.2142857142857144
1416.0,3.2142857142857144
1417.0,3.1714285714285713
1418.0,3.2142857142857144
1419.0,3.1714285714285713
1420.0,3.2142857142857144
1421.0,3.2142857142857144
1422.0,3.2142857142857144
1423.0,3.1714285714285713
1424.0,3.1714285714285713
1425.0,3.2142857142857144
1426.0,3.2142857142857144
1427.0,3.2142857142857144
1428.0,3.1714285714285713
1429.0,3.2142857142857144
1430.0,3.2142857142857144
1431.0,3.2142857142857144
1432.0,3.2142857142857144
1433.0,3.2142857142857144
1434.0,3.2142857142857144
1435.0,3.2142857142857144
1436.0,3.2142857142857144
1437.0,3.2142857142857144
1438.0,3.2142857142857144
1439.0,3.2142857142857144
1440.0,3.2142857142857144
1441.0,3.2142857142857144
1442.0,3.1714285714285713
1443.0,3.2142857142857144
1444.0,3.2142857142857144
1445.0,3.2142857142857144
1446.0,3.2142857142857144
1447.0,3.2142857142857144
1448.0,3.1714285714285713
1449.0,3.2142857142857144
1450.0,3.2142857142857144
1451.0,3.2142857142857144
1452.0,3.2142857142857144
1453.0,3.1714285714285713
1454.0,3.2142857142857144
1455.0,3.2142857142857144
1456.0,3.2142857142857144
1457.0,3.2142857142857144
1458.0,3.1714285714285713
1459.0,3.1714285714285713
1460.0,3.1714285714285713
1461.0,3.1714285714285713
1462.0,3.1714285714285713
1463.0,3.2142857142857144
1464.0,3.1714285714285713
1465.0,3.1714285714285713
1466.0,3.1714285714285713
1467.0,3.1714285714285713
1468.0,3.2142857142857144
1469.0,3.1714285714285713
1470.0,3.2142857142857144
1471.0,3.2142857142857144
1472.0,3.1714285714285713
1473.0,3.2142857142857144
1474.0,3.1714285714285713
1475.0,3.2142857142857144
1476.0,3.2142857142857144
1477.0,3.2142857142857144
1478.0,3.2142857142857144
1479.0,3.2142857142857144
1480.0,3.2142857142857144
1481.0,3.2142857142857144
1482.0,3.2142857142857144
1483.0,3.2142857142857144
1484.0,3.1714285714285713
1485.0,3.2142857142857144
1486.0,3.1714285714285713
1487.0,3.2142857142857144
1488.0,3.2142857142857144
1489.0,3.2142857142857144
1490.0,3.1714285714285713
1491.0,3.2142857142857144
1492.0,3.1714285714285713
1493.0,3.2142857142857144
1494.0,3.2142857142857144
1495.0,3.2142857142857144
1496.0,3.1714285714285713
1497.0,3.2142857142857144
1498.0,3.2142857142857144
1499.0,3.2142857142857144
1500.0,3.2142857142857144
1501.0,3.2142857142857144
1502.0,3.1714285714285713
1503.0,3.1714285714285713
1504.0,3.1714285714285713
1505.0,3.1714285714285713
1506.0,3.2142857142857144
1507.0,3.1714285714285713
1508.0,3.2142857142857144
1509.0,3.1714285714285713
1510.0,3.2142857142857144
1511.0,3.2142857142857144
1512.0,3.1714285714285713
1513.0,3.1714285714285713
1514.0,3.1714285714285713
1515.0,3.1714285714285713
1516.0,3.2142857142857144
1517.0,3.1714285714285713
1518.0,3.1714285714285713
1519.0,3.1714285714285713
1520.0,3.1714285714285713
1521.0,3.1714285714285713
1522.0,3.1714285714285713
1523.0,3.1714285714285713
1524.0,3.1714285714285713
1525.0,3.1714285714285713
1526.0,3.2142857142857144
1527.0,3.1714285714285713
1528.0,3.2142857142857144
1529.0,3.1714285714285713
1530.0,3.2142857142857144
1531.0,3.1714285714285713
1532.0,3.1714285714285713
1533.0,3.2142857142857144
1534.0,3.2142857142857144
1535.0,3.2142857142857144
1536.0,3.2142857142857144
1537.0,3.1714285714285713
1538.0,3.1714285714285713
1539.0,3.2142857142857144
1540.0,3.1714285714285713
1541.0,3.1714285714285713
1542.0,3.1714285714285713
1543.0,3.2142857142857144
1544.0,3.1714285714285713
1545.0,3.2142857142857144
1546.0,3.2142857142857144
1547.0,3.2142857142857144
1548.0,3.1714285714285713
1549.0,3.2142857142857144
1550.0,3.2142857142857144
1551.0,3.1714285714285713
1552.0,3.1714285714285713
1553.0,3.1714285714285713
1554.0,3.1714285714285713
1555.0,3.1714285714285713
1556.0,3.1714285714285713
1557.0,3.1714285714285713
1558.0,3.2142857142857144
1559.0,3.1714285714285713
1560.0,3.1714285714285713
1561.0,3.1714285714285713
1562.0,3.1714285714285713
1563.0,3.1714285714285713
1564.0,3.1714285714285713
1565.0,3.1714285714285713
1566.0,3.1714285714285713
1567.0,3.1714285714285713
1568.0,3.1714285714285713
1569.0,3.1714285714285713
1570.0,3.1714285714285713
1571.0,3.1714285714285713
1572.0,3.1714285714285713
1573.0,3.2142857142857144
1574.0,3.1714285714285713
1575.0,3.1714285714285713
1576.0,3.1714285714285713
1577.0,3.2142857142857144
1578.0,3.1714285714285713
1579.0,3.1714285714285713
1580.0,3.1714285714285713
1581.0,3.1714285714285713
1582.0,3.1714285714285713
1583.0,3.1714285714285713
1584.0,3.1714285714285713
1585.0,3.1714285714285713
1586.0,3.1714285714285713
1587.0,3.1714285714285713
1588.0,3.1714285714285713
1589.0,3.1714285714285713
1590.0,3.1714285714285713
1591.0,3.1714285714285713
1592.0,3.1714285714285713
1593.0,3.1714285714285713
1594.0,3.1714285714285713
1595.0,3.1714285714285713
1596.0,3.1714285714285713
1597.0,3.1714285714285713
1598.0,3.1714285714285713
1599.0,3.1714285714285713
1600.0,3.1714285714285713
1601.0,3.1714285714285713
1602.0,3.1714285714285713
1603.0,3.1714285714285713
1604.0,3.1714285714285713
1605.0,3.1714285714285713
1606.0,3.1714285714285713
1607.0,3.1714285714285713
1608.0,3.1714285714285713
1609.0,3.1714285714285713
1610.0,3.1714285714285713
1611.0,3.1714285714285713
1612.0,3.1714285714285713
1613.0,3.1714285714285713
1614.0,3.1714285714285713
1615.0,3.1714285714285713
1616.0,3.1714285714285713
1617.0,3.1714285714285713
1618.0,3.1714285714285713
1619.0,3.1714285714285713
1620.0,3.1714285714285713
1621.0,3.1714285714285713
1622.0,3.1714285714285713
1623.0,3.1714285714285713
1624.0,3.1714285714285713
1625.0,3.1714285714285713
1626.0,3.1714285714285713
1627.0,3.1714285714285713
1628.0,3.1714285714285713
1629.0,3.1714285714285713
1630.0,3.1714285714285713
1631.0,3.1714285714285713
1632.0,3.1714285714285713
1633.0,3.1714285714285713
1634.0,3.1714285714285713
1635.0,3.1714285714285713
1636.0,3.1714285714285713
1637.0,3.1714285714285713
1638.0,3.1714285714285713
1639.0,3.1714285714285713
1640.0,3.1714285714285713
1641.0,3.1714285714285713
1642.0,3.1714285714285713
1643.0,3.1714285714285713
1644.0,3.1714285714285713
1645.0,3.1714285714285713
1646.0,3.1714285714285713
1647.0,3.1714285714285713
1648.0,3.1714285714285713
1649.0,3.1714285714285713
1650.0,3.1714285714285713
1651.0,3.1714285714285713
1652.0,3.1714285714285713
1653.0,3.1714285714285713
1654.0,3.1714285714285713
1655.0,3.1714285714285713
1656.0,3.1714285714285713
1657.0,3.1714285714285713
1658.0,3.1714285714285713
1659.0,3.1714285714285713
1660.0,3.1714285714285713
1661.0,3.1714285714285713
1662.0,3.1714285714285713
1663.0,3.1714285714285713
1664.0,3.1714285714285713
1665.0,3.1714285714285713
1666.0,3.1714285714285713
1667.0,3.1714285714285713
1668.0,3.1714285714285713
1669.0,3.1714285714285713
1670.0,3.1714285714285713
1671.0,3.1714285714285713
1672.0,3.1714285714285713
1673.0,3.1714285714285713
1674.0,3.1714285714285713
1675.0,3.1714285714285713
1676.0,3.1714285714285713
1677.0,3.1714285714285713
1678.0,3.1714285714285713
1679.0,3.1714285714285713
1680.0,3.1714285714285713
1681.0,3.1714285714285713
1682.0,3.1714285714285713
1683.0,3.1714285714285713
1684.0,3.1714285714285713
1685.0,3.1714285714285713
1686.0,3.1714285714285713
1687.0,3.1714285714285713
1688.0,3.1714285714285713
1689.0,3.1714285714285713
1690.0,3.1714285714285713
1691.0,3.1714285714285713
1692.0,3.1714285714285713
1693.0,3.1714285714285713
1694.0,3.1714285714285713
1695.0,3.1714285714285713
1696.0,3.1714285714285713
1697.0,3.1714285714285713
1698.0,3.1714285714285713
1699.0,3.1714285714285713
1700.0,3.1714285714285713
1701.0,3.1714285714285713
1702.0,3.1714285714285713
1703.0,3.1714285714285713
1704.0,3.1714285714285713
1705.0,3.1714285714285713
1706.0,3.1714285714285713
1707.0,3.1714285714285713
1708.0,3.1714285714285713
1709.0,3.1714285714285713
1710.0,3.1714285714285713
1711.0,3.1714285714285713
1712.0,3.1714285714285713
1713.0,3.1714285714285713
1714.0,3.1714285714285713
1715.0,3.1714285714285713
1716.0,3.1714285714285713
1717.0,3.1714285714285713
1718.0,3.1714285714285713
1719.0,3.1714285714285713
1720.0,3.1714285714285713
1721.0,3.1714285714285713
1722.0,3.1714285714285713
1723.0,3.1714285714285713
1724.0,3.1714285714285713
1725.0,3.1714285714285713
1726.0,3.1714285714285713
1727.0,3.1714285714285713
1728.0,3.1714285714285713
1729.0,3.1714285714285713
1730.0,3.1714285714285713
1731.0,3.1714285714285713
1732.0,3.1714285714285713
1733.0,3.1714285714285713
1734.0,3.1714285714285713
1735.0,3.1714285714285713
1736.0,3.1714285714285713
1737.0,3.1714285714285713
1738.0,3.1714285714285713
1739.0,3.1714285714285713
1740.0,3.1714285714285713
1741.0,3.1714285714285713
1742.0,3.1714285714285713
1743.0,3.1714285714285713
1744.0,3.1714285714285713
1745.0,3.1714285714285713
1746.0,3.1714285714285713
1747.0,3.1714285714285713
1748.0,3.1714285714285713
1749.0,3.1714285714285713
1750.0,3.1714285714285713
1751.0,3.1714285714285713
1752.0,3.1714285714285713
1753.0,3.1714285714285713
1754.0,3.1714285714285713
1755.0,3.1714285714285713
1756.0,3.1714285714285713
1757.0,3.1714285714285713
1758.0,3.1714285714285713
1759.0,3.1714285714285713
1760.0,3.1714285714285713
1761.0,3.1714285714285713
1762.0,3.1714285714285713
1763.0,3.1714285714285713
1764.0,3.1714285714285713
1765.0,3.1714285714285713
1766.0,3.1714285714285713
1767.0,3.1714285714285713
1768.0,3.1714285714285713
1769.0,3.1714285714285713
1770.0,3.1714285714285713
1771.0,3.1714285714285713
1772.0,3.1714285714285713
1773.0,3.1714285714285713
1774.0,3.1714285714285713
1775.0,3.1714285714285713
1776.0,3.1714285714285713
1777.0,3.1714285714285713
1778.0,3.1714285714285713
1779.0,3.1714285714285713
1780.0,3.1714285714285713
1781.0,3.1714285714285713
1782.0,3.1714285714285713
1783.0,3.1714285714285713
1784.0,3.1714285714285713
1785.0,3.1714285714285713
1786.0,3.1714285714285713
1787.0,3.1714285714285713
1788.0,3.1714285714285713
1789.0,3.1714285714285713
1790.0,3.1714285714285713
1791.0,3.1714285714285713
1792.0,3.1714285714285713
1793.0,3.1714285714285713
1794.0,3.1714285714285713
1795.0,3.1714285714285713
1796.0,3.1714285714285713
1797.0,3.1714285714285713
1798.0,3.1714285714285713
1799.0,3.1714285714285713
1800.0,3.1714285714285713
1801.0,3.1714285714285713
1802.0,3.1714285714285713
1803.0,3.1714285714285713
1804.0,3.1714285714285713
1805.0,3.1714285714285713
1806.0,3.1714285714285713
1807.0,3.1714285714285713
1808.0,3.1714285714285713
1809.0,3.1714285714285713
1810.0,3.1714285714285713
1811.0,3.1714285714285713
1812.0,3.1714285714285713
1813.0,3.1714285714285713
1814.0,3.1714285714285713
1815.0,3.1714285714285713
1816.0,3.1714285714285713
1817.0,3.1714285714285713
1818.0,3.1714285714285713
1819.0,3.1714285714285713
1820.0,3.1714285714285713
1821.0,3.1714285714285713
1822.0,3.1714285714285713
1823.0,3.1714285714285713
1824.0,3.1714285714285713
1825.0,3.1714285714285713
1826.0,3.1714285714285713
1827.0,3.1714285714285713
1828.0,3.1714285714285713
1829.0,3.1714285714285713
1830.0,3.1714285714285713
1831.0,3.1714285714285713
1832.0,3.1714285714285713
1833.0,3.1714285714285713
1834.0,3.1714285714285713
1835.0,3.1714285714285713
1836.0,3.1714285714285713
1837.0,3.1714285714285713
1838.0,3.1714285714285713
1839.0,3.1714285714285713
1840.0,3.1714285714285713
1841.0,3.1714285714285713
1842.0,3.1714285714285713
1843.0,3.1714285714285713
1844.0,3.1714285714285713
1845.0,3.1714285714285713
1846.0,3.1285714285714286
1847.0,3.1714285714285713
1848.0,3.1714285714285713
1849.0,3.1714285714285713
1850.0,3.1714285714285713
1851.0,3.1714285714285713
1852.0,3.1714285714285713
1853.0,3.1714285714285713
1854.0,3.1714285714285713
1855.0,3.1714285714285713
1856.0,3.1714285714285713
1857.0,3.1714285714285713
1858.0,3.1714285714285713
1859.0,3.1714285714285713
1860.0,3.1714285714285713
1861.0,3.1714285714285713
1862.0,3.1714285714285713
1863.0,3.1714285714285713
1864.0,3.1714285714285713
1865.0,3.1714285714285713
1866.0,3.1714285714285713
1867.0,3.1714285714285713
1868.0,3.1714285714285713
1869.0,3.1714285714285713
1870.0,3.1714285714285713
1871.0,3.1714285714285713
1872.0,3.1714285714285713
1873.0,3.1714285714285713
1874.0,3.1714285714285713
1875.0,3.1714285714285713
1876.0,3.1714285714285713
1877.0,3.1714285714285713
1878.0,3.1714285714285713
1879.0,3.1714285714285713
1880.0,3.1714285714285713
1881.0,3.1714285714285713
1882.0,3.1714285714285713
1883.0,3.1714285714285713
1884.0,3.1714285714285713
1885.0,3.1714285714285713
1886.0,3.1714285714285713
1887.0,3.1714285714285713
1888.0,3.1714285714285713
1889.0,3.1714285714285713
1890.0,3.1714285714285713
1891.0,3.1714285714285713
1892.0,3.1714285714285713
1893.0,3.1714285714285713
1894.0,3.1714285714285713
1895.0,3.1714285714285713
1896.0,3.1714285714285713
1897.0,3.1714285714285713
1898.0,3.1714285714285713
1899.0,3.1714285714285713
1900.0,3.1714285714285713
1901.0,3.1714285714285713
1902.0,3.1714285714285713
1903.0,3.1714285714285713
1904.0,3.1714285714285713
1905.0,3.1714285714285713
1906.0,3.1714285714285713
1907.0,3.1714285714285713
1908.0,3.1714285714285713
1909.0,3.1714285714285713
1910.0,3.1714285714285713
1911.0,3.1714285714285713
1912.0,3.1714285714285713
1913.0,3.1714285714285713
1914.0,3.1714285714285713
1915.0,3.1714285714285713
1916.0,3.1714285714285713
1917.0,3.1714285714285713
1918.0,3.1285714285714286
1919.0,3.1714285714285713
1920.0,3.1714285714285713
1921.0,3.1714285714285713
1922.0,3.1714285714285713
1923.0,3.1714285714285713
1924.0,3.1714285714285713
1925.0,3.1714285714285713
1926.0,3.1714285714285713
1927.0,3.1714285714285713
1928.0,3.1714285714285713
1929.0,3.1714285714285713
1930.0,3.1714285714285713
1931.0,3.1714285714285713
1932.0,3.1714285714285713
1933.0,3.1714285714285713
1934.0,3.1714285714285713
1935.0,3.1714285714285713
1936.0,3.1714285714285713
1937.0,3.1714285714285713
1938.0,3.1714285714285713
1939.0,3.1714285714285713
1940.0,3.1714285714285713
1941.0,3.1714285714285713
1942.0,3.1714285714285713
1943.0,3.1714285714285713
1944.0,3.1714285714285713
1945.0,3.1714285714285713
1946.0,3.1714285714285713
1947.0,3.1714285714285713
1948.0,3.1285714285714286
1949.0,3.1714285714285713
1950.0,3.1714285714285713
1951.0,3.1714285714285713
1952.0,3.1714285714285713
1953.0,3.1714285714285713
1954.0,3.1714285714285713
1955.0,3.1714285714285713
1956.0,3.1714285714285713
1957.0,3.1714285714285713
1958.0,3.1714285714285713
1959.0,3.1714285714285713
1960.0,3.1714285714285713
1961.0,3.1714285714285713
1962.0,3.1285714285714286
1963.0,3.1714285714285713
1964.0,3.1285714285714286
1965.0,3.1714285714285713
1966.0,3.1285714285714286
1967.0,3.1714285714285713
1968.0,3.1285714285714286
1969.0,3.1714285714285713
1970.0,3.1285714285714286
1971.0,3.1714285714285713
1972.0,3.1714285714285713
1973.0,3.1714285714285713
1974.0,3.1714285714285713
1975.0,3.1714285714285713
1976.0,3.1285714285714286
1977.0,3.1714285714285713
1978.0,3.1285714285714286
1979.0,3.1285714285714286
1980.0,3.1285714285714286
1981.0,3.1714285714285713
1982.0,3.1285714285714286
1983.0,3.1714285714285713
1984.0,3.1714285714285713
1985.0,3.1714285714285713
1986.0,3.1285714285714286
1987.0,3.1714285714285713
1988.0,3.1714285714285713
1989.0,3.1714285714285713
1990.0,3.1714285714285713
1991.0,3.1714285714285713
1992.0,3.1285714285714286
1993.0,3.1714285714285713
1994.0,3.1714285714285713
1995.0,3.1285714285714286
1996.0,3.1714285714285713
1997.0,3.1714285714285713
1998.0,3.1285714285714286
1999.0,3.1714285714285713
2000.0,3.1285714285714286
2001.0,3.1714285714285713
2002.0,3.1285714285714286
2003.0,3.1714285714285713
2004.0,3.1714285714285713
2005.0,3.1714285714285713
2006.0,3.1714285714285713
2007.0,3.1714285714285713
2008.0,3.1714285714285713
2009.0,3.1714285714285713
2010.0,3.1714285714285713
2011.0,3.1714285714285713
2012.0,3.1285714285714286
2013.0,3.1714285714285713
2014.0,3.1714285714285713
2015.0,3.1285714285714286
2016.0,3.1285714285714286
2017.0,3.1714285714285713
2018.0,3.1285714285714286
2019.0,3.1714285714285713
2020.0,3.1285714285714286
2021.0,3.1714285714285713
2022.0,3.1285714285714286
2023.0,3.1714285714285713
2024.0,3.1285714285714286
2025.0,3.1285714285714286
2026.0,3.1285714285714286
2027.0,3.1714285714285713
2028.0,3.1285714285714286
2029.0,3.1714285714285713
2030.0,3.1285714285714286
2031.0,3.1285714285714286
2032.0,3.1285714285714286
2033.0,3.1285714285714286
2034.0,3.1714285714285713
2035.0,3.1285714285714286
2036.0,3.1285714285714286
2037.0,3.1285714285714286
2038.0,3.1285714285714286
2039.0,3.1285714285714286
2040.0,3.1285714285714286
2041.0,3.1714285714285713
2042.0,3.1285714285714286
2043.0,3.1714285714285713
2044.0,3.1285714285714286
2045.0,3.1714285714285713
2046.0,3.1285714285714286
2047.0,3.1285714285714286
2048.0,3.1285714285714286
2049.0,3.1714285714285713
2050.0,3.1285714285714286
2051.0,3.1714285714285713
2052.0,3.1714285714285713
2053.0,3.1714285714285713
2054.0,3.1285714285714286
2055.0,3.1714285714285713
2056.0,3.1285714285714286
2057.0,3.1714285714285713
2058.0,3.1285714285714286
2059.0,3.1714285714285713
2060.0,3.1285714285714286
2061.0,3.1714285714285713
2062.0,3.1285714285714286
2063.0,3.1714285714285713
2064.0,3.1285714285714286
2065.0,3.1714285714285713
2066.0,3.1285714285714286
2067.0,3.1714285714285713
2068.0,3.1285714285714286
2069.0,3.1285714285714286
2070.0,3.1285714285714286
2071.0,3.1285714285714286
2072.0,3.1285714285714286
2073.0,3.1714285714285713
2074.0,3.1285714285714286
2075.0,3.1714285714285713
2076.0,3.1285714285714286
2077.0,3.1285714285714286
2078.0,3.1285714285714286
2079.0,3.1285714285714286
2080.0,3.1285714285714286
2081.0,3.1714285714285713
2082.0,3.1714285714285713
2083.0,3.1285714285714286
2084.0,3.1285714285714286
2085.0,3.1714285714285713
2086.0,3.1714285714285713
2087.0,3.1714285714285713
2088.0,3.1285714285714286
2089.0,3.1285714285714286
2090.0,3.1285714285714286
2091.0,3.1714285714285713
2092.0,3.1714285714285713
2093.0,3.1285714285714286
2094.0,3.1714285714285713
2095.0,3.1285714285714286
2096.0,3.1285714285714286
2097.0,3.1285714285714286
2098.0,3.1285714285714286
2099.0,3.1714285714285713
2100.0,3.1285714285714286
2101.0,3.1285714285714286
2102.0,3.1285714285714286
2103.0,3.1714285714285713
2104.0,3.1285714285714286
2105.0,3.1285714285714286
2106.0,3.1285714285714286
2107.0,3.1285714285714286
2108.0,3.1285714285714286
2109.0,3.1285714285714286
2110.0,3.1285714285714286
2111.0,3.1714285714285713
2112.0,3.1285714285714286
2113.0,3.1714285714285713
2114.0,3.1285714285714286
2115.0,3.1714285714285713
2116.0,3.1285714285714286
2117.0,3.1285714285714286
2118.0,3.1285714285714286
2119.0,3.1285714285714286
2120.0,3.1285714285714286
2121.0,3.1285714285714286
2122.0,3.1285714285714286
2123.0,3.1285714285714286
2124.0,3.1285714285714286
2125.0,3.1285714285714286
2126.0,3.1285714285714286
2127.0,3.1285714285714286
2128.0,3.1285714285714286
2129.0,3.1714285714285713
2130.0,3.1285714285714286
2131.0,3.1714285714285713
2132.0,3.1285714285714286
2133.0,3.1714285714285713
2134.0,3.1285714285714286
2135.0,3.1285714285714286
2136.0,3.1285714285714286
2137.0,3.1714285714285713
2138.0,3.1714285714285713
2139.0,3.1285714285714286
2140.0,3.1285714285714286
2141.0,3.1285714285714286
2142.0,3.1285714285714286
2143.0,3.1285714285714286
2144.0,3.1285714285714286
2145.0,3.1714285714285713
2146.0,3.1285714285714286
2147.0,3.1285714285714286
2148.0,3.1285714285714286
2149.0,3.1285714285714286
2150.0,3.1285714285714286
2151.0,3.1714285714285713
2152.0,3.1285714285714286
2153.0,3.1285714285714286
2154.0,3.1285714285714286
2155.0,3.1714285714285713
2156.0,3.1285714285714286
2157.0,3.1285714285714286
2158.0,3.1714285714285713
2159.0,3.1285714285714286
2160.0,3.1285714285714286
2161.0,3.1285714285714286
2162.0,3.1285714285714286
2163.0,3.1714285714285713
2164.0,3.1285714285714286
2165.0,3.1714285714285713
2166.0,3.1285714285714286
2167.0,3.1714285714285713
2168.0,3.1285714285714286
2169.0,3.1285714285714286
2170.0,3.1285714285714286
2171.0,3.1285714285714286
2172.0,3.1285714285714286
2173.0,3.1285714285714286
2174.0,3.1285714285714286
2175.0,3.1285714285714286
2176.0,3.1285714285714286
2177.0,3.1285714285714286
2178.0,3.1285714285714286
2179.0,3.1285714285714286
2180.0,3.1285714285714286
2181.0,3.1714285714285713
2182.0,3.1285714285714286
2183.0,3.1285714285714286
2184.0,3.1285714285714286
2185.0,3.1285714285714286
2186.0,3.1285714285714286
2187.0,3.1285714285714286
2188.0,3.1285714285714286
2189.0,3.1285714285714286
2190.0,3.1285714285714286
2191.0,3.1285714285714286
2192.0,3.1285714285714286
2193.0,3.1285714285714286
2194.0,3.1285714285714286
2195.0,3.1285714285714286
2196.0,3.1285714285714286
2197.0,3.1714285714285713
2198.0,3.1285714285714286
2199.0,3.1285714285714286
2200.0,3.1285714285714286
2201.0,3.1285714285714286
2202.0,3.1285714285714286
2203.0,3.1285714285714286
2204.0,3.1285714285714286
2205.0,3.1285714285714286
2206.0,3.1285714285714286
2207.0,3.1285714285714286
2208.0,3.1285714285714286
2209.0,3.1285714285714286
2210.0,3.1285714285714286
2211.0,3.1285714285714286
2212.0,3.1285714285714286
2213.0,3.1714285714285713
2214.0,3.1285714285714286
2215.0,3.1285714285714286
2216.0,3.1285714285714286
2217.0,3.1285714285714286
2218.0,3.1285714285714286
2219.0,3.1285714285714286
2220.0,3.1285714285714286
2221.0,3.1285714285714286
2222.0,3.1285714285714286
2223.0,3.1285714285714286
2224.0,3.1714285714285713
2225.0,3.1285714285714286
2226.0,3.1285714285714286
2227.0,3.1285714285714286
2228.0,3.1285714285714286
2229.0,3.1285714285714286
2230.0,3.1285714285714286
2231.0,3.1285714285714286
2232.0,3.1285714285714286
2233.0,3.1285714285714286
2234.0,3.1285714285714286
2235.0,3.1285714285714286
2236.0,3.1285714285714286
2237.0,3.1285714285714286
2238.0,3.1285714285714286
2239.0,3.1285714285714286
2240.0,3.1285714285714286
2241.0,3.1285714285714286
2242.0,3.1285714285714286
2243.0,3.1285714285714286
2244.0,3.1285714285714286
2245.0,3.1285714285714286
2246.0,3.1285714285714286
2247.0,3.1285714285714286
2248.0,3.1285714285714286
2249.0,3.1285714285714286
2250.0,3.1285714285714286
2251.0,3.1285714285714286
2252.0,3.1285714285714286
2253.0,3.1285714285714286
2254.0,3.1285714285714286
2255.0,3.1285714285714286
2256.0,3.1285714285714286
2257.0,3.1285714285714286
2258.0,3.1285714285714286
2259.0,3.1285714285714286
2260.0,3.1285714285714286
2261.0,3.1285714285714286
2262.0,3.1285714285714286
2263.0,3.1285714285714286
2264.0,3.1285714285714286
2265.0,3.1285714285714286
2266.0,3.1285714285714286
2267.0,3.1285714285714286
2268.0,3.1285714285714286
2269.0,3.1285714285714286
2270.0,3.1285714285714286
2271.0,3.1285714285714286
2272.0,3.1285714285714286
2273.0,3.1285714285714286
2274.0,3.1285714285714286
2275.0,3.1285714285714286
2276.0,3.1285714285714286
2277.0,3.1285714285714286
2278.0,3.1285714285714286
2279.0,3.1285714285714286
2280.0,3.1285714285714286
2281.0,3.1285714285714286
2282.0,3.1285714285714286
2283.0,3.1285714285714286
2284.0,3.1285714285714286
2285.0,3.1285714285714286
2286.0,3.1285714285714286
2287.0,3.1285714285714286
2288.0,3.1285714285714286
2289.0,3.1285714285714286
2290.0,3.1285714285714286
2291.0,3.1285714285714286
2292.0,3.1285714285714286
2293.0,3.1285714285714286
2294.0,3.1285714285714286
2295.0,3.1285714285714286
2296.0,3.1285714285714286
2297.0,3.1285714285714286
2298.0,3.1285714285714286
2299.0,3.1285714285714286
2300.0,3.1285714285714286
2301.0,3.1285714285714286
2302.0,3.1285714285714286
2303.0,3.1285714285714286
2304.0,3.1285714285714286
2305.0,3.1285714285714286
2306.0,3.1285714285714286
2307.0,3.1285714285714286
2308.0,3.1285714285714286
2309.0,3.1285714285714286
2310.0,3.1285714285714286
2311.0,3.1285714285714286
2312.0,3.1285714285714286
2313.0,3.1285714285714286
2314.0,3.1285714285714286
2315.0,3.1285714285714286
2316.0,3.1285714285714286
2317.0,3.1285714285714286
2318.0,3.1285714285714286
2319.0,3.1285714285714286
2320.0,3.1285714285714286
2321.0,3.1285714285714286
2322.0,3.1285714285714286
2323.0,3.1714285714285713
2324.0,3.1285714285714286
2325.0,3.1285714285714286
2326.0,3.1285714285714286
2327.0,3.1285714285714286
2328.0,3.1285714285714286
2329.0,3.1285714285714286
2330.0,3.1285714285714286
2331.0,3.1285714285714286
2332.0,3.1285714285714286
2333.0,3.1285714285714286
2334.0,3.1285714285714286
2335.0,3.1285714285714286
2336.0,3.1285714285714286
2337.0,3.1285714285714286
2338.0,3.1285714285714286
2339.0,3.1285714285714286
2340.0,3.1285714285714286
2341.0,3.1285714285714286
2342.0,3.1285714285714286
2343.0,3.1285714285714286
2344.0,3.1285714285714286
2345.0,3.1285714285714286
2346.0,3.1285714285714286
2347.0,3.1285714285714286
2348.0,3.1285714285714286
2349.0,3.1285714285714286
2350.0,3.1285714285714286
2351.0,3.1285714285714286
2352.0,3.1285714285714286
2353.0,3.1285714285714286
2354.0,3.1285714285714286
2355.0,3.1285714285714286
2356.0,3.1285714285714286
2357.0,3.1285714285714286
2358.0,3.1285714285714286
2359.0,3.1285714285714286
2360.0,3.1285714285714286
2361.0,3.1285714285714286
2362.0,3.1285714285714286
2363.0,3.1285714285714286
2364.0,3.1285714285714286
2365.0,3.1285714285714286
2366.0,3.1285714285714286
2367.0,3.1285714285714286
2368.0,3.1285714285714286
2369.0,3.1285714285714286
2370.0,3.1285714285714286
2371.0,3.1285714285714286
2372.0,3.1285714285714286
2373.0,3.1285714285714286
2374.0,3.1285714285714286
2375.0,3.1285714285714286
2376.0,3.1285714285714286
2377.0,3.1285714285714286
2378.0,3.1285714285714286
2379.0,3.1285714285714286
2380.0,3.1285714285714286
2381.0,3.1285714285714286
2382.0,3.1285714285714286
2383.0,3.1285714285714286
2384.0,3.1285714285714286
2385.0,3.1285714285714286
2386.0,3.085714285714286
2387.0,3.1285714285714286
2388.0,3.1285714285714286
2389.0,3.1285714285714286
2390.0,3.1285714285714286
2391.0,3.1285714285714286
2392.0,3.1285714285714286
2393.0,3.1285714285714286
2394.0,3.1285714285714286
2395.0,3.1285714285714286
2396.0,3.1285714285714286
2397.0,3.1285714285714286
2398.0,3.1285714285714286
2399.0,3.1285714285714286
2400.0,3.1285714285714286
2401.0,3.1285714285714286
2402.0,3.1285714285714286
2403.0,3.1285714285714286
2404.0,3.1285714285714286
2405.0,3.1285714285714286
2406.0,3.1285714285714286
2407.0,3.1285714285714286
2408.0,3.1285714285714286
2409.0,3.1285714285714286
2410.0,3.1285714285714286
2411.0,3.1285714285714286
2412.0,3.1285714285714286
2413.0,3.1285714285714286
2414.0,3.1285714285714286
2415.0,3.1285714285714286
2416.0,3.1285714285714286
2417.0,3.1285714285714286
2418.0,3.1285714285714286
2419.0,3.1285714285714286
2420.0,3.1285714285714286
2421.0,3.1285714285714286
2422.0,3.1285714285714286
2423.0,3.1285714285714286
2424.0,3.1285714285714286
2425.0,3.1285714285714286
2426.0,3.1285714285714286
2427.0,3.1285714285714286
2428.0,3.1285714285714286
2429.0,3.1285714285714286
2430.0,3.1285714285714286
2431.0,3.1285714285714286
2432.0,3.1285714285714286
2433.0,3.1285714285714286
2434.0,3.1285714285714286
2435.0,3.1285714285714286
2436.0,3.1285714285714286
2437.0,3.1285714285714286
2438.0,3.1285714285714286
2439.0,3.1285714285714286
2440.0,3.1285714285714286
2441.0,3.1285714285714286
2442.0,3.1285714285714286
2443.0,3.1285714285714286
2444.0,3.1285714285714286
2445.0,3.1285714285714286
2446.0,3.1285714285714286
2447.0,3.1285714285714286
2448.0,3.1285714285714286
2449.0,3.1285714285714286
2450.0,3.1285714285714286
2451.0,3.1285714285714286
2452.0,3.1285714285714286
2453.0,3.1285714285714286
2454.0,3.1285714285714286
2455.0,3.1285714285714286
2456.0,3.1285714285714286
2457.0,3.1285714285714286
2458.0,3.1285714285714286
2459.0,3.1285714285714286
2460.0,3.1285714285714286
2461.0,3.085714285714286
2462.0,3.1285714285714286
2463.0,3.1285714285714286
2464.0,3.1285714285714286
2465.0,3.1285714285714286
2466.0,3.1285714285714286
2467.0,3.1285714285714286
2468.0,3.1285714285714286
2469.0,3.1285714285714286
2470.0,3.085714285714286
2471.0,3.1285714285714286
2472.0,3.1285714285714286
2473.0,3.1285714285714286
2474.0,3.085714285714286
2475.0,3.1285714285714286
2476.0,3.1285714285714286
2477.0,3.1285714285714286
2478.0,3.1285714285714286
2479.0,3.1285714285714286
2480.0,3.1285714285714286
2481.0,3.1285714285714286
2482.0,3.1285714285714286
2483.0,3.1285714285714286
2484.0,3.1285714285714286
2485.0,3.1285714285714286
2486.0,3.1285714285714286
2487.0,3.1285714285714286
2488.0,3.1285714285714286
2489.0,3.1285714285714286
2490.0,3.1285714285714286
2491.0,3.1285714285714286
2492.0,3.085714285714286
2493.0,3.1285714285714286
2494.0,3.1285714285714286
2495.0,3.1285714285714286
2496.0,3.085714285714286
2497.0,3.1285714285714286
2498.0,3.1285714285714286
2499.0,3.1285714285714286
2500.0,3.1285714285714286
2501.0,3.1285714285714286
2502.0,3.1285714285714286
2503.0,3.1285714285714286
2504.0,3.1285714285714286
2505.0,3.1285714285714286
2506.0,3.1285714285714286
2507.0,3.1285714285714286
2508.0,3.085714285714286
2509.0,3.1285714285714286
2510.0,3.1285714285714286
2511.0,3.1285714285714286
2512.0,3.1285714285714286
2513.0,3.1285714285714286
2514.0,3.1285714285714286
2515.0,3.1285714285714286
2516.0,3.1285714285714286
2517.0,3.1285714285714286
2518.0,3.1285714285714286
2519.0,3.1285714285714286
2520.0,3.1285714285714286
2521.0,3.1285714285714286
2522.0,3.1285714285714286
2523.0,3.1285714285714286
2524.0,3.1285714285714286
2525.0,3.1285714285714286
2526.0,3.1285714285714286
2527.0,3.1285714285714286
2528.0,3.1285714285714286
2529.0,3.1285714285714286
2530.0,3.1285714285714286
2531.0,3.085714285714286
2532.0,3.1285714285714286
2533.0,3.1285714285714286
2534.0,3.1285714285714286
2535.0,3.1285714285714286
2536.0,3.085714285714286
2537.0,3.1285714285714286
2538.0,3.1285714285714286
2539.0,3.1285714285714286
2540.0,3.085714285714286
2541.0,3.085714285714286
2542.0,3.085714285714286
2543.0,3.1285714285714286
2544.0,3.1285714285714286
2545.0,3.085714285714286
2546.0,3.1285714285714286
2547.0,3.085714285714286
2548.0,3.1285714285714286
2549.0,3.1285714285714286
2550.0,3.085714285714286
2551.0,3.1285714285714286
2552.0,3.1285714285714286
2553.0,3.1285714285714286
2554.0,3.085714285714286
2555.0,3.1285714285714286
2556.0,3.1285714285714286
2557.0,3.1285714285714286
2558.0,3.1285714285714286
2559.0,3.1285714285714286
2560.0,3.1285714285714286
2561.0,3.1285714285714286
2562.0,3.085714285714286
2563.0,3.1285714285714286
2564.0,3.085714285714286
2565.0,3.1285714285714286
2566.0,3.085714285714286
2567.0,3.085714285714286
2568.0,3.1285714285714286
2569.0,3.085714285714286
2570.0,3.085714285714286
2571.0,3.1285714285714286
2572.0,3.085714285714286
2573.0,3.085714285714286
2574.0,3.1285714285714286
2575.0,3.085714285714286
2576.0,3.085714285714286
2577.0,3.1285714285714286
2578.0,3.1285714285714286
2579.0,3.085714285714286
2580.0,3.1285714285714286
2581.0,3.085714285714286
2582.0,3.085714285714286
2583.0,3.1285714285714286
2584.0,3.085714285714286
2585.0,3.1285714285714286
2586.0,3.085714285714286
2587.0,3.1285714285714286
2588.0,3.1285714285714286
2589.0,3.085714285714286
2590.0,3.085714285714286
2591.0,3.085714285714286
2592.0,3.085714285714286
2593.0,3.1285714285714286
2594.0,3.1285714285714286
2595.0,3.085714285714286
2596.0,3.085714285714286
2597.0,3.085714285714286
2598.0,3.1285714285714286
2599.0,3.1285714285714286
2600.0,3.085714285714286
2601.0,3.085714285714286
2602.0,3.085714285714286
2603.0,3.1285714285714286
2604.0,3.085714285714286
2605.0,3.1285714285714286
2606.0,3.085714285714286
2607.0,3.085714285714286
2608.0,3.1285714285714286
2609.0,3.085714285714286
2610.0,3.085714285714286
2611.0,3.1285714285714286
2612.0,3.085714285714286
2613.0,3.085714285714286
2614.0,3.1285714285714286
2615.0,3.1285714285714286
2616.0,3.085714285714286
2617.0,3.1285714285714286
2618.0,3.1285714285714286
2619.0,3.1285714285714286
2620.0,3.1285714285714286
2621.0,3.1285714285714286
2622.0,3.1285714285714286
2623.0,3.1285714285714286
2624.0,3.1285714285714286
2625.0,3.1285714285714286
2626.0,3.1285714285714286
2627.0,3.085714285714286
2628.0,3.085714285714286
2629.0,3.085714285714286
2630.0,3.085714285714286
2631.0,3.085714285714286
2632.0,3.085714285714286
2633.0,3.085714285714286
2634.0,3.085714285714286
2635.0,3.085714285714286
2636.0,3.085714285714286
2637.0,3.085714285714286
2638.0,3.085714285714286
2639.0,3.1285714285714286
2640.0,3.085714285714286
2641.0,3.085714285714286
2642.0,3.085714285714286
2643.0,3.085714285714286
2644.0,3.085714285714286
2645.0,3.085714285714286
2646.0,3.085714285714286
2647.0,3.085714285714286
2648.0,3.1285714285714286
2649.0,3.085714285714286
2650.0,3.085714285714286
2651.0,3.085714285714286
2652.0,3.085714285714286
2653.0,3.085714285714286
2654.0,3.1285714285714286
2655.0,3.085714285714286
2656.0,3.085714285714286
2657.0,3.085714285714286
2658.0,3.085714285714286
2659.0,3.1285714285714286
2660.0,3.1285714285714286
2661.0,3.085714285714286
2662.0,3.085714285714286
2663.0,3.1285714285714286
2664.0,3.1285714285714286
2665.0,3.1285714285714286
2666.0,3.085714285714286
2667.0,3.085714285714286
2668.0,3.1285714285714286
2669.0,3.085714285714286
2670.0,3.085714285714286
2671.0,3.085714285714286
2672.0,3.085714285714286
2673.0,3.1285714285714286
2674.0,3.085714285714286
2675.0,3.085714285714286
2676.0,3.085714285714286
2677.0,3.085714285714286
2678.0,3.085714285714286
2679.0,3.085714285714286
2680.0,3.085714285714286
2681.0,3.085714285714286
2682.0,3.085714285714286
2683.0,3.085714285714286
2684.0,3.085714285714286
2685.0,3.085714285714286
2686.0,3.085714285714286
2687.0,3.085714285714286
2688.0,3.085714285714286
2689.0,3.085714285714286
2690.0,3.1285714285714286
2691.0,3.085714285714286
2692.0,3.085714285714286
2693.0,3.085714285714286
2694.0,3.1285714285714286
2695.0,3.085714285714286
2696.0,3.085714285714286
2697.0,3.085714285714286
2698.0,3.085714285714286
2699.0,3.085714285714286
2700.0,3.085714285714286
2701.0,3.1285714285714286
2702.0,3.085714285714286
2703.0,3.1285714285714286
2704.0,3.085714285714286
2705.0,3.085714285714286
2706.0,3.085714285714286
2707.0,3.085714285714286
2708.0,3.085714285714286
2709.0,3.085714285714286
2710.0,3.085714285714286
2711.0,3.085714285714286
2712.0,3.085714285714286
2713.0,3.085714285714286
2714.0,3.085714285714286
2715.0,3.085714285714286
2716.0,3.085714285714286
2717.0,3.085714285714286
2718.0,3.085714285714286
2719.0,3.085714285714286
2720.0,3.085714285714286
2721.0,3.085714285714286
2722.0,3.085714285714286
2723.0,3.085714285714286
2724.0,3.085714285714286
2725.0,3.085714285714286
2726.0,3.085714285714286
2727.0,3.085714285714286
2728.0,3.085714285714286
2729.0,3.085714285714286
2730.0,3.085714285714286
2731.0,3.085714285714286
2732.0,3.085714285714286
2733.0,3.085714285714286
2734.0,3.085714285714286
2735.0,3.085714285714286
2736.0,3.085714285714286
2737.0,3.085714285714286
2738.0,3.085714285714286
2739.0,3.085714285714286
2740.0,3.085714285714286
2741.0,3.085714285714286
2742.0,3.085714285714286
2743.0,3.085714285714286
2744.0,3.085714285714286
2745.0,3.085714285714286
2746.0,3.085714285714286
2747.0,3.085714285714286
2748.0,3.085714285714286
2749.0,3.085714285714286
2750.0,3.085714285714286
2751.0,3.085714285714286
2752.0,3.085714285714286
2753.0,3.085714285714286
2754.0,3.085714285714286
2755.0,3.085714285714286
2756.0,3.085714285714286
2757.0,3.085714285714286
2758.0,3.085714285714286
2759.0,3.1285714285714286
2760.0,3.085714285714286
2761.0,3.085714285714286
2762.0,3.085714285714286
2763.0,3.085714285714286
2764.0,3.085714285714286
2765.0,3.085714285714286
2766.0,3.085714285714286
2767.0,3.085714285714286
2768.0,3.085714285714286
2769.0,3.085714285714286
2770.0,3.085714285714286
2771.0,3.085714285714286
2772.0,3.085714285714286
2773.0,3.085714285714286
2774.0,3.085714285714286
2775.0,3.085714285714286
2776.0,3.085714285714286
2777.0,3.085714285714286
2778.0,3.085714285714286
2779.0,3.085714285714286
2780.0,3.085714285714286
2781.0,3.085714285714286
2782.0,3.085714285714286
2783.0,3.085714285714286
2784.0,3.085714285714286
2785.0,3.085714285714286
2786.0,3.085714285714286
2787.0,3.085714285714286
2788.0,3.085714285714286
2789.0,3.085714285714286
2790.0,3.085714285714286
2791.0,3.085714285714286
2792.0,3.085714285714286
2793.0,3.085714285714286
2794.0,3.085714285714286
2795.0,3.085714285714286
2796.0,3.085714285714286
2797.0,3.085714285714286
2798.0,3.085714285714286
2799.0,3.085714285714286
2800.0,3.085714285714286
2801.0,3.085714285714286
2802.0,3.085714285714286
2803.0,3.085714285714286
2804.0,3.085714285714286
2805.0,3.085714285714286
2806.0,3.085714285714286
2807.0,3.085714285714286
2808.0,3.085714285714286
2809.0,3.085714285714286
2810.0,3.085714285714286
2811.0,3.085714285714286
2812.0,3.085714285714286
2813.0,3.085714285714286
2814.0,3.085714285714286
2815.0,3.085714285714286
2816.0,3.085714285714286
2817.0,3.085714285714286
2818.0,3.085714285714286
2819.0,3.085714285714286
2820.0,3.085714285714286
2821.0,3.085714285714286
2822.0,3.085714285714286
2823.0,3.085714285714286
2824.0,3.085714285714286
2825.0,3.085714285714286
2826.0,3.085714285714286
2827.0,3.085714285714286
2828.0,3.085714285714286
2829.0,3.085714285714286
2830.0,3.085714285714286
2831.0,3.085714285714286
2832.0,3.085714285714286
2833.0,3.085714285714286
2834.0,3.085714285714286
2835.0,3.085714285714286
2836.0,3.085714285714286
2837.0,3.085714285714286
2838.0,3.085714285714286
2839.0,3.085714285714286
2840.0,3.085714285714286
2841.0,3.085714285714286
2842.0,3.085714285714286
2843.0,3.1285714285714286
2844.0,3.085714285714286
2845.0,3.085714285714286
2846.0,3.085714285714286
2847.0,3.085714285714286
2848.0,3.085714285714286
2849.0,3.085714285714286
2850.0,3.085714285714286
2851.0,3.085714285714286
2852.0,3.085714285714286
2853.0,3.085714285714286
2854.0,3.085714285714286
2855.0,3.085714285714286
2856.0,3.085714285714286
2857.0,3.085714285714286
2858.0,3.085714285714286
2859.0,3.085714285714286
2860.0,3.085714285714286
2861.0,3.085714285714286
2862.0,3.085714285714286
2863.0,3.085714285714286
2864.0,3.085714285714286
2865.0,3.085714285714286
2866.0,3.085714285714286
2867.0,3.085714285714286
2868.0,3.085714285714286
2869.0,3.085714285714286
2870.0,3.085714285714286
2871.0,3.085714285714286
2872.0,3.085714285714286
2873.0,3.085714285714286
2874.0,3.085714285714286
2875.0,3.085714285714286
2876.0,3.085714285714286
2877.0,3.085714285714286
2878.0,3.085714285714286
2879.0,3.085714285714286
2880.0,3.085714285714286
2881.0,3.085714285714286
2882.0,3.085714285714286
2883.0,3.085714285714286
2884.0,3.085714285714286
2885.0,3.085714285714286
2886.0,3.085714285714286
2887.0,3.085714285714286
2888.0,3.085714285714286
2889.0,3.085714285714286
2890.0,3.085714285714286
2891.0,3.085714285714286
2892.0,3.085714285714286
2893.0,3.085714285714286
2894.0,3.085714285714286
2895.0,3.085714285714286
2896.0,3.085714285714286
2897.0,3.085714285714286
2898.0,3.085714285714286
2899.0,3.085714285714286
2900.0,3.085714285714286
2901.0,3.085714285714286
2902.0,3.085714285714286
2903.0,3.085714285714286
2904.0,3.085714285714286
2905.0,3.085714285714286
2906.0,3.085714285714286
2907.0,3.085714285714286
2908.0,3.085714285714286
2909.0,3.085714285714286
2910.0,3.085714285714286
2911.0,3.085714285714286
2912.0,3.085714285714286
2913.0,3.085714285714286
2914.0,3.085714285714286
2915.0,3.085714285714286
2916.0,3.085714285714286
2917.0,3.085714285714286
2918.0,3.085714285714286
2919.0,3.085714285714286
2920.0,3.085714285714286
2921.0,3.085714285714286
2922.0,3.085714285714286
2923.0,3.085714285714286
2924.0,3.085714285714286
2925.0,3.085714285714286
2926.0,3.085714285714286
2927.0,3.085714285714286
2928.0,3.085714285714286
2929.0,3.085714285714286
2930.0,3.085714285714286
2931.0,3.085714285714286
2932.0,3.085714285714286
2933.0,3.085714285714286
2934.0,3.085714285714286
2935.0,3.085714285714286
2936.0,3.085714285714286
2937.0,3.085714285714286
2938.0,3.085714285714286
2939.0,3.085714285714286
2940.0,3.085714285714286
2941.0,3.085714285714286
2942.0,3.085714285714286
2943.0,3.085714285714286
2944.0,3.085714285714286
2945.0,3.085714285714286
2946.0,3.085714285714286
2947.0,3.085714285714286
2948.0,3.085714285714286
2949.0,3.085714285714286
2950.0,3.085714285714286
2951.0,3.085714285714286
2952.0,3.085714285714286
2953.0,3.085714285714286
2954.0,3.085714285714286
2955.0,3.085714285714286
2956.0,3.085714285714286
2957.0,3.085714285714286
2958.0,3.085714285714286
2959.0,3.085714285714286
2960.0,3.085714285714286
2961.0,3.085714285714286
2962.0,3.085714285714286
2963.0,3.085714285714286
2964.0,3.085714285714286
2965.0,3.085714285714286
2966.0,3.085714285714286
2967.0,3.085714285714286
2968.0,3.085714285714286
2969.0,3.085714285714286
2970.0,3.085714285714286
2971.0,3.085714285714286
2972.0,3.085714285714286
2973.0,3.085714285714286
2974.0,3.085714285714286
2975.0,3.085714285714286
2976.0,3.085714285714286
2977.0,3.085714285714286
2978.0,3.085714285714286
2979.0,3.085714285714286
2980.0,3.085714285714286
2981.0,3.085714285714286
2982.0,3.085714285714286
2983.0,3.085714285714286
2984.0,3.085714285714286
2985.0,3.085714285714286
2986.0,3.085714285714286
2987.0,3.085714285714286
2988.0,3.085714285714286
2989.0,3.085714285714286
2990.0,3.085714285714286
2991.0,3.085714285714286
2992.0,3.085714285714286
2993.0,3.085714285714286
2994.0,3.085714285714286
2995.0,3.085714285714286
2996.0,3.085714285714286
2997.0,3.085714285714286
2998.0,3.085714285714286
2999.0,3.085714285714286
3000.0,3.085714285714286
3001.0,3.085714285714286
3002.0,3.085714285714286
3003.0,3.085714285714286
3004.0,3.085714285714286
3005.0,3.085714285714286
3006.0,3.085714285714286
3007.0,3.085714285714286
3008.0,3.085714285714286
3009.0,3.085714285714286
3010.0,3.085714285714286
3011.0,3.085714285714286
3012.0,3.085714285714286
3013.0,3.085714285714286
3014.0,3.085714285714286
3015.0,3.085714285714286
3016.0,3.085714285714286
3017.0,3.085714285714286
3018.0,3.085714285714286
3019.0,3.085714285714286
3020.0,3.085714285714286
3021.0,3.085714285714286
3022.0,3.085714285714286
3023.0,3.085714285714286
3024.0,3.085714285714286
3025.0,3.085714285714286
3026.0,3.085714285714286
3027.0,3.085714285714286
3028.0,3.085714285714286
3029.0,3.085714285714286
3030.0,3.085714285714286
3031.0,3.085714285714286
3032.0,3.085714285714286
3033.0,3.085714285714286
3034.0,3.085714285714286
3035.0,3.085714285714286
3036.0,3.085714285714286
3037.0,3.085714285714286
3038.0,3.085714285714286
3039.0,3.085714285714286
3040.0,3.085714285714286
3041.0,3.085714285714286
3042.0,3.085714285714286
3043.0,3.085714285714286
3044.0,3.085714285714286
3045.0,3.085714285714286
3046.0,3.085714285714286
3047.0,3.085714285714286
3048.0,3.085714285714286
3049.0,3.085714285714286
3050.0,3.085714285714286
3051.0,3.085714285714286
3052.0,3.085714285714286
3053.0,3.085714285714286
3054.0,3.085714285714286
3055.0,3.085714285714286
3056.0,3.085714285714286
3057.0,3.085714285714286
3058.0,3.085714285714286
3059.0,3.085714285714286
3060.0,3.085714285714286
3061.0,3.085714285714286
3062.0,3.085714285714286
3063.0,3.085714285714286
3064.0,3.085714285714286
3065.0,3.085714285714286
3066.0,3.085714285714286
3067.0,3.085714285714286
3068.0,3.085714285714286
3069.0,3.085714285714286
3070.0,3.085714285714286
3071.0,3.085714285714286
3072.0,3.085714285714286
3073.0,3.085714285714286
3074.0,3.085714285714286
3075.0,3.085714285714286
3076.0,3.085714285714286
3077.0,3.085714285714286
3078.0,3.085714285714286
3079.0,3.085714285714286
3080.0,3.085714285714286
3081.0,3.085714285714286
3082.0,3.085714285714286
3083.0,3.085714285714286
3084.0,3.085714285714286
3085.0,3.085714285714286
3086.0,3.085714285714286
3087.0,3.085714285714286
3088.0,3.085714285714286
3089.0,3.085714285714286
3090.0,3.085714285714286
3091.0,3.085714285714286
3092.0,3.085714285714286
3093.0,3.085714285714286
3094.0,3.085714285714286
3095.0,3.085714285714286
3096.0,3.085714285714286
3097.0,3.085714285714286
3098.0,3.085714285714286
3099.0,3.085714285714286
3100.0,3.085714285714286
3101.0,3.085714285714286
3102.0,3.085714285714286
3103.0,3.085714285714286
3104.0,3.085714285714286
3105.0,3.0428571428571427
3106.0,3.085714285714286
3107.0,3.085714285714286
3108.0,3.085714285714286
3109.0,3.0428571428571427
3110.0,3.085714285714286
3111.0,3.085714285714286
3112.0,3.085714285714286
3113.0,3.085714285714286
3114.0,3.085714285714286
3115.0,3.085714285714286
3116.0,3.085714285714286
3117.0,3.085714285714286
3118.0,3.085714285714286
3119.0,3.085714285714286
3120.0,3.085714285714286
3121.0,3.085714285714286
3122.0,3.085714285714286
3123.0,3.085714285714286
3124.0,3.085714285714286
3125.0,3.085714285714286
3126.0,3.085714285714286
3127.0,3.085714285714286
3128.0,3.085714285714286
3129.0,3.085714285714286
3130.0,3.085714285714286
3131.0,3.085714285714286
3132.0,3.085714285714286
3133.0,3.085714285714286
3134.0,3.085714285714286
3135.0,3.085714285714286
3136.0,3.085714285714286
3137.0,3.085714285714286
3138.0,3.085714285714286
3139.0,3.085714285714286
3140.0,3.085714285714286
3141.0,3.085714285714286
3142.0,3.085714285714286
3143.0,3.085714285714286
3144.0,3.085714285714286
3145.0,3.085714285714286
3146.0,3.0428571428571427
3147.0,3.085714285714286
3148.0,3.085714285714286
3149.0,3.085714285714286
3150.0,3.085714285714286
3151.0,3.085714285714286
3152.0,3.085714285714286
3153.0,3.085714285714286
3154.0,3.085714285714286
3155.0,3.085714285714286
3156.0,3.085714285714286
3157.0,3.085714285714286
3158.0,3.0428571428571427
3159.0,3.085714285714286
3160.0,3.085714285714286
3161.0,3.085714285714286
3162.0,3.0428571428571427
3163.0,3.085714285714286
3164.0,3.085714285714286
3165.0,3.085714285714286
3166.0,3.085714285714286
3167.0,3.085714285714286
3168.0,3.085714285714286
3169.0,3.085714285714286
3170.0,3.085714285714286
3171.0,3.085714285714286
3172.0,3.085714285714286
3173.0,3.085714285714286
3174.0,3.085714285714286
3175.0,3.085714285714286
3176.0,3.085714285714286
3177.0,3.085714285714286
3178.0,3.085714285714286
3179.0,3.085714285714286
3180.0,3.085714285714286
3181.0,3.085714285714286
3182.0,3.085714285714286
3183.0,3.085714285714286
3184.0,3.085714285714286
3185.0,3.085714285714286
3186.0,3.085714285714286
3187.0,3.085714285714286
3188.0,3.085714285714286
3189.0,3.085714285714286
3190.0,3.085714285714286
3191.0,3.085714285714286
3192.0,3.085714285714286
3193.0,3.085714285714286
3194.0,3.085714285714286
3195.0,3.085714285714286
3196.0,3.085714285714286
3197.0,3.085714285714286
3198.0,3.085714285714286
3199.0,3.085714285714286
3200.0,3.085714285714286
3201.0,3.085714285714286
3202.0,3.085714285714286
3203.0,3.085714285714286
3204.0,3.085714285714286
3205.0,3.085714285714286
3206.0,3.0428571428571427
3207.0,3.085714285714286
3208.0,3.085714285714286
3209.0,3.085714285714286
3210.0,3.085714285714286
3211.0,3.085714285714286
3212.0,3.085714285714286
3213.0,3.085714285714286
3214.0,3.085714285714286
3215.0,3.085714285714286
3216.0,3.085714285714286
3217.0,3.085714285714286
3218.0,3.085714285714286
3219.0,3.085714285714286
3220.0,3.085714285714286
3221.0,3.085714285714286
3222.0,3.085714285714286
3223.0,3.085714285714286
3224.0,3.085714285714286
3225.0,3.0428571428571427
3226.0,3.085714285714286
3227.0,3.085714285714286
3228.0,3.085714285714286
3229.0,3.085714285714286
3230.0,3.085714285714286
3231.0,3.085714285714286
3232.0,3.085714285714286
3233.0,3.085714285714286
3234.0,3.085714285714286
3235.0,3.085714285714286
3236.0,3.085714285714286
3237.0,3.085714285714286
3238.0,3.085714285714286
3239.0,3.085714285714286
3240.0,3.085714285714286
3241.0,3.085714285714286
3242.0,3.085714285714286
3243.0,3.085714285714286
3244.0,3.0428571428571427
3245.0,3.085714285714286
3246.0,3.085714285714286
3247.0,3.085714285714286
3248.0,3.0428571428571427
3249.0,3.085714285714286
3250.0,3.085714285714286
3251.0,3.085714285714286
3252.0,3.085714285714286
3253.0,3.085714285714286
3254.0,3.085714285714286
3255.0,3.085714285714286
3256.0,3.085714285714286
3257.0,3.085714285714286
3258.0,3.085714285714286
3259.0,3.085714285714286
3260.0,3.0428571428571427
3261.0,3.085714285714286
3262.0,3.085714285714286
3263.0,3.085714285714286
3264.0,3.085714285714286
3265.0,3.085714285714286
3266.0,3.085714285714286
3267.0,3.085714285714286
3268.0,3.085714285714286
3269.0,3.085714285714286
3270.0,3.085714285714286
3271.0,3.085714285714286
3272.0,3.085714285714286
3273.0,3.085714285714286
3274.0,3.085714285714286
3275.0,3.0428571428571427
3276.0,3.085714285714286
3277.0,3.085714285714286
3278.0,3.0428571428571427
3279.0,3.085714285714286
3280.0,3.085714285714286
3281.0,3.085714285714286
3282.0,3.085714285714286
3283.0,3.085714285714286
3284.0,3.085714285714286
3285.0,3.085714285714286
3286.0,3.085714285714286
3287.0,3.085714285714286
3288.0,3.0428571428571427
3289.0,3.0428571428571427
3290.0,3.085714285714286
3291.0,3.085714285714286
3292.0,3.0428571428571427
3293.0,3.085714285714286
3294.0,3.0428571428571427
3295.0,3.085714285714286
3296.0,3.0428571428571427
3297.0,3.085714285714286
3298.0,3.085714285714286
3299.0,3.085714285714286
3300.0,3.085714285714286
3301.0,3.085714285714286
3302.0,3.085714285714286
3303.0,3.085714285714286
3304.0,3.085714285714286
3305.0,3.085714285714286
3306.0,3.085714285714286
3307.0,3.085714285714286
3308.0,3.085714285714286
3309.0,3.085714285714286
3310.0,3.085714285714286
3311.0,3.085714285714286
3312.0,3.085714285714286
3313.0,3.085714285714286
3314.0,3.085714285714286
3315.0,3.085714285714286
3316.0,3.085714285714286
3317.0,3.085714285714286
3318.0,3.085714285714286
3319.0,3.085714285714286
3320.0,3.085714285714286
3321.0,3.085714285714286
3322.0,3.0428571428571427
3323.0,3.085714285714286
3324.0,3.0428571428571427
3325.0,3.085714285714286
3326.0,3.085714285714286
3327.0,3.085714285714286
3328.0,3.0428571428571427
3329.0,3.085714285714286
3330.0,3.085714285714286
3331.0,3.085714285714286
3332.0,3.085714285714286
3333.0,3.085714285714286
3334.0,3.0428571428571427
3335.0,3.085714285714286
3336.0,3.085714285714286
3337.0,3.085714285714286
3338.0,3.085714285714286
3339.0,3.085714285714286
3340.0,3.085714285714286
3341.0,3.085714285714286
3342.0,3.085714285714286
3343.0,3.085714285714286
3344.0,3.0428571428571427
3345.0,3.085714285714286
3346.0,3.085714285714286
3347.0,3.085714285714286
3348.0,3.085714285714286
3349.0,3.085714285714286
3350.0,3.085714285714286
3351.0,3.085714285714286
3352.0,3.085714285714286
3353.0,3.085714285714286
3354.0,3.085714285714286
3355.0,3.085714285714286
3356.0,3.085714285714286
3357.0,3.085714285714286
3358.0,3.085714285714286
3359.0,3.085714285714286
3360.0,3.085714285714286
3361.0,3.085714285714286
3362.0,3.085714285714286
3363.0,3.085714285714286
3364.0,3.085714285714286
3365.0,3.085714285714286
3366.0,3.0428571428571427
3367.0,3.0428571428571427
3368.0,3.085714285714286
3369.0,3.085714285714286
3370.0,3.085714285714286
3371.0,3.085714285714286
3372.0,3.085714285714286
3373.0,3.085714285714286
3374.0,3.0428571428571427
3375.0,3.085714285714286
3376.0,3.0428571428571427
3377.0,3.085714285714286
3378.0,3.085714285714286
3379.0,3.085714285714286
3380.0,3.085714285714286
3381.0,3.085714285714286
3382.0,3.085714285714286
3383.0,3.085714285714286
3384.0,3.085714285714286
3385.0,3.085714285714286
3386.0,3.085714285714286
3387.0,3.085714285714286
3388.0,3.085714285714286
3389.0,3.085714285714286
3390.0,3.0428571428571427
3391.0,3.085714285714286
3392.0,3.0428571428571427
3393.0,3.085714285714286
3394.0,3.085714285714286
3395.0,3.085714285714286
3396.0,3.0428571428571427
3397.0,3.085714285714286
3398.0,3.0428571428571427
3399.0,3.085714285714286
3400.0,3.0428571428571427
3401.0,3.0428571428571427
3402.0,3.085714285714286
3403.0,3.0428571428571427
3404.0,3.0428571428571427
3405.0,3.085714285714286
3406.0,3.085714285714286
3407.0,3.0428571428571427
3408.0,3.0428571428571427
3409.0,3.0428571428571427
3410.0,3.085714285714286
3411.0,3.085714285714286
3412.0,3.085714285714286
3413.0,3.085714285714286
3414.0,3.085714285714286
3415.0,3.085714285714286
3416.0,3.085714285714286
3417.0,3.085714285714286
3418.0,3.085714285714286
3419.0,3.0428571428571427
3420.0,3.0428571428571427
3421.0,3.085714285714286
3422.0,3.0428571428571427
3423.0,3.0428571428571427
3424.0,3.0428571428571427
3425.0,3.0428571428571427
3426.0,3.0428571428571427
3427.0,3.085714285714286
3428.0,3.0428571428571427
3429.0,3.0428571428571427
3430.0,3.0428571428571427
3431.0,3.0428571428571427
3432.0,3.0428571428571427
3433.0,3.085714285714286
3434.0,3.085714285714286
3435.0,3.0428571428571427
3436.0,3.085714285714286
3437.0,3.085714285714286
3438.0,3.0428571428571427
3439.0,3.085714285714286
3440.0,3.0428571428571427
3441.0,3.085714285714286
3442.0,3.0428571428571427
3443.0,3.0428571428571427
3444.0,3.0428571428571427
3445.0,3.085714285714286
3446.0,3.085714285714286
3447.0,3.085714285714286
3448.0,3.085714285714286
3449.0,3.0428571428571427
3450.0,3.085714285714286
3451.0,3.085714285714286
3452.0,3.085714285714286
3453.0,3.085714285714286
3454.0,3.085714285714286
3455.0,3.0428571428571427
3456.0,3.0428571428571427
3457.0,3.085714285714286
3458.0,3.0428571428571427
3459.0,3.085714285714286
3460.0,3.0428571428571427
3461.0,3.0428571428571427
3462.0,3.0428571428571427
3463.0,3.085714285714286
3464.0,3.085714285714286
3465.0,3.085714285714286
3466.0,3.085714285714286
3467.0,3.085714285714286
3468.0,3.0428571428571427
3469.0,3.0428571428571427
3470.0,3.0428571428571427
3471.0,3.0428571428571427
3472.0,3.0428571428571427
3473.0,3.0428571428571427
3474.0,3.0428571428571427
3475.0,3.085714285714286
3476.0,3.0428571428571427
3477.0,3.0428571428571427
3478.0,3.0428571428571427
3479.0,3.085714285714286
3480.0,3.085714285714286
3481.0,3.0428571428571427
3482.0,3.0428571428571427
3483.0,3.0428571428571427
3484.0,3.0428571428571427
3485.0,3.085714285714286
3486.0,3.085714285714286
3487.0,3.085714285714286
3488.0,3.0428571428571427
3489.0,3.085714285714286
3490.0,3.085714285714286
3491.0,3.085714285714286
3492.0,3.0428571428571427
3493.0,3.085714285714286
3494.0,3.085714285714286
3495.0,3.0428571428571427
3496.0,3.085714285714286
3497.0,3.0428571428571427
3498.0,3.0428571428571427
3499.0,3.085714285714286
3500.0,3.0428571428571427
3501.0,3.085714285714286
3502.0,3.0428571428571427
3503.0,3.0428571428571427
3504.0,3.085714285714286
3505.0,3.085714285714286
3506.0,3.0428571428571427
3507.0,3.085714285714286
3508.0,3.0428571428571427
3509.0,3.0428571428571427
3510.0,3.0428571428571427
3511.0,3.0428571428571427
3512.0,3.085714285714286
3513.0,3.0428571428571427
3514.0,3.085714285714286
3515.0,3.0428571428571427
3516.0,3.0428571428571427
3517.0,3.085714285714286
3518.0,3.0428571428571427
3519.0,3.0428571428571427
3520.0,3.0428571428571427
3521.0,3.0428571428571427
3522.0,3.0428571428571427
3523.0,3.0428571428571427
3524.0,3.0428571428571427
3525.0,3.0428571428571427
3526.0,3.0428571428571427
3527.0,3.085714285714286
3528.0,3.085714285714286
3529.0,3.085714285714286
3530.0,3.0428571428571427
3531.0,3.085714285714286
3532.0,3.0428571428571427
3533.0,3.0428571428571427
3534.0,3.085714285714286
3535.0,3.0428571428571427
3536.0,3.085714285714286
3537.0,3.085714285714286
3538.0,3.085714285714286
3539.0,3.085714285714286
3540.0,3.0428571428571427
3541.0,3.085714285714286
3542.0,3.085714285714286
3543.0,3.085714285714286
3544.0,3.0428571428571427
3545.0,3.085714285714286
3546.0,3.0428571428571427
3547.0,3.085714285714286
3548.0,3.0428571428571427
3549.0,3.085714285714286
3550.0,3.085714285714286
3551.0,3.0428571428571427
3552.0,3.0428571428571427
3553.0,3.085714285714286
3554.0,3.0428571428571427
3555.0,3.0428571428571427
3556.0,3.0428571428571427
3557.0,3.0428571428571427
3558.0,3.085714285714286
3559.0,3.085714285714286
3560.0,3.085714285714286
3561.0,3.085714285714286
3562.0,3.0428571428571427
3563.0,3.085714285714286
3564.0,3.0428571428571427
3565.0,3.0428571428571427
3566.0,3.0428571428571427
3567.0,3.085714285714286
3568.0,3.0428571428571427
3569.0,3.085714285714286
3570.0,3.0428571428571427
3571.0,3.0428571428571427
3572.0,3.0428571428571427
3573.0,3.0428571428571427
3574.0,3.0428571428571427
3575.0,3.0428571428571427
3576.0,3.0428571428571427
3577.0,3.0428571428571427
3578.0,3.0428571428571427
3579.0,3.0428571428571427
3580.0,3.0428571428571427
3581.0,3.0428571428571427
3582.0,3.0428571428571427
3583.0,3.0428571428571427
3584.0,3.0428571428571427
3585.0,3.085714285714286
3586.0,3.0428571428571427
3587.0,3.0428571428571427
3588.0,3.0428571428571427
3589.0,3.0428571428571427
3590.0,3.0428571428571427
3591.0,3.0428571428571427
3592.0,3.0428571428571427
3593.0,3.085714285714286
3594.0,3.0428571428571427
3595.0,3.0428571428571427
3596.0,3.085714285714286
3597.0,3.085714285714286
3598.0,3.0428571428571427
3599.0,3.0428571428571427
3600.0,3.0428571428571427
3601.0,3.0428571428571427
3602.0,3.0428571428571427
3603.0,3.0428571428571427
3604.0,3.085714285714286
3605.0,3.0428571428571427
3606.0,3.0428571428571427
3607.0,3.0428571428571427
3608.0,3.0428571428571427
3609.0,3.0428571428571427
3610.0,3.0428571428571427
3611.0,3.0428571428571427
3612.0,3.0428571428571427
3613.0,3.0428571428571427
3614.0,3.0428571428571427
3615.0,3.0428571428571427
3616.0,3.0428571428571427
3617.0,3.0428571428571427
3618.0,3.0428571428571427
3619.0,3.0428571428571427
3620.0,3.0428571428571427
3621.0,3.0428571428571427
3622.0,3.0428571428571427
3623.0,3.0428571428571427
3624.0,3.0428571428571427
3625.0,3.0428571428571427
3626.0,3.0428571428571427
3627.0,3.0428571428571427
3628.0,3.0428571428571427
3629.0,3.0428571428571427
3630.0,3.0428571428571427
3631.0,3.0428571428571427
3632.0,3.0428571428571427
3633.0,3.0428571428571427
3634.0,3.0428571428571427
3635.0,3.0428571428571427
3636.0,3.0428571428571427
3637.0,3.0428571428571427
3638.0,3.0428571428571427
3639.0,3.085714285714286
3640.0,3.0428571428571427
3641.0,3.0428571428571427
3642.0,3.0428571428571427
3643.0,3.0428571428571427
3644.0,3.0428571428571427
3645.0,3.0428571428571427
3646.0,3.0428571428571427
3647.0,3.0428571428571427
3648.0,3.0428571428571427
3649.0,3.0428571428571427
3650.0,3.0428571428571427
3651.0,3.0428571428571427
3652.0,3.0428571428571427
3653.0,3.0428571428571427
3654.0,3.0428571428571427
3655.0,3.0428571428571427
3656.0,3.0428571428571427
3657.0,3.0428571428571427
3658.0,3.0428571428571427
3659.0,3.0428571428571427
3660.0,3.0428571428571427
3661.0,3.0428571428571427
3662.0,3.0428571428571427
3663.0,3.0428571428571427
3664.0,3.0428571428571427
3665.0,3.0428571428571427
3666.0,3.0428571428571427
3667.0,3.0428571428571427
3668.0,3.0428571428571427
3669.0,3.0428571428571427
3670.0,3.0428571428571427
3671.0,3.0428571428571427
3672.0,3.0428571428571427
3673.0,3.0428571428571427
3674.0,3.0428571428571427
3675.0,3.085714285714286
3676.0,3.0428571428571427
3677.0,3.085714285714286
3678.0,3.0428571428571427
3679.0,3.0428571428571427
3680.0,3.0428571428571427
3681.0,3.0428571428571427
3682.0,3.0428571428571427
3683.0,3.0428571428571427
3684.0,3.0428571428571427
3685.0,3.0428571428571427
3686.0,3.0428571428571427
3687.0,3.0428571428571427
3688.0,3.0428571428571427
3689.0,3.0428571428571427
3690.0,3.0428571428571427
3691.0,3.0428571428571427
3692.0,3.0428571428571427
3693.0,3.0428571428571427
3694.0,3.0428571428571427
3695.0,3.0428571428571427
3696.0,3.0428571428571427
3697.0,3.0428571428571427
3698.0,3.0428571428571427
3699.0,3.0428571428571427
3700.0,3.0428571428571427
3701.0,3.0428571428571427
3702.0,3.0428571428571427
3703.0,3.0428571428571427
3704.0,3.0428571428571427
3705.0,3.0428571428571427
3706.0,3.0428571428571427
3707.0,3.0428571428571427
3708.0,3.0428571428571427
3709.0,3.0428571428571427
3710.0,3.0428571428571427
3711.0,3.0428571428571427
3712.0,3.0428571428571427
3713.0,3.0428571428571427
3714.0,3.0428571428571427
3715.0,3.0428571428571427
3716.0,3.0428571428571427
3717.0,3.0428571428571427
3718.0,3.0428571428571427
3719.0,3.0428571428571427
3720.0,3.0428571428571427
3721.0,3.0428571428571427
3722.0,3.0428571428571427
3723.0,3.0428571428571427
3724.0,3.0428571428571427
3725.0,3.0428571428571427
3726.0,3.0428571428571427
3727.0,3.0428571428571427
3728.0,3.0428571428571427
3729.0,3.0428571428571427
3730.0,3.0428571428571427
3731.0,3.0428571428571427
3732.0,3.0428571428571427
3733.0,3.0428571428571427
3734.0,3.0428571428571427
3735.0,3.0428571428571427
3736.0,3.0428571428571427
3737.0,3.0428571428571427
3738.0,3.0428571428571427
3739.0,3.0428571428571427
3740.0,3.0428571428571427
3741.0,3.0428571428571427
3742.0,3.0428571428571427
3743.0,3.0428571428571427
3744.0,3.0428571428571427
3745.0,3.0428571428571427
3746.0,3.0428571428571427
3747.0,3.0428571428571427
3748.0,3.0428571428571427
3749.0,3.0428571428571427
3750.0,3.0428571428571427
3751.0,3.0428571428571427
3752.0,3.0428571428571427
3753.0,3.0428571428571427
3754.0,3.0428571428571427
3755.0,3.0428571428571427
3756.0,3.0428571428571427
3757.0,3.0428571428571427
3758.0,3.0428571428571427
3759.0,3.0428571428571427
3760.0,3.0428571428571427
3761.0,3.0428571428571427
3762.0,3.0428571428571427
3763.0,3.0428571428571427
3764.0,3.085714285714286
3765.0,3.0428571428571427
3766.0,3.0428571428571427
3767.0,3.0428571428571427
3768.0,3.0428571428571427
3769.0,3.0428571428571427
3770.0,3.0428571428571427
3771.0,3.0428571428571427
3772.0,3.0428571428571427
3773.0,3.0428571428571427
3774.0,3.0428571428571427
3775.0,3.0428571428571427
3776.0,3.0428571428571427
3777.0,3.0428571428571427
3778.0,3.0428571428571427
3779.0,3.0428571428571427
3780.0,3.0428571428571427
3781.0,3.0428571428571427
3782.0,3.0428571428571427
3783.0,3.0428571428571427
3784.0,3.0428571428571427
3785.0,3.0428571428571427
3786.0,3.0428571428571427
3787.0,3.0428571428571427
3788.0,3.0428571428571427
3789.0,3.0428571428571427
3790.0,3.0428571428571427
3791.0,3.0428571428571427
3792.0,3.0428571428571427
3793.0,3.0428571428571427
3794.0,3.0428571428571427
3795.0,3.0428571428571427
3796.0,3.0428571428571427
3797.0,3.0428571428571427
3798.0,3.0428571428571427
3799.0,3.0428571428571427
3800.0,3.0428571428571427
3801.0,3.0428571428571427
3802.0,3.0428571428571427
3803.0,3.0428571428571427
3804.0,3.0428571428571427
3805.0,3.0428571428571427
3806.0,3.0428571428571427
3807.0,3.0428571428571427
3808.0,3.0428571428571427
3809.0,3.0428571428571427
3810.0,3.0428571428571427
3811.0,3.0428571428571427
3812.0,3.0428571428571427
3813.0,3.0428571428571427
3814.0,3.0428571428571427
3815.0,3.0428571428571427
3816.0,3.0428571428571427
3817.0,3.0428571428571427
3818.0,3.0428571428571427
3819.0,3.0428571428571427
3820.0,3.0428571428571427
3821.0,3.0428571428571427
3822.0,3.0428571428571427
3823.0,3.0428571428571427
3824.0,3.0428571428571427
3825.0,3.0428571428571427
3826.0,3.0428571428571427
3827.0,3.0428571428571427
3828.0,3.0428571428571427
3829.0,3.0428571428571427
3830.0,3.0428571428571427
3831.0,3.0428571428571427
3832.0,3.0428571428571427
3833.0,3.0428571428571427
3834.0,3.0428571428571427
3835.0,3.0428571428571427
3836.0,3.0428571428571427
3837.0,3.0428571428571427
3838.0,3.0428571428571427
3839.0,3.0428571428571427
3840.0,3.0428571428571427
3841.0,3.0428571428571427
3842.0,3.0428571428571427
3843.0,3.0428571428571427
3844.0,3.0428571428571427
3845.0,3.0428571428571427
3846.0,3.0428571428571427
3847.0,3.0428571428571427
3848.0,3.0428571428571427
3849.0,3.0428571428571427
3850.0,3.0428571428571427
3851.0,3.0428571428571427
3852.0,3.0428571428571427
3853.0,3.0428571428571427
3854.0,3.0428571428571427
3855.0,3.0428571428571427
3856.0,3.0428571428571427
3857.0,3.0428571428571427
3858.0,3.0428571428571427
3859.0,3.0428571428571427
3860.0,3.0428571428571427
3861.0,3.0428571428571427
3862.0,3.0428571428571427
3863.0,3.0428571428571427
3864.0,3.0428571428571427
3865.0,3.0428571428571427
3866.0,3.0428571428571427
3867.0,3.0428571428571427
3868.0,3.0428571428571427
3869.0,3.0428571428571427
3870.0,3.0428571428571427
3871.0,3.0428571428571427
3872.0,3.0428571428571427
3873.0,3.0428571428571427
3874.0,3.0428571428571427
3875.0,3.0428571428571427
3876.0,3.0428571428571427
3877.0,3.0428571428571427
3878.0,3.0428571428571427
3879.0,3.0428571428571427
3880.0,3.0428571428571427
3881.0,3.0428571428571427
3882.0,3.0428571428571427
3883.0,3.0428571428571427
3884.0,3.0428571428571427
3885.0,3.0428571428571427
3886.0,3.0428571428571427
3887.0,3.0428571428571427
3888.0,3.0428571428571427
3889.0,3.0428571428571427
3890.0,3.0428571428571427
3891.0,3.0428571428571427
3892.0,3.0428571428571427
3893.0,3.0428571428571427
3894.0,3.0428571428571427
3895.0,3.0428571428571427
3896.0,3.0428571428571427
3897.0,3.0428571428571427
3898.0,3.0428571428571427
3899.0,3.0428571428571427
3900.0,3.0428571428571427
3901.0,3.0428571428571427
3902.0,3.0428571428571427
3903.0,3.0428571428571427
3904.0,3.0428571428571427
3905.0,3.0428571428571427
3906.0,3.0428571428571427
3907.0,3.0428571428571427
3908.0,3.0428571428571427
3909.0,3.0428571428571427
3910.0,3.0428571428571427
3911.0,3.0428571428571427
3912.0,3.0428571428571427
3913.0,3.0428571428571427
3914.0,3.0428571428571427
3915.0,3.0428571428571427
3916.0,3.0428571428571427
3917.0,3.0428571428571427
3918.0,3.0428571428571427
3919.0,3.0428571428571427
3920.0,3.0428571428571427
3921.0,3.0428571428571427
3922.0,3.0428571428571427
3923.0,3.0428571428571427
3924.0,3.0428571428571427
3925.0,3.0428571428571427
3926.0,3.0428571428571427
3927.0,3.0428571428571427
3928.0,3.0428571428571427
3929.0,3.0428571428571427
3930.0,3.0428571428571427
3931.0,3.0428571428571427
3932.0,3.0428571428571427
3933.0,3.0428571428571427
3934.0,3.0428571428571427
3935.0,3.0428571428571427
3936.0,3.0428571428571427
3937.0,3.0428571428571427
3938.0,3.0428571428571427
3939.0,3.0428571428571427
3940.0,3.0428571428571427
3941.0,3.0428571428571427
3942.0,3.0428571428571427
3943.0,3.0428571428571427
3944.0,3.0428571428571427
3945.0,3.0428571428571427
3946.0,3.0428571428571427
3947.0,3.0428571428571427
3948.0,3.0428571428571427
3949.0,3.0428571428571427
3950.0,3.0428571428571427
3951.0,3.0428571428571427
3952.0,3.0428571428571427
3953.0,3.0428571428571427
3954.0,3.0428571428571427
3955.0,3.0428571428571427
3956.0,3.0428571428571427
3957.0,3.0428571428571427
3958.0,3.0428571428571427
3959.0,3.0428571428571427
3960.0,3.0428571428571427
3961.0,3.0428571428571427
3962.0,3.0428571428571427
3963.0,3.0428571428571427
3964.0,3.0428571428571427
3965.0,3.0428571428571427
3966.0,3.0428571428571427
3967.0,3.0428571428571427
3968.0,3.0428571428571427
3969.0,3.0428571428571427
3970.0,3.0428571428571427
3971.0,3.0428571428571427
3972.0,3.0428571428571427
3973.0,3.0428571428571427
3974.0,3.0428571428571427
3975.0,3.0428571428571427
3976.0,3.0428571428571427
3977.0,3.0428571428571427
3978.0,3.0428571428571427
3979.0,3.0428571428571427
3980.0,3.0428571428571427
3981.0,3.0428571428571427
3982.0,3.0428571428571427
3983.0,3.0428571428571427
3984.0,3.0428571428571427
3985.0,3.0428571428571427
3986.0,3.0428571428571427
3987.0,3.0428571428571427
3988.0,3.0428571428571427
3989.0,3.0428571428571427
3990.0,3.0428571428571427
3991.0,3.0428571428571427
3992.0,3.0428571428571427
3993.0,3.0428571428571427
3994.0,3.0428571428571427
3995.0,3.0428571428571427
3996.0,3.0428571428571427
3997.0,3.0428571428571427
3998.0,3.0428571428571427
3999.0,3.0428571428571427
4000.0,3.0428571428571427
4001.0,3.0428571428571427
4002.0,3.0428571428571427
4003.0,3.0428571428571427
4004.0,3.0428571428571427
4005.0,3.0428571428571427
4006.0,3.0428571428571427
4007.0,3.0428571428571427
4008.0,3.0428571428571427
4009.0,3.0
4010.0,3.0428571428571427
4011.0,3.0428571428571427
4012.0,3.0428571428571427
4013.0,3.0428571428571427
4014.0,3.0428571428571427
4015.0,3.0428571428571427
4016.0,3.0428571428571427
4017.0,3.0428571428571427
4018.0,3.0428571428571427
4019.0,3.0428571428571427
4020.0,3.0428571428571427
4021.0,3.0428571428571427
4022.0,3.0428571428571427
4023.0,3.0428571428571427
4024.0,3.0428571428571427
4025.0,3.0428571428571427
4026.0,3.0428571428571427
4027.0,3.0428571428571427
4028.0,3.0428571428571427
4029.0,3.0428571428571427
4030.0,3.0428571428571427
4031.0,3.0428571428571427
4032.0,3.0428571428571427
4033.0,3.0428571428571427
4034.0,3.0428571428571427
4035.0,3.0428571428571427
4036.0,3.0428571428571427
4037.0,3.0428571428571427
4038.0,3.0428571428571427
4039.0,3.0428571428571427
4040.0,3.0428571428571427
4041.0,3.0428571428571427
4042.0,3.0428571428571427
4043.0,3.0428571428571427
4044.0,3.0428571428571427
4045.0,3.0428571428571427
4046.0,3.0428571428571427
4047.0,3.0428571428571427
4048.0,3.0428571428571427
4049.0,3.0428571428571427
4050.0,3.0428571428571427
4051.0,3.0428571428571427
4052.0,3.0428571428571427
4053.0,3.0428571428571427
4054.0,3.0428571428571427
4055.0,3.0428571428571427
4056.0,3.0428571428571427
4057.0,3.0428571428571427
4058.0,3.0428571428571427
4059.0,3.0428571428571427
4060.0,3.0428571428571427
4061.0,3.0428571428571427
4062.0,3.0428571428571427
4063.0,3.0428571428571427
4064.0,3.0428571428571427
4065.0,3.0428571428571427
4066.0,3.0428571428571427
4067.0,3.0428571428571427
4068.0,3.0428571428571427
4069.0,3.0428571428571427
4070.0,3.0428571428571427
4071.0,3.0428571428571427
4072.0,3.0428571428571427
4073.0,3.0428571428571427
4074.0,3.0428571428571427
4075.0,3.0428571428571427
4076.0,3.0428571428571427
4077.0,3.0428571428571427
4078.0,3.0428571428571427
4079.0,3.0428571428571427
4080.0,3.0428571428571427
4081.0,3.0428571428571427
4082.0,3.0428571428571427
4083.0,3.0428571428571427
4084.0,3.0428571428571427
4085.0,3.0428571428571427
4086.0,3.0428571428571427
4087.0,3.0428571428571427
4088.0,3.0428571428571427
4089.0,3.0428571428571427
4090.0,3.0428571428571427
4091.0,3.0428571428571427
4092.0,3.0428571428571427
4093.0,3.0428571428571427
4094.0,3.0428571428571427
4095.0,3.0428571428571427
4096.0,3.0428571428571427
4097.0,3.0428571428571427
4098.0,3.0428571428571427
4099.0,3.0428571428571427
4100.0,3.0428571428571427
4101.0,3.0428571428571427
4102.0,3.0428571428571427
4103.0,3.0428571428571427
4104.0,3.0428571428571427
4105.0,3.0428571428571427
4106.0,3.0428571428571427
4107.0,3.0428571428571427
4108.0,3.0428571428571427
4109.0,3.0428571428571427
4110.0,3.0428571428571427
4111.0,3.0428571428571427
4112.0,3.0428571428571427
4113.0,3.0428571428571427
4114.0,3.0428571428571427
4115.0,3.0428571428571427
4116.0,3.0428571428571427
4117.0,3.0428571428571427
4118.0,3.0428571428571427
4119.0,3.0428571428571427
4120.0,3.0428571428571427
4121.0,3.0428571428571427
4122.0,3.0428571428571427
4123.0,3.0428571428571427
4124.0,3.0428571428571427
4125.0,3.0428571428571427
4126.0,3.0428571428571427
4127.0,3.0428571428571427
4128.0,3.0428571428571427
4129.0,3.0428571428571427
4130.0,3.0428571428571427
4131.0,3.0428571428571427
4132.0,3.0428571428571427
4133.0,3.0428571428571427
4134.0,3.0428571428571427
4135.0,3.0428571428571427
4136.0,3.0428571428571427
4137.0,3.0428571428571427
4138.0,3.0428571428571427
4139.0,3.0428571428571427
4140.0,3.0428571428571427
4141.0,3.0428571428571427
4142.0,3.0428571428571427
4143.0,3.0428571428571427
4144.0,3.0428571428571427
4145.0,3.0428571428571427
4146.0,3.0428571428571427
4147.0,3.0428571428571427
4148.0,3.0428571428571427
4149.0,3.0428571428571427
4150.0,3.0428571428571427
4151.0,3.0428571428571427
4152.0,3.0428571428571427
4153.0,3.0428571428571427
4154.0,3.0428571428571427
4155.0,3.0428571428571427
4156.0,3.0428571428571427
4157.0,3.0428571428571427
4158.0,3.0428571428571427
4159.0,3.0428571428571427
4160.0,3.0428571428571427
4161.0,3.0428571428571427
4162.0,3.0428571428571427
4163.0,3.0428571428571427
4164.0,3.0428571428571427
4165.0,3.0428571428571427
4166.0,3.0428571428571427
4167.0,3.0428571428571427
4168.0,3.0428571428571427
4169.0,3.0428571428571427
4170.0,3.0
4171.0,3.0428571428571427
4172.0,3.0428571428571427
4173.0,3.0
4174.0,3.0428571428571427
4175.0,3.0428571428571427
4176.0,3.0428571428571427
4177.0,3.0428571428571427
4178.0,3.0428571428571427
4179.0,3.0428571428571427
4180.0,3.0428571428571427
4181.0,3.0428571428571427
4182.0,3.0428571428571427
4183.0,3.0428571428571427
4184.0,3.0428571428571427
4185.0,3.0
4186.0,3.0428571428571427
4187.0,3.0428571428571427
4188.0,3.0
4189.0,3.0428571428571427
4190.0,3.0428571428571427
4191.0,3.0428571428571427
4192.0,3.0
4193.0,3.0428571428571427
4194.0,3.0428571428571427
4195.0,3.0428571428571427
4196.0,3.0428571428571427
4197.0,3.0428571428571427
4198.0,3.0428571428571427
4199.0,3.0428571428571427
4200.0,3.0428571428571427
4201.0,3.0428571428571427
4202.0,3.0428571428571427
4203.0,3.0428571428571427
4204.0,3.0428571428571427
4205.0,3.0428571428571427
4206.0,3.0
4207.0,3.0428571428571427
4208.0,3.0428571428571427
4209.0,3.0428571428571427
4210.0,3.0428571428571427
4211.0,3.0428571428571427
4212.0,3.0428571428571427
4213.0,3.0428571428571427
4214.0,3.0428571428571427
4215.0,3.0428571428571427
4216.0,3.0
4217.0,3.0428571428571427
4218.0,3.0
4219.0,3.0
4220.0,3.0
4221.0,3.0428571428571427
4222.0,3.0
4223.0,3.0428571428571427
4224.0,3.0428571428571427
4225.0,3.0428571428571427
4226.0,3.0428571428571427
4227.0,3.0428571428571427
4228.0,3.0
4229.0,3.0428571428571427
4230.0,3.0428571428571427
4231.0,3.0428571428571427
4232.0,3.0
4233.0,3.0
4234.0,3.0428571428571427
4235.0,3.0428571428571427
4236.0,3.0428571428571427
4237.0,3.0
4238.0,3.0428571428571427
4239.0,3.0428571428571427
4240.0,3.0428571428571427
4241.0,3.0428571428571427
4242.0,3.0428571428571427
4243.0,3.0428571428571427
4244.0,3.0428571428571427
4245.0,3.0428571428571427
4246.0,3.0428571428571427
4247.0,3.0428571428571427
4248.0,3.0428571428571427
4249.0,3.0428571428571427
4250.0,3.0428571428571427
4251.0,3.0428571428571427
4252.0,3.0428571428571427
4253.0,3.0428571428571427
4254.0,3.0428571428571427
4255.0,3.0
4256.0,3.0428571428571427
4257.0,3.0
4258.0,3.0
4259.0,3.0428571428571427
4260.0,3.0
4261.0,3.0428571428571427
4262.0,3.0428571428571427
4263.0,3.0428571428571427
4264.0,3.0
4265.0,3.0428571428571427
4266.0,3.0428571428571427
4267.0,3.0
4268.0,3.0428571428571427
4269.0,3.0428571428571427
4270.0,3.0428571428571427
4271.0,3.0428571428571427
4272.0,3.0428571428571427
4273.0,3.0428571428571427
4274.0,3.0
4275.0,3.0428571428571427
4276.0,3.0428571428571427
4277.0,3.0428571428571427
4278.0,3.0428571428571427
4279.0,3.0
4280.0,3.0428571428571427
4281.0,3.0
4282.0,3.0428571428571427
4283.0,3.0428571428571427
4284.0,3.0428571428571427
4285.0,3.0428571428571427
4286.0,3.0428571428571427
4287.0,3.0
4288.0,3.0428571428571427
4289.0,3.0
4290.0,3.0428571428571427
4291.0,3.0
4292.0,3.0
4293.0,3.0428571428571427
4294.0,3.0428571428571427
4295.0,3.0428571428571427
4296.0,3.0428571428571427
4297.0,3.0
4298.0,3.0428571428571427
4299.0,3.0428571428571427
4300.0,3.0
4301.0,3.0428571428571427
4302.0,3.0
4303.0,3.0
4304.0,3.0428571428571427
4305.0,3.0
4306.0,3.0
4307.0,3.0
4308.0,3.0
4309.0,3.0
4310.0,3.0
4311.0,3.0
4312.0,3.0428571428571427
4313.0,3.0
4314.0,3.0428571428571427
4315.0,3.0428571428571427
4316.0,3.0
4317.0,3.0428571428571427
4318.0,3.0
4319.0,3.0428571428571427
4320.0,3.0428571428571427
4321.0,3.0428571428571427
4322.0,3.0428571428571427
4323.0,3.0428571428571427
4324.0,3.0428571428571427
4325.0,3.0428571428571427
4326.0,3.0428571428571427
4327.0,3.0428571428571427
4328.0,3.0428571428571427
4329.0,3.0428571428571427
4330.0,3.0428571428571427
4331.0,3.0428571428571427
4332.0,3.0
4333.0,3.0
4334.0,3.0
4335.0,3.0
4336.0,3.0428571428571427
4337.0,3.0
4338.0,3.0
4339.0,3.0
4340.0,3.0
4341.0,3.0
4342.0,3.0428571428571427
4343.0,3.0
4344.0,3.0
4345.0,3.0428571428571427
4346.0,3.0
4347.0,3.0428571428571427
4348.0,3.0
4349.0,3.0
4350.0,3.0
4351.0,3.0428571428571427
4352.0,3.0
4353.0,3.0
4354.0,3.0
4355.0,3.0
4356.0,3.0
4357.0,3.0
4358.0,3.0
4359.0,3.0
4360.0,3.0
4361.0,3.0428571428571427
4362.0,3.0
4363.0,3.0428571428571427
4364.0,3.0
4365.0,3.0428571428571427
4366.0,3.0
4367.0,3.0
4368.0,3.0
4369.0,3.0
4370.0,3.0428571428571427
4371.0,3.0
4372.0,3.0428571428571427
4373.0,3.0
4374.0,3.0
4375.0,3.0428571428571427
4376.0,3.0
4377.0,3.0
4378.0,3.0428571428571427
4379.0,3.0428571428571427
4380.0,3.0428571428571427
4381.0,3.0
4382.0,3.0
4383.0,3.0
4384.0,3.0
4385.0,3.0
4386.0,3.0
4387.0,3.0
4388.0,3.0428571428571427
4389.0,3.0
4390.0,3.0428571428571427
4391.0,3.0
4392.0,3.0
4393.0,3.0428571428571427
4394.0,3.0
4395.0,3.0
4396.0,3.0
4397.0,3.0
4398.0,3.0
4399.0,3.0428571428571427
4400.0,3.0
4401.0,3.0
4402.0,3.0
4403.0,3.0
4404.0,3.0
4405.0,3.0
4406.0,3.0
4407.0,3.0428571428571427
4408.0,3.0
4409.0,3.0428571428571427
4410.0,3.0
4411.0,3.0428571428571427
4412.0,3.0
4413.0,3.0428571428571427
4414.0,3.0
4415.0,3.0
4416.0,3.0
4417.0,3.0
4418.0,3.0
4419.0,3.0
4420.0,3.0428571428571427
4421.0,3.0
4422.0,3.0
4423.0,3.0428571428571427
4424.0,3.0428571428571427
4425.0,3.0428571428571427
4426.0,3.0428571428571427
4427.0,3.0
4428.0,3.0428571428571427
4429.0,3.0
4430.0,3.0428571428571427
4431.0,3.0428571428571427
4432.0,3.0
4433.0,3.0
4434.0,3.0
4435.0,3.0
4436.0,3.0
4437.0,3.0
4438.0,3.0
4439.0,3.0
4440.0,3.0
4441.0,3.0
4442.0,3.0
4443.0,3.0
4444.0,3.0
4445.0,3.0
4446.0,3.0
4447.0,3.0
4448.0,3.0
4449.0,3.0428571428571427
4450.0,3.0
4451.0,3.0428571428571427
4452.0,3.0
4453.0,3.0428571428571427
4454.0,3.0
4455.0,3.0
4456.0,3.0
4457.0,3.0
4458.0,3.0
4459.0,3.0428571428571427
4460.0,3.0
4461.0,3.0
4462.0,3.0
4463.0,3.0
4464.0,3.0
4465.0,3.0
4466.0,3.0
4467.0,3.0
4468.0,3.0428571428571427
4469.0,3.0
4470.0,3.0
4471.0,3.0
4472.0,3.0
4473.0,3.0
4474.0,3.0
4475.0,3.0
4476.0,3.0
4477.0,3.0
4478.0,3.0
4479.0,3.0
4480.0,3.0
4481.0,3.0
4482.0,3.0
4483.0,3.0
4484.0,3.0
4485.0,3.0
4486.0,3.0
4487.0,3.0428571428571427
4488.0,3.0
4489.0,3.0
4490.0,3.0
4491.0,3.0
4492.0,3.0
4493.0,3.0
4494.0,3.0
4495.0,3.0
4496.0,3.0
4497.0,3.0
4498.0,3.0
4499.0,3.0
4500.0,3.0
4501.0,3.0428571428571427
4502.0,3.0
4503.0,3.0428571428571427
4504.0,3.0
4505.0,3.0
4506.0,3.0
4507.0,3.0
4508.0,3.0
4509.0,3.0
4510.0,3.0
4511.0,3.0428571428571427
4512.0,3.0
4513.0,3.0
4514.0,3.0
4515.0,3.0
4516.0,3.0
4517.0,3.0
4518.0,3.0
4519.0,3.0
4520.0,3.0
4521.0,3.0
4522.0,3.0
4523.0,3.0
4524.0,3.0
4525.0,3.0
4526.0,3.0
4527.0,3.0
4528.0,3.0
4529.0,3.0
4530.0,3.0
4531.0,3.0
4532.0,3.0
4533.0,3.0
4534.0,3.0
4535.0,3.0
4536.0,3.0
4537.0,3.0
4538.0,3.0
4539.0,3.0
4540.0,3.0
4541.0,3.0
4542.0,3.0
4543.0,3.0428571428571427
4544.0,3.0
4545.0,3.0
4546.0,3.0428571428571427
4547.0,3.0
4548.0,3.0
4549.0,3.0
4550.0,3.0428571428571427
4551.0,3.0
4552.0,3.0428571428571427
4553.0,3.0
4554.0,3.0
4555.0,3.0428571428571427
4556.0,3.0
4557.0,3.0
4558.0,3.0
4559.0,3.0
4560.0,3.0
4561.0,3.0428571428571427
4562.0,3.0
4563.0,3.0
4564.0,3.0
4565.0,3.0
4566.0,3.0
4567.0,3.0
4568.0,3.0
4569.0,3.0
4570.0,3.0
4571.0,3.0
4572.0,3.0
4573.0,3.0
4574.0,3.0
4575.0,3.0
4576.0,3.0
4577.0,3.0
4578.0,3.0
4579.0,3.0
4580.0,3.0
4581.0,3.0
4582.0,3.0
4583.0,3.0
4584.0,3.0
4585.0,3.0
4586.0,3.0
4587.0,3.0
4588.0,3.0
4589.0,3.0
4590.0,3.0
4591.0,3.0
4592.0,3.0
4593.0,3.0
4594.0,3.0
4595.0,3.0
4596.0,3.0
4597.0,3.0
4598.0,3.0
4599.0,3.0
4600.0,3.0
4601.0,3.0
4602.0,3.0
4603.0,3.0
4604.0,3.0
4605.0,3.0
4606.0,3.0
4607.0,3.0
4608.0,3.0
4609.0,3.0
4610.0,3.0
4611.0,3.0
4612.0,3.0
4613.0,3.0
4614.0,3.0
4615.0,3.0
4616.0,3.0
4617.0,3.0
4618.0,3.0
4619.0,3.0
4620.0,3.0
4621.0,3.0
4622.0,3.0
4623.0,3.0
4624.0,3.0
4625.0,3.0
4626.0,3.0
4627.0,3.0
4628.0,3.0
4629.0,3.0
4630.0,3.0
4631.0,3.0
4632.0,3.0
4633.0,3.0
4634.0,3.0
4635.0,3.0
4636.0,3.0
4637.0,3.0
4638.0,3.0
4639.0,3.0
4640.0,3.0
4641.0,3.0
4642.0,3.0
4643.0,3.0
4644.0,3.0
4645.0,3.0
4646.0,3.0
4647.0,3.0
4648.0,3.0
4649.0,3.0
4650.0,3.0
4651.0,3.0
4652.0,3.0
4653.0,3.0
4654.0,3.0
4655.0,3.0
4656.0,3.0
4657.0,3.0
4658.0,3.0
4659.0,3.0
4660.0,3.0
4661.0,3.0
4662.0,3.0
4663.0,3.0
4664.0,3.0
4665.0,3.0
4666.0,3.0
4667.0,3.0
4668.0,3.0
4669.0,3.0
4670.0,3.0
4671.0,3.0
4672.0,3.0
4673.0,3.0
4674.0,3.0
4675.0,3.0
4676.0,3.0
4677.0,3.0
4678.0,3.0
4679.0,3.0
4680.0,3.0
4681.0,3.0
4682.0,3.0
4683.0,3.0
4684.0,3.0
4685.0,3.0
4686.0,3.0
4687.0,3.0
4688.0,3.0
4689.0,3.0
4690.0,3.0
4691.0,3.0
4692.0,3.0
4693.0,3.0
4694.0,3.0
4695.0,3.0
4696.0,3.0
4697.0,3.0
4698.0,3.0
4699.0,3.0
4700.0,3.0
4701.0,3.0
4702.0,3.0
4703.0,3.0
4704.0,3.0
4705.0,3.0
4706.0,3.0
4707.0,3.0
4708.0,3.0
4709.0,3.0
4710.0,3.0
4711.0,3.0
4712.0,3.0
4713.0,3.0
4714.0,3.0
4715.0,3.0
4716.0,3.0
4717.0,3.0
4718.0,3.0
4719.0,3.0
4720.0,3.0
4721.0,3.0
4722.0,3.0
4723.0,3.0
4724.0,3.0
4725.0,3.0
4726.0,3.0
4727.0,3.0
4728.0,3.0
4729.0,3.0
4730.0,3.0
4731.0,3.0
4732.0,3.0
4733.0,3.0
4734.0,3.0
4735.0,3.0
4736.0,3.0
4737.0,3.0
4738.0,3.0
4739.0,3.0
4740.0,3.0
4741.0,3.0
4742.0,3.0
4743.0,3.0
4744.0,3.0
4745.0,3.0
4746.0,3.0
4747.0,3.0
4748.0,3.0
4749.0,3.0
4750.0,3.0
4751.0,3.0
4752.0,3.0
4753.0,3.0
4754.0,3.0
4755.0,3.0
4756.0,3.0
4757.0,3.0
4758.0,3.0
4759.0,3.0
4760.0,3.0
4761.0,3.0
4762.0,3.0
4763.0,3.0
4764.0,3.0
4765.0,3.0
4766.0,3.0
4767.0,3.0
4768.0,3.0
4769.0,3.0
4770.0,3.0
4771.0,3.0
4772.0,3.0
4773.0,3.0
4774.0,3.0
4775.0,3.0
4776.0,3.0
4777.0,3.0
4778.0,3.0
4779.0,3.0
4780.0,3.0
4781.0,3.0
4782.0,3.0
4783.0,3.0
4784.0,3.0
4785.0,3.0
4786.0,3.0
4787.0,3.0
4788.0,3.0
4789.0,3.0
4790.0,3.0
4791.0,3.0
4792.0,3.0
4793.0,3.0
4794.0,3.0
4795.0,3.0
4796.0,3.0
4797.0,3.0
4798.0,3.0
4799.0,3.0
4800.0,3.0
4801.0,3.0
4802.0,3.0
4803.0,3.0
4804.0,3.0
4805.0,3.0
4806.0,3.0
4807.0,3.0
4808.0,3.0
4809.0,3.0
4810.0,3.0
4811.0,3.0
4812.0,3.0
4813.0,3.0
4814.0,3.0
4815.0,3.0
4816.0,3.0
4817.0,3.0
4818.0,3.0
4819.0,3.0
4820.0,3.0
4821.0,3.0
4822.0,3.0
4823.0,3.0
4824.0,3.0
4825.0,3.0
4826.0,3.0
4827.0,3.0
4828.0,3.0
4829.0,3.0
4830.0,3.0
4831.0,3.0
4832.0,3.0
4833.0,3.0
4834.0,3.0
4835.0,3.0
4836.0,3.0
4837.0,3.0
4838.0,3.0
4839.0,3.0
4840.0,3.0
4841.0,3.0
4842.0,3.0
4843.0,3.0
4844.0,3.0
4845.0,3.0
4846.0,3.0
4847.0,3.0
4848.0,3.0
4849.0,3.0
4850.0,3.0
4851.0,3.0
4852.0,3.0
4853.0,3.0
4854.0,3.0
4855.0,3.0
4856.0,3.0
4857.0,3.0
4858.0,3.0
4859.0,3.0
4860.0,3.0
4861.0,3.0
4862.0,3.0
4863.0,3.0
4864.0,3.0
4865.0,3.0
4866.0,3.0
4867.0,3.0
4868.0,3.0
4869.0,3.0
4870.0,3.0
4871.0,3.0
4872.0,3.0
4873.0,3.0
4874.0,3.0
4875.0,3.0
4876.0,3.0
4877.0,3.0
4878.0,3.0
4879.0,3.0
4880.0,3.0
4881.0,3.0
4882.0,3.0
4883.0,3.0
4884.0,3.0
4885.0,3.0
4886.0,3.0
4887.0,3.0
4888.0,3.0
4889.0,3.0
4890.0,3.0
4891.0,3.0
4892.0,3.0
4893.0,3.0
4894.0,3.0
4895.0,3.0
4896.0,3.0
4897.0,3.0
4898.0,3.0
4899.0,3.0
4900.0,3.0
4901.0,3.0
4902.0,3.0
4903.0,3.0
4904.0,3.0
4905.0,3.0
4906.0,3.0
4907.0,3.0
4908.0,3.0
4909.0,3.0
4910.0,3.0
4911.0,3.0
4912.0,3.0
4913.0,3.0
4914.0,3.0
4915.0,3.0
4916.0,3.0
4917.0,3.0
4918.0,3.0
4919.0,3.0
4920.0,3.0
4921.0,3.0
4922.0,3.0
4923.0,3.0
4924.0,3.0
4925.0,3.0
4926.0,3.0
4927.0,3.0
4928.0,3.0
4929.0,3.0
4930.0,3.0
4931.0,3.0
4932.0,3.0
4933.0,3.0
4934.0,3.0
4935.0,3.0
4936.0,3.0
4937.0,3.0
4938.0,3.0
4939.0,3.0
4940.0,3.0
4941.0,3.0
4942.0,3.0
4943.0,3.0
4944.0,3.0
4945.0,3.0
4946.0,3.0
4947.0,3.0
4948.0,3.0
4949.0,3.0
4950.0,3.0
4951.0,3.0
4952.0,3.0
4953.0,3.0
4954.0,3.0
4955.0,3.0
4956.0,3.0
4957.0,3.0
4958.0,3.0
4959.0,3.0
4960.0,3.0
4961.0,3.0
4962.0,3.0
4963.0,3.0
4964.0,3.0
4965.0,3.0
4966.0,3.0
4967.0,3.0
4968.0,3.0
4969.0,3.0
4970.0,3.0
4971.0,3.0
4972.0,3.0
4973.0,3.0
4974.0,3.0
4975.0,3.0
4976.0,3.0
4977.0,3.0
4978.0,3.0
4979.0,3.0
4980.0,3.0
4981.0,3.0
4982.0,3.0
4983.0,3.0
4984.0,3.0
4985.0,3.0
4986.0,3.0
4987.0,3.0
4988.0,3.0
4989.0,3.0
4990.0,3.0
4991.0,3.0
4992.0,3.0
4993.0,3.0
4994.0,3.0
4995.0,3.0
4996.0,3.0
4997.0,3.0
4998.0,3.0
4999.0,3.0
5000.0,3.0
5001.0,3.0
5002.0,3.0
5003.0,3.0
5004.0,3.0
5005.0,3.0
5006.0,3.0
5007.0,3.0
5008.0,3.0
5009.0,3.0
5010.0,3.0
5011.0,3.0
5012.0,3.0
5013.0,3.0
5014.0,3.0
5015.0,3.0
5016.0,3.0
5017.0,3.0
5018.0,3.0
5019.0,3.0
5020.0,3.0
5021.0,3.0
5022.0,3.0
5023.0,3.0
5024.0,3.0
5025.0,3.0
5026.0,3.0
5027.0,3.0
5028.0,3.0
5029.0,3.0
5030.0,3.0
5031.0,3.0
5032.0,3.0
5033.0,3.0
5034.0,3.0
5035.0,3.0
5036.0,3.0
5037.0,3.0
5038.0,3.0
5039.0,3.0
5040.0,3.0
5041.0,3.0
5042.0,3.0
5043.0,3.0
5044.0,3.0
5045.0,3.0
5046.0,3.0
5047.0,3.0
5048.0,3.0
5049.0,3.0
5050.0,3.0
5051.0,3.0
5052.0,3.0
5053.0,3.0
5054.0,3.0
5055.0,3.0
5056.0,3.0
5057.0,3.0
5058.0,3.0
5059.0,3.0
5060.0,3.0
5061.0,3.0
5062.0,3.0
5063.0,3.0
5064.0,3.0
5065.0,3.0
5066.0,3.0
5067.0,3.0
5068.0,3.0
5069.0,3.0
5070.0,3.0
5071.0,3.0
5072.0,3.0
5073.0,3.0
5074.0,3.0
5075.0,3.0
5076.0,3.0
5077.0,3.0
5078.0,3.0
5079.0,3.0
5080.0,3.0
5081.0,3.0
5082.0,3.0
5083.0,3.0
5084.0,3.0
5085.0,3.0
5086.0,3.0
5087.0,3.0
5088.0,3.0
5089.0,3.0
5090.0,3.0
5091.0,3.0
5092.0,3.0
5093.0,3.0
5094.0,3.0
5095.0,3.0
5096.0,2.9571428571428573
5097.0,3.0
5098.0,3.0
5099.0,3.0
5100.0,3.0
5101.0,3.0
5102.0,3.0
5103.0,3.0
5104.0,3.0
5105.0,3.0
5106.0,3.0
5107.0,3.0
5108.0,3.0
5109.0,3.0
5110.0,3.0
5111.0,3.0
5112.0,3.0
5113.0,3.0
5114.0,3.0
5115.0,3.0
5116.0,3.0
5117.0,3.0
5118.0,3.0
5119.0,3.0
5120.0,3.0
5121.0,3.0
5122.0,3.0
5123.0,3.0
5124.0,3.0
5125.0,3.0
5126.0,3.0
5127.0,3.0
5128.0,3.0
5129.0,3.0
5130.0,3.0
5131.0,3.0
5132.0,3.0
5133.0,3.0
5134.0,3.0
5135.0,3.0
5136.0,3.0
5137.0,3.0
5138.0,3.0
5139.0,3.0
5140.0,3.0
5141.0,3.0
5142.0,3.0
5143.0,3.0
5144.0,3.0
5145.0,3.0
5146.0,3.0
5147.0,3.0
5148.0,3.0
5149.0,3.0
5150.0,3.0
5151.0,3.0
5152.0,3.0
5153.0,3.0
5154.0,3.0
5155.0,3.0
5156.0,3.0
5157.0,3.0
5158.0,3.0
5159.0,3.0
5160.0,3.0
5161.0,3.0
5162.0,3.0
5163.0,3.0
5164.0,3.0
5165.0,3.0
5166.0,3.0
5167.0,3.0
5168.0,3.0
5169.0,3.0
5170.0,3.0
5171.0,3.0
5172.0,3.0
5173.0,3.0
5174.0,3.0
5175.0,3.0
5176.0,3.0
5177.0,3.0
5178.0,3.0
5179.0,3.0
5180.0,3.0
5181.0,3.0
5182.0,3.0
5183.0,3.0
5184.0,3.0
5185.0,3.0
5186.0,3.0
5187.0,3.0
5188.0,3.0
5189.0,3.0
5190.0,3.0
5191.0,3.0
5192.0,3.0
5193.0,3.0
5194.0,3.0
5195.0,3.0
5196.0,3.0
5197.0,3.0
5198.0,2.9571428571428573
5199.0,3.0
5200.0,3.0
5201.0,3.0
5202.0,3.0
5203.0,3.0
5204.0,3.0
5205.0,3.0
5206.0,3.0
5207.0,2.9571428571428573
5208.0,3.0
5209.0,3.0
5210.0,3.0
5211.0,3.0
5212.0,3.0
5213.0,3.0
5214.0,3.0
5215.0,3.0
5216.0,3.0
5217.0,3.0
5218.0,3.0
5219.0,3.0
5220.0,3.0
5221.0,3.0
5222.0,3.0
5223.0,3.0
5224.0,3.0
5225.0,3.0
5226.0,3.0
5227.0,3.0
5228.0,3.0
5229.0,3.0
5230.0,3.0
5231.0,3.0
5232.0,3.0
5233.0,3.0
5234.0,3.0
5235.0,3.0
5236.0,3.0
5237.0,3.0
5238.0,3.0
5239.0,3.0
5240.0,3.0
5241.0,3.0
5242.0,3.0
5243.0,3.0
5244.0,3.0
5245.0,3.0
5246.0,3.0
5247.0,3.0
5248.0,3.0
5249.0,3.0
5250.0,3.0
5251.0,3.0
5252.0,3.0
5253.0,3.0
5254.0,3.0
5255.0,3.0
5256.0,3.0
5257.0,3.0
5258.0,3.0
5259.0,3.0
5260.0,3.0
5261.0,3.0
5262.0,3.0
5263.0,3.0
5264.0,3.0
5265.0,3.0
5266.0,3.0
5267.0,3.0
5268.0,3.0
5269.0,3.0
5270.0,3.0
5271.0,3.0
5272.0,3.0
5273.0,3.0
5274.0,2.9571428571428573
5275.0,3.0
5276.0,3.0
5277.0,2.9571428571428573
5278.0,3.0
5279.0,3.0
5280.0,3.0
5281.0,3.0
5282.0,3.0
5283.0,3.0
5284.0,3.0
5285.0,3.0
5286.0,3.0
5287.0,3.0
5288.0,3.0
5289.0,3.0
5290.0,3.0
5291.0,3.0
5292.0,3.0
5293.0,3.0
5294.0,3.0
5295.0,3.0
5296.0,3.0
5297.0,3.0
5298.0,3.0
5299.0,2.9571428571428573
5300.0,3.0
5301.0,2.9571428571428573
5302.0,3.0
5303.0,3.0
5304.0,3.0
5305.0,3.0
5306.0,3.0
5307.0,3.0
5308.0,3.0
5309.0,3.0
5310.0,3.0
5311.0,2.9571428571428573
5312.0,3.0
5313.0,3.0
5314.0,3.0
5315.0,3.0
5316.0,3.0
5317.0,3.0
5318.0,3.0
5319.0,3.0
5320.0,3.0
5321.0,3.0
5322.0,3.0
5323.0,3.0
5324.0,3.0
5325.0,3.0
5326.0,3.0
5327.0,3.0
5328.0,3.0
5329.0,3.0
5330.0,3.0
5331.0,3.0
5332.0,3.0
5333.0,3.0
5334.0,3.0
5335.0,3.0
5336.0,3.0
5337.0,3.0
5338.0,3.0
5339.0,2.9571428571428573
5340.0,3.0
5341.0,3.0
5342.0,3.0
5343.0,3.0
5344.0,3.0
5345.0,2.9571428571428573
5346.0,3.0
5347.0,3.0
5348.0,3.0
5349.0,3.0
5350.0,3.0
5351.0,3.0
5352.0,3.0
5353.0,3.0
5354.0,3.0
5355.0,3.0
5356.0,3.0
5357.0,3.0
5358.0,3.0
5359.0,3.0
5360.0,3.0
5361.0,3.0
5362.0,3.0
5363.0,3.0
5364.0,3.0
5365.0,3.0
5366.0,2.9571428571428573
5367.0,3.0
5368.0,3.0
5369.0,3.0
5370.0,3.0
5371.0,3.0
5372.0,2.9571428571428573
5373.0,3.0
5374.0,3.0
5375.0,2.9571428571428573
5376.0,3.0
5377.0,2.9571428571428573
5378.0,3.0
5379.0,3.0
5380.0,3.0
5381.0,3.0
5382.0,3.0
5383.0,3.0
5384.0,3.0
5385.0,3.0
5386.0,3.0
5387.0,3.0
5388.0,3.0
5389.0,3.0
5390.0,3.0
5391.0,3.0
5392.0,3.0
5393.0,2.9571428571428573
5394.0,3.0
5395.0,3.0
5396.0,3.0
5397.0,3.0
5398.0,3.0
5399.0,3.0
5400.0,3.0
5401.0,2.9571428571428573
5402.0,3.0
5403.0,3.0
5404.0,3.0
5405.0,3.0
5406.0,3.0
5407.0,2.9571428571428573
5408.0,2.9571428571428573
5409.0,3.0
5410.0,3.0
5411.0,3.0
5412.0,3.0
5413.0,3.0
5414.0,3.0
5415.0,2.9571428571428573
5416.0,3.0
5417.0,3.0
5418.0,3.0
5419.0,3.0
5420.0,3.0
5421.0,3.0
5422.0,3.0
5423.0,2.9571428571428573
5424.0,3.0
5425.0,2.9571428571428573
5426.0,3.0
5427.0,2.9571428571428573
5428.0,2.9571428571428573
5429.0,3.0
5430.0,3.0
5431.0,3.0
5432.0,3.0
5433.0,3.0
5434.0,3.0
5435.0,2.9571428571428573
5436.0,3.0
5437.0,3.0
5438.0,3.0
5439.0,3.0
5440.0,3.0
5441.0,3.0
5442.0,3.0
5443.0,3.0
5444.0,3.0
5445.0,3.0
5446.0,3.0
5447.0,3.0
5448.0,2.9571428571428573
5449.0,3.0
5450.0,3.0
5451.0,3.0
5452.0,3.0
5453.0,3.0
5454.0,2.9571428571428573
5455.0,3.0
5456.0,3.0
5457.0,3.0
5458.0,3.0
5459.0,3.0
5460.0,2.9571428571428573
5461.0,3.0
5462.0,2.9571428571428573
5463.0,3.0
5464.0,2.9571428571428573
5465.0,3.0
5466.0,2.9571428571428573
5467.0,3.0
5468.0,3.0
5469.0,3.0
5470.0,3.0
5471.0,3.0
5472.0,3.0
5473.0,2.9571428571428573
5474.0,3.0
5475.0,2.9571428571428573
5476.0,3.0
5477.0,2.9571428571428573
5478.0,3.0
5479.0,3.0
5480.0,2.9571428571428573
5481.0,3.0
5482.0,3.0
5483.0,3.0
5484.0,3.0
5485.0,3.0
5486.0,3.0
5487.0,3.0
5488.0,3.0
5489.0,3.0
5490.0,3.0
5491.0,2.9571428571428573
5492.0,2.9571428571428573
5493.0,3.0
5494.0,2.9571428571428573
5495.0,2.9571428571428573
5496.0,3.0
5497.0,3.0
5498.0,3.0
5499.0,3.0
5500.0,2.9571428571428573
5501.0,3.0
5502.0,2.9571428571428573
5503.0,3.0
5504.0,3.0
5505.0,3.0
5506.0,2.9571428571428573
5507.0,2.9571428571428573
5508.0,3.0
5509.0,2.9571428571428573
5510.0,2.9571428571428573
5511.0,3.0
5512.0,3.0
5513.0,3.0
5514.0,3.0
5515.0,2.9571428571428573
5516.0,3.0
5517.0,2.9571428571428573
5518.0,3.0
5519.0,3.0
5520.0,2.9571428571428573
5521.0,2.9571428571428573
5522.0,3.0
5523.0,3.0
5524.0,3.0
5525.0,2.9571428571428573
5526.0,3.0
5527.0,3.0
5528.0,3.0
5529.0,2.9571428571428573
5530.0,3.0
5531.0,2.9571428571428573
5532.0,2.9571428571428573
5533.0,3.0
5534.0,2.9571428571428573
5535.0,3.0
5536.0,2.9571428571428573
5537.0,2.9571428571428573
5538.0,2.9571428571428573
5539.0,3.0
5540.0,2.9571428571428573
5541.0,3.0
5542.0,2.9571428571428573
5543.0,3.0
5544.0,3.0
5545.0,3.0
5546.0,2.9571428571428573
5547.0,3.0
5548.0,2.9571428571428573
5549.0,3.0
5550.0,2.9571428571428573
5551.0,3.0
5552.0,2.9571428571428573
5553.0,2.9571428571428573
5554.0,3.0
5555.0,2.9571428571428573
5556.0,2.9571428571428573
5557.0,2.9571428571428573
5558.0,3.0
5559.0,3.0
5560.0,2.9571428571428573
5561.0,3.0
5562.0,3.0
5563.0,2.9571428571428573
5564.0,3.0
5565.0,2.9571428571428573
5566.0,3.0
5567.0,2.9571428571428573
5568.0,2.9571428571428573
5569.0,2.9571428571428573
5570.0,3.0
5571.0,3.0
5572.0,3.0
5573.0,2.9571428571428573
5574.0,3.0
5575.0,3.0
5576.0,3.0
5577.0,2.9571428571428573
5578.0,3.0
5579.0,2.9571428571428573
5580.0,3.0
5581.0,2.9571428571428573
5582.0,2.9571428571428573
5583.0,3.0
5584.0,3.0
5585.0,3.0
5586.0,3.0
5587.0,3.0
5588.0,2.9571428571428573
5589.0,2.9571428571428573
5590.0,2.9571428571428573
5591.0,3.0
5592.0,2.9571428571428573
5593.0,2.9571428571428573
5594.0,2.9571428571428573
5595.0,3.0
5596.0,3.0
5597.0,2.9571428571428573
5598.0,3.0
5599.0,2.9571428571428573
5600.0,2.9571428571428573
5601.0,2.9571428571428573
5602.0,2.9571428571428573
5603.0,2.9571428571428573
5604.0,3.0
5605.0,2.9571428571428573
5606.0,2.9571428571428573
5607.0,2.9571428571428573
5608.0,3.0
5609.0,3.0
5610.0,2.9571428571428573
5611.0,2.9571428571428573
5612.0,3.0
5613.0,2.9571428571428573
5614.0,3.0
5615.0,2.9571428571428573
5616.0,2.9571428571428573
5617.0,2.9571428571428573
5618.0,3.0
5619.0,2.9571428571428573
5620.0,3.0
5621.0,3.0
5622.0,3.0
5623.0,2.9571428571428573
5624.0,3.0
5625.0,2.9571428571428573
5626.0,3.0
5627.0,3.0
5628.0,3.0
5629.0,2.9571428571428573
5630.0,3.0
5631.0,2.9571428571428573
5632.0,2.9571428571428573
5633.0,3.0
5634.0,3.0
5635.0,3.0
5636.0,3.0
5637.0,3.0
5638.0,3.0
5639.0,2.9571428571428573
5640.0,2.9571428571428573
5641.0,2.9571428571428573
5642.0,3.0
5643.0,3.0
5644.0,2.9571428571428573
5645.0,2.9571428571428573
5646.0,2.9571428571428573
5647.0,2.9571428571428573
5648.0,3.0
5649.0,2.9571428571428573
5650.0,2.9571428571428573
5651.0,2.9571428571428573
5652.0,2.9571428571428573
5653.0,2.9571428571428573
5654.0,2.9571428571428573
5655.0,2.9571428571428573
5656.0,3.0
5657.0,3.0
5658.0,3.0
5659.0,2.9571428571428573
5660.0,2.9571428571428573
5661.0,2.9571428571428573
5662.0,3.0
5663.0,2.9571428571428573
5664.0,3.0
5665.0,2.9571428571428573
5666.0,2.9571428571428573
5667.0,2.9571428571428573
5668.0,3.0
5669.0,2.9571428571428573
5670.0,2.9571428571428573
5671.0,3.0
5672.0,3.0
5673.0,2.9571428571428573
5674.0,3.0
5675.0,2.9571428571428573
5676.0,2.9571428571428573
5677.0,2.9571428571428573
5678.0,2.9571428571428573
5679.0,3.0
5680.0,2.9571428571428573
5681.0,3.0
5682.0,2.9571428571428573
5683.0,3.0
5684.0,2.9571428571428573
5685.0,3.0
5686.0,2.9571428571428573
5687.0,2.9571428571428573
5688.0,2.9571428571428573
5689.0,2.9571428571428573
5690.0,2.9571428571428573
5691.0,2.9571428571428573
5692.0,2.9571428571428573
5693.0,2.9571428571428573
5694.0,2.9571428571428573
5695.0,2.9571428571428573
5696.0,3.0
5697.0,2.9571428571428573
5698.0,2.9571428571428573
5699.0,2.9571428571428573
5700.0,2.9571428571428573
5701.0,2.9571428571428573
5702.0,3.0
5703.0,3.0
5704.0,3.0
5705.0,2.9571428571428573
5706.0,3.0
5707.0,2.9571428571428573
5708.0,3.0
5709.0,2.9571428571428573
5710.0,2.9571428571428573
5711.0,2.9571428571428573
5712.0,3.0
5713.0,2.9571428571428573
5714.0,3.0
5715.0,2.9571428571428573
5716.0,2.9571428571428573
5717.0,2.9571428571428573
5718.0,2.9571428571428573
5719.0,2.9571428571428573
5720.0,2.9571428571428573
5721.0,3.0
5722.0,2.9571428571428573
5723.0,2.9571428571428573
5724.0,2.9571428571428573
5725.0,2.9571428571428573
5726.0,2.9571428571428573
5727.0,2.9571428571428573
5728.0,2.9571428571428573
5729.0,2.9571428571428573
5730.0,2.9571428571428573
5731.0,3.0
5732.0,2.9571428571428573
5733.0,2.9571428571428573
5734.0,2.9571428571428573
5735.0,2.9571428571428573
5736.0,2.9571428571428573
5737.0,2.9571428571428573
5738.0,2.9571428571428573
5739.0,2.9571428571428573
5740.0,2.9571428571428573
5741.0,2.9571428571428573
5742.0,2.9571428571428573
5743.0,2.9571428571428573
5744.0,2.9571428571428573
5745.0,2.9571428571428573
5746.0,2.9571428571428573
5747.0,3.0
5748.0,3.0
5749.0,2.9571428571428573
5750.0,2.9571428571428573
5751.0,2.9571428571428573
5752.0,2.9571428571428573
5753.0,2.9571428571428573
5754.0,2.9571428571428573
5755.0,2.9571428571428573
5756.0,3.0
5757.0,2.9571428571428573
5758.0,2.9571428571428573
5759.0,2.9571428571428573
5760.0,2.9571428571428573
5761.0,2.9571428571428573
5762.0,2.9571428571428573
5763.0,2.9571428571428573
5764.0,2.9571428571428573
5765.0,2.9571428571428573
5766.0,2.9571428571428573
5767.0,2.9571428571428573
5768.0,3.0
5769.0,3.0
5770.0,3.0
5771.0,2.9571428571428573
5772.0,2.9571428571428573
5773.0,2.9571428571428573
5774.0,2.9571428571428573
5775.0,2.9571428571428573
5776.0,2.9571428571428573
5777.0,2.9571428571428573
5778.0,3.0
5779.0,2.9571428571428573
5780.0,3.0
5781.0,3.0
5782.0,2.9571428571428573
5783.0,2.9571428571428573
5784.0,2.9571428571428573
5785.0,2.9571428571428573
5786.0,2.9571428571428573
5787.0,2.9571428571428573
5788.0,2.9571428571428573
5789.0,2.9571428571428573
5790.0,2.9571428571428573
5791.0,2.9571428571428573
5792.0,2.9571428571428573
5793.0,2.9571428571428573
5794.0,2.9571428571428573
5795.0,2.9571428571428573
5796.0,2.9571428571428573
5797.0,2.9571428571428573
5798.0,2.9571428571428573
5799.0,2.9571428571428573
5800.0,2.9571428571428573
5801.0,2.9571428571428573
5802.0,3.0
5803.0,2.9571428571428573
5804.0,3.0
5805.0,2.9571428571428573
5806.0,3.0
5807.0,2.9571428571428573
5808.0,2.9571428571428573
5809.0,2.9571428571428573
5810.0,2.9571428571428573
5811.0,3.0
5812.0,3.0
5813.0,3.0
5814.0,2.9571428571428573
5815.0,2.9571428571428573
5816.0,2.9571428571428573
5817.0,3.0
5818.0,2.9571428571428573
5819.0,2.9571428571428573
5820.0,3.0
5821.0,2.9571428571428573
5822.0,2.9571428571428573
5823.0,2.9571428571428573
5824.0,2.9571428571428573
5825.0,2.9571428571428573
5826.0,2.9571428571428573
5827.0,2.9571428571428573
5828.0,2.9571428571428573
5829.0,2.9571428571428573
5830.0,2.9571428571428573
5831.0,2.9571428571428573
5832.0,2.9571428571428573
5833.0,2.9571428571428573
5834.0,2.9571428571428573
5835.0,2.9571428571428573
5836.0,2.9571428571428573
5837.0,2.9571428571428573
5838.0,2.9571428571428573
5839.0,3.0
5840.0,2.9571428571428573
5841.0,2.9571428571428573
5842.0,2.9571428571428573
5843.0,2.9571428571428573
5844.0,2.9571428571428573
5845.0,2.9571428571428573
5846.0,2.9571428571428573
5847.0,2.9571428571428573
5848.0,2.9571428571428573
5849.0,2.9571428571428573
5850.0,2.9571428571428573
5851.0,2.9571428571428573
5852.0,2.9571428571428573
5853.0,2.9571428571428573
5854.0,2.9571428571428573
5855.0,2.9571428571428573
5856.0,2.9571428571428573
5857.0,2.9571428571428573
5858.0,2.9571428571428573
5859.0,2.9571428571428573
5860.0,2.9571428571428573
5861.0,2.9571428571428573
5862.0,2.9571428571428573
5863.0,2.9571428571428573
5864.0,2.9571428571428573
5865.0,2.9571428571428573
5866.0,2.9571428571428573
5867.0,2.9571428571428573
5868.0,2.9571428571428573
5869.0,2.9571428571428573
5870.0,2.9571428571428573
5871.0,2.9571428571428573
5872.0,2.9571428571428573
5873.0,2.9571428571428573
5874.0,2.9571428571428573
5875.0,2.9571428571428573
5876.0,2.9571428571428573
5877.0,2.9571428571428573
5878.0,2.9571428571428573
5879.0,2.9571428571428573
5880.0,2.9571428571428573
5881.0,2.9571428571428573
5882.0,2.9571428571428573
5883.0,2.9571428571428573
5884.0,2.9571428571428573
5885.0,2.9571428571428573
5886.0,3.0
5887.0,2.9571428571428573
5888.0,2.9571428571428573
5889.0,2.9571428571428573
5890.0,2.9571428571428573
5891.0,2.9571428571428573
5892.0,2.9571428571428573
5893.0,2.9571428571428573
5894.0,2.9571428571428573
5895.0,2.9571428571428573
5896.0,2.9571428571428573
5897.0,2.9571428571428573
5898.0,2.9571428571428573
5899.0,2.9571428571428573
5900.0,2.9571428571428573
5901.0,2.9571428571428573
5902.0,2.9571428571428573
5903.0,2.9571428571428573
5904.0,2.9571428571428573
5905.0,2.9571428571428573
5906.0,2.9571428571428573
5907.0,2.9571428571428573
5908.0,2.9571428571428573
5909.0,2.9571428571428573
5910.0,2.9571428571428573
5911.0,2.9571428571428573
5912.0,2.9571428571428573
5913.0,2.9571428571428573
5914.0,2.9571428571428573
5915.0,2.9571428571428573
5916.0,2.9571428571428573
5917.0,2.9571428571428573
5918.0,2.9571428571428573
5919.0,2.9571428571428573
5920.0,2.9571428571428573
5921.0,2.9571428571428573
5922.0,2.9571428571428573
5923.0,2.9571428571428573
5924.0,2.9571428571428573
5925.0,2.9571428571428573
5926.0,3.0
5927.0,2.9571428571428573
5928.0,3.0
5929.0,2.9571428571428573
5930.0,2.9571428571428573
5931.0,2.9571428571428573
5932.0,2.9571428571428573
5933.0,2.9571428571428573
5934.0,2.9571428571428573
5935.0,2.9571428571428573
5936.0,3.0
5937.0,2.9571428571428573
5938.0,2.9571428571428573
5939.0,2.9571428571428573
5940.0,2.9571428571428573
5941.0,2.9571428571428573
5942.0,2.9571428571428573
5943.0,2.9571428571428573
5944.0,2.9571428571428573
5945.0,2.9571428571428573
5946.0,2.9571428571428573
5947.0,2.9571428571428573
5948.0,2.9571428571428573
5949.0,2.9571428571428573
5950.0,2.9571428571428573
5951.0,2.9571428571428573
5952.0,2.9571428571428573
5953.0,2.9571428571428573
5954.0,2.9571428571428573
5955.0,2.9571428571428573
5956.0,2.9571428571428573
5957.0,2.9571428571428573
5958.0,2.9571428571428573
5959.0,2.9571428571428573
5960.0,2.9571428571428573
5961.0,2.9571428571428573
5962.0,2.9571428571428573
5963.0,2.9571428571428573
5964.0,2.9571428571428573
5965.0,2.9571428571428573
5966.0,2.9571428571428573
5967.0,2.9571428571428573
5968.0,2.9571428571428573
5969.0,2.9571428571428573
5970.0,2.9571428571428573
5971.0,2.9571428571428573
5972.0,2.9571428571428573
5973.0,2.9571428571428573
5974.0,2.9571428571428573
5975.0,2.9571428571428573
5976.0,2.9571428571428573
5977.0,2.9571428571428573
5978.0,2.9571428571428573
5979.0,2.9571428571428573
5980.0,2.9571428571428573
5981.0,2.9571428571428573
5982.0,2.9571428571428573
5983.0,2.9571428571428573
5984.0,2.9571428571428573
5985.0,2.9571428571428573
5986.0,2.9571428571428573
5987.0,2.9571428571428573
5988.0,2.9571428571428573
5989.0,2.9571428571428573
5990.0,2.9571428571428573
5991.0,2.9571428571428573
5992.0,2.9571428571428573
5993.0,2.9571428571428573
5994.0,2.9571428571428573
5995.0,2.9571428571428573
5996.0,2.9571428571428573
5997.0,2.9571428571428573
5998.0,2.9571428571428573
5999.0,2.9571428571428573
6000.0,2.9571428571428573
6001.0,2.9571428571428573
6002.0,2.9571428571428573
6003.0,2.9571428571428573
6004.0,2.9571428571428573
6005.0,2.9571428571428573
6006.0,2.9571428571428573
6007.0,2.9571428571428573
6008.0,2.9571428571428573
6009.0,2.9571428571428573
6010.0,2.9571428571428573
6011.0,2.9571428571428573
6012.0,2.9571428571428573
6013.0,2.9571428571428573
6014.0,2.9571428571428573
6015.0,2.9571428571428573
6016.0,2.9571428571428573
6017.0,2.9571428571428573
6018.0,2.9571428571428573
6019.0,2.9571428571428573
6020.0,2.9571428571428573
6021.0,2.9571428571428573
6022.0,2.9571428571428573
6023.0,2.9571428571428573
6024.0,2.9571428571428573
6025.0,2.9571428571428573
6026.0,2.9571428571428573
6027.0,2.9571428571428573
6028.0,2.9571428571428573
6029.0,2.9571428571428573
6030.0,2.9571428571428573
6031.0,2.9571428571428573
6032.0,2.9571428571428573
6033.0,2.9571428571428573
6034.0,2.9571428571428573
6035.0,2.9571428571428573
6036.0,2.9571428571428573
6037.0,2.9571428571428573
6038.0,2.9571428571428573
6039.0,2.9571428571428573
6040.0,2.9571428571428573
6041.0,2.9571428571428573
6042.0,2.9571428571428573
6043.0,2.9571428571428573
6044.0,2.9571428571428573
6045.0,2.9571428571428573
6046.0,2.9571428571428573
6047.0,2.9571428571428573
6048.0,2.9571428571428573
6049.0,2.9571428571428573
6050.0,2.9571428571428573
6051.0,2.9571428571428573
6052.0,2.9571428571428573
6053.0,2.9571428571428573
6054.0,2.9571428571428573
6055.0,2.9571428571428573
6056.0,2.9571428571428573
6057.0,2.9571428571428573
6058.0,2.9571428571428573
6059.0,2.9571428571428573
6060.0,2.9571428571428573
6061.0,2.9571428571428573
6062.0,2.9571428571428573
6063.0,2.9571428571428573
6064.0,2.9571428571428573
6065.0,2.9571428571428573
6066.0,2.9571428571428573
6067.0,2.9571428571428573
6068.0,2.9571428571428573
6069.0,2.9571428571428573
6070.0,2.9571428571428573
6071.0,2.9571428571428573
6072.0,3.0
6073.0,2.9571428571428573
6074.0,2.9571428571428573
6075.0,2.9571428571428573
6076.0,2.9571428571428573
6077.0,2.9571428571428573
6078.0,2.9571428571428573
6079.0,2.9571428571428573
6080.0,2.9571428571428573
6081.0,2.9571428571428573
6082.0,2.9571428571428573
6083.0,2.9571428571428573
6084.0,2.9571428571428573
6085.0,2.9571428571428573
6086.0,2.9571428571428573
6087.0,2.9571428571428573
6088.0,2.9571428571428573
6089.0,2.9571428571428573
6090.0,2.9571428571428573
6091.0,2.9571428571428573
6092.0,2.9571428571428573
6093.0,2.9571428571428573
6094.0,2.9571428571428573
6095.0,2.9571428571428573
6096.0,2.9571428571428573
6097.0,2.9571428571428573
6098.0,2.9571428571428573
6099.0,2.9571428571428573
6100.0,2.9571428571428573
6101.0,2.9571428571428573
6102.0,2.9571428571428573
6103.0,2.9571428571428573
6104.0,2.9571428571428573
6105.0,2.9571428571428573
6106.0,2.9571428571428573
6107.0,2.9571428571428573
6108.0,2.9571428571428573
6109.0,2.9571428571428573
6110.0,2.9571428571428573
6111.0,2.9571428571428573
6112.0,2.9571428571428573
6113.0,2.9571428571428573
6114.0,2.9571428571428573
6115.0,2.9571428571428573
6116.0,2.9571428571428573
6117.0,2.9571428571428573
6118.0,2.9571428571428573
6119.0,2.9571428571428573
6120.0,2.9571428571428573
6121.0,2.9571428571428573
6122.0,2.9571428571428573
6123.0,2.9571428571428573
6124.0,2.9571428571428573
6125.0,2.9571428571428573
6126.0,2.9571428571428573
6127.0,2.9571428571428573
6128.0,2.9571428571428573
6129.0,2.9571428571428573
6130.0,2.9571428571428573
6131.0,2.9571428571428573
6132.0,2.9571428571428573
6133.0,2.9571428571428573
6134.0,2.9571428571428573
6135.0,2.9571428571428573
6136.0,2.9571428571428573
6137.0,2.9571428571428573
6138.0,2.9571428571428573
6139.0,2.9571428571428573
6140.0,2.9571428571428573
6141.0,2.9571428571428573
6142.0,2.9571428571428573
6143.0,2.9571428571428573
6144.0,2.9571428571428573
6145.0,2.9571428571428573
6146.0,2.9571428571428573
6147.0,2.9571428571428573
6148.0,2.9571428571428573
6149.0,2.9571428571428573
6150.0,2.9571428571428573
6151.0,2.9571428571428573
6152.0,2.9571428571428573
6153.0,2.9571428571428573
6154.0,2.9571428571428573
6155.0,2.9571428571428573
6156.0,2.9571428571428573
6157.0,2.9571428571428573
6158.0,2.9571428571428573
6159.0,2.9571428571428573
6160.0,2.9571428571428573
6161.0,2.9571428571428573
6162.0,2.9571428571428573
6163.0,2.9571428571428573
6164.0,2.9571428571428573
6165.0,2.9571428571428573
6166.0,2.9571428571428573
6167.0,2.9571428571428573
6168.0,2.9571428571428573
6169.0,2.9571428571428573
6170.0,2.9571428571428573
6171.0,2.9571428571428573
6172.0,2.9571428571428573
6173.0,2.9571428571428573
6174.0,2.9571428571428573
6175.0,2.9571428571428573
6176.0,2.9571428571428573
6177.0,2.9571428571428573
6178.0,2.9571428571428573
6179.0,2.9571428571428573
6180.0,2.9571428571428573
6181.0,2.9571428571428573
6182.0,2.9571428571428573
6183.0,2.9571428571428573
6184.0,2.9571428571428573
6185.0,2.9571428571428573
6186.0,2.9571428571428573
6187.0,2.9571428571428573
6188.0,2.9571428571428573
6189.0,2.9571428571428573
6190.0,2.9571428571428573
6191.0,2.9571428571428573
6192.0,2.9571428571428573
6193.0,2.9571428571428573
6194.0,2.9571428571428573
6195.0,2.9571428571428573
6196.0,2.9571428571428573
6197.0,2.9571428571428573
6198.0,2.9571428571428573
6199.0,2.9571428571428573
6200.0,2.9571428571428573
6201.0,2.9571428571428573
6202.0,2.9571428571428573
6203.0,2.9571428571428573
6204.0,2.9571428571428573
6205.0,2.9571428571428573
6206.0,2.9571428571428573
6207.0,2.9571428571428573
6208.0,2.9571428571428573
6209.0,2.9571428571428573
6210.0,2.9571428571428573
6211.0,2.9571428571428573
6212.0,2.9571428571428573
6213.0,2.9571428571428573
6214.0,2.9571428571428573
6215.0,2.9571428571428573
6216.0,2.9571428571428573
6217.0,2.9571428571428573
6218.0,3.0
6219.0,2.9571428571428573
6220.0,2.9571428571428573
6221.0,2.9571428571428573
6222.0,2.9571428571428573
6223.0,2.9571428571428573
6224.0,2.9571428571428573
6225.0,2.9571428571428573
6226.0,2.9571428571428573
6227.0,2.9571428571428573
6228.0,2.9571428571428573
6229.0,2.9571428571428573
6230.0,2.9571428571428573
6231.0,2.9571428571428573
6232.0,2.9571428571428573
6233.0,2.9571428571428573
6234.0,2.9571428571428573
6235.0,2.9571428571428573
6236.0,2.9571428571428573
6237.0,2.9571428571428573
6238.0,2.9571428571428573
6239.0,2.9571428571428573
6240.0,2.9571428571428573
6241.0,2.9571428571428573
6242.0,2.9571428571428573
6243.0,2.9571428571428573
6244.0,2.9571428571428573
6245.0,2.9571428571428573
6246.0,2.9571428571428573
6247.0,2.9571428571428573
6248.0,2.9571428571428573
6249.0,2.9571428571428573
6250.0,2.9571428571428573
6251.0,2.9571428571428573
6252.0,2.9571428571428573
6253.0,2.9571428571428573
6254.0,2.9571428571428573
6255.0,2.9571428571428573
6256.0,2.9571428571428573
6257.0,2.9571428571428573
6258.0,2.9571428571428573
6259.0,2.9571428571428573
6260.0,2.9571428571428573
6261.0,2.9571428571428573
6262.0,2.9571428571428573
6263.0,2.9571428571428573
6264.0,2.9571428571428573
6265.0,2.9571428571428573
6266.0,2.9571428571428573
6267.0,2.9571428571428573
6268.0,2.9571428571428573
6269.0,2.9571428571428573
6270.0,2.9571428571428573
6271.0,2.9571428571428573
6272.0,2.9571428571428573
6273.0,2.9571428571428573
6274.0,2.9571428571428573
6275.0,2.9571428571428573
6276.0,2.9571428571428573
6277.0,2.9571428571428573
6278.0,2.9571428571428573
6279.0,2.9571428571428573
6280.0,2.9571428571428573
6281.0,2.9571428571428573
6282.0,2.9571428571428573
6283.0,2.9571428571428573
6284.0,2.9571428571428573
6285.0,2.9571428571428573
6286.0,2.9571428571428573
6287.0,2.9571428571428573
6288.0,2.9571428571428573
6289.0,2.9571428571428573
6290.0,2.9571428571428573
6291.0,2.9571428571428573
6292.0,2.9571428571428573
6293.0,2.9571428571428573
6294.0,2.9571428571428573
6295.0,2.9571428571428573
6296.0,2.9571428571428573
6297.0,2.9571428571428573
6298.0,2.9571428571428573
6299.0,2.9571428571428573
6300.0,2.9571428571428573
6301.0,2.9571428571428573
6302.0,2.9571428571428573
6303.0,2.9571428571428573
6304.0,2.9571428571428573
6305.0,2.9571428571428573
6306.0,2.9571428571428573
6307.0,2.9571428571428573
6308.0,2.9571428571428573
6309.0,2.9571428571428573
6310.0,2.9571428571428573
6311.0,2.9571428571428573
6312.0,2.9571428571428573
6313.0,2.9571428571428573
6314.0,2.9571428571428573
6315.0,2.9571428571428573
6316.0,2.9571428571428573
6317.0,2.9571428571428573
6318.0,2.9571428571428573
6319.0,2.9571428571428573
6320.0,2.9571428571428573
6321.0,2.9571428571428573
6322.0,2.9571428571428573
6323.0,2.9571428571428573
6324.0,2.9571428571428573
6325.0,2.9571428571428573
6326.0,2.9571428571428573
6327.0,2.9571428571428573
6328.0,2.9571428571428573
6329.0,2.9571428571428573
6330.0,2.9571428571428573
6331.0,2.9571428571428573
6332.0,2.9571428571428573
6333.0,2.9571428571428573
6334.0,2.9571428571428573
6335.0,2.9571428571428573
6336.0,2.9571428571428573
6337.0,2.9571428571428573
6338.0,2.9571428571428573
6339.0,2.9571428571428573
6340.0,2.9571428571428573
6341.0,2.9571428571428573
6342.0,2.9571428571428573
6343.0,2.9571428571428573
6344.0,2.9571428571428573
6345.0,2.9571428571428573
6346.0,2.9571428571428573
6347.0,2.9571428571428573
6348.0,2.9571428571428573
6349.0,2.9571428571428573
6350.0,2.9571428571428573
6351.0,2.9571428571428573
6352.0,2.9571428571428573
6353.0,2.9571428571428573
6354.0,2.9571428571428573
6355.0,2.9571428571428573
6356.0,2.9571428571428573
6357.0,2.9571428571428573
6358.0,2.9571428571428573
6359.0,2.9571428571428573
6360.0,2.9571428571428573
6361.0,2.9571428571428573
6362.0,2.9571428571428573
6363.0,2.9571428571428573
6364.0,2.9571428571428573
6365.0,2.9571428571428573
6366.0,2.9571428571428573
6367.0,2.9571428571428573
6368.0,2.9571428571428573
6369.0,2.9571428571428573
6370.0,2.9571428571428573
6371.0,2.9571428571428573
6372.0,2.9571428571428573
6373.0,2.9571428571428573
6374.0,2.9571428571428573
6375.0,2.9571428571428573
6376.0,2.9571428571428573
6377.0,2.9571428571428573
6378.0,2.9571428571428573
6379.0,2.9571428571428573
6380.0,2.9571428571428573
6381.0,2.9571428571428573
6382.0,2.9571428571428573
6383.0,2.9571428571428573
6384.0,2.9571428571428573
6385.0,2.9571428571428573
6386.0,2.9571428571428573
6387.0,2.9571428571428573
6388.0,2.9571428571428573
6389.0,2.9571428571428573
6390.0,2.9571428571428573
6391.0,2.9571428571428573
6392.0,2.9571428571428573
6393.0,2.9571428571428573
6394.0,2.9571428571428573
6395.0,2.9571428571428573
6396.0,2.9571428571428573
6397.0,2.9571428571428573
6398.0,2.9571428571428573
6399.0,2.9571428571428573
6400.0,2.9571428571428573
6401.0,2.9571428571428573
6402.0,2.9571428571428573
6403.0,2.9571428571428573
6404.0,2.9571428571428573
6405.0,2.9571428571428573
6406.0,2.9571428571428573
6407.0,2.9571428571428573
6408.0,2.9571428571428573
6409.0,2.9571428571428573
6410.0,2.9571428571428573
6411.0,2.9571428571428573
6412.0,2.9571428571428573
6413.0,2.9571428571428573
6414.0,2.9571428571428573
6415.0,2.9571428571428573
6416.0,2.9571428571428573
6417.0,2.9571428571428573
6418.0,2.9571428571428573
6419.0,2.9571428571428573
6420.0,2.9571428571428573
6421.0,2.9571428571428573
6422.0,2.9571428571428573
6423.0,2.9571428571428573
6424.0,2.9571428571428573
6425.0,2.9571428571428573
6426.0,2.9571428571428573
6427.0,2.9571428571428573
6428.0,2.9571428571428573
6429.0,2.9571428571428573
6430.0,2.9571428571428573
6431.0,2.9571428571428573
6432.0,2.9571428571428573
6433.0,2.9571428571428573
6434.0,2.9571428571428573
6435.0,2.9571428571428573
6436.0,2.9571428571428573
6437.0,2.9571428571428573
6438.0,2.9571428571428573
6439.0,2.9571428571428573
6440.0,2.9571428571428573
6441.0,2.9571428571428573
6442.0,2.9571428571428573
6443.0,2.9571428571428573
6444.0,2.9571428571428573
6445.0,2.9571428571428573
6446.0,2.9571428571428573
6447.0,2.9571428571428573
6448.0,2.9571428571428573
6449.0,2.9571428571428573
6450.0,2.9571428571428573
6451.0,2.9571428571428573
6452.0,2.9571428571428573
6453.0,2.9571428571428573
6454.0,2.9571428571428573
6455.0,2.9571428571428573
6456.0,2.9571428571428573
6457.0,2.9571428571428573
6458.0,2.9571428571428573
6459.0,2.9571428571428573
6460.0,2.9571428571428573
6461.0,2.9571428571428573
6462.0,2.9571428571428573
6463.0,2.9571428571428573
6464.0,2.9571428571428573
6465.0,2.9571428571428573
6466.0,2.914285714285714
6467.0,2.9571428571428573
6468.0,2.9571428571428573
6469.0,2.9571428571428573
6470.0,2.9571428571428573
6471.0,2.9571428571428573
6472.0,2.9571428571428573
6473.0,2.9571428571428573
6474.0,2.9571428571428573
6475.0,2.9571428571428573
6476.0,2.9571428571428573
6477.0,2.9571428571428573
6478.0,2.9571428571428573
6479.0,2.9571428571428573
6480.0,2.9571428571428573
6481.0,2.9571428571428573
6482.0,2.9571428571428573
6483.0,2.9571428571428573
6484.0,2.9571428571428573
6485.0,2.9571428571428573
6486.0,2.9571428571428573
6487.0,2.9571428571428573
6488.0,2.9571428571428573
6489.0,2.9571428571428573
6490.0,2.9571428571428573
6491.0,2.9571428571428573
6492.0,2.9571428571428573
6493.0,2.9571428571428573
6494.0,2.9571428571428573
6495.0,2.9571428571428573
6496.0,2.9571428571428573
6497.0,2.9571428571428573
6498.0,2.9571428571428573
6499.0,2.9571428571428573
6500.0,2.9571428571428573
6501.0,2.9571428571428573
6502.0,2.9571428571428573
6503.0,2.9571428571428573
6504.0,2.9571428571428573
6505.0,2.9571428571428573
6506.0,2.9571428571428573
6507.0,2.9571428571428573
6508.0,2.9571428571428573
6509.0,2.9571428571428573
6510.0,2.9571428571428573
6511.0,2.9571428571428573
6512.0,2.9571428571428573
6513.0,2.9571428571428573
6514.0,2.9571428571428573
6515.0,2.9571428571428573
6516.0,2.9571428571428573
6517.0,2.9571428571428573
6518.0,2.9571428571428573
6519.0,2.9571428571428573
6520.0,2.914285714285714
6521.0,2.9571428571428573
6522.0,2.9571428571428573
6523.0,2.9571428571428573
6524.0,2.9571428571428573
6525.0,2.9571428571428573
6526.0,2.9571428571428573
6527.0,2.9571428571428573
6528.0,2.9571428571428573
6529.0,2.9571428571428573
6530.0,2.9571428571428573
6531.0,2.9571428571428573
6532.0,2.9571428571428573
6533.0,2.9571428571428573
6534.0,2.9571428571428573
6535.0,2.9571428571428573
6536.0,2.9571428571428573
6537.0,2.9571428571428573
6538.0,2.9571428571428573
6539.0,2.9571428571428573
6540.0,2.9571428571428573
6541.0,2.9571428571428573
6542.0,2.9571428571428573
6543.0,2.9571428571428573
6544.0,2.9571428571428573
6545.0,2.9571428571428573
6546.0,2.9571428571428573
6547.0,2.9571428571428573
6548.0,2.9571428571428573
6549.0,2.9571428571428573
6550.0,2.9571428571428573
6551.0,2.9571428571428573
6552.0,2.9571428571428573
6553.0,2.9571428571428573
6554.0,2.9571428571428573
6555.0,2.9571428571428573
6556.0,2.9571428571428573
6557.0,2.9571428571428573
6558.0,2.9571428571428573
6559.0,2.9571428571428573
6560.0,2.9571428571428573
6561.0,2.9571428571428573
6562.0,2.9571428571428573
6563.0,2.9571428571428573
6564.0,2.9571428571428573
6565.0,2.9571428571428573
6566.0,2.9571428571428573
6567.0,2.9571428571428573
6568.0,2.9571428571428573
6569.0,2.9571428571428573
6570.0,2.9571428571428573
6571.0,2.9571428571428573
6572.0,2.9571428571428573
6573.0,2.9571428571428573
6574.0,2.9571428571428573
6575.0,2.9571428571428573
6576.0,2.9571428571428573
6577.0,2.9571428571428573
6578.0,2.9571428571428573
6579.0,2.9571428571428573
6580.0,2.9571428571428573
6581.0,2.9571428571428573
6582.0,2.9571428571428573
6583.0,2.9571428571428573
6584.0,2.9571428571428573
6585.0,2.9571428571428573
6586.0,2.9571428571428573
6587.0,2.9571428571428573
6588.0,2.9571428571428573
6589.0,2.9571428571428573
6590.0,2.9571428571428573
6591.0,2.9571428571428573
6592.0,2.9571428571428573
6593.0,2.9571428571428573
6594.0,2.9571428571428573
6595.0,2.9571428571428573
6596.0,2.9571428571428573
6597.0,2.9571428571428573
6598.0,2.9571428571428573
6599.0,2.9571428571428573
6600.0,2.9571428571428573
6601.0,2.9571428571428573
6602.0,2.9571428571428573
6603.0,2.9571428571428573
6604.0,2.9571428571428573
6605.0,2.9571428571428573
6606.0,2.9571428571428573
6607.0,2.9571428571428573
6608.0,2.9571428571428573
6609.0,2.9571428571428573
6610.0,2.9571428571428573
6611.0,2.9571428571428573
6612.0,2.9571428571428573
6613.0,2.9571428571428573
6614.0,2.9571428571428573
6615.0,2.9571428571428573
6616.0,2.9571428571428573
6617.0,2.9571428571428573
6618.0,2.9571428571428573
6619.0,2.9571428571428573
6620.0,2.9571428571428573
6621.0,2.9571428571428573
6622.0,2.9571428571428573
6623.0,2.9571428571428573
6624.0,2.9571428571428573
6625.0,2.9571428571428573
6626.0,2.9571428571428573
6627.0,2.9571428571428573
6628.0,2.9571428571428573
6629.0,2.9571428571428573
6630.0,2.9571428571428573
6631.0,2.9571428571428573
6632.0,2.9571428571428573
6633.0,2.9571428571428573
6634.0,2.9571428571428573
6635.0,2.9571428571428573
6636.0,2.9571428571428573
6637.0,2.9571428571428573
6638.0,2.9571428571428573
6639.0,2.9571428571428573
6640.0,2.9571428571428573
6641.0,2.9571428571428573
6642.0,2.9571428571428573
6643.0,2.9571428571428573
6644.0,2.9571428571428573
6645.0,2.9571428571428573
6646.0,2.9571428571428573
6647.0,2.9571428571428573
6648.0,2.9571428571428573
6649.0,2.9571428571428573
6650.0,2.9571428571428573
6651.0,2.9571428571428573
6652.0,2.9571428571428573
6653.0,2.9571428571428573
6654.0,2.914285714285714
6655.0,2.9571428571428573
6656.0,2.9571428571428573
6657.0,2.9571428571428573
6658.0,2.914285714285714
6659.0,2.9571428571428573
6660.0,2.9571428571428573
6661.0,2.9571428571428573
6662.0,2.9571428571428573
6663.0,2.9571428571428573
6664.0,2.9571428571428573
6665.0,2.9571428571428573
6666.0,2.9571428571428573
6667.0,2.9571428571428573
6668.0,2.9571428571428573
6669.0,2.9571428571428573
6670.0,2.9571428571428573
6671.0,2.9571428571428573
6672.0,2.9571428571428573
6673.0,2.9571428571428573
6674.0,2.9571428571428573
6675.0,2.9571428571428573
6676.0,2.9571428571428573
6677.0,2.9571428571428573
6678.0,2.9571428571428573
6679.0,2.9571428571428573
6680.0,2.9571428571428573
6681.0,2.9571428571428573
6682.0,2.9571428571428573
6683.0,2.9571428571428573
6684.0,2.9571428571428573
6685.0,2.9571428571428573
6686.0,2.9571428571428573
6687.0,2.9571428571428573
6688.0,2.9571428571428573
6689.0,2.9571428571428573
6690.0,2.9571428571428573
6691.0,2.9571428571428573
6692.0,2.9571428571428573
6693.0,2.9571428571428573
6694.0,2.9571428571428573
6695.0,2.9571428571428573
6696.0,2.9571428571428573
6697.0,2.9571428571428573
6698.0,2.9571428571428573
6699.0,2.9571428571428573
6700.0,2.9571428571428573
6701.0,2.9571428571428573
6702.0,2.9571428571428573
6703.0,2.9571428571428573
6704.0,2.9571428571428573
6705.0,2.9571428571428573
6706.0,2.9571428571428573
6707.0,2.9571428571428573
6708.0,2.9571428571428573
6709.0,2.9571428571428573
6710.0,2.914285714285714
6711.0,2.9571428571428573
6712.0,2.9571428571428573
6713.0,2.9571428571428573
6714.0,2.9571428571428573
6715.0,2.9571428571428573
6716.0,2.914285714285714
6717.0,2.9571428571428573
6718.0,2.9571428571428573
6719.0,2.9571428571428573
6720.0,2.9571428571428573
6721.0,2.9571428571428573
6722.0,2.9571428571428573
6723.0,2.9571428571428573
6724.0,2.9571428571428573
6725.0,2.9571428571428573
6726.0,2.9571428571428573
6727.0,2.9571428571428573
6728.0,2.9571428571428573
6729.0,2.9571428571428573
6730.0,2.9571428571428573
6731.0,2.9571428571428573
6732.0,2.9571428571428573
6733.0,2.9571428571428573
6734.0,2.9571428571428573
6735.0,2.9571428571428573
6736.0,2.9571428571428573
6737.0,2.9571428571428573
6738.0,2.9571428571428573
6739.0,2.9571428571428573
6740.0,2.9571428571428573
6741.0,2.914285714285714
6742.0,2.9571428571428573
6743.0,2.9571428571428573
6744.0,2.9571428571428573
6745.0,2.9571428571428573
6746.0,2.9571428571428573
6747.0,2.9571428571428573
6748.0,2.9571428571428573
6749.0,2.9571428571428573
6750.0,2.9571428571428573
6751.0,2.9571428571428573
6752.0,2.9571428571428573
6753.0,2.9571428571428573
6754.0,2.9571428571428573
6755.0,2.9571428571428573
6756.0,2.9571428571428573
6757.0,2.9571428571428573
6758.0,2.9571428571428573
6759.0,2.9571428571428573
6760.0,2.9571428571428573
6761.0,2.9571428571428573
6762.0,2.9571428571428573
6763.0,2.9571428571428573
6764.0,2.9571428571428573
6765.0,2.9571428571428573
6766.0,2.9571428571428573
6767.0,2.9571428571428573
6768.0,2.9571428571428573
6769.0,2.9571428571428573
6770.0,2.9571428571428573
6771.0,2.9571428571428573
6772.0,2.9571428571428573
6773.0,2.9571428571428573
6774.0,2.9571428571428573
6775.0,2.9571428571428573
6776.0,2.9571428571428573
6777.0,2.9571428571428573
6778.0,2.9571428571428573
6779.0,2.9571428571428573
6780.0,2.9571428571428573
6781.0,2.9571428571428573
6782.0,2.9571428571428573
6783.0,2.9571428571428573
6784.0,2.9571428571428573
6785.0,2.9571428571428573
6786.0,2.9571428571428573
6787.0,2.9571428571428573
6788.0,2.9571428571428573
6789.0,2.9571428571428573
6790.0,2.9571428571428573
6791.0,2.9571428571428573
6792.0,2.9571428571428573
6793.0,2.9571428571428573
6794.0,2.9571428571428573
6795.0,2.9571428571428573
6796.0,2.9571428571428573
6797.0,2.9571428571428573
6798.0,2.9571428571428573
6799.0,2.9571428571428573
6800.0,2.9571428571428573
6801.0,2.9571428571428573
6802.0,2.9571428571428573
6803.0,2.9571428571428573
6804.0,2.9571428571428573
6805.0,2.9571428571428573
6806.0,2.9571428571428573
6807.0,2.9571428571428573
6808.0,2.9571428571428573
6809.0,2.9571428571428573
6810.0,2.9571428571428573
6811.0,2.9571428571428573
6812.0,2.9571428571428573
6813.0,2.9571428571428573
6814.0,2.9571428571428573
6815.0,2.9571428571428573
6816.0,2.9571428571428573
6817.0,2.9571428571428573
6818.0,2.9571428571428573
6819.0,2.9571428571428573
6820.0,2.9571428571428573
6821.0,2.9571428571428573
6822.0,2.9571428571428573
6823.0,2.9571428571428573
6824.0,2.9571428571428573
6825.0,2.9571428571428573
6826.0,2.9571428571428573
6827.0,2.9571428571428573
6828.0,2.9571428571428573
6829.0,2.9571428571428573
6830.0,2.9571428571428573
6831.0,2.9571428571428573
6832.0,2.9571428571428573
6833.0,2.9571428571428573
6834.0,2.9571428571428573
6835.0,2.9571428571428573
6836.0,2.9571428571428573
6837.0,2.9571428571428573
6838.0,2.9571428571428573
6839.0,2.9571428571428573
6840.0,2.9571428571428573
6841.0,2.9571428571428573
6842.0,2.9571428571428573
6843.0,2.9571428571428573
6844.0,2.9571428571428573
6845.0,2.9571428571428573
6846.0,2.9571428571428573
6847.0,2.9571428571428573
6848.0,2.9571428571428573
6849.0,2.9571428571428573
6850.0,2.9571428571428573
6851.0,2.9571428571428573
6852.0,2.914285714285714
6853.0,2.9571428571428573
6854.0,2.9571428571428573
6855.0,2.9571428571428573
6856.0,2.9571428571428573
6857.0,2.914285714285714
6858.0,2.9571428571428573
6859.0,2.9571428571428573
6860.0,2.914285714285714
6861.0,2.9571428571428573
6862.0,2.914285714285714
6863.0,2.9571428571428573
6864.0,2.9571428571428573
6865.0,2.9571428571428573
6866.0,2.9571428571428573
6867.0,2.9571428571428573
6868.0,2.9571428571428573
6869.0,2.9571428571428573
6870.0,2.9571428571428573
6871.0,2.9571428571428573
6872.0,2.9571428571428573
6873.0,2.9571428571428573
6874.0,2.9571428571428573
6875.0,2.9571428571428573
6876.0,2.9571428571428573
6877.0,2.9571428571428573
6878.0,2.9571428571428573
6879.0,2.9571428571428573
6880.0,2.9571428571428573
6881.0,2.9571428571428573
6882.0,2.9571428571428573
6883.0,2.9571428571428573
6884.0,2.9571428571428573
6885.0,2.9571428571428573
6886.0,2.9571428571428573
6887.0,2.9571428571428573
6888.0,2.9571428571428573
6889.0,2.9571428571428573
6890.0,2.9571428571428573
6891.0,2.9571428571428573
6892.0,2.9571428571428573
6893.0,2.9571428571428573
6894.0,2.9571428571428573
6895.0,2.914285714285714
6896.0,2.9571428571428573
6897.0,2.914285714285714
6898.0,2.9571428571428573
6899.0,2.9571428571428573
6900.0,2.9571428571428573
6901.0,2.9571428571428573
6902.0,2.914285714285714
6903.0,2.914285714285714
6904.0,2.9571428571428573
6905.0,2.9571428571428573
6906.0,2.9571428571428573
6907.0,2.9571428571428573
6908.0,2.9571428571428573
6909.0,2.9571428571428573
6910.0,2.9571428571428573
6911.0,2.9571428571428573
6912.0,2.9571428571428573
6913.0,2.9571428571428573
6914.0,2.9571428571428573
6915.0,2.914285714285714
6916.0,2.914285714285714
6917.0,2.9571428571428573
6918.0,2.914285714285714
6919.0,2.9571428571428573
6920.0,2.914285714285714
6921.0,2.914285714285714
6922.0,2.914285714285714
6923.0,2.914285714285714
6924.0,2.914285714285714
6925.0,2.914285714285714
6926.0,2.914285714285714
6927.0,2.9571428571428573
6928.0,2.9571428571428573
6929.0,2.9571428571428573
6930.0,2.9571428571428573
6931.0,2.9571428571428573
6932.0,2.9571428571428573
6933.0,2.9571428571428573
6934.0,2.9571428571428573
6935.0,2.914285714285714
6936.0,2.9571428571428573
6937.0,2.9571428571428573
6938.0,2.9571428571428573
6939.0,2.9571428571428573
6940.0,2.9571428571428573
6941.0,2.9571428571428573
6942.0,2.9571428571428573
6943.0,2.9571428571428573
6944.0,2.914285714285714
6945.0,2.9571428571428573
6946.0,2.9571428571428573
6947.0,2.9571428571428573
6948.0,2.9571428571428573
6949.0,2.914285714285714
6950.0,2.9571428571428573
6951.0,2.9571428571428573
6952.0,2.914285714285714
6953.0,2.914285714285714
6954.0,2.9571428571428573
6955.0,2.9571428571428573
6956.0,2.914285714285714
6957.0,2.9571428571428573
6958.0,2.9571428571428573
6959.0,2.9571428571428573
6960.0,2.9571428571428573
6961.0,2.914285714285714
6962.0,2.914285714285714
6963.0,2.9571428571428573
6964.0,2.9571428571428573
6965.0,2.9571428571428573
6966.0,2.9571428571428573
6967.0,2.9571428571428573
6968.0,2.9571428571428573
6969.0,2.9571428571428573
6970.0,2.9571428571428573
6971.0,2.9571428571428573
6972.0,2.9571428571428573
6973.0,2.9571428571428573
6974.0,2.9571428571428573
6975.0,2.914285714285714
6976.0,2.9571428571428573
6977.0,2.9571428571428573
6978.0,2.9571428571428573
6979.0,2.9571428571428573
6980.0,2.9571428571428573
6981.0,2.9571428571428573
6982.0,2.9571428571428573
6983.0,2.914285714285714
6984.0,2.9571428571428573
6985.0,2.9571428571428573
6986.0,2.9571428571428573
6987.0,2.9571428571428573
6988.0,2.9571428571428573
6989.0,2.9571428571428573
6990.0,2.914285714285714
6991.0,2.9571428571428573
6992.0,2.9571428571428573
6993.0,2.914285714285714
6994.0,2.9571428571428573
6995.0,2.9571428571428573
6996.0,2.9571428571428573
6997.0,2.9571428571428573
6998.0,2.9571428571428573
6999.0,2.9571428571428573
7000.0,2.9571428571428573
7001.0,2.9571428571428573
7002.0,2.9571428571428573
7003.0,2.9571428571428573
7004.0,2.9571428571428573
7005.0,2.9571428571428573
7006.0,2.9571428571428573
7007.0,2.9571428571428573
7008.0,2.9571428571428573
7009.0,2.914285714285714
7010.0,2.9571428571428573
7011.0,2.9571428571428573
7012.0,2.9571428571428573
7013.0,2.9571428571428573
7014.0,2.914285714285714
7015.0,2.9571428571428573
7016.0,2.9571428571428573
7017.0,2.9571428571428573
7018.0,2.9571428571428573
7019.0,2.914285714285714
7020.0,2.9571428571428573
7021.0,2.9571428571428573
7022.0,2.914285714285714
7023.0,2.9571428571428573
7024.0,2.914285714285714
7025.0,2.9571428571428573
7026.0,2.9571428571428573
7027.0,2.9571428571428573
7028.0,2.9571428571428573
7029.0,2.9571428571428573
7030.0,2.9571428571428573
7031.0,2.9571428571428573
7032.0,2.9571428571428573
7033.0,2.9571428571428573
7034.0,2.9571428571428573
7035.0,2.9571428571428573
7036.0,2.9571428571428573
7037.0,2.9571428571428573
7038.0,2.9571428571428573
7039.0,2.9571428571428573
7040.0,2.914285714285714
7041.0,2.914285714285714
7042.0,2.9571428571428573
7043.0,2.9571428571428573
7044.0,2.9571428571428573
7045.0,2.9571428571428573
7046.0,2.9571428571428573
7047.0,2.9571428571428573
7048.0,2.9571428571428573
7049.0,2.9571428571428573
7050.0,2.9571428571428573
7051.0,2.914285714285714
7052.0,2.914285714285714
7053.0,2.9571428571428573
7054.0,2.9571428571428573
7055.0,2.9571428571428573
7056.0,2.9571428571428573
7057.0,2.914285714285714
7058.0,2.9571428571428573
7059.0,2.9571428571428573
7060.0,2.9571428571428573
7061.0,2.9571428571428573
7062.0,2.9571428571428573
7063.0,2.9571428571428573
7064.0,2.914285714285714
7065.0,2.9571428571428573
7066.0,2.914285714285714
7067.0,2.9571428571428573
7068.0,2.9571428571428573
7069.0,2.9571428571428573
7070.0,2.9571428571428573
7071.0,2.9571428571428573
7072.0,2.914285714285714
7073.0,2.9571428571428573
7074.0,2.9571428571428573
7075.0,2.9571428571428573
7076.0,2.9571428571428573
7077.0,2.9571428571428573
7078.0,2.9571428571428573
7079.0,2.9571428571428573
7080.0,2.914285714285714
7081.0,2.9571428571428573
7082.0,2.9571428571428573
7083.0,2.914285714285714
7084.0,2.9571428571428573
7085.0,2.9571428571428573
7086.0,2.9571428571428573
7087.0,2.9571428571428573
7088.0,2.9571428571428573
7089.0,2.914285714285714
7090.0,2.9571428571428573
7091.0,2.9571428571428573
7092.0,2.9571428571428573
7093.0,2.9571428571428573
7094.0,2.914285714285714
7095.0,2.9571428571428573
7096.0,2.9571428571428573
7097.0,2.9571428571428573
7098.0,2.9571428571428573
7099.0,2.914285714285714
7100.0,2.9571428571428573
7101.0,2.914285714285714
7102.0,2.914285714285714
7103.0,2.914285714285714
7104.0,2.9571428571428573
7105.0,2.9571428571428573
7106.0,2.914285714285714
7107.0,2.9571428571428573
7108.0,2.914285714285714
7109.0,2.9571428571428573
7110.0,2.9571428571428573
7111.0,2.9571428571428573
7112.0,2.9571428571428573
7113.0,2.914285714285714
7114.0,2.9571428571428573
7115.0,2.9571428571428573
7116.0,2.914285714285714
7117.0,2.9571428571428573
7118.0,2.914285714285714
7119.0,2.914285714285714
7120.0,2.9571428571428573
7121.0,2.9571428571428573
7122.0,2.9571428571428573
7123.0,2.914285714285714
7124.0,2.9571428571428573
7125.0,2.9571428571428573
7126.0,2.914285714285714
7127.0,2.9571428571428573
7128.0,2.914285714285714
7129.0,2.914285714285714
7130.0,2.9571428571428573
7131.0,2.9571428571428573
7132.0,2.9571428571428573
7133.0,2.9571428571428573
7134.0,2.9571428571428573
7135.0,2.9571428571428573
7136.0,2.9571428571428573
7137.0,2.914285714285714
7138.0,2.914285714285714
7139.0,2.9571428571428573
7140.0,2.914285714285714
7141.0,2.9571428571428573
7142.0,2.914285714285714
7143.0,2.914285714285714
7144.0,2.914285714285714
7145.0,2.9571428571428573
7146.0,2.914285714285714
7147.0,2.9571428571428573
7148.0,2.914285714285714
7149.0,2.9571428571428573
7150.0,2.9571428571428573
7151.0,2.9571428571428573
7152.0,2.9571428571428573
7153.0,2.9571428571428573
7154.0,2.9571428571428573
7155.0,2.9571428571428573
7156.0,2.9571428571428573
7157.0,2.9571428571428573
7158.0,2.9571428571428573
7159.0,2.9571428571428573
7160.0,2.9571428571428573
7161.0,2.9571428571428573
7162.0,2.9571428571428573
7163.0,2.9571428571428573
7164.0,2.914285714285714
7165.0,2.9571428571428573
7166.0,2.914285714285714
7167.0,2.9571428571428573
7168.0,2.9571428571428573
7169.0,2.914285714285714
7170.0,2.9571428571428573
7171.0,2.914285714285714
7172.0,2.914285714285714
7173.0,2.9571428571428573
7174.0,2.914285714285714
7175.0,2.9571428571428573
7176.0,2.914285714285714
7177.0,2.9571428571428573
7178.0,2.9571428571428573
7179.0,2.9571428571428573
7180.0,2.914285714285714
7181.0,2.9571428571428573
7182.0,2.914285714285714
7183.0,2.914285714285714
7184.0,2.914285714285714
7185.0,2.9571428571428573
7186.0,2.9571428571428573
7187.0,2.914285714285714
7188.0,2.914285714285714
7189.0,2.914285714285714
7190.0,2.9571428571428573
7191.0,2.9571428571428573
7192.0,2.914285714285714
7193.0,2.9571428571428573
7194.0,2.9571428571428573
7195.0,2.9571428571428573
7196.0,2.9571428571428573
7197.0,2.9571428571428573
7198.0,2.9571428571428573
7199.0,2.914285714285714
7200.0,2.9571428571428573
7201.0,2.9571428571428573
7202.0,2.914285714285714
7203.0,2.9571428571428573
7204.0,2.914285714285714
7205.0,2.9571428571428573
7206.0,2.914285714285714
7207.0,2.9571428571428573
7208.0,2.914285714285714
7209.0,2.9571428571428573
7210.0,2.9571428571428573
7211.0,2.9571428571428573
7212.0,2.914285714285714
7213.0,2.914285714285714
7214.0,2.9571428571428573
7215.0,2.914285714285714
7216.0,2.9571428571428573
7217.0,2.914285714285714
7218.0,2.914285714285714
7219.0,2.914285714285714
7220.0,2.9571428571428573
7221.0,2.9571428571428573
7222.0,2.9571428571428573
7223.0,2.9571428571428573
7224.0,2.9571428571428573
7225.0,2.914285714285714
7226.0,2.914285714285714
7227.0,2.914285714285714
7228.0,2.9571428571428573
7229.0,2.9571428571428573
7230.0,2.914285714285714
7231.0,2.9571428571428573
7232.0,2.914285714285714
7233.0,2.9571428571428573
7234.0,2.9571428571428573
7235.0,2.9571428571428573
7236.0,2.914285714285714
7237.0,2.914285714285714
7238.0,2.9571428571428573
7239.0,2.914285714285714
7240.0,2.9571428571428573
7241.0,2.914285714285714
7242.0,2.914285714285714
7243.0,2.914285714285714
7244.0,2.914285714285714
7245.0,2.9571428571428573
7246.0,2.9571428571428573
7247.0,2.9571428571428573
7248.0,2.914285714285714
7249.0,2.914285714285714
7250.0,2.9571428571428573
7251.0,2.9571428571428573
7252.0,2.914285714285714
7253.0,2.9571428571428573
7254.0,2.9571428571428573
7255.0,2.9571428571428573
7256.0,2.9571428571428573
7257.0,2.9571428571428573
7258.0,2.914285714285714
7259.0,2.914285714285714
7260.0,2.9571428571428573
7261.0,2.914285714285714
7262.0,2.914285714285714
7263.0,2.914285714285714
7264.0,2.914285714285714
7265.0,2.9571428571428573
7266.0,2.9571428571428573
7267.0,2.914285714285714
7268.0,2.914285714285714
7269.0,2.914285714285714
7270.0,2.914285714285714
7271.0,2.9571428571428573
7272.0,2.9571428571428573
7273.0,2.9571428571428573
7274.0,2.9571428571428573
7275.0,2.9571428571428573
7276.0,2.9571428571428573
7277.0,2.914285714285714
7278.0,2.914285714285714
7279.0,2.914285714285714
7280.0,2.914285714285714
7281.0,2.9571428571428573
7282.0,2.914285714285714
7283.0,2.914285714285714
7284.0,2.914285714285714
7285.0,2.914285714285714
7286.0,2.914285714285714
7287.0,2.914285714285714
7288.0,2.914285714285714
7289.0,2.914285714285714
7290.0,2.9571428571428573
7291.0,2.914285714285714
7292.0,2.9571428571428573
7293.0,2.9571428571428573
7294.0,2.914285714285714
7295.0,2.914285714285714
7296.0,2.9571428571428573
7297.0,2.9571428571428573
7298.0,2.914285714285714
7299.0,2.914285714285714
7300.0,2.914285714285714
7301.0,2.914285714285714
7302.0,2.9571428571428573
7303.0,2.9571428571428573
7304.0,2.914285714285714
7305.0,2.9571428571428573
7306.0,2.914285714285714
7307.0,2.914285714285714
7308.0,2.914285714285714
7309.0,2.914285714285714
7310.0,2.9571428571428573
7311.0,2.9571428571428573
7312.0,2.914285714285714
7313.0,2.914285714285714
7314.0,2.914285714285714
7315.0,2.9571428571428573
7316.0,2.914285714285714
7317.0,2.9571428571428573
7318.0,2.914285714285714
7319.0,2.914285714285714
7320.0,2.914285714285714
7321.0,2.914285714285714
7322.0,2.914285714285714
7323.0,2.914285714285714
7324.0,2.914285714285714
7325.0,2.9571428571428573
7326.0,2.914285714285714
7327.0,2.914285714285714
7328.0,2.914285714285714
7329.0,2.914285714285714
7330.0,2.9571428571428573
7331.0,2.9571428571428573
7332.0,2.914285714285714
7333.0,2.914285714285714
7334.0,2.914285714285714
7335.0,2.9571428571428573
7336.0,2.914285714285714
7337.0,2.914285714285714
7338.0,2.914285714285714
7339.0,2.914285714285714
7340.0,2.914285714285714
7341.0,2.914285714285714
7342.0,2.914285714285714
7343.0,2.914285714285714
7344.0,2.914285714285714
7345.0,2.914285714285714
7346.0,2.9571428571428573
7347.0,2.9571428571428573
7348.0,2.914285714285714
7349.0,2.914285714285714
7350.0,2.9571428571428573
7351.0,2.9571428571428573
7352.0,2.9571428571428573
7353.0,2.914285714285714
7354.0,2.914285714285714
7355.0,2.914285714285714
7356.0,2.9571428571428573
7357.0,2.9571428571428573
7358.0,2.914285714285714
7359.0,2.914285714285714
7360.0,2.914285714285714
7361.0,2.914285714285714
7362.0,2.914285714285714
7363.0,2.914285714285714
7364.0,2.914285714285714
7365.0,2.9571428571428573
7366.0,2.914285714285714
7367.0,2.914285714285714
7368.0,2.914285714285714
7369.0,2.914285714285714
7370.0,2.914285714285714
7371.0,2.914285714285714
7372.0,2.914285714285714
7373.0,2.914285714285714
7374.0,2.914285714285714
7375.0,2.9571428571428573
7376.0,2.914285714285714
7377.0,2.914285714285714
7378.0,2.9571428571428573
7379.0,2.9571428571428573
7380.0,2.914285714285714
7381.0,2.914285714285714
7382.0,2.914285714285714
7383.0,2.914285714285714
7384.0,2.914285714285714
7385.0,2.9571428571428573
7386.0,2.914285714285714
7387.0,2.9571428571428573
7388.0,2.914285714285714
7389.0,2.9571428571428573
7390.0,2.9571428571428573
7391.0,2.9571428571428573
7392.0,2.914285714285714
7393.0,2.9571428571428573
7394.0,2.914285714285714
7395.0,2.914285714285714
7396.0,2.9571428571428573
7397.0,2.914285714285714
7398.0,2.914285714285714
7399.0,2.914285714285714
7400.0,2.914285714285714
7401.0,2.914285714285714
7402.0,2.914285714285714
7403.0,2.914285714285714
7404.0,2.9571428571428573
7405.0,2.9571428571428573
7406.0,2.9571428571428573
7407.0,2.9571428571428573
7408.0,2.9571428571428573
7409.0,2.914285714285714
7410.0,2.9571428571428573
7411.0,2.914285714285714
7412.0,2.9571428571428573
7413.0,2.914285714285714
7414.0,2.914285714285714
7415.0,2.9571428571428573
7416.0,2.914285714285714
7417.0,2.9571428571428573
7418.0,2.9571428571428573
7419.0,2.9571428571428573
7420.0,2.9571428571428573
7421.0,2.9571428571428573
7422.0,2.914285714285714
7423.0,2.914285714285714
7424.0,2.914285714285714
7425.0,2.914285714285714
7426.0,2.914285714285714
7427.0,2.914285714285714
7428.0,2.914285714285714
7429.0,2.914285714285714
7430.0,2.914285714285714
7431.0,2.914285714285714
7432.0,2.914285714285714
7433.0,2.914285714285714
7434.0,2.914285714285714
7435.0,2.914285714285714
7436.0,2.914285714285714
7437.0,2.9571428571428573
7438.0,2.914285714285714
7439.0,2.914285714285714
7440.0,2.914285714285714
7441.0,2.914285714285714
7442.0,2.914285714285714
7443.0,2.914285714285714
7444.0,2.914285714285714
7445.0,2.914285714285714
7446.0,2.9571428571428573
7447.0,2.914285714285714
7448.0,2.9571428571428573
7449.0,2.914285714285714
7450.0,2.914285714285714
7451.0,2.914285714285714
7452.0,2.9571428571428573
7453.0,2.9571428571428573
7454.0,2.914285714285714
7455.0,2.9571428571428573
7456.0,2.914285714285714
7457.0,2.9571428571428573
7458.0,2.914285714285714
7459.0,2.914285714285714
7460.0,2.914285714285714
7461.0,2.914285714285714
7462.0,2.914285714285714
7463.0,2.9571428571428573
7464.0,2.914285714285714
7465.0,2.914285714285714
7466.0,2.914285714285714
7467.0,2.914285714285714
7468.0,2.914285714285714
7469.0,2.914285714285714
7470.0,2.914285714285714
7471.0,2.9571428571428573
7472.0,2.914285714285714
7473.0,2.9571428571428573
7474.0,2.9571428571428573
7475.0,2.914285714285714
7476.0,2.914285714285714
7477.0,2.914285714285714
7478.0,2.914285714285714
7479.0,2.914285714285714
7480.0,2.914285714285714
7481.0,2.9571428571428573
7482.0,2.914285714285714
7483.0,2.914285714285714
7484.0,2.914285714285714
7485.0,2.914285714285714
7486.0,2.914285714285714
7487.0,2.9571428571428573
7488.0,2.914285714285714
7489.0,2.914285714285714
7490.0,2.914285714285714
7491.0,2.914285714285714
7492.0,2.914285714285714
7493.0,2.914285714285714
7494.0,2.9571428571428573
7495.0,2.914285714285714
7496.0,2.9571428571428573
7497.0,2.9571428571428573
7498.0,2.914285714285714
7499.0,2.914285714285714
7500.0,2.914285714285714
7501.0,2.914285714285714
7502.0,2.914285714285714
7503.0,2.914285714285714
7504.0,2.914285714285714
7505.0,2.914285714285714
7506.0,2.914285714285714
7507.0,2.914285714285714
7508.0,2.914285714285714
7509.0,2.914285714285714
7510.0,2.914285714285714
7511.0,2.914285714285714
7512.0,2.914285714285714
7513.0,2.914285714285714
7514.0,2.914285714285714
7515.0,2.914285714285714
7516.0,2.914285714285714
7517.0,2.914285714285714
7518.0,2.914285714285714
7519.0,2.914285714285714
7520.0,2.9571428571428573
7521.0,2.9571428571428573
7522.0,2.914285714285714
7523.0,2.914285714285714
7524.0,2.9571428571428573
7525.0,2.9571428571428573
7526.0,2.914285714285714
7527.0,2.914285714285714
7528.0,2.914285714285714
7529.0,2.914285714285714
7530.0,2.9571428571428573
7531.0,2.914285714285714
7532.0,2.914285714285714
7533.0,2.914285714285714
7534.0,2.914285714285714
7535.0,2.914285714285714
7536.0,2.914285714285714
7537.0,2.914285714285714
7538.0,2.914285714285714
7539.0,2.914285714285714
7540.0,2.914285714285714
7541.0,2.914285714285714
7542.0,2.914285714285714
7543.0,2.914285714285714
7544.0,2.914285714285714
7545.0,2.914285714285714
7546.0,2.914285714285714
7547.0,2.914285714285714
7548.0,2.914285714285714
7549.0,2.914285714285714
7550.0,2.914285714285714
7551.0,2.914285714285714
7552.0,2.914285714285714
7553.0,2.914285714285714
7554.0,2.914285714285714
7555.0,2.914285714285714
7556.0,2.914285714285714
7557.0,2.914285714285714
7558.0,2.914285714285714
7559.0,2.914285714285714
7560.0,2.914285714285714
7561.0,2.914285714285714
7562.0,2.914285714285714
7563.0,2.914285714285714
7564.0,2.914285714285714
7565.0,2.914285714285714
7566.0,2.914285714285714
7567.0,2.914285714285714
7568.0,2.914285714285714
7569.0,2.914285714285714
7570.0,2.914285714285714
7571.0,2.914285714285714
7572.0,2.914285714285714
7573.0,2.914285714285714
7574.0,2.9571428571428573
7575.0,2.914285714285714
7576.0,2.914285714285714
7577.0,2.914285714285714
7578.0,2.914285714285714
7579.0,2.914285714285714
7580.0,2.914285714285714
7581.0,2.9571428571428573
7582.0,2.914285714285714
7583.0,2.914285714285714
7584.0,2.914285714285714
7585.0,2.914285714285714
7586.0,2.914285714285714
7587.0,2.914285714285714
7588.0,2.914285714285714
7589.0,2.914285714285714
7590.0,2.914285714285714
7591.0,2.914285714285714
7592.0,2.914285714285714
7593.0,2.914285714285714
7594.0,2.914285714285714
7595.0,2.914285714285714
7596.0,2.914285714285714
7597.0,2.914285714285714
7598.0,2.914285714285714
7599.0,2.914285714285714
7600.0,2.9571428571428573
7601.0,2.914285714285714
7602.0,2.914285714285714
7603.0,2.914285714285714
7604.0,2.914285714285714
7605.0,2.914285714285714
7606.0,2.914285714285714
7607.0,2.914285714285714
7608.0,2.914285714285714
7609.0,2.914285714285714
7610.0,2.9571428571428573
7611.0,2.914285714285714
7612.0,2.9571428571428573
7613.0,2.9571428571428573
7614.0,2.914285714285714
7615.0,2.914285714285714
7616.0,2.914285714285714
7617.0,2.914285714285714
7618.0,2.914285714285714
7619.0,2.914285714285714
7620.0,2.914285714285714
7621.0,2.9571428571428573
7622.0,2.914285714285714
7623.0,2.914285714285714
7624.0,2.914285714285714
7625.0,2.914285714285714
7626.0,2.914285714285714
7627.0,2.9571428571428573
7628.0,2.914285714285714
7629.0,2.914285714285714
7630.0,2.914285714285714
7631.0,2.914285714285714
7632.0,2.914285714285714
7633.0,2.914285714285714
7634.0,2.914285714285714
7635.0,2.914285714285714
7636.0,2.914285714285714
7637.0,2.914285714285714
7638.0,2.914285714285714
7639.0,2.914285714285714
7640.0,2.914285714285714
7641.0,2.914285714285714
7642.0,2.914285714285714
7643.0,2.914285714285714
7644.0,2.914285714285714
7645.0,2.9571428571428573
7646.0,2.914285714285714
7647.0,2.9571428571428573
7648.0,2.914285714285714
7649.0,2.914285714285714
7650.0,2.914285714285714
7651.0,2.9571428571428573
7652.0,2.914285714285714
7653.0,2.914285714285714
7654.0,2.9571428571428573
7655.0,2.914285714285714
7656.0,2.914285714285714
7657.0,2.914285714285714
7658.0,2.914285714285714
7659.0,2.914285714285714
7660.0,2.914285714285714
7661.0,2.914285714285714
7662.0,2.914285714285714
7663.0,2.914285714285714
7664.0,2.914285714285714
7665.0,2.914285714285714
7666.0,2.914285714285714
7667.0,2.914285714285714
7668.0,2.914285714285714
7669.0,2.914285714285714
7670.0,2.914285714285714
7671.0,2.9571428571428573
7672.0,2.9571428571428573
7673.0,2.914285714285714
7674.0,2.914285714285714
7675.0,2.914285714285714
7676.0,2.9571428571428573
7677.0,2.914285714285714
7678.0,2.914285714285714
7679.0,2.914285714285714
7680.0,2.914285714285714
7681.0,2.914285714285714
7682.0,2.914285714285714
7683.0,2.914285714285714
7684.0,2.914285714285714
7685.0,2.914285714285714
7686.0,2.914285714285714
7687.0,2.914285714285714
7688.0,2.914285714285714
7689.0,2.914285714285714
7690.0,2.914285714285714
7691.0,2.914285714285714
7692.0,2.914285714285714
7693.0,2.914285714285714
7694.0,2.914285714285714
7695.0,2.914285714285714
7696.0,2.914285714285714
7697.0,2.914285714285714
7698.0,2.914285714285714
7699.0,2.914285714285714
7700.0,2.914285714285714
7701.0,2.914285714285714
7702.0,2.9571428571428573
7703.0,2.914285714285714
7704.0,2.914285714285714
7705.0,2.914285714285714
7706.0,2.914285714285714
7707.0,2.914285714285714
7708.0,2.914285714285714
7709.0,2.914285714285714
7710.0,2.9571428571428573
7711.0,2.914285714285714
7712.0,2.914285714285714
7713.0,2.914285714285714
7714.0,2.914285714285714
7715.0,2.914285714285714
7716.0,2.914285714285714
7717.0,2.9571428571428573
7718.0,2.914285714285714
7719.0,2.914285714285714
7720.0,2.914285714285714
7721.0,2.914285714285714
7722.0,2.914285714285714
7723.0,2.914285714285714
7724.0,2.914285714285714
7725.0,2.914285714285714
7726.0,2.914285714285714
7727.0,2.914285714285714
7728.0,2.914285714285714
7729.0,2.914285714285714
7730.0,2.914285714285714
7731.0,2.914285714285714
7732.0,2.914285714285714
7733.0,2.914285714285714
7734.0,2.914285714285714
7735.0,2.914285714285714
7736.0,2.914285714285714
7737.0,2.914285714285714
7738.0,2.914285714285714
7739.0,2.914285714285714
7740.0,2.914285714285714
7741.0,2.914285714285714
7742.0,2.914285714285714
7743.0,2.914285714285714
7744.0,2.914285714285714
7745.0,2.914285714285714
7746.0,2.914285714285714
7747.0,2.914285714285714
7748.0,2.914285714285714
7749.0,2.914285714285714
7750.0,2.914285714285714
7751.0,2.914285714285714
7752.0,2.914285714285714
7753.0,2.9571428571428573
7754.0,2.914285714285714
7755.0,2.9571428571428573
7756.0,2.914285714285714
7757.0,2.914285714285714
7758.0,2.914285714285714
7759.0,2.914285714285714
7760.0,2.914285714285714
7761.0,2.914285714285714
7762.0,2.914285714285714
7763.0,2.914285714285714
7764.0,2.914285714285714
7765.0,2.914285714285714
7766.0,2.914285714285714
7767.0,2.914285714285714
7768.0,2.914285714285714
7769.0,2.914285714285714
7770.0,2.914285714285714
7771.0,2.914285714285714
7772.0,2.914285714285714
7773.0,2.914285714285714
7774.0,2.914285714285714
7775.0,2.914285714285714
7776.0,2.914285714285714
7777.0,2.914285714285714
7778.0,2.914285714285714
7779.0,2.914285714285714
7780.0,2.914285714285714
7781.0,2.914285714285714
7782.0,2.914285714285714
7783.0,2.914285714285714
7784.0,2.914285714285714
7785.0,2.914285714285714
7786.0,2.914285714285714
7787.0,2.914285714285714
7788.0,2.914285714285714
7789.0,2.914285714285714
7790.0,2.914285714285714
7791.0,2.914285714285714
7792.0,2.914285714285714
7793.0,2.914285714285714
7794.0,2.914285714285714
7795.0,2.914285714285714
7796.0,2.914285714285714
7797.0,2.914285714285714
7798.0,2.914285714285714
7799.0,2.914285714285714
7800.0,2.914285714285714
7801.0,2.914285714285714
7802.0,2.914285714285714
7803.0,2.914285714285714
7804.0,2.914285714285714
7805.0,2.914285714285714
7806.0,2.914285714285714
7807.0,2.914285714285714
7808.0,2.914285714285714
7809.0,2.914285714285714
7810.0,2.914285714285714
7811.0,2.914285714285714
7812.0,2.914285714285714
7813.0,2.914285714285714
7814.0,2.914285714285714
7815.0,2.914285714285714
7816.0,2.914285714285714
7817.0,2.914285714285714
7818.0,2.914285714285714
7819.0,2.914285714285714
7820.0,2.914285714285714
7821.0,2.914285714285714
7822.0,2.914285714285714
7823.0,2.914285714285714
7824.0,2.914285714285714
7825.0,2.914285714285714
7826.0,2.914285714285714
7827.0,2.914285714285714
7828.0,2.914285714285714
7829.0,2.914285714285714
7830.0,2.914285714285714
7831.0,2.914285714285714
7832.0,2.914285714285714
7833.0,2.914285714285714
7834.0,2.914285714285714
7835.0,2.914285714285714
7836.0,2.914285714285714
7837.0,2.914285714285714
7838.0,2.914285714285714
7839.0,2.914285714285714
7840.0,2.914285714285714
7841.0,2.914285714285714
7842.0,2.914285714285714
7843.0,2.914285714285714
7844.0,2.914285714285714
7845.0,2.914285714285714
7846.0,2.914285714285714
7847.0,2.914285714285714
7848.0,2.914285714285714
7849.0,2.914285714285714
7850.0,2.914285714285714
7851.0,2.914285714285714
7852.0,2.914285714285714
7853.0,2.914285714285714
7854.0,2.914285714285714
7855.0,2.914285714285714
7856.0,2.914285714285714
7857.0,2.914285714285714
7858.0,2.914285714285714
7859.0,2.914285714285714
7860.0,2.914285714285714
7861.0,2.914285714285714
7862.0,2.914285714285714
7863.0,2.914285714285714
7864.0,2.914285714285714
7865.0,2.914285714285714
7866.0,2.914285714285714
7867.0,2.914285714285714
7868.0,2.914285714285714
7869.0,2.914285714285714
7870.0,2.914285714285714
7871.0,2.914285714285714
7872.0,2.914285714285714
7873.0,2.914285714285714
7874.0,2.914285714285714
7875.0,2.914285714285714
7876.0,2.914285714285714
7877.0,2.914285714285714
7878.0,2.914285714285714
7879.0,2.914285714285714
7880.0,2.914285714285714
7881.0,2.914285714285714
7882.0,2.914285714285714
7883.0,2.914285714285714
7884.0,2.914285714285714
7885.0,2.914285714285714
7886.0,2.914285714285714
7887.0,2.914285714285714
7888.0,2.914285714285714
7889.0,2.914285714285714
7890.0,2.914285714285714
7891.0,2.914285714285714
7892.0,2.914285714285714
7893.0,2.914285714285714
7894.0,2.914285714285714
7895.0,2.914285714285714
7896.0,2.914285714285714
7897.0,2.914285714285714
7898.0,2.914285714285714
7899.0,2.914285714285714
7900.0,2.914285714285714
7901.0,2.914285714285714
7902.0,2.914285714285714
7903.0,2.914285714285714
7904.0,2.914285714285714
7905.0,2.914285714285714
7906.0,2.914285714285714
7907.0,2.914285714285714
7908.0,2.914285714285714
7909.0,2.914285714285714
7910.0,2.914285714285714
7911.0,2.914285714285714
7912.0,2.914285714285714
7913.0,2.914285714285714
7914.0,2.914285714285714
7915.0,2.914285714285714
7916.0,2.914285714285714
7917.0,2.914285714285714
7918.0,2.914285714285714
7919.0,2.914285714285714
7920.0,2.914285714285714
7921.0,2.914285714285714
7922.0,2.914285714285714
7923.0,2.914285714285714
7924.0,2.914285714285714
7925.0,2.914285714285714
7926.0,2.914285714285714
7927.0,2.914285714285714
7928.0,2.914285714285714
7929.0,2.914285714285714
7930.0,2.914285714285714
7931.0,2.914285714285714
7932.0,2.914285714285714
7933.0,2.914285714285714
7934.0,2.914285714285714
7935.0,2.914285714285714
7936.0,2.914285714285714
7937.0,2.914285714285714
7938.0,2.914285714285714
7939.0,2.914285714285714
7940.0,2.914285714285714
7941.0,2.914285714285714
7942.0,2.914285714285714
7943.0,2.914285714285714
7944.0,2.914285714285714
7945.0,2.914285714285714
7946.0,2.914285714285714
7947.0,2.914285714285714
7948.0,2.914285714285714
7949.0,2.914285714285714
7950.0,2.914285714285714
7951.0,2.914285714285714
7952.0,2.914285714285714
7953.0,2.914285714285714
7954.0,2.914285714285714
7955.0,2.914285714285714
7956.0,2.914285714285714
7957.0,2.914285714285714
7958.0,2.914285714285714
7959.0,2.914285714285714
7960.0,2.914285714285714
7961.0,2.914285714285714
7962.0,2.914285714285714
7963.0,2.914285714285714
7964.0,2.914285714285714
7965.0,2.914285714285714
7966.0,2.914285714285714
7967.0,2.914285714285714
7968.0,2.914285714285714
7969.0,2.914285714285714
7970.0,2.914285714285714
7971.0,2.914285714285714
7972.0,2.914285714285714
7973.0,2.9571428571428573
7974.0,2.914285714285714
7975.0,2.9571428571428573
7976.0,2.914285714285714
7977.0,2.914285714285714
7978.0,2.914285714285714
7979.0,2.914285714285714
7980.0,2.914285714285714
7981.0,2.914285714285714
7982.0,2.914285714285714
7983.0,2.914285714285714
7984.0,2.914285714285714
7985.0,2.914285714285714
7986.0,2.914285714285714
7987.0,2.914285714285714
7988.0,2.914285714285714
7989.0,2.914285714285714
7990.0,2.914285714285714
7991.0,2.914285714285714
7992.0,2.914285714285714
7993.0,2.914285714285714
7994.0,2.914285714285714
7995.0,2.914285714285714
7996.0,2.914285714285714
7997.0,2.9571428571428573
7998.0,2.914285714285714
7999.0,2.914285714285714
8000.0,2.914285714285714
8001.0,2.914285714285714
8002.0,2.914285714285714
8003.0,2.914285714285714
8004.0,2.914285714285714
8005.0,2.914285714285714
8006.0,2.914285714285714
8007.0,2.914285714285714
8008.0,2.914285714285714
8009.0,2.914285714285714
8010.0,2.914285714285714
8011.0,2.914285714285714
8012.0,2.914285714285714
8013.0,2.914285714285714
8014.0,2.914285714285714
8015.0,2.914285714285714
8016.0,2.914285714285714
8017.0,2.914285714285714
8018.0,2.914285714285714
8019.0,2.914285714285714
8020.0,2.914285714285714
8021.0,2.914285714285714
8022.0,2.914285714285714
8023.0,2.914285714285714
8024.0,2.914285714285714
8025.0,2.914285714285714
8026.0,2.914285714285714
8027.0,2.914285714285714
8028.0,2.914285714285714
8029.0,2.914285714285714
8030.0,2.914285714285714
8031.0,2.914285714285714
8032.0,2.914285714285714
8033.0,2.914285714285714
8034.0,2.914285714285714
8035.0,2.914285714285714
8036.0,2.914285714285714
8037.0,2.914285714285714
8038.0,2.914285714285714
8039.0,2.914285714285714
8040.0,2.914285714285714
8041.0,2.914285714285714
8042.0,2.914285714285714
8043.0,2.914285714285714
8044.0,2.914285714285714
8045.0,2.914285714285714
8046.0,2.914285714285714
8047.0,2.914285714285714
8048.0,2.914285714285714
8049.0,2.914285714285714
8050.0,2.914285714285714
8051.0,2.914285714285714
8052.0,2.914285714285714
8053.0,2.914285714285714
8054.0,2.914285714285714
8055.0,2.914285714285714
8056.0,2.914285714285714
8057.0,2.914285714285714
8058.0,2.914285714285714
8059.0,2.914285714285714
8060.0,2.914285714285714
8061.0,2.914285714285714
8062.0,2.914285714285714
8063.0,2.914285714285714
8064.0,2.914285714285714
8065.0,2.914285714285714
8066.0,2.914285714285714
8067.0,2.914285714285714
8068.0,2.914285714285714
8069.0,2.914285714285714
8070.0,2.914285714285714
8071.0,2.914285714285714
8072.0,2.914285714285714
8073.0,2.914285714285714
8074.0,2.914285714285714
8075.0,2.914285714285714
8076.0,2.914285714285714
8077.0,2.914285714285714
8078.0,2.914285714285714
8079.0,2.914285714285714
8080.0,2.914285714285714
8081.0,2.914285714285714
8082.0,2.914285714285714
8083.0,2.914285714285714
8084.0,2.914285714285714
8085.0,2.914285714285714
8086.0,2.914285714285714
8087.0,2.914285714285714
8088.0,2.914285714285714
8089.0,2.914285714285714
8090.0,2.914285714285714
8091.0,2.914285714285714
8092.0,2.914285714285714
8093.0,2.914285714285714
8094.0,2.914285714285714
8095.0,2.914285714285714
8096.0,2.914285714285714
8097.0,2.914285714285714
8098.0,2.914285714285714
8099.0,2.914285714285714
8100.0,2.914285714285714
8101.0,2.914285714285714
8102.0,2.914285714285714
8103.0,2.914285714285714
8104.0,2.914285714285714
8105.0,2.914285714285714
8106.0,2.914285714285714
8107.0,2.914285714285714
8108.0,2.914285714285714
8109.0,2.914285714285714
8110.0,2.8714285714285714
8111.0,2.914285714285714
8112.0,2.914285714285714
8113.0,2.914285714285714
8114.0,2.914285714285714
8115.0,2.914285714285714
8116.0,2.914285714285714
8117.0,2.9571428571428573
8118.0,2.9571428571428573
8119.0,2.914285714285714
8120.0,2.914285714285714
8121.0,2.914285714285714
8122.0,2.914285714285714
8123.0,2.914285714285714
8124.0,2.914285714285714
8125.0,2.914285714285714
8126.0,2.914285714285714
8127.0,2.914285714285714
8128.0,2.914285714285714
8129.0,2.914285714285714
8130.0,2.914285714285714
8131.0,2.914285714285714
8132.0,2.914285714285714
8133.0,2.914285714285714
8134.0,2.914285714285714
8135.0,2.914285714285714
8136.0,2.914285714285714
8137.0,2.914285714285714
8138.0,2.914285714285714
8139.0,2.914285714285714
8140.0,2.914285714285714
8141.0,2.914285714285714
8142.0,2.914285714285714
8143.0,2.914285714285714
8144.0,2.914285714285714
8145.0,2.914285714285714
8146.0,2.914285714285714
8147.0,2.914285714285714
8148.0,2.914285714285714
8149.0,2.914285714285714
8150.0,2.914285714285714
8151.0,2.914285714285714
8152.0,2.914285714285714
8153.0,2.914285714285714
8154.0,2.914285714285714
8155.0,2.914285714285714
8156.0,2.914285714285714
8157.0,2.914285714285714
8158.0,2.914285714285714
8159.0,2.914285714285714
8160.0,2.914285714285714
8161.0,2.914285714285714
8162.0,2.914285714285714
8163.0,2.914285714285714
8164.0,2.914285714285714
8165.0,2.914285714285714
8166.0,2.914285714285714
8167.0,2.914285714285714
8168.0,2.914285714285714
8169.0,2.914285714285714
8170.0,2.914285714285714
8171.0,2.914285714285714
8172.0,2.914285714285714
8173.0,2.914285714285714
8174.0,2.914285714285714
8175.0,2.914285714285714
8176.0,2.914285714285714
8177.0,2.914285714285714
8178.0,2.914285714285714
8179.0,2.914285714285714
8180.0,2.914285714285714
8181.0,2.914285714285714
8182.0,2.914285714285714
8183.0,2.914285714285714
8184.0,2.914285714285714
8185.0,2.914285714285714
8186.0,2.914285714285714
8187.0,2.914285714285714
8188.0,2.914285714285714
8189.0,2.914285714285714
8190.0,2.914285714285714
8191.0,2.914285714285714
8192.0,2.914285714285714
8193.0,2.914285714285714
8194.0,2.914285714285714
8195.0,2.914285714285714
8196.0,2.914285714285714
8197.0,2.914285714285714
8198.0,2.914285714285714
8199.0,2.914285714285714
8200.0,2.914285714285714
8201.0,2.914285714285714
8202.0,2.914285714285714
8203.0,2.914285714285714
8204.0,2.914285714285714
8205.0,2.914285714285714
8206.0,2.914285714285714
8207.0,2.914285714285714
8208.0,2.914285714285714
8209.0,2.914285714285714
8210.0,2.914285714285714
8211.0,2.914285714285714
8212.0,2.914285714285714
8213.0,2.914285714285714
8214.0,2.914285714285714
8215.0,2.914285714285714
8216.0,2.914285714285714
8217.0,2.914285714285714
8218.0,2.914285714285714
8219.0,2.914285714285714
8220.0,2.914285714285714
8221.0,2.914285714285714
8222.0,2.914285714285714
8223.0,2.914285714285714
8224.0,2.914285714285714
8225.0,2.914285714285714
8226.0,2.914285714285714
8227.0,2.914285714285714
8228.0,2.914285714285714
8229.0,2.914285714285714
8230.0,2.914285714285714
8231.0,2.914285714285714
8232.0,2.914285714285714
8233.0,2.914285714285714
8234.0,2.914285714285714
8235.0,2.914285714285714
8236.0,2.914285714285714
8237.0,2.914285714285714
8238.0,2.914285714285714
8239.0,2.914285714285714
8240.0,2.914285714285714
8241.0,2.914285714285714
8242.0,2.914285714285714
8243.0,2.914285714285714
8244.0,2.914285714285714
8245.0,2.914285714285714
8246.0,2.914285714285714
8247.0,2.914285714285714
8248.0,2.914285714285714
8249.0,2.914285714285714
8250.0,2.914285714285714
8251.0,2.914285714285714
8252.0,2.914285714285714
8253.0,2.914285714285714
8254.0,2.914285714285714
8255.0,2.914285714285714
8256.0,2.914285714285714
8257.0,2.914285714285714
8258.0,2.914285714285714
8259.0,2.914285714285714
8260.0,2.914285714285714
8261.0,2.914285714285714
8262.0,2.914285714285714
8263.0,2.914285714285714
8264.0,2.914285714285714
8265.0,2.8714285714285714
8266.0,2.914285714285714
8267.0,2.914285714285714
8268.0,2.914285714285714
8269.0,2.914285714285714
8270.0,2.914285714285714
8271.0,2.914285714285714
8272.0,2.914285714285714
8273.0,2.914285714285714
8274.0,2.914285714285714
8275.0,2.914285714285714
8276.0,2.914285714285714
8277.0,2.914285714285714
8278.0,2.914285714285714
8279.0,2.914285714285714
8280.0,2.914285714285714
8281.0,2.914285714285714
8282.0,2.914285714285714
8283.0,2.914285714285714
8284.0,2.914285714285714
8285.0,2.914285714285714
8286.0,2.914285714285714
8287.0,2.914285714285714
8288.0,2.914285714285714
8289.0,2.914285714285714
8290.0,2.914285714285714
8291.0,2.914285714285714
8292.0,2.914285714285714
8293.0,2.914285714285714
8294.0,2.914285714285714
8295.0,2.914285714285714
8296.0,2.914285714285714
8297.0,2.914285714285714
8298.0,2.914285714285714
8299.0,2.914285714285714
8300.0,2.914285714285714
8301.0,2.914285714285714
8302.0,2.914285714285714
8303.0,2.914285714285714
8304.0,2.914285714285714
8305.0,2.914285714285714
8306.0,2.914285714285714
8307.0,2.914285714285714
8308.0,2.914285714285714
8309.0,2.914285714285714
8310.0,2.914285714285714
8311.0,2.914285714285714
8312.0,2.914285714285714
8313.0,2.914285714285714
8314.0,2.914285714285714
8315.0,2.914285714285714
8316.0,2.914285714285714
8317.0,2.914285714285714
8318.0,2.914285714285714
8319.0,2.914285714285714
8320.0,2.914285714285714
8321.0,2.914285714285714
8322.0,2.914285714285714
8323.0,2.914285714285714
8324.0,2.914285714285714
8325.0,2.914285714285714
8326.0,2.914285714285714
8327.0,2.914285714285714
8328.0,2.914285714285714
8329.0,2.914285714285714
8330.0,2.914285714285714
8331.0,2.914285714285714
8332.0,2.914285714285714
8333.0,2.8714285714285714
8334.0,2.914285714285714
8335.0,2.914285714285714
8336.0,2.914285714285714
8337.0,2.914285714285714
8338.0,2.914285714285714
8339.0,2.914285714285714
8340.0,2.914285714285714
8341.0,2.914285714285714
8342.0,2.914285714285714
8343.0,2.914285714285714
8344.0,2.914285714285714
8345.0,2.914285714285714
8346.0,2.914285714285714
8347.0,2.914285714285714
8348.0,2.914285714285714
8349.0,2.914285714285714
8350.0,2.914285714285714
8351.0,2.914285714285714
8352.0,2.914285714285714
8353.0,2.914285714285714
8354.0,2.914285714285714
8355.0,2.914285714285714
8356.0,2.914285714285714
8357.0,2.914285714285714
8358.0,2.914285714285714
8359.0,2.914285714285714
8360.0,2.914285714285714
8361.0,2.914285714285714
8362.0,2.914285714285714
8363.0,2.914285714285714
8364.0,2.914285714285714
8365.0,2.914285714285714
8366.0,2.914285714285714
8367.0,2.8714285714285714
8368.0,2.914285714285714
8369.0,2.914285714285714
8370.0,2.914285714285714
8371.0,2.914285714285714
8372.0,2.914285714285714
8373.0,2.914285714285714
8374.0,2.914285714285714
8375.0,2.914285714285714
8376.0,2.914285714285714
8377.0,2.914285714285714
8378.0,2.914285714285714
8379.0,2.914285714285714
8380.0,2.914285714285714
8381.0,2.914285714285714
8382.0,2.914285714285714
8383.0,2.914285714285714
8384.0,2.914285714285714
8385.0,2.914285714285714
8386.0,2.914285714285714
8387.0,2.914285714285714
8388.0,2.914285714285714
8389.0,2.914285714285714
8390.0,2.914285714285714
8391.0,2.914285714285714
8392.0,2.914285714285714
8393.0,2.914285714285714
8394.0,2.914285714285714
8395.0,2.914285714285714
8396.0,2.914285714285714
8397.0,2.914285714285714
8398.0,2.914285714285714
8399.0,2.914285714285714
8400.0,2.914285714285714
8401.0,2.914285714285714
8402.0,2.914285714285714
8403.0,2.914285714285714
8404.0,2.914285714285714
8405.0,2.914285714285714
8406.0,2.914285714285714
8407.0,2.914285714285714
8408.0,2.914285714285714
8409.0,2.914285714285714
8410.0,2.914285714285714
8411.0,2.914285714285714
8412.0,2.914285714285714
8413.0,2.914285714285714
8414.0,2.914285714285714
8415.0,2.914285714285714
8416.0,2.914285714285714
8417.0,2.914285714285714
8418.0,2.914285714285714
8419.0,2.914285714285714
8420.0,2.914285714285714
8421.0,2.914285714285714
8422.0,2.914285714285714
8423.0,2.914285714285714
8424.0,2.914285714285714
8425.0,2.914285714285714
8426.0,2.914285714285714
8427.0,2.914285714285714
8428.0,2.914285714285714
8429.0,2.8714285714285714
8430.0,2.914285714285714
8431.0,2.914285714285714
8432.0,2.914285714285714
8433.0,2.914285714285714
8434.0,2.914285714285714
8435.0,2.914285714285714
8436.0,2.914285714285714
8437.0,2.8714285714285714
8438.0,2.914285714285714
8439.0,2.914285714285714
8440.0,2.914285714285714
8441.0,2.914285714285714
8442.0,2.914285714285714
8443.0,2.914285714285714
8444.0,2.914285714285714
8445.0,2.914285714285714
8446.0,2.914285714285714
8447.0,2.914285714285714
8448.0,2.914285714285714
8449.0,2.914285714285714
8450.0,2.914285714285714
8451.0,2.914285714285714
8452.0,2.914285714285714
8453.0,2.914285714285714
8454.0,2.914285714285714
8455.0,2.914285714285714
8456.0,2.914285714285714
8457.0,2.914285714285714
8458.0,2.914285714285714
8459.0,2.914285714285714
8460.0,2.914285714285714
8461.0,2.914285714285714
8462.0,2.914285714285714
8463.0,2.914285714285714
8464.0,2.914285714285714
8465.0,2.914285714285714
8466.0,2.914285714285714
8467.0,2.914285714285714
8468.0,2.914285714285714
8469.0,2.914285714285714
8470.0,2.914285714285714
8471.0,2.914285714285714
8472.0,2.914285714285714
8473.0,2.914285714285714
8474.0,2.914285714285714
8475.0,2.914285714285714
8476.0,2.914285714285714
8477.0,2.914285714285714
8478.0,2.914285714285714
8479.0,2.914285714285714
8480.0,2.914285714285714
8481.0,2.914285714285714
8482.0,2.914285714285714
8483.0,2.914285714285714
8484.0,2.914285714285714
8485.0,2.914285714285714
8486.0,2.914285714285714
8487.0,2.914285714285714
8488.0,2.914285714285714
8489.0,2.914285714285714
8490.0,2.914285714285714
8491.0,2.914285714285714
8492.0,2.914285714285714
8493.0,2.914285714285714
8494.0,2.914285714285714
8495.0,2.914285714285714
8496.0,2.914285714285714
8497.0,2.914285714285714
8498.0,2.914285714285714
8499.0,2.914285714285714
