time_ms,diameter_mm
0.0,3.1304347826086953
1.0,3.1304347826086953
2.0,3.1304347826086953
3.0,3.1739130434782608
4.0,3.1739130434782608
5.0,3.0869565217391304
6.0,3.1304347826086953
7.0,3.0869565217391304
8.0,3.1304347826086953
9.0,3.0869565217391304
10.0,3.1304347826086953
11.0,3.0869565217391304
12.0,3.0869565217391304
13.0,3.0869565217391304
14.0,3.0869565217391304
15.0,3.0869565217391304
16.0,3.0869565217391304
17.0,3.0869565217391304
18.0,3.1304347826086953
19.0,3.0869565217391304
20.0,3.1304347826086953
21.0,3.0869565217391304
22.0,3.1304347826086953
23.0,3.0869565217391304
24.0,3.0869565217391304
25.0,3.0869565217391304
26.0,3.0869565217391304
27.0,3.0869565217391304
28.0,3.043478260869565
29.0,3.0869565217391304
30.0,3.043478260869565
31.0,3.0869565217391304
32.0,3.0869565217391304
33.0,3.043478260869565
34.0,3.043478260869565
35.0,3.043478260869565
36.0,3.043478260869565
37.0,3.0869565217391304
38.0,3.0869565217391304
39.0,3.043478260869565
40.0,3.0869565217391304
41.0,3.0869565217391304
42.0,3.0869565217391304
43.0,3.0869565217391304
44.0,3.0869565217391304
45.0,3.043478260869565
46.0,3.0869565217391304
47.0,3.043478260869565
48.0,3.0869565217391304
49.0,3.043478260869565
50.0,3.0869565217391304
51.0,3.0869565217391304
52.0,3.0869565217391304
53.0,3.0869565217391304
54.0,3.043478260869565
55.0,3.043478260869565
56.0,3.043478260869565
57.0,3.043478260869565
58.0,3.0869565217391304
59.0,3.043478260869565
60.0,3.043478260869565
61.0,3.043478260869565
62.0,3.043478260869565
63.0,3.043478260869565
64.0,3.0869565217391304
65.0,3.0
66.0,3.043478260869565
67.0,3.043478260869565
68.0,3.043478260869565
69.0,3.0
70.0,3.043478260869565
71.0,3.043478260869565
72.0,3.043478260869565
73.0,3.043478260869565
74.0,3.043478260869565
75.0,3.043478260869565
76.0,3.0
77.0,3.0
78.0,3.0
79.0,3.0
80.0,3.043478260869565
81.0,3.043478260869565
82.0,3.043478260869565
83.0,3.043478260869565
84.0,3.043478260869565
85.0,3.043478260869565
86.0,3.043478260869565
87.0,3.043478260869565
88.0,3.043478260869565
89.0,3.043478260869565
90.0,3.043478260869565
91.0,3.043478260869565
92.0,3.043478260869565
93.0,3.043478260869565
94.0,3.043478260869565
95.0,3.043478260869565
96.0,3.043478260869565
97.0,3.043478260869565
98.0,3.043478260869565
99.0,3.043478260869565
100.0,3.043478260869565
101.0,3.0
102.0,3.0
103.0,3.0
104.0,3.0
105.0,3.0
106.0,3.043478260869565
107.0,3.043478260869565
108.0,3.043478260869565
109.0,3.043478260869565
110.0,3.0
111.0,3.043478260869565
112.0,3.0
113.0,3.043478260869565
114.0,3.0
115.0,3.043478260869565
116.0,3.043478260869565
117.0,3.043478260869565
118.0,3.043478260869565
119.0,3.043478260869565
120.0,3.0
121.0,3.0
122.0,3.043478260869565
123.0,3.0
124.0,3.0
125.0,3.0
126.0,3.0
127.0,3.0
128.0,3.0
129.0,3.0
130.0,3.0
131.0,3.0
132.0,3.043478260869565
133.0,3.0
134.0,3.043478260869565
135.0,3.0
136.0,3.0
137.0,3.0
138.0,3.0
139.0,3.0
140.0,3.0
141.0,3.0
142.0,3.0
143.0,3.0
144.0,3.0
145.0,3.0
146.0,3.0
147.0,3.043478260869565
148.0,3.0
149.0,3.043478260869565
150.0,3.043478260869565
151.0,3.043478260869565
152.0,3.043478260869565
153.0,3.043478260869565
154.0,3.0
155.0,3.043478260869565
156.0,3.043478260869565
157.0,3.0
158.0,3.0
159.0,3.0
160.0,3.0
161.0,3.0
162.0,3.0
163.0,3.043478260869565
164.0,3.043478260869565
165.0,3.043478260869565
166.0,3.043478260869565
167.0,3.043478260869565
168.0,3.0
169.0,3.043478260869565
170.0,3.0
171.0,3.0
172.0,3.0
173.0,3.0
174.0,3.0
175.0,3.0
176.0,3.0
177.0,3.0
178.0,3.0
179.0,3.0
180.0,3.0
181.0,3.0
182.0,3.0
183.0,3.0
184.0,3.0
185.0,3.0
186.0,3.0
187.0,3.0
188.0,3.0
189.0,3.0
190.0,3.043478260869565
191.0,3.043478260869565
192.0,3.0
193.0,3.043478260869565
194.0,3.043478260869565
195.0,3.043478260869565
196.0,3.0
197.0,3.0
198.0,3.0
199.0,3.0
200.0,3.0
201.0,3.0
202.0,3.0
203.0,3.0
204.0,3.0
205.0,3.0
206.0,3.0
207.0,3.0
208.0,3.0
209.0,3.043478260869565
210.0,3.0
211.0,3.043478260869565
212.0,3.0
213.0,3.043478260869565
214.0,3.043478260869565
215.0,3.043478260869565
216.0,3.043478260869565
217.0,3.043478260869565
218.0,3.043478260869565
219.0,3.0
220.0,3.0
221.0,3.0
222.0,3.0
223.0,3.0
224.0,3.0
225.0,3.0
226.0,3.0
227.0,3.0
228.0,3.0
229.0,3.0
230.0,3.0
231.0,3.043478260869565
232.0,3.043478260869565
233.0,3.043478260869565
234.0,3.043478260869565
235.0,3.043478260869565
236.0,3.043478260869565
237.0,3.043478260869565
238.0,3.043478260869565
239.0,3.043478260869565
240.0,3.0
241.0,3.0
242.0,3.0
243.0,3.0
244.0,3.0
245.0,3.0
246.0,3.0
247.0,3.0
248.0,3.0
249.0,3.0
250.0,3.043478260869565
251.0,3.0
252.0,3.043478260869565
253.0,3.043478260869565
254.0,3.043478260869565
255.0,3.043478260869565
256.0,3.043478260869565
257.0,3.043478260869565
258.0,3.043478260869565
259.0,3.043478260869565
260.0,3.043478260869565
261.0,3.043478260869565
262.0,3.043478260869565
263.0,3.043478260869565
264.0,3.043478260869565
265.0,3.043478260869565
266.0,3.0869565217391304
267.0,3.043478260869565
268.0,3.043478260869565
269.0,3.043478260869565
270.0,3.043478260869565
271.0,3.043478260869565
272.0,3.043478260869565
273.0,3.043478260869565
274.0,3.043478260869565
275.0,3.043478260869565
276.0,3.043478260869565
277.0,3.043478260869565
278.0,3.043478260869565
279.0,3.043478260869565
280.0,3.043478260869565
281.0,3.043478260869565
282.0,3.043478260869565
283.0,3.043478260869565
284.0,3.043478260869565
285.0,3.043478260869565
286.0,3.043478260869565
287.0,3.043478260869565
288.0,3.043478260869565
289.0,3.043478260869565
290.0,3.043478260869565
291.0,3.043478260869565
292.0,3.043478260869565
293.0,3.043478260869565
294.0,3.0869565217391304
295.0,3.043478260869565
296.0,3.043478260869565
297.0,3.043478260869565
298.0,3.043478260869565
299.0,3.043478260869565
300.0,3.043478260869565
301.0,3.043478260869565
302.0,3.043478260869565
303.0,3.043478260869565
304.0,3.043478260869565
305.0,3.043478260869565
306.0,3.043478260869565
307.0,3.043478260869565
308.0,3.0869565217391304
309.0,3.043478260869565
310.0,3.0869565217391304
311.0,3.0869565217391304
312.0,3.043478260869565
313.0,3.0869565217391304
314.0,3.0869565217391304
315.0,3.0869565217391304
316.0,3.0869565217391304
317.0,3.0869565217391304
318.0,3.0869565217391304
319.0,3.043478260869565
320.0,3.043478260869565
321.0,3.043478260869565
322.0,3.043478260869565
323.0,3.043478260869565
324.0,3.043478260869565
325.0,3.043478260869565
326.0,3.043478260869565
327.0,3.043478260869565
328.0,3.043478260869565
329.0,3.043478260869565
330.0,3.043478260869565
331.0,3.043478260869565
332.0,3.043478260869565
333.0,3.043478260869565
334.0,3.043478260869565
335.0,3.043478260869565
336.0,3.0869565217391304
337.0,3.043478260869565
338.0,3.043478260869565
339.0,3.043478260869565
340.0,3.043478260869565
341.0,3.043478260869565
342.0,3.043478260869565
343.0,3.043478260869565
344.0,3.0869565217391304
345.0,3.0869565217391304
346.0,3.0869565217391304
347.0,3.0869565217391304
348.0,3.0869565217391304
349.0,3.0869565217391304
350.0,3.0869565217391304
351.0,3.0869565217391304
352.0,3.0869565217391304
353.0,3.0869565217391304
354.0,3.043478260869565
355.0,3.0869565217391304
356.0,3.0869565217391304
357.0,3.0869565217391304
358.0,3.0869565217391304
359.0,3.0869565217391304
360.0,3.0869565217391304
361.0,3.0869565217391304
362.0,3.0869565217391304
363.0,3.0869565217391304
364.0,3.0869565217391304
365.0,3.0869565217391304
366.0,3.0869565217391304
367.0,3.0869565217391304
368.0,3.0869565217391304
369.0,3.0869565217391304
370.0,3.0869565217391304
371.0,3.043478260869565
372.0,3.0869565217391304
373.0,3.043478260869565
374.0,3.0869565217391304
375.0,3.0869565217391304
376.0,3.0869565217391304
377.0,3.0869565217391304
378.0,3.043478260869565
379.0,3.0869565217391304
380.0,3.0869565217391304
381.0,3.0869565217391304
382.0,3.0869565217391304
383.0,3.0869565217391304
384.0,3.0869565217391304
385.0,3.0869565217391304
386.0,3.0869565217391304
387.0,3.0869565217391304
388.0,3.0869565217391304
389.0,3.0869565217391304
390.0,3.0869565217391304
391.0,3.0869565217391304
392.0,3.0869565217391304
393.0,3.0869565217391304
394.0,3.0869565217391304
395.0,3.0869565217391304
396.0,3.0869565217391304
397.0,3.0869565217391304
398.0,3.0869565217391304
399.0,3.0869565217391304
400.0,3.0869565217391304
401.0,3.0869565217391304
402.0,3.0869565217391304
403.0,3.0869565217391304
404.0,3.0869565217391304
405.0,3.0869565217391304
406.0,3.0869565217391304
407.0,3.0869565217391304
408.0,3.0869565217391304
409.0,3.0869565217391304
410.0,3.0869565217391304
411.0,3.0869565217391304
412.0,3.0869565217391304
413.0,3.0869565217391304
414.0,3.0869565217391304
415.0,3.0869565217391304
416.0,3.1304347826086953
417.0,3.0869565217391304
418.0,3.1304347826086953
419.0,3.0869565217391304
420.0,3.0869565217391304
421.0,3.0869565217391304
422.0,3.1304347826086953
423.0,3.0869565217391304
424.0,3.0869565217391304
425.0,3.1304347826086953
426.0,3.0869565217391304
427.0,3.0869565217391304
428.0,3.0869565217391304
429.0,3.0869565217391304
430.0,3.0869565217391304
431.0,3.0869565217391304
432.0,3.0869565217391304
433.0,3.0869565217391304
434.0,3.0869565217391304
435.0,3.0869565217391304
436.0,3.0869565217391304
437.0,3.0869565217391304
438.0,3.0869565217391304
439.0,3.1304347826086953
440.0,3.0869565217391304
441.0,3.1304347826086953
442.0,3.1304347826086953
443.0,3.1304347826086953
444.0,3.1304347826086953
445.0,3.1304347826086953
446.0,3.1304347826086953
447.0,3.1304347826086953
448.0,3.1304347826086953
449.0,3.1304347826086953
450.0,3.1304347826086953
451.0,3.1304347826086953
452.0,3.1304347826086953
453.0,3.0869565217391304
454.0,3.1304347826086953
455.0,3.0869565217391304
456.0,3.0869565217391304
457.0,3.0869565217391304
458.0,3.0869565217391304
459.0,3.0869565217391304
460.0,3.0869565217391304
461.0,3.0869565217391304
462.0,3.1304347826086953
463.0,3.0869565217391304
464.0,3.1304347826086953
465.0,3.1304347826086953
466.0,3.1304347826086953
467.0,3.1304347826086953
468.0,3.0869565217391304
469.0,3.0869565217391304
470.0,3.1304347826086953
471.0,3.1304347826086953
472.0,3.1304347826086953
473.0,3.0869565217391304
474.0,3.1304347826086953
475.0,3.1304347826086953
476.0,3.1304347826086953
477.0,3.1304347826086953
478.0,3.1304347826086953
479.0,3.1304347826086953
480.0,3.1304347826086953
481.0,3.1304347826086953
482.0,3.1304347826086953
483.0,3.1304347826086953
484.0,3.1304347826086953
485.0,3.1304347826086953
486.0,3.1304347826086953
487.0,3.1304347826086953
488.0,3.1304347826086953
489.0,3.1304347826086953
490.0,3.1304347826086953
491.0,3.1304347826086953
492.0,3.1304347826086953
493.0,3.1304347826086953
494.0,3.1304347826086953
495.0,3.1304347826086953
496.0,3.1304347826086953
497.0,3.1304347826086953
498.0,3.1304347826086953
499.0,3.1304347826086953
500.0,3.1304347826086953
501.0,3.1304347826086953
502.0,3.1304347826086953
503.0,3.1304347826086953
504.0,3.1739130434782608
505.0,3.1304347826086953
506.0,3.1304347826086953
507.0,3.1739130434782608
508.0,3.1739130434782608
509.0,3.1304347826086953
510.0,3.1739130434782608
511.0,3.1739130434782608
512.0,3.1739130434782608
513.0,3.1739130434782608
514.0,3.1304347826086953
515.0,3.1304347826086953
516.0,3.1739130434782608
517.0,3.1739130434782608
518.0,3.1304347826086953
519.0,3.1304347826086953
520.0,3.1304347826086953
521.0,3.1304347826086953
522.0,3.1304347826086953
523.0,3.1304347826086953
524.0,3.1304347826086953
525.0,3.1304347826086953
526.0,3.1304347826086953
527.0,3.1304347826086953
528.0,3.1304347826086953
529.0,3.1304347826086953
530.0,3.1304347826086953
531.0,3.1304347826086953
532.0,3.1304347826086953
533.0,3.1304347826086953
534.0,3.1304347826086953
535.0,3.1304347826086953
536.0,3.1304347826086953
537.0,3.1304347826086953
538.0,3.1304347826086953
539.0,3.1304347826086953
540.0,3.1304347826086953
541.0,3.1304347826086953
542.0,3.1304347826086953
543.0,3.1304347826086953
544.0,3.1304347826086953
545.0,3.1739130434782608
546.0,3.1739130434782608
547.0,3.1739130434782608
548.0,3.1739130434782608
549.0,3.1739130434782608
550.0,3.1739130434782608
551.0,3.1739130434782608
552.0,3.1739130434782608
553.0,3.1739130434782608
554.0,3.1739130434782608
555.0,3.1304347826086953
556.0,3.1304347826086953
557.0,3.1739130434782608
558.0,3.1304347826086953
559.0,3.1304347826086953
560.0,3.1304347826086953
561.0,3.1304347826086953
562.0,3.1304347826086953
563.0,3.1304347826086953
564.0,3.1739130434782608
565.0,3.1304347826086953
566.0,3.1739130434782608
567.0,3.1739130434782608
568.0,3.1739130434782608
569.0,3.1739130434782608
570.0,3.1739130434782608
571.0,3.1739130434782608
572.0,3.1739130434782608
573.0,3.1304347826086953
574.0,3.1739130434782608
575.0,3.1739130434782608
576.0,3.1739130434782608
577.0,3.1739130434782608
578.0,3.1739130434782608
579.0,3.1739130434782608
580.0,3.1739130434782608
581.0,3.1739130434782608
582.0,3.1739130434782608
583.0,3.1739130434782608
584.0,3.1304347826086953
585.0,3.1304347826086953
586.0,3.1739130434782608
587.0,3.1739130434782608
588.0,3.1739130434782608
589.0,3.1739130434782608
590.0,3.1739130434782608
591.0,3.1739130434782608
592.0,3.1739130434782608
593.0,3.1739130434782608
594.0,3.1739130434782608
595.0,3.1739130434782608
596.0,3.1739130434782608
597.0,3.1739130434782608
598.0,3.1739130434782608
599.0,3.1739130434782608
600.0,3.1739130434782608
601.0,3.1739130434782608
602.0,3.217391304347826
603.0,3.1739130434782608
604.0,3.1739130434782608
605.0,3.1739130434782608
606.0,3.217391304347826
607.0,3.1739130434782608
608.0,3.1739130434782608
609.0,3.1739130434782608
610.0,3.1739130434782608
611.0,3.1739130434782608
612.0,3.1739130434782608
613.0,3.1739130434782608
614.0,3.1739130434782608
615.0,3.1739130434782608
616.0,3.1739130434782608
617.0,3.1739130434782608
618.0,3.1739130434782608
619.0,3.1739130434782608
620.0,3.1739130434782608
621.0,3.1739130434782608
622.0,3.1739130434782608
623.0,3.1739130434782608
624.0,3.1739130434782608
625.0,3.1739130434782608
626.0,3.1739130434782608
627.0,3.1739130434782608
628.0,3.1739130434782608
629.0,3.1739130434782608
630.0,3.1739130434782608
631.0,3.1739130434782608
632.0,3.1739130434782608
633.0,3.1739130434782608
634.0,3.217391304347826
635.0,3.1739130434782608
636.0,3.1739130434782608
637.0,3.217391304347826
638.0,3.217391304347826
639.0,3.1739130434782608
640.0,3.1739130434782608
641.0,3.217391304347826
642.0,3.217391304347826
643.0,3.217391304347826
644.0,3.1739130434782608
645.0,3.217391304347826
646.0,3.217391304347826
647.0,3.1739130434782608
648.0,3.1739130434782608
649.0,3.1739130434782608
650.0,3.1739130434782608
651.0,3.1739130434782608
652.0,3.1739130434782608
653.0,3.1739130434782608
654.0,3.217391304347826
655.0,3.1739130434782608
656.0,3.217391304347826
657.0,3.1739130434782608
658.0,3.1739130434782608
659.0,3.1739130434782608
660.0,3.1739130434782608
661.0,3.1739130434782608
662.0,3.217391304347826
663.0,3.1739130434782608
664.0,3.1739130434782608
665.0,3.217391304347826
666.0,3.1739130434782608
667.0,3.217391304347826
668.0,3.217391304347826
669.0,3.1739130434782608
670.0,3.217391304347826
671.0,3.1739130434782608
672.0,3.1739130434782608
673.0,3.1739130434782608
674.0,3.217391304347826
675.0,3.217391304347826
676.0,3.217391304347826
677.0,3.1739130434782608
678.0,3.217391304347826
679.0,3.217391304347826
680.0,3.217391304347826
681.0,3.217391304347826
682.0,3.217391304347826
683.0,3.1739130434782608
684.0,3.217391304347826
685.0,3.217391304347826
686.0,3.217391304347826
687.0,3.217391304347826
688.0,3.217391304347826
689.0,3.217391304347826
690.0,3.217391304347826
691.0,3.217391304347826
692.0,3.217391304347826
693.0,3.1739130434782608
694.0,3.217391304347826
695.0,3.217391304347826
696.0,3.217391304347826
697.0,3.217391304347826
698.0,3.217391304347826
699.0,3.217391304347826
700.0,3.217391304347826
701.0,3.217391304347826
702.0,3.217391304347826
703.0,3.217391304347826
704.0,3.217391304347826
705.0,3.217391304347826
706.0,3.217391304347826
707.0,3.217391304347826
708.0,3.217391304347826
709.0,3.217391304347826
710.0,3.217391304347826
711.0,3.217391304347826
712.0,3.217391304347826
713.0,3.217391304347826
714.0,3.217391304347826
715.0,3.217391304347826
716.0,3.217391304347826
717.0,3.217391304347826
718.0,3.217391304347826
719.0,3.217391304347826
720.0,3.260869565217391
721.0,3.217391304347826
722.0,3.260869565217391
723.0,3.260869565217391
724.0,3.217391304347826
725.0,3.217391304347826
726.0,3.217391304347826
727.0,3.217391304347826
728.0,3.217391304347826
729.0,3.217391304347826
730.0,3.217391304347826
731.0,3.217391304347826
732.0,3.217391304347826
733.0,3.260869565217391
734.0,3.217391304347826
735.0,3.217391304347826
736.0,3.217391304347826
737.0,3.217391304347826
738.0,3.217391304347826
739.0,3.217391304347826
740.0,3.217391304347826
741.0,3.217391304347826
742.0,3.217391304347826
743.0,3.217391304347826
744.0,3.217391304347826
745.0,3.217391304347826
746.0,3.217391304347826
747.0,3.217391304347826
748.0,3.217391304347826
749.0,3.217391304347826
750.0,3.217391304347826
751.0,3.217391304347826
752.0,3.217391304347826
753.0,3.217391304347826
754.0,3.217391304347826
755.0,3.217391304347826
756.0,3.217391304347826
757.0,3.217391304347826
758.0,3.217391304347826
759.0,3.217391304347826
760.0,3.217391304347826
761.0,3.217391304347826
762.0,3.260869565217391
763.0,3.217391304347826
764.0,3.217391304347826
765.0,3.217391304347826
766.0,3.260869565217391
767.0,3.217391304347826
768.0,3.260869565217391
769.0,3.260869565217391
770.0,3.260869565217391
771.0,3.260869565217391
772.0,3.260869565217391
773.0,3.260869565217391
774.0,3.260869565217391
775.0,3.260869565217391
776.0,3.260869565217391
777.0,3.260869565217391
778.0,3.217391304347826
779.0,3.217391304347826
780.0,3.217391304347826
781.0,3.217391304347826
782.0,3.217391304347826
783.0,3.217391304347826
784.0,3.217391304347826
785.0,3.217391304347826
786.0,3.217391304347826
787.0,3.217391304347826
788.0,3.260869565217391
789.0,3.217391304347826
790.0,3.217391304347826
791.0,3.217391304347826
792.0,3.217391304347826
793.0,3.217391304347826
794.0,3.217391304347826
795.0,3.260869565217391
796.0,3.260869565217391
797.0,3.217391304347826
798.0,3.217391304347826
799.0,3.217391304347826
800.0,3.217391304347826
801.0,3.260869565217391
802.0,3.217391304347826
803.0,3.217391304347826
804.0,3.260869565217391
805.0,3.217391304347826
806.0,3.260869565217391
807.0,3.217391304347826
808.0,3.260869565217391
809.0,3.260869565217391
810.0,3.217391304347826
811.0,3.260869565217391
812.0,3.260869565217391
813.0,3.260869565217391
814.0,3.260869565217391
815.0,3.260869565217391
816.0,3.217391304347826
817.0,3.217391304347826
818.0,3.260869565217391
819.0,3.217391304347826
820.0,3.217391304347826
821.0,3.217391304347826
822.0,3.260869565217391
823.0,3.217391304347826
824.0,3.260869565217391
825.0,3.217391304347826
826.0,3.260869565217391
827.0,3.217391304347826
828.0,3.260869565217391
829.0,3.217391304347826
830.0,3.260869565217391
831.0,3.260869565217391
832.0,3.217391304347826
833.0,3.260869565217391
834.0,3.260869565217391
835.0,3.217391304347826
836.0,3.260869565217391
837.0,3.217391304347826
838.0,3.260869565217391
839.0,3.217391304347826
840.0,3.217391304347826
841.0,3.217391304347826
842.0,3.260869565217391
843.0,3.217391304347826
844.0,3.260869565217391
845.0,3.260869565217391
846.0,3.260869565217391
847.0,3.260869565217391
848.0,3.217391304347826
849.0,3.217391304347826
850.0,3.217391304347826
851.0,3.260869565217391
852.0,3.217391304347826
853.0,3.260869565217391
854.0,3.260869565217391
855.0,3.217391304347826
856.0,3.260869565217391
857.0,3.217391304347826
858.0,3.260869565217391
859.0,3.260869565217391
860.0,3.217391304347826
861.0,3.217391304347826
862.0,3.260869565217391
863.0,3.217391304347826
864.0,3.260869565217391
865.0,3.260869565217391
866.0,3.260869565217391
867.0,3.260869565217391
868.0,3.260869565217391
869.0,3.260869565217391
870.0,3.260869565217391
871.0,3.260869565217391
872.0,3.260869565217391
873.0,3.260869565217391
874.0,3.260869565217391
875.0,3.260869565217391
876.0,3.260869565217391
877.0,3.260869565217391
878.0,3.260869565217391
879.0,3.260869565217391
880.0,3.260869565217391
881.0,3.260869565217391
882.0,3.260869565217391
883.0,3.260869565217391
884.0,3.3043478260869565
885.0,3.217391304347826
886.0,3.260869565217391
887.0,3.260869565217391
888.0,3.260869565217391
889.0,3.260869565217391
890.0,3.260869565217391
891.0,3.260869565217391
892.0,3.260869565217391
893.0,3.260869565217391
894.0,3.260869565217391
895.0,3.260869565217391
896.0,3.260869565217391
897.0,3.260869565217391
898.0,3.260869565217391
899.0,3.260869565217391
900.0,3.260869565217391
901.0,3.260869565217391
902.0,3.260869565217391
903.0,3.260869565217391
904.0,3.260869565217391
905.0,3.217391304347826
906.0,3.260869565217391
907.0,3.217391304347826
908.0,3.217391304347826
909.0,3.217391304347826
910.0,3.260869565217391
911.0,3.260869565217391
912.0,3.3043478260869565
913.0,3.260869565217391
914.0,3.260869565217391
915.0,3.217391304347826
916.0,3.260869565217391
917.0,3.3043478260869565
918.0,3.260869565217391
919.0,3.217391304347826
920.0,3.260869565217391
921.0,3.260869565217391
922.0,3.260869565217391
923.0,3.260869565217391
924.0,3.260869565217391
925.0,3.260869565217391
926.0,3.260869565217391
927.0,3.260869565217391
928.0,3.260869565217391
929.0,3.260869565217391
930.0,3.260869565217391
931.0,3.260869565217391
932.0,3.260869565217391
933.0,3.260869565217391
934.0,3.260869565217391
935.0,3.260869565217391
936.0,3.260869565217391
937.0,3.260869565217391
938.0,3.260869565217391
939.0,3.260869565217391
940.0,3.260869565217391
941.0,3.260869565217391
942.0,3.3043478260869565
943.0,3.3043478260869565
944.0,3.260869565217391
945.0,3.3043478260869565
946.0,3.3043478260869565
947.0,3.3043478260869565
948.0,3.3043478260869565
949.0,3.260869565217391
950.0,3.260869565217391
951.0,3.3043478260869565
952.0,3.3043478260869565
953.0,3.3043478260869565
954.0,3.3043478260869565
955.0,3.3043478260869565
956.0,3.260869565217391
957.0,3.260869565217391
958.0,3.3043478260869565
959.0,3.260869565217391
960.0,3.260869565217391
961.0,3.260869565217391
962.0,3.260869565217391
963.0,3.260869565217391
964.0,3.260869565217391
965.0,3.260869565217391
966.0,3.260869565217391
967.0,3.260869565217391
968.0,3.260869565217391
969.0,3.260869565217391
970.0,3.260869565217391
971.0,3.260869565217391
972.0,3.260869565217391
973.0,3.260869565217391
974.0,3.260869565217391
975.0,3.260869565217391
976.0,3.260869565217391
977.0,3.260869565217391
978.0,3.260869565217391
979.0,3.260869565217391
980.0,3.260869565217391
981.0,3.260869565217391
982.0,3.260869565217391
983.0,3.3043478260869565
984.0,3.260869565217391
985.0,3.260869565217391
986.0,3.3043478260869565
987.0,3.3043478260869565
988.0,3.260869565217391
989.0,3.3043478260869565
990.0,3.3043478260869565
991.0,3.3043478260869565
992.0,3.3043478260869565
993.0,3.3043478260869565
994.0,3.260869565217391
995.0,3.260869565217391
996.0,3.260869565217391
997.0,3.260869565217391
998.0,3.260869565217391
999.0,3.3043478260869565
1000.0,3.260869565217391
1001.0,3.260869565217391
1002.0,3.260869565217391
1003.0,3.260869565217391
1004.0,3.3043478260869565
1005.0,3.260869565217391
1006.0,3.260869565217391
1007.0,3.260869565217391
1008.0,3.260869565217391
1009.0,3.3043478260869565
1010.0,3.260869565217391
1011.0,3.260869565217391
1012.0,3.260869565217391
1013.0,3.3043478260869565
1014.0,3.3043478260869565
1015.0,3.3043478260869565
1016.0,3.260869565217391
1017.0,3.3043478260869565
1018.0,3.3043478260869565
1019.0,3.3043478260869565
1020.0,3.3043478260869565
1021.0,3.3043478260869565
1022.0,3.3043478260869565
1023.0,3.3043478260869565
1024.0,3.260869565217391
1025.0,3.3043478260869565
1026.0,3.3043478260869565
1027.0,3.3043478260869565
1028.0,3.3043478260869565
1029.0,3.3043478260869565
1030.0,3.3043478260869565
1031.0,3.3043478260869565
1032.0,3.3043478260869565
1033.0,3.3043478260869565
1034.0,3.260869565217391
1035.0,3.3043478260869565
1036.0,3.3043478260869565
1037.0,3.260869565217391
1038.0,3.3043478260869565
1039.0,3.260869565217391
1040.0,3.260869565217391
1041.0,3.3043478260869565
1042.0,3.260869565217391
1043.0,3.3043478260869565
1044.0,3.260869565217391
1045.0,3.3043478260869565
1046.0,3.260869565217391
1047.0,3.3043478260869565
1048.0,3.260869565217391
1049.0,3.3043478260869565
1050.0,3.260869565217391
1051.0,3.3043478260869565
1052.0,3.3043478260869565
1053.0,3.3043478260869565
1054.0,3.260869565217391
1055.0,3.3043478260869565
1056.0,3.3043478260869565
1057.0,3.3043478260869565
1058.0,3.3043478260869565
1059.0,3.3043478260869565
1060.0,3.3043478260869565
1061.0,3.3043478260869565
1062.0,3.3043478260869565
1063.0,3.3478260869565215
1064.0,3.3043478260869565
1065.0,3.3043478260869565
1066.0,3.3043478260869565
1067.0,3.3043478260869565
1068.0,3.3043478260869565
1069.0,3.3043478260869565
1070.0,3.3043478260869565
1071.0,3.3478260869565215
1072.0,3.3478260869565215
1073.0,3.3043478260869565
1074.0,3.3478260869565215
1075.0,3.3043478260869565
1076.0,3.3043478260869565
1077.0,3.3043478260869565
1078.0,3.3043478260869565
1079.0,3.3043478260869565
1080.0,3.3043478260869565
1081.0,3.3043478260869565
1082.0,3.3043478260869565
1083.0,3.3043478260869565
1084.0,3.3043478260869565
1085.0,3.3478260869565215
1086.0,3.3478260869565215
1087.0,3.3043478260869565
1088.0,3.3043478260869565
1089.0,3.3043478260869565
1090.0,3.3043478260869565
1091.0,3.3043478260869565
1092.0,3.3043478260869565
1093.0,3.3043478260869565
1094.0,3.3043478260869565
1095.0,3.3043478260869565
1096.0,3.3043478260869565
1097.0,3.3478260869565215
1098.0,3.3043478260869565
1099.0,3.3043478260869565
1100.0,3.3043478260869565
1101.0,3.3478260869565215
1102.0,3.3478260869565215
1103.0,3.3043478260869565
1104.0,3.3043478260869565
1105.0,3.3043478260869565
1106.0,3.3043478260869565
1107.0,3.3043478260869565
1108.0,3.3043478260869565
1109.0,3.3043478260869565
1110.0,3.3043478260869565
1111.0,3.3478260869565215
1112.0,3.3043478260869565
1113.0,3.3478260869565215
1114.0,3.3478260869565215
1115.0,3.3478260869565215
1116.0,3.3478260869565215
1117.0,3.3478260869565215
1118.0,3.3043478260869565
1119.0,3.3478260869565215
1120.0,3.3043478260869565
1121.0,3.3043478260869565
1122.0,3.3043478260869565
1123.0,3.3478260869565215
1124.0,3.3043478260869565
1125.0,3.3043478260869565
1126.0,3.3478260869565215
1127.0,3.3043478260869565
1128.0,3.3478260869565215
1129.0,3.3043478260869565
1130.0,3.3043478260869565
1131.0,3.3043478260869565
1132.0,3.3043478260869565
1133.0,3.3478260869565215
1134.0,3.3043478260869565
1135.0,3.3043478260869565
1136.0,3.3043478260869565
1137.0,3.3043478260869565
1138.0,3.3043478260869565
1139.0,3.3043478260869565
1140.0,3.3043478260869565
1141.0,3.3043478260869565
1142.0,3.3043478260869565
1143.0,3.3043478260869565
1144.0,3.3478260869565215
1145.0,3.3043478260869565
1146.0,3.3043478260869565
1147.0,3.3043478260869565
1148.0,3.3043478260869565
1149.0,3.3043478260869565
1150.0,3.3043478260869565
1151.0,3.3043478260869565
1152.0,3.3043478260869565
1153.0,3.3043478260869565
1154.0,3.3043478260869565
1155.0,3.3043478260869565
1156.0,3.3478260869565215
1157.0,3.3478260869565215
1158.0,3.3043478260869565
1159.0,3.3043478260869565
1160.0,3.3043478260869565
1161.0,3.3043478260869565
1162.0,3.3478260869565215
1163.0,3.3478260869565215
1164.0,3.3043478260869565
1165.0,3.3043478260869565
1166.0,3.3043478260869565
1167.0,3.3478260869565215
1168.0,3.3478260869565215
1169.0,3.3478260869565215
1170.0,3.3043478260869565
1171.0,3.3043478260869565
1172.0,3.3478260869565215
1173.0,3.3043478260869565
1174.0,3.3043478260869565
1175.0,3.3043478260869565
1176.0,3.3478260869565215
1177.0,3.3478260869565215
1178.0,3.3478260869565215
1179.0,3.3478260869565215
1180.0,3.3043478260869565
1181.0,3.3478260869565215
1182.0,3.3043478260869565
1183.0,3.3043478260869565
1184.0,3.3478260869565215
1185.0,3.3478260869565215
1186.0,3.3043478260869565
1187.0,3.3478260869565215
1188.0,3.3043478260869565
1189.0,3.3043478260869565
1190.0,3.3043478260869565
1191.0,3.3478260869565215
1192.0,3.3478260869565215
1193.0,3.3043478260869565
1194.0,3.3043478260869565
1195.0,3.3043478260869565
1196.0,3.3043478260869565
1197.0,3.3043478260869565
1198.0,3.3043478260869565
1199.0,3.3043478260869565
1200.0,3.3043478260869565
1201.0,3.3478260869565215
1202.0,3.3043478260869565
1203.0,3.3043478260869565
1204.0,3.3043478260869565
1205.0,3.3478260869565215
1206.0,3.3478260869565215
1207.0,3.3478260869565215
1208.0,3.3478260869565215
1209.0,3.3478260869565215
1210.0,3.3478260869565215
1211.0,3.3478260869565215
1212.0,3.3478260869565215
1213.0,3.3478260869565215
1214.0,3.3478260869565215
1215.0,3.3043478260869565
1216.0,3.3478260869565215
1217.0,3.3478260869565215
1218.0,3.3478260869565215
1219.0,3.3478260869565215
1220.0,3.3478260869565215
1221.0,3.3478260869565215
1222.0,3.3478260869565215
1223.0,3.3478260869565215
1224.0,3.3043478260869565
1225.0,3.3043478260869565
1226.0,3.3043478260869565
1227.0,3.3478260869565215
1228.0,3.3478260869565215
1229.0,3.3043478260869565
1230.0,3.3478260869565215
1231.0,3.3478260869565215
1232.0,3.3478260869565215
1233.0,3.3478260869565215
1234.0,3.3043478260869565
1235.0,3.3478260869565215
1236.0,3.3043478260869565
1237.0,3.3043478260869565
1238.0,3.3478260869565215
1239.0,3.3478260869565215
1240.0,3.3043478260869565
1241.0,3.3043478260869565
1242.0,3.3478260869565215
1243.0,3.3043478260869565
1244.0,3.3478260869565215
1245.0,3.3478260869565215
1246.0,3.3478260869565215
1247.0,3.3478260869565215
1248.0,3.3478260869565215
1249.0,3.3478260869565215
1250.0,3.3478260869565215
1251.0,3.3478260869565215
1252.0,3.3478260869565215
1253.0,3.3478260869565215
1254.0,3.3478260869565215
1255.0,3.3478260869565215
1256.0,3.3478260869565215
1257.0,3.3478260869565215
1258.0,3.3478260869565215
1259.0,3.3478260869565215
1260.0,3.3043478260869565
1261.0,3.3478260869565215
1262.0,3.3478260869565215
1263.0,3.3478260869565215
1264.0,3.3043478260869565
1265.0,3.3043478260869565
1266.0,3.3043478260869565
1267.0,3.3478260869565215
1268.0,3.3478260869565215
1269.0,3.3043478260869565
1270.0,3.3478260869565215
1271.0,3.3478260869565215
1272.0,3.3478260869565215
1273.0,3.391304347826087
1274.0,3.3478260869565215
1275.0,3.3478260869565215
1276.0,3.3478260869565215
1277.0,3.3043478260869565
1278.0,3.3478260869565215
1279.0,3.3478260869565215
1280.0,3.3478260869565215
1281.0,3.3478260869565215
1282.0,3.3043478260869565
1283.0,3.3478260869565215
1284.0,3.3478260869565215
1285.0,3.3478260869565215
1286.0,3.3478260869565215
1287.0,3.3478260869565215
1288.0,3.3478260869565215
1289.0,3.3478260869565215
1290.0,3.3478260869565215
1291.0,3.3478260869565215
1292.0,3.3478260869565215
1293.0,3.3478260869565215
1294.0,3.3478260869565215
1295.0,3.3478260869565215
1296.0,3.3478260869565215
1297.0,3.3043478260869565
1298.0,3.3478260869565215
1299.0,3.3478260869565215
1300.0,3.3478260869565215
1301.0,3.391304347826087
1302.0,3.3478260869565215
1303.0,3.391304347826087
1304.0,3.3478260869565215
1305.0,3.391304347826087
1306.0,3.391304347826087
1307.0,3.391304347826087
1308.0,3.3478260869565215
1309.0,3.3478260869565215
1310.0,3.3478260869565215
1311.0,3.3478260869565215
1312.0,3.391304347826087
1313.0,3.3478260869565215
1314.0,3.3478260869565215
1315.0,3.3043478260869565
1316.0,3.3478260869565215
1317.0,3.3478260869565215
1318.0,3.3478260869565215
1319.0,3.391304347826087
1320.0,3.391304347826087
1321.0,3.3478260869565215
1322.0,3.3478260869565215
1323.0,3.3478260869565215
1324.0,3.3478260869565215
1325.0,3.3478260869565215
1326.0,3.3478260869565215
1327.0,3.391304347826087
1328.0,3.391304347826087
1329.0,3.391304347826087
1330.0,3.3478260869565215
1331.0,3.391304347826087
1332.0,3.391304347826087
1333.0,3.391304347826087
1334.0,3.3478260869565215
1335.0,3.391304347826087
1336.0,3.3478260869565215
1337.0,3.3478260869565215
1338.0,3.391304347826087
1339.0,3.391304347826087
1340.0,3.3478260869565215
1341.0,3.391304347826087
1342.0,3.3478260869565215
1343.0,3.391304347826087
1344.0,3.391304347826087
1345.0,3.391304347826087
1346.0,3.391304347826087
1347.0,3.391304347826087
1348.0,3.391304347826087
1349.0,3.391304347826087
1350.0,3.391304347826087
1351.0,3.3478260869565215
1352.0,3.3478260869565215
1353.0,3.391304347826087
1354.0,3.391304347826087
1355.0,3.391304347826087
1356.0,3.391304347826087
1357.0,3.391304347826087
1358.0,3.391304347826087
1359.0,3.391304347826087
1360.0,3.391304347826087
1361.0,3.391304347826087
1362.0,3.391304347826087
1363.0,3.391304347826087
1364.0,3.391304347826087
1365.0,3.3478260869565215
1366.0,3.391304347826087
1367.0,3.391304347826087
1368.0,3.391304347826087
1369.0,3.3478260869565215
1370.0,3.391304347826087
1371.0,3.391304347826087
1372.0,3.391304347826087
1373.0,3.3478260869565215
1374.0,3.3478260869565215
1375.0,3.3478260869565215
1376.0,3.391304347826087
1377.0,3.391304347826087
1378.0,3.391304347826087
1379.0,3.391304347826087
1380.0,3.3478260869565215
1381.0,3.391304347826087
1382.0,3.391304347826087
1383.0,3.391304347826087
1384.0,3.391304347826087
1385.0,3.391304347826087
1386.0,3.391304347826087
1387.0,3.391304347826087
1388.0,3.3478260869565215
1389.0,3.391304347826087
1390.0,3.391304347826087
1391.0,3.391304347826087
1392.0,3.391304347826087
1393.0,3.391304347826087
1394.0,3.391304347826087
1395.0,3.391304347826087
1396.0,3.391304347826087
1397.0,3.391304347826087
1398.0,3.391304347826087
1399.0,3.391304347826087
1400.0,3.391304347826087
1401.0,3.391304347826087
1402.0,3.391304347826087
1403.0,3.391304347826087
1404.0,3.391304347826087
1405.0,3.3478260869565215
1406.0,3.391304347826087
1407.0,3.391304347826087
1408.0,3.391304347826087
1409.0,3.391304347826087
1410.0,3.391304347826087
1411.0,3.391304347826087
1412.0,3.391304347826087
1413.0,3.3478260869565215
1414.0,3.391304347826087
1415.0,3.391304347826087
1416.0,3.391304347826087
1417.0,3.391304347826087
1418.0,3.391304347826087
1419.0,3.391304347826087
1420.0,3.391304347826087
1421.0,3.391304347826087
1422.0,3.391304347826087
1423.0,3.391304347826087
1424.0,3.391304347826087
1425.0,3.391304347826087
1426.0,3.391304347826087
1427.0,3.391304347826087
1428.0,3.391304347826087
1429.0,3.391304347826087
1430.0,3.391304347826087
1431.0,3.391304347826087
1432.0,3.391304347826087
1433.0,3.391304347826087
1434.0,3.391304347826087
1435.0,3.391304347826087
1436.0,3.391304347826087
1437.0,3.391304347826087
1438.0,3.391304347826087
1439.0,3.391304347826087
1440.0,3.391304347826087
1441.0,3.391304347826087
1442.0,3.3478260869565215
1443.0,3.391304347826087
1444.0,3.391304347826087
1445.0,3.391304347826087
1446.0,3.3478260869565215
1447.0,3.391304347826087
1448.0,3.391304347826087
1449.0,3.391304347826087
1450.0,3.391304347826087
1451.0,3.391304347826087
1452.0,3.391304347826087
1453.0,3.391304347826087
1454.0,3.391304347826087
1455.0,3.391304347826087
1456.0,3.391304347826087
1457.0,3.391304347826087
1458.0,3.391304347826087
1459.0,3.391304347826087
1460.0,3.391304347826087
1461.0,3.391304347826087
1462.0,3.391304347826087
1463.0,3.391304347826087
1464.0,3.391304347826087
1465.0,3.391304347826087
1466.0,3.391304347826087
1467.0,3.391304347826087
1468.0,3.391304347826087
1469.0,3.391304347826087
1470.0,3.391304347826087
1471.0,3.391304347826087
1472.0,3.3478260869565215
1473.0,3.391304347826087
1474.0,3.391304347826087
1475.0,3.391304347826087
1476.0,3.391304347826087
1477.0,3.391304347826087
1478.0,3.391304347826087
1479.0,3.391304347826087
1480.0,3.3478260869565215
1481.0,3.391304347826087
1482.0,3.391304347826087
1483.0,3.391304347826087
1484.0,3.391304347826087
1485.0,3.391304347826087
1486.0,3.391304347826087
1487.0,3.391304347826087
1488.0,3.391304347826087
1489.0,3.391304347826087
1490.0,3.391304347826087
1491.0,3.391304347826087
1492.0,3.391304347826087
1493.0,3.391304347826087
1494.0,3.391304347826087
1495.0,3.391304347826087
1496.0,3.391304347826087
1497.0,3.391304347826087
1498.0,3.391304347826087
1499.0,3.391304347826087
1500.0,3.391304347826087
1501.0,3.391304347826087
1502.0,3.391304347826087
1503.0,3.391304347826087
1504.0,3.391304347826087
1505.0,3.391304347826087
1506.0,3.391304347826087
1507.0,3.391304347826087
1508.0,3.391304347826087
1509.0,3.391304347826087
1510.0,3.391304347826087
1511.0,3.391304347826087
1512.0,3.391304347826087
1513.0,3.391304347826087
1514.0,3.391304347826087
1515.0,3.391304347826087
1516.0,3.391304347826087
1517.0,3.391304347826087
1518.0,3.391304347826087
1519.0,3.391304347826087
1520.0,3.391304347826087
1521.0,3.391304347826087
1522.0,3.391304347826087
1523.0,3.391304347826087
1524.0,3.391304347826087
1525.0,3.391304347826087
1526.0,3.391304347826087
1527.0,3.391304347826087
1528.0,3.391304347826087
1529.0,3.391304347826087
1530.0,3.391304347826087
1531.0,3.391304347826087
1532.0,3.391304347826087
1533.0,3.391304347826087
1534.0,3.391304347826087
1535.0,3.391304347826087
1536.0,3.391304347826087
1537.0,3.391304347826087
1538.0,3.391304347826087
1539.0,3.391304347826087
1540.0,3.391304347826087
1541.0,3.391304347826087
1542.0,3.391304347826087
1543.0,3.391304347826087
1544.0,3.391304347826087
1545.0,3.391304347826087
1546.0,3.391304347826087
1547.0,3.391304347826087
1548.0,3.391304347826087
1549.0,3.391304347826087
1550.0,3.391304347826087
1551.0,3.391304347826087
1552.0,3.391304347826087
1553.0,3.391304347826087
1554.0,3.391304347826087
1555.0,3.391304347826087
1556.0,3.391304347826087
1557.0,3.391304347826087
1558.0,3.391304347826087
1559.0,3.391304347826087
1560.0,3.391304347826087
1561.0,3.391304347826087
1562.0,3.391304347826087
1563.0,3.391304347826087
1564.0,3.391304347826087
1565.0,3.391304347826087
1566.0,3.391304347826087
1567.0,3.391304347826087
1568.0,3.391304347826087
1569.0,3.391304347826087
1570.0,3.391304347826087
1571.0,3.391304347826087
1572.0,3.391304347826087
1573.0,3.391304347826087
1574.0,3.391304347826087
1575.0,3.391304347826087
1576.0,3.391304347826087
1577.0,3.391304347826087
1578.0,3.391304347826087
1579.0,3.391304347826087
1580.0,3.391304347826087
1581.0,3.391304347826087
1582.0,3.391304347826087
1583.0,3.391304347826087
1584.0,3.391304347826087
1585.0,3.391304347826087
1586.0,3.391304347826087
1587.0,3.391304347826087
1588.0,3.391304347826087
1589.0,3.391304347826087
1590.0,3.391304347826087
1591.0,3.391304347826087
1592.0,3.391304347826087
1593.0,3.391304347826087
1594.0,3.391304347826087
1595.0,3.391304347826087
1596.0,3.391304347826087
1597.0,3.391304347826087
1598.0,3.391304347826087
1599.0,3.391304347826087
1600.0,3.391304347826087
1601.0,3.391304347826087
1602.0,3.391304347826087
1603.0,3.391304347826087
1604.0,3.391304347826087
1605.0,3.391304347826087
1606.0,3.391304347826087
1607.0,3.434782608695652
1608.0,3.391304347826087
1609.0,3.391304347826087
1610.0,3.391304347826087
1611.0,3.391304347826087
1612.0,3.391304347826087
1613.0,3.391304347826087
1614.0,3.391304347826087
1615.0,3.391304347826087
1616.0,3.391304347826087
1617.0,3.391304347826087
1618.0,3.391304347826087
1619.0,3.391304347826087
1620.0,3.391304347826087
1621.0,3.391304347826087
1622.0,3.391304347826087
1623.0,3.391304347826087
1624.0,3.391304347826087
1625.0,3.391304347826087
1626.0,3.391304347826087
1627.0,3.391304347826087
1628.0,3.391304347826087
1629.0,3.391304347826087
1630.0,3.391304347826087
1631.0,3.434782608695652
1632.0,3.434782608695652
1633.0,3.391304347826087
1634.0,3.391304347826087
1635.0,3.391304347826087
1636.0,3.434782608695652
1637.0,3.391304347826087
1638.0,3.391304347826087
1639.0,3.391304347826087
1640.0,3.391304347826087
1641.0,3.391304347826087
1642.0,3.391304347826087
1643.0,3.391304347826087
1644.0,3.391304347826087
1645.0,3.434782608695652
1646.0,3.391304347826087
1647.0,3.391304347826087
1648.0,3.434782608695652
1649.0,3.391304347826087
1650.0,3.391304347826087
1651.0,3.391304347826087
1652.0,3.391304347826087
1653.0,3.391304347826087
1654.0,3.391304347826087
1655.0,3.391304347826087
1656.0,3.391304347826087
1657.0,3.434782608695652
1658.0,3.391304347826087
1659.0,3.391304347826087
1660.0,3.434782608695652
1661.0,3.434782608695652
1662.0,3.434782608695652
1663.0,3.434782608695652
1664.0,3.391304347826087
1665.0,3.391304347826087
1666.0,3.391304347826087
1667.0,3.434782608695652
1668.0,3.434782608695652
1669.0,3.434782608695652
1670.0,3.434782608695652
1671.0,3.434782608695652
1672.0,3.434782608695652
1673.0,3.434782608695652
1674.0,3.434782608695652
1675.0,3.434782608695652
1676.0,3.434782608695652
1677.0,3.434782608695652
1678.0,3.434782608695652
1679.0,3.434782608695652
1680.0,3.434782608695652
1681.0,3.434782608695652
1682.0,3.391304347826087
1683.0,3.391304347826087
1684.0,3.434782608695652
1685.0,3.434782608695652
1686.0,3.434782608695652
1687.0,3.391304347826087
1688.0,3.391304347826087
1689.0,3.391304347826087
1690.0,3.391304347826087
1691.0,3.391304347826087
1692.0,3.434782608695652
1693.0,3.434782608695652
1694.0,3.434782608695652
1695.0,3.391304347826087
1696.0,3.434782608695652
1697.0,3.391304347826087
1698.0,3.434782608695652
1699.0,3.434782608695652
1700.0,3.434782608695652
1701.0,3.434782608695652
1702.0,3.434782608695652
1703.0,3.434782608695652
1704.0,3.434782608695652
1705.0,3.434782608695652
1706.0,3.434782608695652
1707.0,3.391304347826087
1708.0,3.434782608695652
1709.0,3.434782608695652
1710.0,3.434782608695652
1711.0,3.434782608695652
1712.0,3.434782608695652
1713.0,3.434782608695652
1714.0,3.434782608695652
1715.0,3.434782608695652
1716.0,3.434782608695652
1717.0,3.434782608695652
1718.0,3.391304347826087
1719.0,3.434782608695652
1720.0,3.434782608695652
1721.0,3.434782608695652
1722.0,3.434782608695652
1723.0,3.434782608695652
1724.0,3.391304347826087
1725.0,3.391304347826087
1726.0,3.434782608695652
1727.0,3.391304347826087
1728.0,3.434782608695652
1729.0,3.391304347826087
1730.0,3.391304347826087
1731.0,3.434782608695652
1732.0,3.434782608695652
1733.0,3.434782608695652
1734.0,3.434782608695652
1735.0,3.434782608695652
1736.0,3.434782608695652
1737.0,3.434782608695652
1738.0,3.434782608695652
1739.0,3.434782608695652
1740.0,3.434782608695652
1741.0,3.434782608695652
1742.0,3.434782608695652
1743.0,3.434782608695652
1744.0,3.434782608695652
1745.0,3.434782608695652
1746.0,3.434782608695652
1747.0,3.434782608695652
1748.0,3.434782608695652
1749.0,3.434782608695652
1750.0,3.434782608695652
1751.0,3.434782608695652
1752.0,3.434782608695652
1753.0,3.434782608695652
1754.0,3.434782608695652
1755.0,3.434782608695652
1756.0,3.434782608695652
1757.0,3.434782608695652
1758.0,3.434782608695652
1759.0,3.434782608695652
1760.0,3.434782608695652
1761.0,3.434782608695652
1762.0,3.434782608695652
1763.0,3.391304347826087
1764.0,3.434782608695652
1765.0,3.391304347826087
1766.0,3.434782608695652
1767.0,3.434782608695652
1768.0,3.434782608695652
1769.0,3.434782608695652
1770.0,3.434782608695652
1771.0,3.434782608695652
1772.0,3.434782608695652
1773.0,3.434782608695652
1774.0,3.434782608695652
1775.0,3.434782608695652
1776.0,3.434782608695652
1777.0,3.391304347826087
1778.0,3.434782608695652
1779.0,3.434782608695652
1780.0,3.434782608695652
1781.0,3.434782608695652
1782.0,3.434782608695652
1783.0,3.434782608695652
1784.0,3.434782608695652
1785.0,3.434782608695652
1786.0,3.434782608695652
1787.0,3.434782608695652
1788.0,3.434782608695652
1789.0,3.434782608695652
1790.0,3.434782608695652
1791.0,3.434782608695652
1792.0,3.434782608695652
1793.0,3.434782608695652
1794.0,3.434782608695652
1795.0,3.434782608695652
1796.0,3.434782608695652
1797.0,3.434782608695652
1798.0,3.434782608695652
1799.0,3.434782608695652
1800.0,3.434782608695652
1801.0,3.434782608695652
1802.0,3.434782608695652
1803.0,3.434782608695652
1804.0,3.434782608695652
1805.0,3.434782608695652
1806.0,3.434782608695652
1807.0,3.434782608695652
1808.0,3.434782608695652
1809.0,3.434782608695652
1810.0,3.434782608695652
1811.0,3.434782608695652
1812.0,3.434782608695652
1813.0,3.434782608695652
1814.0,3.434782608695652
1815.0,3.434782608695652
1816.0,3.434782608695652
1817.0,3.434782608695652
1818.0,3.434782608695652
1819.0,3.434782608695652
1820.0,3.434782608695652
1821.0,3.434782608695652
1822.0,3.434782608695652
1823.0,3.434782608695652
1824.0,3.434782608695652
1825.0,3.434782608695652
1826.0,3.434782608695652
1827.0,3.434782608695652
1828.0,3.434782608695652
1829.0,3.434782608695652
1830.0,3.434782608695652
1831.0,3.434782608695652
1832.0,3.434782608695652
1833.0,3.434782608695652
1834.0,3.434782608695652
1835.0,3.434782608695652
1836.0,3.434782608695652
1837.0,3.434782608695652
1838.0,3.434782608695652
1839.0,3.434782608695652
1840.0,3.434782608695652
1841.0,3.434782608695652
1842.0,3.434782608695652
1843.0,3.434782608695652
1844.0,3.434782608695652
1845.0,3.434782608695652
1846.0,3.434782608695652
1847.0,3.434782608695652
1848.0,3.434782608695652
1849.0,3.434782608695652
1850.0,3.434782608695652
1851.0,3.434782608695652
1852.0,3.434782608695652
1853.0,3.434782608695652
1854.0,3.434782608695652
1855.0,3.434782608695652
1856.0,3.434782608695652
1857.0,3.434782608695652
1858.0,3.434782608695652
1859.0,3.434782608695652
1860.0,3.434782608695652
1861.0,3.434782608695652
1862.0,3.434782608695652
1863.0,3.434782608695652
1864.0,3.434782608695652
1865.0,3.434782608695652
1866.0,3.434782608695652
1867.0,3.434782608695652
1868.0,3.434782608695652
1869.0,3.434782608695652
1870.0,3.434782608695652
1871.0,3.434782608695652
1872.0,3.434782608695652
1873.0,3.434782608695652
1874.0,3.434782608695652
1875.0,3.434782608695652
1876.0,3.434782608695652
1877.0,3.434782608695652
1878.0,3.434782608695652
1879.0,3.434782608695652
1880.0,3.434782608695652
1881.0,3.434782608695652
1882.0,3.434782608695652
1883.0,3.434782608695652
1884.0,3.434782608695652
1885.0,3.434782608695652
1886.0,3.434782608695652
1887.0,3.434782608695652
1888.0,3.434782608695652
1889.0,3.434782608695652
1890.0,3.434782608695652
1891.0,3.434782608695652
1892.0,3.434782608695652
1893.0,3.434782608695652
1894.0,3.434782608695652
1895.0,3.434782608695652
1896.0,3.434782608695652
1897.0,3.434782608695652
1898.0,3.434782608695652
1899.0,3.434782608695652
1900.0,3.434782608695652
1901.0,3.434782608695652
1902.0,3.434782608695652
1903.0,3.434782608695652
1904.0,3.434782608695652
1905.0,3.434782608695652
1906.0,3.434782608695652
1907.0,3.434782608695652
1908.0,3.434782608695652
1909.0,3.434782608695652
1910.0,3.434782608695652
1911.0,3.434782608695652
1912.0,3.434782608695652
1913.0,3.434782608695652
1914.0,3.434782608695652
1915.0,3.434782608695652
1916.0,3.434782608695652
1917.0,3.434782608695652
1918.0,3.434782608695652
1919.0,3.434782608695652
1920.0,3.434782608695652
1921.0,3.434782608695652
1922.0,3.434782608695652
1923.0,3.434782608695652
1924.0,3.434782608695652
1925.0,3.434782608695652
1926.0,3.434782608695652
1927.0,3.434782608695652
1928.0,3.434782608695652
1929.0,3.434782608695652
1930.0,3.434782608695652
1931.0,3.434782608695652
1932.0,3.434782608695652
1933.0,3.434782608695652
1934.0,3.434782608695652
1935.0,3.434782608695652
1936.0,3.434782608695652
1937.0,3.434782608695652
1938.0,3.434782608695652
1939.0,3.434782608695652
1940.0,3.434782608695652
1941.0,3.434782608695652
1942.0,3.434782608695652
1943.0,3.434782608695652
1944.0,3.434782608695652
1945.0,3.434782608695652
1946.0,3.434782608695652
1947.0,3.434782608695652
1948.0,3.434782608695652
1949.0,3.434782608695652
1950.0,3.434782608695652
1951.0,3.434782608695652
1952.0,3.434782608695652
1953.0,3.434782608695652
1954.0,3.434782608695652
1955.0,3.434782608695652
1956.0,3.434782608695652
1957.0,3.434782608695652
1958.0,3.434782608695652
1959.0,3.434782608695652
1960.0,3.434782608695652
1961.0,3.434782608695652
1962.0,3.434782608695652
1963.0,3.434782608695652
1964.0,3.434782608695652
1965.0,3.434782608695652
1966.0,3.434782608695652
1967.0,3.434782608695652
1968.0,3.434782608695652
1969.0,3.434782608695652
1970.0,3.434782608695652
1971.0,3.434782608695652
1972.0,3.434782608695652
1973.0,3.434782608695652
1974.0,3.434782608695652
1975.0,3.434782608695652
1976.0,3.434782608695652
1977.0,3.434782608695652
1978.0,3.434782608695652
1979.0,3.434782608695652
1980.0,3.434782608695652
1981.0,3.434782608695652
1982.0,3.434782608695652
1983.0,3.434782608695652
1984.0,3.434782608695652
1985.0,3.434782608695652
1986.0,3.434782608695652
1987.0,3.434782608695652
1988.0,3.434782608695652
1989.0,3.434782608695652
1990.0,3.434782608695652
1991.0,3.434782608695652
1992.0,3.434782608695652
1993.0,3.434782608695652
1994.0,3.434782608695652
1995.0,3.434782608695652
1996.0,3.434782608695652
1997.0,3.434782608695652
1998.0,3.434782608695652
1999.0,3.434782608695652
2000.0,3.434782608695652
2001.0,3.434782608695652
2002.0,3.434782608695652
2003.0,3.434782608695652
2004.0,3.434782608695652
2005.0,3.434782608695652
2006.0,3.434782608695652
2007.0,3.434782608695652
2008.0,3.434782608695652
2009.0,3.434782608695652
2010.0,3.434782608695652
2011.0,3.434782608695652
2012.0,3.434782608695652
2013.0,3.434782608695652
2014.0,3.434782608695652
2015.0,3.434782608695652
2016.0,3.434782608695652
2017.0,3.434782608695652
2018.0,3.434782608695652
2019.0,3.434782608695652
2020.0,3.434782608695652
2021.0,3.434782608695652
2022.0,3.434782608695652
2023.0,3.434782608695652
2024.0,3.434782608695652
2025.0,3.434782608695652
2026.0,3.434782608695652
2027.0,3.434782608695652
2028.0,3.434782608695652
2029.0,3.434782608695652
2030.0,3.434782608695652
2031.0,3.434782608695652
2032.0,3.434782608695652
2033.0,3.434782608695652
2034.0,3.434782608695652
2035.0,3.434782608695652
2036.0,3.434782608695652
2037.0,3.434782608695652
2038.0,3.434782608695652
2039.0,3.434782608695652
2040.0,3.434782608695652
2041.0,3.434782608695652
2042.0,3.434782608695652
2043.0,3.434782608695652
2044.0,3.434782608695652
2045.0,3.434782608695652
2046.0,3.434782608695652
2047.0,3.434782608695652
2048.0,3.434782608695652
2049.0,3.434782608695652
2050.0,3.434782608695652
2051.0,3.434782608695652
2052.0,3.434782608695652
2053.0,3.434782608695652
2054.0,3.434782608695652
2055.0,3.434782608695652
2056.0,3.434782608695652
2057.0,3.434782608695652
2058.0,3.434782608695652
2059.0,3.434782608695652
2060.0,3.434782608695652
2061.0,3.434782608695652
2062.0,3.434782608695652
2063.0,3.434782608695652
2064.0,3.434782608695652
2065.0,3.434782608695652
2066.0,3.434782608695652
2067.0,3.434782608695652
2068.0,3.434782608695652
2069.0,3.434782608695652
2070.0,3.434782608695652
2071.0,3.434782608695652
2072.0,3.434782608695652
2073.0,3.434782608695652
2074.0,3.434782608695652
2075.0,3.434782608695652
2076.0,3.434782608695652
2077.0,3.434782608695652
2078.0,3.434782608695652
2079.0,3.434782608695652
2080.0,3.434782608695652
2081.0,3.434782608695652
2082.0,3.434782608695652
2083.0,3.434782608695652
2084.0,3.434782608695652
2085.0,3.434782608695652
2086.0,3.434782608695652
2087.0,3.434782608695652
2088.0,3.434782608695652
2089.0,3.434782608695652
2090.0,3.434782608695652
2091.0,3.434782608695652
2092.0,3.434782608695652
2093.0,3.434782608695652
2094.0,3.434782608695652
2095.0,3.434782608695652
2096.0,3.434782608695652
2097.0,3.434782608695652
2098.0,3.434782608695652
2099.0,3.434782608695652
2100.0,3.434782608695652
2101.0,3.434782608695652
2102.0,3.434782608695652
2103.0,3.434782608695652
2104.0,3.434782608695652
2105.0,3.434782608695652
2106.0,3.434782608695652
2107.0,3.434782608695652
2108.0,3.434782608695652
2109.0,3.434782608695652
2110.0,3.434782608695652
2111.0,3.434782608695652
2112.0,3.434782608695652
2113.0,3.434782608695652
2114.0,3.434782608695652
2115.0,3.434782608695652
2116.0,3.434782608695652
2117.0,3.434782608695652
2118.0,3.434782608695652
2119.0,3.434782608695652
2120.0,3.434782608695652
2121.0,3.434782608695652
2122.0,3.434782608695652
2123.0,3.434782608695652
2124.0,3.434782608695652
2125.0,3.434782608695652
2126.0,3.434782608695652
2127.0,3.434782608695652
2128.0,3.434782608695652
2129.0,3.434782608695652
2130.0,3.434782608695652
2131.0,3.434782608695652
2132.0,3.434782608695652
2133.0,3.434782608695652
2134.0,3.434782608695652
2135.0,3.434782608695652
2136.0,3.434782608695652
2137.0,3.434782608695652
2138.0,3.434782608695652
2139.0,3.434782608695652
2140.0,3.434782608695652
2141.0,3.434782608695652
2142.0,3.434782608695652
2143.0,3.4782608695652173
2144.0,3.4782608695652173
2145.0,3.434782608695652
2146.0,3.434782608695652
2147.0,3.4782608695652173
2148.0,3.434782608695652
2149.0,3.434782608695652
2150.0,3.434782608695652
2151.0,3.4782608695652173
2152.0,3.434782608695652
2153.0,3.434782608695652
2154.0,3.4782608695652173
2155.0,3.434782608695652
2156.0,3.434782608695652
2157.0,3.434782608695652
2158.0,3.434782608695652
2159.0,3.434782608695652
2160.0,3.434782608695652
2161.0,3.434782608695652
2162.0,3.434782608695652
2163.0,3.434782608695652
2164.0,3.434782608695652
2165.0,3.434782608695652
2166.0,3.434782608695652
2167.0,3.434782608695652
2168.0,3.434782608695652
2169.0,3.434782608695652
2170.0,3.434782608695652
2171.0,3.434782608695652
2172.0,3.434782608695652
2173.0,3.434782608695652
2174.0,3.434782608695652
2175.0,3.434782608695652
2176.0,3.434782608695652
2177.0,3.434782608695652
2178.0,3.434782608695652
2179.0,3.434782608695652
2180.0,3.434782608695652
2181.0,3.434782608695652
2182.0,3.4782608695652173
2183.0,3.4782608695652173
2184.0,3.4782608695652173
2185.0,3.4782608695652173
2186.0,3.4782608695652173
2187.0,3.434782608695652
2188.0,3.434782608695652
2189.0,3.4782608695652173
2190.0,3.434782608695652
2191.0,3.434782608695652
2192.0,3.4782608695652173
2193.0,3.434782608695652
2194.0,3.4782608695652173
2195.0,3.434782608695652
2196.0,3.434782608695652
2197.0,3.434782608695652
2198.0,3.434782608695652
2199.0,3.434782608695652
2200.0,3.434782608695652
2201.0,3.434782608695652
2202.0,3.434782608695652
2203.0,3.434782608695652
2204.0,3.434782608695652
2205.0,3.434782608695652
2206.0,3.434782608695652
2207.0,3.434782608695652
2208.0,3.434782608695652
2209.0,3.434782608695652
2210.0,3.434782608695652
2211.0,3.434782608695652
2212.0,3.434782608695652
2213.0,3.434782608695652
2214.0,3.434782608695652
2215.0,3.434782608695652
2216.0,3.434782608695652
2217.0,3.4782608695652173
2218.0,3.434782608695652
2219.0,3.434782608695652
2220.0,3.434782608695652
2221.0,3.4782608695652173
2222.0,3.434782608695652
2223.0,3.434782608695652
2224.0,3.4782608695652173
2225.0,3.4782608695652173
2226.0,3.4782608695652173
2227.0,3.434782608695652
2228.0,3.4782608695652173
2229.0,3.434782608695652
2230.0,3.434782608695652
2231.0,3.434782608695652
2232.0,3.434782608695652
2233.0,3.434782608695652
2234.0,3.4782608695652173
2235.0,3.434782608695652
2236.0,3.434782608695652
2237.0,3.434782608695652
2238.0,3.434782608695652
2239.0,3.434782608695652
2240.0,3.434782608695652
2241.0,3.434782608695652
2242.0,3.434782608695652
2243.0,3.434782608695652
2244.0,3.434782608695652
2245.0,3.434782608695652
2246.0,3.434782608695652
2247.0,3.434782608695652
2248.0,3.434782608695652
2249.0,3.434782608695652
2250.0,3.434782608695652
2251.0,3.434782608695652
2252.0,3.434782608695652
2253.0,3.434782608695652
2254.0,3.434782608695652
2255.0,3.434782608695652
2256.0,3.434782608695652
2257.0,3.434782608695652
2258.0,3.434782608695652
2259.0,3.434782608695652
2260.0,3.4782608695652173
2261.0,3.434782608695652
2262.0,3.4782608695652173
2263.0,3.434782608695652
2264.0,3.434782608695652
2265.0,3.434782608695652
2266.0,3.434782608695652
2267.0,3.434782608695652
2268.0,3.434782608695652
2269.0,3.434782608695652
2270.0,3.4782608695652173
2271.0,3.434782608695652
2272.0,3.4782608695652173
2273.0,3.4782608695652173
2274.0,3.434782608695652
2275.0,3.434782608695652
2276.0,3.4782608695652173
2277.0,3.434782608695652
2278.0,3.4782608695652173
2279.0,3.434782608695652
2280.0,3.434782608695652
2281.0,3.434782608695652
2282.0,3.4782608695652173
2283.0,3.434782608695652
2284.0,3.434782608695652
2285.0,3.434782608695652
2286.0,3.434782608695652
2287.0,3.434782608695652
2288.0,3.434782608695652
2289.0,3.434782608695652
2290.0,3.434782608695652
2291.0,3.4782608695652173
2292.0,3.4782608695652173
2293.0,3.434782608695652
2294.0,3.434782608695652
2295.0,3.434782608695652
2296.0,3.434782608695652
2297.0,3.434782608695652
2298.0,3.434782608695652
2299.0,3.434782608695652
2300.0,3.434782608695652
2301.0,3.4782608695652173
2302.0,3.434782608695652
2303.0,3.434782608695652
2304.0,3.434782608695652
2305.0,3.434782608695652
2306.0,3.434782608695652
2307.0,3.434782608695652
2308.0,3.4782608695652173
2309.0,3.4782608695652173
2310.0,3.4782608695652173
2311.0,3.434782608695652
2312.0,3.434782608695652
2313.0,3.4782608695652173
2314.0,3.4782608695652173
2315.0,3.434782608695652
2316.0,3.4782608695652173
2317.0,3.434782608695652
2318.0,3.4782608695652173
2319.0,3.4782608695652173
2320.0,3.434782608695652
2321.0,3.434782608695652
2322.0,3.4782608695652173
2323.0,3.434782608695652
2324.0,3.434782608695652
2325.0,3.434782608695652
2326.0,3.4782608695652173
2327.0,3.434782608695652
2328.0,3.434782608695652
2329.0,3.434782608695652
2330.0,3.434782608695652
2331.0,3.4782608695652173
2332.0,3.434782608695652
2333.0,3.4782608695652173
2334.0,3.434782608695652
2335.0,3.4782608695652173
2336.0,3.4782608695652173
2337.0,3.434782608695652
2338.0,3.4782608695652173
2339.0,3.434782608695652
2340.0,3.4782608695652173
2341.0,3.434782608695652
2342.0,3.4782608695652173
2343.0,3.434782608695652
2344.0,3.4782608695652173
2345.0,3.434782608695652
2346.0,3.4782608695652173
2347.0,3.434782608695652
2348.0,3.4782608695652173
2349.0,3.434782608695652
2350.0,3.4782608695652173
2351.0,3.434782608695652
2352.0,3.4782608695652173
2353.0,3.4782608695652173
2354.0,3.4782608695652173
2355.0,3.434782608695652
2356.0,3.434782608695652
2357.0,3.434782608695652
2358.0,3.434782608695652
2359.0,3.434782608695652
2360.0,3.4782608695652173
2361.0,3.434782608695652
2362.0,3.434782608695652
2363.0,3.434782608695652
2364.0,3.434782608695652
2365.0,3.434782608695652
2366.0,3.4782608695652173
2367.0,3.4782608695652173
2368.0,3.434782608695652
2369.0,3.434782608695652
2370.0,3.4782608695652173
2371.0,3.434782608695652
2372.0,3.4782608695652173
2373.0,3.434782608695652
2374.0,3.434782608695652
2375.0,3.4782608695652173
2376.0,3.4782608695652173
2377.0,3.434782608695652
2378.0,3.4782608695652173
2379.0,3.434782608695652
2380.0,3.434782608695652
2381.0,3.4782608695652173
2382.0,3.4782608695652173
2383.0,3.4782608695652173
2384.0,3.434782608695652
2385.0,3.434782608695652
2386.0,3.434782608695652
2387.0,3.434782608695652
2388.0,3.434782608695652
2389.0,3.434782608695652
2390.0,3.434782608695652
2391.0,3.434782608695652
2392.0,3.434782608695652
2393.0,3.434782608695652
2394.0,3.434782608695652
2395.0,3.434782608695652
2396.0,3.434782608695652
2397.0,3.4782608695652173
2398.0,3.434782608695652
2399.0,3.434782608695652
2400.0,3.434782608695652
2401.0,3.4782608695652173
2402.0,3.434782608695652
2403.0,3.434782608695652
2404.0,3.434782608695652
2405.0,3.434782608695652
2406.0,3.4782608695652173
2407.0,3.4782608695652173
2408.0,3.4782608695652173
2409.0,3.4782608695652173
2410.0,3.4782608695652173
2411.0,3.4782608695652173
2412.0,3.4782608695652173
2413.0,3.4782608695652173
2414.0,3.4782608695652173
2415.0,3.4782608695652173
2416.0,3.4782608695652173
2417.0,3.4782608695652173
2418.0,3.434782608695652
2419.0,3.4782608695652173
2420.0,3.434782608695652
2421.0,3.434782608695652
2422.0,3.4782608695652173
2423.0,3.434782608695652
2424.0,3.4782608695652173
2425.0,3.434782608695652
2426.0,3.4782608695652173
2427.0,3.434782608695652
2428.0,3.4782608695652173
2429.0,3.434782608695652
2430.0,3.434782608695652
2431.0,3.434782608695652
2432.0,3.434782608695652
2433.0,3.4782608695652173
2434.0,3.434782608695652
2435.0,3.434782608695652
2436.0,3.434782608695652
2437.0,3.434782608695652
2438.0,3.434782608695652
2439.0,3.434782608695652
2440.0,3.434782608695652
2441.0,3.434782608695652
2442.0,3.4782608695652173
2443.0,3.4782608695652173
2444.0,3.4782608695652173
2445.0,3.434782608695652
2446.0,3.4782608695652173
2447.0,3.4782608695652173
2448.0,3.4782608695652173
2449.0,3.4782608695652173
2450.0,3.4782608695652173
2451.0,3.4782608695652173
2452.0,3.4782608695652173
2453.0,3.4782608695652173
2454.0,3.4782608695652173
2455.0,3.4782608695652173
2456.0,3.4782608695652173
2457.0,3.4782608695652173
2458.0,3.4782608695652173
2459.0,3.4782608695652173
2460.0,3.4782608695652173
2461.0,3.434782608695652
2462.0,3.4782608695652173
2463.0,3.434782608695652
2464.0,3.434782608695652
2465.0,3.434782608695652
2466.0,3.434782608695652
2467.0,3.4782608695652173
2468.0,3.434782608695652
2469.0,3.4782608695652173
2470.0,3.434782608695652
2471.0,3.434782608695652
2472.0,3.434782608695652
2473.0,3.434782608695652
2474.0,3.434782608695652
2475.0,3.4782608695652173
2476.0,3.4782608695652173
2477.0,3.4782608695652173
2478.0,3.4782608695652173
2479.0,3.4782608695652173
2480.0,3.4782608695652173
2481.0,3.434782608695652
2482.0,3.4782608695652173
2483.0,3.4782608695652173
2484.0,3.4782608695652173
2485.0,3.4782608695652173
2486.0,3.4782608695652173
2487.0,3.4782608695652173
2488.0,3.4782608695652173
2489.0,3.4782608695652173
2490.0,3.4782608695652173
2491.0,3.4782608695652173
2492.0,3.4782608695652173
2493.0,3.4782608695652173
2494.0,3.4782608695652173
2495.0,3.4782608695652173
2496.0,3.4782608695652173
2497.0,3.4782608695652173
2498.0,3.434782608695652
2499.0,3.4782608695652173
2500.0,3.4782608695652173
2501.0,3.434782608695652
2502.0,3.4782608695652173
2503.0,3.434782608695652
2504.0,3.4782608695652173
2505.0,3.434782608695652
2506.0,3.4782608695652173
2507.0,3.4782608695652173
2508.0,3.4782608695652173
2509.0,3.4782608695652173
2510.0,3.4782608695652173
2511.0,3.4782608695652173
2512.0,3.4782608695652173
2513.0,3.434782608695652
2514.0,3.4782608695652173
2515.0,3.4782608695652173
2516.0,3.434782608695652
2517.0,3.4782608695652173
2518.0,3.4782608695652173
2519.0,3.4782608695652173
2520.0,3.4782608695652173
2521.0,3.4782608695652173
2522.0,3.4782608695652173
2523.0,3.4782608695652173
2524.0,3.4782608695652173
2525.0,3.4782608695652173
2526.0,3.4782608695652173
2527.0,3.4782608695652173
2528.0,3.4782608695652173
2529.0,3.434782608695652
2530.0,3.434782608695652
2531.0,3.4782608695652173
2532.0,3.4782608695652173
2533.0,3.4782608695652173
2534.0,3.434782608695652
2535.0,3.434782608695652
2536.0,3.434782608695652
2537.0,3.434782608695652
2538.0,3.434782608695652
2539.0,3.434782608695652
2540.0,3.4782608695652173
2541.0,3.434782608695652
2542.0,3.4782608695652173
2543.0,3.4782608695652173
2544.0,3.434782608695652
2545.0,3.4782608695652173
2546.0,3.4782608695652173
2547.0,3.4782608695652173
2548.0,3.4782608695652173
2549.0,3.4782608695652173
2550.0,3.4782608695652173
2551.0,3.4782608695652173
2552.0,3.4782608695652173
2553.0,3.434782608695652
2554.0,3.4782608695652173
2555.0,3.434782608695652
2556.0,3.434782608695652
2557.0,3.434782608695652
2558.0,3.434782608695652
2559.0,3.4782608695652173
2560.0,3.4782608695652173
2561.0,3.434782608695652
2562.0,3.434782608695652
2563.0,3.4782608695652173
2564.0,3.4782608695652173
2565.0,3.4782608695652173
2566.0,3.4782608695652173
2567.0,3.4782608695652173
2568.0,3.4782608695652173
2569.0,3.4782608695652173
2570.0,3.4782608695652173
2571.0,3.434782608695652
2572.0,3.4782608695652173
2573.0,3.4782608695652173
2574.0,3.4782608695652173
2575.0,3.4782608695652173
2576.0,3.4782608695652173
2577.0,3.4782608695652173
2578.0,3.4782608695652173
2579.0,3.4782608695652173
2580.0,3.4782608695652173
2581.0,3.4782608695652173
2582.0,3.4782608695652173
2583.0,3.4782608695652173
2584.0,3.4782608695652173
2585.0,3.4782608695652173
2586.0,3.4782608695652173
2587.0,3.434782608695652
2588.0,3.434782608695652
2589.0,3.4782608695652173
2590.0,3.4782608695652173
2591.0,3.4782608695652173
2592.0,3.434782608695652
2593.0,3.4782608695652173
2594.0,3.434782608695652
2595.0,3.4782608695652173
2596.0,3.4782608695652173
2597.0,3.4782608695652173
2598.0,3.4782608695652173
2599.0,3.434782608695652
2600.0,3.4782608695652173
2601.0,3.4782608695652173
2602.0,3.4782608695652173
2603.0,3.4782608695652173
2604.0,3.4782608695652173
2605.0,3.4782608695652173
2606.0,3.4782608695652173
2607.0,3.4782608695652173
2608.0,3.4782608695652173
2609.0,3.4782608695652173
2610.0,3.434782608695652
2611.0,3.4782608695652173
2612.0,3.4782608695652173
2613.0,3.434782608695652
2614.0,3.4782608695652173
2615.0,3.434782608695652
2616.0,3.4782608695652173
2617.0,3.4782608695652173
2618.0,3.4782608695652173
2619.0,3.4782608695652173
2620.0,3.4782608695652173
2621.0,3.434782608695652
2622.0,3.4782608695652173
2623.0,3.4782608695652173
2624.0,3.4782608695652173
2625.0,3.4782608695652173
2626.0,3.4782608695652173
2627.0,3.4782608695652173
2628.0,3.4782608695652173
2629.0,3.434782608695652
2630.0,3.4782608695652173
2631.0,3.434782608695652
2632.0,3.434782608695652
2633.0,3.4782608695652173
2634.0,3.4782608695652173
2635.0,3.4782608695652173
2636.0,3.4782608695652173
2637.0,3.4782608695652173
2638.0,3.434782608695652
2639.0,3.4782608695652173
2640.0,3.4782608695652173
2641.0,3.4782608695652173
2642.0,3.4782608695652173
2643.0,3.4782608695652173
2644.0,3.4782608695652173
2645.0,3.4782608695652173
2646.0,3.4782608695652173
2647.0,3.4782608695652173
2648.0,3.4782608695652173
2649.0,3.4782608695652173
2650.0,3.4782608695652173
2651.0,3.4782608695652173
2652.0,3.4782608695652173
2653.0,3.4782608695652173
2654.0,3.4782608695652173
2655.0,3.4782608695652173
2656.0,3.4782608695652173
2657.0,3.4782608695652173
2658.0,3.4782608695652173
2659.0,3.4782608695652173
2660.0,3.4782608695652173
2661.0,3.4782608695652173
2662.0,3.4782608695652173
2663.0,3.4782608695652173
2664.0,3.434782608695652
2665.0,3.4782608695652173
2666.0,3.434782608695652
2667.0,3.4782608695652173
2668.0,3.4782608695652173
2669.0,3.4782608695652173
2670.0,3.4782608695652173
2671.0,3.4782608695652173
2672.0,3.434782608695652
2673.0,3.4782608695652173
2674.0,3.4782608695652173
2675.0,3.4782608695652173
2676.0,3.4782608695652173
2677.0,3.4782608695652173
2678.0,3.4782608695652173
2679.0,3.4782608695652173
2680.0,3.4782608695652173
2681.0,3.4782608695652173
2682.0,3.4782608695652173
2683.0,3.4782608695652173
2684.0,3.4782608695652173
2685.0,3.4782608695652173
2686.0,3.4782608695652173
2687.0,3.4782608695652173
2688.0,3.4782608695652173
2689.0,3.4782608695652173
2690.0,3.4782608695652173
2691.0,3.4782608695652173
2692.0,3.4782608695652173
2693.0,3.434782608695652
2694.0,3.4782608695652173
2695.0,3.434782608695652
2696.0,3.434782608695652
2697.0,3.4782608695652173
2698.0,3.434782608695652
2699.0,3.4782608695652173
2700.0,3.4782608695652173
2701.0,3.4782608695652173
2702.0,3.4782608695652173
2703.0,3.434782608695652
2704.0,3.4782608695652173
2705.0,3.4782608695652173
2706.0,3.4782608695652173
2707.0,3.4782608695652173
2708.0,3.4782608695652173
2709.0,3.4782608695652173
2710.0,3.4782608695652173
2711.0,3.4782608695652173
2712.0,3.4782608695652173
2713.0,3.4782608695652173
2714.0,3.434782608695652
2715.0,3.4782608695652173
2716.0,3.4782608695652173
2717.0,3.4782608695652173
2718.0,3.4782608695652173
2719.0,3.4782608695652173
2720.0,3.4782608695652173
2721.0,3.4782608695652173
2722.0,3.4782608695652173
2723.0,3.4782608695652173
2724.0,3.4782608695652173
2725.0,3.4782608695652173
2726.0,3.4782608695652173
2727.0,3.4782608695652173
2728.0,3.4782608695652173
2729.0,3.4782608695652173
2730.0,3.4782608695652173
2731.0,3.434782608695652
2732.0,3.4782608695652173
2733.0,3.4782608695652173
2734.0,3.434782608695652
2735.0,3.4782608695652173
2736.0,3.4782608695652173
2737.0,3.4782608695652173
2738.0,3.4782608695652173
2739.0,3.4782608695652173
2740.0,3.4782608695652173
2741.0,3.4782608695652173
2742.0,3.4782608695652173
2743.0,3.4782608695652173
2744.0,3.4782608695652173
2745.0,3.4782608695652173
2746.0,3.4782608695652173
2747.0,3.4782608695652173
2748.0,3.4782608695652173
2749.0,3.434782608695652
2750.0,3.4782608695652173
2751.0,3.4782608695652173
2752.0,3.4782608695652173
2753.0,3.4782608695652173
2754.0,3.4782608695652173
2755.0,3.4782608695652173
2756.0,3.4782608695652173
2757.0,3.4782608695652173
2758.0,3.4782608695652173
2759.0,3.4782608695652173
2760.0,3.4782608695652173
2761.0,3.4782608695652173
2762.0,3.4782608695652173
2763.0,3.4782608695652173
2764.0,3.4782608695652173
2765.0,3.4782608695652173
2766.0,3.4782608695652173
2767.0,3.4782608695652173
2768.0,3.4782608695652173
2769.0,3.4782608695652173
2770.0,3.4782608695652173
2771.0,3.4782608695652173
2772.0,3.4782608695652173
2773.0,3.4782608695652173
2774.0,3.4782608695652173
2775.0,3.4782608695652173
2776.0,3.4782608695652173
2777.0,3.4782608695652173
2778.0,3.4782608695652173
2779.0,3.4782608695652173
2780.0,3.434782608695652
2781.0,3.4782608695652173
2782.0,3.434782608695652
2783.0,3.4782608695652173
2784.0,3.4782608695652173
2785.0,3.4782608695652173
2786.0,3.4782608695652173
2787.0,3.4782608695652173
2788.0,3.4782608695652173
2789.0,3.4782608695652173
2790.0,3.4782608695652173
2791.0,3.4782608695652173
2792.0,3.4782608695652173
2793.0,3.4782608695652173
2794.0,3.4782608695652173
2795.0,3.4782608695652173
2796.0,3.4782608695652173
2797.0,3.4782608695652173
2798.0,3.4782608695652173
2799.0,3.4782608695652173
2800.0,3.4782608695652173
2801.0,3.4782608695652173
2802.0,3.4782608695652173
2803.0,3.4782608695652173
2804.0,3.4782608695652173
2805.0,3.4782608695652173
2806.0,3.4782608695652173
2807.0,3.4782608695652173
2808.0,3.4782608695652173
2809.0,3.4782608695652173
2810.0,3.4782608695652173
2811.0,3.4782608695652173
2812.0,3.4782608695652173
2813.0,3.434782608695652
2814.0,3.4782608695652173
2815.0,3.4782608695652173
2816.0,3.4782608695652173
2817.0,3.4782608695652173
2818.0,3.4782608695652173
2819.0,3.4782608695652173
2820.0,3.434782608695652
2821.0,3.434782608695652
2822.0,3.4782608695652173
2823.0,3.4782608695652173
2824.0,3.434782608695652
2825.0,3.4782608695652173
2826.0,3.4782608695652173
2827.0,3.4782608695652173
2828.0,3.434782608695652
2829.0,3.4782608695652173
2830.0,3.4782608695652173
2831.0,3.4782608695652173
2832.0,3.4782608695652173
2833.0,3.4782608695652173
2834.0,3.4782608695652173
2835.0,3.4782608695652173
2836.0,3.4782608695652173
2837.0,3.4782608695652173
2838.0,3.4782608695652173
2839.0,3.4782608695652173
2840.0,3.4782608695652173
2841.0,3.4782608695652173
2842.0,3.4782608695652173
2843.0,3.4782608695652173
2844.0,3.4782608695652173
2845.0,3.4782608695652173
2846.0,3.4782608695652173
2847.0,3.4782608695652173
2848.0,3.434782608695652
2849.0,3.4782608695652173
2850.0,3.4782608695652173
2851.0,3.4782608695652173
2852.0,3.4782608695652173
2853.0,3.4782608695652173
2854.0,3.4782608695652173
2855.0,3.4782608695652173
2856.0,3.4782608695652173
2857.0,3.4782608695652173
2858.0,3.4782608695652173
2859.0,3.4782608695652173
2860.0,3.4782608695652173
2861.0,3.4782608695652173
2862.0,3.4782608695652173
2863.0,3.4782608695652173
2864.0,3.4782608695652173
2865.0,3.4782608695652173
2866.0,3.4782608695652173
2867.0,3.4782608695652173
2868.0,3.434782608695652
2869.0,3.4782608695652173
2870.0,3.434782608695652
2871.0,3.4782608695652173
2872.0,3.4782608695652173
2873.0,3.4782608695652173
2874.0,3.4782608695652173
2875.0,3.4782608695652173
2876.0,3.4782608695652173
2877.0,3.4782608695652173
2878.0,3.4782608695652173
2879.0,3.4782608695652173
2880.0,3.4782608695652173
2881.0,3.4782608695652173
2882.0,3.4782608695652173
2883.0,3.4782608695652173
2884.0,3.4782608695652173
2885.0,3.4782608695652173
2886.0,3.434782608695652
2887.0,3.4782608695652173
2888.0,3.4782608695652173
2889.0,3.4782608695652173
2890.0,3.4782608695652173
2891.0,3.4782608695652173
2892.0,3.4782608695652173
2893.0,3.4782608695652173
2894.0,3.4782608695652173
2895.0,3.4782608695652173
2896.0,3.4782608695652173
2897.0,3.4782608695652173
2898.0,3.4782608695652173
2899.0,3.4782608695652173
2900.0,3.4782608695652173
2901.0,3.4782608695652173
2902.0,3.4782608695652173
2903.0,3.4782608695652173
2904.0,3.4782608695652173
2905.0,3.4782608695652173
2906.0,3.4782608695652173
2907.0,3.4782608695652173
2908.0,3.4782608695652173
2909.0,3.4782608695652173
2910.0,3.4782608695652173
2911.0,3.4782608695652173
2912.0,3.4782608695652173
2913.0,3.4782608695652173
2914.0,3.4782608695652173
2915.0,3.4782608695652173
2916.0,3.4782608695652173
2917.0,3.434782608695652
2918.0,3.4782608695652173
2919.0,3.4782608695652173
2920.0,3.4782608695652173
2921.0,3.4782608695652173
2922.0,3.4782608695652173
2923.0,3.4782608695652173
2924.0,3.4782608695652173
2925.0,3.4782608695652173
2926.0,3.4782608695652173
2927.0,3.434782608695652
2928.0,3.4782608695652173
2929.0,3.4782608695652173
2930.0,3.4782608695652173
2931.0,3.4782608695652173
2932.0,3.4782608695652173
2933.0,3.4782608695652173
2934.0,3.4782608695652173
2935.0,3.4782608695652173
2936.0,3.4782608695652173
2937.0,3.4782608695652173
2938.0,3.4782608695652173
2939.0,3.4782608695652173
2940.0,3.4782608695652173
2941.0,3.4782608695652173
2942.0,3.4782608695652173
2943.0,3.4782608695652173
2944.0,3.4782608695652173
2945.0,3.4782608695652173
2946.0,3.4782608695652173
2947.0,3.4782608695652173
2948.0,3.4782608695652173
2949.0,3.4782608695652173
2950.0,3.4782608695652173
2951.0,3.4782608695652173
2952.0,3.4782608695652173
2953.0,3.4782608695652173
2954.0,3.4782608695652173
2955.0,3.4782608695652173
2956.0,3.4782608695652173
2957.0,3.434782608695652
2958.0,3.4782608695652173
2959.0,3.4782608695652173
2960.0,3.4782608695652173
2961.0,3.434782608695652
2962.0,3.434782608695652
2963.0,3.4782608695652173
2964.0,3.4782608695652173
2965.0,3.4782608695652173
2966.0,3.4782608695652173
2967.0,3.4782608695652173
2968.0,3.4782608695652173
2969.0,3.4782608695652173
2970.0,3.4782608695652173
2971.0,3.4782608695652173
2972.0,3.4782608695652173
2973.0,3.4782608695652173
2974.0,3.4782608695652173
2975.0,3.4782608695652173
2976.0,3.4782608695652173
2977.0,3.4782608695652173
2978.0,3.4782608695652173
2979.0,3.4782608695652173
2980.0,3.4782608695652173
2981.0,3.4782608695652173
2982.0,3.4782608695652173
2983.0,3.4782608695652173
2984.0,3.4782608695652173
2985.0,3.4782608695652173
2986.0,3.434782608695652
2987.0,3.4782608695652173
2988.0,3.434782608695652
2989.0,3.4782608695652173
2990.0,3.4782608695652173
2991.0,3.4782608695652173
2992.0,3.4782608695652173
2993.0,3.4782608695652173
2994.0,3.4782608695652173
2995.0,3.434782608695652
2996.0,3.4782608695652173
2997.0,3.4782608695652173
2998.0,3.4782608695652173
2999.0,3.4782608695652173
3000.0,3.4782608695652173
3001.0,3.4782608695652173
3002.0,3.4782608695652173
3003.0,3.434782608695652
3004.0,3.4782608695652173
3005.0,3.4782608695652173
3006.0,3.4782608695652173
3007.0,3.4782608695652173
3008.0,3.4782608695652173
3009.0,3.4782608695652173
3010.0,3.4782608695652173
3011.0,3.4782608695652173
3012.0,3.4782608695652173
3013.0,3.4782608695652173
3014.0,3.4782608695652173
3015.0,3.4782608695652173
3016.0,3.4782608695652173
3017.0,3.4782608695652173
3018.0,3.4782608695652173
3019.0,3.4782608695652173
3020.0,3.4782608695652173
3021.0,3.4782608695652173
3022.0,3.4782608695652173
3023.0,3.4782608695652173
3024.0,3.4782608695652173
3025.0,3.4782608695652173
3026.0,3.4782608695652173
3027.0,3.4782608695652173
3028.0,3.4782608695652173
3029.0,3.4782608695652173
3030.0,3.4782608695652173
3031.0,3.4782608695652173
3032.0,3.4782608695652173
3033.0,3.4782608695652173
3034.0,3.4782608695652173
3035.0,3.4782608695652173
3036.0,3.4782608695652173
3037.0,3.434782608695652
3038.0,3.434782608695652
3039.0,3.4782608695652173
3040.0,3.4782608695652173
3041.0,3.434782608695652
3042.0,3.4782608695652173
3043.0,3.4782608695652173
3044.0,3.4782608695652173
3045.0,3.4782608695652173
3046.0,3.4782608695652173
3047.0,3.4782608695652173
3048.0,3.4782608695652173
3049.0,3.4782608695652173
3050.0,3.4782608695652173
3051.0,3.4782608695652173
3052.0,3.4782608695652173
3053.0,3.4782608695652173
3054.0,3.4782608695652173
3055.0,3.4782608695652173
3056.0,3.4782608695652173
3057.0,3.4782608695652173
3058.0,3.4782608695652173
3059.0,3.4782608695652173
3060.0,3.4782608695652173
3061.0,3.4782608695652173
3062.0,3.4782608695652173
3063.0,3.4782608695652173
3064.0,3.4782608695652173
3065.0,3.434782608695652
3066.0,3.4782608695652173
3067.0,3.4782608695652173
3068.0,3.4782608695652173
3069.0,3.434782608695652
3070.0,3.4782608695652173
3071.0,3.4782608695652173
3072.0,3.4782608695652173
3073.0,3.4782608695652173
3074.0,3.4782608695652173
3075.0,3.4782608695652173
3076.0,3.4782608695652173
3077.0,3.4782608695652173
3078.0,3.4782608695652173
3079.0,3.4782608695652173
3080.0,3.4782608695652173
3081.0,3.4782608695652173
3082.0,3.4782608695652173
3083.0,3.4782608695652173
3084.0,3.4782608695652173
3085.0,3.4782608695652173
3086.0,3.4782608695652173
3087.0,3.4782608695652173
3088.0,3.4782608695652173
3089.0,3.4782608695652173
3090.0,3.4782608695652173
3091.0,3.4782608695652173
3092.0,3.4782608695652173
3093.0,3.4782608695652173
3094.0,3.4782608695652173
3095.0,3.4782608695652173
3096.0,3.4782608695652173
3097.0,3.4782608695652173
3098.0,3.4782608695652173
3099.0,3.4782608695652173
3100.0,3.4782608695652173
3101.0,3.4782608695652173
3102.0,3.4782608695652173
3103.0,3.4782608695652173
3104.0,3.4782608695652173
3105.0,3.4782608695652173
3106.0,3.4782608695652173
3107.0,3.4782608695652173
3108.0,3.4782608695652173
3109.0,3.4782608695652173
3110.0,3.4782608695652173
3111.0,3.4782608695652173
3112.0,3.434782608695652
3113.0,3.4782608695652173
3114.0,3.4782608695652173
3115.0,3.4782608695652173
3116.0,3.4782608695652173
3117.0,3.4782608695652173
3118.0,3.4782608695652173
3119.0,3.4782608695652173
3120.0,3.4782608695652173
3121.0,3.4782608695652173
3122.0,3.4782608695652173
3123.0,3.4782608695652173
3124.0,3.4782608695652173
3125.0,3.4782608695652173
3126.0,3.4782608695652173
3127.0,3.4782608695652173
3128.0,3.4782608695652173
3129.0,3.4782608695652173
3130.0,3.4782608695652173
3131.0,3.4782608695652173
3132.0,3.4782608695652173
3133.0,3.4782608695652173
3134.0,3.4782608695652173
3135.0,3.4782608695652173
3136.0,3.4782608695652173
3137.0,3.4782608695652173
3138.0,3.4782608695652173
3139.0,3.4782608695652173
3140.0,3.4782608695652173
3141.0,3.4782608695652173
3142.0,3.4782608695652173
3143.0,3.4782608695652173
3144.0,3.4782608695652173
3145.0,3.4782608695652173
3146.0,3.4782608695652173
3147.0,3.4782608695652173
3148.0,3.4782608695652173
3149.0,3.4782608695652173
3150.0,3.4782608695652173
3151.0,3.4782608695652173
3152.0,3.4782608695652173
3153.0,3.4782608695652173
3154.0,3.4782608695652173
3155.0,3.4782608695652173
3156.0,3.4782608695652173
3157.0,3.4782608695652173
3158.0,3.4782608695652173
3159.0,3.4782608695652173
3160.0,3.4782608695652173
3161.0,3.4782608695652173
3162.0,3.4782608695652173
3163.0,3.4782608695652173
3164.0,3.4782608695652173
3165.0,3.4782608695652173
3166.0,3.4782608695652173
3167.0,3.4782608695652173
3168.0,3.4782608695652173
3169.0,3.4782608695652173
3170.0,3.4782608695652173
3171.0,3.4782608695652173
3172.0,3.4782608695652173
3173.0,3.4782608695652173
3174.0,3.4782608695652173
3175.0,3.4782608695652173
3176.0,3.4782608695652173
3177.0,3.4782608695652173
3178.0,3.4782608695652173
3179.0,3.4782608695652173
3180.0,3.4782608695652173
3181.0,3.4782608695652173
3182.0,3.4782608695652173
3183.0,3.4782608695652173
3184.0,3.4782608695652173
3185.0,3.4782608695652173
3186.0,3.434782608695652
3187.0,3.4782608695652173
3188.0,3.4782608695652173
3189.0,3.4782608695652173
3190.0,3.4782608695652173
3191.0,3.434782608695652
3192.0,3.4782608695652173
3193.0,3.4782608695652173
3194.0,3.4782608695652173
3195.0,3.4782608695652173
3196.0,3.4782608695652173
3197.0,3.4782608695652173
3198.0,3.4782608695652173
3199.0,3.4782608695652173
3200.0,3.4782608695652173
3201.0,3.4782608695652173
3202.0,3.4782608695652173
3203.0,3.4782608695652173
3204.0,3.4782608695652173
3205.0,3.4782608695652173
3206.0,3.4782608695652173
3207.0,3.4782608695652173
3208.0,3.4782608695652173
3209.0,3.4782608695652173
3210.0,3.4782608695652173
3211.0,3.4782608695652173
3212.0,3.4782608695652173
3213.0,3.4782608695652173
3214.0,3.4782608695652173
3215.0,3.4782608695652173
3216.0,3.4782608695652173
3217.0,3.4782608695652173
3218.0,3.4782608695652173
3219.0,3.4782608695652173
3220.0,3.434782608695652
3221.0,3.4782608695652173
3222.0,3.434782608695652
3223.0,3.434782608695652
3224.0,3.4782608695652173
3225.0,3.4782608695652173
3226.0,3.4782608695652173
3227.0,3.4782608695652173
3228.0,3.434782608695652
3229.0,3.4782608695652173
3230.0,3.4782608695652173
3231.0,3.4782608695652173
3232.0,3.434782608695652
3233.0,3.4782608695652173
3234.0,3.4782608695652173
3235.0,3.4782608695652173
3236.0,3.4782608695652173
3237.0,3.4782608695652173
3238.0,3.4782608695652173
3239.0,3.4782608695652173
3240.0,3.4782608695652173
3241.0,3.4782608695652173
3242.0,3.4782608695652173
3243.0,3.434782608695652
3244.0,3.4782608695652173
3245.0,3.4782608695652173
3246.0,3.4782608695652173
3247.0,3.4782608695652173
3248.0,3.4782608695652173
3249.0,3.434782608695652
3250.0,3.4782608695652173
3251.0,3.4782608695652173
3252.0,3.4782608695652173
3253.0,3.4782608695652173
3254.0,3.4782608695652173
3255.0,3.4782608695652173
3256.0,3.4782608695652173
3257.0,3.4782608695652173
3258.0,3.434782608695652
3259.0,3.4782608695652173
3260.0,3.4782608695652173
3261.0,3.4782608695652173
3262.0,3.4782608695652173
3263.0,3.4782608695652173
3264.0,3.4782608695652173
3265.0,3.4782608695652173
3266.0,3.4782608695652173
3267.0,3.4782608695652173
3268.0,3.434782608695652
3269.0,3.4782608695652173
3270.0,3.4782608695652173
3271.0,3.4782608695652173
3272.0,3.4782608695652173
3273.0,3.4782608695652173
3274.0,3.4782608695652173
3275.0,3.4782608695652173
3276.0,3.4782608695652173
3277.0,3.4782608695652173
3278.0,3.4782608695652173
3279.0,3.434782608695652
3280.0,3.4782608695652173
3281.0,3.4782608695652173
3282.0,3.4782608695652173
3283.0,3.4782608695652173
3284.0,3.4782608695652173
3285.0,3.4782608695652173
3286.0,3.4782608695652173
3287.0,3.4782608695652173
3288.0,3.4782608695652173
3289.0,3.4782608695652173
3290.0,3.4782608695652173
3291.0,3.434782608695652
3292.0,3.4782608695652173
3293.0,3.4782608695652173
3294.0,3.4782608695652173
3295.0,3.4782608695652173
3296.0,3.434782608695652
3297.0,3.4782608695652173
3298.0,3.4782608695652173
3299.0,3.4782608695652173
3300.0,3.4782608695652173
3301.0,3.434782608695652
3302.0,3.4782608695652173
3303.0,3.4782608695652173
3304.0,3.4782608695652173
3305.0,3.4782608695652173
3306.0,3.4782608695652173
3307.0,3.4782608695652173
3308.0,3.434782608695652
3309.0,3.4782608695652173
3310.0,3.4782608695652173
3311.0,3.4782608695652173
3312.0,3.4782608695652173
3313.0,3.4782608695652173
3314.0,3.4782608695652173
3315.0,3.4782608695652173
3316.0,3.434782608695652
3317.0,3.4782608695652173
3318.0,3.4782608695652173
3319.0,3.4782608695652173
3320.0,3.434782608695652
3321.0,3.4782608695652173
3322.0,3.434782608695652
3323.0,3.4782608695652173
3324.0,3.434782608695652
3325.0,3.4782608695652173
3326.0,3.434782608695652
3327.0,3.4782608695652173
3328.0,3.434782608695652
3329.0,3.4782608695652173
3330.0,3.4782608695652173
3331.0,3.4782608695652173
3332.0,3.4782608695652173
3333.0,3.4782608695652173
3334.0,3.4782608695652173
3335.0,3.4782608695652173
3336.0,3.4782608695652173
3337.0,3.434782608695652
3338.0,3.4782608695652173
3339.0,3.4782608695652173
3340.0,3.4782608695652173
3341.0,3.4782608695652173
3342.0,3.4782608695652173
3343.0,3.4782608695652173
3344.0,3.4782608695652173
3345.0,3.4782608695652173
3346.0,3.4782608695652173
3347.0,3.4782608695652173
3348.0,3.4782608695652173
3349.0,3.4782608695652173
3350.0,3.434782608695652
3351.0,3.4782608695652173
3352.0,3.4782608695652173
3353.0,3.434782608695652
3354.0,3.4782608695652173
3355.0,3.4782608695652173
3356.0,3.4782608695652173
3357.0,3.4782608695652173
3358.0,3.434782608695652
3359.0,3.434782608695652
3360.0,3.434782608695652
3361.0,3.434782608695652
3362.0,3.4782608695652173
3363.0,3.4782608695652173
3364.0,3.434782608695652
3365.0,3.4782608695652173
3366.0,3.4782608695652173
3367.0,3.4782608695652173
3368.0,3.434782608695652
3369.0,3.4782608695652173
3370.0,3.434782608695652
3371.0,3.434782608695652
3372.0,3.434782608695652
3373.0,3.4782608695652173
3374.0,3.434782608695652
3375.0,3.4782608695652173
3376.0,3.4782608695652173
3377.0,3.4782608695652173
3378.0,3.4782608695652173
3379.0,3.4782608695652173
3380.0,3.434782608695652
3381.0,3.4782608695652173
3382.0,3.4782608695652173
3383.0,3.4782608695652173
3384.0,3.434782608695652
3385.0,3.4782608695652173
3386.0,3.434782608695652
3387.0,3.4782608695652173
3388.0,3.4782608695652173
3389.0,3.4782608695652173
3390.0,3.4782608695652173
3391.0,3.434782608695652
3392.0,3.4782608695652173
3393.0,3.4782608695652173
3394.0,3.434782608695652
3395.0,3.4782608695652173
3396.0,3.434782608695652
3397.0,3.434782608695652
3398.0,3.434782608695652
3399.0,3.434782608695652
3400.0,3.4782608695652173
3401.0,3.4782608695652173
3402.0,3.4782608695652173
3403.0,3.434782608695652
3404.0,3.4782608695652173
3405.0,3.4782608695652173
3406.0,3.4782608695652173
3407.0,3.4782608695652173
3408.0,3.434782608695652
3409.0,3.4782608695652173
3410.0,3.434782608695652
3411.0,3.434782608695652
3412.0,3.434782608695652
3413.0,3.4782608695652173
3414.0,3.4782608695652173
3415.0,3.4782608695652173
3416.0,3.434782608695652
3417.0,3.4782608695652173
3418.0,3.4782608695652173
3419.0,3.434782608695652
3420.0,3.434782608695652
3421.0,3.4782608695652173
3422.0,3.434782608695652
3423.0,3.4782608695652173
3424.0,3.434782608695652
3425.0,3.4782608695652173
3426.0,3.4782608695652173
3427.0,3.4782608695652173
3428.0,3.4782608695652173
3429.0,3.4782608695652173
3430.0,3.434782608695652
3431.0,3.434782608695652
3432.0,3.4782608695652173
3433.0,3.434782608695652
3434.0,3.434782608695652
3435.0,3.434782608695652
3436.0,3.434782608695652
3437.0,3.434782608695652
3438.0,3.434782608695652
3439.0,3.4782608695652173
3440.0,3.434782608695652
3441.0,3.434782608695652
3442.0,3.4782608695652173
3443.0,3.434782608695652
3444.0,3.434782608695652
3445.0,3.434782608695652
3446.0,3.434782608695652
3447.0,3.434782608695652
3448.0,3.434782608695652
3449.0,3.4782608695652173
3450.0,3.434782608695652
3451.0,3.4782608695652173
3452.0,3.434782608695652
3453.0,3.434782608695652
3454.0,3.434782608695652
3455.0,3.4782608695652173
3456.0,3.4782608695652173
3457.0,3.4782608695652173
3458.0,3.434782608695652
3459.0,3.4782608695652173
3460.0,3.434782608695652
3461.0,3.4782608695652173
3462.0,3.434782608695652
3463.0,3.4782608695652173
3464.0,3.4782608695652173
3465.0,3.4782608695652173
3466.0,3.4782608695652173
3467.0,3.434782608695652
3468.0,3.434782608695652
3469.0,3.434782608695652
3470.0,3.434782608695652
3471.0,3.434782608695652
3472.0,3.434782608695652
3473.0,3.434782608695652
3474.0,3.4782608695652173
3475.0,3.434782608695652
3476.0,3.434782608695652
3477.0,3.434782608695652
3478.0,3.434782608695652
3479.0,3.434782608695652
3480.0,3.434782608695652
3481.0,3.4782608695652173
3482.0,3.434782608695652
3483.0,3.4782608695652173
3484.0,3.434782608695652
3485.0,3.4782608695652173
3486.0,3.4782608695652173
3487.0,3.4782608695652173
3488.0,3.4782608695652173
3489.0,3.4782608695652173
3490.0,3.434782608695652
3491.0,3.434782608695652
3492.0,3.4782608695652173
3493.0,3.434782608695652
3494.0,3.434782608695652
3495.0,3.434782608695652
3496.0,3.434782608695652
3497.0,3.434782608695652
3498.0,3.434782608695652
3499.0,3.434782608695652
3500.0,3.434782608695652
3501.0,3.4782608695652173
3502.0,3.434782608695652
3503.0,3.4782608695652173
3504.0,3.434782608695652
3505.0,3.4782608695652173
3506.0,3.4782608695652173
3507.0,3.4782608695652173
3508.0,3.4782608695652173
3509.0,3.434782608695652
3510.0,3.4782608695652173
3511.0,3.434782608695652
3512.0,3.434782608695652
3513.0,3.434782608695652
3514.0,3.434782608695652
3515.0,3.434782608695652
3516.0,3.4782608695652173
3517.0,3.4782608695652173
3518.0,3.434782608695652
3519.0,3.4782608695652173
3520.0,3.434782608695652
3521.0,3.4782608695652173
3522.0,3.434782608695652
3523.0,3.434782608695652
3524.0,3.434782608695652
3525.0,3.434782608695652
3526.0,3.434782608695652
3527.0,3.434782608695652
3528.0,3.434782608695652
3529.0,3.434782608695652
3530.0,3.434782608695652
3531.0,3.434782608695652
3532.0,3.434782608695652
3533.0,3.4782608695652173
3534.0,3.434782608695652
3535.0,3.434782608695652
3536.0,3.434782608695652
3537.0,3.434782608695652
3538.0,3.434782608695652
3539.0,3.434782608695652
3540.0,3.434782608695652
3541.0,3.434782608695652
3542.0,3.434782608695652
3543.0,3.434782608695652
3544.0,3.434782608695652
3545.0,3.434782608695652
3546.0,3.434782608695652
3547.0,3.434782608695652
3548.0,3.434782608695652
3549.0,3.4782608695652173
3550.0,3.434782608695652
3551.0,3.4782608695652173
3552.0,3.434782608695652
3553.0,3.434782608695652
3554.0,3.434782608695652
3555.0,3.434782608695652
3556.0,3.434782608695652
3557.0,3.434782608695652
3558.0,3.434782608695652
3559.0,3.434782608695652
3560.0,3.434782608695652
3561.0,3.434782608695652
3562.0,3.434782608695652
3563.0,3.434782608695652
3564.0,3.434782608695652
3565.0,3.434782608695652
3566.0,3.434782608695652
3567.0,3.434782608695652
3568.0,3.4782608695652173
3569.0,3.434782608695652
3570.0,3.434782608695652
3571.0,3.4782608695652173
3572.0,3.434782608695652
3573.0,3.434782608695652
3574.0,3.434782608695652
3575.0,3.434782608695652
3576.0,3.434782608695652
3577.0,3.434782608695652
3578.0,3.434782608695652
3579.0,3.434782608695652
3580.0,3.434782608695652
3581.0,3.434782608695652
3582.0,3.4782608695652173
3583.0,3.434782608695652
3584.0,3.434782608695652
3585.0,3.434782608695652
3586.0,3.434782608695652
3587.0,3.434782608695652
3588.0,3.434782608695652
3589.0,3.434782608695652
3590.0,3.434782608695652
3591.0,3.434782608695652
3592.0,3.434782608695652
3593.0,3.434782608695652
3594.0,3.434782608695652
3595.0,3.434782608695652
3596.0,3.434782608695652
3597.0,3.434782608695652
3598.0,3.434782608695652
3599.0,3.434782608695652
3600.0,3.434782608695652
3601.0,3.434782608695652
3602.0,3.434782608695652
3603.0,3.434782608695652
3604.0,3.434782608695652
3605.0,3.434782608695652
3606.0,3.4782608695652173
3607.0,3.434782608695652
3608.0,3.434782608695652
3609.0,3.434782608695652
3610.0,3.434782608695652
3611.0,3.434782608695652
3612.0,3.434782608695652
3613.0,3.434782608695652
3614.0,3.434782608695652
3615.0,3.4782608695652173
3616.0,3.434782608695652
3617.0,3.434782608695652
3618.0,3.434782608695652
3619.0,3.434782608695652
3620.0,3.434782608695652
3621.0,3.434782608695652
3622.0,3.434782608695652
3623.0,3.434782608695652
3624.0,3.434782608695652
3625.0,3.4782608695652173
3626.0,3.434782608695652
3627.0,3.434782608695652
3628.0,3.434782608695652
3629.0,3.434782608695652
3630.0,3.434782608695652
3631.0,3.4782608695652173
3632.0,3.434782608695652
3633.0,3.434782608695652
3634.0,3.434782608695652
3635.0,3.4782608695652173
3636.0,3.434782608695652
3637.0,3.434782608695652
3638.0,3.434782608695652
3639.0,3.434782608695652
3640.0,3.434782608695652
3641.0,3.434782608695652
3642.0,3.434782608695652
3643.0,3.434782608695652
3644.0,3.434782608695652
3645.0,3.434782608695652
3646.0,3.434782608695652
3647.0,3.4782608695652173
3648.0,3.434782608695652
3649.0,3.434782608695652
3650.0,3.434782608695652
3651.0,3.434782608695652
3652.0,3.434782608695652
3653.0,3.434782608695652
3654.0,3.434782608695652
3655.0,3.434782608695652
3656.0,3.434782608695652
3657.0,3.434782608695652
3658.0,3.434782608695652
3659.0,3.434782608695652
3660.0,3.434782608695652
3661.0,3.434782608695652
3662.0,3.434782608695652
3663.0,3.4782608695652173
3664.0,3.434782608695652
3665.0,3.434782608695652
3666.0,3.434782608695652
3667.0,3.4782608695652173
3668.0,3.434782608695652
3669.0,3.434782608695652
3670.0,3.434782608695652
3671.0,3.434782608695652
3672.0,3.434782608695652
3673.0,3.4782608695652173
3674.0,3.434782608695652
3675.0,3.434782608695652
3676.0,3.434782608695652
3677.0,3.434782608695652
3678.0,3.434782608695652
3679.0,3.434782608695652
3680.0,3.434782608695652
3681.0,3.434782608695652
3682.0,3.434782608695652
3683.0,3.4782608695652173
3684.0,3.434782608695652
3685.0,3.434782608695652
3686.0,3.434782608695652
3687.0,3.434782608695652
3688.0,3.434782608695652
3689.0,3.434782608695652
3690.0,3.434782608695652
3691.0,3.434782608695652
3692.0,3.434782608695652
3693.0,3.434782608695652
3694.0,3.434782608695652
3695.0,3.434782608695652
3696.0,3.434782608695652
3697.0,3.434782608695652
3698.0,3.434782608695652
3699.0,3.434782608695652
3700.0,3.434782608695652
3701.0,3.434782608695652
3702.0,3.434782608695652
3703.0,3.434782608695652
3704.0,3.434782608695652
3705.0,3.434782608695652
3706.0,3.434782608695652
3707.0,3.434782608695652
3708.0,3.434782608695652
3709.0,3.434782608695652
3710.0,3.434782608695652
3711.0,3.434782608695652
3712.0,3.434782608695652
3713.0,3.434782608695652
3714.0,3.434782608695652
3715.0,3.434782608695652
3716.0,3.434782608695652
3717.0,3.434782608695652
3718.0,3.434782608695652
3719.0,3.434782608695652
3720.0,3.434782608695652
3721.0,3.434782608695652
3722.0,3.434782608695652
3723.0,3.434782608695652
3724.0,3.434782608695652
3725.0,3.434782608695652
3726.0,3.434782608695652
3727.0,3.434782608695652
3728.0,3.434782608695652
3729.0,3.434782608695652
3730.0,3.434782608695652
3731.0,3.434782608695652
3732.0,3.434782608695652
3733.0,3.434782608695652
3734.0,3.434782608695652
3735.0,3.434782608695652
3736.0,3.434782608695652
3737.0,3.434782608695652
3738.0,3.434782608695652
3739.0,3.434782608695652
3740.0,3.434782608695652
3741.0,3.434782608695652
3742.0,3.434782608695652
3743.0,3.434782608695652
3744.0,3.434782608695652
3745.0,3.434782608695652
3746.0,3.434782608695652
3747.0,3.434782608695652
3748.0,3.434782608695652
3749.0,3.434782608695652
3750.0,3.434782608695652
3751.0,3.434782608695652
3752.0,3.434782608695652
3753.0,3.434782608695652
3754.0,3.434782608695652
3755.0,3.434782608695652
3756.0,3.434782608695652
3757.0,3.434782608695652
3758.0,3.434782608695652
3759.0,3.434782608695652
3760.0,3.434782608695652
3761.0,3.434782608695652
3762.0,3.434782608695652
3763.0,3.434782608695652
3764.0,3.434782608695652
3765.0,3.434782608695652
3766.0,3.434782608695652
3767.0,3.4782608695652173
3768.0,3.434782608695652
3769.0,3.434782608695652
3770.0,3.434782608695652
3771.0,3.434782608695652
3772.0,3.434782608695652
3773.0,3.434782608695652
3774.0,3.434782608695652
3775.0,3.4782608695652173
3776.0,3.434782608695652
3777.0,3.434782608695652
3778.0,3.434782608695652
3779.0,3.434782608695652
3780.0,3.434782608695652
3781.0,3.434782608695652
3782.0,3.434782608695652
3783.0,3.434782608695652
3784.0,3.434782608695652
3785.0,3.434782608695652
3786.0,3.434782608695652
3787.0,3.434782608695652
3788.0,3.434782608695652
3789.0,3.434782608695652
3790.0,3.434782608695652
3791.0,3.434782608695652
3792.0,3.434782608695652
3793.0,3.434782608695652
3794.0,3.434782608695652
3795.0,3.434782608695652
3796.0,3.434782608695652
3797.0,3.434782608695652
3798.0,3.434782608695652
3799.0,3.434782608695652
3800.0,3.434782608695652
3801.0,3.434782608695652
3802.0,3.434782608695652
3803.0,3.434782608695652
3804.0,3.434782608695652
3805.0,3.434782608695652
3806.0,3.434782608695652
3807.0,3.434782608695652
3808.0,3.434782608695652
3809.0,3.434782608695652
3810.0,3.434782608695652
3811.0,3.434782608695652
3812.0,3.434782608695652
3813.0,3.434782608695652
3814.0,3.434782608695652
3815.0,3.434782608695652
3816.0,3.434782608695652
3817.0,3.434782608695652
3818.0,3.434782608695652
3819.0,3.434782608695652
3820.0,3.434782608695652
3821.0,3.434782608695652
3822.0,3.434782608695652
3823.0,3.434782608695652
3824.0,3.434782608695652
3825.0,3.434782608695652
3826.0,3.434782608695652
3827.0,3.434782608695652
3828.0,3.434782608695652
3829.0,3.434782608695652
3830.0,3.434782608695652
3831.0,3.434782608695652
3832.0,3.434782608695652
3833.0,3.434782608695652
3834.0,3.434782608695652
3835.0,3.434782608695652
3836.0,3.434782608695652
3837.0,3.434782608695652
3838.0,3.434782608695652
3839.0,3.434782608695652
3840.0,3.434782608695652
3841.0,3.434782608695652
3842.0,3.434782608695652
3843.0,3.434782608695652
3844.0,3.434782608695652
3845.0,3.434782608695652
3846.0,3.434782608695652
3847.0,3.434782608695652
3848.0,3.434782608695652
3849.0,3.434782608695652
3850.0,3.434782608695652
3851.0,3.434782608695652
3852.0,3.434782608695652
3853.0,3.434782608695652
3854.0,3.434782608695652
3855.0,3.434782608695652
3856.0,3.434782608695652
3857.0,3.434782608695652
3858.0,3.434782608695652
3859.0,3.434782608695652
3860.0,3.434782608695652
3861.0,3.434782608695652
3862.0,3.434782608695652
3863.0,3.434782608695652
3864.0,3.434782608695652
3865.0,3.434782608695652
3866.0,3.434782608695652
3867.0,3.434782608695652
3868.0,3.434782608695652
3869.0,3.434782608695652
3870.0,3.434782608695652
3871.0,3.434782608695652
3872.0,3.434782608695652
3873.0,3.434782608695652
3874.0,3.434782608695652
3875.0,3.434782608695652
3876.0,3.434782608695652
3877.0,3.434782608695652
3878.0,3.434782608695652
3879.0,3.434782608695652
3880.0,3.434782608695652
3881.0,3.434782608695652
3882.0,3.434782608695652
3883.0,3.434782608695652
3884.0,3.434782608695652
3885.0,3.434782608695652
3886.0,3.434782608695652
3887.0,3.434782608695652
3888.0,3.434782608695652
3889.0,3.434782608695652
3890.0,3.434782608695652
3891.0,3.434782608695652
3892.0,3.434782608695652
3893.0,3.434782608695652
3894.0,3.434782608695652
3895.0,3.434782608695652
3896.0,3.434782608695652
3897.0,3.434782608695652
3898.0,3.434782608695652
3899.0,3.434782608695652
3900.0,3.434782608695652
3901.0,3.434782608695652
3902.0,3.434782608695652
3903.0,3.434782608695652
3904.0,3.434782608695652
3905.0,3.434782608695652
3906.0,3.434782608695652
3907.0,3.434782608695652
3908.0,3.434782608695652
3909.0,3.434782608695652
3910.0,3.434782608695652
3911.0,3.434782608695652
3912.0,3.434782608695652
3913.0,3.434782608695652
3914.0,3.434782608695652
3915.0,3.434782608695652
3916.0,3.434782608695652
3917.0,3.434782608695652
3918.0,3.434782608695652
3919.0,3.434782608695652
3920.0,3.434782608695652
3921.0,3.434782608695652
3922.0,3.434782608695652
3923.0,3.434782608695652
3924.0,3.434782608695652
3925.0,3.434782608695652
3926.0,3.434782608695652
3927.0,3.434782608695652
3928.0,3.434782608695652
3929.0,3.434782608695652
3930.0,3.434782608695652
3931.0,3.434782608695652
3932.0,3.434782608695652
3933.0,3.434782608695652
3934.0,3.434782608695652
3935.0,3.434782608695652
3936.0,3.434782608695652
3937.0,3.434782608695652
3938.0,3.434782608695652
3939.0,3.434782608695652
3940.0,3.434782608695652
3941.0,3.434782608695652
3942.0,3.434782608695652
3943.0,3.434782608695652
3944.0,3.434782608695652
3945.0,3.434782608695652
3946.0,3.434782608695652
3947.0,3.434782608695652
3948.0,3.434782608695652
3949.0,3.434782608695652
3950.0,3.434782608695652
3951.0,3.434782608695652
3952.0,3.434782608695652
3953.0,3.434782608695652
3954.0,3.434782608695652
3955.0,3.434782608695652
3956.0,3.434782608695652
3957.0,3.434782608695652
3958.0,3.434782608695652
3959.0,3.434782608695652
3960.0,3.434782608695652
3961.0,3.434782608695652
3962.0,3.434782608695652
3963.0,3.434782608695652
3964.0,3.434782608695652
3965.0,3.434782608695652
3966.0,3.434782608695652
3967.0,3.434782608695652
3968.0,3.434782608695652
3969.0,3.434782608695652
3970.0,3.434782608695652
3971.0,3.434782608695652
3972.0,3.434782608695652
3973.0,3.434782608695652
3974.0,3.434782608695652
3975.0,3.434782608695652
3976.0,3.434782608695652
3977.0,3.434782608695652
3978.0,3.434782608695652
3979.0,3.434782608695652
3980.0,3.434782608695652
3981.0,3.434782608695652
3982.0,3.434782608695652
3983.0,3.434782608695652
3984.0,3.434782608695652
3985.0,3.434782608695652
3986.0,3.434782608695652
3987.0,3.434782608695652
3988.0,3.434782608695652
3989.0,3.434782608695652
3990.0,3.434782608695652
3991.0,3.434782608695652
3992.0,3.434782608695652
3993.0,3.434782608695652
3994.0,3.434782608695652
3995.0,3.434782608695652
3996.0,3.434782608695652
3997.0,3.434782608695652
3998.0,3.434782608695652
3999.0,3.434782608695652
4000.0,3.434782608695652
4001.0,3.434782608695652
4002.0,3.434782608695652
4003.0,3.434782608695652
4004.0,3.434782608695652
4005.0,3.434782608695652
4006.0,3.434782608695652
4007.0,3.434782608695652
4008.0,3.434782608695652
4009.0,3.434782608695652
4010.0,3.434782608695652
4011.0,3.434782608695652
4012.0,3.434782608695652
4013.0,3.434782608695652
4014.0,3.434782608695652
4015.0,3.434782608695652
4016.0,3.434782608695652
4017.0,3.434782608695652
4018.0,3.434782608695652
4019.0,3.434782608695652
4020.0,3.434782608695652
4021.0,3.434782608695652
4022.0,3.434782608695652
4023.0,3.434782608695652
4024.0,3.434782608695652
4025.0,3.434782608695652
4026.0,3.434782608695652
4027.0,3.434782608695652
4028.0,3.434782608695652
4029.0,3.434782608695652
4030.0,3.434782608695652
4031.0,3.434782608695652
4032.0,3.434782608695652
4033.0,3.434782608695652
4034.0,3.434782608695652
4035.0,3.434782608695652
4036.0,3.434782608695652
4037.0,3.434782608695652
4038.0,3.434782608695652
4039.0,3.434782608695652
4040.0,3.434782608695652
4041.0,3.434782608695652
4042.0,3.434782608695652
4043.0,3.434782608695652
4044.0,3.434782608695652
4045.0,3.434782608695652
4046.0,3.434782608695652
4047.0,3.434782608695652
4048.0,3.434782608695652
4049.0,3.434782608695652
4050.0,3.434782608695652
4051.0,3.434782608695652
4052.0,3.434782608695652
4053.0,3.434782608695652
4054.0,3.434782608695652
4055.0,3.434782608695652
4056.0,3.434782608695652
4057.0,3.434782608695652
4058.0,3.434782608695652
4059.0,3.434782608695652
4060.0,3.434782608695652
4061.0,3.434782608695652
4062.0,3.434782608695652
4063.0,3.434782608695652
4064.0,3.434782608695652
4065.0,3.434782608695652
4066.0,3.434782608695652
4067.0,3.434782608695652
4068.0,3.434782608695652
4069.0,3.434782608695652
4070.0,3.434782608695652
4071.0,3.434782608695652
4072.0,3.434782608695652
4073.0,3.434782608695652
4074.0,3.434782608695652
4075.0,3.434782608695652
4076.0,3.434782608695652
4077.0,3.434782608695652
4078.0,3.434782608695652
4079.0,3.434782608695652
4080.0,3.434782608695652
4081.0,3.434782608695652
4082.0,3.434782608695652
4083.0,3.434782608695652
4084.0,3.434782608695652
4085.0,3.434782608695652
4086.0,3.434782608695652
4087.0,3.434782608695652
4088.0,3.434782608695652
4089.0,3.434782608695652
4090.0,3.434782608695652
4091.0,3.434782608695652
4092.0,3.434782608695652
4093.0,3.434782608695652
4094.0,3.434782608695652
4095.0,3.434782608695652
4096.0,3.434782608695652
4097.0,3.434782608695652
4098.0,3.434782608695652
4099.0,3.434782608695652
4100.0,3.434782608695652
4101.0,3.434782608695652
4102.0,3.434782608695652
4103.0,3.434782608695652
4104.0,3.434782608695652
4105.0,3.434782608695652
4106.0,3.434782608695652
4107.0,3.434782608695652
4108.0,3.434782608695652
4109.0,3.434782608695652
4110.0,3.434782608695652
4111.0,3.434782608695652
4112.0,3.434782608695652
4113.0,3.434782608695652
4114.0,3.434782608695652
4115.0,3.434782608695652
4116.0,3.434782608695652
4117.0,3.434782608695652
4118.0,3.434782608695652
4119.0,3.434782608695652
4120.0,3.434782608695652
4121.0,3.434782608695652
4122.0,3.434782608695652
4123.0,3.434782608695652
4124.0,3.434782608695652
4125.0,3.434782608695652
4126.0,3.434782608695652
4127.0,3.434782608695652
4128.0,3.434782608695652
4129.0,3.434782608695652
4130.0,3.434782608695652
4131.0,3.434782608695652
4132.0,3.434782608695652
4133.0,3.434782608695652
4134.0,3.434782608695652
4135.0,3.434782608695652
4136.0,3.434782608695652
4137.0,3.434782608695652
4138.0,3.434782608695652
4139.0,3.434782608695652
4140.0,3.434782608695652
4141.0,3.434782608695652
4142.0,3.434782608695652
4143.0,3.391304347826087
4144.0,3.434782608695652
4145.0,3.434782608695652
4146.0,3.434782608695652
4147.0,3.434782608695652
4148.0,3.434782608695652
4149.0,3.434782608695652
4150.0,3.434782608695652
4151.0,3.434782608695652
4152.0,3.434782608695652
4153.0,3.434782608695652
4154.0,3.434782608695652
4155.0,3.434782608695652
4156.0,3.434782608695652
4157.0,3.434782608695652
4158.0,3.434782608695652
4159.0,3.434782608695652
4160.0,3.434782608695652
4161.0,3.434782608695652
4162.0,3.434782608695652
4163.0,3.434782608695652
4164.0,3.434782608695652
4165.0,3.434782608695652
4166.0,3.434782608695652
4167.0,3.434782608695652
4168.0,3.434782608695652
4169.0,3.434782608695652
4170.0,3.434782608695652
4171.0,3.434782608695652
4172.0,3.434782608695652
4173.0,3.434782608695652
4174.0,3.434782608695652
4175.0,3.434782608695652
4176.0,3.434782608695652
4177.0,3.434782608695652
4178.0,3.434782608695652
4179.0,3.434782608695652
4180.0,3.434782608695652
4181.0,3.434782608695652
4182.0,3.434782608695652
4183.0,3.434782608695652
4184.0,3.391304347826087
4185.0,3.434782608695652
4186.0,3.434782608695652
4187.0,3.434782608695652
4188.0,3.434782608695652
4189.0,3.434782608695652
4190.0,3.434782608695652
4191.0,3.434782608695652
4192.0,3.434782608695652
4193.0,3.434782608695652
4194.0,3.434782608695652
4195.0,3.434782608695652
4196.0,3.391304347826087
4197.0,3.434782608695652
4198.0,3.434782608695652
4199.0,3.434782608695652
4200.0,3.434782608695652
4201.0,3.434782608695652
4202.0,3.434782608695652
4203.0,3.434782608695652
4204.0,3.434782608695652
4205.0,3.434782608695652
4206.0,3.434782608695652
4207.0,3.434782608695652
4208.0,3.434782608695652
4209.0,3.434782608695652
4210.0,3.391304347826087
4211.0,3.434782608695652
4212.0,3.434782608695652
4213.0,3.434782608695652
4214.0,3.434782608695652
4215.0,3.434782608695652
4216.0,3.434782608695652
4217.0,3.434782608695652
4218.0,3.434782608695652
4219.0,3.434782608695652
4220.0,3.434782608695652
4221.0,3.434782608695652
4222.0,3.434782608695652
4223.0,3.434782608695652
4224.0,3.434782608695652
4225.0,3.434782608695652
4226.0,3.434782608695652
4227.0,3.434782608695652
4228.0,3.434782608695652
4229.0,3.434782608695652
4230.0,3.434782608695652
4231.0,3.434782608695652
4232.0,3.434782608695652
4233.0,3.434782608695652
4234.0,3.434782608695652
4235.0,3.434782608695652
4236.0,3.434782608695652
4237.0,3.434782608695652
4238.0,3.434782608695652
4239.0,3.434782608695652
4240.0,3.434782608695652
4241.0,3.434782608695652
4242.0,3.434782608695652
4243.0,3.434782608695652
4244.0,3.434782608695652
4245.0,3.434782608695652
4246.0,3.434782608695652
4247.0,3.434782608695652
4248.0,3.434782608695652
4249.0,3.391304347826087
4250.0,3.434782608695652
4251.0,3.434782608695652
4252.0,3.391304347826087
4253.0,3.434782608695652
4254.0,3.434782608695652
4255.0,3.434782608695652
4256.0,3.434782608695652
4257.0,3.434782608695652
4258.0,3.434782608695652
4259.0,3.434782608695652
4260.0,3.434782608695652
4261.0,3.434782608695652
4262.0,3.434782608695652
4263.0,3.434782608695652
4264.0,3.434782608695652
4265.0,3.434782608695652
4266.0,3.434782608695652
4267.0,3.434782608695652
4268.0,3.434782608695652
4269.0,3.391304347826087
4270.0,3.434782608695652
4271.0,3.434782608695652
4272.0,3.434782608695652
4273.0,3.434782608695652
4274.0,3.434782608695652
4275.0,3.434782608695652
4276.0,3.434782608695652
4277.0,3.434782608695652
4278.0,3.434782608695652
4279.0,3.434782608695652
4280.0,3.434782608695652
4281.0,3.434782608695652
4282.0,3.434782608695652
4283.0,3.434782608695652
4284.0,3.391304347826087
4285.0,3.391304347826087
4286.0,3.434782608695652
4287.0,3.434782608695652
4288.0,3.434782608695652
4289.0,3.434782608695652
4290.0,3.434782608695652
4291.0,3.391304347826087
4292.0,3.434782608695652
4293.0,3.434782608695652
4294.0,3.434782608695652
4295.0,3.391304347826087
4296.0,3.434782608695652
4297.0,3.434782608695652
4298.0,3.434782608695652
4299.0,3.434782608695652
4300.0,3.434782608695652
4301.0,3.434782608695652
4302.0,3.434782608695652
4303.0,3.434782608695652
4304.0,3.434782608695652
4305.0,3.434782608695652
4306.0,3.434782608695652
4307.0,3.434782608695652
4308.0,3.434782608695652
4309.0,3.434782608695652
4310.0,3.434782608695652
4311.0,3.434782608695652
4312.0,3.434782608695652
4313.0,3.434782608695652
4314.0,3.434782608695652
4315.0,3.391304347826087
4316.0,3.434782608695652
4317.0,3.434782608695652
4318.0,3.434782608695652
4319.0,3.434782608695652
4320.0,3.434782608695652
4321.0,3.434782608695652
4322.0,3.434782608695652
4323.0,3.391304347826087
4324.0,3.434782608695652
4325.0,3.391304347826087
4326.0,3.434782608695652
4327.0,3.434782608695652
4328.0,3.434782608695652
4329.0,3.434782608695652
4330.0,3.434782608695652
4331.0,3.434782608695652
4332.0,3.434782608695652
4333.0,3.434782608695652
4334.0,3.434782608695652
4335.0,3.434782608695652
4336.0,3.434782608695652
4337.0,3.434782608695652
4338.0,3.434782608695652
4339.0,3.434782608695652
4340.0,3.434782608695652
4341.0,3.434782608695652
4342.0,3.434782608695652
4343.0,3.434782608695652
4344.0,3.434782608695652
4345.0,3.434782608695652
4346.0,3.434782608695652
4347.0,3.391304347826087
4348.0,3.434782608695652
4349.0,3.434782608695652
4350.0,3.391304347826087
4351.0,3.434782608695652
4352.0,3.434782608695652
4353.0,3.434782608695652
4354.0,3.434782608695652
4355.0,3.434782608695652
4356.0,3.434782608695652
4357.0,3.391304347826087
4358.0,3.434782608695652
4359.0,3.434782608695652
4360.0,3.434782608695652
4361.0,3.434782608695652
4362.0,3.434782608695652
4363.0,3.391304347826087
4364.0,3.434782608695652
4365.0,3.391304347826087
4366.0,3.434782608695652
4367.0,3.434782608695652
4368.0,3.434782608695652
4369.0,3.434782608695652
4370.0,3.391304347826087
4371.0,3.434782608695652
4372.0,3.434782608695652
4373.0,3.434782608695652
4374.0,3.434782608695652
4375.0,3.434782608695652
4376.0,3.434782608695652
4377.0,3.434782608695652
4378.0,3.391304347826087
4379.0,3.434782608695652
4380.0,3.434782608695652
4381.0,3.434782608695652
4382.0,3.434782608695652
4383.0,3.434782608695652
4384.0,3.391304347826087
4385.0,3.391304347826087
4386.0,3.434782608695652
4387.0,3.434782608695652
4388.0,3.434782608695652
4389.0,3.391304347826087
4390.0,3.391304347826087
4391.0,3.391304347826087
4392.0,3.391304347826087
4393.0,3.391304347826087
4394.0,3.434782608695652
4395.0,3.391304347826087
4396.0,3.434782608695652
4397.0,3.391304347826087
4398.0,3.434782608695652
4399.0,3.434782608695652
4400.0,3.434782608695652
4401.0,3.434782608695652
4402.0,3.391304347826087
4403.0,3.391304347826087
4404.0,3.434782608695652
4405.0,3.434782608695652
4406.0,3.434782608695652
4407.0,3.434782608695652
4408.0,3.434782608695652
4409.0,3.391304347826087
4410.0,3.391304347826087
4411.0,3.391304347826087
4412.0,3.391304347826087
4413.0,3.391304347826087
4414.0,3.434782608695652
4415.0,3.391304347826087
4416.0,3.434782608695652
4417.0,3.391304347826087
4418.0,3.434782608695652
4419.0,3.434782608695652
4420.0,3.434782608695652
4421.0,3.434782608695652
4422.0,3.391304347826087
4423.0,3.434782608695652
4424.0,3.391304347826087
4425.0,3.434782608695652
4426.0,3.434782608695652
4427.0,3.434782608695652
4428.0,3.391304347826087
4429.0,3.434782608695652
4430.0,3.434782608695652
4431.0,3.434782608695652
4432.0,3.391304347826087
4433.0,3.434782608695652
4434.0,3.434782608695652
4435.0,3.434782608695652
4436.0,3.391304347826087
4437.0,3.391304347826087
4438.0,3.434782608695652
4439.0,3.391304347826087
4440.0,3.434782608695652
4441.0,3.391304347826087
4442.0,3.434782608695652
4443.0,3.434782608695652
4444.0,3.434782608695652
4445.0,3.434782608695652
4446.0,3.434782608695652
4447.0,3.391304347826087
4448.0,3.434782608695652
4449.0,3.434782608695652
4450.0,3.391304347826087
4451.0,3.434782608695652
4452.0,3.434782608695652
4453.0,3.391304347826087
4454.0,3.391304347826087
4455.0,3.434782608695652
4456.0,3.391304347826087
4457.0,3.434782608695652
4458.0,3.434782608695652
4459.0,3.434782608695652
4460.0,3.434782608695652
4461.0,3.434782608695652
4462.0,3.434782608695652
4463.0,3.434782608695652
4464.0,3.434782608695652
4465.0,3.434782608695652
4466.0,3.434782608695652
4467.0,3.434782608695652
4468.0,3.434782608695652
4469.0,3.434782608695652
4470.0,3.434782608695652
4471.0,3.434782608695652
4472.0,3.434782608695652
4473.0,3.391304347826087
4474.0,3.391304347826087
4475.0,3.391304347826087
4476.0,3.434782608695652
4477.0,3.434782608695652
4478.0,3.391304347826087
4479.0,3.434782608695652
4480.0,3.434782608695652
4481.0,3.434782608695652
4482.0,3.434782608695652
4483.0,3.434782608695652
4484.0,3.391304347826087
4485.0,3.434782608695652
4486.0,3.391304347826087
4487.0,3.434782608695652
4488.0,3.391304347826087
4489.0,3.434782608695652
4490.0,3.391304347826087
4491.0,3.434782608695652
4492.0,3.434782608695652
4493.0,3.391304347826087
4494.0,3.391304347826087
4495.0,3.391304347826087
4496.0,3.434782608695652
4497.0,3.434782608695652
4498.0,3.434782608695652
4499.0,3.391304347826087
4500.0,3.391304347826087
4501.0,3.434782608695652
4502.0,3.391304347826087
4503.0,3.434782608695652
4504.0,3.391304347826087
4505.0,3.434782608695652
4506.0,3.434782608695652
4507.0,3.391304347826087
4508.0,3.434782608695652
4509.0,3.434782608695652
4510.0,3.434782608695652
4511.0,3.434782608695652
4512.0,3.391304347826087
4513.0,3.391304347826087
4514.0,3.434782608695652
4515.0,3.391304347826087
4516.0,3.391304347826087
4517.0,3.434782608695652
4518.0,3.434782608695652
4519.0,3.391304347826087
4520.0,3.391304347826087
4521.0,3.434782608695652
4522.0,3.391304347826087
4523.0,3.434782608695652
4524.0,3.391304347826087
4525.0,3.391304347826087
4526.0,3.434782608695652
4527.0,3.434782608695652
4528.0,3.434782608695652
4529.0,3.434782608695652
4530.0,3.434782608695652
4531.0,3.434782608695652
4532.0,3.391304347826087
4533.0,3.434782608695652
4534.0,3.391304347826087
4535.0,3.391304347826087
4536.0,3.391304347826087
4537.0,3.391304347826087
4538.0,3.434782608695652
4539.0,3.434782608695652
4540.0,3.434782608695652
4541.0,3.391304347826087
4542.0,3.434782608695652
4543.0,3.391304347826087
4544.0,3.391304347826087
4545.0,3.391304347826087
4546.0,3.434782608695652
4547.0,3.391304347826087
4548.0,3.391304347826087
4549.0,3.391304347826087
4550.0,3.391304347826087
4551.0,3.391304347826087
4552.0,3.391304347826087
4553.0,3.391304347826087
4554.0,3.391304347826087
4555.0,3.434782608695652
4556.0,3.434782608695652
4557.0,3.434782608695652
4558.0,3.434782608695652
4559.0,3.434782608695652
4560.0,3.434782608695652
4561.0,3.391304347826087
4562.0,3.391304347826087
4563.0,3.434782608695652
4564.0,3.434782608695652
4565.0,3.434782608695652
4566.0,3.434782608695652
4567.0,3.434782608695652
4568.0,3.391304347826087
4569.0,3.434782608695652
4570.0,3.434782608695652
4571.0,3.391304347826087
4572.0,3.391304347826087
4573.0,3.391304347826087
4574.0,3.391304347826087
4575.0,3.391304347826087
4576.0,3.391304347826087
4577.0,3.391304347826087
4578.0,3.391304347826087
4579.0,3.391304347826087
4580.0,3.391304347826087
4581.0,3.434782608695652
4582.0,3.434782608695652
4583.0,3.434782608695652
4584.0,3.391304347826087
4585.0,3.434782608695652
4586.0,3.434782608695652
4587.0,3.391304347826087
4588.0,3.434782608695652
4589.0,3.434782608695652
4590.0,3.391304347826087
4591.0,3.391304347826087
4592.0,3.391304347826087
4593.0,3.434782608695652
4594.0,3.391304347826087
4595.0,3.391304347826087
4596.0,3.391304347826087
4597.0,3.391304347826087
4598.0,3.391304347826087
4599.0,3.434782608695652
4600.0,3.391304347826087
4601.0,3.434782608695652
4602.0,3.434782608695652
4603.0,3.391304347826087
4604.0,3.391304347826087
4605.0,3.391304347826087
4606.0,3.434782608695652
4607.0,3.434782608695652
4608.0,3.391304347826087
4609.0,3.391304347826087
4610.0,3.391304347826087
4611.0,3.391304347826087
4612.0,3.391304347826087
4613.0,3.391304347826087
4614.0,3.434782608695652
4615.0,3.434782608695652
4616.0,3.434782608695652
4617.0,3.391304347826087
4618.0,3.391304347826087
4619.0,3.434782608695652
4620.0,3.391304347826087
4621.0,3.434782608695652
4622.0,3.391304347826087
4623.0,3.434782608695652
4624.0,3.434782608695652
4625.0,3.434782608695652
4626.0,3.391304347826087
4627.0,3.391304347826087
4628.0,3.391304347826087
4629.0,3.434782608695652
4630.0,3.391304347826087
4631.0,3.391304347826087
4632.0,3.391304347826087
4633.0,3.434782608695652
4634.0,3.391304347826087
4635.0,3.391304347826087
4636.0,3.391304347826087
4637.0,3.391304347826087
4638.0,3.391304347826087
4639.0,3.391304347826087
4640.0,3.391304347826087
4641.0,3.434782608695652
4642.0,3.391304347826087
4643.0,3.434782608695652
4644.0,3.391304347826087
4645.0,3.391304347826087
4646.0,3.391304347826087
4647.0,3.434782608695652
4648.0,3.434782608695652
4649.0,3.391304347826087
4650.0,3.391304347826087
4651.0,3.434782608695652
4652.0,3.434782608695652
4653.0,3.391304347826087
4654.0,3.391304347826087
4655.0,3.391304347826087
4656.0,3.434782608695652
4657.0,3.434782608695652
4658.0,3.434782608695652
4659.0,3.434782608695652
4660.0,3.434782608695652
4661.0,3.434782608695652
4662.0,3.391304347826087
4663.0,3.434782608695652
4664.0,3.391304347826087
4665.0,3.391304347826087
4666.0,3.391304347826087
4667.0,3.434782608695652
4668.0,3.391304347826087
4669.0,3.434782608695652
4670.0,3.391304347826087
4671.0,3.391304347826087
4672.0,3.391304347826087
4673.0,3.391304347826087
4674.0,3.391304347826087
4675.0,3.434782608695652
4676.0,3.391304347826087
4677.0,3.391304347826087
4678.0,3.391304347826087
4679.0,3.391304347826087
4680.0,3.391304347826087
4681.0,3.434782608695652
4682.0,3.391304347826087
4683.0,3.434782608695652
4684.0,3.391304347826087
4685.0,3.391304347826087
4686.0,3.391304347826087
4687.0,3.391304347826087
4688.0,3.391304347826087
4689.0,3.434782608695652
4690.0,3.391304347826087
4691.0,3.391304347826087
4692.0,3.434782608695652
4693.0,3.391304347826087
4694.0,3.391304347826087
4695.0,3.391304347826087
4696.0,3.434782608695652
4697.0,3.391304347826087
4698.0,3.391304347826087
4699.0,3.391304347826087
4700.0,3.391304347826087
4701.0,3.391304347826087
4702.0,3.391304347826087
4703.0,3.391304347826087
4704.0,3.391304347826087
4705.0,3.391304347826087
4706.0,3.434782608695652
4707.0,3.391304347826087
4708.0,3.434782608695652
4709.0,3.434782608695652
4710.0,3.391304347826087
4711.0,3.391304347826087
4712.0,3.391304347826087
4713.0,3.391304347826087
4714.0,3.391304347826087
4715.0,3.391304347826087
4716.0,3.391304347826087
4717.0,3.391304347826087
4718.0,3.391304347826087
4719.0,3.391304347826087
4720.0,3.391304347826087
4721.0,3.391304347826087
4722.0,3.391304347826087
4723.0,3.391304347826087
4724.0,3.434782608695652
4725.0,3.391304347826087
4726.0,3.391304347826087
4727.0,3.391304347826087
4728.0,3.391304347826087
4729.0,3.391304347826087
4730.0,3.391304347826087
4731.0,3.391304347826087
4732.0,3.391304347826087
4733.0,3.434782608695652
4734.0,3.391304347826087
4735.0,3.391304347826087
4736.0,3.391304347826087
4737.0,3.391304347826087
4738.0,3.391304347826087
4739.0,3.391304347826087
4740.0,3.391304347826087
4741.0,3.434782608695652
4742.0,3.434782608695652
4743.0,3.391304347826087
4744.0,3.391304347826087
4745.0,3.391304347826087
4746.0,3.391304347826087
4747.0,3.391304347826087
4748.0,3.434782608695652
4749.0,3.391304347826087
4750.0,3.391304347826087
4751.0,3.434782608695652
4752.0,3.391304347826087
4753.0,3.391304347826087
4754.0,3.434782608695652
4755.0,3.391304347826087
4756.0,3.434782608695652
4757.0,3.391304347826087
4758.0,3.391304347826087
4759.0,3.434782608695652
4760.0,3.434782608695652
4761.0,3.391304347826087
4762.0,3.391304347826087
4763.0,3.391304347826087
4764.0,3.391304347826087
4765.0,3.391304347826087
4766.0,3.391304347826087
4767.0,3.391304347826087
4768.0,3.391304347826087
4769.0,3.391304347826087
4770.0,3.391304347826087
4771.0,3.391304347826087
4772.0,3.391304347826087
4773.0,3.391304347826087
4774.0,3.391304347826087
4775.0,3.391304347826087
4776.0,3.391304347826087
4777.0,3.434782608695652
4778.0,3.391304347826087
4779.0,3.391304347826087
4780.0,3.391304347826087
4781.0,3.434782608695652
4782.0,3.391304347826087
4783.0,3.391304347826087
4784.0,3.391304347826087
4785.0,3.391304347826087
4786.0,3.391304347826087
4787.0,3.391304347826087
4788.0,3.434782608695652
4789.0,3.391304347826087
4790.0,3.391304347826087
4791.0,3.391304347826087
4792.0,3.391304347826087
4793.0,3.391304347826087
4794.0,3.391304347826087
4795.0,3.391304347826087
4796.0,3.391304347826087
4797.0,3.391304347826087
4798.0,3.391304347826087
4799.0,3.391304347826087
4800.0,3.391304347826087
4801.0,3.391304347826087
4802.0,3.434782608695652
4803.0,3.391304347826087
4804.0,3.391304347826087
4805.0,3.391304347826087
4806.0,3.391304347826087
4807.0,3.391304347826087
4808.0,3.391304347826087
4809.0,3.391304347826087
4810.0,3.434782608695652
4811.0,3.391304347826087
4812.0,3.391304347826087
4813.0,3.391304347826087
4814.0,3.391304347826087
4815.0,3.391304347826087
4816.0,3.391304347826087
4817.0,3.391304347826087
4818.0,3.391304347826087
4819.0,3.391304347826087
4820.0,3.391304347826087
4821.0,3.391304347826087
4822.0,3.391304347826087
4823.0,3.391304347826087
4824.0,3.391304347826087
4825.0,3.391304347826087
4826.0,3.391304347826087
4827.0,3.391304347826087
4828.0,3.391304347826087
4829.0,3.391304347826087
4830.0,3.391304347826087
4831.0,3.391304347826087
4832.0,3.434782608695652
4833.0,3.391304347826087
4834.0,3.391304347826087
4835.0,3.391304347826087
4836.0,3.391304347826087
4837.0,3.391304347826087
4838.0,3.391304347826087
4839.0,3.391304347826087
4840.0,3.391304347826087
4841.0,3.391304347826087
4842.0,3.391304347826087
4843.0,3.391304347826087
4844.0,3.391304347826087
4845.0,3.391304347826087
4846.0,3.391304347826087
4847.0,3.391304347826087
4848.0,3.391304347826087
4849.0,3.391304347826087
4850.0,3.391304347826087
4851.0,3.391304347826087
4852.0,3.391304347826087
4853.0,3.391304347826087
4854.0,3.391304347826087
4855.0,3.434782608695652
4856.0,3.391304347826087
4857.0,3.391304347826087
4858.0,3.434782608695652
4859.0,3.391304347826087
4860.0,3.391304347826087
4861.0,3.391304347826087
4862.0,3.391304347826087
4863.0,3.391304347826087
4864.0,3.391304347826087
4865.0,3.391304347826087
4866.0,3.391304347826087
4867.0,3.434782608695652
4868.0,3.391304347826087
4869.0,3.391304347826087
4870.0,3.391304347826087
4871.0,3.391304347826087
4872.0,3.391304347826087
4873.0,3.391304347826087
4874.0,3.391304347826087
4875.0,3.391304347826087
4876.0,3.391304347826087
4877.0,3.391304347826087
4878.0,3.391304347826087
4879.0,3.391304347826087
4880.0,3.391304347826087
4881.0,3.434782608695652
4882.0,3.434782608695652
4883.0,3.391304347826087
4884.0,3.391304347826087
4885.0,3.434782608695652
4886.0,3.391304347826087
4887.0,3.391304347826087
4888.0,3.434782608695652
4889.0,3.391304347826087
4890.0,3.434782608695652
4891.0,3.391304347826087
4892.0,3.391304347826087
4893.0,3.391304347826087
4894.0,3.391304347826087
4895.0,3.391304347826087
4896.0,3.391304347826087
4897.0,3.391304347826087
4898.0,3.391304347826087
4899.0,3.391304347826087
4900.0,3.391304347826087
4901.0,3.391304347826087
4902.0,3.391304347826087
4903.0,3.391304347826087
4904.0,3.391304347826087
4905.0,3.391304347826087
4906.0,3.391304347826087
4907.0,3.391304347826087
4908.0,3.391304347826087
4909.0,3.391304347826087
4910.0,3.434782608695652
4911.0,3.391304347826087
4912.0,3.391304347826087
4913.0,3.391304347826087
4914.0,3.391304347826087
4915.0,3.391304347826087
4916.0,3.391304347826087
4917.0,3.391304347826087
4918.0,3.391304347826087
4919.0,3.391304347826087
4920.0,3.391304347826087
4921.0,3.391304347826087
4922.0,3.391304347826087
4923.0,3.391304347826087
4924.0,3.391304347826087
4925.0,3.391304347826087
4926.0,3.391304347826087
4927.0,3.391304347826087
4928.0,3.391304347826087
4929.0,3.391304347826087
4930.0,3.391304347826087
4931.0,3.391304347826087
4932.0,3.391304347826087
4933.0,3.391304347826087
4934.0,3.391304347826087
4935.0,3.391304347826087
4936.0,3.391304347826087
4937.0,3.391304347826087
4938.0,3.391304347826087
4939.0,3.391304347826087
4940.0,3.391304347826087
4941.0,3.391304347826087
4942.0,3.391304347826087
4943.0,3.391304347826087
4944.0,3.391304347826087
4945.0,3.391304347826087
4946.0,3.391304347826087
4947.0,3.391304347826087
4948.0,3.391304347826087
4949.0,3.391304347826087
4950.0,3.391304347826087
4951.0,3.391304347826087
4952.0,3.391304347826087
4953.0,3.391304347826087
4954.0,3.391304347826087
4955.0,3.391304347826087
4956.0,3.434782608695652
4957.0,3.391304347826087
4958.0,3.391304347826087
4959.0,3.391304347826087
4960.0,3.391304347826087
4961.0,3.391304347826087
4962.0,3.391304347826087
4963.0,3.391304347826087
4964.0,3.391304347826087
4965.0,3.391304347826087
4966.0,3.391304347826087
4967.0,3.391304347826087
4968.0,3.391304347826087
4969.0,3.391304347826087
4970.0,3.391304347826087
4971.0,3.391304347826087
4972.0,3.391304347826087
4973.0,3.391304347826087
4974.0,3.391304347826087
4975.0,3.391304347826087
4976.0,3.391304347826087
4977.0,3.434782608695652
4978.0,3.391304347826087
4979.0,3.391304347826087
4980.0,3.391304347826087
4981.0,3.391304347826087
4982.0,3.391304347826087
4983.0,3.391304347826087
4984.0,3.391304347826087
4985.0,3.391304347826087
4986.0,3.391304347826087
4987.0,3.391304347826087
4988.0,3.391304347826087
4989.0,3.391304347826087
4990.0,3.391304347826087
4991.0,3.391304347826087
4992.0,3.391304347826087
4993.0,3.391304347826087
4994.0,3.391304347826087
4995.0,3.391304347826087
4996.0,3.391304347826087
4997.0,3.391304347826087
4998.0,3.391304347826087
4999.0,3.391304347826087
5000.0,3.391304347826087
5001.0,3.391304347826087
5002.0,3.391304347826087
5003.0,3.391304347826087
5004.0,3.391304347826087
5005.0,3.391304347826087
5006.0,3.391304347826087
5007.0,3.391304347826087
5008.0,3.391304347826087
5009.0,3.391304347826087
5010.0,3.391304347826087
5011.0,3.391304347826087
5012.0,3.391304347826087
5013.0,3.391304347826087
5014.0,3.391304347826087
5015.0,3.391304347826087
5016.0,3.391304347826087
5017.0,3.391304347826087
5018.0,3.391304347826087
5019.0,3.391304347826087
5020.0,3.391304347826087
5021.0,3.391304347826087
5022.0,3.391304347826087
5023.0,3.391304347826087
5024.0,3.391304347826087
5025.0,3.391304347826087
5026.0,3.434782608695652
5027.0,3.391304347826087
5028.0,3.391304347826087
5029.0,3.391304347826087
5030.0,3.391304347826087
5031.0,3.391304347826087
5032.0,3.391304347826087
5033.0,3.391304347826087
5034.0,3.391304347826087
5035.0,3.391304347826087
5036.0,3.391304347826087
5037.0,3.391304347826087
5038.0,3.391304347826087
5039.0,3.391304347826087
5040.0,3.391304347826087
5041.0,3.391304347826087
5042.0,3.391304347826087
5043.0,3.391304347826087
5044.0,3.391304347826087
5045.0,3.391304347826087
5046.0,3.391304347826087
5047.0,3.391304347826087
5048.0,3.391304347826087
5049.0,3.391304347826087
5050.0,3.391304347826087
5051.0,3.391304347826087
5052.0,3.391304347826087
5053.0,3.391304347826087
5054.0,3.391304347826087
5055.0,3.391304347826087
5056.0,3.391304347826087
5057.0,3.391304347826087
5058.0,3.434782608695652
5059.0,3.391304347826087
5060.0,3.391304347826087
5061.0,3.391304347826087
5062.0,3.391304347826087
5063.0,3.391304347826087
5064.0,3.391304347826087
5065.0,3.391304347826087
5066.0,3.391304347826087
5067.0,3.391304347826087
5068.0,3.391304347826087
5069.0,3.391304347826087
5070.0,3.391304347826087
5071.0,3.391304347826087
5072.0,3.391304347826087
5073.0,3.391304347826087
5074.0,3.391304347826087
5075.0,3.391304347826087
5076.0,3.391304347826087
5077.0,3.391304347826087
5078.0,3.391304347826087
5079.0,3.391304347826087
5080.0,3.391304347826087
5081.0,3.391304347826087
5082.0,3.391304347826087
5083.0,3.391304347826087
5084.0,3.391304347826087
5085.0,3.391304347826087
5086.0,3.391304347826087
5087.0,3.391304347826087
5088.0,3.391304347826087
5089.0,3.391304347826087
5090.0,3.391304347826087
5091.0,3.391304347826087
5092.0,3.391304347826087
5093.0,3.391304347826087
5094.0,3.391304347826087
5095.0,3.391304347826087
5096.0,3.391304347826087
5097.0,3.391304347826087
5098.0,3.391304347826087
5099.0,3.391304347826087
5100.0,3.391304347826087
5101.0,3.391304347826087
5102.0,3.391304347826087
5103.0,3.391304347826087
5104.0,3.391304347826087
5105.0,3.391304347826087
5106.0,3.391304347826087
5107.0,3.391304347826087
5108.0,3.391304347826087
5109.0,3.391304347826087
5110.0,3.391304347826087
5111.0,3.391304347826087
5112.0,3.391304347826087
5113.0,3.391304347826087
5114.0,3.391304347826087
5115.0,3.391304347826087
5116.0,3.391304347826087
5117.0,3.391304347826087
5118.0,3.391304347826087
5119.0,3.391304347826087
5120.0,3.391304347826087
5121.0,3.391304347826087
5122.0,3.391304347826087
5123.0,3.391304347826087
5124.0,3.391304347826087
5125.0,3.391304347826087
5126.0,3.391304347826087
5127.0,3.391304347826087
5128.0,3.434782608695652
5129.0,3.391304347826087
5130.0,3.391304347826087
5131.0,3.391304347826087
5132.0,3.391304347826087
5133.0,3.391304347826087
5134.0,3.391304347826087
5135.0,3.391304347826087
5136.0,3.391304347826087
5137.0,3.391304347826087
5138.0,3.391304347826087
5139.0,3.434782608695652
5140.0,3.391304347826087
5141.0,3.391304347826087
5142.0,3.391304347826087
5143.0,3.391304347826087
5144.0,3.391304347826087
5145.0,3.391304347826087
5146.0,3.391304347826087
5147.0,3.391304347826087
5148.0,3.391304347826087
5149.0,3.391304347826087
5150.0,3.391304347826087
5151.0,3.391304347826087
5152.0,3.391304347826087
5153.0,3.391304347826087
5154.0,3.391304347826087
5155.0,3.391304347826087
5156.0,3.391304347826087
5157.0,3.391304347826087
5158.0,3.391304347826087
5159.0,3.391304347826087
5160.0,3.391304347826087
5161.0,3.391304347826087
5162.0,3.391304347826087
5163.0,3.391304347826087
5164.0,3.391304347826087
5165.0,3.391304347826087
5166.0,3.391304347826087
5167.0,3.391304347826087
5168.0,3.391304347826087
5169.0,3.391304347826087
5170.0,3.391304347826087
5171.0,3.391304347826087
5172.0,3.391304347826087
5173.0,3.391304347826087
5174.0,3.391304347826087
5175.0,3.391304347826087
5176.0,3.391304347826087
5177.0,3.391304347826087
5178.0,3.391304347826087
5179.0,3.391304347826087
5180.0,3.391304347826087
5181.0,3.434782608695652
5182.0,3.391304347826087
5183.0,3.391304347826087
5184.0,3.391304347826087
5185.0,3.391304347826087
5186.0,3.391304347826087
5187.0,3.391304347826087
5188.0,3.391304347826087
5189.0,3.391304347826087
5190.0,3.391304347826087
5191.0,3.391304347826087
5192.0,3.391304347826087
5193.0,3.391304347826087
5194.0,3.391304347826087
5195.0,3.391304347826087
5196.0,3.391304347826087
5197.0,3.391304347826087
5198.0,3.391304347826087
5199.0,3.391304347826087
5200.0,3.391304347826087
5201.0,3.391304347826087
5202.0,3.391304347826087
5203.0,3.391304347826087
5204.0,3.391304347826087
5205.0,3.391304347826087
5206.0,3.391304347826087
5207.0,3.391304347826087
5208.0,3.391304347826087
5209.0,3.391304347826087
5210.0,3.391304347826087
5211.0,3.391304347826087
5212.0,3.391304347826087
5213.0,3.391304347826087
5214.0,3.391304347826087
5215.0,3.391304347826087
5216.0,3.391304347826087
5217.0,3.391304347826087
5218.0,3.391304347826087
5219.0,3.391304347826087
5220.0,3.391304347826087
5221.0,3.391304347826087
5222.0,3.391304347826087
5223.0,3.391304347826087
5224.0,3.391304347826087
5225.0,3.391304347826087
5226.0,3.391304347826087
5227.0,3.391304347826087
5228.0,3.391304347826087
5229.0,3.391304347826087
5230.0,3.391304347826087
5231.0,3.391304347826087
5232.0,3.391304347826087
5233.0,3.391304347826087
5234.0,3.391304347826087
5235.0,3.391304347826087
5236.0,3.391304347826087
5237.0,3.391304347826087
5238.0,3.391304347826087
5239.0,3.391304347826087
5240.0,3.391304347826087
5241.0,3.391304347826087
5242.0,3.391304347826087
5243.0,3.391304347826087
5244.0,3.391304347826087
5245.0,3.391304347826087
5246.0,3.391304347826087
5247.0,3.391304347826087
5248.0,3.391304347826087
5249.0,3.391304347826087
5250.0,3.391304347826087
5251.0,3.391304347826087
5252.0,3.391304347826087
5253.0,3.391304347826087
5254.0,3.391304347826087
5255.0,3.391304347826087
5256.0,3.391304347826087
5257.0,3.391304347826087
5258.0,3.391304347826087
5259.0,3.391304347826087
5260.0,3.391304347826087
5261.0,3.391304347826087
5262.0,3.391304347826087
5263.0,3.391304347826087
5264.0,3.391304347826087
5265.0,3.391304347826087
5266.0,3.391304347826087
5267.0,3.391304347826087
5268.0,3.391304347826087
5269.0,3.391304347826087
5270.0,3.391304347826087
5271.0,3.391304347826087
5272.0,3.391304347826087
5273.0,3.391304347826087
5274.0,3.391304347826087
5275.0,3.391304347826087
5276.0,3.391304347826087
5277.0,3.391304347826087
5278.0,3.391304347826087
5279.0,3.391304347826087
5280.0,3.391304347826087
5281.0,3.391304347826087
5282.0,3.391304347826087
5283.0,3.391304347826087
5284.0,3.391304347826087
5285.0,3.391304347826087
5286.0,3.391304347826087
5287.0,3.391304347826087
5288.0,3.391304347826087
5289.0,3.391304347826087
5290.0,3.391304347826087
5291.0,3.391304347826087
5292.0,3.391304347826087
5293.0,3.391304347826087
5294.0,3.391304347826087
5295.0,3.391304347826087
5296.0,3.391304347826087
5297.0,3.391304347826087
5298.0,3.391304347826087
5299.0,3.391304347826087
5300.0,3.391304347826087
5301.0,3.391304347826087
5302.0,3.391304347826087
5303.0,3.391304347826087
5304.0,3.391304347826087
5305.0,3.391304347826087
5306.0,3.391304347826087
5307.0,3.391304347826087
5308.0,3.391304347826087
5309.0,3.391304347826087
5310.0,3.391304347826087
5311.0,3.391304347826087
5312.0,3.391304347826087
5313.0,3.391304347826087
5314.0,3.391304347826087
5315.0,3.391304347826087
5316.0,3.391304347826087
5317.0,3.391304347826087
5318.0,3.391304347826087
5319.0,3.391304347826087
5320.0,3.391304347826087
5321.0,3.391304347826087
5322.0,3.391304347826087
5323.0,3.391304347826087
5324.0,3.391304347826087
5325.0,3.391304347826087
5326.0,3.391304347826087
5327.0,3.391304347826087
5328.0,3.391304347826087
5329.0,3.391304347826087
5330.0,3.391304347826087
5331.0,3.391304347826087
5332.0,3.391304347826087
5333.0,3.391304347826087
5334.0,3.391304347826087
5335.0,3.391304347826087
5336.0,3.391304347826087
5337.0,3.391304347826087
5338.0,3.391304347826087
5339.0,3.391304347826087
5340.0,3.391304347826087
5341.0,3.391304347826087
5342.0,3.391304347826087
5343.0,3.391304347826087
5344.0,3.391304347826087
5345.0,3.391304347826087
5346.0,3.391304347826087
5347.0,3.391304347826087
5348.0,3.391304347826087
5349.0,3.391304347826087
5350.0,3.391304347826087
5351.0,3.391304347826087
5352.0,3.391304347826087
5353.0,3.391304347826087
5354.0,3.391304347826087
5355.0,3.391304347826087
5356.0,3.391304347826087
5357.0,3.391304347826087
5358.0,3.391304347826087
5359.0,3.391304347826087
5360.0,3.391304347826087
5361.0,3.391304347826087
5362.0,3.391304347826087
5363.0,3.391304347826087
5364.0,3.391304347826087
5365.0,3.391304347826087
5366.0,3.391304347826087
5367.0,3.391304347826087
5368.0,3.391304347826087
5369.0,3.391304347826087
5370.0,3.391304347826087
5371.0,3.391304347826087
5372.0,3.391304347826087
5373.0,3.391304347826087
5374.0,3.391304347826087
5375.0,3.391304347826087
5376.0,3.391304347826087
5377.0,3.391304347826087
5378.0,3.391304347826087
5379.0,3.391304347826087
5380.0,3.391304347826087
5381.0,3.391304347826087
5382.0,3.391304347826087
5383.0,3.391304347826087
5384.0,3.391304347826087
5385.0,3.391304347826087
5386.0,3.391304347826087
5387.0,3.391304347826087
5388.0,3.391304347826087
5389.0,3.391304347826087
5390.0,3.391304347826087
5391.0,3.391304347826087
5392.0,3.391304347826087
5393.0,3.391304347826087
5394.0,3.391304347826087
5395.0,3.391304347826087
5396.0,3.391304347826087
5397.0,3.391304347826087
5398.0,3.391304347826087
5399.0,3.391304347826087
5400.0,3.391304347826087
5401.0,3.391304347826087
5402.0,3.391304347826087
5403.0,3.391304347826087
5404.0,3.391304347826087
5405.0,3.391304347826087
5406.0,3.391304347826087
5407.0,3.391304347826087
5408.0,3.391304347826087
5409.0,3.391304347826087
5410.0,3.391304347826087
5411.0,3.391304347826087
5412.0,3.391304347826087
5413.0,3.391304347826087
5414.0,3.391304347826087
5415.0,3.391304347826087
5416.0,3.391304347826087
5417.0,3.391304347826087
5418.0,3.391304347826087
5419.0,3.391304347826087
5420.0,3.391304347826087
5421.0,3.391304347826087
5422.0,3.391304347826087
5423.0,3.391304347826087
5424.0,3.391304347826087
5425.0,3.391304347826087
5426.0,3.391304347826087
5427.0,3.391304347826087
5428.0,3.391304347826087
5429.0,3.391304347826087
5430.0,3.391304347826087
5431.0,3.391304347826087
5432.0,3.391304347826087
5433.0,3.391304347826087
5434.0,3.391304347826087
5435.0,3.391304347826087
5436.0,3.391304347826087
5437.0,3.391304347826087
5438.0,3.391304347826087
5439.0,3.391304347826087
5440.0,3.391304347826087
5441.0,3.391304347826087
5442.0,3.391304347826087
5443.0,3.391304347826087
5444.0,3.391304347826087
5445.0,3.391304347826087
5446.0,3.391304347826087
5447.0,3.391304347826087
5448.0,3.391304347826087
5449.0,3.391304347826087
5450.0,3.391304347826087
5451.0,3.391304347826087
5452.0,3.391304347826087
5453.0,3.391304347826087
5454.0,3.391304347826087
5455.0,3.391304347826087
5456.0,3.391304347826087
5457.0,3.391304347826087
5458.0,3.391304347826087
5459.0,3.391304347826087
5460.0,3.391304347826087
5461.0,3.391304347826087
5462.0,3.391304347826087
5463.0,3.391304347826087
5464.0,3.391304347826087
5465.0,3.391304347826087
5466.0,3.391304347826087
5467.0,3.391304347826087
5468.0,3.391304347826087
5469.0,3.391304347826087
5470.0,3.391304347826087
5471.0,3.391304347826087
5472.0,3.391304347826087
5473.0,3.391304347826087
5474.0,3.391304347826087
5475.0,3.391304347826087
5476.0,3.391304347826087
5477.0,3.391304347826087
5478.0,3.391304347826087
5479.0,3.391304347826087
5480.0,3.391304347826087
5481.0,3.391304347826087
5482.0,3.391304347826087
5483.0,3.391304347826087
5484.0,3.391304347826087
5485.0,3.391304347826087
5486.0,3.391304347826087
5487.0,3.391304347826087
5488.0,3.391304347826087
5489.0,3.391304347826087
5490.0,3.391304347826087
5491.0,3.391304347826087
5492.0,3.391304347826087
5493.0,3.391304347826087
5494.0,3.391304347826087
5495.0,3.391304347826087
5496.0,3.391304347826087
5497.0,3.391304347826087
5498.0,3.391304347826087
5499.0,3.391304347826087
5500.0,3.391304347826087
5501.0,3.391304347826087
5502.0,3.391304347826087
5503.0,3.391304347826087
5504.0,3.391304347826087
5505.0,3.391304347826087
5506.0,3.391304347826087
5507.0,3.391304347826087
5508.0,3.391304347826087
5509.0,3.391304347826087
5510.0,3.391304347826087
5511.0,3.391304347826087
5512.0,3.391304347826087
5513.0,3.391304347826087
5514.0,3.391304347826087
5515.0,3.391304347826087
5516.0,3.391304347826087
5517.0,3.391304347826087
5518.0,3.391304347826087
5519.0,3.391304347826087
5520.0,3.391304347826087
5521.0,3.391304347826087
5522.0,3.391304347826087
5523.0,3.391304347826087
5524.0,3.391304347826087
5525.0,3.391304347826087
5526.0,3.391304347826087
5527.0,3.391304347826087
5528.0,3.391304347826087
5529.0,3.391304347826087
5530.0,3.391304347826087
5531.0,3.391304347826087
5532.0,3.391304347826087
5533.0,3.391304347826087
5534.0,3.391304347826087
5535.0,3.391304347826087
5536.0,3.391304347826087
5537.0,3.391304347826087
5538.0,3.391304347826087
5539.0,3.391304347826087
5540.0,3.391304347826087
5541.0,3.391304347826087
5542.0,3.391304347826087
5543.0,3.391304347826087
5544.0,3.391304347826087
5545.0,3.391304347826087
5546.0,3.391304347826087
5547.0,3.391304347826087
5548.0,3.391304347826087
5549.0,3.391304347826087
5550.0,3.391304347826087
5551.0,3.391304347826087
5552.0,3.391304347826087
5553.0,3.391304347826087
5554.0,3.391304347826087
5555.0,3.391304347826087
5556.0,3.391304347826087
5557.0,3.391304347826087
5558.0,3.391304347826087
5559.0,3.391304347826087
5560.0,3.391304347826087
5561.0,3.391304347826087
5562.0,3.391304347826087
5563.0,3.391304347826087
5564.0,3.391304347826087
5565.0,3.391304347826087
5566.0,3.391304347826087
5567.0,3.391304347826087
5568.0,3.391304347826087
5569.0,3.391304347826087
5570.0,3.391304347826087
5571.0,3.391304347826087
5572.0,3.391304347826087
5573.0,3.391304347826087
5574.0,3.391304347826087
5575.0,3.391304347826087
5576.0,3.391304347826087
5577.0,3.391304347826087
5578.0,3.391304347826087
5579.0,3.391304347826087
5580.0,3.391304347826087
5581.0,3.391304347826087
5582.0,3.391304347826087
5583.0,3.391304347826087
5584.0,3.391304347826087
5585.0,3.391304347826087
5586.0,3.391304347826087
5587.0,3.391304347826087
5588.0,3.391304347826087
5589.0,3.391304347826087
5590.0,3.391304347826087
5591.0,3.391304347826087
5592.0,3.391304347826087
5593.0,3.391304347826087
5594.0,3.391304347826087
5595.0,3.3478260869565215
5596.0,3.391304347826087
5597.0,3.391304347826087
5598.0,3.391304347826087
5599.0,3.391304347826087
5600.0,3.391304347826087
5601.0,3.391304347826087
5602.0,3.391304347826087
5603.0,3.391304347826087
5604.0,3.391304347826087
5605.0,3.391304347826087
5606.0,3.391304347826087
5607.0,3.391304347826087
5608.0,3.391304347826087
5609.0,3.391304347826087
5610.0,3.391304347826087
5611.0,3.391304347826087
5612.0,3.391304347826087
5613.0,3.391304347826087
5614.0,3.391304347826087
5615.0,3.391304347826087
5616.0,3.391304347826087
5617.0,3.391304347826087
5618.0,3.391304347826087
5619.0,3.391304347826087
5620.0,3.391304347826087
5621.0,3.391304347826087
5622.0,3.391304347826087
5623.0,3.391304347826087
5624.0,3.391304347826087
5625.0,3.391304347826087
5626.0,3.391304347826087
5627.0,3.391304347826087
5628.0,3.391304347826087
5629.0,3.391304347826087
5630.0,3.391304347826087
5631.0,3.391304347826087
5632.0,3.391304347826087
5633.0,3.391304347826087
5634.0,3.391304347826087
5635.0,3.391304347826087
5636.0,3.391304347826087
5637.0,3.391304347826087
5638.0,3.391304347826087
5639.0,3.391304347826087
5640.0,3.391304347826087
5641.0,3.391304347826087
5642.0,3.391304347826087
5643.0,3.391304347826087
5644.0,3.391304347826087
5645.0,3.391304347826087
5646.0,3.391304347826087
5647.0,3.391304347826087
5648.0,3.391304347826087
5649.0,3.391304347826087
5650.0,3.391304347826087
5651.0,3.391304347826087
5652.0,3.391304347826087
5653.0,3.391304347826087
5654.0,3.391304347826087
5655.0,3.391304347826087
5656.0,3.391304347826087
5657.0,3.391304347826087
5658.0,3.391304347826087
5659.0,3.391304347826087
5660.0,3.391304347826087
5661.0,3.391304347826087
5662.0,3.391304347826087
5663.0,3.391304347826087
5664.0,3.391304347826087
5665.0,3.391304347826087
5666.0,3.391304347826087
5667.0,3.391304347826087
5668.0,3.391304347826087
5669.0,3.391304347826087
5670.0,3.391304347826087
5671.0,3.391304347826087
5672.0,3.391304347826087
5673.0,3.391304347826087
5674.0,3.391304347826087
5675.0,3.391304347826087
5676.0,3.391304347826087
5677.0,3.391304347826087
5678.0,3.391304347826087
5679.0,3.391304347826087
5680.0,3.391304347826087
5681.0,3.391304347826087
5682.0,3.391304347826087
5683.0,3.391304347826087
5684.0,3.391304347826087
5685.0,3.391304347826087
5686.0,3.391304347826087
5687.0,3.391304347826087
5688.0,3.391304347826087
5689.0,3.391304347826087
5690.0,3.391304347826087
5691.0,3.391304347826087
5692.0,3.391304347826087
5693.0,3.391304347826087
5694.0,3.391304347826087
5695.0,3.3478260869565215
5696.0,3.391304347826087
5697.0,3.391304347826087
5698.0,3.391304347826087
5699.0,3.391304347826087
5700.0,3.391304347826087
5701.0,3.391304347826087
5702.0,3.391304347826087
5703.0,3.391304347826087
5704.0,3.391304347826087
5705.0,3.391304347826087
5706.0,3.391304347826087
5707.0,3.391304347826087
5708.0,3.391304347826087
5709.0,3.391304347826087
5710.0,3.391304347826087
5711.0,3.391304347826087
5712.0,3.391304347826087
5713.0,3.391304347826087
5714.0,3.391304347826087
5715.0,3.391304347826087
5716.0,3.391304347826087
5717.0,3.391304347826087
5718.0,3.391304347826087
5719.0,3.391304347826087
5720.0,3.391304347826087
5721.0,3.391304347826087
5722.0,3.391304347826087
5723.0,3.391304347826087
5724.0,3.391304347826087
5725.0,3.391304347826087
5726.0,3.391304347826087
5727.0,3.391304347826087
5728.0,3.3478260869565215
5729.0,3.391304347826087
5730.0,3.391304347826087
5731.0,3.391304347826087
5732.0,3.391304347826087
5733.0,3.391304347826087
5734.0,3.391304347826087
5735.0,3.391304347826087
5736.0,3.391304347826087
5737.0,3.391304347826087
5738.0,3.391304347826087
5739.0,3.391304347826087
5740.0,3.391304347826087
5741.0,3.391304347826087
5742.0,3.391304347826087
5743.0,3.391304347826087
5744.0,3.391304347826087
5745.0,3.391304347826087
5746.0,3.391304347826087
5747.0,3.391304347826087
5748.0,3.391304347826087
5749.0,3.391304347826087
5750.0,3.391304347826087
5751.0,3.391304347826087
5752.0,3.391304347826087
5753.0,3.391304347826087
5754.0,3.391304347826087
5755.0,3.391304347826087
5756.0,3.391304347826087
5757.0,3.391304347826087
5758.0,3.391304347826087
5759.0,3.391304347826087
5760.0,3.391304347826087
5761.0,3.391304347826087
5762.0,3.391304347826087
5763.0,3.391304347826087
5764.0,3.391304347826087
5765.0,3.391304347826087
5766.0,3.391304347826087
5767.0,3.391304347826087
5768.0,3.3478260869565215
5769.0,3.391304347826087
5770.0,3.391304347826087
5771.0,3.391304347826087
5772.0,3.391304347826087
5773.0,3.391304347826087
5774.0,3.391304347826087
5775.0,3.391304347826087
5776.0,3.391304347826087
5777.0,3.391304347826087
5778.0,3.391304347826087
5779.0,3.391304347826087
5780.0,3.391304347826087
5781.0,3.391304347826087
5782.0,3.391304347826087
5783.0,3.391304347826087
5784.0,3.391304347826087
5785.0,3.391304347826087
5786.0,3.391304347826087
5787.0,3.391304347826087
5788.0,3.391304347826087
5789.0,3.391304347826087
5790.0,3.391304347826087
5791.0,3.391304347826087
5792.0,3.391304347826087
5793.0,3.391304347826087
5794.0,3.391304347826087
5795.0,3.391304347826087
5796.0,3.391304347826087
5797.0,3.3478260869565215
5798.0,3.391304347826087
5799.0,3.391304347826087
5800.0,3.391304347826087
5801.0,3.391304347826087
5802.0,3.391304347826087
5803.0,3.391304347826087
5804.0,3.391304347826087
5805.0,3.391304347826087
5806.0,3.391304347826087
5807.0,3.391304347826087
5808.0,3.391304347826087
5809.0,3.3478260869565215
5810.0,3.391304347826087
5811.0,3.391304347826087
5812.0,3.391304347826087
5813.0,3.391304347826087
5814.0,3.391304347826087
5815.0,3.391304347826087
5816.0,3.391304347826087
5817.0,3.391304347826087
5818.0,3.391304347826087
5819.0,3.391304347826087
5820.0,3.391304347826087
5821.0,3.391304347826087
5822.0,3.391304347826087
5823.0,3.391304347826087
5824.0,3.391304347826087
5825.0,3.391304347826087
5826.0,3.391304347826087
5827.0,3.391304347826087
5828.0,3.391304347826087
5829.0,3.391304347826087
5830.0,3.391304347826087
5831.0,3.391304347826087
5832.0,3.391304347826087
5833.0,3.391304347826087
5834.0,3.391304347826087
5835.0,3.391304347826087
5836.0,3.391304347826087
5837.0,3.391304347826087
5838.0,3.391304347826087
5839.0,3.391304347826087
5840.0,3.391304347826087
5841.0,3.391304347826087
5842.0,3.391304347826087
5843.0,3.391304347826087
5844.0,3.391304347826087
5845.0,3.391304347826087
5846.0,3.391304347826087
5847.0,3.391304347826087
5848.0,3.391304347826087
5849.0,3.391304347826087
5850.0,3.391304347826087
5851.0,3.391304347826087
5852.0,3.391304347826087
5853.0,3.391304347826087
5854.0,3.391304347826087
5855.0,3.391304347826087
5856.0,3.391304347826087
5857.0,3.391304347826087
5858.0,3.391304347826087
5859.0,3.391304347826087
5860.0,3.391304347826087
5861.0,3.391304347826087
5862.0,3.391304347826087
5863.0,3.391304347826087
5864.0,3.391304347826087
5865.0,3.391304347826087
5866.0,3.391304347826087
5867.0,3.391304347826087
5868.0,3.391304347826087
5869.0,3.391304347826087
5870.0,3.391304347826087
5871.0,3.391304347826087
5872.0,3.391304347826087
5873.0,3.391304347826087
5874.0,3.391304347826087
5875.0,3.391304347826087
5876.0,3.391304347826087
5877.0,3.391304347826087
5878.0,3.391304347826087
5879.0,3.391304347826087
5880.0,3.391304347826087
5881.0,3.391304347826087
5882.0,3.391304347826087
5883.0,3.391304347826087
5884.0,3.391304347826087
5885.0,3.391304347826087
5886.0,3.391304347826087
5887.0,3.391304347826087
5888.0,3.391304347826087
5889.0,3.391304347826087
5890.0,3.391304347826087
5891.0,3.391304347826087
5892.0,3.391304347826087
5893.0,3.391304347826087
5894.0,3.391304347826087
5895.0,3.391304347826087
5896.0,3.391304347826087
5897.0,3.391304347826087
5898.0,3.391304347826087
5899.0,3.391304347826087
5900.0,3.391304347826087
5901.0,3.391304347826087
5902.0,3.391304347826087
5903.0,3.391304347826087
5904.0,3.391304347826087
5905.0,3.391304347826087
5906.0,3.391304347826087
5907.0,3.391304347826087
5908.0,3.391304347826087
5909.0,3.391304347826087
5910.0,3.391304347826087
5911.0,3.391304347826087
5912.0,3.391304347826087
5913.0,3.391304347826087
5914.0,3.391304347826087
5915.0,3.391304347826087
5916.0,3.391304347826087
5917.0,3.391304347826087
5918.0,3.3478260869565215
5919.0,3.3478260869565215
5920.0,3.391304347826087
5921.0,3.391304347826087
5922.0,3.391304347826087
5923.0,3.391304347826087
5924.0,3.391304347826087
5925.0,3.391304347826087
5926.0,3.391304347826087
5927.0,3.3478260869565215
5928.0,3.391304347826087
5929.0,3.391304347826087
5930.0,3.3478260869565215
5931.0,3.391304347826087
5932.0,3.391304347826087
5933.0,3.391304347826087
5934.0,3.391304347826087
5935.0,3.391304347826087
5936.0,3.391304347826087
5937.0,3.391304347826087
5938.0,3.3478260869565215
5939.0,3.391304347826087
5940.0,3.391304347826087
5941.0,3.391304347826087
5942.0,3.391304347826087
5943.0,3.391304347826087
5944.0,3.391304347826087
5945.0,3.391304347826087
5946.0,3.391304347826087
5947.0,3.391304347826087
5948.0,3.391304347826087
5949.0,3.391304347826087
5950.0,3.391304347826087
5951.0,3.391304347826087
5952.0,3.391304347826087
5953.0,3.391304347826087
5954.0,3.391304347826087
5955.0,3.391304347826087
5956.0,3.391304347826087
5957.0,3.391304347826087
5958.0,3.391304347826087
5959.0,3.391304347826087
5960.0,3.391304347826087
5961.0,3.3478260869565215
5962.0,3.391304347826087
5963.0,3.3478260869565215
5964.0,3.391304347826087
5965.0,3.391304347826087
5966.0,3.391304347826087
5967.0,3.391304347826087
5968.0,3.391304347826087
5969.0,3.3478260869565215
5970.0,3.3478260869565215
5971.0,3.391304347826087
5972.0,3.391304347826087
5973.0,3.391304347826087
5974.0,3.391304347826087
5975.0,3.391304347826087
5976.0,3.391304347826087
5977.0,3.391304347826087
5978.0,3.391304347826087
5979.0,3.391304347826087
5980.0,3.391304347826087
5981.0,3.391304347826087
5982.0,3.391304347826087
5983.0,3.391304347826087
5984.0,3.391304347826087
5985.0,3.391304347826087
5986.0,3.391304347826087
5987.0,3.391304347826087
5988.0,3.391304347826087
5989.0,3.391304347826087
5990.0,3.391304347826087
5991.0,3.3478260869565215
5992.0,3.391304347826087
5993.0,3.391304347826087
5994.0,3.391304347826087
5995.0,3.391304347826087
5996.0,3.391304347826087
5997.0,3.391304347826087
5998.0,3.391304347826087
5999.0,3.391304347826087
6000.0,3.391304347826087
6001.0,3.391304347826087
6002.0,3.3478260869565215
6003.0,3.391304347826087
6004.0,3.391304347826087
6005.0,3.391304347826087
6006.0,3.391304347826087
6007.0,3.391304347826087
6008.0,3.391304347826087
6009.0,3.391304347826087
6010.0,3.391304347826087
6011.0,3.391304347826087
6012.0,3.391304347826087
6013.0,3.391304347826087
6014.0,3.391304347826087
6015.0,3.391304347826087
6016.0,3.391304347826087
6017.0,3.391304347826087
6018.0,3.391304347826087
6019.0,3.391304347826087
6020.0,3.391304347826087
6021.0,3.391304347826087
6022.0,3.391304347826087
6023.0,3.391304347826087
6024.0,3.391304347826087
6025.0,3.391304347826087
6026.0,3.3478260869565215
6027.0,3.391304347826087
6028.0,3.391304347826087
6029.0,3.391304347826087
6030.0,3.391304347826087
6031.0,3.3478260869565215
6032.0,3.391304347826087
6033.0,3.391304347826087
6034.0,3.3478260869565215
6035.0,3.391304347826087
6036.0,3.391304347826087
6037.0,3.391304347826087
6038.0,3.391304347826087
6039.0,3.391304347826087
6040.0,3.391304347826087
6041.0,3.391304347826087
6042.0,3.391304347826087
6043.0,3.391304347826087
6044.0,3.391304347826087
6045.0,3.391304347826087
6046.0,3.391304347826087
6047.0,3.391304347826087
6048.0,3.3478260869565215
6049.0,3.391304347826087
6050.0,3.391304347826087
6051.0,3.391304347826087
6052.0,3.391304347826087
6053.0,3.391304347826087
6054.0,3.391304347826087
6055.0,3.391304347826087
6056.0,3.391304347826087
6057.0,3.391304347826087
6058.0,3.391304347826087
6059.0,3.3478260869565215
6060.0,3.391304347826087
6061.0,3.3478260869565215
6062.0,3.3478260869565215
6063.0,3.3478260869565215
6064.0,3.391304347826087
6065.0,3.391304347826087
6066.0,3.391304347826087
6067.0,3.391304347826087
6068.0,3.391304347826087
6069.0,3.391304347826087
6070.0,3.391304347826087
6071.0,3.391304347826087
6072.0,3.391304347826087
6073.0,3.391304347826087
6074.0,3.391304347826087
6075.0,3.391304347826087
6076.0,3.391304347826087
6077.0,3.391304347826087
6078.0,3.391304347826087
6079.0,3.391304347826087
6080.0,3.391304347826087
6081.0,3.3478260869565215
6082.0,3.391304347826087
6083.0,3.391304347826087
6084.0,3.391304347826087
6085.0,3.391304347826087
6086.0,3.391304347826087
6087.0,3.391304347826087
6088.0,3.3478260869565215
6089.0,3.391304347826087
6090.0,3.3478260869565215
6091.0,3.391304347826087
6092.0,3.391304347826087
6093.0,3.391304347826087
6094.0,3.3478260869565215
6095.0,3.391304347826087
6096.0,3.391304347826087
6097.0,3.391304347826087
6098.0,3.391304347826087
6099.0,3.391304347826087
6100.0,3.391304347826087
6101.0,3.3478260869565215
6102.0,3.391304347826087
6103.0,3.391304347826087
6104.0,3.3478260869565215
6105.0,3.391304347826087
6106.0,3.391304347826087
6107.0,3.391304347826087
6108.0,3.391304347826087
6109.0,3.3478260869565215
6110.0,3.3478260869565215
6111.0,3.391304347826087
6112.0,3.391304347826087
6113.0,3.391304347826087
6114.0,3.391304347826087
6115.0,3.391304347826087
6116.0,3.391304347826087
6117.0,3.391304347826087
6118.0,3.391304347826087
6119.0,3.391304347826087
6120.0,3.391304347826087
6121.0,3.391304347826087
6122.0,3.391304347826087
6123.0,3.391304347826087
6124.0,3.391304347826087
6125.0,3.391304347826087
6126.0,3.391304347826087
6127.0,3.391304347826087
6128.0,3.3478260869565215
6129.0,3.3478260869565215
6130.0,3.391304347826087
6131.0,3.3478260869565215
6132.0,3.391304347826087
6133.0,3.391304347826087
6134.0,3.391304347826087
6135.0,3.391304347826087
6136.0,3.391304347826087
6137.0,3.391304347826087
6138.0,3.391304347826087
6139.0,3.391304347826087
6140.0,3.391304347826087
6141.0,3.391304347826087
6142.0,3.391304347826087
6143.0,3.391304347826087
6144.0,3.391304347826087
6145.0,3.391304347826087
6146.0,3.391304347826087
6147.0,3.391304347826087
6148.0,3.391304347826087
6149.0,3.391304347826087
6150.0,3.391304347826087
6151.0,3.391304347826087
6152.0,3.3478260869565215
6153.0,3.391304347826087
6154.0,3.391304347826087
6155.0,3.3478260869565215
6156.0,3.391304347826087
6157.0,3.391304347826087
6158.0,3.391304347826087
6159.0,3.391304347826087
6160.0,3.391304347826087
6161.0,3.391304347826087
6162.0,3.391304347826087
6163.0,3.391304347826087
6164.0,3.391304347826087
6165.0,3.391304347826087
6166.0,3.391304347826087
6167.0,3.391304347826087
6168.0,3.391304347826087
6169.0,3.391304347826087
6170.0,3.3478260869565215
6171.0,3.391304347826087
6172.0,3.3478260869565215
6173.0,3.3478260869565215
6174.0,3.391304347826087
6175.0,3.3478260869565215
6176.0,3.391304347826087
6177.0,3.391304347826087
6178.0,3.391304347826087
6179.0,3.391304347826087
6180.0,3.391304347826087
6181.0,3.391304347826087
6182.0,3.391304347826087
6183.0,3.391304347826087
6184.0,3.391304347826087
6185.0,3.391304347826087
6186.0,3.391304347826087
6187.0,3.391304347826087
6188.0,3.391304347826087
6189.0,3.391304347826087
6190.0,3.391304347826087
6191.0,3.3478260869565215
6192.0,3.391304347826087
6193.0,3.391304347826087
6194.0,3.391304347826087
6195.0,3.391304347826087
6196.0,3.391304347826087
6197.0,3.391304347826087
6198.0,3.3478260869565215
6199.0,3.3478260869565215
6200.0,3.391304347826087
6201.0,3.391304347826087
6202.0,3.391304347826087
6203.0,3.3478260869565215
6204.0,3.391304347826087
6205.0,3.3478260869565215
6206.0,3.3478260869565215
6207.0,3.391304347826087
6208.0,3.3478260869565215
6209.0,3.391304347826087
6210.0,3.391304347826087
6211.0,3.3478260869565215
6212.0,3.391304347826087
6213.0,3.391304347826087
6214.0,3.391304347826087
6215.0,3.391304347826087
6216.0,3.391304347826087
6217.0,3.391304347826087
6218.0,3.391304347826087
6219.0,3.391304347826087
6220.0,3.391304347826087
6221.0,3.3478260869565215
6222.0,3.391304347826087
6223.0,3.3478260869565215
6224.0,3.391304347826087
6225.0,3.391304347826087
6226.0,3.391304347826087
6227.0,3.391304347826087
6228.0,3.3478260869565215
6229.0,3.391304347826087
6230.0,3.391304347826087
6231.0,3.3478260869565215
6232.0,3.391304347826087
6233.0,3.3478260869565215
6234.0,3.3478260869565215
6235.0,3.391304347826087
6236.0,3.391304347826087
6237.0,3.391304347826087
6238.0,3.3478260869565215
6239.0,3.3478260869565215
6240.0,3.391304347826087
6241.0,3.391304347826087
6242.0,3.3478260869565215
6243.0,3.391304347826087
6244.0,3.3478260869565215
6245.0,3.391304347826087
6246.0,3.391304347826087
6247.0,3.391304347826087
6248.0,3.3478260869565215
6249.0,3.391304347826087
6250.0,3.3478260869565215
6251.0,3.391304347826087
6252.0,3.391304347826087
6253.0,3.3478260869565215
6254.0,3.391304347826087
6255.0,3.391304347826087
6256.0,3.391304347826087
6257.0,3.391304347826087
6258.0,3.391304347826087
6259.0,3.391304347826087
6260.0,3.391304347826087
6261.0,3.391304347826087
6262.0,3.391304347826087
6263.0,3.391304347826087
6264.0,3.391304347826087
6265.0,3.391304347826087
6266.0,3.391304347826087
6267.0,3.391304347826087
6268.0,3.391304347826087
6269.0,3.391304347826087
6270.0,3.391304347826087
6271.0,3.391304347826087
6272.0,3.3478260869565215
6273.0,3.391304347826087
6274.0,3.391304347826087
6275.0,3.3478260869565215
6276.0,3.391304347826087
6277.0,3.391304347826087
6278.0,3.3478260869565215
6279.0,3.3478260869565215
6280.0,3.391304347826087
6281.0,3.391304347826087
6282.0,3.391304347826087
6283.0,3.3478260869565215
6284.0,3.3478260869565215
6285.0,3.391304347826087
6286.0,3.3478260869565215
6287.0,3.391304347826087
6288.0,3.3478260869565215
6289.0,3.391304347826087
6290.0,3.3478260869565215
6291.0,3.391304347826087
6292.0,3.391304347826087
6293.0,3.391304347826087
6294.0,3.391304347826087
6295.0,3.391304347826087
6296.0,3.391304347826087
6297.0,3.391304347826087
6298.0,3.391304347826087
6299.0,3.391304347826087
6300.0,3.391304347826087
6301.0,3.391304347826087
6302.0,3.391304347826087
6303.0,3.391304347826087
6304.0,3.391304347826087
6305.0,3.391304347826087
6306.0,3.391304347826087
6307.0,3.391304347826087
6308.0,3.391304347826087
6309.0,3.391304347826087
6310.0,3.391304347826087
6311.0,3.3478260869565215
6312.0,3.3478260869565215
6313.0,3.3478260869565215
6314.0,3.3478260869565215
6315.0,3.3478260869565215
6316.0,3.391304347826087
6317.0,3.391304347826087
6318.0,3.391304347826087
6319.0,3.391304347826087
6320.0,3.391304347826087
6321.0,3.391304347826087
6322.0,3.391304347826087
6323.0,3.391304347826087
6324.0,3.3478260869565215
6325.0,3.3478260869565215
6326.0,3.391304347826087
6327.0,3.391304347826087
6328.0,3.3478260869565215
6329.0,3.391304347826087
6330.0,3.3478260869565215
6331.0,3.391304347826087
6332.0,3.391304347826087
6333.0,3.391304347826087
6334.0,3.391304347826087
6335.0,3.391304347826087
6336.0,3.3478260869565215
6337.0,3.3478260869565215
6338.0,3.391304347826087
6339.0,3.391304347826087
6340.0,3.3478260869565215
6341.0,3.3478260869565215
6342.0,3.391304347826087
6343.0,3.3478260869565215
6344.0,3.3478260869565215
6345.0,3.391304347826087
6346.0,3.391304347826087
6347.0,3.391304347826087
6348.0,3.3478260869565215
6349.0,3.391304347826087
6350.0,3.391304347826087
6351.0,3.391304347826087
6352.0,3.3478260869565215
6353.0,3.391304347826087
6354.0,3.3478260869565215
6355.0,3.391304347826087
6356.0,3.391304347826087
6357.0,3.3478260869565215
6358.0,3.391304347826087
6359.0,3.391304347826087
6360.0,3.3478260869565215
6361.0,3.391304347826087
6362.0,3.391304347826087
6363.0,3.3478260869565215
6364.0,3.391304347826087
6365.0,3.391304347826087
6366.0,3.3478260869565215
6367.0,3.391304347826087
6368.0,3.3478260869565215
6369.0,3.391304347826087
6370.0,3.391304347826087
6371.0,3.3478260869565215
6372.0,3.3478260869565215
6373.0,3.3478260869565215
6374.0,3.391304347826087
6375.0,3.3478260869565215
6376.0,3.391304347826087
6377.0,3.391304347826087
6378.0,3.391304347826087
6379.0,3.391304347826087
6380.0,3.391304347826087
6381.0,3.3478260869565215
6382.0,3.3478260869565215
6383.0,3.3478260869565215
6384.0,3.3478260869565215
6385.0,3.391304347826087
6386.0,3.391304347826087
6387.0,3.391304347826087
6388.0,3.3478260869565215
6389.0,3.391304347826087
6390.0,3.3478260869565215
6391.0,3.3478260869565215
6392.0,3.391304347826087
6393.0,3.391304347826087
6394.0,3.3478260869565215
6395.0,3.3478260869565215
6396.0,3.391304347826087
6397.0,3.3478260869565215
6398.0,3.391304347826087
6399.0,3.391304347826087
6400.0,3.391304347826087
6401.0,3.391304347826087
6402.0,3.391304347826087
6403.0,3.391304347826087
6404.0,3.391304347826087
6405.0,3.391304347826087
6406.0,3.391304347826087
6407.0,3.391304347826087
6408.0,3.391304347826087
6409.0,3.3478260869565215
6410.0,3.391304347826087
6411.0,3.391304347826087
6412.0,3.391304347826087
6413.0,3.391304347826087
6414.0,3.391304347826087
6415.0,3.391304347826087
6416.0,3.391304347826087
6417.0,3.391304347826087
6418.0,3.391304347826087
6419.0,3.391304347826087
6420.0,3.3478260869565215
6421.0,3.391304347826087
6422.0,3.391304347826087
6423.0,3.3478260869565215
6424.0,3.391304347826087
6425.0,3.3478260869565215
6426.0,3.391304347826087
6427.0,3.3478260869565215
6428.0,3.391304347826087
6429.0,3.3478260869565215
6430.0,3.391304347826087
6431.0,3.391304347826087
6432.0,3.391304347826087
6433.0,3.3478260869565215
6434.0,3.391304347826087
6435.0,3.391304347826087
6436.0,3.3478260869565215
6437.0,3.3478260869565215
6438.0,3.391304347826087
6439.0,3.391304347826087
6440.0,3.391304347826087
6441.0,3.391304347826087
6442.0,3.3478260869565215
6443.0,3.3478260869565215
6444.0,3.3478260869565215
6445.0,3.391304347826087
6446.0,3.391304347826087
6447.0,3.3478260869565215
6448.0,3.3478260869565215
6449.0,3.3478260869565215
6450.0,3.391304347826087
6451.0,3.3478260869565215
6452.0,3.391304347826087
6453.0,3.391304347826087
6454.0,3.391304347826087
6455.0,3.391304347826087
6456.0,3.391304347826087
6457.0,3.391304347826087
6458.0,3.391304347826087
6459.0,3.3478260869565215
6460.0,3.391304347826087
6461.0,3.3478260869565215
6462.0,3.391304347826087
6463.0,3.391304347826087
6464.0,3.3478260869565215
6465.0,3.3478260869565215
6466.0,3.3478260869565215
6467.0,3.3478260869565215
6468.0,3.3478260869565215
6469.0,3.391304347826087
6470.0,3.391304347826087
6471.0,3.391304347826087
6472.0,3.391304347826087
6473.0,3.3478260869565215
6474.0,3.3478260869565215
6475.0,3.391304347826087
6476.0,3.391304347826087
6477.0,3.391304347826087
6478.0,3.3478260869565215
6479.0,3.3478260869565215
6480.0,3.391304347826087
6481.0,3.3478260869565215
6482.0,3.391304347826087
6483.0,3.391304347826087
6484.0,3.3478260869565215
6485.0,3.391304347826087
6486.0,3.3478260869565215
6487.0,3.391304347826087
6488.0,3.391304347826087
6489.0,3.391304347826087
6490.0,3.391304347826087
6491.0,3.391304347826087
6492.0,3.391304347826087
6493.0,3.3478260869565215
6494.0,3.3478260869565215
6495.0,3.3478260869565215
6496.0,3.3478260869565215
6497.0,3.391304347826087
6498.0,3.3478260869565215
6499.0,3.3478260869565215
6500.0,3.3478260869565215
6501.0,3.391304347826087
6502.0,3.3478260869565215
6503.0,3.3478260869565215
6504.0,3.3478260869565215
6505.0,3.3478260869565215
6506.0,3.391304347826087
6507.0,3.391304347826087
6508.0,3.391304347826087
6509.0,3.391304347826087
6510.0,3.391304347826087
6511.0,3.3478260869565215
6512.0,3.391304347826087
6513.0,3.3478260869565215
6514.0,3.391304347826087
6515.0,3.3478260869565215
6516.0,3.3478260869565215
6517.0,3.391304347826087
6518.0,3.3478260869565215
6519.0,3.391304347826087
6520.0,3.3478260869565215
6521.0,3.391304347826087
6522.0,3.3478260869565215
6523.0,3.3478260869565215
6524.0,3.391304347826087
6525.0,3.3478260869565215
6526.0,3.3478260869565215
6527.0,3.391304347826087
6528.0,3.391304347826087
6529.0,3.3478260869565215
6530.0,3.3478260869565215
6531.0,3.391304347826087
6532.0,3.391304347826087
6533.0,3.391304347826087
6534.0,3.3478260869565215
6535.0,3.391304347826087
6536.0,3.391304347826087
6537.0,3.3478260869565215
6538.0,3.391304347826087
6539.0,3.391304347826087
6540.0,3.3478260869565215
6541.0,3.391304347826087
6542.0,3.3478260869565215
6543.0,3.3478260869565215
6544.0,3.391304347826087
6545.0,3.3478260869565215
6546.0,3.3478260869565215
6547.0,3.3478260869565215
6548.0,3.391304347826087
6549.0,3.391304347826087
6550.0,3.3478260869565215
6551.0,3.391304347826087
6552.0,3.3478260869565215
6553.0,3.3478260869565215
6554.0,3.3478260869565215
6555.0,3.391304347826087
6556.0,3.391304347826087
6557.0,3.391304347826087
6558.0,3.391304347826087
6559.0,3.3478260869565215
6560.0,3.391304347826087
6561.0,3.391304347826087
6562.0,3.3478260869565215
6563.0,3.391304347826087
6564.0,3.391304347826087
6565.0,3.391304347826087
6566.0,3.3478260869565215
6567.0,3.391304347826087
6568.0,3.391304347826087
6569.0,3.3478260869565215
6570.0,3.3478260869565215
6571.0,3.3478260869565215
6572.0,3.3478260869565215
6573.0,3.3478260869565215
6574.0,3.391304347826087
6575.0,3.3478260869565215
6576.0,3.391304347826087
6577.0,3.3478260869565215
6578.0,3.3478260869565215
6579.0,3.3478260869565215
6580.0,3.3478260869565215
6581.0,3.3478260869565215
6582.0,3.391304347826087
6583.0,3.3478260869565215
6584.0,3.3478260869565215
6585.0,3.3478260869565215
6586.0,3.3478260869565215
6587.0,3.3478260869565215
6588.0,3.3478260869565215
6589.0,3.3478260869565215
6590.0,3.391304347826087
6591.0,3.391304347826087
6592.0,3.391304347826087
6593.0,3.3478260869565215
6594.0,3.3478260869565215
6595.0,3.391304347826087
6596.0,3.3478260869565215
6597.0,3.391304347826087
6598.0,3.3478260869565215
6599.0,3.391304347826087
6600.0,3.391304347826087
6601.0,3.3478260869565215
6602.0,3.391304347826087
6603.0,3.3478260869565215
6604.0,3.391304347826087
6605.0,3.3478260869565215
6606.0,3.391304347826087
6607.0,3.391304347826087
6608.0,3.391304347826087
6609.0,3.3478260869565215
6610.0,3.3478260869565215
6611.0,3.3478260869565215
6612.0,3.3478260869565215
6613.0,3.3478260869565215
6614.0,3.391304347826087
6615.0,3.391304347826087
6616.0,3.3478260869565215
6617.0,3.391304347826087
6618.0,3.3478260869565215
6619.0,3.3478260869565215
6620.0,3.3478260869565215
6621.0,3.3478260869565215
6622.0,3.3478260869565215
6623.0,3.3478260869565215
6624.0,3.3478260869565215
6625.0,3.3478260869565215
6626.0,3.391304347826087
6627.0,3.3478260869565215
6628.0,3.3478260869565215
6629.0,3.3478260869565215
6630.0,3.391304347826087
6631.0,3.3478260869565215
6632.0,3.391304347826087
6633.0,3.391304347826087
6634.0,3.391304347826087
6635.0,3.391304347826087
6636.0,3.3478260869565215
6637.0,3.391304347826087
6638.0,3.3478260869565215
6639.0,3.391304347826087
6640.0,3.391304347826087
6641.0,3.391304347826087
6642.0,3.3478260869565215
6643.0,3.3478260869565215
6644.0,3.391304347826087
6645.0,3.391304347826087
6646.0,3.391304347826087
6647.0,3.3478260869565215
6648.0,3.3478260869565215
6649.0,3.3478260869565215
6650.0,3.3478260869565215
6651.0,3.3478260869565215
6652.0,3.3478260869565215
6653.0,3.3478260869565215
6654.0,3.3478260869565215
6655.0,3.391304347826087
6656.0,3.3478260869565215
6657.0,3.391304347826087
6658.0,3.391304347826087
6659.0,3.3478260869565215
6660.0,3.3478260869565215
6661.0,3.3478260869565215
6662.0,3.391304347826087
6663.0,3.391304347826087
6664.0,3.3478260869565215
6665.0,3.391304347826087
6666.0,3.3478260869565215
6667.0,3.391304347826087
6668.0,3.391304347826087
6669.0,3.391304347826087
6670.0,3.391304347826087
6671.0,3.391304347826087
6672.0,3.391304347826087
6673.0,3.391304347826087
6674.0,3.3478260869565215
6675.0,3.3478260869565215
6676.0,3.3478260869565215
6677.0,3.3478260869565215
6678.0,3.3478260869565215
6679.0,3.3478260869565215
6680.0,3.391304347826087
6681.0,3.3478260869565215
6682.0,3.391304347826087
6683.0,3.3478260869565215
6684.0,3.3478260869565215
6685.0,3.391304347826087
6686.0,3.391304347826087
6687.0,3.391304347826087
6688.0,3.3478260869565215
6689.0,3.391304347826087
6690.0,3.391304347826087
6691.0,3.3478260869565215
6692.0,3.391304347826087
6693.0,3.3478260869565215
6694.0,3.391304347826087
6695.0,3.391304347826087
6696.0,3.3478260869565215
6697.0,3.3478260869565215
6698.0,3.3478260869565215
6699.0,3.3478260869565215
6700.0,3.391304347826087
6701.0,3.391304347826087
6702.0,3.3478260869565215
6703.0,3.391304347826087
6704.0,3.391304347826087
6705.0,3.391304347826087
6706.0,3.3478260869565215
6707.0,3.3478260869565215
6708.0,3.391304347826087
6709.0,3.391304347826087
6710.0,3.391304347826087
6711.0,3.391304347826087
6712.0,3.3478260869565215
6713.0,3.3478260869565215
6714.0,3.391304347826087
6715.0,3.391304347826087
6716.0,3.3478260869565215
6717.0,3.3478260869565215
6718.0,3.3478260869565215
6719.0,3.3478260869565215
6720.0,3.391304347826087
6721.0,3.391304347826087
6722.0,3.3478260869565215
6723.0,3.391304347826087
6724.0,3.391304347826087
6725.0,3.391304347826087
6726.0,3.3478260869565215
6727.0,3.3478260869565215
6728.0,3.3478260869565215
6729.0,3.3478260869565215
6730.0,3.391304347826087
6731.0,3.3478260869565215
6732.0,3.391304347826087
6733.0,3.3478260869565215
6734.0,3.3478260869565215
6735.0,3.391304347826087
6736.0,3.391304347826087
6737.0,3.3478260869565215
6738.0,3.3478260869565215
6739.0,3.3478260869565215
6740.0,3.3478260869565215
6741.0,3.3478260869565215
6742.0,3.391304347826087
6743.0,3.391304347826087
6744.0,3.3478260869565215
6745.0,3.391304347826087
6746.0,3.3478260869565215
6747.0,3.3478260869565215
6748.0,3.3478260869565215
6749.0,3.3478260869565215
6750.0,3.3478260869565215
6751.0,3.391304347826087
6752.0,3.391304347826087
6753.0,3.391304347826087
6754.0,3.3478260869565215
6755.0,3.3478260869565215
6756.0,3.3478260869565215
6757.0,3.391304347826087
6758.0,3.3478260869565215
6759.0,3.3478260869565215
6760.0,3.3478260869565215
6761.0,3.3478260869565215
6762.0,3.3478260869565215
6763.0,3.3478260869565215
6764.0,3.391304347826087
6765.0,3.3478260869565215
6766.0,3.3478260869565215
6767.0,3.391304347826087
6768.0,3.3478260869565215
6769.0,3.3478260869565215
6770.0,3.3478260869565215
6771.0,3.3478260869565215
6772.0,3.3478260869565215
6773.0,3.3478260869565215
6774.0,3.391304347826087
6775.0,3.3478260869565215
6776.0,3.3478260869565215
6777.0,3.3478260869565215
6778.0,3.3478260869565215
6779.0,3.3478260869565215
6780.0,3.3478260869565215
6781.0,3.3478260869565215
6782.0,3.3478260869565215
6783.0,3.391304347826087
6784.0,3.3478260869565215
6785.0,3.3478260869565215
6786.0,3.391304347826087
6787.0,3.391304347826087
6788.0,3.3478260869565215
6789.0,3.391304347826087
6790.0,3.391304347826087
6791.0,3.391304347826087
6792.0,3.391304347826087
6793.0,3.3478260869565215
6794.0,3.3478260869565215
6795.0,3.3478260869565215
6796.0,3.3478260869565215
6797.0,3.391304347826087
6798.0,3.3478260869565215
6799.0,3.3478260869565215
6800.0,3.3478260869565215
6801.0,3.3478260869565215
6802.0,3.3478260869565215
6803.0,3.3478260869565215
6804.0,3.3478260869565215
6805.0,3.3478260869565215
6806.0,3.3478260869565215
6807.0,3.3478260869565215
6808.0,3.391304347826087
6809.0,3.391304347826087
6810.0,3.391304347826087
6811.0,3.3478260869565215
6812.0,3.391304347826087
6813.0,3.3478260869565215
6814.0,3.391304347826087
6815.0,3.3478260869565215
6816.0,3.391304347826087
6817.0,3.391304347826087
6818.0,3.3478260869565215
6819.0,3.3478260869565215
6820.0,3.3478260869565215
6821.0,3.3478260869565215
6822.0,3.3478260869565215
6823.0,3.3478260869565215
6824.0,3.391304347826087
6825.0,3.3478260869565215
6826.0,3.391304347826087
6827.0,3.391304347826087
6828.0,3.3478260869565215
6829.0,3.3478260869565215
6830.0,3.3478260869565215
6831.0,3.3478260869565215
6832.0,3.391304347826087
6833.0,3.391304347826087
6834.0,3.3478260869565215
6835.0,3.391304347826087
6836.0,3.3478260869565215
6837.0,3.391304347826087
6838.0,3.3478260869565215
6839.0,3.391304347826087
6840.0,3.391304347826087
6841.0,3.391304347826087
6842.0,3.3478260869565215
6843.0,3.3478260869565215
6844.0,3.3478260869565215
6845.0,3.3478260869565215
6846.0,3.3478260869565215
6847.0,3.391304347826087
6848.0,3.3478260869565215
6849.0,3.391304347826087
6850.0,3.391304347826087
6851.0,3.391304347826087
6852.0,3.391304347826087
6853.0,3.3478260869565215
6854.0,3.3478260869565215
6855.0,3.391304347826087
6856.0,3.3478260869565215
6857.0,3.3478260869565215
6858.0,3.3478260869565215
6859.0,3.3478260869565215
6860.0,3.3478260869565215
6861.0,3.391304347826087
6862.0,3.3478260869565215
6863.0,3.3478260869565215
6864.0,3.3478260869565215
6865.0,3.3478260869565215
6866.0,3.391304347826087
6867.0,3.391304347826087
6868.0,3.391304347826087
6869.0,3.3478260869565215
6870.0,3.3478260869565215
6871.0,3.3478260869565215
6872.0,3.391304347826087
6873.0,3.391304347826087
6874.0,3.391304347826087
6875.0,3.391304347826087
6876.0,3.391304347826087
6877.0,3.3478260869565215
6878.0,3.391304347826087
6879.0,3.3478260869565215
6880.0,3.391304347826087
6881.0,3.3478260869565215
6882.0,3.3478260869565215
6883.0,3.3478260869565215
6884.0,3.3478260869565215
6885.0,3.3478260869565215
6886.0,3.3478260869565215
6887.0,3.3478260869565215
6888.0,3.3478260869565215
6889.0,3.3478260869565215
6890.0,3.3478260869565215
6891.0,3.3478260869565215
6892.0,3.391304347826087
6893.0,3.3478260869565215
6894.0,3.3478260869565215
6895.0,3.3478260869565215
6896.0,3.391304347826087
6897.0,3.391304347826087
6898.0,3.391304347826087
6899.0,3.3478260869565215
6900.0,3.3478260869565215
6901.0,3.3478260869565215
6902.0,3.3478260869565215
6903.0,3.391304347826087
6904.0,3.3478260869565215
6905.0,3.391304347826087
6906.0,3.3478260869565215
6907.0,3.3478260869565215
6908.0,3.3478260869565215
6909.0,3.3478260869565215
6910.0,3.391304347826087
6911.0,3.3478260869565215
6912.0,3.3478260869565215
6913.0,3.3478260869565215
6914.0,3.3478260869565215
6915.0,3.3478260869565215
6916.0,3.3478260869565215
6917.0,3.3478260869565215
6918.0,3.3478260869565215
6919.0,3.3478260869565215
6920.0,3.3478260869565215
6921.0,3.3478260869565215
6922.0,3.3478260869565215
6923.0,3.3478260869565215
6924.0,3.391304347826087
6925.0,3.3478260869565215
6926.0,3.391304347826087
6927.0,3.3478260869565215
6928.0,3.3478260869565215
6929.0,3.3478260869565215
6930.0,3.391304347826087
6931.0,3.391304347826087
6932.0,3.391304347826087
6933.0,3.391304347826087
6934.0,3.3478260869565215
6935.0,3.3478260869565215
6936.0,3.3478260869565215
6937.0,3.3478260869565215
6938.0,3.3478260869565215
6939.0,3.391304347826087
6940.0,3.3478260869565215
6941.0,3.3478260869565215
6942.0,3.391304347826087
6943.0,3.3478260869565215
6944.0,3.3478260869565215
6945.0,3.3478260869565215
6946.0,3.3478260869565215
6947.0,3.3478260869565215
6948.0,3.3478260869565215
6949.0,3.391304347826087
6950.0,3.3478260869565215
6951.0,3.3478260869565215
6952.0,3.391304347826087
6953.0,3.3478260869565215
6954.0,3.3478260869565215
6955.0,3.3478260869565215
6956.0,3.3478260869565215
6957.0,3.3478260869565215
6958.0,3.391304347826087
6959.0,3.3478260869565215
6960.0,3.391304347826087
6961.0,3.391304347826087
6962.0,3.3478260869565215
6963.0,3.3478260869565215
6964.0,3.391304347826087
6965.0,3.3478260869565215
6966.0,3.3478260869565215
6967.0,3.3478260869565215
6968.0,3.3478260869565215
6969.0,3.3478260869565215
6970.0,3.3478260869565215
6971.0,3.3478260869565215
6972.0,3.3478260869565215
6973.0,3.391304347826087
6974.0,3.391304347826087
6975.0,3.3478260869565215
6976.0,3.3478260869565215
6977.0,3.3478260869565215
6978.0,3.3478260869565215
6979.0,3.3478260869565215
6980.0,3.3478260869565215
6981.0,3.3478260869565215
6982.0,3.3478260869565215
6983.0,3.3478260869565215
6984.0,3.3478260869565215
6985.0,3.391304347826087
6986.0,3.3478260869565215
6987.0,3.3478260869565215
6988.0,3.3478260869565215
6989.0,3.3478260869565215
6990.0,3.3478260869565215
6991.0,3.3478260869565215
6992.0,3.391304347826087
6993.0,3.3478260869565215
6994.0,3.3478260869565215
6995.0,3.3478260869565215
6996.0,3.3478260869565215
6997.0,3.3478260869565215
6998.0,3.391304347826087
6999.0,3.3478260869565215
7000.0,3.3478260869565215
7001.0,3.3478260869565215
7002.0,3.3478260869565215
7003.0,3.3478260869565215
7004.0,3.3478260869565215
7005.0,3.3478260869565215
7006.0,3.3478260869565215
7007.0,3.391304347826087
7008.0,3.3478260869565215
7009.0,3.391304347826087
7010.0,3.3478260869565215
7011.0,3.3478260869565215
7012.0,3.3478260869565215
7013.0,3.3478260869565215
7014.0,3.3478260869565215
7015.0,3.3478260869565215
7016.0,3.3478260869565215
7017.0,3.3478260869565215
7018.0,3.3478260869565215
7019.0,3.3478260869565215
7020.0,3.3478260869565215
7021.0,3.391304347826087
7022.0,3.3478260869565215
7023.0,3.3478260869565215
7024.0,3.3478260869565215
7025.0,3.3478260869565215
7026.0,3.3478260869565215
7027.0,3.391304347826087
7028.0,3.3478260869565215
7029.0,3.3478260869565215
7030.0,3.391304347826087
7031.0,3.3478260869565215
7032.0,3.3478260869565215
7033.0,3.391304347826087
7034.0,3.3478260869565215
7035.0,3.391304347826087
7036.0,3.391304347826087
7037.0,3.391304347826087
7038.0,3.391304347826087
7039.0,3.3478260869565215
7040.0,3.3478260869565215
7041.0,3.3478260869565215
7042.0,3.3478260869565215
7043.0,3.3478260869565215
7044.0,3.3478260869565215
7045.0,3.3478260869565215
7046.0,3.3478260869565215
7047.0,3.3478260869565215
7048.0,3.391304347826087
7049.0,3.3478260869565215
7050.0,3.3478260869565215
7051.0,3.391304347826087
7052.0,3.3478260869565215
7053.0,3.3478260869565215
7054.0,3.3478260869565215
7055.0,3.3478260869565215
7056.0,3.3478260869565215
7057.0,3.3478260869565215
7058.0,3.391304347826087
7059.0,3.3478260869565215
7060.0,3.3478260869565215
7061.0,3.3478260869565215
7062.0,3.3478260869565215
7063.0,3.3478260869565215
7064.0,3.3478260869565215
7065.0,3.3478260869565215
7066.0,3.3478260869565215
7067.0,3.3478260869565215
7068.0,3.3478260869565215
7069.0,3.391304347826087
7070.0,3.3478260869565215
7071.0,3.3478260869565215
7072.0,3.3478260869565215
7073.0,3.3478260869565215
7074.0,3.3478260869565215
7075.0,3.3478260869565215
7076.0,3.3478260869565215
7077.0,3.3478260869565215
7078.0,3.391304347826087
7079.0,3.3478260869565215
7080.0,3.3478260869565215
7081.0,3.3478260869565215
7082.0,3.3478260869565215
7083.0,3.3478260869565215
7084.0,3.391304347826087
7085.0,3.3478260869565215
7086.0,3.3478260869565215
7087.0,3.3478260869565215
7088.0,3.3478260869565215
7089.0,3.3478260869565215
7090.0,3.391304347826087
7091.0,3.3478260869565215
7092.0,3.3478260869565215
7093.0,3.3478260869565215
7094.0,3.3478260869565215
7095.0,3.3478260869565215
7096.0,3.3478260869565215
7097.0,3.3478260869565215
7098.0,3.3478260869565215
7099.0,3.3478260869565215
7100.0,3.3478260869565215
7101.0,3.391304347826087
7102.0,3.3478260869565215
7103.0,3.391304347826087
7104.0,3.3478260869565215
7105.0,3.391304347826087
7106.0,3.3478260869565215
7107.0,3.3478260869565215
7108.0,3.3478260869565215
7109.0,3.3478260869565215
7110.0,3.3478260869565215
7111.0,3.3478260869565215
7112.0,3.3478260869565215
7113.0,3.391304347826087
7114.0,3.3478260869565215
7115.0,3.3478260869565215
7116.0,3.3478260869565215
7117.0,3.3478260869565215
7118.0,3.3478260869565215
7119.0,3.391304347826087
7120.0,3.3478260869565215
7121.0,3.3478260869565215
7122.0,3.3478260869565215
7123.0,3.3478260869565215
7124.0,3.3478260869565215
7125.0,3.3478260869565215
7126.0,3.3478260869565215
7127.0,3.3478260869565215
7128.0,3.3478260869565215
7129.0,3.3478260869565215
7130.0,3.3478260869565215
7131.0,3.3478260869565215
7132.0,3.391304347826087
7133.0,3.3478260869565215
7134.0,3.3478260869565215
7135.0,3.3478260869565215
7136.0,3.3478260869565215
7137.0,3.3478260869565215
7138.0,3.3478260869565215
7139.0,3.3478260869565215
7140.0,3.3478260869565215
7141.0,3.3478260869565215
7142.0,3.391304347826087
7143.0,3.3478260869565215
7144.0,3.3478260869565215
7145.0,3.3478260869565215
7146.0,3.3478260869565215
7147.0,3.3478260869565215
7148.0,3.3478260869565215
7149.0,3.3478260869565215
7150.0,3.3478260869565215
7151.0,3.3478260869565215
7152.0,3.3478260869565215
7153.0,3.3478260869565215
7154.0,3.3478260869565215
7155.0,3.391304347826087
7156.0,3.3478260869565215
7157.0,3.3478260869565215
7158.0,3.3478260869565215
7159.0,3.3478260869565215
7160.0,3.391304347826087
7161.0,3.3478260869565215
7162.0,3.3478260869565215
7163.0,3.3478260869565215
7164.0,3.3478260869565215
7165.0,3.3478260869565215
7166.0,3.3478260869565215
7167.0,3.3478260869565215
7168.0,3.3478260869565215
7169.0,3.3478260869565215
7170.0,3.3478260869565215
7171.0,3.3478260869565215
7172.0,3.3478260869565215
7173.0,3.3478260869565215
7174.0,3.391304347826087
7175.0,3.3478260869565215
7176.0,3.3478260869565215
7177.0,3.3478260869565215
7178.0,3.3478260869565215
7179.0,3.3478260869565215
7180.0,3.391304347826087
7181.0,3.3478260869565215
7182.0,3.3478260869565215
7183.0,3.391304347826087
7184.0,3.3478260869565215
7185.0,3.391304347826087
7186.0,3.3478260869565215
7187.0,3.3478260869565215
7188.0,3.3478260869565215
7189.0,3.3478260869565215
7190.0,3.3478260869565215
7191.0,3.3478260869565215
7192.0,3.3478260869565215
7193.0,3.3478260869565215
7194.0,3.3478260869565215
7195.0,3.3478260869565215
7196.0,3.3478260869565215
7197.0,3.3478260869565215
7198.0,3.3478260869565215
7199.0,3.3478260869565215
7200.0,3.3478260869565215
7201.0,3.3478260869565215
7202.0,3.3478260869565215
7203.0,3.3478260869565215
7204.0,3.3478260869565215
7205.0,3.3478260869565215
7206.0,3.3478260869565215
7207.0,3.391304347826087
7208.0,3.3478260869565215
7209.0,3.3478260869565215
7210.0,3.3478260869565215
7211.0,3.3478260869565215
7212.0,3.3478260869565215
7213.0,3.391304347826087
7214.0,3.3478260869565215
7215.0,3.3478260869565215
7216.0,3.3478260869565215
7217.0,3.3478260869565215
7218.0,3.3478260869565215
7219.0,3.3478260869565215
7220.0,3.3478260869565215
7221.0,3.3478260869565215
7222.0,3.3478260869565215
7223.0,3.3478260869565215
7224.0,3.3478260869565215
7225.0,3.3478260869565215
7226.0,3.3478260869565215
7227.0,3.3478260869565215
7228.0,3.3478260869565215
7229.0,3.3478260869565215
7230.0,3.3478260869565215
7231.0,3.3478260869565215
7232.0,3.391304347826087
7233.0,3.391304347826087
7234.0,3.3478260869565215
7235.0,3.3478260869565215
7236.0,3.3478260869565215
7237.0,3.3478260869565215
7238.0,3.3478260869565215
7239.0,3.3478260869565215
7240.0,3.391304347826087
7241.0,3.3478260869565215
7242.0,3.3478260869565215
7243.0,3.3478260869565215
7244.0,3.3478260869565215
7245.0,3.3478260869565215
7246.0,3.3478260869565215
7247.0,3.3478260869565215
7248.0,3.3478260869565215
7249.0,3.3478260869565215
7250.0,3.3478260869565215
7251.0,3.391304347826087
7252.0,3.3478260869565215
7253.0,3.3478260869565215
7254.0,3.3478260869565215
7255.0,3.3478260869565215
7256.0,3.3478260869565215
7257.0,3.3478260869565215
7258.0,3.3478260869565215
7259.0,3.3478260869565215
7260.0,3.3478260869565215
7261.0,3.3478260869565215
7262.0,3.3478260869565215
7263.0,3.391304347826087
7264.0,3.3478260869565215
7265.0,3.3478260869565215
7266.0,3.3478260869565215
7267.0,3.3478260869565215
7268.0,3.3478260869565215
7269.0,3.3478260869565215
7270.0,3.3478260869565215
7271.0,3.3478260869565215
7272.0,3.3478260869565215
7273.0,3.3478260869565215
7274.0,3.3478260869565215
7275.0,3.3478260869565215
7276.0,3.3478260869565215
7277.0,3.3478260869565215
7278.0,3.3478260869565215
7279.0,3.3478260869565215
7280.0,3.3478260869565215
7281.0,3.3478260869565215
7282.0,3.3478260869565215
7283.0,3.3478260869565215
7284.0,3.3478260869565215
7285.0,3.3478260869565215
7286.0,3.3478260869565215
7287.0,3.3478260869565215
7288.0,3.3478260869565215
7289.0,3.3478260869565215
7290.0,3.3478260869565215
7291.0,3.3478260869565215
7292.0,3.3478260869565215
7293.0,3.3478260869565215
7294.0,3.3478260869565215
7295.0,3.3478260869565215
7296.0,3.3478260869565215
7297.0,3.3478260869565215
7298.0,3.391304347826087
7299.0,3.3478260869565215
7300.0,3.3478260869565215
7301.0,3.391304347826087
7302.0,3.3478260869565215
7303.0,3.3478260869565215
7304.0,3.3478260869565215
7305.0,3.3478260869565215
7306.0,3.3478260869565215
7307.0,3.3478260869565215
7308.0,3.3478260869565215
7309.0,3.3478260869565215
7310.0,3.391304347826087
7311.0,3.3478260869565215
7312.0,3.391304347826087
7313.0,3.3478260869565215
7314.0,3.3478260869565215
7315.0,3.3478260869565215
7316.0,3.3478260869565215
7317.0,3.391304347826087
7318.0,3.3478260869565215
7319.0,3.3478260869565215
7320.0,3.3478260869565215
7321.0,3.3478260869565215
7322.0,3.3478260869565215
7323.0,3.3478260869565215
7324.0,3.3478260869565215
7325.0,3.3478260869565215
7326.0,3.3478260869565215
7327.0,3.3478260869565215
7328.0,3.3478260869565215
7329.0,3.3478260869565215
7330.0,3.3478260869565215
7331.0,3.3478260869565215
7332.0,3.3478260869565215
7333.0,3.3478260869565215
7334.0,3.3478260869565215
7335.0,3.3478260869565215
7336.0,3.3478260869565215
7337.0,3.3478260869565215
7338.0,3.3478260869565215
7339.0,3.3478260869565215
7340.0,3.3478260869565215
7341.0,3.3478260869565215
7342.0,3.3478260869565215
7343.0,3.3478260869565215
7344.0,3.3478260869565215
7345.0,3.3478260869565215
7346.0,3.3478260869565215
7347.0,3.3478260869565215
7348.0,3.3478260869565215
7349.0,3.3478260869565215
7350.0,3.3478260869565215
7351.0,3.3478260869565215
7352.0,3.3478260869565215
7353.0,3.3478260869565215
7354.0,3.3478260869565215
7355.0,3.3478260869565215
7356.0,3.3478260869565215
7357.0,3.3478260869565215
7358.0,3.3478260869565215
7359.0,3.3478260869565215
7360.0,3.3478260869565215
7361.0,3.3478260869565215
7362.0,3.3478260869565215
7363.0,3.3478260869565215
7364.0,3.3478260869565215
7365.0,3.3478260869565215
7366.0,3.3478260869565215
7367.0,3.3478260869565215
7368.0,3.3478260869565215
7369.0,3.3478260869565215
7370.0,3.3478260869565215
7371.0,3.3478260869565215
7372.0,3.391304347826087
7373.0,3.3478260869565215
7374.0,3.3478260869565215
7375.0,3.3478260869565215
7376.0,3.3478260869565215
7377.0,3.3478260869565215
7378.0,3.3478260869565215
7379.0,3.3478260869565215
7380.0,3.391304347826087
7381.0,3.3478260869565215
7382.0,3.3478260869565215
7383.0,3.3478260869565215
7384.0,3.3478260869565215
7385.0,3.3478260869565215
7386.0,3.3478260869565215
7387.0,3.3478260869565215
7388.0,3.3478260869565215
7389.0,3.3478260869565215
7390.0,3.3478260869565215
7391.0,3.3478260869565215
7392.0,3.3478260869565215
7393.0,3.3478260869565215
7394.0,3.3478260869565215
7395.0,3.3478260869565215
7396.0,3.3478260869565215
7397.0,3.3478260869565215
7398.0,3.3478260869565215
7399.0,3.3478260869565215
7400.0,3.3478260869565215
7401.0,3.3478260869565215
7402.0,3.3478260869565215
7403.0,3.3478260869565215
7404.0,3.3478260869565215
7405.0,3.3478260869565215
7406.0,3.3478260869565215
7407.0,3.3478260869565215
7408.0,3.3478260869565215
7409.0,3.3478260869565215
7410.0,3.3478260869565215
7411.0,3.3478260869565215
7412.0,3.3478260869565215
7413.0,3.3478260869565215
7414.0,3.3478260869565215
7415.0,3.3478260869565215
7416.0,3.3478260869565215
7417.0,3.3478260869565215
7418.0,3.3478260869565215
7419.0,3.3478260869565215
7420.0,3.3478260869565215
7421.0,3.3478260869565215
7422.0,3.3478260869565215
7423.0,3.391304347826087
7424.0,3.3478260869565215
7425.0,3.3478260869565215
7426.0,3.3478260869565215
7427.0,3.3478260869565215
7428.0,3.3478260869565215
7429.0,3.3478260869565215
7430.0,3.391304347826087
7431.0,3.3478260869565215
7432.0,3.3478260869565215
7433.0,3.3478260869565215
7434.0,3.3478260869565215
7435.0,3.3478260869565215
7436.0,3.3478260869565215
7437.0,3.3478260869565215
7438.0,3.3478260869565215
7439.0,3.3478260869565215
7440.0,3.3478260869565215
7441.0,3.3478260869565215
7442.0,3.3478260869565215
7443.0,3.3478260869565215
7444.0,3.3478260869565215
7445.0,3.3478260869565215
7446.0,3.3478260869565215
7447.0,3.3478260869565215
7448.0,3.3478260869565215
7449.0,3.3478260869565215
7450.0,3.3478260869565215
7451.0,3.3478260869565215
7452.0,3.3478260869565215
7453.0,3.3478260869565215
7454.0,3.3478260869565215
7455.0,3.391304347826087
7456.0,3.3478260869565215
7457.0,3.3478260869565215
7458.0,3.3478260869565215
7459.0,3.3478260869565215
7460.0,3.3478260869565215
7461.0,3.3478260869565215
7462.0,3.3478260869565215
7463.0,3.3478260869565215
7464.0,3.3478260869565215
7465.0,3.3478260869565215
7466.0,3.3478260869565215
7467.0,3.3478260869565215
7468.0,3.3478260869565215
7469.0,3.3478260869565215
7470.0,3.3478260869565215
7471.0,3.391304347826087
7472.0,3.3478260869565215
7473.0,3.3478260869565215
7474.0,3.3478260869565215
7475.0,3.3478260869565215
7476.0,3.3478260869565215
7477.0,3.3478260869565215
7478.0,3.3478260869565215
7479.0,3.3478260869565215
7480.0,3.3478260869565215
7481.0,3.3478260869565215
7482.0,3.3478260869565215
7483.0,3.3478260869565215
7484.0,3.3478260869565215
7485.0,3.3478260869565215
7486.0,3.3478260869565215
7487.0,3.3478260869565215
7488.0,3.3478260869565215
7489.0,3.3478260869565215
7490.0,3.3478260869565215
7491.0,3.391304347826087
7492.0,3.3478260869565215
7493.0,3.3478260869565215
7494.0,3.3478260869565215
7495.0,3.3478260869565215
7496.0,3.3478260869565215
7497.0,3.391304347826087
7498.0,3.3478260869565215
7499.0,3.3478260869565215
7500.0,3.3478260869565215
7501.0,3.3478260869565215
7502.0,3.3478260869565215
7503.0,3.3478260869565215
7504.0,3.3478260869565215
7505.0,3.3478260869565215
7506.0,3.3478260869565215
7507.0,3.3478260869565215
7508.0,3.391304347826087
7509.0,3.3478260869565215
7510.0,3.3478260869565215
7511.0,3.3478260869565215
7512.0,3.3478260869565215
7513.0,3.3478260869565215
7514.0,3.3478260869565215
7515.0,3.3478260869565215
7516.0,3.3478260869565215
7517.0,3.3478260869565215
7518.0,3.3478260869565215
7519.0,3.3478260869565215
7520.0,3.3478260869565215
7521.0,3.3478260869565215
7522.0,3.3478260869565215
7523.0,3.3478260869565215
7524.0,3.3478260869565215
7525.0,3.3478260869565215
7526.0,3.3478260869565215
7527.0,3.391304347826087
7528.0,3.3478260869565215
7529.0,3.3478260869565215
7530.0,3.3478260869565215
7531.0,3.3478260869565215
7532.0,3.3478260869565215
7533.0,3.3478260869565215
7534.0,3.3478260869565215
7535.0,3.3478260869565215
7536.0,3.3478260869565215
7537.0,3.3478260869565215
7538.0,3.3478260869565215
7539.0,3.3478260869565215
7540.0,3.3478260869565215
7541.0,3.3478260869565215
7542.0,3.3478260869565215
7543.0,3.3478260869565215
7544.0,3.3478260869565215
7545.0,3.3478260869565215
7546.0,3.3478260869565215
7547.0,3.3478260869565215
7548.0,3.3478260869565215
7549.0,3.3478260869565215
7550.0,3.391304347826087
7551.0,3.3478260869565215
7552.0,3.3478260869565215
7553.0,3.3478260869565215
7554.0,3.3478260869565215
7555.0,3.391304347826087
7556.0,3.3478260869565215
7557.0,3.3478260869565215
7558.0,3.3478260869565215
7559.0,3.3478260869565215
7560.0,3.3478260869565215
7561.0,3.3478260869565215
7562.0,3.3478260869565215
7563.0,3.3478260869565215
7564.0,3.391304347826087
7565.0,3.3478260869565215
7566.0,3.3478260869565215
7567.0,3.391304347826087
7568.0,3.3478260869565215
7569.0,3.391304347826087
7570.0,3.3478260869565215
7571.0,3.3478260869565215
7572.0,3.3478260869565215
7573.0,3.3478260869565215
7574.0,3.391304347826087
7575.0,3.3478260869565215
7576.0,3.3478260869565215
7577.0,3.3478260869565215
7578.0,3.3478260869565215
7579.0,3.3478260869565215
7580.0,3.3478260869565215
7581.0,3.3478260869565215
7582.0,3.3478260869565215
7583.0,3.3478260869565215
7584.0,3.3478260869565215
7585.0,3.391304347826087
7586.0,3.3478260869565215
7587.0,3.3478260869565215
7588.0,3.3478260869565215
7589.0,3.3478260869565215
7590.0,3.3478260869565215
7591.0,3.3478260869565215
7592.0,3.3478260869565215
7593.0,3.3478260869565215
7594.0,3.3478260869565215
7595.0,3.3478260869565215
7596.0,3.3478260869565215
7597.0,3.391304347826087
7598.0,3.391304347826087
7599.0,3.3478260869565215
7600.0,3.3478260869565215
7601.0,3.3478260869565215
7602.0,3.3478260869565215
7603.0,3.3478260869565215
7604.0,3.3478260869565215
7605.0,3.3478260869565215
7606.0,3.3478260869565215
7607.0,3.3478260869565215
7608.0,3.391304347826087
7609.0,3.3478260869565215
7610.0,3.3478260869565215
7611.0,3.391304347826087
7612.0,3.3478260869565215
7613.0,3.3478260869565215
7614.0,3.3478260869565215
7615.0,3.3478260869565215
7616.0,3.3478260869565215
7617.0,3.3478260869565215
7618.0,3.3478260869565215
7619.0,3.3478260869565215
7620.0,3.3478260869565215
7621.0,3.391304347826087
7622.0,3.3478260869565215
7623.0,3.391304347826087
7624.0,3.3478260869565215
7625.0,3.3478260869565215
7626.0,3.3478260869565215
7627.0,3.3478260869565215
7628.0,3.3478260869565215
7629.0,3.3478260869565215
7630.0,3.3478260869565215
7631.0,3.3478260869565215
7632.0,3.3478260869565215
7633.0,3.3478260869565215
7634.0,3.3478260869565215
7635.0,3.3478260869565215
7636.0,3.3478260869565215
7637.0,3.3478260869565215
7638.0,3.3478260869565215
7639.0,3.3478260869565215
7640.0,3.391304347826087
7641.0,3.3478260869565215
7642.0,3.3478260869565215
7643.0,3.3478260869565215
7644.0,3.3478260869565215
7645.0,3.3478260869565215
7646.0,3.3478260869565215
7647.0,3.3478260869565215
7648.0,3.3478260869565215
7649.0,3.3478260869565215
7650.0,3.3478260869565215
7651.0,3.3478260869565215
7652.0,3.3478260869565215
7653.0,3.3478260869565215
7654.0,3.3478260869565215
7655.0,3.3478260869565215
7656.0,3.3478260869565215
7657.0,3.3478260869565215
7658.0,3.3478260869565215
7659.0,3.3478260869565215
7660.0,3.3478260869565215
7661.0,3.3478260869565215
7662.0,3.3478260869565215
7663.0,3.3478260869565215
7664.0,3.3478260869565215
7665.0,3.3478260869565215
7666.0,3.3478260869565215
7667.0,3.391304347826087
7668.0,3.3478260869565215
7669.0,3.3478260869565215
7670.0,3.3478260869565215
7671.0,3.3478260869565215
7672.0,3.3478260869565215
7673.0,3.3478260869565215
7674.0,3.3478260869565215
7675.0,3.3478260869565215
7676.0,3.3478260869565215
7677.0,3.3478260869565215
7678.0,3.3478260869565215
7679.0,3.3478260869565215
7680.0,3.3478260869565215
7681.0,3.3478260869565215
7682.0,3.3478260869565215
7683.0,3.3478260869565215
7684.0,3.3478260869565215
7685.0,3.3478260869565215
7686.0,3.3478260869565215
7687.0,3.3478260869565215
7688.0,3.3478260869565215
7689.0,3.3478260869565215
7690.0,3.3478260869565215
7691.0,3.3478260869565215
7692.0,3.3478260869565215
7693.0,3.3478260869565215
7694.0,3.3478260869565215
7695.0,3.3478260869565215
7696.0,3.3478260869565215
7697.0,3.3478260869565215
7698.0,3.3478260869565215
7699.0,3.3478260869565215
7700.0,3.3478260869565215
7701.0,3.3478260869565215
7702.0,3.3478260869565215
7703.0,3.391304347826087
7704.0,3.3478260869565215
7705.0,3.3478260869565215
7706.0,3.3478260869565215
7707.0,3.391304347826087
7708.0,3.3478260869565215
7709.0,3.3478260869565215
7710.0,3.3478260869565215
7711.0,3.3478260869565215
7712.0,3.3478260869565215
7713.0,3.3478260869565215
7714.0,3.3478260869565215
7715.0,3.3478260869565215
7716.0,3.3478260869565215
7717.0,3.3478260869565215
7718.0,3.3478260869565215
7719.0,3.3478260869565215
7720.0,3.3478260869565215
7721.0,3.3478260869565215
7722.0,3.3478260869565215
7723.0,3.3478260869565215
7724.0,3.3478260869565215
7725.0,3.3478260869565215
7726.0,3.3478260869565215
7727.0,3.3478260869565215
7728.0,3.3478260869565215
7729.0,3.3478260869565215
7730.0,3.3478260869565215
7731.0,3.3478260869565215
7732.0,3.3478260869565215
7733.0,3.3478260869565215
7734.0,3.3478260869565215
7735.0,3.3478260869565215
7736.0,3.3478260869565215
7737.0,3.3478260869565215
7738.0,3.3478260869565215
7739.0,3.3478260869565215
7740.0,3.3478260869565215
7741.0,3.3478260869565215
7742.0,3.391304347826087
7743.0,3.3478260869565215
7744.0,3.3478260869565215
7745.0,3.3478260869565215
7746.0,3.3478260869565215
7747.0,3.3478260869565215
7748.0,3.3478260869565215
7749.0,3.3478260869565215
7750.0,3.3478260869565215
7751.0,3.3478260869565215
7752.0,3.3478260869565215
7753.0,3.3478260869565215
7754.0,3.3478260869565215
7755.0,3.3478260869565215
7756.0,3.3478260869565215
7757.0,3.3478260869565215
7758.0,3.3478260869565215
7759.0,3.3478260869565215
7760.0,3.3478260869565215
7761.0,3.3478260869565215
7762.0,3.3478260869565215
7763.0,3.3478260869565215
7764.0,3.3478260869565215
7765.0,3.3478260869565215
7766.0,3.3478260869565215
7767.0,3.3478260869565215
7768.0,3.3478260869565215
7769.0,3.3478260869565215
7770.0,3.3478260869565215
7771.0,3.3478260869565215
7772.0,3.3478260869565215
7773.0,3.3478260869565215
7774.0,3.3478260869565215
7775.0,3.3478260869565215
7776.0,3.391304347826087
7777.0,3.3478260869565215
7778.0,3.3478260869565215
7779.0,3.3478260869565215
7780.0,3.3478260869565215
7781.0,3.3478260869565215
7782.0,3.3478260869565215
7783.0,3.3478260869565215
7784.0,3.3478260869565215
7785.0,3.3478260869565215
7786.0,3.3478260869565215
7787.0,3.3478260869565215
7788.0,3.3478260869565215
7789.0,3.3478260869565215
7790.0,3.3478260869565215
7791.0,3.3478260869565215
7792.0,3.3478260869565215
7793.0,3.3478260869565215
7794.0,3.3478260869565215
7795.0,3.3478260869565215
7796.0,3.3478260869565215
7797.0,3.3478260869565215
7798.0,3.3478260869565215
7799.0,3.3478260869565215
7800.0,3.3478260869565215
7801.0,3.3478260869565215
7802.0,3.3478260869565215
7803.0,3.3478260869565215
7804.0,3.3478260869565215
7805.0,3.3478260869565215
7806.0,3.3478260869565215
7807.0,3.3478260869565215
7808.0,3.3478260869565215
7809.0,3.3478260869565215
7810.0,3.3478260869565215
7811.0,3.3478260869565215
7812.0,3.3478260869565215
7813.0,3.3478260869565215
7814.0,3.3478260869565215
7815.0,3.391304347826087
7816.0,3.3478260869565215
7817.0,3.3478260869565215
7818.0,3.3478260869565215
7819.0,3.3478260869565215
7820.0,3.3478260869565215
7821.0,3.3478260869565215
7822.0,3.3478260869565215
7823.0,3.3478260869565215
7824.0,3.3478260869565215
7825.0,3.3478260869565215
7826.0,3.3478260869565215
7827.0,3.3478260869565215
7828.0,3.3478260869565215
7829.0,3.3478260869565215
7830.0,3.3478260869565215
7831.0,3.3478260869565215
7832.0,3.3478260869565215
7833.0,3.3478260869565215
7834.0,3.3478260869565215
7835.0,3.3478260869565215
7836.0,3.3478260869565215
7837.0,3.3478260869565215
7838.0,3.3478260869565215
7839.0,3.3478260869565215
7840.0,3.3478260869565215
7841.0,3.3478260869565215
7842.0,3.391304347826087
7843.0,3.3478260869565215
7844.0,3.3478260869565215
7845.0,3.3478260869565215
7846.0,3.3478260869565215
7847.0,3.3478260869565215
7848.0,3.3478260869565215
7849.0,3.3478260869565215
7850.0,3.3478260869565215
7851.0,3.3478260869565215
7852.0,3.3478260869565215
7853.0,3.3478260869565215
7854.0,3.3478260869565215
7855.0,3.3478260869565215
7856.0,3.3478260869565215
7857.0,3.3478260869565215
7858.0,3.3478260869565215
7859.0,3.3478260869565215
7860.0,3.3478260869565215
7861.0,3.3478260869565215
7862.0,3.3478260869565215
7863.0,3.3478260869565215
7864.0,3.3478260869565215
7865.0,3.3478260869565215
7866.0,3.3478260869565215
7867.0,3.3478260869565215
7868.0,3.3478260869565215
7869.0,3.3478260869565215
7870.0,3.3478260869565215
7871.0,3.3478260869565215
7872.0,3.3478260869565215
7873.0,3.3478260869565215
7874.0,3.3478260869565215
7875.0,3.3478260869565215
7876.0,3.3478260869565215
7877.0,3.3478260869565215
7878.0,3.3478260869565215
7879.0,3.3478260869565215
7880.0,3.3478260869565215
7881.0,3.3478260869565215
7882.0,3.3478260869565215
7883.0,3.3478260869565215
7884.0,3.3478260869565215
7885.0,3.3478260869565215
7886.0,3.3478260869565215
7887.0,3.3478260869565215
7888.0,3.3478260869565215
7889.0,3.3478260869565215
7890.0,3.3478260869565215
7891.0,3.3478260869565215
7892.0,3.3478260869565215
7893.0,3.3478260869565215
7894.0,3.3478260869565215
7895.0,3.3478260869565215
7896.0,3.3478260869565215
7897.0,3.3478260869565215
7898.0,3.3478260869565215
7899.0,3.3478260869565215
7900.0,3.3478260869565215
7901.0,3.3478260869565215
7902.0,3.3478260869565215
7903.0,3.3478260869565215
7904.0,3.3478260869565215
7905.0,3.3478260869565215
7906.0,3.3478260869565215
7907.0,3.3478260869565215
7908.0,3.3478260869565215
7909.0,3.3478260869565215
7910.0,3.3478260869565215
7911.0,3.3478260869565215
7912.0,3.3478260869565215
7913.0,3.3478260869565215
7914.0,3.3478260869565215
7915.0,3.3478260869565215
7916.0,3.3478260869565215
7917.0,3.3478260869565215
7918.0,3.3478260869565215
7919.0,3.3478260869565215
7920.0,3.3478260869565215
7921.0,3.3478260869565215
7922.0,3.3478260869565215
7923.0,3.3478260869565215
7924.0,3.3478260869565215
7925.0,3.3478260869565215
7926.0,3.3478260869565215
7927.0,3.3478260869565215
7928.0,3.3478260869565215
7929.0,3.3478260869565215
7930.0,3.3478260869565215
7931.0,3.3478260869565215
7932.0,3.3478260869565215
7933.0,3.3478260869565215
7934.0,3.3478260869565215
7935.0,3.3478260869565215
7936.0,3.3478260869565215
7937.0,3.3478260869565215
7938.0,3.3478260869565215
7939.0,3.3478260869565215
7940.0,3.3478260869565215
7941.0,3.3478260869565215
7942.0,3.3478260869565215
7943.0,3.3478260869565215
7944.0,3.3478260869565215
7945.0,3.3478260869565215
7946.0,3.3478260869565215
7947.0,3.3478260869565215
7948.0,3.3478260869565215
7949.0,3.3478260869565215
7950.0,3.3478260869565215
7951.0,3.3478260869565215
7952.0,3.3478260869565215
7953.0,3.3478260869565215
7954.0,3.3478260869565215
7955.0,3.3478260869565215
7956.0,3.3478260869565215
7957.0,3.3478260869565215
7958.0,3.3478260869565215
7959.0,3.3478260869565215
7960.0,3.3478260869565215
7961.0,3.3478260869565215
7962.0,3.3478260869565215
7963.0,3.3478260869565215
7964.0,3.3478260869565215
7965.0,3.3478260869565215
7966.0,3.3478260869565215
7967.0,3.3478260869565215
7968.0,3.3478260869565215
7969.0,3.3478260869565215
7970.0,3.3478260869565215
7971.0,3.3478260869565215
7972.0,3.3478260869565215
7973.0,3.3478260869565215
7974.0,3.3478260869565215
7975.0,3.3478260869565215
7976.0,3.3478260869565215
7977.0,3.3478260869565215
7978.0,3.3478260869565215
7979.0,3.3478260869565215
7980.0,3.3478260869565215
7981.0,3.3478260869565215
7982.0,3.3478260869565215
7983.0,3.3478260869565215
7984.0,3.3478260869565215
7985.0,3.3478260869565215
7986.0,3.3478260869565215
7987.0,3.3478260869565215
7988.0,3.3478260869565215
7989.0,3.3478260869565215
7990.0,3.3478260869565215
7991.0,3.3478260869565215
7992.0,3.3478260869565215
7993.0,3.3478260869565215
7994.0,3.3478260869565215
7995.0,3.3478260869565215
7996.0,3.3478260869565215
7997.0,3.3478260869565215
7998.0,3.3478260869565215
7999.0,3.3478260869565215
8000.0,3.3478260869565215
8001.0,3.3478260869565215
8002.0,3.3478260869565215
8003.0,3.3478260869565215
8004.0,3.3478260869565215
8005.0,3.3478260869565215
8006.0,3.3478260869565215
8007.0,3.3478260869565215
8008.0,3.3478260869565215
8009.0,3.3478260869565215
8010.0,3.3478260869565215
8011.0,3.3478260869565215
8012.0,3.3478260869565215
8013.0,3.3478260869565215
8014.0,3.3478260869565215
8015.0,3.3478260869565215
8016.0,3.3478260869565215
8017.0,3.391304347826087
8018.0,3.3478260869565215
8019.0,3.3478260869565215
8020.0,3.3478260869565215
8021.0,3.3478260869565215
8022.0,3.3478260869565215
8023.0,3.3478260869565215
8024.0,3.3478260869565215
8025.0,3.3478260869565215
8026.0,3.3478260869565215
8027.0,3.3478260869565215
8028.0,3.3478260869565215
8029.0,3.3478260869565215
8030.0,3.3478260869565215
8031.0,3.3478260869565215
8032.0,3.3478260869565215
8033.0,3.3478260869565215
8034.0,3.3478260869565215
8035.0,3.3478260869565215
8036.0,3.3478260869565215
8037.0,3.3478260869565215
8038.0,3.3478260869565215
8039.0,3.3478260869565215
8040.0,3.3478260869565215
8041.0,3.3478260869565215
8042.0,3.3478260869565215
8043.0,3.3478260869565215
8044.0,3.3478260869565215
8045.0,3.3478260869565215
8046.0,3.3478260869565215
8047.0,3.3478260869565215
8048.0,3.3478260869565215
8049.0,3.3478260869565215
8050.0,3.3478260869565215
8051.0,3.3478260869565215
8052.0,3.3478260869565215
8053.0,3.3478260869565215
8054.0,3.3478260869565215
8055.0,3.3478260869565215
8056.0,3.3478260869565215
8057.0,3.3478260869565215
8058.0,3.3478260869565215
8059.0,3.3478260869565215
8060.0,3.3478260869565215
8061.0,3.3478260869565215
8062.0,3.3478260869565215
8063.0,3.3478260869565215
8064.0,3.3478260869565215
8065.0,3.3478260869565215
8066.0,3.3478260869565215
8067.0,3.3478260869565215
8068.0,3.3478260869565215
8069.0,3.3478260869565215
8070.0,3.3478260869565215
8071.0,3.3478260869565215
8072.0,3.3478260869565215
8073.0,3.391304347826087
8074.0,3.3478260869565215
8075.0,3.3478260869565215
8076.0,3.3478260869565215
8077.0,3.3478260869565215
8078.0,3.3478260869565215
8079.0,3.3478260869565215
8080.0,3.3478260869565215
8081.0,3.3478260869565215
8082.0,3.3478260869565215
8083.0,3.3478260869565215
8084.0,3.3478260869565215
8085.0,3.3478260869565215
8086.0,3.3478260869565215
8087.0,3.391304347826087
8088.0,3.3478260869565215
8089.0,3.3478260869565215
8090.0,3.3478260869565215
8091.0,3.3478260869565215
8092.0,3.3478260869565215
8093.0,3.3478260869565215
8094.0,3.3478260869565215
8095.0,3.3478260869565215
8096.0,3.3478260869565215
8097.0,3.3478260869565215
8098.0,3.3478260869565215
8099.0,3.3478260869565215
8100.0,3.3478260869565215
8101.0,3.3478260869565215
8102.0,3.3478260869565215
8103.0,3.3478260869565215
8104.0,3.3478260869565215
8105.0,3.3478260869565215
8106.0,3.3478260869565215
8107.0,3.3478260869565215
8108.0,3.3478260869565215
8109.0,3.3478260869565215
8110.0,3.3478260869565215
8111.0,3.3478260869565215
8112.0,3.391304347826087
8113.0,3.3478260869565215
8114.0,3.3478260869565215
8115.0,3.3478260869565215
8116.0,3.3478260869565215
8117.0,3.3478260869565215
8118.0,3.3478260869565215
8119.0,3.3478260869565215
8120.0,3.3478260869565215
8121.0,3.3478260869565215
8122.0,3.3478260869565215
8123.0,3.3478260869565215
8124.0,3.3478260869565215
8125.0,3.3478260869565215
8126.0,3.3478260869565215
8127.0,3.3478260869565215
8128.0,3.3478260869565215
8129.0,3.3478260869565215
8130.0,3.3478260869565215
8131.0,3.3478260869565215
8132.0,3.3478260869565215
8133.0,3.3478260869565215
8134.0,3.3478260869565215
8135.0,3.3478260869565215
8136.0,3.3478260869565215
8137.0,3.3478260869565215
8138.0,3.3478260869565215
8139.0,3.3478260869565215
8140.0,3.3478260869565215
8141.0,3.3478260869565215
8142.0,3.3478260869565215
8143.0,3.3478260869565215
8144.0,3.3478260869565215
8145.0,3.3478260869565215
8146.0,3.3478260869565215
8147.0,3.3478260869565215
8148.0,3.3478260869565215
8149.0,3.3478260869565215
8150.0,3.3478260869565215
8151.0,3.3478260869565215
8152.0,3.3478260869565215
8153.0,3.3478260869565215
8154.0,3.3478260869565215
8155.0,3.3478260869565215
8156.0,3.3478260869565215
8157.0,3.3478260869565215
8158.0,3.3478260869565215
8159.0,3.3478260869565215
8160.0,3.3478260869565215
8161.0,3.3478260869565215
8162.0,3.3478260869565215
8163.0,3.3478260869565215
8164.0,3.3478260869565215
8165.0,3.3478260869565215
8166.0,3.3478260869565215
8167.0,3.3478260869565215
8168.0,3.3478260869565215
8169.0,3.3478260869565215
8170.0,3.3478260869565215
8171.0,3.3478260869565215
8172.0,3.3478260869565215
8173.0,3.3478260869565215
8174.0,3.3478260869565215
8175.0,3.3478260869565215
8176.0,3.3478260869565215
8177.0,3.3478260869565215
8178.0,3.3478260869565215
8179.0,3.3478260869565215
8180.0,3.3478260869565215
8181.0,3.3478260869565215
8182.0,3.3478260869565215
8183.0,3.3478260869565215
8184.0,3.3478260869565215
8185.0,3.3478260869565215
8186.0,3.3478260869565215
8187.0,3.3478260869565215
8188.0,3.3478260869565215
8189.0,3.3478260869565215
8190.0,3.3478260869565215
8191.0,3.3478260869565215
8192.0,3.3478260869565215
8193.0,3.3478260869565215
8194.0,3.3478260869565215
8195.0,3.3478260869565215
8196.0,3.3478260869565215
8197.0,3.3478260869565215
8198.0,3.3478260869565215
8199.0,3.3478260869565215
8200.0,3.3478260869565215
8201.0,3.3478260869565215
8202.0,3.3478260869565215
8203.0,3.3478260869565215
8204.0,3.3478260869565215
8205.0,3.3478260869565215
8206.0,3.3478260869565215
8207.0,3.3478260869565215
8208.0,3.3478260869565215
8209.0,3.391304347826087
8210.0,3.3478260869565215
8211.0,3.3478260869565215
8212.0,3.3478260869565215
8213.0,3.3478260869565215
8214.0,3.3478260869565215
8215.0,3.3478260869565215
8216.0,3.3478260869565215
8217.0,3.3478260869565215
8218.0,3.3478260869565215
8219.0,3.3478260869565215
8220.0,3.3478260869565215
8221.0,3.3478260869565215
8222.0,3.3478260869565215
8223.0,3.3478260869565215
8224.0,3.3478260869565215
8225.0,3.3478260869565215
8226.0,3.3478260869565215
8227.0,3.3478260869565215
8228.0,3.3478260869565215
8229.0,3.3478260869565215
8230.0,3.3478260869565215
8231.0,3.3478260869565215
8232.0,3.3478260869565215
8233.0,3.3478260869565215
8234.0,3.3478260869565215
8235.0,3.3478260869565215
8236.0,3.3478260869565215
8237.0,3.3478260869565215
8238.0,3.3478260869565215
8239.0,3.3478260869565215
8240.0,3.3478260869565215
8241.0,3.3478260869565215
8242.0,3.3478260869565215
8243.0,3.3478260869565215
8244.0,3.3478260869565215
8245.0,3.3478260869565215
8246.0,3.3478260869565215
8247.0,3.391304347826087
8248.0,3.3478260869565215
8249.0,3.3478260869565215
8250.0,3.3478260869565215
8251.0,3.3478260869565215
8252.0,3.3478260869565215
8253.0,3.3478260869565215
8254.0,3.3478260869565215
8255.0,3.3478260869565215
8256.0,3.3478260869565215
8257.0,3.3478260869565215
8258.0,3.3478260869565215
8259.0,3.3478260869565215
8260.0,3.3478260869565215
8261.0,3.3478260869565215
8262.0,3.3478260869565215
8263.0,3.3478260869565215
8264.0,3.3478260869565215
8265.0,3.3478260869565215
8266.0,3.3478260869565215
8267.0,3.3478260869565215
8268.0,3.3478260869565215
8269.0,3.3478260869565215
8270.0,3.3478260869565215
8271.0,3.3478260869565215
8272.0,3.3478260869565215
8273.0,3.3478260869565215
8274.0,3.3478260869565215
8275.0,3.3478260869565215
8276.0,3.3478260869565215
8277.0,3.3478260869565215
8278.0,3.3478260869565215
8279.0,3.3478260869565215
8280.0,3.3478260869565215
8281.0,3.3478260869565215
8282.0,3.3478260869565215
8283.0,3.3478260869565215
8284.0,3.3478260869565215
8285.0,3.3478260869565215
8286.0,3.3478260869565215
8287.0,3.3478260869565215
8288.0,3.3478260869565215
8289.0,3.3478260869565215
8290.0,3.3478260869565215
8291.0,3.3478260869565215
8292.0,3.3478260869565215
8293.0,3.3478260869565215
8294.0,3.3478260869565215
8295.0,3.3478260869565215
8296.0,3.3478260869565215
8297.0,3.3478260869565215
8298.0,3.3478260869565215
8299.0,3.3478260869565215
8300.0,3.3478260869565215
8301.0,3.3478260869565215
8302.0,3.3478260869565215
8303.0,3.3478260869565215
8304.0,3.3478260869565215
8305.0,3.3478260869565215
8306.0,3.3478260869565215
8307.0,3.3478260869565215
8308.0,3.3478260869565215
8309.0,3.3478260869565215
8310.0,3.3478260869565215
8311.0,3.3478260869565215
8312.0,3.3478260869565215
8313.0,3.3478260869565215
8314.0,3.3478260869565215
8315.0,3.3478260869565215
8316.0,3.3478260869565215
8317.0,3.3478260869565215
8318.0,3.3478260869565215
8319.0,3.3478260869565215
8320.0,3.3478260869565215
8321.0,3.3478260869565215
8322.0,3.3478260869565215
8323.0,3.3478260869565215
8324.0,3.3478260869565215
8325.0,3.3478260869565215
8326.0,3.3478260869565215
8327.0,3.3478260869565215
8328.0,3.3478260869565215
8329.0,3.3478260869565215
8330.0,3.3478260869565215
8331.0,3.3478260869565215
8332.0,3.3478260869565215
8333.0,3.3478260869565215
8334.0,3.3478260869565215
8335.0,3.3478260869565215
8336.0,3.3478260869565215
8337.0,3.3478260869565215
8338.0,3.3478260869565215
8339.0,3.3478260869565215
8340.0,3.3478260869565215
8341.0,3.3478260869565215
8342.0,3.3478260869565215
8343.0,3.3478260869565215
8344.0,3.3478260869565215
8345.0,3.3478260869565215
8346.0,3.3478260869565215
8347.0,3.3478260869565215
8348.0,3.3478260869565215
8349.0,3.3478260869565215
8350.0,3.391304347826087
8351.0,3.3478260869565215
8352.0,3.3478260869565215
8353.0,3.3478260869565215
8354.0,3.3478260869565215
8355.0,3.3478260869565215
8356.0,3.3478260869565215
8357.0,3.3478260869565215
8358.0,3.3478260869565215
8359.0,3.3478260869565215
8360.0,3.3478260869565215
8361.0,3.3478260869565215
8362.0,3.3478260869565215
8363.0,3.3478260869565215
8364.0,3.3478260869565215
8365.0,3.3478260869565215
8366.0,3.3478260869565215
8367.0,3.3478260869565215
8368.0,3.3478260869565215
8369.0,3.3478260869565215
8370.0,3.3478260869565215
8371.0,3.3478260869565215
8372.0,3.3478260869565215
8373.0,3.3478260869565215
8374.0,3.3478260869565215
8375.0,3.3478260869565215
8376.0,3.391304347826087
8377.0,3.3478260869565215
8378.0,3.3478260869565215
8379.0,3.3478260869565215
8380.0,3.3478260869565215
8381.0,3.3478260869565215
8382.0,3.3478260869565215
8383.0,3.3478260869565215
8384.0,3.3478260869565215
8385.0,3.3478260869565215
8386.0,3.3478260869565215
8387.0,3.3478260869565215
8388.0,3.3478260869565215
8389.0,3.3478260869565215
8390.0,3.3478260869565215
8391.0,3.3478260869565215
8392.0,3.3478260869565215
8393.0,3.3478260869565215
8394.0,3.3478260869565215
8395.0,3.3478260869565215
8396.0,3.3478260869565215
8397.0,3.3478260869565215
8398.0,3.3478260869565215
8399.0,3.3478260869565215
8400.0,3.3478260869565215
8401.0,3.3478260869565215
8402.0,3.3478260869565215
8403.0,3.3478260869565215
8404.0,3.3478260869565215
8405.0,3.3478260869565215
8406.0,3.3478260869565215
8407.0,3.3478260869565215
8408.0,3.3478260869565215
8409.0,3.3478260869565215
8410.0,3.3478260869565215
8411.0,3.3478260869565215
8412.0,3.3478260869565215
8413.0,3.3478260869565215
8414.0,3.3478260869565215
8415.0,3.3478260869565215
8416.0,3.3478260869565215
8417.0,3.3478260869565215
8418.0,3.3478260869565215
8419.0,3.3478260869565215
8420.0,3.3478260869565215
8421.0,3.3478260869565215
8422.0,3.3478260869565215
8423.0,3.3478260869565215
8424.0,3.3478260869565215
8425.0,3.3478260869565215
8426.0,3.3478260869565215
8427.0,3.3478260869565215
8428.0,3.3478260869565215
8429.0,3.3478260869565215
8430.0,3.3478260869565215
8431.0,3.3478260869565215
8432.0,3.3478260869565215
8433.0,3.3478260869565215
8434.0,3.3478260869565215
8435.0,3.391304347826087
8436.0,3.3478260869565215
8437.0,3.3478260869565215
8438.0,3.3478260869565215
8439.0,3.3478260869565215
8440.0,3.3478260869565215
8441.0,3.3478260869565215
8442.0,3.3478260869565215
8443.0,3.3478260869565215
8444.0,3.3478260869565215
8445.0,3.3478260869565215
8446.0,3.3478260869565215
8447.0,3.3478260869565215
8448.0,3.3478260869565215
8449.0,3.3478260869565215
8450.0,3.3478260869565215
8451.0,3.3478260869565215
8452.0,3.3478260869565215
8453.0,3.3478260869565215
8454.0,3.3478260869565215
8455.0,3.3478260869565215
8456.0,3.3478260869565215
8457.0,3.3478260869565215
8458.0,3.3478260869565215
8459.0,3.3478260869565215
8460.0,3.3478260869565215
8461.0,3.3478260869565215
8462.0,3.3478260869565215
8463.0,3.3478260869565215
8464.0,3.3478260869565215
8465.0,3.3478260869565215
8466.0,3.3478260869565215
8467.0,3.3478260869565215
8468.0,3.3478260869565215
8469.0,3.3478260869565215
8470.0,3.3478260869565215
8471.0,3.3478260869565215
8472.0,3.3478260869565215
8473.0,3.3478260869565215
8474.0,3.3478260869565215
8475.0,3.3478260869565215
8476.0,3.3478260869565215
8477.0,3.3478260869565215
8478.0,3.3478260869565215
8479.0,3.3478260869565215
8480.0,3.3478260869565215
8481.0,3.3478260869565215
8482.0,3.3478260869565215
8483.0,3.3478260869565215
8484.0,3.3478260869565215
8485.0,3.3478260869565215
8486.0,3.3478260869565215
8487.0,3.3478260869565215
8488.0,3.3478260869565215
8489.0,3.3478260869565215
8490.0,3.3478260869565215
8491.0,3.3478260869565215
8492.0,3.3478260869565215
8493.0,3.3478260869565215
8494.0,3.3478260869565215
8495.0,3.3478260869565215
8496.0,3.3478260869565215
8497.0,3.3478260869565215
8498.0,3.3478260869565215
8499.0,3.3478260869565215
