time_ms,diameter_mm
0.0,0.12254816798753339
4.0,0.12084611009881761
8.0,0.12254816798753339
12.0,0.12254816798753339
16.0,0.12254816798753339
20.0,0.12254816798753339
24.0,0.12254816798753339
28.0,0.12254816798753339
32.0,0.12254816798753339
36.0,0.12084611009881761
40.0,0.12254816798753339
44.0,0.12084611009881761
48.0,0.12084611009881761
52.0,0.12254816798753339
56.0,0.12084611009881761
60.0,0.12084611009881761
64.0,0.12084611009881761
68.0,0.12084611009881761
72.0,0.12084611009881761
76.0,0.11914405221010188
80.0,0.12084611009881761
84.0,0.12084611009881761
88.0,0.11914405221010188
92.0,0.11914405221010188
96.0,0.11914405221010188
100.0,0.11914405221010188
104.0,0.11914405221010188
108.0,0.11914405221010188
112.0,0.11914405221010188
116.0,0.11914405221010188
120.0,0.11914405221010188
124.0,0.11914405221010188
128.0,0.11914405221010188
132.0,0.11914405221010188
136.0,0.11914405221010188
140.0,0.11914405221010188
144.0,0.11914405221010188
148.0,0.11744199432138615
152.0,0.11914405221010188
156.0,0.11744199432138615
160.0,0.11744199432138615
164.0,0.11744199432138615
168.0,0.11914405221010188
172.0,0.11744199432138615
176.0,0.11744199432138615
180.0,0.11744199432138615
184.0,0.11744199432138615
188.0,0.11744199432138615
192.0,0.11744199432138615
196.0,0.11744199432138615
200.0,0.11744199432138615
204.0,0.11744199432138615
208.0,0.11744199432138615
212.0,0.11744199432138615
216.0,0.11744199432138615
220.0,0.11744199432138615
224.0,0.11744199432138615
228.0,0.11744199432138615
232.0,0.11744199432138615
236.0,0.11744199432138615
240.0,0.11744199432138615
244.0,0.11744199432138615
248.0,0.11744199432138615
252.0,0.11573993643267041
256.0,0.11573993643267041
260.0,0.11573993643267041
264.0,0.11573993643267041
268.0,0.11573993643267041
272.0,0.11573993643267041
276.0,0.11573993643267041
280.0,0.11573993643267041
284.0,0.11573993643267041
288.0,0.11573993643267041
292.0,0.11573993643267041
296.0,0.11573993643267041
300.0,0.11573993643267041
304.0,0.11573993643267041
308.0,0.11573993643267041
312.0,0.11573993643267041
316.0,0.11573993643267041
320.0,0.11573993643267041
324.0,0.11573993643267041
328.0,0.11573993643267041
332.0,0.11573993643267041
336.0,0.11573993643267041
340.0,0.11573993643267041
344.0,0.11403787854395467
348.0,0.11403787854395467
352.0,0.11573993643267041
356.0,0.11573993643267041
360.0,0.11573993643267041
364.0,0.11403787854395467
368.0,0.11573993643267041
372.0,0.11403787854395467
376.0,0.11403787854395467
380.0,0.11403787854395467
384.0,0.11403787854395467
388.0,0.11403787854395467
392.0,0.11573993643267041
396.0,0.11403787854395467
400.0,0.11403787854395467
404.0,0.11403787854395467
408.0,0.11403787854395467
412.0,0.11403787854395467
416.0,0.11403787854395467
420.0,0.11403787854395467
424.0,0.11403787854395467
428.0,0.11403787854395467
432.0,0.11403787854395467
436.0,0.11403787854395467
440.0,0.11403787854395467
444.0,0.11403787854395467
448.0,0.11403787854395467
452.0,0.11403787854395467
456.0,0.11403787854395467
460.0,0.11403787854395467
464.0,0.11403787854395467
468.0,0.11403787854395467
472.0,0.11233582065523892
476.0,0.11403787854395467
480.0,0.11233582065523892
484.0,0.11403787854395467
488.0,0.11403787854395467
492.0,0.11233582065523892
496.0,0.11233582065523892
500.0,0.11403787854395467
504.0,0.11403787854395467
508.0,0.11233582065523892
512.0,0.11233582065523892
516.0,0.11233582065523892
520.0,0.11233582065523892
524.0,0.11233582065523892
528.0,0.11233582065523892
532.0,0.11403787854395467
536.0,0.11233582065523892
540.0,0.11233582065523892
544.0,0.11233582065523892
548.0,0.11233582065523892
552.0,0.11233582065523892
556.0,0.11233582065523892
560.0,0.11233582065523892
564.0,0.11233582065523892
568.0,0.11233582065523892
572.0,0.11233582065523892
576.0,0.11233582065523892
580.0,0.11233582065523892
584.0,0.11233582065523892
588.0,0.11233582065523892
592.0,0.11233582065523892
596.0,0.11233582065523892
600.0,0.11233582065523892
604.0,0.11233582065523892
608.0,0.11233582065523892
612.0,0.11063376276652317
616.0,0.11063376276652317
620.0,0.11233582065523892
624.0,0.11063376276652317
628.0,0.11233582065523892
632.0,0.11063376276652317
636.0,0.11233582065523892
640.0,0.11233582065523892
644.0,0.11233582065523892
648.0,0.11063376276652317
652.0,0.11233582065523892
656.0,0.11063376276652317
660.0,0.11063376276652317
664.0,0.11063376276652317
668.0,0.11063376276652317
672.0,0.11063376276652317
676.0,0.11233582065523892
680.0,0.11063376276652317
684.0,0.11063376276652317
688.0,0.11063376276652317
692.0,0.11063376276652317
696.0,0.11063376276652317
700.0,0.11063376276652317
704.0,0.11063376276652317
708.0,0.11063376276652317
712.0,0.11063376276652317
716.0,0.11063376276652317
720.0,0.11063376276652317
724.0,0.11063376276652317
728.0,0.11063376276652317
732.0,0.11063376276652317
736.0,0.11063376276652317
740.0,0.11063376276652317
744.0,0.11063376276652317
748.0,0.11063376276652317
752.0,0.11063376276652317
756.0,0.11063376276652317
760.0,0.11063376276652317
764.0,0.11063376276652317
768.0,0.11063376276652317
772.0,0.11063376276652317
776.0,0.11063376276652317
780.0,0.11063376276652317
784.0,0.11063376276652317
788.0,0.11063376276652317
792.0,0.11063376276652317
796.0,0.11063376276652317
800.0,0.11063376276652317
804.0,0.11063376276652317
808.0,0.11063376276652317
812.0,0.11063376276652317
816.0,0.11063376276652317
820.0,0.11063376276652317
824.0,0.11063376276652317
828.0,0.11063376276652317
832.0,0.11063376276652317
836.0,0.11063376276652317
840.0,0.10893170487780744
844.0,0.11063376276652317
848.0,0.11063376276652317
852.0,0.11063376276652317
856.0,0.11063376276652317
860.0,0.11063376276652317
864.0,0.11063376276652317
868.0,0.11063376276652317
872.0,0.10893170487780744
876.0,0.11063376276652317
880.0,0.10893170487780744
884.0,0.11063376276652317
888.0,0.10893170487780744
892.0,0.10893170487780744
896.0,0.10893170487780744
900.0,0.11063376276652317
904.0,0.10893170487780744
908.0,0.11063376276652317
912.0,0.10893170487780744
916.0,0.10893170487780744
920.0,0.10893170487780744
924.0,0.10893170487780744
928.0,0.10893170487780744
932.0,0.10893170487780744
936.0,0.10893170487780744
940.0,0.10893170487780744
944.0,0.10893170487780744
948.0,0.10893170487780744
952.0,0.10893170487780744
956.0,0.10893170487780744
960.0,0.10893170487780744
964.0,0.10893170487780744
968.0,0.10893170487780744
972.0,0.10893170487780744
976.0,0.10893170487780744
980.0,0.10893170487780744
984.0,0.10893170487780744
988.0,0.10893170487780744
992.0,0.10893170487780744
996.0,0.10893170487780744
1000.0,0.10893170487780744
1004.0,0.10893170487780744
1008.0,0.10893170487780744
1012.0,0.10893170487780744
1016.0,0.10893170487780744
1020.0,0.10893170487780744
1024.0,0.10722964698909171
1028.0,0.10722964698909171
1032.0,0.10893170487780744
1036.0,0.10722964698909171
1040.0,0.10893170487780744
1044.0,0.10722964698909171
1048.0,0.10893170487780744
1052.0,0.10722964698909171
1056.0,0.10893170487780744
1060.0,0.10722964698909171
1064.0,0.10893170487780744
1068.0,0.10722964698909171
1072.0,0.10722964698909171
1076.0,0.10722964698909171
1080.0,0.10722964698909171
1084.0,0.10893170487780744
1088.0,0.10722964698909171
1092.0,0.10893170487780744
1096.0,0.10722964698909171
1100.0,0.10722964698909171
1104.0,0.10722964698909171
1108.0,0.10722964698909171
1112.0,0.10722964698909171
1116.0,0.10722964698909171
1120.0,0.10722964698909171
1124.0,0.10722964698909171
1128.0,0.10893170487780744
1132.0,0.10722964698909171
1136.0,0.10722964698909171
1140.0,0.10722964698909171
1144.0,0.10722964698909171
1148.0,0.10722964698909171
1152.0,0.10722964698909171
1156.0,0.10722964698909171
1160.0,0.10722964698909171
1164.0,0.10722964698909171
1168.0,0.10722964698909171
1172.0,0.10722964698909171
1176.0,0.10722964698909171
1180.0,0.10722964698909171
1184.0,0.10722964698909171
1188.0,0.10722964698909171
1192.0,0.10722964698909171
1196.0,0.10722964698909171
1200.0,0.10722964698909171
1204.0,0.10722964698909171
1208.0,0.10722964698909171
1212.0,0.10722964698909171
1216.0,0.10722964698909171
1220.0,0.10722964698909171
1224.0,0.10722964698909171
1228.0,0.10722964698909171
1232.0,0.10722964698909171
1236.0,0.10722964698909171
1240.0,0.10722964698909171
1244.0,0.10722964698909171
1248.0,0.10722964698909171
1252.0,0.10722964698909171
1256.0,0.10552758910037595
1260.0,0.10722964698909171
1264.0,0.10552758910037595
1268.0,0.10722964698909171
1272.0,0.10552758910037595
1276.0,0.10722964698909171
1280.0,0.10552758910037595
1284.0,0.10722964698909171
1288.0,0.10552758910037595
1292.0,0.10552758910037595
1296.0,0.10552758910037595
1300.0,0.10722964698909171
1304.0,0.10552758910037595
1308.0,0.10722964698909171
1312.0,0.10552758910037595
1316.0,0.10722964698909171
1320.0,0.10552758910037595
1324.0,0.10552758910037595
1328.0,0.10552758910037595
1332.0,0.10552758910037595
1336.0,0.10552758910037595
1340.0,0.10552758910037595
1344.0,0.10552758910037595
1348.0,0.10552758910037595
1352.0,0.10552758910037595
1356.0,0.10552758910037595
1360.0,0.10552758910037595
1364.0,0.10552758910037595
1368.0,0.10552758910037595
1372.0,0.10552758910037595
1376.0,0.10552758910037595
1380.0,0.10552758910037595
1384.0,0.10552758910037595
1388.0,0.10552758910037595
1392.0,0.10552758910037595
1396.0,0.10552758910037595
1400.0,0.10552758910037595
1404.0,0.10552758910037595
1408.0,0.10552758910037595
1412.0,0.10552758910037595
1416.0,0.10552758910037595
1420.0,0.10552758910037595
1424.0,0.10552758910037595
1428.0,0.10552758910037595
1432.0,0.10552758910037595
1436.0,0.10552758910037595
1440.0,0.10552758910037595
1444.0,0.10552758910037595
1448.0,0.10552758910037595
1452.0,0.10552758910037595
1456.0,0.10552758910037595
1460.0,0.10552758910037595
1464.0,0.10552758910037595
1468.0,0.10552758910037595
1472.0,0.10552758910037595
1476.0,0.10552758910037595
1480.0,0.10552758910037595
1484.0,0.10552758910037595
1488.0,0.10552758910037595
1492.0,0.10552758910037595
1496.0,0.10552758910037595
1500.0,0.10552758910037595
1504.0,0.10552758910037595
1508.0,0.10552758910037595
1512.0,0.10552758910037595
1516.0,0.10552758910037595
1520.0,0.10552758910037595
1524.0,0.10552758910037595
1528.0,0.10552758910037595
1532.0,0.10552758910037595
1536.0,0.10382553121166022
1540.0,0.10552758910037595
1544.0,0.10552758910037595
1548.0,0.10552758910037595
1552.0,0.10552758910037595
1556.0,0.10552758910037595
1560.0,0.10552758910037595
1564.0,0.10552758910037595
1568.0,0.10552758910037595
1572.0,0.10552758910037595
1576.0,0.10552758910037595
1580.0,0.10382553121166022
1584.0,0.10382553121166022
1588.0,0.10552758910037595
1592.0,0.10552758910037595
1596.0,0.10552758910037595
1600.0,0.10382553121166022
1604.0,0.10552758910037595
1608.0,0.10382553121166022
1612.0,0.10382553121166022
1616.0,0.10382553121166022
1620.0,0.10382553121166022
1624.0,0.10382553121166022
1628.0,0.10382553121166022
1632.0,0.10552758910037595
1636.0,0.10382553121166022
1640.0,0.10382553121166022
1644.0,0.10382553121166022
1648.0,0.10382553121166022
1652.0,0.10382553121166022
1656.0,0.10382553121166022
1660.0,0.10382553121166022
1664.0,0.10382553121166022
1668.0,0.10382553121166022
1672.0,0.10382553121166022
1676.0,0.10382553121166022
1680.0,0.10382553121166022
1684.0,0.10382553121166022
1688.0,0.10382553121166022
1692.0,0.10382553121166022
1696.0,0.10382553121166022
1700.0,0.10382553121166022
1704.0,0.10382553121166022
1708.0,0.10382553121166022
1712.0,0.10382553121166022
1716.0,0.10382553121166022
1720.0,0.10382553121166022
1724.0,0.10382553121166022
1728.0,0.10382553121166022
1732.0,0.10382553121166022
1736.0,0.10382553121166022
1740.0,0.10382553121166022
1744.0,0.10382553121166022
1748.0,0.10382553121166022
1752.0,0.10382553121166022
1756.0,0.10382553121166022
1760.0,0.10382553121166022
1764.0,0.10382553121166022
1768.0,0.10382553121166022
1772.0,0.10212347332294447
1776.0,0.10382553121166022
1780.0,0.10382553121166022
1784.0,0.10382553121166022
1788.0,0.10382553121166022
1792.0,0.10382553121166022
1796.0,0.10382553121166022
1800.0,0.10382553121166022
1804.0,0.10212347332294447
1808.0,0.10382553121166022
1812.0,0.10382553121166022
1816.0,0.10382553121166022
1820.0,0.10382553121166022
1824.0,0.10382553121166022
1828.0,0.10382553121166022
1832.0,0.10382553121166022
1836.0,0.10382553121166022
1840.0,0.10382553121166022
1844.0,0.10382553121166022
1848.0,0.10212347332294447
1852.0,0.10382553121166022
1856.0,0.10382553121166022
1860.0,0.10382553121166022
1864.0,0.10382553121166022
1868.0,0.10382553121166022
1872.0,0.10382553121166022
1876.0,0.10382553121166022
1880.0,0.10382553121166022
1884.0,0.10382553121166022
1888.0,0.10212347332294447
1892.0,0.10382553121166022
1896.0,0.10212347332294447
1900.0,0.10382553121166022
1904.0,0.10212347332294447
1908.0,0.10382553121166022
1912.0,0.10382553121166022
1916.0,0.10212347332294447
1920.0,0.10382553121166022
1924.0,0.10382553121166022
1928.0,0.10382553121166022
1932.0,0.10382553121166022
1936.0,0.10212347332294447
1940.0,0.10212347332294447
1944.0,0.10382553121166022
1948.0,0.10212347332294447
1952.0,0.10382553121166022
1956.0,0.10382553121166022
1960.0,0.10382553121166022
1964.0,0.10382553121166022
1968.0,0.10382553121166022
1972.0,0.10382553121166022
1976.0,0.10382553121166022
1980.0,0.10382553121166022
1984.0,0.10382553121166022
1988.0,0.10212347332294447
1992.0,0.10382553121166022
1996.0,0.10212347332294447
2000.0,0.10382553121166022
2004.0,0.10382553121166022
2008.0,0.10382553121166022
2012.0,0.10382553121166022
2016.0,0.10382553121166022
2020.0,0.10382553121166022
2024.0,0.10212347332294447
2028.0,0.10212347332294447
2032.0,0.10212347332294447
2036.0,0.10212347332294447
2040.0,0.10212347332294447
2044.0,0.10212347332294447
2048.0,0.10212347332294447
2052.0,0.10212347332294447
2056.0,0.10212347332294447
2060.0,0.10212347332294447
2064.0,0.10212347332294447
2068.0,0.10212347332294447
2072.0,0.10212347332294447
2076.0,0.10212347332294447
2080.0,0.10212347332294447
2084.0,0.10212347332294447
2088.0,0.10212347332294447
2092.0,0.10212347332294447
2096.0,0.10042141543422872
2100.0,0.10212347332294447
2104.0,0.10042141543422872
2108.0,0.10212347332294447
2112.0,0.10212347332294447
2116.0,0.10212347332294447
2120.0,0.10042141543422872
2124.0,0.10212347332294447
2128.0,0.10042141543422872
2132.0,0.10212347332294447
2136.0,0.10042141543422872
2140.0,0.10212347332294447
2144.0,0.10042141543422872
2148.0,0.10212347332294447
2152.0,0.10042141543422872
2156.0,0.10212347332294447
2160.0,0.10212347332294447
2164.0,0.10042141543422872
2168.0,0.10042141543422872
2172.0,0.10042141543422872
2176.0,0.10212347332294447
2180.0,0.10042141543422872
2184.0,0.10042141543422872
2188.0,0.10042141543422872
2192.0,0.10042141543422872
2196.0,0.10042141543422872
2200.0,0.10042141543422872
2204.0,0.10042141543422872
2208.0,0.10042141543422872
2212.0,0.10042141543422872
2216.0,0.10042141543422872
2220.0,0.10042141543422872
2224.0,0.10042141543422872
2228.0,0.10042141543422872
2232.0,0.10042141543422872
2236.0,0.10042141543422872
2240.0,0.10042141543422872
2244.0,0.10042141543422872
2248.0,0.10042141543422872
2252.0,0.10042141543422872
2256.0,0.10042141543422872
2260.0,0.10212347332294447
2264.0,0.10042141543422872
2268.0,0.10212347332294447
2272.0,0.10042141543422872
2276.0,0.10212347332294447
2280.0,0.10042141543422872
2284.0,0.10042141543422872
2288.0,0.10042141543422872
2292.0,0.10042141543422872
2296.0,0.10042141543422872
2300.0,0.10042141543422872
2304.0,0.10042141543422872
2308.0,0.10042141543422872
2312.0,0.10042141543422872
2316.0,0.10042141543422872
2320.0,0.10042141543422872
2324.0,0.10042141543422872
2328.0,0.10042141543422872
2332.0,0.10042141543422872
2336.0,0.10042141543422872
2340.0,0.10042141543422872
2344.0,0.10042141543422872
2348.0,0.10042141543422872
2352.0,0.10042141543422872
2356.0,0.10042141543422872
2360.0,0.10042141543422872
2364.0,0.10042141543422872
2368.0,0.10042141543422872
2372.0,0.10042141543422872
2376.0,0.10042141543422872
2380.0,0.10042141543422872
2384.0,0.10042141543422872
2388.0,0.10042141543422872
2392.0,0.10042141543422872
2396.0,0.10042141543422872
2400.0,0.10042141543422872
2404.0,0.10042141543422872
2408.0,0.10042141543422872
2412.0,0.10042141543422872
2416.0,0.10042141543422872
2420.0,0.10042141543422872
2424.0,0.10042141543422872
2428.0,0.10042141543422872
2432.0,0.10042141543422872
2436.0,0.10042141543422872
2440.0,0.10042141543422872
2444.0,0.10042141543422872
2448.0,0.10042141543422872
2452.0,0.10042141543422872
2456.0,0.10042141543422872
2460.0,0.10042141543422872
2464.0,0.10042141543422872
2468.0,0.10042141543422872
2472.0,0.10042141543422872
2476.0,0.10042141543422872
2480.0,0.10042141543422872
2484.0,0.10042141543422872
2488.0,0.098719357545513
2492.0,0.10042141543422872
2496.0,0.098719357545513
2500.0,0.10042141543422872
2504.0,0.10042141543422872
2508.0,0.10042141543422872
2512.0,0.098719357545513
2516.0,0.10042141543422872
2520.0,0.10042141543422872
2524.0,0.10042141543422872
2528.0,0.10042141543422872
2532.0,0.098719357545513
2536.0,0.10042141543422872
2540.0,0.098719357545513
2544.0,0.10042141543422872
2548.0,0.10042141543422872
2552.0,0.10042141543422872
2556.0,0.10042141543422872
2560.0,0.10042141543422872
2564.0,0.10042141543422872
2568.0,0.098719357545513
2572.0,0.098719357545513
2576.0,0.10042141543422872
2580.0,0.10042141543422872
2584.0,0.10042141543422872
2588.0,0.10042141543422872
2592.0,0.098719357545513
2596.0,0.098719357545513
2600.0,0.10042141543422872
2604.0,0.098719357545513
2608.0,0.098719357545513
2612.0,0.098719357545513
2616.0,0.098719357545513
2620.0,0.098719357545513
2624.0,0.098719357545513
2628.0,0.098719357545513
2632.0,0.098719357545513
2636.0,0.10042141543422872
2640.0,0.098719357545513
2644.0,0.098719357545513
2648.0,0.098719357545513
2652.0,0.098719357545513
2656.0,0.098719357545513
2660.0,0.098719357545513
2664.0,0.098719357545513
2668.0,0.10042141543422872
2672.0,0.098719357545513
2676.0,0.098719357545513
2680.0,0.098719357545513
2684.0,0.098719357545513
2688.0,0.098719357545513
2692.0,0.098719357545513
2696.0,0.098719357545513
2700.0,0.098719357545513
2704.0,0.098719357545513
2708.0,0.098719357545513
2712.0,0.098719357545513
2716.0,0.098719357545513
2720.0,0.098719357545513
2724.0,0.098719357545513
2728.0,0.098719357545513
2732.0,0.098719357545513
2736.0,0.098719357545513
2740.0,0.098719357545513
2744.0,0.098719357545513
2748.0,0.098719357545513
2752.0,0.098719357545513
2756.0,0.098719357545513
2760.0,0.098719357545513
2764.0,0.098719357545513
2768.0,0.098719357545513
2772.0,0.098719357545513
2776.0,0.098719357545513
2780.0,0.098719357545513
2784.0,0.098719357545513
2788.0,0.098719357545513
2792.0,0.098719357545513
2796.0,0.098719357545513
2800.0,0.098719357545513
2804.0,0.098719357545513
2808.0,0.098719357545513
2812.0,0.098719357545513
2816.0,0.098719357545513
2820.0,0.098719357545513
2824.0,0.098719357545513
2828.0,0.098719357545513
2832.0,0.098719357545513
2836.0,0.098719357545513
2840.0,0.098719357545513
2844.0,0.098719357545513
2848.0,0.098719357545513
2852.0,0.098719357545513
2856.0,0.098719357545513
2860.0,0.098719357545513
2864.0,0.098719357545513
2868.0,0.098719357545513
2872.0,0.098719357545513
2876.0,0.098719357545513
2880.0,0.098719357545513
2884.0,0.098719357545513
2888.0,0.098719357545513
2892.0,0.098719357545513
2896.0,0.098719357545513
2900.0,0.098719357545513
2904.0,0.098719357545513
2908.0,0.098719357545513
2912.0,0.098719357545513
2916.0,0.098719357545513
2920.0,0.098719357545513
2924.0,0.098719357545513
2928.0,0.098719357545513
2932.0,0.098719357545513
2936.0,0.098719357545513
2940.0,0.098719357545513
2944.0,0.098719357545513
2948.0,0.098719357545513
2952.0,0.098719357545513
2956.0,0.098719357545513
2960.0,0.098719357545513
2964.0,0.098719357545513
2968.0,0.098719357545513
2972.0,0.098719357545513
2976.0,0.098719357545513
2980.0,0.098719357545513
2984.0,0.098719357545513
2988.0,0.098719357545513
2992.0,0.098719357545513
2996.0,0.098719357545513
3000.0,0.098719357545513
3004.0,0.098719357545513
3008.0,0.098719357545513
3012.0,0.098719357545513
3016.0,0.098719357545513
3020.0,0.098719357545513
3024.0,0.098719357545513
3028.0,0.098719357545513
3032.0,0.098719357545513
3036.0,0.098719357545513
3040.0,0.09701729965679726
3044.0,0.098719357545513
3048.0,0.098719357545513
3052.0,0.098719357545513
3056.0,0.098719357545513
3060.0,0.098719357545513
3064.0,0.098719357545513
3068.0,0.098719357545513
3072.0,0.098719357545513
3076.0,0.098719357545513
3080.0,0.098719357545513
3084.0,0.098719357545513
3088.0,0.09701729965679726
3092.0,0.098719357545513
3096.0,0.098719357545513
3100.0,0.098719357545513
3104.0,0.098719357545513
3108.0,0.098719357545513
3112.0,0.09701729965679726
3116.0,0.098719357545513
3120.0,0.09701729965679726
3124.0,0.09701729965679726
3128.0,0.09701729965679726
3132.0,0.09701729965679726
3136.0,0.09701729965679726
3140.0,0.098719357545513
3144.0,0.098719357545513
3148.0,0.098719357545513
3152.0,0.098719357545513
3156.0,0.098719357545513
3160.0,0.09701729965679726
3164.0,0.09701729965679726
3168.0,0.09701729965679726
3172.0,0.09701729965679726
3176.0,0.09701729965679726
3180.0,0.098719357545513
3184.0,0.09701729965679726
3188.0,0.09701729965679726
3192.0,0.098719357545513
3196.0,0.09701729965679726
3200.0,0.09701729965679726
3204.0,0.09701729965679726
3208.0,0.09701729965679726
3212.0,0.09701729965679726
3216.0,0.098719357545513
3220.0,0.09701729965679726
3224.0,0.09701729965679726
3228.0,0.09701729965679726
3232.0,0.09701729965679726
3236.0,0.09701729965679726
3240.0,0.09701729965679726
3244.0,0.09701729965679726
3248.0,0.09701729965679726
3252.0,0.09701729965679726
3256.0,0.09701729965679726
3260.0,0.09701729965679726
3264.0,0.09701729965679726
3268.0,0.09701729965679726
3272.0,0.09701729965679726
3276.0,0.09701729965679726
3280.0,0.09701729965679726
3284.0,0.09701729965679726
3288.0,0.09701729965679726
3292.0,0.09701729965679726
3296.0,0.09701729965679726
3300.0,0.09701729965679726
3304.0,0.09701729965679726
3308.0,0.09701729965679726
3312.0,0.09701729965679726
3316.0,0.09701729965679726
3320.0,0.09701729965679726
3324.0,0.09701729965679726
3328.0,0.09701729965679726
3332.0,0.09701729965679726
3336.0,0.09701729965679726
3340.0,0.09701729965679726
3344.0,0.09701729965679726
3348.0,0.09701729965679726
3352.0,0.09701729965679726
3356.0,0.09701729965679726
3360.0,0.09701729965679726
3364.0,0.09701729965679726
3368.0,0.09701729965679726
3372.0,0.09701729965679726
3376.0,0.09701729965679726
3380.0,0.09701729965679726
3384.0,0.09701729965679726
3388.0,0.09701729965679726
3392.0,0.09701729965679726
3396.0,0.09701729965679726
3400.0,0.09531524176808151
3404.0,0.09701729965679726
3408.0,0.09701729965679726
3412.0,0.09701729965679726
3416.0,0.09701729965679726
3420.0,0.09701729965679726
3424.0,0.09701729965679726
3428.0,0.09701729965679726
3432.0,0.09701729965679726
3436.0,0.09701729965679726
3440.0,0.09701729965679726
3444.0,0.09701729965679726
3448.0,0.09701729965679726
3452.0,0.09701729965679726
3456.0,0.09701729965679726
3460.0,0.09531524176808151
3464.0,0.09531524176808151
3468.0,0.09701729965679726
3472.0,0.09531524176808151
3476.0,0.09531524176808151
3480.0,0.09531524176808151
3484.0,0.09701729965679726
3488.0,0.09531524176808151
3492.0,0.09701729965679726
3496.0,0.09701729965679726
3500.0,0.09701729965679726
3504.0,0.09531524176808151
3508.0,0.09701729965679726
3512.0,0.09531524176808151
3516.0,0.09701729965679726
3520.0,0.09531524176808151
3524.0,0.09701729965679726
3528.0,0.09701729965679726
3532.0,0.09701729965679726
3536.0,0.09701729965679726
3540.0,0.09531524176808151
3544.0,0.09531524176808151
3548.0,0.09531524176808151
3552.0,0.09701729965679726
3556.0,0.09701729965679726
3560.0,0.09701729965679726
3564.0,0.09701729965679726
3568.0,0.09701729965679726
3572.0,0.09531524176808151
3576.0,0.09531524176808151
3580.0,0.09531524176808151
3584.0,0.09701729965679726
3588.0,0.09701729965679726
3592.0,0.09531524176808151
3596.0,0.09531524176808151
3600.0,0.09701729965679726
3604.0,0.09531524176808151
3608.0,0.09531524176808151
3612.0,0.09531524176808151
3616.0,0.09531524176808151
3620.0,0.09531524176808151
3624.0,0.09531524176808151
3628.0,0.09531524176808151
3632.0,0.09531524176808151
3636.0,0.09531524176808151
3640.0,0.09531524176808151
3644.0,0.09531524176808151
3648.0,0.09531524176808151
3652.0,0.09531524176808151
3656.0,0.09531524176808151
3660.0,0.09531524176808151
3664.0,0.09531524176808151
3668.0,0.09531524176808151
3672.0,0.09531524176808151
3676.0,0.09531524176808151
3680.0,0.09531524176808151
3684.0,0.09531524176808151
3688.0,0.09531524176808151
3692.0,0.09531524176808151
3696.0,0.09531524176808151
3700.0,0.09531524176808151
3704.0,0.09531524176808151
3708.0,0.09531524176808151
3712.0,0.09531524176808151
3716.0,0.09531524176808151
3720.0,0.09531524176808151
3724.0,0.09531524176808151
3728.0,0.09531524176808151
3732.0,0.09531524176808151
3736.0,0.09531524176808151
3740.0,0.09531524176808151
3744.0,0.09531524176808151
3748.0,0.09531524176808151
3752.0,0.09531524176808151
3756.0,0.09531524176808151
3760.0,0.09531524176808151
3764.0,0.09531524176808151
3768.0,0.09531524176808151
3772.0,0.09531524176808151
3776.0,0.09531524176808151
3780.0,0.09531524176808151
3784.0,0.09531524176808151
3788.0,0.09531524176808151
3792.0,0.09531524176808151
3796.0,0.09531524176808151
3800.0,0.09531524176808151
3804.0,0.09531524176808151
3808.0,0.09531524176808151
3812.0,0.09531524176808151
3816.0,0.09531524176808151
3820.0,0.09531524176808151
3824.0,0.09531524176808151
3828.0,0.09531524176808151
3832.0,0.09531524176808151
3836.0,0.09531524176808151
3840.0,0.09531524176808151
3844.0,0.09531524176808151
3848.0,0.09531524176808151
3852.0,0.09531524176808151
3856.0,0.09531524176808151
3860.0,0.09531524176808151
3864.0,0.09531524176808151
3868.0,0.09531524176808151
3872.0,0.09531524176808151
3876.0,0.09531524176808151
3880.0,0.09531524176808151
3884.0,0.09531524176808151
3888.0,0.09531524176808151
3892.0,0.09531524176808151
3896.0,0.09531524176808151
3900.0,0.09531524176808151
3904.0,0.09531524176808151
3908.0,0.09531524176808151
3912.0,0.09531524176808151
3916.0,0.09531524176808151
3920.0,0.09531524176808151
3924.0,0.09531524176808151
3928.0,0.09531524176808151
3932.0,0.09531524176808151
3936.0,0.09531524176808151
3940.0,0.09531524176808151
3944.0,0.09531524176808151
3948.0,0.09531524176808151
3952.0,0.09531524176808151
3956.0,0.09531524176808151
3960.0,0.09531524176808151
3964.0,0.09531524176808151
3968.0,0.09531524176808151
3972.0,0.09531524176808151
3976.0,0.09531524176808151
3980.0,0.09361318387936578
3984.0,0.09531524176808151
3988.0,0.09531524176808151
3992.0,0.09531524176808151
3996.0,0.09531524176808151
4000.0,0.09531524176808151
4004.0,0.09361318387936578
4008.0,0.09531524176808151
4012.0,0.09531524176808151
4016.0,0.09531524176808151
4020.0,0.09361318387936578
4024.0,0.09531524176808151
4028.0,0.09531524176808151
4032.0,0.09531524176808151
4036.0,0.09361318387936578
4040.0,0.09531524176808151
4044.0,0.09361318387936578
4048.0,0.09361318387936578
4052.0,0.09531524176808151
4056.0,0.09361318387936578
4060.0,0.09531524176808151
4064.0,0.09361318387936578
4068.0,0.09361318387936578
4072.0,0.09361318387936578
4076.0,0.09361318387936578
4080.0,0.09361318387936578
4084.0,0.09531524176808151
4088.0,0.09361318387936578
4092.0,0.09531524176808151
4096.0,0.09361318387936578
4100.0,0.09531524176808151
4104.0,0.09361318387936578
4108.0,0.09531524176808151
4112.0,0.09361318387936578
4116.0,0.09361318387936578
4120.0,0.09361318387936578
4124.0,0.09361318387936578
4128.0,0.09361318387936578
4132.0,0.09361318387936578
4136.0,0.09361318387936578
4140.0,0.09361318387936578
4144.0,0.09531524176808151
4148.0,0.09361318387936578
4152.0,0.09361318387936578
4156.0,0.09361318387936578
4160.0,0.09361318387936578
4164.0,0.09361318387936578
4168.0,0.09361318387936578
4172.0,0.09361318387936578
4176.0,0.09361318387936578
4180.0,0.09361318387936578
4184.0,0.09361318387936578
4188.0,0.09361318387936578
4192.0,0.09361318387936578
4196.0,0.09361318387936578
4200.0,0.09361318387936578
4204.0,0.09361318387936578
4208.0,0.09361318387936578
4212.0,0.09361318387936578
4216.0,0.09531524176808151
4220.0,0.09361318387936578
4224.0,0.09361318387936578
4228.0,0.09361318387936578
4232.0,0.09361318387936578
4236.0,0.09361318387936578
4240.0,0.09361318387936578
4244.0,0.09361318387936578
4248.0,0.09361318387936578
4252.0,0.09361318387936578
4256.0,0.09361318387936578
4260.0,0.09361318387936578
4264.0,0.09361318387936578
4268.0,0.09361318387936578
4272.0,0.09361318387936578
4276.0,0.09361318387936578
4280.0,0.09361318387936578
4284.0,0.09361318387936578
4288.0,0.09361318387936578
4292.0,0.09361318387936578
4296.0,0.09361318387936578
4300.0,0.09361318387936578
4304.0,0.09361318387936578
4308.0,0.09361318387936578
4312.0,0.09361318387936578
4316.0,0.09361318387936578
4320.0,0.09361318387936578
4324.0,0.09361318387936578
4328.0,0.09361318387936578
4332.0,0.09361318387936578
4336.0,0.09361318387936578
4340.0,0.09361318387936578
4344.0,0.09361318387936578
4348.0,0.09361318387936578
4352.0,0.09361318387936578
4356.0,0.09361318387936578
4360.0,0.09361318387936578
4364.0,0.09361318387936578
4368.0,0.09361318387936578
4372.0,0.09361318387936578
4376.0,0.09361318387936578
4380.0,0.09361318387936578
4384.0,0.09361318387936578
4388.0,0.09361318387936578
4392.0,0.09361318387936578
4396.0,0.09361318387936578
4400.0,0.09361318387936578
4404.0,0.09361318387936578
4408.0,0.09361318387936578
4412.0,0.09361318387936578
4416.0,0.09361318387936578
4420.0,0.09361318387936578
4424.0,0.09361318387936578
4428.0,0.09361318387936578
4432.0,0.09361318387936578
4436.0,0.09361318387936578
4440.0,0.09361318387936578
4444.0,0.09361318387936578
4448.0,0.09361318387936578
4452.0,0.09361318387936578
4456.0,0.09361318387936578
4460.0,0.09361318387936578
4464.0,0.09191112599065003
4468.0,0.09361318387936578
4472.0,0.09361318387936578
4476.0,0.09361318387936578
4480.0,0.09361318387936578
4484.0,0.09361318387936578
4488.0,0.09361318387936578
4492.0,0.09361318387936578
4496.0,0.09361318387936578
4500.0,0.09361318387936578
4504.0,0.09361318387936578
4508.0,0.09361318387936578
4512.0,0.09361318387936578
4516.0,0.09361318387936578
4520.0,0.09361318387936578
4524.0,0.09361318387936578
4528.0,0.09361318387936578
4532.0,0.09361318387936578
4536.0,0.09361318387936578
4540.0,0.09361318387936578
4544.0,0.09361318387936578
4548.0,0.09361318387936578
4552.0,0.09361318387936578
4556.0,0.09361318387936578
4560.0,0.09361318387936578
4564.0,0.09361318387936578
4568.0,0.09361318387936578
4572.0,0.09361318387936578
4576.0,0.09361318387936578
4580.0,0.09361318387936578
4584.0,0.09361318387936578
4588.0,0.09361318387936578
4592.0,0.09361318387936578
4596.0,0.09361318387936578
4600.0,0.09361318387936578
4604.0,0.09361318387936578
4608.0,0.09361318387936578
4612.0,0.09361318387936578
4616.0,0.09191112599065003
4620.0,0.09361318387936578
4624.0,0.09361318387936578
4628.0,0.09361318387936578
4632.0,0.09361318387936578
4636.0,0.09361318387936578
4640.0,0.09361318387936578
4644.0,0.09361318387936578
4648.0,0.09361318387936578
4652.0,0.09361318387936578
4656.0,0.09361318387936578
4660.0,0.09361318387936578
4664.0,0.09361318387936578
4668.0,0.09361318387936578
4672.0,0.09191112599065003
4676.0,0.09361318387936578
4680.0,0.09361318387936578
4684.0,0.09361318387936578
4688.0,0.09191112599065003
4692.0,0.09361318387936578
4696.0,0.09361318387936578
4700.0,0.09361318387936578
4704.0,0.09191112599065003
4708.0,0.09361318387936578
4712.0,0.09361318387936578
4716.0,0.09361318387936578
4720.0,0.09361318387936578
4724.0,0.09361318387936578
4728.0,0.09361318387936578
4732.0,0.09361318387936578
4736.0,0.09361318387936578
4740.0,0.09361318387936578
4744.0,0.09361318387936578
4748.0,0.09191112599065003
4752.0,0.09361318387936578
4756.0,0.09191112599065003
4760.0,0.09361318387936578
4764.0,0.09361318387936578
4768.0,0.09361318387936578
4772.0,0.09361318387936578
4776.0,0.09361318387936578
4780.0,0.09361318387936578
4784.0,0.09361318387936578
4788.0,0.09361318387936578
4792.0,0.09361318387936578
4796.0,0.09361318387936578
4800.0,0.09191112599065003
4804.0,0.09361318387936578
4808.0,0.09361318387936578
4812.0,0.09191112599065003
4816.0,0.09361318387936578
4820.0,0.09191112599065003
4824.0,0.09361318387936578
4828.0,0.09361318387936578
4832.0,0.09361318387936578
4836.0,0.09361318387936578
4840.0,0.09191112599065003
4844.0,0.09191112599065003
4848.0,0.09191112599065003
4852.0,0.09191112599065003
4856.0,0.09191112599065003
4860.0,0.09361318387936578
4864.0,0.09191112599065003
4868.0,0.09361318387936578
4872.0,0.09361318387936578
4876.0,0.09361318387936578
4880.0,0.09191112599065003
4884.0,0.09361318387936578
4888.0,0.09191112599065003
4892.0,0.09361318387936578
4896.0,0.09191112599065003
4900.0,0.09191112599065003
4904.0,0.09191112599065003
4908.0,0.09361318387936578
4912.0,0.09191112599065003
4916.0,0.09191112599065003
4920.0,0.09191112599065003
4924.0,0.09361318387936578
4928.0,0.09191112599065003
4932.0,0.09191112599065003
4936.0,0.09191112599065003
4940.0,0.09191112599065003
4944.0,0.09191112599065003
4948.0,0.09191112599065003
4952.0,0.09361318387936578
4956.0,0.09191112599065003
4960.0,0.09191112599065003
4964.0,0.09191112599065003
4968.0,0.09191112599065003
4972.0,0.09191112599065003
4976.0,0.09191112599065003
4980.0,0.09191112599065003
4984.0,0.09191112599065003
4988.0,0.09191112599065003
4992.0,0.09191112599065003
4996.0,0.09191112599065003
5000.0,0.09191112599065003
5004.0,0.09191112599065003
5008.0,0.09191112599065003
5012.0,0.09191112599065003
5016.0,0.09191112599065003
5020.0,0.09191112599065003
5024.0,0.09191112599065003
5028.0,0.09191112599065003
5032.0,0.09191112599065003
5036.0,0.09191112599065003
5040.0,0.09191112599065003
5044.0,0.09191112599065003
5048.0,0.09191112599065003
5052.0,0.09191112599065003
5056.0,0.09191112599065003
5060.0,0.09191112599065003
5064.0,0.09191112599065003
5068.0,0.09191112599065003
5072.0,0.09020906810193428
5076.0,0.09191112599065003
5080.0,0.09191112599065003
5084.0,0.09191112599065003
5088.0,0.09020906810193428
5092.0,0.09191112599065003
5096.0,0.09191112599065003
5100.0,0.09191112599065003
5104.0,0.09191112599065003
5108.0,0.09191112599065003
5112.0,0.09191112599065003
5116.0,0.09191112599065003
5120.0,0.09191112599065003
5124.0,0.09191112599065003
5128.0,0.09191112599065003
5132.0,0.09191112599065003
5136.0,0.09191112599065003
5140.0,0.09191112599065003
5144.0,0.09191112599065003
5148.0,0.09191112599065003
5152.0,0.09191112599065003
5156.0,0.09191112599065003
5160.0,0.09191112599065003
5164.0,0.09191112599065003
5168.0,0.09191112599065003
5172.0,0.09191112599065003
5176.0,0.09191112599065003
5180.0,0.09020906810193428
5184.0,0.09191112599065003
5188.0,0.09191112599065003
5192.0,0.09191112599065003
5196.0,0.09191112599065003
5200.0,0.09020906810193428
5204.0,0.09020906810193428
5208.0,0.09191112599065003
5212.0,0.09191112599065003
5216.0,0.09191112599065003
5220.0,0.09191112599065003
5224.0,0.09191112599065003
5228.0,0.09191112599065003
5232.0,0.09020906810193428
5236.0,0.09020906810193428
5240.0,0.09020906810193428
5244.0,0.09191112599065003
5248.0,0.09191112599065003
5252.0,0.09191112599065003
5256.0,0.09191112599065003
5260.0,0.09191112599065003
5264.0,0.09191112599065003
5268.0,0.09191112599065003
5272.0,0.09020906810193428
5276.0,0.09191112599065003
5280.0,0.09020906810193428
5284.0,0.09191112599065003
5288.0,0.09020906810193428
5292.0,0.09191112599065003
5296.0,0.09191112599065003
5300.0,0.09191112599065003
5304.0,0.09020906810193428
5308.0,0.09191112599065003
5312.0,0.09191112599065003
5316.0,0.09191112599065003
5320.0,0.09191112599065003
5324.0,0.09020906810193428
5328.0,0.09020906810193428
5332.0,0.09191112599065003
5336.0,0.09191112599065003
5340.0,0.09020906810193428
5344.0,0.09191112599065003
5348.0,0.09191112599065003
5352.0,0.09191112599065003
5356.0,0.09191112599065003
5360.0,0.09191112599065003
5364.0,0.09020906810193428
5368.0,0.09191112599065003
5372.0,0.09020906810193428
5376.0,0.09191112599065003
5380.0,0.09191112599065003
5384.0,0.09191112599065003
5388.0,0.09020906810193428
5392.0,0.09020906810193428
5396.0,0.09191112599065003
5400.0,0.09020906810193428
5404.0,0.09191112599065003
5408.0,0.09191112599065003
5412.0,0.09020906810193428
5416.0,0.09020906810193428
5420.0,0.09191112599065003
5424.0,0.09020906810193428
5428.0,0.09191112599065003
5432.0,0.09191112599065003
5436.0,0.09191112599065003
5440.0,0.09020906810193428
5444.0,0.09191112599065003
5448.0,0.09191112599065003
5452.0,0.09191112599065003
5456.0,0.09020906810193428
5460.0,0.09191112599065003
5464.0,0.09020906810193428
5468.0,0.09191112599065003
5472.0,0.09020906810193428
5476.0,0.09020906810193428
5480.0,0.09191112599065003
5484.0,0.09191112599065003
5488.0,0.09191112599065003
5492.0,0.09191112599065003
5496.0,0.09191112599065003
5500.0,0.09191112599065003
5504.0,0.09020906810193428
5508.0,0.09020906810193428
5512.0,0.09020906810193428
5516.0,0.09020906810193428
5520.0,0.09020906810193428
5524.0,0.09191112599065003
5528.0,0.09191112599065003
5532.0,0.09191112599065003
5536.0,0.09191112599065003
5540.0,0.09020906810193428
5544.0,0.09020906810193428
5548.0,0.09020906810193428
5552.0,0.09020906810193428
5556.0,0.09020906810193428
5560.0,0.09020906810193428
5564.0,0.09020906810193428
5568.0,0.09191112599065003
5572.0,0.09020906810193428
5576.0,0.09020906810193428
5580.0,0.09020906810193428
5584.0,0.09191112599065003
5588.0,0.09020906810193428
5592.0,0.09191112599065003
5596.0,0.09020906810193428
5600.0,0.09191112599065003
5604.0,0.09020906810193428
5608.0,0.09191112599065003
5612.0,0.09020906810193428
5616.0,0.09020906810193428
5620.0,0.09020906810193428
5624.0,0.09191112599065003
5628.0,0.09020906810193428
5632.0,0.09020906810193428
5636.0,0.09020906810193428
5640.0,0.09020906810193428
5644.0,0.09020906810193428
5648.0,0.09020906810193428
5652.0,0.09020906810193428
5656.0,0.09020906810193428
5660.0,0.09191112599065003
5664.0,0.09020906810193428
5668.0,0.09191112599065003
5672.0,0.09020906810193428
5676.0,0.09191112599065003
5680.0,0.09020906810193428
5684.0,0.09020906810193428
5688.0,0.09020906810193428
5692.0,0.09020906810193428
5696.0,0.09020906810193428
5700.0,0.09020906810193428
5704.0,0.09020906810193428
5708.0,0.09191112599065003
5712.0,0.09020906810193428
5716.0,0.09020906810193428
5720.0,0.09020906810193428
5724.0,0.09020906810193428
5728.0,0.09020906810193428
5732.0,0.09020906810193428
5736.0,0.09020906810193428
5740.0,0.09020906810193428
5744.0,0.09191112599065003
5748.0,0.09020906810193428
5752.0,0.09191112599065003
5756.0,0.09020906810193428
5760.0,0.09020906810193428
5764.0,0.09020906810193428
5768.0,0.09020906810193428
5772.0,0.09020906810193428
5776.0,0.09020906810193428
5780.0,0.09020906810193428
5784.0,0.09020906810193428
5788.0,0.09020906810193428
5792.0,0.09020906810193428
5796.0,0.09020906810193428
5800.0,0.09191112599065003
5804.0,0.09020906810193428
5808.0,0.09020906810193428
5812.0,0.09020906810193428
5816.0,0.09020906810193428
5820.0,0.09020906810193428
5824.0,0.09020906810193428
5828.0,0.09020906810193428
5832.0,0.09020906810193428
5836.0,0.09020906810193428
5840.0,0.09191112599065003
5844.0,0.09020906810193428
5848.0,0.09020906810193428
5852.0,0.09191112599065003
5856.0,0.09020906810193428
5860.0,0.09020906810193428
5864.0,0.09020906810193428
5868.0,0.09020906810193428
5872.0,0.09020906810193428
5876.0,0.09020906810193428
5880.0,0.09020906810193428
5884.0,0.09020906810193428
5888.0,0.09020906810193428
5892.0,0.09020906810193428
5896.0,0.09020906810193428
5900.0,0.09020906810193428
5904.0,0.09020906810193428
5908.0,0.09020906810193428
5912.0,0.09020906810193428
5916.0,0.09020906810193428
5920.0,0.09020906810193428
5924.0,0.09020906810193428
5928.0,0.09020906810193428
5932.0,0.09020906810193428
5936.0,0.09020906810193428
5940.0,0.09020906810193428
5944.0,0.09020906810193428
5948.0,0.09020906810193428
5952.0,0.09020906810193428
5956.0,0.09020906810193428
5960.0,0.09191112599065003
5964.0,0.09020906810193428
5968.0,0.09020906810193428
5972.0,0.09020906810193428
5976.0,0.09020906810193428
5980.0,0.09020906810193428
5984.0,0.09020906810193428
5988.0,0.09020906810193428
5992.0,0.09020906810193428
5996.0,0.09020906810193428
6000.0,0.09020906810193428
6004.0,0.09020906810193428
6008.0,0.09020906810193428
6012.0,0.09020906810193428
6016.0,0.09020906810193428
6020.0,0.09020906810193428
6024.0,0.09020906810193428
6028.0,0.09020906810193428
6032.0,0.09020906810193428
6036.0,0.09020906810193428
6040.0,0.09020906810193428
6044.0,0.09020906810193428
6048.0,0.09020906810193428
6052.0,0.09020906810193428
6056.0,0.09020906810193428
6060.0,0.09020906810193428
6064.0,0.09020906810193428
6068.0,0.09020906810193428
6072.0,0.09020906810193428
6076.0,0.09020906810193428
6080.0,0.09020906810193428
6084.0,0.09020906810193428
6088.0,0.09020906810193428
6092.0,0.09020906810193428
6096.0,0.09020906810193428
6100.0,0.09020906810193428
6104.0,0.09020906810193428
6108.0,0.09191112599065003
6112.0,0.08850701021321854
6116.0,0.09020906810193428
6120.0,0.09020906810193428
6124.0,0.09020906810193428
6128.0,0.09020906810193428
6132.0,0.09020906810193428
6136.0,0.09020906810193428
6140.0,0.09020906810193428
6144.0,0.09020906810193428
6148.0,0.09020906810193428
6152.0,0.09020906810193428
6156.0,0.09020906810193428
6160.0,0.09020906810193428
6164.0,0.09020906810193428
6168.0,0.09020906810193428
6172.0,0.09020906810193428
6176.0,0.09020906810193428
6180.0,0.09020906810193428
6184.0,0.09020906810193428
6188.0,0.09020906810193428
6192.0,0.09020906810193428
6196.0,0.09020906810193428
6200.0,0.09020906810193428
6204.0,0.09020906810193428
6208.0,0.09020906810193428
6212.0,0.09020906810193428
6216.0,0.09020906810193428
6220.0,0.09020906810193428
6224.0,0.08850701021321854
6228.0,0.09020906810193428
6232.0,0.09020906810193428
6236.0,0.09020906810193428
6240.0,0.09020906810193428
6244.0,0.09020906810193428
6248.0,0.08850701021321854
6252.0,0.09020906810193428
6256.0,0.08850701021321854
6260.0,0.08850701021321854
6264.0,0.09020906810193428
6268.0,0.09020906810193428
6272.0,0.08850701021321854
6276.0,0.09020906810193428
6280.0,0.09020906810193428
6284.0,0.09020906810193428
6288.0,0.08850701021321854
6292.0,0.09020906810193428
6296.0,0.08850701021321854
6300.0,0.09020906810193428
6304.0,0.08850701021321854
6308.0,0.09020906810193428
6312.0,0.09020906810193428
6316.0,0.09020906810193428
6320.0,0.09020906810193428
6324.0,0.09020906810193428
6328.0,0.08850701021321854
6332.0,0.08850701021321854
6336.0,0.08850701021321854
6340.0,0.08850701021321854
6344.0,0.09020906810193428
6348.0,0.09020906810193428
6352.0,0.09020906810193428
6356.0,0.09020906810193428
6360.0,0.08850701021321854
6364.0,0.08850701021321854
6368.0,0.08850701021321854
6372.0,0.09020906810193428
6376.0,0.09020906810193428
6380.0,0.08850701021321854
6384.0,0.09020906810193428
6388.0,0.09020906810193428
6392.0,0.09020906810193428
6396.0,0.09020906810193428
6400.0,0.09020906810193428
6404.0,0.08850701021321854
6408.0,0.08850701021321854
6412.0,0.08850701021321854
6416.0,0.09020906810193428
6420.0,0.09020906810193428
6424.0,0.08850701021321854
6428.0,0.09020906810193428
6432.0,0.08850701021321854
6436.0,0.09020906810193428
6440.0,0.08850701021321854
6444.0,0.09020906810193428
6448.0,0.08850701021321854
6452.0,0.09020906810193428
6456.0,0.08850701021321854
6460.0,0.09020906810193428
6464.0,0.08850701021321854
6468.0,0.09020906810193428
6472.0,0.08850701021321854
6476.0,0.09020906810193428
6480.0,0.08850701021321854
6484.0,0.09020906810193428
6488.0,0.08850701021321854
6492.0,0.09020906810193428
6496.0,0.08850701021321854
6500.0,0.09020906810193428
6504.0,0.08850701021321854
6508.0,0.08850701021321854
6512.0,0.08850701021321854
6516.0,0.08850701021321854
6520.0,0.08850701021321854
6524.0,0.08850701021321854
6528.0,0.08850701021321854
6532.0,0.09020906810193428
6536.0,0.09020906810193428
6540.0,0.09020906810193428
6544.0,0.08850701021321854
6548.0,0.09020906810193428
6552.0,0.08850701021321854
6556.0,0.08850701021321854
6560.0,0.08850701021321854
6564.0,0.08850701021321854
6568.0,0.08850701021321854
6572.0,0.09020906810193428
6576.0,0.08850701021321854
6580.0,0.09020906810193428
6584.0,0.09020906810193428
6588.0,0.09020906810193428
6592.0,0.08850701021321854
6596.0,0.08850701021321854
6600.0,0.09020906810193428
6604.0,0.09020906810193428
6608.0,0.09020906810193428
6612.0,0.09020906810193428
6616.0,0.09020906810193428
6620.0,0.09020906810193428
6624.0,0.08850701021321854
6628.0,0.09020906810193428
6632.0,0.09020906810193428
6636.0,0.08850701021321854
6640.0,0.08850701021321854
6644.0,0.08850701021321854
6648.0,0.09020906810193428
6652.0,0.09020906810193428
6656.0,0.09020906810193428
6660.0,0.09020906810193428
6664.0,0.08850701021321854
6668.0,0.09020906810193428
6672.0,0.08850701021321854
6676.0,0.09020906810193428
6680.0,0.08850701021321854
6684.0,0.09020906810193428
6688.0,0.08850701021321854
6692.0,0.09020906810193428
6696.0,0.08850701021321854
6700.0,0.09020906810193428
6704.0,0.08850701021321854
6708.0,0.08850701021321854
6712.0,0.09020906810193428
6716.0,0.09020906810193428
6720.0,0.09020906810193428
6724.0,0.08850701021321854
6728.0,0.08850701021321854
6732.0,0.08850701021321854
6736.0,0.08850701021321854
6740.0,0.08850701021321854
6744.0,0.08850701021321854
6748.0,0.08850701021321854
6752.0,0.09020906810193428
6756.0,0.09020906810193428
6760.0,0.09020906810193428
6764.0,0.09020906810193428
6768.0,0.09020906810193428
6772.0,0.09020906810193428
6776.0,0.09020906810193428
6780.0,0.08850701021321854
6784.0,0.09020906810193428
6788.0,0.09020906810193428
6792.0,0.09020906810193428
6796.0,0.09020906810193428
6800.0,0.09020906810193428
6804.0,0.09020906810193428
6808.0,0.09020906810193428
6812.0,0.08850701021321854
6816.0,0.08850701021321854
6820.0,0.09020906810193428
6824.0,0.09020906810193428
6828.0,0.08850701021321854
6832.0,0.08850701021321854
6836.0,0.09020906810193428
6840.0,0.09020906810193428
6844.0,0.09020906810193428
6848.0,0.09020906810193428
6852.0,0.09020906810193428
6856.0,0.08850701021321854
6860.0,0.09020906810193428
6864.0,0.09020906810193428
6868.0,0.09020906810193428
6872.0,0.08850701021321854
6876.0,0.09020906810193428
6880.0,0.09020906810193428
6884.0,0.09020906810193428
6888.0,0.08850701021321854
6892.0,0.09020906810193428
6896.0,0.08850701021321854
6900.0,0.09020906810193428
6904.0,0.09020906810193428
6908.0,0.09020906810193428
6912.0,0.08850701021321854
6916.0,0.09020906810193428
6920.0,0.09020906810193428
6924.0,0.09020906810193428
6928.0,0.09020906810193428
6932.0,0.09020906810193428
6936.0,0.09020906810193428
6940.0,0.09020906810193428
6944.0,0.09020906810193428
6948.0,0.09020906810193428
6952.0,0.09020906810193428
6956.0,0.09020906810193428
6960.0,0.09020906810193428
6964.0,0.09020906810193428
6968.0,0.09020906810193428
6972.0,0.09020906810193428
6976.0,0.09020906810193428
6980.0,0.08850701021321854
6984.0,0.09020906810193428
6988.0,0.09020906810193428
6992.0,0.09020906810193428
6996.0,0.09020906810193428
7000.0,0.08850701021321854
7004.0,0.08850701021321854
7008.0,0.09020906810193428
7012.0,0.08850701021321854
7016.0,0.08850701021321854
7020.0,0.08850701021321854
7024.0,0.09020906810193428
7028.0,0.09020906810193428
7032.0,0.08850701021321854
7036.0,0.09020906810193428
7040.0,0.09020906810193428
7044.0,0.09020906810193428
7048.0,0.08850701021321854
7052.0,0.09020906810193428
7056.0,0.08850701021321854
7060.0,0.09020906810193428
7064.0,0.08850701021321854
7068.0,0.09020906810193428
7072.0,0.08850701021321854
7076.0,0.09020906810193428
7080.0,0.08850701021321854
7084.0,0.09020906810193428
7088.0,0.08850701021321854
7092.0,0.09020906810193428
7096.0,0.08850701021321854
7100.0,0.09020906810193428
7104.0,0.08850701021321854
7108.0,0.09020906810193428
7112.0,0.08850701021321854
7116.0,0.09020906810193428
7120.0,0.08850701021321854
7124.0,0.09020906810193428
7128.0,0.09020906810193428
7132.0,0.09020906810193428
7136.0,0.09020906810193428
7140.0,0.09020906810193428
7144.0,0.09020906810193428
7148.0,0.09020906810193428
7152.0,0.08850701021321854
7156.0,0.09020906810193428
7160.0,0.08850701021321854
7164.0,0.08850701021321854
7168.0,0.09020906810193428
7172.0,0.09020906810193428
7176.0,0.09020906810193428
7180.0,0.09020906810193428
7184.0,0.09020906810193428
7188.0,0.09020906810193428
7192.0,0.08850701021321854
7196.0,0.08850701021321854
7200.0,0.08850701021321854
7204.0,0.08850701021321854
7208.0,0.08850701021321854
7212.0,0.09020906810193428
7216.0,0.08850701021321854
7220.0,0.08850701021321854
7224.0,0.08850701021321854
7228.0,0.08850701021321854
7232.0,0.08850701021321854
7236.0,0.08850701021321854
7240.0,0.09020906810193428
7244.0,0.09020906810193428
7248.0,0.08850701021321854
7252.0,0.09020906810193428
7256.0,0.08850701021321854
7260.0,0.09020906810193428
7264.0,0.08850701021321854
7268.0,0.08850701021321854
7272.0,0.08850701021321854
7276.0,0.08850701021321854
7280.0,0.08850701021321854
7284.0,0.08850701021321854
7288.0,0.08850701021321854
7292.0,0.09020906810193428
7296.0,0.08850701021321854
7300.0,0.09020906810193428
7304.0,0.08850701021321854
7308.0,0.09020906810193428
7312.0,0.08850701021321854
7316.0,0.09020906810193428
7320.0,0.08850701021321854
7324.0,0.08850701021321854
7328.0,0.08850701021321854
7332.0,0.08850701021321854
7336.0,0.08850701021321854
7340.0,0.08850701021321854
7344.0,0.08850701021321854
7348.0,0.08850701021321854
7352.0,0.08850701021321854
7356.0,0.09020906810193428
7360.0,0.08850701021321854
7364.0,0.09020906810193428
7368.0,0.08850701021321854
7372.0,0.09020906810193428
7376.0,0.08850701021321854
7380.0,0.08850701021321854
7384.0,0.08850701021321854
7388.0,0.08850701021321854
7392.0,0.08850701021321854
7396.0,0.08850701021321854
7400.0,0.09020906810193428
7404.0,0.08850701021321854
7408.0,0.08850701021321854
7412.0,0.08850701021321854
7416.0,0.08850701021321854
7420.0,0.08850701021321854
7424.0,0.08850701021321854
7428.0,0.09020906810193428
7432.0,0.08850701021321854
7436.0,0.08850701021321854
7440.0,0.08850701021321854
7444.0,0.08850701021321854
7448.0,0.08850701021321854
7452.0,0.08850701021321854
7456.0,0.08850701021321854
7460.0,0.08850701021321854
7464.0,0.08850701021321854
7468.0,0.09020906810193428
7472.0,0.08850701021321854
7476.0,0.08850701021321854
7480.0,0.08850701021321854
7484.0,0.09020906810193428
7488.0,0.08850701021321854
7492.0,0.09020906810193428
7496.0,0.08850701021321854
7500.0,0.08850701021321854
7504.0,0.08850701021321854
7508.0,0.09020906810193428
7512.0,0.08850701021321854
7516.0,0.08850701021321854
7520.0,0.08850701021321854
7524.0,0.09020906810193428
7528.0,0.08850701021321854
7532.0,0.08850701021321854
7536.0,0.08850701021321854
7540.0,0.08850701021321854
7544.0,0.08850701021321854
7548.0,0.08850701021321854
7552.0,0.08850701021321854
7556.0,0.08850701021321854
7560.0,0.08850701021321854
7564.0,0.08850701021321854
7568.0,0.09020906810193428
7572.0,0.08850701021321854
7576.0,0.08850701021321854
7580.0,0.08850701021321854
7584.0,0.08850701021321854
7588.0,0.08850701021321854
7592.0,0.08850701021321854
7596.0,0.08850701021321854
7600.0,0.08850701021321854
7604.0,0.08850701021321854
7608.0,0.08850701021321854
7612.0,0.08850701021321854
7616.0,0.08850701021321854
7620.0,0.08850701021321854
7624.0,0.08850701021321854
7628.0,0.08850701021321854
7632.0,0.08850701021321854
7636.0,0.08850701021321854
7640.0,0.08850701021321854
7644.0,0.08850701021321854
7648.0,0.08850701021321854
7652.0,0.08850701021321854
7656.0,0.08850701021321854
7660.0,0.08850701021321854
7664.0,0.08850701021321854
7668.0,0.08850701021321854
7672.0,0.08850701021321854
7676.0,0.08850701021321854
7680.0,0.08850701021321854
7684.0,0.08850701021321854
7688.0,0.08850701021321854
7692.0,0.08850701021321854
7696.0,0.08850701021321854
7700.0,0.08850701021321854
7704.0,0.08850701021321854
7708.0,0.08850701021321854
7712.0,0.08850701021321854
7716.0,0.08850701021321854
7720.0,0.08850701021321854
7724.0,0.08850701021321854
7728.0,0.08850701021321854
7732.0,0.08850701021321854
7736.0,0.08850701021321854
7740.0,0.08850701021321854
7744.0,0.08850701021321854
7748.0,0.08850701021321854
7752.0,0.08850701021321854
7756.0,0.08850701021321854
7760.0,0.08850701021321854
7764.0,0.08850701021321854
7768.0,0.08850701021321854
7772.0,0.08850701021321854
7776.0,0.08850701021321854
7780.0,0.08850701021321854
7784.0,0.08850701021321854
7788.0,0.08850701021321854
7792.0,0.08850701021321854
7796.0,0.08850701021321854
7800.0,0.08850701021321854
7804.0,0.08850701021321854
7808.0,0.08850701021321854
7812.0,0.08850701021321854
7816.0,0.08850701021321854
7820.0,0.08850701021321854
7824.0,0.08850701021321854
7828.0,0.08850701021321854
7832.0,0.08850701021321854
7836.0,0.08850701021321854
7840.0,0.08850701021321854
7844.0,0.08850701021321854
7848.0,0.08850701021321854
7852.0,0.08850701021321854
7856.0,0.08850701021321854
7860.0,0.08850701021321854
7864.0,0.08850701021321854
7868.0,0.08850701021321854
7872.0,0.08850701021321854
7876.0,0.08850701021321854
7880.0,0.08850701021321854
7884.0,0.08850701021321854
7888.0,0.08850701021321854
7892.0,0.08850701021321854
7896.0,0.08850701021321854
7900.0,0.08850701021321854
7904.0,0.08850701021321854
7908.0,0.08850701021321854
7912.0,0.08850701021321854
7916.0,0.08850701021321854
7920.0,0.08850701021321854
7924.0,0.08850701021321854
7928.0,0.08850701021321854
7932.0,0.08850701021321854
7936.0,0.08850701021321854
7940.0,0.08850701021321854
7944.0,0.08850701021321854
7948.0,0.08850701021321854
7952.0,0.08850701021321854
7956.0,0.08850701021321854
7960.0,0.08850701021321854
7964.0,0.08850701021321854
7968.0,0.08850701021321854
7972.0,0.08850701021321854
7976.0,0.08850701021321854
7980.0,0.08850701021321854
7984.0,0.08850701021321854
7988.0,0.08850701021321854
7992.0,0.08850701021321854
7996.0,0.08850701021321854
8000.0,0.08850701021321854
8004.0,0.08850701021321854
8007.999999999999,0.08850701021321854
8012.0,0.08850701021321854
8016.0,0.08850701021321854
8020.0,0.08850701021321854
8023.999999999999,0.08850701021321854
8028.000000000001,0.08850701021321854
8032.0,0.08850701021321854
8036.0,0.08850701021321854
8039.999999999999,0.08850701021321854
8044.000000000001,0.08850701021321854
8048.0,0.08850701021321854
8052.0,0.08850701021321854
8055.999999999999,0.08850701021321854
8060.000000000001,0.08850701021321854
8064.0,0.08850701021321854
8068.0,0.08850701021321854
8071.999999999999,0.08850701021321854
8076.000000000001,0.08850701021321854
8080.0,0.08850701021321854
8084.0,0.08850701021321854
8087.999999999999,0.08850701021321854
8092.000000000001,0.08850701021321854
8096.0,0.08850701021321854
8100.0,0.08850701021321854
8103.999999999999,0.08850701021321854
8108.000000000001,0.08850701021321854
8112.0,0.08850701021321854
8116.0,0.08850701021321854
8119.999999999999,0.08850701021321854
8124.000000000001,0.08850701021321854
8128.0,0.08850701021321854
8132.0,0.08850701021321854
8135.999999999999,0.08850701021321854
8140.000000000001,0.08850701021321854
8144.0,0.08850701021321854
8148.0,0.08850701021321854
8151.999999999999,0.08850701021321854
8156.000000000001,0.08850701021321854
8160.0,0.08850701021321854
8164.0,0.08850701021321854
8167.999999999999,0.08850701021321854
8172.000000000001,0.08850701021321854
8176.0,0.08850701021321854
8180.0,0.08850701021321854
8183.999999999999,0.08850701021321854
8188.000000000001,0.08850701021321854
8192.0,0.08850701021321854
8196.0,0.08850701021321854
8200.0,0.08850701021321854
8204.0,0.08850701021321854
8208.0,0.08850701021321854
8212.0,0.08850701021321854
8216.0,0.08850701021321854
8220.0,0.08850701021321854
8224.0,0.08850701021321854
8228.0,0.08850701021321854
8232.0,0.08850701021321854
8236.0,0.08850701021321854
8240.0,0.08850701021321854
8244.0,0.08850701021321854
8248.0,0.08850701021321854
8252.0,0.08850701021321854
8256.0,0.08850701021321854
8260.0,0.08850701021321854
8264.0,0.08850701021321854
8268.0,0.08850701021321854
8272.0,0.08850701021321854
8276.0,0.08850701021321854
8280.0,0.08850701021321854
8284.0,0.08850701021321854
8288.0,0.08850701021321854
8292.0,0.08850701021321854
8296.0,0.08850701021321854
8300.0,0.08850701021321854
8304.0,0.08850701021321854
8308.0,0.08850701021321854
8312.0,0.08850701021321854
8316.0,0.08850701021321854
8320.0,0.08850701021321854
8324.0,0.08850701021321854
8328.0,0.08850701021321854
8332.0,0.08850701021321854
8336.0,0.08850701021321854
8340.0,0.08850701021321854
8344.0,0.08850701021321854
8348.0,0.08850701021321854
8352.0,0.08850701021321854
8356.0,0.08850701021321854
8360.0,0.08850701021321854
8364.0,0.08850701021321854
8368.0,0.08850701021321854
8372.0,0.08850701021321854
8376.0,0.08850701021321854
8380.0,0.08850701021321854
8384.0,0.08850701021321854
8388.0,0.08850701021321854
8392.0,0.08850701021321854
8396.0,0.08680495232450278
8400.0,0.08850701021321854
8404.0,0.08850701021321854
8408.0,0.08850701021321854
8412.0,0.08680495232450278
8416.0,0.08850701021321854
8420.0,0.08850701021321854
8424.0,0.08850701021321854
8428.0,0.08850701021321854
8432.0,0.08850701021321854
8436.0,0.08850701021321854
8440.0,0.08850701021321854
8444.0,0.08680495232450278
8448.0,0.08850701021321854
8452.0,0.08850701021321854
8456.0,0.08680495232450278
8460.0,0.08850701021321854
8464.0,0.08680495232450278
8468.0,0.08850701021321854
8472.0,0.08850701021321854
8476.0,0.08850701021321854
8480.0,0.08850701021321854
8484.0,0.08850701021321854
8488.0,0.08850701021321854
8492.0,0.08850701021321854
8496.0,0.08850701021321854
8500.0,0.08850701021321854
8504.0,0.08850701021321854
8508.0,0.08850701021321854
8512.0,0.08850701021321854
8516.0,0.08850701021321854
8520.0,0.08680495232450278
8524.0,0.08850701021321854
8528.0,0.08850701021321854
8532.0,0.08850701021321854
8536.0,0.08850701021321854
8540.0,0.08680495232450278
8544.0,0.08850701021321854
8548.0,0.08850701021321854
8552.0,0.08850701021321854
8556.0,0.08850701021321854
8560.0,0.08850701021321854
8564.0,0.08680495232450278
8568.0,0.08850701021321854
8572.0,0.08850701021321854
8576.0,0.08850701021321854
8580.0,0.08680495232450278
8584.0,0.08850701021321854
8588.0,0.08850701021321854
8592.0,0.08850701021321854
8596.0,0.08850701021321854
8600.0,0.08850701021321854
8604.0,0.08680495232450278
8608.0,0.08850701021321854
8612.0,0.08850701021321854
8616.0,0.08850701021321854
8620.0,0.08680495232450278
8624.0,0.08850701021321854
8628.0,0.08850701021321854
8632.0,0.08850701021321854
8636.0,0.08850701021321854
8640.0,0.08850701021321854
8644.0,0.08850701021321854
8648.0,0.08850701021321854
8652.0,0.08850701021321854
8656.0,0.08850701021321854
8660.0,0.08850701021321854
8664.0,0.08850701021321854
8668.0,0.08850701021321854
8672.0,0.08850701021321854
8676.0,0.08850701021321854
8680.0,0.08850701021321854
8684.0,0.08680495232450278
8688.0,0.08850701021321854
8692.0,0.08850701021321854
8696.0,0.08850701021321854
8700.0,0.08850701021321854
8704.0,0.08850701021321854
8708.0,0.08850701021321854
8712.0,0.08850701021321854
8716.0,0.08850701021321854
8720.0,0.08850701021321854
8724.0,0.08850701021321854
8728.0,0.08850701021321854
8732.0,0.08850701021321854
8736.0,0.08850701021321854
8740.0,0.08680495232450278
8744.0,0.08850701021321854
8748.0,0.08680495232450278
8752.0,0.08850701021321854
8756.0,0.08850701021321854
8760.0,0.08850701021321854
8764.0,0.08680495232450278
8768.0,0.08850701021321854
8772.0,0.08680495232450278
8776.0,0.08850701021321854
8780.0,0.08680495232450278
8784.0,0.08850701021321854
8788.0,0.08850701021321854
8792.0,0.08850701021321854
8796.0,0.08850701021321854
8800.0,0.08850701021321854
8804.0,0.08680495232450278
8808.0,0.08850701021321854
8812.0,0.08680495232450278
8816.0,0.08850701021321854
8820.0,0.08680495232450278
8824.0,0.08680495232450278
8828.0,0.08680495232450278
8832.0,0.08850701021321854
8836.0,0.08850701021321854
8840.0,0.08850701021321854
8844.0,0.08850701021321854
8848.0,0.08680495232450278
8852.0,0.08680495232450278
8856.0,0.08680495232450278
8860.0,0.08680495232450278
8864.0,0.08680495232450278
8868.0,0.08850701021321854
8872.0,0.08680495232450278
8876.0,0.08850701021321854
8880.0,0.08850701021321854
8884.0,0.08850701021321854
8888.0,0.08680495232450278
8892.0,0.08850701021321854
8896.0,0.08850701021321854
8900.0,0.08680495232450278
8904.0,0.08680495232450278
8908.0,0.08850701021321854
8912.0,0.08850701021321854
8916.0,0.08680495232450278
8920.0,0.08850701021321854
8924.0,0.08850701021321854
8928.0,0.08850701021321854
8932.0,0.08680495232450278
8936.0,0.08680495232450278
8940.0,0.08680495232450278
8944.0,0.08850701021321854
8948.0,0.08850701021321854
8952.0,0.08850701021321854
8956.0,0.08850701021321854
8960.0,0.08850701021321854
8964.0,0.08680495232450278
8968.0,0.08850701021321854
8972.0,0.08680495232450278
8976.0,0.08850701021321854
8980.0,0.08680495232450278
8984.0,0.08850701021321854
8988.0,0.08850701021321854
8992.0,0.08680495232450278
8996.0,0.08680495232450278
9000.0,0.08850701021321854
9004.0,0.08680495232450278
9008.0,0.08850701021321854
9012.0,0.08680495232450278
9016.0,0.08680495232450278
9020.0,0.08680495232450278
9024.0,0.08680495232450278
9028.0,0.08680495232450278
9032.0,0.08850701021321854
9036.0,0.08680495232450278
9040.0,0.08850701021321854
9044.0,0.08680495232450278
9048.0,0.08680495232450278
9052.0,0.08850701021321854
9056.0,0.08680495232450278
9060.0,0.08850701021321854
9064.0,0.08850701021321854
9068.0,0.08680495232450278
9072.0,0.08850701021321854
9076.0,0.08850701021321854
9080.0,0.08680495232450278
9084.0,0.08850701021321854
9088.0,0.08850701021321854
9092.0,0.08680495232450278
9096.0,0.08680495232450278
9100.0,0.08850701021321854
9104.0,0.08680495232450278
9108.0,0.08850701021321854
9112.0,0.08680495232450278
9116.0,0.08850701021321854
9120.0,0.08850701021321854
9124.0,0.08850701021321854
9128.0,0.08680495232450278
9132.0,0.08680495232450278
9136.0,0.08850701021321854
9140.0,0.08680495232450278
9144.0,0.08850701021321854
9148.0,0.08680495232450278
9152.0,0.08850701021321854
9156.0,0.08680495232450278
9160.0,0.08680495232450278
9164.0,0.08680495232450278
9168.0,0.08850701021321854
9172.0,0.08680495232450278
9176.0,0.08680495232450278
9180.0,0.08680495232450278
9184.0,0.08850701021321854
9188.0,0.08680495232450278
9192.0,0.08850701021321854
9196.0,0.08680495232450278
9200.0,0.08680495232450278
9204.0,0.08680495232450278
9208.0,0.08680495232450278
9212.0,0.08680495232450278
9216.0,0.08850701021321854
9220.0,0.08680495232450278
9224.0,0.08850701021321854
9228.0,0.08680495232450278
9232.0,0.08680495232450278
9236.0,0.08680495232450278
9240.0,0.08680495232450278
9244.0,0.08680495232450278
9248.0,0.08680495232450278
9252.0,0.08680495232450278
9256.0,0.08680495232450278
9260.0,0.08850701021321854
9264.0,0.08680495232450278
9268.0,0.08680495232450278
9272.0,0.08680495232450278
9276.0,0.08680495232450278
9280.0,0.08680495232450278
9284.0,0.08680495232450278
9288.0,0.08680495232450278
9292.0,0.08850701021321854
9296.0,0.08680495232450278
9300.0,0.08680495232450278
9304.0,0.08680495232450278
9308.0,0.08680495232450278
9312.0,0.08680495232450278
9316.0,0.08680495232450278
9320.0,0.08680495232450278
9324.0,0.08680495232450278
9328.0,0.08680495232450278
9332.0,0.08680495232450278
9336.0,0.08680495232450278
9340.0,0.08680495232450278
9344.0,0.08680495232450278
9348.0,0.08680495232450278
9352.0,0.08850701021321854
9356.0,0.08680495232450278
9360.0,0.08850701021321854
9364.0,0.08680495232450278
9368.0,0.08850701021321854
9372.0,0.08680495232450278
9376.0,0.08680495232450278
9380.0,0.08850701021321854
9384.0,0.08680495232450278
9388.0,0.08680495232450278
9392.0,0.08680495232450278
9396.0,0.08680495232450278
9400.0,0.08850701021321854
9404.0,0.08680495232450278
9408.0,0.08680495232450278
9412.0,0.08680495232450278
9416.0,0.08680495232450278
9420.0,0.08680495232450278
9424.0,0.08850701021321854
9428.0,0.08680495232450278
9432.0,0.08680495232450278
9436.0,0.08680495232450278
9440.0,0.08680495232450278
9444.0,0.08680495232450278
9448.0,0.08680495232450278
9452.0,0.08680495232450278
9456.0,0.08680495232450278
9460.0,0.08680495232450278
9464.0,0.08680495232450278
9468.0,0.08680495232450278
9472.0,0.08680495232450278
9476.0,0.08850701021321854
9480.0,0.08680495232450278
9484.0,0.08680495232450278
9488.0,0.08680495232450278
9492.0,0.08680495232450278
9496.0,0.08680495232450278
9500.0,0.08680495232450278
9504.0,0.08680495232450278
9508.0,0.08680495232450278
9512.0,0.08680495232450278
9516.0,0.08680495232450278
9520.0,0.08680495232450278
9524.0,0.08680495232450278
9528.0,0.08680495232450278
9532.0,0.08680495232450278
9536.0,0.08680495232450278
9540.0,0.08680495232450278
9544.0,0.08680495232450278
9548.0,0.08680495232450278
9552.0,0.08680495232450278
9556.0,0.08680495232450278
9560.0,0.08680495232450278
9564.0,0.08680495232450278
9568.0,0.08680495232450278
9572.0,0.08680495232450278
9576.0,0.08850701021321854
9580.0,0.08680495232450278
9584.0,0.08850701021321854
9588.0,0.08680495232450278
9592.0,0.08680495232450278
9596.0,0.08680495232450278
9600.0,0.08680495232450278
9604.0,0.08680495232450278
9608.0,0.08680495232450278
9612.0,0.08680495232450278
9616.0,0.08680495232450278
9620.0,0.08680495232450278
9624.0,0.08680495232450278
9628.0,0.08680495232450278
9632.0,0.08680495232450278
9636.0,0.08680495232450278
9640.0,0.08680495232450278
9644.0,0.08680495232450278
9648.0,0.08680495232450278
9652.0,0.08680495232450278
9656.0,0.08680495232450278
9660.0,0.08680495232450278
9664.0,0.08680495232450278
9668.0,0.08680495232450278
9672.0,0.08680495232450278
9676.0,0.08680495232450278
9680.0,0.08680495232450278
9684.0,0.08680495232450278
9688.0,0.08680495232450278
9692.0,0.08680495232450278
9696.0,0.08680495232450278
9700.0,0.08680495232450278
9704.0,0.08680495232450278
9708.0,0.08680495232450278
9712.0,0.08680495232450278
9716.0,0.08680495232450278
9720.0,0.08680495232450278
9724.0,0.08680495232450278
9728.0,0.08680495232450278
9732.0,0.08680495232450278
9736.0,0.08680495232450278
9740.0,0.08680495232450278
9744.0,0.08680495232450278
9748.0,0.08680495232450278
9752.0,0.08680495232450278
9756.0,0.08680495232450278
9760.0,0.08850701021321854
9764.0,0.08680495232450278
9768.0,0.08850701021321854
9772.0,0.08680495232450278
9776.0,0.08680495232450278
9780.0,0.08680495232450278
9784.0,0.08680495232450278
9788.0,0.08680495232450278
9792.0,0.08680495232450278
9796.0,0.08680495232450278
9800.0,0.08680495232450278
9804.0,0.08680495232450278
9808.0,0.08680495232450278
9812.0,0.08680495232450278
9816.0,0.08680495232450278
9820.0,0.08680495232450278
9824.0,0.08680495232450278
9828.0,0.08680495232450278
9832.0,0.08680495232450278
9836.0,0.08680495232450278
9840.0,0.08680495232450278
9844.0,0.08680495232450278
9848.0,0.08680495232450278
9852.0,0.08680495232450278
9856.0,0.08680495232450278
9860.0,0.08680495232450278
9864.0,0.08680495232450278
9868.0,0.08680495232450278
9872.0,0.08680495232450278
9876.0,0.08680495232450278
9880.0,0.08680495232450278
9884.0,0.08680495232450278
9888.0,0.08680495232450278
9892.0,0.08680495232450278
9896.0,0.08680495232450278
9900.0,0.08680495232450278
9904.0,0.08680495232450278
9908.0,0.08680495232450278
9912.0,0.08680495232450278
9916.0,0.08680495232450278
9920.0,0.08680495232450278
9924.0,0.08680495232450278
9928.0,0.08680495232450278
9932.0,0.08680495232450278
9936.0,0.08680495232450278
9940.0,0.08680495232450278
9944.0,0.08680495232450278
9948.0,0.08680495232450278
9952.0,0.08680495232450278
9956.0,0.08680495232450278
9960.0,0.08680495232450278
9964.0,0.08680495232450278
9968.0,0.08680495232450278
9972.0,0.08680495232450278
9976.0,0.08680495232450278
9980.0,0.08680495232450278
9984.0,0.08680495232450278
9988.0,0.08680495232450278
9992.0,0.08680495232450278
9996.0,0.08680495232450278
10000.0,0.08680495232450278
10004.0,0.08680495232450278
10008.0,0.08680495232450278
10012.0,0.08680495232450278
10016.0,0.08680495232450278
10020.0,0.08680495232450278
10024.0,0.08680495232450278
10028.0,0.08680495232450278
10032.0,0.08680495232450278
10036.0,0.08680495232450278
10040.0,0.08680495232450278
10044.0,0.08680495232450278
10048.0,0.08680495232450278
10052.0,0.08680495232450278
10056.0,0.08680495232450278
10060.0,0.08680495232450278
10064.0,0.08680495232450278
10068.0,0.08680495232450278
10072.0,0.08680495232450278
10076.0,0.08680495232450278
10080.0,0.08680495232450278
10084.0,0.08680495232450278
10088.0,0.08680495232450278
10092.0,0.08680495232450278
10096.0,0.08680495232450278
10100.0,0.08680495232450278
10104.0,0.08680495232450278
10108.0,0.08680495232450278
10112.0,0.08680495232450278
10116.0,0.08680495232450278
10120.0,0.08680495232450278
10124.0,0.08680495232450278
10128.0,0.08680495232450278
10132.0,0.08680495232450278
10136.0,0.08680495232450278
10140.0,0.08680495232450278
10144.0,0.08680495232450278
10148.0,0.08680495232450278
10152.0,0.08680495232450278
10156.0,0.08680495232450278
10160.0,0.08680495232450278
10164.0,0.08680495232450278
10168.0,0.08680495232450278
10172.0,0.08680495232450278
10176.0,0.08680495232450278
10180.0,0.08680495232450278
10184.0,0.08680495232450278
10188.0,0.08680495232450278
10192.0,0.08680495232450278
10196.0,0.08680495232450278
10200.0,0.08680495232450278
10204.0,0.08680495232450278
10208.0,0.08680495232450278
10212.0,0.08680495232450278
10216.0,0.08680495232450278
10220.0,0.08680495232450278
10224.0,0.08680495232450278
10228.0,0.08680495232450278
10232.0,0.08680495232450278
10236.0,0.08680495232450278
10240.0,0.08680495232450278
10244.0,0.08680495232450278
10248.0,0.08680495232450278
10252.0,0.08680495232450278
10256.0,0.08680495232450278
10260.0,0.08680495232450278
10264.0,0.08680495232450278
10268.0,0.08680495232450278
10272.0,0.08680495232450278
10276.0,0.08680495232450278
10280.0,0.08680495232450278
10284.0,0.08680495232450278
10288.0,0.08680495232450278
10292.0,0.08680495232450278
10296.0,0.08680495232450278
10300.0,0.08680495232450278
10304.0,0.08680495232450278
10308.0,0.08680495232450278
10312.0,0.08680495232450278
10316.0,0.08680495232450278
10320.0,0.08680495232450278
10324.0,0.08680495232450278
10328.0,0.08680495232450278
10332.0,0.08680495232450278
10336.0,0.08680495232450278
10340.0,0.08680495232450278
10344.0,0.08680495232450278
10348.0,0.08680495232450278
10352.0,0.08680495232450278
10356.0,0.08680495232450278
10360.0,0.08680495232450278
10364.0,0.08680495232450278
10368.0,0.08680495232450278
10372.0,0.08680495232450278
10376.0,0.08680495232450278
10380.0,0.08680495232450278
10384.0,0.08680495232450278
10388.0,0.08680495232450278
10392.0,0.08680495232450278
10396.0,0.08680495232450278
10400.0,0.08680495232450278
10404.0,0.08680495232450278
10408.0,0.08680495232450278
10412.0,0.08680495232450278
10416.0,0.08680495232450278
10420.0,0.08680495232450278
10424.0,0.08680495232450278
10428.0,0.08680495232450278
10432.0,0.08680495232450278
10436.0,0.08680495232450278
10440.0,0.08680495232450278
10444.0,0.08680495232450278
10448.0,0.08680495232450278
10452.0,0.08680495232450278
10456.0,0.08680495232450278
10460.0,0.08680495232450278
10464.0,0.08680495232450278
10468.0,0.08680495232450278
10472.0,0.08680495232450278
10476.0,0.08680495232450278
10480.0,0.08680495232450278
10484.0,0.08680495232450278
10488.0,0.08680495232450278
10492.0,0.08680495232450278
10496.0,0.08680495232450278
10500.0,0.08680495232450278
10504.0,0.08680495232450278
10508.0,0.08680495232450278
10512.0,0.08680495232450278
10516.0,0.08680495232450278
10520.0,0.08680495232450278
10524.0,0.08680495232450278
10528.0,0.08680495232450278
10532.0,0.08680495232450278
10536.0,0.08680495232450278
10540.0,0.08680495232450278
10544.0,0.08680495232450278
10548.0,0.08680495232450278
10552.0,0.08680495232450278
10556.0,0.08680495232450278
10560.0,0.08680495232450278
10564.0,0.08680495232450278
10568.0,0.08680495232450278
10572.0,0.08680495232450278
10576.0,0.08680495232450278
10580.0,0.08680495232450278
10584.0,0.08680495232450278
10588.0,0.08680495232450278
10592.0,0.08680495232450278
10596.0,0.08680495232450278
10600.0,0.08680495232450278
10604.0,0.08680495232450278
10608.0,0.08680495232450278
10612.0,0.08680495232450278
10616.0,0.08680495232450278
10620.0,0.08680495232450278
10624.0,0.08680495232450278
10628.0,0.08680495232450278
10632.0,0.08680495232450278
10636.0,0.08680495232450278
10640.0,0.08680495232450278
10644.0,0.08680495232450278
10648.0,0.08680495232450278
10652.0,0.08680495232450278
10656.0,0.08680495232450278
10660.0,0.08680495232450278
10664.0,0.08680495232450278
10668.0,0.08680495232450278
10672.0,0.08680495232450278
10676.0,0.08680495232450278
10680.0,0.08680495232450278
10684.0,0.08680495232450278
10688.0,0.08680495232450278
10692.0,0.08680495232450278
10696.0,0.08680495232450278
10700.0,0.08680495232450278
10704.0,0.08680495232450278
10708.0,0.08680495232450278
10712.0,0.08680495232450278
10716.0,0.08680495232450278
10720.0,0.08680495232450278
10724.0,0.08680495232450278
10728.0,0.08680495232450278
10732.0,0.08680495232450278
10736.0,0.08680495232450278
10740.0,0.08680495232450278
10744.0,0.08680495232450278
10748.0,0.08680495232450278
10752.0,0.08680495232450278
10756.0,0.08680495232450278
10760.0,0.08680495232450278
10764.0,0.08680495232450278
10768.0,0.08680495232450278
10772.0,0.08680495232450278
10776.0,0.08680495232450278
10780.0,0.08680495232450278
10784.0,0.08680495232450278
10788.0,0.08680495232450278
10792.0,0.08680495232450278
10796.0,0.08680495232450278
10800.0,0.08680495232450278
10804.0,0.08680495232450278
10808.0,0.08680495232450278
10812.0,0.08680495232450278
10816.0,0.08680495232450278
10820.0,0.08680495232450278
10824.0,0.08680495232450278
10828.0,0.08680495232450278
10832.0,0.08680495232450278
10836.0,0.08680495232450278
10840.0,0.08680495232450278
10844.0,0.08680495232450278
10848.0,0.08680495232450278
10852.0,0.08680495232450278
10856.0,0.08680495232450278
10860.0,0.08680495232450278
10864.0,0.08680495232450278
10868.0,0.08680495232450278
10872.0,0.08680495232450278
10876.0,0.08680495232450278
10880.0,0.08680495232450278
10884.0,0.08680495232450278
10888.0,0.08680495232450278
10892.0,0.08680495232450278
10896.0,0.08680495232450278
10900.0,0.08680495232450278
10904.0,0.08680495232450278
10908.0,0.08680495232450278
10912.0,0.08680495232450278
10916.0,0.08680495232450278
10920.0,0.08680495232450278
10924.0,0.08680495232450278
10928.0,0.08680495232450278
10932.0,0.08680495232450278
10936.0,0.08680495232450278
10940.0,0.08680495232450278
10944.0,0.08680495232450278
10948.0,0.08680495232450278
10952.0,0.08680495232450278
10956.0,0.08680495232450278
10960.0,0.08680495232450278
10964.0,0.08680495232450278
10968.0,0.08680495232450278
10972.0,0.08680495232450278
10976.0,0.08680495232450278
10980.0,0.08680495232450278
10984.0,0.08680495232450278
10988.0,0.08680495232450278
10992.0,0.08680495232450278
10996.0,0.08680495232450278
11000.0,0.08680495232450278
11004.0,0.08680495232450278
11008.0,0.08680495232450278
11012.0,0.08680495232450278
11016.0,0.08680495232450278
11020.0,0.08680495232450278
11024.0,0.08680495232450278
11028.0,0.08680495232450278
11032.0,0.08680495232450278
11036.0,0.08680495232450278
11040.0,0.08680495232450278
11044.0,0.08680495232450278
11048.0,0.08680495232450278
11052.0,0.08680495232450278
11056.0,0.08680495232450278
11060.0,0.08680495232450278
11064.0,0.08680495232450278
11068.0,0.08680495232450278
11072.0,0.08680495232450278
11076.0,0.08680495232450278
11080.0,0.08680495232450278
11084.0,0.08680495232450278
11088.0,0.08680495232450278
11092.0,0.08680495232450278
11096.0,0.08680495232450278
11100.0,0.08680495232450278
11104.0,0.08680495232450278
11108.0,0.08680495232450278
11112.0,0.08680495232450278
11116.0,0.08680495232450278
11120.0,0.08680495232450278
11124.0,0.08680495232450278
11128.0,0.08680495232450278
11132.0,0.08680495232450278
11136.0,0.08680495232450278
11140.0,0.08680495232450278
11144.0,0.08680495232450278
11148.0,0.08680495232450278
11152.0,0.08680495232450278
11156.0,0.08680495232450278
11160.0,0.08680495232450278
11164.0,0.08680495232450278
11168.0,0.08680495232450278
11172.0,0.08680495232450278
11176.0,0.08680495232450278
11180.0,0.08680495232450278
11184.0,0.08680495232450278
11188.0,0.08680495232450278
11192.0,0.08680495232450278
11196.0,0.08680495232450278
11200.0,0.08680495232450278
11204.0,0.08680495232450278
11208.0,0.08680495232450278
11212.0,0.08680495232450278
11216.0,0.08680495232450278
11220.0,0.08680495232450278
11224.0,0.08680495232450278
11228.0,0.08680495232450278
11232.0,0.08680495232450278
11236.0,0.08680495232450278
11240.0,0.08680495232450278
11244.0,0.08680495232450278
11248.0,0.08680495232450278
11252.0,0.08680495232450278
11256.0,0.08680495232450278
11260.0,0.08680495232450278
11264.0,0.08680495232450278
11268.0,0.08680495232450278
11272.0,0.08680495232450278
11276.0,0.08680495232450278
11280.0,0.08680495232450278
11284.0,0.08680495232450278
11288.0,0.08680495232450278
11292.0,0.08680495232450278
11296.0,0.08680495232450278
11300.0,0.08680495232450278
11304.0,0.08680495232450278
11308.0,0.08680495232450278
11312.0,0.08680495232450278
11316.0,0.08680495232450278
11320.0,0.08680495232450278
11324.0,0.08680495232450278
11328.0,0.08680495232450278
11332.0,0.08680495232450278
11336.0,0.08680495232450278
11340.0,0.08680495232450278
11344.0,0.08680495232450278
11348.0,0.08680495232450278
11352.0,0.08680495232450278
11356.0,0.08680495232450278
11360.0,0.08680495232450278
11364.0,0.08680495232450278
11368.0,0.08680495232450278
11372.0,0.08680495232450278
11376.0,0.08680495232450278
11380.0,0.08680495232450278
11384.0,0.08680495232450278
11388.0,0.08680495232450278
11392.0,0.08680495232450278
11396.0,0.08680495232450278
11400.0,0.08680495232450278
11404.0,0.08680495232450278
11408.0,0.08680495232450278
11412.0,0.08680495232450278
11416.0,0.08680495232450278
11420.0,0.08680495232450278
11424.0,0.08680495232450278
11428.0,0.08680495232450278
11432.0,0.08680495232450278
11436.0,0.08680495232450278
11440.0,0.08680495232450278
11444.0,0.08680495232450278
11448.0,0.08680495232450278
11452.0,0.08680495232450278
11456.0,0.08680495232450278
11460.0,0.08680495232450278
11464.0,0.08680495232450278
11468.0,0.08680495232450278
11472.0,0.08680495232450278
11476.0,0.08680495232450278
11480.0,0.08680495232450278
11484.0,0.08680495232450278
11488.0,0.08680495232450278
11492.0,0.08680495232450278
11496.0,0.08680495232450278
11500.0,0.08680495232450278
11504.0,0.08680495232450278
11508.0,0.08680495232450278
11512.0,0.08680495232450278
11516.0,0.08680495232450278
11520.0,0.08680495232450278
11524.0,0.08680495232450278
11528.0,0.08680495232450278
11532.0,0.08680495232450278
11536.0,0.08680495232450278
11540.0,0.08680495232450278
11544.0,0.08680495232450278
11548.0,0.08680495232450278
11552.0,0.08680495232450278
11556.0,0.08680495232450278
11560.0,0.08680495232450278
11564.0,0.08680495232450278
11568.0,0.08680495232450278
11572.0,0.08680495232450278
11576.0,0.08680495232450278
11580.0,0.08680495232450278
11584.0,0.08680495232450278
11588.0,0.08680495232450278
11592.0,0.08680495232450278
11596.0,0.08680495232450278
11600.0,0.08680495232450278
11604.0,0.08680495232450278
11608.0,0.08680495232450278
11612.0,0.08680495232450278
11616.0,0.08680495232450278
11620.0,0.08680495232450278
11624.0,0.08680495232450278
11628.0,0.08680495232450278
11632.0,0.08680495232450278
11636.0,0.08680495232450278
11640.0,0.08680495232450278
11644.0,0.08680495232450278
11648.0,0.08680495232450278
11652.0,0.08680495232450278
11656.0,0.08680495232450278
11660.0,0.08680495232450278
11664.0,0.08680495232450278
11668.0,0.08680495232450278
11672.0,0.08680495232450278
11676.0,0.08680495232450278
11680.0,0.08680495232450278
11684.0,0.08680495232450278
11688.0,0.08510289443578707
11692.0,0.08680495232450278
11696.0,0.08680495232450278
11700.0,0.08680495232450278
11704.0,0.08680495232450278
11708.0,0.08680495232450278
11712.0,0.08680495232450278
11716.0,0.08680495232450278
11720.0,0.08680495232450278
11724.0,0.08680495232450278
11728.0,0.08680495232450278
11732.0,0.08680495232450278
11736.0,0.08680495232450278
11740.0,0.08680495232450278
11744.0,0.08680495232450278
11748.0,0.08680495232450278
11752.0,0.08680495232450278
11756.0,0.08680495232450278
11760.0,0.08680495232450278
11764.0,0.08510289443578707
11768.0,0.08680495232450278
11772.0,0.08680495232450278
11776.0,0.08680495232450278
11780.0,0.08680495232450278
11784.0,0.08680495232450278
11788.0,0.08680495232450278
11792.0,0.08680495232450278
11796.0,0.08680495232450278
11800.0,0.08680495232450278
11804.0,0.08680495232450278
11808.0,0.08680495232450278
11812.0,0.08680495232450278
11816.0,0.08680495232450278
11820.0,0.08680495232450278
11824.0,0.08680495232450278
11828.0,0.08680495232450278
11832.0,0.08680495232450278
11836.0,0.08680495232450278
11840.0,0.08680495232450278
11844.0,0.08680495232450278
11848.0,0.08680495232450278
11852.0,0.08680495232450278
11856.0,0.08680495232450278
11860.0,0.08680495232450278
11864.0,0.08680495232450278
11868.0,0.08680495232450278
11872.0,0.08680495232450278
11876.0,0.08680495232450278
11880.0,0.08680495232450278
11884.0,0.08680495232450278
11888.0,0.08680495232450278
11892.0,0.08680495232450278
11896.0,0.08680495232450278
11900.0,0.08680495232450278
11904.0,0.08680495232450278
11908.0,0.08680495232450278
11912.0,0.08680495232450278
11916.0,0.08680495232450278
11920.0,0.08680495232450278
11924.0,0.08680495232450278
11928.0,0.08680495232450278
11932.0,0.08680495232450278
11936.0,0.08680495232450278
11940.0,0.08680495232450278
11944.0,0.08680495232450278
11948.0,0.08680495232450278
11952.0,0.08680495232450278
11956.0,0.08510289443578707
11960.0,0.08680495232450278
11964.0,0.08680495232450278
11968.0,0.08680495232450278
11972.0,0.08680495232450278
11976.0,0.08680495232450278
11980.0,0.08510289443578707
11984.0,0.08680495232450278
11988.0,0.08680495232450278
11992.0,0.08680495232450278
11996.0,0.08510289443578707
12000.0,0.08680495232450278
12004.0,0.08510289443578707
12008.0,0.08680495232450278
12012.0,0.08680495232450278
12016.0,0.08680495232450278
12020.0,0.08680495232450278
12024.0,0.08680495232450278
12028.0,0.08680495232450278
12032.0,0.08680495232450278
12036.0,0.08680495232450278
12040.0,0.08680495232450278
12044.0,0.08680495232450278
12048.0,0.08680495232450278
12052.0,0.08680495232450278
12056.0,0.08680495232450278
12060.0,0.08680495232450278
12064.0,0.08680495232450278
12068.0,0.08680495232450278
12072.0,0.08680495232450278
12076.0,0.08680495232450278
12080.0,0.08680495232450278
12084.0,0.08680495232450278
12088.0,0.08680495232450278
12092.0,0.08680495232450278
12096.0,0.08680495232450278
12100.0,0.08680495232450278
12104.0,0.08680495232450278
12108.0,0.08680495232450278
12112.0,0.08510289443578707
12116.0,0.08680495232450278
12120.0,0.08680495232450278
12124.0,0.08680495232450278
12128.0,0.08680495232450278
12132.0,0.08680495232450278
12136.0,0.08680495232450278
12140.0,0.08680495232450278
12144.0,0.08680495232450278
12148.0,0.08680495232450278
12152.0,0.08680495232450278
12156.0,0.08680495232450278
12160.0,0.08680495232450278
12164.0,0.08680495232450278
12168.0,0.08680495232450278
12172.0,0.08680495232450278
12176.0,0.08680495232450278
12180.0,0.08680495232450278
12184.0,0.08680495232450278
12188.0,0.08680495232450278
12192.0,0.08680495232450278
12196.0,0.08680495232450278
12200.0,0.08680495232450278
12204.0,0.08680495232450278
12208.0,0.08680495232450278
12212.0,0.08680495232450278
12216.0,0.08680495232450278
12220.0,0.08680495232450278
12224.0,0.08680495232450278
12228.0,0.08680495232450278
12232.0,0.08680495232450278
12236.0,0.08680495232450278
12240.0,0.08510289443578707
12244.0,0.08680495232450278
12248.0,0.08680495232450278
12252.0,0.08680495232450278
12256.0,0.08680495232450278
12260.0,0.08680495232450278
12264.0,0.08680495232450278
12268.0,0.08680495232450278
12272.0,0.08680495232450278
12276.0,0.08680495232450278
12280.0,0.08680495232450278
12284.0,0.08680495232450278
12288.0,0.08680495232450278
12292.0,0.08680495232450278
12296.0,0.08680495232450278
12300.0,0.08680495232450278
12304.0,0.08680495232450278
12308.0,0.08680495232450278
12312.0,0.08510289443578707
12316.0,0.08680495232450278
12320.0,0.08680495232450278
12324.0,0.08680495232450278
12328.0,0.08680495232450278
12332.0,0.08680495232450278
12336.0,0.08680495232450278
12340.0,0.08680495232450278
12344.0,0.08680495232450278
12348.0,0.08510289443578707
12352.0,0.08680495232450278
12356.0,0.08680495232450278
12360.0,0.08680495232450278
12364.0,0.08680495232450278
12368.0,0.08680495232450278
12372.0,0.08680495232450278
12376.0,0.08680495232450278
12380.0,0.08680495232450278
12384.0,0.08680495232450278
12388.0,0.08680495232450278
12392.0,0.08680495232450278
12396.0,0.08510289443578707
12400.0,0.08680495232450278
12404.0,0.08680495232450278
12408.0,0.08680495232450278
12412.0,0.08680495232450278
12416.0,0.08680495232450278
12420.0,0.08510289443578707
12424.0,0.08680495232450278
12428.0,0.08680495232450278
12432.0,0.08510289443578707
12436.0,0.08680495232450278
12440.0,0.08680495232450278
12444.0,0.08680495232450278
12448.0,0.08680495232450278
12452.0,0.08680495232450278
12456.0,0.08680495232450278
12460.0,0.08680495232450278
12464.0,0.08680495232450278
12468.0,0.08680495232450278
12472.0,0.08680495232450278
12476.0,0.08680495232450278
12480.0,0.08680495232450278
12484.0,0.08680495232450278
12488.0,0.08510289443578707
12492.0,0.08680495232450278
12496.0,0.08680495232450278
12500.0,0.08680495232450278
12504.0,0.08510289443578707
12508.0,0.08680495232450278
12512.0,0.08680495232450278
12516.0,0.08680495232450278
12520.0,0.08680495232450278
12524.0,0.08680495232450278
12528.0,0.08680495232450278
12532.0,0.08680495232450278
12536.0,0.08680495232450278
12540.0,0.08510289443578707
12544.0,0.08680495232450278
12548.0,0.08510289443578707
12552.0,0.08680495232450278
12556.0,0.08680495232450278
12560.0,0.08680495232450278
12564.0,0.08510289443578707
12568.0,0.08680495232450278
12572.0,0.08510289443578707
12576.0,0.08680495232450278
12580.0,0.08680495232450278
12584.0,0.08680495232450278
12588.0,0.08680495232450278
12592.0,0.08680495232450278
12596.0,0.08680495232450278
12600.0,0.08680495232450278
12604.0,0.08680495232450278
12608.0,0.08680495232450278
12612.0,0.08510289443578707
12616.0,0.08680495232450278
12620.0,0.08680495232450278
12624.0,0.08510289443578707
12628.0,0.08680495232450278
12632.0,0.08680495232450278
12636.0,0.08510289443578707
12640.0,0.08510289443578707
12644.0,0.08680495232450278
12648.0,0.08510289443578707
12652.0,0.08510289443578707
12656.0,0.08680495232450278
12660.0,0.08680495232450278
12664.0,0.08680495232450278
12668.0,0.08680495232450278
12672.0,0.08680495232450278
12676.0,0.08680495232450278
12680.0,0.08680495232450278
12684.0,0.08510289443578707
12688.0,0.08510289443578707
12692.0,0.08680495232450278
12696.0,0.08680495232450278
12700.0,0.08680495232450278
12704.0,0.08680495232450278
12708.0,0.08510289443578707
12712.0,0.08680495232450278
12716.0,0.08680495232450278
12720.0,0.08680495232450278
12724.0,0.08510289443578707
12728.0,0.08510289443578707
12732.0,0.08510289443578707
12736.0,0.08680495232450278
12740.0,0.08680495232450278
12744.0,0.08680495232450278
12748.0,0.08510289443578707
12752.0,0.08680495232450278
12756.0,0.08680495232450278
12760.0,0.08680495232450278
12764.0,0.08510289443578707
12768.0,0.08680495232450278
12772.0,0.08680495232450278
12776.0,0.08680495232450278
12780.0,0.08680495232450278
12784.0,0.08680495232450278
12788.0,0.08680495232450278
12792.0,0.08680495232450278
12796.0,0.08510289443578707
12800.0,0.08680495232450278
12804.0,0.08510289443578707
12808.0,0.08680495232450278
12812.0,0.08680495232450278
12816.0,0.08680495232450278
12820.0,0.08680495232450278
12824.0,0.08680495232450278
12828.0,0.08510289443578707
12832.0,0.08510289443578707
12836.0,0.08680495232450278
12840.0,0.08680495232450278
12844.0,0.08680495232450278
12848.0,0.08680495232450278
12852.0,0.08680495232450278
12856.0,0.08510289443578707
12860.0,0.08510289443578707
12864.0,0.08510289443578707
12868.0,0.08680495232450278
12872.0,0.08510289443578707
12876.0,0.08680495232450278
12880.0,0.08510289443578707
12884.0,0.08680495232450278
12888.0,0.08510289443578707
12892.0,0.08680495232450278
12896.0,0.08680495232450278
12900.0,0.08680495232450278
12904.0,0.08510289443578707
12908.0,0.08510289443578707
12912.0,0.08510289443578707
12916.0,0.08510289443578707
12920.0,0.08680495232450278
12924.0,0.08510289443578707
12928.0,0.08510289443578707
12932.0,0.08680495232450278
12936.0,0.08680495232450278
12940.0,0.08510289443578707
12944.0,0.08510289443578707
12948.0,0.08510289443578707
12952.0,0.08680495232450278
12956.0,0.08680495232450278
12960.0,0.08680495232450278
12964.0,0.08680495232450278
12968.0,0.08680495232450278
12972.0,0.08510289443578707
12976.0,0.08680495232450278
12980.0,0.08510289443578707
12984.0,0.08680495232450278
12988.0,0.08510289443578707
12992.0,0.08680495232450278
12996.0,0.08680495232450278
13000.0,0.08680495232450278
13004.0,0.08510289443578707
13008.0,0.08510289443578707
13012.0,0.08680495232450278
13016.0,0.08510289443578707
13020.0,0.08510289443578707
13024.0,0.08680495232450278
13028.0,0.08680495232450278
13032.0,0.08510289443578707
13036.0,0.08510289443578707
13040.0,0.08680495232450278
13044.0,0.08680495232450278
13048.0,0.08510289443578707
13052.0,0.08510289443578707
13056.0,0.08510289443578707
13060.0,0.08510289443578707
13064.0,0.08510289443578707
13068.0,0.08510289443578707
13072.0,0.08510289443578707
13076.0,0.08680495232450278
13080.0,0.08510289443578707
13084.0,0.08680495232450278
13088.0,0.08510289443578707
13092.0,0.08680495232450278
13096.0,0.08680495232450278
13100.0,0.08510289443578707
13104.0,0.08510289443578707
13108.0,0.08680495232450278
13112.0,0.08510289443578707
13116.0,0.08680495232450278
13120.0,0.08510289443578707
13124.0,0.08510289443578707
13128.0,0.08510289443578707
13132.0,0.08510289443578707
13136.0,0.08510289443578707
13140.0,0.08510289443578707
13144.0,0.08680495232450278
13148.0,0.08680495232450278
13152.0,0.08680495232450278
13156.0,0.08680495232450278
13160.0,0.08680495232450278
13164.0,0.08510289443578707
13168.0,0.08510289443578707
13172.0,0.08680495232450278
13176.0,0.08510289443578707
13180.0,0.08510289443578707
13184.0,0.08510289443578707
13188.0,0.08510289443578707
13192.0,0.08680495232450278
13196.0,0.08510289443578707
13200.0,0.08680495232450278
13204.0,0.08510289443578707
13208.0,0.08680495232450278
13212.0,0.08510289443578707
13216.0,0.08680495232450278
13220.0,0.08510289443578707
13224.0,0.08510289443578707
13228.0,0.08510289443578707
13232.0,0.08510289443578707
13236.0,0.08510289443578707
13240.0,0.08510289443578707
13244.0,0.08510289443578707
13248.0,0.08510289443578707
13252.0,0.08680495232450278
13256.0,0.08680495232450278
13260.0,0.08680495232450278
13264.0,0.08510289443578707
13268.0,0.08680495232450278
13272.0,0.08510289443578707
13276.0,0.08510289443578707
13280.0,0.08510289443578707
13284.0,0.08510289443578707
13288.0,0.08510289443578707
13292.0,0.08680495232450278
13296.0,0.08510289443578707
13300.0,0.08680495232450278
13304.0,0.08510289443578707
13308.0,0.08510289443578707
13312.0,0.08510289443578707
13316.0,0.08680495232450278
13320.0,0.08510289443578707
13324.0,0.08510289443578707
13328.0,0.08510289443578707
13332.0,0.08510289443578707
13336.0,0.08680495232450278
13340.0,0.08510289443578707
13344.0,0.08680495232450278
13348.0,0.08510289443578707
13352.0,0.08510289443578707
13356.0,0.08510289443578707
13360.0,0.08680495232450278
13364.0,0.08510289443578707
13368.0,0.08680495232450278
13372.0,0.08510289443578707
13376.0,0.08680495232450278
13380.0,0.08510289443578707
13384.0,0.08680495232450278
13388.0,0.08510289443578707
13392.0,0.08510289443578707
13396.0,0.08510289443578707
13400.0,0.08680495232450278
13404.0,0.08510289443578707
13408.0,0.08510289443578707
13412.0,0.08510289443578707
13416.0,0.08510289443578707
13420.0,0.08510289443578707
13424.0,0.08510289443578707
13428.0,0.08510289443578707
13432.0,0.08510289443578707
13436.0,0.08680495232450278
13440.0,0.08510289443578707
13444.0,0.08510289443578707
13448.0,0.08510289443578707
13452.0,0.08510289443578707
13456.0,0.08510289443578707
13460.0,0.08510289443578707
13464.0,0.08510289443578707
13468.0,0.08680495232450278
13472.0,0.08510289443578707
13476.0,0.08680495232450278
13480.0,0.08510289443578707
13484.0,0.08680495232450278
13488.0,0.08510289443578707
13492.0,0.08510289443578707
13496.0,0.08510289443578707
13500.0,0.08510289443578707
13504.0,0.08510289443578707
13508.0,0.08510289443578707
13512.0,0.08680495232450278
13516.0,0.08510289443578707
13520.0,0.08510289443578707
13524.0,0.08510289443578707
13528.0,0.08510289443578707
13532.0,0.08510289443578707
13536.0,0.08510289443578707
13540.0,0.08510289443578707
13544.0,0.08510289443578707
13548.0,0.08510289443578707
13552.0,0.08680495232450278
13556.0,0.08680495232450278
13560.0,0.08510289443578707
13564.0,0.08510289443578707
13568.0,0.08680495232450278
13572.0,0.08510289443578707
13576.0,0.08680495232450278
13580.0,0.08510289443578707
13584.0,0.08510289443578707
13588.0,0.08510289443578707
13592.0,0.08680495232450278
13596.0,0.08510289443578707
13600.0,0.08510289443578707
13604.0,0.08510289443578707
13608.0,0.08510289443578707
13612.0,0.08510289443578707
13616.0,0.08510289443578707
13620.0,0.08510289443578707
13624.0,0.08510289443578707
13628.0,0.08680495232450278
13632.0,0.08510289443578707
13636.0,0.08510289443578707
13640.0,0.08510289443578707
13644.0,0.08510289443578707
13648.0,0.08510289443578707
13652.0,0.08510289443578707
13656.0,0.08510289443578707
13660.0,0.08510289443578707
13664.0,0.08510289443578707
13668.0,0.08510289443578707
13672.0,0.08510289443578707
13676.0,0.08510289443578707
13680.0,0.08510289443578707
13684.0,0.08680495232450278
13688.0,0.08510289443578707
13692.0,0.08510289443578707
13696.0,0.08510289443578707
13700.0,0.08680495232450278
13704.0,0.08510289443578707
13708.0,0.08680495232450278
13712.0,0.08510289443578707
13716.0,0.08510289443578707
13720.0,0.08510289443578707
13724.0,0.08510289443578707
13728.0,0.08510289443578707
13732.0,0.08510289443578707
13736.0,0.08680495232450278
13740.0,0.08510289443578707
13744.0,0.08680495232450278
13748.0,0.08510289443578707
13752.0,0.08510289443578707
13756.0,0.08510289443578707
13760.0,0.08510289443578707
13764.0,0.08510289443578707
13768.0,0.08680495232450278
13772.0,0.08510289443578707
13776.0,0.08680495232450278
13780.0,0.08510289443578707
13784.0,0.08680495232450278
13788.0,0.08510289443578707
13792.0,0.08510289443578707
13796.0,0.08510289443578707
13800.0,0.08510289443578707
13804.0,0.08510289443578707
13808.0,0.08510289443578707
13812.0,0.08510289443578707
13816.0,0.08510289443578707
13820.0,0.08510289443578707
13824.0,0.08510289443578707
13828.0,0.08510289443578707
13832.0,0.08510289443578707
13836.0,0.08510289443578707
13840.0,0.08510289443578707
13844.0,0.08510289443578707
13848.0,0.08510289443578707
13852.0,0.08510289443578707
13856.0,0.08510289443578707
13860.0,0.08680495232450278
13864.0,0.08510289443578707
13868.0,0.08510289443578707
13872.0,0.08510289443578707
13876.0,0.08680495232450278
13880.0,0.08510289443578707
13884.0,0.08510289443578707
13888.0,0.08510289443578707
13892.0,0.08510289443578707
13896.0,0.08510289443578707
13900.0,0.08510289443578707
13904.0,0.08510289443578707
13908.0,0.08510289443578707
13912.0,0.08510289443578707
13916.0,0.08510289443578707
13920.0,0.08510289443578707
13924.0,0.08510289443578707
13928.0,0.08510289443578707
13932.0,0.08510289443578707
13936.0,0.08510289443578707
13940.0,0.08510289443578707
13944.0,0.08510289443578707
13948.0,0.08510289443578707
13952.0,0.08510289443578707
13956.0,0.08680495232450278
13960.0,0.08680495232450278
13964.0,0.08510289443578707
13968.0,0.08510289443578707
13972.0,0.08510289443578707
13976.0,0.08510289443578707
13980.0,0.08510289443578707
13984.0,0.08510289443578707
13988.0,0.08510289443578707
13992.0,0.08680495232450278
13996.0,0.08510289443578707
14000.0,0.08680495232450278
14004.0,0.08510289443578707
14008.0,0.08510289443578707
14012.0,0.08510289443578707
14016.0,0.08510289443578707
14020.0,0.08510289443578707
14024.0,0.08510289443578707
14028.0,0.08510289443578707
14032.0,0.08510289443578707
14036.0,0.08510289443578707
14040.0,0.08510289443578707
14044.0,0.08510289443578707
14048.0,0.08510289443578707
14052.0,0.08510289443578707
14056.0,0.08510289443578707
14060.0,0.08510289443578707
14064.0,0.08510289443578707
14068.0,0.08680495232450278
14072.0,0.08510289443578707
14076.0,0.08510289443578707
14080.0,0.08510289443578707
14084.0,0.08510289443578707
14088.0,0.08510289443578707
14092.0,0.08510289443578707
14096.0,0.08510289443578707
14100.0,0.08510289443578707
14104.0,0.08510289443578707
14108.0,0.08680495232450278
14112.0,0.08510289443578707
14116.0,0.08510289443578707
14120.0,0.08510289443578707
14124.0,0.08510289443578707
14128.0,0.08510289443578707
14132.0,0.08510289443578707
14136.0,0.08510289443578707
14140.0,0.08510289443578707
14144.0,0.08510289443578707
14148.0,0.08510289443578707
14152.0,0.08510289443578707
14156.0,0.08510289443578707
14160.0,0.08510289443578707
14164.0,0.08510289443578707
14168.0,0.08510289443578707
14172.0,0.08510289443578707
14176.0,0.08510289443578707
14180.0,0.08510289443578707
14184.0,0.08680495232450278
14188.0,0.08510289443578707
14192.0,0.08510289443578707
14196.0,0.08510289443578707
14200.0,0.08510289443578707
14204.0,0.08510289443578707
14208.0,0.08510289443578707
14212.0,0.08510289443578707
14216.0,0.08510289443578707
14220.0,0.08510289443578707
14224.0,0.08510289443578707
14228.0,0.08510289443578707
14232.0,0.08510289443578707
14236.0,0.08510289443578707
14240.0,0.08510289443578707
14244.0,0.08510289443578707
14248.0,0.08510289443578707
14252.0,0.08510289443578707
14256.0,0.08510289443578707
14260.0,0.08510289443578707
14264.0,0.08510289443578707
14268.0,0.08510289443578707
14272.0,0.08510289443578707
14276.0,0.08510289443578707
14280.0,0.08510289443578707
14284.0,0.08510289443578707
14288.0,0.08510289443578707
14292.0,0.08510289443578707
14296.0,0.08510289443578707
14300.0,0.08510289443578707
14304.0,0.08510289443578707
14308.0,0.08510289443578707
14312.0,0.08510289443578707
14316.0,0.08510289443578707
14320.0,0.08510289443578707
14324.0,0.08510289443578707
14328.0,0.08680495232450278
14332.0,0.08510289443578707
14336.0,0.08510289443578707
14340.0,0.08510289443578707
14344.0,0.08510289443578707
14348.0,0.08510289443578707
14352.0,0.08510289443578707
14356.0,0.08510289443578707
14360.0,0.08510289443578707
14364.0,0.08510289443578707
14368.0,0.08680495232450278
14372.0,0.08510289443578707
14376.0,0.08510289443578707
14380.0,0.08510289443578707
14384.0,0.08510289443578707
14388.0,0.08510289443578707
14392.0,0.08510289443578707
14396.0,0.08510289443578707
14400.0,0.08510289443578707
14404.0,0.08510289443578707
14408.0,0.08680495232450278
14412.0,0.08510289443578707
14416.0,0.08510289443578707
14420.0,0.08510289443578707
14424.0,0.08510289443578707
14428.0,0.08510289443578707
14432.0,0.08510289443578707
14436.0,0.08510289443578707
14440.0,0.08510289443578707
14444.0,0.08510289443578707
14448.0,0.08510289443578707
14452.0,0.08510289443578707
14456.0,0.08510289443578707
14460.0,0.08510289443578707
14464.0,0.08510289443578707
14468.0,0.08510289443578707
14472.0,0.08510289443578707
14476.0,0.08510289443578707
14480.0,0.08510289443578707
14484.0,0.08510289443578707
14488.0,0.08510289443578707
14492.0,0.08510289443578707
14496.0,0.08510289443578707
14500.0,0.08510289443578707
14504.0,0.08510289443578707
14508.0,0.08510289443578707
14512.0,0.08510289443578707
14516.0,0.08510289443578707
14520.0,0.08510289443578707
14524.0,0.08510289443578707
14528.0,0.08510289443578707
14532.0,0.08510289443578707
14536.0,0.08510289443578707
14540.0,0.08510289443578707
14544.0,0.08510289443578707
14548.0,0.08510289443578707
14552.0,0.08510289443578707
14556.0,0.08510289443578707
14560.0,0.08510289443578707
14564.0,0.08510289443578707
14568.0,0.08510289443578707
14572.0,0.08510289443578707
14576.0,0.08510289443578707
14580.0,0.08510289443578707
14584.0,0.08510289443578707
14588.0,0.08510289443578707
14592.0,0.08510289443578707
14596.0,0.08510289443578707
14600.0,0.08510289443578707
14604.0,0.08510289443578707
14608.0,0.08510289443578707
14612.0,0.08510289443578707
14616.0,0.08510289443578707
14620.0,0.08510289443578707
14624.0,0.08510289443578707
14628.0,0.08510289443578707
14632.0,0.08510289443578707
14636.0,0.08510289443578707
14640.0,0.08510289443578707
14644.0,0.08510289443578707
14648.0,0.08510289443578707
14652.0,0.08510289443578707
14656.0,0.08510289443578707
14660.0,0.08680495232450278
14664.0,0.08510289443578707
14668.0,0.08510289443578707
14672.0,0.08510289443578707
14676.0,0.08510289443578707
14680.0,0.08510289443578707
14684.0,0.08510289443578707
14688.0,0.08510289443578707
14692.0,0.08510289443578707
14696.0,0.08510289443578707
14700.0,0.08510289443578707
14704.0,0.08510289443578707
14708.0,0.08510289443578707
14712.0,0.08510289443578707
14716.0,0.08510289443578707
14720.0,0.08510289443578707
14724.0,0.08510289443578707
14728.0,0.08510289443578707
14732.0,0.08510289443578707
14736.0,0.08510289443578707
14740.0,0.08510289443578707
14744.0,0.08510289443578707
14748.0,0.08510289443578707
14752.0,0.08510289443578707
14756.0,0.08510289443578707
14760.0,0.08510289443578707
14764.0,0.08510289443578707
14768.0,0.08680495232450278
14772.0,0.08510289443578707
14776.0,0.08510289443578707
14780.0,0.08510289443578707
14784.0,0.08510289443578707
14788.0,0.08510289443578707
14792.0,0.08510289443578707
14796.0,0.08510289443578707
14800.0,0.08510289443578707
14804.0,0.08510289443578707
14808.0,0.08510289443578707
14812.0,0.08510289443578707
14816.0,0.08510289443578707
14820.0,0.08510289443578707
14824.0,0.08510289443578707
14828.0,0.08510289443578707
14832.0,0.08510289443578707
14836.0,0.08510289443578707
14840.0,0.08510289443578707
14844.0,0.08680495232450278
14848.0,0.08510289443578707
14852.0,0.08510289443578707
14856.0,0.08510289443578707
14860.0,0.08510289443578707
14864.0,0.08510289443578707
14868.0,0.08510289443578707
14872.0,0.08510289443578707
14876.0,0.08510289443578707
14880.0,0.08510289443578707
14884.0,0.08510289443578707
14888.0,0.08510289443578707
14892.0,0.08510289443578707
14896.0,0.08510289443578707
14900.0,0.08510289443578707
14904.0,0.08510289443578707
14908.0,0.08510289443578707
14912.0,0.08510289443578707
14916.0,0.08510289443578707
14920.0,0.08510289443578707
14924.0,0.08510289443578707
14928.0,0.08510289443578707
14932.0,0.08510289443578707
14936.0,0.08510289443578707
14940.0,0.08510289443578707
14944.0,0.08510289443578707
14948.0,0.08510289443578707
14952.0,0.08510289443578707
14956.0,0.08510289443578707
14960.0,0.08510289443578707
14964.0,0.08510289443578707
14968.0,0.08510289443578707
14972.0,0.08510289443578707
14976.0,0.08510289443578707
14980.0,0.08510289443578707
14984.0,0.08510289443578707
14988.0,0.08510289443578707
14992.0,0.08510289443578707
14996.0,0.08510289443578707
15000.0,0.08510289443578707
15004.0,0.08510289443578707
15008.0,0.08510289443578707
15012.0,0.08510289443578707
15016.0,0.08510289443578707
15020.0,0.08510289443578707
15024.0,0.08510289443578707
15028.0,0.08510289443578707
15032.0,0.08510289443578707
15036.0,0.08510289443578707
15040.0,0.08510289443578707
15044.0,0.08510289443578707
15048.0,0.08510289443578707
15052.0,0.08510289443578707
15056.0,0.08510289443578707
15060.0,0.08510289443578707
15064.0,0.08510289443578707
15068.0,0.08510289443578707
15072.0,0.08510289443578707
15076.0,0.08510289443578707
15080.0,0.08510289443578707
15084.0,0.08510289443578707
15088.0,0.08510289443578707
15092.0,0.08510289443578707
15096.0,0.08510289443578707
15100.0,0.08510289443578707
15104.0,0.08510289443578707
15108.0,0.08510289443578707
15112.0,0.08510289443578707
15116.0,0.08510289443578707
15120.0,0.08510289443578707
15124.0,0.08510289443578707
15128.0,0.08510289443578707
15132.0,0.08510289443578707
15136.0,0.08510289443578707
15140.0,0.08510289443578707
15144.0,0.08510289443578707
15148.0,0.08510289443578707
15152.0,0.08510289443578707
15156.0,0.08510289443578707
15160.0,0.08510289443578707
15164.0,0.08510289443578707
15168.0,0.08510289443578707
15172.0,0.08510289443578707
15176.0,0.08510289443578707
15180.0,0.08510289443578707
15184.0,0.08510289443578707
15188.0,0.08510289443578707
15192.0,0.08510289443578707
15196.0,0.08510289443578707
15200.0,0.08510289443578707
15204.0,0.08510289443578707
15208.0,0.08510289443578707
15212.0,0.08510289443578707
15216.0,0.08510289443578707
15220.0,0.08510289443578707
15224.0,0.08510289443578707
15228.0,0.08510289443578707
15232.0,0.08510289443578707
15236.0,0.08510289443578707
15240.0,0.08510289443578707
15244.0,0.08510289443578707
15248.0,0.08510289443578707
15252.0,0.08510289443578707
15256.0,0.08510289443578707
15260.0,0.08510289443578707
15264.0,0.08510289443578707
15268.0,0.08510289443578707
15272.0,0.08510289443578707
15276.0,0.08510289443578707
15280.0,0.08510289443578707
15284.0,0.08510289443578707
15288.0,0.08510289443578707
15292.0,0.08510289443578707
15296.0,0.08510289443578707
15300.0,0.08510289443578707
15304.0,0.08510289443578707
15308.0,0.08510289443578707
15312.0,0.08510289443578707
15316.0,0.08510289443578707
15320.0,0.08510289443578707
15324.0,0.08510289443578707
15328.0,0.08510289443578707
15332.0,0.08510289443578707
15336.0,0.08510289443578707
15340.0,0.08510289443578707
15344.0,0.08510289443578707
15348.0,0.08510289443578707
15352.0,0.08510289443578707
15356.0,0.08510289443578707
15360.0,0.08510289443578707
15364.0,0.08510289443578707
15368.0,0.08510289443578707
15372.0,0.08510289443578707
15376.0,0.08510289443578707
15380.0,0.08510289443578707
15384.0,0.08510289443578707
15388.0,0.08510289443578707
15392.0,0.08510289443578707
15396.0,0.08510289443578707
15400.0,0.08510289443578707
15404.0,0.08510289443578707
15408.0,0.08510289443578707
15412.0,0.08510289443578707
15416.0,0.08510289443578707
15420.0,0.08510289443578707
15424.0,0.08510289443578707
15428.0,0.08510289443578707
15432.0,0.08510289443578707
15436.0,0.08510289443578707
15440.0,0.08510289443578707
15444.0,0.08510289443578707
15448.0,0.08510289443578707
15452.0,0.08510289443578707
15456.0,0.08510289443578707
15460.0,0.08510289443578707
15464.0,0.08510289443578707
15468.0,0.08510289443578707
15472.0,0.08510289443578707
15476.0,0.08510289443578707
15480.0,0.08510289443578707
15484.0,0.08510289443578707
15488.0,0.08510289443578707
15492.0,0.08510289443578707
15496.0,0.08510289443578707
15500.0,0.08510289443578707
15504.0,0.08510289443578707
15508.0,0.08510289443578707
15512.0,0.08510289443578707
15516.0,0.08510289443578707
15520.0,0.08510289443578707
15524.0,0.08510289443578707
15528.0,0.08510289443578707
15532.0,0.08510289443578707
15536.0,0.08510289443578707
15540.0,0.08510289443578707
15544.0,0.08510289443578707
15548.0,0.08510289443578707
15552.0,0.08510289443578707
15556.0,0.08510289443578707
15560.0,0.08510289443578707
15564.0,0.08510289443578707
15568.0,0.08510289443578707
15572.0,0.08510289443578707
15576.0,0.08510289443578707
15580.0,0.08510289443578707
15584.0,0.08510289443578707
15588.0,0.08510289443578707
15592.0,0.08510289443578707
15596.0,0.08510289443578707
15600.0,0.08510289443578707
15604.0,0.08510289443578707
15608.0,0.08510289443578707
15612.0,0.08510289443578707
15616.0,0.08510289443578707
15620.0,0.08510289443578707
15624.0,0.08510289443578707
15628.0,0.08510289443578707
15632.0,0.08510289443578707
15636.0,0.08510289443578707
15640.0,0.08510289443578707
15644.0,0.08510289443578707
15648.0,0.08510289443578707
15652.0,0.08510289443578707
15656.0,0.08510289443578707
15660.0,0.08510289443578707
15664.0,0.08510289443578707
15668.0,0.08510289443578707
15672.0,0.08510289443578707
15676.0,0.08510289443578707
15680.0,0.08510289443578707
15684.0,0.08510289443578707
15688.0,0.08510289443578707
15692.0,0.08510289443578707
15696.0,0.08510289443578707
15700.0,0.08510289443578707
15704.0,0.08510289443578707
15708.0,0.08510289443578707
15712.0,0.08510289443578707
15716.0,0.08510289443578707
15720.0,0.08510289443578707
15724.0,0.08510289443578707
15728.0,0.08510289443578707
15732.0,0.08510289443578707
15736.0,0.08510289443578707
15740.0,0.08510289443578707
15744.0,0.08510289443578707
15748.0,0.08510289443578707
15752.0,0.08510289443578707
15756.0,0.08510289443578707
15760.0,0.08510289443578707
15764.0,0.08510289443578707
15768.0,0.08510289443578707
15772.0,0.08510289443578707
15776.0,0.08510289443578707
15780.0,0.08510289443578707
15784.0,0.08510289443578707
15788.0,0.08510289443578707
15792.0,0.08510289443578707
15796.0,0.08510289443578707
15800.0,0.08510289443578707
15804.0,0.08510289443578707
15808.0,0.08510289443578707
15812.0,0.08510289443578707
15816.0,0.08510289443578707
15820.0,0.08510289443578707
15824.0,0.08510289443578707
15828.0,0.08510289443578707
15832.0,0.08510289443578707
15836.0,0.08510289443578707
15840.0,0.08510289443578707
15844.0,0.08510289443578707
15848.0,0.08510289443578707
15852.0,0.08510289443578707
15856.0,0.08510289443578707
15860.0,0.08510289443578707
15864.0,0.08510289443578707
15868.0,0.08510289443578707
15872.0,0.08510289443578707
15876.0,0.08510289443578707
15880.0,0.08510289443578707
15884.0,0.08510289443578707
15888.0,0.08510289443578707
15892.0,0.08510289443578707
15896.0,0.08510289443578707
15900.0,0.08510289443578707
15904.0,0.08510289443578707
15908.0,0.08510289443578707
15912.0,0.08510289443578707
15916.0,0.08510289443578707
15920.0,0.08510289443578707
15924.0,0.08510289443578707
15928.0,0.08510289443578707
15932.0,0.08510289443578707
15936.0,0.08510289443578707
15940.0,0.08510289443578707
15944.0,0.08510289443578707
15948.0,0.08510289443578707
15952.0,0.08510289443578707
15956.0,0.08510289443578707
15960.0,0.08510289443578707
15964.0,0.08510289443578707
15968.0,0.08510289443578707
15972.0,0.08510289443578707
15976.0,0.08510289443578707
15980.0,0.08510289443578707
15984.0,0.08510289443578707
15988.0,0.08510289443578707
15992.0,0.08510289443578707
15996.0,0.08510289443578707
16000.0,0.08510289443578707
16004.000000000002,0.08510289443578707
16008.0,0.08510289443578707
16012.0,0.08510289443578707
16015.999999999998,0.08510289443578707
16020.0,0.08510289443578707
16024.0,0.08510289443578707
16027.999999999998,0.08510289443578707
16032.0,0.08510289443578707
16036.000000000002,0.08510289443578707
16040.0,0.08510289443578707
16044.0,0.08510289443578707
16047.999999999998,0.08510289443578707
16052.0,0.08510289443578707
16056.000000000002,0.08510289443578707
16059.999999999998,0.08510289443578707
16064.0,0.08510289443578707
16068.000000000002,0.08510289443578707
16072.0,0.08510289443578707
16076.0,0.08510289443578707
16079.999999999998,0.08510289443578707
16084.0,0.08510289443578707
16088.000000000002,0.08510289443578707
16091.999999999998,0.08510289443578707
16096.0,0.08510289443578707
16100.000000000002,0.08510289443578707
16104.0,0.08510289443578707
16108.0,0.08510289443578707
16111.999999999998,0.08510289443578707
16116.0,0.08510289443578707
16120.000000000002,0.08510289443578707
16123.999999999998,0.08510289443578707
16128.0,0.08510289443578707
16132.000000000002,0.08510289443578707
16136.0,0.08510289443578707
16140.0,0.08510289443578707
16143.999999999998,0.08510289443578707
16148.0,0.08510289443578707
16152.000000000002,0.08510289443578707
16155.999999999998,0.08510289443578707
16160.0,0.08510289443578707
16164.000000000002,0.08510289443578707
16168.0,0.08510289443578707
16172.0,0.08510289443578707
16175.999999999998,0.08510289443578707
16180.0,0.08510289443578707
16184.000000000002,0.08510289443578707
16187.999999999998,0.08510289443578707
16192.0,0.08510289443578707
16196.000000000002,0.08510289443578707
16200.0,0.08510289443578707
16204.0,0.08510289443578707
16207.999999999998,0.08510289443578707
16212.0,0.08510289443578707
16216.000000000002,0.08510289443578707
16219.999999999998,0.08510289443578707
16224.0,0.08510289443578707
16228.000000000002,0.08510289443578707
16232.0,0.08510289443578707
16236.0,0.08510289443578707
16239.999999999998,0.08510289443578707
16244.0,0.08510289443578707
16248.000000000002,0.08510289443578707
16251.999999999998,0.08510289443578707
16256.0,0.08510289443578707
16260.000000000002,0.08510289443578707
16264.0,0.08510289443578707
16268.0,0.08510289443578707
16271.999999999998,0.08510289443578707
16276.0,0.08510289443578707
16280.000000000002,0.08510289443578707
16283.999999999998,0.08510289443578707
16288.0,0.08510289443578707
16292.000000000002,0.08510289443578707
16296.0,0.08510289443578707
16300.0,0.08510289443578707
16303.999999999998,0.08510289443578707
16308.0,0.08510289443578707
16312.000000000002,0.08510289443578707
16315.999999999998,0.08510289443578707
16320.0,0.08510289443578707
16324.000000000002,0.08510289443578707
16328.0,0.08510289443578707
16332.0,0.08510289443578707
16335.999999999998,0.08510289443578707
16340.0,0.08510289443578707
16344.000000000002,0.08510289443578707
16347.999999999998,0.08510289443578707
16352.0,0.08510289443578707
16356.000000000002,0.08510289443578707
16360.0,0.08510289443578707
16364.0,0.08510289443578707
16367.999999999998,0.08510289443578707
16372.0,0.08510289443578707
16376.000000000002,0.08510289443578707
16379.999999999998,0.08510289443578707
16384.0,0.08510289443578707
16388.0,0.08510289443578707
16392.0,0.08510289443578707
16396.0,0.08510289443578707
16400.0,0.08510289443578707
16404.0,0.08510289443578707
16408.0,0.08510289443578707
16412.0,0.08510289443578707
16416.0,0.08510289443578707
16420.0,0.08510289443578707
16424.0,0.08510289443578707
16428.0,0.08510289443578707
16432.0,0.08510289443578707
16436.0,0.08510289443578707
16440.0,0.08510289443578707
16444.0,0.08510289443578707
16448.0,0.08510289443578707
16452.0,0.08510289443578707
16456.0,0.08510289443578707
16460.0,0.08510289443578707
16464.0,0.08510289443578707
16468.0,0.08510289443578707
16472.0,0.08510289443578707
16476.0,0.08510289443578707
16480.0,0.08510289443578707
16484.0,0.08510289443578707
16488.0,0.08510289443578707
16492.0,0.08510289443578707
16496.0,0.08510289443578707
16500.0,0.08510289443578707
16504.0,0.08510289443578707
16508.0,0.08510289443578707
16512.0,0.08510289443578707
16516.0,0.08510289443578707
16520.0,0.08510289443578707
16524.0,0.08510289443578707
16528.0,0.08510289443578707
16532.0,0.08510289443578707
16536.0,0.08510289443578707
16540.0,0.08510289443578707
16544.0,0.08510289443578707
16548.0,0.08510289443578707
16552.0,0.08510289443578707
16556.0,0.08510289443578707
16560.0,0.08510289443578707
16564.0,0.08510289443578707
16568.0,0.08510289443578707
16572.0,0.08510289443578707
16576.0,0.08510289443578707
16580.0,0.08510289443578707
16584.0,0.08510289443578707
16588.0,0.08510289443578707
16592.0,0.08510289443578707
16596.0,0.08510289443578707
16600.0,0.08510289443578707
16604.0,0.08510289443578707
16608.0,0.08510289443578707
16612.0,0.08510289443578707
16616.0,0.08510289443578707
16620.0,0.08510289443578707
16624.0,0.08510289443578707
16628.0,0.08510289443578707
16632.0,0.08510289443578707
16636.0,0.08510289443578707
16640.0,0.08510289443578707
16644.0,0.08510289443578707
16648.0,0.08510289443578707
16652.0,0.08510289443578707
16656.0,0.08510289443578707
16660.0,0.08510289443578707
16664.0,0.08510289443578707
16668.0,0.08510289443578707
16672.0,0.08510289443578707
16676.0,0.08510289443578707
16680.0,0.08510289443578707
16684.0,0.08510289443578707
16688.0,0.08510289443578707
16692.0,0.08510289443578707
16696.0,0.08510289443578707
16700.0,0.08510289443578707
16704.0,0.08510289443578707
16708.0,0.08510289443578707
16712.0,0.08510289443578707
16716.0,0.08510289443578707
16720.0,0.08510289443578707
16724.0,0.08510289443578707
16728.0,0.08510289443578707
16732.0,0.08510289443578707
16736.0,0.08510289443578707
16740.0,0.08510289443578707
16744.0,0.08510289443578707
16748.0,0.08510289443578707
16752.0,0.08510289443578707
16756.0,0.08510289443578707
16760.0,0.08510289443578707
16764.0,0.08510289443578707
16768.0,0.08510289443578707
16772.0,0.08510289443578707
16776.0,0.08510289443578707
16780.0,0.08510289443578707
16784.0,0.08510289443578707
16788.0,0.08510289443578707
16792.0,0.08510289443578707
16796.0,0.08510289443578707
16800.0,0.08510289443578707
16804.0,0.08510289443578707
16808.0,0.08510289443578707
16812.0,0.08510289443578707
16816.0,0.08510289443578707
16820.0,0.08510289443578707
16824.0,0.08510289443578707
16828.0,0.08510289443578707
16832.0,0.08510289443578707
16836.0,0.08510289443578707
16840.0,0.08510289443578707
16844.0,0.08510289443578707
16848.0,0.08510289443578707
16852.0,0.08510289443578707
16856.0,0.08510289443578707
16860.0,0.08510289443578707
16864.0,0.08510289443578707
16868.0,0.08510289443578707
16872.0,0.08510289443578707
16876.0,0.08510289443578707
16880.0,0.08510289443578707
16884.0,0.08510289443578707
16888.0,0.08510289443578707
16892.0,0.08510289443578707
16896.0,0.08510289443578707
16900.0,0.08510289443578707
16904.0,0.08510289443578707
16908.0,0.08510289443578707
16912.0,0.08510289443578707
16916.0,0.08510289443578707
16920.0,0.08510289443578707
16924.0,0.08510289443578707
16928.0,0.08510289443578707
16932.0,0.08510289443578707
16936.0,0.08510289443578707
16940.0,0.08510289443578707
16944.0,0.08510289443578707
16948.0,0.08510289443578707
16952.0,0.08510289443578707
16956.0,0.08510289443578707
16960.0,0.08510289443578707
16964.0,0.08510289443578707
16968.0,0.08510289443578707
16972.0,0.08510289443578707
16976.0,0.08510289443578707
16980.0,0.08510289443578707
16984.0,0.08510289443578707
16988.0,0.08510289443578707
16992.0,0.08510289443578707
16996.0,0.08510289443578707
17000.0,0.08510289443578707
17004.0,0.08510289443578707
17008.0,0.08510289443578707
17012.0,0.08510289443578707
17016.0,0.08510289443578707
17020.0,0.08510289443578707
17024.0,0.08510289443578707
17028.0,0.08510289443578707
17032.0,0.08510289443578707
17036.0,0.08510289443578707
17040.0,0.08510289443578707
17044.0,0.08510289443578707
17048.0,0.08510289443578707
17052.0,0.08510289443578707
17056.0,0.08510289443578707
17060.0,0.08510289443578707
17064.0,0.08510289443578707
17068.0,0.08510289443578707
17072.0,0.08510289443578707
17076.0,0.08510289443578707
17080.0,0.08510289443578707
17084.0,0.08510289443578707
17088.0,0.08510289443578707
17092.0,0.08510289443578707
17096.0,0.08510289443578707
17100.0,0.08510289443578707
17104.0,0.08510289443578707
17108.0,0.08510289443578707
17112.0,0.08510289443578707
17116.0,0.08510289443578707
17120.0,0.08510289443578707
17124.0,0.08510289443578707
17128.0,0.08510289443578707
17132.0,0.08510289443578707
17136.0,0.08510289443578707
17140.0,0.08510289443578707
17144.0,0.08510289443578707
17148.0,0.08510289443578707
17152.0,0.08510289443578707
17156.0,0.08510289443578707
17160.0,0.08510289443578707
17164.0,0.08510289443578707
17168.0,0.08510289443578707
17172.0,0.08510289443578707
17176.0,0.08510289443578707
17180.0,0.08510289443578707
17184.0,0.08510289443578707
17188.0,0.08510289443578707
17192.0,0.08510289443578707
17196.0,0.08510289443578707
17200.0,0.08510289443578707
17204.0,0.08510289443578707
17208.0,0.08510289443578707
17212.0,0.08510289443578707
17216.0,0.08510289443578707
17220.0,0.08510289443578707
17224.0,0.08510289443578707
17228.0,0.08510289443578707
17232.0,0.08510289443578707
17236.0,0.08510289443578707
17240.0,0.08510289443578707
17244.0,0.08510289443578707
17248.0,0.08510289443578707
17252.0,0.08510289443578707
17256.0,0.08510289443578707
17260.0,0.08510289443578707
17264.0,0.08510289443578707
17268.0,0.08510289443578707
17272.0,0.08510289443578707
17276.0,0.08510289443578707
17280.0,0.08510289443578707
17284.0,0.08510289443578707
17288.0,0.08510289443578707
17292.0,0.08510289443578707
17296.0,0.08510289443578707
17300.0,0.08510289443578707
17304.0,0.08510289443578707
17308.0,0.08510289443578707
17312.0,0.08510289443578707
17316.0,0.08510289443578707
17320.0,0.08510289443578707
17324.0,0.08510289443578707
17328.0,0.08510289443578707
17332.0,0.08510289443578707
17336.0,0.08510289443578707
17340.0,0.08510289443578707
17344.0,0.08510289443578707
17348.0,0.08510289443578707
17352.0,0.08510289443578707
17356.0,0.08510289443578707
17360.0,0.08510289443578707
17364.0,0.08510289443578707
17368.0,0.08510289443578707
17372.0,0.08510289443578707
17376.0,0.08510289443578707
17380.0,0.08510289443578707
17384.0,0.08510289443578707
17388.0,0.08510289443578707
17392.0,0.08510289443578707
17396.0,0.08510289443578707
17400.0,0.08510289443578707
17404.0,0.08510289443578707
17408.0,0.08510289443578707
17412.0,0.08510289443578707
17416.0,0.08510289443578707
17420.0,0.08510289443578707
17424.0,0.08510289443578707
17428.0,0.08340083654707132
17432.0,0.08510289443578707
17436.0,0.08510289443578707
17440.0,0.08510289443578707
17444.0,0.08510289443578707
17448.0,0.08510289443578707
17452.0,0.08510289443578707
17456.0,0.08510289443578707
17460.0,0.08510289443578707
17464.0,0.08510289443578707
17468.0,0.08510289443578707
17472.0,0.08510289443578707
17476.0,0.08510289443578707
17480.0,0.08510289443578707
17484.0,0.08510289443578707
17488.0,0.08510289443578707
17492.0,0.08510289443578707
17496.0,0.08510289443578707
17500.0,0.08510289443578707
17504.0,0.08510289443578707
17508.0,0.08510289443578707
17512.0,0.08510289443578707
17516.0,0.08510289443578707
17520.0,0.08510289443578707
17524.0,0.08510289443578707
17528.0,0.08510289443578707
17532.0,0.08510289443578707
17536.0,0.08510289443578707
17540.0,0.08340083654707132
17544.0,0.08510289443578707
17548.0,0.08510289443578707
17552.0,0.08510289443578707
17556.0,0.08510289443578707
17560.0,0.08510289443578707
17564.0,0.08510289443578707
17568.0,0.08510289443578707
17572.0,0.08510289443578707
17576.0,0.08510289443578707
17580.0,0.08510289443578707
17584.0,0.08510289443578707
17588.0,0.08510289443578707
17592.0,0.08510289443578707
17596.0,0.08510289443578707
17600.0,0.08510289443578707
17604.0,0.08510289443578707
17608.0,0.08510289443578707
17612.0,0.08510289443578707
17616.0,0.08510289443578707
17620.0,0.08510289443578707
17624.0,0.08510289443578707
17628.0,0.08510289443578707
17632.0,0.08510289443578707
17636.0,0.08510289443578707
17640.0,0.08510289443578707
17644.0,0.08510289443578707
17648.0,0.08510289443578707
17652.0,0.08510289443578707
17656.0,0.08510289443578707
17660.0,0.08510289443578707
17664.0,0.08510289443578707
17668.0,0.08510289443578707
17672.0,0.08510289443578707
17676.0,0.08510289443578707
17680.0,0.08510289443578707
17684.0,0.08510289443578707
17688.0,0.08510289443578707
17692.0,0.08510289443578707
17696.0,0.08510289443578707
17700.0,0.08510289443578707
17704.0,0.08510289443578707
17708.0,0.08510289443578707
17712.0,0.08510289443578707
17716.0,0.08510289443578707
17720.0,0.08510289443578707
17724.0,0.08340083654707132
17728.0,0.08510289443578707
17732.0,0.08510289443578707
17736.0,0.08510289443578707
17740.0,0.08510289443578707
17744.0,0.08510289443578707
17748.0,0.08510289443578707
17752.0,0.08510289443578707
17756.0,0.08510289443578707
17760.0,0.08510289443578707
17764.0,0.08510289443578707
17768.0,0.08510289443578707
17772.0,0.08510289443578707
17776.0,0.08510289443578707
17780.0,0.08510289443578707
17784.0,0.08510289443578707
17788.0,0.08510289443578707
17792.0,0.08510289443578707
17796.0,0.08510289443578707
17800.0,0.08340083654707132
17804.0,0.08510289443578707
17808.0,0.08510289443578707
17812.0,0.08510289443578707
17816.0,0.08510289443578707
17820.0,0.08510289443578707
17824.0,0.08510289443578707
17828.0,0.08510289443578707
17832.0,0.08510289443578707
17836.0,0.08510289443578707
17840.0,0.08510289443578707
17844.0,0.08510289443578707
17848.0,0.08510289443578707
17852.0,0.08510289443578707
17856.0,0.08510289443578707
17860.0,0.08510289443578707
17864.0,0.08510289443578707
17868.0,0.08510289443578707
17872.0,0.08510289443578707
17876.0,0.08510289443578707
17880.0,0.08510289443578707
17884.0,0.08510289443578707
17888.0,0.08510289443578707
17892.0,0.08510289443578707
17896.0,0.08510289443578707
17900.0,0.08510289443578707
17904.0,0.08510289443578707
17908.0,0.08510289443578707
17912.0,0.08510289443578707
17916.0,0.08510289443578707
17920.0,0.08510289443578707
17924.0,0.08510289443578707
17928.0,0.08510289443578707
17932.0,0.08510289443578707
17936.0,0.08510289443578707
17940.0,0.08510289443578707
17944.0,0.08510289443578707
17948.0,0.08340083654707132
17952.0,0.08510289443578707
17956.0,0.08510289443578707
17960.0,0.08510289443578707
17964.0,0.08510289443578707
17968.0,0.08510289443578707
17972.0,0.08510289443578707
17976.0,0.08510289443578707
17980.0,0.08510289443578707
17984.0,0.08510289443578707
17988.0,0.08510289443578707
17992.0,0.08510289443578707
17996.0,0.08510289443578707
18000.0,0.08510289443578707
18004.0,0.08510289443578707
18008.0,0.08510289443578707
18012.0,0.08510289443578707
18016.0,0.08510289443578707
18020.0,0.08510289443578707
18024.0,0.08510289443578707
18028.0,0.08510289443578707
18032.0,0.08510289443578707
18036.0,0.08510289443578707
18040.0,0.08510289443578707
18044.0,0.08510289443578707
18048.0,0.08510289443578707
18052.0,0.08510289443578707
18056.0,0.08510289443578707
18060.0,0.08510289443578707
18064.0,0.08340083654707132
18068.0,0.08510289443578707
18072.0,0.08510289443578707
18076.0,0.08510289443578707
18080.0,0.08510289443578707
18084.0,0.08510289443578707
18088.0,0.08510289443578707
18092.0,0.08510289443578707
18096.0,0.08510289443578707
18100.0,0.08510289443578707
18104.0,0.08510289443578707
18108.0,0.08510289443578707
18112.0,0.08510289443578707
18116.0,0.08510289443578707
18120.0,0.08510289443578707
18124.0,0.08510289443578707
18128.0,0.08510289443578707
18132.0,0.08510289443578707
18136.0,0.08340083654707132
18140.0,0.08340083654707132
18144.0,0.08510289443578707
18148.0,0.08510289443578707
18152.0,0.08510289443578707
18156.0,0.08510289443578707
18160.0,0.08510289443578707
18164.0,0.08340083654707132
18168.0,0.08510289443578707
18172.0,0.08510289443578707
18176.0,0.08510289443578707
18180.0,0.08340083654707132
18184.0,0.08510289443578707
18188.0,0.08510289443578707
18192.0,0.08510289443578707
18196.0,0.08340083654707132
18200.0,0.08510289443578707
18204.0,0.08340083654707132
18208.0,0.08510289443578707
18212.0,0.08510289443578707
18216.0,0.08510289443578707
18220.0,0.08510289443578707
18224.0,0.08510289443578707
18228.0,0.08510289443578707
18232.0,0.08510289443578707
18236.0,0.08510289443578707
18240.0,0.08510289443578707
18244.0,0.08510289443578707
18248.0,0.08510289443578707
18252.0,0.08510289443578707
18256.0,0.08510289443578707
18260.0,0.08510289443578707
18264.0,0.08510289443578707
18268.0,0.08510289443578707
18272.0,0.08510289443578707
18276.0,0.08510289443578707
18280.0,0.08510289443578707
18284.0,0.08510289443578707
18288.0,0.08510289443578707
18292.0,0.08510289443578707
18296.0,0.08510289443578707
18300.0,0.08510289443578707
18304.0,0.08510289443578707
18308.0,0.08510289443578707
18312.0,0.08340083654707132
18316.0,0.08510289443578707
18320.0,0.08510289443578707
18324.0,0.08510289443578707
18328.0,0.08510289443578707
18332.0,0.08510289443578707
18336.0,0.08510289443578707
18340.0,0.08510289443578707
18344.0,0.08510289443578707
18348.0,0.08510289443578707
18352.0,0.08510289443578707
18356.0,0.08510289443578707
18360.0,0.08510289443578707
18364.0,0.08510289443578707
18368.0,0.08510289443578707
18372.0,0.08510289443578707
18376.0,0.08510289443578707
18380.0,0.08510289443578707
18384.0,0.08510289443578707
18388.0,0.08340083654707132
18392.0,0.08510289443578707
18396.0,0.08340083654707132
18400.0,0.08510289443578707
18404.0,0.08510289443578707
18408.0,0.08510289443578707
18412.0,0.08340083654707132
18416.0,0.08510289443578707
18420.0,0.08510289443578707
18424.0,0.08510289443578707
18428.0,0.08510289443578707
18432.0,0.08510289443578707
18436.0,0.08510289443578707
18440.0,0.08510289443578707
18444.0,0.08510289443578707
18448.0,0.08510289443578707
18452.0,0.08510289443578707
18456.0,0.08510289443578707
18460.0,0.08510289443578707
18464.0,0.08510289443578707
18468.0,0.08510289443578707
18472.0,0.08510289443578707
18476.0,0.08510289443578707
18480.0,0.08510289443578707
18484.0,0.08510289443578707
18488.0,0.08340083654707132
18492.0,0.08510289443578707
18496.0,0.08340083654707132
18500.0,0.08340083654707132
18504.0,0.08340083654707132
18508.0,0.08510289443578707
18512.0,0.08510289443578707
18516.0,0.08510289443578707
18520.0,0.08510289443578707
18524.0,0.08510289443578707
18528.0,0.08510289443578707
18532.0,0.08340083654707132
18536.0,0.08510289443578707
18540.0,0.08510289443578707
18544.0,0.08340083654707132
18548.0,0.08510289443578707
18552.0,0.08510289443578707
18556.0,0.08510289443578707
18560.0,0.08510289443578707
18564.0,0.08510289443578707
18568.0,0.08510289443578707
18572.0,0.08510289443578707
18576.0,0.08510289443578707
18580.0,0.08510289443578707
18584.0,0.08510289443578707
18588.0,0.08510289443578707
18592.0,0.08510289443578707
18596.0,0.08510289443578707
18600.0,0.08510289443578707
18604.0,0.08510289443578707
18608.0,0.08510289443578707
18612.0,0.08510289443578707
18616.0,0.08510289443578707
18620.0,0.08510289443578707
18624.0,0.08510289443578707
18628.0,0.08510289443578707
18632.0,0.08510289443578707
18636.0,0.08510289443578707
18640.0,0.08510289443578707
18644.0,0.08510289443578707
18648.0,0.08510289443578707
18652.0,0.08510289443578707
18656.0,0.08510289443578707
18660.0,0.08510289443578707
18664.0,0.08510289443578707
18668.0,0.08510289443578707
18672.0,0.08510289443578707
18676.0,0.08340083654707132
18680.0,0.08510289443578707
18684.0,0.08340083654707132
18688.0,0.08510289443578707
18692.0,0.08510289443578707
18696.0,0.08510289443578707
18700.0,0.08510289443578707
18704.0,0.08510289443578707
18708.0,0.08510289443578707
18712.0,0.08510289443578707
18716.0,0.08340083654707132
18720.0,0.08510289443578707
18724.0,0.08340083654707132
18728.0,0.08510289443578707
18732.0,0.08510289443578707
18736.0,0.08510289443578707
18740.0,0.08510289443578707
18744.0,0.08510289443578707
18748.0,0.08340083654707132
18752.0,0.08510289443578707
18756.0,0.08340083654707132
18760.0,0.08510289443578707
18764.0,0.08340083654707132
18768.0,0.08510289443578707
18772.0,0.08510289443578707
18776.0,0.08510289443578707
18780.0,0.08340083654707132
18784.0,0.08510289443578707
18788.0,0.08510289443578707
18792.0,0.08510289443578707
18796.0,0.08340083654707132
18800.0,0.08510289443578707
18804.0,0.08340083654707132
18808.0,0.08510289443578707
18812.0,0.08340083654707132
18816.0,0.08510289443578707
18820.0,0.08510289443578707
18824.0,0.08510289443578707
18828.0,0.08340083654707132
18832.0,0.08510289443578707
18836.0,0.08340083654707132
18840.0,0.08510289443578707
18844.0,0.08340083654707132
18848.0,0.08510289443578707
18852.0,0.08510289443578707
18856.0,0.08510289443578707
18860.0,0.08510289443578707
18864.0,0.08510289443578707
18868.0,0.08510289443578707
18872.0,0.08510289443578707
18876.0,0.08510289443578707
18880.0,0.08510289443578707
18884.0,0.08340083654707132
18888.0,0.08510289443578707
18892.0,0.08510289443578707
18896.0,0.08510289443578707
18900.0,0.08510289443578707
18904.0,0.08510289443578707
18908.0,0.08340083654707132
18912.0,0.08510289443578707
18916.0,0.08510289443578707
18920.0,0.08510289443578707
18924.0,0.08510289443578707
18928.0,0.08510289443578707
18932.0,0.08340083654707132
18936.0,0.08510289443578707
18940.0,0.08340083654707132
18944.0,0.08340083654707132
18948.0,0.08340083654707132
18952.0,0.08510289443578707
18956.0,0.08510289443578707
18960.0,0.08510289443578707
18964.0,0.08340083654707132
18968.0,0.08510289443578707
18972.0,0.08510289443578707
18976.0,0.08340083654707132
18980.0,0.08340083654707132
18984.0,0.08510289443578707
18988.0,0.08340083654707132
18992.0,0.08510289443578707
18996.0,0.08510289443578707
19000.0,0.08510289443578707
19004.0,0.08510289443578707
19008.0,0.08510289443578707
19012.0,0.08340083654707132
19016.0,0.08510289443578707
19020.0,0.08340083654707132
19024.0,0.08510289443578707
19028.0,0.08510289443578707
19032.0,0.08510289443578707
19036.0,0.08510289443578707
19040.0,0.08510289443578707
19044.0,0.08510289443578707
19048.0,0.08340083654707132
19052.0,0.08510289443578707
19056.0,0.08340083654707132
19060.0,0.08510289443578707
19064.0,0.08510289443578707
19068.0,0.08510289443578707
19072.0,0.08340083654707132
19076.0,0.08510289443578707
19080.0,0.08510289443578707
19084.0,0.08510289443578707
19088.0,0.08510289443578707
19092.0,0.08340083654707132
19096.0,0.08340083654707132
19100.0,0.08510289443578707
19104.0,0.08510289443578707
19108.0,0.08510289443578707
19112.0,0.08510289443578707
19116.0,0.08340083654707132
19120.0,0.08510289443578707
19124.0,0.08510289443578707
19128.0,0.08510289443578707
19132.0,0.08510289443578707
19136.0,0.08510289443578707
19140.0,0.08510289443578707
19144.0,0.08510289443578707
19148.0,0.08510289443578707
19152.0,0.08510289443578707
19156.0,0.08340083654707132
19160.0,0.08510289443578707
19164.0,0.08340083654707132
19168.0,0.08510289443578707
19172.0,0.08510289443578707
19176.0,0.08510289443578707
19180.0,0.08510289443578707
19184.0,0.08510289443578707
19188.0,0.08510289443578707
19192.0,0.08510289443578707
19196.0,0.08510289443578707
19200.0,0.08510289443578707
19204.0,0.08510289443578707
19208.0,0.08340083654707132
19212.0,0.08340083654707132
19216.0,0.08340083654707132
19220.0,0.08510289443578707
19224.0,0.08340083654707132
19228.0,0.08510289443578707
19232.0,0.08340083654707132
19236.0,0.08510289443578707
19240.0,0.08340083654707132
19244.0,0.08340083654707132
19248.0,0.08340083654707132
19252.0,0.08510289443578707
19256.0,0.08510289443578707
19260.0,0.08340083654707132
19264.0,0.08510289443578707
19268.0,0.08510289443578707
19272.0,0.08510289443578707
19276.0,0.08510289443578707
19280.0,0.08510289443578707
19284.0,0.08510289443578707
19288.0,0.08510289443578707
19292.0,0.08510289443578707
19296.0,0.08510289443578707
19300.0,0.08510289443578707
19304.0,0.08510289443578707
19308.0,0.08510289443578707
19312.0,0.08340083654707132
19316.0,0.08340083654707132
19320.0,0.08340083654707132
19324.0,0.08340083654707132
19328.0,0.08510289443578707
19332.0,0.08510289443578707
19336.0,0.08510289443578707
19340.0,0.08510289443578707
19344.0,0.08510289443578707
19348.0,0.08340083654707132
19352.0,0.08510289443578707
19356.0,0.08340083654707132
19360.0,0.08510289443578707
19364.0,0.08510289443578707
19368.0,0.08510289443578707
19372.0,0.08340083654707132
19376.0,0.08510289443578707
19380.0,0.08340083654707132
19384.0,0.08510289443578707
19388.0,0.08340083654707132
19392.0,0.08510289443578707
19396.0,0.08340083654707132
19400.0,0.08510289443578707
19404.0,0.08340083654707132
19408.0,0.08510289443578707
19412.0,0.08340083654707132
19416.0,0.08340083654707132
19420.0,0.08340083654707132
19424.0,0.08510289443578707
19428.0,0.08340083654707132
19432.0,0.08510289443578707
19436.0,0.08510289443578707
19440.0,0.08510289443578707
19444.0,0.08510289443578707
19448.0,0.08510289443578707
19452.0,0.08510289443578707
19456.0,0.08340083654707132
19460.0,0.08510289443578707
19464.0,0.08340083654707132
19468.0,0.08510289443578707
19472.0,0.08340083654707132
19476.0,0.08510289443578707
19480.0,0.08510289443578707
19484.0,0.08510289443578707
19488.0,0.08510289443578707
19492.0,0.08340083654707132
19496.0,0.08340083654707132
19500.0,0.08510289443578707
19504.0,0.08340083654707132
19508.0,0.08510289443578707
19512.0,0.08510289443578707
19516.0,0.08510289443578707
19520.0,0.08510289443578707
19524.0,0.08340083654707132
19528.0,0.08510289443578707
19532.0,0.08340083654707132
19536.0,0.08340083654707132
19540.0,0.08340083654707132
19544.0,0.08510289443578707
19548.0,0.08340083654707132
19552.0,0.08510289443578707
19556.0,0.08340083654707132
19560.0,0.08510289443578707
19564.0,0.08340083654707132
19568.0,0.08510289443578707
19572.0,0.08340083654707132
19576.0,0.08510289443578707
19580.0,0.08340083654707132
19584.0,0.08510289443578707
19588.0,0.08340083654707132
19592.0,0.08510289443578707
19596.0,0.08340083654707132
19600.0,0.08340083654707132
19604.0,0.08340083654707132
19608.0,0.08340083654707132
19612.0,0.08340083654707132
19616.0,0.08340083654707132
19620.0,0.08340083654707132
19624.0,0.08340083654707132
19628.0,0.08510289443578707
19632.0,0.08510289443578707
19636.0,0.08510289443578707
19640.0,0.08340083654707132
19644.0,0.08340083654707132
19648.0,0.08340083654707132
19652.0,0.08340083654707132
19656.0,0.08510289443578707
19660.0,0.08510289443578707
19664.0,0.08510289443578707
19668.0,0.08510289443578707
19672.0,0.08340083654707132
19676.0,0.08340083654707132
19680.0,0.08340083654707132
19684.0,0.08340083654707132
19688.0,0.08340083654707132
19692.0,0.08340083654707132
19696.0,0.08340083654707132
19700.0,0.08510289443578707
19704.0,0.08510289443578707
19708.0,0.08340083654707132
19712.0,0.08340083654707132
19716.0,0.08340083654707132
19720.0,0.08340083654707132
19724.0,0.08340083654707132
19728.0,0.08510289443578707
19732.0,0.08340083654707132
19736.0,0.08510289443578707
19740.0,0.08340083654707132
19744.0,0.08340083654707132
19748.0,0.08340083654707132
19752.0,0.08510289443578707
19756.0,0.08340083654707132
19760.0,0.08510289443578707
19764.0,0.08340083654707132
19768.0,0.08510289443578707
19772.0,0.08340083654707132
19776.0,0.08510289443578707
19780.0,0.08340083654707132
19784.0,0.08510289443578707
19788.0,0.08340083654707132
19792.0,0.08340083654707132
19796.0,0.08340083654707132
19800.0,0.08510289443578707
19804.0,0.08340083654707132
19808.0,0.08510289443578707
19812.0,0.08510289443578707
19816.0,0.08510289443578707
19820.0,0.08340083654707132
19824.0,0.08340083654707132
19828.0,0.08340083654707132
19832.0,0.08340083654707132
19836.0,0.08340083654707132
19840.0,0.08340083654707132
19844.0,0.08340083654707132
19848.0,0.08510289443578707
19852.0,0.08510289443578707
19856.0,0.08510289443578707
19860.0,0.08340083654707132
19864.0,0.08510289443578707
19868.0,0.08340083654707132
19872.0,0.08510289443578707
19876.0,0.08340083654707132
19880.0,0.08340083654707132
19884.0,0.08510289443578707
19888.0,0.08510289443578707
19892.0,0.08340083654707132
19896.0,0.08510289443578707
19900.0,0.08340083654707132
19904.0,0.08340083654707132
19908.0,0.08510289443578707
19912.0,0.08340083654707132
19916.0,0.08340083654707132
19920.0,0.08340083654707132
19924.0,0.08340083654707132
19928.0,0.08340083654707132
19932.0,0.08510289443578707
19936.0,0.08510289443578707
19940.0,0.08340083654707132
19944.0,0.08340083654707132
19948.0,0.08340083654707132
19952.0,0.08510289443578707
19956.0,0.08340083654707132
19960.0,0.08340083654707132
19964.0,0.08340083654707132
19968.0,0.08340083654707132
19972.0,0.08340083654707132
19976.0,0.08340083654707132
19980.0,0.08340083654707132
19984.0,0.08510289443578707
19988.0,0.08340083654707132
19992.0,0.08510289443578707
19996.0,0.08340083654707132
20000.0,0.08510289443578707
20004.0,0.08340083654707132
20008.0,0.08340083654707132
20012.0,0.08340083654707132
20016.0,0.08340083654707132
20020.0,0.08340083654707132
20024.0,0.08340083654707132
20028.0,0.08510289443578707
20032.0,0.08510289443578707
20036.0,0.08340083654707132
20040.0,0.08340083654707132
20044.0,0.08340083654707132
20048.0,0.08340083654707132
20052.0,0.08510289443578707
20056.0,0.08340083654707132
20060.0,0.08340083654707132
20064.0,0.08510289443578707
20068.0,0.08510289443578707
20072.0,0.08510289443578707
20076.0,0.08340083654707132
20080.0,0.08340083654707132
20084.0,0.08340083654707132
20088.0,0.08340083654707132
20092.0,0.08340083654707132
20096.0,0.08340083654707132
20100.0,0.08340083654707132
20104.0,0.08510289443578707
20108.0,0.08340083654707132
20112.0,0.08340083654707132
20116.0,0.08510289443578707
20120.0,0.08510289443578707
20124.0,0.08340083654707132
20128.0,0.08340083654707132
20132.0,0.08340083654707132
20136.0,0.08510289443578707
20140.0,0.08340083654707132
20144.0,0.08510289443578707
20148.0,0.08340083654707132
20152.0,0.08510289443578707
20156.0,0.08340083654707132
20160.0,0.08340083654707132
20164.0,0.08340083654707132
20168.0,0.08510289443578707
20172.0,0.08340083654707132
20176.0,0.08510289443578707
20180.0,0.08340083654707132
20184.0,0.08510289443578707
20188.0,0.08340083654707132
20192.0,0.08340083654707132
20196.0,0.08340083654707132
20200.0,0.08340083654707132
20204.0,0.08340083654707132
20208.0,0.08340083654707132
20212.0,0.08340083654707132
20216.0,0.08510289443578707
20220.0,0.08340083654707132
20224.0,0.08510289443578707
20228.0,0.08340083654707132
20232.0,0.08340083654707132
20236.0,0.08340083654707132
20240.0,0.08340083654707132
20244.0,0.08510289443578707
20248.0,0.08510289443578707
20252.0,0.08340083654707132
20256.0,0.08510289443578707
20260.0,0.08340083654707132
20264.0,0.08340083654707132
20268.0,0.08340083654707132
20272.0,0.08340083654707132
20276.0,0.08340083654707132
20280.0,0.08340083654707132
20284.0,0.08340083654707132
20288.0,0.08510289443578707
20292.0,0.08510289443578707
20296.0,0.08340083654707132
20300.0,0.08340083654707132
20304.0,0.08340083654707132
20308.0,0.08340083654707132
20312.0,0.08340083654707132
20316.0,0.08340083654707132
20320.0,0.08340083654707132
20324.0,0.08340083654707132
20328.0,0.08510289443578707
20332.0,0.08340083654707132
20336.0,0.08340083654707132
20340.0,0.08340083654707132
20344.0,0.08340083654707132
20348.0,0.08340083654707132
20352.0,0.08510289443578707
20356.0,0.08340083654707132
20360.0,0.08340083654707132
20364.0,0.08340083654707132
20368.0,0.08510289443578707
20372.0,0.08340083654707132
20376.0,0.08340083654707132
20380.0,0.08340083654707132
20384.0,0.08510289443578707
20388.0,0.08340083654707132
20392.0,0.08340083654707132
20396.0,0.08340083654707132
20400.0,0.08340083654707132
20404.0,0.08340083654707132
20408.0,0.08340083654707132
20412.0,0.08340083654707132
20416.0,0.08510289443578707
20420.0,0.08340083654707132
20424.0,0.08340083654707132
20428.0,0.08340083654707132
20432.0,0.08340083654707132
20436.0,0.08340083654707132
20440.0,0.08510289443578707
20444.0,0.08340083654707132
20448.0,0.08340083654707132
20452.0,0.08340083654707132
20456.0,0.08340083654707132
20460.0,0.08340083654707132
20464.0,0.08340083654707132
20468.0,0.08340083654707132
20472.0,0.08340083654707132
20476.0,0.08510289443578707
20480.0,0.08510289443578707
20484.0,0.08340083654707132
20488.0,0.08340083654707132
20492.0,0.08340083654707132
20496.0,0.08340083654707132
20500.0,0.08340083654707132
20504.0,0.08340083654707132
20508.0,0.08340083654707132
20512.0,0.08510289443578707
20516.0,0.08340083654707132
20520.0,0.08340083654707132
20524.0,0.08340083654707132
20528.0,0.08340083654707132
20532.0,0.08340083654707132
20536.0,0.08340083654707132
20540.0,0.08340083654707132
20544.0,0.08510289443578707
20548.0,0.08340083654707132
20552.0,0.08510289443578707
20556.0,0.08340083654707132
20560.0,0.08340083654707132
20564.0,0.08340083654707132
20568.0,0.08340083654707132
20572.0,0.08340083654707132
20576.0,0.08340083654707132
20580.0,0.08340083654707132
20584.0,0.08510289443578707
20588.0,0.08340083654707132
20592.0,0.08340083654707132
20596.0,0.08340083654707132
20600.0,0.08340083654707132
20604.0,0.08340083654707132
20608.0,0.08340083654707132
20612.0,0.08340083654707132
20616.0,0.08340083654707132
20620.0,0.08340083654707132
20624.0,0.08340083654707132
20628.0,0.08340083654707132
20632.0,0.08340083654707132
20636.0,0.08510289443578707
20640.0,0.08340083654707132
20644.0,0.08340083654707132
20648.0,0.08340083654707132
20652.0,0.08340083654707132
20656.0,0.08340083654707132
20660.0,0.08510289443578707
20664.0,0.08340083654707132
20668.0,0.08340083654707132
20672.0,0.08340083654707132
20676.0,0.08340083654707132
20680.0,0.08340083654707132
20684.0,0.08340083654707132
20688.0,0.08340083654707132
20692.0,0.08340083654707132
20696.0,0.08340083654707132
20700.0,0.08340083654707132
20704.0,0.08340083654707132
20708.0,0.08340083654707132
20712.0,0.08340083654707132
20716.0,0.08340083654707132
20720.0,0.08340083654707132
20724.0,0.08340083654707132
20728.0,0.08510289443578707
20732.0,0.08340083654707132
20736.0,0.08340083654707132
20740.0,0.08340083654707132
20744.0,0.08340083654707132
20748.0,0.08340083654707132
20752.0,0.08340083654707132
20756.0,0.08340083654707132
20760.0,0.08340083654707132
20764.0,0.08340083654707132
20768.0,0.08340083654707132
20772.0,0.08340083654707132
20776.0,0.08340083654707132
20780.0,0.08340083654707132
20784.0,0.08340083654707132
20788.0,0.08340083654707132
20792.0,0.08340083654707132
20796.0,0.08340083654707132
20800.0,0.08340083654707132
20804.0,0.08340083654707132
20808.0,0.08340083654707132
20812.0,0.08340083654707132
20816.0,0.08340083654707132
20820.0,0.08340083654707132
20824.0,0.08340083654707132
20828.0,0.08340083654707132
20832.0,0.08340083654707132
20836.0,0.08340083654707132
20840.0,0.08340083654707132
20844.0,0.08340083654707132
20848.0,0.08340083654707132
20852.0,0.08340083654707132
20856.0,0.08340083654707132
20860.0,0.08340083654707132
20864.0,0.08340083654707132
20868.0,0.08340083654707132
20872.0,0.08340083654707132
20876.0,0.08340083654707132
20880.0,0.08340083654707132
20884.0,0.08340083654707132
20888.0,0.08340083654707132
20892.0,0.08340083654707132
20896.0,0.08340083654707132
20900.0,0.08340083654707132
20904.0,0.08340083654707132
20908.0,0.08340083654707132
20912.0,0.08340083654707132
20916.0,0.08340083654707132
20920.0,0.08340083654707132
20924.0,0.08340083654707132
20928.0,0.08340083654707132
20932.0,0.08340083654707132
20936.0,0.08340083654707132
20940.0,0.08340083654707132
20944.0,0.08340083654707132
20948.0,0.08340083654707132
20952.0,0.08340083654707132
20956.0,0.08340083654707132
20960.0,0.08510289443578707
20964.0,0.08340083654707132
20968.0,0.08340083654707132
20972.0,0.08340083654707132
20976.0,0.08340083654707132
20980.0,0.08340083654707132
20984.0,0.08340083654707132
20988.0,0.08340083654707132
20992.0,0.08340083654707132
20996.0,0.08340083654707132
21000.0,0.08340083654707132
21004.0,0.08340083654707132
21008.0,0.08340083654707132
21012.0,0.08340083654707132
21016.0,0.08340083654707132
21020.0,0.08340083654707132
21024.0,0.08340083654707132
21028.0,0.08340083654707132
21032.0,0.08340083654707132
21036.0,0.08340083654707132
21040.0,0.08340083654707132
21044.0,0.08340083654707132
21048.0,0.08340083654707132
21052.0,0.08510289443578707
21056.0,0.08340083654707132
21060.0,0.08510289443578707
21064.0,0.08340083654707132
21068.0,0.08340083654707132
21072.0,0.08340083654707132
21076.0,0.08340083654707132
21080.0,0.08340083654707132
21084.0,0.08340083654707132
21088.0,0.08340083654707132
21092.0,0.08340083654707132
21096.0,0.08340083654707132
21100.0,0.08340083654707132
21104.0,0.08340083654707132
21108.0,0.08340083654707132
21112.0,0.08340083654707132
21116.0,0.08340083654707132
21120.0,0.08510289443578707
21124.0,0.08340083654707132
21128.0,0.08340083654707132
21132.0,0.08340083654707132
21136.0,0.08340083654707132
21140.0,0.08340083654707132
21144.0,0.08340083654707132
21148.0,0.08340083654707132
21152.0,0.08340083654707132
21156.0,0.08340083654707132
21160.0,0.08340083654707132
21164.0,0.08340083654707132
21168.0,0.08510289443578707
21172.0,0.08340083654707132
21176.0,0.08510289443578707
21180.0,0.08340083654707132
21184.0,0.08340083654707132
21188.0,0.08340083654707132
21192.0,0.08340083654707132
21196.0,0.08340083654707132
21200.0,0.08340083654707132
21204.0,0.08340083654707132
21208.0,0.08340083654707132
21212.0,0.08340083654707132
21216.0,0.08340083654707132
21220.0,0.08340083654707132
21224.0,0.08340083654707132
21228.0,0.08340083654707132
21232.0,0.08340083654707132
21236.0,0.08340083654707132
21240.0,0.08340083654707132
21244.0,0.08340083654707132
21248.0,0.08340083654707132
21252.0,0.08340083654707132
21256.0,0.08340083654707132
21260.0,0.08340083654707132
21264.0,0.08340083654707132
21268.0,0.08340083654707132
21272.0,0.08340083654707132
21276.0,0.08340083654707132
21280.0,0.08340083654707132
21284.0,0.08340083654707132
21288.0,0.08340083654707132
21292.0,0.08340083654707132
21296.0,0.08340083654707132
21300.0,0.08340083654707132
21304.0,0.08340083654707132
21308.0,0.08340083654707132
21312.0,0.08340083654707132
21316.0,0.08340083654707132
21320.0,0.08340083654707132
21324.0,0.08340083654707132
21328.0,0.08340083654707132
21332.0,0.08340083654707132
21336.0,0.08340083654707132
21340.0,0.08340083654707132
21344.0,0.08340083654707132
21348.0,0.08340083654707132
21352.0,0.08340083654707132
21356.0,0.08340083654707132
21360.0,0.08340083654707132
21364.0,0.08340083654707132
21368.0,0.08340083654707132
21372.0,0.08340083654707132
21376.0,0.08340083654707132
21380.0,0.08340083654707132
21384.0,0.08340083654707132
21388.0,0.08340083654707132
21392.0,0.08340083654707132
21396.0,0.08340083654707132
21400.0,0.08340083654707132
21404.0,0.08340083654707132
21408.0,0.08340083654707132
21412.0,0.08340083654707132
21416.0,0.08340083654707132
21420.0,0.08340083654707132
21424.0,0.08340083654707132
21428.0,0.08510289443578707
21432.0,0.08340083654707132
21436.0,0.08340083654707132
21440.0,0.08340083654707132
21444.0,0.08340083654707132
21448.0,0.08340083654707132
21452.0,0.08340083654707132
21456.0,0.08340083654707132
21460.0,0.08340083654707132
21464.0,0.08340083654707132
21468.0,0.08510289443578707
21472.0,0.08340083654707132
21476.0,0.08340083654707132
21480.0,0.08340083654707132
21484.0,0.08340083654707132
21488.0,0.08340083654707132
21492.0,0.08340083654707132
21496.0,0.08340083654707132
21500.0,0.08340083654707132
21504.0,0.08340083654707132
21508.0,0.08340083654707132
21512.0,0.08340083654707132
21516.0,0.08340083654707132
21520.0,0.08340083654707132
21524.0,0.08340083654707132
21528.0,0.08340083654707132
21532.0,0.08340083654707132
21536.0,0.08340083654707132
21540.0,0.08340083654707132
21544.0,0.08340083654707132
21548.0,0.08340083654707132
21552.0,0.08340083654707132
21556.0,0.08340083654707132
21560.0,0.08340083654707132
21564.0,0.08340083654707132
21568.0,0.08340083654707132
21572.0,0.08340083654707132
21576.0,0.08340083654707132
21580.0,0.08340083654707132
21584.0,0.08340083654707132
21588.0,0.08340083654707132
21592.0,0.08340083654707132
21596.0,0.08340083654707132
21600.0,0.08340083654707132
21604.0,0.08340083654707132
21608.0,0.08340083654707132
21612.0,0.08340083654707132
21616.0,0.08340083654707132
21620.0,0.08340083654707132
21624.0,0.08340083654707132
21628.0,0.08340083654707132
21632.0,0.08340083654707132
21636.0,0.08340083654707132
21640.0,0.08340083654707132
21644.0,0.08340083654707132
21648.0,0.08340083654707132
21652.0,0.08340083654707132
21656.0,0.08340083654707132
21660.0,0.08340083654707132
21664.0,0.08340083654707132
21668.0,0.08340083654707132
21672.0,0.08340083654707132
21676.0,0.08340083654707132
21680.0,0.08340083654707132
21684.0,0.08340083654707132
21688.0,0.08340083654707132
21692.0,0.08340083654707132
21696.0,0.08340083654707132
21700.0,0.08340083654707132
21704.0,0.08340083654707132
21708.0,0.08340083654707132
21712.0,0.08340083654707132
21716.0,0.08340083654707132
21720.0,0.08340083654707132
21724.0,0.08340083654707132
21728.0,0.08340083654707132
21732.0,0.08340083654707132
21736.0,0.08340083654707132
21740.0,0.08340083654707132
21744.0,0.08340083654707132
21748.0,0.08340083654707132
21752.0,0.08340083654707132
21756.0,0.08340083654707132
21760.0,0.08510289443578707
21764.0,0.08340083654707132
21768.0,0.08340083654707132
21772.0,0.08340083654707132
21776.0,0.08340083654707132
21780.0,0.08340083654707132
21784.0,0.08340083654707132
21788.0,0.08340083654707132
21792.0,0.08340083654707132
21796.0,0.08340083654707132
21800.0,0.08340083654707132
21804.0,0.08340083654707132
21808.0,0.08340083654707132
21812.0,0.08340083654707132
21816.0,0.08340083654707132
21820.0,0.08340083654707132
21824.0,0.08340083654707132
21828.0,0.08340083654707132
21832.0,0.08340083654707132
21836.0,0.08340083654707132
21840.0,0.08340083654707132
21844.0,0.08340083654707132
21848.0,0.08340083654707132
21852.0,0.08340083654707132
21856.0,0.08340083654707132
21860.0,0.08340083654707132
21864.0,0.08340083654707132
21868.0,0.08340083654707132
21872.0,0.08340083654707132
21876.0,0.08340083654707132
21880.0,0.08340083654707132
21884.0,0.08340083654707132
21888.0,0.08340083654707132
21892.0,0.08340083654707132
21896.0,0.08340083654707132
21900.0,0.08340083654707132
21904.0,0.08340083654707132
21908.0,0.08340083654707132
21912.0,0.08340083654707132
21916.0,0.08340083654707132
21920.0,0.08340083654707132
21924.0,0.08340083654707132
21928.0,0.08340083654707132
21932.0,0.08340083654707132
21936.0,0.08340083654707132
21940.0,0.08340083654707132
21944.0,0.08340083654707132
21948.0,0.08340083654707132
21952.0,0.08340083654707132
21956.0,0.08340083654707132
21960.0,0.08340083654707132
21964.0,0.08340083654707132
21968.0,0.08340083654707132
21972.0,0.08340083654707132
21976.0,0.08340083654707132
21980.0,0.08340083654707132
21984.0,0.08340083654707132
21988.0,0.08340083654707132
21992.0,0.08340083654707132
21996.0,0.08340083654707132
22000.0,0.08340083654707132
22004.0,0.08340083654707132
22008.0,0.08340083654707132
22012.0,0.08340083654707132
22016.0,0.08340083654707132
22020.0,0.08340083654707132
22024.0,0.08340083654707132
22028.0,0.08340083654707132
22032.0,0.08340083654707132
22036.0,0.08340083654707132
22040.0,0.08340083654707132
22044.0,0.08340083654707132
22048.0,0.08340083654707132
22052.0,0.08340083654707132
22056.0,0.08340083654707132
22060.0,0.08340083654707132
22064.0,0.08340083654707132
22068.0,0.08340083654707132
22072.0,0.08340083654707132
22076.0,0.08340083654707132
22080.0,0.08340083654707132
22084.0,0.08340083654707132
22088.0,0.08340083654707132
22092.0,0.08340083654707132
22096.0,0.08340083654707132
22100.0,0.08340083654707132
22104.0,0.08340083654707132
22108.0,0.08340083654707132
22112.0,0.08340083654707132
22116.0,0.08340083654707132
22120.0,0.08340083654707132
22124.0,0.08340083654707132
22128.0,0.08340083654707132
22132.0,0.08340083654707132
22136.0,0.08340083654707132
22140.0,0.08340083654707132
22144.0,0.08340083654707132
22148.0,0.08340083654707132
22152.0,0.08340083654707132
22156.0,0.08340083654707132
22160.0,0.08340083654707132
22164.0,0.08340083654707132
22168.0,0.08340083654707132
22172.0,0.08340083654707132
22176.0,0.08340083654707132
22180.0,0.08340083654707132
22184.0,0.08340083654707132
22188.0,0.08340083654707132
22192.0,0.08340083654707132
22196.0,0.08340083654707132
22200.0,0.08340083654707132
22204.0,0.08340083654707132
22208.0,0.08340083654707132
22212.0,0.08340083654707132
22216.0,0.08340083654707132
22220.0,0.08340083654707132
22224.0,0.08340083654707132
22228.0,0.08340083654707132
22232.0,0.08340083654707132
22236.0,0.08340083654707132
22240.0,0.08340083654707132
22244.0,0.08340083654707132
22248.0,0.08340083654707132
22252.0,0.08340083654707132
22256.0,0.08340083654707132
22260.0,0.08340083654707132
22264.0,0.08340083654707132
22268.0,0.08340083654707132
22272.0,0.08340083654707132
22276.0,0.08340083654707132
22280.0,0.08340083654707132
22284.0,0.08340083654707132
22288.0,0.08340083654707132
22292.0,0.08340083654707132
22296.0,0.08340083654707132
22300.0,0.08340083654707132
22304.0,0.08340083654707132
22308.0,0.08340083654707132
22312.0,0.08340083654707132
22316.0,0.08340083654707132
22320.0,0.08340083654707132
22324.0,0.08340083654707132
22328.0,0.08340083654707132
22332.0,0.08340083654707132
22336.0,0.08340083654707132
22340.0,0.08340083654707132
22344.0,0.08340083654707132
22348.0,0.08340083654707132
22352.0,0.08340083654707132
22356.0,0.08340083654707132
22360.0,0.08340083654707132
22364.0,0.08340083654707132
22368.0,0.08340083654707132
22372.0,0.08340083654707132
22376.0,0.08340083654707132
22380.0,0.08340083654707132
22384.0,0.08340083654707132
22388.0,0.08340083654707132
22392.0,0.08340083654707132
22396.0,0.08340083654707132
22400.0,0.08340083654707132
22404.0,0.08340083654707132
22408.0,0.08340083654707132
22412.0,0.08340083654707132
22416.0,0.08340083654707132
22420.0,0.08340083654707132
22424.0,0.08340083654707132
22428.0,0.08340083654707132
22432.0,0.08340083654707132
22436.0,0.08340083654707132
22440.0,0.08340083654707132
22444.0,0.08340083654707132
22448.0,0.08340083654707132
22452.0,0.08340083654707132
22456.0,0.08340083654707132
22460.0,0.08340083654707132
22464.0,0.08340083654707132
22468.0,0.08340083654707132
22472.0,0.08340083654707132
22476.0,0.08340083654707132
22480.0,0.08340083654707132
22484.0,0.08340083654707132
22488.0,0.08340083654707132
22492.0,0.08340083654707132
22496.0,0.08340083654707132
22500.0,0.08340083654707132
22504.0,0.08340083654707132
22508.0,0.08340083654707132
22512.0,0.08340083654707132
22516.0,0.08340083654707132
22520.0,0.08340083654707132
22524.0,0.08340083654707132
22528.0,0.08340083654707132
22532.0,0.08340083654707132
22536.0,0.08340083654707132
22540.0,0.08340083654707132
22544.0,0.08340083654707132
22548.0,0.08340083654707132
22552.0,0.08340083654707132
22556.0,0.08340083654707132
22560.0,0.08340083654707132
22564.0,0.08340083654707132
22568.0,0.08340083654707132
22572.0,0.08340083654707132
22576.0,0.08340083654707132
22580.0,0.08340083654707132
22584.0,0.08340083654707132
22588.0,0.08340083654707132
22592.0,0.08340083654707132
22596.0,0.08340083654707132
22600.0,0.08340083654707132
22604.0,0.08340083654707132
22608.0,0.08340083654707132
22612.0,0.08340083654707132
22616.0,0.08340083654707132
22620.0,0.08340083654707132
22624.0,0.08340083654707132
22628.0,0.08340083654707132
22632.0,0.08340083654707132
22636.0,0.08340083654707132
22640.0,0.08340083654707132
22644.0,0.08340083654707132
22648.0,0.08340083654707132
22652.0,0.08340083654707132
22656.0,0.08340083654707132
22660.0,0.08340083654707132
22664.0,0.08340083654707132
22668.0,0.08340083654707132
22672.0,0.08340083654707132
22676.0,0.08340083654707132
22680.0,0.08340083654707132
22684.0,0.08340083654707132
22688.0,0.08340083654707132
22692.0,0.08340083654707132
22696.0,0.08340083654707132
22700.0,0.08340083654707132
22704.0,0.08340083654707132
22708.0,0.08340083654707132
22712.0,0.08340083654707132
22716.0,0.08340083654707132
22720.0,0.08340083654707132
22724.0,0.08340083654707132
22728.0,0.08340083654707132
22732.0,0.08340083654707132
22736.0,0.08340083654707132
22740.0,0.08340083654707132
22744.0,0.08340083654707132
22748.0,0.08340083654707132
22752.0,0.08340083654707132
22756.0,0.08340083654707132
22760.0,0.08510289443578707
22764.0,0.08340083654707132
22768.0,0.08340083654707132
22772.0,0.08340083654707132
22776.0,0.08340083654707132
22780.0,0.08340083654707132
22784.0,0.08340083654707132
22788.0,0.08340083654707132
22792.0,0.08340083654707132
22796.0,0.08340083654707132
22800.0,0.08340083654707132
22804.0,0.08340083654707132
22808.0,0.08340083654707132
22812.0,0.08340083654707132
22816.0,0.08340083654707132
22820.0,0.08340083654707132
22824.0,0.08340083654707132
22828.0,0.08340083654707132
22832.0,0.08340083654707132
22836.0,0.08340083654707132
22840.0,0.08340083654707132
22844.0,0.08340083654707132
22848.0,0.08340083654707132
22852.0,0.08340083654707132
22856.0,0.08340083654707132
22860.0,0.08340083654707132
22864.0,0.08340083654707132
22868.0,0.08340083654707132
22872.0,0.08340083654707132
22876.0,0.08340083654707132
22880.0,0.08340083654707132
22884.0,0.08340083654707132
22888.0,0.08340083654707132
22892.0,0.08340083654707132
22896.0,0.08340083654707132
22900.0,0.08340083654707132
22904.0,0.08340083654707132
22908.0,0.08340083654707132
22912.0,0.08340083654707132
22916.0,0.08340083654707132
22920.0,0.08340083654707132
22924.0,0.08340083654707132
22928.0,0.08340083654707132
22932.0,0.08340083654707132
22936.0,0.08340083654707132
22940.0,0.08340083654707132
22944.0,0.08340083654707132
22948.0,0.08340083654707132
22952.0,0.08340083654707132
22956.0,0.08340083654707132
22960.0,0.08340083654707132
22964.0,0.08340083654707132
22968.0,0.08340083654707132
22972.0,0.08340083654707132
22976.0,0.08340083654707132
22980.0,0.08340083654707132
22984.0,0.08340083654707132
22988.0,0.08340083654707132
22992.0,0.08340083654707132
22996.0,0.08340083654707132
23000.0,0.08340083654707132
23004.0,0.08340083654707132
23008.0,0.08340083654707132
23012.0,0.08340083654707132
23016.0,0.08340083654707132
23020.0,0.08340083654707132
23024.0,0.08340083654707132
23028.0,0.08340083654707132
23032.0,0.08340083654707132
23036.0,0.08340083654707132
23040.0,0.08340083654707132
23044.0,0.08340083654707132
23048.0,0.08340083654707132
23052.0,0.08340083654707132
23056.0,0.08340083654707132
23060.0,0.08340083654707132
23064.0,0.08340083654707132
23068.0,0.08340083654707132
23072.0,0.08340083654707132
23076.0,0.08340083654707132
23080.0,0.08340083654707132
23084.0,0.08340083654707132
23088.0,0.08340083654707132
23092.0,0.08340083654707132
23096.0,0.08340083654707132
23100.0,0.08340083654707132
23104.0,0.08340083654707132
23108.0,0.08340083654707132
23112.0,0.08340083654707132
23116.0,0.08340083654707132
23120.0,0.08340083654707132
23124.0,0.08340083654707132
23128.0,0.08340083654707132
23132.0,0.08340083654707132
23136.0,0.08340083654707132
23140.0,0.08340083654707132
23144.0,0.08340083654707132
23148.0,0.08340083654707132
23152.0,0.08340083654707132
23156.0,0.08340083654707132
23160.0,0.08340083654707132
23164.0,0.08340083654707132
23168.0,0.08340083654707132
23172.0,0.08340083654707132
23176.0,0.08340083654707132
23180.0,0.08340083654707132
23184.0,0.08340083654707132
23188.0,0.08340083654707132
23192.0,0.08340083654707132
23196.0,0.08340083654707132
23200.0,0.08340083654707132
23204.0,0.08340083654707132
23208.0,0.08340083654707132
23212.0,0.08340083654707132
23216.0,0.08340083654707132
23220.0,0.08340083654707132
23224.0,0.08340083654707132
23228.0,0.08340083654707132
23232.0,0.08340083654707132
23236.0,0.08340083654707132
23240.0,0.08340083654707132
23244.0,0.08340083654707132
23248.0,0.08340083654707132
23252.0,0.08340083654707132
23256.0,0.08340083654707132
23260.0,0.08340083654707132
23264.0,0.08340083654707132
23268.0,0.08340083654707132
23272.0,0.08340083654707132
23276.0,0.08340083654707132
23280.0,0.08340083654707132
23284.0,0.08340083654707132
23288.0,0.08340083654707132
23292.0,0.08340083654707132
23296.0,0.08340083654707132
23300.0,0.08340083654707132
23304.0,0.08340083654707132
23308.0,0.08340083654707132
23312.0,0.08340083654707132
23316.0,0.08340083654707132
23320.0,0.08340083654707132
23324.0,0.08340083654707132
23328.0,0.08340083654707132
23332.0,0.08340083654707132
23336.0,0.08340083654707132
23340.0,0.08340083654707132
23344.0,0.08340083654707132
23348.0,0.08340083654707132
23352.0,0.08340083654707132
23356.0,0.08340083654707132
23360.0,0.08340083654707132
23364.0,0.08340083654707132
23368.0,0.08340083654707132
23372.0,0.08340083654707132
23376.0,0.08340083654707132
23380.0,0.08340083654707132
23384.0,0.08340083654707132
23388.0,0.08340083654707132
23392.0,0.08340083654707132
23396.0,0.08340083654707132
23400.0,0.08340083654707132
23404.0,0.08340083654707132
23408.0,0.08340083654707132
23412.0,0.08340083654707132
23416.0,0.08340083654707132
23420.0,0.08340083654707132
23424.0,0.08340083654707132
23428.0,0.08340083654707132
23432.0,0.08340083654707132
23436.0,0.08340083654707132
23440.0,0.08340083654707132
23444.0,0.08340083654707132
23448.0,0.08340083654707132
23452.0,0.08340083654707132
23456.0,0.08340083654707132
23460.0,0.08340083654707132
23464.0,0.08340083654707132
23468.0,0.08340083654707132
23472.0,0.08340083654707132
23476.0,0.08340083654707132
23480.0,0.08340083654707132
23484.0,0.08340083654707132
23488.0,0.08340083654707132
23492.0,0.08340083654707132
23496.0,0.08340083654707132
23500.0,0.08340083654707132
23504.0,0.08340083654707132
23508.0,0.08340083654707132
23512.0,0.08340083654707132
23516.0,0.08340083654707132
23520.0,0.08340083654707132
23524.0,0.08340083654707132
23528.0,0.08340083654707132
23532.0,0.08340083654707132
23536.0,0.08340083654707132
23540.0,0.08340083654707132
23544.0,0.08340083654707132
23548.0,0.08340083654707132
23552.0,0.08340083654707132
23556.0,0.08340083654707132
23560.0,0.08340083654707132
23564.0,0.08340083654707132
23568.0,0.08340083654707132
23572.0,0.08340083654707132
23576.0,0.08340083654707132
23580.0,0.08340083654707132
23584.0,0.08340083654707132
23588.0,0.08340083654707132
23592.0,0.08340083654707132
23596.0,0.08340083654707132
23600.0,0.08340083654707132
23604.0,0.08340083654707132
23608.0,0.08340083654707132
23612.0,0.08340083654707132
23616.0,0.08340083654707132
23620.0,0.08340083654707132
23624.0,0.08340083654707132
23628.0,0.08340083654707132
23632.0,0.08340083654707132
23636.0,0.08340083654707132
23640.0,0.08340083654707132
23644.0,0.08340083654707132
23648.0,0.08340083654707132
23652.0,0.08340083654707132
23656.0,0.08340083654707132
23660.0,0.08340083654707132
23664.0,0.08340083654707132
23668.0,0.08340083654707132
23672.0,0.08340083654707132
23676.0,0.08340083654707132
23680.0,0.08340083654707132
23684.0,0.08340083654707132
23688.0,0.08340083654707132
23692.0,0.08340083654707132
23696.0,0.08340083654707132
23700.0,0.08340083654707132
23704.0,0.08340083654707132
23708.0,0.08340083654707132
23712.0,0.08340083654707132
23716.0,0.08340083654707132
23720.0,0.08340083654707132
23724.0,0.08340083654707132
23728.0,0.08340083654707132
23732.0,0.08340083654707132
23736.0,0.08340083654707132
23740.0,0.08340083654707132
23744.0,0.08340083654707132
23748.0,0.08340083654707132
23752.0,0.08340083654707132
23756.0,0.08340083654707132
23760.0,0.08340083654707132
23764.0,0.08340083654707132
23768.0,0.08340083654707132
23772.0,0.08340083654707132
23776.0,0.08340083654707132
23780.0,0.08340083654707132
23784.0,0.08340083654707132
23788.0,0.08340083654707132
23792.0,0.08340083654707132
23796.0,0.08340083654707132
23800.0,0.08340083654707132
23804.0,0.08340083654707132
23808.0,0.08340083654707132
23812.0,0.08340083654707132
23816.0,0.08340083654707132
23820.0,0.08340083654707132
23824.0,0.08340083654707132
23828.0,0.08340083654707132
23832.0,0.08340083654707132
23836.0,0.08340083654707132
23840.0,0.08340083654707132
23844.0,0.08340083654707132
23848.0,0.08340083654707132
23852.0,0.08340083654707132
23856.0,0.08340083654707132
23860.0,0.08340083654707132
23864.0,0.08340083654707132
23868.0,0.08340083654707132
23872.0,0.08340083654707132
23876.0,0.08340083654707132
23880.0,0.08340083654707132
23884.0,0.08340083654707132
23888.0,0.08340083654707132
23892.0,0.08340083654707132
23896.0,0.08340083654707132
23900.0,0.08340083654707132
23904.0,0.08340083654707132
23908.0,0.08340083654707132
23912.0,0.08340083654707132
23916.0,0.08340083654707132
23920.0,0.08340083654707132
23924.0,0.08340083654707132
23928.0,0.08340083654707132
23932.0,0.08340083654707132
23936.0,0.08340083654707132
23940.0,0.08340083654707132
23944.0,0.08340083654707132
23948.0,0.08340083654707132
23952.0,0.08340083654707132
23956.0,0.08340083654707132
23960.0,0.08340083654707132
23964.0,0.08340083654707132
23968.0,0.08340083654707132
23972.0,0.08340083654707132
23976.0,0.08340083654707132
23980.0,0.08340083654707132
23984.0,0.08340083654707132
23988.0,0.08340083654707132
23992.0,0.08340083654707132
23996.0,0.08340083654707132
24000.0,0.08340083654707132
24004.0,0.08340083654707132
24008.0,0.08340083654707132
24012.0,0.08340083654707132
24016.0,0.08340083654707132
24020.0,0.08340083654707132
24024.0,0.08340083654707132
24028.0,0.08340083654707132
24032.0,0.08340083654707132
24036.0,0.08340083654707132
24040.0,0.08340083654707132
24044.0,0.08340083654707132
24048.0,0.08340083654707132
24052.0,0.08340083654707132
24056.0,0.08340083654707132
24060.0,0.08340083654707132
24064.0,0.08340083654707132
24068.0,0.08340083654707132
24072.0,0.08340083654707132
24076.0,0.08340083654707132
24080.0,0.08340083654707132
24084.0,0.08340083654707132
24088.0,0.08340083654707132
24092.0,0.08340083654707132
24096.0,0.08340083654707132
24100.0,0.08340083654707132
24104.0,0.08340083654707132
24108.0,0.08340083654707132
24112.0,0.08340083654707132
24116.0,0.08340083654707132
24120.0,0.08340083654707132
24124.0,0.08340083654707132
24128.0,0.08340083654707132
24132.0,0.08340083654707132
24136.0,0.08340083654707132
24140.0,0.08340083654707132
24144.0,0.08340083654707132
24148.0,0.08340083654707132
24152.0,0.08340083654707132
24156.0,0.08340083654707132
24160.0,0.08340083654707132
24164.0,0.08340083654707132
24168.0,0.08340083654707132
24172.0,0.08340083654707132
24176.0,0.08340083654707132
24180.0,0.08340083654707132
24184.0,0.08340083654707132
24188.0,0.08340083654707132
24192.0,0.08340083654707132
24196.0,0.08340083654707132
24200.0,0.08340083654707132
24204.0,0.08340083654707132
24208.0,0.08340083654707132
24212.0,0.08340083654707132
24216.0,0.08340083654707132
24220.0,0.08340083654707132
24224.0,0.08340083654707132
24228.0,0.08340083654707132
24232.0,0.08340083654707132
24236.0,0.08340083654707132
24240.0,0.08340083654707132
24244.0,0.08340083654707132
24248.0,0.08340083654707132
24252.0,0.08340083654707132
24256.0,0.08340083654707132
24260.0,0.08340083654707132
24264.0,0.08340083654707132
24268.0,0.08340083654707132
24272.0,0.08340083654707132
24276.0,0.08340083654707132
24280.0,0.08340083654707132
24284.0,0.08340083654707132
24288.0,0.08340083654707132
24292.0,0.08340083654707132
24296.0,0.08340083654707132
24300.0,0.08340083654707132
24304.0,0.08340083654707132
24308.0,0.08340083654707132
24312.0,0.08340083654707132
24316.0,0.08340083654707132
24320.0,0.08340083654707132
24324.0,0.08340083654707132
24328.0,0.08340083654707132
24332.0,0.08340083654707132
24336.0,0.08340083654707132
24340.0,0.08340083654707132
24344.0,0.08340083654707132
24348.0,0.08340083654707132
24352.0,0.08340083654707132
24356.0,0.08340083654707132
24360.0,0.08340083654707132
24364.0,0.08340083654707132
24368.0,0.08340083654707132
24372.0,0.08340083654707132
24376.0,0.08340083654707132
24380.0,0.08340083654707132
24384.0,0.08340083654707132
24388.0,0.08340083654707132
24392.0,0.08340083654707132
24396.0,0.08340083654707132
24400.0,0.08340083654707132
24404.0,0.08340083654707132
24408.0,0.08340083654707132
24412.0,0.08340083654707132
24416.0,0.08340083654707132
24420.0,0.08340083654707132
24424.0,0.08340083654707132
24428.0,0.08340083654707132
24432.0,0.08340083654707132
24436.0,0.08340083654707132
24440.0,0.08340083654707132
24444.0,0.08340083654707132
24448.0,0.08340083654707132
24452.0,0.08340083654707132
24456.0,0.08340083654707132
24460.0,0.08340083654707132
24464.0,0.08340083654707132
24468.0,0.08340083654707132
24472.0,0.08340083654707132
24476.0,0.08340083654707132
24480.0,0.08340083654707132
24484.0,0.08340083654707132
24488.0,0.08340083654707132
24492.0,0.08340083654707132
24496.0,0.08340083654707132
24500.0,0.08340083654707132
24504.0,0.08340083654707132
24508.0,0.08340083654707132
24512.0,0.08340083654707132
24516.0,0.08340083654707132
24520.0,0.08340083654707132
24524.0,0.08340083654707132
24528.0,0.08340083654707132
24532.0,0.08340083654707132
24536.0,0.08340083654707132
24540.0,0.08340083654707132
24544.0,0.08340083654707132
24548.0,0.08340083654707132
24552.0,0.08340083654707132
24556.0,0.08340083654707132
24560.0,0.08340083654707132
24564.0,0.08340083654707132
24568.0,0.08340083654707132
24572.0,0.08340083654707132
24576.0,0.08340083654707132
24580.0,0.08340083654707132
24584.0,0.08340083654707132
24588.0,0.08340083654707132
24592.0,0.08340083654707132
24596.0,0.08340083654707132
24600.0,0.08340083654707132
24604.0,0.08340083654707132
24608.0,0.08340083654707132
24612.0,0.08340083654707132
24616.0,0.08340083654707132
24620.0,0.08340083654707132
24624.0,0.08340083654707132
24628.0,0.08340083654707132
24632.0,0.08340083654707132
24636.0,0.08340083654707132
24640.0,0.08340083654707132
24644.0,0.08340083654707132
24648.0,0.08340083654707132
24652.0,0.08340083654707132
24656.0,0.08340083654707132
24660.0,0.08340083654707132
24664.0,0.08340083654707132
24668.0,0.08340083654707132
24672.0,0.08340083654707132
24676.0,0.08340083654707132
24680.0,0.08340083654707132
24684.0,0.08340083654707132
24688.0,0.08340083654707132
24692.0,0.08340083654707132
24696.0,0.08340083654707132
24700.0,0.08340083654707132
24704.0,0.08340083654707132
24708.0,0.08340083654707132
24712.0,0.08340083654707132
24716.0,0.08340083654707132
24720.0,0.08340083654707132
24724.0,0.08340083654707132
24728.0,0.08340083654707132
24732.0,0.08340083654707132
24736.0,0.08340083654707132
24740.0,0.08340083654707132
24744.0,0.08340083654707132
24748.0,0.08340083654707132
24752.0,0.08340083654707132
24756.0,0.08340083654707132
24760.0,0.08340083654707132
24764.0,0.08340083654707132
24768.0,0.08340083654707132
24772.0,0.08340083654707132
24776.0,0.08340083654707132
24780.0,0.08340083654707132
24784.0,0.08340083654707132
24788.0,0.08340083654707132
24792.0,0.08340083654707132
24796.0,0.08340083654707132
24800.0,0.08340083654707132
24804.0,0.08340083654707132
24808.0,0.08340083654707132
24812.0,0.08340083654707132
24816.0,0.08340083654707132
24820.0,0.08340083654707132
24824.0,0.08340083654707132
24828.0,0.08340083654707132
24832.0,0.08340083654707132
24836.0,0.08340083654707132
24840.0,0.08340083654707132
24844.0,0.08340083654707132
24848.0,0.08340083654707132
24852.0,0.08340083654707132
24856.0,0.08340083654707132
24860.0,0.08340083654707132
24864.0,0.08340083654707132
24868.0,0.08340083654707132
24872.0,0.08340083654707132
24876.0,0.08340083654707132
24880.0,0.08340083654707132
24884.0,0.08340083654707132
24888.0,0.08340083654707132
24892.0,0.08340083654707132
24896.0,0.08340083654707132
24900.0,0.08340083654707132
24904.0,0.08340083654707132
24908.0,0.08340083654707132
24912.0,0.08340083654707132
24916.0,0.08340083654707132
24920.0,0.08340083654707132
24924.0,0.08340083654707132
24928.0,0.08340083654707132
24932.0,0.08340083654707132
24936.0,0.08340083654707132
24940.0,0.08340083654707132
24944.0,0.08340083654707132
24948.0,0.08340083654707132
24952.0,0.08340083654707132
24956.0,0.08340083654707132
24960.0,0.08340083654707132
24964.0,0.08340083654707132
24968.0,0.08340083654707132
24972.0,0.08340083654707132
24976.0,0.08340083654707132
24980.0,0.08340083654707132
24984.0,0.08340083654707132
24988.0,0.08340083654707132
24992.0,0.08340083654707132
24996.0,0.08340083654707132
25000.0,0.08340083654707132
25004.0,0.08340083654707132
25008.0,0.08340083654707132
25012.0,0.08340083654707132
25016.0,0.08340083654707132
25020.0,0.08340083654707132
25024.0,0.08340083654707132
25028.0,0.08340083654707132
25032.0,0.08340083654707132
25036.0,0.08340083654707132
25040.0,0.08340083654707132
25044.0,0.08340083654707132
25048.0,0.08340083654707132
25052.0,0.08340083654707132
25056.0,0.08340083654707132
25060.0,0.08340083654707132
25064.0,0.08340083654707132
25068.0,0.08340083654707132
25072.0,0.08340083654707132
25076.0,0.08340083654707132
25080.0,0.08340083654707132
25084.0,0.08340083654707132
25088.0,0.08340083654707132
25092.0,0.08340083654707132
25096.0,0.08340083654707132
25100.0,0.08340083654707132
25104.0,0.08340083654707132
25108.0,0.08340083654707132
25112.0,0.08340083654707132
25116.0,0.08340083654707132
25120.0,0.08340083654707132
25124.0,0.08340083654707132
25128.0,0.08340083654707132
25132.0,0.08340083654707132
25136.0,0.08340083654707132
25140.0,0.08340083654707132
25144.0,0.08340083654707132
25148.0,0.08340083654707132
25152.0,0.08340083654707132
25156.0,0.08340083654707132
25160.0,0.08340083654707132
25164.0,0.08340083654707132
25168.0,0.08340083654707132
25172.0,0.08340083654707132
25176.0,0.08340083654707132
25180.0,0.08340083654707132
25184.0,0.08340083654707132
25188.0,0.08340083654707132
25192.0,0.08340083654707132
25196.0,0.08340083654707132
25200.0,0.08340083654707132
25204.0,0.08340083654707132
25208.0,0.08340083654707132
25212.0,0.08340083654707132
25216.0,0.08340083654707132
25220.0,0.08340083654707132
25224.0,0.08340083654707132
25228.0,0.08340083654707132
25232.0,0.08340083654707132
25236.0,0.08340083654707132
25240.0,0.08340083654707132
25244.0,0.08340083654707132
25248.0,0.08340083654707132
25252.0,0.08340083654707132
25256.0,0.08340083654707132
25260.0,0.08340083654707132
25264.0,0.08340083654707132
25268.0,0.08340083654707132
25272.0,0.08340083654707132
25276.0,0.08340083654707132
25280.0,0.08340083654707132
25284.0,0.08340083654707132
25288.0,0.08340083654707132
25292.0,0.08340083654707132
25296.0,0.08340083654707132
25300.0,0.08340083654707132
25304.0,0.08340083654707132
25308.0,0.08340083654707132
25312.0,0.08340083654707132
25316.0,0.08340083654707132
25320.0,0.08340083654707132
25324.0,0.08340083654707132
25328.0,0.08340083654707132
25332.0,0.08340083654707132
25336.0,0.08340083654707132
25340.0,0.08340083654707132
25344.0,0.08340083654707132
25348.0,0.08340083654707132
25352.0,0.08340083654707132
25356.0,0.08340083654707132
25360.0,0.08340083654707132
25364.0,0.08340083654707132
25368.0,0.08340083654707132
25372.0,0.08340083654707132
25376.0,0.08340083654707132
25380.0,0.08340083654707132
25384.0,0.08340083654707132
25388.0,0.08340083654707132
25392.0,0.08340083654707132
25396.0,0.08340083654707132
25400.0,0.08340083654707132
25404.0,0.08340083654707132
25408.0,0.08340083654707132
25412.0,0.08340083654707132
25416.0,0.08340083654707132
25420.0,0.08340083654707132
25424.0,0.08340083654707132
25428.0,0.08340083654707132
25432.0,0.08340083654707132
25436.0,0.08340083654707132
25440.0,0.08340083654707132
25444.0,0.08340083654707132
25448.0,0.08340083654707132
25452.0,0.08340083654707132
25456.0,0.08340083654707132
25460.0,0.08340083654707132
25464.0,0.08340083654707132
25468.0,0.08340083654707132
25472.0,0.08340083654707132
25476.0,0.08340083654707132
25480.0,0.08340083654707132
25484.0,0.08340083654707132
25488.0,0.08340083654707132
25492.0,0.08340083654707132
25496.0,0.08340083654707132
25500.0,0.08340083654707132
25504.0,0.08340083654707132
25508.0,0.08340083654707132
25512.0,0.08340083654707132
25516.0,0.08340083654707132
25520.0,0.08340083654707132
25524.0,0.08340083654707132
25528.0,0.08340083654707132
25532.0,0.08340083654707132
25536.0,0.08340083654707132
25540.0,0.08340083654707132
25544.0,0.08340083654707132
25548.0,0.08340083654707132
25552.0,0.08340083654707132
25556.0,0.08340083654707132
25560.0,0.08340083654707132
25564.0,0.08340083654707132
25568.0,0.08340083654707132
25572.0,0.08340083654707132
25576.0,0.08340083654707132
25580.0,0.08340083654707132
25584.0,0.08340083654707132
25588.0,0.08340083654707132
25592.0,0.08340083654707132
25596.0,0.08340083654707132
25600.0,0.08340083654707132
25604.0,0.08340083654707132
25608.0,0.08340083654707132
25612.0,0.08340083654707132
25616.0,0.08340083654707132
25620.0,0.08340083654707132
25624.0,0.08340083654707132
25628.0,0.08340083654707132
25632.0,0.08340083654707132
25636.0,0.08340083654707132
25640.0,0.08340083654707132
25644.0,0.08340083654707132
25648.0,0.08340083654707132
25652.0,0.08340083654707132
25656.0,0.08340083654707132
25660.0,0.08340083654707132
25664.0,0.08340083654707132
25668.0,0.08340083654707132
25672.0,0.08340083654707132
25676.0,0.08340083654707132
25680.0,0.08340083654707132
25684.0,0.08340083654707132
25688.0,0.08340083654707132
25692.0,0.08340083654707132
25696.0,0.08340083654707132
25700.0,0.08340083654707132
25704.0,0.08340083654707132
25708.0,0.08340083654707132
25712.0,0.08340083654707132
25716.0,0.08340083654707132
25720.0,0.08340083654707132
25724.0,0.08340083654707132
25728.0,0.08340083654707132
25732.0,0.08340083654707132
25736.0,0.08340083654707132
25740.0,0.08340083654707132
25744.0,0.08340083654707132
25748.0,0.08340083654707132
25752.0,0.08340083654707132
25756.0,0.08340083654707132
25760.0,0.08340083654707132
25764.0,0.08340083654707132
25768.0,0.08340083654707132
25772.0,0.08340083654707132
25776.0,0.08340083654707132
25780.0,0.08340083654707132
25784.0,0.08340083654707132
25788.0,0.08340083654707132
25792.0,0.08340083654707132
25796.0,0.08340083654707132
25800.0,0.08340083654707132
25804.0,0.08340083654707132
25808.0,0.08340083654707132
25812.0,0.08340083654707132
25816.0,0.08340083654707132
25820.0,0.08340083654707132
25824.0,0.08340083654707132
25828.0,0.08340083654707132
25832.0,0.08340083654707132
25836.0,0.08340083654707132
25840.0,0.08340083654707132
25844.0,0.08340083654707132
25848.0,0.08340083654707132
25852.0,0.08340083654707132
25856.0,0.08340083654707132
25860.0,0.08340083654707132
25864.0,0.08340083654707132
25868.0,0.08340083654707132
25872.0,0.08340083654707132
25876.0,0.08340083654707132
25880.0,0.08340083654707132
25884.0,0.08340083654707132
25888.0,0.08340083654707132
25892.0,0.08340083654707132
25896.0,0.08340083654707132
25900.0,0.08340083654707132
25904.0,0.08340083654707132
25908.0,0.08340083654707132
25912.0,0.08340083654707132
25916.0,0.08340083654707132
25920.0,0.08340083654707132
25924.0,0.08340083654707132
25928.0,0.08340083654707132
25932.0,0.08340083654707132
25936.0,0.08340083654707132
25940.0,0.08169877865835559
25944.0,0.08340083654707132
25948.0,0.08340083654707132
25952.0,0.08340083654707132
25956.0,0.08340083654707132
25960.0,0.08340083654707132
25964.0,0.08340083654707132
25968.0,0.08340083654707132
25972.0,0.08340083654707132
25976.0,0.08340083654707132
25980.0,0.08340083654707132
25984.0,0.08340083654707132
25988.0,0.08340083654707132
25992.0,0.08340083654707132
25996.0,0.08340083654707132
26000.0,0.08340083654707132
26004.0,0.08340083654707132
26008.0,0.08340083654707132
26012.0,0.08340083654707132
26016.0,0.08340083654707132
26020.0,0.08340083654707132
26024.0,0.08340083654707132
26028.0,0.08340083654707132
26032.0,0.08340083654707132
26036.0,0.08340083654707132
26040.0,0.08340083654707132
26044.0,0.08340083654707132
26048.0,0.08340083654707132
26052.0,0.08340083654707132
26056.0,0.08340083654707132
26060.0,0.08340083654707132
26064.0,0.08340083654707132
26068.0,0.08340083654707132
26072.0,0.08340083654707132
26076.0,0.08340083654707132
26080.0,0.08340083654707132
26084.0,0.08340083654707132
26088.0,0.08340083654707132
26092.0,0.08340083654707132
26096.0,0.08340083654707132
26100.0,0.08340083654707132
26104.0,0.08340083654707132
26108.0,0.08340083654707132
26112.0,0.08340083654707132
26116.0,0.08340083654707132
26120.0,0.08340083654707132
26124.0,0.08340083654707132
26128.0,0.08340083654707132
26132.0,0.08340083654707132
26136.0,0.08340083654707132
26140.0,0.08340083654707132
26144.0,0.08340083654707132
26148.0,0.08340083654707132
26152.0,0.08340083654707132
26156.0,0.08340083654707132
26160.0,0.08340083654707132
26164.0,0.08340083654707132
26168.0,0.08340083654707132
26172.0,0.08340083654707132
26176.0,0.08340083654707132
26180.0,0.08340083654707132
26184.0,0.08340083654707132
26188.0,0.08340083654707132
26192.0,0.08340083654707132
26196.0,0.08340083654707132
26200.0,0.08340083654707132
26204.0,0.08340083654707132
26208.0,0.08340083654707132
26212.0,0.08340083654707132
26216.0,0.08340083654707132
26220.0,0.08340083654707132
26224.0,0.08340083654707132
26228.0,0.08340083654707132
26232.0,0.08340083654707132
26236.0,0.08340083654707132
26240.0,0.08340083654707132
26244.0,0.08340083654707132
26248.0,0.08340083654707132
26252.0,0.08340083654707132
26256.0,0.08340083654707132
26260.0,0.08340083654707132
26264.0,0.08340083654707132
26268.0,0.08340083654707132
26272.0,0.08340083654707132
26276.0,0.08340083654707132
26280.0,0.08340083654707132
26284.0,0.08340083654707132
26288.0,0.08340083654707132
26292.0,0.08340083654707132
26296.0,0.08340083654707132
26300.0,0.08340083654707132
26304.0,0.08340083654707132
26308.0,0.08340083654707132
26312.0,0.08340083654707132
26316.0,0.08340083654707132
26320.0,0.08340083654707132
26324.0,0.08340083654707132
26328.0,0.08340083654707132
26332.0,0.08340083654707132
26336.0,0.08340083654707132
26340.0,0.08340083654707132
26344.0,0.08340083654707132
26348.0,0.08340083654707132
26352.0,0.08340083654707132
26356.0,0.08340083654707132
26360.0,0.08340083654707132
26364.0,0.08340083654707132
26368.0,0.08340083654707132
26372.0,0.08340083654707132
26376.0,0.08340083654707132
26380.0,0.08340083654707132
26384.0,0.08340083654707132
26388.0,0.08340083654707132
26392.0,0.08340083654707132
26396.0,0.08340083654707132
26400.0,0.08340083654707132
26404.0,0.08340083654707132
26408.0,0.08340083654707132
26412.0,0.08340083654707132
26416.0,0.08340083654707132
26420.0,0.08340083654707132
26424.0,0.08340083654707132
26428.0,0.08340083654707132
26432.0,0.08340083654707132
26436.0,0.08340083654707132
26440.0,0.08340083654707132
26444.0,0.08340083654707132
26448.0,0.08340083654707132
26452.0,0.08340083654707132
26456.0,0.08340083654707132
26460.0,0.08340083654707132
26464.0,0.08340083654707132
26468.0,0.08340083654707132
26472.0,0.08340083654707132
26476.0,0.08340083654707132
26480.0,0.08340083654707132
26484.0,0.08340083654707132
26488.0,0.08340083654707132
26492.0,0.08340083654707132
26496.0,0.08340083654707132
26500.0,0.08340083654707132
26504.0,0.08340083654707132
26508.0,0.08340083654707132
26512.0,0.08340083654707132
26516.0,0.08340083654707132
26520.0,0.08340083654707132
26524.0,0.08340083654707132
26528.0,0.08340083654707132
26532.0,0.08340083654707132
26536.0,0.08340083654707132
26540.0,0.08340083654707132
26544.0,0.08340083654707132
26548.0,0.08340083654707132
26552.0,0.08340083654707132
26556.0,0.08340083654707132
26560.0,0.08340083654707132
26564.0,0.08340083654707132
26568.0,0.08340083654707132
26572.0,0.08340083654707132
26576.0,0.08340083654707132
26580.0,0.08340083654707132
26584.0,0.08340083654707132
26588.0,0.08340083654707132
26592.0,0.08340083654707132
26596.0,0.08340083654707132
26600.0,0.08340083654707132
26604.0,0.08340083654707132
26608.0,0.08340083654707132
26612.0,0.08340083654707132
26616.0,0.08340083654707132
26620.0,0.08340083654707132
26624.0,0.08340083654707132
26628.0,0.08340083654707132
26632.0,0.08340083654707132
26636.0,0.08340083654707132
26640.0,0.08340083654707132
26644.0,0.08340083654707132
26648.0,0.08340083654707132
26652.0,0.08340083654707132
26656.0,0.08340083654707132
26660.0,0.08340083654707132
26664.0,0.08340083654707132
26668.0,0.08340083654707132
26672.0,0.08340083654707132
26676.0,0.08340083654707132
26680.0,0.08340083654707132
26684.0,0.08340083654707132
26688.0,0.08340083654707132
26692.0,0.08340083654707132
26696.0,0.08340083654707132
26700.0,0.08340083654707132
26704.0,0.08340083654707132
26708.0,0.08340083654707132
26712.0,0.08340083654707132
26716.0,0.08340083654707132
26720.0,0.08340083654707132
26724.0,0.08340083654707132
26728.0,0.08340083654707132
26732.0,0.08340083654707132
26736.0,0.08340083654707132
26740.0,0.08340083654707132
26744.0,0.08340083654707132
26748.0,0.08340083654707132
26752.0,0.08340083654707132
26756.0,0.08340083654707132
26760.0,0.08340083654707132
26764.0,0.08340083654707132
26768.0,0.08340083654707132
26772.0,0.08340083654707132
26776.0,0.08340083654707132
26780.0,0.08340083654707132
26784.0,0.08340083654707132
26788.0,0.08340083654707132
26792.0,0.08340083654707132
26796.0,0.08340083654707132
26800.0,0.08340083654707132
26804.0,0.08340083654707132
26808.0,0.08340083654707132
26812.0,0.08340083654707132
26816.0,0.08340083654707132
26820.0,0.08340083654707132
26824.0,0.08340083654707132
26828.0,0.08340083654707132
26832.0,0.08340083654707132
26836.0,0.08340083654707132
26840.0,0.08340083654707132
26844.0,0.08340083654707132
26848.0,0.08340083654707132
26852.0,0.08340083654707132
26856.0,0.08340083654707132
26860.0,0.08340083654707132
26864.0,0.08340083654707132
26868.0,0.08340083654707132
26872.0,0.08340083654707132
26876.0,0.08340083654707132
26880.0,0.08340083654707132
26884.0,0.08340083654707132
26888.0,0.08340083654707132
26892.0,0.08340083654707132
26896.0,0.08340083654707132
26900.0,0.08340083654707132
26904.0,0.08340083654707132
26908.0,0.08340083654707132
26912.0,0.08340083654707132
26916.0,0.08340083654707132
26920.0,0.08340083654707132
26924.0,0.08340083654707132
26928.0,0.08340083654707132
26932.0,0.08340083654707132
26936.0,0.08340083654707132
26940.0,0.08340083654707132
26944.0,0.08340083654707132
26948.0,0.08340083654707132
26952.0,0.08340083654707132
26956.0,0.08340083654707132
26960.0,0.08340083654707132
26964.0,0.08340083654707132
26968.0,0.08340083654707132
26972.0,0.08340083654707132
26976.0,0.08340083654707132
26980.0,0.08340083654707132
26984.0,0.08340083654707132
26988.0,0.08340083654707132
26992.0,0.08340083654707132
26996.0,0.08340083654707132
27000.0,0.08340083654707132
27004.0,0.08340083654707132
27008.0,0.08340083654707132
27012.0,0.08340083654707132
27016.0,0.08340083654707132
27020.0,0.08340083654707132
27024.0,0.08340083654707132
27028.0,0.08340083654707132
27032.0,0.08340083654707132
27036.0,0.08340083654707132
27040.0,0.08340083654707132
27044.0,0.08340083654707132
27048.0,0.08340083654707132
27052.0,0.08340083654707132
27056.0,0.08340083654707132
27060.0,0.08340083654707132
27064.0,0.08340083654707132
27068.0,0.08340083654707132
27072.0,0.08340083654707132
27076.0,0.08340083654707132
27080.0,0.08340083654707132
27084.0,0.08340083654707132
27088.0,0.08340083654707132
27092.0,0.08340083654707132
27096.0,0.08340083654707132
27100.0,0.08340083654707132
27104.0,0.08340083654707132
27108.0,0.08340083654707132
27112.0,0.08340083654707132
27116.0,0.08340083654707132
27120.0,0.08340083654707132
27124.0,0.08340083654707132
27128.0,0.08340083654707132
27132.0,0.08340083654707132
27136.0,0.08340083654707132
27140.0,0.08340083654707132
27144.0,0.08340083654707132
27148.0,0.08340083654707132
27152.0,0.08340083654707132
27156.0,0.08340083654707132
27160.0,0.08340083654707132
27164.0,0.08340083654707132
27168.0,0.08340083654707132
27172.0,0.08340083654707132
27176.0,0.08340083654707132
27180.0,0.08340083654707132
27184.0,0.08340083654707132
27188.0,0.08340083654707132
27192.0,0.08340083654707132
27196.0,0.08340083654707132
27200.0,0.08340083654707132
27204.0,0.08340083654707132
27208.0,0.08340083654707132
27212.0,0.08340083654707132
27216.0,0.08340083654707132
27220.0,0.08340083654707132
27224.0,0.08340083654707132
27228.0,0.08340083654707132
27232.0,0.08340083654707132
27236.0,0.08340083654707132
27240.0,0.08340083654707132
27244.0,0.08340083654707132
27248.0,0.08340083654707132
27252.0,0.08340083654707132
27256.0,0.08340083654707132
27260.0,0.08340083654707132
27264.0,0.08340083654707132
27268.0,0.08340083654707132
27272.0,0.08340083654707132
27276.0,0.08340083654707132
27280.0,0.08340083654707132
27284.0,0.08340083654707132
27288.0,0.08340083654707132
27292.0,0.08340083654707132
27296.0,0.08340083654707132
27300.0,0.08340083654707132
27304.0,0.08340083654707132
27308.0,0.08169877865835559
27312.0,0.08340083654707132
27316.0,0.08340083654707132
27320.0,0.08340083654707132
27324.0,0.08340083654707132
27328.0,0.08340083654707132
27332.0,0.08340083654707132
27336.0,0.08340083654707132
27340.0,0.08340083654707132
27344.0,0.08340083654707132
27348.0,0.08340083654707132
27352.0,0.08340083654707132
27356.0,0.08340083654707132
27360.0,0.08340083654707132
27364.0,0.08340083654707132
27368.0,0.08340083654707132
27372.0,0.08340083654707132
27376.0,0.08340083654707132
27380.0,0.08340083654707132
27384.0,0.08340083654707132
27388.0,0.08340083654707132
27392.0,0.08340083654707132
27396.0,0.08340083654707132
27400.0,0.08340083654707132
27404.0,0.08340083654707132
27408.0,0.08340083654707132
27412.0,0.08340083654707132
27416.0,0.08340083654707132
27420.0,0.08340083654707132
27424.0,0.08340083654707132
27428.0,0.08340083654707132
27432.0,0.08340083654707132
27436.0,0.08340083654707132
27440.0,0.08340083654707132
27444.0,0.08340083654707132
27448.0,0.08340083654707132
27452.0,0.08340083654707132
27456.0,0.08340083654707132
27460.0,0.08340083654707132
27464.0,0.08340083654707132
27468.0,0.08340083654707132
27472.0,0.08340083654707132
27476.0,0.08340083654707132
27480.0,0.08340083654707132
27484.0,0.08340083654707132
27488.0,0.08340083654707132
27492.0,0.08340083654707132
27496.0,0.08340083654707132
27500.0,0.08340083654707132
27504.0,0.08340083654707132
27508.0,0.08340083654707132
27512.0,0.08340083654707132
27516.0,0.08340083654707132
27520.0,0.08340083654707132
27524.0,0.08340083654707132
27528.0,0.08340083654707132
27532.0,0.08340083654707132
27536.0,0.08340083654707132
27540.0,0.08340083654707132
27544.0,0.08340083654707132
27548.0,0.08340083654707132
27552.0,0.08340083654707132
27556.0,0.08340083654707132
27560.0,0.08340083654707132
27564.0,0.08340083654707132
27568.0,0.08340083654707132
27572.0,0.08340083654707132
27576.0,0.08340083654707132
27580.0,0.08340083654707132
27584.0,0.08340083654707132
27588.0,0.08340083654707132
27592.0,0.08340083654707132
27596.0,0.08340083654707132
27600.0,0.08340083654707132
27604.0,0.08340083654707132
27608.0,0.08340083654707132
27612.0,0.08340083654707132
27616.0,0.08340083654707132
27620.0,0.08340083654707132
27624.0,0.08340083654707132
27628.0,0.08340083654707132
27632.0,0.08340083654707132
27636.0,0.08340083654707132
27640.0,0.08340083654707132
27644.0,0.08340083654707132
27648.0,0.08340083654707132
27652.0,0.08340083654707132
27656.0,0.08340083654707132
27660.0,0.08340083654707132
27664.0,0.08340083654707132
27668.0,0.08340083654707132
27672.0,0.08340083654707132
27676.0,0.08340083654707132
27680.0,0.08340083654707132
27684.0,0.08340083654707132
27688.0,0.08340083654707132
27692.0,0.08340083654707132
27696.0,0.08340083654707132
27700.0,0.08340083654707132
27704.0,0.08340083654707132
27708.0,0.08169877865835559
27712.0,0.08340083654707132
27716.0,0.08340083654707132
27720.0,0.08340083654707132
27724.0,0.08340083654707132
27728.0,0.08340083654707132
27732.0,0.08340083654707132
27736.0,0.08340083654707132
27740.0,0.08340083654707132
27744.0,0.08340083654707132
27748.0,0.08340083654707132
27752.0,0.08340083654707132
27756.0,0.08340083654707132
27760.0,0.08340083654707132
27764.0,0.08340083654707132
27768.0,0.08340083654707132
27772.0,0.08340083654707132
27776.0,0.08340083654707132
27780.0,0.08340083654707132
27784.0,0.08340083654707132
27788.0,0.08340083654707132
27792.0,0.08340083654707132
27796.0,0.08340083654707132
27800.0,0.08340083654707132
27804.0,0.08340083654707132
27808.0,0.08340083654707132
27812.0,0.08340083654707132
27816.0,0.08340083654707132
27820.0,0.08340083654707132
27824.0,0.08340083654707132
27828.0,0.08340083654707132
27832.0,0.08340083654707132
27836.0,0.08340083654707132
27840.0,0.08340083654707132
27844.0,0.08340083654707132
27848.0,0.08340083654707132
27852.0,0.08340083654707132
27856.0,0.08340083654707132
27860.0,0.08340083654707132
27864.0,0.08340083654707132
27868.0,0.08340083654707132
27872.0,0.08340083654707132
27876.0,0.08340083654707132
27880.0,0.08340083654707132
27884.0,0.08340083654707132
27888.0,0.08340083654707132
27892.0,0.08169877865835559
27896.0,0.08340083654707132
27900.0,0.08169877865835559
27904.0,0.08340083654707132
27908.0,0.08340083654707132
27912.0,0.08340083654707132
27916.0,0.08340083654707132
27920.0,0.08340083654707132
27924.0,0.08340083654707132
27928.0,0.08340083654707132
27932.0,0.08340083654707132
27936.0,0.08340083654707132
27940.0,0.08340083654707132
27944.0,0.08340083654707132
27948.0,0.08340083654707132
27952.0,0.08340083654707132
27956.0,0.08340083654707132
27960.0,0.08340083654707132
27964.0,0.08340083654707132
27968.0,0.08340083654707132
27972.0,0.08340083654707132
27976.0,0.08340083654707132
27980.0,0.08340083654707132
27984.0,0.08340083654707132
27988.0,0.08340083654707132
27992.0,0.08340083654707132
27996.0,0.08340083654707132
28000.0,0.08340083654707132
28004.0,0.08169877865835559
28008.0,0.08340083654707132
28012.0,0.08340083654707132
28016.0,0.08340083654707132
28020.0,0.08340083654707132
28024.0,0.08340083654707132
28028.0,0.08340083654707132
28032.0,0.08340083654707132
28036.0,0.08340083654707132
28040.0,0.08340083654707132
28044.0,0.08340083654707132
28048.0,0.08340083654707132
28052.0,0.08340083654707132
28056.0,0.08340083654707132
28060.0,0.08340083654707132
28064.0,0.08340083654707132
28068.0,0.08340083654707132
28072.0,0.08340083654707132
28076.0,0.08340083654707132
28080.0,0.08340083654707132
28084.0,0.08340083654707132
28088.0,0.08340083654707132
28092.0,0.08340083654707132
28096.0,0.08340083654707132
28100.0,0.08340083654707132
28104.0,0.08340083654707132
28108.0,0.08169877865835559
28112.0,0.08340083654707132
28116.0,0.08340083654707132
28120.0,0.08340083654707132
28124.0,0.08340083654707132
28128.0,0.08340083654707132
28132.0,0.08340083654707132
28136.0,0.08340083654707132
28140.0,0.08340083654707132
28144.0,0.08340083654707132
28148.0,0.08340083654707132
28152.0,0.08340083654707132
28156.0,0.08340083654707132
28160.0,0.08340083654707132
28164.0,0.08340083654707132
28168.0,0.08340083654707132
28172.0,0.08340083654707132
28176.0,0.08340083654707132
28180.0,0.08169877865835559
28184.0,0.08340083654707132
28188.0,0.08169877865835559
28192.0,0.08340083654707132
28196.0,0.08340083654707132
28200.0,0.08340083654707132
28204.0,0.08340083654707132
28208.0,0.08340083654707132
28212.0,0.08340083654707132
28216.0,0.08340083654707132
28220.0,0.08340083654707132
28224.0,0.08340083654707132
28228.0,0.08340083654707132
28232.0,0.08340083654707132
28236.0,0.08340083654707132
28240.0,0.08340083654707132
28244.0,0.08340083654707132
28248.0,0.08340083654707132
28252.0,0.08340083654707132
28256.0,0.08340083654707132
28260.0,0.08340083654707132
28264.0,0.08340083654707132
28268.0,0.08340083654707132
28272.0,0.08340083654707132
28276.0,0.08340083654707132
28280.0,0.08340083654707132
28284.0,0.08340083654707132
28288.0,0.08340083654707132
28292.0,0.08340083654707132
28296.0,0.08340083654707132
28300.0,0.08340083654707132
28304.0,0.08340083654707132
28308.0,0.08169877865835559
28312.0,0.08340083654707132
28316.0,0.08340083654707132
28320.0,0.08340083654707132
28324.0,0.08340083654707132
28328.0,0.08340083654707132
28332.0,0.08340083654707132
28336.0,0.08340083654707132
28340.0,0.08340083654707132
28344.0,0.08340083654707132
28348.0,0.08340083654707132
28352.0,0.08340083654707132
28356.0,0.08340083654707132
28360.0,0.08340083654707132
28364.0,0.08169877865835559
28368.0,0.08340083654707132
28372.0,0.08340083654707132
28376.0,0.08340083654707132
28380.0,0.08169877865835559
28384.0,0.08340083654707132
28388.0,0.08340083654707132
28392.0,0.08340083654707132
28396.0,0.08340083654707132
28400.0,0.08340083654707132
28404.0,0.08340083654707132
28408.0,0.08169877865835559
28412.0,0.08169877865835559
28416.0,0.08340083654707132
28420.0,0.08340083654707132
28424.0,0.08340083654707132
28428.0,0.08340083654707132
28432.0,0.08340083654707132
28436.0,0.08340083654707132
28440.0,0.08340083654707132
28444.0,0.08340083654707132
28448.0,0.08340083654707132
28452.0,0.08340083654707132
28456.0,0.08340083654707132
28460.0,0.08340083654707132
28464.0,0.08340083654707132
28468.0,0.08340083654707132
28472.0,0.08340083654707132
28476.0,0.08340083654707132
28480.0,0.08340083654707132
28484.0,0.08340083654707132
28488.0,0.08340083654707132
28492.0,0.08340083654707132
28496.0,0.08340083654707132
28500.0,0.08340083654707132
28504.0,0.08340083654707132
28508.0,0.08340083654707132
28512.0,0.08340083654707132
28516.0,0.08340083654707132
28520.0,0.08340083654707132
28524.0,0.08169877865835559
28528.0,0.08340083654707132
28532.0,0.08169877865835559
28536.0,0.08340083654707132
28540.0,0.08340083654707132
28544.0,0.08340083654707132
28548.0,0.08340083654707132
28552.0,0.08340083654707132
28556.0,0.08340083654707132
28560.0,0.08340083654707132
28564.0,0.08340083654707132
28568.0,0.08340083654707132
28572.0,0.08340083654707132
28576.0,0.08340083654707132
28580.0,0.08340083654707132
28584.0,0.08340083654707132
28588.0,0.08340083654707132
28592.0,0.08340083654707132
28596.0,0.08340083654707132
28600.0,0.08340083654707132
28604.0,0.08340083654707132
28608.0,0.08340083654707132
28612.0,0.08340083654707132
28616.0,0.08340083654707132
28620.0,0.08340083654707132
28624.0,0.08340083654707132
28628.0,0.08340083654707132
28632.0,0.08340083654707132
28636.0,0.08340083654707132
28640.0,0.08340083654707132
28644.0,0.08340083654707132
28648.0,0.08340083654707132
28652.0,0.08340083654707132
28656.0,0.08340083654707132
28660.0,0.08340083654707132
28664.0,0.08340083654707132
28668.0,0.08340083654707132
28672.0,0.08340083654707132
28676.0,0.08340083654707132
28680.0,0.08340083654707132
28684.0,0.08340083654707132
28688.0,0.08340083654707132
28692.0,0.08340083654707132
28696.0,0.08340083654707132
28700.0,0.08340083654707132
28704.0,0.08340083654707132
28708.0,0.08340083654707132
28712.0,0.08340083654707132
28716.0,0.08340083654707132
28720.0,0.08340083654707132
28724.0,0.08340083654707132
28728.0,0.08340083654707132
28732.0,0.08340083654707132
28736.0,0.08340083654707132
28740.0,0.08340083654707132
28744.0,0.08340083654707132
28748.0,0.08340083654707132
28752.0,0.08340083654707132
28756.0,0.08340083654707132
28760.0,0.08340083654707132
28764.0,0.08340083654707132
28768.0,0.08340083654707132
28772.0,0.08340083654707132
28776.0,0.08340083654707132
28780.0,0.08169877865835559
28784.0,0.08340083654707132
28788.0,0.08340083654707132
28792.0,0.08340083654707132
28796.0,0.08340083654707132
28800.0,0.08340083654707132
28804.0,0.08340083654707132
28808.0,0.08340083654707132
28812.0,0.08340083654707132
28816.0,0.08340083654707132
28820.0,0.08169877865835559
28824.0,0.08340083654707132
28828.0,0.08340083654707132
28832.0,0.08340083654707132
28836.0,0.08340083654707132
28840.0,0.08340083654707132
28844.0,0.08340083654707132
28848.0,0.08340083654707132
28852.0,0.08340083654707132
28856.0,0.08340083654707132
28860.0,0.08340083654707132
28864.0,0.08340083654707132
28868.0,0.08340083654707132
28872.0,0.08340083654707132
28876.0,0.08340083654707132
28880.0,0.08340083654707132
28884.0,0.08340083654707132
28888.0,0.08169877865835559
28892.0,0.08340083654707132
28896.0,0.08340083654707132
28900.0,0.08340083654707132
28904.0,0.08340083654707132
28908.0,0.08340083654707132
28912.0,0.08340083654707132
28916.0,0.08340083654707132
28920.0,0.08340083654707132
28924.0,0.08340083654707132
28928.0,0.08340083654707132
28932.0,0.08340083654707132
28936.0,0.08340083654707132
28940.0,0.08340083654707132
28944.0,0.08340083654707132
28948.0,0.08340083654707132
28952.0,0.08340083654707132
28956.0,0.08340083654707132
28960.0,0.08340083654707132
28964.0,0.08169877865835559
28968.0,0.08340083654707132
28972.0,0.08340083654707132
28976.0,0.08340083654707132
28980.0,0.08340083654707132
28984.0,0.08340083654707132
28988.0,0.08340083654707132
28992.0,0.08340083654707132
28996.0,0.08340083654707132
29000.0,0.08340083654707132
29004.0,0.08169877865835559
29008.0,0.08340083654707132
29012.0,0.08340083654707132
29016.0,0.08340083654707132
29020.0,0.08340083654707132
29024.0,0.08340083654707132
29028.0,0.08340083654707132
29032.0,0.08340083654707132
29036.0,0.08340083654707132
29040.0,0.08169877865835559
29044.0,0.08340083654707132
29048.0,0.08340083654707132
29052.0,0.08340083654707132
29056.0,0.08340083654707132
29060.0,0.08340083654707132
29064.0,0.08340083654707132
29068.0,0.08340083654707132
29072.0,0.08340083654707132
29076.0,0.08340083654707132
29080.0,0.08169877865835559
29084.0,0.08340083654707132
29088.0,0.08340083654707132
29092.0,0.08340083654707132
29096.0,0.08340083654707132
29100.0,0.08340083654707132
29104.0,0.08340083654707132
29108.0,0.08340083654707132
29112.0,0.08340083654707132
29116.0,0.08340083654707132
29120.0,0.08340083654707132
29124.0,0.08340083654707132
29128.0,0.08340083654707132
29132.0,0.08340083654707132
29136.0,0.08340083654707132
29140.0,0.08169877865835559
29144.0,0.08340083654707132
29148.0,0.08340083654707132
29152.0,0.08340083654707132
29156.0,0.08340083654707132
29160.0,0.08340083654707132
29164.0,0.08340083654707132
29168.0,0.08340083654707132
29172.0,0.08340083654707132
29176.0,0.08340083654707132
29180.0,0.08340083654707132
29184.0,0.08340083654707132
29188.0,0.08340083654707132
29192.0,0.08340083654707132
29196.0,0.08340083654707132
29200.0,0.08340083654707132
29204.0,0.08340083654707132
29208.0,0.08340083654707132
29212.0,0.08340083654707132
29216.0,0.08340083654707132
29220.0,0.08169877865835559
29224.0,0.08169877865835559
29228.0,0.08340083654707132
29232.0,0.08340083654707132
29236.0,0.08340083654707132
29240.0,0.08340083654707132
29244.0,0.08340083654707132
29248.0,0.08340083654707132
29252.0,0.08340083654707132
29256.0,0.08169877865835559
29260.0,0.08340083654707132
29264.0,0.08340083654707132
29268.0,0.08169877865835559
29272.0,0.08340083654707132
29276.0,0.08340083654707132
29280.0,0.08340083654707132
29284.0,0.08340083654707132
29288.0,0.08340083654707132
29292.0,0.08340083654707132
29296.0,0.08340083654707132
29300.0,0.08169877865835559
29304.0,0.08340083654707132
29308.0,0.08340083654707132
29312.0,0.08340083654707132
29316.0,0.08340083654707132
29320.0,0.08340083654707132
29324.0,0.08340083654707132
29328.0,0.08340083654707132
29332.0,0.08340083654707132
29336.0,0.08340083654707132
29340.0,0.08340083654707132
29344.0,0.08340083654707132
29348.0,0.08340083654707132
29352.0,0.08340083654707132
29356.0,0.08340083654707132
29360.0,0.08340083654707132
29364.0,0.08340083654707132
29368.0,0.08340083654707132
29372.0,0.08340083654707132
29376.0,0.08340083654707132
29380.0,0.08340083654707132
29384.0,0.08340083654707132
29388.0,0.08340083654707132
29392.0,0.08340083654707132
29396.0,0.08169877865835559
29400.0,0.08169877865835559
29404.0,0.08169877865835559
29408.0,0.08169877865835559
29412.0,0.08340083654707132
29416.0,0.08340083654707132
29420.0,0.08340083654707132
29424.0,0.08340083654707132
29428.0,0.08340083654707132
29432.0,0.08340083654707132
29436.0,0.08169877865835559
29440.0,0.08340083654707132
29444.0,0.08169877865835559
29448.0,0.08340083654707132
29452.0,0.08340083654707132
29456.0,0.08340083654707132
29460.0,0.08340083654707132
29464.0,0.08340083654707132
29468.0,0.08340083654707132
29472.0,0.08340083654707132
29476.0,0.08340083654707132
29480.0,0.08340083654707132
29484.0,0.08169877865835559
29488.0,0.08169877865835559
29492.0,0.08340083654707132
29496.0,0.08340083654707132
29500.0,0.08340083654707132
29504.0,0.08340083654707132
29508.0,0.08340083654707132
29512.0,0.08340083654707132
29516.0,0.08340083654707132
29520.0,0.08340083654707132
29524.0,0.08169877865835559
29528.0,0.08340083654707132
29532.0,0.08340083654707132
29536.0,0.08340083654707132
29540.0,0.08340083654707132
29544.0,0.08340083654707132
29548.0,0.08340083654707132
29552.0,0.08340083654707132
29556.0,0.08340083654707132
29560.0,0.08340083654707132
29564.0,0.08340083654707132
29568.0,0.08340083654707132
29572.0,0.08340083654707132
29576.0,0.08340083654707132
29580.0,0.08340083654707132
29584.0,0.08340083654707132
29588.0,0.08340083654707132
29592.0,0.08340083654707132
29596.0,0.08340083654707132
29600.0,0.08340083654707132
29604.0,0.08340083654707132
29608.0,0.08340083654707132
29612.0,0.08340083654707132
29616.0,0.08340083654707132
29620.0,0.08340083654707132
29624.0,0.08340083654707132
29628.0,0.08340083654707132
29632.0,0.08340083654707132
29636.0,0.08340083654707132
29640.0,0.08169877865835559
29644.0,0.08340083654707132
29648.0,0.08340083654707132
29652.0,0.08340083654707132
29656.0,0.08340083654707132
29660.0,0.08340083654707132
29664.0,0.08340083654707132
29668.0,0.08340083654707132
29672.0,0.08340083654707132
29676.0,0.08340083654707132
29680.0,0.08340083654707132
29684.0,0.08340083654707132
29688.0,0.08340083654707132
29692.0,0.08340083654707132
29696.0,0.08340083654707132
29700.0,0.08169877865835559
29704.0,0.08340083654707132
29708.0,0.08169877865835559
29712.0,0.08340083654707132
29716.0,0.08169877865835559
29720.0,0.08340083654707132
29724.0,0.08340083654707132
29728.0,0.08340083654707132
29732.0,0.08340083654707132
29736.0,0.08340083654707132
29740.0,0.08169877865835559
29744.0,0.08340083654707132
29748.0,0.08169877865835559
29752.0,0.08340083654707132
29756.0,0.08340083654707132
29760.0,0.08340083654707132
29764.0,0.08169877865835559
29768.0,0.08340083654707132
29772.0,0.08340083654707132
29776.0,0.08169877865835559
29780.0,0.08169877865835559
29784.0,0.08340083654707132
29788.0,0.08340083654707132
29792.0,0.08340083654707132
29796.0,0.08340083654707132
29800.0,0.08340083654707132
29804.0,0.08340083654707132
29808.0,0.08340083654707132
29812.0,0.08340083654707132
29816.0,0.08340083654707132
29820.0,0.08340083654707132
29824.0,0.08340083654707132
29828.0,0.08340083654707132
29832.0,0.08340083654707132
29836.0,0.08340083654707132
29840.0,0.08340083654707132
29844.0,0.08169877865835559
29848.0,0.08340083654707132
29852.0,0.08340083654707132
29856.0,0.08340083654707132
29860.0,0.08340083654707132
29864.0,0.08340083654707132
29868.0,0.08340083654707132
29872.0,0.08340083654707132
29876.0,0.08169877865835559
29880.0,0.08340083654707132
29884.0,0.08169877865835559
29888.0,0.08169877865835559
29892.0,0.08169877865835559
29896.0,0.08340083654707132
29900.0,0.08340083654707132
29904.0,0.08340083654707132
29908.0,0.08169877865835559
29912.0,0.08340083654707132
29916.0,0.08340083654707132
29920.0,0.08340083654707132
29924.0,0.08169877865835559
29928.0,0.08340083654707132
29932.0,0.08340083654707132
29936.0,0.08340083654707132
29940.0,0.08169877865835559
29944.0,0.08340083654707132
29948.0,0.08340083654707132
29952.0,0.08340083654707132
29956.0,0.08340083654707132
29960.0,0.08340083654707132
29964.0,0.08169877865835559
29968.0,0.08340083654707132
29972.0,0.08340083654707132
29976.0,0.08340083654707132
29980.0,0.08340083654707132
29984.0,0.08340083654707132
29988.0,0.08340083654707132
29992.0,0.08340083654707132
29996.0,0.08340083654707132
