time_ms,diameter_mm
0.0,0.11403787854395467
4.0,0.11403787854395467
8.0,0.11403787854395467
12.0,0.11573993643267041
16.0,0.11403787854395467
20.0,0.11403787854395467
24.0,0.11403787854395467
28.0,0.11403787854395467
32.0,0.11233582065523892
36.0,0.11233582065523892
40.0,0.11233582065523892
44.0,0.11403787854395467
48.0,0.11233582065523892
52.0,0.11403787854395467
56.0,0.11403787854395467
60.0,0.11233582065523892
64.0,0.11403787854395467
68.0,0.11233582065523892
72.0,0.11403787854395467
76.0,0.11233582065523892
80.0,0.11233582065523892
84.0,0.11233582065523892
88.0,0.11233582065523892
92.0,0.11063376276652317
96.0,0.11403787854395467
100.0,0.11233582065523892
104.0,0.11403787854395467
108.0,0.11233582065523892
112.0,0.11233582065523892
116.0,0.11233582065523892
120.0,0.11063376276652317
124.0,0.11233582065523892
128.0,0.11233582065523892
132.0,0.11233582065523892
136.0,0.11233582065523892
140.0,0.11233582065523892
144.0,0.11233582065523892
148.0,0.11403787854395467
152.0,0.11233582065523892
156.0,0.11063376276652317
160.0,0.11233582065523892
164.0,0.11233582065523892
168.0,0.11233582065523892
172.0,0.11233582065523892
176.0,0.11063376276652317
180.0,0.11233582065523892
184.0,0.11233582065523892
188.0,0.11403787854395467
192.0,0.11403787854395467
196.0,0.11403787854395467
200.0,0.11233582065523892
204.0,0.11403787854395467
208.0,0.11233582065523892
212.0,0.11063376276652317
216.0,0.11233582065523892
220.0,0.11233582065523892
224.0,0.11403787854395467
228.0,0.11403787854395467
232.0,0.11403787854395467
236.0,0.11403787854395467
240.0,0.11573993643267041
244.0,0.11233582065523892
248.0,0.11403787854395467
252.0,0.11233582065523892
256.0,0.11063376276652317
260.0,0.11233582065523892
264.0,0.11403787854395467
268.0,0.11403787854395467
272.0,0.11573993643267041
276.0,0.11403787854395467
280.0,0.11403787854395467
284.0,0.11403787854395467
288.0,0.11403787854395467
292.0,0.11233582065523892
296.0,0.11233582065523892
300.0,0.11403787854395467
304.0,0.11233582065523892
308.0,0.11403787854395467
312.0,0.11403787854395467
316.0,0.11403787854395467
320.0,0.11573993643267041
324.0,0.11403787854395467
328.0,0.11403787854395467
332.0,0.11403787854395467
336.0,0.11403787854395467
340.0,0.11403787854395467
344.0,0.11233582065523892
348.0,0.11403787854395467
352.0,0.11573993643267041
356.0,0.11403787854395467
360.0,0.11403787854395467
364.0,0.11573993643267041
368.0,0.11403787854395467
372.0,0.11403787854395467
376.0,0.11573993643267041
380.0,0.11403787854395467
384.0,0.11403787854395467
388.0,0.11403787854395467
392.0,0.11573993643267041
396.0,0.11573993643267041
400.0,0.11573993643267041
404.0,0.11403787854395467
408.0,0.11403787854395467
412.0,0.11403787854395467
416.0,0.11573993643267041
420.0,0.11573993643267041
424.0,0.11403787854395467
428.0,0.11403787854395467
432.0,0.11403787854395467
436.0,0.11403787854395467
440.0,0.11573993643267041
444.0,0.11573993643267041
448.0,0.11573993643267041
452.0,0.11403787854395467
456.0,0.11573993643267041
460.0,0.11573993643267041
464.0,0.11573993643267041
468.0,0.11403787854395467
472.0,0.11403787854395467
476.0,0.11403787854395467
480.0,0.11573993643267041
484.0,0.11573993643267041
488.0,0.11573993643267041
492.0,0.11403787854395467
496.0,0.11403787854395467
500.0,0.11403787854395467
504.0,0.11573993643267041
508.0,0.11403787854395467
512.0,0.11403787854395467
516.0,0.11403787854395467
520.0,0.11403787854395467
524.0,0.11403787854395467
528.0,0.11573993643267041
532.0,0.11573993643267041
536.0,0.11403787854395467
540.0,0.11403787854395467
544.0,0.11573993643267041
548.0,0.11573993643267041
552.0,0.11403787854395467
556.0,0.11403787854395467
560.0,0.11403787854395467
564.0,0.11403787854395467
568.0,0.11403787854395467
572.0,0.11573993643267041
576.0,0.11573993643267041
580.0,0.11403787854395467
584.0,0.11573993643267041
588.0,0.11573993643267041
592.0,0.11573993643267041
596.0,0.11403787854395467
600.0,0.11403787854395467
604.0,0.11403787854395467
608.0,0.11403787854395467
612.0,0.11573993643267041
616.0,0.11573993643267041
620.0,0.11573993643267041
624.0,0.11573993643267041
628.0,0.11573993643267041
632.0,0.11573993643267041
636.0,0.11573993643267041
640.0,0.11403787854395467
644.0,0.11403787854395467
648.0,0.11573993643267041
652.0,0.11403787854395467
656.0,0.11403787854395467
660.0,0.11403787854395467
664.0,0.11573993643267041
668.0,0.11573993643267041
672.0,0.11573993643267041
676.0,0.11403787854395467
680.0,0.11573993643267041
684.0,0.11403787854395467
688.0,0.11573993643267041
692.0,0.11403787854395467
696.0,0.11403787854395467
700.0,0.11403787854395467
704.0,0.11403787854395467
708.0,0.11403787854395467
712.0,0.11573993643267041
716.0,0.11573993643267041
720.0,0.11573993643267041
724.0,0.11573993643267041
728.0,0.11403787854395467
732.0,0.11403787854395467
736.0,0.11403787854395467
740.0,0.11403787854395467
744.0,0.11403787854395467
748.0,0.11403787854395467
752.0,0.11573993643267041
756.0,0.11573993643267041
760.0,0.11573993643267041
764.0,0.11573993643267041
768.0,0.11573993643267041
772.0,0.11403787854395467
776.0,0.11403787854395467
780.0,0.11403787854395467
784.0,0.11403787854395467
788.0,0.11403787854395467
792.0,0.11573993643267041
796.0,0.11573993643267041
800.0,0.11573993643267041
804.0,0.11573993643267041
808.0,0.11573993643267041
812.0,0.11573993643267041
816.0,0.11403787854395467
820.0,0.11403787854395467
824.0,0.11403787854395467
828.0,0.11403787854395467
832.0,0.11403787854395467
836.0,0.11403787854395467
840.0,0.11573993643267041
844.0,0.11403787854395467
848.0,0.11573993643267041
852.0,0.11403787854395467
856.0,0.11573993643267041
860.0,0.11403787854395467
864.0,0.11573993643267041
868.0,0.11403787854395467
872.0,0.11573993643267041
876.0,0.11403787854395467
880.0,0.11403787854395467
884.0,0.11403787854395467
888.0,0.11403787854395467
892.0,0.11403787854395467
896.0,0.11403787854395467
900.0,0.11573993643267041
904.0,0.11573993643267041
908.0,0.11573993643267041
912.0,0.11403787854395467
916.0,0.11573993643267041
920.0,0.11403787854395467
924.0,0.11403787854395467
928.0,0.11403787854395467
932.0,0.11403787854395467
936.0,0.11573993643267041
940.0,0.11573993643267041
944.0,0.11573993643267041
948.0,0.11573993643267041
952.0,0.11403787854395467
956.0,0.11403787854395467
960.0,0.11403787854395467
964.0,0.11403787854395467
968.0,0.11403787854395467
972.0,0.11403787854395467
976.0,0.11573993643267041
980.0,0.11573993643267041
984.0,0.11573993643267041
988.0,0.11403787854395467
992.0,0.11403787854395467
996.0,0.11403787854395467
1000.0,0.11403787854395467
1004.0,0.11403787854395467
1008.0,0.11403787854395467
1012.0,0.11403787854395467
1016.0,0.11573993643267041
1020.0,0.11403787854395467
1024.0,0.11403787854395467
1028.0,0.11403787854395467
1032.0,0.11403787854395467
1036.0,0.11403787854395467
1040.0,0.11573993643267041
1044.0,0.11573993643267041
1048.0,0.11573993643267041
1052.0,0.11403787854395467
1056.0,0.11573993643267041
1060.0,0.11403787854395467
1064.0,0.11573993643267041
1068.0,0.11403787854395467
1072.0,0.11573993643267041
1076.0,0.11403787854395467
1080.0,0.11403787854395467
1084.0,0.11403787854395467
1088.0,0.11573993643267041
1092.0,0.11573993643267041
1096.0,0.11573993643267041
1100.0,0.11573993643267041
1104.0,0.11573993643267041
1108.0,0.11573993643267041
1112.0,0.11403787854395467
1116.0,0.11573993643267041
1120.0,0.11403787854395467
1124.0,0.11573993643267041
1128.0,0.11573993643267041
1132.0,0.11403787854395467
1136.0,0.11573993643267041
1140.0,0.11573993643267041
1144.0,0.11573993643267041
1148.0,0.11573993643267041
1152.0,0.11573993643267041
1156.0,0.11573993643267041
1160.0,0.11573993643267041
1164.0,0.11573993643267041
1168.0,0.11573993643267041
1172.0,0.11573993643267041
1176.0,0.11573993643267041
1180.0,0.11573993643267041
1184.0,0.11403787854395467
1188.0,0.11573993643267041
1192.0,0.11403787854395467
1196.0,0.11573993643267041
1200.0,0.11573993643267041
1204.0,0.11403787854395467
1208.0,0.11573993643267041
1212.0,0.11573993643267041
1216.0,0.11573993643267041
1220.0,0.11573993643267041
1224.0,0.11573993643267041
1228.0,0.11573993643267041
1232.0,0.11573993643267041
1236.0,0.11573993643267041
1240.0,0.11573993643267041
1244.0,0.11573993643267041
1248.0,0.11573993643267041
1252.0,0.11573993643267041
1256.0,0.11573993643267041
1260.0,0.11573993643267041
1264.0,0.11573993643267041
1268.0,0.11573993643267041
1272.0,0.11573993643267041
1276.0,0.11573993643267041
1280.0,0.11573993643267041
1284.0,0.11573993643267041
1288.0,0.11573993643267041
1292.0,0.11573993643267041
1296.0,0.11573993643267041
1300.0,0.11573993643267041
1304.0,0.11573993643267041
1308.0,0.11573993643267041
1312.0,0.11573993643267041
1316.0,0.11573993643267041
1320.0,0.11573993643267041
1324.0,0.11573993643267041
1328.0,0.11573993643267041
1332.0,0.11573993643267041
1336.0,0.11573993643267041
1340.0,0.11573993643267041
1344.0,0.11573993643267041
1348.0,0.11573993643267041
1352.0,0.11573993643267041
1356.0,0.11573993643267041
1360.0,0.11573993643267041
1364.0,0.11573993643267041
1368.0,0.11573993643267041
1372.0,0.11573993643267041
1376.0,0.11573993643267041
1380.0,0.11573993643267041
1384.0,0.11573993643267041
1388.0,0.11573993643267041
1392.0,0.11573993643267041
1396.0,0.11573993643267041
1400.0,0.11573993643267041
1404.0,0.11573993643267041
1408.0,0.11573993643267041
1412.0,0.11573993643267041
1416.0,0.11573993643267041
1420.0,0.11573993643267041
1424.0,0.11573993643267041
1428.0,0.11573993643267041
1432.0,0.11573993643267041
1436.0,0.11573993643267041
1440.0,0.11573993643267041
1444.0,0.11573993643267041
1448.0,0.11573993643267041
1452.0,0.11573993643267041
1456.0,0.11573993643267041
1460.0,0.11573993643267041
1464.0,0.11573993643267041
1468.0,0.11573993643267041
1472.0,0.11573993643267041
1476.0,0.11573993643267041
1480.0,0.11573993643267041
1484.0,0.11573993643267041
1488.0,0.11573993643267041
1492.0,0.11573993643267041
1496.0,0.11573993643267041
1500.0,0.11573993643267041
1504.0,0.11573993643267041
1508.0,0.11573993643267041
1512.0,0.11573993643267041
1516.0,0.11573993643267041
1520.0,0.11573993643267041
1524.0,0.11573993643267041
1528.0,0.11573993643267041
1532.0,0.11573993643267041
1536.0,0.11573993643267041
1540.0,0.11573993643267041
1544.0,0.11573993643267041
1548.0,0.11573993643267041
1552.0,0.11573993643267041
1556.0,0.11573993643267041
1560.0,0.11573993643267041
1564.0,0.11573993643267041
1568.0,0.11573993643267041
1572.0,0.11573993643267041
1576.0,0.11573993643267041
1580.0,0.11573993643267041
1584.0,0.11573993643267041
1588.0,0.11573993643267041
1592.0,0.11573993643267041
1596.0,0.11573993643267041
1600.0,0.11573993643267041
1604.0,0.11573993643267041
1608.0,0.11573993643267041
1612.0,0.11573993643267041
1616.0,0.11573993643267041
1620.0,0.11573993643267041
1624.0,0.11573993643267041
1628.0,0.11573993643267041
1632.0,0.11573993643267041
1636.0,0.11573993643267041
1640.0,0.11573993643267041
1644.0,0.11573993643267041
1648.0,0.11573993643267041
1652.0,0.11573993643267041
1656.0,0.11573993643267041
1660.0,0.11573993643267041
1664.0,0.11573993643267041
1668.0,0.11573993643267041
1672.0,0.11573993643267041
1676.0,0.11573993643267041
1680.0,0.11573993643267041
1684.0,0.11573993643267041
1688.0,0.11573993643267041
1692.0,0.11573993643267041
1696.0,0.11573993643267041
1700.0,0.11573993643267041
1704.0,0.11573993643267041
1708.0,0.11573993643267041
1712.0,0.11573993643267041
1716.0,0.11573993643267041
1720.0,0.11573993643267041
1724.0,0.11573993643267041
1728.0,0.11573993643267041
1732.0,0.11573993643267041
1736.0,0.11573993643267041
1740.0,0.11573993643267041
1744.0,0.11573993643267041
1748.0,0.11573993643267041
1752.0,0.11573993643267041
1756.0,0.11573993643267041
1760.0,0.11573993643267041
1764.0,0.11573993643267041
1768.0,0.11573993643267041
1772.0,0.11573993643267041
1776.0,0.11573993643267041
1780.0,0.11573993643267041
1784.0,0.11573993643267041
1788.0,0.11573993643267041
1792.0,0.11573993643267041
1796.0,0.11573993643267041
1800.0,0.11573993643267041
1804.0,0.11573993643267041
1808.0,0.11573993643267041
1812.0,0.11573993643267041
1816.0,0.11573993643267041
1820.0,0.11573993643267041
1824.0,0.11573993643267041
1828.0,0.11573993643267041
1832.0,0.11573993643267041
1836.0,0.11573993643267041
1840.0,0.11573993643267041
1844.0,0.11573993643267041
1848.0,0.11573993643267041
1852.0,0.11573993643267041
1856.0,0.11573993643267041
1860.0,0.11573993643267041
1864.0,0.11573993643267041
1868.0,0.11573993643267041
1872.0,0.11573993643267041
1876.0,0.11573993643267041
1880.0,0.11573993643267041
1884.0,0.11573993643267041
1888.0,0.11573993643267041
1892.0,0.11573993643267041
1896.0,0.11573993643267041
1900.0,0.11573993643267041
1904.0,0.11573993643267041
1908.0,0.11573993643267041
1912.0,0.11573993643267041
1916.0,0.11573993643267041
1920.0,0.11573993643267041
1924.0,0.11573993643267041
1928.0,0.11573993643267041
1932.0,0.11573993643267041
1936.0,0.11573993643267041
1940.0,0.11573993643267041
1944.0,0.11573993643267041
1948.0,0.11573993643267041
1952.0,0.11573993643267041
1956.0,0.11573993643267041
1960.0,0.11573993643267041
1964.0,0.11573993643267041
1968.0,0.11573993643267041
1972.0,0.11573993643267041
1976.0,0.11573993643267041
1980.0,0.11573993643267041
1984.0,0.11573993643267041
1988.0,0.11573993643267041
1992.0,0.11573993643267041
1996.0,0.11573993643267041
2000.0,0.11573993643267041
2004.0,0.11573993643267041
2008.0,0.11573993643267041
2012.0,0.11573993643267041
2016.0,0.11573993643267041
2020.0,0.11573993643267041
2024.0,0.11573993643267041
2028.0,0.11573993643267041
2032.0,0.11573993643267041
2036.0,0.11573993643267041
2040.0,0.11573993643267041
2044.0,0.11573993643267041
2048.0,0.11573993643267041
2052.0,0.11573993643267041
2056.0,0.11573993643267041
2060.0,0.11573993643267041
2064.0,0.11573993643267041
2068.0,0.11573993643267041
2072.0,0.11573993643267041
2076.0,0.11573993643267041
2080.0,0.11573993643267041
2084.0,0.11573993643267041
2088.0,0.11573993643267041
2092.0,0.11573993643267041
2096.0,0.11573993643267041
2100.0,0.11573993643267041
2104.0,0.11573993643267041
2108.0,0.11573993643267041
2112.0,0.11573993643267041
2116.0,0.11573993643267041
2120.0,0.11573993643267041
2124.0,0.11573993643267041
2128.0,0.11573993643267041
2132.0,0.11573993643267041
2136.0,0.11573993643267041
2140.0,0.11573993643267041
2144.0,0.11573993643267041
2148.0,0.11573993643267041
2152.0,0.11573993643267041
2156.0,0.11573993643267041
2160.0,0.11573993643267041
2164.0,0.11573993643267041
2168.0,0.11573993643267041
2172.0,0.11573993643267041
2176.0,0.11573993643267041
2180.0,0.11573993643267041
2184.0,0.11573993643267041
2188.0,0.11573993643267041
2192.0,0.11573993643267041
2196.0,0.11573993643267041
2200.0,0.11573993643267041
2204.0,0.11573993643267041
2208.0,0.11573993643267041
2212.0,0.11573993643267041
2216.0,0.11573993643267041
2220.0,0.11573993643267041
2224.0,0.11573993643267041
2228.0,0.11573993643267041
2232.0,0.11573993643267041
2236.0,0.11573993643267041
2240.0,0.11573993643267041
2244.0,0.11573993643267041
2248.0,0.11573993643267041
2252.0,0.11573993643267041
2256.0,0.11573993643267041
2260.0,0.11573993643267041
2264.0,0.11573993643267041
2268.0,0.11573993643267041
2272.0,0.11573993643267041
2276.0,0.11573993643267041
2280.0,0.11573993643267041
2284.0,0.11573993643267041
2288.0,0.11573993643267041
2292.0,0.11573993643267041
2296.0,0.11573993643267041
2300.0,0.11573993643267041
2304.0,0.11573993643267041
2308.0,0.11573993643267041
2312.0,0.11573993643267041
2316.0,0.11573993643267041
2320.0,0.11573993643267041
2324.0,0.11573993643267041
2328.0,0.11573993643267041
2332.0,0.11573993643267041
2336.0,0.11573993643267041
2340.0,0.11573993643267041
2344.0,0.11573993643267041
2348.0,0.11573993643267041
2352.0,0.11573993643267041
2356.0,0.11573993643267041
2360.0,0.11573993643267041
2364.0,0.11573993643267041
2368.0,0.11573993643267041
2372.0,0.11573993643267041
2376.0,0.11573993643267041
2380.0,0.11573993643267041
2384.0,0.11573993643267041
2388.0,0.11573993643267041
2392.0,0.11573993643267041
2396.0,0.11573993643267041
2400.0,0.11573993643267041
2404.0,0.11573993643267041
2408.0,0.11573993643267041
2412.0,0.11573993643267041
2416.0,0.11573993643267041
2420.0,0.11573993643267041
2424.0,0.11573993643267041
2428.0,0.11573993643267041
2432.0,0.11573993643267041
2436.0,0.11573993643267041
2440.0,0.11573993643267041
2444.0,0.11573993643267041
2448.0,0.11573993643267041
2452.0,0.11573993643267041
2456.0,0.11573993643267041
2460.0,0.11573993643267041
2464.0,0.11573993643267041
2468.0,0.11573993643267041
2472.0,0.11573993643267041
2476.0,0.11573993643267041
2480.0,0.11573993643267041
2484.0,0.11573993643267041
2488.0,0.11573993643267041
2492.0,0.11573993643267041
2496.0,0.11573993643267041
2500.0,0.11573993643267041
2504.0,0.11573993643267041
2508.0,0.11573993643267041
2512.0,0.11573993643267041
2516.0,0.11573993643267041
2520.0,0.11573993643267041
2524.0,0.11573993643267041
2528.0,0.11573993643267041
2532.0,0.11573993643267041
2536.0,0.11573993643267041
2540.0,0.11573993643267041
2544.0,0.11573993643267041
2548.0,0.11573993643267041
2552.0,0.11573993643267041
2556.0,0.11573993643267041
2560.0,0.11573993643267041
2564.0,0.11573993643267041
2568.0,0.11573993643267041
2572.0,0.11573993643267041
2576.0,0.11573993643267041
2580.0,0.11573993643267041
2584.0,0.11573993643267041
2588.0,0.11573993643267041
2592.0,0.11573993643267041
2596.0,0.11573993643267041
2600.0,0.11573993643267041
2604.0,0.11573993643267041
2608.0,0.11573993643267041
2612.0,0.11573993643267041
2616.0,0.11573993643267041
2620.0,0.11573993643267041
2624.0,0.11573993643267041
2628.0,0.11573993643267041
2632.0,0.11573993643267041
2636.0,0.11573993643267041
2640.0,0.11573993643267041
2644.0,0.11573993643267041
2648.0,0.11573993643267041
2652.0,0.11573993643267041
2656.0,0.11573993643267041
2660.0,0.11573993643267041
2664.0,0.11573993643267041
2668.0,0.11573993643267041
2672.0,0.11573993643267041
2676.0,0.11573993643267041
2680.0,0.11573993643267041
2684.0,0.11573993643267041
2688.0,0.11573993643267041
2692.0,0.11573993643267041
2696.0,0.11573993643267041
2700.0,0.11573993643267041
2704.0,0.11573993643267041
2708.0,0.11573993643267041
2712.0,0.11573993643267041
2716.0,0.11573993643267041
2720.0,0.11573993643267041
2724.0,0.11573993643267041
2728.0,0.11573993643267041
2732.0,0.11573993643267041
2736.0,0.11573993643267041
2740.0,0.11573993643267041
2744.0,0.11573993643267041
2748.0,0.11573993643267041
2752.0,0.11573993643267041
2756.0,0.11573993643267041
2760.0,0.11573993643267041
2764.0,0.11573993643267041
2768.0,0.11573993643267041
2772.0,0.11573993643267041
2776.0,0.11573993643267041
2780.0,0.11573993643267041
2784.0,0.11573993643267041
2788.0,0.11573993643267041
2792.0,0.11573993643267041
2796.0,0.11573993643267041
2800.0,0.11573993643267041
2804.0,0.11573993643267041
2808.0,0.11573993643267041
2812.0,0.11573993643267041
2816.0,0.11573993643267041
2820.0,0.11573993643267041
2824.0,0.11573993643267041
2828.0,0.11573993643267041
2832.0,0.11573993643267041
2836.0,0.11573993643267041
2840.0,0.11573993643267041
2844.0,0.11573993643267041
2848.0,0.11573993643267041
2852.0,0.11573993643267041
2856.0,0.11573993643267041
2860.0,0.11573993643267041
2864.0,0.11573993643267041
2868.0,0.11403787854395467
2872.0,0.11573993643267041
2876.0,0.11573993643267041
2880.0,0.11573993643267041
2884.0,0.11573993643267041
2888.0,0.11573993643267041
2892.0,0.11573993643267041
2896.0,0.11573993643267041
2900.0,0.11573993643267041
2904.0,0.11573993643267041
2908.0,0.11573993643267041
2912.0,0.11573993643267041
2916.0,0.11573993643267041
2920.0,0.11573993643267041
2924.0,0.11573993643267041
2928.0,0.11573993643267041
2932.0,0.11573993643267041
2936.0,0.11573993643267041
2940.0,0.11573993643267041
2944.0,0.11573993643267041
2948.0,0.11573993643267041
2952.0,0.11573993643267041
2956.0,0.11573993643267041
2960.0,0.11573993643267041
2964.0,0.11573993643267041
2968.0,0.11573993643267041
2972.0,0.11573993643267041
2976.0,0.11573993643267041
2980.0,0.11573993643267041
2984.0,0.11573993643267041
2988.0,0.11573993643267041
2992.0,0.11573993643267041
2996.0,0.11573993643267041
3000.0,0.11573993643267041
3004.0,0.11573993643267041
3008.0,0.11573993643267041
3012.0,0.11573993643267041
3016.0,0.11573993643267041
3020.0,0.11403787854395467
3024.0,0.11573993643267041
3028.0,0.11573993643267041
3032.0,0.11573993643267041
3036.0,0.11403787854395467
3040.0,0.11573993643267041
3044.0,0.11403787854395467
3048.0,0.11573993643267041
3052.0,0.11573993643267041
3056.0,0.11573993643267041
3060.0,0.11573993643267041
3064.0,0.11573993643267041
3068.0,0.11573993643267041
3072.0,0.11573993643267041
3076.0,0.11573993643267041
3080.0,0.11573993643267041
3084.0,0.11573993643267041
3088.0,0.11573993643267041
3092.0,0.11573993643267041
3096.0,0.11573993643267041
3100.0,0.11573993643267041
3104.0,0.11573993643267041
3108.0,0.11573993643267041
3112.0,0.11573993643267041
3116.0,0.11573993643267041
3120.0,0.11573993643267041
3124.0,0.11403787854395467
3128.0,0.11573993643267041
3132.0,0.11573993643267041
3136.0,0.11573993643267041
3140.0,0.11573993643267041
3144.0,0.11573993643267041
3148.0,0.11573993643267041
3152.0,0.11573993643267041
3156.0,0.11573993643267041
3160.0,0.11573993643267041
3164.0,0.11403787854395467
3168.0,0.11573993643267041
3172.0,0.11573993643267041
3176.0,0.11573993643267041
3180.0,0.11573993643267041
3184.0,0.11573993643267041
3188.0,0.11573993643267041
3192.0,0.11573993643267041
3196.0,0.11573993643267041
3200.0,0.11573993643267041
3204.0,0.11573993643267041
3208.0,0.11573993643267041
3212.0,0.11403787854395467
3216.0,0.11573993643267041
3220.0,0.11573993643267041
3224.0,0.11573993643267041
3228.0,0.11573993643267041
3232.0,0.11573993643267041
3236.0,0.11573993643267041
3240.0,0.11573993643267041
3244.0,0.11573993643267041
3248.0,0.11573993643267041
3252.0,0.11403787854395467
3256.0,0.11573993643267041
3260.0,0.11573993643267041
3264.0,0.11573993643267041
3268.0,0.11573993643267041
3272.0,0.11573993643267041
3276.0,0.11573993643267041
3280.0,0.11573993643267041
3284.0,0.11573993643267041
3288.0,0.11573993643267041
3292.0,0.11573993643267041
3296.0,0.11573993643267041
3300.0,0.11573993643267041
3304.0,0.11573993643267041
3308.0,0.11403787854395467
3312.0,0.11573993643267041
3316.0,0.11573993643267041
3320.0,0.11573993643267041
3324.0,0.11573993643267041
3328.0,0.11573993643267041
3332.0,0.11573993643267041
3336.0,0.11573993643267041
3340.0,0.11573993643267041
3344.0,0.11403787854395467
3348.0,0.11573993643267041
3352.0,0.11573993643267041
3356.0,0.11573993643267041
3360.0,0.11573993643267041
3364.0,0.11573993643267041
3368.0,0.11573993643267041
3372.0,0.11573993643267041
3376.0,0.11573993643267041
3380.0,0.11573993643267041
3384.0,0.11573993643267041
3388.0,0.11403787854395467
3392.0,0.11403787854395467
3396.0,0.11573993643267041
3400.0,0.11573993643267041
3404.0,0.11573993643267041
3408.0,0.11573993643267041
3412.0,0.11573993643267041
3416.0,0.11573993643267041
3420.0,0.11403787854395467
3424.0,0.11403787854395467
3428.0,0.11403787854395467
3432.0,0.11573993643267041
3436.0,0.11573993643267041
3440.0,0.11573993643267041
3444.0,0.11573993643267041
3448.0,0.11573993643267041
3452.0,0.11573993643267041
3456.0,0.11573993643267041
3460.0,0.11573993643267041
3464.0,0.11573993643267041
3468.0,0.11403787854395467
3472.0,0.11573993643267041
3476.0,0.11573993643267041
3480.0,0.11573993643267041
3484.0,0.11573993643267041
3488.0,0.11573993643267041
3492.0,0.11573993643267041
3496.0,0.11573993643267041
3500.0,0.11573993643267041
3504.0,0.11573993643267041
3508.0,0.11573993643267041
3512.0,0.11573993643267041
3516.0,0.11573993643267041
3520.0,0.11573993643267041
3524.0,0.11403787854395467
3528.0,0.11573993643267041
3532.0,0.11573993643267041
3536.0,0.11573993643267041
3540.0,0.11573993643267041
3544.0,0.11573993643267041
3548.0,0.11573993643267041
3552.0,0.11573993643267041
3556.0,0.11573993643267041
3560.0,0.11573993643267041
3564.0,0.11403787854395467
3568.0,0.11403787854395467
3572.0,0.11573993643267041
3576.0,0.11573993643267041
3580.0,0.11573993643267041
3584.0,0.11573993643267041
3588.0,0.11573993643267041
3592.0,0.11573993643267041
3596.0,0.11403787854395467
3600.0,0.11573993643267041
3604.0,0.11403787854395467
3608.0,0.11403787854395467
3612.0,0.11573993643267041
3616.0,0.11573993643267041
3620.0,0.11573993643267041
3624.0,0.11573993643267041
3628.0,0.11573993643267041
3632.0,0.11573993643267041
3636.0,0.11573993643267041
3640.0,0.11573993643267041
3644.0,0.11403787854395467
3648.0,0.11573993643267041
3652.0,0.11573993643267041
3656.0,0.11573993643267041
3660.0,0.11573993643267041
3664.0,0.11573993643267041
3668.0,0.11573993643267041
3672.0,0.11573993643267041
3676.0,0.11403787854395467
3680.0,0.11403787854395467
3684.0,0.11403787854395467
3688.0,0.11573993643267041
3692.0,0.11403787854395467
3696.0,0.11573993643267041
3700.0,0.11573993643267041
3704.0,0.11573993643267041
3708.0,0.11573993643267041
3712.0,0.11573993643267041
3716.0,0.11573993643267041
3720.0,0.11403787854395467
3724.0,0.11403787854395467
3728.0,0.11573993643267041
3732.0,0.11573993643267041
3736.0,0.11573993643267041
3740.0,0.11573993643267041
3744.0,0.11573993643267041
3748.0,0.11573993643267041
3752.0,0.11573993643267041
3756.0,0.11573993643267041
3760.0,0.11573993643267041
3764.0,0.11573993643267041
3768.0,0.11573993643267041
3772.0,0.11573993643267041
3776.0,0.11573993643267041
3780.0,0.11573993643267041
3784.0,0.11573993643267041
3788.0,0.11403787854395467
3792.0,0.11573993643267041
3796.0,0.11403787854395467
3800.0,0.11573993643267041
3804.0,0.11403787854395467
3808.0,0.11573993643267041
3812.0,0.11403787854395467
3816.0,0.11573993643267041
3820.0,0.11403787854395467
3824.0,0.11573993643267041
3828.0,0.11403787854395467
3832.0,0.11573993643267041
3836.0,0.11403787854395467
3840.0,0.11573993643267041
3844.0,0.11573993643267041
3848.0,0.11573993643267041
3852.0,0.11403787854395467
3856.0,0.11403787854395467
3860.0,0.11403787854395467
3864.0,0.11403787854395467
3868.0,0.11403787854395467
3872.0,0.11573993643267041
3876.0,0.11573993643267041
3880.0,0.11573993643267041
3884.0,0.11573993643267041
3888.0,0.11573993643267041
3892.0,0.11573993643267041
3896.0,0.11573993643267041
3900.0,0.11403787854395467
3904.0,0.11403787854395467
3908.0,0.11573993643267041
3912.0,0.11573993643267041
3916.0,0.11573993643267041
3920.0,0.11573993643267041
3924.0,0.11573993643267041
3928.0,0.11573993643267041
3932.0,0.11573993643267041
3936.0,0.11403787854395467
3940.0,0.11403787854395467
3944.0,0.11573993643267041
3948.0,0.11573993643267041
3952.0,0.11573993643267041
3956.0,0.11573993643267041
3960.0,0.11573993643267041
3964.0,0.11573993643267041
3968.0,0.11573993643267041
3972.0,0.11403787854395467
3976.0,0.11573993643267041
3980.0,0.11573993643267041
3984.0,0.11573993643267041
3988.0,0.11573993643267041
3992.0,0.11573993643267041
3996.0,0.11573993643267041
4000.0,0.11573993643267041
4004.0,0.11403787854395467
4008.0,0.11573993643267041
4012.0,0.11403787854395467
4016.0,0.11573993643267041
4020.0,0.11573993643267041
4024.0,0.11573993643267041
4028.0,0.11403787854395467
4032.0,0.11573993643267041
4036.0,0.11403787854395467
4040.0,0.11573993643267041
4044.0,0.11403787854395467
4048.0,0.11403787854395467
4052.0,0.11403787854395467
4056.0,0.11573993643267041
4060.0,0.11573993643267041
4064.0,0.11573993643267041
4068.0,0.11573993643267041
4072.0,0.11403787854395467
4076.0,0.11573993643267041
4080.0,0.11573993643267041
4084.0,0.11573993643267041
4088.0,0.11573993643267041
4092.0,0.11573993643267041
4096.0,0.11573993643267041
4100.0,0.11573993643267041
4104.0,0.11403787854395467
4108.0,0.11403787854395467
4112.0,0.11403787854395467
4116.0,0.11403787854395467
4120.0,0.11403787854395467
4124.0,0.11403787854395467
4128.0,0.11403787854395467
4132.0,0.11573993643267041
4136.0,0.11403787854395467
4140.0,0.11573993643267041
4144.0,0.11403787854395467
4148.0,0.11403787854395467
4152.0,0.11403787854395467
4156.0,0.11403787854395467
4160.0,0.11403787854395467
4164.0,0.11403787854395467
4168.0,0.11403787854395467
4172.0,0.11573993643267041
4176.0,0.11403787854395467
4180.0,0.11403787854395467
4184.0,0.11403787854395467
4188.0,0.11573993643267041
4192.0,0.11403787854395467
4196.0,0.11403787854395467
4200.0,0.11403787854395467
4204.0,0.11403787854395467
4208.0,0.11403787854395467
4212.0,0.11573993643267041
4216.0,0.11573993643267041
4220.0,0.11403787854395467
4224.0,0.11573993643267041
4228.0,0.11403787854395467
4232.0,0.11573993643267041
4236.0,0.11403787854395467
4240.0,0.11403787854395467
4244.0,0.11403787854395467
4248.0,0.11403787854395467
4252.0,0.11403787854395467
4256.0,0.11403787854395467
4260.0,0.11403787854395467
4264.0,0.11573993643267041
4268.0,0.11403787854395467
4272.0,0.11403787854395467
4276.0,0.11573993643267041
4280.0,0.11573993643267041
4284.0,0.11403787854395467
4288.0,0.11573993643267041
4292.0,0.11403787854395467
4296.0,0.11403787854395467
4300.0,0.11403787854395467
4304.0,0.11403787854395467
4308.0,0.11403787854395467
4312.0,0.11573993643267041
4316.0,0.11573993643267041
4320.0,0.11573993643267041
4324.0,0.11573993643267041
4328.0,0.11573993643267041
4332.0,0.11573993643267041
4336.0,0.11403787854395467
4340.0,0.11403787854395467
4344.0,0.11403787854395467
4348.0,0.11403787854395467
4352.0,0.11403787854395467
4356.0,0.11573993643267041
4360.0,0.11403787854395467
4364.0,0.11573993643267041
4368.0,0.11403787854395467
4372.0,0.11403787854395467
4376.0,0.11403787854395467
4380.0,0.11403787854395467
4384.0,0.11403787854395467
4388.0,0.11403787854395467
4392.0,0.11573993643267041
4396.0,0.11403787854395467
4400.0,0.11403787854395467
4404.0,0.11403787854395467
4408.0,0.11403787854395467
4412.0,0.11403787854395467
4416.0,0.11403787854395467
4420.0,0.11403787854395467
4424.0,0.11403787854395467
4428.0,0.11403787854395467
4432.0,0.11573993643267041
4436.0,0.11403787854395467
4440.0,0.11403787854395467
4444.0,0.11403787854395467
4448.0,0.11573993643267041
4452.0,0.11403787854395467
4456.0,0.11403787854395467
4460.0,0.11403787854395467
4464.0,0.11403787854395467
4468.0,0.11403787854395467
4472.0,0.11573993643267041
4476.0,0.11403787854395467
4480.0,0.11573993643267041
4484.0,0.11573993643267041
4488.0,0.11403787854395467
4492.0,0.11573993643267041
4496.0,0.11403787854395467
4500.0,0.11403787854395467
4504.0,0.11403787854395467
4508.0,0.11403787854395467
4512.0,0.11403787854395467
4516.0,0.11573993643267041
4520.0,0.11403787854395467
4524.0,0.11573993643267041
4528.0,0.11403787854395467
4532.0,0.11573993643267041
4536.0,0.11403787854395467
4540.0,0.11573993643267041
4544.0,0.11403787854395467
4548.0,0.11403787854395467
4552.0,0.11403787854395467
4556.0,0.11403787854395467
4560.0,0.11403787854395467
4564.0,0.11403787854395467
4568.0,0.11573993643267041
4572.0,0.11403787854395467
4576.0,0.11403787854395467
4580.0,0.11403787854395467
4584.0,0.11573993643267041
4588.0,0.11403787854395467
4592.0,0.11403787854395467
4596.0,0.11403787854395467
4600.0,0.11403787854395467
4604.0,0.11403787854395467
4608.0,0.11403787854395467
4612.0,0.11403787854395467
4616.0,0.11573993643267041
4620.0,0.11403787854395467
4624.0,0.11573993643267041
4628.0,0.11403787854395467
4632.0,0.11403787854395467
4636.0,0.11403787854395467
4640.0,0.11403787854395467
4644.0,0.11403787854395467
4648.0,0.11403787854395467
4652.0,0.11403787854395467
4656.0,0.11573993643267041
4660.0,0.11403787854395467
4664.0,0.11573993643267041
4668.0,0.11403787854395467
4672.0,0.11403787854395467
4676.0,0.11403787854395467
4680.0,0.11403787854395467
4684.0,0.11403787854395467
4688.0,0.11403787854395467
4692.0,0.11403787854395467
4696.0,0.11403787854395467
4700.0,0.11573993643267041
4704.0,0.11403787854395467
4708.0,0.11403787854395467
4712.0,0.11403787854395467
4716.0,0.11403787854395467
4720.0,0.11403787854395467
4724.0,0.11403787854395467
4728.0,0.11403787854395467
4732.0,0.11403787854395467
4736.0,0.11403787854395467
4740.0,0.11403787854395467
4744.0,0.11403787854395467
4748.0,0.11403787854395467
4752.0,0.11403787854395467
4756.0,0.11403787854395467
4760.0,0.11403787854395467
4764.0,0.11403787854395467
4768.0,0.11403787854395467
4772.0,0.11403787854395467
4776.0,0.11403787854395467
4780.0,0.11403787854395467
4784.0,0.11403787854395467
4788.0,0.11403787854395467
4792.0,0.11403787854395467
4796.0,0.11403787854395467
4800.0,0.11403787854395467
4804.0,0.11403787854395467
4808.0,0.11403787854395467
4812.0,0.11403787854395467
4816.0,0.11403787854395467
4820.0,0.11403787854395467
4824.0,0.11403787854395467
4828.0,0.11403787854395467
4832.0,0.11573993643267041
4836.0,0.11403787854395467
4840.0,0.11573993643267041
4844.0,0.11403787854395467
4848.0,0.11403787854395467
4852.0,0.11403787854395467
4856.0,0.11403787854395467
4860.0,0.11403787854395467
4864.0,0.11403787854395467
4868.0,0.11403787854395467
4872.0,0.11573993643267041
4876.0,0.11403787854395467
4880.0,0.11403787854395467
4884.0,0.11573993643267041
4888.0,0.11403787854395467
4892.0,0.11403787854395467
4896.0,0.11403787854395467
4900.0,0.11403787854395467
4904.0,0.11403787854395467
4908.0,0.11403787854395467
4912.0,0.11403787854395467
4916.0,0.11573993643267041
4920.0,0.11403787854395467
4924.0,0.11573993643267041
4928.0,0.11403787854395467
4932.0,0.11403787854395467
4936.0,0.11403787854395467
4940.0,0.11403787854395467
4944.0,0.11403787854395467
4948.0,0.11403787854395467
4952.0,0.11403787854395467
4956.0,0.11403787854395467
4960.0,0.11403787854395467
4964.0,0.11573993643267041
4968.0,0.11403787854395467
4972.0,0.11403787854395467
4976.0,0.11403787854395467
4980.0,0.11403787854395467
4984.0,0.11403787854395467
4988.0,0.11403787854395467
4992.0,0.11403787854395467
4996.0,0.11403787854395467
5000.0,0.11403787854395467
5004.0,0.11233582065523892
5008.0,0.11403787854395467
5012.0,0.11403787854395467
5016.0,0.11403787854395467
5020.0,0.11403787854395467
5024.0,0.11403787854395467
5028.0,0.11403787854395467
5032.0,0.11403787854395467
5036.0,0.11403787854395467
5040.0,0.11403787854395467
5044.0,0.11403787854395467
5048.0,0.11403787854395467
5052.0,0.11403787854395467
5056.0,0.11403787854395467
5060.0,0.11403787854395467
5064.0,0.11403787854395467
5068.0,0.11403787854395467
5072.0,0.11403787854395467
5076.0,0.11403787854395467
5080.0,0.11403787854395467
5084.0,0.11403787854395467
5088.0,0.11403787854395467
5092.0,0.11403787854395467
5096.0,0.11403787854395467
5100.0,0.11403787854395467
5104.0,0.11403787854395467
5108.0,0.11403787854395467
5112.0,0.11403787854395467
5116.0,0.11403787854395467
5120.0,0.11403787854395467
5124.0,0.11403787854395467
5128.0,0.11403787854395467
5132.0,0.11573993643267041
5136.0,0.11403787854395467
5140.0,0.11403787854395467
5144.0,0.11403787854395467
5148.0,0.11403787854395467
5152.0,0.11403787854395467
5156.0,0.11403787854395467
5160.0,0.11403787854395467
5164.0,0.11403787854395467
5168.0,0.11403787854395467
5172.0,0.11403787854395467
5176.0,0.11403787854395467
5180.0,0.11403787854395467
5184.0,0.11403787854395467
5188.0,0.11403787854395467
5192.0,0.11403787854395467
5196.0,0.11403787854395467
5200.0,0.11403787854395467
5204.0,0.11403787854395467
5208.0,0.11403787854395467
5212.0,0.11403787854395467
5216.0,0.11573993643267041
5220.0,0.11403787854395467
5224.0,0.11403787854395467
5228.0,0.11233582065523892
5232.0,0.11403787854395467
5236.0,0.11403787854395467
5240.0,0.11403787854395467
5244.0,0.11403787854395467
5248.0,0.11403787854395467
5252.0,0.11403787854395467
5256.0,0.11403787854395467
5260.0,0.11403787854395467
5264.0,0.11403787854395467
5268.0,0.11403787854395467
5272.0,0.11403787854395467
5276.0,0.11403787854395467
5280.0,0.11403787854395467
5284.0,0.11403787854395467
5288.0,0.11403787854395467
5292.0,0.11403787854395467
5296.0,0.11403787854395467
5300.0,0.11403787854395467
5304.0,0.11403787854395467
5308.0,0.11403787854395467
5312.0,0.11403787854395467
5316.0,0.11403787854395467
5320.0,0.11403787854395467
5324.0,0.11573993643267041
5328.0,0.11403787854395467
5332.0,0.11403787854395467
5336.0,0.11403787854395467
5340.0,0.11403787854395467
5344.0,0.11403787854395467
5348.0,0.11403787854395467
5352.0,0.11403787854395467
5356.0,0.11403787854395467
5360.0,0.11403787854395467
5364.0,0.11403787854395467
5368.0,0.11233582065523892
5372.0,0.11403787854395467
5376.0,0.11403787854395467
5380.0,0.11403787854395467
5384.0,0.11403787854395467
5388.0,0.11403787854395467
5392.0,0.11403787854395467
5396.0,0.11233582065523892
5400.0,0.11403787854395467
5404.0,0.11403787854395467
5408.0,0.11403787854395467
5412.0,0.11403787854395467
5416.0,0.11403787854395467
5420.0,0.11403787854395467
5424.0,0.11403787854395467
5428.0,0.11403787854395467
5432.0,0.11403787854395467
5436.0,0.11403787854395467
5440.0,0.11573993643267041
5444.0,0.11403787854395467
5448.0,0.11403787854395467
5452.0,0.11403787854395467
5456.0,0.11403787854395467
5460.0,0.11403787854395467
5464.0,0.11403787854395467
5468.0,0.11403787854395467
5472.0,0.11403787854395467
5476.0,0.11403787854395467
5480.0,0.11403787854395467
5484.0,0.11403787854395467
5488.0,0.11403787854395467
5492.0,0.11403787854395467
5496.0,0.11403787854395467
5500.0,0.11403787854395467
5504.0,0.11403787854395467
5508.0,0.11403787854395467
5512.0,0.11403787854395467
5516.0,0.11403787854395467
5520.0,0.11403787854395467
5524.0,0.11403787854395467
5528.0,0.11403787854395467
5532.0,0.11403787854395467
5536.0,0.11403787854395467
5540.0,0.11403787854395467
5544.0,0.11403787854395467
5548.0,0.11403787854395467
5552.0,0.11403787854395467
5556.0,0.11403787854395467
5560.0,0.11403787854395467
5564.0,0.11403787854395467
5568.0,0.11403787854395467
5572.0,0.11403787854395467
5576.0,0.11403787854395467
5580.0,0.11403787854395467
5584.0,0.11403787854395467
5588.0,0.11403787854395467
5592.0,0.11403787854395467
5596.0,0.11403787854395467
5600.0,0.11403787854395467
5604.0,0.11403787854395467
5608.0,0.11403787854395467
5612.0,0.11403787854395467
5616.0,0.11403787854395467
5620.0,0.11403787854395467
5624.0,0.11403787854395467
5628.0,0.11403787854395467
5632.0,0.11403787854395467
5636.0,0.11403787854395467
5640.0,0.11403787854395467
5644.0,0.11403787854395467
5648.0,0.11403787854395467
5652.0,0.11403787854395467
5656.0,0.11403787854395467
5660.0,0.11233582065523892
5664.0,0.11403787854395467
5668.0,0.11403787854395467
5672.0,0.11403787854395467
5676.0,0.11403787854395467
5680.0,0.11403787854395467
5684.0,0.11403787854395467
5688.0,0.11403787854395467
5692.0,0.11403787854395467
5696.0,0.11403787854395467
5700.0,0.11403787854395467
5704.0,0.11403787854395467
5708.0,0.11403787854395467
5712.0,0.11403787854395467
5716.0,0.11403787854395467
5720.0,0.11403787854395467
5724.0,0.11403787854395467
5728.0,0.11403787854395467
5732.0,0.11403787854395467
5736.0,0.11403787854395467
5740.0,0.11403787854395467
5744.0,0.11403787854395467
5748.0,0.11403787854395467
5752.0,0.11403787854395467
5756.0,0.11403787854395467
5760.0,0.11403787854395467
5764.0,0.11403787854395467
5768.0,0.11403787854395467
5772.0,0.11403787854395467
5776.0,0.11403787854395467
5780.0,0.11403787854395467
5784.0,0.11403787854395467
5788.0,0.11403787854395467
5792.0,0.11403787854395467
5796.0,0.11403787854395467
5800.0,0.11403787854395467
5804.0,0.11403787854395467
5808.0,0.11403787854395467
5812.0,0.11403787854395467
5816.0,0.11403787854395467
5820.0,0.11403787854395467
5824.0,0.11403787854395467
5828.0,0.11403787854395467
5832.0,0.11403787854395467
5836.0,0.11233582065523892
5840.0,0.11403787854395467
5844.0,0.11233582065523892
5848.0,0.11403787854395467
5852.0,0.11403787854395467
5856.0,0.11403787854395467
5860.0,0.11403787854395467
5864.0,0.11403787854395467
5868.0,0.11403787854395467
5872.0,0.11403787854395467
5876.0,0.11233582065523892
5880.0,0.11403787854395467
5884.0,0.11403787854395467
5888.0,0.11403787854395467
5892.0,0.11403787854395467
5896.0,0.11403787854395467
5900.0,0.11403787854395467
5904.0,0.11403787854395467
5908.0,0.11403787854395467
5912.0,0.11403787854395467
5916.0,0.11403787854395467
5920.0,0.11403787854395467
5924.0,0.11403787854395467
5928.0,0.11403787854395467
5932.0,0.11403787854395467
5936.0,0.11403787854395467
5940.0,0.11403787854395467
5944.0,0.11403787854395467
5948.0,0.11403787854395467
5952.0,0.11403787854395467
5956.0,0.11403787854395467
5960.0,0.11403787854395467
5964.0,0.11403787854395467
5968.0,0.11403787854395467
5972.0,0.11403787854395467
5976.0,0.11403787854395467
5980.0,0.11233582065523892
5984.0,0.11403787854395467
5988.0,0.11403787854395467
5992.0,0.11403787854395467
5996.0,0.11403787854395467
6000.0,0.11403787854395467
6004.0,0.11403787854395467
6008.0,0.11403787854395467
6012.0,0.11403787854395467
6016.0,0.11403787854395467
6020.0,0.11233582065523892
6024.0,0.11403787854395467
6028.0,0.11403787854395467
6032.0,0.11403787854395467
6036.0,0.11403787854395467
6040.0,0.11403787854395467
6044.0,0.11403787854395467
6048.0,0.11403787854395467
6052.0,0.11403787854395467
6056.0,0.11403787854395467
6060.0,0.11403787854395467
6064.0,0.11233582065523892
6068.0,0.11403787854395467
6072.0,0.11403787854395467
6076.0,0.11403787854395467
6080.0,0.11403787854395467
6084.0,0.11403787854395467
6088.0,0.11403787854395467
6092.0,0.11403787854395467
6096.0,0.11403787854395467
6100.0,0.11403787854395467
6104.0,0.11403787854395467
6108.0,0.11403787854395467
6112.0,0.11403787854395467
6116.0,0.11403787854395467
6120.0,0.11403787854395467
6124.0,0.11403787854395467
6128.0,0.11233582065523892
6132.0,0.11403787854395467
6136.0,0.11233582065523892
6140.0,0.11403787854395467
6144.0,0.11403787854395467
6148.0,0.11403787854395467
6152.0,0.11403787854395467
6156.0,0.11403787854395467
6160.0,0.11403787854395467
6164.0,0.11403787854395467
6168.0,0.11403787854395467
6172.0,0.11403787854395467
6176.0,0.11403787854395467
6180.0,0.11403787854395467
6184.0,0.11403787854395467
6188.0,0.11403787854395467
6192.0,0.11403787854395467
6196.0,0.11403787854395467
6200.0,0.11403787854395467
6204.0,0.11403787854395467
6208.0,0.11403787854395467
6212.0,0.11403787854395467
6216.0,0.11403787854395467
6220.0,0.11403787854395467
6224.0,0.11403787854395467
6228.0,0.11403787854395467
6232.0,0.11403787854395467
6236.0,0.11233582065523892
6240.0,0.11403787854395467
6244.0,0.11403787854395467
6248.0,0.11403787854395467
6252.0,0.11403787854395467
6256.0,0.11403787854395467
6260.0,0.11403787854395467
6264.0,0.11403787854395467
6268.0,0.11403787854395467
6272.0,0.11403787854395467
6276.0,0.11403787854395467
6280.0,0.11403787854395467
6284.0,0.11403787854395467
6288.0,0.11403787854395467
6292.0,0.11403787854395467
6296.0,0.11403787854395467
6300.0,0.11403787854395467
6304.0,0.11403787854395467
6308.0,0.11403787854395467
6312.0,0.11403787854395467
6316.0,0.11403787854395467
6320.0,0.11403787854395467
6324.0,0.11403787854395467
6328.0,0.11403787854395467
6332.0,0.11403787854395467
6336.0,0.11403787854395467
6340.0,0.11403787854395467
6344.0,0.11403787854395467
6348.0,0.11403787854395467
6352.0,0.11233582065523892
6356.0,0.11233582065523892
6360.0,0.11403787854395467
6364.0,0.11403787854395467
6368.0,0.11403787854395467
6372.0,0.11403787854395467
6376.0,0.11403787854395467
6380.0,0.11403787854395467
6384.0,0.11403787854395467
6388.0,0.11233582065523892
6392.0,0.11403787854395467
6396.0,0.11233582065523892
6400.0,0.11403787854395467
6404.0,0.11403787854395467
6408.0,0.11403787854395467
6412.0,0.11403787854395467
6416.0,0.11403787854395467
6420.0,0.11403787854395467
6424.0,0.11403787854395467
6428.0,0.11403787854395467
6432.0,0.11403787854395467
6436.0,0.11233582065523892
6440.0,0.11403787854395467
6444.0,0.11403787854395467
6448.0,0.11403787854395467
6452.0,0.11403787854395467
6456.0,0.11403787854395467
6460.0,0.11403787854395467
6464.0,0.11403787854395467
6468.0,0.11403787854395467
6472.0,0.11403787854395467
6476.0,0.11403787854395467
6480.0,0.11403787854395467
6484.0,0.11403787854395467
6488.0,0.11403787854395467
6492.0,0.11403787854395467
6496.0,0.11403787854395467
6500.0,0.11403787854395467
6504.0,0.11403787854395467
6508.0,0.11403787854395467
6512.0,0.11403787854395467
6516.0,0.11403787854395467
6520.0,0.11403787854395467
6524.0,0.11403787854395467
6528.0,0.11403787854395467
6532.0,0.11403787854395467
6536.0,0.11233582065523892
6540.0,0.11403787854395467
6544.0,0.11403787854395467
6548.0,0.11403787854395467
6552.0,0.11403787854395467
6556.0,0.11403787854395467
6560.0,0.11403787854395467
6564.0,0.11403787854395467
6568.0,0.11403787854395467
6572.0,0.11233582065523892
6576.0,0.11403787854395467
6580.0,0.11403787854395467
6584.0,0.11403787854395467
6588.0,0.11403787854395467
6592.0,0.11403787854395467
6596.0,0.11403787854395467
6600.0,0.11403787854395467
6604.0,0.11403787854395467
6608.0,0.11403787854395467
6612.0,0.11233582065523892
6616.0,0.11403787854395467
6620.0,0.11233582065523892
6624.0,0.11403787854395467
6628.0,0.11403787854395467
6632.0,0.11403787854395467
6636.0,0.11403787854395467
6640.0,0.11403787854395467
6644.0,0.11403787854395467
6648.0,0.11403787854395467
6652.0,0.11233582065523892
6656.0,0.11403787854395467
6660.0,0.11403787854395467
6664.0,0.11403787854395467
6668.0,0.11403787854395467
6672.0,0.11403787854395467
6676.0,0.11403787854395467
6680.0,0.11403787854395467
6684.0,0.11403787854395467
6688.0,0.11233582065523892
6692.0,0.11403787854395467
6696.0,0.11403787854395467
6700.0,0.11233582065523892
6704.0,0.11403787854395467
6708.0,0.11403787854395467
6712.0,0.11403787854395467
6716.0,0.11403787854395467
6720.0,0.11403787854395467
6724.0,0.11403787854395467
6728.0,0.11233582065523892
6732.0,0.11403787854395467
6736.0,0.11233582065523892
6740.0,0.11403787854395467
6744.0,0.11403787854395467
6748.0,0.11403787854395467
6752.0,0.11403787854395467
6756.0,0.11403787854395467
6760.0,0.11403787854395467
6764.0,0.11403787854395467
6768.0,0.11403787854395467
6772.0,0.11403787854395467
6776.0,0.11403787854395467
6780.0,0.11403787854395467
6784.0,0.11403787854395467
6788.0,0.11403787854395467
6792.0,0.11403787854395467
6796.0,0.11403787854395467
6800.0,0.11403787854395467
6804.0,0.11403787854395467
6808.0,0.11403787854395467
6812.0,0.11403787854395467
6816.0,0.11403787854395467
6820.0,0.11403787854395467
6824.0,0.11403787854395467
6828.0,0.11403787854395467
6832.0,0.11403787854395467
6836.0,0.11233582065523892
6840.0,0.11403787854395467
6844.0,0.11403787854395467
6848.0,0.11403787854395467
6852.0,0.11403787854395467
6856.0,0.11403787854395467
6860.0,0.11403787854395467
6864.0,0.11403787854395467
6868.0,0.11233582065523892
6872.0,0.11233582065523892
6876.0,0.11233582065523892
6880.0,0.11403787854395467
6884.0,0.11403787854395467
6888.0,0.11403787854395467
6892.0,0.11403787854395467
6896.0,0.11403787854395467
6900.0,0.11403787854395467
6904.0,0.11403787854395467
6908.0,0.11403787854395467
6912.0,0.11233582065523892
6916.0,0.11403787854395467
6920.0,0.11403787854395467
6924.0,0.11403787854395467
6928.0,0.11403787854395467
6932.0,0.11403787854395467
6936.0,0.11403787854395467
6940.0,0.11403787854395467
6944.0,0.11403787854395467
6948.0,0.11403787854395467
6952.0,0.11403787854395467
6956.0,0.11403787854395467
6960.0,0.11403787854395467
6964.0,0.11403787854395467
6968.0,0.11233582065523892
6972.0,0.11403787854395467
6976.0,0.11403787854395467
6980.0,0.11403787854395467
6984.0,0.11403787854395467
6988.0,0.11403787854395467
6992.0,0.11403787854395467
6996.0,0.11403787854395467
7000.0,0.11403787854395467
7004.0,0.11403787854395467
7008.0,0.11403787854395467
7012.0,0.11403787854395467
7016.0,0.11403787854395467
7020.0,0.11403787854395467
7024.0,0.11403787854395467
7028.0,0.11403787854395467
7032.0,0.11403787854395467
7036.0,0.11403787854395467
7040.0,0.11403787854395467
7044.0,0.11403787854395467
7048.0,0.11233582065523892
7052.0,0.11233582065523892
7056.0,0.11403787854395467
7060.0,0.11403787854395467
7064.0,0.11403787854395467
7068.0,0.11403787854395467
7072.0,0.11403787854395467
7076.0,0.11403787854395467
7080.0,0.11403787854395467
7084.0,0.11403787854395467
7088.0,0.11233582065523892
7092.0,0.11233582065523892
7096.0,0.11233582065523892
7100.0,0.11403787854395467
7104.0,0.11403787854395467
7108.0,0.11403787854395467
7112.0,0.11403787854395467
7116.0,0.11403787854395467
7120.0,0.11403787854395467
7124.0,0.11403787854395467
7128.0,0.11403787854395467
7132.0,0.11403787854395467
7136.0,0.11403787854395467
7140.0,0.11403787854395467
7144.0,0.11403787854395467
7148.0,0.11403787854395467
7152.0,0.11403787854395467
7156.0,0.11403787854395467
7160.0,0.11403787854395467
7164.0,0.11403787854395467
7168.0,0.11403787854395467
7172.0,0.11403787854395467
7176.0,0.11403787854395467
7180.0,0.11403787854395467
7184.0,0.11403787854395467
7188.0,0.11403787854395467
7192.0,0.11403787854395467
7196.0,0.11403787854395467
7200.0,0.11403787854395467
7204.0,0.11403787854395467
7208.0,0.11403787854395467
7212.0,0.11403787854395467
7216.0,0.11403787854395467
7220.0,0.11233582065523892
7224.0,0.11403787854395467
7228.0,0.11403787854395467
7232.0,0.11403787854395467
7236.0,0.11403787854395467
7240.0,0.11403787854395467
7244.0,0.11403787854395467
7248.0,0.11403787854395467
7252.0,0.11403787854395467
7256.0,0.11403787854395467
7260.0,0.11403787854395467
7264.0,0.11403787854395467
7268.0,0.11403787854395467
7272.0,0.11403787854395467
7276.0,0.11403787854395467
7280.0,0.11233582065523892
7284.0,0.11403787854395467
7288.0,0.11403787854395467
7292.0,0.11403787854395467
7296.0,0.11403787854395467
7300.0,0.11403787854395467
7304.0,0.11403787854395467
7308.0,0.11233582065523892
7312.0,0.11233582065523892
7316.0,0.11403787854395467
7320.0,0.11403787854395467
7324.0,0.11403787854395467
7328.0,0.11403787854395467
7332.0,0.11403787854395467
7336.0,0.11233582065523892
7340.0,0.11403787854395467
7344.0,0.11403787854395467
7348.0,0.11403787854395467
7352.0,0.11233582065523892
7356.0,0.11233582065523892
7360.0,0.11233582065523892
7364.0,0.11403787854395467
7368.0,0.11403787854395467
7372.0,0.11233582065523892
7376.0,0.11403787854395467
7380.0,0.11403787854395467
7384.0,0.11403787854395467
7388.0,0.11403787854395467
7392.0,0.11403787854395467
7396.0,0.11403787854395467
7400.0,0.11403787854395467
7404.0,0.11403787854395467
7408.0,0.11403787854395467
7412.0,0.11403787854395467
7416.0,0.11403787854395467
7420.0,0.11403787854395467
7424.0,0.11403787854395467
7428.0,0.11403787854395467
7432.0,0.11403787854395467
7436.0,0.11403787854395467
7440.0,0.11403787854395467
7444.0,0.11403787854395467
7448.0,0.11403787854395467
7452.0,0.11403787854395467
7456.0,0.11403787854395467
7460.0,0.11403787854395467
7464.0,0.11403787854395467
7468.0,0.11403787854395467
7472.0,0.11403787854395467
7476.0,0.11403787854395467
7480.0,0.11403787854395467
7484.0,0.11403787854395467
7488.0,0.11233582065523892
7492.0,0.11403787854395467
7496.0,0.11403787854395467
7500.0,0.11403787854395467
7504.0,0.11403787854395467
7508.0,0.11403787854395467
7512.0,0.11403787854395467
7516.0,0.11403787854395467
7520.0,0.11403787854395467
7524.0,0.11403787854395467
7528.0,0.11233582065523892
7532.0,0.11403787854395467
7536.0,0.11233582065523892
7540.0,0.11403787854395467
7544.0,0.11403787854395467
7548.0,0.11403787854395467
7552.0,0.11403787854395467
7556.0,0.11403787854395467
7560.0,0.11403787854395467
7564.0,0.11403787854395467
7568.0,0.11233582065523892
7572.0,0.11233582065523892
7576.0,0.11233582065523892
7580.0,0.11403787854395467
7584.0,0.11403787854395467
7588.0,0.11233582065523892
7592.0,0.11403787854395467
7596.0,0.11403787854395467
7600.0,0.11403787854395467
7604.0,0.11403787854395467
7608.0,0.11403787854395467
7612.0,0.11233582065523892
7616.0,0.11403787854395467
7620.0,0.11403787854395467
7624.0,0.11403787854395467
7628.0,0.11403787854395467
7632.0,0.11403787854395467
7636.0,0.11233582065523892
7640.0,0.11403787854395467
7644.0,0.11403787854395467
7648.0,0.11403787854395467
7652.0,0.11403787854395467
7656.0,0.11403787854395467
7660.0,0.11403787854395467
7664.0,0.11403787854395467
7668.0,0.11403787854395467
7672.0,0.11403787854395467
7676.0,0.11403787854395467
7680.0,0.11403787854395467
7684.0,0.11403787854395467
7688.0,0.11403787854395467
7692.0,0.11403787854395467
7696.0,0.11403787854395467
7700.0,0.11403787854395467
7704.0,0.11403787854395467
7708.0,0.11403787854395467
7712.0,0.11403787854395467
7716.0,0.11403787854395467
7720.0,0.11403787854395467
7724.0,0.11403787854395467
7728.0,0.11403787854395467
7732.0,0.11403787854395467
7736.0,0.11233582065523892
7740.0,0.11403787854395467
7744.0,0.11403787854395467
7748.0,0.11403787854395467
7752.0,0.11233582065523892
7756.0,0.11233582065523892
7760.0,0.11403787854395467
7764.0,0.11403787854395467
7768.0,0.11403787854395467
7772.0,0.11403787854395467
7776.0,0.11233582065523892
7780.0,0.11403787854395467
7784.0,0.11403787854395467
7788.0,0.11403787854395467
7792.0,0.11403787854395467
7796.0,0.11233582065523892
7800.0,0.11403787854395467
7804.0,0.11233582065523892
7808.0,0.11403787854395467
7812.0,0.11233582065523892
7816.0,0.11403787854395467
7820.0,0.11403787854395467
7824.0,0.11403787854395467
7828.0,0.11403787854395467
7832.0,0.11233582065523892
7836.0,0.11403787854395467
7840.0,0.11403787854395467
7844.0,0.11403787854395467
7848.0,0.11403787854395467
7852.0,0.11403787854395467
7856.0,0.11233582065523892
7860.0,0.11403787854395467
7864.0,0.11233582065523892
7868.0,0.11403787854395467
7872.0,0.11233582065523892
7876.0,0.11403787854395467
7880.0,0.11403787854395467
7884.0,0.11403787854395467
7888.0,0.11403787854395467
7892.0,0.11403787854395467
7896.0,0.11233582065523892
7900.0,0.11403787854395467
7904.0,0.11233582065523892
7908.0,0.11403787854395467
7912.0,0.11233582065523892
7916.0,0.11403787854395467
7920.0,0.11403787854395467
7924.0,0.11403787854395467
7928.0,0.11403787854395467
7932.0,0.11403787854395467
7936.0,0.11403787854395467
7940.0,0.11403787854395467
7944.0,0.11403787854395467
7948.0,0.11403787854395467
7952.0,0.11403787854395467
7956.0,0.11403787854395467
7960.0,0.11403787854395467
7964.0,0.11403787854395467
7968.0,0.11403787854395467
7972.0,0.11403787854395467
7976.0,0.11403787854395467
7980.0,0.11403787854395467
7984.0,0.11403787854395467
7988.0,0.11403787854395467
7992.0,0.11403787854395467
7996.0,0.11233582065523892
8000.0,0.11403787854395467
8004.0,0.11403787854395467
8007.999999999999,0.11403787854395467
8012.0,0.11403787854395467
8016.0,0.11403787854395467
8020.0,0.11233582065523892
8023.999999999999,0.11403787854395467
8028.000000000001,0.11403787854395467
8032.0,0.11233582065523892
8036.0,0.11403787854395467
8039.999999999999,0.11403787854395467
8044.000000000001,0.11403787854395467
8048.0,0.11403787854395467
8052.0,0.11403787854395467
8055.999999999999,0.11403787854395467
8060.000000000001,0.11403787854395467
8064.0,0.11403787854395467
8068.0,0.11233582065523892
8071.999999999999,0.11233582065523892
8076.000000000001,0.11403787854395467
8080.0,0.11233582065523892
8084.0,0.11403787854395467
8087.999999999999,0.11403787854395467
8092.000000000001,0.11403787854395467
8096.0,0.11233582065523892
8100.0,0.11403787854395467
8103.999999999999,0.11233582065523892
8108.000000000001,0.11403787854395467
8112.0,0.11233582065523892
8116.0,0.11403787854395467
8119.999999999999,0.11403787854395467
8124.000000000001,0.11403787854395467
8128.0,0.11233582065523892
8132.0,0.11403787854395467
8135.999999999999,0.11403787854395467
8140.000000000001,0.11403787854395467
8144.0,0.11233582065523892
8148.0,0.11403787854395467
8151.999999999999,0.11233582065523892
8156.000000000001,0.11233582065523892
8160.0,0.11233582065523892
8164.0,0.11403787854395467
8167.999999999999,0.11403787854395467
8172.000000000001,0.11233582065523892
8176.0,0.11403787854395467
8180.0,0.11403787854395467
8183.999999999999,0.11403787854395467
8188.000000000001,0.11233582065523892
8192.0,0.11403787854395467
8196.0,0.11233582065523892
8200.0,0.11403787854395467
8204.0,0.11233582065523892
8208.0,0.11403787854395467
8212.0,0.11233582065523892
8216.0,0.11233582065523892
8220.0,0.11233582065523892
8224.0,0.11233582065523892
8228.0,0.11233582065523892
8232.0,0.11403787854395467
8236.0,0.11233582065523892
8240.0,0.11233582065523892
8244.0,0.11403787854395467
8248.0,0.11233582065523892
8252.0,0.11233582065523892
8256.0,0.11233582065523892
8260.0,0.11233582065523892
8264.0,0.11233582065523892
8268.0,0.11233582065523892
8272.0,0.11233582065523892
8276.0,0.11403787854395467
8280.0,0.11233582065523892
8284.0,0.11403787854395467
8288.0,0.11233582065523892
8292.0,0.11403787854395467
8296.0,0.11233582065523892
8300.0,0.11403787854395467
8304.0,0.11233582065523892
8308.0,0.11403787854395467
8312.0,0.11233582065523892
8316.0,0.11403787854395467
8320.0,0.11233582065523892
8324.0,0.11403787854395467
8328.0,0.11233582065523892
8332.0,0.11233582065523892
8336.0,0.11233582065523892
8340.0,0.11233582065523892
8344.0,0.11233582065523892
8348.0,0.11403787854395467
8352.0,0.11233582065523892
8356.0,0.11403787854395467
8360.0,0.11233582065523892
8364.0,0.11233582065523892
8368.0,0.11233582065523892
8372.0,0.11233582065523892
8376.0,0.11233582065523892
8380.0,0.11233582065523892
8384.0,0.11403787854395467
8388.0,0.11233582065523892
8392.0,0.11233582065523892
8396.0,0.11233582065523892
8400.0,0.11233582065523892
8404.0,0.11233582065523892
8408.0,0.11233582065523892
8412.0,0.11233582065523892
8416.0,0.11233582065523892
8420.0,0.11233582065523892
8424.0,0.11233582065523892
8428.0,0.11233582065523892
8432.0,0.11403787854395467
8436.0,0.11233582065523892
8440.0,0.11233582065523892
8444.0,0.11233582065523892
8448.0,0.11233582065523892
8452.0,0.11233582065523892
8456.0,0.11233582065523892
8460.0,0.11233582065523892
8464.0,0.11233582065523892
8468.0,0.11233582065523892
8472.0,0.11233582065523892
8476.0,0.11233582065523892
8480.0,0.11233582065523892
8484.0,0.11233582065523892
8488.0,0.11233582065523892
8492.0,0.11233582065523892
8496.0,0.11233582065523892
8500.0,0.11233582065523892
8504.0,0.11233582065523892
8508.0,0.11233582065523892
8512.0,0.11233582065523892
8516.0,0.11233582065523892
8520.0,0.11233582065523892
8524.0,0.11233582065523892
8528.0,0.11233582065523892
8532.0,0.11233582065523892
8536.0,0.11233582065523892
8540.0,0.11233582065523892
8544.0,0.11233582065523892
8548.0,0.11233582065523892
8552.0,0.11233582065523892
8556.0,0.11233582065523892
8560.0,0.11233582065523892
8564.0,0.11233582065523892
8568.0,0.11233582065523892
8572.0,0.11233582065523892
8576.0,0.11233582065523892
8580.0,0.11233582065523892
8584.0,0.11233582065523892
8588.0,0.11233582065523892
8592.0,0.11233582065523892
8596.0,0.11233582065523892
8600.0,0.11403787854395467
8604.0,0.11233582065523892
8608.0,0.11403787854395467
8612.0,0.11233582065523892
8616.0,0.11233582065523892
8620.0,0.11233582065523892
8624.0,0.11233582065523892
8628.0,0.11233582065523892
8632.0,0.11233582065523892
8636.0,0.11233582065523892
8640.0,0.11233582065523892
8644.0,0.11233582065523892
8648.0,0.11233582065523892
8652.0,0.11233582065523892
8656.0,0.11233582065523892
8660.0,0.11233582065523892
8664.0,0.11233582065523892
8668.0,0.11233582065523892
8672.0,0.11233582065523892
8676.0,0.11233582065523892
8680.0,0.11233582065523892
8684.0,0.11233582065523892
8688.0,0.11233582065523892
8692.0,0.11233582065523892
8696.0,0.11233582065523892
8700.0,0.11233582065523892
8704.0,0.11233582065523892
8708.0,0.11233582065523892
8712.0,0.11233582065523892
8716.0,0.11233582065523892
8720.0,0.11233582065523892
8724.0,0.11233582065523892
8728.0,0.11233582065523892
8732.0,0.11233582065523892
8736.0,0.11233582065523892
8740.0,0.11233582065523892
8744.0,0.11233582065523892
8748.0,0.11233582065523892
8752.0,0.11233582065523892
8756.0,0.11233582065523892
8760.0,0.11233582065523892
8764.0,0.11233582065523892
8768.0,0.11233582065523892
8772.0,0.11233582065523892
8776.0,0.11233582065523892
8780.0,0.11233582065523892
8784.0,0.11233582065523892
8788.0,0.11233582065523892
8792.0,0.11233582065523892
8796.0,0.11233582065523892
8800.0,0.11233582065523892
8804.0,0.11233582065523892
8808.0,0.11233582065523892
8812.0,0.11233582065523892
8816.0,0.11233582065523892
8820.0,0.11233582065523892
8824.0,0.11233582065523892
8828.0,0.11233582065523892
8832.0,0.11233582065523892
8836.0,0.11233582065523892
8840.0,0.11233582065523892
8844.0,0.11233582065523892
8848.0,0.11233582065523892
8852.0,0.11233582065523892
8856.0,0.11233582065523892
8860.0,0.11233582065523892
8864.0,0.11233582065523892
8868.0,0.11233582065523892
8872.0,0.11233582065523892
8876.0,0.11233582065523892
8880.0,0.11233582065523892
8884.0,0.11233582065523892
8888.0,0.11233582065523892
8892.0,0.11233582065523892
8896.0,0.11233582065523892
8900.0,0.11233582065523892
8904.0,0.11233582065523892
8908.0,0.11403787854395467
8912.0,0.11233582065523892
8916.0,0.11233582065523892
8920.0,0.11233582065523892
8924.0,0.11233582065523892
8928.0,0.11233582065523892
8932.0,0.11233582065523892
8936.0,0.11233582065523892
8940.0,0.11233582065523892
8944.0,0.11233582065523892
8948.0,0.11233582065523892
8952.0,0.11233582065523892
8956.0,0.11233582065523892
8960.0,0.11233582065523892
8964.0,0.11233582065523892
8968.0,0.11233582065523892
8972.0,0.11233582065523892
8976.0,0.11233582065523892
8980.0,0.11233582065523892
8984.0,0.11233582065523892
8988.0,0.11233582065523892
8992.0,0.11233582065523892
8996.0,0.11233582065523892
9000.0,0.11233582065523892
9004.0,0.11233582065523892
9008.0,0.11233582065523892
9012.0,0.11233582065523892
9016.0,0.11233582065523892
9020.0,0.11233582065523892
9024.0,0.11233582065523892
9028.0,0.11233582065523892
9032.0,0.11233582065523892
9036.0,0.11233582065523892
9040.0,0.11233582065523892
9044.0,0.11233582065523892
9048.0,0.11233582065523892
9052.0,0.11233582065523892
9056.0,0.11233582065523892
9060.0,0.11233582065523892
9064.0,0.11233582065523892
9068.0,0.11233582065523892
9072.0,0.11233582065523892
9076.0,0.11233582065523892
9080.0,0.11233582065523892
9084.0,0.11233582065523892
9088.0,0.11233582065523892
9092.0,0.11233582065523892
9096.0,0.11233582065523892
9100.0,0.11233582065523892
9104.0,0.11233582065523892
9108.0,0.11233582065523892
9112.0,0.11233582065523892
9116.0,0.11233582065523892
9120.0,0.11233582065523892
9124.0,0.11233582065523892
9128.0,0.11233582065523892
9132.0,0.11233582065523892
9136.0,0.11233582065523892
9140.0,0.11233582065523892
9144.0,0.11233582065523892
9148.0,0.11233582065523892
9152.0,0.11233582065523892
9156.0,0.11233582065523892
9160.0,0.11233582065523892
9164.0,0.11233582065523892
9168.0,0.11233582065523892
9172.0,0.11233582065523892
9176.0,0.11233582065523892
9180.0,0.11233582065523892
9184.0,0.11233582065523892
9188.0,0.11233582065523892
9192.0,0.11233582065523892
9196.0,0.11233582065523892
9200.0,0.11233582065523892
9204.0,0.11233582065523892
9208.0,0.11233582065523892
9212.0,0.11233582065523892
9216.0,0.11233582065523892
9220.0,0.11233582065523892
9224.0,0.11233582065523892
9228.0,0.11233582065523892
9232.0,0.11233582065523892
9236.0,0.11233582065523892
9240.0,0.11233582065523892
9244.0,0.11233582065523892
9248.0,0.11233582065523892
9252.0,0.11233582065523892
9256.0,0.11233582065523892
9260.0,0.11233582065523892
9264.0,0.11233582065523892
9268.0,0.11233582065523892
9272.0,0.11233582065523892
9276.0,0.11233582065523892
9280.0,0.11233582065523892
9284.0,0.11233582065523892
9288.0,0.11233582065523892
9292.0,0.11233582065523892
9296.0,0.11233582065523892
9300.0,0.11233582065523892
9304.0,0.11233582065523892
9308.0,0.11233582065523892
9312.0,0.11233582065523892
9316.0,0.11233582065523892
9320.0,0.11233582065523892
9324.0,0.11233582065523892
9328.0,0.11233582065523892
9332.0,0.11233582065523892
9336.0,0.11233582065523892
9340.0,0.11233582065523892
9344.0,0.11233582065523892
9348.0,0.11233582065523892
9352.0,0.11233582065523892
9356.0,0.11233582065523892
9360.0,0.11233582065523892
9364.0,0.11233582065523892
9368.0,0.11233582065523892
9372.0,0.11233582065523892
9376.0,0.11233582065523892
9380.0,0.11233582065523892
9384.0,0.11233582065523892
9388.0,0.11233582065523892
9392.0,0.11233582065523892
9396.0,0.11233582065523892
9400.0,0.11233582065523892
9404.0,0.11233582065523892
9408.0,0.11233582065523892
9412.0,0.11233582065523892
9416.0,0.11233582065523892
9420.0,0.11233582065523892
9424.0,0.11233582065523892
9428.0,0.11233582065523892
9432.0,0.11233582065523892
9436.0,0.11233582065523892
9440.0,0.11233582065523892
9444.0,0.11233582065523892
9448.0,0.11233582065523892
9452.0,0.11233582065523892
9456.0,0.11233582065523892
9460.0,0.11233582065523892
9464.0,0.11233582065523892
9468.0,0.11233582065523892
9472.0,0.11233582065523892
9476.0,0.11233582065523892
9480.0,0.11233582065523892
9484.0,0.11233582065523892
9488.0,0.11233582065523892
9492.0,0.11233582065523892
9496.0,0.11233582065523892
9500.0,0.11233582065523892
9504.0,0.11233582065523892
9508.0,0.11233582065523892
9512.0,0.11233582065523892
9516.0,0.11233582065523892
9520.0,0.11233582065523892
9524.0,0.11233582065523892
9528.0,0.11233582065523892
9532.0,0.11233582065523892
9536.0,0.11233582065523892
9540.0,0.11233582065523892
9544.0,0.11233582065523892
9548.0,0.11233582065523892
9552.0,0.11233582065523892
9556.0,0.11233582065523892
9560.0,0.11233582065523892
9564.0,0.11233582065523892
9568.0,0.11233582065523892
9572.0,0.11233582065523892
9576.0,0.11233582065523892
9580.0,0.11233582065523892
9584.0,0.11233582065523892
9588.0,0.11233582065523892
9592.0,0.11233582065523892
9596.0,0.11233582065523892
9600.0,0.11233582065523892
9604.0,0.11233582065523892
9608.0,0.11233582065523892
9612.0,0.11233582065523892
9616.0,0.11233582065523892
9620.0,0.11233582065523892
9624.0,0.11233582065523892
9628.0,0.11233582065523892
9632.0,0.11233582065523892
9636.0,0.11233582065523892
9640.0,0.11233582065523892
9644.0,0.11233582065523892
9648.0,0.11233582065523892
9652.0,0.11233582065523892
9656.0,0.11233582065523892
9660.0,0.11233582065523892
9664.0,0.11233582065523892
9668.0,0.11233582065523892
9672.0,0.11233582065523892
9676.0,0.11233582065523892
9680.0,0.11233582065523892
9684.0,0.11233582065523892
9688.0,0.11233582065523892
9692.0,0.11233582065523892
9696.0,0.11233582065523892
9700.0,0.11233582065523892
9704.0,0.11233582065523892
9708.0,0.11233582065523892
9712.0,0.11233582065523892
9716.0,0.11233582065523892
9720.0,0.11233582065523892
9724.0,0.11233582065523892
9728.0,0.11233582065523892
9732.0,0.11233582065523892
9736.0,0.11233582065523892
9740.0,0.11233582065523892
9744.0,0.11233582065523892
9748.0,0.11233582065523892
9752.0,0.11233582065523892
9756.0,0.11233582065523892
9760.0,0.11233582065523892
9764.0,0.11233582065523892
9768.0,0.11233582065523892
9772.0,0.11233582065523892
9776.0,0.11233582065523892
9780.0,0.11233582065523892
9784.0,0.11233582065523892
9788.0,0.11233582065523892
9792.0,0.11233582065523892
9796.0,0.11233582065523892
9800.0,0.11233582065523892
9804.0,0.11233582065523892
9808.0,0.11233582065523892
9812.0,0.11233582065523892
9816.0,0.11233582065523892
9820.0,0.11233582065523892
9824.0,0.11233582065523892
9828.0,0.11233582065523892
9832.0,0.11233582065523892
9836.0,0.11233582065523892
9840.0,0.11233582065523892
9844.0,0.11233582065523892
9848.0,0.11233582065523892
9852.0,0.11233582065523892
9856.0,0.11233582065523892
9860.0,0.11233582065523892
9864.0,0.11233582065523892
9868.0,0.11233582065523892
9872.0,0.11233582065523892
9876.0,0.11233582065523892
9880.0,0.11233582065523892
9884.0,0.11233582065523892
9888.0,0.11233582065523892
9892.0,0.11233582065523892
9896.0,0.11233582065523892
9900.0,0.11233582065523892
9904.0,0.11233582065523892
9908.0,0.11233582065523892
9912.0,0.11233582065523892
9916.0,0.11233582065523892
9920.0,0.11063376276652317
9924.0,0.11233582065523892
9928.0,0.11233582065523892
9932.0,0.11233582065523892
9936.0,0.11233582065523892
9940.0,0.11233582065523892
9944.0,0.11233582065523892
9948.0,0.11233582065523892
9952.0,0.11233582065523892
9956.0,0.11233582065523892
9960.0,0.11233582065523892
9964.0,0.11233582065523892
9968.0,0.11233582065523892
9972.0,0.11233582065523892
9976.0,0.11233582065523892
9980.0,0.11233582065523892
9984.0,0.11233582065523892
9988.0,0.11233582065523892
9992.0,0.11233582065523892
9996.0,0.11233582065523892
10000.0,0.11233582065523892
10004.0,0.11233582065523892
10008.0,0.11233582065523892
10012.0,0.11233582065523892
10016.0,0.11233582065523892
10020.0,0.11233582065523892
10024.0,0.11233582065523892
10028.0,0.11233582065523892
10032.0,0.11233582065523892
10036.0,0.11233582065523892
10040.0,0.11233582065523892
10044.0,0.11233582065523892
10048.0,0.11233582065523892
10052.0,0.11233582065523892
10056.0,0.11233582065523892
10060.0,0.11233582065523892
10064.0,0.11233582065523892
10068.0,0.11233582065523892
10072.0,0.11233582065523892
10076.0,0.11233582065523892
10080.0,0.11233582065523892
10084.0,0.11233582065523892
10088.0,0.11233582065523892
10092.0,0.11233582065523892
10096.0,0.11233582065523892
10100.0,0.11233582065523892
10104.0,0.11233582065523892
10108.0,0.11233582065523892
10112.0,0.11063376276652317
10116.0,0.11233582065523892
10120.0,0.11063376276652317
10124.0,0.11233582065523892
10128.0,0.11233582065523892
10132.0,0.11233582065523892
10136.0,0.11233582065523892
10140.0,0.11233582065523892
10144.0,0.11233582065523892
10148.0,0.11233582065523892
10152.0,0.11233582065523892
10156.0,0.11233582065523892
10160.0,0.11233582065523892
10164.0,0.11233582065523892
10168.0,0.11233582065523892
10172.0,0.11233582065523892
10176.0,0.11233582065523892
10180.0,0.11233582065523892
10184.0,0.11233582065523892
10188.0,0.11233582065523892
10192.0,0.11233582065523892
10196.0,0.11233582065523892
10200.0,0.11233582065523892
10204.0,0.11063376276652317
10208.0,0.11233582065523892
10212.0,0.11063376276652317
10216.0,0.11063376276652317
10220.0,0.11063376276652317
10224.0,0.11233582065523892
10228.0,0.11063376276652317
10232.0,0.11233582065523892
10236.0,0.11233582065523892
10240.0,0.11233582065523892
10244.0,0.11233582065523892
10248.0,0.11233582065523892
10252.0,0.11233582065523892
10256.0,0.11063376276652317
10260.0,0.11233582065523892
10264.0,0.11233582065523892
10268.0,0.11233582065523892
10272.0,0.11063376276652317
10276.0,0.11233582065523892
10280.0,0.11063376276652317
10284.0,0.11233582065523892
10288.0,0.11063376276652317
10292.0,0.11233582065523892
10296.0,0.11233582065523892
10300.0,0.11233582065523892
10304.0,0.11063376276652317
10308.0,0.11233582065523892
10312.0,0.11063376276652317
10316.0,0.11233582065523892
10320.0,0.11233582065523892
10324.0,0.11233582065523892
10328.0,0.11063376276652317
10332.0,0.11233582065523892
10336.0,0.11233582065523892
10340.0,0.11233582065523892
10344.0,0.11233582065523892
10348.0,0.11063376276652317
10352.0,0.11233582065523892
10356.0,0.11233582065523892
10360.0,0.11233582065523892
10364.0,0.11233582065523892
10368.0,0.11233582065523892
10372.0,0.11233582065523892
10376.0,0.11233582065523892
10380.0,0.11233582065523892
10384.0,0.11233582065523892
10388.0,0.11233582065523892
10392.0,0.11233582065523892
10396.0,0.11063376276652317
10400.0,0.11063376276652317
10404.0,0.11063376276652317
10408.0,0.11233582065523892
10412.0,0.11063376276652317
10416.0,0.11063376276652317
10420.0,0.11063376276652317
10424.0,0.11063376276652317
10428.0,0.11063376276652317
10432.0,0.11063376276652317
10436.0,0.11063376276652317
10440.0,0.11063376276652317
10444.0,0.11233582065523892
10448.0,0.11063376276652317
10452.0,0.11063376276652317
10456.0,0.11063376276652317
10460.0,0.11063376276652317
10464.0,0.11063376276652317
10468.0,0.11233582065523892
10472.0,0.11063376276652317
10476.0,0.11233582065523892
10480.0,0.11233582065523892
10484.0,0.11233582065523892
10488.0,0.11063376276652317
10492.0,0.11233582065523892
10496.0,0.11063376276652317
10500.0,0.11233582065523892
10504.0,0.11063376276652317
10508.0,0.11233582065523892
10512.0,0.11063376276652317
10516.0,0.11233582065523892
10520.0,0.11063376276652317
10524.0,0.11233582065523892
10528.0,0.11063376276652317
10532.0,0.11233582065523892
10536.0,0.11063376276652317
10540.0,0.11063376276652317
10544.0,0.11063376276652317
10548.0,0.11233582065523892
10552.0,0.11063376276652317
10556.0,0.11063376276652317
10560.0,0.11233582065523892
10564.0,0.11233582065523892
10568.0,0.11063376276652317
10572.0,0.11063376276652317
10576.0,0.11063376276652317
10580.0,0.11233582065523892
10584.0,0.11063376276652317
10588.0,0.11233582065523892
10592.0,0.11063376276652317
10596.0,0.11063376276652317
10600.0,0.11233582065523892
10604.0,0.11063376276652317
10608.0,0.11233582065523892
10612.0,0.11233582065523892
10616.0,0.11233582065523892
10620.0,0.11063376276652317
10624.0,0.11233582065523892
10628.0,0.11063376276652317
10632.0,0.11233582065523892
10636.0,0.11063376276652317
10640.0,0.11063376276652317
10644.0,0.11233582065523892
10648.0,0.11233582065523892
10652.0,0.11063376276652317
10656.0,0.11063376276652317
10660.0,0.11233582065523892
10664.0,0.11063376276652317
10668.0,0.11233582065523892
10672.0,0.11063376276652317
10676.0,0.11233582065523892
10680.0,0.11063376276652317
10684.0,0.11233582065523892
10688.0,0.11063376276652317
10692.0,0.11233582065523892
10696.0,0.11063376276652317
10700.0,0.11233582065523892
10704.0,0.11233582065523892
10708.0,0.11233582065523892
10712.0,0.11063376276652317
10716.0,0.11063376276652317
10720.0,0.11063376276652317
10724.0,0.11233582065523892
10728.0,0.11063376276652317
10732.0,0.11063376276652317
10736.0,0.11063376276652317
10740.0,0.11063376276652317
10744.0,0.11063376276652317
10748.0,0.11063376276652317
10752.0,0.11063376276652317
10756.0,0.11063376276652317
10760.0,0.11063376276652317
10764.0,0.11063376276652317
10768.0,0.11063376276652317
10772.0,0.11063376276652317
10776.0,0.11063376276652317
10780.0,0.11063376276652317
10784.0,0.11063376276652317
10788.0,0.11063376276652317
10792.0,0.11063376276652317
10796.0,0.11063376276652317
10800.0,0.11233582065523892
10804.0,0.11063376276652317
10808.0,0.11233582065523892
10812.0,0.11063376276652317
10816.0,0.11063376276652317
10820.0,0.11063376276652317
10824.0,0.11063376276652317
10828.0,0.11063376276652317
10832.0,0.11063376276652317
10836.0,0.11063376276652317
10840.0,0.11063376276652317
10844.0,0.11063376276652317
10848.0,0.11063376276652317
10852.0,0.11063376276652317
10856.0,0.11063376276652317
10860.0,0.11063376276652317
10864.0,0.11063376276652317
10868.0,0.11063376276652317
10872.0,0.11063376276652317
10876.0,0.11063376276652317
10880.0,0.11063376276652317
10884.0,0.11233582065523892
10888.0,0.11063376276652317
10892.0,0.11063376276652317
10896.0,0.11063376276652317
10900.0,0.11063376276652317
10904.0,0.11063376276652317
10908.0,0.11063376276652317
10912.0,0.11063376276652317
10916.0,0.11063376276652317
10920.0,0.11063376276652317
10924.0,0.11063376276652317
10928.0,0.11063376276652317
10932.0,0.11063376276652317
10936.0,0.11063376276652317
10940.0,0.11063376276652317
10944.0,0.11063376276652317
10948.0,0.11063376276652317
10952.0,0.11063376276652317
10956.0,0.11063376276652317
10960.0,0.11063376276652317
10964.0,0.11233582065523892
10968.0,0.11063376276652317
10972.0,0.11063376276652317
10976.0,0.11063376276652317
10980.0,0.11063376276652317
10984.0,0.11063376276652317
10988.0,0.11063376276652317
10992.0,0.11063376276652317
10996.0,0.11063376276652317
11000.0,0.11233582065523892
11004.0,0.11063376276652317
11008.0,0.11063376276652317
11012.0,0.11063376276652317
11016.0,0.11063376276652317
11020.0,0.11063376276652317
11024.0,0.11063376276652317
11028.0,0.11063376276652317
11032.0,0.11063376276652317
11036.0,0.11063376276652317
11040.0,0.11063376276652317
11044.0,0.11063376276652317
11048.0,0.11063376276652317
11052.0,0.11063376276652317
11056.0,0.11063376276652317
11060.0,0.11063376276652317
11064.0,0.11063376276652317
11068.0,0.11063376276652317
11072.0,0.11063376276652317
11076.0,0.11063376276652317
11080.0,0.11063376276652317
11084.0,0.11063376276652317
11088.0,0.11063376276652317
11092.0,0.11063376276652317
11096.0,0.11063376276652317
11100.0,0.11233582065523892
11104.0,0.11063376276652317
11108.0,0.11063376276652317
11112.0,0.11063376276652317
11116.0,0.11063376276652317
11120.0,0.11063376276652317
11124.0,0.11063376276652317
11128.0,0.11063376276652317
11132.0,0.11063376276652317
11136.0,0.11063376276652317
11140.0,0.11063376276652317
11144.0,0.11063376276652317
11148.0,0.11063376276652317
11152.0,0.11063376276652317
11156.0,0.11063376276652317
11160.0,0.11063376276652317
11164.0,0.11063376276652317
11168.0,0.11063376276652317
11172.0,0.11063376276652317
11176.0,0.11063376276652317
11180.0,0.11063376276652317
11184.0,0.11063376276652317
11188.0,0.11063376276652317
11192.0,0.11063376276652317
11196.0,0.11063376276652317
11200.0,0.11063376276652317
11204.0,0.11063376276652317
11208.0,0.11063376276652317
11212.0,0.11063376276652317
11216.0,0.11063376276652317
11220.0,0.11063376276652317
11224.0,0.11063376276652317
11228.0,0.11063376276652317
11232.0,0.11063376276652317
11236.0,0.11063376276652317
11240.0,0.11063376276652317
11244.0,0.11063376276652317
11248.0,0.11063376276652317
11252.0,0.11063376276652317
11256.0,0.11063376276652317
11260.0,0.11063376276652317
11264.0,0.11063376276652317
11268.0,0.11063376276652317
11272.0,0.11063376276652317
11276.0,0.11063376276652317
11280.0,0.11063376276652317
11284.0,0.11063376276652317
11288.0,0.11063376276652317
11292.0,0.11063376276652317
11296.0,0.11063376276652317
11300.0,0.11063376276652317
11304.0,0.11063376276652317
11308.0,0.11063376276652317
11312.0,0.11063376276652317
11316.0,0.11063376276652317
11320.0,0.11063376276652317
11324.0,0.11063376276652317
11328.0,0.11063376276652317
11332.0,0.11063376276652317
11336.0,0.11063376276652317
11340.0,0.11063376276652317
11344.0,0.11063376276652317
11348.0,0.11063376276652317
11352.0,0.11063376276652317
11356.0,0.11063376276652317
11360.0,0.11063376276652317
11364.0,0.11063376276652317
11368.0,0.11063376276652317
11372.0,0.11063376276652317
11376.0,0.11063376276652317
11380.0,0.11063376276652317
11384.0,0.11063376276652317
11388.0,0.11063376276652317
11392.0,0.11063376276652317
11396.0,0.11063376276652317
11400.0,0.11063376276652317
11404.0,0.11063376276652317
11408.0,0.11063376276652317
11412.0,0.11063376276652317
11416.0,0.11063376276652317
11420.0,0.11063376276652317
11424.0,0.11063376276652317
11428.0,0.11063376276652317
11432.0,0.11063376276652317
11436.0,0.11063376276652317
11440.0,0.11063376276652317
11444.0,0.11063376276652317
11448.0,0.11063376276652317
11452.0,0.11063376276652317
11456.0,0.11063376276652317
11460.0,0.11063376276652317
11464.0,0.11063376276652317
11468.0,0.11063376276652317
11472.0,0.11063376276652317
11476.0,0.11063376276652317
11480.0,0.11063376276652317
11484.0,0.11063376276652317
11488.0,0.11063376276652317
11492.0,0.11063376276652317
11496.0,0.11063376276652317
11500.0,0.11063376276652317
11504.0,0.11063376276652317
11508.0,0.11063376276652317
11512.0,0.11063376276652317
11516.0,0.11063376276652317
11520.0,0.11063376276652317
11524.0,0.11063376276652317
11528.0,0.11063376276652317
11532.0,0.11063376276652317
11536.0,0.11063376276652317
11540.0,0.11063376276652317
11544.0,0.11063376276652317
11548.0,0.11063376276652317
11552.0,0.11063376276652317
11556.0,0.11063376276652317
11560.0,0.11063376276652317
11564.0,0.11063376276652317
11568.0,0.11063376276652317
11572.0,0.11063376276652317
11576.0,0.11063376276652317
11580.0,0.11063376276652317
11584.0,0.11063376276652317
11588.0,0.11063376276652317
11592.0,0.11063376276652317
11596.0,0.11063376276652317
11600.0,0.11063376276652317
11604.0,0.11063376276652317
11608.0,0.11063376276652317
11612.0,0.11063376276652317
11616.0,0.11063376276652317
11620.0,0.11063376276652317
11624.0,0.11063376276652317
11628.0,0.11063376276652317
11632.0,0.11063376276652317
11636.0,0.11063376276652317
11640.0,0.11063376276652317
11644.0,0.11063376276652317
11648.0,0.11063376276652317
11652.0,0.11063376276652317
11656.0,0.11063376276652317
11660.0,0.11063376276652317
11664.0,0.11063376276652317
11668.0,0.11063376276652317
11672.0,0.11063376276652317
11676.0,0.11063376276652317
11680.0,0.11063376276652317
11684.0,0.11063376276652317
11688.0,0.11063376276652317
11692.0,0.11063376276652317
11696.0,0.11063376276652317
11700.0,0.11063376276652317
11704.0,0.11063376276652317
11708.0,0.11063376276652317
11712.0,0.11063376276652317
11716.0,0.11063376276652317
11720.0,0.11063376276652317
11724.0,0.11063376276652317
11728.0,0.11063376276652317
11732.0,0.11063376276652317
11736.0,0.11063376276652317
11740.0,0.11063376276652317
11744.0,0.11063376276652317
11748.0,0.11063376276652317
11752.0,0.11063376276652317
11756.0,0.11063376276652317
11760.0,0.11063376276652317
11764.0,0.11063376276652317
11768.0,0.11063376276652317
11772.0,0.11063376276652317
11776.0,0.11063376276652317
11780.0,0.11063376276652317
11784.0,0.11063376276652317
11788.0,0.11063376276652317
11792.0,0.11063376276652317
11796.0,0.11063376276652317
11800.0,0.11063376276652317
11804.0,0.11063376276652317
11808.0,0.11063376276652317
11812.0,0.11063376276652317
11816.0,0.11063376276652317
11820.0,0.11063376276652317
11824.0,0.11063376276652317
11828.0,0.11063376276652317
11832.0,0.11063376276652317
11836.0,0.11063376276652317
11840.0,0.11063376276652317
11844.0,0.11063376276652317
11848.0,0.11063376276652317
11852.0,0.11063376276652317
11856.0,0.11063376276652317
11860.0,0.11063376276652317
11864.0,0.11063376276652317
11868.0,0.11063376276652317
11872.0,0.11063376276652317
11876.0,0.11063376276652317
11880.0,0.11063376276652317
11884.0,0.11063376276652317
11888.0,0.11063376276652317
11892.0,0.11063376276652317
11896.0,0.11063376276652317
11900.0,0.11063376276652317
11904.0,0.11063376276652317
11908.0,0.11063376276652317
11912.0,0.11063376276652317
11916.0,0.11063376276652317
11920.0,0.11063376276652317
11924.0,0.11063376276652317
11928.0,0.11063376276652317
11932.0,0.11063376276652317
11936.0,0.11063376276652317
11940.0,0.11063376276652317
11944.0,0.11063376276652317
11948.0,0.11063376276652317
11952.0,0.11063376276652317
11956.0,0.11063376276652317
11960.0,0.11063376276652317
11964.0,0.11063376276652317
11968.0,0.11063376276652317
11972.0,0.11063376276652317
11976.0,0.11063376276652317
11980.0,0.11063376276652317
11984.0,0.11063376276652317
11988.0,0.11063376276652317
11992.0,0.11063376276652317
11996.0,0.11063376276652317
12000.0,0.11063376276652317
12004.0,0.11063376276652317
12008.0,0.11063376276652317
12012.0,0.11063376276652317
12016.0,0.11063376276652317
12020.0,0.11063376276652317
12024.0,0.11063376276652317
12028.0,0.11063376276652317
12032.0,0.11063376276652317
12036.0,0.11063376276652317
12040.0,0.11063376276652317
12044.0,0.11063376276652317
12048.0,0.11063376276652317
12052.0,0.11063376276652317
12056.0,0.11063376276652317
12060.0,0.11063376276652317
12064.0,0.11063376276652317
12068.0,0.11063376276652317
12072.0,0.11063376276652317
12076.0,0.11063376276652317
12080.0,0.11063376276652317
12084.0,0.11063376276652317
12088.0,0.11063376276652317
12092.0,0.11063376276652317
12096.0,0.11063376276652317
12100.0,0.11063376276652317
12104.0,0.11063376276652317
12108.0,0.11063376276652317
12112.0,0.11063376276652317
12116.0,0.11063376276652317
12120.0,0.11063376276652317
12124.0,0.11063376276652317
12128.0,0.11063376276652317
12132.0,0.11063376276652317
12136.0,0.10893170487780744
12140.0,0.11063376276652317
12144.0,0.11063376276652317
12148.0,0.11063376276652317
12152.0,0.11063376276652317
12156.0,0.11063376276652317
12160.0,0.11063376276652317
12164.0,0.11063376276652317
12168.0,0.11063376276652317
12172.0,0.11063376276652317
12176.0,0.11063376276652317
12180.0,0.11063376276652317
12184.0,0.11063376276652317
12188.0,0.11063376276652317
12192.0,0.11063376276652317
12196.0,0.11063376276652317
12200.0,0.11063376276652317
12204.0,0.11063376276652317
12208.0,0.11063376276652317
12212.0,0.11063376276652317
12216.0,0.11063376276652317
12220.0,0.11063376276652317
12224.0,0.11063376276652317
12228.0,0.11063376276652317
12232.0,0.11063376276652317
12236.0,0.11063376276652317
12240.0,0.11063376276652317
12244.0,0.11063376276652317
12248.0,0.11063376276652317
12252.0,0.11063376276652317
12256.0,0.11063376276652317
12260.0,0.11063376276652317
12264.0,0.11063376276652317
12268.0,0.11063376276652317
12272.0,0.11063376276652317
12276.0,0.11063376276652317
12280.0,0.11063376276652317
12284.0,0.11063376276652317
12288.0,0.10893170487780744
12292.0,0.11063376276652317
12296.0,0.10893170487780744
12300.0,0.11063376276652317
12304.0,0.11063376276652317
12308.0,0.11063376276652317
12312.0,0.11063376276652317
12316.0,0.11063376276652317
12320.0,0.11063376276652317
12324.0,0.11063376276652317
12328.0,0.11063376276652317
12332.0,0.11063376276652317
12336.0,0.10893170487780744
12340.0,0.11063376276652317
12344.0,0.11063376276652317
12348.0,0.11063376276652317
12352.0,0.11063376276652317
12356.0,0.11063376276652317
12360.0,0.11063376276652317
12364.0,0.11063376276652317
12368.0,0.11063376276652317
12372.0,0.11063376276652317
12376.0,0.11063376276652317
12380.0,0.11063376276652317
12384.0,0.11063376276652317
12388.0,0.11063376276652317
12392.0,0.11063376276652317
12396.0,0.11063376276652317
12400.0,0.11063376276652317
12404.0,0.10893170487780744
12408.0,0.11063376276652317
12412.0,0.10893170487780744
12416.0,0.11063376276652317
12420.0,0.10893170487780744
12424.0,0.11063376276652317
12428.0,0.11063376276652317
12432.0,0.10893170487780744
12436.0,0.11063376276652317
12440.0,0.10893170487780744
12444.0,0.11063376276652317
12448.0,0.11063376276652317
12452.0,0.11063376276652317
12456.0,0.11063376276652317
12460.0,0.11063376276652317
12464.0,0.11063376276652317
12468.0,0.11063376276652317
12472.0,0.11063376276652317
12476.0,0.11063376276652317
12480.0,0.11063376276652317
12484.0,0.11063376276652317
12488.0,0.11063376276652317
12492.0,0.11063376276652317
12496.0,0.11063376276652317
12500.0,0.11063376276652317
12504.0,0.10893170487780744
12508.0,0.11063376276652317
12512.0,0.10893170487780744
12516.0,0.11063376276652317
12520.0,0.10893170487780744
12524.0,0.11063376276652317
12528.0,0.11063376276652317
12532.0,0.11063376276652317
12536.0,0.11063376276652317
12540.0,0.10893170487780744
12544.0,0.10893170487780744
12548.0,0.11063376276652317
12552.0,0.11063376276652317
12556.0,0.10893170487780744
12560.0,0.11063376276652317
12564.0,0.11063376276652317
12568.0,0.11063376276652317
12572.0,0.11063376276652317
12576.0,0.11063376276652317
12580.0,0.11063376276652317
12584.0,0.11063376276652317
12588.0,0.11063376276652317
12592.0,0.11063376276652317
12596.0,0.10893170487780744
12600.0,0.11063376276652317
12604.0,0.11063376276652317
12608.0,0.11063376276652317
12612.0,0.11063376276652317
12616.0,0.10893170487780744
12620.0,0.11063376276652317
12624.0,0.10893170487780744
12628.0,0.11063376276652317
12632.0,0.11063376276652317
12636.0,0.11063376276652317
12640.0,0.11063376276652317
12644.0,0.11063376276652317
12648.0,0.10893170487780744
12652.0,0.10893170487780744
12656.0,0.10893170487780744
12660.0,0.10893170487780744
12664.0,0.11063376276652317
12668.0,0.11063376276652317
12672.0,0.11063376276652317
12676.0,0.11063376276652317
12680.0,0.11063376276652317
12684.0,0.11063376276652317
12688.0,0.10893170487780744
12692.0,0.11063376276652317
12696.0,0.10893170487780744
12700.0,0.11063376276652317
12704.0,0.10893170487780744
12708.0,0.11063376276652317
12712.0,0.10893170487780744
12716.0,0.10893170487780744
12720.0,0.10893170487780744
12724.0,0.10893170487780744
12728.0,0.10893170487780744
12732.0,0.11063376276652317
12736.0,0.10893170487780744
12740.0,0.11063376276652317
12744.0,0.11063376276652317
12748.0,0.10893170487780744
12752.0,0.11063376276652317
12756.0,0.11063376276652317
12760.0,0.10893170487780744
12764.0,0.10893170487780744
12768.0,0.11063376276652317
12772.0,0.11063376276652317
12776.0,0.10893170487780744
12780.0,0.11063376276652317
12784.0,0.10893170487780744
12788.0,0.10893170487780744
12792.0,0.11063376276652317
12796.0,0.10893170487780744
12800.0,0.11063376276652317
12804.0,0.10893170487780744
12808.0,0.10893170487780744
12812.0,0.10893170487780744
12816.0,0.10893170487780744
12820.0,0.10893170487780744
12824.0,0.10893170487780744
12828.0,0.10893170487780744
12832.0,0.10893170487780744
12836.0,0.10893170487780744
12840.0,0.10893170487780744
12844.0,0.11063376276652317
12848.0,0.10893170487780744
12852.0,0.11063376276652317
12856.0,0.10893170487780744
12860.0,0.10893170487780744
12864.0,0.10893170487780744
12868.0,0.10893170487780744
12872.0,0.10893170487780744
12876.0,0.11063376276652317
12880.0,0.10893170487780744
12884.0,0.11063376276652317
12888.0,0.11063376276652317
12892.0,0.11063376276652317
12896.0,0.10893170487780744
12900.0,0.11063376276652317
12904.0,0.10893170487780744
12908.0,0.10893170487780744
12912.0,0.10893170487780744
12916.0,0.10893170487780744
12920.0,0.10893170487780744
12924.0,0.10893170487780744
12928.0,0.10893170487780744
12932.0,0.10893170487780744
12936.0,0.10893170487780744
12940.0,0.10893170487780744
12944.0,0.10893170487780744
12948.0,0.10893170487780744
12952.0,0.10893170487780744
12956.0,0.11063376276652317
12960.0,0.10893170487780744
12964.0,0.10893170487780744
12968.0,0.10893170487780744
12972.0,0.10893170487780744
12976.0,0.11063376276652317
12980.0,0.10893170487780744
12984.0,0.11063376276652317
12988.0,0.10893170487780744
12992.0,0.10893170487780744
12996.0,0.10893170487780744
13000.0,0.10893170487780744
13004.0,0.10893170487780744
13008.0,0.10893170487780744
13012.0,0.10893170487780744
13016.0,0.10893170487780744
13020.0,0.10893170487780744
13024.0,0.10893170487780744
13028.0,0.10893170487780744
13032.0,0.10893170487780744
13036.0,0.10893170487780744
13040.0,0.10893170487780744
13044.0,0.10893170487780744
13048.0,0.10893170487780744
13052.0,0.10893170487780744
13056.0,0.10893170487780744
13060.0,0.10893170487780744
13064.0,0.10893170487780744
13068.0,0.10893170487780744
13072.0,0.10893170487780744
13076.0,0.10893170487780744
13080.0,0.10893170487780744
13084.0,0.10893170487780744
13088.0,0.10893170487780744
13092.0,0.10893170487780744
13096.0,0.10893170487780744
13100.0,0.11063376276652317
13104.0,0.10893170487780744
13108.0,0.10893170487780744
13112.0,0.10893170487780744
13116.0,0.10893170487780744
13120.0,0.10893170487780744
13124.0,0.10893170487780744
13128.0,0.10893170487780744
13132.0,0.10893170487780744
13136.0,0.10893170487780744
13140.0,0.10893170487780744
13144.0,0.10893170487780744
13148.0,0.10893170487780744
13152.0,0.10893170487780744
13156.0,0.10893170487780744
13160.0,0.10893170487780744
13164.0,0.10893170487780744
13168.0,0.10893170487780744
13172.0,0.10893170487780744
13176.0,0.10893170487780744
13180.0,0.10893170487780744
13184.0,0.10893170487780744
13188.0,0.10893170487780744
13192.0,0.10893170487780744
13196.0,0.10893170487780744
13200.0,0.10893170487780744
13204.0,0.10893170487780744
13208.0,0.10893170487780744
13212.0,0.10893170487780744
13216.0,0.10893170487780744
13220.0,0.10893170487780744
13224.0,0.10893170487780744
13228.0,0.10893170487780744
13232.0,0.10893170487780744
13236.0,0.10893170487780744
13240.0,0.10893170487780744
13244.0,0.10893170487780744
13248.0,0.10893170487780744
13252.0,0.10893170487780744
13256.0,0.10893170487780744
13260.0,0.10893170487780744
13264.0,0.10893170487780744
13268.0,0.10893170487780744
13272.0,0.10893170487780744
13276.0,0.10893170487780744
13280.0,0.10893170487780744
13284.0,0.10893170487780744
13288.0,0.10893170487780744
13292.0,0.10893170487780744
13296.0,0.10893170487780744
13300.0,0.10893170487780744
13304.0,0.10893170487780744
13308.0,0.10893170487780744
13312.0,0.10893170487780744
13316.0,0.10893170487780744
13320.0,0.10893170487780744
13324.0,0.10893170487780744
13328.0,0.10893170487780744
13332.0,0.10893170487780744
13336.0,0.10893170487780744
13340.0,0.10893170487780744
13344.0,0.10893170487780744
13348.0,0.10893170487780744
13352.0,0.10893170487780744
13356.0,0.10893170487780744
13360.0,0.10893170487780744
13364.0,0.10893170487780744
13368.0,0.10893170487780744
13372.0,0.10893170487780744
13376.0,0.10893170487780744
13380.0,0.10893170487780744
13384.0,0.10893170487780744
13388.0,0.10893170487780744
13392.0,0.10893170487780744
13396.0,0.10893170487780744
13400.0,0.10893170487780744
13404.0,0.10893170487780744
13408.0,0.10893170487780744
13412.0,0.10893170487780744
13416.0,0.10893170487780744
13420.0,0.10893170487780744
13424.0,0.10893170487780744
13428.0,0.10893170487780744
13432.0,0.10893170487780744
13436.0,0.10893170487780744
13440.0,0.10893170487780744
13444.0,0.10893170487780744
13448.0,0.10893170487780744
13452.0,0.10893170487780744
13456.0,0.10893170487780744
13460.0,0.10893170487780744
13464.0,0.10893170487780744
13468.0,0.10893170487780744
13472.0,0.10893170487780744
13476.0,0.10893170487780744
13480.0,0.10893170487780744
13484.0,0.10893170487780744
13488.0,0.10893170487780744
13492.0,0.10893170487780744
13496.0,0.10893170487780744
13500.0,0.10893170487780744
13504.0,0.10893170487780744
13508.0,0.10893170487780744
13512.0,0.10893170487780744
13516.0,0.10893170487780744
13520.0,0.10893170487780744
13524.0,0.10893170487780744
13528.0,0.10893170487780744
13532.0,0.10893170487780744
13536.0,0.10893170487780744
13540.0,0.10893170487780744
13544.0,0.10893170487780744
13548.0,0.10893170487780744
13552.0,0.10893170487780744
13556.0,0.10893170487780744
13560.0,0.10893170487780744
13564.0,0.10893170487780744
13568.0,0.10893170487780744
13572.0,0.10893170487780744
13576.0,0.10893170487780744
13580.0,0.10893170487780744
13584.0,0.10893170487780744
13588.0,0.10893170487780744
13592.0,0.10893170487780744
13596.0,0.10893170487780744
13600.0,0.10893170487780744
13604.0,0.10893170487780744
13608.0,0.10893170487780744
13612.0,0.10893170487780744
13616.0,0.10893170487780744
13620.0,0.10893170487780744
13624.0,0.10893170487780744
13628.0,0.10893170487780744
13632.0,0.10893170487780744
13636.0,0.10893170487780744
13640.0,0.10893170487780744
13644.0,0.10893170487780744
13648.0,0.10893170487780744
13652.0,0.10893170487780744
13656.0,0.10893170487780744
13660.0,0.10893170487780744
13664.0,0.10893170487780744
13668.0,0.10893170487780744
13672.0,0.10893170487780744
13676.0,0.10893170487780744
13680.0,0.10893170487780744
13684.0,0.10893170487780744
13688.0,0.10893170487780744
13692.0,0.10893170487780744
13696.0,0.10893170487780744
13700.0,0.10893170487780744
13704.0,0.10893170487780744
13708.0,0.10893170487780744
13712.0,0.10893170487780744
13716.0,0.10893170487780744
13720.0,0.10893170487780744
13724.0,0.10893170487780744
13728.0,0.10893170487780744
13732.0,0.10893170487780744
13736.0,0.10893170487780744
13740.0,0.10893170487780744
13744.0,0.10893170487780744
13748.0,0.10893170487780744
13752.0,0.10893170487780744
13756.0,0.10893170487780744
13760.0,0.10893170487780744
13764.0,0.10893170487780744
13768.0,0.10893170487780744
13772.0,0.10893170487780744
13776.0,0.10893170487780744
13780.0,0.10893170487780744
13784.0,0.10893170487780744
13788.0,0.10893170487780744
13792.0,0.10893170487780744
13796.0,0.10893170487780744
13800.0,0.10893170487780744
13804.0,0.10893170487780744
13808.0,0.10893170487780744
13812.0,0.10893170487780744
13816.0,0.10893170487780744
13820.0,0.10893170487780744
13824.0,0.10893170487780744
13828.0,0.10893170487780744
13832.0,0.10893170487780744
13836.0,0.10893170487780744
13840.0,0.10893170487780744
13844.0,0.10893170487780744
13848.0,0.10893170487780744
13852.0,0.10893170487780744
13856.0,0.10893170487780744
13860.0,0.10893170487780744
13864.0,0.10893170487780744
13868.0,0.10893170487780744
13872.0,0.10893170487780744
13876.0,0.10893170487780744
13880.0,0.10893170487780744
13884.0,0.10893170487780744
13888.0,0.10893170487780744
13892.0,0.10893170487780744
13896.0,0.10893170487780744
13900.0,0.10893170487780744
13904.0,0.10893170487780744
13908.0,0.10893170487780744
13912.0,0.10893170487780744
13916.0,0.10893170487780744
13920.0,0.10893170487780744
13924.0,0.10893170487780744
13928.0,0.10893170487780744
13932.0,0.10893170487780744
13936.0,0.10893170487780744
13940.0,0.10893170487780744
13944.0,0.10893170487780744
13948.0,0.10893170487780744
13952.0,0.10893170487780744
13956.0,0.10893170487780744
13960.0,0.10893170487780744
13964.0,0.10893170487780744
13968.0,0.10893170487780744
13972.0,0.10893170487780744
13976.0,0.10893170487780744
13980.0,0.10893170487780744
13984.0,0.10893170487780744
13988.0,0.10893170487780744
13992.0,0.10893170487780744
13996.0,0.10893170487780744
14000.0,0.10893170487780744
14004.0,0.10893170487780744
14008.0,0.10893170487780744
14012.0,0.10893170487780744
14016.0,0.10893170487780744
14020.0,0.10893170487780744
14024.0,0.10893170487780744
14028.0,0.10893170487780744
14032.0,0.10893170487780744
14036.0,0.10893170487780744
14040.0,0.10893170487780744
14044.0,0.10893170487780744
14048.0,0.10893170487780744
14052.0,0.10893170487780744
14056.0,0.10893170487780744
14060.0,0.10893170487780744
14064.0,0.10893170487780744
14068.0,0.10893170487780744
14072.0,0.10893170487780744
14076.0,0.10893170487780744
14080.0,0.10893170487780744
14084.0,0.10893170487780744
14088.0,0.10893170487780744
14092.0,0.10893170487780744
14096.0,0.10893170487780744
14100.0,0.10893170487780744
14104.0,0.10893170487780744
14108.0,0.10893170487780744
14112.0,0.10893170487780744
14116.0,0.10893170487780744
14120.0,0.10893170487780744
14124.0,0.10893170487780744
14128.0,0.10893170487780744
14132.0,0.10893170487780744
14136.0,0.10893170487780744
14140.0,0.10893170487780744
14144.0,0.10893170487780744
14148.0,0.10893170487780744
14152.0,0.10893170487780744
14156.0,0.10893170487780744
14160.0,0.10893170487780744
14164.0,0.10893170487780744
14168.0,0.10893170487780744
14172.0,0.10893170487780744
14176.0,0.10893170487780744
14180.0,0.10893170487780744
14184.0,0.10893170487780744
14188.0,0.10893170487780744
14192.0,0.10893170487780744
14196.0,0.10893170487780744
14200.0,0.10893170487780744
14204.0,0.10893170487780744
14208.0,0.10893170487780744
14212.0,0.10893170487780744
14216.0,0.10893170487780744
14220.0,0.10893170487780744
14224.0,0.10893170487780744
14228.0,0.10893170487780744
14232.0,0.10893170487780744
14236.0,0.10893170487780744
14240.0,0.10893170487780744
14244.0,0.10893170487780744
14248.0,0.10893170487780744
14252.0,0.10893170487780744
14256.0,0.10893170487780744
14260.0,0.10893170487780744
14264.0,0.10893170487780744
14268.0,0.10893170487780744
14272.0,0.10893170487780744
14276.0,0.10893170487780744
14280.0,0.10893170487780744
14284.0,0.10893170487780744
14288.0,0.10893170487780744
14292.0,0.10893170487780744
14296.0,0.10893170487780744
14300.0,0.10893170487780744
14304.0,0.10893170487780744
14308.0,0.10893170487780744
14312.0,0.10893170487780744
14316.0,0.10893170487780744
14320.0,0.10893170487780744
14324.0,0.10893170487780744
14328.0,0.10893170487780744
14332.0,0.10893170487780744
14336.0,0.10893170487780744
14340.0,0.10893170487780744
14344.0,0.10893170487780744
14348.0,0.10893170487780744
14352.0,0.10893170487780744
14356.0,0.10893170487780744
14360.0,0.10893170487780744
14364.0,0.10893170487780744
14368.0,0.10893170487780744
14372.0,0.10893170487780744
14376.0,0.10893170487780744
14380.0,0.10893170487780744
14384.0,0.10893170487780744
14388.0,0.10893170487780744
14392.0,0.10893170487780744
14396.0,0.10893170487780744
14400.0,0.10893170487780744
14404.0,0.10893170487780744
14408.0,0.10893170487780744
14412.0,0.10893170487780744
14416.0,0.10893170487780744
14420.0,0.10893170487780744
14424.0,0.10893170487780744
14428.0,0.10893170487780744
14432.0,0.10893170487780744
14436.0,0.10893170487780744
14440.0,0.10893170487780744
14444.0,0.10893170487780744
14448.0,0.10893170487780744
14452.0,0.10893170487780744
14456.0,0.10893170487780744
14460.0,0.10893170487780744
14464.0,0.10893170487780744
14468.0,0.10893170487780744
14472.0,0.10893170487780744
14476.0,0.10893170487780744
14480.0,0.10893170487780744
14484.0,0.10893170487780744
14488.0,0.10893170487780744
14492.0,0.10893170487780744
14496.0,0.10893170487780744
14500.0,0.10893170487780744
14504.0,0.10893170487780744
14508.0,0.10893170487780744
14512.0,0.10893170487780744
14516.0,0.10893170487780744
14520.0,0.10893170487780744
14524.0,0.10893170487780744
14528.0,0.10893170487780744
14532.0,0.10893170487780744
14536.0,0.10893170487780744
14540.0,0.10893170487780744
14544.0,0.10893170487780744
14548.0,0.10893170487780744
14552.0,0.10893170487780744
14556.0,0.10893170487780744
14560.0,0.10893170487780744
14564.0,0.10893170487780744
14568.0,0.10893170487780744
14572.0,0.10893170487780744
14576.0,0.10893170487780744
14580.0,0.10893170487780744
14584.0,0.10893170487780744
14588.0,0.10893170487780744
14592.0,0.10893170487780744
14596.0,0.10893170487780744
14600.0,0.10893170487780744
14604.0,0.10893170487780744
14608.0,0.10893170487780744
14612.0,0.10893170487780744
14616.0,0.10893170487780744
14620.0,0.10893170487780744
14624.0,0.10893170487780744
14628.0,0.10893170487780744
14632.0,0.10893170487780744
14636.0,0.10893170487780744
14640.0,0.10893170487780744
14644.0,0.10893170487780744
14648.0,0.10893170487780744
14652.0,0.10893170487780744
14656.0,0.10893170487780744
14660.0,0.10893170487780744
14664.0,0.10893170487780744
14668.0,0.10893170487780744
14672.0,0.10893170487780744
14676.0,0.10893170487780744
14680.0,0.10893170487780744
14684.0,0.10893170487780744
14688.0,0.10893170487780744
14692.0,0.10893170487780744
14696.0,0.10893170487780744
14700.0,0.10893170487780744
14704.0,0.10722964698909171
14708.0,0.10893170487780744
14712.0,0.10893170487780744
14716.0,0.10893170487780744
14720.0,0.10893170487780744
14724.0,0.10893170487780744
14728.0,0.10893170487780744
14732.0,0.10893170487780744
14736.0,0.10893170487780744
14740.0,0.10893170487780744
14744.0,0.10893170487780744
14748.0,0.10722964698909171
14752.0,0.10893170487780744
14756.0,0.10893170487780744
14760.0,0.10893170487780744
14764.0,0.10893170487780744
14768.0,0.10893170487780744
14772.0,0.10893170487780744
14776.0,0.10893170487780744
14780.0,0.10722964698909171
14784.0,0.10893170487780744
14788.0,0.10722964698909171
14792.0,0.10893170487780744
14796.0,0.10893170487780744
14800.0,0.10893170487780744
14804.0,0.10893170487780744
14808.0,0.10893170487780744
14812.0,0.10893170487780744
14816.0,0.10893170487780744
14820.0,0.10893170487780744
14824.0,0.10893170487780744
14828.0,0.10893170487780744
14832.0,0.10893170487780744
14836.0,0.10893170487780744
14840.0,0.10893170487780744
14844.0,0.10893170487780744
14848.0,0.10893170487780744
14852.0,0.10893170487780744
14856.0,0.10893170487780744
14860.0,0.10893170487780744
14864.0,0.10893170487780744
14868.0,0.10893170487780744
14872.0,0.10893170487780744
14876.0,0.10893170487780744
14880.0,0.10893170487780744
14884.0,0.10722964698909171
14888.0,0.10893170487780744
14892.0,0.10893170487780744
14896.0,0.10722964698909171
14900.0,0.10893170487780744
14904.0,0.10893170487780744
14908.0,0.10893170487780744
14912.0,0.10893170487780744
14916.0,0.10893170487780744
14920.0,0.10722964698909171
14924.0,0.10722964698909171
14928.0,0.10722964698909171
14932.0,0.10893170487780744
14936.0,0.10893170487780744
14940.0,0.10722964698909171
14944.0,0.10893170487780744
14948.0,0.10893170487780744
14952.0,0.10893170487780744
14956.0,0.10893170487780744
14960.0,0.10893170487780744
14964.0,0.10722964698909171
14968.0,0.10893170487780744
14972.0,0.10722964698909171
14976.0,0.10893170487780744
14980.0,0.10893170487780744
14984.0,0.10893170487780744
14988.0,0.10722964698909171
14992.0,0.10893170487780744
14996.0,0.10893170487780744
15000.0,0.10893170487780744
15004.0,0.10893170487780744
15008.0,0.10893170487780744
15012.0,0.10893170487780744
15016.0,0.10893170487780744
15020.0,0.10893170487780744
15024.0,0.10893170487780744
15028.0,0.10722964698909171
15032.0,0.10893170487780744
15036.0,0.10893170487780744
15040.0,0.10893170487780744
15044.0,0.10722964698909171
15048.0,0.10893170487780744
15052.0,0.10893170487780744
15056.0,0.10893170487780744
15060.0,0.10893170487780744
15064.0,0.10893170487780744
15068.0,0.10893170487780744
15072.0,0.10722964698909171
15076.0,0.10893170487780744
15080.0,0.10722964698909171
15084.0,0.10893170487780744
15088.0,0.10893170487780744
15092.0,0.10893170487780744
15096.0,0.10893170487780744
15100.0,0.10893170487780744
15104.0,0.10893170487780744
15108.0,0.10893170487780744
15112.0,0.10893170487780744
15116.0,0.10893170487780744
15120.0,0.10722964698909171
15124.0,0.10893170487780744
15128.0,0.10893170487780744
15132.0,0.10722964698909171
15136.0,0.10893170487780744
15140.0,0.10722964698909171
15144.0,0.10893170487780744
15148.0,0.10722964698909171
15152.0,0.10893170487780744
15156.0,0.10722964698909171
15160.0,0.10893170487780744
15164.0,0.10722964698909171
15168.0,0.10893170487780744
15172.0,0.10893170487780744
15176.0,0.10893170487780744
15180.0,0.10722964698909171
15184.0,0.10722964698909171
15188.0,0.10722964698909171
15192.0,0.10893170487780744
15196.0,0.10893170487780744
15200.0,0.10893170487780744
15204.0,0.10722964698909171
15208.0,0.10893170487780744
15212.0,0.10722964698909171
15216.0,0.10893170487780744
15220.0,0.10893170487780744
15224.0,0.10893170487780744
15228.0,0.10893170487780744
15232.0,0.10893170487780744
15236.0,0.10893170487780744
15240.0,0.10893170487780744
15244.0,0.10893170487780744
15248.0,0.10893170487780744
15252.0,0.10893170487780744
15256.0,0.10893170487780744
15260.0,0.10893170487780744
15264.0,0.10893170487780744
15268.0,0.10893170487780744
15272.0,0.10722964698909171
15276.0,0.10722964698909171
15280.0,0.10722964698909171
15284.0,0.10893170487780744
15288.0,0.10722964698909171
15292.0,0.10893170487780744
15296.0,0.10722964698909171
15300.0,0.10893170487780744
15304.0,0.10722964698909171
15308.0,0.10722964698909171
15312.0,0.10722964698909171
15316.0,0.10893170487780744
15320.0,0.10722964698909171
15324.0,0.10722964698909171
15328.0,0.10722964698909171
15332.0,0.10722964698909171
15336.0,0.10722964698909171
15340.0,0.10893170487780744
15344.0,0.10893170487780744
15348.0,0.10893170487780744
15352.0,0.10722964698909171
15356.0,0.10722964698909171
15360.0,0.10893170487780744
15364.0,0.10722964698909171
15368.0,0.10722964698909171
15372.0,0.10722964698909171
15376.0,0.10893170487780744
15380.0,0.10722964698909171
15384.0,0.10893170487780744
15388.0,0.10722964698909171
15392.0,0.10893170487780744
15396.0,0.10893170487780744
15400.0,0.10893170487780744
15404.0,0.10722964698909171
15408.0,0.10722964698909171
15412.0,0.10722964698909171
15416.0,0.10722964698909171
15420.0,0.10722964698909171
15424.0,0.10722964698909171
15428.0,0.10722964698909171
15432.0,0.10893170487780744
15436.0,0.10722964698909171
15440.0,0.10722964698909171
15444.0,0.10722964698909171
15448.0,0.10722964698909171
15452.0,0.10722964698909171
15456.0,0.10722964698909171
15460.0,0.10722964698909171
15464.0,0.10893170487780744
15468.0,0.10722964698909171
15472.0,0.10722964698909171
15476.0,0.10722964698909171
15480.0,0.10722964698909171
15484.0,0.10722964698909171
15488.0,0.10722964698909171
15492.0,0.10893170487780744
15496.0,0.10722964698909171
15500.0,0.10722964698909171
15504.0,0.10893170487780744
15508.0,0.10722964698909171
15512.0,0.10722964698909171
15516.0,0.10722964698909171
15520.0,0.10722964698909171
15524.0,0.10722964698909171
15528.0,0.10722964698909171
15532.0,0.10722964698909171
15536.0,0.10722964698909171
15540.0,0.10722964698909171
15544.0,0.10722964698909171
15548.0,0.10722964698909171
15552.0,0.10722964698909171
15556.0,0.10722964698909171
15560.0,0.10722964698909171
15564.0,0.10722964698909171
15568.0,0.10893170487780744
15572.0,0.10893170487780744
15576.0,0.10893170487780744
15580.0,0.10722964698909171
15584.0,0.10893170487780744
15588.0,0.10722964698909171
15592.0,0.10722964698909171
15596.0,0.10722964698909171
15600.0,0.10722964698909171
15604.0,0.10722964698909171
15608.0,0.10722964698909171
15612.0,0.10722964698909171
15616.0,0.10722964698909171
15620.0,0.10722964698909171
15624.0,0.10722964698909171
15628.0,0.10722964698909171
15632.0,0.10722964698909171
15636.0,0.10722964698909171
15640.0,0.10722964698909171
15644.0,0.10722964698909171
15648.0,0.10893170487780744
15652.0,0.10893170487780744
15656.0,0.10722964698909171
15660.0,0.10722964698909171
15664.0,0.10722964698909171
15668.0,0.10722964698909171
15672.0,0.10722964698909171
15676.0,0.10893170487780744
15680.0,0.10722964698909171
15684.0,0.10722964698909171
15688.0,0.10722964698909171
15692.0,0.10722964698909171
15696.0,0.10722964698909171
15700.0,0.10722964698909171
15704.0,0.10722964698909171
15708.0,0.10722964698909171
15712.0,0.10722964698909171
15716.0,0.10722964698909171
15720.0,0.10722964698909171
15724.0,0.10722964698909171
15728.0,0.10893170487780744
15732.0,0.10722964698909171
15736.0,0.10722964698909171
15740.0,0.10722964698909171
15744.0,0.10722964698909171
15748.0,0.10722964698909171
15752.0,0.10893170487780744
15756.0,0.10722964698909171
15760.0,0.10722964698909171
15764.0,0.10722964698909171
15768.0,0.10722964698909171
15772.0,0.10722964698909171
15776.0,0.10893170487780744
15780.0,0.10722964698909171
15784.0,0.10893170487780744
15788.0,0.10722964698909171
15792.0,0.10722964698909171
15796.0,0.10722964698909171
15800.0,0.10722964698909171
15804.0,0.10722964698909171
15808.0,0.10722964698909171
15812.0,0.10722964698909171
15816.0,0.10722964698909171
15820.0,0.10722964698909171
15824.0,0.10722964698909171
15828.0,0.10722964698909171
15832.0,0.10722964698909171
15836.0,0.10722964698909171
15840.0,0.10722964698909171
15844.0,0.10722964698909171
15848.0,0.10722964698909171
15852.0,0.10722964698909171
15856.0,0.10722964698909171
15860.0,0.10722964698909171
15864.0,0.10722964698909171
15868.0,0.10722964698909171
15872.0,0.10722964698909171
15876.0,0.10722964698909171
15880.0,0.10722964698909171
15884.0,0.10722964698909171
15888.0,0.10722964698909171
15892.0,0.10722964698909171
15896.0,0.10722964698909171
15900.0,0.10722964698909171
15904.0,0.10722964698909171
15908.0,0.10722964698909171
15912.0,0.10722964698909171
15916.0,0.10722964698909171
15920.0,0.10722964698909171
15924.0,0.10722964698909171
15928.0,0.10722964698909171
15932.0,0.10722964698909171
15936.0,0.10722964698909171
15940.0,0.10722964698909171
15944.0,0.10722964698909171
15948.0,0.10722964698909171
15952.0,0.10722964698909171
15956.0,0.10722964698909171
15960.0,0.10722964698909171
15964.0,0.10722964698909171
15968.0,0.10722964698909171
15972.0,0.10722964698909171
15976.0,0.10722964698909171
15980.0,0.10722964698909171
15984.0,0.10722964698909171
15988.0,0.10722964698909171
15992.0,0.10722964698909171
15996.0,0.10722964698909171
16000.0,0.10722964698909171
16004.000000000002,0.10722964698909171
16008.0,0.10722964698909171
16012.0,0.10722964698909171
16015.999999999998,0.10722964698909171
16020.0,0.10722964698909171
16024.0,0.10722964698909171
16027.999999999998,0.10722964698909171
16032.0,0.10722964698909171
16036.000000000002,0.10722964698909171
16040.0,0.10722964698909171
16044.0,0.10722964698909171
16047.999999999998,0.10722964698909171
16052.0,0.10722964698909171
16056.000000000002,0.10722964698909171
16059.999999999998,0.10722964698909171
16064.0,0.10722964698909171
16068.000000000002,0.10722964698909171
16072.0,0.10722964698909171
16076.0,0.10722964698909171
16079.999999999998,0.10722964698909171
16084.0,0.10722964698909171
16088.000000000002,0.10722964698909171
16091.999999999998,0.10722964698909171
16096.0,0.10722964698909171
16100.000000000002,0.10722964698909171
16104.0,0.10722964698909171
16108.0,0.10722964698909171
16111.999999999998,0.10722964698909171
16116.0,0.10722964698909171
16120.000000000002,0.10722964698909171
16123.999999999998,0.10722964698909171
16128.0,0.10722964698909171
16132.000000000002,0.10722964698909171
16136.0,0.10722964698909171
16140.0,0.10722964698909171
16143.999999999998,0.10722964698909171
16148.0,0.10722964698909171
16152.000000000002,0.10722964698909171
16155.999999999998,0.10722964698909171
16160.0,0.10722964698909171
16164.000000000002,0.10722964698909171
16168.0,0.10722964698909171
16172.0,0.10722964698909171
16175.999999999998,0.10722964698909171
16180.0,0.10722964698909171
16184.000000000002,0.10722964698909171
16187.999999999998,0.10722964698909171
16192.0,0.10722964698909171
16196.000000000002,0.10722964698909171
16200.0,0.10722964698909171
16204.0,0.10722964698909171
16207.999999999998,0.10722964698909171
16212.0,0.10722964698909171
16216.000000000002,0.10722964698909171
16219.999999999998,0.10722964698909171
16224.0,0.10722964698909171
16228.000000000002,0.10722964698909171
16232.0,0.10722964698909171
16236.0,0.10722964698909171
16239.999999999998,0.10722964698909171
16244.0,0.10722964698909171
16248.000000000002,0.10722964698909171
16251.999999999998,0.10722964698909171
16256.0,0.10722964698909171
16260.000000000002,0.10722964698909171
16264.0,0.10722964698909171
16268.0,0.10722964698909171
16271.999999999998,0.10722964698909171
16276.0,0.10722964698909171
16280.000000000002,0.10722964698909171
16283.999999999998,0.10722964698909171
16288.0,0.10722964698909171
16292.000000000002,0.10722964698909171
16296.0,0.10722964698909171
16300.0,0.10722964698909171
16303.999999999998,0.10722964698909171
16308.0,0.10722964698909171
16312.000000000002,0.10722964698909171
16315.999999999998,0.10722964698909171
16320.0,0.10722964698909171
16324.000000000002,0.10722964698909171
16328.0,0.10722964698909171
16332.0,0.10722964698909171
16335.999999999998,0.10722964698909171
16340.0,0.10722964698909171
16344.000000000002,0.10722964698909171
16347.999999999998,0.10722964698909171
16352.0,0.10722964698909171
16356.000000000002,0.10722964698909171
16360.0,0.10722964698909171
16364.0,0.10722964698909171
16367.999999999998,0.10722964698909171
16372.0,0.10722964698909171
16376.000000000002,0.10722964698909171
16379.999999999998,0.10722964698909171
16384.0,0.10722964698909171
16388.0,0.10722964698909171
16392.0,0.10722964698909171
16396.0,0.10722964698909171
16400.0,0.10722964698909171
16404.0,0.10722964698909171
16408.0,0.10722964698909171
16412.0,0.10722964698909171
16416.0,0.10722964698909171
16420.0,0.10722964698909171
16424.0,0.10722964698909171
16428.0,0.10722964698909171
16432.0,0.10722964698909171
16436.0,0.10722964698909171
16440.0,0.10722964698909171
16444.0,0.10722964698909171
16448.0,0.10722964698909171
16452.0,0.10722964698909171
16456.0,0.10552758910037595
16460.0,0.10722964698909171
16464.0,0.10722964698909171
16468.0,0.10722964698909171
16472.0,0.10722964698909171
16476.0,0.10722964698909171
16480.0,0.10722964698909171
16484.0,0.10722964698909171
16488.0,0.10722964698909171
16492.0,0.10722964698909171
16496.0,0.10722964698909171
16500.0,0.10722964698909171
16504.0,0.10722964698909171
16508.0,0.10722964698909171
16512.0,0.10722964698909171
16516.0,0.10722964698909171
16520.0,0.10722964698909171
16524.0,0.10722964698909171
16528.0,0.10722964698909171
16532.0,0.10722964698909171
16536.0,0.10552758910037595
16540.0,0.10722964698909171
16544.0,0.10722964698909171
16548.0,0.10722964698909171
16552.0,0.10722964698909171
16556.0,0.10722964698909171
16560.0,0.10722964698909171
16564.0,0.10722964698909171
16568.0,0.10722964698909171
16572.0,0.10722964698909171
16576.0,0.10722964698909171
16580.0,0.10722964698909171
16584.0,0.10722964698909171
16588.0,0.10722964698909171
16592.0,0.10722964698909171
16596.0,0.10722964698909171
16600.0,0.10722964698909171
16604.0,0.10722964698909171
16608.0,0.10722964698909171
16612.0,0.10722964698909171
16616.0,0.10722964698909171
16620.0,0.10722964698909171
16624.0,0.10722964698909171
16628.0,0.10722964698909171
16632.0,0.10722964698909171
16636.0,0.10722964698909171
16640.0,0.10722964698909171
16644.0,0.10722964698909171
16648.0,0.10722964698909171
16652.0,0.10722964698909171
16656.0,0.10722964698909171
16660.0,0.10722964698909171
16664.0,0.10722964698909171
16668.0,0.10722964698909171
16672.0,0.10552758910037595
16676.0,0.10722964698909171
16680.0,0.10722964698909171
16684.0,0.10722964698909171
16688.0,0.10722964698909171
16692.0,0.10722964698909171
16696.0,0.10552758910037595
16700.0,0.10722964698909171
16704.0,0.10722964698909171
16708.0,0.10722964698909171
16712.0,0.10722964698909171
16716.0,0.10722964698909171
16720.0,0.10722964698909171
16724.0,0.10722964698909171
16728.0,0.10552758910037595
16732.0,0.10722964698909171
16736.0,0.10722964698909171
16740.0,0.10722964698909171
16744.0,0.10722964698909171
16748.0,0.10722964698909171
16752.0,0.10722964698909171
16756.0,0.10722964698909171
16760.0,0.10722964698909171
16764.0,0.10722964698909171
16768.0,0.10722964698909171
16772.0,0.10722964698909171
16776.0,0.10722964698909171
16780.0,0.10722964698909171
16784.0,0.10722964698909171
16788.0,0.10722964698909171
16792.0,0.10722964698909171
16796.0,0.10722964698909171
16800.0,0.10722964698909171
16804.0,0.10722964698909171
16808.0,0.10552758910037595
16812.0,0.10722964698909171
16816.0,0.10722964698909171
16820.0,0.10722964698909171
16824.0,0.10722964698909171
16828.0,0.10722964698909171
16832.0,0.10552758910037595
16836.0,0.10722964698909171
16840.0,0.10722964698909171
16844.0,0.10722964698909171
16848.0,0.10552758910037595
16852.0,0.10722964698909171
16856.0,0.10552758910037595
16860.0,0.10722964698909171
16864.0,0.10552758910037595
16868.0,0.10722964698909171
16872.0,0.10722964698909171
16876.0,0.10722964698909171
16880.0,0.10722964698909171
16884.0,0.10722964698909171
16888.0,0.10722964698909171
16892.0,0.10722964698909171
16896.0,0.10722964698909171
16900.0,0.10722964698909171
16904.0,0.10552758910037595
16908.0,0.10722964698909171
16912.0,0.10722964698909171
16916.0,0.10722964698909171
16920.0,0.10722964698909171
16924.0,0.10722964698909171
16928.0,0.10722964698909171
16932.0,0.10722964698909171
16936.0,0.10722964698909171
16940.0,0.10722964698909171
16944.0,0.10722964698909171
16948.0,0.10722964698909171
16952.0,0.10552758910037595
16956.0,0.10722964698909171
16960.0,0.10722964698909171
16964.0,0.10722964698909171
16968.0,0.10722964698909171
16972.0,0.10722964698909171
16976.0,0.10722964698909171
16980.0,0.10552758910037595
16984.0,0.10722964698909171
16988.0,0.10722964698909171
16992.0,0.10552758910037595
16996.0,0.10722964698909171
17000.0,0.10722964698909171
17004.0,0.10722964698909171
17008.0,0.10722964698909171
17012.0,0.10722964698909171
17016.0,0.10552758910037595
17020.0,0.10552758910037595
17024.0,0.10722964698909171
17028.0,0.10552758910037595
17032.0,0.10722964698909171
17036.0,0.10722964698909171
17040.0,0.10722964698909171
17044.0,0.10722964698909171
17048.0,0.10552758910037595
17052.0,0.10722964698909171
17056.0,0.10552758910037595
17060.0,0.10722964698909171
17064.0,0.10552758910037595
17068.0,0.10722964698909171
17072.0,0.10552758910037595
17076.0,0.10722964698909171
17080.0,0.10552758910037595
17084.0,0.10722964698909171
17088.0,0.10722964698909171
17092.0,0.10722964698909171
17096.0,0.10722964698909171
17100.0,0.10722964698909171
17104.0,0.10722964698909171
17108.0,0.10722964698909171
17112.0,0.10552758910037595
17116.0,0.10722964698909171
17120.0,0.10552758910037595
17124.0,0.10552758910037595
17128.0,0.10722964698909171
17132.0,0.10722964698909171
17136.0,0.10552758910037595
17140.0,0.10722964698909171
17144.0,0.10722964698909171
17148.0,0.10552758910037595
17152.0,0.10722964698909171
17156.0,0.10552758910037595
17160.0,0.10722964698909171
17164.0,0.10552758910037595
17168.0,0.10722964698909171
17172.0,0.10722964698909171
17176.0,0.10722964698909171
17180.0,0.10722964698909171
17184.0,0.10722964698909171
17188.0,0.10552758910037595
17192.0,0.10722964698909171
17196.0,0.10552758910037595
17200.0,0.10552758910037595
17204.0,0.10552758910037595
17208.0,0.10722964698909171
17212.0,0.10722964698909171
17216.0,0.10722964698909171
17220.0,0.10722964698909171
17224.0,0.10722964698909171
17228.0,0.10722964698909171
17232.0,0.10552758910037595
17236.0,0.10722964698909171
17240.0,0.10722964698909171
17244.0,0.10552758910037595
17248.0,0.10552758910037595
17252.0,0.10722964698909171
17256.0,0.10722964698909171
17260.0,0.10722964698909171
17264.0,0.10552758910037595
17268.0,0.10722964698909171
17272.0,0.10722964698909171
17276.0,0.10722964698909171
17280.0,0.10722964698909171
17284.0,0.10552758910037595
17288.0,0.10722964698909171
17292.0,0.10552758910037595
17296.0,0.10552758910037595
17300.0,0.10552758910037595
17304.0,0.10552758910037595
17308.0,0.10552758910037595
17312.0,0.10552758910037595
17316.0,0.10722964698909171
17320.0,0.10552758910037595
17324.0,0.10722964698909171
17328.0,0.10552758910037595
17332.0,0.10722964698909171
17336.0,0.10552758910037595
17340.0,0.10722964698909171
17344.0,0.10552758910037595
17348.0,0.10552758910037595
17352.0,0.10552758910037595
17356.0,0.10722964698909171
17360.0,0.10722964698909171
17364.0,0.10722964698909171
17368.0,0.10722964698909171
17372.0,0.10552758910037595
17376.0,0.10552758910037595
17380.0,0.10552758910037595
17384.0,0.10722964698909171
17388.0,0.10552758910037595
17392.0,0.10552758910037595
17396.0,0.10722964698909171
17400.0,0.10552758910037595
17404.0,0.10722964698909171
17408.0,0.10722964698909171
17412.0,0.10722964698909171
17416.0,0.10552758910037595
17420.0,0.10722964698909171
17424.0,0.10552758910037595
17428.0,0.10722964698909171
17432.0,0.10552758910037595
17436.0,0.10722964698909171
17440.0,0.10552758910037595
17444.0,0.10722964698909171
17448.0,0.10722964698909171
17452.0,0.10722964698909171
17456.0,0.10552758910037595
17460.0,0.10552758910037595
17464.0,0.10552758910037595
17468.0,0.10722964698909171
17472.0,0.10552758910037595
17476.0,0.10722964698909171
17480.0,0.10552758910037595
17484.0,0.10722964698909171
17488.0,0.10552758910037595
17492.0,0.10722964698909171
17496.0,0.10552758910037595
17500.0,0.10722964698909171
17504.0,0.10552758910037595
17508.0,0.10552758910037595
17512.0,0.10552758910037595
17516.0,0.10722964698909171
17520.0,0.10552758910037595
17524.0,0.10552758910037595
17528.0,0.10552758910037595
17532.0,0.10722964698909171
17536.0,0.10552758910037595
17540.0,0.10722964698909171
17544.0,0.10552758910037595
17548.0,0.10722964698909171
17552.0,0.10552758910037595
17556.0,0.10552758910037595
17560.0,0.10552758910037595
17564.0,0.10552758910037595
17568.0,0.10552758910037595
17572.0,0.10552758910037595
17576.0,0.10552758910037595
17580.0,0.10722964698909171
17584.0,0.10722964698909171
17588.0,0.10552758910037595
17592.0,0.10552758910037595
17596.0,0.10552758910037595
17600.0,0.10552758910037595
17604.0,0.10552758910037595
17608.0,0.10552758910037595
17612.0,0.10552758910037595
17616.0,0.10722964698909171
17620.0,0.10552758910037595
17624.0,0.10552758910037595
17628.0,0.10552758910037595
17632.0,0.10552758910037595
17636.0,0.10722964698909171
17640.0,0.10552758910037595
17644.0,0.10552758910037595
17648.0,0.10552758910037595
17652.0,0.10552758910037595
17656.0,0.10552758910037595
17660.0,0.10722964698909171
17664.0,0.10552758910037595
17668.0,0.10722964698909171
17672.0,0.10552758910037595
17676.0,0.10722964698909171
17680.0,0.10552758910037595
17684.0,0.10722964698909171
17688.0,0.10552758910037595
17692.0,0.10552758910037595
17696.0,0.10552758910037595
17700.0,0.10722964698909171
17704.0,0.10552758910037595
17708.0,0.10722964698909171
17712.0,0.10552758910037595
17716.0,0.10552758910037595
17720.0,0.10552758910037595
17724.0,0.10552758910037595
17728.0,0.10552758910037595
17732.0,0.10552758910037595
17736.0,0.10552758910037595
17740.0,0.10552758910037595
17744.0,0.10552758910037595
17748.0,0.10552758910037595
17752.0,0.10552758910037595
17756.0,0.10552758910037595
17760.0,0.10552758910037595
17764.0,0.10552758910037595
17768.0,0.10722964698909171
17772.0,0.10552758910037595
17776.0,0.10552758910037595
17780.0,0.10552758910037595
17784.0,0.10552758910037595
17788.0,0.10552758910037595
17792.0,0.10552758910037595
17796.0,0.10552758910037595
17800.0,0.10552758910037595
17804.0,0.10552758910037595
17808.0,0.10552758910037595
17812.0,0.10552758910037595
17816.0,0.10552758910037595
17820.0,0.10552758910037595
17824.0,0.10552758910037595
17828.0,0.10552758910037595
17832.0,0.10552758910037595
17836.0,0.10552758910037595
17840.0,0.10552758910037595
17844.0,0.10722964698909171
17848.0,0.10722964698909171
17852.0,0.10722964698909171
17856.0,0.10552758910037595
17860.0,0.10552758910037595
17864.0,0.10552758910037595
17868.0,0.10552758910037595
17872.0,0.10552758910037595
17876.0,0.10552758910037595
17880.0,0.10552758910037595
17884.0,0.10552758910037595
17888.0,0.10552758910037595
17892.0,0.10722964698909171
17896.0,0.10552758910037595
17900.0,0.10552758910037595
17904.0,0.10552758910037595
17908.0,0.10552758910037595
17912.0,0.10552758910037595
17916.0,0.10552758910037595
17920.0,0.10552758910037595
17924.0,0.10552758910037595
17928.0,0.10552758910037595
17932.0,0.10552758910037595
17936.0,0.10552758910037595
17940.0,0.10722964698909171
17944.0,0.10552758910037595
17948.0,0.10552758910037595
17952.0,0.10552758910037595
17956.0,0.10552758910037595
17960.0,0.10552758910037595
17964.0,0.10552758910037595
17968.0,0.10552758910037595
17972.0,0.10552758910037595
17976.0,0.10552758910037595
17980.0,0.10552758910037595
17984.0,0.10552758910037595
17988.0,0.10552758910037595
17992.0,0.10552758910037595
17996.0,0.10552758910037595
18000.0,0.10552758910037595
18004.0,0.10552758910037595
18008.0,0.10552758910037595
18012.0,0.10552758910037595
18016.0,0.10552758910037595
18020.0,0.10552758910037595
18024.0,0.10552758910037595
18028.0,0.10552758910037595
18032.0,0.10552758910037595
18036.0,0.10552758910037595
18040.0,0.10552758910037595
18044.0,0.10552758910037595
18048.0,0.10552758910037595
18052.0,0.10552758910037595
18056.0,0.10552758910037595
18060.0,0.10552758910037595
18064.0,0.10552758910037595
18068.0,0.10722964698909171
18072.0,0.10552758910037595
18076.0,0.10552758910037595
18080.0,0.10552758910037595
18084.0,0.10552758910037595
18088.0,0.10552758910037595
18092.0,0.10552758910037595
18096.0,0.10552758910037595
18100.0,0.10722964698909171
18104.0,0.10722964698909171
18108.0,0.10552758910037595
18112.0,0.10552758910037595
18116.0,0.10552758910037595
18120.0,0.10552758910037595
18124.0,0.10552758910037595
18128.0,0.10552758910037595
18132.0,0.10552758910037595
18136.0,0.10552758910037595
18140.0,0.10552758910037595
18144.0,0.10552758910037595
18148.0,0.10552758910037595
18152.0,0.10552758910037595
18156.0,0.10552758910037595
18160.0,0.10552758910037595
18164.0,0.10552758910037595
18168.0,0.10552758910037595
18172.0,0.10552758910037595
18176.0,0.10552758910037595
18180.0,0.10552758910037595
18184.0,0.10552758910037595
18188.0,0.10552758910037595
18192.0,0.10552758910037595
18196.0,0.10552758910037595
18200.0,0.10552758910037595
18204.0,0.10552758910037595
18208.0,0.10552758910037595
18212.0,0.10552758910037595
18216.0,0.10552758910037595
18220.0,0.10552758910037595
18224.0,0.10552758910037595
18228.0,0.10552758910037595
18232.0,0.10552758910037595
18236.0,0.10552758910037595
18240.0,0.10552758910037595
18244.0,0.10552758910037595
18248.0,0.10552758910037595
18252.0,0.10552758910037595
18256.0,0.10552758910037595
18260.0,0.10552758910037595
18264.0,0.10552758910037595
18268.0,0.10552758910037595
18272.0,0.10552758910037595
18276.0,0.10722964698909171
18280.0,0.10552758910037595
18284.0,0.10552758910037595
18288.0,0.10552758910037595
18292.0,0.10552758910037595
18296.0,0.10552758910037595
18300.0,0.10552758910037595
18304.0,0.10552758910037595
18308.0,0.10552758910037595
18312.0,0.10552758910037595
18316.0,0.10552758910037595
18320.0,0.10552758910037595
18324.0,0.10552758910037595
18328.0,0.10552758910037595
18332.0,0.10552758910037595
18336.0,0.10552758910037595
18340.0,0.10552758910037595
18344.0,0.10552758910037595
18348.0,0.10552758910037595
18352.0,0.10552758910037595
18356.0,0.10552758910037595
18360.0,0.10722964698909171
18364.0,0.10552758910037595
18368.0,0.10552758910037595
18372.0,0.10552758910037595
18376.0,0.10552758910037595
18380.0,0.10552758910037595
18384.0,0.10552758910037595
18388.0,0.10552758910037595
18392.0,0.10552758910037595
18396.0,0.10552758910037595
18400.0,0.10552758910037595
18404.0,0.10552758910037595
18408.0,0.10552758910037595
18412.0,0.10552758910037595
18416.0,0.10552758910037595
18420.0,0.10552758910037595
18424.0,0.10552758910037595
18428.0,0.10552758910037595
18432.0,0.10552758910037595
18436.0,0.10552758910037595
18440.0,0.10552758910037595
18444.0,0.10552758910037595
18448.0,0.10552758910037595
18452.0,0.10552758910037595
18456.0,0.10552758910037595
18460.0,0.10552758910037595
18464.0,0.10552758910037595
18468.0,0.10552758910037595
18472.0,0.10552758910037595
18476.0,0.10552758910037595
18480.0,0.10552758910037595
18484.0,0.10552758910037595
18488.0,0.10552758910037595
18492.0,0.10552758910037595
18496.0,0.10552758910037595
18500.0,0.10552758910037595
18504.0,0.10552758910037595
18508.0,0.10552758910037595
18512.0,0.10552758910037595
18516.0,0.10552758910037595
18520.0,0.10552758910037595
18524.0,0.10552758910037595
18528.0,0.10552758910037595
18532.0,0.10552758910037595
18536.0,0.10552758910037595
18540.0,0.10552758910037595
18544.0,0.10552758910037595
18548.0,0.10552758910037595
18552.0,0.10552758910037595
18556.0,0.10552758910037595
18560.0,0.10552758910037595
18564.0,0.10552758910037595
18568.0,0.10552758910037595
18572.0,0.10552758910037595
18576.0,0.10552758910037595
18580.0,0.10552758910037595
18584.0,0.10552758910037595
18588.0,0.10552758910037595
18592.0,0.10552758910037595
18596.0,0.10552758910037595
18600.0,0.10552758910037595
18604.0,0.10552758910037595
18608.0,0.10552758910037595
18612.0,0.10552758910037595
18616.0,0.10552758910037595
18620.0,0.10552758910037595
18624.0,0.10552758910037595
18628.0,0.10552758910037595
18632.0,0.10552758910037595
18636.0,0.10552758910037595
18640.0,0.10552758910037595
18644.0,0.10552758910037595
18648.0,0.10552758910037595
18652.0,0.10552758910037595
18656.0,0.10552758910037595
18660.0,0.10552758910037595
18664.0,0.10552758910037595
18668.0,0.10552758910037595
18672.0,0.10552758910037595
18676.0,0.10552758910037595
18680.0,0.10552758910037595
18684.0,0.10552758910037595
18688.0,0.10552758910037595
18692.0,0.10552758910037595
18696.0,0.10552758910037595
18700.0,0.10552758910037595
18704.0,0.10552758910037595
18708.0,0.10552758910037595
18712.0,0.10552758910037595
18716.0,0.10552758910037595
18720.0,0.10552758910037595
18724.0,0.10552758910037595
18728.0,0.10552758910037595
18732.0,0.10552758910037595
18736.0,0.10552758910037595
18740.0,0.10552758910037595
18744.0,0.10552758910037595
18748.0,0.10552758910037595
18752.0,0.10552758910037595
18756.0,0.10552758910037595
18760.0,0.10552758910037595
18764.0,0.10552758910037595
18768.0,0.10552758910037595
18772.0,0.10552758910037595
18776.0,0.10552758910037595
18780.0,0.10552758910037595
18784.0,0.10552758910037595
18788.0,0.10552758910037595
18792.0,0.10552758910037595
18796.0,0.10552758910037595
18800.0,0.10552758910037595
18804.0,0.10552758910037595
18808.0,0.10552758910037595
18812.0,0.10552758910037595
18816.0,0.10552758910037595
18820.0,0.10552758910037595
18824.0,0.10552758910037595
18828.0,0.10552758910037595
18832.0,0.10552758910037595
18836.0,0.10552758910037595
18840.0,0.10552758910037595
18844.0,0.10552758910037595
18848.0,0.10552758910037595
18852.0,0.10552758910037595
18856.0,0.10552758910037595
18860.0,0.10552758910037595
18864.0,0.10552758910037595
18868.0,0.10552758910037595
18872.0,0.10552758910037595
18876.0,0.10552758910037595
18880.0,0.10552758910037595
18884.0,0.10552758910037595
18888.0,0.10552758910037595
18892.0,0.10552758910037595
18896.0,0.10552758910037595
18900.0,0.10552758910037595
18904.0,0.10552758910037595
18908.0,0.10552758910037595
18912.0,0.10552758910037595
18916.0,0.10552758910037595
18920.0,0.10552758910037595
18924.0,0.10552758910037595
18928.0,0.10552758910037595
18932.0,0.10552758910037595
18936.0,0.10552758910037595
18940.0,0.10552758910037595
18944.0,0.10552758910037595
18948.0,0.10552758910037595
18952.0,0.10552758910037595
18956.0,0.10552758910037595
18960.0,0.10552758910037595
18964.0,0.10552758910037595
18968.0,0.10552758910037595
18972.0,0.10552758910037595
18976.0,0.10552758910037595
18980.0,0.10552758910037595
18984.0,0.10552758910037595
18988.0,0.10552758910037595
18992.0,0.10552758910037595
18996.0,0.10552758910037595
19000.0,0.10552758910037595
19004.0,0.10552758910037595
19008.0,0.10552758910037595
19012.0,0.10552758910037595
19016.0,0.10552758910037595
19020.0,0.10552758910037595
19024.0,0.10552758910037595
19028.0,0.10552758910037595
19032.0,0.10552758910037595
19036.0,0.10552758910037595
19040.0,0.10552758910037595
19044.0,0.10552758910037595
19048.0,0.10552758910037595
19052.0,0.10552758910037595
19056.0,0.10552758910037595
19060.0,0.10552758910037595
19064.0,0.10552758910037595
19068.0,0.10552758910037595
19072.0,0.10552758910037595
19076.0,0.10552758910037595
19080.0,0.10552758910037595
19084.0,0.10552758910037595
19088.0,0.10552758910037595
19092.0,0.10552758910037595
19096.0,0.10552758910037595
19100.0,0.10552758910037595
19104.0,0.10552758910037595
19108.0,0.10552758910037595
19112.0,0.10552758910037595
19116.0,0.10552758910037595
19120.0,0.10552758910037595
19124.0,0.10552758910037595
19128.0,0.10552758910037595
19132.0,0.10552758910037595
19136.0,0.10552758910037595
19140.0,0.10552758910037595
19144.0,0.10552758910037595
19148.0,0.10552758910037595
19152.0,0.10552758910037595
19156.0,0.10552758910037595
19160.0,0.10552758910037595
19164.0,0.10552758910037595
19168.0,0.10552758910037595
19172.0,0.10552758910037595
19176.0,0.10552758910037595
19180.0,0.10552758910037595
19184.0,0.10552758910037595
19188.0,0.10552758910037595
19192.0,0.10552758910037595
19196.0,0.10552758910037595
19200.0,0.10552758910037595
19204.0,0.10552758910037595
19208.0,0.10552758910037595
19212.0,0.10552758910037595
19216.0,0.10552758910037595
19220.0,0.10552758910037595
19224.0,0.10552758910037595
19228.0,0.10552758910037595
19232.0,0.10552758910037595
19236.0,0.10552758910037595
19240.0,0.10552758910037595
19244.0,0.10552758910037595
19248.0,0.10382553121166022
19252.0,0.10552758910037595
19256.0,0.10552758910037595
19260.0,0.10552758910037595
19264.0,0.10552758910037595
19268.0,0.10552758910037595
19272.0,0.10552758910037595
19276.0,0.10552758910037595
19280.0,0.10552758910037595
19284.0,0.10552758910037595
19288.0,0.10552758910037595
19292.0,0.10552758910037595
19296.0,0.10552758910037595
19300.0,0.10552758910037595
19304.0,0.10552758910037595
19308.0,0.10552758910037595
19312.0,0.10552758910037595
19316.0,0.10552758910037595
19320.0,0.10552758910037595
19324.0,0.10552758910037595
19328.0,0.10552758910037595
19332.0,0.10552758910037595
19336.0,0.10552758910037595
19340.0,0.10552758910037595
19344.0,0.10552758910037595
19348.0,0.10552758910037595
19352.0,0.10552758910037595
19356.0,0.10552758910037595
19360.0,0.10552758910037595
19364.0,0.10552758910037595
19368.0,0.10552758910037595
19372.0,0.10552758910037595
19376.0,0.10552758910037595
19380.0,0.10552758910037595
19384.0,0.10552758910037595
19388.0,0.10552758910037595
19392.0,0.10552758910037595
19396.0,0.10552758910037595
19400.0,0.10552758910037595
19404.0,0.10552758910037595
19408.0,0.10552758910037595
19412.0,0.10552758910037595
19416.0,0.10552758910037595
19420.0,0.10552758910037595
19424.0,0.10552758910037595
19428.0,0.10552758910037595
19432.0,0.10552758910037595
19436.0,0.10552758910037595
19440.0,0.10552758910037595
19444.0,0.10552758910037595
19448.0,0.10552758910037595
19452.0,0.10552758910037595
19456.0,0.10552758910037595
19460.0,0.10552758910037595
19464.0,0.10552758910037595
19468.0,0.10552758910037595
19472.0,0.10382553121166022
19476.0,0.10552758910037595
19480.0,0.10552758910037595
19484.0,0.10552758910037595
19488.0,0.10552758910037595
19492.0,0.10552758910037595
19496.0,0.10552758910037595
19500.0,0.10552758910037595
19504.0,0.10552758910037595
19508.0,0.10552758910037595
19512.0,0.10552758910037595
19516.0,0.10552758910037595
19520.0,0.10552758910037595
19524.0,0.10552758910037595
19528.0,0.10552758910037595
19532.0,0.10552758910037595
19536.0,0.10552758910037595
19540.0,0.10552758910037595
19544.0,0.10552758910037595
19548.0,0.10552758910037595
19552.0,0.10552758910037595
19556.0,0.10552758910037595
19560.0,0.10552758910037595
19564.0,0.10552758910037595
19568.0,0.10552758910037595
19572.0,0.10552758910037595
19576.0,0.10552758910037595
19580.0,0.10552758910037595
19584.0,0.10552758910037595
19588.0,0.10552758910037595
19592.0,0.10552758910037595
19596.0,0.10552758910037595
19600.0,0.10552758910037595
19604.0,0.10552758910037595
19608.0,0.10552758910037595
19612.0,0.10552758910037595
19616.0,0.10552758910037595
19620.0,0.10552758910037595
19624.0,0.10552758910037595
19628.0,0.10552758910037595
19632.0,0.10552758910037595
19636.0,0.10552758910037595
19640.0,0.10552758910037595
19644.0,0.10552758910037595
19648.0,0.10552758910037595
19652.0,0.10552758910037595
19656.0,0.10552758910037595
19660.0,0.10552758910037595
19664.0,0.10552758910037595
19668.0,0.10552758910037595
19672.0,0.10552758910037595
19676.0,0.10552758910037595
19680.0,0.10552758910037595
19684.0,0.10552758910037595
19688.0,0.10552758910037595
19692.0,0.10552758910037595
19696.0,0.10552758910037595
19700.0,0.10552758910037595
19704.0,0.10552758910037595
19708.0,0.10552758910037595
19712.0,0.10552758910037595
19716.0,0.10552758910037595
19720.0,0.10552758910037595
19724.0,0.10552758910037595
19728.0,0.10552758910037595
19732.0,0.10552758910037595
19736.0,0.10552758910037595
19740.0,0.10552758910037595
19744.0,0.10552758910037595
19748.0,0.10552758910037595
19752.0,0.10552758910037595
19756.0,0.10552758910037595
19760.0,0.10552758910037595
19764.0,0.10552758910037595
19768.0,0.10552758910037595
19772.0,0.10552758910037595
19776.0,0.10552758910037595
19780.0,0.10552758910037595
19784.0,0.10552758910037595
19788.0,0.10552758910037595
19792.0,0.10552758910037595
19796.0,0.10552758910037595
19800.0,0.10552758910037595
19804.0,0.10552758910037595
19808.0,0.10552758910037595
19812.0,0.10552758910037595
19816.0,0.10552758910037595
19820.0,0.10552758910037595
19824.0,0.10552758910037595
19828.0,0.10552758910037595
19832.0,0.10382553121166022
19836.0,0.10552758910037595
19840.0,0.10552758910037595
19844.0,0.10552758910037595
19848.0,0.10552758910037595
19852.0,0.10552758910037595
19856.0,0.10552758910037595
19860.0,0.10552758910037595
19864.0,0.10552758910037595
19868.0,0.10552758910037595
19872.0,0.10382553121166022
19876.0,0.10552758910037595
19880.0,0.10382553121166022
19884.0,0.10552758910037595
19888.0,0.10382553121166022
19892.0,0.10552758910037595
19896.0,0.10552758910037595
19900.0,0.10552758910037595
19904.0,0.10552758910037595
19908.0,0.10552758910037595
19912.0,0.10382553121166022
19916.0,0.10552758910037595
19920.0,0.10552758910037595
19924.0,0.10552758910037595
19928.0,0.10552758910037595
19932.0,0.10552758910037595
19936.0,0.10552758910037595
19940.0,0.10552758910037595
19944.0,0.10552758910037595
19948.0,0.10552758910037595
19952.0,0.10552758910037595
19956.0,0.10552758910037595
19960.0,0.10382553121166022
19964.0,0.10552758910037595
19968.0,0.10552758910037595
19972.0,0.10382553121166022
19976.0,0.10552758910037595
19980.0,0.10552758910037595
19984.0,0.10552758910037595
19988.0,0.10552758910037595
19992.0,0.10552758910037595
19996.0,0.10552758910037595
20000.0,0.10552758910037595
20004.0,0.10552758910037595
20008.0,0.10552758910037595
20012.0,0.10552758910037595
20016.0,0.10382553121166022
20020.0,0.10552758910037595
20024.0,0.10382553121166022
20028.0,0.10552758910037595
20032.0,0.10552758910037595
20036.0,0.10552758910037595
20040.0,0.10552758910037595
20044.0,0.10552758910037595
20048.0,0.10552758910037595
20052.0,0.10552758910037595
20056.0,0.10382553121166022
20060.0,0.10552758910037595
20064.0,0.10382553121166022
20068.0,0.10552758910037595
20072.0,0.10552758910037595
20076.0,0.10552758910037595
20080.0,0.10552758910037595
20084.0,0.10552758910037595
20088.0,0.10382553121166022
20092.0,0.10552758910037595
20096.0,0.10552758910037595
20100.0,0.10552758910037595
20104.0,0.10382553121166022
20108.0,0.10552758910037595
20112.0,0.10552758910037595
20116.0,0.10552758910037595
20120.0,0.10552758910037595
20124.0,0.10552758910037595
20128.0,0.10552758910037595
20132.0,0.10382553121166022
20136.0,0.10552758910037595
20140.0,0.10382553121166022
20144.0,0.10382553121166022
20148.0,0.10552758910037595
20152.0,0.10552758910037595
20156.0,0.10552758910037595
20160.0,0.10552758910037595
20164.0,0.10552758910037595
20168.0,0.10552758910037595
20172.0,0.10552758910037595
20176.0,0.10382553121166022
20180.0,0.10552758910037595
20184.0,0.10552758910037595
20188.0,0.10552758910037595
20192.0,0.10552758910037595
20196.0,0.10552758910037595
20200.0,0.10552758910037595
20204.0,0.10382553121166022
20208.0,0.10382553121166022
20212.0,0.10552758910037595
20216.0,0.10382553121166022
20220.0,0.10552758910037595
20224.0,0.10382553121166022
20228.0,0.10552758910037595
20232.0,0.10552758910037595
20236.0,0.10552758910037595
20240.0,0.10382553121166022
20244.0,0.10552758910037595
20248.0,0.10382553121166022
20252.0,0.10552758910037595
20256.0,0.10552758910037595
20260.0,0.10382553121166022
20264.0,0.10552758910037595
20268.0,0.10552758910037595
20272.0,0.10382553121166022
20276.0,0.10552758910037595
20280.0,0.10382553121166022
20284.0,0.10552758910037595
20288.0,0.10382553121166022
20292.0,0.10552758910037595
20296.0,0.10382553121166022
20300.0,0.10552758910037595
20304.0,0.10552758910037595
20308.0,0.10552758910037595
20312.0,0.10382553121166022
20316.0,0.10552758910037595
20320.0,0.10382553121166022
20324.0,0.10552758910037595
20328.0,0.10382553121166022
20332.0,0.10552758910037595
20336.0,0.10552758910037595
20340.0,0.10552758910037595
20344.0,0.10552758910037595
20348.0,0.10382553121166022
20352.0,0.10382553121166022
20356.0,0.10382553121166022
20360.0,0.10382553121166022
20364.0,0.10552758910037595
20368.0,0.10552758910037595
20372.0,0.10552758910037595
20376.0,0.10552758910037595
20380.0,0.10552758910037595
20384.0,0.10552758910037595
20388.0,0.10382553121166022
20392.0,0.10382553121166022
20396.0,0.10382553121166022
20400.0,0.10382553121166022
20404.0,0.10552758910037595
20408.0,0.10552758910037595
20412.0,0.10552758910037595
20416.0,0.10382553121166022
20420.0,0.10552758910037595
20424.0,0.10552758910037595
20428.0,0.10552758910037595
20432.0,0.10552758910037595
20436.0,0.10552758910037595
20440.0,0.10382553121166022
20444.0,0.10552758910037595
20448.0,0.10552758910037595
20452.0,0.10552758910037595
20456.0,0.10382553121166022
20460.0,0.10552758910037595
20464.0,0.10382553121166022
20468.0,0.10382553121166022
20472.0,0.10382553121166022
20476.0,0.10552758910037595
20480.0,0.10382553121166022
20484.0,0.10552758910037595
20488.0,0.10382553121166022
20492.0,0.10552758910037595
20496.0,0.10382553121166022
20500.0,0.10552758910037595
20504.0,0.10382553121166022
20508.0,0.10382553121166022
20512.0,0.10552758910037595
20516.0,0.10552758910037595
20520.0,0.10552758910037595
20524.0,0.10552758910037595
20528.0,0.10552758910037595
20532.0,0.10382553121166022
20536.0,0.10382553121166022
20540.0,0.10382553121166022
20544.0,0.10382553121166022
20548.0,0.10552758910037595
20552.0,0.10552758910037595
20556.0,0.10382553121166022
20560.0,0.10552758910037595
20564.0,0.10552758910037595
20568.0,0.10552758910037595
20572.0,0.10552758910037595
20576.0,0.10552758910037595
20580.0,0.10382553121166022
20584.0,0.10382553121166022
20588.0,0.10382553121166022
20592.0,0.10552758910037595
20596.0,0.10552758910037595
20600.0,0.10552758910037595
20604.0,0.10552758910037595
20608.0,0.10382553121166022
20612.0,0.10552758910037595
20616.0,0.10382553121166022
20620.0,0.10382553121166022
20624.0,0.10382553121166022
20628.0,0.10382553121166022
20632.0,0.10382553121166022
20636.0,0.10552758910037595
20640.0,0.10552758910037595
20644.0,0.10552758910037595
20648.0,0.10382553121166022
20652.0,0.10552758910037595
20656.0,0.10382553121166022
20660.0,0.10552758910037595
20664.0,0.10382553121166022
20668.0,0.10552758910037595
20672.0,0.10382553121166022
20676.0,0.10552758910037595
20680.0,0.10382553121166022
20684.0,0.10552758910037595
20688.0,0.10382553121166022
20692.0,0.10552758910037595
20696.0,0.10382553121166022
20700.0,0.10382553121166022
20704.0,0.10382553121166022
20708.0,0.10382553121166022
20712.0,0.10382553121166022
20716.0,0.10382553121166022
20720.0,0.10382553121166022
20724.0,0.10382553121166022
20728.0,0.10382553121166022
20732.0,0.10382553121166022
20736.0,0.10382553121166022
20740.0,0.10552758910037595
20744.0,0.10382553121166022
20748.0,0.10382553121166022
20752.0,0.10552758910037595
20756.0,0.10552758910037595
20760.0,0.10382553121166022
20764.0,0.10382553121166022
20768.0,0.10382553121166022
20772.0,0.10552758910037595
20776.0,0.10552758910037595
20780.0,0.10552758910037595
20784.0,0.10552758910037595
20788.0,0.10382553121166022
20792.0,0.10552758910037595
20796.0,0.10382553121166022
20800.0,0.10382553121166022
20804.0,0.10382553121166022
20808.0,0.10382553121166022
20812.0,0.10552758910037595
20816.0,0.10382553121166022
20820.0,0.10552758910037595
20824.0,0.10382553121166022
20828.0,0.10552758910037595
20832.0,0.10382553121166022
20836.0,0.10382553121166022
20840.0,0.10382553121166022
20844.0,0.10382553121166022
20848.0,0.10382553121166022
20852.0,0.10552758910037595
20856.0,0.10382553121166022
20860.0,0.10552758910037595
20864.0,0.10382553121166022
20868.0,0.10552758910037595
20872.0,0.10382553121166022
20876.0,0.10382553121166022
20880.0,0.10382553121166022
20884.0,0.10382553121166022
20888.0,0.10382553121166022
20892.0,0.10382553121166022
20896.0,0.10382553121166022
20900.0,0.10552758910037595
20904.0,0.10382553121166022
20908.0,0.10382553121166022
20912.0,0.10382553121166022
20916.0,0.10382553121166022
20920.0,0.10382553121166022
20924.0,0.10382553121166022
20928.0,0.10382553121166022
20932.0,0.10382553121166022
20936.0,0.10552758910037595
20940.0,0.10552758910037595
20944.0,0.10382553121166022
20948.0,0.10382553121166022
20952.0,0.10382553121166022
20956.0,0.10552758910037595
20960.0,0.10552758910037595
20964.0,0.10552758910037595
20968.0,0.10552758910037595
20972.0,0.10382553121166022
20976.0,0.10382553121166022
20980.0,0.10382553121166022
20984.0,0.10382553121166022
20988.0,0.10382553121166022
20992.0,0.10382553121166022
20996.0,0.10382553121166022
21000.0,0.10552758910037595
21004.0,0.10552758910037595
21008.0,0.10382553121166022
21012.0,0.10382553121166022
21016.0,0.10382553121166022
21020.0,0.10382553121166022
21024.0,0.10382553121166022
21028.0,0.10382553121166022
21032.0,0.10382553121166022
21036.0,0.10382553121166022
21040.0,0.10382553121166022
21044.0,0.10552758910037595
21048.0,0.10382553121166022
21052.0,0.10552758910037595
21056.0,0.10382553121166022
21060.0,0.10552758910037595
21064.0,0.10382553121166022
21068.0,0.10552758910037595
21072.0,0.10382553121166022
21076.0,0.10382553121166022
21080.0,0.10382553121166022
21084.0,0.10382553121166022
21088.0,0.10382553121166022
21092.0,0.10552758910037595
21096.0,0.10382553121166022
21100.0,0.10552758910037595
21104.0,0.10382553121166022
21108.0,0.10382553121166022
21112.0,0.10382553121166022
21116.0,0.10552758910037595
21120.0,0.10382553121166022
21124.0,0.10382553121166022
21128.0,0.10382553121166022
21132.0,0.10382553121166022
21136.0,0.10382553121166022
21140.0,0.10382553121166022
21144.0,0.10552758910037595
21148.0,0.10382553121166022
21152.0,0.10552758910037595
21156.0,0.10382553121166022
21160.0,0.10552758910037595
21164.0,0.10382553121166022
21168.0,0.10382553121166022
21172.0,0.10382553121166022
21176.0,0.10382553121166022
21180.0,0.10382553121166022
21184.0,0.10552758910037595
21188.0,0.10382553121166022
21192.0,0.10552758910037595
21196.0,0.10382553121166022
21200.0,0.10382553121166022
21204.0,0.10382553121166022
21208.0,0.10382553121166022
21212.0,0.10382553121166022
21216.0,0.10382553121166022
21220.0,0.10552758910037595
21224.0,0.10382553121166022
21228.0,0.10382553121166022
21232.0,0.10382553121166022
21236.0,0.10382553121166022
21240.0,0.10382553121166022
21244.0,0.10382553121166022
21248.0,0.10382553121166022
21252.0,0.10382553121166022
21256.0,0.10382553121166022
21260.0,0.10382553121166022
21264.0,0.10382553121166022
21268.0,0.10382553121166022
21272.0,0.10382553121166022
21276.0,0.10382553121166022
21280.0,0.10382553121166022
21284.0,0.10382553121166022
21288.0,0.10382553121166022
21292.0,0.10382553121166022
21296.0,0.10382553121166022
21300.0,0.10382553121166022
21304.0,0.10382553121166022
21308.0,0.10382553121166022
21312.0,0.10382553121166022
21316.0,0.10382553121166022
21320.0,0.10382553121166022
21324.0,0.10382553121166022
21328.0,0.10382553121166022
21332.0,0.10382553121166022
21336.0,0.10552758910037595
21340.0,0.10382553121166022
21344.0,0.10382553121166022
21348.0,0.10382553121166022
21352.0,0.10382553121166022
21356.0,0.10382553121166022
21360.0,0.10382553121166022
21364.0,0.10382553121166022
21368.0,0.10552758910037595
21372.0,0.10552758910037595
21376.0,0.10552758910037595
21380.0,0.10382553121166022
21384.0,0.10382553121166022
21388.0,0.10382553121166022
21392.0,0.10382553121166022
21396.0,0.10382553121166022
21400.0,0.10382553121166022
21404.0,0.10382553121166022
21408.0,0.10382553121166022
21412.0,0.10382553121166022
21416.0,0.10382553121166022
21420.0,0.10382553121166022
21424.0,0.10382553121166022
21428.0,0.10382553121166022
21432.0,0.10382553121166022
21436.0,0.10382553121166022
21440.0,0.10382553121166022
21444.0,0.10382553121166022
21448.0,0.10382553121166022
21452.0,0.10382553121166022
21456.0,0.10382553121166022
21460.0,0.10382553121166022
21464.0,0.10382553121166022
21468.0,0.10382553121166022
21472.0,0.10382553121166022
21476.0,0.10382553121166022
21480.0,0.10382553121166022
21484.0,0.10382553121166022
21488.0,0.10382553121166022
21492.0,0.10382553121166022
21496.0,0.10382553121166022
21500.0,0.10382553121166022
21504.0,0.10382553121166022
21508.0,0.10382553121166022
21512.0,0.10382553121166022
21516.0,0.10382553121166022
21520.0,0.10382553121166022
21524.0,0.10382553121166022
21528.0,0.10382553121166022
21532.0,0.10382553121166022
21536.0,0.10382553121166022
21540.0,0.10382553121166022
21544.0,0.10382553121166022
21548.0,0.10382553121166022
21552.0,0.10382553121166022
21556.0,0.10382553121166022
21560.0,0.10382553121166022
21564.0,0.10382553121166022
21568.0,0.10382553121166022
21572.0,0.10382553121166022
21576.0,0.10382553121166022
21580.0,0.10382553121166022
21584.0,0.10382553121166022
21588.0,0.10382553121166022
21592.0,0.10382553121166022
21596.0,0.10382553121166022
21600.0,0.10382553121166022
21604.0,0.10382553121166022
21608.0,0.10382553121166022
21612.0,0.10382553121166022
21616.0,0.10382553121166022
21620.0,0.10382553121166022
21624.0,0.10382553121166022
21628.0,0.10552758910037595
21632.0,0.10382553121166022
21636.0,0.10552758910037595
21640.0,0.10382553121166022
21644.0,0.10382553121166022
21648.0,0.10382553121166022
21652.0,0.10382553121166022
21656.0,0.10382553121166022
21660.0,0.10382553121166022
21664.0,0.10382553121166022
21668.0,0.10552758910037595
21672.0,0.10382553121166022
21676.0,0.10382553121166022
21680.0,0.10382553121166022
21684.0,0.10382553121166022
21688.0,0.10382553121166022
21692.0,0.10382553121166022
21696.0,0.10382553121166022
21700.0,0.10382553121166022
21704.0,0.10382553121166022
21708.0,0.10382553121166022
21712.0,0.10382553121166022
21716.0,0.10382553121166022
21720.0,0.10382553121166022
21724.0,0.10382553121166022
21728.0,0.10382553121166022
21732.0,0.10382553121166022
21736.0,0.10382553121166022
21740.0,0.10382553121166022
21744.0,0.10382553121166022
21748.0,0.10382553121166022
21752.0,0.10382553121166022
21756.0,0.10382553121166022
21760.0,0.10382553121166022
21764.0,0.10382553121166022
21768.0,0.10382553121166022
21772.0,0.10382553121166022
21776.0,0.10382553121166022
21780.0,0.10382553121166022
21784.0,0.10382553121166022
21788.0,0.10382553121166022
21792.0,0.10382553121166022
21796.0,0.10382553121166022
21800.0,0.10382553121166022
21804.0,0.10382553121166022
21808.0,0.10382553121166022
21812.0,0.10382553121166022
21816.0,0.10382553121166022
21820.0,0.10382553121166022
21824.0,0.10382553121166022
21828.0,0.10382553121166022
21832.0,0.10382553121166022
21836.0,0.10382553121166022
21840.0,0.10382553121166022
21844.0,0.10382553121166022
21848.0,0.10382553121166022
21852.0,0.10552758910037595
21856.0,0.10382553121166022
21860.0,0.10382553121166022
21864.0,0.10382553121166022
21868.0,0.10382553121166022
21872.0,0.10382553121166022
21876.0,0.10382553121166022
21880.0,0.10382553121166022
21884.0,0.10382553121166022
21888.0,0.10382553121166022
21892.0,0.10552758910037595
21896.0,0.10382553121166022
21900.0,0.10382553121166022
21904.0,0.10382553121166022
21908.0,0.10382553121166022
21912.0,0.10382553121166022
21916.0,0.10382553121166022
21920.0,0.10382553121166022
21924.0,0.10382553121166022
21928.0,0.10382553121166022
21932.0,0.10382553121166022
21936.0,0.10382553121166022
21940.0,0.10382553121166022
21944.0,0.10382553121166022
21948.0,0.10382553121166022
21952.0,0.10382553121166022
21956.0,0.10382553121166022
21960.0,0.10382553121166022
21964.0,0.10382553121166022
21968.0,0.10382553121166022
21972.0,0.10382553121166022
21976.0,0.10382553121166022
21980.0,0.10382553121166022
21984.0,0.10382553121166022
21988.0,0.10382553121166022
21992.0,0.10382553121166022
21996.0,0.10382553121166022
22000.0,0.10382553121166022
22004.0,0.10382553121166022
22008.0,0.10382553121166022
22012.0,0.10382553121166022
22016.0,0.10382553121166022
22020.0,0.10382553121166022
22024.0,0.10382553121166022
22028.0,0.10382553121166022
22032.0,0.10382553121166022
22036.0,0.10382553121166022
22040.0,0.10382553121166022
22044.0,0.10382553121166022
22048.0,0.10382553121166022
22052.0,0.10382553121166022
22056.0,0.10382553121166022
22060.0,0.10382553121166022
22064.0,0.10382553121166022
22068.0,0.10382553121166022
22072.0,0.10382553121166022
22076.0,0.10382553121166022
22080.0,0.10382553121166022
22084.0,0.10382553121166022
22088.0,0.10382553121166022
22092.0,0.10382553121166022
22096.0,0.10382553121166022
22100.0,0.10382553121166022
22104.0,0.10382553121166022
22108.0,0.10552758910037595
22112.0,0.10382553121166022
22116.0,0.10382553121166022
22120.0,0.10382553121166022
22124.0,0.10382553121166022
22128.0,0.10382553121166022
22132.0,0.10382553121166022
22136.0,0.10382553121166022
22140.0,0.10382553121166022
22144.0,0.10382553121166022
22148.0,0.10382553121166022
22152.0,0.10382553121166022
22156.0,0.10382553121166022
22160.0,0.10382553121166022
22164.0,0.10382553121166022
22168.0,0.10382553121166022
22172.0,0.10382553121166022
22176.0,0.10382553121166022
22180.0,0.10382553121166022
22184.0,0.10382553121166022
22188.0,0.10382553121166022
22192.0,0.10382553121166022
22196.0,0.10382553121166022
22200.0,0.10382553121166022
22204.0,0.10382553121166022
22208.0,0.10382553121166022
22212.0,0.10382553121166022
22216.0,0.10382553121166022
22220.0,0.10382553121166022
22224.0,0.10382553121166022
22228.0,0.10382553121166022
22232.0,0.10382553121166022
22236.0,0.10382553121166022
22240.0,0.10382553121166022
22244.0,0.10382553121166022
22248.0,0.10382553121166022
22252.0,0.10382553121166022
22256.0,0.10382553121166022
22260.0,0.10382553121166022
22264.0,0.10382553121166022
22268.0,0.10382553121166022
22272.0,0.10382553121166022
22276.0,0.10382553121166022
22280.0,0.10382553121166022
22284.0,0.10382553121166022
22288.0,0.10382553121166022
22292.0,0.10382553121166022
22296.0,0.10382553121166022
22300.0,0.10382553121166022
22304.0,0.10382553121166022
22308.0,0.10382553121166022
22312.0,0.10382553121166022
22316.0,0.10382553121166022
22320.0,0.10382553121166022
22324.0,0.10382553121166022
22328.0,0.10382553121166022
22332.0,0.10382553121166022
22336.0,0.10382553121166022
22340.0,0.10382553121166022
22344.0,0.10382553121166022
22348.0,0.10382553121166022
22352.0,0.10382553121166022
22356.0,0.10382553121166022
22360.0,0.10382553121166022
22364.0,0.10382553121166022
22368.0,0.10382553121166022
22372.0,0.10382553121166022
22376.0,0.10382553121166022
22380.0,0.10382553121166022
22384.0,0.10382553121166022
22388.0,0.10382553121166022
22392.0,0.10382553121166022
22396.0,0.10382553121166022
22400.0,0.10382553121166022
22404.0,0.10382553121166022
22408.0,0.10382553121166022
22412.0,0.10382553121166022
22416.0,0.10382553121166022
22420.0,0.10382553121166022
22424.0,0.10382553121166022
22428.0,0.10382553121166022
22432.0,0.10382553121166022
22436.0,0.10382553121166022
22440.0,0.10382553121166022
22444.0,0.10382553121166022
22448.0,0.10382553121166022
22452.0,0.10382553121166022
22456.0,0.10382553121166022
22460.0,0.10382553121166022
22464.0,0.10382553121166022
22468.0,0.10382553121166022
22472.0,0.10382553121166022
22476.0,0.10382553121166022
22480.0,0.10382553121166022
22484.0,0.10382553121166022
22488.0,0.10382553121166022
22492.0,0.10382553121166022
22496.0,0.10382553121166022
22500.0,0.10382553121166022
22504.0,0.10382553121166022
22508.0,0.10382553121166022
22512.0,0.10382553121166022
22516.0,0.10382553121166022
22520.0,0.10382553121166022
22524.0,0.10382553121166022
22528.0,0.10382553121166022
22532.0,0.10382553121166022
22536.0,0.10382553121166022
22540.0,0.10382553121166022
22544.0,0.10382553121166022
22548.0,0.10382553121166022
22552.0,0.10382553121166022
22556.0,0.10382553121166022
22560.0,0.10382553121166022
22564.0,0.10382553121166022
22568.0,0.10382553121166022
22572.0,0.10382553121166022
22576.0,0.10382553121166022
22580.0,0.10382553121166022
22584.0,0.10382553121166022
22588.0,0.10382553121166022
22592.0,0.10382553121166022
22596.0,0.10382553121166022
22600.0,0.10382553121166022
22604.0,0.10382553121166022
22608.0,0.10382553121166022
22612.0,0.10382553121166022
22616.0,0.10382553121166022
22620.0,0.10382553121166022
22624.0,0.10382553121166022
22628.0,0.10382553121166022
22632.0,0.10382553121166022
22636.0,0.10382553121166022
22640.0,0.10382553121166022
22644.0,0.10382553121166022
22648.0,0.10382553121166022
22652.0,0.10382553121166022
22656.0,0.10382553121166022
22660.0,0.10382553121166022
22664.0,0.10382553121166022
22668.0,0.10382553121166022
22672.0,0.10382553121166022
22676.0,0.10382553121166022
22680.0,0.10382553121166022
22684.0,0.10382553121166022
22688.0,0.10382553121166022
22692.0,0.10382553121166022
22696.0,0.10382553121166022
22700.0,0.10382553121166022
22704.0,0.10382553121166022
22708.0,0.10382553121166022
22712.0,0.10382553121166022
22716.0,0.10382553121166022
22720.0,0.10382553121166022
22724.0,0.10382553121166022
22728.0,0.10382553121166022
22732.0,0.10382553121166022
22736.0,0.10382553121166022
22740.0,0.10382553121166022
22744.0,0.10382553121166022
22748.0,0.10382553121166022
22752.0,0.10382553121166022
22756.0,0.10382553121166022
22760.0,0.10382553121166022
22764.0,0.10382553121166022
22768.0,0.10382553121166022
22772.0,0.10382553121166022
22776.0,0.10382553121166022
22780.0,0.10382553121166022
22784.0,0.10382553121166022
22788.0,0.10382553121166022
22792.0,0.10382553121166022
22796.0,0.10382553121166022
22800.0,0.10382553121166022
22804.0,0.10382553121166022
22808.0,0.10382553121166022
22812.0,0.10382553121166022
22816.0,0.10382553121166022
22820.0,0.10382553121166022
22824.0,0.10382553121166022
22828.0,0.10382553121166022
22832.0,0.10382553121166022
22836.0,0.10382553121166022
22840.0,0.10382553121166022
22844.0,0.10382553121166022
22848.0,0.10382553121166022
22852.0,0.10382553121166022
22856.0,0.10382553121166022
22860.0,0.10382553121166022
22864.0,0.10382553121166022
22868.0,0.10382553121166022
22872.0,0.10382553121166022
22876.0,0.10382553121166022
22880.0,0.10382553121166022
22884.0,0.10382553121166022
22888.0,0.10382553121166022
22892.0,0.10382553121166022
22896.0,0.10382553121166022
22900.0,0.10382553121166022
22904.0,0.10382553121166022
22908.0,0.10382553121166022
22912.0,0.10382553121166022
22916.0,0.10382553121166022
22920.0,0.10382553121166022
22924.0,0.10382553121166022
22928.0,0.10382553121166022
22932.0,0.10382553121166022
22936.0,0.10382553121166022
22940.0,0.10382553121166022
22944.0,0.10382553121166022
22948.0,0.10382553121166022
22952.0,0.10382553121166022
22956.0,0.10382553121166022
22960.0,0.10382553121166022
22964.0,0.10382553121166022
22968.0,0.10382553121166022
22972.0,0.10382553121166022
22976.0,0.10382553121166022
22980.0,0.10382553121166022
22984.0,0.10382553121166022
22988.0,0.10382553121166022
22992.0,0.10382553121166022
22996.0,0.10382553121166022
23000.0,0.10382553121166022
23004.0,0.10382553121166022
23008.0,0.10382553121166022
23012.0,0.10382553121166022
23016.0,0.10382553121166022
23020.0,0.10382553121166022
23024.0,0.10382553121166022
23028.0,0.10382553121166022
23032.0,0.10382553121166022
23036.0,0.10382553121166022
23040.0,0.10382553121166022
23044.0,0.10382553121166022
23048.0,0.10382553121166022
23052.0,0.10382553121166022
23056.0,0.10382553121166022
23060.0,0.10382553121166022
23064.0,0.10382553121166022
23068.0,0.10382553121166022
23072.0,0.10382553121166022
23076.0,0.10382553121166022
23080.0,0.10382553121166022
23084.0,0.10382553121166022
23088.0,0.10382553121166022
23092.0,0.10382553121166022
23096.0,0.10382553121166022
23100.0,0.10382553121166022
23104.0,0.10382553121166022
23108.0,0.10382553121166022
23112.0,0.10382553121166022
23116.0,0.10382553121166022
23120.0,0.10382553121166022
23124.0,0.10382553121166022
23128.0,0.10382553121166022
23132.0,0.10382553121166022
23136.0,0.10382553121166022
23140.0,0.10382553121166022
23144.0,0.10382553121166022
23148.0,0.10382553121166022
23152.0,0.10382553121166022
23156.0,0.10382553121166022
23160.0,0.10382553121166022
23164.0,0.10382553121166022
23168.0,0.10382553121166022
23172.0,0.10382553121166022
23176.0,0.10382553121166022
23180.0,0.10382553121166022
23184.0,0.10382553121166022
23188.0,0.10382553121166022
23192.0,0.10382553121166022
23196.0,0.10382553121166022
23200.0,0.10382553121166022
23204.0,0.10382553121166022
23208.0,0.10382553121166022
23212.0,0.10382553121166022
23216.0,0.10382553121166022
23220.0,0.10382553121166022
23224.0,0.10382553121166022
23228.0,0.10382553121166022
23232.0,0.10382553121166022
23236.0,0.10382553121166022
23240.0,0.10382553121166022
23244.0,0.10382553121166022
23248.0,0.10382553121166022
23252.0,0.10382553121166022
23256.0,0.10382553121166022
23260.0,0.10382553121166022
23264.0,0.10382553121166022
23268.0,0.10382553121166022
23272.0,0.10382553121166022
23276.0,0.10382553121166022
23280.0,0.10382553121166022
23284.0,0.10382553121166022
23288.0,0.10382553121166022
23292.0,0.10382553121166022
23296.0,0.10382553121166022
23300.0,0.10382553121166022
23304.0,0.10382553121166022
23308.0,0.10382553121166022
23312.0,0.10382553121166022
23316.0,0.10382553121166022
23320.0,0.10382553121166022
23324.0,0.10382553121166022
23328.0,0.10382553121166022
23332.0,0.10382553121166022
23336.0,0.10382553121166022
23340.0,0.10382553121166022
23344.0,0.10382553121166022
23348.0,0.10382553121166022
23352.0,0.10382553121166022
23356.0,0.10382553121166022
23360.0,0.10382553121166022
23364.0,0.10382553121166022
23368.0,0.10382553121166022
23372.0,0.10382553121166022
23376.0,0.10382553121166022
23380.0,0.10382553121166022
23384.0,0.10382553121166022
23388.0,0.10382553121166022
23392.0,0.10382553121166022
23396.0,0.10382553121166022
23400.0,0.10382553121166022
23404.0,0.10382553121166022
23408.0,0.10382553121166022
23412.0,0.10382553121166022
23416.0,0.10382553121166022
23420.0,0.10382553121166022
23424.0,0.10382553121166022
23428.0,0.10382553121166022
23432.0,0.10382553121166022
23436.0,0.10382553121166022
23440.0,0.10382553121166022
23444.0,0.10382553121166022
23448.0,0.10382553121166022
23452.0,0.10382553121166022
23456.0,0.10382553121166022
23460.0,0.10382553121166022
23464.0,0.10382553121166022
23468.0,0.10382553121166022
23472.0,0.10382553121166022
23476.0,0.10382553121166022
23480.0,0.10382553121166022
23484.0,0.10382553121166022
23488.0,0.10382553121166022
23492.0,0.10382553121166022
23496.0,0.10382553121166022
23500.0,0.10382553121166022
23504.0,0.10382553121166022
23508.0,0.10382553121166022
23512.0,0.10382553121166022
23516.0,0.10382553121166022
23520.0,0.10382553121166022
23524.0,0.10382553121166022
23528.0,0.10382553121166022
23532.0,0.10382553121166022
23536.0,0.10382553121166022
23540.0,0.10382553121166022
23544.0,0.10382553121166022
23548.0,0.10382553121166022
23552.0,0.10382553121166022
23556.0,0.10382553121166022
23560.0,0.10382553121166022
23564.0,0.10382553121166022
23568.0,0.10382553121166022
23572.0,0.10382553121166022
23576.0,0.10382553121166022
23580.0,0.10382553121166022
23584.0,0.10382553121166022
23588.0,0.10382553121166022
23592.0,0.10382553121166022
23596.0,0.10382553121166022
23600.0,0.10382553121166022
23604.0,0.10382553121166022
23608.0,0.10382553121166022
23612.0,0.10382553121166022
23616.0,0.10382553121166022
23620.0,0.10382553121166022
23624.0,0.10382553121166022
23628.0,0.10382553121166022
23632.0,0.10382553121166022
23636.0,0.10382553121166022
23640.0,0.10382553121166022
23644.0,0.10382553121166022
23648.0,0.10382553121166022
23652.0,0.10382553121166022
23656.0,0.10382553121166022
23660.0,0.10382553121166022
23664.0,0.10212347332294447
23668.0,0.10382553121166022
23672.0,0.10382553121166022
23676.0,0.10382553121166022
23680.0,0.10382553121166022
23684.0,0.10382553121166022
23688.0,0.10382553121166022
23692.0,0.10382553121166022
23696.0,0.10382553121166022
23700.0,0.10382553121166022
23704.0,0.10382553121166022
23708.0,0.10382553121166022
23712.0,0.10382553121166022
23716.0,0.10382553121166022
23720.0,0.10382553121166022
23724.0,0.10382553121166022
23728.0,0.10382553121166022
23732.0,0.10382553121166022
23736.0,0.10382553121166022
23740.0,0.10382553121166022
23744.0,0.10382553121166022
23748.0,0.10382553121166022
23752.0,0.10382553121166022
23756.0,0.10382553121166022
23760.0,0.10382553121166022
23764.0,0.10382553121166022
23768.0,0.10382553121166022
23772.0,0.10382553121166022
23776.0,0.10382553121166022
23780.0,0.10382553121166022
23784.0,0.10382553121166022
23788.0,0.10382553121166022
23792.0,0.10382553121166022
23796.0,0.10382553121166022
23800.0,0.10382553121166022
23804.0,0.10382553121166022
23808.0,0.10382553121166022
23812.0,0.10382553121166022
23816.0,0.10382553121166022
23820.0,0.10382553121166022
23824.0,0.10382553121166022
23828.0,0.10382553121166022
23832.0,0.10382553121166022
23836.0,0.10382553121166022
23840.0,0.10382553121166022
23844.0,0.10382553121166022
23848.0,0.10382553121166022
23852.0,0.10382553121166022
23856.0,0.10382553121166022
23860.0,0.10382553121166022
23864.0,0.10382553121166022
23868.0,0.10382553121166022
23872.0,0.10382553121166022
23876.0,0.10382553121166022
23880.0,0.10212347332294447
23884.0,0.10382553121166022
23888.0,0.10382553121166022
23892.0,0.10382553121166022
23896.0,0.10382553121166022
23900.0,0.10382553121166022
23904.0,0.10382553121166022
23908.0,0.10382553121166022
23912.0,0.10382553121166022
23916.0,0.10382553121166022
23920.0,0.10382553121166022
23924.0,0.10382553121166022
23928.0,0.10382553121166022
23932.0,0.10212347332294447
23936.0,0.10382553121166022
23940.0,0.10382553121166022
23944.0,0.10382553121166022
23948.0,0.10382553121166022
23952.0,0.10382553121166022
23956.0,0.10382553121166022
23960.0,0.10382553121166022
23964.0,0.10382553121166022
23968.0,0.10382553121166022
23972.0,0.10382553121166022
23976.0,0.10382553121166022
23980.0,0.10382553121166022
23984.0,0.10382553121166022
23988.0,0.10382553121166022
23992.0,0.10382553121166022
23996.0,0.10382553121166022
24000.0,0.10382553121166022
24004.0,0.10382553121166022
24008.0,0.10382553121166022
24012.0,0.10382553121166022
24016.0,0.10382553121166022
24020.0,0.10382553121166022
24024.0,0.10382553121166022
24028.0,0.10382553121166022
24032.0,0.10382553121166022
24036.0,0.10382553121166022
24040.0,0.10382553121166022
24044.0,0.10382553121166022
24048.0,0.10382553121166022
24052.0,0.10382553121166022
24056.0,0.10382553121166022
24060.0,0.10382553121166022
24064.0,0.10212347332294447
24068.0,0.10382553121166022
24072.0,0.10212347332294447
24076.0,0.10382553121166022
24080.0,0.10382553121166022
24084.0,0.10382553121166022
24088.0,0.10382553121166022
24092.0,0.10382553121166022
24096.0,0.10382553121166022
24100.0,0.10382553121166022
24104.0,0.10212347332294447
24108.0,0.10212347332294447
24112.0,0.10212347332294447
24116.0,0.10382553121166022
24120.0,0.10382553121166022
24124.0,0.10382553121166022
24128.0,0.10382553121166022
24132.0,0.10382553121166022
24136.0,0.10382553121166022
24140.0,0.10382553121166022
24144.0,0.10382553121166022
24148.0,0.10212347332294447
24152.0,0.10382553121166022
24156.0,0.10382553121166022
24160.0,0.10382553121166022
24164.0,0.10382553121166022
24168.0,0.10382553121166022
24172.0,0.10382553121166022
24176.0,0.10382553121166022
24180.0,0.10382553121166022
24184.0,0.10382553121166022
24188.0,0.10212347332294447
24192.0,0.10382553121166022
24196.0,0.10382553121166022
24200.0,0.10382553121166022
24204.0,0.10382553121166022
24208.0,0.10382553121166022
24212.0,0.10382553121166022
24216.0,0.10382553121166022
24220.0,0.10382553121166022
24224.0,0.10382553121166022
24228.0,0.10382553121166022
24232.0,0.10382553121166022
24236.0,0.10382553121166022
24240.0,0.10382553121166022
24244.0,0.10382553121166022
24248.0,0.10382553121166022
24252.0,0.10382553121166022
24256.0,0.10382553121166022
24260.0,0.10382553121166022
24264.0,0.10382553121166022
24268.0,0.10382553121166022
24272.0,0.10382553121166022
24276.0,0.10382553121166022
24280.0,0.10382553121166022
24284.0,0.10382553121166022
24288.0,0.10212347332294447
24292.0,0.10382553121166022
24296.0,0.10382553121166022
24300.0,0.10382553121166022
24304.0,0.10382553121166022
24308.0,0.10382553121166022
24312.0,0.10382553121166022
24316.0,0.10382553121166022
24320.0,0.10382553121166022
24324.0,0.10212347332294447
24328.0,0.10212347332294447
24332.0,0.10382553121166022
24336.0,0.10382553121166022
24340.0,0.10382553121166022
24344.0,0.10382553121166022
24348.0,0.10382553121166022
24352.0,0.10382553121166022
24356.0,0.10382553121166022
24360.0,0.10382553121166022
24364.0,0.10212347332294447
24368.0,0.10382553121166022
24372.0,0.10382553121166022
24376.0,0.10382553121166022
24380.0,0.10382553121166022
24384.0,0.10382553121166022
24388.0,0.10382553121166022
24392.0,0.10382553121166022
24396.0,0.10382553121166022
24400.0,0.10382553121166022
24404.0,0.10382553121166022
24408.0,0.10212347332294447
24412.0,0.10382553121166022
24416.0,0.10382553121166022
24420.0,0.10382553121166022
24424.0,0.10382553121166022
24428.0,0.10382553121166022
24432.0,0.10382553121166022
24436.0,0.10382553121166022
24440.0,0.10382553121166022
24444.0,0.10382553121166022
24448.0,0.10382553121166022
24452.0,0.10382553121166022
24456.0,0.10382553121166022
24460.0,0.10382553121166022
24464.0,0.10382553121166022
24468.0,0.10382553121166022
24472.0,0.10382553121166022
24476.0,0.10382553121166022
24480.0,0.10382553121166022
24484.0,0.10382553121166022
24488.0,0.10382553121166022
24492.0,0.10382553121166022
24496.0,0.10382553121166022
24500.0,0.10382553121166022
24504.0,0.10382553121166022
24508.0,0.10382553121166022
24512.0,0.10382553121166022
24516.0,0.10382553121166022
24520.0,0.10382553121166022
24524.0,0.10382553121166022
24528.0,0.10382553121166022
24532.0,0.10382553121166022
24536.0,0.10382553121166022
24540.0,0.10382553121166022
24544.0,0.10382553121166022
24548.0,0.10382553121166022
24552.0,0.10382553121166022
24556.0,0.10382553121166022
24560.0,0.10382553121166022
24564.0,0.10382553121166022
24568.0,0.10382553121166022
24572.0,0.10382553121166022
24576.0,0.10382553121166022
24580.0,0.10382553121166022
24584.0,0.10382553121166022
24588.0,0.10212347332294447
24592.0,0.10212347332294447
24596.0,0.10382553121166022
24600.0,0.10382553121166022
24604.0,0.10382553121166022
24608.0,0.10382553121166022
24612.0,0.10382553121166022
24616.0,0.10382553121166022
24620.0,0.10382553121166022
24624.0,0.10212347332294447
24628.0,0.10382553121166022
24632.0,0.10212347332294447
24636.0,0.10382553121166022
24640.0,0.10382553121166022
24644.0,0.10382553121166022
24648.0,0.10382553121166022
24652.0,0.10382553121166022
24656.0,0.10382553121166022
24660.0,0.10382553121166022
24664.0,0.10212347332294447
24668.0,0.10382553121166022
24672.0,0.10382553121166022
24676.0,0.10382553121166022
24680.0,0.10382553121166022
24684.0,0.10382553121166022
24688.0,0.10382553121166022
24692.0,0.10382553121166022
24696.0,0.10382553121166022
24700.0,0.10382553121166022
24704.0,0.10382553121166022
24708.0,0.10382553121166022
24712.0,0.10382553121166022
24716.0,0.10382553121166022
24720.0,0.10382553121166022
24724.0,0.10382553121166022
24728.0,0.10382553121166022
24732.0,0.10382553121166022
24736.0,0.10382553121166022
24740.0,0.10382553121166022
24744.0,0.10382553121166022
24748.0,0.10382553121166022
24752.0,0.10382553121166022
24756.0,0.10382553121166022
24760.0,0.10382553121166022
24764.0,0.10382553121166022
24768.0,0.10212347332294447
24772.0,0.10382553121166022
24776.0,0.10382553121166022
24780.0,0.10382553121166022
24784.0,0.10382553121166022
24788.0,0.10382553121166022
24792.0,0.10382553121166022
24796.0,0.10382553121166022
24800.0,0.10382553121166022
24804.0,0.10382553121166022
24808.0,0.10212347332294447
24812.0,0.10382553121166022
24816.0,0.10382553121166022
24820.0,0.10382553121166022
24824.0,0.10382553121166022
24828.0,0.10382553121166022
24832.0,0.10382553121166022
24836.0,0.10382553121166022
24840.0,0.10382553121166022
24844.0,0.10382553121166022
24848.0,0.10382553121166022
24852.0,0.10212347332294447
24856.0,0.10382553121166022
24860.0,0.10382553121166022
24864.0,0.10382553121166022
24868.0,0.10382553121166022
24872.0,0.10382553121166022
24876.0,0.10382553121166022
24880.0,0.10382553121166022
24884.0,0.10382553121166022
24888.0,0.10212347332294447
24892.0,0.10382553121166022
24896.0,0.10382553121166022
24900.0,0.10382553121166022
24904.0,0.10382553121166022
24908.0,0.10382553121166022
24912.0,0.10382553121166022
24916.0,0.10382553121166022
24920.0,0.10382553121166022
24924.0,0.10382553121166022
24928.0,0.10382553121166022
24932.0,0.10382553121166022
24936.0,0.10382553121166022
24940.0,0.10382553121166022
24944.0,0.10382553121166022
24948.0,0.10382553121166022
24952.0,0.10382553121166022
24956.0,0.10212347332294447
24960.0,0.10382553121166022
24964.0,0.10382553121166022
24968.0,0.10382553121166022
24972.0,0.10382553121166022
24976.0,0.10382553121166022
24980.0,0.10382553121166022
24984.0,0.10382553121166022
24988.0,0.10382553121166022
24992.0,0.10382553121166022
24996.0,0.10212347332294447
25000.0,0.10382553121166022
25004.0,0.10382553121166022
25008.0,0.10382553121166022
25012.0,0.10382553121166022
25016.0,0.10382553121166022
25020.0,0.10382553121166022
25024.0,0.10382553121166022
25028.0,0.10382553121166022
25032.0,0.10382553121166022
25036.0,0.10382553121166022
25040.0,0.10382553121166022
25044.0,0.10382553121166022
25048.0,0.10382553121166022
25052.0,0.10382553121166022
25056.0,0.10382553121166022
25060.0,0.10382553121166022
25064.0,0.10382553121166022
25068.0,0.10382553121166022
25072.0,0.10382553121166022
25076.0,0.10382553121166022
25080.0,0.10382553121166022
25084.0,0.10382553121166022
25088.0,0.10382553121166022
25092.0,0.10382553121166022
25096.0,0.10382553121166022
25100.0,0.10382553121166022
25104.0,0.10382553121166022
25108.0,0.10382553121166022
25112.0,0.10382553121166022
25116.0,0.10382553121166022
25120.0,0.10382553121166022
25124.0,0.10382553121166022
25128.0,0.10382553121166022
25132.0,0.10382553121166022
25136.0,0.10382553121166022
25140.0,0.10382553121166022
25144.0,0.10382553121166022
25148.0,0.10382553121166022
25152.0,0.10382553121166022
25156.0,0.10382553121166022
25160.0,0.10382553121166022
25164.0,0.10382553121166022
25168.0,0.10382553121166022
25172.0,0.10382553121166022
25176.0,0.10212347332294447
25180.0,0.10212347332294447
25184.0,0.10212347332294447
25188.0,0.10382553121166022
25192.0,0.10382553121166022
25196.0,0.10382553121166022
25200.0,0.10382553121166022
25204.0,0.10382553121166022
25208.0,0.10382553121166022
25212.0,0.10382553121166022
25216.0,0.10382553121166022
25220.0,0.10382553121166022
25224.0,0.10212347332294447
25228.0,0.10382553121166022
25232.0,0.10382553121166022
25236.0,0.10382553121166022
25240.0,0.10382553121166022
25244.0,0.10382553121166022
25248.0,0.10382553121166022
25252.0,0.10382553121166022
25256.0,0.10382553121166022
25260.0,0.10382553121166022
25264.0,0.10212347332294447
25268.0,0.10382553121166022
25272.0,0.10382553121166022
25276.0,0.10382553121166022
25280.0,0.10382553121166022
25284.0,0.10382553121166022
25288.0,0.10212347332294447
25292.0,0.10382553121166022
25296.0,0.10382553121166022
25300.0,0.10382553121166022
25304.0,0.10382553121166022
25308.0,0.10382553121166022
25312.0,0.10382553121166022
25316.0,0.10382553121166022
25320.0,0.10382553121166022
25324.0,0.10212347332294447
25328.0,0.10382553121166022
25332.0,0.10382553121166022
25336.0,0.10382553121166022
25340.0,0.10382553121166022
25344.0,0.10382553121166022
25348.0,0.10382553121166022
25352.0,0.10382553121166022
25356.0,0.10382553121166022
25360.0,0.10212347332294447
25364.0,0.10212347332294447
25368.0,0.10382553121166022
25372.0,0.10382553121166022
25376.0,0.10382553121166022
25380.0,0.10382553121166022
25384.0,0.10382553121166022
25388.0,0.10382553121166022
25392.0,0.10382553121166022
25396.0,0.10212347332294447
25400.0,0.10212347332294447
25404.0,0.10212347332294447
25408.0,0.10212347332294447
25412.0,0.10382553121166022
25416.0,0.10382553121166022
25420.0,0.10382553121166022
25424.0,0.10382553121166022
25428.0,0.10382553121166022
25432.0,0.10382553121166022
25436.0,0.10382553121166022
25440.0,0.10212347332294447
25444.0,0.10212347332294447
25448.0,0.10382553121166022
25452.0,0.10382553121166022
25456.0,0.10382553121166022
25460.0,0.10382553121166022
25464.0,0.10382553121166022
25468.0,0.10382553121166022
25472.0,0.10212347332294447
25476.0,0.10382553121166022
25480.0,0.10212347332294447
25484.0,0.10382553121166022
25488.0,0.10382553121166022
25492.0,0.10382553121166022
25496.0,0.10382553121166022
25500.0,0.10382553121166022
25504.0,0.10382553121166022
25508.0,0.10382553121166022
25512.0,0.10212347332294447
25516.0,0.10382553121166022
25520.0,0.10382553121166022
25524.0,0.10382553121166022
25528.0,0.10382553121166022
25532.0,0.10382553121166022
25536.0,0.10382553121166022
25540.0,0.10212347332294447
25544.0,0.10212347332294447
25548.0,0.10382553121166022
25552.0,0.10382553121166022
25556.0,0.10382553121166022
25560.0,0.10382553121166022
25564.0,0.10382553121166022
25568.0,0.10382553121166022
25572.0,0.10382553121166022
25576.0,0.10382553121166022
25580.0,0.10212347332294447
25584.0,0.10382553121166022
25588.0,0.10382553121166022
25592.0,0.10382553121166022
25596.0,0.10382553121166022
25600.0,0.10382553121166022
25604.0,0.10382553121166022
25608.0,0.10382553121166022
25612.0,0.10382553121166022
25616.0,0.10212347332294447
25620.0,0.10212347332294447
25624.0,0.10212347332294447
25628.0,0.10382553121166022
25632.0,0.10212347332294447
25636.0,0.10382553121166022
25640.0,0.10212347332294447
25644.0,0.10382553121166022
25648.0,0.10382553121166022
25652.0,0.10382553121166022
25656.0,0.10212347332294447
25660.0,0.10212347332294447
25664.0,0.10212347332294447
25668.0,0.10212347332294447
25672.0,0.10382553121166022
25676.0,0.10382553121166022
25680.0,0.10382553121166022
25684.0,0.10382553121166022
25688.0,0.10212347332294447
25692.0,0.10382553121166022
25696.0,0.10212347332294447
25700.0,0.10212347332294447
25704.0,0.10212347332294447
25708.0,0.10382553121166022
25712.0,0.10382553121166022
25716.0,0.10382553121166022
25720.0,0.10382553121166022
25724.0,0.10382553121166022
25728.0,0.10382553121166022
25732.0,0.10382553121166022
25736.0,0.10382553121166022
25740.0,0.10212347332294447
25744.0,0.10382553121166022
25748.0,0.10382553121166022
25752.0,0.10382553121166022
25756.0,0.10212347332294447
25760.0,0.10212347332294447
25764.0,0.10212347332294447
25768.0,0.10382553121166022
25772.0,0.10382553121166022
25776.0,0.10382553121166022
25780.0,0.10382553121166022
25784.0,0.10382553121166022
25788.0,0.10212347332294447
25792.0,0.10382553121166022
25796.0,0.10212347332294447
25800.0,0.10212347332294447
25804.0,0.10212347332294447
25808.0,0.10212347332294447
25812.0,0.10382553121166022
25816.0,0.10382553121166022
25820.0,0.10212347332294447
25824.0,0.10212347332294447
25828.0,0.10382553121166022
25832.0,0.10382553121166022
25836.0,0.10212347332294447
25840.0,0.10212347332294447
25844.0,0.10212347332294447
25848.0,0.10212347332294447
25852.0,0.10382553121166022
25856.0,0.10212347332294447
25860.0,0.10212347332294447
25864.0,0.10212347332294447
25868.0,0.10382553121166022
25872.0,0.10212347332294447
25876.0,0.10212347332294447
25880.0,0.10212347332294447
25884.0,0.10212347332294447
25888.0,0.10212347332294447
25892.0,0.10382553121166022
25896.0,0.10382553121166022
25900.0,0.10212347332294447
25904.0,0.10212347332294447
25908.0,0.10212347332294447
25912.0,0.10382553121166022
25916.0,0.10212347332294447
25920.0,0.10212347332294447
25924.0,0.10212347332294447
25928.0,0.10212347332294447
25932.0,0.10382553121166022
25936.0,0.10212347332294447
25940.0,0.10212347332294447
25944.0,0.10212347332294447
25948.0,0.10212347332294447
25952.0,0.10382553121166022
25956.0,0.10212347332294447
25960.0,0.10212347332294447
25964.0,0.10212347332294447
25968.0,0.10212347332294447
25972.0,0.10212347332294447
25976.0,0.10212347332294447
25980.0,0.10382553121166022
25984.0,0.10382553121166022
25988.0,0.10212347332294447
25992.0,0.10212347332294447
25996.0,0.10212347332294447
26000.0,0.10382553121166022
26004.0,0.10382553121166022
26008.0,0.10382553121166022
26012.0,0.10212347332294447
26016.0,0.10212347332294447
26020.0,0.10212347332294447
26024.0,0.10212347332294447
26028.0,0.10382553121166022
26032.0,0.10212347332294447
26036.0,0.10382553121166022
26040.0,0.10212347332294447
26044.0,0.10382553121166022
26048.0,0.10382553121166022
26052.0,0.10382553121166022
26056.0,0.10212347332294447
26060.0,0.10212347332294447
26064.0,0.10212347332294447
26068.0,0.10212347332294447
26072.0,0.10212347332294447
26076.0,0.10212347332294447
26080.0,0.10212347332294447
26084.0,0.10212347332294447
26088.0,0.10212347332294447
26092.0,0.10382553121166022
26096.0,0.10212347332294447
26100.0,0.10212347332294447
26104.0,0.10212347332294447
26108.0,0.10212347332294447
26112.0,0.10382553121166022
26116.0,0.10212347332294447
26120.0,0.10212347332294447
26124.0,0.10212347332294447
26128.0,0.10212347332294447
26132.0,0.10382553121166022
26136.0,0.10212347332294447
26140.0,0.10212347332294447
26144.0,0.10212347332294447
26148.0,0.10212347332294447
26152.0,0.10212347332294447
26156.0,0.10382553121166022
26160.0,0.10382553121166022
26164.0,0.10212347332294447
26168.0,0.10212347332294447
26172.0,0.10212347332294447
26176.0,0.10382553121166022
26180.0,0.10212347332294447
26184.0,0.10212347332294447
26188.0,0.10212347332294447
26192.0,0.10212347332294447
26196.0,0.10212347332294447
26200.0,0.10212347332294447
26204.0,0.10382553121166022
26208.0,0.10382553121166022
26212.0,0.10382553121166022
26216.0,0.10212347332294447
26220.0,0.10382553121166022
26224.0,0.10212347332294447
26228.0,0.10382553121166022
26232.0,0.10212347332294447
26236.0,0.10212347332294447
26240.0,0.10212347332294447
26244.0,0.10212347332294447
26248.0,0.10212347332294447
26252.0,0.10382553121166022
26256.0,0.10212347332294447
26260.0,0.10212347332294447
26264.0,0.10212347332294447
26268.0,0.10382553121166022
26272.0,0.10212347332294447
26276.0,0.10212347332294447
26280.0,0.10212347332294447
26284.0,0.10212347332294447
26288.0,0.10212347332294447
26292.0,0.10382553121166022
26296.0,0.10212347332294447
26300.0,0.10212347332294447
26304.0,0.10212347332294447
26308.0,0.10212347332294447
26312.0,0.10382553121166022
26316.0,0.10212347332294447
26320.0,0.10212347332294447
26324.0,0.10212347332294447
26328.0,0.10212347332294447
26332.0,0.10212347332294447
26336.0,0.10212347332294447
26340.0,0.10212347332294447
26344.0,0.10212347332294447
26348.0,0.10212347332294447
26352.0,0.10382553121166022
26356.0,0.10212347332294447
26360.0,0.10212347332294447
26364.0,0.10212347332294447
26368.0,0.10212347332294447
26372.0,0.10212347332294447
26376.0,0.10212347332294447
26380.0,0.10212347332294447
26384.0,0.10212347332294447
26388.0,0.10212347332294447
26392.0,0.10212347332294447
26396.0,0.10382553121166022
26400.0,0.10212347332294447
26404.0,0.10212347332294447
26408.0,0.10212347332294447
26412.0,0.10212347332294447
26416.0,0.10212347332294447
26420.0,0.10212347332294447
26424.0,0.10212347332294447
26428.0,0.10382553121166022
26432.0,0.10212347332294447
26436.0,0.10382553121166022
26440.0,0.10212347332294447
26444.0,0.10382553121166022
26448.0,0.10212347332294447
26452.0,0.10212347332294447
26456.0,0.10212347332294447
26460.0,0.10382553121166022
26464.0,0.10212347332294447
26468.0,0.10382553121166022
26472.0,0.10212347332294447
26476.0,0.10382553121166022
26480.0,0.10212347332294447
26484.0,0.10382553121166022
26488.0,0.10212347332294447
26492.0,0.10382553121166022
26496.0,0.10212347332294447
26500.0,0.10212347332294447
26504.0,0.10212347332294447
26508.0,0.10212347332294447
26512.0,0.10382553121166022
26516.0,0.10382553121166022
26520.0,0.10212347332294447
26524.0,0.10212347332294447
26528.0,0.10212347332294447
26532.0,0.10382553121166022
26536.0,0.10212347332294447
26540.0,0.10212347332294447
26544.0,0.10212347332294447
26548.0,0.10212347332294447
26552.0,0.10212347332294447
26556.0,0.10212347332294447
26560.0,0.10212347332294447
26564.0,0.10212347332294447
26568.0,0.10212347332294447
26572.0,0.10212347332294447
26576.0,0.10212347332294447
26580.0,0.10212347332294447
26584.0,0.10212347332294447
26588.0,0.10212347332294447
26592.0,0.10212347332294447
26596.0,0.10212347332294447
26600.0,0.10212347332294447
26604.0,0.10212347332294447
26608.0,0.10212347332294447
26612.0,0.10382553121166022
26616.0,0.10212347332294447
26620.0,0.10212347332294447
26624.0,0.10212347332294447
26628.0,0.10212347332294447
26632.0,0.10212347332294447
26636.0,0.10212347332294447
26640.0,0.10212347332294447
26644.0,0.10212347332294447
26648.0,0.10212347332294447
26652.0,0.10212347332294447
26656.0,0.10212347332294447
26660.0,0.10212347332294447
26664.0,0.10212347332294447
26668.0,0.10212347332294447
26672.0,0.10212347332294447
26676.0,0.10212347332294447
26680.0,0.10042141543422872
26684.0,0.10212347332294447
26688.0,0.10212347332294447
26692.0,0.10212347332294447
26696.0,0.10212347332294447
26700.0,0.10212347332294447
26704.0,0.10212347332294447
26708.0,0.10212347332294447
26712.0,0.10212347332294447
26716.0,0.10212347332294447
26720.0,0.10212347332294447
26724.0,0.10042141543422872
26728.0,0.10212347332294447
26732.0,0.10042141543422872
26736.0,0.10382553121166022
26740.0,0.10212347332294447
26744.0,0.10212347332294447
26748.0,0.10212347332294447
26752.0,0.10212347332294447
26756.0,0.10212347332294447
26760.0,0.10212347332294447
26764.0,0.10212347332294447
26768.0,0.10212347332294447
26772.0,0.10212347332294447
26776.0,0.10212347332294447
26780.0,0.10212347332294447
26784.0,0.10212347332294447
26788.0,0.10212347332294447
26792.0,0.10212347332294447
26796.0,0.10212347332294447
26800.0,0.10212347332294447
26804.0,0.10212347332294447
26808.0,0.10212347332294447
26812.0,0.10212347332294447
26816.0,0.10212347332294447
26820.0,0.10212347332294447
26824.0,0.10212347332294447
26828.0,0.10212347332294447
26832.0,0.10212347332294447
26836.0,0.10212347332294447
26840.0,0.10212347332294447
26844.0,0.10212347332294447
26848.0,0.10212347332294447
26852.0,0.10212347332294447
26856.0,0.10212347332294447
26860.0,0.10212347332294447
26864.0,0.10212347332294447
26868.0,0.10212347332294447
26872.0,0.10212347332294447
26876.0,0.10212347332294447
26880.0,0.10212347332294447
26884.0,0.10212347332294447
26888.0,0.10212347332294447
26892.0,0.10212347332294447
26896.0,0.10212347332294447
26900.0,0.10212347332294447
26904.0,0.10212347332294447
26908.0,0.10212347332294447
26912.0,0.10212347332294447
26916.0,0.10212347332294447
26920.0,0.10212347332294447
26924.0,0.10212347332294447
26928.0,0.10212347332294447
26932.0,0.10212347332294447
26936.0,0.10212347332294447
26940.0,0.10212347332294447
26944.0,0.10212347332294447
26948.0,0.10212347332294447
26952.0,0.10212347332294447
26956.0,0.10212347332294447
26960.0,0.10212347332294447
26964.0,0.10212347332294447
26968.0,0.10212347332294447
26972.0,0.10212347332294447
26976.0,0.10212347332294447
26980.0,0.10212347332294447
26984.0,0.10212347332294447
26988.0,0.10212347332294447
26992.0,0.10212347332294447
26996.0,0.10212347332294447
27000.0,0.10042141543422872
27004.0,0.10212347332294447
27008.0,0.10212347332294447
27012.0,0.10212347332294447
27016.0,0.10212347332294447
27020.0,0.10212347332294447
27024.0,0.10212347332294447
27028.0,0.10212347332294447
27032.0,0.10212347332294447
27036.0,0.10212347332294447
27040.0,0.10212347332294447
27044.0,0.10212347332294447
27048.0,0.10212347332294447
27052.0,0.10212347332294447
27056.0,0.10212347332294447
27060.0,0.10382553121166022
27064.0,0.10212347332294447
27068.0,0.10212347332294447
27072.0,0.10212347332294447
27076.0,0.10212347332294447
27080.0,0.10212347332294447
27084.0,0.10212347332294447
27088.0,0.10212347332294447
27092.0,0.10212347332294447
27096.0,0.10212347332294447
27100.0,0.10212347332294447
27104.0,0.10212347332294447
27108.0,0.10042141543422872
27112.0,0.10212347332294447
27116.0,0.10212347332294447
27120.0,0.10212347332294447
27124.0,0.10212347332294447
27128.0,0.10212347332294447
27132.0,0.10212347332294447
27136.0,0.10212347332294447
27140.0,0.10042141543422872
27144.0,0.10212347332294447
27148.0,0.10042141543422872
27152.0,0.10212347332294447
27156.0,0.10212347332294447
27160.0,0.10212347332294447
27164.0,0.10212347332294447
27168.0,0.10212347332294447
27172.0,0.10212347332294447
27176.0,0.10212347332294447
27180.0,0.10042141543422872
27184.0,0.10042141543422872
27188.0,0.10212347332294447
27192.0,0.10212347332294447
27196.0,0.10212347332294447
27200.0,0.10212347332294447
27204.0,0.10212347332294447
27208.0,0.10212347332294447
27212.0,0.10212347332294447
27216.0,0.10212347332294447
27220.0,0.10212347332294447
27224.0,0.10212347332294447
27228.0,0.10212347332294447
27232.0,0.10212347332294447
27236.0,0.10212347332294447
27240.0,0.10212347332294447
27244.0,0.10212347332294447
27248.0,0.10212347332294447
27252.0,0.10212347332294447
27256.0,0.10212347332294447
27260.0,0.10212347332294447
27264.0,0.10212347332294447
27268.0,0.10212347332294447
27272.0,0.10212347332294447
27276.0,0.10212347332294447
27280.0,0.10042141543422872
27284.0,0.10212347332294447
27288.0,0.10042141543422872
27292.0,0.10042141543422872
27296.0,0.10212347332294447
27300.0,0.10212347332294447
27304.0,0.10212347332294447
27308.0,0.10212347332294447
27312.0,0.10212347332294447
27316.0,0.10042141543422872
27320.0,0.10212347332294447
27324.0,0.10042141543422872
27328.0,0.10212347332294447
27332.0,0.10212347332294447
27336.0,0.10212347332294447
27340.0,0.10042141543422872
27344.0,0.10212347332294447
27348.0,0.10212347332294447
27352.0,0.10212347332294447
27356.0,0.10212347332294447
27360.0,0.10212347332294447
27364.0,0.10042141543422872
27368.0,0.10212347332294447
27372.0,0.10212347332294447
27376.0,0.10212347332294447
27380.0,0.10212347332294447
27384.0,0.10212347332294447
27388.0,0.10042141543422872
27392.0,0.10212347332294447
27396.0,0.10212347332294447
27400.0,0.10212347332294447
27404.0,0.10212347332294447
27408.0,0.10042141543422872
27412.0,0.10212347332294447
27416.0,0.10212347332294447
27420.0,0.10212347332294447
27424.0,0.10042141543422872
27428.0,0.10212347332294447
27432.0,0.10042141543422872
27436.0,0.10212347332294447
27440.0,0.10212347332294447
27444.0,0.10212347332294447
27448.0,0.10042141543422872
27452.0,0.10212347332294447
27456.0,0.10212347332294447
27460.0,0.10212347332294447
27464.0,0.10212347332294447
27468.0,0.10212347332294447
27472.0,0.10042141543422872
27476.0,0.10212347332294447
27480.0,0.10212347332294447
27484.0,0.10212347332294447
27488.0,0.10212347332294447
27492.0,0.10212347332294447
27496.0,0.10042141543422872
27500.0,0.10042141543422872
27504.0,0.10212347332294447
27508.0,0.10042141543422872
27512.0,0.10042141543422872
27516.0,0.10212347332294447
27520.0,0.10042141543422872
27524.0,0.10042141543422872
27528.0,0.10042141543422872
27532.0,0.10042141543422872
27536.0,0.10212347332294447
27540.0,0.10042141543422872
27544.0,0.10212347332294447
27548.0,0.10042141543422872
27552.0,0.10212347332294447
27556.0,0.10042141543422872
27560.0,0.10212347332294447
27564.0,0.10042141543422872
27568.0,0.10042141543422872
27572.0,0.10042141543422872
27576.0,0.10212347332294447
27580.0,0.10212347332294447
27584.0,0.10212347332294447
27588.0,0.10212347332294447
27592.0,0.10212347332294447
27596.0,0.10212347332294447
27600.0,0.10212347332294447
27604.0,0.10212347332294447
27608.0,0.10042141543422872
27612.0,0.10212347332294447
27616.0,0.10212347332294447
27620.0,0.10212347332294447
27624.0,0.10042141543422872
27628.0,0.10212347332294447
27632.0,0.10212347332294447
27636.0,0.10212347332294447
27640.0,0.10212347332294447
27644.0,0.10212347332294447
27648.0,0.10042141543422872
27652.0,0.10042141543422872
27656.0,0.10042141543422872
27660.0,0.10212347332294447
27664.0,0.10042141543422872
27668.0,0.10212347332294447
27672.0,0.10042141543422872
27676.0,0.10212347332294447
27680.0,0.10212347332294447
27684.0,0.10212347332294447
27688.0,0.10042141543422872
27692.0,0.10212347332294447
27696.0,0.10212347332294447
27700.0,0.10042141543422872
27704.0,0.10212347332294447
27708.0,0.10212347332294447
27712.0,0.10042141543422872
27716.0,0.10042141543422872
27720.0,0.10042141543422872
27724.0,0.10042141543422872
27728.0,0.10212347332294447
27732.0,0.10042141543422872
27736.0,0.10042141543422872
27740.0,0.10042141543422872
27744.0,0.10212347332294447
27748.0,0.10042141543422872
27752.0,0.10212347332294447
27756.0,0.10042141543422872
27760.0,0.10212347332294447
27764.0,0.10042141543422872
27768.0,0.10042141543422872
27772.0,0.10042141543422872
27776.0,0.10212347332294447
27780.0,0.10212347332294447
27784.0,0.10042141543422872
27788.0,0.10042141543422872
27792.0,0.10042141543422872
27796.0,0.10042141543422872
27800.0,0.10042141543422872
27804.0,0.10212347332294447
27808.0,0.10212347332294447
27812.0,0.10212347332294447
27816.0,0.10212347332294447
27820.0,0.10212347332294447
27824.0,0.10212347332294447
27828.0,0.10212347332294447
27832.0,0.10042141543422872
27836.0,0.10212347332294447
27840.0,0.10042141543422872
27844.0,0.10042141543422872
27848.0,0.10042141543422872
27852.0,0.10212347332294447
27856.0,0.10212347332294447
27860.0,0.10212347332294447
27864.0,0.10212347332294447
27868.0,0.10212347332294447
27872.0,0.10042141543422872
27876.0,0.10212347332294447
27880.0,0.10212347332294447
27884.0,0.10042141543422872
27888.0,0.10042141543422872
27892.0,0.10212347332294447
27896.0,0.10212347332294447
27900.0,0.10212347332294447
27904.0,0.10212347332294447
27908.0,0.10042141543422872
27912.0,0.10042141543422872
27916.0,0.10042141543422872
27920.0,0.10042141543422872
27924.0,0.10042141543422872
27928.0,0.10042141543422872
27932.0,0.10042141543422872
27936.0,0.10212347332294447
27940.0,0.10212347332294447
27944.0,0.10212347332294447
27948.0,0.10042141543422872
27952.0,0.10042141543422872
27956.0,0.10042141543422872
27960.0,0.10042141543422872
27964.0,0.10042141543422872
27968.0,0.10212347332294447
27972.0,0.10042141543422872
27976.0,0.10212347332294447
27980.0,0.10212347332294447
27984.0,0.10212347332294447
27988.0,0.10212347332294447
27992.0,0.10042141543422872
27996.0,0.10042141543422872
28000.0,0.10042141543422872
28004.0,0.10042141543422872
28008.0,0.10042141543422872
28012.0,0.10042141543422872
28016.0,0.10042141543422872
28020.0,0.10042141543422872
28024.0,0.10042141543422872
28028.0,0.10212347332294447
28032.0,0.10042141543422872
28036.0,0.10212347332294447
28040.0,0.10212347332294447
28044.0,0.10042141543422872
28048.0,0.10042141543422872
28052.0,0.10212347332294447
28056.0,0.10042141543422872
28060.0,0.10042141543422872
28064.0,0.10042141543422872
28068.0,0.10212347332294447
28072.0,0.10212347332294447
28076.0,0.10212347332294447
28080.0,0.10212347332294447
28084.0,0.10212347332294447
28088.0,0.10042141543422872
28092.0,0.10042141543422872
28096.0,0.10212347332294447
28100.0,0.10042141543422872
28104.0,0.10212347332294447
28108.0,0.10042141543422872
28112.0,0.10212347332294447
28116.0,0.10212347332294447
28120.0,0.10212347332294447
28124.0,0.10212347332294447
28128.0,0.10212347332294447
28132.0,0.10042141543422872
28136.0,0.10042141543422872
28140.0,0.10042141543422872
28144.0,0.10212347332294447
28148.0,0.10042141543422872
28152.0,0.10212347332294447
28156.0,0.10212347332294447
28160.0,0.10212347332294447
28164.0,0.10212347332294447
28168.0,0.10212347332294447
28172.0,0.10042141543422872
28176.0,0.10042141543422872
28180.0,0.10212347332294447
28184.0,0.10042141543422872
28188.0,0.10042141543422872
28192.0,0.10042141543422872
28196.0,0.10042141543422872
28200.0,0.10042141543422872
28204.0,0.10042141543422872
28208.0,0.10212347332294447
28212.0,0.10212347332294447
28216.0,0.10042141543422872
28220.0,0.10042141543422872
28224.0,0.10042141543422872
28228.0,0.10042141543422872
28232.0,0.10042141543422872
28236.0,0.10042141543422872
28240.0,0.10042141543422872
28244.0,0.10212347332294447
28248.0,0.10042141543422872
28252.0,0.10212347332294447
28256.0,0.10042141543422872
28260.0,0.10042141543422872
28264.0,0.10042141543422872
28268.0,0.10042141543422872
28272.0,0.10042141543422872
28276.0,0.10042141543422872
28280.0,0.10042141543422872
28284.0,0.10042141543422872
28288.0,0.10042141543422872
28292.0,0.10212347332294447
28296.0,0.10212347332294447
28300.0,0.10212347332294447
28304.0,0.10212347332294447
28308.0,0.10042141543422872
28312.0,0.10042141543422872
28316.0,0.10042141543422872
28320.0,0.10042141543422872
28324.0,0.10042141543422872
28328.0,0.10042141543422872
28332.0,0.10212347332294447
28336.0,0.10212347332294447
28340.0,0.10212347332294447
28344.0,0.10212347332294447
28348.0,0.10042141543422872
28352.0,0.10042141543422872
28356.0,0.10212347332294447
28360.0,0.10042141543422872
28364.0,0.10042141543422872
28368.0,0.10042141543422872
28372.0,0.10042141543422872
28376.0,0.10212347332294447
28380.0,0.10212347332294447
28384.0,0.10212347332294447
28388.0,0.10042141543422872
28392.0,0.10042141543422872
28396.0,0.10042141543422872
28400.0,0.10042141543422872
28404.0,0.10042141543422872
28408.0,0.10042141543422872
28412.0,0.10042141543422872
28416.0,0.10042141543422872
28420.0,0.10212347332294447
28424.0,0.10042141543422872
28428.0,0.10212347332294447
28432.0,0.10042141543422872
28436.0,0.10212347332294447
28440.0,0.10042141543422872
28444.0,0.10042141543422872
28448.0,0.10042141543422872
28452.0,0.10042141543422872
28456.0,0.10042141543422872
28460.0,0.10042141543422872
28464.0,0.10042141543422872
28468.0,0.10042141543422872
28472.0,0.10042141543422872
28476.0,0.10042141543422872
28480.0,0.10042141543422872
28484.0,0.10212347332294447
28488.0,0.10042141543422872
28492.0,0.10042141543422872
28496.0,0.10042141543422872
28500.0,0.10042141543422872
28504.0,0.10042141543422872
28508.0,0.10042141543422872
28512.0,0.10212347332294447
28516.0,0.10042141543422872
28520.0,0.10042141543422872
28524.0,0.10042141543422872
28528.0,0.10042141543422872
28532.0,0.10042141543422872
28536.0,0.10042141543422872
28540.0,0.10042141543422872
28544.0,0.10042141543422872
28548.0,0.10042141543422872
28552.0,0.10212347332294447
28556.0,0.10212347332294447
28560.0,0.10212347332294447
28564.0,0.10042141543422872
28568.0,0.10042141543422872
28572.0,0.10042141543422872
28576.0,0.10042141543422872
28580.0,0.10042141543422872
28584.0,0.10042141543422872
28588.0,0.10042141543422872
28592.0,0.10042141543422872
28596.0,0.10212347332294447
28600.0,0.10212347332294447
28604.0,0.10212347332294447
28608.0,0.10042141543422872
28612.0,0.10042141543422872
28616.0,0.10042141543422872
28620.0,0.10042141543422872
28624.0,0.10042141543422872
28628.0,0.10042141543422872
28632.0,0.10042141543422872
28636.0,0.10042141543422872
28640.0,0.10042141543422872
28644.0,0.10042141543422872
28648.0,0.10042141543422872
28652.0,0.10042141543422872
28656.0,0.10042141543422872
28660.0,0.10042141543422872
28664.0,0.10042141543422872
28668.0,0.10042141543422872
28672.0,0.10042141543422872
28676.0,0.10042141543422872
28680.0,0.10042141543422872
28684.0,0.10042141543422872
28688.0,0.10042141543422872
28692.0,0.10042141543422872
28696.0,0.10042141543422872
28700.0,0.10042141543422872
28704.0,0.10042141543422872
28708.0,0.10042141543422872
28712.0,0.10042141543422872
28716.0,0.10042141543422872
28720.0,0.10042141543422872
28724.0,0.10042141543422872
28728.0,0.10042141543422872
28732.0,0.10042141543422872
28736.0,0.10042141543422872
28740.0,0.10042141543422872
28744.0,0.10042141543422872
28748.0,0.10042141543422872
28752.0,0.10042141543422872
28756.0,0.10042141543422872
28760.0,0.10042141543422872
28764.0,0.10042141543422872
28768.0,0.10042141543422872
28772.0,0.10212347332294447
28776.0,0.10042141543422872
28780.0,0.10212347332294447
28784.0,0.10042141543422872
28788.0,0.10042141543422872
28792.0,0.10042141543422872
28796.0,0.10042141543422872
28800.0,0.10042141543422872
28804.0,0.10042141543422872
28808.0,0.10042141543422872
28812.0,0.10212347332294447
28816.0,0.10212347332294447
28820.0,0.10212347332294447
28824.0,0.10042141543422872
28828.0,0.10042141543422872
28832.0,0.10042141543422872
28836.0,0.10042141543422872
28840.0,0.10042141543422872
28844.0,0.10042141543422872
28848.0,0.10042141543422872
28852.0,0.10212347332294447
28856.0,0.10042141543422872
28860.0,0.10212347332294447
28864.0,0.10042141543422872
28868.0,0.10042141543422872
28872.0,0.10042141543422872
28876.0,0.10042141543422872
28880.0,0.10042141543422872
28884.0,0.10042141543422872
28888.0,0.10212347332294447
28892.0,0.10212347332294447
28896.0,0.10212347332294447
28900.0,0.10042141543422872
28904.0,0.10042141543422872
28908.0,0.10042141543422872
28912.0,0.10042141543422872
28916.0,0.10042141543422872
28920.0,0.10042141543422872
28924.0,0.10042141543422872
28928.0,0.10042141543422872
28932.0,0.10212347332294447
28936.0,0.10212347332294447
28940.0,0.10212347332294447
28944.0,0.10042141543422872
28948.0,0.10042141543422872
28952.0,0.10042141543422872
28956.0,0.10042141543422872
28960.0,0.10042141543422872
28964.0,0.10042141543422872
28968.0,0.10042141543422872
28972.0,0.10042141543422872
28976.0,0.10042141543422872
28980.0,0.10042141543422872
28984.0,0.10042141543422872
28988.0,0.10042141543422872
28992.0,0.10042141543422872
28996.0,0.10042141543422872
29000.0,0.10042141543422872
29004.0,0.10042141543422872
29008.0,0.10042141543422872
29012.0,0.10042141543422872
29016.0,0.10042141543422872
29020.0,0.10042141543422872
29024.0,0.10042141543422872
29028.0,0.10042141543422872
29032.0,0.10042141543422872
29036.0,0.10212347332294447
29040.0,0.10042141543422872
29044.0,0.10042141543422872
29048.0,0.10042141543422872
29052.0,0.10042141543422872
29056.0,0.10042141543422872
29060.0,0.10042141543422872
29064.0,0.10042141543422872
29068.0,0.10212347332294447
29072.0,0.10042141543422872
29076.0,0.10042141543422872
29080.0,0.10042141543422872
29084.0,0.10042141543422872
29088.0,0.10042141543422872
29092.0,0.10042141543422872
29096.0,0.10042141543422872
29100.0,0.10042141543422872
29104.0,0.10042141543422872
29108.0,0.10212347332294447
29112.0,0.10212347332294447
29116.0,0.10212347332294447
29120.0,0.10212347332294447
29124.0,0.10042141543422872
29128.0,0.10042141543422872
29132.0,0.10042141543422872
29136.0,0.10042141543422872
29140.0,0.10042141543422872
29144.0,0.10042141543422872
29148.0,0.10042141543422872
29152.0,0.10212347332294447
29156.0,0.10212347332294447
29160.0,0.10212347332294447
29164.0,0.10042141543422872
29168.0,0.10042141543422872
29172.0,0.10042141543422872
29176.0,0.10042141543422872
29180.0,0.10042141543422872
29184.0,0.10042141543422872
29188.0,0.10042141543422872
29192.0,0.10042141543422872
29196.0,0.10212347332294447
29200.0,0.10042141543422872
29204.0,0.10042141543422872
29208.0,0.10042141543422872
29212.0,0.10042141543422872
29216.0,0.10042141543422872
29220.0,0.10042141543422872
29224.0,0.10042141543422872
29228.0,0.10042141543422872
29232.0,0.10042141543422872
29236.0,0.10042141543422872
29240.0,0.10042141543422872
29244.0,0.10042141543422872
29248.0,0.10042141543422872
29252.0,0.10042141543422872
29256.0,0.10042141543422872
29260.0,0.10042141543422872
29264.0,0.10042141543422872
29268.0,0.10042141543422872
29272.0,0.10042141543422872
29276.0,0.10042141543422872
29280.0,0.10042141543422872
29284.0,0.10042141543422872
29288.0,0.10042141543422872
29292.0,0.10212347332294447
29296.0,0.10042141543422872
29300.0,0.10042141543422872
29304.0,0.10042141543422872
29308.0,0.10042141543422872
29312.0,0.10042141543422872
29316.0,0.10042141543422872
29320.0,0.10042141543422872
29324.0,0.10042141543422872
29328.0,0.10212347332294447
29332.0,0.10212347332294447
29336.0,0.10212347332294447
29340.0,0.10042141543422872
29344.0,0.10042141543422872
29348.0,0.10042141543422872
29352.0,0.10042141543422872
29356.0,0.10042141543422872
29360.0,0.10042141543422872
29364.0,0.10042141543422872
29368.0,0.10042141543422872
29372.0,0.10042141543422872
29376.0,0.10212347332294447
29380.0,0.10212347332294447
29384.0,0.10042141543422872
29388.0,0.10042141543422872
29392.0,0.10042141543422872
29396.0,0.10042141543422872
29400.0,0.10042141543422872
29404.0,0.10042141543422872
29408.0,0.10042141543422872
29412.0,0.10042141543422872
29416.0,0.10212347332294447
29420.0,0.10042141543422872
29424.0,0.10042141543422872
29428.0,0.10042141543422872
29432.0,0.10042141543422872
29436.0,0.10042141543422872
29440.0,0.10042141543422872
29444.0,0.10042141543422872
29448.0,0.10042141543422872
29452.0,0.10042141543422872
29456.0,0.10042141543422872
29460.0,0.10042141543422872
29464.0,0.10042141543422872
29468.0,0.10042141543422872
29472.0,0.10042141543422872
29476.0,0.10042141543422872
29480.0,0.10042141543422872
29484.0,0.10042141543422872
29488.0,0.10042141543422872
29492.0,0.10042141543422872
29496.0,0.10042141543422872
29500.0,0.10042141543422872
29504.0,0.10042141543422872
29508.0,0.10042141543422872
29512.0,0.10042141543422872
29516.0,0.10042141543422872
29520.0,0.10042141543422872
29524.0,0.10042141543422872
29528.0,0.10042141543422872
29532.0,0.10042141543422872
29536.0,0.10042141543422872
29540.0,0.10042141543422872
29544.0,0.10042141543422872
29548.0,0.10042141543422872
29552.0,0.10212347332294447
29556.0,0.10212347332294447
29560.0,0.10042141543422872
29564.0,0.10042141543422872
29568.0,0.10042141543422872
29572.0,0.10042141543422872
29576.0,0.10042141543422872
29580.0,0.10042141543422872
29584.0,0.10042141543422872
29588.0,0.10042141543422872
29592.0,0.10212347332294447
29596.0,0.10212347332294447
29600.0,0.10212347332294447
29604.0,0.10042141543422872
29608.0,0.10042141543422872
29612.0,0.10042141543422872
29616.0,0.10042141543422872
29620.0,0.10042141543422872
29624.0,0.10042141543422872
29628.0,0.10042141543422872
29632.0,0.10042141543422872
29636.0,0.10212347332294447
29640.0,0.10042141543422872
29644.0,0.10042141543422872
29648.0,0.10042141543422872
29652.0,0.10042141543422872
29656.0,0.10042141543422872
29660.0,0.10042141543422872
29664.0,0.10042141543422872
29668.0,0.10042141543422872
29672.0,0.10042141543422872
29676.0,0.10212347332294447
29680.0,0.10042141543422872
29684.0,0.10042141543422872
29688.0,0.10042141543422872
29692.0,0.10042141543422872
29696.0,0.10042141543422872
29700.0,0.10042141543422872
29704.0,0.10042141543422872
29708.0,0.10042141543422872
29712.0,0.10042141543422872
29716.0,0.10042141543422872
29720.0,0.10042141543422872
29724.0,0.10042141543422872
29728.0,0.10042141543422872
29732.0,0.10042141543422872
29736.0,0.10042141543422872
29740.0,0.10042141543422872
29744.0,0.10042141543422872
29748.0,0.10042141543422872
29752.0,0.10042141543422872
29756.0,0.10042141543422872
29760.0,0.10042141543422872
29764.0,0.10042141543422872
29768.0,0.10042141543422872
29772.0,0.10212347332294447
29776.0,0.10212347332294447
29780.0,0.10042141543422872
29784.0,0.10042141543422872
29788.0,0.10042141543422872
29792.0,0.10042141543422872
29796.0,0.10042141543422872
29800.0,0.10042141543422872
29804.0,0.10042141543422872
29808.0,0.10042141543422872
29812.0,0.10212347332294447
29816.0,0.10042141543422872
29820.0,0.10042141543422872
29824.0,0.10042141543422872
29828.0,0.10042141543422872
29832.0,0.10042141543422872
29836.0,0.10042141543422872
29840.0,0.10042141543422872
29844.0,0.10042141543422872
29848.0,0.10042141543422872
29852.0,0.10212347332294447
29856.0,0.10212347332294447
29860.0,0.10212347332294447
29864.0,0.10042141543422872
29868.0,0.10042141543422872
29872.0,0.10042141543422872
29876.0,0.10042141543422872
29880.0,0.10042141543422872
29884.0,0.10042141543422872
29888.0,0.10042141543422872
29892.0,0.10042141543422872
29896.0,0.10212347332294447
29900.0,0.10042141543422872
29904.0,0.10042141543422872
29908.0,0.10042141543422872
29912.0,0.10042141543422872
29916.0,0.10042141543422872
29920.0,0.10042141543422872
29924.0,0.10042141543422872
29928.0,0.10042141543422872
29932.0,0.10042141543422872
29936.0,0.10042141543422872
29940.0,0.10042141543422872
29944.0,0.10042141543422872
29948.0,0.10042141543422872
29952.0,0.10042141543422872
29956.0,0.10042141543422872
29960.0,0.10042141543422872
29964.0,0.10042141543422872
29968.0,0.10042141543422872
29972.0,0.10042141543422872
29976.0,0.10042141543422872
29980.0,0.10042141543422872
29984.0,0.10042141543422872
29988.0,0.10042141543422872
29992.0,0.10042141543422872
29996.0,0.10212347332294447
