time_ms,diameter_mm
0.0,0.1412708047634065
4.0,0.13956874687469079
8.0,0.13956874687469079
12.0,0.13956874687469079
16.0,0.13956874687469079
20.0,0.13956874687469079
24.0,0.13956874687469079
28.0,0.13956874687469079
32.0,0.13956874687469079
36.0,0.13956874687469079
40.0,0.13956874687469079
44.0,0.13956874687469079
48.0,0.13786668898597504
52.0,0.13786668898597504
56.0,0.13786668898597504
60.0,0.1361646310972593
64.0,0.13786668898597504
68.0,0.1361646310972593
72.0,0.13786668898597504
76.0,0.13786668898597504
80.0,0.13786668898597504
84.0,0.1361646310972593
88.0,0.13786668898597504
92.0,0.1361646310972593
96.0,0.1361646310972593
100.0,0.1361646310972593
104.0,0.1361646310972593
108.0,0.1361646310972593
112.0,0.1361646310972593
116.0,0.1361646310972593
120.0,0.1361646310972593
124.0,0.1361646310972593
128.0,0.13446257320854357
132.0,0.1361646310972593
136.0,0.1361646310972593
140.0,0.13446257320854357
144.0,0.13446257320854357
148.0,0.13446257320854357
152.0,0.13446257320854357
156.0,0.13446257320854357
160.0,0.13276051531982783
164.0,0.13446257320854357
168.0,0.13446257320854357
172.0,0.13446257320854357
176.0,0.13446257320854357
180.0,0.13446257320854357
184.0,0.13446257320854357
188.0,0.13276051531982783
192.0,0.13276051531982783
196.0,0.13276051531982783
200.0,0.13276051531982783
204.0,0.13276051531982783
208.0,0.13276051531982783
212.0,0.13276051531982783
216.0,0.13276051531982783
220.0,0.13446257320854357
224.0,0.13276051531982783
228.0,0.13276051531982783
232.0,0.13276051531982783
236.0,0.13276051531982783
240.0,0.13276051531982783
244.0,0.13105845743111208
248.0,0.13276051531982783
252.0,0.13276051531982783
256.0,0.13276051531982783
260.0,0.13276051531982783
264.0,0.13276051531982783
268.0,0.13276051531982783
272.0,0.13105845743111208
276.0,0.13105845743111208
280.0,0.13105845743111208
284.0,0.13105845743111208
288.0,0.13105845743111208
292.0,0.13105845743111208
296.0,0.13276051531982783
300.0,0.13105845743111208
304.0,0.13276051531982783
308.0,0.13105845743111208
312.0,0.13105845743111208
316.0,0.12935639954239633
320.0,0.13105845743111208
324.0,0.13105845743111208
328.0,0.13105845743111208
332.0,0.13105845743111208
336.0,0.13105845743111208
340.0,0.12935639954239633
344.0,0.13105845743111208
348.0,0.13105845743111208
352.0,0.13105845743111208
356.0,0.13105845743111208
360.0,0.13105845743111208
364.0,0.13105845743111208
368.0,0.13105845743111208
372.0,0.13105845743111208
376.0,0.12935639954239633
380.0,0.12935639954239633
384.0,0.12935639954239633
388.0,0.12935639954239633
392.0,0.12935639954239633
396.0,0.12935639954239633
400.0,0.12935639954239633
404.0,0.12935639954239633
408.0,0.12935639954239633
412.0,0.12935639954239633
416.0,0.12935639954239633
420.0,0.12935639954239633
424.0,0.12935639954239633
428.0,0.12935639954239633
432.0,0.1276543416536806
436.0,0.1276543416536806
440.0,0.1276543416536806
444.0,0.1276543416536806
448.0,0.12935639954239633
452.0,0.1276543416536806
456.0,0.1276543416536806
460.0,0.1276543416536806
464.0,0.1276543416536806
468.0,0.1276543416536806
472.0,0.1276543416536806
476.0,0.1276543416536806
480.0,0.12935639954239633
484.0,0.1276543416536806
488.0,0.1276543416536806
492.0,0.1276543416536806
496.0,0.1276543416536806
500.0,0.1276543416536806
504.0,0.1276543416536806
508.0,0.1276543416536806
512.0,0.12595228376496484
516.0,0.1276543416536806
520.0,0.1276543416536806
524.0,0.1276543416536806
528.0,0.1276543416536806
532.0,0.1276543416536806
536.0,0.12595228376496484
540.0,0.12595228376496484
544.0,0.12595228376496484
548.0,0.1276543416536806
552.0,0.1276543416536806
556.0,0.12595228376496484
560.0,0.12595228376496484
564.0,0.1276543416536806
568.0,0.12595228376496484
572.0,0.12595228376496484
576.0,0.12595228376496484
580.0,0.12595228376496484
584.0,0.12595228376496484
588.0,0.12595228376496484
592.0,0.1242502258762491
596.0,0.1242502258762491
600.0,0.1242502258762491
604.0,0.1242502258762491
608.0,0.1242502258762491
612.0,0.12595228376496484
616.0,0.12595228376496484
620.0,0.1242502258762491
624.0,0.1242502258762491
628.0,0.1242502258762491
632.0,0.1242502258762491
636.0,0.1242502258762491
640.0,0.1242502258762491
644.0,0.12254816798753339
648.0,0.1242502258762491
652.0,0.12254816798753339
656.0,0.1242502258762491
660.0,0.1242502258762491
664.0,0.1242502258762491
668.0,0.1242502258762491
672.0,0.1242502258762491
676.0,0.12254816798753339
680.0,0.12254816798753339
684.0,0.12254816798753339
688.0,0.12254816798753339
692.0,0.12254816798753339
696.0,0.12254816798753339
700.0,0.12254816798753339
704.0,0.12084611009881761
708.0,0.12254816798753339
712.0,0.12084611009881761
716.0,0.12254816798753339
720.0,0.12084611009881761
724.0,0.12084611009881761
728.0,0.11914405221010188
732.0,0.11914405221010188
736.0,0.11914405221010188
740.0,0.12084611009881761
744.0,0.11914405221010188
748.0,0.11914405221010188
752.0,0.11914405221010188
756.0,0.11914405221010188
760.0,0.11914405221010188
764.0,0.11744199432138615
768.0,0.11914405221010188
772.0,0.11914405221010188
776.0,0.11914405221010188
780.0,0.11914405221010188
784.0,0.11914405221010188
788.0,0.11914405221010188
792.0,0.11914405221010188
796.0,0.11914405221010188
800.0,0.11914405221010188
804.0,0.11744199432138615
808.0,0.11744199432138615
812.0,0.11744199432138615
816.0,0.11914405221010188
820.0,0.11914405221010188
824.0,0.11914405221010188
828.0,0.11914405221010188
832.0,0.11744199432138615
836.0,0.11744199432138615
840.0,0.11744199432138615
844.0,0.11744199432138615
848.0,0.11744199432138615
852.0,0.11744199432138615
856.0,0.11744199432138615
860.0,0.11744199432138615
864.0,0.11744199432138615
868.0,0.11744199432138615
872.0,0.11744199432138615
876.0,0.11744199432138615
880.0,0.11744199432138615
884.0,0.11744199432138615
888.0,0.11744199432138615
892.0,0.11744199432138615
896.0,0.11744199432138615
900.0,0.11744199432138615
904.0,0.11744199432138615
908.0,0.11744199432138615
912.0,0.11744199432138615
916.0,0.11744199432138615
920.0,0.11744199432138615
924.0,0.11744199432138615
928.0,0.11744199432138615
932.0,0.11744199432138615
936.0,0.11744199432138615
940.0,0.11744199432138615
944.0,0.11744199432138615
948.0,0.11744199432138615
952.0,0.11744199432138615
956.0,0.11744199432138615
960.0,0.11573993643267041
964.0,0.11744199432138615
968.0,0.11573993643267041
972.0,0.11744199432138615
976.0,0.11573993643267041
980.0,0.11744199432138615
984.0,0.11573993643267041
988.0,0.11744199432138615
992.0,0.11573993643267041
996.0,0.11744199432138615
1000.0,0.11573993643267041
1004.0,0.11573993643267041
1008.0,0.11573993643267041
1012.0,0.11573993643267041
1016.0,0.11573993643267041
1020.0,0.11573993643267041
1024.0,0.11573993643267041
1028.0,0.11573993643267041
1032.0,0.11573993643267041
1036.0,0.11573993643267041
1040.0,0.11573993643267041
1044.0,0.11573993643267041
1048.0,0.11573993643267041
1052.0,0.11573993643267041
1056.0,0.11573993643267041
1060.0,0.11573993643267041
1064.0,0.11573993643267041
1068.0,0.11573993643267041
1072.0,0.11573993643267041
1076.0,0.11573993643267041
1080.0,0.11573993643267041
1084.0,0.11573993643267041
1088.0,0.11573993643267041
1092.0,0.11573993643267041
1096.0,0.11573993643267041
1100.0,0.11573993643267041
1104.0,0.11573993643267041
1108.0,0.11573993643267041
1112.0,0.11573993643267041
1116.0,0.11573993643267041
1120.0,0.11573993643267041
1124.0,0.11573993643267041
1128.0,0.11573993643267041
1132.0,0.11573993643267041
1136.0,0.11573993643267041
1140.0,0.11573993643267041
1144.0,0.11573993643267041
1148.0,0.11573993643267041
1152.0,0.11573993643267041
1156.0,0.11403787854395467
1160.0,0.11573993643267041
1164.0,0.11573993643267041
1168.0,0.11573993643267041
1172.0,0.11573993643267041
1176.0,0.11573993643267041
1180.0,0.11573993643267041
1184.0,0.11573993643267041
1188.0,0.11573993643267041
1192.0,0.11573993643267041
1196.0,0.11573993643267041
1200.0,0.11573993643267041
1204.0,0.11573993643267041
1208.0,0.11403787854395467
1212.0,0.11573993643267041
1216.0,0.11573993643267041
1220.0,0.11403787854395467
1224.0,0.11403787854395467
1228.0,0.11573993643267041
1232.0,0.11573993643267041
1236.0,0.11403787854395467
1240.0,0.11403787854395467
1244.0,0.11573993643267041
1248.0,0.11573993643267041
1252.0,0.11403787854395467
1256.0,0.11403787854395467
1260.0,0.11573993643267041
1264.0,0.11403787854395467
1268.0,0.11403787854395467
1272.0,0.11573993643267041
1276.0,0.11403787854395467
1280.0,0.11573993643267041
1284.0,0.11403787854395467
1288.0,0.11573993643267041
1292.0,0.11403787854395467
1296.0,0.11573993643267041
1300.0,0.11403787854395467
1304.0,0.11403787854395467
1308.0,0.11403787854395467
1312.0,0.11573993643267041
1316.0,0.11403787854395467
1320.0,0.11573993643267041
1324.0,0.11573993643267041
1328.0,0.11403787854395467
1332.0,0.11403787854395467
1336.0,0.11573993643267041
1340.0,0.11403787854395467
1344.0,0.11403787854395467
1348.0,0.11403787854395467
1352.0,0.11403787854395467
1356.0,0.11403787854395467
1360.0,0.11403787854395467
1364.0,0.11573993643267041
1368.0,0.11403787854395467
1372.0,0.11403787854395467
1376.0,0.11403787854395467
1380.0,0.11403787854395467
1384.0,0.11403787854395467
1388.0,0.11403787854395467
1392.0,0.11233582065523892
1396.0,0.11403787854395467
1400.0,0.11403787854395467
1404.0,0.11403787854395467
1408.0,0.11403787854395467
1412.0,0.11403787854395467
1416.0,0.11403787854395467
1420.0,0.11233582065523892
1424.0,0.11403787854395467
1428.0,0.11403787854395467
1432.0,0.11403787854395467
1436.0,0.11403787854395467
1440.0,0.11403787854395467
1444.0,0.11403787854395467
1448.0,0.11403787854395467
1452.0,0.11233582065523892
1456.0,0.11403787854395467
1460.0,0.11233582065523892
1464.0,0.11403787854395467
1468.0,0.11403787854395467
1472.0,0.11403787854395467
1476.0,0.11233582065523892
1480.0,0.11403787854395467
1484.0,0.11233582065523892
1488.0,0.11233582065523892
1492.0,0.11403787854395467
1496.0,0.11403787854395467
1500.0,0.11233582065523892
1504.0,0.11403787854395467
1508.0,0.11233582065523892
1512.0,0.11403787854395467
1516.0,0.11233582065523892
1520.0,0.11403787854395467
1524.0,0.11233582065523892
1528.0,0.11403787854395467
1532.0,0.11233582065523892
1536.0,0.11403787854395467
1540.0,0.11233582065523892
1544.0,0.11403787854395467
1548.0,0.11233582065523892
1552.0,0.11233582065523892
1556.0,0.11233582065523892
1560.0,0.11233582065523892
1564.0,0.11233582065523892
1568.0,0.11233582065523892
1572.0,0.11233582065523892
1576.0,0.11233582065523892
1580.0,0.11233582065523892
1584.0,0.11233582065523892
1588.0,0.11233582065523892
1592.0,0.11233582065523892
1596.0,0.11233582065523892
1600.0,0.11233582065523892
1604.0,0.11233582065523892
1608.0,0.11233582065523892
1612.0,0.11233582065523892
1616.0,0.11233582065523892
1620.0,0.11233582065523892
1624.0,0.11233582065523892
1628.0,0.11233582065523892
1632.0,0.11233582065523892
1636.0,0.11233582065523892
1640.0,0.11233582065523892
1644.0,0.11233582065523892
1648.0,0.11233582065523892
1652.0,0.11233582065523892
1656.0,0.11233582065523892
1660.0,0.11233582065523892
1664.0,0.11233582065523892
1668.0,0.11233582065523892
1672.0,0.11233582065523892
1676.0,0.11233582065523892
1680.0,0.11233582065523892
1684.0,0.11233582065523892
1688.0,0.11233582065523892
1692.0,0.11233582065523892
1696.0,0.11233582065523892
1700.0,0.11233582065523892
1704.0,0.11233582065523892
1708.0,0.11233582065523892
1712.0,0.11233582065523892
1716.0,0.11233582065523892
1720.0,0.11233582065523892
1724.0,0.11233582065523892
1728.0,0.11233582065523892
1732.0,0.11233582065523892
1736.0,0.11063376276652317
1740.0,0.11233582065523892
1744.0,0.11063376276652317
1748.0,0.11233582065523892
1752.0,0.11233582065523892
1756.0,0.11233582065523892
1760.0,0.11063376276652317
1764.0,0.11233582065523892
1768.0,0.11063376276652317
1772.0,0.11233582065523892
1776.0,0.11063376276652317
1780.0,0.11233582065523892
1784.0,0.11063376276652317
1788.0,0.11233582065523892
1792.0,0.11063376276652317
1796.0,0.11233582065523892
1800.0,0.11233582065523892
1804.0,0.11233582065523892
1808.0,0.11063376276652317
1812.0,0.11063376276652317
1816.0,0.11063376276652317
1820.0,0.11063376276652317
1824.0,0.11063376276652317
1828.0,0.11063376276652317
1832.0,0.11233582065523892
1836.0,0.11063376276652317
1840.0,0.11063376276652317
1844.0,0.11063376276652317
1848.0,0.11063376276652317
1852.0,0.11063376276652317
1856.0,0.11063376276652317
1860.0,0.11063376276652317
1864.0,0.11063376276652317
1868.0,0.11063376276652317
1872.0,0.11063376276652317
1876.0,0.11063376276652317
1880.0,0.11063376276652317
1884.0,0.11063376276652317
1888.0,0.11233582065523892
1892.0,0.11063376276652317
1896.0,0.11063376276652317
1900.0,0.11063376276652317
1904.0,0.11063376276652317
1908.0,0.11063376276652317
1912.0,0.11063376276652317
1916.0,0.11063376276652317
1920.0,0.11063376276652317
1924.0,0.11063376276652317
1928.0,0.11063376276652317
1932.0,0.11063376276652317
1936.0,0.11063376276652317
1940.0,0.11063376276652317
1944.0,0.11063376276652317
1948.0,0.11063376276652317
1952.0,0.11063376276652317
1956.0,0.11063376276652317
1960.0,0.11063376276652317
1964.0,0.11063376276652317
1968.0,0.11063376276652317
1972.0,0.11063376276652317
1976.0,0.11063376276652317
1980.0,0.11063376276652317
1984.0,0.11063376276652317
1988.0,0.11063376276652317
1992.0,0.11063376276652317
1996.0,0.11063376276652317
2000.0,0.11063376276652317
2004.0,0.11063376276652317
2008.0,0.11063376276652317
2012.0,0.11063376276652317
2016.0,0.11063376276652317
2020.0,0.11063376276652317
2024.0,0.11063376276652317
2028.0,0.11063376276652317
2032.0,0.11063376276652317
2036.0,0.11063376276652317
2040.0,0.11063376276652317
2044.0,0.11063376276652317
2048.0,0.11063376276652317
2052.0,0.11063376276652317
2056.0,0.11063376276652317
2060.0,0.11063376276652317
2064.0,0.11063376276652317
2068.0,0.11063376276652317
2072.0,0.11063376276652317
2076.0,0.11063376276652317
2080.0,0.11063376276652317
2084.0,0.11063376276652317
2088.0,0.11063376276652317
2092.0,0.11063376276652317
2096.0,0.11063376276652317
2100.0,0.11063376276652317
2104.0,0.11063376276652317
2108.0,0.11063376276652317
2112.0,0.11063376276652317
2116.0,0.10893170487780744
2120.0,0.10893170487780744
2124.0,0.10893170487780744
2128.0,0.11063376276652317
2132.0,0.10893170487780744
2136.0,0.10893170487780744
2140.0,0.11063376276652317
2144.0,0.10893170487780744
2148.0,0.11063376276652317
2152.0,0.10893170487780744
2156.0,0.10893170487780744
2160.0,0.10893170487780744
2164.0,0.10893170487780744
2168.0,0.10893170487780744
2172.0,0.11063376276652317
2176.0,0.11063376276652317
2180.0,0.11063376276652317
2184.0,0.11063376276652317
2188.0,0.11063376276652317
2192.0,0.10893170487780744
2196.0,0.10893170487780744
2200.0,0.10893170487780744
2204.0,0.10893170487780744
2208.0,0.10893170487780744
2212.0,0.10893170487780744
2216.0,0.10893170487780744
2220.0,0.10893170487780744
2224.0,0.10893170487780744
2228.0,0.10893170487780744
2232.0,0.10893170487780744
2236.0,0.10893170487780744
2240.0,0.10893170487780744
2244.0,0.10893170487780744
2248.0,0.10893170487780744
2252.0,0.10893170487780744
2256.0,0.11063376276652317
2260.0,0.10893170487780744
2264.0,0.10893170487780744
2268.0,0.10722964698909171
2272.0,0.10893170487780744
2276.0,0.10893170487780744
2280.0,0.10893170487780744
2284.0,0.10893170487780744
2288.0,0.10893170487780744
2292.0,0.10893170487780744
2296.0,0.10893170487780744
2300.0,0.10722964698909171
2304.0,0.10893170487780744
2308.0,0.10722964698909171
2312.0,0.10722964698909171
2316.0,0.10893170487780744
2320.0,0.10893170487780744
2324.0,0.10722964698909171
2328.0,0.10893170487780744
2332.0,0.10722964698909171
2336.0,0.10893170487780744
2340.0,0.10893170487780744
2344.0,0.10893170487780744
2348.0,0.10722964698909171
2352.0,0.10893170487780744
2356.0,0.10722964698909171
2360.0,0.10722964698909171
2364.0,0.10722964698909171
2368.0,0.10722964698909171
2372.0,0.10893170487780744
2376.0,0.10722964698909171
2380.0,0.10893170487780744
2384.0,0.10722964698909171
2388.0,0.10893170487780744
2392.0,0.10722964698909171
2396.0,0.10722964698909171
2400.0,0.10722964698909171
2404.0,0.10722964698909171
2408.0,0.10722964698909171
2412.0,0.10893170487780744
2416.0,0.10722964698909171
2420.0,0.10722964698909171
2424.0,0.10722964698909171
2428.0,0.10722964698909171
2432.0,0.10722964698909171
2436.0,0.10722964698909171
2440.0,0.10722964698909171
2444.0,0.10722964698909171
2448.0,0.10722964698909171
2452.0,0.10722964698909171
2456.0,0.10722964698909171
2460.0,0.10722964698909171
2464.0,0.10722964698909171
2468.0,0.10722964698909171
2472.0,0.10722964698909171
2476.0,0.10722964698909171
2480.0,0.10722964698909171
2484.0,0.10722964698909171
2488.0,0.10722964698909171
2492.0,0.10722964698909171
2496.0,0.10722964698909171
2500.0,0.10722964698909171
2504.0,0.10722964698909171
2508.0,0.10722964698909171
2512.0,0.10722964698909171
2516.0,0.10722964698909171
2520.0,0.10722964698909171
2524.0,0.10722964698909171
2528.0,0.10722964698909171
2532.0,0.10722964698909171
2536.0,0.10722964698909171
2540.0,0.10722964698909171
2544.0,0.10722964698909171
2548.0,0.10722964698909171
2552.0,0.10722964698909171
2556.0,0.10722964698909171
2560.0,0.10722964698909171
2564.0,0.10722964698909171
2568.0,0.10722964698909171
2572.0,0.10722964698909171
2576.0,0.10722964698909171
2580.0,0.10722964698909171
2584.0,0.10722964698909171
2588.0,0.10722964698909171
2592.0,0.10722964698909171
2596.0,0.10722964698909171
2600.0,0.10722964698909171
2604.0,0.10722964698909171
2608.0,0.10722964698909171
2612.0,0.10722964698909171
2616.0,0.10722964698909171
2620.0,0.10722964698909171
2624.0,0.10722964698909171
2628.0,0.10722964698909171
2632.0,0.10722964698909171
2636.0,0.10722964698909171
2640.0,0.10722964698909171
2644.0,0.10722964698909171
2648.0,0.10722964698909171
2652.0,0.10722964698909171
2656.0,0.10722964698909171
2660.0,0.10722964698909171
2664.0,0.10722964698909171
2668.0,0.10722964698909171
2672.0,0.10722964698909171
2676.0,0.10722964698909171
2680.0,0.10722964698909171
2684.0,0.10722964698909171
2688.0,0.10722964698909171
2692.0,0.10722964698909171
2696.0,0.10722964698909171
2700.0,0.10722964698909171
2704.0,0.10722964698909171
2708.0,0.10722964698909171
2712.0,0.10722964698909171
2716.0,0.10722964698909171
2720.0,0.10722964698909171
2724.0,0.10722964698909171
2728.0,0.10722964698909171
2732.0,0.10722964698909171
2736.0,0.10722964698909171
2740.0,0.10722964698909171
2744.0,0.10552758910037595
2748.0,0.10722964698909171
2752.0,0.10722964698909171
2756.0,0.10722964698909171
2760.0,0.10722964698909171
2764.0,0.10722964698909171
2768.0,0.10552758910037595
2772.0,0.10722964698909171
2776.0,0.10722964698909171
2780.0,0.10722964698909171
2784.0,0.10552758910037595
2788.0,0.10552758910037595
2792.0,0.10552758910037595
2796.0,0.10552758910037595
2800.0,0.10722964698909171
2804.0,0.10722964698909171
2808.0,0.10722964698909171
2812.0,0.10722964698909171
2816.0,0.10722964698909171
2820.0,0.10722964698909171
2824.0,0.10552758910037595
2828.0,0.10552758910037595
2832.0,0.10552758910037595
2836.0,0.10552758910037595
2840.0,0.10552758910037595
2844.0,0.10722964698909171
2848.0,0.10722964698909171
2852.0,0.10552758910037595
2856.0,0.10722964698909171
2860.0,0.10552758910037595
2864.0,0.10722964698909171
2868.0,0.10552758910037595
2872.0,0.10722964698909171
2876.0,0.10552758910037595
2880.0,0.10552758910037595
2884.0,0.10552758910037595
2888.0,0.10722964698909171
2892.0,0.10552758910037595
2896.0,0.10552758910037595
2900.0,0.10552758910037595
2904.0,0.10552758910037595
2908.0,0.10552758910037595
2912.0,0.10552758910037595
2916.0,0.10552758910037595
2920.0,0.10552758910037595
2924.0,0.10552758910037595
2928.0,0.10552758910037595
2932.0,0.10552758910037595
2936.0,0.10552758910037595
2940.0,0.10552758910037595
2944.0,0.10552758910037595
2948.0,0.10552758910037595
2952.0,0.10552758910037595
2956.0,0.10552758910037595
2960.0,0.10552758910037595
2964.0,0.10552758910037595
2968.0,0.10552758910037595
2972.0,0.10552758910037595
2976.0,0.10552758910037595
2980.0,0.10552758910037595
2984.0,0.10552758910037595
2988.0,0.10552758910037595
2992.0,0.10552758910037595
2996.0,0.10552758910037595
3000.0,0.10382553121166022
3004.0,0.10552758910037595
3008.0,0.10552758910037595
3012.0,0.10552758910037595
3016.0,0.10552758910037595
3020.0,0.10552758910037595
3024.0,0.10382553121166022
3028.0,0.10552758910037595
3032.0,0.10552758910037595
3036.0,0.10382553121166022
3040.0,0.10382553121166022
3044.0,0.10382553121166022
3048.0,0.10552758910037595
3052.0,0.10382553121166022
3056.0,0.10552758910037595
3060.0,0.10382553121166022
3064.0,0.10552758910037595
3068.0,0.10382553121166022
3072.0,0.10552758910037595
3076.0,0.10382553121166022
3080.0,0.10552758910037595
3084.0,0.10382553121166022
3088.0,0.10382553121166022
3092.0,0.10382553121166022
3096.0,0.10552758910037595
3100.0,0.10382553121166022
3104.0,0.10552758910037595
3108.0,0.10382553121166022
3112.0,0.10552758910037595
3116.0,0.10382553121166022
3120.0,0.10552758910037595
3124.0,0.10382553121166022
3128.0,0.10382553121166022
3132.0,0.10382553121166022
3136.0,0.10382553121166022
3140.0,0.10382553121166022
3144.0,0.10382553121166022
3148.0,0.10382553121166022
3152.0,0.10382553121166022
3156.0,0.10382553121166022
3160.0,0.10382553121166022
3164.0,0.10382553121166022
3168.0,0.10382553121166022
3172.0,0.10382553121166022
3176.0,0.10382553121166022
3180.0,0.10382553121166022
3184.0,0.10382553121166022
3188.0,0.10552758910037595
3192.0,0.10382553121166022
3196.0,0.10382553121166022
3200.0,0.10552758910037595
3204.0,0.10552758910037595
3208.0,0.10382553121166022
3212.0,0.10382553121166022
3216.0,0.10382553121166022
3220.0,0.10382553121166022
3224.0,0.10382553121166022
3228.0,0.10382553121166022
3232.0,0.10382553121166022
3236.0,0.10382553121166022
3240.0,0.10382553121166022
3244.0,0.10382553121166022
3248.0,0.10382553121166022
3252.0,0.10382553121166022
3256.0,0.10382553121166022
3260.0,0.10382553121166022
3264.0,0.10382553121166022
3268.0,0.10382553121166022
3272.0,0.10382553121166022
3276.0,0.10382553121166022
3280.0,0.10382553121166022
3284.0,0.10382553121166022
3288.0,0.10382553121166022
3292.0,0.10382553121166022
3296.0,0.10382553121166022
3300.0,0.10382553121166022
3304.0,0.10382553121166022
3308.0,0.10382553121166022
3312.0,0.10382553121166022
3316.0,0.10382553121166022
3320.0,0.10382553121166022
3324.0,0.10382553121166022
3328.0,0.10382553121166022
3332.0,0.10382553121166022
3336.0,0.10382553121166022
3340.0,0.10382553121166022
3344.0,0.10382553121166022
3348.0,0.10382553121166022
3352.0,0.10382553121166022
3356.0,0.10382553121166022
3360.0,0.10382553121166022
3364.0,0.10382553121166022
3368.0,0.10382553121166022
3372.0,0.10382553121166022
3376.0,0.10382553121166022
3380.0,0.10382553121166022
3384.0,0.10382553121166022
3388.0,0.10382553121166022
3392.0,0.10382553121166022
3396.0,0.10382553121166022
3400.0,0.10382553121166022
3404.0,0.10382553121166022
3408.0,0.10382553121166022
3412.0,0.10382553121166022
3416.0,0.10382553121166022
3420.0,0.10382553121166022
3424.0,0.10382553121166022
3428.0,0.10382553121166022
3432.0,0.10382553121166022
3436.0,0.10382553121166022
3440.0,0.10382553121166022
3444.0,0.10382553121166022
3448.0,0.10212347332294447
3452.0,0.10382553121166022
3456.0,0.10382553121166022
3460.0,0.10382553121166022
3464.0,0.10382553121166022
3468.0,0.10382553121166022
3472.0,0.10382553121166022
3476.0,0.10382553121166022
3480.0,0.10382553121166022
3484.0,0.10382553121166022
3488.0,0.10382553121166022
3492.0,0.10212347332294447
3496.0,0.10382553121166022
3500.0,0.10212347332294447
3504.0,0.10382553121166022
3508.0,0.10382553121166022
3512.0,0.10382553121166022
3516.0,0.10212347332294447
3520.0,0.10212347332294447
3524.0,0.10212347332294447
3528.0,0.10382553121166022
3532.0,0.10382553121166022
3536.0,0.10212347332294447
3540.0,0.10212347332294447
3544.0,0.10382553121166022
3548.0,0.10382553121166022
3552.0,0.10212347332294447
3556.0,0.10382553121166022
3560.0,0.10212347332294447
3564.0,0.10382553121166022
3568.0,0.10212347332294447
3572.0,0.10382553121166022
3576.0,0.10212347332294447
3580.0,0.10382553121166022
3584.0,0.10382553121166022
3588.0,0.10212347332294447
3592.0,0.10212347332294447
3596.0,0.10382553121166022
3600.0,0.10212347332294447
3604.0,0.10212347332294447
3608.0,0.10212347332294447
3612.0,0.10382553121166022
3616.0,0.10212347332294447
3620.0,0.10212347332294447
3624.0,0.10212347332294447
3628.0,0.10212347332294447
3632.0,0.10212347332294447
3636.0,0.10212347332294447
3640.0,0.10212347332294447
3644.0,0.10212347332294447
3648.0,0.10212347332294447
3652.0,0.10212347332294447
3656.0,0.10212347332294447
3660.0,0.10382553121166022
3664.0,0.10382553121166022
3668.0,0.10212347332294447
3672.0,0.10212347332294447
3676.0,0.10212347332294447
3680.0,0.10212347332294447
3684.0,0.10212347332294447
3688.0,0.10212347332294447
3692.0,0.10212347332294447
3696.0,0.10212347332294447
3700.0,0.10212347332294447
3704.0,0.10212347332294447
3708.0,0.10212347332294447
3712.0,0.10212347332294447
3716.0,0.10042141543422872
3720.0,0.10212347332294447
3724.0,0.10212347332294447
3728.0,0.10212347332294447
3732.0,0.10212347332294447
3736.0,0.10212347332294447
3740.0,0.10212347332294447
3744.0,0.10212347332294447
3748.0,0.10212347332294447
3752.0,0.10212347332294447
3756.0,0.10212347332294447
3760.0,0.10212347332294447
3764.0,0.10212347332294447
3768.0,0.10042141543422872
3772.0,0.10212347332294447
3776.0,0.10212347332294447
3780.0,0.10212347332294447
3784.0,0.10212347332294447
3788.0,0.10212347332294447
3792.0,0.10212347332294447
3796.0,0.10212347332294447
3800.0,0.10212347332294447
3804.0,0.10212347332294447
3808.0,0.10212347332294447
3812.0,0.10212347332294447
3816.0,0.10212347332294447
3820.0,0.10212347332294447
3824.0,0.10212347332294447
3828.0,0.10042141543422872
3832.0,0.10212347332294447
3836.0,0.10042141543422872
3840.0,0.10212347332294447
3844.0,0.10042141543422872
3848.0,0.10212347332294447
3852.0,0.10042141543422872
3856.0,0.10212347332294447
3860.0,0.10212347332294447
3864.0,0.10212347332294447
3868.0,0.10042141543422872
3872.0,0.10212347332294447
3876.0,0.10042141543422872
3880.0,0.10212347332294447
3884.0,0.10212347332294447
3888.0,0.10212347332294447
3892.0,0.10042141543422872
3896.0,0.10212347332294447
3900.0,0.10042141543422872
3904.0,0.10212347332294447
3908.0,0.10042141543422872
3912.0,0.10212347332294447
3916.0,0.10042141543422872
3920.0,0.10042141543422872
3924.0,0.10042141543422872
3928.0,0.10212347332294447
3932.0,0.10042141543422872
3936.0,0.10042141543422872
3940.0,0.10042141543422872
3944.0,0.10212347332294447
3948.0,0.10042141543422872
3952.0,0.10042141543422872
3956.0,0.10042141543422872
3960.0,0.10212347332294447
3964.0,0.10042141543422872
3968.0,0.10042141543422872
3972.0,0.10042141543422872
3976.0,0.10042141543422872
3980.0,0.10042141543422872
3984.0,0.10212347332294447
3988.0,0.10042141543422872
3992.0,0.10042141543422872
3996.0,0.10042141543422872
4000.0,0.10042141543422872
4004.0,0.10042141543422872
4008.0,0.10042141543422872
4012.0,0.10042141543422872
4016.0,0.10042141543422872
4020.0,0.10042141543422872
4024.0,0.10042141543422872
4028.0,0.10042141543422872
4032.0,0.10042141543422872
4036.0,0.10042141543422872
4040.0,0.10042141543422872
4044.0,0.10042141543422872
4048.0,0.10042141543422872
4052.0,0.10042141543422872
4056.0,0.10042141543422872
4060.0,0.10042141543422872
4064.0,0.10042141543422872
4068.0,0.10042141543422872
4072.0,0.10042141543422872
4076.0,0.10042141543422872
4080.0,0.10042141543422872
4084.0,0.10042141543422872
4088.0,0.10042141543422872
4092.0,0.10042141543422872
4096.0,0.10042141543422872
4100.0,0.10042141543422872
4104.0,0.10042141543422872
4108.0,0.10042141543422872
4112.0,0.10042141543422872
4116.0,0.10042141543422872
4120.0,0.10042141543422872
4124.0,0.10042141543422872
4128.0,0.10042141543422872
4132.0,0.10042141543422872
4136.0,0.10042141543422872
4140.0,0.10042141543422872
4144.0,0.10042141543422872
4148.0,0.10042141543422872
4152.0,0.10042141543422872
4156.0,0.10042141543422872
4160.0,0.10042141543422872
4164.0,0.10042141543422872
4168.0,0.098719357545513
4172.0,0.10042141543422872
4176.0,0.098719357545513
4180.0,0.10042141543422872
4184.0,0.10042141543422872
4188.0,0.10042141543422872
4192.0,0.10042141543422872
4196.0,0.10042141543422872
4200.0,0.098719357545513
4204.0,0.10042141543422872
4208.0,0.10042141543422872
4212.0,0.10042141543422872
4216.0,0.098719357545513
4220.0,0.10042141543422872
4224.0,0.098719357545513
4228.0,0.098719357545513
4232.0,0.10042141543422872
4236.0,0.10042141543422872
4240.0,0.10042141543422872
4244.0,0.098719357545513
4248.0,0.10042141543422872
4252.0,0.098719357545513
4256.0,0.10042141543422872
4260.0,0.098719357545513
4264.0,0.10042141543422872
4268.0,0.098719357545513
4272.0,0.098719357545513
4276.0,0.098719357545513
4280.0,0.098719357545513
4284.0,0.098719357545513
4288.0,0.098719357545513
4292.0,0.098719357545513
4296.0,0.098719357545513
4300.0,0.098719357545513
4304.0,0.10042141543422872
4308.0,0.098719357545513
4312.0,0.098719357545513
4316.0,0.098719357545513
4320.0,0.10042141543422872
4324.0,0.098719357545513
4328.0,0.10042141543422872
4332.0,0.098719357545513
4336.0,0.098719357545513
4340.0,0.098719357545513
4344.0,0.098719357545513
4348.0,0.098719357545513
4352.0,0.098719357545513
4356.0,0.098719357545513
4360.0,0.098719357545513
4364.0,0.098719357545513
4368.0,0.098719357545513
4372.0,0.098719357545513
4376.0,0.098719357545513
4380.0,0.098719357545513
4384.0,0.098719357545513
4388.0,0.098719357545513
4392.0,0.098719357545513
4396.0,0.098719357545513
4400.0,0.098719357545513
4404.0,0.098719357545513
4408.0,0.098719357545513
4412.0,0.098719357545513
4416.0,0.098719357545513
4420.0,0.098719357545513
4424.0,0.098719357545513
4428.0,0.098719357545513
4432.0,0.098719357545513
4436.0,0.098719357545513
4440.0,0.098719357545513
4444.0,0.098719357545513
4448.0,0.098719357545513
4452.0,0.098719357545513
4456.0,0.098719357545513
4460.0,0.098719357545513
4464.0,0.098719357545513
4468.0,0.098719357545513
4472.0,0.098719357545513
4476.0,0.098719357545513
4480.0,0.098719357545513
4484.0,0.098719357545513
4488.0,0.098719357545513
4492.0,0.098719357545513
4496.0,0.098719357545513
4500.0,0.098719357545513
4504.0,0.098719357545513
4508.0,0.098719357545513
4512.0,0.098719357545513
4516.0,0.098719357545513
4520.0,0.098719357545513
4524.0,0.098719357545513
4528.0,0.098719357545513
4532.0,0.09701729965679726
4536.0,0.098719357545513
4540.0,0.09701729965679726
4544.0,0.098719357545513
4548.0,0.09701729965679726
4552.0,0.098719357545513
4556.0,0.09701729965679726
4560.0,0.098719357545513
4564.0,0.098719357545513
4568.0,0.09701729965679726
4572.0,0.098719357545513
4576.0,0.09701729965679726
4580.0,0.098719357545513
4584.0,0.098719357545513
4588.0,0.098719357545513
4592.0,0.09701729965679726
4596.0,0.09701729965679726
4600.0,0.09701729965679726
4604.0,0.09701729965679726
4608.0,0.09701729965679726
4612.0,0.098719357545513
4616.0,0.09701729965679726
4620.0,0.09701729965679726
4624.0,0.09701729965679726
4628.0,0.09701729965679726
4632.0,0.098719357545513
4636.0,0.09701729965679726
4640.0,0.09701729965679726
4644.0,0.09701729965679726
4648.0,0.09701729965679726
4652.0,0.09701729965679726
4656.0,0.09701729965679726
4660.0,0.09701729965679726
4664.0,0.09701729965679726
4668.0,0.09701729965679726
4672.0,0.09701729965679726
4676.0,0.09701729965679726
4680.0,0.09701729965679726
4684.0,0.09701729965679726
4688.0,0.09701729965679726
4692.0,0.09531524176808151
4696.0,0.098719357545513
4700.0,0.09531524176808151
4704.0,0.098719357545513
4708.0,0.09701729965679726
4712.0,0.09701729965679726
4716.0,0.09531524176808151
4720.0,0.09701729965679726
4724.0,0.09701729965679726
4728.0,0.09701729965679726
4732.0,0.09531524176808151
4736.0,0.09701729965679726
4740.0,0.09701729965679726
4744.0,0.09701729965679726
4748.0,0.09701729965679726
4752.0,0.09701729965679726
4756.0,0.09701729965679726
4760.0,0.09701729965679726
4764.0,0.09531524176808151
4768.0,0.09701729965679726
4772.0,0.09531524176808151
4776.0,0.09531524176808151
4780.0,0.09701729965679726
4784.0,0.09701729965679726
4788.0,0.09701729965679726
4792.0,0.09531524176808151
4796.0,0.09531524176808151
4800.0,0.09531524176808151
4804.0,0.09701729965679726
4808.0,0.09531524176808151
4812.0,0.09701729965679726
4816.0,0.09531524176808151
4820.0,0.09701729965679726
4824.0,0.09531524176808151
4828.0,0.09531524176808151
4832.0,0.09531524176808151
4836.0,0.09701729965679726
4840.0,0.09531524176808151
4844.0,0.09531524176808151
4848.0,0.09531524176808151
4852.0,0.09531524176808151
4856.0,0.09531524176808151
4860.0,0.09531524176808151
4864.0,0.09531524176808151
4868.0,0.09531524176808151
4872.0,0.09531524176808151
4876.0,0.09531524176808151
4880.0,0.09531524176808151
4884.0,0.09531524176808151
4888.0,0.09531524176808151
4892.0,0.09531524176808151
4896.0,0.09531524176808151
4900.0,0.09531524176808151
4904.0,0.09531524176808151
4908.0,0.09531524176808151
4912.0,0.09531524176808151
4916.0,0.09531524176808151
4920.0,0.09531524176808151
4924.0,0.09531524176808151
4928.0,0.09531524176808151
4932.0,0.09531524176808151
4936.0,0.09531524176808151
4940.0,0.09531524176808151
4944.0,0.09531524176808151
4948.0,0.09531524176808151
4952.0,0.09531524176808151
4956.0,0.09531524176808151
4960.0,0.09531524176808151
4964.0,0.09531524176808151
4968.0,0.09531524176808151
4972.0,0.09531524176808151
4976.0,0.09531524176808151
4980.0,0.09531524176808151
4984.0,0.09531524176808151
4988.0,0.09531524176808151
4992.0,0.09531524176808151
4996.0,0.09531524176808151
5000.0,0.09531524176808151
5004.0,0.09531524176808151
5008.0,0.09531524176808151
5012.0,0.09531524176808151
5016.0,0.09531524176808151
5020.0,0.09531524176808151
5024.0,0.09531524176808151
5028.0,0.09531524176808151
5032.0,0.09531524176808151
5036.0,0.09531524176808151
5040.0,0.09531524176808151
5044.0,0.09531524176808151
5048.0,0.09531524176808151
5052.0,0.09531524176808151
5056.0,0.09531524176808151
5060.0,0.09531524176808151
5064.0,0.09531524176808151
5068.0,0.09531524176808151
5072.0,0.09531524176808151
5076.0,0.09531524176808151
5080.0,0.09531524176808151
5084.0,0.09531524176808151
5088.0,0.09531524176808151
5092.0,0.09531524176808151
5096.0,0.09531524176808151
5100.0,0.09361318387936578
5104.0,0.09531524176808151
5108.0,0.09361318387936578
5112.0,0.09531524176808151
5116.0,0.09531524176808151
5120.0,0.09531524176808151
5124.0,0.09361318387936578
5128.0,0.09531524176808151
5132.0,0.09361318387936578
5136.0,0.09531524176808151
5140.0,0.09361318387936578
5144.0,0.09361318387936578
5148.0,0.09191112599065003
5152.0,0.09361318387936578
5156.0,0.09361318387936578
5160.0,0.09361318387936578
5164.0,0.09361318387936578
5168.0,0.09361318387936578
5172.0,0.09361318387936578
5176.0,0.09531524176808151
5180.0,0.09361318387936578
5184.0,0.09361318387936578
5188.0,0.09361318387936578
5192.0,0.09531524176808151
5196.0,0.09361318387936578
5200.0,0.09361318387936578
5204.0,0.09361318387936578
5208.0,0.09531524176808151
5212.0,0.09361318387936578
5216.0,0.09361318387936578
5220.0,0.09361318387936578
5224.0,0.09361318387936578
5228.0,0.09361318387936578
5232.0,0.09361318387936578
5236.0,0.09361318387936578
5240.0,0.09361318387936578
5244.0,0.09361318387936578
5248.0,0.09361318387936578
5252.0,0.09361318387936578
5256.0,0.09361318387936578
5260.0,0.09191112599065003
5264.0,0.09361318387936578
5268.0,0.09191112599065003
5272.0,0.09361318387936578
5276.0,0.09191112599065003
5280.0,0.09361318387936578
5284.0,0.09361318387936578
5288.0,0.09361318387936578
5292.0,0.09361318387936578
5296.0,0.09361318387936578
5300.0,0.09191112599065003
5304.0,0.09191112599065003
5308.0,0.09191112599065003
5312.0,0.09361318387936578
5316.0,0.09191112599065003
5320.0,0.09361318387936578
5324.0,0.09191112599065003
5328.0,0.09361318387936578
5332.0,0.09191112599065003
5336.0,0.09361318387936578
5340.0,0.09191112599065003
5344.0,0.09191112599065003
5348.0,0.09191112599065003
5352.0,0.09191112599065003
5356.0,0.09191112599065003
5360.0,0.09191112599065003
5364.0,0.09191112599065003
5368.0,0.09191112599065003
5372.0,0.09191112599065003
5376.0,0.09191112599065003
5380.0,0.09191112599065003
5384.0,0.09361318387936578
5388.0,0.09191112599065003
5392.0,0.09191112599065003
5396.0,0.09191112599065003
5400.0,0.09191112599065003
5404.0,0.09191112599065003
5408.0,0.09191112599065003
5412.0,0.09191112599065003
5416.0,0.09191112599065003
5420.0,0.09191112599065003
5424.0,0.09191112599065003
5428.0,0.09191112599065003
5432.0,0.09191112599065003
5436.0,0.09191112599065003
5440.0,0.09191112599065003
5444.0,0.09191112599065003
5448.0,0.09191112599065003
5452.0,0.09191112599065003
5456.0,0.09191112599065003
5460.0,0.09191112599065003
5464.0,0.09191112599065003
5468.0,0.09191112599065003
5472.0,0.09191112599065003
5476.0,0.09191112599065003
5480.0,0.09191112599065003
5484.0,0.09191112599065003
5488.0,0.09191112599065003
5492.0,0.09191112599065003
5496.0,0.09191112599065003
5500.0,0.09191112599065003
5504.0,0.09191112599065003
5508.0,0.09020906810193428
5512.0,0.09191112599065003
5516.0,0.09191112599065003
5520.0,0.09191112599065003
5524.0,0.09191112599065003
5528.0,0.09191112599065003
5532.0,0.09020906810193428
5536.0,0.09191112599065003
5540.0,0.09191112599065003
5544.0,0.09191112599065003
5548.0,0.09020906810193428
5552.0,0.09191112599065003
5556.0,0.09020906810193428
5560.0,0.09191112599065003
5564.0,0.09191112599065003
5568.0,0.09191112599065003
5572.0,0.09020906810193428
5576.0,0.09191112599065003
5580.0,0.09020906810193428
5584.0,0.09020906810193428
5588.0,0.09020906810193428
5592.0,0.09191112599065003
5596.0,0.09020906810193428
5600.0,0.09020906810193428
5604.0,0.09020906810193428
5608.0,0.09191112599065003
5612.0,0.09191112599065003
5616.0,0.09020906810193428
5620.0,0.09191112599065003
5624.0,0.09020906810193428
5628.0,0.09020906810193428
5632.0,0.09020906810193428
5636.0,0.09020906810193428
5640.0,0.09020906810193428
5644.0,0.09020906810193428
5648.0,0.09020906810193428
5652.0,0.09020906810193428
5656.0,0.09020906810193428
5660.0,0.08850701021321854
5664.0,0.09020906810193428
5668.0,0.09020906810193428
5672.0,0.09020906810193428
5676.0,0.09020906810193428
5680.0,0.09020906810193428
5684.0,0.08850701021321854
5688.0,0.09020906810193428
5692.0,0.08850701021321854
5696.0,0.09020906810193428
5700.0,0.08850701021321854
5704.0,0.09020906810193428
5708.0,0.08850701021321854
5712.0,0.09020906810193428
5716.0,0.09020906810193428
5720.0,0.09020906810193428
5724.0,0.09020906810193428
5728.0,0.09020906810193428
5732.0,0.08850701021321854
5736.0,0.09020906810193428
5740.0,0.09020906810193428
5744.0,0.09020906810193428
5748.0,0.08850701021321854
5752.0,0.09020906810193428
5756.0,0.08850701021321854
5760.0,0.09020906810193428
5764.0,0.09020906810193428
5768.0,0.09020906810193428
5772.0,0.08850701021321854
5776.0,0.09020906810193428
5780.0,0.08850701021321854
5784.0,0.09020906810193428
5788.0,0.09020906810193428
5792.0,0.08850701021321854
5796.0,0.08850701021321854
5800.0,0.08850701021321854
5804.0,0.08850701021321854
5808.0,0.09020906810193428
5812.0,0.08850701021321854
5816.0,0.09020906810193428
5820.0,0.08850701021321854
5824.0,0.09020906810193428
5828.0,0.08850701021321854
5832.0,0.08850701021321854
5836.0,0.08850701021321854
5840.0,0.09020906810193428
5844.0,0.08850701021321854
5848.0,0.08850701021321854
5852.0,0.08850701021321854
5856.0,0.08850701021321854
5860.0,0.08850701021321854
5864.0,0.08850701021321854
5868.0,0.08850701021321854
5872.0,0.08850701021321854
5876.0,0.08850701021321854
5880.0,0.09020906810193428
5884.0,0.08850701021321854
5888.0,0.09020906810193428
5892.0,0.08850701021321854
5896.0,0.09020906810193428
5900.0,0.08850701021321854
5904.0,0.08850701021321854
5908.0,0.08850701021321854
5912.0,0.08850701021321854
5916.0,0.08850701021321854
5920.0,0.08850701021321854
5924.0,0.08850701021321854
5928.0,0.08850701021321854
5932.0,0.08680495232450278
5936.0,0.09020906810193428
5940.0,0.08850701021321854
5944.0,0.09020906810193428
5948.0,0.08850701021321854
5952.0,0.09020906810193428
5956.0,0.08680495232450278
5960.0,0.08850701021321854
5964.0,0.08850701021321854
5968.0,0.08850701021321854
5972.0,0.08850701021321854
5976.0,0.08850701021321854
5980.0,0.08850701021321854
5984.0,0.08850701021321854
5988.0,0.08680495232450278
5992.0,0.08680495232450278
5996.0,0.08680495232450278
6000.0,0.08850701021321854
6004.0,0.08850701021321854
6008.0,0.08850701021321854
6012.0,0.08850701021321854
6016.0,0.08850701021321854
6020.0,0.08680495232450278
6024.0,0.08850701021321854
6028.0,0.08680495232450278
6032.0,0.08850701021321854
6036.0,0.08680495232450278
6040.0,0.08850701021321854
6044.0,0.08680495232450278
6048.0,0.08850701021321854
6052.0,0.08850701021321854
6056.0,0.08850701021321854
6060.0,0.08680495232450278
6064.0,0.08850701021321854
6068.0,0.08680495232450278
6072.0,0.08850701021321854
6076.0,0.08680495232450278
6080.0,0.08680495232450278
6084.0,0.08680495232450278
6088.0,0.08850701021321854
6092.0,0.08680495232450278
6096.0,0.08850701021321854
6100.0,0.08680495232450278
6104.0,0.08680495232450278
6108.0,0.08680495232450278
6112.0,0.08850701021321854
6116.0,0.08680495232450278
6120.0,0.08850701021321854
6124.0,0.08680495232450278
6128.0,0.08850701021321854
6132.0,0.08680495232450278
6136.0,0.08850701021321854
6140.0,0.08680495232450278
6144.0,0.08680495232450278
6148.0,0.08680495232450278
6152.0,0.08680495232450278
6156.0,0.08680495232450278
6160.0,0.08680495232450278
6164.0,0.08680495232450278
6168.0,0.08680495232450278
6172.0,0.08680495232450278
6176.0,0.08680495232450278
6180.0,0.08680495232450278
6184.0,0.08680495232450278
6188.0,0.08680495232450278
6192.0,0.08680495232450278
6196.0,0.08680495232450278
6200.0,0.08680495232450278
6204.0,0.08680495232450278
6208.0,0.08680495232450278
6212.0,0.08680495232450278
6216.0,0.08680495232450278
6220.0,0.08680495232450278
6224.0,0.08680495232450278
6228.0,0.08680495232450278
6232.0,0.08680495232450278
6236.0,0.08680495232450278
6240.0,0.08680495232450278
6244.0,0.08680495232450278
6248.0,0.08680495232450278
6252.0,0.08680495232450278
6256.0,0.08680495232450278
6260.0,0.08680495232450278
6264.0,0.08680495232450278
6268.0,0.08680495232450278
6272.0,0.08680495232450278
6276.0,0.08680495232450278
6280.0,0.08680495232450278
6284.0,0.08680495232450278
6288.0,0.08680495232450278
6292.0,0.08680495232450278
6296.0,0.08680495232450278
6300.0,0.08680495232450278
6304.0,0.08680495232450278
6308.0,0.08680495232450278
6312.0,0.08680495232450278
6316.0,0.08680495232450278
6320.0,0.08680495232450278
6324.0,0.08680495232450278
6328.0,0.08680495232450278
6332.0,0.08680495232450278
6336.0,0.08680495232450278
6340.0,0.08680495232450278
6344.0,0.08680495232450278
6348.0,0.08680495232450278
6352.0,0.08680495232450278
6356.0,0.08680495232450278
6360.0,0.08680495232450278
6364.0,0.08680495232450278
6368.0,0.08680495232450278
6372.0,0.08680495232450278
6376.0,0.08680495232450278
6380.0,0.08680495232450278
6384.0,0.08680495232450278
6388.0,0.08510289443578707
6392.0,0.08680495232450278
6396.0,0.08510289443578707
6400.0,0.08680495232450278
6404.0,0.08680495232450278
6408.0,0.08680495232450278
6412.0,0.08680495232450278
6416.0,0.08680495232450278
6420.0,0.08680495232450278
6424.0,0.08680495232450278
6428.0,0.08680495232450278
6432.0,0.08680495232450278
6436.0,0.08680495232450278
6440.0,0.08680495232450278
6444.0,0.08680495232450278
6448.0,0.08510289443578707
6452.0,0.08680495232450278
6456.0,0.08680495232450278
6460.0,0.08680495232450278
6464.0,0.08680495232450278
6468.0,0.08680495232450278
6472.0,0.08680495232450278
6476.0,0.08680495232450278
6480.0,0.08680495232450278
6484.0,0.08680495232450278
6488.0,0.08680495232450278
6492.0,0.08680495232450278
6496.0,0.08680495232450278
6500.0,0.08510289443578707
6504.0,0.08680495232450278
6508.0,0.08680495232450278
6512.0,0.08680495232450278
6516.0,0.08680495232450278
6520.0,0.08680495232450278
6524.0,0.08680495232450278
6528.0,0.08680495232450278
6532.0,0.08510289443578707
6536.0,0.08680495232450278
6540.0,0.08680495232450278
6544.0,0.08680495232450278
6548.0,0.08510289443578707
6552.0,0.08680495232450278
6556.0,0.08510289443578707
6560.0,0.08680495232450278
6564.0,0.08680495232450278
6568.0,0.08680495232450278
6572.0,0.08680495232450278
6576.0,0.08680495232450278
6580.0,0.08510289443578707
6584.0,0.08680495232450278
6588.0,0.08510289443578707
6592.0,0.08680495232450278
6596.0,0.08680495232450278
6600.0,0.08680495232450278
6604.0,0.08680495232450278
6608.0,0.08510289443578707
6612.0,0.08680495232450278
6616.0,0.08510289443578707
6620.0,0.08680495232450278
6624.0,0.08510289443578707
6628.0,0.08680495232450278
6632.0,0.08680495232450278
6636.0,0.08680495232450278
6640.0,0.08680495232450278
6644.0,0.08510289443578707
6648.0,0.08680495232450278
6652.0,0.08680495232450278
6656.0,0.08510289443578707
6660.0,0.08680495232450278
6664.0,0.08680495232450278
6668.0,0.08510289443578707
6672.0,0.08680495232450278
6676.0,0.08510289443578707
6680.0,0.08680495232450278
6684.0,0.08510289443578707
6688.0,0.08680495232450278
6692.0,0.08510289443578707
6696.0,0.08680495232450278
6700.0,0.08510289443578707
6704.0,0.08680495232450278
6708.0,0.08510289443578707
6712.0,0.08680495232450278
6716.0,0.08510289443578707
6720.0,0.08680495232450278
6724.0,0.08510289443578707
6728.0,0.08680495232450278
6732.0,0.08510289443578707
6736.0,0.08510289443578707
6740.0,0.08510289443578707
6744.0,0.08510289443578707
6748.0,0.08510289443578707
6752.0,0.08680495232450278
6756.0,0.08510289443578707
6760.0,0.08680495232450278
6764.0,0.08510289443578707
6768.0,0.08680495232450278
6772.0,0.08510289443578707
6776.0,0.08510289443578707
6780.0,0.08510289443578707
6784.0,0.08510289443578707
6788.0,0.08510289443578707
6792.0,0.08510289443578707
6796.0,0.08510289443578707
6800.0,0.08510289443578707
6804.0,0.08510289443578707
6808.0,0.08510289443578707
6812.0,0.08510289443578707
6816.0,0.08510289443578707
6820.0,0.08510289443578707
6824.0,0.08510289443578707
6828.0,0.08510289443578707
6832.0,0.08510289443578707
6836.0,0.08510289443578707
6840.0,0.08340083654707132
6844.0,0.08680495232450278
6848.0,0.08510289443578707
6852.0,0.08510289443578707
6856.0,0.08510289443578707
6860.0,0.08510289443578707
6864.0,0.08510289443578707
6868.0,0.08510289443578707
6872.0,0.08510289443578707
6876.0,0.08340083654707132
6880.0,0.08680495232450278
6884.0,0.08510289443578707
6888.0,0.08510289443578707
6892.0,0.08510289443578707
6896.0,0.08510289443578707
6900.0,0.08340083654707132
6904.0,0.08510289443578707
6908.0,0.08510289443578707
6912.0,0.08680495232450278
6916.0,0.08510289443578707
6920.0,0.08510289443578707
6924.0,0.08340083654707132
6928.0,0.08510289443578707
6932.0,0.08340083654707132
6936.0,0.08510289443578707
6940.0,0.08340083654707132
6944.0,0.08510289443578707
6948.0,0.08510289443578707
6952.0,0.08340083654707132
6956.0,0.08340083654707132
6960.0,0.08510289443578707
6964.0,0.08340083654707132
6968.0,0.08510289443578707
6972.0,0.08340083654707132
6976.0,0.08510289443578707
6980.0,0.08510289443578707
6984.0,0.08510289443578707
6988.0,0.08510289443578707
6992.0,0.08340083654707132
6996.0,0.08340083654707132
7000.0,0.08340083654707132
7004.0,0.08340083654707132
7008.0,0.08340083654707132
7012.0,0.08340083654707132
7016.0,0.08340083654707132
7020.0,0.08510289443578707
7024.0,0.08510289443578707
7028.0,0.08340083654707132
7032.0,0.08510289443578707
7036.0,0.08510289443578707
7040.0,0.08510289443578707
7044.0,0.08340083654707132
7048.0,0.08340083654707132
7052.0,0.08340083654707132
7056.0,0.08340083654707132
7060.0,0.08340083654707132
7064.0,0.08340083654707132
7068.0,0.08340083654707132
7072.0,0.08340083654707132
7076.0,0.08340083654707132
7080.0,0.08340083654707132
7084.0,0.08340083654707132
7088.0,0.08340083654707132
7092.0,0.08340083654707132
7096.0,0.08510289443578707
7100.0,0.08340083654707132
7104.0,0.08510289443578707
7108.0,0.08340083654707132
7112.0,0.08510289443578707
7116.0,0.08340083654707132
7120.0,0.08510289443578707
7124.0,0.08340083654707132
7128.0,0.08510289443578707
7132.0,0.08340083654707132
7136.0,0.08510289443578707
7140.0,0.08340083654707132
7144.0,0.08510289443578707
7148.0,0.08340083654707132
7152.0,0.08510289443578707
7156.0,0.08340083654707132
7160.0,0.08510289443578707
7164.0,0.08340083654707132
7168.0,0.08340083654707132
7172.0,0.08340083654707132
7176.0,0.08340083654707132
7180.0,0.08340083654707132
7184.0,0.08340083654707132
7188.0,0.08340083654707132
7192.0,0.08340083654707132
7196.0,0.08340083654707132
7200.0,0.08340083654707132
7204.0,0.08510289443578707
7208.0,0.08340083654707132
7212.0,0.08340083654707132
7216.0,0.08340083654707132
7220.0,0.08340083654707132
7224.0,0.08340083654707132
7228.0,0.08340083654707132
7232.0,0.08340083654707132
7236.0,0.08340083654707132
7240.0,0.08340083654707132
7244.0,0.08340083654707132
7248.0,0.08340083654707132
7252.0,0.08340083654707132
7256.0,0.08340083654707132
7260.0,0.08340083654707132
7264.0,0.08340083654707132
7268.0,0.08340083654707132
7272.0,0.08340083654707132
7276.0,0.08340083654707132
7280.0,0.08340083654707132
7284.0,0.08340083654707132
7288.0,0.08340083654707132
7292.0,0.08340083654707132
7296.0,0.08340083654707132
7300.0,0.08340083654707132
7304.0,0.08340083654707132
7308.0,0.08340083654707132
7312.0,0.08340083654707132
7316.0,0.08340083654707132
7320.0,0.08340083654707132
7324.0,0.08340083654707132
7328.0,0.08340083654707132
7332.0,0.08340083654707132
7336.0,0.08340083654707132
7340.0,0.08340083654707132
7344.0,0.08340083654707132
7348.0,0.08340083654707132
7352.0,0.08340083654707132
7356.0,0.08340083654707132
7360.0,0.08340083654707132
7364.0,0.08340083654707132
7368.0,0.08340083654707132
7372.0,0.08340083654707132
7376.0,0.08340083654707132
7380.0,0.08340083654707132
7384.0,0.08340083654707132
7388.0,0.08340083654707132
7392.0,0.08340083654707132
7396.0,0.08340083654707132
7400.0,0.08340083654707132
7404.0,0.08340083654707132
7408.0,0.08340083654707132
7412.0,0.08340083654707132
7416.0,0.08340083654707132
7420.0,0.08340083654707132
7424.0,0.08340083654707132
7428.0,0.08340083654707132
7432.0,0.08340083654707132
7436.0,0.08340083654707132
7440.0,0.08340083654707132
7444.0,0.08340083654707132
7448.0,0.08340083654707132
7452.0,0.08340083654707132
7456.0,0.08340083654707132
7460.0,0.08340083654707132
7464.0,0.08340083654707132
7468.0,0.08340083654707132
7472.0,0.08340083654707132
7476.0,0.08340083654707132
7480.0,0.08340083654707132
7484.0,0.08340083654707132
7488.0,0.08340083654707132
7492.0,0.08340083654707132
7496.0,0.08340083654707132
7500.0,0.08340083654707132
7504.0,0.08340083654707132
7508.0,0.08340083654707132
7512.0,0.08340083654707132
7516.0,0.08340083654707132
7520.0,0.08340083654707132
7524.0,0.08340083654707132
7528.0,0.08340083654707132
7532.0,0.08340083654707132
7536.0,0.08340083654707132
7540.0,0.08340083654707132
7544.0,0.08340083654707132
7548.0,0.08340083654707132
7552.0,0.08340083654707132
7556.0,0.08340083654707132
7560.0,0.08510289443578707
7564.0,0.08340083654707132
7568.0,0.08340083654707132
7572.0,0.08340083654707132
7576.0,0.08340083654707132
7580.0,0.08169877865835559
7584.0,0.08340083654707132
7588.0,0.08340083654707132
7592.0,0.08340083654707132
7596.0,0.08340083654707132
7600.0,0.08340083654707132
7604.0,0.08340083654707132
7608.0,0.08169877865835559
7612.0,0.08340083654707132
7616.0,0.08340083654707132
7620.0,0.08340083654707132
7624.0,0.08340083654707132
7628.0,0.08340083654707132
7632.0,0.08340083654707132
7636.0,0.08340083654707132
7640.0,0.08169877865835559
7644.0,0.08340083654707132
7648.0,0.08340083654707132
7652.0,0.08340083654707132
7656.0,0.08340083654707132
7660.0,0.08340083654707132
7664.0,0.08340083654707132
7668.0,0.08340083654707132
7672.0,0.08340083654707132
7676.0,0.08340083654707132
7680.0,0.08340083654707132
7684.0,0.08340083654707132
7688.0,0.08340083654707132
7692.0,0.08340083654707132
7696.0,0.08340083654707132
7700.0,0.08169877865835559
7704.0,0.08340083654707132
7708.0,0.08340083654707132
7712.0,0.08340083654707132
7716.0,0.08169877865835559
7720.0,0.08169877865835559
7724.0,0.08169877865835559
7728.0,0.08340083654707132
7732.0,0.08169877865835559
7736.0,0.08340083654707132
7740.0,0.08340083654707132
7744.0,0.08340083654707132
7748.0,0.08169877865835559
7752.0,0.08340083654707132
7756.0,0.08169877865835559
7760.0,0.08340083654707132
7764.0,0.08169877865835559
7768.0,0.08340083654707132
7772.0,0.08169877865835559
7776.0,0.08169877865835559
7780.0,0.08169877865835559
7784.0,0.08340083654707132
7788.0,0.08169877865835559
7792.0,0.08169877865835559
7796.0,0.08169877865835559
7800.0,0.08169877865835559
7804.0,0.08169877865835559
7808.0,0.08169877865835559
7812.0,0.08169877865835559
7816.0,0.08169877865835559
7820.0,0.08340083654707132
7824.0,0.08169877865835559
7828.0,0.08340083654707132
7832.0,0.08169877865835559
7836.0,0.08340083654707132
7840.0,0.08169877865835559
7844.0,0.08340083654707132
7848.0,0.08169877865835559
7852.0,0.08169877865835559
7856.0,0.08169877865835559
7860.0,0.08169877865835559
7864.0,0.08169877865835559
7868.0,0.08169877865835559
7872.0,0.08169877865835559
7876.0,0.08340083654707132
7880.0,0.08169877865835559
7884.0,0.08169877865835559
7888.0,0.08169877865835559
7892.0,0.08169877865835559
7896.0,0.08340083654707132
7900.0,0.08169877865835559
7904.0,0.08169877865835559
7908.0,0.08169877865835559
7912.0,0.08169877865835559
7916.0,0.08169877865835559
7920.0,0.08169877865835559
7924.0,0.08169877865835559
7928.0,0.08340083654707132
7932.0,0.08169877865835559
7936.0,0.08340083654707132
7940.0,0.08169877865835559
7944.0,0.08169877865835559
7948.0,0.08169877865835559
7952.0,0.08169877865835559
7956.0,0.08169877865835559
7960.0,0.08169877865835559
7964.0,0.08169877865835559
7968.0,0.08169877865835559
7972.0,0.08169877865835559
7976.0,0.08169877865835559
7980.0,0.08169877865835559
7984.0,0.08169877865835559
7988.0,0.08169877865835559
7992.0,0.08169877865835559
7996.0,0.08169877865835559
8000.0,0.08169877865835559
8004.0,0.08169877865835559
8007.999999999999,0.08169877865835559
8012.0,0.08169877865835559
8016.0,0.08169877865835559
8020.0,0.08169877865835559
8023.999999999999,0.08169877865835559
8028.000000000001,0.08169877865835559
8032.0,0.08169877865835559
8036.0,0.08169877865835559
8039.999999999999,0.08169877865835559
8044.000000000001,0.08169877865835559
8048.0,0.08169877865835559
8052.0,0.08169877865835559
8055.999999999999,0.08169877865835559
8060.000000000001,0.08169877865835559
8064.0,0.08169877865835559
8068.0,0.08169877865835559
8071.999999999999,0.08169877865835559
8076.000000000001,0.08169877865835559
8080.0,0.08169877865835559
8084.0,0.08169877865835559
8087.999999999999,0.08169877865835559
8092.000000000001,0.08169877865835559
8096.0,0.08169877865835559
8100.0,0.08169877865835559
8103.999999999999,0.08169877865835559
8108.000000000001,0.08169877865835559
8112.0,0.08169877865835559
8116.0,0.08169877865835559
8119.999999999999,0.08340083654707132
8124.000000000001,0.08169877865835559
8128.0,0.08169877865835559
8132.0,0.08169877865835559
8135.999999999999,0.08169877865835559
8140.000000000001,0.08169877865835559
8144.0,0.08340083654707132
8148.0,0.08169877865835559
8151.999999999999,0.08169877865835559
8156.000000000001,0.08169877865835559
8160.0,0.08169877865835559
8164.0,0.08169877865835559
8167.999999999999,0.08169877865835559
8172.000000000001,0.08169877865835559
8176.0,0.08169877865835559
8180.0,0.08169877865835559
8183.999999999999,0.08169877865835559
8188.000000000001,0.08169877865835559
8192.0,0.08169877865835559
8196.0,0.08169877865835559
8200.0,0.08169877865835559
8204.0,0.08169877865835559
8208.0,0.08169877865835559
8212.0,0.08169877865835559
8216.0,0.08169877865835559
8220.0,0.08169877865835559
8224.0,0.08169877865835559
8228.0,0.08169877865835559
8232.0,0.08169877865835559
8236.0,0.08169877865835559
8240.0,0.08169877865835559
8244.0,0.08169877865835559
8248.0,0.08169877865835559
8252.0,0.08169877865835559
8256.0,0.08169877865835559
8260.0,0.08169877865835559
8264.0,0.08169877865835559
8268.0,0.08169877865835559
8272.0,0.08169877865835559
8276.0,0.08169877865835559
8280.0,0.08169877865835559
8284.0,0.08169877865835559
8288.0,0.08169877865835559
8292.0,0.08169877865835559
8296.0,0.08169877865835559
8300.0,0.08169877865835559
8304.0,0.08340083654707132
8308.0,0.08169877865835559
8312.0,0.08340083654707132
8316.0,0.08169877865835559
8320.0,0.08169877865835559
8324.0,0.08169877865835559
8328.0,0.08169877865835559
8332.0,0.08169877865835559
8336.0,0.08340083654707132
8340.0,0.08169877865835559
8344.0,0.08169877865835559
8348.0,0.08169877865835559
8352.0,0.08169877865835559
8356.0,0.08169877865835559
8360.0,0.08169877865835559
8364.0,0.08169877865835559
8368.0,0.08169877865835559
8372.0,0.08169877865835559
8376.0,0.08169877865835559
8380.0,0.08169877865835559
8384.0,0.08169877865835559
8388.0,0.08169877865835559
8392.0,0.08169877865835559
8396.0,0.08169877865835559
8400.0,0.08169877865835559
8404.0,0.08169877865835559
8408.0,0.08169877865835559
8412.0,0.08169877865835559
8416.0,0.08169877865835559
8420.0,0.08169877865835559
8424.0,0.08169877865835559
8428.0,0.08169877865835559
8432.0,0.08169877865835559
8436.0,0.08169877865835559
8440.0,0.08169877865835559
8444.0,0.08169877865835559
8448.0,0.08169877865835559
8452.0,0.08169877865835559
8456.0,0.07999672076963985
8460.0,0.08169877865835559
8464.0,0.08169877865835559
8468.0,0.08169877865835559
8472.0,0.08169877865835559
8476.0,0.08169877865835559
8480.0,0.08169877865835559
8484.0,0.08169877865835559
8488.0,0.08169877865835559
8492.0,0.08169877865835559
8496.0,0.08169877865835559
8500.0,0.08169877865835559
8504.0,0.08169877865835559
8508.0,0.08169877865835559
8512.0,0.08169877865835559
8516.0,0.08169877865835559
8520.0,0.08169877865835559
8524.0,0.08169877865835559
8528.0,0.08169877865835559
8532.0,0.08169877865835559
8536.0,0.08340083654707132
8540.0,0.08169877865835559
8544.0,0.08169877865835559
8548.0,0.08169877865835559
8552.0,0.08340083654707132
8556.0,0.08169877865835559
8560.0,0.08169877865835559
8564.0,0.08169877865835559
8568.0,0.08169877865835559
8572.0,0.08169877865835559
8576.0,0.08169877865835559
8580.0,0.08169877865835559
8584.0,0.08169877865835559
8588.0,0.08169877865835559
8592.0,0.07999672076963985
8596.0,0.07999672076963985
8600.0,0.08169877865835559
8604.0,0.08169877865835559
8608.0,0.08169877865835559
8612.0,0.08169877865835559
8616.0,0.08169877865835559
8620.0,0.08169877865835559
8624.0,0.08169877865835559
8628.0,0.08169877865835559
8632.0,0.08169877865835559
8636.0,0.08169877865835559
8640.0,0.07999672076963985
8644.0,0.08169877865835559
8648.0,0.07999672076963985
8652.0,0.08169877865835559
8656.0,0.08169877865835559
8660.0,0.08169877865835559
8664.0,0.08169877865835559
8668.0,0.08169877865835559
8672.0,0.08169877865835559
8676.0,0.07999672076963985
8680.0,0.08169877865835559
8684.0,0.08169877865835559
8688.0,0.08169877865835559
8692.0,0.08169877865835559
8696.0,0.08169877865835559
8700.0,0.08169877865835559
8704.0,0.07999672076963985
8708.0,0.08169877865835559
8712.0,0.08169877865835559
8716.0,0.08169877865835559
8720.0,0.08169877865835559
8724.0,0.07999672076963985
8728.0,0.08169877865835559
8732.0,0.08169877865835559
8736.0,0.08169877865835559
8740.0,0.08169877865835559
8744.0,0.08169877865835559
8748.0,0.08169877865835559
8752.0,0.08169877865835559
8756.0,0.08169877865835559
8760.0,0.08169877865835559
8764.0,0.08169877865835559
8768.0,0.08169877865835559
8772.0,0.08169877865835559
8776.0,0.08169877865835559
8780.0,0.07999672076963985
8784.0,0.08169877865835559
8788.0,0.08169877865835559
8792.0,0.08169877865835559
8796.0,0.08169877865835559
8800.0,0.07999672076963985
8804.0,0.07999672076963985
8808.0,0.08169877865835559
8812.0,0.08169877865835559
8816.0,0.08169877865835559
8820.0,0.08169877865835559
8824.0,0.08169877865835559
8828.0,0.08169877865835559
8832.0,0.08169877865835559
8836.0,0.08169877865835559
8840.0,0.07999672076963985
8844.0,0.08169877865835559
8848.0,0.08169877865835559
8852.0,0.08169877865835559
8856.0,0.08169877865835559
8860.0,0.08169877865835559
8864.0,0.08169877865835559
8868.0,0.08169877865835559
8872.0,0.08169877865835559
8876.0,0.08169877865835559
8880.0,0.08169877865835559
8884.0,0.07999672076963985
8888.0,0.08169877865835559
8892.0,0.08169877865835559
8896.0,0.08169877865835559
8900.0,0.08169877865835559
8904.0,0.08169877865835559
8908.0,0.08169877865835559
8912.0,0.08169877865835559
8916.0,0.08169877865835559
8920.0,0.08169877865835559
8924.0,0.08169877865835559
8928.0,0.08169877865835559
8932.0,0.08169877865835559
8936.0,0.08169877865835559
8940.0,0.08169877865835559
8944.0,0.08169877865835559
8948.0,0.08169877865835559
8952.0,0.08169877865835559
8956.0,0.08169877865835559
8960.0,0.08169877865835559
8964.0,0.08169877865835559
8968.0,0.07999672076963985
8972.0,0.07999672076963985
8976.0,0.08169877865835559
8980.0,0.07999672076963985
8984.0,0.08169877865835559
8988.0,0.07999672076963985
8992.0,0.07999672076963985
8996.0,0.08169877865835559
9000.0,0.08169877865835559
9004.0,0.08169877865835559
9008.0,0.08169877865835559
9012.0,0.08169877865835559
9016.0,0.07999672076963985
9020.0,0.07999672076963985
9024.0,0.07999672076963985
9028.0,0.08169877865835559
9032.0,0.08169877865835559
9036.0,0.08169877865835559
9040.0,0.08169877865835559
9044.0,0.07999672076963985
9048.0,0.08169877865835559
9052.0,0.08169877865835559
9056.0,0.08169877865835559
9060.0,0.08169877865835559
9064.0,0.07999672076963985
9068.0,0.08169877865835559
9072.0,0.08169877865835559
9076.0,0.08169877865835559
9080.0,0.07999672076963985
9084.0,0.08169877865835559
9088.0,0.08169877865835559
9092.0,0.08169877865835559
9096.0,0.08169877865835559
9100.0,0.07999672076963985
9104.0,0.08169877865835559
9108.0,0.07999672076963985
9112.0,0.08169877865835559
9116.0,0.08169877865835559
9120.0,0.08169877865835559
9124.0,0.08169877865835559
9128.0,0.08169877865835559
9132.0,0.08169877865835559
9136.0,0.08169877865835559
9140.0,0.07999672076963985
9144.0,0.08169877865835559
9148.0,0.07999672076963985
9152.0,0.08169877865835559
9156.0,0.07999672076963985
9160.0,0.08169877865835559
9164.0,0.07999672076963985
9168.0,0.08169877865835559
9172.0,0.07999672076963985
9176.0,0.08169877865835559
9180.0,0.07999672076963985
9184.0,0.08169877865835559
9188.0,0.07999672076963985
9192.0,0.07999672076963985
9196.0,0.08169877865835559
9200.0,0.07999672076963985
9204.0,0.08169877865835559
9208.0,0.07999672076963985
9212.0,0.07999672076963985
9216.0,0.07999672076963985
9220.0,0.08169877865835559
9224.0,0.07999672076963985
9228.0,0.08169877865835559
9232.0,0.08169877865835559
9236.0,0.08169877865835559
9240.0,0.08169877865835559
9244.0,0.08169877865835559
9248.0,0.07999672076963985
9252.0,0.08169877865835559
9256.0,0.07999672076963985
9260.0,0.08169877865835559
9264.0,0.07999672076963985
9268.0,0.08169877865835559
9272.0,0.08169877865835559
9276.0,0.07999672076963985
9280.0,0.07999672076963985
9284.0,0.07999672076963985
9288.0,0.08169877865835559
9292.0,0.07999672076963985
9296.0,0.07999672076963985
9300.0,0.07999672076963985
9304.0,0.07999672076963985
9308.0,0.08169877865835559
9312.0,0.07999672076963985
9316.0,0.07999672076963985
9320.0,0.07999672076963985
9324.0,0.08169877865835559
9328.0,0.07999672076963985
9332.0,0.07999672076963985
9336.0,0.08169877865835559
9340.0,0.07999672076963985
9344.0,0.08169877865835559
9348.0,0.07999672076963985
9352.0,0.08169877865835559
9356.0,0.07999672076963985
9360.0,0.07999672076963985
9364.0,0.07999672076963985
9368.0,0.07999672076963985
9372.0,0.07999672076963985
9376.0,0.07999672076963985
9380.0,0.07999672076963985
9384.0,0.07999672076963985
9388.0,0.07999672076963985
9392.0,0.07999672076963985
9396.0,0.07999672076963985
9400.0,0.07999672076963985
9404.0,0.07999672076963985
9408.0,0.07999672076963985
9412.0,0.07999672076963985
9416.0,0.07999672076963985
9420.0,0.07999672076963985
9424.0,0.07999672076963985
9428.0,0.08169877865835559
9432.0,0.07999672076963985
9436.0,0.07999672076963985
9440.0,0.07999672076963985
9444.0,0.07999672076963985
9448.0,0.07999672076963985
9452.0,0.08169877865835559
9456.0,0.07999672076963985
9460.0,0.07999672076963985
9464.0,0.07999672076963985
9468.0,0.07999672076963985
9472.0,0.07999672076963985
9476.0,0.07999672076963985
9480.0,0.07999672076963985
9484.0,0.07999672076963985
9488.0,0.07999672076963985
9492.0,0.07999672076963985
9496.0,0.07999672076963985
9500.0,0.07999672076963985
9504.0,0.08169877865835559
9508.0,0.07999672076963985
9512.0,0.07999672076963985
9516.0,0.07999672076963985
9520.0,0.07999672076963985
9524.0,0.07999672076963985
9528.0,0.08169877865835559
9532.0,0.07999672076963985
9536.0,0.08169877865835559
9540.0,0.07999672076963985
9544.0,0.07999672076963985
9548.0,0.07999672076963985
9552.0,0.08169877865835559
9556.0,0.07999672076963985
9560.0,0.07999672076963985
9564.0,0.07999672076963985
9568.0,0.08169877865835559
9572.0,0.07999672076963985
9576.0,0.07999672076963985
9580.0,0.07999672076963985
9584.0,0.07999672076963985
9588.0,0.07999672076963985
9592.0,0.07999672076963985
9596.0,0.07999672076963985
9600.0,0.08169877865835559
9604.0,0.07999672076963985
9608.0,0.07999672076963985
9612.0,0.07999672076963985
9616.0,0.07999672076963985
9620.0,0.07999672076963985
9624.0,0.07999672076963985
9628.0,0.08169877865835559
9632.0,0.07999672076963985
9636.0,0.07999672076963985
9640.0,0.07999672076963985
9644.0,0.07999672076963985
9648.0,0.07999672076963985
9652.0,0.07999672076963985
9656.0,0.07999672076963985
9660.0,0.08169877865835559
9664.0,0.07999672076963985
9668.0,0.07999672076963985
9672.0,0.07999672076963985
9676.0,0.07999672076963985
9680.0,0.07999672076963985
9684.0,0.07999672076963985
9688.0,0.07999672076963985
9692.0,0.07999672076963985
9696.0,0.07999672076963985
9700.0,0.07999672076963985
9704.0,0.07999672076963985
9708.0,0.07999672076963985
9712.0,0.07999672076963985
9716.0,0.07999672076963985
9720.0,0.07999672076963985
9724.0,0.07999672076963985
9728.0,0.07999672076963985
9732.0,0.07999672076963985
9736.0,0.07999672076963985
9740.0,0.07999672076963985
9744.0,0.08169877865835559
9748.0,0.07999672076963985
9752.0,0.07999672076963985
9756.0,0.07999672076963985
9760.0,0.07999672076963985
9764.0,0.07999672076963985
9768.0,0.07999672076963985
9772.0,0.07999672076963985
9776.0,0.07999672076963985
9780.0,0.07999672076963985
9784.0,0.07999672076963985
9788.0,0.07999672076963985
9792.0,0.07999672076963985
9796.0,0.07999672076963985
9800.0,0.07999672076963985
9804.0,0.07999672076963985
9808.0,0.08169877865835559
9812.0,0.07999672076963985
9816.0,0.07999672076963985
9820.0,0.08169877865835559
9824.0,0.07999672076963985
9828.0,0.07999672076963985
9832.0,0.07999672076963985
9836.0,0.07999672076963985
9840.0,0.07999672076963985
9844.0,0.07999672076963985
9848.0,0.07999672076963985
9852.0,0.07999672076963985
9856.0,0.07999672076963985
9860.0,0.07999672076963985
9864.0,0.07999672076963985
9868.0,0.07999672076963985
9872.0,0.07999672076963985
9876.0,0.07999672076963985
9880.0,0.07999672076963985
9884.0,0.07999672076963985
9888.0,0.07999672076963985
9892.0,0.07999672076963985
9896.0,0.07999672076963985
9900.0,0.07999672076963985
9904.0,0.07999672076963985
9908.0,0.07999672076963985
9912.0,0.07999672076963985
9916.0,0.07999672076963985
9920.0,0.07999672076963985
9924.0,0.07999672076963985
9928.0,0.07999672076963985
9932.0,0.07999672076963985
9936.0,0.08169877865835559
9940.0,0.07999672076963985
9944.0,0.07999672076963985
9948.0,0.07999672076963985
9952.0,0.08169877865835559
9956.0,0.07999672076963985
9960.0,0.07999672076963985
9964.0,0.07999672076963985
9968.0,0.07999672076963985
9972.0,0.07999672076963985
9976.0,0.07999672076963985
9980.0,0.07999672076963985
9984.0,0.08169877865835559
9988.0,0.07999672076963985
9992.0,0.07999672076963985
9996.0,0.07999672076963985
10000.0,0.07999672076963985
10004.0,0.07999672076963985
10008.0,0.07999672076963985
10012.0,0.07999672076963985
10016.0,0.07999672076963985
10020.0,0.07999672076963985
10024.0,0.07999672076963985
10028.0,0.07999672076963985
10032.0,0.07999672076963985
10036.0,0.07999672076963985
10040.0,0.07999672076963985
10044.0,0.07999672076963985
10048.0,0.07999672076963985
10052.0,0.07999672076963985
10056.0,0.07999672076963985
10060.0,0.07999672076963985
10064.0,0.07999672076963985
10068.0,0.07999672076963985
10072.0,0.07999672076963985
10076.0,0.07999672076963985
10080.0,0.07999672076963985
10084.0,0.07999672076963985
10088.0,0.07999672076963985
10092.0,0.07999672076963985
10096.0,0.07999672076963985
10100.0,0.07999672076963985
10104.0,0.07999672076963985
10108.0,0.07999672076963985
10112.0,0.07999672076963985
10116.0,0.07999672076963985
10120.0,0.07999672076963985
10124.0,0.07999672076963985
10128.0,0.07999672076963985
10132.0,0.07999672076963985
10136.0,0.07999672076963985
10140.0,0.07999672076963985
10144.0,0.07999672076963985
10148.0,0.07999672076963985
10152.0,0.07999672076963985
10156.0,0.07999672076963985
10160.0,0.08169877865835559
10164.0,0.07999672076963985
10168.0,0.07999672076963985
10172.0,0.07999672076963985
10176.0,0.08169877865835559
10180.0,0.07999672076963985
10184.0,0.07999672076963985
10188.0,0.07999672076963985
10192.0,0.07999672076963985
10196.0,0.07999672076963985
10200.0,0.07999672076963985
10204.0,0.07999672076963985
10208.0,0.07999672076963985
10212.0,0.07999672076963985
10216.0,0.07999672076963985
10220.0,0.07999672076963985
10224.0,0.07999672076963985
10228.0,0.07999672076963985
10232.0,0.07999672076963985
10236.0,0.07999672076963985
10240.0,0.07999672076963985
10244.0,0.07999672076963985
10248.0,0.07999672076963985
10252.0,0.07999672076963985
10256.0,0.07999672076963985
10260.0,0.07999672076963985
10264.0,0.07999672076963985
10268.0,0.07999672076963985
10272.0,0.07999672076963985
10276.0,0.07999672076963985
10280.0,0.07999672076963985
10284.0,0.07999672076963985
10288.0,0.07999672076963985
10292.0,0.07999672076963985
10296.0,0.07999672076963985
10300.0,0.07999672076963985
10304.0,0.07999672076963985
10308.0,0.07999672076963985
10312.0,0.07999672076963985
10316.0,0.07999672076963985
10320.0,0.07999672076963985
10324.0,0.07999672076963985
10328.0,0.08169877865835559
10332.0,0.07999672076963985
10336.0,0.07999672076963985
10340.0,0.07999672076963985
10344.0,0.08169877865835559
10348.0,0.07999672076963985
10352.0,0.07999672076963985
10356.0,0.07999672076963985
10360.0,0.08169877865835559
10364.0,0.07999672076963985
10368.0,0.07999672076963985
10372.0,0.07999672076963985
10376.0,0.07999672076963985
10380.0,0.07999672076963985
10384.0,0.07999672076963985
10388.0,0.07999672076963985
10392.0,0.07999672076963985
10396.0,0.07999672076963985
10400.0,0.07999672076963985
10404.0,0.07999672076963985
10408.0,0.07999672076963985
10412.0,0.07999672076963985
10416.0,0.07999672076963985
10420.0,0.07999672076963985
10424.0,0.07999672076963985
10428.0,0.07999672076963985
10432.0,0.07999672076963985
10436.0,0.07999672076963985
10440.0,0.07999672076963985
10444.0,0.07999672076963985
10448.0,0.07999672076963985
10452.0,0.07999672076963985
10456.0,0.07999672076963985
10460.0,0.07999672076963985
10464.0,0.07999672076963985
10468.0,0.07999672076963985
10472.0,0.07999672076963985
10476.0,0.07999672076963985
10480.0,0.07999672076963985
10484.0,0.07999672076963985
10488.0,0.07999672076963985
10492.0,0.0782946628809241
10496.0,0.07999672076963985
10500.0,0.07999672076963985
10504.0,0.07999672076963985
10508.0,0.07999672076963985
10512.0,0.07999672076963985
10516.0,0.07999672076963985
10520.0,0.07999672076963985
10524.0,0.07999672076963985
10528.0,0.07999672076963985
10532.0,0.07999672076963985
10536.0,0.07999672076963985
10540.0,0.07999672076963985
10544.0,0.07999672076963985
10548.0,0.07999672076963985
10552.0,0.08169877865835559
10556.0,0.07999672076963985
10560.0,0.07999672076963985
10564.0,0.07999672076963985
10568.0,0.07999672076963985
10572.0,0.07999672076963985
10576.0,0.07999672076963985
10580.0,0.07999672076963985
10584.0,0.07999672076963985
10588.0,0.07999672076963985
10592.0,0.07999672076963985
10596.0,0.07999672076963985
10600.0,0.07999672076963985
10604.0,0.07999672076963985
10608.0,0.07999672076963985
10612.0,0.07999672076963985
10616.0,0.0782946628809241
10620.0,0.07999672076963985
10624.0,0.07999672076963985
10628.0,0.07999672076963985
10632.0,0.07999672076963985
10636.0,0.07999672076963985
10640.0,0.07999672076963985
10644.0,0.07999672076963985
10648.0,0.07999672076963985
10652.0,0.07999672076963985
10656.0,0.07999672076963985
10660.0,0.07999672076963985
10664.0,0.07999672076963985
10668.0,0.07999672076963985
10672.0,0.07999672076963985
10676.0,0.07999672076963985
10680.0,0.07999672076963985
10684.0,0.07999672076963985
10688.0,0.0782946628809241
10692.0,0.07999672076963985
10696.0,0.07999672076963985
10700.0,0.07999672076963985
10704.0,0.07999672076963985
10708.0,0.07999672076963985
10712.0,0.07999672076963985
10716.0,0.07999672076963985
10720.0,0.07999672076963985
10724.0,0.07999672076963985
10728.0,0.07999672076963985
10732.0,0.07999672076963985
10736.0,0.07999672076963985
10740.0,0.07999672076963985
10744.0,0.07999672076963985
10748.0,0.0782946628809241
10752.0,0.07999672076963985
10756.0,0.07999672076963985
10760.0,0.07999672076963985
10764.0,0.07999672076963985
10768.0,0.07999672076963985
10772.0,0.07999672076963985
10776.0,0.07999672076963985
10780.0,0.07999672076963985
10784.0,0.07999672076963985
10788.0,0.07999672076963985
10792.0,0.07999672076963985
10796.0,0.07999672076963985
10800.0,0.07999672076963985
10804.0,0.07999672076963985
10808.0,0.07999672076963985
10812.0,0.07999672076963985
10816.0,0.07999672076963985
10820.0,0.07999672076963985
10824.0,0.07999672076963985
10828.0,0.07999672076963985
10832.0,0.07999672076963985
10836.0,0.0782946628809241
10840.0,0.0782946628809241
10844.0,0.07999672076963985
10848.0,0.07999672076963985
10852.0,0.07999672076963985
10856.0,0.07999672076963985
10860.0,0.07999672076963985
10864.0,0.07999672076963985
10868.0,0.07999672076963985
10872.0,0.07999672076963985
10876.0,0.0782946628809241
10880.0,0.07999672076963985
10884.0,0.07999672076963985
10888.0,0.07999672076963985
10892.0,0.07999672076963985
10896.0,0.07999672076963985
10900.0,0.07999672076963985
10904.0,0.0782946628809241
10908.0,0.0782946628809241
10912.0,0.07999672076963985
10916.0,0.07999672076963985
10920.0,0.07999672076963985
10924.0,0.0782946628809241
10928.0,0.07999672076963985
10932.0,0.07999672076963985
10936.0,0.07999672076963985
10940.0,0.0782946628809241
10944.0,0.07999672076963985
10948.0,0.07999672076963985
10952.0,0.07999672076963985
10956.0,0.07999672076963985
10960.0,0.07999672076963985
10964.0,0.07999672076963985
10968.0,0.07999672076963985
10972.0,0.07999672076963985
10976.0,0.07999672076963985
10980.0,0.07999672076963985
10984.0,0.07999672076963985
10988.0,0.07999672076963985
10992.0,0.07999672076963985
10996.0,0.0782946628809241
11000.0,0.07999672076963985
11004.0,0.0782946628809241
11008.0,0.07999672076963985
11012.0,0.07999672076963985
11016.0,0.0782946628809241
11020.0,0.0782946628809241
11024.0,0.07999672076963985
11028.0,0.07999672076963985
11032.0,0.07999672076963985
11036.0,0.07999672076963985
11040.0,0.07999672076963985
11044.0,0.07999672076963985
11048.0,0.07999672076963985
11052.0,0.07999672076963985
11056.0,0.07999672076963985
11060.0,0.0782946628809241
11064.0,0.07999672076963985
11068.0,0.07999672076963985
11072.0,0.07999672076963985
11076.0,0.07999672076963985
11080.0,0.07999672076963985
11084.0,0.0782946628809241
11088.0,0.07999672076963985
11092.0,0.07999672076963985
11096.0,0.07999672076963985
11100.0,0.07999672076963985
11104.0,0.07999672076963985
11108.0,0.0782946628809241
11112.0,0.07999672076963985
11116.0,0.07999672076963985
11120.0,0.07999672076963985
11124.0,0.07999672076963985
11128.0,0.07999672076963985
11132.0,0.07999672076963985
11136.0,0.07999672076963985
11140.0,0.07999672076963985
11144.0,0.07999672076963985
11148.0,0.0782946628809241
11152.0,0.07999672076963985
11156.0,0.0782946628809241
11160.0,0.07999672076963985
11164.0,0.0782946628809241
11168.0,0.07999672076963985
11172.0,0.0782946628809241
11176.0,0.07999672076963985
11180.0,0.0782946628809241
11184.0,0.07999672076963985
11188.0,0.07999672076963985
11192.0,0.0782946628809241
11196.0,0.0782946628809241
11200.0,0.0782946628809241
11204.0,0.07999672076963985
11208.0,0.0782946628809241
11212.0,0.0782946628809241
11216.0,0.0782946628809241
11220.0,0.07999672076963985
11224.0,0.07999672076963985
11228.0,0.07999672076963985
11232.0,0.07999672076963985
11236.0,0.0782946628809241
11240.0,0.07999672076963985
11244.0,0.07999672076963985
11248.0,0.07999672076963985
11252.0,0.07999672076963985
11256.0,0.07999672076963985
11260.0,0.07999672076963985
11264.0,0.0782946628809241
11268.0,0.07999672076963985
11272.0,0.0782946628809241
11276.0,0.07999672076963985
11280.0,0.07999672076963985
11284.0,0.07999672076963985
11288.0,0.0782946628809241
11292.0,0.07999672076963985
11296.0,0.0782946628809241
11300.0,0.07999672076963985
11304.0,0.0782946628809241
11308.0,0.0782946628809241
11312.0,0.0782946628809241
11316.0,0.0782946628809241
11320.0,0.07999672076963985
11324.0,0.07999672076963985
11328.0,0.07999672076963985
11332.0,0.07999672076963985
11336.0,0.07999672076963985
11340.0,0.0782946628809241
11344.0,0.07999672076963985
11348.0,0.07999672076963985
11352.0,0.07999672076963985
11356.0,0.0782946628809241
11360.0,0.07999672076963985
11364.0,0.07999672076963985
11368.0,0.07999672076963985
11372.0,0.0782946628809241
11376.0,0.07999672076963985
11380.0,0.0782946628809241
11384.0,0.07999672076963985
11388.0,0.0782946628809241
11392.0,0.07999672076963985
11396.0,0.0782946628809241
11400.0,0.07999672076963985
11404.0,0.0782946628809241
11408.0,0.0782946628809241
11412.0,0.0782946628809241
11416.0,0.07999672076963985
11420.0,0.07999672076963985
11424.0,0.07999672076963985
11428.0,0.07999672076963985
11432.0,0.0782946628809241
11436.0,0.07999672076963985
11440.0,0.0782946628809241
11444.0,0.0782946628809241
11448.0,0.0782946628809241
11452.0,0.0782946628809241
11456.0,0.0782946628809241
11460.0,0.07999672076963985
11464.0,0.0782946628809241
11468.0,0.07999672076963985
11472.0,0.0782946628809241
11476.0,0.0782946628809241
11480.0,0.0782946628809241
11484.0,0.07999672076963985
11488.0,0.0782946628809241
11492.0,0.07999672076963985
11496.0,0.07999672076963985
11500.0,0.0782946628809241
11504.0,0.0782946628809241
11508.0,0.0782946628809241
11512.0,0.0782946628809241
11516.0,0.0782946628809241
11520.0,0.07999672076963985
11524.0,0.0782946628809241
11528.0,0.0782946628809241
11532.0,0.07999672076963985
11536.0,0.0782946628809241
11540.0,0.07999672076963985
11544.0,0.07999672076963985
11548.0,0.0782946628809241
11552.0,0.07999672076963985
11556.0,0.07999672076963985
11560.0,0.07999672076963985
11564.0,0.0782946628809241
11568.0,0.07999672076963985
11572.0,0.0782946628809241
11576.0,0.07999672076963985
11580.0,0.0782946628809241
11584.0,0.07999672076963985
11588.0,0.0782946628809241
11592.0,0.07999672076963985
11596.0,0.07999672076963985
11600.0,0.0782946628809241
11604.0,0.0782946628809241
11608.0,0.07999672076963985
11612.0,0.0782946628809241
11616.0,0.07999672076963985
11620.0,0.0782946628809241
11624.0,0.07999672076963985
11628.0,0.0782946628809241
11632.0,0.07999672076963985
11636.0,0.0782946628809241
11640.0,0.07999672076963985
11644.0,0.07999672076963985
11648.0,0.07999672076963985
11652.0,0.07999672076963985
11656.0,0.0782946628809241
11660.0,0.07999672076963985
11664.0,0.0782946628809241
11668.0,0.07999672076963985
11672.0,0.07999672076963985
11676.0,0.07999672076963985
11680.0,0.0782946628809241
11684.0,0.0782946628809241
11688.0,0.07999672076963985
11692.0,0.0782946628809241
11696.0,0.0782946628809241
11700.0,0.07999672076963985
11704.0,0.0782946628809241
11708.0,0.0782946628809241
11712.0,0.0782946628809241
11716.0,0.0782946628809241
11720.0,0.07999672076963985
11724.0,0.0782946628809241
11728.0,0.07999672076963985
11732.0,0.0782946628809241
11736.0,0.07999672076963985
11740.0,0.0782946628809241
11744.0,0.07999672076963985
11748.0,0.0782946628809241
11752.0,0.07999672076963985
11756.0,0.07999672076963985
11760.0,0.07999672076963985
11764.0,0.0782946628809241
11768.0,0.07999672076963985
11772.0,0.0782946628809241
11776.0,0.07999672076963985
11780.0,0.0782946628809241
11784.0,0.07999672076963985
11788.0,0.07999672076963985
11792.0,0.07999672076963985
11796.0,0.0782946628809241
11800.0,0.0782946628809241
11804.0,0.0782946628809241
11808.0,0.0782946628809241
11812.0,0.0782946628809241
11816.0,0.0782946628809241
11820.0,0.0782946628809241
11824.0,0.07999672076963985
11828.0,0.0782946628809241
11832.0,0.07999672076963985
11836.0,0.0782946628809241
11840.0,0.07999672076963985
11844.0,0.0782946628809241
11848.0,0.07999672076963985
11852.0,0.0782946628809241
11856.0,0.07999672076963985
11860.0,0.07999672076963985
11864.0,0.0782946628809241
11868.0,0.07999672076963985
11872.0,0.07999672076963985
11876.0,0.0782946628809241
11880.0,0.0782946628809241
11884.0,0.0782946628809241
11888.0,0.0782946628809241
11892.0,0.0782946628809241
11896.0,0.07999672076963985
11900.0,0.0782946628809241
11904.0,0.0782946628809241
11908.0,0.07999672076963985
11912.0,0.0782946628809241
11916.0,0.07999672076963985
11920.0,0.0782946628809241
11924.0,0.07999672076963985
11928.0,0.07999672076963985
11932.0,0.0782946628809241
11936.0,0.07999672076963985
11940.0,0.07999672076963985
11944.0,0.07999672076963985
11948.0,0.07999672076963985
11952.0,0.0782946628809241
11956.0,0.0782946628809241
11960.0,0.07999672076963985
11964.0,0.0782946628809241
11968.0,0.07999672076963985
11972.0,0.0782946628809241
11976.0,0.0782946628809241
11980.0,0.0782946628809241
11984.0,0.07999672076963985
11988.0,0.0782946628809241
11992.0,0.07999672076963985
11996.0,0.0782946628809241
12000.0,0.0782946628809241
12004.0,0.07999672076963985
12008.0,0.0782946628809241
12012.0,0.0782946628809241
12016.0,0.0782946628809241
12020.0,0.07999672076963985
12024.0,0.07999672076963985
12028.0,0.0782946628809241
12032.0,0.0782946628809241
12036.0,0.07999672076963985
12040.0,0.0782946628809241
12044.0,0.0782946628809241
12048.0,0.0782946628809241
12052.0,0.07999672076963985
12056.0,0.07999672076963985
12060.0,0.07999672076963985
12064.0,0.07999672076963985
12068.0,0.0782946628809241
12072.0,0.0782946628809241
12076.0,0.07999672076963985
12080.0,0.0782946628809241
12084.0,0.07999672076963985
12088.0,0.0782946628809241
12092.0,0.0782946628809241
12096.0,0.0782946628809241
12100.0,0.0782946628809241
12104.0,0.0782946628809241
12108.0,0.0782946628809241
12112.0,0.0782946628809241
12116.0,0.0782946628809241
12120.0,0.0782946628809241
12124.0,0.0782946628809241
12128.0,0.0782946628809241
12132.0,0.0782946628809241
12136.0,0.07999672076963985
12140.0,0.0782946628809241
12144.0,0.07999672076963985
12148.0,0.0782946628809241
12152.0,0.07999672076963985
12156.0,0.0782946628809241
12160.0,0.07999672076963985
12164.0,0.07999672076963985
12168.0,0.07999672076963985
12172.0,0.0782946628809241
12176.0,0.07999672076963985
12180.0,0.0782946628809241
12184.0,0.07999672076963985
12188.0,0.0782946628809241
12192.0,0.07999672076963985
12196.0,0.0782946628809241
12200.0,0.0782946628809241
12204.0,0.0782946628809241
12208.0,0.0782946628809241
12212.0,0.0782946628809241
12216.0,0.0782946628809241
12220.0,0.0782946628809241
12224.0,0.0782946628809241
12228.0,0.0782946628809241
12232.0,0.0782946628809241
12236.0,0.07999672076963985
12240.0,0.0782946628809241
12244.0,0.0782946628809241
12248.0,0.0782946628809241
12252.0,0.0782946628809241
12256.0,0.07999672076963985
12260.0,0.07999672076963985
12264.0,0.0782946628809241
12268.0,0.07999672076963985
12272.0,0.07999672076963985
12276.0,0.07999672076963985
12280.0,0.07999672076963985
12284.0,0.0782946628809241
12288.0,0.0782946628809241
12292.0,0.0782946628809241
12296.0,0.0782946628809241
12300.0,0.07999672076963985
12304.0,0.07999672076963985
12308.0,0.0782946628809241
12312.0,0.0782946628809241
12316.0,0.0782946628809241
12320.0,0.0782946628809241
12324.0,0.0782946628809241
12328.0,0.0782946628809241
12332.0,0.0782946628809241
12336.0,0.07999672076963985
12340.0,0.0782946628809241
12344.0,0.07999672076963985
12348.0,0.0782946628809241
12352.0,0.07999672076963985
12356.0,0.0782946628809241
12360.0,0.07999672076963985
12364.0,0.0782946628809241
12368.0,0.0782946628809241
12372.0,0.0782946628809241
12376.0,0.07999672076963985
12380.0,0.0782946628809241
12384.0,0.07999672076963985
12388.0,0.0782946628809241
12392.0,0.0782946628809241
12396.0,0.0782946628809241
12400.0,0.07999672076963985
12404.0,0.07999672076963985
12408.0,0.07999672076963985
12412.0,0.07999672076963985
12416.0,0.0782946628809241
12420.0,0.0782946628809241
12424.0,0.0782946628809241
12428.0,0.07999672076963985
12432.0,0.0782946628809241
12436.0,0.07999672076963985
12440.0,0.07999672076963985
12444.0,0.0782946628809241
12448.0,0.0782946628809241
12452.0,0.0782946628809241
12456.0,0.0782946628809241
12460.0,0.0782946628809241
12464.0,0.0782946628809241
12468.0,0.07999672076963985
12472.0,0.07999672076963985
12476.0,0.0782946628809241
12480.0,0.0782946628809241
12484.0,0.07999672076963985
12488.0,0.0782946628809241
12492.0,0.0782946628809241
12496.0,0.0782946628809241
12500.0,0.07999672076963985
12504.0,0.0782946628809241
12508.0,0.0782946628809241
12512.0,0.0782946628809241
12516.0,0.0782946628809241
12520.0,0.0782946628809241
12524.0,0.0782946628809241
12528.0,0.0782946628809241
12532.0,0.0782946628809241
12536.0,0.07999672076963985
12540.0,0.0782946628809241
12544.0,0.0782946628809241
12548.0,0.0782946628809241
12552.0,0.07999672076963985
12556.0,0.0782946628809241
12560.0,0.07999672076963985
12564.0,0.07999672076963985
12568.0,0.07999672076963985
12572.0,0.0782946628809241
12576.0,0.07999672076963985
12580.0,0.0782946628809241
12584.0,0.07999672076963985
12588.0,0.0782946628809241
12592.0,0.0782946628809241
12596.0,0.0782946628809241
12600.0,0.0782946628809241
12604.0,0.0782946628809241
12608.0,0.07999672076963985
12612.0,0.0782946628809241
12616.0,0.07999672076963985
12620.0,0.0782946628809241
12624.0,0.0782946628809241
12628.0,0.0782946628809241
12632.0,0.0782946628809241
12636.0,0.0782946628809241
12640.0,0.0782946628809241
12644.0,0.0782946628809241
12648.0,0.0782946628809241
12652.0,0.07999672076963985
12656.0,0.0782946628809241
12660.0,0.0782946628809241
12664.0,0.0782946628809241
12668.0,0.07999672076963985
12672.0,0.0782946628809241
12676.0,0.07999672076963985
12680.0,0.0782946628809241
12684.0,0.07999672076963985
12688.0,0.0782946628809241
12692.0,0.0782946628809241
12696.0,0.07999672076963985
12700.0,0.0782946628809241
12704.0,0.0782946628809241
12708.0,0.0782946628809241
12712.0,0.0782946628809241
12716.0,0.0782946628809241
12720.0,0.0782946628809241
12724.0,0.0782946628809241
12728.0,0.0782946628809241
12732.0,0.0782946628809241
12736.0,0.07999672076963985
12740.0,0.0782946628809241
12744.0,0.07999672076963985
12748.0,0.0782946628809241
12752.0,0.07999672076963985
12756.0,0.0782946628809241
12760.0,0.07999672076963985
12764.0,0.0782946628809241
12768.0,0.0782946628809241
12772.0,0.0782946628809241
12776.0,0.07999672076963985
12780.0,0.0782946628809241
12784.0,0.07999672076963985
12788.0,0.0782946628809241
12792.0,0.0782946628809241
12796.0,0.0782946628809241
12800.0,0.0782946628809241
12804.0,0.0782946628809241
12808.0,0.0782946628809241
12812.0,0.0782946628809241
12816.0,0.0782946628809241
12820.0,0.0782946628809241
12824.0,0.0782946628809241
12828.0,0.07999672076963985
12832.0,0.0782946628809241
12836.0,0.07999672076963985
12840.0,0.07999672076963985
12844.0,0.07999672076963985
12848.0,0.0782946628809241
12852.0,0.07999672076963985
12856.0,0.0782946628809241
12860.0,0.0782946628809241
12864.0,0.07999672076963985
12868.0,0.0782946628809241
12872.0,0.0782946628809241
12876.0,0.0782946628809241
12880.0,0.07999672076963985
12884.0,0.0782946628809241
12888.0,0.0782946628809241
12892.0,0.0782946628809241
12896.0,0.0782946628809241
12900.0,0.0782946628809241
12904.0,0.0782946628809241
12908.0,0.0782946628809241
12912.0,0.0782946628809241
12916.0,0.0782946628809241
12920.0,0.0782946628809241
12924.0,0.0782946628809241
12928.0,0.07999672076963985
12932.0,0.0782946628809241
12936.0,0.0782946628809241
12940.0,0.0782946628809241
12944.0,0.07999672076963985
12948.0,0.0782946628809241
12952.0,0.0782946628809241
12956.0,0.0782946628809241
12960.0,0.07999672076963985
12964.0,0.0782946628809241
12968.0,0.0782946628809241
12972.0,0.0782946628809241
12976.0,0.07999672076963985
12980.0,0.0782946628809241
12984.0,0.07999672076963985
12988.0,0.07999672076963985
12992.0,0.0782946628809241
12996.0,0.0782946628809241
13000.0,0.07999672076963985
13004.0,0.0782946628809241
13008.0,0.0782946628809241
13012.0,0.0782946628809241
13016.0,0.0782946628809241
13020.0,0.0782946628809241
13024.0,0.0782946628809241
13028.0,0.0782946628809241
13032.0,0.0782946628809241
13036.0,0.0782946628809241
13040.0,0.0782946628809241
13044.0,0.0782946628809241
13048.0,0.0782946628809241
13052.0,0.0782946628809241
13056.0,0.0782946628809241
13060.0,0.0782946628809241
13064.0,0.0782946628809241
13068.0,0.0782946628809241
13072.0,0.0782946628809241
13076.0,0.0782946628809241
13080.0,0.0782946628809241
13084.0,0.07999672076963985
13088.0,0.0782946628809241
13092.0,0.07999672076963985
13096.0,0.0782946628809241
13100.0,0.0782946628809241
13104.0,0.0782946628809241
13108.0,0.0782946628809241
13112.0,0.0782946628809241
13116.0,0.0782946628809241
13120.0,0.0782946628809241
13124.0,0.0782946628809241
13128.0,0.0782946628809241
13132.0,0.0782946628809241
13136.0,0.0782946628809241
13140.0,0.0782946628809241
13144.0,0.0782946628809241
13148.0,0.0782946628809241
13152.0,0.07999672076963985
13156.0,0.0782946628809241
13160.0,0.07999672076963985
13164.0,0.0782946628809241
13168.0,0.0782946628809241
13172.0,0.0782946628809241
13176.0,0.07999672076963985
13180.0,0.0782946628809241
13184.0,0.0782946628809241
13188.0,0.0782946628809241
13192.0,0.07999672076963985
13196.0,0.0782946628809241
13200.0,0.0782946628809241
13204.0,0.0782946628809241
13208.0,0.0782946628809241
13212.0,0.0782946628809241
13216.0,0.07999672076963985
13220.0,0.0782946628809241
13224.0,0.0782946628809241
13228.0,0.0782946628809241
13232.0,0.0782946628809241
13236.0,0.0782946628809241
13240.0,0.0782946628809241
13244.0,0.0782946628809241
13248.0,0.0782946628809241
13252.0,0.0782946628809241
13256.0,0.0782946628809241
13260.0,0.07999672076963985
13264.0,0.0782946628809241
13268.0,0.07999672076963985
13272.0,0.0782946628809241
13276.0,0.0782946628809241
13280.0,0.0782946628809241
13284.0,0.0782946628809241
13288.0,0.0782946628809241
13292.0,0.0782946628809241
13296.0,0.0782946628809241
13300.0,0.0782946628809241
13304.0,0.0782946628809241
13308.0,0.0782946628809241
13312.0,0.0782946628809241
13316.0,0.0782946628809241
13320.0,0.0782946628809241
13324.0,0.0782946628809241
13328.0,0.0782946628809241
13332.0,0.0782946628809241
13336.0,0.07999672076963985
13340.0,0.0782946628809241
13344.0,0.0782946628809241
13348.0,0.0782946628809241
13352.0,0.0782946628809241
13356.0,0.0782946628809241
13360.0,0.0782946628809241
13364.0,0.0782946628809241
13368.0,0.0782946628809241
13372.0,0.0782946628809241
13376.0,0.07999672076963985
13380.0,0.0782946628809241
13384.0,0.07999672076963985
13388.0,0.0782946628809241
13392.0,0.07999672076963985
13396.0,0.0782946628809241
13400.0,0.0782946628809241
13404.0,0.0782946628809241
13408.0,0.07999672076963985
13412.0,0.0782946628809241
13416.0,0.0782946628809241
13420.0,0.0782946628809241
13424.0,0.0782946628809241
13428.0,0.0782946628809241
13432.0,0.0782946628809241
13436.0,0.0782946628809241
13440.0,0.0782946628809241
13444.0,0.0782946628809241
13448.0,0.0782946628809241
13452.0,0.0782946628809241
13456.0,0.0782946628809241
13460.0,0.0782946628809241
13464.0,0.0782946628809241
13468.0,0.0782946628809241
13472.0,0.0782946628809241
13476.0,0.0782946628809241
13480.0,0.07999672076963985
13484.0,0.0782946628809241
13488.0,0.0782946628809241
13492.0,0.0782946628809241
13496.0,0.0782946628809241
13500.0,0.0782946628809241
13504.0,0.0782946628809241
13508.0,0.0782946628809241
13512.0,0.0782946628809241
13516.0,0.0782946628809241
13520.0,0.0782946628809241
13524.0,0.0782946628809241
13528.0,0.0782946628809241
13532.0,0.0782946628809241
13536.0,0.0782946628809241
13540.0,0.0782946628809241
13544.0,0.07999672076963985
13548.0,0.0782946628809241
13552.0,0.0782946628809241
13556.0,0.0782946628809241
13560.0,0.0782946628809241
13564.0,0.0782946628809241
13568.0,0.0782946628809241
13572.0,0.0782946628809241
13576.0,0.0782946628809241
13580.0,0.0782946628809241
13584.0,0.07999672076963985
13588.0,0.0782946628809241
13592.0,0.0782946628809241
13596.0,0.0782946628809241
13600.0,0.0782946628809241
13604.0,0.0782946628809241
13608.0,0.0782946628809241
13612.0,0.0782946628809241
13616.0,0.0782946628809241
13620.0,0.0782946628809241
13624.0,0.0782946628809241
13628.0,0.0782946628809241
13632.0,0.07999672076963985
13636.0,0.0782946628809241
13640.0,0.0782946628809241
13644.0,0.0782946628809241
13648.0,0.0782946628809241
13652.0,0.0782946628809241
13656.0,0.0782946628809241
13660.0,0.0782946628809241
13664.0,0.0782946628809241
13668.0,0.0782946628809241
13672.0,0.0782946628809241
13676.0,0.0782946628809241
13680.0,0.0782946628809241
13684.0,0.0782946628809241
13688.0,0.0782946628809241
13692.0,0.0782946628809241
13696.0,0.0782946628809241
13700.0,0.0782946628809241
13704.0,0.0782946628809241
13708.0,0.0782946628809241
13712.0,0.0782946628809241
13716.0,0.0782946628809241
13720.0,0.0782946628809241
13724.0,0.0782946628809241
13728.0,0.0782946628809241
13732.0,0.0782946628809241
13736.0,0.0782946628809241
13740.0,0.07999672076963985
13744.0,0.0782946628809241
13748.0,0.0782946628809241
13752.0,0.0782946628809241
13756.0,0.0782946628809241
13760.0,0.07999672076963985
13764.0,0.0782946628809241
13768.0,0.07999672076963985
13772.0,0.0782946628809241
13776.0,0.0782946628809241
13780.0,0.0782946628809241
13784.0,0.0782946628809241
13788.0,0.0782946628809241
13792.0,0.0782946628809241
13796.0,0.0782946628809241
13800.0,0.0782946628809241
13804.0,0.0782946628809241
13808.0,0.0782946628809241
13812.0,0.0782946628809241
13816.0,0.0782946628809241
13820.0,0.0782946628809241
13824.0,0.0782946628809241
13828.0,0.0782946628809241
13832.0,0.0782946628809241
13836.0,0.0782946628809241
13840.0,0.0782946628809241
13844.0,0.0782946628809241
13848.0,0.0782946628809241
13852.0,0.0782946628809241
13856.0,0.07999672076963985
13860.0,0.0782946628809241
13864.0,0.0782946628809241
13868.0,0.0782946628809241
13872.0,0.0782946628809241
13876.0,0.0782946628809241
13880.0,0.0782946628809241
13884.0,0.0782946628809241
13888.0,0.0782946628809241
13892.0,0.0782946628809241
13896.0,0.0782946628809241
13900.0,0.0782946628809241
13904.0,0.0782946628809241
13908.0,0.0782946628809241
13912.0,0.0782946628809241
13916.0,0.0782946628809241
13920.0,0.0782946628809241
13924.0,0.0782946628809241
13928.0,0.0782946628809241
13932.0,0.0782946628809241
13936.0,0.0782946628809241
13940.0,0.0782946628809241
13944.0,0.0782946628809241
13948.0,0.0782946628809241
13952.0,0.0782946628809241
13956.0,0.0782946628809241
13960.0,0.0782946628809241
13964.0,0.0782946628809241
13968.0,0.0782946628809241
13972.0,0.0782946628809241
13976.0,0.0782946628809241
13980.0,0.0782946628809241
13984.0,0.07999672076963985
13988.0,0.0782946628809241
13992.0,0.0782946628809241
13996.0,0.0782946628809241
14000.0,0.0782946628809241
14004.0,0.0782946628809241
14008.0,0.0782946628809241
14012.0,0.0782946628809241
14016.0,0.0782946628809241
14020.0,0.0782946628809241
14024.0,0.0782946628809241
14028.0,0.0782946628809241
14032.0,0.0782946628809241
14036.0,0.0782946628809241
14040.0,0.0782946628809241
14044.0,0.0782946628809241
14048.0,0.0782946628809241
14052.0,0.0782946628809241
14056.0,0.0782946628809241
14060.0,0.0782946628809241
14064.0,0.0782946628809241
14068.0,0.07999672076963985
14072.0,0.0782946628809241
14076.0,0.0782946628809241
14080.0,0.0782946628809241
14084.0,0.0782946628809241
14088.0,0.0782946628809241
14092.0,0.0782946628809241
14096.0,0.0782946628809241
14100.0,0.0782946628809241
14104.0,0.0782946628809241
14108.0,0.0782946628809241
14112.0,0.0782946628809241
14116.0,0.0782946628809241
14120.0,0.0782946628809241
14124.0,0.0782946628809241
14128.0,0.0782946628809241
14132.0,0.0782946628809241
14136.0,0.0782946628809241
14140.0,0.0782946628809241
14144.0,0.0782946628809241
14148.0,0.0782946628809241
14152.0,0.0782946628809241
14156.0,0.0782946628809241
14160.0,0.07999672076963985
14164.0,0.0782946628809241
14168.0,0.0782946628809241
14172.0,0.0782946628809241
14176.0,0.0782946628809241
14180.0,0.0782946628809241
14184.0,0.0782946628809241
14188.0,0.0782946628809241
14192.0,0.0782946628809241
14196.0,0.0782946628809241
14200.0,0.0782946628809241
14204.0,0.0782946628809241
14208.0,0.07999672076963985
14212.0,0.0782946628809241
14216.0,0.0782946628809241
14220.0,0.0782946628809241
14224.0,0.0782946628809241
14228.0,0.0782946628809241
14232.0,0.0782946628809241
14236.0,0.0782946628809241
14240.0,0.0782946628809241
14244.0,0.0782946628809241
14248.0,0.0782946628809241
14252.0,0.0782946628809241
14256.0,0.0782946628809241
14260.0,0.0782946628809241
14264.0,0.0782946628809241
14268.0,0.0782946628809241
14272.0,0.0782946628809241
14276.0,0.0782946628809241
14280.0,0.0782946628809241
14284.0,0.0782946628809241
14288.0,0.0782946628809241
14292.0,0.0782946628809241
14296.0,0.07659260499220837
14300.0,0.0782946628809241
14304.0,0.0782946628809241
14308.0,0.0782946628809241
14312.0,0.0782946628809241
14316.0,0.0782946628809241
14320.0,0.0782946628809241
14324.0,0.0782946628809241
14328.0,0.0782946628809241
14332.0,0.0782946628809241
14336.0,0.0782946628809241
14340.0,0.0782946628809241
14344.0,0.0782946628809241
14348.0,0.0782946628809241
14352.0,0.0782946628809241
14356.0,0.0782946628809241
14360.0,0.0782946628809241
14364.0,0.0782946628809241
14368.0,0.0782946628809241
14372.0,0.0782946628809241
14376.0,0.0782946628809241
14380.0,0.0782946628809241
14384.0,0.0782946628809241
14388.0,0.0782946628809241
14392.0,0.0782946628809241
14396.0,0.0782946628809241
14400.0,0.07999672076963985
14404.0,0.0782946628809241
14408.0,0.0782946628809241
14412.0,0.0782946628809241
14416.0,0.0782946628809241
14420.0,0.0782946628809241
14424.0,0.0782946628809241
14428.0,0.0782946628809241
14432.0,0.0782946628809241
14436.0,0.0782946628809241
14440.0,0.0782946628809241
14444.0,0.0782946628809241
14448.0,0.0782946628809241
14452.0,0.0782946628809241
14456.0,0.0782946628809241
14460.0,0.0782946628809241
14464.0,0.0782946628809241
14468.0,0.0782946628809241
14472.0,0.07659260499220837
14476.0,0.0782946628809241
14480.0,0.0782946628809241
14484.0,0.0782946628809241
14488.0,0.0782946628809241
14492.0,0.0782946628809241
14496.0,0.0782946628809241
14500.0,0.0782946628809241
14504.0,0.0782946628809241
14508.0,0.0782946628809241
14512.0,0.0782946628809241
14516.0,0.0782946628809241
14520.0,0.0782946628809241
14524.0,0.0782946628809241
14528.0,0.0782946628809241
14532.0,0.0782946628809241
14536.0,0.0782946628809241
14540.0,0.0782946628809241
14544.0,0.07659260499220837
14548.0,0.0782946628809241
14552.0,0.0782946628809241
14556.0,0.0782946628809241
14560.0,0.0782946628809241
14564.0,0.0782946628809241
14568.0,0.07999672076963985
14572.0,0.0782946628809241
14576.0,0.0782946628809241
14580.0,0.0782946628809241
14584.0,0.0782946628809241
14588.0,0.0782946628809241
14592.0,0.0782946628809241
14596.0,0.0782946628809241
14600.0,0.0782946628809241
14604.0,0.0782946628809241
14608.0,0.0782946628809241
14612.0,0.0782946628809241
14616.0,0.0782946628809241
14620.0,0.0782946628809241
14624.0,0.07659260499220837
14628.0,0.0782946628809241
14632.0,0.0782946628809241
14636.0,0.0782946628809241
14640.0,0.07659260499220837
14644.0,0.0782946628809241
14648.0,0.0782946628809241
14652.0,0.0782946628809241
14656.0,0.0782946628809241
14660.0,0.0782946628809241
14664.0,0.0782946628809241
14668.0,0.0782946628809241
14672.0,0.0782946628809241
14676.0,0.0782946628809241
14680.0,0.0782946628809241
14684.0,0.0782946628809241
14688.0,0.0782946628809241
14692.0,0.0782946628809241
14696.0,0.0782946628809241
14700.0,0.0782946628809241
14704.0,0.0782946628809241
14708.0,0.0782946628809241
14712.0,0.0782946628809241
14716.0,0.0782946628809241
14720.0,0.0782946628809241
14724.0,0.0782946628809241
14728.0,0.0782946628809241
14732.0,0.0782946628809241
14736.0,0.0782946628809241
14740.0,0.0782946628809241
14744.0,0.0782946628809241
14748.0,0.0782946628809241
14752.0,0.0782946628809241
14756.0,0.0782946628809241
14760.0,0.0782946628809241
14764.0,0.0782946628809241
14768.0,0.0782946628809241
14772.0,0.0782946628809241
14776.0,0.0782946628809241
14780.0,0.0782946628809241
14784.0,0.0782946628809241
14788.0,0.0782946628809241
14792.0,0.0782946628809241
14796.0,0.0782946628809241
14800.0,0.0782946628809241
14804.0,0.0782946628809241
14808.0,0.0782946628809241
14812.0,0.0782946628809241
14816.0,0.0782946628809241
14820.0,0.0782946628809241
14824.0,0.0782946628809241
14828.0,0.0782946628809241
14832.0,0.0782946628809241
14836.0,0.0782946628809241
14840.0,0.0782946628809241
14844.0,0.0782946628809241
14848.0,0.07999672076963985
14852.0,0.0782946628809241
14856.0,0.0782946628809241
14860.0,0.07999672076963985
14864.0,0.0782946628809241
14868.0,0.0782946628809241
14872.0,0.0782946628809241
14876.0,0.0782946628809241
14880.0,0.0782946628809241
14884.0,0.0782946628809241
14888.0,0.0782946628809241
14892.0,0.0782946628809241
14896.0,0.0782946628809241
14900.0,0.0782946628809241
14904.0,0.0782946628809241
14908.0,0.0782946628809241
14912.0,0.0782946628809241
14916.0,0.0782946628809241
14920.0,0.0782946628809241
14924.0,0.0782946628809241
14928.0,0.0782946628809241
14932.0,0.0782946628809241
14936.0,0.0782946628809241
14940.0,0.0782946628809241
14944.0,0.0782946628809241
14948.0,0.0782946628809241
14952.0,0.0782946628809241
14956.0,0.0782946628809241
14960.0,0.0782946628809241
14964.0,0.0782946628809241
14968.0,0.0782946628809241
14972.0,0.0782946628809241
14976.0,0.0782946628809241
14980.0,0.0782946628809241
14984.0,0.0782946628809241
14988.0,0.0782946628809241
14992.0,0.0782946628809241
14996.0,0.0782946628809241
15000.0,0.0782946628809241
15004.0,0.0782946628809241
15008.0,0.0782946628809241
15012.0,0.0782946628809241
15016.0,0.0782946628809241
15020.0,0.0782946628809241
15024.0,0.07659260499220837
15028.0,0.0782946628809241
15032.0,0.0782946628809241
15036.0,0.0782946628809241
15040.0,0.0782946628809241
15044.0,0.0782946628809241
15048.0,0.0782946628809241
15052.0,0.0782946628809241
15056.0,0.07659260499220837
15060.0,0.0782946628809241
15064.0,0.07659260499220837
15068.0,0.0782946628809241
15072.0,0.0782946628809241
15076.0,0.0782946628809241
15080.0,0.0782946628809241
15084.0,0.0782946628809241
15088.0,0.0782946628809241
15092.0,0.0782946628809241
15096.0,0.0782946628809241
15100.0,0.0782946628809241
15104.0,0.0782946628809241
15108.0,0.0782946628809241
15112.0,0.0782946628809241
15116.0,0.0782946628809241
15120.0,0.0782946628809241
15124.0,0.0782946628809241
15128.0,0.0782946628809241
15132.0,0.0782946628809241
15136.0,0.0782946628809241
15140.0,0.0782946628809241
15144.0,0.0782946628809241
15148.0,0.0782946628809241
15152.0,0.0782946628809241
15156.0,0.0782946628809241
15160.0,0.0782946628809241
15164.0,0.0782946628809241
15168.0,0.0782946628809241
15172.0,0.0782946628809241
15176.0,0.0782946628809241
15180.0,0.0782946628809241
15184.0,0.0782946628809241
15188.0,0.0782946628809241
15192.0,0.0782946628809241
15196.0,0.0782946628809241
15200.0,0.0782946628809241
15204.0,0.0782946628809241
15208.0,0.0782946628809241
15212.0,0.0782946628809241
15216.0,0.0782946628809241
15220.0,0.0782946628809241
15224.0,0.0782946628809241
15228.0,0.0782946628809241
15232.0,0.0782946628809241
15236.0,0.0782946628809241
15240.0,0.0782946628809241
15244.0,0.0782946628809241
15248.0,0.0782946628809241
15252.0,0.0782946628809241
15256.0,0.0782946628809241
15260.0,0.0782946628809241
15264.0,0.0782946628809241
15268.0,0.0782946628809241
15272.0,0.0782946628809241
15276.0,0.0782946628809241
15280.0,0.07659260499220837
15284.0,0.0782946628809241
15288.0,0.0782946628809241
15292.0,0.0782946628809241
15296.0,0.0782946628809241
15300.0,0.0782946628809241
15304.0,0.0782946628809241
15308.0,0.0782946628809241
15312.0,0.0782946628809241
15316.0,0.0782946628809241
15320.0,0.07659260499220837
15324.0,0.0782946628809241
15328.0,0.0782946628809241
15332.0,0.0782946628809241
15336.0,0.0782946628809241
15340.0,0.0782946628809241
15344.0,0.07659260499220837
15348.0,0.0782946628809241
15352.0,0.0782946628809241
15356.0,0.0782946628809241
15360.0,0.0782946628809241
15364.0,0.0782946628809241
15368.0,0.0782946628809241
15372.0,0.0782946628809241
15376.0,0.0782946628809241
15380.0,0.0782946628809241
15384.0,0.0782946628809241
15388.0,0.07659260499220837
15392.0,0.0782946628809241
15396.0,0.0782946628809241
15400.0,0.0782946628809241
15404.0,0.0782946628809241
15408.0,0.0782946628809241
15412.0,0.0782946628809241
15416.0,0.0782946628809241
15420.0,0.0782946628809241
15424.0,0.0782946628809241
15428.0,0.0782946628809241
15432.0,0.0782946628809241
15436.0,0.0782946628809241
15440.0,0.0782946628809241
15444.0,0.0782946628809241
15448.0,0.0782946628809241
15452.0,0.0782946628809241
15456.0,0.0782946628809241
15460.0,0.0782946628809241
15464.0,0.0782946628809241
15468.0,0.0782946628809241
15472.0,0.0782946628809241
15476.0,0.0782946628809241
15480.0,0.0782946628809241
15484.0,0.0782946628809241
15488.0,0.0782946628809241
15492.0,0.0782946628809241
15496.0,0.0782946628809241
15500.0,0.07659260499220837
15504.0,0.07659260499220837
15508.0,0.0782946628809241
15512.0,0.07659260499220837
15516.0,0.0782946628809241
15520.0,0.0782946628809241
15524.0,0.0782946628809241
15528.0,0.0782946628809241
15532.0,0.0782946628809241
15536.0,0.0782946628809241
15540.0,0.0782946628809241
15544.0,0.0782946628809241
15548.0,0.0782946628809241
15552.0,0.07659260499220837
15556.0,0.0782946628809241
15560.0,0.07659260499220837
15564.0,0.0782946628809241
15568.0,0.0782946628809241
15572.0,0.0782946628809241
15576.0,0.0782946628809241
15580.0,0.0782946628809241
15584.0,0.0782946628809241
15588.0,0.0782946628809241
15592.0,0.0782946628809241
15596.0,0.0782946628809241
15600.0,0.0782946628809241
15604.0,0.0782946628809241
15608.0,0.0782946628809241
15612.0,0.07659260499220837
15616.0,0.0782946628809241
15620.0,0.0782946628809241
15624.0,0.0782946628809241
15628.0,0.0782946628809241
15632.0,0.0782946628809241
15636.0,0.0782946628809241
15640.0,0.07659260499220837
15644.0,0.0782946628809241
15648.0,0.07659260499220837
15652.0,0.0782946628809241
15656.0,0.07659260499220837
15660.0,0.0782946628809241
15664.0,0.0782946628809241
15668.0,0.0782946628809241
15672.0,0.0782946628809241
15676.0,0.0782946628809241
15680.0,0.0782946628809241
15684.0,0.0782946628809241
15688.0,0.07659260499220837
15692.0,0.0782946628809241
15696.0,0.07659260499220837
15700.0,0.0782946628809241
15704.0,0.0782946628809241
15708.0,0.0782946628809241
15712.0,0.07659260499220837
15716.0,0.0782946628809241
15720.0,0.0782946628809241
15724.0,0.07659260499220837
15728.0,0.0782946628809241
15732.0,0.0782946628809241
15736.0,0.07659260499220837
15740.0,0.0782946628809241
15744.0,0.0782946628809241
15748.0,0.0782946628809241
15752.0,0.0782946628809241
15756.0,0.0782946628809241
15760.0,0.0782946628809241
15764.0,0.0782946628809241
15768.0,0.0782946628809241
15772.0,0.0782946628809241
15776.0,0.0782946628809241
15780.0,0.07659260499220837
15784.0,0.0782946628809241
15788.0,0.0782946628809241
15792.0,0.0782946628809241
15796.0,0.0782946628809241
15800.0,0.0782946628809241
15804.0,0.0782946628809241
15808.0,0.0782946628809241
15812.0,0.07659260499220837
15816.0,0.0782946628809241
15820.0,0.0782946628809241
15824.0,0.0782946628809241
15828.0,0.0782946628809241
15832.0,0.0782946628809241
15836.0,0.0782946628809241
15840.0,0.07659260499220837
15844.0,0.0782946628809241
15848.0,0.0782946628809241
15852.0,0.0782946628809241
15856.0,0.07659260499220837
15860.0,0.0782946628809241
15864.0,0.0782946628809241
15868.0,0.0782946628809241
15872.0,0.0782946628809241
15876.0,0.0782946628809241
15880.0,0.0782946628809241
15884.0,0.0782946628809241
15888.0,0.0782946628809241
15892.0,0.0782946628809241
15896.0,0.07659260499220837
15900.0,0.0782946628809241
15904.0,0.07659260499220837
15908.0,0.0782946628809241
15912.0,0.0782946628809241
15916.0,0.0782946628809241
15920.0,0.0782946628809241
15924.0,0.0782946628809241
15928.0,0.0782946628809241
15932.0,0.0782946628809241
15936.0,0.0782946628809241
15940.0,0.0782946628809241
15944.0,0.0782946628809241
15948.0,0.0782946628809241
15952.0,0.0782946628809241
15956.0,0.0782946628809241
15960.0,0.0782946628809241
15964.0,0.07659260499220837
15968.0,0.0782946628809241
15972.0,0.0782946628809241
15976.0,0.0782946628809241
15980.0,0.0782946628809241
15984.0,0.0782946628809241
15988.0,0.0782946628809241
15992.0,0.0782946628809241
15996.0,0.0782946628809241
16000.0,0.0782946628809241
16004.000000000002,0.0782946628809241
16008.0,0.0782946628809241
16012.0,0.0782946628809241
16015.999999999998,0.0782946628809241
16020.0,0.0782946628809241
16024.0,0.07659260499220837
16027.999999999998,0.0782946628809241
16032.0,0.0782946628809241
16036.000000000002,0.0782946628809241
16040.0,0.0782946628809241
16044.0,0.07659260499220837
16047.999999999998,0.0782946628809241
16052.0,0.0782946628809241
16056.000000000002,0.07659260499220837
16059.999999999998,0.0782946628809241
16064.0,0.0782946628809241
16068.000000000002,0.0782946628809241
16072.0,0.07659260499220837
16076.0,0.0782946628809241
16079.999999999998,0.07659260499220837
16084.0,0.0782946628809241
16088.000000000002,0.0782946628809241
16091.999999999998,0.0782946628809241
16096.0,0.0782946628809241
16100.000000000002,0.0782946628809241
16104.0,0.0782946628809241
16108.0,0.0782946628809241
16111.999999999998,0.07659260499220837
16116.0,0.0782946628809241
16120.000000000002,0.07659260499220837
16123.999999999998,0.0782946628809241
16128.0,0.07659260499220837
16132.000000000002,0.0782946628809241
16136.0,0.0782946628809241
16140.0,0.0782946628809241
16143.999999999998,0.0782946628809241
16148.0,0.0782946628809241
16152.000000000002,0.0782946628809241
16155.999999999998,0.07659260499220837
16160.0,0.07659260499220837
16164.000000000002,0.07659260499220837
16168.0,0.0782946628809241
16172.0,0.0782946628809241
16175.999999999998,0.0782946628809241
16180.0,0.0782946628809241
16184.000000000002,0.0782946628809241
16187.999999999998,0.0782946628809241
16192.0,0.0782946628809241
16196.000000000002,0.07659260499220837
16200.0,0.0782946628809241
16204.0,0.0782946628809241
16207.999999999998,0.0782946628809241
16212.0,0.0782946628809241
16216.000000000002,0.0782946628809241
16219.999999999998,0.0782946628809241
16224.0,0.0782946628809241
16228.000000000002,0.0782946628809241
16232.0,0.0782946628809241
16236.0,0.0782946628809241
16239.999999999998,0.0782946628809241
16244.0,0.0782946628809241
16248.000000000002,0.0782946628809241
16251.999999999998,0.0782946628809241
16256.0,0.0782946628809241
16260.000000000002,0.0782946628809241
16264.0,0.0782946628809241
16268.0,0.0782946628809241
16271.999999999998,0.0782946628809241
16276.0,0.0782946628809241
16280.000000000002,0.0782946628809241
16283.999999999998,0.0782946628809241
16288.0,0.07659260499220837
16292.000000000002,0.0782946628809241
16296.0,0.0782946628809241
16300.0,0.0782946628809241
16303.999999999998,0.0782946628809241
16308.0,0.0782946628809241
16312.000000000002,0.0782946628809241
16315.999999999998,0.0782946628809241
16320.0,0.07659260499220837
16324.000000000002,0.0782946628809241
16328.0,0.07659260499220837
16332.0,0.0782946628809241
16335.999999999998,0.07659260499220837
16340.0,0.0782946628809241
16344.000000000002,0.0782946628809241
16347.999999999998,0.0782946628809241
16352.0,0.0782946628809241
16356.000000000002,0.0782946628809241
16360.0,0.0782946628809241
16364.0,0.0782946628809241
16367.999999999998,0.0782946628809241
16372.0,0.0782946628809241
16376.000000000002,0.0782946628809241
16379.999999999998,0.0782946628809241
16384.0,0.0782946628809241
16388.0,0.07659260499220837
16392.0,0.07659260499220837
16396.0,0.0782946628809241
16400.0,0.0782946628809241
16404.0,0.0782946628809241
16408.0,0.0782946628809241
16412.0,0.0782946628809241
16416.0,0.0782946628809241
16420.0,0.07659260499220837
16424.0,0.0782946628809241
16428.0,0.0782946628809241
16432.0,0.0782946628809241
16436.0,0.0782946628809241
16440.0,0.0782946628809241
16444.0,0.0782946628809241
16448.0,0.0782946628809241
16452.0,0.07659260499220837
16456.0,0.07659260499220837
16460.0,0.0782946628809241
16464.0,0.07659260499220837
16468.0,0.0782946628809241
16472.0,0.0782946628809241
16476.0,0.0782946628809241
16480.0,0.0782946628809241
16484.0,0.0782946628809241
16488.0,0.07659260499220837
16492.0,0.0782946628809241
16496.0,0.07659260499220837
16500.0,0.0782946628809241
16504.0,0.07659260499220837
16508.0,0.0782946628809241
16512.0,0.07659260499220837
16516.0,0.0782946628809241
16520.0,0.07659260499220837
16524.0,0.0782946628809241
16528.0,0.0782946628809241
16532.0,0.0782946628809241
16536.0,0.0782946628809241
16540.0,0.0782946628809241
16544.0,0.07659260499220837
16548.0,0.0782946628809241
16552.0,0.0782946628809241
16556.0,0.0782946628809241
16560.0,0.0782946628809241
16564.0,0.0782946628809241
16568.0,0.0782946628809241
16572.0,0.0782946628809241
16576.0,0.0782946628809241
16580.0,0.0782946628809241
16584.0,0.0782946628809241
16588.0,0.0782946628809241
16592.0,0.0782946628809241
16596.0,0.07659260499220837
16600.0,0.0782946628809241
16604.0,0.0782946628809241
16608.0,0.0782946628809241
16612.0,0.0782946628809241
16616.0,0.0782946628809241
16620.0,0.0782946628809241
16624.0,0.0782946628809241
16628.0,0.0782946628809241
16632.0,0.0782946628809241
16636.0,0.0782946628809241
16640.0,0.0782946628809241
16644.0,0.0782946628809241
16648.0,0.0782946628809241
16652.0,0.0782946628809241
16656.0,0.0782946628809241
16660.0,0.0782946628809241
16664.0,0.0782946628809241
16668.0,0.0782946628809241
16672.0,0.07659260499220837
16676.0,0.0782946628809241
16680.0,0.07659260499220837
16684.0,0.0782946628809241
16688.0,0.0782946628809241
16692.0,0.0782946628809241
16696.0,0.0782946628809241
16700.0,0.0782946628809241
16704.0,0.07659260499220837
16708.0,0.0782946628809241
16712.0,0.07659260499220837
16716.0,0.0782946628809241
16720.0,0.07659260499220837
16724.0,0.0782946628809241
16728.0,0.07659260499220837
16732.0,0.0782946628809241
16736.0,0.07659260499220837
16740.0,0.07659260499220837
16744.0,0.07659260499220837
16748.0,0.0782946628809241
16752.0,0.0782946628809241
16756.0,0.07659260499220837
16760.0,0.0782946628809241
16764.0,0.0782946628809241
16768.0,0.0782946628809241
16772.0,0.0782946628809241
16776.0,0.0782946628809241
16780.0,0.0782946628809241
16784.0,0.0782946628809241
16788.0,0.07659260499220837
16792.0,0.0782946628809241
16796.0,0.07659260499220837
16800.0,0.0782946628809241
16804.0,0.0782946628809241
16808.0,0.0782946628809241
16812.0,0.07659260499220837
16816.0,0.0782946628809241
16820.0,0.07659260499220837
16824.0,0.07659260499220837
16828.0,0.0782946628809241
16832.0,0.0782946628809241
16836.0,0.07659260499220837
16840.0,0.0782946628809241
16844.0,0.0782946628809241
16848.0,0.0782946628809241
16852.0,0.0782946628809241
16856.0,0.0782946628809241
16860.0,0.0782946628809241
16864.0,0.07659260499220837
16868.0,0.0782946628809241
16872.0,0.0782946628809241
16876.0,0.0782946628809241
16880.0,0.0782946628809241
16884.0,0.0782946628809241
16888.0,0.07659260499220837
16892.0,0.0782946628809241
16896.0,0.0782946628809241
16900.0,0.0782946628809241
16904.0,0.07659260499220837
16908.0,0.0782946628809241
16912.0,0.0782946628809241
16916.0,0.0782946628809241
16920.0,0.0782946628809241
16924.0,0.0782946628809241
16928.0,0.0782946628809241
16932.0,0.0782946628809241
16936.0,0.07659260499220837
16940.0,0.0782946628809241
16944.0,0.0782946628809241
16948.0,0.0782946628809241
16952.0,0.0782946628809241
16956.0,0.0782946628809241
16960.0,0.0782946628809241
16964.0,0.07659260499220837
16968.0,0.0782946628809241
16972.0,0.0782946628809241
16976.0,0.07659260499220837
16980.0,0.0782946628809241
16984.0,0.0782946628809241
16988.0,0.0782946628809241
16992.0,0.0782946628809241
16996.0,0.07659260499220837
17000.0,0.0782946628809241
17004.0,0.07659260499220837
17008.0,0.0782946628809241
17012.0,0.0782946628809241
17016.0,0.07659260499220837
17020.0,0.0782946628809241
17024.0,0.0782946628809241
17028.0,0.07659260499220837
17032.0,0.07659260499220837
17036.0,0.0782946628809241
17040.0,0.07659260499220837
17044.0,0.0782946628809241
17048.0,0.07659260499220837
17052.0,0.0782946628809241
17056.0,0.07659260499220837
17060.0,0.0782946628809241
17064.0,0.07659260499220837
17068.0,0.0782946628809241
17072.0,0.07659260499220837
17076.0,0.0782946628809241
17080.0,0.0782946628809241
17084.0,0.0782946628809241
17088.0,0.0782946628809241
17092.0,0.0782946628809241
17096.0,0.0782946628809241
17100.0,0.0782946628809241
17104.0,0.0782946628809241
17108.0,0.0782946628809241
17112.0,0.07659260499220837
17116.0,0.0782946628809241
17120.0,0.0782946628809241
17124.0,0.0782946628809241
17128.0,0.0782946628809241
17132.0,0.0782946628809241
17136.0,0.0782946628809241
17140.0,0.0782946628809241
17144.0,0.0782946628809241
17148.0,0.0782946628809241
17152.0,0.0782946628809241
17156.0,0.0782946628809241
17160.0,0.0782946628809241
17164.0,0.0782946628809241
17168.0,0.0782946628809241
17172.0,0.07659260499220837
17176.0,0.0782946628809241
17180.0,0.0782946628809241
17184.0,0.0782946628809241
17188.0,0.0782946628809241
17192.0,0.0782946628809241
17196.0,0.0782946628809241
17200.0,0.0782946628809241
17204.0,0.0782946628809241
17208.0,0.0782946628809241
17212.0,0.0782946628809241
17216.0,0.0782946628809241
17220.0,0.0782946628809241
17224.0,0.07659260499220837
17228.0,0.07659260499220837
17232.0,0.0782946628809241
17236.0,0.07659260499220837
17240.0,0.0782946628809241
17244.0,0.0782946628809241
17248.0,0.07659260499220837
17252.0,0.0782946628809241
17256.0,0.07659260499220837
17260.0,0.0782946628809241
17264.0,0.07659260499220837
17268.0,0.0782946628809241
17272.0,0.07659260499220837
17276.0,0.0782946628809241
17280.0,0.0782946628809241
17284.0,0.0782946628809241
17288.0,0.07659260499220837
17292.0,0.0782946628809241
17296.0,0.0782946628809241
17300.0,0.0782946628809241
17304.0,0.07659260499220837
17308.0,0.0782946628809241
17312.0,0.07659260499220837
17316.0,0.0782946628809241
17320.0,0.07659260499220837
17324.0,0.0782946628809241
17328.0,0.07659260499220837
17332.0,0.0782946628809241
17336.0,0.0782946628809241
17340.0,0.0782946628809241
17344.0,0.0782946628809241
17348.0,0.0782946628809241
17352.0,0.0782946628809241
17356.0,0.0782946628809241
17360.0,0.0782946628809241
17364.0,0.0782946628809241
17368.0,0.0782946628809241
17372.0,0.07659260499220837
17376.0,0.0782946628809241
17380.0,0.0782946628809241
17384.0,0.0782946628809241
17388.0,0.07659260499220837
17392.0,0.0782946628809241
17396.0,0.0782946628809241
17400.0,0.07659260499220837
17404.0,0.0782946628809241
17408.0,0.0782946628809241
17412.0,0.0782946628809241
17416.0,0.0782946628809241
17420.0,0.07659260499220837
17424.0,0.07659260499220837
17428.0,0.0782946628809241
17432.0,0.07659260499220837
17436.0,0.0782946628809241
17440.0,0.0782946628809241
17444.0,0.0782946628809241
17448.0,0.07659260499220837
17452.0,0.0782946628809241
17456.0,0.0782946628809241
17460.0,0.0782946628809241
17464.0,0.07659260499220837
17468.0,0.0782946628809241
17472.0,0.07659260499220837
17476.0,0.0782946628809241
17480.0,0.0782946628809241
17484.0,0.07659260499220837
17488.0,0.07659260499220837
17492.0,0.0782946628809241
17496.0,0.07659260499220837
17500.0,0.0782946628809241
17504.0,0.07659260499220837
17508.0,0.0782946628809241
17512.0,0.07659260499220837
17516.0,0.0782946628809241
17520.0,0.07659260499220837
17524.0,0.0782946628809241
17528.0,0.07659260499220837
17532.0,0.0782946628809241
17536.0,0.0782946628809241
17540.0,0.0782946628809241
17544.0,0.0782946628809241
17548.0,0.0782946628809241
17552.0,0.07659260499220837
17556.0,0.07659260499220837
17560.0,0.0782946628809241
17564.0,0.0782946628809241
17568.0,0.07659260499220837
17572.0,0.07659260499220837
17576.0,0.0782946628809241
17580.0,0.07659260499220837
17584.0,0.0782946628809241
17588.0,0.0782946628809241
17592.0,0.0782946628809241
17596.0,0.0782946628809241
17600.0,0.07659260499220837
17604.0,0.0782946628809241
17608.0,0.0782946628809241
17612.0,0.0782946628809241
17616.0,0.0782946628809241
17620.0,0.0782946628809241
17624.0,0.0782946628809241
17628.0,0.07659260499220837
17632.0,0.0782946628809241
17636.0,0.0782946628809241
17640.0,0.07659260499220837
17644.0,0.0782946628809241
17648.0,0.0782946628809241
17652.0,0.0782946628809241
17656.0,0.0782946628809241
17660.0,0.0782946628809241
17664.0,0.0782946628809241
17668.0,0.07659260499220837
17672.0,0.07659260499220837
17676.0,0.0782946628809241
17680.0,0.07659260499220837
17684.0,0.0782946628809241
17688.0,0.07659260499220837
17692.0,0.0782946628809241
17696.0,0.0782946628809241
17700.0,0.0782946628809241
17704.0,0.07659260499220837
17708.0,0.0782946628809241
17712.0,0.07659260499220837
17716.0,0.07659260499220837
17720.0,0.07659260499220837
17724.0,0.07659260499220837
17728.0,0.07659260499220837
17732.0,0.0782946628809241
17736.0,0.07659260499220837
17740.0,0.0782946628809241
17744.0,0.0782946628809241
17748.0,0.0782946628809241
17752.0,0.0782946628809241
17756.0,0.0782946628809241
17760.0,0.0782946628809241
17764.0,0.0782946628809241
17768.0,0.07659260499220837
17772.0,0.07659260499220837
17776.0,0.0782946628809241
17780.0,0.0782946628809241
17784.0,0.07659260499220837
17788.0,0.07659260499220837
17792.0,0.0782946628809241
17796.0,0.07659260499220837
17800.0,0.0782946628809241
17804.0,0.0782946628809241
17808.0,0.0782946628809241
17812.0,0.07659260499220837
17816.0,0.0782946628809241
17820.0,0.07659260499220837
17824.0,0.0782946628809241
17828.0,0.07659260499220837
17832.0,0.07659260499220837
17836.0,0.0782946628809241
17840.0,0.0782946628809241
17844.0,0.07659260499220837
17848.0,0.0782946628809241
17852.0,0.0782946628809241
17856.0,0.07659260499220837
17860.0,0.07659260499220837
17864.0,0.07659260499220837
17868.0,0.07659260499220837
17872.0,0.07659260499220837
17876.0,0.0782946628809241
17880.0,0.07659260499220837
17884.0,0.0782946628809241
17888.0,0.07659260499220837
17892.0,0.0782946628809241
17896.0,0.07659260499220837
17900.0,0.0782946628809241
17904.0,0.07659260499220837
17908.0,0.0782946628809241
17912.0,0.0782946628809241
17916.0,0.07659260499220837
17920.0,0.07659260499220837
17924.0,0.07659260499220837
17928.0,0.07659260499220837
17932.0,0.0782946628809241
17936.0,0.07659260499220837
17940.0,0.07659260499220837
17944.0,0.07659260499220837
17948.0,0.07659260499220837
17952.0,0.07659260499220837
17956.0,0.07659260499220837
17960.0,0.07659260499220837
17964.0,0.07659260499220837
17968.0,0.0782946628809241
17972.0,0.0782946628809241
17976.0,0.0782946628809241
17980.0,0.0782946628809241
17984.0,0.0782946628809241
17988.0,0.07659260499220837
17992.0,0.07659260499220837
17996.0,0.07659260499220837
18000.0,0.0782946628809241
18004.0,0.07659260499220837
18008.0,0.07659260499220837
18012.0,0.07659260499220837
18016.0,0.07659260499220837
18020.0,0.07659260499220837
18024.0,0.07659260499220837
18028.0,0.0782946628809241
18032.0,0.07659260499220837
18036.0,0.07659260499220837
18040.0,0.0782946628809241
18044.0,0.07659260499220837
18048.0,0.0782946628809241
18052.0,0.0782946628809241
18056.0,0.07659260499220837
18060.0,0.0782946628809241
18064.0,0.07659260499220837
18068.0,0.0782946628809241
18072.0,0.07659260499220837
18076.0,0.0782946628809241
18080.0,0.07659260499220837
18084.0,0.0782946628809241
18088.0,0.07659260499220837
18092.0,0.0782946628809241
18096.0,0.07659260499220837
18100.0,0.0782946628809241
18104.0,0.07659260499220837
18108.0,0.0782946628809241
18112.0,0.07659260499220837
18116.0,0.0782946628809241
18120.0,0.07659260499220837
18124.0,0.0782946628809241
18128.0,0.0782946628809241
18132.0,0.0782946628809241
18136.0,0.07659260499220837
18140.0,0.0782946628809241
18144.0,0.07659260499220837
18148.0,0.07659260499220837
18152.0,0.07659260499220837
18156.0,0.07659260499220837
18160.0,0.07659260499220837
18164.0,0.0782946628809241
18168.0,0.07659260499220837
18172.0,0.0782946628809241
18176.0,0.07659260499220837
18180.0,0.07659260499220837
18184.0,0.07659260499220837
18188.0,0.07659260499220837
18192.0,0.0782946628809241
18196.0,0.07659260499220837
18200.0,0.0782946628809241
18204.0,0.07659260499220837
18208.0,0.0782946628809241
18212.0,0.07659260499220837
18216.0,0.07659260499220837
18220.0,0.07659260499220837
18224.0,0.0782946628809241
18228.0,0.0782946628809241
18232.0,0.07659260499220837
18236.0,0.0782946628809241
18240.0,0.0782946628809241
18244.0,0.07659260499220837
18248.0,0.0782946628809241
18252.0,0.0782946628809241
18256.0,0.0782946628809241
18260.0,0.0782946628809241
18264.0,0.07659260499220837
18268.0,0.0782946628809241
18272.0,0.07659260499220837
18276.0,0.0782946628809241
18280.0,0.07659260499220837
18284.0,0.0782946628809241
18288.0,0.07659260499220837
18292.0,0.0782946628809241
18296.0,0.07659260499220837
18300.0,0.0782946628809241
18304.0,0.07659260499220837
18308.0,0.0782946628809241
18312.0,0.07659260499220837
18316.0,0.0782946628809241
18320.0,0.07659260499220837
18324.0,0.0782946628809241
18328.0,0.07659260499220837
18332.0,0.07659260499220837
18336.0,0.07659260499220837
18340.0,0.0782946628809241
18344.0,0.07659260499220837
18348.0,0.07659260499220837
18352.0,0.0782946628809241
18356.0,0.07659260499220837
18360.0,0.07659260499220837
18364.0,0.0782946628809241
18368.0,0.0782946628809241
18372.0,0.07659260499220837
18376.0,0.0782946628809241
18380.0,0.0782946628809241
18384.0,0.07659260499220837
18388.0,0.0782946628809241
18392.0,0.0782946628809241
18396.0,0.0782946628809241
18400.0,0.0782946628809241
18404.0,0.0782946628809241
18408.0,0.07659260499220837
18412.0,0.0782946628809241
18416.0,0.0782946628809241
18420.0,0.07659260499220837
18424.0,0.0782946628809241
18428.0,0.0782946628809241
18432.0,0.0782946628809241
18436.0,0.0782946628809241
18440.0,0.0782946628809241
18444.0,0.07659260499220837
18448.0,0.07659260499220837
18452.0,0.07659260499220837
18456.0,0.0782946628809241
18460.0,0.0782946628809241
18464.0,0.07659260499220837
18468.0,0.0782946628809241
18472.0,0.0782946628809241
18476.0,0.0782946628809241
18480.0,0.07659260499220837
18484.0,0.0782946628809241
18488.0,0.07659260499220837
18492.0,0.0782946628809241
18496.0,0.0782946628809241
18500.0,0.0782946628809241
18504.0,0.0782946628809241
18508.0,0.0782946628809241
18512.0,0.07659260499220837
18516.0,0.0782946628809241
18520.0,0.07659260499220837
18524.0,0.07659260499220837
18528.0,0.07659260499220837
18532.0,0.07659260499220837
18536.0,0.07659260499220837
18540.0,0.0782946628809241
18544.0,0.07659260499220837
18548.0,0.07659260499220837
18552.0,0.0782946628809241
18556.0,0.0782946628809241
18560.0,0.0782946628809241
18564.0,0.07659260499220837
18568.0,0.07659260499220837
18572.0,0.07659260499220837
18576.0,0.0782946628809241
18580.0,0.07659260499220837
18584.0,0.0782946628809241
18588.0,0.07659260499220837
18592.0,0.0782946628809241
18596.0,0.07659260499220837
18600.0,0.0782946628809241
18604.0,0.07659260499220837
18608.0,0.07659260499220837
18612.0,0.0782946628809241
18616.0,0.0782946628809241
18620.0,0.0782946628809241
18624.0,0.0782946628809241
18628.0,0.07659260499220837
18632.0,0.0782946628809241
18636.0,0.07659260499220837
18640.0,0.07659260499220837
18644.0,0.07659260499220837
18648.0,0.07659260499220837
18652.0,0.07659260499220837
18656.0,0.0782946628809241
18660.0,0.0782946628809241
18664.0,0.07659260499220837
18668.0,0.07659260499220837
18672.0,0.07659260499220837
18676.0,0.0782946628809241
18680.0,0.07659260499220837
18684.0,0.07659260499220837
18688.0,0.0782946628809241
18692.0,0.0782946628809241
18696.0,0.07659260499220837
18700.0,0.0782946628809241
18704.0,0.07659260499220837
18708.0,0.0782946628809241
18712.0,0.07659260499220837
18716.0,0.07659260499220837
18720.0,0.07659260499220837
18724.0,0.0782946628809241
18728.0,0.07659260499220837
18732.0,0.07659260499220837
18736.0,0.07659260499220837
18740.0,0.07659260499220837
18744.0,0.07659260499220837
18748.0,0.07659260499220837
18752.0,0.0782946628809241
18756.0,0.0782946628809241
18760.0,0.0782946628809241
18764.0,0.0782946628809241
18768.0,0.0782946628809241
18772.0,0.0782946628809241
18776.0,0.0782946628809241
18780.0,0.07659260499220837
18784.0,0.0782946628809241
18788.0,0.07659260499220837
18792.0,0.0782946628809241
18796.0,0.0782946628809241
18800.0,0.07659260499220837
18804.0,0.0782946628809241
18808.0,0.0782946628809241
18812.0,0.07659260499220837
18816.0,0.07659260499220837
18820.0,0.07659260499220837
18824.0,0.07659260499220837
18828.0,0.07659260499220837
18832.0,0.07659260499220837
18836.0,0.07659260499220837
18840.0,0.07659260499220837
18844.0,0.07659260499220837
18848.0,0.07659260499220837
18852.0,0.07659260499220837
18856.0,0.07659260499220837
18860.0,0.0782946628809241
18864.0,0.07659260499220837
18868.0,0.0782946628809241
18872.0,0.0782946628809241
18876.0,0.0782946628809241
18880.0,0.07659260499220837
18884.0,0.0782946628809241
18888.0,0.07659260499220837
18892.0,0.0782946628809241
18896.0,0.07659260499220837
18900.0,0.0782946628809241
18904.0,0.07659260499220837
18908.0,0.0782946628809241
18912.0,0.0782946628809241
18916.0,0.0782946628809241
18920.0,0.07659260499220837
18924.0,0.0782946628809241
18928.0,0.07659260499220837
18932.0,0.07659260499220837
18936.0,0.07659260499220837
18940.0,0.0782946628809241
18944.0,0.07659260499220837
18948.0,0.07659260499220837
18952.0,0.07659260499220837
18956.0,0.07659260499220837
18960.0,0.0782946628809241
18964.0,0.07659260499220837
18968.0,0.0782946628809241
18972.0,0.0782946628809241
18976.0,0.0782946628809241
18980.0,0.07659260499220837
18984.0,0.0782946628809241
18988.0,0.07659260499220837
18992.0,0.0782946628809241
18996.0,0.07659260499220837
19000.0,0.0782946628809241
19004.0,0.07659260499220837
19008.0,0.0782946628809241
19012.0,0.07659260499220837
19016.0,0.07659260499220837
19020.0,0.07659260499220837
19024.0,0.07659260499220837
19028.0,0.07659260499220837
19032.0,0.07659260499220837
19036.0,0.0782946628809241
19040.0,0.07659260499220837
19044.0,0.07659260499220837
19048.0,0.07659260499220837
19052.0,0.0782946628809241
19056.0,0.0782946628809241
19060.0,0.07659260499220837
19064.0,0.07659260499220837
19068.0,0.0782946628809241
19072.0,0.07659260499220837
19076.0,0.0782946628809241
19080.0,0.07659260499220837
19084.0,0.0782946628809241
19088.0,0.07659260499220837
19092.0,0.0782946628809241
19096.0,0.07659260499220837
19100.0,0.07659260499220837
19104.0,0.07659260499220837
19108.0,0.0782946628809241
19112.0,0.07659260499220837
19116.0,0.0782946628809241
19120.0,0.0782946628809241
19124.0,0.0782946628809241
19128.0,0.07659260499220837
19132.0,0.0782946628809241
19136.0,0.07659260499220837
19140.0,0.07659260499220837
19144.0,0.07659260499220837
19148.0,0.07659260499220837
19152.0,0.07659260499220837
19156.0,0.07659260499220837
19160.0,0.07659260499220837
19164.0,0.0782946628809241
19168.0,0.0782946628809241
19172.0,0.0782946628809241
19176.0,0.0782946628809241
19180.0,0.07659260499220837
19184.0,0.0782946628809241
19188.0,0.07659260499220837
19192.0,0.0782946628809241
19196.0,0.07659260499220837
19200.0,0.0782946628809241
19204.0,0.07659260499220837
19208.0,0.0782946628809241
19212.0,0.07659260499220837
19216.0,0.0782946628809241
19220.0,0.07659260499220837
19224.0,0.0782946628809241
19228.0,0.07659260499220837
19232.0,0.0782946628809241
19236.0,0.07659260499220837
19240.0,0.07659260499220837
19244.0,0.07659260499220837
19248.0,0.07659260499220837
19252.0,0.07659260499220837
19256.0,0.07659260499220837
19260.0,0.0782946628809241
19264.0,0.07659260499220837
19268.0,0.0782946628809241
19272.0,0.0782946628809241
19276.0,0.0782946628809241
19280.0,0.0782946628809241
19284.0,0.0782946628809241
19288.0,0.07659260499220837
19292.0,0.0782946628809241
19296.0,0.07659260499220837
19300.0,0.0782946628809241
19304.0,0.07659260499220837
19308.0,0.07659260499220837
19312.0,0.0782946628809241
19316.0,0.0782946628809241
19320.0,0.07659260499220837
19324.0,0.0782946628809241
19328.0,0.07659260499220837
19332.0,0.07659260499220837
19336.0,0.07659260499220837
19340.0,0.07659260499220837
19344.0,0.07659260499220837
19348.0,0.07659260499220837
19352.0,0.07659260499220837
19356.0,0.0782946628809241
19360.0,0.07659260499220837
19364.0,0.07659260499220837
19368.0,0.0782946628809241
19372.0,0.07659260499220837
19376.0,0.0782946628809241
19380.0,0.07659260499220837
19384.0,0.07659260499220837
19388.0,0.0782946628809241
19392.0,0.0782946628809241
19396.0,0.0782946628809241
19400.0,0.07659260499220837
19404.0,0.07659260499220837
19408.0,0.0782946628809241
19412.0,0.07659260499220837
19416.0,0.07659260499220837
19420.0,0.0782946628809241
19424.0,0.07659260499220837
19428.0,0.07659260499220837
19432.0,0.0782946628809241
19436.0,0.07659260499220837
19440.0,0.07659260499220837
19444.0,0.0782946628809241
19448.0,0.07659260499220837
19452.0,0.07659260499220837
19456.0,0.07659260499220837
19460.0,0.0782946628809241
19464.0,0.07659260499220837
19468.0,0.07659260499220837
19472.0,0.07659260499220837
19476.0,0.07659260499220837
19480.0,0.07659260499220837
19484.0,0.07659260499220837
19488.0,0.07659260499220837
19492.0,0.07659260499220837
19496.0,0.0782946628809241
19500.0,0.0782946628809241
19504.0,0.07659260499220837
19508.0,0.07659260499220837
19512.0,0.07659260499220837
19516.0,0.0782946628809241
19520.0,0.0782946628809241
19524.0,0.0782946628809241
19528.0,0.07659260499220837
19532.0,0.0782946628809241
19536.0,0.0782946628809241
19540.0,0.07659260499220837
19544.0,0.07659260499220837
19548.0,0.07659260499220837
19552.0,0.0782946628809241
19556.0,0.0782946628809241
19560.0,0.0782946628809241
19564.0,0.07659260499220837
19568.0,0.07659260499220837
19572.0,0.0782946628809241
19576.0,0.07659260499220837
19580.0,0.07659260499220837
19584.0,0.0782946628809241
19588.0,0.07659260499220837
19592.0,0.07659260499220837
19596.0,0.07659260499220837
19600.0,0.0782946628809241
19604.0,0.07659260499220837
19608.0,0.07659260499220837
19612.0,0.07659260499220837
19616.0,0.0782946628809241
19620.0,0.0782946628809241
19624.0,0.07659260499220837
19628.0,0.07659260499220837
19632.0,0.07659260499220837
19636.0,0.07659260499220837
19640.0,0.07659260499220837
19644.0,0.07659260499220837
19648.0,0.07659260499220837
19652.0,0.0782946628809241
19656.0,0.0782946628809241
19660.0,0.0782946628809241
19664.0,0.07659260499220837
19668.0,0.0782946628809241
19672.0,0.07659260499220837
19676.0,0.0782946628809241
19680.0,0.07659260499220837
19684.0,0.0782946628809241
19688.0,0.07659260499220837
19692.0,0.0782946628809241
19696.0,0.07659260499220837
19700.0,0.0782946628809241
19704.0,0.0782946628809241
19708.0,0.07659260499220837
19712.0,0.07659260499220837
19716.0,0.07659260499220837
19720.0,0.07659260499220837
19724.0,0.07659260499220837
19728.0,0.07659260499220837
19732.0,0.0782946628809241
19736.0,0.07659260499220837
19740.0,0.0782946628809241
19744.0,0.07659260499220837
19748.0,0.0782946628809241
19752.0,0.0782946628809241
19756.0,0.0782946628809241
19760.0,0.0782946628809241
19764.0,0.0782946628809241
19768.0,0.07659260499220837
19772.0,0.07659260499220837
19776.0,0.07659260499220837
19780.0,0.07659260499220837
19784.0,0.07659260499220837
19788.0,0.07659260499220837
19792.0,0.0782946628809241
19796.0,0.0782946628809241
19800.0,0.0782946628809241
19804.0,0.0782946628809241
19808.0,0.0782946628809241
19812.0,0.07659260499220837
19816.0,0.0782946628809241
19820.0,0.07659260499220837
19824.0,0.07659260499220837
19828.0,0.07659260499220837
19832.0,0.0782946628809241
19836.0,0.07659260499220837
19840.0,0.07659260499220837
19844.0,0.0782946628809241
19848.0,0.0782946628809241
19852.0,0.0782946628809241
19856.0,0.07659260499220837
19860.0,0.07659260499220837
19864.0,0.0782946628809241
19868.0,0.07659260499220837
19872.0,0.07659260499220837
19876.0,0.0782946628809241
19880.0,0.07659260499220837
19884.0,0.0782946628809241
19888.0,0.0782946628809241
19892.0,0.07659260499220837
19896.0,0.0782946628809241
19900.0,0.0782946628809241
19904.0,0.07659260499220837
19908.0,0.07659260499220837
19912.0,0.07659260499220837
19916.0,0.07659260499220837
19920.0,0.07659260499220837
19924.0,0.07659260499220837
19928.0,0.07659260499220837
19932.0,0.07659260499220837
19936.0,0.07659260499220837
19940.0,0.07659260499220837
19944.0,0.07659260499220837
19948.0,0.07659260499220837
19952.0,0.0782946628809241
19956.0,0.07659260499220837
19960.0,0.07659260499220837
19964.0,0.07659260499220837
19968.0,0.07659260499220837
19972.0,0.07659260499220837
19976.0,0.07659260499220837
19980.0,0.0782946628809241
19984.0,0.0782946628809241
19988.0,0.07659260499220837
19992.0,0.07659260499220837
19996.0,0.07659260499220837
20000.0,0.07659260499220837
20004.0,0.07659260499220837
20008.0,0.07659260499220837
20012.0,0.07659260499220837
20016.0,0.07659260499220837
20020.0,0.0782946628809241
20024.0,0.07659260499220837
20028.0,0.07659260499220837
20032.0,0.07659260499220837
20036.0,0.07659260499220837
20040.0,0.07659260499220837
20044.0,0.07659260499220837
20048.0,0.0782946628809241
20052.0,0.07659260499220837
20056.0,0.0782946628809241
20060.0,0.07659260499220837
20064.0,0.07659260499220837
20068.0,0.07659260499220837
20072.0,0.07659260499220837
20076.0,0.07659260499220837
20080.0,0.07659260499220837
20084.0,0.0782946628809241
20088.0,0.07659260499220837
20092.0,0.07659260499220837
20096.0,0.07659260499220837
20100.0,0.0782946628809241
20104.0,0.07659260499220837
20108.0,0.0782946628809241
20112.0,0.07659260499220837
20116.0,0.0782946628809241
20120.0,0.07659260499220837
20124.0,0.0782946628809241
20128.0,0.07659260499220837
20132.0,0.0782946628809241
20136.0,0.07659260499220837
20140.0,0.07659260499220837
20144.0,0.07659260499220837
20148.0,0.07659260499220837
20152.0,0.07659260499220837
20156.0,0.07659260499220837
20160.0,0.0782946628809241
20164.0,0.07659260499220837
20168.0,0.0782946628809241
20172.0,0.0782946628809241
20176.0,0.07659260499220837
20180.0,0.0782946628809241
20184.0,0.0782946628809241
20188.0,0.07659260499220837
20192.0,0.0782946628809241
20196.0,0.07659260499220837
20200.0,0.0782946628809241
20204.0,0.07659260499220837
20208.0,0.07659260499220837
20212.0,0.07659260499220837
20216.0,0.0782946628809241
20220.0,0.07659260499220837
20224.0,0.07659260499220837
20228.0,0.07659260499220837
20232.0,0.07659260499220837
20236.0,0.07659260499220837
20240.0,0.07659260499220837
20244.0,0.0782946628809241
20248.0,0.07659260499220837
20252.0,0.0782946628809241
20256.0,0.0782946628809241
20260.0,0.07659260499220837
20264.0,0.07659260499220837
20268.0,0.07659260499220837
20272.0,0.07659260499220837
20276.0,0.07659260499220837
20280.0,0.07659260499220837
20284.0,0.07659260499220837
20288.0,0.0782946628809241
20292.0,0.0782946628809241
20296.0,0.07659260499220837
20300.0,0.0782946628809241
20304.0,0.07659260499220837
20308.0,0.07659260499220837
20312.0,0.07659260499220837
20316.0,0.0782946628809241
20320.0,0.07659260499220837
20324.0,0.07659260499220837
20328.0,0.07659260499220837
20332.0,0.07659260499220837
20336.0,0.07659260499220837
20340.0,0.07659260499220837
20344.0,0.07659260499220837
20348.0,0.0782946628809241
20352.0,0.07659260499220837
20356.0,0.07659260499220837
20360.0,0.0782946628809241
20364.0,0.07659260499220837
20368.0,0.07659260499220837
20372.0,0.07659260499220837
20376.0,0.07659260499220837
20380.0,0.07659260499220837
20384.0,0.07659260499220837
20388.0,0.0782946628809241
20392.0,0.07659260499220837
20396.0,0.07659260499220837
20400.0,0.07659260499220837
20404.0,0.07659260499220837
20408.0,0.0782946628809241
20412.0,0.07659260499220837
20416.0,0.07659260499220837
20420.0,0.07659260499220837
20424.0,0.07659260499220837
20428.0,0.0782946628809241
20432.0,0.07659260499220837
20436.0,0.07659260499220837
20440.0,0.07659260499220837
20444.0,0.0782946628809241
20448.0,0.07659260499220837
20452.0,0.0782946628809241
20456.0,0.07659260499220837
20460.0,0.07659260499220837
20464.0,0.07659260499220837
20468.0,0.07659260499220837
20472.0,0.07659260499220837
20476.0,0.0782946628809241
20480.0,0.07659260499220837
20484.0,0.0782946628809241
20488.0,0.07659260499220837
20492.0,0.0782946628809241
20496.0,0.07659260499220837
20500.0,0.0782946628809241
20504.0,0.07659260499220837
20508.0,0.07659260499220837
20512.0,0.07659260499220837
20516.0,0.07659260499220837
20520.0,0.07659260499220837
20524.0,0.0782946628809241
20528.0,0.07659260499220837
20532.0,0.07659260499220837
20536.0,0.07659260499220837
20540.0,0.07659260499220837
20544.0,0.07659260499220837
20548.0,0.07659260499220837
20552.0,0.07659260499220837
20556.0,0.07659260499220837
20560.0,0.07659260499220837
20564.0,0.07659260499220837
20568.0,0.07659260499220837
20572.0,0.07659260499220837
20576.0,0.0782946628809241
20580.0,0.0782946628809241
20584.0,0.0782946628809241
20588.0,0.07659260499220837
20592.0,0.0782946628809241
20596.0,0.07659260499220837
20600.0,0.0782946628809241
20604.0,0.07659260499220837
20608.0,0.07659260499220837
20612.0,0.07659260499220837
20616.0,0.07659260499220837
20620.0,0.07659260499220837
20624.0,0.0782946628809241
20628.0,0.07659260499220837
20632.0,0.07659260499220837
20636.0,0.07659260499220837
20640.0,0.07659260499220837
20644.0,0.07659260499220837
20648.0,0.07659260499220837
20652.0,0.07659260499220837
20656.0,0.07659260499220837
20660.0,0.07659260499220837
20664.0,0.07659260499220837
20668.0,0.07659260499220837
20672.0,0.07659260499220837
20676.0,0.0782946628809241
20680.0,0.07659260499220837
20684.0,0.0782946628809241
20688.0,0.07659260499220837
20692.0,0.0782946628809241
20696.0,0.07659260499220837
20700.0,0.0782946628809241
20704.0,0.07659260499220837
20708.0,0.0782946628809241
20712.0,0.07659260499220837
20716.0,0.0782946628809241
20720.0,0.0782946628809241
20724.0,0.07659260499220837
20728.0,0.07659260499220837
20732.0,0.0782946628809241
20736.0,0.07659260499220837
20740.0,0.07659260499220837
20744.0,0.07659260499220837
20748.0,0.07659260499220837
20752.0,0.07659260499220837
20756.0,0.07659260499220837
20760.0,0.07659260499220837
20764.0,0.07659260499220837
20768.0,0.0782946628809241
20772.0,0.07659260499220837
20776.0,0.07659260499220837
20780.0,0.07659260499220837
20784.0,0.0782946628809241
20788.0,0.07659260499220837
20792.0,0.07659260499220837
20796.0,0.07659260499220837
20800.0,0.07659260499220837
20804.0,0.07659260499220837
20808.0,0.0782946628809241
20812.0,0.07659260499220837
20816.0,0.0782946628809241
20820.0,0.07659260499220837
20824.0,0.0782946628809241
20828.0,0.07659260499220837
20832.0,0.07659260499220837
20836.0,0.07659260499220837
20840.0,0.07659260499220837
20844.0,0.07659260499220837
20848.0,0.07659260499220837
20852.0,0.07659260499220837
20856.0,0.07659260499220837
20860.0,0.07659260499220837
20864.0,0.07659260499220837
20868.0,0.07659260499220837
20872.0,0.07659260499220837
20876.0,0.07659260499220837
20880.0,0.07659260499220837
20884.0,0.07659260499220837
20888.0,0.07659260499220837
20892.0,0.07659260499220837
20896.0,0.07659260499220837
20900.0,0.07659260499220837
20904.0,0.07659260499220837
20908.0,0.0782946628809241
20912.0,0.07659260499220837
20916.0,0.0782946628809241
20920.0,0.07659260499220837
20924.0,0.0782946628809241
20928.0,0.07659260499220837
20932.0,0.0782946628809241
20936.0,0.07659260499220837
20940.0,0.07659260499220837
20944.0,0.07659260499220837
20948.0,0.07659260499220837
20952.0,0.07659260499220837
20956.0,0.07659260499220837
20960.0,0.07659260499220837
20964.0,0.0782946628809241
20968.0,0.07659260499220837
20972.0,0.07659260499220837
20976.0,0.0782946628809241
20980.0,0.07659260499220837
20984.0,0.07659260499220837
20988.0,0.07659260499220837
20992.0,0.07659260499220837
20996.0,0.07659260499220837
21000.0,0.07659260499220837
21004.0,0.07659260499220837
21008.0,0.07659260499220837
21012.0,0.0782946628809241
21016.0,0.07659260499220837
21020.0,0.07659260499220837
21024.0,0.07659260499220837
21028.0,0.07659260499220837
21032.0,0.0782946628809241
21036.0,0.07659260499220837
21040.0,0.07659260499220837
21044.0,0.07659260499220837
21048.0,0.0782946628809241
21052.0,0.07659260499220837
21056.0,0.07659260499220837
21060.0,0.07659260499220837
21064.0,0.07659260499220837
21068.0,0.07659260499220837
21072.0,0.0782946628809241
21076.0,0.0782946628809241
21080.0,0.07659260499220837
21084.0,0.0782946628809241
21088.0,0.07659260499220837
21092.0,0.07659260499220837
21096.0,0.07659260499220837
21100.0,0.0782946628809241
21104.0,0.07659260499220837
21108.0,0.07659260499220837
21112.0,0.07659260499220837
21116.0,0.07659260499220837
21120.0,0.07659260499220837
21124.0,0.0782946628809241
21128.0,0.07659260499220837
21132.0,0.07659260499220837
21136.0,0.07659260499220837
21140.0,0.0782946628809241
21144.0,0.07659260499220837
21148.0,0.07659260499220837
21152.0,0.07659260499220837
21156.0,0.07659260499220837
21160.0,0.07659260499220837
21164.0,0.07659260499220837
21168.0,0.07659260499220837
21172.0,0.07659260499220837
21176.0,0.07659260499220837
21180.0,0.07659260499220837
21184.0,0.0782946628809241
21188.0,0.07659260499220837
21192.0,0.07659260499220837
21196.0,0.0782946628809241
21200.0,0.0782946628809241
21204.0,0.07659260499220837
21208.0,0.0782946628809241
21212.0,0.07659260499220837
21216.0,0.07659260499220837
21220.0,0.07659260499220837
21224.0,0.07659260499220837
21228.0,0.07659260499220837
21232.0,0.07659260499220837
21236.0,0.07659260499220837
21240.0,0.0782946628809241
21244.0,0.0782946628809241
21248.0,0.07659260499220837
21252.0,0.07659260499220837
21256.0,0.07659260499220837
21260.0,0.0782946628809241
21264.0,0.0782946628809241
21268.0,0.07659260499220837
21272.0,0.07659260499220837
21276.0,0.07659260499220837
21280.0,0.07659260499220837
21284.0,0.07659260499220837
21288.0,0.07659260499220837
21292.0,0.0782946628809241
21296.0,0.07659260499220837
21300.0,0.07659260499220837
21304.0,0.07659260499220837
21308.0,0.0782946628809241
21312.0,0.0782946628809241
21316.0,0.0782946628809241
21320.0,0.07659260499220837
21324.0,0.0782946628809241
21328.0,0.07659260499220837
21332.0,0.0782946628809241
21336.0,0.07659260499220837
21340.0,0.07659260499220837
21344.0,0.07659260499220837
21348.0,0.07659260499220837
21352.0,0.07659260499220837
21356.0,0.07659260499220837
21360.0,0.07659260499220837
21364.0,0.07659260499220837
21368.0,0.07659260499220837
21372.0,0.0782946628809241
21376.0,0.07659260499220837
21380.0,0.0782946628809241
21384.0,0.0782946628809241
21388.0,0.07659260499220837
21392.0,0.07659260499220837
21396.0,0.07659260499220837
21400.0,0.07659260499220837
21404.0,0.07659260499220837
21408.0,0.07659260499220837
21412.0,0.0782946628809241
21416.0,0.07659260499220837
21420.0,0.07659260499220837
21424.0,0.07659260499220837
21428.0,0.07659260499220837
21432.0,0.07659260499220837
21436.0,0.07659260499220837
21440.0,0.07659260499220837
21444.0,0.07659260499220837
21448.0,0.07659260499220837
21452.0,0.07659260499220837
21456.0,0.07659260499220837
21460.0,0.07659260499220837
21464.0,0.07659260499220837
21468.0,0.07659260499220837
21472.0,0.07659260499220837
21476.0,0.07659260499220837
21480.0,0.07659260499220837
21484.0,0.07659260499220837
21488.0,0.07659260499220837
21492.0,0.0782946628809241
21496.0,0.07659260499220837
21500.0,0.07659260499220837
21504.0,0.07659260499220837
21508.0,0.0782946628809241
21512.0,0.07659260499220837
21516.0,0.07659260499220837
21520.0,0.07659260499220837
21524.0,0.0782946628809241
21528.0,0.07659260499220837
21532.0,0.07659260499220837
21536.0,0.07659260499220837
21540.0,0.07659260499220837
21544.0,0.07659260499220837
21548.0,0.0782946628809241
21552.0,0.07659260499220837
21556.0,0.07659260499220837
21560.0,0.07659260499220837
21564.0,0.07659260499220837
21568.0,0.07659260499220837
21572.0,0.07659260499220837
21576.0,0.07659260499220837
21580.0,0.07659260499220837
21584.0,0.07659260499220837
21588.0,0.07659260499220837
21592.0,0.0782946628809241
21596.0,0.07659260499220837
21600.0,0.07659260499220837
21604.0,0.0782946628809241
21608.0,0.07659260499220837
21612.0,0.07659260499220837
21616.0,0.07659260499220837
21620.0,0.07659260499220837
21624.0,0.07659260499220837
21628.0,0.07659260499220837
21632.0,0.0782946628809241
21636.0,0.07659260499220837
21640.0,0.07659260499220837
21644.0,0.07659260499220837
21648.0,0.07659260499220837
21652.0,0.07659260499220837
21656.0,0.07659260499220837
21660.0,0.07659260499220837
21664.0,0.07659260499220837
21668.0,0.07659260499220837
21672.0,0.07659260499220837
21676.0,0.07659260499220837
21680.0,0.07659260499220837
21684.0,0.07659260499220837
21688.0,0.07659260499220837
21692.0,0.0782946628809241
21696.0,0.0782946628809241
21700.0,0.07659260499220837
21704.0,0.07659260499220837
21708.0,0.0782946628809241
21712.0,0.07659260499220837
21716.0,0.07659260499220837
21720.0,0.07659260499220837
21724.0,0.07659260499220837
21728.0,0.07659260499220837
21732.0,0.07659260499220837
21736.0,0.07659260499220837
21740.0,0.07659260499220837
21744.0,0.07659260499220837
21748.0,0.07659260499220837
21752.0,0.07659260499220837
21756.0,0.07659260499220837
21760.0,0.07659260499220837
21764.0,0.07659260499220837
21768.0,0.07659260499220837
21772.0,0.07659260499220837
21776.0,0.07659260499220837
21780.0,0.07659260499220837
21784.0,0.07659260499220837
21788.0,0.07659260499220837
21792.0,0.07659260499220837
21796.0,0.07659260499220837
21800.0,0.0782946628809241
21804.0,0.07659260499220837
21808.0,0.0782946628809241
21812.0,0.07659260499220837
21816.0,0.0782946628809241
21820.0,0.07659260499220837
21824.0,0.07659260499220837
21828.0,0.07659260499220837
21832.0,0.07659260499220837
21836.0,0.07659260499220837
21840.0,0.07659260499220837
21844.0,0.07659260499220837
21848.0,0.07659260499220837
21852.0,0.07659260499220837
21856.0,0.07659260499220837
21860.0,0.07659260499220837
21864.0,0.07659260499220837
21868.0,0.07659260499220837
21872.0,0.07659260499220837
21876.0,0.0782946628809241
21880.0,0.07659260499220837
21884.0,0.07659260499220837
21888.0,0.07659260499220837
21892.0,0.0782946628809241
21896.0,0.07659260499220837
21900.0,0.0782946628809241
21904.0,0.07659260499220837
21908.0,0.07659260499220837
21912.0,0.0782946628809241
21916.0,0.07659260499220837
21920.0,0.07659260499220837
21924.0,0.07659260499220837
21928.0,0.07659260499220837
21932.0,0.0782946628809241
21936.0,0.07659260499220837
21940.0,0.07659260499220837
21944.0,0.07659260499220837
21948.0,0.07659260499220837
21952.0,0.07659260499220837
21956.0,0.07659260499220837
21960.0,0.07659260499220837
21964.0,0.07659260499220837
21968.0,0.0782946628809241
21972.0,0.07659260499220837
21976.0,0.07659260499220837
21980.0,0.07659260499220837
21984.0,0.07659260499220837
21988.0,0.07659260499220837
21992.0,0.07659260499220837
21996.0,0.07659260499220837
22000.0,0.07659260499220837
22004.0,0.07659260499220837
22008.0,0.07659260499220837
22012.0,0.07659260499220837
22016.0,0.0782946628809241
22020.0,0.07659260499220837
22024.0,0.07659260499220837
22028.0,0.07659260499220837
22032.0,0.07659260499220837
22036.0,0.07659260499220837
22040.0,0.0782946628809241
22044.0,0.07659260499220837
22048.0,0.07659260499220837
22052.0,0.07659260499220837
22056.0,0.07659260499220837
22060.0,0.07659260499220837
22064.0,0.07659260499220837
22068.0,0.07659260499220837
22072.0,0.07659260499220837
22076.0,0.07659260499220837
22080.0,0.07659260499220837
22084.0,0.07659260499220837
22088.0,0.07659260499220837
22092.0,0.07659260499220837
22096.0,0.07659260499220837
22100.0,0.0782946628809241
22104.0,0.07659260499220837
22108.0,0.07659260499220837
22112.0,0.07659260499220837
22116.0,0.07659260499220837
22120.0,0.07659260499220837
22124.0,0.0782946628809241
22128.0,0.07659260499220837
22132.0,0.0782946628809241
22136.0,0.07659260499220837
22140.0,0.07659260499220837
22144.0,0.07659260499220837
22148.0,0.07659260499220837
22152.0,0.07659260499220837
22156.0,0.07659260499220837
22160.0,0.0782946628809241
22164.0,0.07659260499220837
22168.0,0.07659260499220837
22172.0,0.07659260499220837
22176.0,0.07659260499220837
22180.0,0.07659260499220837
22184.0,0.0782946628809241
22188.0,0.07659260499220837
22192.0,0.07659260499220837
22196.0,0.07659260499220837
22200.0,0.07659260499220837
22204.0,0.07659260499220837
22208.0,0.07659260499220837
22212.0,0.07659260499220837
22216.0,0.07659260499220837
22220.0,0.07659260499220837
22224.0,0.0782946628809241
22228.0,0.07659260499220837
22232.0,0.0782946628809241
22236.0,0.07659260499220837
22240.0,0.07659260499220837
22244.0,0.07659260499220837
22248.0,0.07659260499220837
22252.0,0.07659260499220837
22256.0,0.07659260499220837
22260.0,0.07659260499220837
22264.0,0.07659260499220837
22268.0,0.07659260499220837
22272.0,0.07659260499220837
22276.0,0.07659260499220837
22280.0,0.07659260499220837
22284.0,0.07659260499220837
22288.0,0.07659260499220837
22292.0,0.07659260499220837
22296.0,0.0782946628809241
22300.0,0.07659260499220837
22304.0,0.07659260499220837
22308.0,0.07659260499220837
22312.0,0.07659260499220837
22316.0,0.07659260499220837
22320.0,0.07659260499220837
22324.0,0.07659260499220837
22328.0,0.07659260499220837
22332.0,0.0782946628809241
22336.0,0.07659260499220837
22340.0,0.0782946628809241
22344.0,0.07659260499220837
22348.0,0.07659260499220837
22352.0,0.07659260499220837
22356.0,0.07659260499220837
22360.0,0.07659260499220837
22364.0,0.07659260499220837
22368.0,0.07659260499220837
22372.0,0.07659260499220837
22376.0,0.07659260499220837
22380.0,0.07659260499220837
22384.0,0.0782946628809241
22388.0,0.07659260499220837
22392.0,0.07659260499220837
22396.0,0.07659260499220837
22400.0,0.0782946628809241
22404.0,0.07659260499220837
22408.0,0.0782946628809241
22412.0,0.07659260499220837
22416.0,0.07659260499220837
22420.0,0.07659260499220837
22424.0,0.0782946628809241
22428.0,0.07659260499220837
22432.0,0.07659260499220837
22436.0,0.07659260499220837
22440.0,0.07659260499220837
22444.0,0.07659260499220837
22448.0,0.07659260499220837
22452.0,0.07659260499220837
22456.0,0.07659260499220837
22460.0,0.07659260499220837
22464.0,0.07659260499220837
22468.0,0.07659260499220837
22472.0,0.07659260499220837
22476.0,0.0782946628809241
22480.0,0.07659260499220837
22484.0,0.07659260499220837
22488.0,0.07659260499220837
22492.0,0.0782946628809241
22496.0,0.07659260499220837
22500.0,0.0782946628809241
22504.0,0.07659260499220837
22508.0,0.07659260499220837
22512.0,0.07659260499220837
22516.0,0.07659260499220837
22520.0,0.07659260499220837
22524.0,0.0782946628809241
22528.0,0.07659260499220837
22532.0,0.07659260499220837
22536.0,0.07659260499220837
22540.0,0.07659260499220837
22544.0,0.07659260499220837
22548.0,0.07659260499220837
22552.0,0.0782946628809241
22556.0,0.07659260499220837
22560.0,0.07659260499220837
22564.0,0.07659260499220837
22568.0,0.07659260499220837
22572.0,0.07659260499220837
22576.0,0.07659260499220837
22580.0,0.07659260499220837
22584.0,0.07659260499220837
22588.0,0.07659260499220837
22592.0,0.07659260499220837
22596.0,0.07659260499220837
22600.0,0.0782946628809241
22604.0,0.07659260499220837
22608.0,0.07659260499220837
22612.0,0.07659260499220837
22616.0,0.07659260499220837
22620.0,0.07659260499220837
22624.0,0.07659260499220837
22628.0,0.07659260499220837
22632.0,0.07659260499220837
22636.0,0.07659260499220837
22640.0,0.0782946628809241
22644.0,0.07659260499220837
22648.0,0.07659260499220837
22652.0,0.07659260499220837
22656.0,0.07659260499220837
22660.0,0.07659260499220837
22664.0,0.07659260499220837
22668.0,0.07659260499220837
22672.0,0.07659260499220837
22676.0,0.07659260499220837
22680.0,0.07659260499220837
22684.0,0.07659260499220837
22688.0,0.07659260499220837
22692.0,0.0782946628809241
22696.0,0.07659260499220837
22700.0,0.07659260499220837
22704.0,0.07659260499220837
22708.0,0.07659260499220837
22712.0,0.07659260499220837
22716.0,0.07659260499220837
22720.0,0.07659260499220837
22724.0,0.07659260499220837
22728.0,0.07659260499220837
22732.0,0.0782946628809241
22736.0,0.07659260499220837
22740.0,0.07659260499220837
22744.0,0.07659260499220837
22748.0,0.07659260499220837
22752.0,0.07659260499220837
22756.0,0.07659260499220837
22760.0,0.07659260499220837
22764.0,0.07659260499220837
22768.0,0.07659260499220837
22772.0,0.07659260499220837
22776.0,0.07659260499220837
22780.0,0.07659260499220837
22784.0,0.07659260499220837
22788.0,0.07659260499220837
22792.0,0.0782946628809241
22796.0,0.07659260499220837
22800.0,0.07659260499220837
22804.0,0.07659260499220837
22808.0,0.07659260499220837
22812.0,0.07659260499220837
22816.0,0.07659260499220837
22820.0,0.07659260499220837
22824.0,0.0782946628809241
22828.0,0.07659260499220837
22832.0,0.07659260499220837
22836.0,0.07659260499220837
22840.0,0.07659260499220837
22844.0,0.07659260499220837
22848.0,0.07659260499220837
22852.0,0.0782946628809241
22856.0,0.07659260499220837
22860.0,0.07659260499220837
22864.0,0.07659260499220837
22868.0,0.07659260499220837
22872.0,0.07659260499220837
22876.0,0.07659260499220837
22880.0,0.07659260499220837
22884.0,0.0782946628809241
22888.0,0.07659260499220837
22892.0,0.07659260499220837
22896.0,0.07659260499220837
22900.0,0.07659260499220837
22904.0,0.07659260499220837
22908.0,0.07659260499220837
22912.0,0.07659260499220837
22916.0,0.07659260499220837
22920.0,0.07659260499220837
22924.0,0.07659260499220837
22928.0,0.07659260499220837
22932.0,0.07659260499220837
22936.0,0.07659260499220837
22940.0,0.07659260499220837
22944.0,0.07659260499220837
22948.0,0.07659260499220837
22952.0,0.07659260499220837
22956.0,0.07659260499220837
22960.0,0.07659260499220837
22964.0,0.07659260499220837
22968.0,0.07659260499220837
22972.0,0.07659260499220837
22976.0,0.07659260499220837
22980.0,0.07659260499220837
22984.0,0.07659260499220837
22988.0,0.07659260499220837
22992.0,0.07659260499220837
22996.0,0.07659260499220837
23000.0,0.0782946628809241
23004.0,0.07659260499220837
23008.0,0.07659260499220837
23012.0,0.07659260499220837
23016.0,0.07659260499220837
23020.0,0.07659260499220837
23024.0,0.07659260499220837
23028.0,0.07659260499220837
23032.0,0.07659260499220837
23036.0,0.07659260499220837
23040.0,0.07659260499220837
23044.0,0.07659260499220837
23048.0,0.07659260499220837
23052.0,0.07659260499220837
23056.0,0.07659260499220837
23060.0,0.07659260499220837
23064.0,0.07659260499220837
23068.0,0.07659260499220837
23072.0,0.07659260499220837
23076.0,0.07659260499220837
23080.0,0.07659260499220837
23084.0,0.0782946628809241
23088.0,0.07659260499220837
23092.0,0.0782946628809241
23096.0,0.07659260499220837
23100.0,0.07659260499220837
23104.0,0.07659260499220837
23108.0,0.07659260499220837
23112.0,0.07659260499220837
23116.0,0.07659260499220837
23120.0,0.07659260499220837
23124.0,0.0782946628809241
23128.0,0.07659260499220837
23132.0,0.07659260499220837
23136.0,0.07659260499220837
23140.0,0.07659260499220837
23144.0,0.07659260499220837
23148.0,0.07659260499220837
23152.0,0.07659260499220837
23156.0,0.07659260499220837
23160.0,0.07659260499220837
23164.0,0.07659260499220837
23168.0,0.07659260499220837
23172.0,0.07659260499220837
23176.0,0.07659260499220837
23180.0,0.07659260499220837
23184.0,0.07659260499220837
23188.0,0.07659260499220837
23192.0,0.0782946628809241
23196.0,0.07659260499220837
23200.0,0.0782946628809241
23204.0,0.07659260499220837
23208.0,0.07659260499220837
23212.0,0.07659260499220837
23216.0,0.0782946628809241
23220.0,0.07659260499220837
23224.0,0.07659260499220837
23228.0,0.07659260499220837
23232.0,0.07659260499220837
23236.0,0.07659260499220837
23240.0,0.07659260499220837
23244.0,0.0782946628809241
23248.0,0.07659260499220837
23252.0,0.07659260499220837
23256.0,0.07659260499220837
23260.0,0.07659260499220837
23264.0,0.07659260499220837
23268.0,0.0782946628809241
23272.0,0.07659260499220837
23276.0,0.07659260499220837
23280.0,0.07659260499220837
23284.0,0.07659260499220837
23288.0,0.07659260499220837
23292.0,0.07659260499220837
23296.0,0.07659260499220837
23300.0,0.07659260499220837
23304.0,0.07659260499220837
23308.0,0.07659260499220837
23312.0,0.07659260499220837
23316.0,0.07659260499220837
23320.0,0.07659260499220837
23324.0,0.07659260499220837
23328.0,0.07659260499220837
23332.0,0.07659260499220837
23336.0,0.07659260499220837
23340.0,0.07659260499220837
23344.0,0.07659260499220837
23348.0,0.07659260499220837
23352.0,0.0782946628809241
23356.0,0.07659260499220837
23360.0,0.07659260499220837
23364.0,0.07659260499220837
23368.0,0.07659260499220837
23372.0,0.07659260499220837
23376.0,0.07659260499220837
23380.0,0.0782946628809241
23384.0,0.07659260499220837
23388.0,0.07659260499220837
23392.0,0.07659260499220837
23396.0,0.07659260499220837
23400.0,0.07659260499220837
23404.0,0.07659260499220837
23408.0,0.07659260499220837
23412.0,0.07659260499220837
23416.0,0.07659260499220837
23420.0,0.07659260499220837
23424.0,0.07659260499220837
23428.0,0.07659260499220837
23432.0,0.07659260499220837
23436.0,0.07659260499220837
23440.0,0.07659260499220837
23444.0,0.07659260499220837
23448.0,0.07659260499220837
23452.0,0.07659260499220837
23456.0,0.07659260499220837
23460.0,0.07659260499220837
23464.0,0.07659260499220837
23468.0,0.07659260499220837
23472.0,0.07659260499220837
23476.0,0.07659260499220837
23480.0,0.07659260499220837
23484.0,0.07659260499220837
23488.0,0.07659260499220837
23492.0,0.07659260499220837
23496.0,0.07659260499220837
23500.0,0.07659260499220837
23504.0,0.07659260499220837
23508.0,0.07659260499220837
23512.0,0.07659260499220837
23516.0,0.0782946628809241
23520.0,0.07659260499220837
23524.0,0.07659260499220837
23528.0,0.07659260499220837
23532.0,0.0782946628809241
23536.0,0.07659260499220837
23540.0,0.07659260499220837
23544.0,0.07659260499220837
23548.0,0.07659260499220837
23552.0,0.07659260499220837
23556.0,0.07659260499220837
23560.0,0.07659260499220837
23564.0,0.07659260499220837
23568.0,0.07659260499220837
23572.0,0.07659260499220837
23576.0,0.07659260499220837
23580.0,0.07659260499220837
23584.0,0.07659260499220837
23588.0,0.07659260499220837
23592.0,0.07659260499220837
23596.0,0.07659260499220837
23600.0,0.07659260499220837
23604.0,0.07659260499220837
23608.0,0.07659260499220837
23612.0,0.07659260499220837
23616.0,0.07659260499220837
23620.0,0.07659260499220837
23624.0,0.07659260499220837
23628.0,0.07659260499220837
23632.0,0.07659260499220837
23636.0,0.07659260499220837
23640.0,0.07659260499220837
23644.0,0.07659260499220837
23648.0,0.07659260499220837
23652.0,0.07659260499220837
23656.0,0.0782946628809241
23660.0,0.07659260499220837
23664.0,0.07659260499220837
23668.0,0.07659260499220837
23672.0,0.07659260499220837
23676.0,0.07659260499220837
23680.0,0.0782946628809241
23684.0,0.07659260499220837
23688.0,0.07659260499220837
23692.0,0.07659260499220837
23696.0,0.07659260499220837
23700.0,0.07659260499220837
23704.0,0.07659260499220837
23708.0,0.07659260499220837
23712.0,0.07659260499220837
23716.0,0.07659260499220837
23720.0,0.07659260499220837
23724.0,0.07659260499220837
23728.0,0.07659260499220837
23732.0,0.07659260499220837
23736.0,0.07659260499220837
23740.0,0.07659260499220837
23744.0,0.07659260499220837
23748.0,0.07659260499220837
23752.0,0.07659260499220837
23756.0,0.07659260499220837
23760.0,0.07659260499220837
23764.0,0.07659260499220837
23768.0,0.07659260499220837
23772.0,0.07659260499220837
23776.0,0.0782946628809241
23780.0,0.07659260499220837
23784.0,0.07659260499220837
23788.0,0.07659260499220837
23792.0,0.07659260499220837
23796.0,0.07659260499220837
23800.0,0.07659260499220837
23804.0,0.07659260499220837
23808.0,0.07659260499220837
23812.0,0.07659260499220837
23816.0,0.0782946628809241
23820.0,0.07659260499220837
23824.0,0.07659260499220837
23828.0,0.07659260499220837
23832.0,0.07659260499220837
23836.0,0.07659260499220837
23840.0,0.07659260499220837
23844.0,0.07659260499220837
23848.0,0.07659260499220837
23852.0,0.07659260499220837
23856.0,0.07659260499220837
23860.0,0.07659260499220837
23864.0,0.07659260499220837
23868.0,0.07659260499220837
23872.0,0.07659260499220837
23876.0,0.07659260499220837
23880.0,0.07659260499220837
23884.0,0.07659260499220837
23888.0,0.07659260499220837
23892.0,0.07659260499220837
23896.0,0.07659260499220837
23900.0,0.07659260499220837
23904.0,0.07659260499220837
23908.0,0.07659260499220837
23912.0,0.07659260499220837
23916.0,0.07659260499220837
23920.0,0.07659260499220837
23924.0,0.07659260499220837
23928.0,0.07659260499220837
23932.0,0.07659260499220837
23936.0,0.07659260499220837
23940.0,0.07659260499220837
23944.0,0.07659260499220837
23948.0,0.07659260499220837
23952.0,0.07659260499220837
23956.0,0.07659260499220837
23960.0,0.07659260499220837
23964.0,0.07659260499220837
23968.0,0.07659260499220837
23972.0,0.07659260499220837
23976.0,0.07659260499220837
23980.0,0.07659260499220837
23984.0,0.0782946628809241
23988.0,0.07659260499220837
23992.0,0.0782946628809241
23996.0,0.07659260499220837
24000.0,0.0782946628809241
24004.0,0.07659260499220837
24008.0,0.07659260499220837
24012.0,0.07659260499220837
24016.0,0.07659260499220837
24020.0,0.07659260499220837
24024.0,0.07659260499220837
24028.0,0.07659260499220837
24032.0,0.07659260499220837
24036.0,0.07659260499220837
24040.0,0.0782946628809241
24044.0,0.07659260499220837
24048.0,0.07659260499220837
24052.0,0.07659260499220837
24056.0,0.07659260499220837
24060.0,0.07659260499220837
24064.0,0.07659260499220837
24068.0,0.07659260499220837
24072.0,0.07659260499220837
24076.0,0.07659260499220837
24080.0,0.07659260499220837
24084.0,0.07659260499220837
24088.0,0.07659260499220837
24092.0,0.07659260499220837
24096.0,0.07659260499220837
24100.0,0.07659260499220837
24104.0,0.07659260499220837
24108.0,0.07659260499220837
24112.0,0.07659260499220837
24116.0,0.0782946628809241
24120.0,0.07659260499220837
24124.0,0.07659260499220837
24128.0,0.07659260499220837
24132.0,0.07659260499220837
24136.0,0.07659260499220837
24140.0,0.07659260499220837
24144.0,0.07659260499220837
24148.0,0.07659260499220837
24152.0,0.07659260499220837
24156.0,0.07659260499220837
24160.0,0.07659260499220837
24164.0,0.07659260499220837
24168.0,0.07659260499220837
24172.0,0.07659260499220837
24176.0,0.07659260499220837
24180.0,0.07659260499220837
24184.0,0.07659260499220837
24188.0,0.07659260499220837
24192.0,0.07659260499220837
24196.0,0.07659260499220837
24200.0,0.0782946628809241
24204.0,0.07659260499220837
24208.0,0.07659260499220837
24212.0,0.07659260499220837
24216.0,0.07659260499220837
24220.0,0.07659260499220837
24224.0,0.07659260499220837
24228.0,0.07659260499220837
24232.0,0.07659260499220837
24236.0,0.07659260499220837
24240.0,0.07659260499220837
24244.0,0.07659260499220837
24248.0,0.07659260499220837
24252.0,0.07659260499220837
24256.0,0.07659260499220837
24260.0,0.07659260499220837
24264.0,0.07659260499220837
24268.0,0.07659260499220837
24272.0,0.07659260499220837
24276.0,0.07659260499220837
24280.0,0.07659260499220837
24284.0,0.07659260499220837
24288.0,0.07659260499220837
24292.0,0.07659260499220837
24296.0,0.07659260499220837
24300.0,0.07659260499220837
24304.0,0.07659260499220837
24308.0,0.07659260499220837
24312.0,0.07659260499220837
24316.0,0.07659260499220837
24320.0,0.07659260499220837
24324.0,0.07659260499220837
24328.0,0.07659260499220837
24332.0,0.07659260499220837
24336.0,0.07659260499220837
24340.0,0.07659260499220837
24344.0,0.07659260499220837
24348.0,0.07659260499220837
24352.0,0.07659260499220837
24356.0,0.07659260499220837
24360.0,0.07659260499220837
24364.0,0.07659260499220837
24368.0,0.07659260499220837
24372.0,0.07659260499220837
24376.0,0.07659260499220837
24380.0,0.07659260499220837
24384.0,0.07659260499220837
24388.0,0.07659260499220837
24392.0,0.0782946628809241
24396.0,0.07659260499220837
24400.0,0.07659260499220837
24404.0,0.07659260499220837
24408.0,0.0782946628809241
24412.0,0.07659260499220837
24416.0,0.07659260499220837
24420.0,0.07659260499220837
24424.0,0.07659260499220837
24428.0,0.07659260499220837
24432.0,0.07659260499220837
24436.0,0.07659260499220837
24440.0,0.07659260499220837
24444.0,0.07659260499220837
24448.0,0.07659260499220837
24452.0,0.07659260499220837
24456.0,0.07659260499220837
24460.0,0.07659260499220837
24464.0,0.07659260499220837
24468.0,0.07659260499220837
24472.0,0.07659260499220837
24476.0,0.07659260499220837
24480.0,0.07659260499220837
24484.0,0.07659260499220837
24488.0,0.07659260499220837
24492.0,0.07659260499220837
24496.0,0.0782946628809241
24500.0,0.07659260499220837
24504.0,0.07659260499220837
24508.0,0.07659260499220837
24512.0,0.07659260499220837
24516.0,0.07659260499220837
24520.0,0.07659260499220837
24524.0,0.07659260499220837
24528.0,0.07659260499220837
24532.0,0.0782946628809241
24536.0,0.07659260499220837
24540.0,0.07659260499220837
24544.0,0.07659260499220837
24548.0,0.07659260499220837
24552.0,0.07659260499220837
24556.0,0.07659260499220837
24560.0,0.07659260499220837
24564.0,0.07659260499220837
24568.0,0.07659260499220837
24572.0,0.07659260499220837
24576.0,0.07659260499220837
24580.0,0.07659260499220837
24584.0,0.07659260499220837
24588.0,0.07659260499220837
24592.0,0.07659260499220837
24596.0,0.07659260499220837
24600.0,0.07659260499220837
24604.0,0.07659260499220837
24608.0,0.07659260499220837
24612.0,0.07659260499220837
24616.0,0.07659260499220837
24620.0,0.07659260499220837
24624.0,0.07659260499220837
24628.0,0.07659260499220837
24632.0,0.07659260499220837
24636.0,0.07659260499220837
24640.0,0.07659260499220837
24644.0,0.07659260499220837
24648.0,0.07659260499220837
24652.0,0.07659260499220837
24656.0,0.07659260499220837
24660.0,0.07659260499220837
24664.0,0.07659260499220837
24668.0,0.07659260499220837
24672.0,0.07659260499220837
24676.0,0.07659260499220837
24680.0,0.07659260499220837
24684.0,0.0782946628809241
24688.0,0.07659260499220837
24692.0,0.07659260499220837
24696.0,0.07659260499220837
24700.0,0.07659260499220837
24704.0,0.07659260499220837
24708.0,0.07659260499220837
24712.0,0.07659260499220837
24716.0,0.07659260499220837
24720.0,0.07659260499220837
24724.0,0.07659260499220837
24728.0,0.07659260499220837
24732.0,0.07659260499220837
24736.0,0.07659260499220837
24740.0,0.07659260499220837
24744.0,0.07659260499220837
24748.0,0.07659260499220837
24752.0,0.07659260499220837
24756.0,0.07659260499220837
24760.0,0.07659260499220837
24764.0,0.07659260499220837
24768.0,0.07659260499220837
24772.0,0.07659260499220837
24776.0,0.07659260499220837
24780.0,0.07659260499220837
24784.0,0.07659260499220837
24788.0,0.07659260499220837
24792.0,0.0782946628809241
24796.0,0.07659260499220837
24800.0,0.07659260499220837
24804.0,0.07659260499220837
24808.0,0.07659260499220837
24812.0,0.07659260499220837
24816.0,0.07659260499220837
24820.0,0.07659260499220837
24824.0,0.07659260499220837
24828.0,0.07659260499220837
24832.0,0.07659260499220837
24836.0,0.07659260499220837
24840.0,0.07659260499220837
24844.0,0.07659260499220837
24848.0,0.07659260499220837
24852.0,0.07659260499220837
24856.0,0.07659260499220837
24860.0,0.07659260499220837
24864.0,0.07659260499220837
24868.0,0.07659260499220837
24872.0,0.07659260499220837
24876.0,0.07659260499220837
24880.0,0.07659260499220837
24884.0,0.07659260499220837
24888.0,0.07659260499220837
24892.0,0.07659260499220837
24896.0,0.07659260499220837
24900.0,0.07659260499220837
24904.0,0.07659260499220837
24908.0,0.07659260499220837
24912.0,0.07659260499220837
24916.0,0.07659260499220837
24920.0,0.07659260499220837
24924.0,0.07659260499220837
24928.0,0.07659260499220837
24932.0,0.07659260499220837
24936.0,0.07659260499220837
24940.0,0.07659260499220837
24944.0,0.07659260499220837
24948.0,0.07659260499220837
24952.0,0.07659260499220837
24956.0,0.07659260499220837
24960.0,0.07659260499220837
24964.0,0.07659260499220837
24968.0,0.07659260499220837
24972.0,0.07659260499220837
24976.0,0.07659260499220837
24980.0,0.07659260499220837
24984.0,0.07659260499220837
24988.0,0.07659260499220837
24992.0,0.07659260499220837
24996.0,0.07659260499220837
25000.0,0.07659260499220837
25004.0,0.07659260499220837
25008.0,0.07659260499220837
25012.0,0.07659260499220837
25016.0,0.07659260499220837
25020.0,0.07659260499220837
25024.0,0.07659260499220837
25028.0,0.07659260499220837
25032.0,0.07659260499220837
25036.0,0.07659260499220837
25040.0,0.07659260499220837
25044.0,0.07659260499220837
25048.0,0.07659260499220837
25052.0,0.07659260499220837
25056.0,0.07659260499220837
25060.0,0.07659260499220837
25064.0,0.07659260499220837
25068.0,0.07659260499220837
25072.0,0.07659260499220837
25076.0,0.07659260499220837
25080.0,0.07659260499220837
25084.0,0.07659260499220837
25088.0,0.07659260499220837
25092.0,0.07659260499220837
25096.0,0.07659260499220837
25100.0,0.07659260499220837
25104.0,0.07659260499220837
25108.0,0.07659260499220837
25112.0,0.07659260499220837
25116.0,0.07659260499220837
25120.0,0.07659260499220837
25124.0,0.07659260499220837
25128.0,0.07659260499220837
25132.0,0.07659260499220837
25136.0,0.07659260499220837
25140.0,0.07659260499220837
25144.0,0.07659260499220837
25148.0,0.07659260499220837
25152.0,0.07659260499220837
25156.0,0.07659260499220837
25160.0,0.07659260499220837
25164.0,0.07659260499220837
25168.0,0.07659260499220837
25172.0,0.07659260499220837
25176.0,0.07659260499220837
25180.0,0.07659260499220837
25184.0,0.07659260499220837
25188.0,0.07659260499220837
25192.0,0.07659260499220837
25196.0,0.07659260499220837
25200.0,0.07659260499220837
25204.0,0.07659260499220837
25208.0,0.07659260499220837
25212.0,0.07659260499220837
25216.0,0.07659260499220837
25220.0,0.07659260499220837
25224.0,0.07659260499220837
25228.0,0.07659260499220837
25232.0,0.07659260499220837
25236.0,0.07659260499220837
25240.0,0.07659260499220837
25244.0,0.07659260499220837
25248.0,0.07659260499220837
25252.0,0.07659260499220837
25256.0,0.07659260499220837
25260.0,0.07659260499220837
25264.0,0.07659260499220837
25268.0,0.07659260499220837
25272.0,0.07659260499220837
25276.0,0.07659260499220837
25280.0,0.07659260499220837
25284.0,0.07659260499220837
25288.0,0.07659260499220837
25292.0,0.07659260499220837
25296.0,0.07659260499220837
25300.0,0.07659260499220837
25304.0,0.07659260499220837
25308.0,0.07659260499220837
25312.0,0.07659260499220837
25316.0,0.07659260499220837
25320.0,0.07659260499220837
25324.0,0.07659260499220837
25328.0,0.07659260499220837
25332.0,0.07659260499220837
25336.0,0.07659260499220837
25340.0,0.07659260499220837
25344.0,0.07659260499220837
25348.0,0.07659260499220837
25352.0,0.07659260499220837
25356.0,0.07659260499220837
25360.0,0.07659260499220837
25364.0,0.07659260499220837
25368.0,0.07659260499220837
25372.0,0.07659260499220837
25376.0,0.07659260499220837
25380.0,0.07659260499220837
25384.0,0.07659260499220837
25388.0,0.07659260499220837
25392.0,0.07659260499220837
25396.0,0.07659260499220837
25400.0,0.07659260499220837
25404.0,0.07659260499220837
25408.0,0.07659260499220837
25412.0,0.07659260499220837
25416.0,0.07659260499220837
25420.0,0.07659260499220837
25424.0,0.07659260499220837
25428.0,0.07659260499220837
25432.0,0.07659260499220837
25436.0,0.07659260499220837
25440.0,0.07659260499220837
25444.0,0.07659260499220837
25448.0,0.07659260499220837
25452.0,0.07659260499220837
25456.0,0.07659260499220837
25460.0,0.07659260499220837
25464.0,0.07659260499220837
25468.0,0.07659260499220837
25472.0,0.07659260499220837
25476.0,0.07659260499220837
25480.0,0.07659260499220837
25484.0,0.07659260499220837
25488.0,0.07659260499220837
25492.0,0.0782946628809241
25496.0,0.07659260499220837
25500.0,0.07659260499220837
25504.0,0.07659260499220837
25508.0,0.07659260499220837
25512.0,0.07659260499220837
25516.0,0.07659260499220837
25520.0,0.07659260499220837
25524.0,0.07659260499220837
25528.0,0.07659260499220837
25532.0,0.07659260499220837
25536.0,0.07659260499220837
25540.0,0.07659260499220837
25544.0,0.07659260499220837
25548.0,0.07659260499220837
25552.0,0.07659260499220837
25556.0,0.07659260499220837
25560.0,0.07659260499220837
25564.0,0.07659260499220837
25568.0,0.07659260499220837
25572.0,0.07659260499220837
25576.0,0.07659260499220837
25580.0,0.07659260499220837
25584.0,0.07659260499220837
25588.0,0.07659260499220837
25592.0,0.07659260499220837
25596.0,0.07659260499220837
25600.0,0.07659260499220837
25604.0,0.07659260499220837
25608.0,0.07659260499220837
25612.0,0.07659260499220837
25616.0,0.07659260499220837
25620.0,0.07659260499220837
25624.0,0.07659260499220837
25628.0,0.07659260499220837
25632.0,0.07659260499220837
25636.0,0.07659260499220837
25640.0,0.07659260499220837
25644.0,0.07659260499220837
25648.0,0.07659260499220837
25652.0,0.07659260499220837
25656.0,0.07659260499220837
25660.0,0.07659260499220837
25664.0,0.07659260499220837
25668.0,0.07659260499220837
25672.0,0.07659260499220837
25676.0,0.07659260499220837
25680.0,0.07659260499220837
25684.0,0.07659260499220837
25688.0,0.0782946628809241
25692.0,0.07659260499220837
25696.0,0.07659260499220837
25700.0,0.07659260499220837
25704.0,0.07659260499220837
25708.0,0.07659260499220837
25712.0,0.07659260499220837
25716.0,0.07659260499220837
25720.0,0.07659260499220837
25724.0,0.07659260499220837
25728.0,0.07659260499220837
25732.0,0.07659260499220837
25736.0,0.07659260499220837
25740.0,0.07659260499220837
25744.0,0.07659260499220837
25748.0,0.07659260499220837
25752.0,0.07659260499220837
25756.0,0.07659260499220837
25760.0,0.07659260499220837
25764.0,0.07659260499220837
25768.0,0.07659260499220837
25772.0,0.07659260499220837
25776.0,0.07659260499220837
25780.0,0.07659260499220837
25784.0,0.07659260499220837
25788.0,0.07659260499220837
25792.0,0.07659260499220837
25796.0,0.07659260499220837
25800.0,0.07659260499220837
25804.0,0.07659260499220837
25808.0,0.07659260499220837
25812.0,0.07659260499220837
25816.0,0.07659260499220837
25820.0,0.07659260499220837
25824.0,0.07659260499220837
25828.0,0.07659260499220837
25832.0,0.07659260499220837
25836.0,0.07659260499220837
25840.0,0.07659260499220837
25844.0,0.07659260499220837
25848.0,0.07659260499220837
25852.0,0.07659260499220837
25856.0,0.07659260499220837
25860.0,0.07659260499220837
25864.0,0.07659260499220837
25868.0,0.07659260499220837
25872.0,0.07659260499220837
25876.0,0.07659260499220837
25880.0,0.07659260499220837
25884.0,0.07659260499220837
25888.0,0.07659260499220837
25892.0,0.07659260499220837
25896.0,0.07659260499220837
25900.0,0.07659260499220837
25904.0,0.07659260499220837
25908.0,0.07659260499220837
25912.0,0.07659260499220837
25916.0,0.07659260499220837
25920.0,0.07659260499220837
25924.0,0.07659260499220837
25928.0,0.07659260499220837
25932.0,0.07659260499220837
25936.0,0.07659260499220837
25940.0,0.07659260499220837
25944.0,0.07659260499220837
25948.0,0.07659260499220837
25952.0,0.07659260499220837
25956.0,0.07659260499220837
25960.0,0.07659260499220837
25964.0,0.07659260499220837
25968.0,0.07659260499220837
25972.0,0.07659260499220837
25976.0,0.07659260499220837
25980.0,0.07659260499220837
25984.0,0.07659260499220837
25988.0,0.07659260499220837
25992.0,0.07659260499220837
25996.0,0.07659260499220837
26000.0,0.0782946628809241
26004.0,0.07659260499220837
26008.0,0.07659260499220837
26012.0,0.07659260499220837
26016.0,0.0782946628809241
26020.0,0.07659260499220837
26024.0,0.07659260499220837
26028.0,0.07659260499220837
26032.0,0.07659260499220837
26036.0,0.07659260499220837
26040.0,0.07659260499220837
26044.0,0.07659260499220837
26048.0,0.07659260499220837
26052.0,0.07659260499220837
26056.0,0.07659260499220837
26060.0,0.07659260499220837
26064.0,0.07659260499220837
26068.0,0.07659260499220837
26072.0,0.07659260499220837
26076.0,0.07659260499220837
26080.0,0.07659260499220837
26084.0,0.07659260499220837
26088.0,0.07659260499220837
26092.0,0.07659260499220837
26096.0,0.07659260499220837
26100.0,0.07659260499220837
26104.0,0.07659260499220837
26108.0,0.07659260499220837
26112.0,0.07659260499220837
26116.0,0.07659260499220837
26120.0,0.07659260499220837
26124.0,0.07659260499220837
26128.0,0.07659260499220837
26132.0,0.07659260499220837
26136.0,0.07659260499220837
26140.0,0.07659260499220837
26144.0,0.07659260499220837
26148.0,0.07659260499220837
26152.0,0.07659260499220837
26156.0,0.07659260499220837
26160.0,0.07659260499220837
26164.0,0.07659260499220837
26168.0,0.07659260499220837
26172.0,0.07659260499220837
26176.0,0.07659260499220837
26180.0,0.07659260499220837
26184.0,0.07659260499220837
26188.0,0.07659260499220837
26192.0,0.07659260499220837
26196.0,0.07659260499220837
26200.0,0.07659260499220837
26204.0,0.07659260499220837
26208.0,0.07659260499220837
26212.0,0.07659260499220837
26216.0,0.07659260499220837
26220.0,0.07659260499220837
26224.0,0.07659260499220837
26228.0,0.07659260499220837
26232.0,0.07659260499220837
26236.0,0.07659260499220837
26240.0,0.07659260499220837
26244.0,0.07659260499220837
26248.0,0.07659260499220837
26252.0,0.07659260499220837
26256.0,0.07659260499220837
26260.0,0.07659260499220837
26264.0,0.07659260499220837
26268.0,0.07659260499220837
26272.0,0.07659260499220837
26276.0,0.07659260499220837
26280.0,0.07659260499220837
26284.0,0.07659260499220837
26288.0,0.07659260499220837
26292.0,0.07659260499220837
26296.0,0.07659260499220837
26300.0,0.07659260499220837
26304.0,0.07659260499220837
26308.0,0.07659260499220837
26312.0,0.07659260499220837
26316.0,0.07659260499220837
26320.0,0.07659260499220837
26324.0,0.07659260499220837
26328.0,0.07659260499220837
26332.0,0.07659260499220837
26336.0,0.07659260499220837
26340.0,0.07659260499220837
26344.0,0.07659260499220837
26348.0,0.07659260499220837
26352.0,0.07659260499220837
26356.0,0.07659260499220837
26360.0,0.07659260499220837
26364.0,0.07659260499220837
26368.0,0.07659260499220837
26372.0,0.07659260499220837
26376.0,0.07659260499220837
26380.0,0.07659260499220837
26384.0,0.07659260499220837
26388.0,0.07659260499220837
26392.0,0.07659260499220837
26396.0,0.07659260499220837
26400.0,0.07659260499220837
26404.0,0.07659260499220837
26408.0,0.07659260499220837
26412.0,0.07659260499220837
26416.0,0.07659260499220837
26420.0,0.07659260499220837
26424.0,0.07659260499220837
26428.0,0.07659260499220837
26432.0,0.07659260499220837
26436.0,0.07659260499220837
26440.0,0.07659260499220837
26444.0,0.07659260499220837
26448.0,0.07659260499220837
26452.0,0.07659260499220837
26456.0,0.07659260499220837
26460.0,0.07659260499220837
26464.0,0.0782946628809241
26468.0,0.07659260499220837
26472.0,0.07659260499220837
26476.0,0.07659260499220837
26480.0,0.07659260499220837
26484.0,0.07659260499220837
26488.0,0.07659260499220837
26492.0,0.07659260499220837
26496.0,0.07659260499220837
26500.0,0.07659260499220837
26504.0,0.07659260499220837
26508.0,0.07659260499220837
26512.0,0.07659260499220837
26516.0,0.07659260499220837
26520.0,0.07659260499220837
26524.0,0.07659260499220837
26528.0,0.07659260499220837
26532.0,0.07659260499220837
26536.0,0.07659260499220837
26540.0,0.07659260499220837
26544.0,0.07659260499220837
26548.0,0.07659260499220837
26552.0,0.07659260499220837
26556.0,0.07659260499220837
26560.0,0.07659260499220837
26564.0,0.07659260499220837
26568.0,0.07659260499220837
26572.0,0.07659260499220837
26576.0,0.07659260499220837
26580.0,0.07659260499220837
26584.0,0.07659260499220837
26588.0,0.07659260499220837
26592.0,0.07659260499220837
26596.0,0.07659260499220837
26600.0,0.07659260499220837
26604.0,0.07659260499220837
26608.0,0.07659260499220837
26612.0,0.0782946628809241
26616.0,0.07659260499220837
26620.0,0.07659260499220837
26624.0,0.07659260499220837
26628.0,0.07659260499220837
26632.0,0.07659260499220837
26636.0,0.07659260499220837
26640.0,0.07659260499220837
26644.0,0.07659260499220837
26648.0,0.07659260499220837
26652.0,0.07659260499220837
26656.0,0.07659260499220837
26660.0,0.07659260499220837
26664.0,0.07659260499220837
26668.0,0.0782946628809241
26672.0,0.07659260499220837
26676.0,0.07659260499220837
26680.0,0.07659260499220837
26684.0,0.07659260499220837
26688.0,0.07659260499220837
26692.0,0.07659260499220837
26696.0,0.07659260499220837
26700.0,0.07659260499220837
26704.0,0.07659260499220837
26708.0,0.07659260499220837
26712.0,0.07659260499220837
26716.0,0.07659260499220837
26720.0,0.07659260499220837
26724.0,0.07659260499220837
26728.0,0.07659260499220837
26732.0,0.07659260499220837
26736.0,0.07659260499220837
26740.0,0.07659260499220837
26744.0,0.07659260499220837
26748.0,0.07659260499220837
26752.0,0.07659260499220837
26756.0,0.07659260499220837
26760.0,0.07659260499220837
26764.0,0.07659260499220837
26768.0,0.07659260499220837
26772.0,0.07659260499220837
26776.0,0.07659260499220837
26780.0,0.07659260499220837
26784.0,0.07659260499220837
26788.0,0.07659260499220837
26792.0,0.07659260499220837
26796.0,0.07659260499220837
26800.0,0.07659260499220837
26804.0,0.07659260499220837
26808.0,0.07659260499220837
26812.0,0.07659260499220837
26816.0,0.07659260499220837
26820.0,0.07659260499220837
26824.0,0.07659260499220837
26828.0,0.07659260499220837
26832.0,0.07659260499220837
26836.0,0.07659260499220837
26840.0,0.07659260499220837
26844.0,0.07659260499220837
26848.0,0.07659260499220837
26852.0,0.07659260499220837
26856.0,0.07659260499220837
26860.0,0.07659260499220837
26864.0,0.07659260499220837
26868.0,0.07659260499220837
26872.0,0.07659260499220837
26876.0,0.07659260499220837
26880.0,0.07659260499220837
26884.0,0.07659260499220837
26888.0,0.07659260499220837
26892.0,0.07659260499220837
26896.0,0.07659260499220837
26900.0,0.07659260499220837
26904.0,0.07659260499220837
26908.0,0.07659260499220837
26912.0,0.07659260499220837
26916.0,0.07659260499220837
26920.0,0.07659260499220837
26924.0,0.07659260499220837
26928.0,0.07659260499220837
26932.0,0.07659260499220837
26936.0,0.07659260499220837
26940.0,0.07659260499220837
26944.0,0.07659260499220837
26948.0,0.07659260499220837
26952.0,0.07659260499220837
26956.0,0.07659260499220837
26960.0,0.07659260499220837
26964.0,0.07659260499220837
26968.0,0.07659260499220837
26972.0,0.07659260499220837
26976.0,0.07659260499220837
26980.0,0.07659260499220837
26984.0,0.07659260499220837
26988.0,0.07659260499220837
26992.0,0.07659260499220837
26996.0,0.07659260499220837
27000.0,0.07659260499220837
27004.0,0.07659260499220837
27008.0,0.07659260499220837
27012.0,0.07659260499220837
27016.0,0.07659260499220837
27020.0,0.07659260499220837
27024.0,0.07659260499220837
27028.0,0.07659260499220837
27032.0,0.07659260499220837
27036.0,0.07659260499220837
27040.0,0.07659260499220837
27044.0,0.07659260499220837
27048.0,0.07659260499220837
27052.0,0.07659260499220837
27056.0,0.07659260499220837
27060.0,0.07659260499220837
27064.0,0.07659260499220837
27068.0,0.07659260499220837
27072.0,0.07659260499220837
27076.0,0.07659260499220837
27080.0,0.07659260499220837
27084.0,0.07659260499220837
27088.0,0.07659260499220837
27092.0,0.07659260499220837
27096.0,0.07659260499220837
27100.0,0.07659260499220837
27104.0,0.07659260499220837
27108.0,0.07659260499220837
27112.0,0.07659260499220837
27116.0,0.07659260499220837
27120.0,0.07659260499220837
27124.0,0.07659260499220837
27128.0,0.07659260499220837
27132.0,0.07659260499220837
27136.0,0.07659260499220837
27140.0,0.07659260499220837
27144.0,0.07659260499220837
27148.0,0.07659260499220837
27152.0,0.07659260499220837
27156.0,0.07659260499220837
27160.0,0.07659260499220837
27164.0,0.07659260499220837
27168.0,0.07659260499220837
27172.0,0.07659260499220837
27176.0,0.07659260499220837
27180.0,0.07659260499220837
27184.0,0.07659260499220837
27188.0,0.07659260499220837
27192.0,0.07659260499220837
27196.0,0.07659260499220837
27200.0,0.07659260499220837
27204.0,0.07659260499220837
27208.0,0.07659260499220837
27212.0,0.07659260499220837
27216.0,0.07659260499220837
27220.0,0.07659260499220837
27224.0,0.07659260499220837
27228.0,0.07659260499220837
27232.0,0.07659260499220837
27236.0,0.07659260499220837
27240.0,0.07659260499220837
27244.0,0.07659260499220837
27248.0,0.07659260499220837
27252.0,0.07659260499220837
27256.0,0.07659260499220837
27260.0,0.07659260499220837
27264.0,0.07659260499220837
27268.0,0.07659260499220837
27272.0,0.07659260499220837
27276.0,0.07659260499220837
27280.0,0.07659260499220837
27284.0,0.07659260499220837
27288.0,0.07659260499220837
27292.0,0.07659260499220837
27296.0,0.07659260499220837
27300.0,0.07659260499220837
27304.0,0.07659260499220837
27308.0,0.07659260499220837
27312.0,0.07659260499220837
27316.0,0.07659260499220837
27320.0,0.07659260499220837
27324.0,0.07659260499220837
27328.0,0.07659260499220837
27332.0,0.07659260499220837
27336.0,0.07659260499220837
27340.0,0.07659260499220837
27344.0,0.07659260499220837
27348.0,0.07659260499220837
27352.0,0.07659260499220837
27356.0,0.07659260499220837
27360.0,0.07659260499220837
27364.0,0.07659260499220837
27368.0,0.07659260499220837
27372.0,0.07659260499220837
27376.0,0.07659260499220837
27380.0,0.07659260499220837
27384.0,0.07659260499220837
27388.0,0.07659260499220837
27392.0,0.07659260499220837
27396.0,0.07659260499220837
27400.0,0.07659260499220837
27404.0,0.07659260499220837
27408.0,0.07659260499220837
27412.0,0.07659260499220837
27416.0,0.07659260499220837
27420.0,0.07659260499220837
27424.0,0.07659260499220837
27428.0,0.07659260499220837
27432.0,0.07659260499220837
27436.0,0.07659260499220837
27440.0,0.07659260499220837
27444.0,0.07659260499220837
27448.0,0.07659260499220837
27452.0,0.07659260499220837
27456.0,0.07659260499220837
27460.0,0.07659260499220837
27464.0,0.07659260499220837
27468.0,0.07659260499220837
27472.0,0.07659260499220837
27476.0,0.07659260499220837
27480.0,0.07659260499220837
27484.0,0.07659260499220837
27488.0,0.07659260499220837
27492.0,0.07659260499220837
27496.0,0.07659260499220837
27500.0,0.07659260499220837
27504.0,0.07659260499220837
27508.0,0.07659260499220837
27512.0,0.07659260499220837
27516.0,0.07659260499220837
27520.0,0.07659260499220837
27524.0,0.07659260499220837
27528.0,0.07659260499220837
27532.0,0.07659260499220837
27536.0,0.07659260499220837
27540.0,0.07659260499220837
27544.0,0.07659260499220837
27548.0,0.07659260499220837
27552.0,0.07659260499220837
27556.0,0.07659260499220837
27560.0,0.07659260499220837
27564.0,0.07659260499220837
27568.0,0.07659260499220837
27572.0,0.07659260499220837
27576.0,0.07659260499220837
27580.0,0.07659260499220837
27584.0,0.07659260499220837
27588.0,0.07659260499220837
27592.0,0.07659260499220837
27596.0,0.07659260499220837
27600.0,0.07659260499220837
27604.0,0.07659260499220837
27608.0,0.07659260499220837
27612.0,0.07659260499220837
27616.0,0.07659260499220837
27620.0,0.07659260499220837
27624.0,0.07659260499220837
27628.0,0.07659260499220837
27632.0,0.07659260499220837
27636.0,0.07659260499220837
27640.0,0.07659260499220837
27644.0,0.07659260499220837
27648.0,0.07659260499220837
27652.0,0.07659260499220837
27656.0,0.07659260499220837
27660.0,0.07659260499220837
27664.0,0.07659260499220837
27668.0,0.07659260499220837
27672.0,0.07659260499220837
27676.0,0.07659260499220837
27680.0,0.07659260499220837
27684.0,0.07659260499220837
27688.0,0.07659260499220837
27692.0,0.07659260499220837
27696.0,0.07659260499220837
27700.0,0.07659260499220837
27704.0,0.07659260499220837
27708.0,0.07659260499220837
27712.0,0.07659260499220837
27716.0,0.07659260499220837
27720.0,0.07659260499220837
27724.0,0.07659260499220837
27728.0,0.07659260499220837
27732.0,0.07659260499220837
27736.0,0.07659260499220837
27740.0,0.07659260499220837
27744.0,0.07659260499220837
27748.0,0.07659260499220837
27752.0,0.07659260499220837
27756.0,0.07659260499220837
27760.0,0.07659260499220837
27764.0,0.07659260499220837
27768.0,0.07659260499220837
27772.0,0.07659260499220837
27776.0,0.07659260499220837
27780.0,0.07659260499220837
27784.0,0.07659260499220837
27788.0,0.07659260499220837
27792.0,0.07659260499220837
27796.0,0.07659260499220837
27800.0,0.07659260499220837
27804.0,0.07659260499220837
27808.0,0.07659260499220837
27812.0,0.07659260499220837
27816.0,0.07659260499220837
27820.0,0.07659260499220837
27824.0,0.07659260499220837
27828.0,0.07659260499220837
27832.0,0.07659260499220837
27836.0,0.07659260499220837
27840.0,0.07659260499220837
27844.0,0.07659260499220837
27848.0,0.07659260499220837
27852.0,0.07659260499220837
27856.0,0.07659260499220837
27860.0,0.07659260499220837
27864.0,0.07659260499220837
27868.0,0.07659260499220837
27872.0,0.07659260499220837
27876.0,0.07659260499220837
27880.0,0.07659260499220837
27884.0,0.07659260499220837
27888.0,0.07659260499220837
27892.0,0.07659260499220837
27896.0,0.07659260499220837
27900.0,0.07659260499220837
27904.0,0.07659260499220837
27908.0,0.07659260499220837
27912.0,0.07659260499220837
27916.0,0.07659260499220837
27920.0,0.07659260499220837
27924.0,0.07659260499220837
27928.0,0.07659260499220837
27932.0,0.07659260499220837
27936.0,0.07659260499220837
27940.0,0.07659260499220837
27944.0,0.07659260499220837
27948.0,0.07659260499220837
27952.0,0.07659260499220837
27956.0,0.07659260499220837
27960.0,0.07659260499220837
27964.0,0.07659260499220837
27968.0,0.07659260499220837
27972.0,0.07659260499220837
27976.0,0.07659260499220837
27980.0,0.07659260499220837
27984.0,0.07659260499220837
27988.0,0.07659260499220837
27992.0,0.07659260499220837
27996.0,0.07659260499220837
28000.0,0.07659260499220837
28004.0,0.07659260499220837
28008.0,0.07659260499220837
28012.0,0.07659260499220837
28016.0,0.07659260499220837
28020.0,0.07659260499220837
28024.0,0.07659260499220837
28028.0,0.07659260499220837
28032.0,0.07659260499220837
28036.0,0.07659260499220837
28040.0,0.07659260499220837
28044.0,0.07659260499220837
28048.0,0.07659260499220837
28052.0,0.07659260499220837
28056.0,0.07659260499220837
28060.0,0.07659260499220837
28064.0,0.07659260499220837
28068.0,0.07659260499220837
28072.0,0.07659260499220837
28076.0,0.07659260499220837
28080.0,0.07659260499220837
28084.0,0.07659260499220837
28088.0,0.07659260499220837
28092.0,0.07659260499220837
28096.0,0.07659260499220837
28100.0,0.07659260499220837
28104.0,0.07659260499220837
28108.0,0.07659260499220837
28112.0,0.07659260499220837
28116.0,0.07659260499220837
28120.0,0.07659260499220837
28124.0,0.07659260499220837
28128.0,0.07659260499220837
28132.0,0.07659260499220837
28136.0,0.07659260499220837
28140.0,0.07659260499220837
28144.0,0.07659260499220837
28148.0,0.07659260499220837
28152.0,0.07659260499220837
28156.0,0.07659260499220837
28160.0,0.07659260499220837
28164.0,0.07659260499220837
28168.0,0.07659260499220837
28172.0,0.07659260499220837
28176.0,0.07659260499220837
28180.0,0.07659260499220837
28184.0,0.07659260499220837
28188.0,0.07659260499220837
28192.0,0.0782946628809241
28196.0,0.07659260499220837
28200.0,0.07659260499220837
28204.0,0.07659260499220837
28208.0,0.07659260499220837
28212.0,0.07659260499220837
28216.0,0.07659260499220837
28220.0,0.07659260499220837
28224.0,0.07659260499220837
28228.0,0.07659260499220837
28232.0,0.07659260499220837
28236.0,0.07659260499220837
28240.0,0.07659260499220837
28244.0,0.07659260499220837
28248.0,0.07659260499220837
28252.0,0.07659260499220837
28256.0,0.07659260499220837
28260.0,0.07659260499220837
28264.0,0.07659260499220837
28268.0,0.07659260499220837
28272.0,0.07659260499220837
28276.0,0.07659260499220837
28280.0,0.07659260499220837
28284.0,0.07659260499220837
28288.0,0.07659260499220837
28292.0,0.07659260499220837
28296.0,0.07659260499220837
28300.0,0.07659260499220837
28304.0,0.07659260499220837
28308.0,0.07659260499220837
28312.0,0.07659260499220837
28316.0,0.07659260499220837
28320.0,0.07659260499220837
28324.0,0.07659260499220837
28328.0,0.07659260499220837
28332.0,0.07659260499220837
28336.0,0.07659260499220837
28340.0,0.07659260499220837
28344.0,0.07659260499220837
28348.0,0.07659260499220837
28352.0,0.07659260499220837
28356.0,0.07659260499220837
28360.0,0.07659260499220837
28364.0,0.07659260499220837
28368.0,0.07659260499220837
28372.0,0.07659260499220837
28376.0,0.07659260499220837
28380.0,0.07659260499220837
28384.0,0.07659260499220837
28388.0,0.07659260499220837
28392.0,0.07659260499220837
28396.0,0.07659260499220837
28400.0,0.07659260499220837
28404.0,0.07659260499220837
28408.0,0.07659260499220837
28412.0,0.07659260499220837
28416.0,0.07659260499220837
28420.0,0.07659260499220837
28424.0,0.07659260499220837
28428.0,0.07659260499220837
28432.0,0.07659260499220837
28436.0,0.07659260499220837
28440.0,0.07659260499220837
28444.0,0.07659260499220837
28448.0,0.07659260499220837
28452.0,0.07659260499220837
28456.0,0.07659260499220837
28460.0,0.07659260499220837
28464.0,0.07659260499220837
28468.0,0.07659260499220837
28472.0,0.07659260499220837
28476.0,0.07659260499220837
28480.0,0.07659260499220837
28484.0,0.07659260499220837
28488.0,0.07659260499220837
28492.0,0.07659260499220837
28496.0,0.07659260499220837
28500.0,0.07659260499220837
28504.0,0.07659260499220837
28508.0,0.07659260499220837
28512.0,0.07659260499220837
28516.0,0.07659260499220837
28520.0,0.07659260499220837
28524.0,0.07659260499220837
28528.0,0.07659260499220837
28532.0,0.07659260499220837
28536.0,0.07659260499220837
28540.0,0.07659260499220837
28544.0,0.07659260499220837
28548.0,0.07659260499220837
28552.0,0.07659260499220837
28556.0,0.07659260499220837
28560.0,0.07659260499220837
28564.0,0.07659260499220837
28568.0,0.07659260499220837
28572.0,0.07659260499220837
28576.0,0.07659260499220837
28580.0,0.07659260499220837
28584.0,0.07659260499220837
28588.0,0.07659260499220837
28592.0,0.07659260499220837
28596.0,0.07659260499220837
28600.0,0.07659260499220837
28604.0,0.07659260499220837
28608.0,0.07659260499220837
28612.0,0.07659260499220837
28616.0,0.07659260499220837
28620.0,0.07659260499220837
28624.0,0.07659260499220837
28628.0,0.07659260499220837
28632.0,0.07659260499220837
28636.0,0.07659260499220837
28640.0,0.07659260499220837
28644.0,0.07659260499220837
28648.0,0.07659260499220837
28652.0,0.07659260499220837
28656.0,0.07659260499220837
28660.0,0.07659260499220837
28664.0,0.07659260499220837
28668.0,0.07659260499220837
28672.0,0.07659260499220837
28676.0,0.07659260499220837
28680.0,0.07659260499220837
28684.0,0.07659260499220837
28688.0,0.07659260499220837
28692.0,0.07659260499220837
28696.0,0.07659260499220837
28700.0,0.07659260499220837
28704.0,0.07659260499220837
28708.0,0.07659260499220837
28712.0,0.07659260499220837
28716.0,0.07659260499220837
28720.0,0.07659260499220837
28724.0,0.07659260499220837
28728.0,0.07659260499220837
28732.0,0.07659260499220837
28736.0,0.07659260499220837
28740.0,0.07659260499220837
28744.0,0.07659260499220837
28748.0,0.07659260499220837
28752.0,0.07659260499220837
28756.0,0.07659260499220837
28760.0,0.07659260499220837
28764.0,0.07659260499220837
28768.0,0.07659260499220837
28772.0,0.07659260499220837
28776.0,0.07659260499220837
28780.0,0.07659260499220837
28784.0,0.07659260499220837
28788.0,0.07659260499220837
28792.0,0.07659260499220837
28796.0,0.07659260499220837
28800.0,0.07659260499220837
28804.0,0.07659260499220837
28808.0,0.07659260499220837
28812.0,0.07659260499220837
28816.0,0.07659260499220837
28820.0,0.07659260499220837
28824.0,0.07659260499220837
28828.0,0.07659260499220837
28832.0,0.07659260499220837
28836.0,0.07659260499220837
28840.0,0.07659260499220837
28844.0,0.07659260499220837
28848.0,0.07659260499220837
28852.0,0.07659260499220837
28856.0,0.07659260499220837
28860.0,0.07659260499220837
28864.0,0.07659260499220837
28868.0,0.07659260499220837
28872.0,0.07659260499220837
28876.0,0.07659260499220837
28880.0,0.07659260499220837
28884.0,0.07659260499220837
28888.0,0.07659260499220837
28892.0,0.07659260499220837
28896.0,0.07659260499220837
28900.0,0.07659260499220837
28904.0,0.07659260499220837
28908.0,0.07659260499220837
28912.0,0.07659260499220837
28916.0,0.07659260499220837
28920.0,0.07659260499220837
28924.0,0.07659260499220837
28928.0,0.07659260499220837
28932.0,0.07659260499220837
28936.0,0.07659260499220837
28940.0,0.07659260499220837
28944.0,0.07659260499220837
28948.0,0.07659260499220837
28952.0,0.07659260499220837
28956.0,0.07659260499220837
28960.0,0.07659260499220837
28964.0,0.07659260499220837
28968.0,0.07659260499220837
28972.0,0.07659260499220837
28976.0,0.07659260499220837
28980.0,0.07659260499220837
28984.0,0.07659260499220837
28988.0,0.07659260499220837
28992.0,0.07659260499220837
28996.0,0.07659260499220837
29000.0,0.07659260499220837
29004.0,0.07659260499220837
29008.0,0.07659260499220837
29012.0,0.07659260499220837
29016.0,0.07659260499220837
29020.0,0.07659260499220837
29024.0,0.07659260499220837
29028.0,0.07659260499220837
29032.0,0.07659260499220837
29036.0,0.07659260499220837
29040.0,0.07659260499220837
29044.0,0.07659260499220837
29048.0,0.07659260499220837
29052.0,0.07659260499220837
29056.0,0.07659260499220837
29060.0,0.07659260499220837
29064.0,0.07659260499220837
29068.0,0.07659260499220837
29072.0,0.07659260499220837
29076.0,0.07659260499220837
29080.0,0.07659260499220837
29084.0,0.07659260499220837
29088.0,0.07659260499220837
29092.0,0.07659260499220837
29096.0,0.07659260499220837
29100.0,0.07659260499220837
29104.0,0.07659260499220837
29108.0,0.07659260499220837
29112.0,0.07659260499220837
29116.0,0.07659260499220837
29120.0,0.07659260499220837
29124.0,0.07659260499220837
29128.0,0.07659260499220837
29132.0,0.07659260499220837
29136.0,0.07659260499220837
29140.0,0.07659260499220837
29144.0,0.07659260499220837
29148.0,0.07659260499220837
29152.0,0.07659260499220837
29156.0,0.07659260499220837
29160.0,0.07659260499220837
29164.0,0.07659260499220837
29168.0,0.07659260499220837
29172.0,0.07659260499220837
29176.0,0.07659260499220837
29180.0,0.07659260499220837
29184.0,0.07659260499220837
29188.0,0.07659260499220837
29192.0,0.07659260499220837
29196.0,0.07659260499220837
29200.0,0.07659260499220837
29204.0,0.07659260499220837
29208.0,0.07659260499220837
29212.0,0.07659260499220837
29216.0,0.07659260499220837
29220.0,0.07659260499220837
29224.0,0.07659260499220837
29228.0,0.07659260499220837
29232.0,0.07659260499220837
29236.0,0.07659260499220837
29240.0,0.07659260499220837
29244.0,0.07659260499220837
29248.0,0.07659260499220837
29252.0,0.07659260499220837
29256.0,0.07659260499220837
29260.0,0.07659260499220837
29264.0,0.07659260499220837
29268.0,0.07659260499220837
29272.0,0.07659260499220837
29276.0,0.07659260499220837
29280.0,0.07659260499220837
29284.0,0.07659260499220837
29288.0,0.07659260499220837
29292.0,0.07659260499220837
29296.0,0.07659260499220837
29300.0,0.07659260499220837
29304.0,0.07659260499220837
29308.0,0.07659260499220837
29312.0,0.07659260499220837
29316.0,0.07659260499220837
29320.0,0.07659260499220837
29324.0,0.07659260499220837
29328.0,0.07659260499220837
29332.0,0.07659260499220837
29336.0,0.07659260499220837
29340.0,0.07659260499220837
29344.0,0.07659260499220837
29348.0,0.07659260499220837
29352.0,0.07659260499220837
29356.0,0.07659260499220837
29360.0,0.07659260499220837
29364.0,0.07659260499220837
29368.0,0.07659260499220837
29372.0,0.07659260499220837
29376.0,0.07659260499220837
29380.0,0.07659260499220837
29384.0,0.07659260499220837
29388.0,0.07659260499220837
29392.0,0.07659260499220837
29396.0,0.07659260499220837
29400.0,0.07659260499220837
29404.0,0.07659260499220837
29408.0,0.07659260499220837
29412.0,0.07659260499220837
29416.0,0.07659260499220837
29420.0,0.07659260499220837
29424.0,0.07659260499220837
29428.0,0.07659260499220837
29432.0,0.07659260499220837
29436.0,0.07659260499220837
29440.0,0.07659260499220837
29444.0,0.07659260499220837
29448.0,0.07659260499220837
29452.0,0.07659260499220837
29456.0,0.07659260499220837
29460.0,0.07659260499220837
29464.0,0.07659260499220837
29468.0,0.07659260499220837
29472.0,0.07659260499220837
29476.0,0.07659260499220837
29480.0,0.07659260499220837
29484.0,0.07659260499220837
29488.0,0.07659260499220837
29492.0,0.07659260499220837
29496.0,0.07659260499220837
29500.0,0.07659260499220837
29504.0,0.07659260499220837
29508.0,0.07659260499220837
29512.0,0.07659260499220837
29516.0,0.07659260499220837
29520.0,0.07659260499220837
29524.0,0.07659260499220837
29528.0,0.07659260499220837
29532.0,0.07659260499220837
29536.0,0.07659260499220837
29540.0,0.07659260499220837
29544.0,0.07659260499220837
29548.0,0.07659260499220837
29552.0,0.07659260499220837
29556.0,0.07659260499220837
29560.0,0.07659260499220837
29564.0,0.07659260499220837
29568.0,0.07659260499220837
29572.0,0.07659260499220837
29576.0,0.07659260499220837
29580.0,0.07659260499220837
29584.0,0.07659260499220837
29588.0,0.07659260499220837
29592.0,0.07659260499220837
29596.0,0.07659260499220837
29600.0,0.07659260499220837
29604.0,0.07659260499220837
29608.0,0.07659260499220837
29612.0,0.07659260499220837
29616.0,0.07659260499220837
29620.0,0.07659260499220837
29624.0,0.07659260499220837
29628.0,0.07659260499220837
29632.0,0.07659260499220837
29636.0,0.07659260499220837
29640.0,0.07659260499220837
29644.0,0.07659260499220837
29648.0,0.07659260499220837
29652.0,0.07659260499220837
29656.0,0.07659260499220837
29660.0,0.07659260499220837
29664.0,0.07659260499220837
29668.0,0.07659260499220837
29672.0,0.07659260499220837
29676.0,0.07659260499220837
29680.0,0.07659260499220837
29684.0,0.07659260499220837
29688.0,0.07659260499220837
29692.0,0.07659260499220837
29696.0,0.07659260499220837
29700.0,0.07659260499220837
29704.0,0.07659260499220837
29708.0,0.07659260499220837
29712.0,0.07659260499220837
29716.0,0.07659260499220837
29720.0,0.07659260499220837
29724.0,0.07659260499220837
29728.0,0.07659260499220837
29732.0,0.07659260499220837
29736.0,0.07659260499220837
29740.0,0.07659260499220837
29744.0,0.07659260499220837
29748.0,0.07659260499220837
29752.0,0.07659260499220837
29756.0,0.07659260499220837
29760.0,0.07659260499220837
29764.0,0.07659260499220837
29768.0,0.07659260499220837
29772.0,0.07659260499220837
29776.0,0.07659260499220837
29780.0,0.07659260499220837
29784.0,0.07659260499220837
29788.0,0.07659260499220837
29792.0,0.07659260499220837
29796.0,0.07659260499220837
29800.0,0.07659260499220837
29804.0,0.07659260499220837
29808.0,0.07659260499220837
29812.0,0.07659260499220837
29816.0,0.07659260499220837
29820.0,0.07659260499220837
29824.0,0.07659260499220837
29828.0,0.07659260499220837
29832.0,0.07659260499220837
29836.0,0.07659260499220837
29840.0,0.07659260499220837
29844.0,0.07659260499220837
29848.0,0.07659260499220837
29852.0,0.07659260499220837
29856.0,0.07659260499220837
29860.0,0.07659260499220837
29864.0,0.07659260499220837
29868.0,0.07659260499220837
29872.0,0.07659260499220837
29876.0,0.07659260499220837
29880.0,0.07659260499220837
29884.0,0.07659260499220837
29888.0,0.07659260499220837
29892.0,0.07659260499220837
29896.0,0.07659260499220837
29900.0,0.07659260499220837
29904.0,0.07659260499220837
29908.0,0.07659260499220837
29912.0,0.07659260499220837
29916.0,0.07659260499220837
29920.0,0.07659260499220837
29924.0,0.07659260499220837
29928.0,0.07659260499220837
29932.0,0.07659260499220837
29936.0,0.07659260499220837
29940.0,0.07659260499220837
29944.0,0.07659260499220837
29948.0,0.07659260499220837
29952.0,0.07659260499220837
29956.0,0.07659260499220837
29960.0,0.07659260499220837
29964.0,0.07659260499220837
29968.0,0.07659260499220837
29972.0,0.07659260499220837
29976.0,0.07659260499220837
29980.0,0.07659260499220837
29984.0,0.07659260499220837
29988.0,0.07659260499220837
29992.0,0.07659260499220837
29996.0,0.07659260499220837
