time_ms,diameter_mm
0.0,3.053
1.0,3.01
2.0,3.053
3.0,3.01
4.0,3.01
5.0,3.01
6.0,3.01
7.0,3.01
8.0,2.9669999999999996
9.0,3.01
10.0,2.9669999999999996
11.0,3.01
12.0,3.01
13.0,2.9669999999999996
14.0,3.01
15.0,2.9669999999999996
16.0,2.9669999999999996
17.0,2.9669999999999996
18.0,2.9669999999999996
19.0,2.9669999999999996
20.0,2.9669999999999996
21.0,2.9669999999999996
22.0,2.9669999999999996
23.0,2.9669999999999996
24.0,2.9669999999999996
25.0,2.924
26.0,2.9669999999999996
27.0,2.9669999999999996
28.0,2.9669999999999996
29.0,2.9669999999999996
30.0,2.9669999999999996
31.0,2.9669999999999996
32.0,2.9669999999999996
33.0,2.924
34.0,2.9669999999999996
35.0,2.924
36.0,2.9669999999999996
37.0,2.924
38.0,2.924
39.0,2.924
40.0,2.924
41.0,2.924
42.0,2.924
43.0,2.924
44.0,2.924
45.0,2.924
46.0,2.924
47.0,2.924
48.0,2.924
49.0,2.924
50.0,2.924
51.0,2.924
52.0,2.924
53.0,2.924
54.0,2.881
55.0,2.9669999999999996
56.0,2.924
57.0,2.924
58.0,2.881
59.0,2.924
60.0,2.881
61.0,2.924
62.0,2.881
63.0,2.924
64.0,2.881
65.0,2.881
66.0,2.881
67.0,2.881
68.0,2.924
69.0,2.924
70.0,2.881
71.0,2.881
72.0,2.924
73.0,2.924
74.0,2.881
75.0,2.881
76.0,2.881
77.0,2.881
78.0,2.881
79.0,2.881
80.0,2.881
81.0,2.881
82.0,2.881
83.0,2.881
84.0,2.881
85.0,2.881
86.0,2.881
87.0,2.881
88.0,2.881
89.0,2.881
90.0,2.881
91.0,2.881
92.0,2.881
93.0,2.881
94.0,2.8379999999999996
95.0,2.881
96.0,2.8379999999999996
97.0,2.8379999999999996
98.0,2.881
99.0,2.8379999999999996
100.0,2.8379999999999996
101.0,2.8379999999999996
102.0,2.8379999999999996
103.0,2.8379999999999996
104.0,2.8379999999999996
105.0,2.881
106.0,2.8379999999999996
107.0,2.8379999999999996
108.0,2.8379999999999996
109.0,2.8379999999999996
110.0,2.881
111.0,2.8379999999999996
112.0,2.8379999999999996
113.0,2.8379999999999996
114.0,2.8379999999999996
115.0,2.881
116.0,2.8379999999999996
117.0,2.8379999999999996
118.0,2.8379999999999996
119.0,2.8379999999999996
120.0,2.8379999999999996
121.0,2.8379999999999996
122.0,2.8379999999999996
123.0,2.881
124.0,2.8379999999999996
125.0,2.8379999999999996
126.0,2.8379999999999996
127.0,2.8379999999999996
128.0,2.8379999999999996
129.0,2.8379999999999996
130.0,2.8379999999999996
131.0,2.8379999999999996
132.0,2.8379999999999996
133.0,2.8379999999999996
134.0,2.8379999999999996
135.0,2.8379999999999996
136.0,2.8379999999999996
137.0,2.795
138.0,2.8379999999999996
139.0,2.8379999999999996
140.0,2.8379999999999996
141.0,2.8379999999999996
142.0,2.795
143.0,2.8379999999999996
144.0,2.795
145.0,2.8379999999999996
146.0,2.795
147.0,2.8379999999999996
148.0,2.795
149.0,2.8379999999999996
150.0,2.8379999999999996
151.0,2.8379999999999996
152.0,2.795
153.0,2.8379999999999996
154.0,2.8379999999999996
155.0,2.8379999999999996
156.0,2.795
157.0,2.795
158.0,2.8379999999999996
159.0,2.795
160.0,2.8379999999999996
161.0,2.795
162.0,2.8379999999999996
163.0,2.8379999999999996
164.0,2.8379999999999996
165.0,2.795
166.0,2.8379999999999996
167.0,2.795
168.0,2.795
169.0,2.795
170.0,2.795
171.0,2.795
172.0,2.795
173.0,2.795
174.0,2.795
175.0,2.795
176.0,2.795
177.0,2.795
178.0,2.8379999999999996
179.0,2.795
180.0,2.8379999999999996
181.0,2.795
182.0,2.795
183.0,2.795
184.0,2.795
185.0,2.795
186.0,2.795
187.0,2.795
188.0,2.795
189.0,2.795
190.0,2.795
191.0,2.795
192.0,2.752
193.0,2.795
194.0,2.795
195.0,2.795
196.0,2.795
197.0,2.795
198.0,2.795
199.0,2.795
200.0,2.795
201.0,2.795
202.0,2.795
203.0,2.795
204.0,2.795
205.0,2.795
206.0,2.795
207.0,2.795
208.0,2.795
209.0,2.795
210.0,2.795
211.0,2.795
212.0,2.795
213.0,2.795
214.0,2.795
215.0,2.795
216.0,2.795
217.0,2.752
218.0,2.795
219.0,2.752
220.0,2.795
221.0,2.752
222.0,2.795
223.0,2.752
224.0,2.752
225.0,2.795
226.0,2.752
227.0,2.752
228.0,2.795
229.0,2.795
230.0,2.795
231.0,2.795
232.0,2.752
233.0,2.752
234.0,2.795
235.0,2.795
236.0,2.795
237.0,2.752
238.0,2.795
239.0,2.752
240.0,2.795
241.0,2.752
242.0,2.795
243.0,2.752
244.0,2.752
245.0,2.752
246.0,2.795
247.0,2.752
248.0,2.795
249.0,2.795
250.0,2.795
251.0,2.752
252.0,2.795
253.0,2.752
254.0,2.795
255.0,2.795
256.0,2.795
257.0,2.752
258.0,2.795
259.0,2.752
260.0,2.752
261.0,2.752
262.0,2.795
263.0,2.795
264.0,2.752
265.0,2.752
266.0,2.752
267.0,2.752
268.0,2.795
269.0,2.752
270.0,2.752
271.0,2.752
272.0,2.752
273.0,2.752
274.0,2.752
275.0,2.752
276.0,2.752
277.0,2.752
278.0,2.752
279.0,2.752
280.0,2.752
281.0,2.752
282.0,2.752
283.0,2.752
284.0,2.752
285.0,2.752
286.0,2.752
287.0,2.752
288.0,2.752
289.0,2.752
290.0,2.752
291.0,2.752
292.0,2.752
293.0,2.752
294.0,2.752
295.0,2.752
296.0,2.752
297.0,2.752
298.0,2.752
299.0,2.752
300.0,2.752
301.0,2.752
302.0,2.795
303.0,2.752
304.0,2.752
305.0,2.752
306.0,2.752
307.0,2.795
308.0,2.752
309.0,2.752
310.0,2.7089999999999996
311.0,2.752
312.0,2.752
313.0,2.752
314.0,2.7089999999999996
315.0,2.752
316.0,2.752
317.0,2.752
318.0,2.7089999999999996
319.0,2.752
320.0,2.752
321.0,2.752
322.0,2.752
323.0,2.752
324.0,2.752
325.0,2.7089999999999996
326.0,2.7089999999999996
327.0,2.752
328.0,2.7089999999999996
329.0,2.7089999999999996
330.0,2.752
331.0,2.752
332.0,2.7089999999999996
333.0,2.752
334.0,2.7089999999999996
335.0,2.7089999999999996
336.0,2.7089999999999996
337.0,2.7089999999999996
338.0,2.752
339.0,2.752
340.0,2.752
341.0,2.752
342.0,2.7089999999999996
343.0,2.752
344.0,2.752
345.0,2.7089999999999996
346.0,2.752
347.0,2.752
348.0,2.752
349.0,2.7089999999999996
350.0,2.752
351.0,2.7089999999999996
352.0,2.752
353.0,2.752
354.0,2.752
355.0,2.752
356.0,2.795
357.0,2.7089999999999996
358.0,2.752
359.0,2.7089999999999996
360.0,2.7089999999999996
361.0,2.7089999999999996
362.0,2.752
363.0,2.7089999999999996
364.0,2.752
365.0,2.7089999999999996
366.0,2.7089999999999996
367.0,2.7089999999999996
368.0,2.7089999999999996
369.0,2.7089999999999996
370.0,2.752
371.0,2.7089999999999996
372.0,2.752
373.0,2.752
374.0,2.752
375.0,2.7089999999999996
376.0,2.7089999999999996
377.0,2.7089999999999996
378.0,2.7089999999999996
379.0,2.752
380.0,2.752
381.0,2.7089999999999996
382.0,2.7089999999999996
383.0,2.7089999999999996
384.0,2.7089999999999996
385.0,2.7089999999999996
386.0,2.7089999999999996
387.0,2.752
388.0,2.752
389.0,2.7089999999999996
390.0,2.752
391.0,2.7089999999999996
392.0,2.7089999999999996
393.0,2.7089999999999996
394.0,2.7089999999999996
395.0,2.7089999999999996
396.0,2.7089999999999996
397.0,2.752
398.0,2.7089999999999996
399.0,2.7089999999999996
400.0,2.7089999999999996
401.0,2.666
402.0,2.7089999999999996
403.0,2.7089999999999996
404.0,2.7089999999999996
405.0,2.7089999999999996
406.0,2.7089999999999996
407.0,2.7089999999999996
408.0,2.7089999999999996
409.0,2.7089999999999996
410.0,2.7089999999999996
411.0,2.7089999999999996
412.0,2.7089999999999996
413.0,2.7089999999999996
414.0,2.7089999999999996
415.0,2.7089999999999996
416.0,2.7089999999999996
417.0,2.7089999999999996
418.0,2.7089999999999996
419.0,2.7089999999999996
420.0,2.7089999999999996
421.0,2.7089999999999996
422.0,2.7089999999999996
423.0,2.7089999999999996
424.0,2.7089999999999996
425.0,2.7089999999999996
426.0,2.7089999999999996
427.0,2.7089999999999996
428.0,2.7089999999999996
429.0,2.7089999999999996
430.0,2.752
431.0,2.7089999999999996
432.0,2.7089999999999996
433.0,2.7089999999999996
434.0,2.7089999999999996
435.0,2.7089999999999996
436.0,2.7089999999999996
437.0,2.7089999999999996
438.0,2.7089999999999996
439.0,2.7089999999999996
440.0,2.7089999999999996
441.0,2.7089999999999996
442.0,2.7089999999999996
443.0,2.666
444.0,2.7089999999999996
445.0,2.7089999999999996
446.0,2.7089999999999996
447.0,2.7089999999999996
448.0,2.7089999999999996
449.0,2.7089999999999996
450.0,2.7089999999999996
451.0,2.666
452.0,2.666
453.0,2.666
454.0,2.666
455.0,2.7089999999999996
456.0,2.7089999999999996
457.0,2.7089999999999996
458.0,2.7089999999999996
459.0,2.7089999999999996
460.0,2.7089999999999996
461.0,2.7089999999999996
462.0,2.7089999999999996
463.0,2.7089999999999996
464.0,2.7089999999999996
465.0,2.7089999999999996
466.0,2.666
467.0,2.7089999999999996
468.0,2.7089999999999996
469.0,2.7089999999999996
470.0,2.7089999999999996
471.0,2.7089999999999996
472.0,2.7089999999999996
473.0,2.7089999999999996
474.0,2.7089999999999996
475.0,2.666
476.0,2.666
477.0,2.7089999999999996
478.0,2.666
479.0,2.7089999999999996
480.0,2.7089999999999996
481.0,2.666
482.0,2.7089999999999996
483.0,2.666
484.0,2.666
485.0,2.666
486.0,2.666
487.0,2.666
488.0,2.7089999999999996
489.0,2.666
490.0,2.7089999999999996
491.0,2.666
492.0,2.666
493.0,2.666
494.0,2.666
495.0,2.666
496.0,2.666
497.0,2.666
498.0,2.666
499.0,2.666
500.0,2.7089999999999996
501.0,2.666
502.0,2.666
503.0,2.666
504.0,2.7089999999999996
505.0,2.666
506.0,2.7089999999999996
507.0,2.666
508.0,2.6229999999999998
509.0,2.666
510.0,2.666
511.0,2.666
512.0,2.7089999999999996
513.0,2.7089999999999996
514.0,2.7089999999999996
515.0,2.666
516.0,2.666
517.0,2.7089999999999996
518.0,2.666
519.0,2.666
520.0,2.666
521.0,2.666
522.0,2.7089999999999996
523.0,2.7089999999999996
524.0,2.7089999999999996
525.0,2.666
526.0,2.666
527.0,2.666
528.0,2.7089999999999996
529.0,2.666
530.0,2.666
531.0,2.666
532.0,2.666
533.0,2.666
534.0,2.666
535.0,2.666
536.0,2.666
537.0,2.666
538.0,2.666
539.0,2.666
540.0,2.666
541.0,2.666
542.0,2.666
543.0,2.666
544.0,2.666
545.0,2.666
546.0,2.666
547.0,2.666
548.0,2.666
549.0,2.666
550.0,2.666
551.0,2.666
552.0,2.666
553.0,2.666
554.0,2.666
555.0,2.666
556.0,2.666
557.0,2.7089999999999996
558.0,2.666
559.0,2.666
560.0,2.666
561.0,2.666
562.0,2.666
563.0,2.666
564.0,2.7089999999999996
565.0,2.666
566.0,2.666
567.0,2.666
568.0,2.666
569.0,2.666
570.0,2.666
571.0,2.7089999999999996
572.0,2.666
573.0,2.666
574.0,2.6229999999999998
575.0,2.666
576.0,2.6229999999999998
577.0,2.666
578.0,2.666
579.0,2.666
580.0,2.666
581.0,2.666
582.0,2.666
583.0,2.666
584.0,2.6229999999999998
585.0,2.666
586.0,2.666
587.0,2.666
588.0,2.666
589.0,2.666
590.0,2.666
591.0,2.666
592.0,2.666
593.0,2.666
594.0,2.666
595.0,2.666
596.0,2.7089999999999996
597.0,2.666
598.0,2.666
599.0,2.666
600.0,2.6229999999999998
601.0,2.666
602.0,2.6229999999999998
603.0,2.666
604.0,2.6229999999999998
605.0,2.666
606.0,2.7089999999999996
607.0,2.666
608.0,2.666
609.0,2.666
610.0,2.666
611.0,2.666
612.0,2.666
613.0,2.666
614.0,2.666
615.0,2.666
616.0,2.666
617.0,2.666
618.0,2.6229999999999998
619.0,2.6229999999999998
620.0,2.666
621.0,2.666
622.0,2.666
623.0,2.666
624.0,2.666
625.0,2.666
626.0,2.6229999999999998
627.0,2.666
628.0,2.666
629.0,2.666
630.0,2.666
631.0,2.666
632.0,2.666
633.0,2.666
634.0,2.666
635.0,2.666
636.0,2.666
637.0,2.666
638.0,2.666
639.0,2.6229999999999998
640.0,2.666
641.0,2.666
642.0,2.666
643.0,2.666
644.0,2.666
645.0,2.666
646.0,2.666
647.0,2.666
648.0,2.666
649.0,2.666
650.0,2.666
651.0,2.666
652.0,2.6229999999999998
653.0,2.6229999999999998
654.0,2.666
655.0,2.666
656.0,2.6229999999999998
657.0,2.666
658.0,2.666
659.0,2.6229999999999998
660.0,2.666
661.0,2.666
662.0,2.666
663.0,2.666
664.0,2.666
665.0,2.666
666.0,2.6229999999999998
667.0,2.666
668.0,2.6229999999999998
669.0,2.6229999999999998
670.0,2.6229999999999998
671.0,2.6229999999999998
672.0,2.6229999999999998
673.0,2.6229999999999998
674.0,2.6229999999999998
675.0,2.666
676.0,2.6229999999999998
677.0,2.6229999999999998
678.0,2.6229999999999998
679.0,2.6229999999999998
680.0,2.666
681.0,2.666
682.0,2.666
683.0,2.666
684.0,2.666
685.0,2.666
686.0,2.6229999999999998
687.0,2.666
688.0,2.6229999999999998
689.0,2.666
690.0,2.666
691.0,2.6229999999999998
692.0,2.666
693.0,2.6229999999999998
694.0,2.6229999999999998
695.0,2.6229999999999998
696.0,2.6229999999999998
697.0,2.666
698.0,2.666
699.0,2.6229999999999998
700.0,2.6229999999999998
701.0,2.6229999999999998
702.0,2.6229999999999998
703.0,2.666
704.0,2.6229999999999998
705.0,2.6229999999999998
706.0,2.666
707.0,2.666
708.0,2.6229999999999998
709.0,2.6229999999999998
710.0,2.6229999999999998
711.0,2.6229999999999998
712.0,2.6229999999999998
713.0,2.6229999999999998
714.0,2.6229999999999998
715.0,2.6229999999999998
716.0,2.6229999999999998
717.0,2.6229999999999998
718.0,2.6229999999999998
719.0,2.6229999999999998
720.0,2.666
721.0,2.6229999999999998
722.0,2.6229999999999998
723.0,2.666
724.0,2.6229999999999998
725.0,2.6229999999999998
726.0,2.6229999999999998
727.0,2.6229999999999998
728.0,2.6229999999999998
729.0,2.6229999999999998
730.0,2.6229999999999998
731.0,2.666
732.0,2.6229999999999998
733.0,2.666
734.0,2.6229999999999998
735.0,2.666
736.0,2.6229999999999998
737.0,2.666
738.0,2.6229999999999998
739.0,2.666
740.0,2.6229999999999998
741.0,2.6229999999999998
742.0,2.6229999999999998
743.0,2.6229999999999998
744.0,2.6229999999999998
745.0,2.6229999999999998
746.0,2.6229999999999998
747.0,2.666
748.0,2.6229999999999998
749.0,2.6229999999999998
750.0,2.6229999999999998
751.0,2.6229999999999998
752.0,2.6229999999999998
753.0,2.666
754.0,2.6229999999999998
755.0,2.6229999999999998
756.0,2.6229999999999998
757.0,2.6229999999999998
758.0,2.6229999999999998
759.0,2.6229999999999998
760.0,2.6229999999999998
761.0,2.6229999999999998
762.0,2.6229999999999998
763.0,2.6229999999999998
764.0,2.6229999999999998
765.0,2.6229999999999998
766.0,2.6229999999999998
767.0,2.6229999999999998
768.0,2.6229999999999998
769.0,2.6229999999999998
770.0,2.6229999999999998
771.0,2.6229999999999998
772.0,2.6229999999999998
773.0,2.666
774.0,2.6229999999999998
775.0,2.6229999999999998
776.0,2.6229999999999998
777.0,2.6229999999999998
778.0,2.6229999999999998
779.0,2.6229999999999998
780.0,2.6229999999999998
781.0,2.666
782.0,2.6229999999999998
783.0,2.6229999999999998
784.0,2.6229999999999998
785.0,2.6229999999999998
786.0,2.6229999999999998
787.0,2.6229999999999998
788.0,2.6229999999999998
789.0,2.6229999999999998
790.0,2.6229999999999998
791.0,2.6229999999999998
792.0,2.6229999999999998
793.0,2.6229999999999998
794.0,2.6229999999999998
795.0,2.6229999999999998
796.0,2.6229999999999998
797.0,2.6229999999999998
798.0,2.6229999999999998
799.0,2.6229999999999998
800.0,2.6229999999999998
801.0,2.6229999999999998
802.0,2.6229999999999998
803.0,2.666
804.0,2.6229999999999998
805.0,2.666
806.0,2.6229999999999998
807.0,2.6229999999999998
808.0,2.6229999999999998
809.0,2.6229999999999998
810.0,2.6229999999999998
811.0,2.6229999999999998
812.0,2.6229999999999998
813.0,2.6229999999999998
814.0,2.6229999999999998
815.0,2.6229999999999998
816.0,2.6229999999999998
817.0,2.6229999999999998
818.0,2.6229999999999998
819.0,2.6229999999999998
820.0,2.6229999999999998
821.0,2.6229999999999998
822.0,2.6229999999999998
823.0,2.6229999999999998
824.0,2.6229999999999998
825.0,2.6229999999999998
826.0,2.6229999999999998
827.0,2.6229999999999998
828.0,2.6229999999999998
829.0,2.6229999999999998
830.0,2.6229999999999998
831.0,2.666
832.0,2.6229999999999998
833.0,2.6229999999999998
834.0,2.6229999999999998
835.0,2.6229999999999998
836.0,2.6229999999999998
837.0,2.6229999999999998
838.0,2.6229999999999998
839.0,2.6229999999999998
840.0,2.6229999999999998
841.0,2.6229999999999998
842.0,2.6229999999999998
843.0,2.6229999999999998
844.0,2.6229999999999998
845.0,2.6229999999999998
846.0,2.6229999999999998
847.0,2.6229999999999998
848.0,2.6229999999999998
849.0,2.6229999999999998
850.0,2.6229999999999998
851.0,2.6229999999999998
852.0,2.6229999999999998
853.0,2.6229999999999998
854.0,2.6229999999999998
855.0,2.6229999999999998
856.0,2.6229999999999998
857.0,2.6229999999999998
858.0,2.6229999999999998
859.0,2.6229999999999998
860.0,2.6229999999999998
861.0,2.6229999999999998
862.0,2.6229999999999998
863.0,2.6229999999999998
864.0,2.6229999999999998
865.0,2.6229999999999998
866.0,2.6229999999999998
867.0,2.6229999999999998
868.0,2.6229999999999998
869.0,2.6229999999999998
870.0,2.6229999999999998
871.0,2.6229999999999998
872.0,2.6229999999999998
873.0,2.6229999999999998
874.0,2.6229999999999998
875.0,2.5799999999999996
876.0,2.5799999999999996
877.0,2.6229999999999998
878.0,2.6229999999999998
879.0,2.6229999999999998
880.0,2.6229999999999998
881.0,2.6229999999999998
882.0,2.6229999999999998
883.0,2.6229999999999998
884.0,2.6229999999999998
885.0,2.6229999999999998
886.0,2.5799999999999996
887.0,2.6229999999999998
888.0,2.6229999999999998
889.0,2.6229999999999998
890.0,2.6229999999999998
891.0,2.5799999999999996
892.0,2.6229999999999998
893.0,2.5799999999999996
894.0,2.6229999999999998
895.0,2.6229999999999998
896.0,2.6229999999999998
897.0,2.6229999999999998
898.0,2.6229999999999998
899.0,2.6229999999999998
900.0,2.6229999999999998
901.0,2.6229999999999998
902.0,2.6229999999999998
903.0,2.5799999999999996
904.0,2.6229999999999998
905.0,2.6229999999999998
906.0,2.6229999999999998
907.0,2.6229999999999998
908.0,2.6229999999999998
909.0,2.5799999999999996
910.0,2.6229999999999998
911.0,2.5799999999999996
912.0,2.6229999999999998
913.0,2.5799999999999996
914.0,2.6229999999999998
915.0,2.6229999999999998
916.0,2.6229999999999998
917.0,2.6229999999999998
918.0,2.6229999999999998
919.0,2.5799999999999996
920.0,2.6229999999999998
921.0,2.6229999999999998
922.0,2.6229999999999998
923.0,2.6229999999999998
924.0,2.6229999999999998
925.0,2.5799999999999996
926.0,2.5799999999999996
927.0,2.5799999999999996
928.0,2.6229999999999998
929.0,2.6229999999999998
930.0,2.6229999999999998
931.0,2.6229999999999998
932.0,2.6229999999999998
933.0,2.6229999999999998
934.0,2.6229999999999998
935.0,2.6229999999999998
936.0,2.5799999999999996
937.0,2.6229999999999998
938.0,2.6229999999999998
939.0,2.6229999999999998
940.0,2.6229999999999998
941.0,2.5799999999999996
942.0,2.6229999999999998
943.0,2.6229999999999998
944.0,2.6229999999999998
945.0,2.6229999999999998
946.0,2.6229999999999998
947.0,2.5799999999999996
948.0,2.6229999999999998
949.0,2.6229999999999998
950.0,2.6229999999999998
951.0,2.6229999999999998
952.0,2.6229999999999998
953.0,2.6229999999999998
954.0,2.6229999999999998
955.0,2.6229999999999998
956.0,2.6229999999999998
957.0,2.5799999999999996
958.0,2.6229999999999998
959.0,2.6229999999999998
960.0,2.5799999999999996
961.0,2.6229999999999998
962.0,2.5799999999999996
963.0,2.6229999999999998
964.0,2.6229999999999998
965.0,2.6229999999999998
966.0,2.6229999999999998
967.0,2.5799999999999996
968.0,2.5799999999999996
969.0,2.6229999999999998
970.0,2.6229999999999998
971.0,2.6229999999999998
972.0,2.6229999999999998
973.0,2.6229999999999998
974.0,2.6229999999999998
975.0,2.5799999999999996
976.0,2.5799999999999996
977.0,2.5799999999999996
978.0,2.5799999999999996
979.0,2.6229999999999998
980.0,2.6229999999999998
981.0,2.6229999999999998
982.0,2.6229999999999998
983.0,2.5799999999999996
984.0,2.5799999999999996
985.0,2.5799999999999996
986.0,2.5799999999999996
987.0,2.5799999999999996
988.0,2.6229999999999998
989.0,2.6229999999999998
990.0,2.5799999999999996
991.0,2.5799999999999996
992.0,2.5799999999999996
993.0,2.6229999999999998
994.0,2.5799999999999996
995.0,2.6229999999999998
996.0,2.6229999999999998
997.0,2.5799999999999996
998.0,2.5799999999999996
999.0,2.6229999999999998
1000.0,2.5799999999999996
1001.0,2.5799999999999996
1002.0,2.5799999999999996
1003.0,2.5799999999999996
1004.0,2.5799999999999996
1005.0,2.6229999999999998
1006.0,2.5799999999999996
1007.0,2.5799999999999996
1008.0,2.5799999999999996
1009.0,2.5799999999999996
1010.0,2.6229999999999998
1011.0,2.5799999999999996
1012.0,2.6229999999999998
1013.0,2.5799999999999996
1014.0,2.5799999999999996
1015.0,2.5799999999999996
1016.0,2.5799999999999996
1017.0,2.5799999999999996
1018.0,2.5799999999999996
1019.0,2.5799999999999996
1020.0,2.6229999999999998
1021.0,2.5799999999999996
1022.0,2.6229999999999998
1023.0,2.6229999999999998
1024.0,2.5799999999999996
1025.0,2.5799999999999996
1026.0,2.5799999999999996
1027.0,2.5799999999999996
1028.0,2.5799999999999996
1029.0,2.5799999999999996
1030.0,2.5799999999999996
1031.0,2.5799999999999996
1032.0,2.5799999999999996
1033.0,2.5799999999999996
1034.0,2.5799999999999996
1035.0,2.5799999999999996
1036.0,2.5799999999999996
1037.0,2.5799999999999996
1038.0,2.5799999999999996
1039.0,2.6229999999999998
1040.0,2.6229999999999998
1041.0,2.5799999999999996
1042.0,2.5799999999999996
1043.0,2.5799999999999996
1044.0,2.6229999999999998
1045.0,2.5799999999999996
1046.0,2.6229999999999998
1047.0,2.5799999999999996
1048.0,2.6229999999999998
1049.0,2.5799999999999996
1050.0,2.6229999999999998
1051.0,2.5799999999999996
1052.0,2.5799999999999996
1053.0,2.6229999999999998
1054.0,2.5799999999999996
1055.0,2.6229999999999998
1056.0,2.5799999999999996
1057.0,2.5799999999999996
1058.0,2.5799999999999996
1059.0,2.5799999999999996
1060.0,2.5799999999999996
1061.0,2.6229999999999998
1062.0,2.5799999999999996
1063.0,2.5799999999999996
1064.0,2.5799999999999996
1065.0,2.5799999999999996
1066.0,2.6229999999999998
1067.0,2.5799999999999996
1068.0,2.5799999999999996
1069.0,2.5799999999999996
1070.0,2.5799999999999996
1071.0,2.5799999999999996
1072.0,2.5799999999999996
1073.0,2.5799999999999996
1074.0,2.5799999999999996
1075.0,2.5799999999999996
1076.0,2.5799999999999996
1077.0,2.5799999999999996
1078.0,2.5799999999999996
1079.0,2.5799999999999996
1080.0,2.5799999999999996
1081.0,2.5799999999999996
1082.0,2.5799999999999996
1083.0,2.5799999999999996
1084.0,2.6229999999999998
1085.0,2.6229999999999998
1086.0,2.5799999999999996
1087.0,2.6229999999999998
1088.0,2.5799999999999996
1089.0,2.6229999999999998
1090.0,2.5799999999999996
1091.0,2.6229999999999998
1092.0,2.5799999999999996
1093.0,2.5799999999999996
1094.0,2.5799999999999996
1095.0,2.6229999999999998
1096.0,2.5799999999999996
1097.0,2.5799999999999996
1098.0,2.6229999999999998
1099.0,2.5799999999999996
1100.0,2.5799999999999996
1101.0,2.5799999999999996
1102.0,2.5799999999999996
1103.0,2.5799999999999996
1104.0,2.5799999999999996
1105.0,2.5799999999999996
1106.0,2.5799999999999996
1107.0,2.5799999999999996
1108.0,2.5799999999999996
1109.0,2.5799999999999996
1110.0,2.5799999999999996
1111.0,2.5799999999999996
1112.0,2.5799999999999996
1113.0,2.5799999999999996
1114.0,2.5799999999999996
1115.0,2.5799999999999996
1116.0,2.5799999999999996
1117.0,2.5799999999999996
1118.0,2.5799999999999996
1119.0,2.537
1120.0,2.5799999999999996
1121.0,2.5799999999999996
1122.0,2.5799999999999996
1123.0,2.5799999999999996
1124.0,2.5799999999999996
1125.0,2.5799999999999996
1126.0,2.5799999999999996
1127.0,2.5799999999999996
1128.0,2.5799999999999996
1129.0,2.5799999999999996
1130.0,2.5799999999999996
1131.0,2.5799999999999996
1132.0,2.5799999999999996
1133.0,2.5799999999999996
1134.0,2.5799999999999996
1135.0,2.5799999999999996
1136.0,2.5799999999999996
1137.0,2.6229999999999998
1138.0,2.5799999999999996
1139.0,2.5799999999999996
1140.0,2.6229999999999998
1141.0,2.5799999999999996
1142.0,2.5799999999999996
1143.0,2.5799999999999996
1144.0,2.5799999999999996
1145.0,2.5799999999999996
1146.0,2.5799999999999996
1147.0,2.5799999999999996
1148.0,2.5799999999999996
1149.0,2.5799999999999996
1150.0,2.5799999999999996
1151.0,2.5799999999999996
1152.0,2.5799999999999996
1153.0,2.5799999999999996
1154.0,2.5799999999999996
1155.0,2.5799999999999996
1156.0,2.5799999999999996
1157.0,2.5799999999999996
1158.0,2.5799999999999996
1159.0,2.5799999999999996
1160.0,2.5799999999999996
1161.0,2.5799999999999996
1162.0,2.5799999999999996
1163.0,2.5799999999999996
1164.0,2.5799999999999996
1165.0,2.5799999999999996
1166.0,2.5799999999999996
1167.0,2.5799999999999996
1168.0,2.5799999999999996
1169.0,2.5799999999999996
1170.0,2.5799999999999996
1171.0,2.5799999999999996
1172.0,2.5799999999999996
1173.0,2.5799999999999996
1174.0,2.5799999999999996
1175.0,2.5799999999999996
1176.0,2.5799999999999996
1177.0,2.5799999999999996
1178.0,2.5799999999999996
1179.0,2.5799999999999996
1180.0,2.5799999999999996
1181.0,2.5799999999999996
1182.0,2.5799999999999996
1183.0,2.5799999999999996
1184.0,2.5799999999999996
1185.0,2.5799999999999996
1186.0,2.5799999999999996
1187.0,2.5799999999999996
1188.0,2.5799999999999996
1189.0,2.5799999999999996
1190.0,2.5799999999999996
1191.0,2.5799999999999996
1192.0,2.5799999999999996
1193.0,2.5799999999999996
1194.0,2.5799999999999996
1195.0,2.5799999999999996
1196.0,2.5799999999999996
1197.0,2.5799999999999996
1198.0,2.5799999999999996
1199.0,2.5799999999999996
1200.0,2.5799999999999996
1201.0,2.5799999999999996
1202.0,2.5799999999999996
1203.0,2.537
1204.0,2.5799999999999996
1205.0,2.5799999999999996
1206.0,2.5799999999999996
1207.0,2.5799999999999996
1208.0,2.5799999999999996
1209.0,2.5799999999999996
1210.0,2.5799999999999996
1211.0,2.537
1212.0,2.5799999999999996
1213.0,2.5799999999999996
1214.0,2.5799999999999996
1215.0,2.5799999999999996
1216.0,2.5799999999999996
1217.0,2.5799999999999996
1218.0,2.5799999999999996
1219.0,2.5799999999999996
1220.0,2.5799999999999996
1221.0,2.5799999999999996
1222.0,2.5799999999999996
1223.0,2.5799999999999996
1224.0,2.5799999999999996
1225.0,2.5799999999999996
1226.0,2.537
1227.0,2.5799999999999996
1228.0,2.5799999999999996
1229.0,2.5799999999999996
1230.0,2.537
1231.0,2.5799999999999996
1232.0,2.5799999999999996
1233.0,2.5799999999999996
1234.0,2.5799999999999996
1235.0,2.5799999999999996
1236.0,2.5799999999999996
1237.0,2.537
1238.0,2.537
1239.0,2.5799999999999996
1240.0,2.5799999999999996
1241.0,2.5799999999999996
1242.0,2.5799999999999996
1243.0,2.537
1244.0,2.5799999999999996
1245.0,2.5799999999999996
1246.0,2.5799999999999996
1247.0,2.5799999999999996
1248.0,2.5799999999999996
1249.0,2.5799999999999996
1250.0,2.5799999999999996
1251.0,2.5799999999999996
1252.0,2.537
1253.0,2.5799999999999996
1254.0,2.537
1255.0,2.5799999999999996
1256.0,2.5799999999999996
1257.0,2.5799999999999996
1258.0,2.5799999999999996
1259.0,2.5799999999999996
1260.0,2.5799999999999996
1261.0,2.5799999999999996
1262.0,2.5799999999999996
1263.0,2.5799999999999996
1264.0,2.5799999999999996
1265.0,2.5799999999999996
1266.0,2.5799999999999996
1267.0,2.5799999999999996
1268.0,2.537
1269.0,2.537
1270.0,2.5799999999999996
1271.0,2.5799999999999996
1272.0,2.5799999999999996
1273.0,2.5799999999999996
1274.0,2.5799999999999996
1275.0,2.5799999999999996
1276.0,2.5799999999999996
1277.0,2.5799999999999996
1278.0,2.5799999999999996
1279.0,2.5799999999999996
1280.0,2.537
1281.0,2.5799999999999996
1282.0,2.5799999999999996
1283.0,2.5799999999999996
1284.0,2.5799999999999996
1285.0,2.537
1286.0,2.5799999999999996
1287.0,2.537
1288.0,2.5799999999999996
1289.0,2.5799999999999996
1290.0,2.5799999999999996
1291.0,2.5799999999999996
1292.0,2.537
1293.0,2.5799999999999996
1294.0,2.537
1295.0,2.5799999999999996
1296.0,2.5799999999999996
1297.0,2.5799999999999996
1298.0,2.5799999999999996
1299.0,2.5799999999999996
1300.0,2.5799999999999996
1301.0,2.5799999999999996
1302.0,2.537
1303.0,2.5799999999999996
1304.0,2.5799999999999996
1305.0,2.5799999999999996
1306.0,2.5799999999999996
1307.0,2.537
1308.0,2.5799999999999996
1309.0,2.537
1310.0,2.537
1311.0,2.537
1312.0,2.537
1313.0,2.5799999999999996
1314.0,2.5799999999999996
1315.0,2.5799999999999996
1316.0,2.537
1317.0,2.537
1318.0,2.5799999999999996
1319.0,2.537
1320.0,2.5799999999999996
1321.0,2.537
1322.0,2.5799999999999996
1323.0,2.5799999999999996
1324.0,2.5799999999999996
1325.0,2.537
1326.0,2.537
1327.0,2.537
1328.0,2.537
1329.0,2.5799999999999996
1330.0,2.537
1331.0,2.5799999999999996
1332.0,2.537
1333.0,2.5799999999999996
1334.0,2.5799999999999996
1335.0,2.5799999999999996
1336.0,2.537
1337.0,2.5799999999999996
1338.0,2.537
1339.0,2.537
1340.0,2.537
1341.0,2.5799999999999996
1342.0,2.537
1343.0,2.537
1344.0,2.5799999999999996
1345.0,2.537
1346.0,2.537
1347.0,2.5799999999999996
1348.0,2.5799999999999996
1349.0,2.5799999999999996
1350.0,2.537
1351.0,2.537
1352.0,2.537
1353.0,2.537
1354.0,2.537
1355.0,2.537
1356.0,2.5799999999999996
1357.0,2.5799999999999996
1358.0,2.537
1359.0,2.537
1360.0,2.5799999999999996
1361.0,2.537
1362.0,2.5799999999999996
1363.0,2.5799999999999996
1364.0,2.537
1365.0,2.5799999999999996
1366.0,2.5799999999999996
1367.0,2.537
1368.0,2.5799999999999996
1369.0,2.537
1370.0,2.5799999999999996
1371.0,2.5799999999999996
1372.0,2.5799999999999996
1373.0,2.537
1374.0,2.537
1375.0,2.537
1376.0,2.537
1377.0,2.537
1378.0,2.537
1379.0,2.537
1380.0,2.537
1381.0,2.5799999999999996
1382.0,2.5799999999999996
1383.0,2.537
1384.0,2.537
1385.0,2.537
1386.0,2.5799999999999996
1387.0,2.537
1388.0,2.5799999999999996
1389.0,2.537
1390.0,2.537
1391.0,2.537
1392.0,2.537
1393.0,2.537
1394.0,2.5799999999999996
1395.0,2.537
1396.0,2.537
1397.0,2.5799999999999996
1398.0,2.537
1399.0,2.5799999999999996
1400.0,2.537
1401.0,2.537
1402.0,2.537
1403.0,2.537
1404.0,2.537
1405.0,2.537
1406.0,2.537
1407.0,2.5799999999999996
1408.0,2.537
1409.0,2.537
1410.0,2.537
1411.0,2.5799999999999996
1412.0,2.537
1413.0,2.5799999999999996
1414.0,2.537
1415.0,2.5799999999999996
1416.0,2.5799999999999996
1417.0,2.537
1418.0,2.537
1419.0,2.537
1420.0,2.537
1421.0,2.537
1422.0,2.537
1423.0,2.537
1424.0,2.537
1425.0,2.537
1426.0,2.537
1427.0,2.537
1428.0,2.537
1429.0,2.5799999999999996
1430.0,2.5799999999999996
1431.0,2.537
1432.0,2.537
1433.0,2.537
1434.0,2.5799999999999996
1435.0,2.537
1436.0,2.537
1437.0,2.537
1438.0,2.537
1439.0,2.5799999999999996
1440.0,2.537
1441.0,2.537
1442.0,2.537
1443.0,2.537
1444.0,2.5799999999999996
1445.0,2.537
1446.0,2.537
1447.0,2.537
1448.0,2.537
1449.0,2.537
1450.0,2.537
1451.0,2.537
1452.0,2.537
1453.0,2.537
1454.0,2.537
1455.0,2.537
1456.0,2.537
1457.0,2.537
1458.0,2.537
1459.0,2.537
1460.0,2.537
1461.0,2.537
1462.0,2.537
1463.0,2.537
1464.0,2.537
1465.0,2.537
1466.0,2.537
1467.0,2.537
1468.0,2.537
1469.0,2.5799999999999996
1470.0,2.537
1471.0,2.537
1472.0,2.537
1473.0,2.537
1474.0,2.537
1475.0,2.537
1476.0,2.537
1477.0,2.537
1478.0,2.537
1479.0,2.537
1480.0,2.537
1481.0,2.537
1482.0,2.537
1483.0,2.537
1484.0,2.537
1485.0,2.537
1486.0,2.537
1487.0,2.537
1488.0,2.537
1489.0,2.5799999999999996
1490.0,2.5799999999999996
1491.0,2.537
1492.0,2.537
1493.0,2.537
1494.0,2.537
1495.0,2.537
1496.0,2.537
1497.0,2.537
1498.0,2.537
1499.0,2.537
1500.0,2.537
1501.0,2.537
1502.0,2.537
1503.0,2.537
1504.0,2.537
1505.0,2.537
1506.0,2.537
1507.0,2.537
1508.0,2.537
1509.0,2.537
1510.0,2.537
1511.0,2.537
1512.0,2.537
1513.0,2.537
1514.0,2.537
1515.0,2.537
1516.0,2.537
1517.0,2.537
1518.0,2.537
1519.0,2.537
1520.0,2.537
1521.0,2.537
1522.0,2.537
1523.0,2.537
1524.0,2.537
1525.0,2.537
1526.0,2.537
1527.0,2.537
1528.0,2.537
1529.0,2.5799999999999996
1530.0,2.537
1531.0,2.5799999999999996
1532.0,2.537
1533.0,2.537
1534.0,2.537
1535.0,2.537
1536.0,2.537
1537.0,2.537
1538.0,2.537
1539.0,2.537
1540.0,2.537
1541.0,2.537
1542.0,2.537
1543.0,2.537
1544.0,2.537
1545.0,2.537
1546.0,2.537
1547.0,2.537
1548.0,2.537
1549.0,2.537
1550.0,2.537
1551.0,2.4939999999999998
1552.0,2.537
1553.0,2.537
1554.0,2.537
1555.0,2.537
1556.0,2.537
1557.0,2.537
1558.0,2.537
1559.0,2.537
1560.0,2.537
1561.0,2.537
1562.0,2.537
1563.0,2.537
1564.0,2.537
1565.0,2.537
1566.0,2.537
1567.0,2.537
1568.0,2.537
1569.0,2.4939999999999998
1570.0,2.537
1571.0,2.537
1572.0,2.537
1573.0,2.537
1574.0,2.537
1575.0,2.537
1576.0,2.537
1577.0,2.537
1578.0,2.537
1579.0,2.537
1580.0,2.537
1581.0,2.537
1582.0,2.537
1583.0,2.537
1584.0,2.537
1585.0,2.537
1586.0,2.537
1587.0,2.537
1588.0,2.537
1589.0,2.5799999999999996
1590.0,2.537
1591.0,2.4939999999999998
1592.0,2.537
1593.0,2.537
1594.0,2.537
1595.0,2.537
1596.0,2.537
1597.0,2.537
1598.0,2.537
1599.0,2.537
1600.0,2.4939999999999998
1601.0,2.537
1602.0,2.537
1603.0,2.537
1604.0,2.537
1605.0,2.537
1606.0,2.537
1607.0,2.537
1608.0,2.537
1609.0,2.537
1610.0,2.537
1611.0,2.537
1612.0,2.537
1613.0,2.537
1614.0,2.537
1615.0,2.537
1616.0,2.537
1617.0,2.537
1618.0,2.537
1619.0,2.537
1620.0,2.537
1621.0,2.537
1622.0,2.537
1623.0,2.4939999999999998
1624.0,2.537
1625.0,2.537
1626.0,2.537
1627.0,2.4939999999999998
1628.0,2.537
1629.0,2.537
1630.0,2.537
1631.0,2.537
1632.0,2.537
1633.0,2.537
1634.0,2.4939999999999998
1635.0,2.537
1636.0,2.537
1637.0,2.537
1638.0,2.537
1639.0,2.537
1640.0,2.537
1641.0,2.537
1642.0,2.537
1643.0,2.537
1644.0,2.537
1645.0,2.537
1646.0,2.537
1647.0,2.537
1648.0,2.4939999999999998
1649.0,2.537
1650.0,2.4939999999999998
1651.0,2.537
1652.0,2.537
1653.0,2.537
1654.0,2.537
1655.0,2.537
1656.0,2.537
1657.0,2.537
1658.0,2.537
1659.0,2.4939999999999998
1660.0,2.4939999999999998
1661.0,2.537
1662.0,2.537
1663.0,2.5799999999999996
1664.0,2.537
1665.0,2.537
1666.0,2.537
1667.0,2.537
1668.0,2.4939999999999998
1669.0,2.537
1670.0,2.537
1671.0,2.537
1672.0,2.537
1673.0,2.5799999999999996
1674.0,2.537
1675.0,2.4939999999999998
1676.0,2.537
1677.0,2.537
1678.0,2.537
1679.0,2.537
1680.0,2.537
1681.0,2.537
1682.0,2.537
1683.0,2.537
1684.0,2.4939999999999998
1685.0,2.537
1686.0,2.4939999999999998
1687.0,2.4939999999999998
1688.0,2.537
1689.0,2.537
1690.0,2.537
1691.0,2.4939999999999998
1692.0,2.537
1693.0,2.4939999999999998
1694.0,2.4939999999999998
1695.0,2.4939999999999998
1696.0,2.537
1697.0,2.537
1698.0,2.537
1699.0,2.4939999999999998
1700.0,2.537
1701.0,2.537
1702.0,2.537
1703.0,2.4939999999999998
1704.0,2.537
1705.0,2.537
1706.0,2.537
1707.0,2.537
1708.0,2.537
1709.0,2.4939999999999998
1710.0,2.4939999999999998
1711.0,2.537
1712.0,2.537
1713.0,2.537
1714.0,2.537
1715.0,2.537
1716.0,2.537
1717.0,2.537
1718.0,2.537
1719.0,2.537
1720.0,2.4939999999999998
1721.0,2.537
1722.0,2.4939999999999998
1723.0,2.537
1724.0,2.537
1725.0,2.4939999999999998
1726.0,2.4939999999999998
1727.0,2.4939999999999998
1728.0,2.4939999999999998
1729.0,2.4939999999999998
1730.0,2.4939999999999998
1731.0,2.4939999999999998
1732.0,2.537
1733.0,2.537
1734.0,2.537
1735.0,2.4939999999999998
1736.0,2.537
1737.0,2.4939999999999998
1738.0,2.537
1739.0,2.4939999999999998
1740.0,2.537
1741.0,2.4939999999999998
1742.0,2.537
1743.0,2.537
1744.0,2.537
1745.0,2.537
1746.0,2.537
1747.0,2.537
1748.0,2.537
1749.0,2.537
1750.0,2.537
1751.0,2.537
1752.0,2.4939999999999998
1753.0,2.4939999999999998
1754.0,2.537
1755.0,2.537
1756.0,2.537
1757.0,2.537
1758.0,2.537
1759.0,2.537
1760.0,2.4939999999999998
1761.0,2.4939999999999998
1762.0,2.537
1763.0,2.4939999999999998
1764.0,2.537
1765.0,2.537
1766.0,2.537
1767.0,2.4939999999999998
1768.0,2.4939999999999998
1769.0,2.537
1770.0,2.4939999999999998
1771.0,2.4939999999999998
1772.0,2.537
1773.0,2.537
1774.0,2.537
1775.0,2.537
1776.0,2.537
1777.0,2.537
1778.0,2.537
1779.0,2.537
1780.0,2.537
1781.0,2.537
1782.0,2.537
1783.0,2.537
1784.0,2.4939999999999998
1785.0,2.537
1786.0,2.537
1787.0,2.537
1788.0,2.537
1789.0,2.4939999999999998
1790.0,2.537
1791.0,2.537
1792.0,2.4939999999999998
1793.0,2.4939999999999998
1794.0,2.4939999999999998
1795.0,2.537
1796.0,2.537
1797.0,2.4939999999999998
1798.0,2.537
1799.0,2.537
1800.0,2.4939999999999998
1801.0,2.4509999999999996
1802.0,2.4939999999999998
1803.0,2.4939999999999998
1804.0,2.4939999999999998
1805.0,2.4939999999999998
1806.0,2.4939999999999998
1807.0,2.4939999999999998
1808.0,2.537
1809.0,2.4939999999999998
1810.0,2.537
1811.0,2.4939999999999998
1812.0,2.537
1813.0,2.537
1814.0,2.537
1815.0,2.537
1816.0,2.537
1817.0,2.4939999999999998
1818.0,2.537
1819.0,2.4939999999999998
1820.0,2.537
1821.0,2.537
1822.0,2.537
1823.0,2.537
1824.0,2.537
1825.0,2.537
1826.0,2.4939999999999998
1827.0,2.4939999999999998
1828.0,2.4939999999999998
1829.0,2.537
1830.0,2.537
1831.0,2.537
1832.0,2.4939999999999998
1833.0,2.4939999999999998
1834.0,2.537
1835.0,2.4939999999999998
1836.0,2.4939999999999998
1837.0,2.537
1838.0,2.4939999999999998
1839.0,2.537
1840.0,2.537
1841.0,2.537
1842.0,2.537
1843.0,2.4939999999999998
1844.0,2.537
1845.0,2.4939999999999998
1846.0,2.537
1847.0,2.4939999999999998
1848.0,2.537
1849.0,2.4939999999999998
1850.0,2.537
1851.0,2.4939999999999998
1852.0,2.537
1853.0,2.4939999999999998
1854.0,2.537
1855.0,2.4939999999999998
1856.0,2.537
1857.0,2.537
1858.0,2.4939999999999998
1859.0,2.537
1860.0,2.4939999999999998
1861.0,2.4939999999999998
1862.0,2.4939999999999998
1863.0,2.4939999999999998
1864.0,2.537
1865.0,2.537
1866.0,2.537
1867.0,2.4939999999999998
1868.0,2.4939999999999998
1869.0,2.4939999999999998
1870.0,2.4939999999999998
1871.0,2.537
1872.0,2.4939999999999998
1873.0,2.537
1874.0,2.4939999999999998
1875.0,2.4939999999999998
1876.0,2.4939999999999998
1877.0,2.4939999999999998
1878.0,2.4939999999999998
1879.0,2.4939999999999998
1880.0,2.4939999999999998
1881.0,2.4939999999999998
1882.0,2.537
1883.0,2.4939999999999998
1884.0,2.4939999999999998
1885.0,2.537
1886.0,2.4939999999999998
1887.0,2.4939999999999998
1888.0,2.4939999999999998
1889.0,2.4939999999999998
1890.0,2.4939999999999998
1891.0,2.4939999999999998
1892.0,2.4939999999999998
1893.0,2.4939999999999998
1894.0,2.4939999999999998
1895.0,2.537
1896.0,2.4939999999999998
1897.0,2.4939999999999998
1898.0,2.4939999999999998
1899.0,2.537
1900.0,2.537
1901.0,2.4939999999999998
1902.0,2.4939999999999998
1903.0,2.4939999999999998
1904.0,2.537
1905.0,2.537
1906.0,2.4939999999999998
1907.0,2.4939999999999998
1908.0,2.537
1909.0,2.4939999999999998
1910.0,2.537
1911.0,2.4939999999999998
1912.0,2.4939999999999998
1913.0,2.4939999999999998
1914.0,2.537
1915.0,2.537
1916.0,2.4939999999999998
1917.0,2.537
1918.0,2.4939999999999998
1919.0,2.4939999999999998
1920.0,2.537
1921.0,2.537
1922.0,2.537
1923.0,2.537
1924.0,2.537
1925.0,2.4939999999999998
1926.0,2.537
1927.0,2.4939999999999998
1928.0,2.4939999999999998
1929.0,2.4939999999999998
1930.0,2.4939999999999998
1931.0,2.4939999999999998
1932.0,2.537
1933.0,2.537
1934.0,2.537
1935.0,2.4939999999999998
1936.0,2.4939999999999998
1937.0,2.4939999999999998
1938.0,2.4939999999999998
1939.0,2.4939999999999998
1940.0,2.537
1941.0,2.4939999999999998
1942.0,2.4939999999999998
1943.0,2.4939999999999998
1944.0,2.4939999999999998
1945.0,2.4939999999999998
1946.0,2.4939999999999998
1947.0,2.537
1948.0,2.4939999999999998
1949.0,2.4939999999999998
1950.0,2.4939999999999998
1951.0,2.4939999999999998
1952.0,2.4939999999999998
1953.0,2.4939999999999998
1954.0,2.4939999999999998
1955.0,2.4939999999999998
1956.0,2.4939999999999998
1957.0,2.537
1958.0,2.4939999999999998
1959.0,2.4939999999999998
1960.0,2.4939999999999998
1961.0,2.4509999999999996
1962.0,2.4939999999999998
1963.0,2.4939999999999998
1964.0,2.4939999999999998
1965.0,2.4939999999999998
1966.0,2.537
1967.0,2.4939999999999998
1968.0,2.4939999999999998
1969.0,2.4939999999999998
1970.0,2.4939999999999998
1971.0,2.4939999999999998
1972.0,2.4939999999999998
1973.0,2.537
1974.0,2.537
1975.0,2.537
1976.0,2.4939999999999998
1977.0,2.4939999999999998
1978.0,2.4939999999999998
1979.0,2.4939999999999998
1980.0,2.4939999999999998
1981.0,2.537
1982.0,2.4939999999999998
1983.0,2.4939999999999998
1984.0,2.4939999999999998
1985.0,2.4939999999999998
1986.0,2.537
1987.0,2.4939999999999998
1988.0,2.4939999999999998
1989.0,2.4939999999999998
1990.0,2.4939999999999998
1991.0,2.4939999999999998
1992.0,2.537
1993.0,2.4939999999999998
1994.0,2.4939999999999998
1995.0,2.4939999999999998
1996.0,2.4939999999999998
1997.0,2.4939999999999998
1998.0,2.4939999999999998
1999.0,2.4939999999999998
2000.0,2.4939999999999998
2001.0,2.537
2002.0,2.4939999999999998
2003.0,2.537
2004.0,2.4939999999999998
2005.0,2.4939999999999998
2006.0,2.537
2007.0,2.537
2008.0,2.4939999999999998
2009.0,2.4939999999999998
2010.0,2.4939999999999998
2011.0,2.4939999999999998
2012.0,2.4939999999999998
2013.0,2.4939999999999998
2014.0,2.4939999999999998
2015.0,2.4939999999999998
2016.0,2.537
2017.0,2.4939999999999998
2018.0,2.4939999999999998
2019.0,2.4939999999999998
2020.0,2.4939999999999998
2021.0,2.537
2022.0,2.537
2023.0,2.537
2024.0,2.4939999999999998
2025.0,2.4939999999999998
2026.0,2.4939999999999998
2027.0,2.4939999999999998
2028.0,2.4939999999999998
2029.0,2.4939999999999998
2030.0,2.4939999999999998
2031.0,2.4939999999999998
2032.0,2.4939999999999998
2033.0,2.4939999999999998
2034.0,2.4939999999999998
2035.0,2.4939999999999998
2036.0,2.4939999999999998
2037.0,2.4939999999999998
2038.0,2.4939999999999998
2039.0,2.4939999999999998
2040.0,2.4939999999999998
2041.0,2.4939999999999998
2042.0,2.4939999999999998
2043.0,2.4939999999999998
2044.0,2.4939999999999998
2045.0,2.4939999999999998
2046.0,2.4939999999999998
2047.0,2.537
2048.0,2.537
2049.0,2.537
2050.0,2.4939999999999998
2051.0,2.4939999999999998
2052.0,2.4939999999999998
2053.0,2.4939999999999998
2054.0,2.4939999999999998
2055.0,2.4939999999999998
2056.0,2.4939999999999998
2057.0,2.4939999999999998
2058.0,2.4939999999999998
2059.0,2.4939999999999998
2060.0,2.4939999999999998
2061.0,2.4939999999999998
2062.0,2.4939999999999998
2063.0,2.4939999999999998
2064.0,2.537
2065.0,2.4939999999999998
2066.0,2.537
2067.0,2.4939999999999998
2068.0,2.4939999999999998
2069.0,2.4939999999999998
2070.0,2.4939999999999998
2071.0,2.4939999999999998
2072.0,2.4939999999999998
2073.0,2.4939999999999998
2074.0,2.4939999999999998
2075.0,2.4939999999999998
2076.0,2.4939999999999998
2077.0,2.4939999999999998
2078.0,2.4939999999999998
2079.0,2.4939999999999998
2080.0,2.4939999999999998
2081.0,2.4939999999999998
2082.0,2.4939999999999998
2083.0,2.4939999999999998
2084.0,2.4939999999999998
2085.0,2.4939999999999998
2086.0,2.4939999999999998
2087.0,2.537
2088.0,2.4939999999999998
2089.0,2.537
2090.0,2.4939999999999998
2091.0,2.537
2092.0,2.4939999999999998
2093.0,2.4939999999999998
2094.0,2.4939999999999998
2095.0,2.4509999999999996
2096.0,2.4939999999999998
2097.0,2.4509999999999996
2098.0,2.4939999999999998
2099.0,2.4509999999999996
2100.0,2.4939999999999998
2101.0,2.4939999999999998
2102.0,2.4939999999999998
2103.0,2.4939999999999998
2104.0,2.4939999999999998
2105.0,2.4939999999999998
2106.0,2.537
2107.0,2.4939999999999998
2108.0,2.4939999999999998
2109.0,2.4939999999999998
2110.0,2.4939999999999998
2111.0,2.4939999999999998
2112.0,2.4939999999999998
2113.0,2.4939999999999998
2114.0,2.4939999999999998
2115.0,2.4939999999999998
2116.0,2.4939999999999998
2117.0,2.4939999999999998
2118.0,2.4939999999999998
2119.0,2.4939999999999998
2120.0,2.537
2121.0,2.4939999999999998
2122.0,2.4939999999999998
2123.0,2.4939999999999998
2124.0,2.4939999999999998
2125.0,2.4509999999999996
2126.0,2.4939999999999998
2127.0,2.4939999999999998
2128.0,2.4939999999999998
2129.0,2.4939999999999998
2130.0,2.4939999999999998
2131.0,2.4939999999999998
2132.0,2.4939999999999998
2133.0,2.4939999999999998
2134.0,2.4939999999999998
2135.0,2.4509999999999996
2136.0,2.4939999999999998
2137.0,2.4939999999999998
2138.0,2.537
2139.0,2.4939999999999998
2140.0,2.4939999999999998
2141.0,2.537
2142.0,2.4939999999999998
2143.0,2.4939999999999998
2144.0,2.4939999999999998
2145.0,2.4939999999999998
2146.0,2.4939999999999998
2147.0,2.4939999999999998
2148.0,2.4939999999999998
2149.0,2.4509999999999996
2150.0,2.4939999999999998
2151.0,2.4939999999999998
2152.0,2.4939999999999998
2153.0,2.537
2154.0,2.4939999999999998
2155.0,2.4939999999999998
2156.0,2.4939999999999998
2157.0,2.4939999999999998
2158.0,2.4939999999999998
2159.0,2.4939999999999998
2160.0,2.4939999999999998
2161.0,2.4509999999999996
2162.0,2.4939999999999998
2163.0,2.4509999999999996
2164.0,2.4939999999999998
2165.0,2.4509999999999996
2166.0,2.4939999999999998
2167.0,2.4939999999999998
2168.0,2.4939999999999998
2169.0,2.4509999999999996
2170.0,2.537
2171.0,2.4939999999999998
2172.0,2.4939999999999998
2173.0,2.537
2174.0,2.4939999999999998
2175.0,2.4939999999999998
2176.0,2.4939999999999998
2177.0,2.4939999999999998
2178.0,2.4939999999999998
2179.0,2.4939999999999998
2180.0,2.4939999999999998
2181.0,2.4939999999999998
2182.0,2.4939999999999998
2183.0,2.4939999999999998
2184.0,2.4939999999999998
2185.0,2.4509999999999996
2186.0,2.4939999999999998
2187.0,2.4939999999999998
2188.0,2.4939999999999998
2189.0,2.4939999999999998
2190.0,2.4939999999999998
2191.0,2.4509999999999996
2192.0,2.4939999999999998
2193.0,2.4939999999999998
2194.0,2.4939999999999998
2195.0,2.4939999999999998
2196.0,2.4939999999999998
2197.0,2.4939999999999998
2198.0,2.4939999999999998
2199.0,2.4939999999999998
2200.0,2.4939999999999998
2201.0,2.4939999999999998
2202.0,2.4939999999999998
2203.0,2.4509999999999996
2204.0,2.4939999999999998
2205.0,2.4939999999999998
2206.0,2.4939999999999998
2207.0,2.4509999999999996
2208.0,2.4509999999999996
2209.0,2.4939999999999998
2210.0,2.4939999999999998
2211.0,2.4509999999999996
2212.0,2.4939999999999998
2213.0,2.4939999999999998
2214.0,2.4939999999999998
2215.0,2.4939999999999998
2216.0,2.4939999999999998
2217.0,2.4939999999999998
2218.0,2.4509999999999996
2219.0,2.4939999999999998
2220.0,2.4939999999999998
2221.0,2.4939999999999998
2222.0,2.4939999999999998
2223.0,2.4939999999999998
2224.0,2.4939999999999998
2225.0,2.4939999999999998
2226.0,2.4939999999999998
2227.0,2.4939999999999998
2228.0,2.4939999999999998
2229.0,2.4939999999999998
2230.0,2.4939999999999998
2231.0,2.4939999999999998
2232.0,2.4939999999999998
2233.0,2.4939999999999998
2234.0,2.4939999999999998
2235.0,2.4509999999999996
2236.0,2.4939999999999998
2237.0,2.4509999999999996
2238.0,2.4939999999999998
2239.0,2.4939999999999998
2240.0,2.4939999999999998
2241.0,2.4509999999999996
2242.0,2.4939999999999998
2243.0,2.4939999999999998
2244.0,2.4939999999999998
2245.0,2.4939999999999998
2246.0,2.537
2247.0,2.4939999999999998
2248.0,2.537
2249.0,2.4939999999999998
2250.0,2.4939999999999998
2251.0,2.4939999999999998
2252.0,2.4939999999999998
2253.0,2.4939999999999998
2254.0,2.4939999999999998
2255.0,2.4509999999999996
2256.0,2.4939999999999998
2257.0,2.4939999999999998
2258.0,2.4939999999999998
2259.0,2.4509999999999996
2260.0,2.4939999999999998
2261.0,2.4509999999999996
2262.0,2.4939999999999998
2263.0,2.4939999999999998
2264.0,2.4939999999999998
2265.0,2.4939999999999998
2266.0,2.4939999999999998
2267.0,2.4509999999999996
2268.0,2.4939999999999998
2269.0,2.4509999999999996
2270.0,2.4939999999999998
2271.0,2.4509999999999996
2272.0,2.4939999999999998
2273.0,2.4939999999999998
2274.0,2.4939999999999998
2275.0,2.4939999999999998
2276.0,2.4939999999999998
2277.0,2.4939999999999998
2278.0,2.4939999999999998
2279.0,2.537
2280.0,2.4939999999999998
2281.0,2.4939999999999998
2282.0,2.4939999999999998
2283.0,2.4939999999999998
2284.0,2.4939999999999998
2285.0,2.4939999999999998
2286.0,2.4509999999999996
2287.0,2.4939999999999998
2288.0,2.4509999999999996
2289.0,2.4939999999999998
2290.0,2.4509999999999996
2291.0,2.4939999999999998
2292.0,2.4509999999999996
2293.0,2.4939999999999998
2294.0,2.4509999999999996
2295.0,2.4509999999999996
2296.0,2.4939999999999998
2297.0,2.4939999999999998
2298.0,2.4939999999999998
2299.0,2.4939999999999998
2300.0,2.4939999999999998
2301.0,2.4509999999999996
2302.0,2.4939999999999998
2303.0,2.4939999999999998
2304.0,2.4939999999999998
2305.0,2.4509999999999996
2306.0,2.4939999999999998
2307.0,2.4939999999999998
2308.0,2.4939999999999998
2309.0,2.4939999999999998
2310.0,2.4939999999999998
2311.0,2.4509999999999996
2312.0,2.4939999999999998
2313.0,2.4509999999999996
2314.0,2.4939999999999998
2315.0,2.4509999999999996
2316.0,2.4939999999999998
2317.0,2.4509999999999996
2318.0,2.4939999999999998
2319.0,2.4509999999999996
2320.0,2.4509999999999996
2321.0,2.4939999999999998
2322.0,2.4939999999999998
2323.0,2.537
2324.0,2.4939999999999998
2325.0,2.4509999999999996
2326.0,2.4939999999999998
2327.0,2.4509999999999996
2328.0,2.4509999999999996
2329.0,2.4939999999999998
2330.0,2.4939999999999998
2331.0,2.4939999999999998
2332.0,2.4939999999999998
2333.0,2.4939999999999998
2334.0,2.4939999999999998
2335.0,2.4939999999999998
2336.0,2.4509999999999996
2337.0,2.4939999999999998
2338.0,2.4939999999999998
2339.0,2.4939999999999998
2340.0,2.4939999999999998
2341.0,2.4939999999999998
2342.0,2.4939999999999998
2343.0,2.4939999999999998
2344.0,2.4939999999999998
2345.0,2.4509999999999996
2346.0,2.4939999999999998
2347.0,2.4939999999999998
2348.0,2.4939999999999998
2349.0,2.4509999999999996
2350.0,2.4939999999999998
2351.0,2.4509999999999996
2352.0,2.4939999999999998
2353.0,2.4939999999999998
2354.0,2.4939999999999998
2355.0,2.4939999999999998
2356.0,2.4939999999999998
2357.0,2.4509999999999996
2358.0,2.4939999999999998
2359.0,2.4509999999999996
2360.0,2.4939999999999998
2361.0,2.4509999999999996
2362.0,2.4939999999999998
2363.0,2.4939999999999998
2364.0,2.4939999999999998
2365.0,2.4939999999999998
2366.0,2.4939999999999998
2367.0,2.4939999999999998
2368.0,2.4939999999999998
2369.0,2.4509999999999996
2370.0,2.4939999999999998
2371.0,2.4939999999999998
2372.0,2.4939999999999998
2373.0,2.4939999999999998
2374.0,2.4509999999999996
2375.0,2.4939999999999998
2376.0,2.4939999999999998
2377.0,2.4939999999999998
2378.0,2.4939999999999998
2379.0,2.4509999999999996
2380.0,2.4939999999999998
2381.0,2.4939999999999998
2382.0,2.4939999999999998
2383.0,2.4509999999999996
2384.0,2.4939999999999998
2385.0,2.4509999999999996
2386.0,2.4939999999999998
2387.0,2.4509999999999996
2388.0,2.4939999999999998
2389.0,2.4509999999999996
2390.0,2.4939999999999998
2391.0,2.4509999999999996
2392.0,2.4939999999999998
2393.0,2.4509999999999996
2394.0,2.4939999999999998
2395.0,2.4509999999999996
2396.0,2.4939999999999998
2397.0,2.4939999999999998
2398.0,2.4939999999999998
2399.0,2.4939999999999998
2400.0,2.4939999999999998
2401.0,2.4939999999999998
2402.0,2.4509999999999996
2403.0,2.4939999999999998
2404.0,2.4939999999999998
2405.0,2.4939999999999998
2406.0,2.4939999999999998
2407.0,2.4939999999999998
2408.0,2.4939999999999998
2409.0,2.4509999999999996
2410.0,2.4939999999999998
2411.0,2.4939999999999998
2412.0,2.4939999999999998
2413.0,2.4509999999999996
2414.0,2.4939999999999998
2415.0,2.4939999999999998
2416.0,2.4939999999999998
2417.0,2.4939999999999998
2418.0,2.4509999999999996
2419.0,2.4509999999999996
2420.0,2.4939999999999998
2421.0,2.4509999999999996
2422.0,2.4939999999999998
2423.0,2.4939999999999998
2424.0,2.4939999999999998
2425.0,2.4509999999999996
2426.0,2.4939999999999998
2427.0,2.4509999999999996
2428.0,2.4939999999999998
2429.0,2.4509999999999996
2430.0,2.4939999999999998
2431.0,2.4939999999999998
2432.0,2.4939999999999998
2433.0,2.4939999999999998
2434.0,2.4509999999999996
2435.0,2.4509999999999996
2436.0,2.4939999999999998
2437.0,2.4939999999999998
2438.0,2.4939999999999998
2439.0,2.4939999999999998
2440.0,2.4939999999999998
2441.0,2.4939999999999998
2442.0,2.4939999999999998
2443.0,2.4939999999999998
2444.0,2.4939999999999998
2445.0,2.4939999999999998
2446.0,2.4939999999999998
2447.0,2.4939999999999998
2448.0,2.4509999999999996
2449.0,2.4509999999999996
2450.0,2.4939999999999998
2451.0,2.4509999999999996
2452.0,2.4509999999999996
2453.0,2.4939999999999998
2454.0,2.4939999999999998
2455.0,2.4939999999999998
2456.0,2.4939999999999998
2457.0,2.4939999999999998
2458.0,2.4509999999999996
2459.0,2.4509999999999996
2460.0,2.4939999999999998
2461.0,2.4509999999999996
2462.0,2.4509999999999996
2463.0,2.4509999999999996
2464.0,2.4939999999999998
2465.0,2.4939999999999998
2466.0,2.4939999999999998
2467.0,2.4939999999999998
2468.0,2.4939999999999998
2469.0,2.4509999999999996
2470.0,2.4509999999999996
2471.0,2.4509999999999996
2472.0,2.4509999999999996
2473.0,2.4939999999999998
2474.0,2.4939999999999998
2475.0,2.4509999999999996
2476.0,2.4939999999999998
2477.0,2.4509999999999996
2478.0,2.4939999999999998
2479.0,2.4939999999999998
2480.0,2.4509999999999996
2481.0,2.4509999999999996
2482.0,2.4939999999999998
2483.0,2.4939999999999998
2484.0,2.4939999999999998
2485.0,2.4939999999999998
2486.0,2.4509999999999996
2487.0,2.4939999999999998
2488.0,2.4939999999999998
2489.0,2.4939999999999998
2490.0,2.4509999999999996
2491.0,2.4939999999999998
2492.0,2.4509999999999996
2493.0,2.4509999999999996
2494.0,2.4939999999999998
2495.0,2.4509999999999996
2496.0,2.4939999999999998
2497.0,2.4509999999999996
2498.0,2.4939999999999998
2499.0,2.4509999999999996
2500.0,2.4939999999999998
2501.0,2.4509999999999996
2502.0,2.4509999999999996
2503.0,2.4939999999999998
2504.0,2.4939999999999998
2505.0,2.4939999999999998
2506.0,2.4939999999999998
2507.0,2.4939999999999998
2508.0,2.4509999999999996
2509.0,2.4939999999999998
2510.0,2.4509999999999996
2511.0,2.4509999999999996
2512.0,2.4939999999999998
2513.0,2.4509999999999996
2514.0,2.4939999999999998
2515.0,2.4939999999999998
2516.0,2.4939999999999998
2517.0,2.4939999999999998
2518.0,2.4509999999999996
2519.0,2.4939999999999998
2520.0,2.4939999999999998
2521.0,2.4939999999999998
2522.0,2.4509999999999996
2523.0,2.4509999999999996
2524.0,2.4939999999999998
2525.0,2.4939999999999998
2526.0,2.4939999999999998
2527.0,2.4509999999999996
2528.0,2.4939999999999998
2529.0,2.4939999999999998
2530.0,2.4939999999999998
2531.0,2.4939999999999998
2532.0,2.4509999999999996
2533.0,2.4509999999999996
2534.0,2.4939999999999998
2535.0,2.4509999999999996
2536.0,2.4509999999999996
2537.0,2.4509999999999996
2538.0,2.4509999999999996
2539.0,2.4939999999999998
2540.0,2.4509999999999996
2541.0,2.4509999999999996
2542.0,2.4939999999999998
2543.0,2.4509999999999996
2544.0,2.4509999999999996
2545.0,2.4509999999999996
2546.0,2.4509999999999996
2547.0,2.4939999999999998
2548.0,2.4939999999999998
2549.0,2.4939999999999998
2550.0,2.4939999999999998
2551.0,2.4939999999999998
2552.0,2.4509999999999996
2553.0,2.4509999999999996
2554.0,2.4939999999999998
2555.0,2.4939999999999998
2556.0,2.4509999999999996
2557.0,2.4509999999999996
2558.0,2.4939999999999998
2559.0,2.4509999999999996
2560.0,2.4509999999999996
2561.0,2.4939999999999998
2562.0,2.4939999999999998
2563.0,2.4509999999999996
2564.0,2.4509999999999996
2565.0,2.4939999999999998
2566.0,2.4939999999999998
2567.0,2.4939999999999998
2568.0,2.4509999999999996
2569.0,2.4509999999999996
2570.0,2.4509999999999996
2571.0,2.4509999999999996
2572.0,2.4939999999999998
2573.0,2.4509999999999996
2574.0,2.4939999999999998
2575.0,2.4509999999999996
2576.0,2.4939999999999998
2577.0,2.4939999999999998
2578.0,2.4939999999999998
2579.0,2.4939999999999998
2580.0,2.4509999999999996
2581.0,2.4509999999999996
2582.0,2.4509999999999996
2583.0,2.4939999999999998
2584.0,2.4509999999999996
2585.0,2.4939999999999998
2586.0,2.4509999999999996
2587.0,2.4509999999999996
2588.0,2.4939999999999998
2589.0,2.4939999999999998
2590.0,2.4939999999999998
2591.0,2.4939999999999998
2592.0,2.4939999999999998
2593.0,2.4939999999999998
2594.0,2.4509999999999996
2595.0,2.4939999999999998
2596.0,2.4509999999999996
2597.0,2.4939999999999998
2598.0,2.4939999999999998
2599.0,2.4939999999999998
2600.0,2.4939999999999998
2601.0,2.4939999999999998
2602.0,2.4939999999999998
2603.0,2.4509999999999996
2604.0,2.4939999999999998
2605.0,2.4509999999999996
2606.0,2.4939999999999998
2607.0,2.4509999999999996
2608.0,2.4939999999999998
2609.0,2.4509999999999996
2610.0,2.4939999999999998
2611.0,2.4509999999999996
2612.0,2.4509999999999996
2613.0,2.4509999999999996
2614.0,2.4509999999999996
2615.0,2.4939999999999998
2616.0,2.4509999999999996
2617.0,2.4939999999999998
2618.0,2.4509999999999996
2619.0,2.4939999999999998
2620.0,2.4509999999999996
2621.0,2.4939999999999998
2622.0,2.4939999999999998
2623.0,2.4939999999999998
2624.0,2.4509999999999996
2625.0,2.4939999999999998
2626.0,2.4509999999999996
2627.0,2.4509999999999996
2628.0,2.4509999999999996
2629.0,2.4939999999999998
2630.0,2.4509999999999996
2631.0,2.4939999999999998
2632.0,2.4939999999999998
2633.0,2.4509999999999996
2634.0,2.4939999999999998
2635.0,2.4509999999999996
2636.0,2.4509999999999996
2637.0,2.4509999999999996
2638.0,2.4939999999999998
2639.0,2.4939999999999998
2640.0,2.4939999999999998
2641.0,2.4509999999999996
2642.0,2.4509999999999996
2643.0,2.4509999999999996
2644.0,2.4509999999999996
2645.0,2.4509999999999996
2646.0,2.4939999999999998
2647.0,2.4509999999999996
2648.0,2.4509999999999996
2649.0,2.4509999999999996
2650.0,2.4939999999999998
2651.0,2.4509999999999996
2652.0,2.4509999999999996
2653.0,2.4509999999999996
2654.0,2.4509999999999996
2655.0,2.4939999999999998
2656.0,2.4939999999999998
2657.0,2.4939999999999998
2658.0,2.4509999999999996
2659.0,2.4509999999999996
2660.0,2.4509999999999996
2661.0,2.4509999999999996
2662.0,2.4939999999999998
2663.0,2.4939999999999998
2664.0,2.4509999999999996
2665.0,2.4939999999999998
2666.0,2.4509999999999996
2667.0,2.4939999999999998
2668.0,2.4509999999999996
2669.0,2.4509999999999996
2670.0,2.4509999999999996
2671.0,2.4509999999999996
2672.0,2.4939999999999998
2673.0,2.4509999999999996
2674.0,2.4509999999999996
2675.0,2.4509999999999996
2676.0,2.4509999999999996
2677.0,2.4509999999999996
2678.0,2.4939999999999998
2679.0,2.4939999999999998
2680.0,2.4939999999999998
2681.0,2.4939999999999998
2682.0,2.4509999999999996
2683.0,2.4509999999999996
2684.0,2.4509999999999996
2685.0,2.4509999999999996
2686.0,2.4509999999999996
2687.0,2.4509999999999996
2688.0,2.4509999999999996
2689.0,2.4939999999999998
2690.0,2.4509999999999996
2691.0,2.4509999999999996
2692.0,2.4509999999999996
2693.0,2.4509999999999996
2694.0,2.4509999999999996
2695.0,2.4509999999999996
2696.0,2.4509999999999996
2697.0,2.4939999999999998
2698.0,2.4509999999999996
2699.0,2.4509999999999996
2700.0,2.4509999999999996
2701.0,2.4509999999999996
2702.0,2.4939999999999998
2703.0,2.4509999999999996
2704.0,2.4509999999999996
2705.0,2.4939999999999998
2706.0,2.4509999999999996
2707.0,2.4939999999999998
2708.0,2.4509999999999996
2709.0,2.4939999999999998
2710.0,2.4509999999999996
2711.0,2.4509999999999996
2712.0,2.4939999999999998
2713.0,2.4939999999999998
2714.0,2.4939999999999998
2715.0,2.4509999999999996
2716.0,2.4939999999999998
2717.0,2.4509999999999996
2718.0,2.4509999999999996
2719.0,2.4509999999999996
2720.0,2.4509999999999996
2721.0,2.4509999999999996
2722.0,2.4939999999999998
2723.0,2.4509999999999996
2724.0,2.4509999999999996
2725.0,2.4509999999999996
2726.0,2.4509999999999996
2727.0,2.4509999999999996
2728.0,2.4939999999999998
2729.0,2.4509999999999996
2730.0,2.4939999999999998
2731.0,2.4939999999999998
2732.0,2.4939999999999998
2733.0,2.4939999999999998
2734.0,2.4509999999999996
2735.0,2.4939999999999998
2736.0,2.4509999999999996
2737.0,2.4939999999999998
2738.0,2.4939999999999998
2739.0,2.4509999999999996
2740.0,2.4939999999999998
2741.0,2.4939999999999998
2742.0,2.4509999999999996
2743.0,2.4509999999999996
2744.0,2.4509999999999996
2745.0,2.4509999999999996
2746.0,2.4509999999999996
2747.0,2.4509999999999996
2748.0,2.4509999999999996
2749.0,2.4509999999999996
2750.0,2.4509999999999996
2751.0,2.4509999999999996
2752.0,2.4509999999999996
2753.0,2.4509999999999996
2754.0,2.4939999999999998
2755.0,2.4509999999999996
2756.0,2.4939999999999998
2757.0,2.4509999999999996
2758.0,2.4509999999999996
2759.0,2.4509999999999996
2760.0,2.4509999999999996
2761.0,2.4509999999999996
2762.0,2.4509999999999996
2763.0,2.4509999999999996
2764.0,2.4939999999999998
2765.0,2.4509999999999996
2766.0,2.4939999999999998
2767.0,2.4939999999999998
2768.0,2.4509999999999996
2769.0,2.4509999999999996
2770.0,2.4509999999999996
2771.0,2.4939999999999998
2772.0,2.4509999999999996
2773.0,2.4939999999999998
2774.0,2.4509999999999996
2775.0,2.4939999999999998
2776.0,2.4509999999999996
2777.0,2.4509999999999996
2778.0,2.4509999999999996
2779.0,2.4509999999999996
2780.0,2.4509999999999996
2781.0,2.4509999999999996
2782.0,2.4509999999999996
2783.0,2.4509999999999996
2784.0,2.4509999999999996
2785.0,2.4509999999999996
2786.0,2.4509999999999996
2787.0,2.4509999999999996
2788.0,2.4509999999999996
2789.0,2.4509999999999996
2790.0,2.4509999999999996
2791.0,2.4509999999999996
2792.0,2.4939999999999998
2793.0,2.4509999999999996
2794.0,2.4509999999999996
2795.0,2.4509999999999996
2796.0,2.4939999999999998
2797.0,2.4509999999999996
2798.0,2.4509999999999996
2799.0,2.4509999999999996
2800.0,2.4509999999999996
2801.0,2.4509999999999996
2802.0,2.4509999999999996
2803.0,2.4509999999999996
2804.0,2.4509999999999996
2805.0,2.4939999999999998
2806.0,2.4509999999999996
2807.0,2.4509999999999996
2808.0,2.4509999999999996
2809.0,2.4939999999999998
2810.0,2.4509999999999996
2811.0,2.4509999999999996
2812.0,2.4939999999999998
2813.0,2.4509999999999996
2814.0,2.4939999999999998
2815.0,2.4939999999999998
2816.0,2.4939999999999998
2817.0,2.4509999999999996
2818.0,2.4509999999999996
2819.0,2.4509999999999996
2820.0,2.4509999999999996
2821.0,2.4509999999999996
2822.0,2.4509999999999996
2823.0,2.4509999999999996
2824.0,2.4939999999999998
2825.0,2.4509999999999996
2826.0,2.4939999999999998
2827.0,2.4509999999999996
2828.0,2.4939999999999998
2829.0,2.4509999999999996
2830.0,2.4939999999999998
2831.0,2.4509999999999996
2832.0,2.4939999999999998
2833.0,2.4509999999999996
2834.0,2.4509999999999996
2835.0,2.4509999999999996
2836.0,2.4509999999999996
2837.0,2.4509999999999996
2838.0,2.4509999999999996
2839.0,2.4939999999999998
2840.0,2.4939999999999998
2841.0,2.4939999999999998
2842.0,2.4939999999999998
2843.0,2.4509999999999996
2844.0,2.4509999999999996
2845.0,2.4939999999999998
2846.0,2.4939999999999998
2847.0,2.4939999999999998
2848.0,2.4509999999999996
2849.0,2.4939999999999998
2850.0,2.4509999999999996
2851.0,2.4509999999999996
2852.0,2.4509999999999996
2853.0,2.4509999999999996
2854.0,2.4939999999999998
2855.0,2.4509999999999996
2856.0,2.4509999999999996
2857.0,2.4939999999999998
2858.0,2.4509999999999996
2859.0,2.4509999999999996
2860.0,2.4509999999999996
2861.0,2.4509999999999996
2862.0,2.4509999999999996
2863.0,2.4509999999999996
2864.0,2.4509999999999996
2865.0,2.4509999999999996
2866.0,2.4939999999999998
2867.0,2.4509999999999996
2868.0,2.4939999999999998
2869.0,2.4509999999999996
2870.0,2.4509999999999996
2871.0,2.4509999999999996
2872.0,2.4509999999999996
2873.0,2.4939999999999998
2874.0,2.4509999999999996
2875.0,2.4509999999999996
2876.0,2.4509999999999996
2877.0,2.4509999999999996
2878.0,2.4509999999999996
2879.0,2.4939999999999998
2880.0,2.4509999999999996
2881.0,2.4509999999999996
2882.0,2.4509999999999996
2883.0,2.4509999999999996
2884.0,2.4509999999999996
2885.0,2.4509999999999996
2886.0,2.4509999999999996
2887.0,2.4509999999999996
2888.0,2.4509999999999996
2889.0,2.4939999999999998
2890.0,2.4509999999999996
2891.0,2.4509999999999996
2892.0,2.4939999999999998
2893.0,2.4509999999999996
2894.0,2.4509999999999996
2895.0,2.4509999999999996
2896.0,2.4939999999999998
2897.0,2.4509999999999996
2898.0,2.4509999999999996
2899.0,2.4509999999999996
2900.0,2.4509999999999996
2901.0,2.4509999999999996
2902.0,2.4509999999999996
2903.0,2.4939999999999998
2904.0,2.4939999999999998
2905.0,2.4509999999999996
2906.0,2.4509999999999996
2907.0,2.4509999999999996
2908.0,2.4509999999999996
2909.0,2.4509999999999996
2910.0,2.4939999999999998
2911.0,2.4509999999999996
2912.0,2.4509999999999996
2913.0,2.4939999999999998
2914.0,2.4509999999999996
2915.0,2.4939999999999998
2916.0,2.4509999999999996
2917.0,2.4509999999999996
2918.0,2.4509999999999996
2919.0,2.4509999999999996
2920.0,2.4509999999999996
2921.0,2.4939999999999998
2922.0,2.4509999999999996
2923.0,2.4939999999999998
2924.0,2.4509999999999996
2925.0,2.4939999999999998
2926.0,2.4939999999999998
2927.0,2.4509999999999996
2928.0,2.4939999999999998
2929.0,2.4509999999999996
2930.0,2.4939999999999998
2931.0,2.4509999999999996
2932.0,2.4939999999999998
2933.0,2.4509999999999996
2934.0,2.4939999999999998
2935.0,2.4509999999999996
2936.0,2.4509999999999996
2937.0,2.4509999999999996
2938.0,2.4509999999999996
2939.0,2.4939999999999998
2940.0,2.4939999999999998
2941.0,2.4509999999999996
2942.0,2.4509999999999996
2943.0,2.4509999999999996
2944.0,2.4509999999999996
2945.0,2.4509999999999996
2946.0,2.4509999999999996
2947.0,2.4509999999999996
2948.0,2.4509999999999996
2949.0,2.4509999999999996
2950.0,2.4509999999999996
2951.0,2.4509999999999996
2952.0,2.4509999999999996
2953.0,2.4939999999999998
2954.0,2.4509999999999996
2955.0,2.4509999999999996
2956.0,2.4509999999999996
2957.0,2.4509999999999996
2958.0,2.4509999999999996
2959.0,2.4939999999999998
2960.0,2.4509999999999996
2961.0,2.4509999999999996
2962.0,2.4509999999999996
2963.0,2.4509999999999996
2964.0,2.4509999999999996
2965.0,2.4939999999999998
2966.0,2.4509999999999996
2967.0,2.4509999999999996
2968.0,2.4509999999999996
2969.0,2.4509999999999996
2970.0,2.4509999999999996
2971.0,2.4509999999999996
2972.0,2.4509999999999996
2973.0,2.4509999999999996
2974.0,2.4509999999999996
2975.0,2.4509999999999996
2976.0,2.408
2977.0,2.4509999999999996
2978.0,2.4939999999999998
2979.0,2.4509999999999996
2980.0,2.4509999999999996
2981.0,2.4509999999999996
2982.0,2.4509999999999996
2983.0,2.4509999999999996
2984.0,2.4509999999999996
2985.0,2.4509999999999996
2986.0,2.4509999999999996
2987.0,2.4509999999999996
2988.0,2.4939999999999998
2989.0,2.4939999999999998
2990.0,2.4509999999999996
2991.0,2.4509999999999996
2992.0,2.4509999999999996
2993.0,2.4509999999999996
2994.0,2.4509999999999996
2995.0,2.4509999999999996
2996.0,2.4939999999999998
2997.0,2.4509999999999996
2998.0,2.4509999999999996
2999.0,2.4939999999999998
3000.0,2.4509999999999996
3001.0,2.4509999999999996
3002.0,2.4509999999999996
3003.0,2.4509999999999996
3004.0,2.4509999999999996
3005.0,2.4509999999999996
3006.0,2.4509999999999996
3007.0,2.4509999999999996
3008.0,2.4509999999999996
3009.0,2.4509999999999996
3010.0,2.4509999999999996
3011.0,2.4509999999999996
3012.0,2.4939999999999998
3013.0,2.4509999999999996
3014.0,2.4939999999999998
3015.0,2.4509999999999996
3016.0,2.4939999999999998
3017.0,2.4509999999999996
3018.0,2.4509999999999996
3019.0,2.4509999999999996
3020.0,2.4509999999999996
3021.0,2.4509999999999996
3022.0,2.4509999999999996
3023.0,2.4509999999999996
3024.0,2.4509999999999996
3025.0,2.4939999999999998
3026.0,2.4509999999999996
3027.0,2.4509999999999996
3028.0,2.4509999999999996
3029.0,2.4509999999999996
3030.0,2.4939999999999998
3031.0,2.4939999999999998
3032.0,2.4509999999999996
3033.0,2.4509999999999996
3034.0,2.4509999999999996
3035.0,2.4509999999999996
3036.0,2.4509999999999996
3037.0,2.4509999999999996
3038.0,2.4509999999999996
3039.0,2.4509999999999996
3040.0,2.4509999999999996
3041.0,2.4509999999999996
3042.0,2.4509999999999996
3043.0,2.4509999999999996
3044.0,2.4509999999999996
3045.0,2.4509999999999996
3046.0,2.4509999999999996
3047.0,2.4509999999999996
3048.0,2.4939999999999998
3049.0,2.4509999999999996
3050.0,2.4509999999999996
3051.0,2.4509999999999996
3052.0,2.4509999999999996
3053.0,2.4509999999999996
3054.0,2.4509999999999996
3055.0,2.4509999999999996
3056.0,2.4509999999999996
3057.0,2.4509999999999996
3058.0,2.4509999999999996
3059.0,2.4509999999999996
3060.0,2.4509999999999996
3061.0,2.4509999999999996
3062.0,2.4509999999999996
3063.0,2.4939999999999998
3064.0,2.4509999999999996
3065.0,2.4509999999999996
3066.0,2.4509999999999996
3067.0,2.4509999999999996
3068.0,2.4509999999999996
3069.0,2.4509999999999996
3070.0,2.4509999999999996
3071.0,2.4939999999999998
3072.0,2.4509999999999996
3073.0,2.4509999999999996
3074.0,2.4509999999999996
3075.0,2.4939999999999998
3076.0,2.4509999999999996
3077.0,2.4509999999999996
3078.0,2.4509999999999996
3079.0,2.4509999999999996
3080.0,2.4509999999999996
3081.0,2.4509999999999996
3082.0,2.4509999999999996
3083.0,2.4509999999999996
3084.0,2.4509999999999996
3085.0,2.4509999999999996
3086.0,2.4509999999999996
3087.0,2.4509999999999996
3088.0,2.4509999999999996
3089.0,2.4509999999999996
3090.0,2.4509999999999996
3091.0,2.4509999999999996
3092.0,2.4509999999999996
3093.0,2.4509999999999996
3094.0,2.4509999999999996
3095.0,2.4509999999999996
3096.0,2.4509999999999996
3097.0,2.4509999999999996
3098.0,2.4509999999999996
3099.0,2.4939999999999998
3100.0,2.4509999999999996
3101.0,2.4509999999999996
3102.0,2.4509999999999996
3103.0,2.4509999999999996
3104.0,2.4509999999999996
3105.0,2.4509999999999996
3106.0,2.4509999999999996
3107.0,2.4509999999999996
3108.0,2.4509999999999996
3109.0,2.4509999999999996
3110.0,2.4509999999999996
3111.0,2.4509999999999996
3112.0,2.4509999999999996
3113.0,2.4509999999999996
3114.0,2.4509999999999996
3115.0,2.4509999999999996
3116.0,2.4939999999999998
3117.0,2.4509999999999996
3118.0,2.4509999999999996
3119.0,2.4509999999999996
3120.0,2.4509999999999996
3121.0,2.4509999999999996
3122.0,2.4509999999999996
3123.0,2.4509999999999996
3124.0,2.4509999999999996
3125.0,2.4509999999999996
3126.0,2.4509999999999996
3127.0,2.4509999999999996
3128.0,2.4509999999999996
3129.0,2.4509999999999996
3130.0,2.4509999999999996
3131.0,2.4509999999999996
3132.0,2.4509999999999996
3133.0,2.4509999999999996
3134.0,2.4509999999999996
3135.0,2.408
3136.0,2.4509999999999996
3137.0,2.4509999999999996
3138.0,2.4509999999999996
3139.0,2.4939999999999998
3140.0,2.4509999999999996
3141.0,2.4939999999999998
3142.0,2.4509999999999996
3143.0,2.4509999999999996
3144.0,2.4509999999999996
3145.0,2.4509999999999996
3146.0,2.4509999999999996
3147.0,2.4509999999999996
3148.0,2.4509999999999996
3149.0,2.4509999999999996
3150.0,2.4509999999999996
3151.0,2.4509999999999996
3152.0,2.4509999999999996
3153.0,2.4509999999999996
3154.0,2.4509999999999996
3155.0,2.4509999999999996
3156.0,2.4509999999999996
3157.0,2.4509999999999996
3158.0,2.4509999999999996
3159.0,2.4509999999999996
3160.0,2.4939999999999998
3161.0,2.4509999999999996
3162.0,2.4509999999999996
3163.0,2.4509999999999996
3164.0,2.4509999999999996
3165.0,2.4509999999999996
3166.0,2.4509999999999996
3167.0,2.4509999999999996
3168.0,2.4509999999999996
3169.0,2.4509999999999996
3170.0,2.4939999999999998
3171.0,2.4509999999999996
3172.0,2.4509999999999996
3173.0,2.4509999999999996
3174.0,2.4509999999999996
3175.0,2.4509999999999996
3176.0,2.4509999999999996
3177.0,2.4509999999999996
3178.0,2.4509999999999996
3179.0,2.408
3180.0,2.4509999999999996
3181.0,2.408
3182.0,2.4509999999999996
3183.0,2.4509999999999996
3184.0,2.4509999999999996
3185.0,2.4509999999999996
3186.0,2.4509999999999996
3187.0,2.4509999999999996
3188.0,2.4509999999999996
3189.0,2.4509999999999996
3190.0,2.4939999999999998
3191.0,2.4509999999999996
3192.0,2.4509999999999996
3193.0,2.4509999999999996
3194.0,2.4509999999999996
3195.0,2.4509999999999996
3196.0,2.4509999999999996
3197.0,2.4509999999999996
3198.0,2.4509999999999996
3199.0,2.4509999999999996
3200.0,2.4509999999999996
3201.0,2.4509999999999996
3202.0,2.4509999999999996
3203.0,2.4509999999999996
3204.0,2.4939999999999998
3205.0,2.4509999999999996
3206.0,2.4509999999999996
3207.0,2.4509999999999996
3208.0,2.4939999999999998
3209.0,2.4509999999999996
3210.0,2.4509999999999996
3211.0,2.408
3212.0,2.4509999999999996
3213.0,2.4509999999999996
3214.0,2.4509999999999996
3215.0,2.4939999999999998
3216.0,2.4509999999999996
3217.0,2.408
3218.0,2.4509999999999996
3219.0,2.4509999999999996
3220.0,2.4509999999999996
3221.0,2.408
3222.0,2.4509999999999996
3223.0,2.4509999999999996
3224.0,2.4509999999999996
3225.0,2.408
3226.0,2.4509999999999996
3227.0,2.4509999999999996
3228.0,2.4509999999999996
3229.0,2.4509999999999996
3230.0,2.4509999999999996
3231.0,2.4509999999999996
3232.0,2.4509999999999996
3233.0,2.4509999999999996
3234.0,2.4509999999999996
3235.0,2.4509999999999996
3236.0,2.4509999999999996
3237.0,2.4509999999999996
3238.0,2.4509999999999996
3239.0,2.4509999999999996
3240.0,2.4509999999999996
3241.0,2.4509999999999996
3242.0,2.4509999999999996
3243.0,2.4509999999999996
3244.0,2.4509999999999996
3245.0,2.4509999999999996
3246.0,2.4509999999999996
3247.0,2.4509999999999996
3248.0,2.4509999999999996
3249.0,2.4509999999999996
3250.0,2.4509999999999996
3251.0,2.4509999999999996
3252.0,2.4509999999999996
3253.0,2.4509999999999996
3254.0,2.4509999999999996
3255.0,2.4509999999999996
3256.0,2.4509999999999996
3257.0,2.4509999999999996
3258.0,2.4509999999999996
3259.0,2.4509999999999996
3260.0,2.4509999999999996
3261.0,2.4509999999999996
3262.0,2.4509999999999996
3263.0,2.4509999999999996
3264.0,2.4509999999999996
3265.0,2.4509999999999996
3266.0,2.4509999999999996
3267.0,2.4509999999999996
3268.0,2.4939999999999998
3269.0,2.4509999999999996
3270.0,2.4509999999999996
3271.0,2.4509999999999996
3272.0,2.4509999999999996
3273.0,2.4509999999999996
3274.0,2.4939999999999998
3275.0,2.4509999999999996
3276.0,2.4509999999999996
3277.0,2.4509999999999996
3278.0,2.4509999999999996
3279.0,2.4509999999999996
3280.0,2.4509999999999996
3281.0,2.4509999999999996
3282.0,2.4509999999999996
3283.0,2.4509999999999996
3284.0,2.4509999999999996
3285.0,2.4509999999999996
3286.0,2.4509999999999996
3287.0,2.4509999999999996
3288.0,2.4509999999999996
3289.0,2.4509999999999996
3290.0,2.4509999999999996
3291.0,2.4509999999999996
3292.0,2.4509999999999996
3293.0,2.4509999999999996
3294.0,2.4509999999999996
3295.0,2.4509999999999996
3296.0,2.4509999999999996
3297.0,2.4509999999999996
3298.0,2.4509999999999996
3299.0,2.4509999999999996
3300.0,2.4509999999999996
3301.0,2.4509999999999996
3302.0,2.4509999999999996
3303.0,2.4509999999999996
3304.0,2.4509999999999996
3305.0,2.4509999999999996
3306.0,2.4509999999999996
3307.0,2.4509999999999996
3308.0,2.4509999999999996
3309.0,2.4509999999999996
3310.0,2.4509999999999996
3311.0,2.4509999999999996
3312.0,2.4509999999999996
3313.0,2.4509999999999996
3314.0,2.4509999999999996
3315.0,2.4509999999999996
3316.0,2.4509999999999996
3317.0,2.408
3318.0,2.4509999999999996
3319.0,2.4509999999999996
3320.0,2.4509999999999996
3321.0,2.4509999999999996
3322.0,2.4509999999999996
3323.0,2.4509999999999996
3324.0,2.4509999999999996
3325.0,2.4509999999999996
3326.0,2.4509999999999996
3327.0,2.408
3328.0,2.4509999999999996
3329.0,2.4509999999999996
3330.0,2.4509999999999996
3331.0,2.4509999999999996
3332.0,2.4509999999999996
3333.0,2.4509999999999996
3334.0,2.4509999999999996
3335.0,2.4509999999999996
3336.0,2.4509999999999996
3337.0,2.4509999999999996
3338.0,2.4509999999999996
3339.0,2.4509999999999996
3340.0,2.4509999999999996
3341.0,2.4509999999999996
3342.0,2.4509999999999996
3343.0,2.4509999999999996
3344.0,2.4509999999999996
3345.0,2.4509999999999996
3346.0,2.4509999999999996
3347.0,2.4509999999999996
3348.0,2.4509999999999996
3349.0,2.4509999999999996
3350.0,2.408
3351.0,2.4509999999999996
3352.0,2.4509999999999996
3353.0,2.4509999999999996
3354.0,2.4509999999999996
3355.0,2.408
3356.0,2.4509999999999996
3357.0,2.4509999999999996
3358.0,2.4509999999999996
3359.0,2.408
3360.0,2.4509999999999996
3361.0,2.408
3362.0,2.4509999999999996
3363.0,2.4509999999999996
3364.0,2.4509999999999996
3365.0,2.4509999999999996
3366.0,2.4509999999999996
3367.0,2.4509999999999996
3368.0,2.4509999999999996
3369.0,2.408
3370.0,2.4509999999999996
3371.0,2.4509999999999996
3372.0,2.4509999999999996
3373.0,2.4509999999999996
3374.0,2.4509999999999996
3375.0,2.4509999999999996
3376.0,2.4509999999999996
3377.0,2.4509999999999996
3378.0,2.4509999999999996
3379.0,2.4509999999999996
3380.0,2.4509999999999996
3381.0,2.4509999999999996
3382.0,2.4509999999999996
3383.0,2.4509999999999996
3384.0,2.4509999999999996
3385.0,2.4509999999999996
3386.0,2.4509999999999996
3387.0,2.4509999999999996
3388.0,2.4509999999999996
3389.0,2.4509999999999996
3390.0,2.4509999999999996
3391.0,2.4509999999999996
3392.0,2.4509999999999996
3393.0,2.4509999999999996
3394.0,2.4509999999999996
3395.0,2.4509999999999996
3396.0,2.4509999999999996
3397.0,2.4509999999999996
3398.0,2.4509999999999996
3399.0,2.408
3400.0,2.4509999999999996
3401.0,2.408
3402.0,2.4509999999999996
3403.0,2.408
3404.0,2.4509999999999996
3405.0,2.4509999999999996
3406.0,2.4939999999999998
3407.0,2.4509999999999996
3408.0,2.4939999999999998
3409.0,2.4509999999999996
3410.0,2.4509999999999996
3411.0,2.4509999999999996
3412.0,2.4509999999999996
3413.0,2.4939999999999998
3414.0,2.4509999999999996
3415.0,2.4509999999999996
3416.0,2.408
3417.0,2.4509999999999996
3418.0,2.408
3419.0,2.408
3420.0,2.4509999999999996
3421.0,2.4509999999999996
3422.0,2.4509999999999996
3423.0,2.4509999999999996
3424.0,2.4509999999999996
3425.0,2.4509999999999996
3426.0,2.4509999999999996
3427.0,2.4509999999999996
3428.0,2.4509999999999996
3429.0,2.4509999999999996
3430.0,2.4509999999999996
3431.0,2.408
3432.0,2.4509999999999996
3433.0,2.4509999999999996
3434.0,2.4509999999999996
3435.0,2.408
3436.0,2.4509999999999996
3437.0,2.4509999999999996
3438.0,2.4509999999999996
3439.0,2.4509999999999996
3440.0,2.4509999999999996
3441.0,2.4509999999999996
3442.0,2.4509999999999996
3443.0,2.4509999999999996
3444.0,2.4509999999999996
3445.0,2.4509999999999996
3446.0,2.4509999999999996
3447.0,2.4509999999999996
3448.0,2.4509999999999996
3449.0,2.4509999999999996
3450.0,2.4509999999999996
3451.0,2.4509999999999996
3452.0,2.4509999999999996
3453.0,2.4509999999999996
3454.0,2.408
3455.0,2.4509999999999996
3456.0,2.4509999999999996
3457.0,2.4509999999999996
3458.0,2.4509999999999996
3459.0,2.408
3460.0,2.4509999999999996
3461.0,2.4509999999999996
3462.0,2.4509999999999996
3463.0,2.4509999999999996
3464.0,2.4509999999999996
3465.0,2.4509999999999996
3466.0,2.4509999999999996
3467.0,2.4509999999999996
3468.0,2.4509999999999996
3469.0,2.408
3470.0,2.4509999999999996
3471.0,2.4509999999999996
3472.0,2.4509999999999996
3473.0,2.4509999999999996
3474.0,2.4509999999999996
3475.0,2.4509999999999996
3476.0,2.4509999999999996
3477.0,2.408
3478.0,2.4509999999999996
3479.0,2.4939999999999998
3480.0,2.4509999999999996
3481.0,2.4509999999999996
3482.0,2.4509999999999996
3483.0,2.4509999999999996
3484.0,2.4509999999999996
3485.0,2.408
3486.0,2.4509999999999996
3487.0,2.408
3488.0,2.4509999999999996
3489.0,2.4509999999999996
3490.0,2.4509999999999996
3491.0,2.4509999999999996
3492.0,2.4509999999999996
3493.0,2.4509999999999996
3494.0,2.4509999999999996
3495.0,2.4509999999999996
3496.0,2.4509999999999996
3497.0,2.4509999999999996
3498.0,2.4509999999999996
3499.0,2.4509999999999996
3500.0,2.4509999999999996
3501.0,2.408
3502.0,2.4509999999999996
3503.0,2.4509999999999996
3504.0,2.4509999999999996
3505.0,2.4509999999999996
3506.0,2.4509999999999996
3507.0,2.4509999999999996
3508.0,2.4509999999999996
3509.0,2.4509999999999996
3510.0,2.4509999999999996
3511.0,2.4509999999999996
3512.0,2.4509999999999996
3513.0,2.4509999999999996
3514.0,2.4509999999999996
3515.0,2.4509999999999996
3516.0,2.4509999999999996
3517.0,2.4509999999999996
3518.0,2.4509999999999996
3519.0,2.4509999999999996
3520.0,2.4509999999999996
3521.0,2.4509999999999996
3522.0,2.408
3523.0,2.4509999999999996
3524.0,2.4509999999999996
3525.0,2.4509999999999996
3526.0,2.4509999999999996
3527.0,2.4509999999999996
3528.0,2.4509999999999996
3529.0,2.4509999999999996
3530.0,2.4509999999999996
3531.0,2.4509999999999996
3532.0,2.4509999999999996
3533.0,2.4509999999999996
3534.0,2.4509999999999996
3535.0,2.4509999999999996
3536.0,2.4509999999999996
3537.0,2.4509999999999996
3538.0,2.4509999999999996
3539.0,2.4509999999999996
3540.0,2.4509999999999996
3541.0,2.408
3542.0,2.4509999999999996
3543.0,2.408
3544.0,2.4509999999999996
3545.0,2.4509999999999996
3546.0,2.4509999999999996
3547.0,2.408
3548.0,2.4509999999999996
3549.0,2.4509999999999996
3550.0,2.4509999999999996
3551.0,2.408
3552.0,2.4509999999999996
3553.0,2.4509999999999996
3554.0,2.4509999999999996
3555.0,2.4509999999999996
3556.0,2.4509999999999996
3557.0,2.4509999999999996
3558.0,2.408
3559.0,2.4509999999999996
3560.0,2.408
3561.0,2.4509999999999996
3562.0,2.408
3563.0,2.4509999999999996
3564.0,2.4509999999999996
3565.0,2.4509999999999996
3566.0,2.4509999999999996
3567.0,2.408
3568.0,2.4509999999999996
3569.0,2.4509999999999996
3570.0,2.4509999999999996
3571.0,2.4509999999999996
3572.0,2.4509999999999996
3573.0,2.4509999999999996
3574.0,2.4509999999999996
3575.0,2.4509999999999996
3576.0,2.4509999999999996
3577.0,2.4509999999999996
3578.0,2.4509999999999996
3579.0,2.408
3580.0,2.4509999999999996
3581.0,2.4509999999999996
3582.0,2.4509999999999996
3583.0,2.4509999999999996
3584.0,2.4509999999999996
3585.0,2.408
3586.0,2.4509999999999996
3587.0,2.408
3588.0,2.4509999999999996
3589.0,2.4939999999999998
3590.0,2.4509999999999996
3591.0,2.4509999999999996
3592.0,2.4509999999999996
3593.0,2.4509999999999996
3594.0,2.4509999999999996
3595.0,2.408
3596.0,2.4509999999999996
3597.0,2.4509999999999996
3598.0,2.4509999999999996
3599.0,2.4509999999999996
3600.0,2.4509999999999996
3601.0,2.4509999999999996
3602.0,2.4509999999999996
3603.0,2.4509999999999996
3604.0,2.408
3605.0,2.4509999999999996
3606.0,2.4509999999999996
3607.0,2.4509999999999996
3608.0,2.4509999999999996
3609.0,2.4509999999999996
3610.0,2.4509999999999996
3611.0,2.4509999999999996
3612.0,2.408
3613.0,2.4509999999999996
3614.0,2.4509999999999996
3615.0,2.4509999999999996
3616.0,2.4509999999999996
3617.0,2.4509999999999996
3618.0,2.4509999999999996
3619.0,2.4509999999999996
3620.0,2.4509999999999996
3621.0,2.4509999999999996
3622.0,2.4509999999999996
3623.0,2.4509999999999996
3624.0,2.4509999999999996
3625.0,2.4509999999999996
3626.0,2.4509999999999996
3627.0,2.4509999999999996
3628.0,2.4509999999999996
3629.0,2.4509999999999996
3630.0,2.4509999999999996
3631.0,2.408
3632.0,2.4509999999999996
3633.0,2.4509999999999996
3634.0,2.4509999999999996
3635.0,2.4509999999999996
3636.0,2.4509999999999996
3637.0,2.4509999999999996
3638.0,2.4509999999999996
3639.0,2.4509999999999996
3640.0,2.4509999999999996
3641.0,2.4509999999999996
3642.0,2.4509999999999996
3643.0,2.4509999999999996
3644.0,2.4509999999999996
3645.0,2.408
3646.0,2.408
3647.0,2.408
3648.0,2.4509999999999996
3649.0,2.4509999999999996
3650.0,2.4509999999999996
3651.0,2.4509999999999996
3652.0,2.408
3653.0,2.4509999999999996
3654.0,2.4509999999999996
3655.0,2.4939999999999998
3656.0,2.4509999999999996
3657.0,2.408
3658.0,2.4509999999999996
3659.0,2.408
3660.0,2.4509999999999996
3661.0,2.408
3662.0,2.4509999999999996
3663.0,2.408
3664.0,2.4509999999999996
3665.0,2.408
3666.0,2.408
3667.0,2.4509999999999996
3668.0,2.4509999999999996
3669.0,2.408
3670.0,2.4509999999999996
3671.0,2.4509999999999996
3672.0,2.4509999999999996
3673.0,2.4509999999999996
3674.0,2.4509999999999996
3675.0,2.4509999999999996
3676.0,2.4509999999999996
3677.0,2.4509999999999996
3678.0,2.4509999999999996
3679.0,2.4509999999999996
3680.0,2.4509999999999996
3681.0,2.4509999999999996
3682.0,2.4509999999999996
3683.0,2.4509999999999996
3684.0,2.4509999999999996
3685.0,2.4509999999999996
3686.0,2.4509999999999996
3687.0,2.4509999999999996
3688.0,2.4509999999999996
3689.0,2.4509999999999996
3690.0,2.4509999999999996
3691.0,2.4509999999999996
3692.0,2.4509999999999996
3693.0,2.408
3694.0,2.4509999999999996
3695.0,2.4509999999999996
3696.0,2.408
3697.0,2.4509999999999996
3698.0,2.4509999999999996
3699.0,2.4509999999999996
3700.0,2.4509999999999996
3701.0,2.4509999999999996
3702.0,2.4509999999999996
3703.0,2.4509999999999996
3704.0,2.4509999999999996
3705.0,2.4509999999999996
3706.0,2.4509999999999996
3707.0,2.4509999999999996
3708.0,2.4509999999999996
3709.0,2.4509999999999996
3710.0,2.4509999999999996
3711.0,2.408
3712.0,2.4509999999999996
3713.0,2.4509999999999996
3714.0,2.4509999999999996
3715.0,2.4509999999999996
3716.0,2.4509999999999996
3717.0,2.408
3718.0,2.4509999999999996
3719.0,2.4509999999999996
3720.0,2.4509999999999996
3721.0,2.4509999999999996
3722.0,2.4509999999999996
3723.0,2.4509999999999996
3724.0,2.4509999999999996
3725.0,2.408
3726.0,2.4509999999999996
3727.0,2.408
3728.0,2.4509999999999996
3729.0,2.408
3730.0,2.4509999999999996
3731.0,2.408
3732.0,2.4509999999999996
3733.0,2.408
3734.0,2.4509999999999996
3735.0,2.408
3736.0,2.4509999999999996
3737.0,2.408
3738.0,2.4509999999999996
3739.0,2.408
3740.0,2.4509999999999996
3741.0,2.4509999999999996
3742.0,2.4509999999999996
3743.0,2.4509999999999996
3744.0,2.4509999999999996
3745.0,2.4509999999999996
3746.0,2.408
3747.0,2.4509999999999996
3748.0,2.4509999999999996
3749.0,2.4509999999999996
3750.0,2.4509999999999996
3751.0,2.4509999999999996
3752.0,2.4509999999999996
3753.0,2.4509999999999996
3754.0,2.4509999999999996
3755.0,2.4509999999999996
3756.0,2.4509999999999996
3757.0,2.4509999999999996
3758.0,2.408
3759.0,2.4509999999999996
3760.0,2.4509999999999996
3761.0,2.4509999999999996
3762.0,2.4509999999999996
3763.0,2.4509999999999996
3764.0,2.4509999999999996
3765.0,2.408
3766.0,2.4509999999999996
3767.0,2.408
3768.0,2.4509999999999996
3769.0,2.408
3770.0,2.4509999999999996
3771.0,2.4509999999999996
3772.0,2.4509999999999996
3773.0,2.408
3774.0,2.4509999999999996
3775.0,2.408
3776.0,2.4509999999999996
3777.0,2.408
3778.0,2.4509999999999996
3779.0,2.4509999999999996
3780.0,2.4509999999999996
3781.0,2.4509999999999996
3782.0,2.4509999999999996
3783.0,2.4509999999999996
3784.0,2.4509999999999996
3785.0,2.4509999999999996
3786.0,2.4509999999999996
3787.0,2.4509999999999996
3788.0,2.4509999999999996
3789.0,2.4509999999999996
3790.0,2.4509999999999996
3791.0,2.4509999999999996
3792.0,2.408
3793.0,2.4509999999999996
3794.0,2.4509999999999996
3795.0,2.4509999999999996
3796.0,2.4509999999999996
3797.0,2.4509999999999996
3798.0,2.4509999999999996
3799.0,2.4509999999999996
3800.0,2.4509999999999996
3801.0,2.4509999999999996
3802.0,2.4509999999999996
3803.0,2.4509999999999996
3804.0,2.4509999999999996
3805.0,2.4509999999999996
3806.0,2.4509999999999996
3807.0,2.4509999999999996
3808.0,2.4509999999999996
3809.0,2.408
3810.0,2.408
3811.0,2.408
3812.0,2.4509999999999996
3813.0,2.408
3814.0,2.4509999999999996
3815.0,2.408
3816.0,2.4509999999999996
3817.0,2.408
3818.0,2.4509999999999996
3819.0,2.4509999999999996
3820.0,2.4509999999999996
3821.0,2.4509999999999996
3822.0,2.4509999999999996
3823.0,2.4509999999999996
3824.0,2.408
3825.0,2.4509999999999996
3826.0,2.408
3827.0,2.4509999999999996
3828.0,2.408
3829.0,2.4509999999999996
3830.0,2.4509999999999996
3831.0,2.4509999999999996
3832.0,2.4509999999999996
3833.0,2.408
3834.0,2.4509999999999996
3835.0,2.408
3836.0,2.408
3837.0,2.4509999999999996
3838.0,2.4509999999999996
3839.0,2.4509999999999996
3840.0,2.4509999999999996
3841.0,2.408
3842.0,2.4509999999999996
3843.0,2.408
3844.0,2.408
3845.0,2.4509999999999996
3846.0,2.4509999999999996
3847.0,2.408
3848.0,2.4509999999999996
3849.0,2.408
3850.0,2.4509999999999996
3851.0,2.408
3852.0,2.4509999999999996
3853.0,2.4509999999999996
3854.0,2.4509999999999996
3855.0,2.408
3856.0,2.4509999999999996
3857.0,2.4509999999999996
3858.0,2.4509999999999996
3859.0,2.4509999999999996
3860.0,2.4509999999999996
3861.0,2.4509999999999996
3862.0,2.4509999999999996
3863.0,2.4509999999999996
3864.0,2.4509999999999996
3865.0,2.4509999999999996
3866.0,2.4509999999999996
3867.0,2.4509999999999996
3868.0,2.408
3869.0,2.4509999999999996
3870.0,2.4509999999999996
3871.0,2.4509999999999996
3872.0,2.4509999999999996
3873.0,2.4509999999999996
3874.0,2.4509999999999996
3875.0,2.4509999999999996
3876.0,2.4509999999999996
3877.0,2.4509999999999996
3878.0,2.4509999999999996
3879.0,2.4509999999999996
3880.0,2.4509999999999996
3881.0,2.4509999999999996
3882.0,2.4509999999999996
3883.0,2.4509999999999996
3884.0,2.4509999999999996
3885.0,2.4509999999999996
3886.0,2.4509999999999996
3887.0,2.408
3888.0,2.4509999999999996
3889.0,2.408
3890.0,2.4509999999999996
3891.0,2.4509999999999996
3892.0,2.4509999999999996
3893.0,2.4509999999999996
3894.0,2.4509999999999996
3895.0,2.4509999999999996
3896.0,2.4509999999999996
3897.0,2.4509999999999996
3898.0,2.408
3899.0,2.4509999999999996
3900.0,2.4509999999999996
3901.0,2.4509999999999996
3902.0,2.408
3903.0,2.408
3904.0,2.4509999999999996
3905.0,2.4509999999999996
3906.0,2.408
3907.0,2.408
3908.0,2.4509999999999996
3909.0,2.4509999999999996
3910.0,2.4509999999999996
3911.0,2.4509999999999996
3912.0,2.4509999999999996
3913.0,2.4509999999999996
3914.0,2.4509999999999996
3915.0,2.4509999999999996
3916.0,2.4509999999999996
3917.0,2.4509999999999996
3918.0,2.4509999999999996
3919.0,2.408
3920.0,2.4509999999999996
3921.0,2.4509999999999996
3922.0,2.4509999999999996
3923.0,2.4509999999999996
3924.0,2.4509999999999996
3925.0,2.4509999999999996
3926.0,2.4509999999999996
3927.0,2.4509999999999996
3928.0,2.4509999999999996
3929.0,2.4509999999999996
3930.0,2.4509999999999996
3931.0,2.4509999999999996
3932.0,2.4509999999999996
3933.0,2.4509999999999996
3934.0,2.4509999999999996
3935.0,2.4509999999999996
3936.0,2.4509999999999996
3937.0,2.408
3938.0,2.4509999999999996
3939.0,2.4509999999999996
3940.0,2.4509999999999996
3941.0,2.4509999999999996
3942.0,2.4509999999999996
3943.0,2.408
3944.0,2.4509999999999996
3945.0,2.408
3946.0,2.4509999999999996
3947.0,2.4509999999999996
3948.0,2.4509999999999996
3949.0,2.4509999999999996
3950.0,2.4509999999999996
3951.0,2.408
3952.0,2.4509999999999996
3953.0,2.408
3954.0,2.4509999999999996
3955.0,2.408
3956.0,2.408
3957.0,2.408
3958.0,2.4509999999999996
3959.0,2.4509999999999996
3960.0,2.408
3961.0,2.4509999999999996
3962.0,2.4509999999999996
3963.0,2.4509999999999996
3964.0,2.4509999999999996
3965.0,2.4509999999999996
3966.0,2.4509999999999996
3967.0,2.4509999999999996
3968.0,2.4509999999999996
3969.0,2.408
3970.0,2.4509999999999996
3971.0,2.408
3972.0,2.4509999999999996
3973.0,2.4509999999999996
3974.0,2.4509999999999996
3975.0,2.4509999999999996
3976.0,2.4509999999999996
3977.0,2.4509999999999996
3978.0,2.408
3979.0,2.4509999999999996
3980.0,2.4509999999999996
3981.0,2.4509999999999996
3982.0,2.4509999999999996
3983.0,2.4509999999999996
3984.0,2.4509999999999996
3985.0,2.408
3986.0,2.4509999999999996
3987.0,2.408
3988.0,2.4509999999999996
3989.0,2.4509999999999996
3990.0,2.4509999999999996
3991.0,2.4509999999999996
3992.0,2.4509999999999996
3993.0,2.408
3994.0,2.4509999999999996
3995.0,2.408
3996.0,2.4509999999999996
3997.0,2.408
3998.0,2.4509999999999996
3999.0,2.408
4000.0,2.4509999999999996
4001.0,2.4509999999999996
4002.0,2.4509999999999996
4003.0,2.4509999999999996
4004.0,2.4509999999999996
4005.0,2.4509999999999996
4006.0,2.4509999999999996
4007.0,2.4509999999999996
4008.0,2.408
4009.0,2.4509999999999996
4010.0,2.4509999999999996
4011.0,2.4509999999999996
4012.0,2.4509999999999996
4013.0,2.4509999999999996
4014.0,2.4509999999999996
4015.0,2.4509999999999996
4016.0,2.408
4017.0,2.408
4018.0,2.408
4019.0,2.4509999999999996
4020.0,2.4509999999999996
4021.0,2.4509999999999996
4022.0,2.4509999999999996
4023.0,2.408
4024.0,2.4509999999999996
4025.0,2.4509999999999996
4026.0,2.4509999999999996
4027.0,2.408
4028.0,2.4509999999999996
4029.0,2.4509999999999996
4030.0,2.4509999999999996
4031.0,2.408
4032.0,2.4509999999999996
4033.0,2.4509999999999996
4034.0,2.4509999999999996
4035.0,2.408
4036.0,2.4509999999999996
4037.0,2.408
4038.0,2.4509999999999996
4039.0,2.408
4040.0,2.4509999999999996
4041.0,2.408
4042.0,2.4509999999999996
4043.0,2.408
4044.0,2.408
4045.0,2.4509999999999996
4046.0,2.4509999999999996
4047.0,2.4509999999999996
4048.0,2.4509999999999996
4049.0,2.4509999999999996
4050.0,2.4509999999999996
4051.0,2.4509999999999996
4052.0,2.408
4053.0,2.408
4054.0,2.4509999999999996
4055.0,2.4509999999999996
4056.0,2.408
4057.0,2.4509999999999996
4058.0,2.4509999999999996
4059.0,2.408
4060.0,2.408
4061.0,2.408
4062.0,2.4509999999999996
4063.0,2.408
4064.0,2.4509999999999996
4065.0,2.408
4066.0,2.4509999999999996
4067.0,2.408
4068.0,2.4509999999999996
4069.0,2.408
4070.0,2.4509999999999996
4071.0,2.408
4072.0,2.408
4073.0,2.4509999999999996
4074.0,2.408
4075.0,2.408
4076.0,2.408
4077.0,2.408
4078.0,2.408
4079.0,2.4509999999999996
4080.0,2.4509999999999996
4081.0,2.4509999999999996
4082.0,2.4509999999999996
4083.0,2.4509999999999996
4084.0,2.4509999999999996
4085.0,2.408
4086.0,2.408
4087.0,2.408
4088.0,2.4509999999999996
4089.0,2.4509999999999996
4090.0,2.4509999999999996
4091.0,2.4509999999999996
4092.0,2.4509999999999996
4093.0,2.4509999999999996
4094.0,2.408
4095.0,2.4509999999999996
4096.0,2.4509999999999996
4097.0,2.408
4098.0,2.4509999999999996
4099.0,2.4509999999999996
4100.0,2.4509999999999996
4101.0,2.408
4102.0,2.4509999999999996
4103.0,2.408
4104.0,2.4509999999999996
4105.0,2.408
4106.0,2.4509999999999996
4107.0,2.4509999999999996
4108.0,2.4509999999999996
4109.0,2.408
4110.0,2.408
4111.0,2.408
4112.0,2.4509999999999996
4113.0,2.4509999999999996
4114.0,2.4509999999999996
4115.0,2.4509999999999996
4116.0,2.408
4117.0,2.408
4118.0,2.4509999999999996
4119.0,2.408
4120.0,2.4509999999999996
4121.0,2.4509999999999996
4122.0,2.4509999999999996
4123.0,2.4509999999999996
4124.0,2.408
4125.0,2.4509999999999996
4126.0,2.4509999999999996
4127.0,2.408
4128.0,2.408
4129.0,2.4509999999999996
4130.0,2.4509999999999996
4131.0,2.4509999999999996
4132.0,2.4509999999999996
4133.0,2.4509999999999996
4134.0,2.4509999999999996
4135.0,2.408
4136.0,2.4509999999999996
4137.0,2.408
4138.0,2.4509999999999996
4139.0,2.408
4140.0,2.4509999999999996
4141.0,2.408
4142.0,2.4509999999999996
4143.0,2.408
4144.0,2.4509999999999996
4145.0,2.4509999999999996
4146.0,2.4509999999999996
4147.0,2.4509999999999996
4148.0,2.408
4149.0,2.4509999999999996
4150.0,2.4509999999999996
4151.0,2.4509999999999996
4152.0,2.4509999999999996
4153.0,2.408
4154.0,2.4509999999999996
4155.0,2.4509999999999996
4156.0,2.4509999999999996
4157.0,2.4509999999999996
4158.0,2.4509999999999996
4159.0,2.4509999999999996
4160.0,2.408
4161.0,2.4509999999999996
4162.0,2.4509999999999996
4163.0,2.408
4164.0,2.4509999999999996
4165.0,2.408
4166.0,2.4509999999999996
4167.0,2.408
4168.0,2.4509999999999996
4169.0,2.408
4170.0,2.4509999999999996
4171.0,2.408
4172.0,2.4509999999999996
4173.0,2.4509999999999996
4174.0,2.4509999999999996
4175.0,2.4509999999999996
4176.0,2.408
4177.0,2.408
4178.0,2.408
4179.0,2.408
4180.0,2.408
4181.0,2.4509999999999996
4182.0,2.4509999999999996
4183.0,2.4509999999999996
4184.0,2.4509999999999996
4185.0,2.4509999999999996
4186.0,2.408
4187.0,2.408
4188.0,2.408
4189.0,2.408
4190.0,2.408
4191.0,2.4509999999999996
4192.0,2.4509999999999996
4193.0,2.4509999999999996
4194.0,2.408
4195.0,2.4509999999999996
4196.0,2.408
4197.0,2.4509999999999996
4198.0,2.4509999999999996
4199.0,2.4509999999999996
4200.0,2.4509999999999996
4201.0,2.4509999999999996
4202.0,2.408
4203.0,2.408
4204.0,2.4509999999999996
4205.0,2.408
4206.0,2.4509999999999996
4207.0,2.4509999999999996
4208.0,2.4509999999999996
4209.0,2.408
4210.0,2.4509999999999996
4211.0,2.408
4212.0,2.4509999999999996
4213.0,2.408
4214.0,2.4509999999999996
4215.0,2.4509999999999996
4216.0,2.4509999999999996
4217.0,2.408
4218.0,2.4509999999999996
4219.0,2.408
4220.0,2.4509999999999996
4221.0,2.4509999999999996
4222.0,2.4509999999999996
4223.0,2.408
4224.0,2.4509999999999996
4225.0,2.4509999999999996
4226.0,2.408
4227.0,2.408
4228.0,2.408
4229.0,2.408
4230.0,2.4509999999999996
4231.0,2.4509999999999996
4232.0,2.4509999999999996
4233.0,2.4509999999999996
4234.0,2.4509999999999996
4235.0,2.408
4236.0,2.408
4237.0,2.4509999999999996
4238.0,2.4509999999999996
4239.0,2.4509999999999996
4240.0,2.4509999999999996
4241.0,2.408
4242.0,2.4509999999999996
4243.0,2.4509999999999996
4244.0,2.4509999999999996
4245.0,2.408
4246.0,2.408
4247.0,2.408
4248.0,2.4509999999999996
4249.0,2.408
4250.0,2.4509999999999996
4251.0,2.408
4252.0,2.4509999999999996
4253.0,2.408
4254.0,2.4509999999999996
4255.0,2.408
4256.0,2.4509999999999996
4257.0,2.408
4258.0,2.4509999999999996
4259.0,2.4509999999999996
4260.0,2.4509999999999996
4261.0,2.408
4262.0,2.408
4263.0,2.4509999999999996
4264.0,2.4509999999999996
4265.0,2.4509999999999996
4266.0,2.4509999999999996
4267.0,2.4509999999999996
4268.0,2.408
4269.0,2.4509999999999996
4270.0,2.408
4271.0,2.4509999999999996
4272.0,2.4509999999999996
4273.0,2.4509999999999996
4274.0,2.4509999999999996
4275.0,2.408
4276.0,2.408
4277.0,2.408
4278.0,2.4509999999999996
4279.0,2.408
4280.0,2.4509999999999996
4281.0,2.408
4282.0,2.4509999999999996
4283.0,2.408
4284.0,2.4509999999999996
4285.0,2.408
4286.0,2.408
4287.0,2.408
4288.0,2.4509999999999996
4289.0,2.408
4290.0,2.408
4291.0,2.408
4292.0,2.4509999999999996
4293.0,2.408
4294.0,2.4509999999999996
4295.0,2.408
4296.0,2.4509999999999996
4297.0,2.408
4298.0,2.4509999999999996
4299.0,2.4509999999999996
4300.0,2.408
4301.0,2.408
4302.0,2.408
4303.0,2.408
4304.0,2.4509999999999996
4305.0,2.4509999999999996
4306.0,2.4509999999999996
4307.0,2.4509999999999996
4308.0,2.408
4309.0,2.4509999999999996
4310.0,2.4509999999999996
4311.0,2.4509999999999996
4312.0,2.4509999999999996
4313.0,2.4509999999999996
4314.0,2.4509999999999996
4315.0,2.4509999999999996
4316.0,2.408
4317.0,2.408
4318.0,2.408
4319.0,2.408
4320.0,2.4509999999999996
4321.0,2.408
4322.0,2.4509999999999996
4323.0,2.408
4324.0,2.4509999999999996
4325.0,2.408
4326.0,2.4509999999999996
4327.0,2.408
4328.0,2.4509999999999996
4329.0,2.408
4330.0,2.408
4331.0,2.408
4332.0,2.4509999999999996
4333.0,2.408
4334.0,2.4509999999999996
4335.0,2.408
4336.0,2.4509999999999996
4337.0,2.408
4338.0,2.4509999999999996
4339.0,2.408
4340.0,2.4509999999999996
4341.0,2.4509999999999996
4342.0,2.408
4343.0,2.408
4344.0,2.4509999999999996
4345.0,2.408
4346.0,2.4509999999999996
4347.0,2.408
4348.0,2.4509999999999996
4349.0,2.4509999999999996
4350.0,2.408
4351.0,2.4509999999999996
4352.0,2.408
4353.0,2.408
4354.0,2.408
4355.0,2.408
4356.0,2.4509999999999996
4357.0,2.408
4358.0,2.4509999999999996
4359.0,2.408
4360.0,2.4509999999999996
4361.0,2.408
4362.0,2.4509999999999996
4363.0,2.408
4364.0,2.4509999999999996
4365.0,2.408
4366.0,2.408
4367.0,2.408
4368.0,2.4509999999999996
4369.0,2.408
4370.0,2.4509999999999996
4371.0,2.408
4372.0,2.4509999999999996
4373.0,2.408
4374.0,2.408
4375.0,2.408
4376.0,2.4509999999999996
4377.0,2.408
4378.0,2.408
4379.0,2.4509999999999996
4380.0,2.408
4381.0,2.408
4382.0,2.4509999999999996
4383.0,2.4509999999999996
4384.0,2.408
4385.0,2.4509999999999996
4386.0,2.4509999999999996
4387.0,2.408
4388.0,2.4509999999999996
4389.0,2.408
4390.0,2.4509999999999996
4391.0,2.408
4392.0,2.4509999999999996
4393.0,2.408
4394.0,2.408
4395.0,2.408
4396.0,2.408
4397.0,2.408
4398.0,2.408
4399.0,2.408
4400.0,2.4509999999999996
4401.0,2.408
4402.0,2.4509999999999996
4403.0,2.408
4404.0,2.408
4405.0,2.408
4406.0,2.4509999999999996
4407.0,2.4509999999999996
4408.0,2.4509999999999996
4409.0,2.408
4410.0,2.4509999999999996
4411.0,2.408
4412.0,2.4509999999999996
4413.0,2.408
4414.0,2.408
4415.0,2.408
4416.0,2.408
4417.0,2.408
4418.0,2.4509999999999996
4419.0,2.408
4420.0,2.408
4421.0,2.408
4422.0,2.4509999999999996
4423.0,2.4509999999999996
4424.0,2.4509999999999996
4425.0,2.4509999999999996
4426.0,2.4509999999999996
4427.0,2.408
4428.0,2.4509999999999996
4429.0,2.408
4430.0,2.4509999999999996
4431.0,2.408
4432.0,2.4509999999999996
4433.0,2.408
4434.0,2.408
4435.0,2.408
4436.0,2.408
4437.0,2.408
4438.0,2.408
4439.0,2.408
4440.0,2.4509999999999996
4441.0,2.408
4442.0,2.4509999999999996
4443.0,2.408
4444.0,2.4509999999999996
4445.0,2.4509999999999996
4446.0,2.408
4447.0,2.4509999999999996
4448.0,2.4509999999999996
4449.0,2.4509999999999996
4450.0,2.4509999999999996
4451.0,2.4509999999999996
4452.0,2.408
4453.0,2.4509999999999996
4454.0,2.4509999999999996
4455.0,2.408
4456.0,2.4509999999999996
4457.0,2.408
4458.0,2.408
4459.0,2.408
4460.0,2.408
4461.0,2.408
4462.0,2.408
4463.0,2.408
4464.0,2.408
4465.0,2.4509999999999996
4466.0,2.4509999999999996
4467.0,2.408
4468.0,2.4509999999999996
4469.0,2.4509999999999996
4470.0,2.4509999999999996
4471.0,2.408
4472.0,2.4509999999999996
4473.0,2.408
4474.0,2.4509999999999996
4475.0,2.408
4476.0,2.4509999999999996
4477.0,2.408
4478.0,2.4509999999999996
4479.0,2.408
4480.0,2.4509999999999996
4481.0,2.408
4482.0,2.4509999999999996
4483.0,2.408
4484.0,2.408
4485.0,2.408
4486.0,2.408
4487.0,2.408
4488.0,2.408
4489.0,2.4509999999999996
4490.0,2.408
4491.0,2.408
4492.0,2.408
4493.0,2.408
4494.0,2.408
4495.0,2.408
4496.0,2.408
4497.0,2.4509999999999996
4498.0,2.4509999999999996
4499.0,2.408
4500.0,2.4509999999999996
4501.0,2.408
4502.0,2.408
4503.0,2.408
4504.0,2.4509999999999996
4505.0,2.408
4506.0,2.408
4507.0,2.4509999999999996
4508.0,2.4509999999999996
4509.0,2.4509999999999996
4510.0,2.408
4511.0,2.408
4512.0,2.408
4513.0,2.408
4514.0,2.408
4515.0,2.408
4516.0,2.4509999999999996
4517.0,2.408
4518.0,2.408
4519.0,2.408
4520.0,2.408
4521.0,2.408
4522.0,2.408
4523.0,2.4509999999999996
4524.0,2.408
4525.0,2.408
4526.0,2.408
4527.0,2.408
4528.0,2.408
4529.0,2.408
4530.0,2.408
4531.0,2.4509999999999996
4532.0,2.4509999999999996
4533.0,2.408
4534.0,2.408
4535.0,2.408
4536.0,2.4509999999999996
4537.0,2.408
4538.0,2.4509999999999996
4539.0,2.4509999999999996
4540.0,2.408
4541.0,2.408
4542.0,2.4509999999999996
4543.0,2.408
4544.0,2.408
4545.0,2.408
4546.0,2.4509999999999996
4547.0,2.4509999999999996
4548.0,2.408
4549.0,2.4509999999999996
4550.0,2.408
4551.0,2.408
4552.0,2.408
4553.0,2.408
4554.0,2.408
4555.0,2.408
4556.0,2.4509999999999996
4557.0,2.408
4558.0,2.408
4559.0,2.408
4560.0,2.408
4561.0,2.408
4562.0,2.408
4563.0,2.4509999999999996
4564.0,2.4509999999999996
4565.0,2.4509999999999996
4566.0,2.408
4567.0,2.4509999999999996
4568.0,2.408
4569.0,2.408
4570.0,2.408
4571.0,2.4509999999999996
4572.0,2.4509999999999996
4573.0,2.408
4574.0,2.4509999999999996
4575.0,2.408
4576.0,2.4509999999999996
4577.0,2.408
4578.0,2.4509999999999996
4579.0,2.408
4580.0,2.408
4581.0,2.408
4582.0,2.4509999999999996
4583.0,2.408
4584.0,2.408
4585.0,2.408
4586.0,2.408
4587.0,2.408
4588.0,2.4509999999999996
4589.0,2.408
4590.0,2.4509999999999996
4591.0,2.408
4592.0,2.4509999999999996
4593.0,2.408
4594.0,2.408
4595.0,2.408
4596.0,2.408
4597.0,2.408
4598.0,2.408
4599.0,2.4509999999999996
4600.0,2.408
4601.0,2.4509999999999996
4602.0,2.408
4603.0,2.408
4604.0,2.408
4605.0,2.408
4606.0,2.4509999999999996
4607.0,2.408
4608.0,2.408
4609.0,2.408
4610.0,2.4509999999999996
4611.0,2.4509999999999996
4612.0,2.4509999999999996
4613.0,2.408
4614.0,2.4509999999999996
4615.0,2.4509999999999996
4616.0,2.4509999999999996
4617.0,2.408
4618.0,2.4509999999999996
4619.0,2.408
4620.0,2.4509999999999996
4621.0,2.408
4622.0,2.4509999999999996
4623.0,2.408
4624.0,2.4509999999999996
4625.0,2.408
4626.0,2.4509999999999996
4627.0,2.408
4628.0,2.4509999999999996
4629.0,2.408
4630.0,2.408
4631.0,2.408
4632.0,2.4509999999999996
4633.0,2.4509999999999996
4634.0,2.408
4635.0,2.408
4636.0,2.408
4637.0,2.408
4638.0,2.4509999999999996
4639.0,2.408
4640.0,2.408
4641.0,2.4509999999999996
4642.0,2.4509999999999996
4643.0,2.408
4644.0,2.408
4645.0,2.408
4646.0,2.408
4647.0,2.408
4648.0,2.4509999999999996
4649.0,2.4509999999999996
4650.0,2.408
4651.0,2.408
4652.0,2.408
4653.0,2.408
4654.0,2.408
4655.0,2.408
4656.0,2.4509999999999996
4657.0,2.4509999999999996
4658.0,2.4509999999999996
4659.0,2.408
4660.0,2.408
4661.0,2.408
4662.0,2.408
4663.0,2.4509999999999996
4664.0,2.4509999999999996
4665.0,2.4509999999999996
4666.0,2.4509999999999996
4667.0,2.408
4668.0,2.408
4669.0,2.408
4670.0,2.408
4671.0,2.408
4672.0,2.4509999999999996
4673.0,2.408
4674.0,2.408
4675.0,2.4509999999999996
4676.0,2.408
4677.0,2.408
4678.0,2.408
4679.0,2.408
4680.0,2.408
4681.0,2.408
4682.0,2.4509999999999996
4683.0,2.408
4684.0,2.408
4685.0,2.408
4686.0,2.408
4687.0,2.408
4688.0,2.408
4689.0,2.408
4690.0,2.408
4691.0,2.408
4692.0,2.408
4693.0,2.408
4694.0,2.408
4695.0,2.408
4696.0,2.4509999999999996
4697.0,2.4509999999999996
4698.0,2.408
4699.0,2.408
4700.0,2.4509999999999996
4701.0,2.408
4702.0,2.408
4703.0,2.408
4704.0,2.408
4705.0,2.408
4706.0,2.408
4707.0,2.4509999999999996
4708.0,2.408
4709.0,2.408
4710.0,2.408
4711.0,2.408
4712.0,2.4509999999999996
4713.0,2.4509999999999996
4714.0,2.408
4715.0,2.408
4716.0,2.4509999999999996
4717.0,2.408
4718.0,2.4509999999999996
4719.0,2.408
4720.0,2.408
4721.0,2.408
4722.0,2.4509999999999996
4723.0,2.408
4724.0,2.4509999999999996
4725.0,2.4509999999999996
4726.0,2.4509999999999996
4727.0,2.408
4728.0,2.4509999999999996
4729.0,2.408
4730.0,2.408
4731.0,2.408
4732.0,2.408
4733.0,2.408
4734.0,2.4509999999999996
4735.0,2.408
4736.0,2.408
4737.0,2.408
4738.0,2.408
4739.0,2.408
4740.0,2.4509999999999996
4741.0,2.408
4742.0,2.4509999999999996
4743.0,2.408
4744.0,2.408
4745.0,2.408
4746.0,2.408
4747.0,2.4509999999999996
4748.0,2.408
4749.0,2.4509999999999996
4750.0,2.4509999999999996
4751.0,2.408
4752.0,2.408
4753.0,2.408
4754.0,2.408
4755.0,2.4509999999999996
4756.0,2.408
4757.0,2.408
4758.0,2.408
4759.0,2.408
4760.0,2.408
4761.0,2.408
4762.0,2.408
4763.0,2.408
4764.0,2.408
4765.0,2.408
4766.0,2.408
4767.0,2.408
4768.0,2.4509999999999996
4769.0,2.408
4770.0,2.408
4771.0,2.408
4772.0,2.408
4773.0,2.408
4774.0,2.408
4775.0,2.408
4776.0,2.4509999999999996
4777.0,2.408
4778.0,2.408
4779.0,2.408
4780.0,2.408
4781.0,2.408
4782.0,2.408
4783.0,2.4509999999999996
4784.0,2.408
4785.0,2.408
4786.0,2.408
4787.0,2.408
4788.0,2.408
4789.0,2.4509999999999996
4790.0,2.4509999999999996
4791.0,2.408
4792.0,2.408
4793.0,2.408
4794.0,2.408
4795.0,2.408
4796.0,2.408
4797.0,2.408
4798.0,2.4509999999999996
4799.0,2.408
4800.0,2.4509999999999996
4801.0,2.408
4802.0,2.408
4803.0,2.408
4804.0,2.408
4805.0,2.408
4806.0,2.4509999999999996
4807.0,2.408
4808.0,2.4509999999999996
4809.0,2.408
4810.0,2.408
4811.0,2.408
4812.0,2.4509999999999996
4813.0,2.408
4814.0,2.4509999999999996
4815.0,2.408
4816.0,2.408
4817.0,2.408
4818.0,2.408
4819.0,2.408
4820.0,2.408
4821.0,2.408
4822.0,2.408
4823.0,2.4509999999999996
4824.0,2.408
4825.0,2.4509999999999996
4826.0,2.408
4827.0,2.408
4828.0,2.408
4829.0,2.408
4830.0,2.4509999999999996
4831.0,2.408
4832.0,2.4509999999999996
4833.0,2.408
4834.0,2.4509999999999996
4835.0,2.408
4836.0,2.408
4837.0,2.408
4838.0,2.4509999999999996
4839.0,2.408
4840.0,2.4509999999999996
4841.0,2.408
4842.0,2.4509999999999996
4843.0,2.408
4844.0,2.408
4845.0,2.408
4846.0,2.4509999999999996
4847.0,2.408
4848.0,2.408
4849.0,2.408
4850.0,2.408
4851.0,2.408
4852.0,2.408
4853.0,2.408
4854.0,2.408
4855.0,2.408
4856.0,2.4509999999999996
4857.0,2.408
4858.0,2.408
4859.0,2.408
4860.0,2.408
4861.0,2.408
4862.0,2.408
4863.0,2.408
4864.0,2.4509999999999996
4865.0,2.408
4866.0,2.408
4867.0,2.408
4868.0,2.4509999999999996
4869.0,2.408
4870.0,2.408
4871.0,2.408
4872.0,2.4509999999999996
4873.0,2.4509999999999996
4874.0,2.4509999999999996
4875.0,2.4509999999999996
4876.0,2.4509999999999996
4877.0,2.4509999999999996
4878.0,2.408
4879.0,2.408
4880.0,2.408
4881.0,2.408
4882.0,2.408
4883.0,2.4509999999999996
4884.0,2.4509999999999996
4885.0,2.4509999999999996
4886.0,2.408
4887.0,2.408
4888.0,2.408
4889.0,2.4509999999999996
4890.0,2.408
4891.0,2.4509999999999996
4892.0,2.408
4893.0,2.408
4894.0,2.408
4895.0,2.408
4896.0,2.4509999999999996
4897.0,2.408
4898.0,2.4509999999999996
4899.0,2.408
4900.0,2.408
4901.0,2.408
4902.0,2.408
4903.0,2.408
4904.0,2.408
4905.0,2.408
4906.0,2.4509999999999996
4907.0,2.4509999999999996
4908.0,2.408
4909.0,2.408
4910.0,2.408
4911.0,2.408
4912.0,2.408
4913.0,2.408
4914.0,2.4509999999999996
4915.0,2.408
4916.0,2.4509999999999996
4917.0,2.408
4918.0,2.4509999999999996
4919.0,2.408
4920.0,2.408
4921.0,2.408
4922.0,2.4509999999999996
4923.0,2.408
4924.0,2.4509999999999996
4925.0,2.408
4926.0,2.408
4927.0,2.408
4928.0,2.408
4929.0,2.408
4930.0,2.408
4931.0,2.4509999999999996
4932.0,2.408
4933.0,2.4509999999999996
4934.0,2.408
4935.0,2.4509999999999996
4936.0,2.408
4937.0,2.408
4938.0,2.408
4939.0,2.408
4940.0,2.408
4941.0,2.408
4942.0,2.4509999999999996
4943.0,2.408
4944.0,2.408
4945.0,2.408
4946.0,2.408
4947.0,2.408
4948.0,2.408
4949.0,2.408
4950.0,2.408
4951.0,2.408
4952.0,2.408
4953.0,2.408
4954.0,2.408
4955.0,2.408
4956.0,2.408
4957.0,2.408
4958.0,2.4509999999999996
4959.0,2.408
4960.0,2.408
4961.0,2.408
4962.0,2.408
4963.0,2.408
4964.0,2.4509999999999996
4965.0,2.408
4966.0,2.408
4967.0,2.408
4968.0,2.408
4969.0,2.3649999999999998
4970.0,2.408
4971.0,2.408
4972.0,2.408
4973.0,2.4509999999999996
4974.0,2.4509999999999996
4975.0,2.408
4976.0,2.408
4977.0,2.408
4978.0,2.408
4979.0,2.408
4980.0,2.408
4981.0,2.408
4982.0,2.408
4983.0,2.408
4984.0,2.408
4985.0,2.408
4986.0,2.408
4987.0,2.408
4988.0,2.408
4989.0,2.408
4990.0,2.4509999999999996
4991.0,2.408
4992.0,2.408
4993.0,2.408
4994.0,2.408
4995.0,2.408
4996.0,2.408
4997.0,2.408
4998.0,2.4509999999999996
4999.0,2.408
5000.0,2.408
5001.0,2.408
5002.0,2.408
5003.0,2.408
5004.0,2.408
5005.0,2.408
5006.0,2.408
5007.0,2.408
5008.0,2.408
5009.0,2.408
5010.0,2.4509999999999996
5011.0,2.408
5012.0,2.408
5013.0,2.408
5014.0,2.408
5015.0,2.408
5016.0,2.408
5017.0,2.408
5018.0,2.408
5019.0,2.408
5020.0,2.408
5021.0,2.408
5022.0,2.408
5023.0,2.408
5024.0,2.408
5025.0,2.408
5026.0,2.408
5027.0,2.408
5028.0,2.408
5029.0,2.408
5030.0,2.408
5031.0,2.408
5032.0,2.408
5033.0,2.408
5034.0,2.4509999999999996
5035.0,2.408
5036.0,2.408
5037.0,2.408
5038.0,2.408
5039.0,2.408
5040.0,2.408
5041.0,2.408
5042.0,2.408
5043.0,2.408
5044.0,2.408
5045.0,2.408
5046.0,2.408
5047.0,2.408
5048.0,2.408
5049.0,2.408
5050.0,2.408
5051.0,2.408
5052.0,2.408
5053.0,2.408
5054.0,2.408
5055.0,2.408
5056.0,2.408
5057.0,2.4509999999999996
5058.0,2.408
5059.0,2.408
5060.0,2.408
5061.0,2.408
5062.0,2.4509999999999996
5063.0,2.408
5064.0,2.4509999999999996
5065.0,2.408
5066.0,2.408
5067.0,2.408
5068.0,2.408
5069.0,2.408
5070.0,2.408
5071.0,2.408
5072.0,2.408
5073.0,2.408
5074.0,2.3649999999999998
5075.0,2.408
5076.0,2.408
5077.0,2.408
5078.0,2.408
5079.0,2.408
5080.0,2.4509999999999996
5081.0,2.4509999999999996
5082.0,2.408
5083.0,2.408
5084.0,2.408
5085.0,2.408
5086.0,2.408
5087.0,2.4509999999999996
5088.0,2.408
5089.0,2.408
5090.0,2.408
5091.0,2.408
5092.0,2.408
5093.0,2.408
5094.0,2.408
5095.0,2.408
5096.0,2.408
5097.0,2.408
5098.0,2.408
5099.0,2.408
5100.0,2.408
5101.0,2.408
5102.0,2.408
5103.0,2.408
5104.0,2.408
5105.0,2.408
5106.0,2.4509999999999996
5107.0,2.408
5108.0,2.4509999999999996
5109.0,2.408
5110.0,2.408
5111.0,2.408
5112.0,2.4509999999999996
5113.0,2.408
5114.0,2.4509999999999996
5115.0,2.408
5116.0,2.408
5117.0,2.4509999999999996
5118.0,2.408
5119.0,2.408
5120.0,2.4509999999999996
5121.0,2.408
5122.0,2.408
5123.0,2.408
5124.0,2.408
5125.0,2.408
5126.0,2.408
5127.0,2.408
5128.0,2.408
5129.0,2.408
5130.0,2.408
5131.0,2.408
5132.0,2.408
5133.0,2.408
5134.0,2.4509999999999996
5135.0,2.408
5136.0,2.408
5137.0,2.408
5138.0,2.4509999999999996
5139.0,2.408
5140.0,2.4509999999999996
5141.0,2.408
5142.0,2.408
5143.0,2.408
5144.0,2.408
5145.0,2.408
5146.0,2.408
5147.0,2.408
5148.0,2.408
5149.0,2.408
5150.0,2.408
5151.0,2.408
5152.0,2.408
5153.0,2.408
5154.0,2.408
5155.0,2.408
5156.0,2.408
5157.0,2.408
5158.0,2.4509999999999996
5159.0,2.408
5160.0,2.4509999999999996
5161.0,2.408
5162.0,2.408
5163.0,2.408
5164.0,2.408
5165.0,2.4509999999999996
5166.0,2.408
5167.0,2.4509999999999996
5168.0,2.408
5169.0,2.408
5170.0,2.408
5171.0,2.408
5172.0,2.4509999999999996
5173.0,2.408
5174.0,2.408
5175.0,2.408
5176.0,2.408
5177.0,2.408
5178.0,2.408
5179.0,2.408
5180.0,2.4509999999999996
5181.0,2.4509999999999996
5182.0,2.408
5183.0,2.408
5184.0,2.408
5185.0,2.408
5186.0,2.408
5187.0,2.408
5188.0,2.408
5189.0,2.408
5190.0,2.408
5191.0,2.408
5192.0,2.408
5193.0,2.408
5194.0,2.408
5195.0,2.408
5196.0,2.408
5197.0,2.4509999999999996
5198.0,2.408
5199.0,2.408
5200.0,2.408
5201.0,2.408
5202.0,2.408
5203.0,2.408
5204.0,2.408
5205.0,2.408
5206.0,2.408
5207.0,2.408
5208.0,2.408
5209.0,2.408
5210.0,2.408
5211.0,2.408
5212.0,2.408
5213.0,2.408
5214.0,2.408
5215.0,2.408
5216.0,2.4509999999999996
5217.0,2.408
5218.0,2.408
5219.0,2.408
5220.0,2.408
5221.0,2.408
5222.0,2.408
5223.0,2.408
5224.0,2.408
5225.0,2.408
5226.0,2.408
5227.0,2.408
5228.0,2.408
5229.0,2.408
5230.0,2.408
5231.0,2.408
5232.0,2.408
5233.0,2.408
5234.0,2.408
5235.0,2.408
5236.0,2.408
5237.0,2.408
5238.0,2.408
5239.0,2.408
5240.0,2.408
5241.0,2.408
5242.0,2.4509999999999996
5243.0,2.408
5244.0,2.408
5245.0,2.408
5246.0,2.408
5247.0,2.408
5248.0,2.4509999999999996
5249.0,2.408
5250.0,2.408
5251.0,2.408
5252.0,2.408
5253.0,2.408
5254.0,2.408
5255.0,2.408
5256.0,2.408
5257.0,2.408
5258.0,2.408
5259.0,2.4509999999999996
5260.0,2.408
5261.0,2.408
5262.0,2.3649999999999998
5263.0,2.408
5264.0,2.408
5265.0,2.408
5266.0,2.4509999999999996
5267.0,2.408
5268.0,2.408
5269.0,2.408
5270.0,2.408
5271.0,2.408
5272.0,2.408
5273.0,2.408
5274.0,2.408
5275.0,2.408
5276.0,2.408
5277.0,2.408
5278.0,2.408
5279.0,2.408
5280.0,2.408
5281.0,2.408
5282.0,2.408
5283.0,2.408
5284.0,2.408
5285.0,2.408
5286.0,2.408
5287.0,2.408
5288.0,2.408
5289.0,2.408
5290.0,2.408
5291.0,2.408
5292.0,2.4509999999999996
5293.0,2.408
5294.0,2.408
5295.0,2.408
5296.0,2.408
5297.0,2.408
5298.0,2.4509999999999996
5299.0,2.4509999999999996
5300.0,2.408
5301.0,2.408
5302.0,2.408
5303.0,2.408
5304.0,2.408
5305.0,2.408
5306.0,2.408
5307.0,2.408
5308.0,2.408
5309.0,2.408
5310.0,2.408
5311.0,2.408
5312.0,2.4509999999999996
5313.0,2.408
5314.0,2.408
5315.0,2.408
5316.0,2.408
5317.0,2.408
5318.0,2.408
5319.0,2.408
5320.0,2.408
5321.0,2.408
5322.0,2.408
5323.0,2.408
5324.0,2.408
5325.0,2.408
5326.0,2.408
5327.0,2.408
5328.0,2.4509999999999996
5329.0,2.408
5330.0,2.408
5331.0,2.408
5332.0,2.408
5333.0,2.408
5334.0,2.408
5335.0,2.408
5336.0,2.408
5337.0,2.408
5338.0,2.408
5339.0,2.408
5340.0,2.408
5341.0,2.408
5342.0,2.408
5343.0,2.408
5344.0,2.408
5345.0,2.408
5346.0,2.4509999999999996
5347.0,2.4509999999999996
5348.0,2.408
5349.0,2.408
5350.0,2.408
5351.0,2.408
5352.0,2.408
5353.0,2.408
5354.0,2.408
5355.0,2.408
5356.0,2.4509999999999996
5357.0,2.408
5358.0,2.4509999999999996
5359.0,2.408
5360.0,2.4509999999999996
5361.0,2.408
5362.0,2.408
5363.0,2.408
5364.0,2.4509999999999996
5365.0,2.408
5366.0,2.408
5367.0,2.408
5368.0,2.408
5369.0,2.408
5370.0,2.408
5371.0,2.408
5372.0,2.408
5373.0,2.408
5374.0,2.408
5375.0,2.408
5376.0,2.408
5377.0,2.408
5378.0,2.408
5379.0,2.408
5380.0,2.408
5381.0,2.408
5382.0,2.408
5383.0,2.408
5384.0,2.408
5385.0,2.408
5386.0,2.408
5387.0,2.408
5388.0,2.408
5389.0,2.408
5390.0,2.408
5391.0,2.408
5392.0,2.4509999999999996
5393.0,2.408
5394.0,2.408
5395.0,2.408
5396.0,2.408
5397.0,2.408
5398.0,2.408
5399.0,2.408
5400.0,2.408
5401.0,2.408
5402.0,2.408
5403.0,2.408
5404.0,2.408
5405.0,2.408
5406.0,2.408
5407.0,2.408
5408.0,2.408
5409.0,2.408
5410.0,2.408
5411.0,2.408
5412.0,2.408
5413.0,2.408
5414.0,2.4509999999999996
5415.0,2.408
5416.0,2.408
5417.0,2.408
5418.0,2.408
5419.0,2.408
5420.0,2.408
5421.0,2.408
5422.0,2.408
5423.0,2.408
5424.0,2.408
5425.0,2.408
5426.0,2.4509999999999996
5427.0,2.408
5428.0,2.408
5429.0,2.408
5430.0,2.408
5431.0,2.408
5432.0,2.408
5433.0,2.408
5434.0,2.408
5435.0,2.408
5436.0,2.408
5437.0,2.408
5438.0,2.4509999999999996
5439.0,2.408
5440.0,2.408
5441.0,2.408
5442.0,2.4509999999999996
5443.0,2.408
5444.0,2.408
5445.0,2.408
5446.0,2.408
5447.0,2.408
5448.0,2.408
5449.0,2.408
5450.0,2.408
5451.0,2.408
5452.0,2.408
5453.0,2.408
5454.0,2.408
5455.0,2.4509999999999996
5456.0,2.408
5457.0,2.408
5458.0,2.4509999999999996
5459.0,2.408
5460.0,2.408
5461.0,2.408
5462.0,2.4509999999999996
5463.0,2.408
5464.0,2.408
5465.0,2.408
5466.0,2.408
5467.0,2.408
5468.0,2.408
5469.0,2.408
5470.0,2.408
5471.0,2.408
5472.0,2.408
5473.0,2.408
5474.0,2.408
5475.0,2.408
5476.0,2.4509999999999996
5477.0,2.408
5478.0,2.408
5479.0,2.408
5480.0,2.408
5481.0,2.408
5482.0,2.3649999999999998
5483.0,2.408
5484.0,2.408
5485.0,2.408
5486.0,2.408
5487.0,2.408
5488.0,2.408
5489.0,2.408
5490.0,2.408
5491.0,2.408
5492.0,2.408
5493.0,2.408
5494.0,2.408
5495.0,2.408
5496.0,2.3649999999999998
5497.0,2.408
5498.0,2.408
5499.0,2.408
5500.0,2.408
5501.0,2.408
5502.0,2.408
5503.0,2.408
5504.0,2.408
5505.0,2.408
5506.0,2.408
5507.0,2.408
5508.0,2.408
5509.0,2.408
5510.0,2.408
5511.0,2.408
5512.0,2.408
5513.0,2.408
5514.0,2.408
5515.0,2.408
5516.0,2.408
5517.0,2.408
5518.0,2.408
5519.0,2.408
5520.0,2.408
5521.0,2.408
5522.0,2.408
5523.0,2.408
5524.0,2.408
5525.0,2.408
5526.0,2.408
5527.0,2.408
5528.0,2.408
5529.0,2.408
5530.0,2.408
5531.0,2.408
5532.0,2.408
5533.0,2.408
5534.0,2.408
5535.0,2.408
5536.0,2.408
5537.0,2.408
5538.0,2.408
5539.0,2.408
5540.0,2.408
5541.0,2.408
5542.0,2.408
5543.0,2.408
5544.0,2.408
5545.0,2.408
5546.0,2.4509999999999996
5547.0,2.408
5548.0,2.408
5549.0,2.408
5550.0,2.408
5551.0,2.408
5552.0,2.408
5553.0,2.408
5554.0,2.4509999999999996
5555.0,2.408
5556.0,2.408
5557.0,2.408
5558.0,2.408
5559.0,2.408
5560.0,2.408
5561.0,2.408
5562.0,2.408
5563.0,2.408
5564.0,2.408
5565.0,2.408
5566.0,2.408
5567.0,2.408
5568.0,2.408
5569.0,2.408
5570.0,2.408
5571.0,2.408
5572.0,2.408
5573.0,2.408
5574.0,2.3649999999999998
5575.0,2.408
5576.0,2.408
5577.0,2.408
5578.0,2.408
5579.0,2.408
5580.0,2.4509999999999996
5581.0,2.408
5582.0,2.4509999999999996
5583.0,2.408
5584.0,2.4509999999999996
5585.0,2.408
5586.0,2.408
5587.0,2.408
5588.0,2.408
5589.0,2.408
5590.0,2.408
5591.0,2.408
5592.0,2.408
5593.0,2.408
5594.0,2.408
5595.0,2.408
5596.0,2.408
5597.0,2.4509999999999996
5598.0,2.4509999999999996
5599.0,2.4509999999999996
5600.0,2.408
5601.0,2.408
5602.0,2.408
5603.0,2.408
5604.0,2.408
5605.0,2.408
5606.0,2.408
5607.0,2.408
5608.0,2.408
5609.0,2.408
5610.0,2.408
5611.0,2.408
5612.0,2.408
5613.0,2.408
5614.0,2.408
5615.0,2.408
5616.0,2.408
5617.0,2.408
5618.0,2.408
5619.0,2.408
5620.0,2.408
5621.0,2.408
5622.0,2.408
5623.0,2.408
5624.0,2.408
5625.0,2.408
5626.0,2.408
5627.0,2.408
5628.0,2.408
5629.0,2.408
5630.0,2.408
5631.0,2.408
5632.0,2.408
5633.0,2.408
5634.0,2.408
5635.0,2.408
5636.0,2.408
5637.0,2.408
5638.0,2.408
5639.0,2.408
5640.0,2.408
5641.0,2.408
5642.0,2.408
5643.0,2.408
5644.0,2.408
5645.0,2.408
5646.0,2.408
5647.0,2.408
5648.0,2.4509999999999996
5649.0,2.408
5650.0,2.408
5651.0,2.408
5652.0,2.408
5653.0,2.408
5654.0,2.408
5655.0,2.408
5656.0,2.408
5657.0,2.408
5658.0,2.408
5659.0,2.408
5660.0,2.4509999999999996
5661.0,2.408
5662.0,2.408
5663.0,2.408
5664.0,2.408
5665.0,2.408
5666.0,2.408
5667.0,2.408
5668.0,2.408
5669.0,2.408
5670.0,2.408
5671.0,2.408
5672.0,2.408
5673.0,2.408
5674.0,2.4509999999999996
5675.0,2.408
5676.0,2.408
5677.0,2.408
5678.0,2.408
5679.0,2.408
5680.0,2.4509999999999996
5681.0,2.408
5682.0,2.408
5683.0,2.408
5684.0,2.408
5685.0,2.408
5686.0,2.408
5687.0,2.408
5688.0,2.408
5689.0,2.408
5690.0,2.408
5691.0,2.408
5692.0,2.408
5693.0,2.408
5694.0,2.408
5695.0,2.408
5696.0,2.408
5697.0,2.408
5698.0,2.408
5699.0,2.408
5700.0,2.4509999999999996
5701.0,2.408
5702.0,2.408
5703.0,2.408
5704.0,2.408
5705.0,2.408
5706.0,2.408
5707.0,2.408
5708.0,2.408
5709.0,2.408
5710.0,2.408
5711.0,2.408
5712.0,2.408
5713.0,2.408
5714.0,2.408
5715.0,2.408
5716.0,2.4509999999999996
5717.0,2.408
5718.0,2.408
5719.0,2.408
5720.0,2.408
5721.0,2.408
5722.0,2.408
5723.0,2.408
5724.0,2.408
5725.0,2.408
5726.0,2.408
5727.0,2.408
5728.0,2.408
5729.0,2.408
5730.0,2.408
5731.0,2.408
5732.0,2.408
5733.0,2.408
5734.0,2.408
5735.0,2.408
5736.0,2.408
5737.0,2.408
5738.0,2.408
5739.0,2.408
5740.0,2.408
5741.0,2.408
5742.0,2.408
5743.0,2.408
5744.0,2.408
5745.0,2.408
5746.0,2.408
5747.0,2.408
5748.0,2.408
5749.0,2.408
5750.0,2.408
5751.0,2.408
5752.0,2.408
5753.0,2.408
5754.0,2.408
5755.0,2.408
5756.0,2.408
5757.0,2.408
5758.0,2.408
5759.0,2.408
5760.0,2.408
5761.0,2.408
5762.0,2.408
5763.0,2.408
5764.0,2.408
5765.0,2.408
5766.0,2.408
5767.0,2.408
5768.0,2.408
5769.0,2.408
5770.0,2.408
5771.0,2.408
5772.0,2.4509999999999996
5773.0,2.408
5774.0,2.408
5775.0,2.408
5776.0,2.408
5777.0,2.408
5778.0,2.408
5779.0,2.408
5780.0,2.408
5781.0,2.408
5782.0,2.4509999999999996
5783.0,2.408
5784.0,2.408
5785.0,2.408
5786.0,2.4509999999999996
5787.0,2.408
5788.0,2.408
5789.0,2.408
5790.0,2.408
5791.0,2.408
5792.0,2.408
5793.0,2.408
5794.0,2.4509999999999996
5795.0,2.408
5796.0,2.408
5797.0,2.408
5798.0,2.408
5799.0,2.408
5800.0,2.408
5801.0,2.408
5802.0,2.408
5803.0,2.408
5804.0,2.408
5805.0,2.408
5806.0,2.4509999999999996
5807.0,2.408
5808.0,2.408
5809.0,2.408
5810.0,2.408
5811.0,2.408
5812.0,2.408
5813.0,2.408
5814.0,2.408
5815.0,2.4509999999999996
5816.0,2.4509999999999996
5817.0,2.408
5818.0,2.408
5819.0,2.408
5820.0,2.408
5821.0,2.408
5822.0,2.408
5823.0,2.408
5824.0,2.408
5825.0,2.408
5826.0,2.408
5827.0,2.408
5828.0,2.3649999999999998
5829.0,2.408
5830.0,2.3649999999999998
5831.0,2.408
5832.0,2.408
5833.0,2.408
5834.0,2.408
5835.0,2.408
5836.0,2.408
5837.0,2.408
5838.0,2.408
5839.0,2.408
5840.0,2.4509999999999996
5841.0,2.408
5842.0,2.408
5843.0,2.408
5844.0,2.408
5845.0,2.408
5846.0,2.408
5847.0,2.408
5848.0,2.408
5849.0,2.408
5850.0,2.408
5851.0,2.408
5852.0,2.408
5853.0,2.408
5854.0,2.408
5855.0,2.408
5856.0,2.408
5857.0,2.408
5858.0,2.408
5859.0,2.408
5860.0,2.408
5861.0,2.408
5862.0,2.408
5863.0,2.408
5864.0,2.408
5865.0,2.408
5866.0,2.408
5867.0,2.408
5868.0,2.408
5869.0,2.408
5870.0,2.408
5871.0,2.408
5872.0,2.408
5873.0,2.408
5874.0,2.408
5875.0,2.408
5876.0,2.408
5877.0,2.408
5878.0,2.408
5879.0,2.408
5880.0,2.408
5881.0,2.408
5882.0,2.408
5883.0,2.408
5884.0,2.408
5885.0,2.408
5886.0,2.408
5887.0,2.408
5888.0,2.408
5889.0,2.408
5890.0,2.408
5891.0,2.408
5892.0,2.408
5893.0,2.408
5894.0,2.408
5895.0,2.408
5896.0,2.408
5897.0,2.408
5898.0,2.408
5899.0,2.408
5900.0,2.408
5901.0,2.408
5902.0,2.408
5903.0,2.408
5904.0,2.408
5905.0,2.408
5906.0,2.408
5907.0,2.408
5908.0,2.408
5909.0,2.408
5910.0,2.408
5911.0,2.408
5912.0,2.408
5913.0,2.408
5914.0,2.408
5915.0,2.408
5916.0,2.408
5917.0,2.408
5918.0,2.4509999999999996
5919.0,2.408
5920.0,2.408
5921.0,2.408
5922.0,2.408
5923.0,2.408
5924.0,2.4509999999999996
5925.0,2.408
5926.0,2.408
5927.0,2.408
5928.0,2.408
5929.0,2.408
5930.0,2.408
5931.0,2.408
5932.0,2.408
5933.0,2.408
5934.0,2.408
5935.0,2.408
5936.0,2.408
5937.0,2.408
5938.0,2.408
5939.0,2.408
5940.0,2.408
5941.0,2.408
5942.0,2.408
5943.0,2.408
5944.0,2.4509999999999996
5945.0,2.408
5946.0,2.408
5947.0,2.408
5948.0,2.408
5949.0,2.408
5950.0,2.408
5951.0,2.408
5952.0,2.408
5953.0,2.408
5954.0,2.408
5955.0,2.408
5956.0,2.408
5957.0,2.408
5958.0,2.4509999999999996
5959.0,2.408
5960.0,2.408
5961.0,2.408
5962.0,2.408
5963.0,2.408
5964.0,2.408
5965.0,2.408
5966.0,2.408
5967.0,2.408
5968.0,2.408
5969.0,2.408
5970.0,2.408
5971.0,2.408
5972.0,2.408
5973.0,2.408
5974.0,2.408
5975.0,2.408
5976.0,2.4509999999999996
5977.0,2.408
5978.0,2.408
5979.0,2.408
5980.0,2.4509999999999996
5981.0,2.408
5982.0,2.3649999999999998
5983.0,2.408
5984.0,2.408
5985.0,2.408
5986.0,2.3649999999999998
5987.0,2.408
5988.0,2.408
5989.0,2.408
5990.0,2.408
5991.0,2.408
5992.0,2.408
5993.0,2.408
5994.0,2.408
5995.0,2.408
5996.0,2.408
5997.0,2.408
5998.0,2.408
5999.0,2.408
6000.0,2.408
6001.0,2.408
6002.0,2.408
6003.0,2.408
6004.0,2.408
6005.0,2.408
6006.0,2.408
6007.0,2.408
6008.0,2.408
6009.0,2.408
6010.0,2.408
6011.0,2.3649999999999998
6012.0,2.408
6013.0,2.408
6014.0,2.408
6015.0,2.408
6016.0,2.408
6017.0,2.408
6018.0,2.408
6019.0,2.408
6020.0,2.408
6021.0,2.408
6022.0,2.408
6023.0,2.408
6024.0,2.4509999999999996
6025.0,2.408
6026.0,2.408
6027.0,2.408
6028.0,2.408
6029.0,2.408
6030.0,2.408
6031.0,2.408
6032.0,2.4509999999999996
6033.0,2.408
6034.0,2.4509999999999996
6035.0,2.408
6036.0,2.408
6037.0,2.408
6038.0,2.408
6039.0,2.408
6040.0,2.408
6041.0,2.408
6042.0,2.408
6043.0,2.408
6044.0,2.408
6045.0,2.408
6046.0,2.408
6047.0,2.408
6048.0,2.408
6049.0,2.408
6050.0,2.408
6051.0,2.408
6052.0,2.408
6053.0,2.408
6054.0,2.408
6055.0,2.408
6056.0,2.408
6057.0,2.408
6058.0,2.408
6059.0,2.408
6060.0,2.408
6061.0,2.408
6062.0,2.408
6063.0,2.408
6064.0,2.408
6065.0,2.408
6066.0,2.408
6067.0,2.408
6068.0,2.408
6069.0,2.408
6070.0,2.408
6071.0,2.408
6072.0,2.408
6073.0,2.408
6074.0,2.408
6075.0,2.408
6076.0,2.408
6077.0,2.408
6078.0,2.408
6079.0,2.408
6080.0,2.408
6081.0,2.408
6082.0,2.408
6083.0,2.4509999999999996
6084.0,2.408
6085.0,2.408
6086.0,2.408
6087.0,2.408
6088.0,2.408
6089.0,2.408
6090.0,2.408
6091.0,2.408
6092.0,2.408
6093.0,2.408
6094.0,2.408
6095.0,2.408
6096.0,2.408
6097.0,2.408
6098.0,2.408
6099.0,2.408
6100.0,2.408
6101.0,2.408
6102.0,2.408
6103.0,2.408
6104.0,2.408
6105.0,2.408
6106.0,2.408
6107.0,2.408
6108.0,2.408
6109.0,2.408
6110.0,2.408
6111.0,2.408
6112.0,2.408
6113.0,2.408
6114.0,2.408
6115.0,2.408
6116.0,2.408
6117.0,2.408
6118.0,2.408
6119.0,2.408
6120.0,2.408
6121.0,2.408
6122.0,2.408
6123.0,2.408
6124.0,2.408
6125.0,2.408
6126.0,2.408
6127.0,2.408
6128.0,2.408
6129.0,2.408
6130.0,2.408
6131.0,2.408
6132.0,2.408
6133.0,2.408
6134.0,2.408
6135.0,2.408
6136.0,2.408
6137.0,2.408
6138.0,2.408
6139.0,2.408
6140.0,2.408
6141.0,2.408
6142.0,2.4509999999999996
6143.0,2.408
6144.0,2.408
6145.0,2.408
6146.0,2.408
6147.0,2.408
6148.0,2.408
6149.0,2.408
6150.0,2.408
6151.0,2.408
6152.0,2.408
6153.0,2.408
6154.0,2.408
6155.0,2.408
6156.0,2.408
6157.0,2.408
6158.0,2.408
6159.0,2.408
6160.0,2.408
6161.0,2.408
6162.0,2.408
6163.0,2.408
6164.0,2.408
6165.0,2.408
6166.0,2.408
6167.0,2.408
6168.0,2.408
6169.0,2.408
6170.0,2.408
6171.0,2.408
6172.0,2.408
6173.0,2.408
6174.0,2.408
6175.0,2.408
6176.0,2.408
6177.0,2.408
6178.0,2.408
6179.0,2.408
6180.0,2.408
6181.0,2.408
6182.0,2.408
6183.0,2.408
6184.0,2.408
6185.0,2.408
6186.0,2.408
6187.0,2.408
6188.0,2.408
6189.0,2.408
6190.0,2.408
6191.0,2.408
6192.0,2.408
6193.0,2.408
6194.0,2.408
6195.0,2.408
6196.0,2.408
6197.0,2.408
6198.0,2.408
6199.0,2.408
6200.0,2.408
6201.0,2.408
6202.0,2.408
6203.0,2.408
6204.0,2.408
6205.0,2.408
6206.0,2.408
6207.0,2.408
6208.0,2.408
6209.0,2.408
6210.0,2.408
6211.0,2.408
6212.0,2.408
6213.0,2.408
6214.0,2.408
6215.0,2.408
6216.0,2.408
6217.0,2.408
6218.0,2.408
6219.0,2.408
6220.0,2.408
6221.0,2.408
6222.0,2.408
6223.0,2.408
6224.0,2.4509999999999996
6225.0,2.408
6226.0,2.408
6227.0,2.408
6228.0,2.408
6229.0,2.408
6230.0,2.408
6231.0,2.408
6232.0,2.408
6233.0,2.408
6234.0,2.408
6235.0,2.408
6236.0,2.408
6237.0,2.408
6238.0,2.408
6239.0,2.408
6240.0,2.408
6241.0,2.408
6242.0,2.408
6243.0,2.408
6244.0,2.408
6245.0,2.408
6246.0,2.408
6247.0,2.408
6248.0,2.408
6249.0,2.408
6250.0,2.408
6251.0,2.408
6252.0,2.408
6253.0,2.408
6254.0,2.408
6255.0,2.408
6256.0,2.408
6257.0,2.408
6258.0,2.408
6259.0,2.408
6260.0,2.408
6261.0,2.408
6262.0,2.408
6263.0,2.408
6264.0,2.408
6265.0,2.408
6266.0,2.408
6267.0,2.408
6268.0,2.408
6269.0,2.408
6270.0,2.408
6271.0,2.408
6272.0,2.408
6273.0,2.408
6274.0,2.4509999999999996
6275.0,2.408
6276.0,2.408
6277.0,2.408
6278.0,2.4509999999999996
6279.0,2.408
6280.0,2.408
6281.0,2.408
6282.0,2.4509999999999996
6283.0,2.408
6284.0,2.408
6285.0,2.408
6286.0,2.408
6287.0,2.408
6288.0,2.408
6289.0,2.408
6290.0,2.408
6291.0,2.408
6292.0,2.408
6293.0,2.408
6294.0,2.408
6295.0,2.408
6296.0,2.408
6297.0,2.408
6298.0,2.408
6299.0,2.408
6300.0,2.408
6301.0,2.408
6302.0,2.408
6303.0,2.408
6304.0,2.408
6305.0,2.408
6306.0,2.408
6307.0,2.408
6308.0,2.408
6309.0,2.408
6310.0,2.3649999999999998
6311.0,2.408
6312.0,2.3649999999999998
6313.0,2.408
6314.0,2.408
6315.0,2.408
6316.0,2.408
6317.0,2.408
6318.0,2.408
6319.0,2.408
6320.0,2.408
6321.0,2.408
6322.0,2.408
6323.0,2.408
6324.0,2.408
6325.0,2.408
6326.0,2.408
6327.0,2.408
6328.0,2.408
6329.0,2.408
6330.0,2.408
6331.0,2.408
6332.0,2.408
6333.0,2.408
6334.0,2.408
6335.0,2.408
6336.0,2.408
6337.0,2.408
6338.0,2.408
6339.0,2.408
6340.0,2.408
6341.0,2.408
6342.0,2.408
6343.0,2.408
6344.0,2.408
6345.0,2.408
6346.0,2.408
6347.0,2.408
6348.0,2.408
6349.0,2.408
6350.0,2.408
6351.0,2.408
6352.0,2.408
6353.0,2.408
6354.0,2.408
6355.0,2.408
6356.0,2.408
6357.0,2.408
6358.0,2.408
6359.0,2.408
6360.0,2.408
6361.0,2.408
6362.0,2.408
6363.0,2.408
6364.0,2.408
6365.0,2.408
6366.0,2.408
6367.0,2.408
6368.0,2.408
6369.0,2.408
6370.0,2.408
6371.0,2.408
6372.0,2.408
6373.0,2.408
6374.0,2.408
6375.0,2.408
6376.0,2.408
6377.0,2.408
6378.0,2.408
6379.0,2.408
6380.0,2.408
6381.0,2.408
6382.0,2.408
6383.0,2.408
6384.0,2.408
6385.0,2.408
6386.0,2.408
6387.0,2.408
6388.0,2.408
6389.0,2.408
6390.0,2.408
6391.0,2.408
6392.0,2.408
6393.0,2.408
6394.0,2.3649999999999998
6395.0,2.408
6396.0,2.408
6397.0,2.408
6398.0,2.408
6399.0,2.408
6400.0,2.408
6401.0,2.408
6402.0,2.408
6403.0,2.408
6404.0,2.408
6405.0,2.408
6406.0,2.408
6407.0,2.408
6408.0,2.408
6409.0,2.408
6410.0,2.408
6411.0,2.3649999999999998
6412.0,2.408
6413.0,2.408
6414.0,2.408
6415.0,2.408
6416.0,2.408
6417.0,2.408
6418.0,2.408
6419.0,2.408
6420.0,2.408
6421.0,2.408
6422.0,2.408
6423.0,2.408
6424.0,2.408
6425.0,2.408
6426.0,2.408
6427.0,2.408
6428.0,2.408
6429.0,2.408
6430.0,2.408
6431.0,2.408
6432.0,2.408
6433.0,2.408
6434.0,2.408
6435.0,2.408
6436.0,2.408
6437.0,2.408
6438.0,2.408
6439.0,2.408
6440.0,2.408
6441.0,2.408
6442.0,2.408
6443.0,2.408
6444.0,2.408
6445.0,2.408
6446.0,2.408
6447.0,2.3649999999999998
6448.0,2.408
6449.0,2.408
6450.0,2.408
6451.0,2.408
6452.0,2.408
6453.0,2.408
6454.0,2.408
6455.0,2.408
6456.0,2.408
6457.0,2.408
6458.0,2.408
6459.0,2.408
6460.0,2.408
6461.0,2.408
6462.0,2.408
6463.0,2.408
6464.0,2.408
6465.0,2.408
6466.0,2.408
6467.0,2.408
6468.0,2.408
6469.0,2.408
6470.0,2.408
6471.0,2.408
6472.0,2.408
6473.0,2.408
6474.0,2.408
6475.0,2.408
6476.0,2.408
6477.0,2.408
6478.0,2.408
6479.0,2.408
6480.0,2.3649999999999998
6481.0,2.408
6482.0,2.408
6483.0,2.408
6484.0,2.408
6485.0,2.408
6486.0,2.408
6487.0,2.408
6488.0,2.408
6489.0,2.408
6490.0,2.408
6491.0,2.408
6492.0,2.408
6493.0,2.408
6494.0,2.3649999999999998
6495.0,2.408
6496.0,2.408
6497.0,2.408
6498.0,2.408
6499.0,2.408
6500.0,2.4509999999999996
6501.0,2.408
6502.0,2.408
6503.0,2.3649999999999998
6504.0,2.408
6505.0,2.408
6506.0,2.408
6507.0,2.408
6508.0,2.408
6509.0,2.408
6510.0,2.408
6511.0,2.408
6512.0,2.408
6513.0,2.408
6514.0,2.408
6515.0,2.408
6516.0,2.408
6517.0,2.408
6518.0,2.408
6519.0,2.408
6520.0,2.408
6521.0,2.408
6522.0,2.408
6523.0,2.408
6524.0,2.408
6525.0,2.408
6526.0,2.408
6527.0,2.408
6528.0,2.408
6529.0,2.408
6530.0,2.408
6531.0,2.408
6532.0,2.408
6533.0,2.408
6534.0,2.408
6535.0,2.408
6536.0,2.408
6537.0,2.408
6538.0,2.408
6539.0,2.408
6540.0,2.408
6541.0,2.408
6542.0,2.408
6543.0,2.408
6544.0,2.408
6545.0,2.408
6546.0,2.408
6547.0,2.408
6548.0,2.408
6549.0,2.408
6550.0,2.408
6551.0,2.408
6552.0,2.408
6553.0,2.408
6554.0,2.408
6555.0,2.408
6556.0,2.408
6557.0,2.408
6558.0,2.408
6559.0,2.408
6560.0,2.408
6561.0,2.408
6562.0,2.408
6563.0,2.408
6564.0,2.408
6565.0,2.408
6566.0,2.408
6567.0,2.408
6568.0,2.408
6569.0,2.408
6570.0,2.408
6571.0,2.408
6572.0,2.408
6573.0,2.408
6574.0,2.408
6575.0,2.408
6576.0,2.408
6577.0,2.408
6578.0,2.408
6579.0,2.408
6580.0,2.408
6581.0,2.408
6582.0,2.408
6583.0,2.408
6584.0,2.408
6585.0,2.408
6586.0,2.408
6587.0,2.408
6588.0,2.408
6589.0,2.408
6590.0,2.408
6591.0,2.408
6592.0,2.408
6593.0,2.408
6594.0,2.408
6595.0,2.408
6596.0,2.408
6597.0,2.408
6598.0,2.408
6599.0,2.408
6600.0,2.408
6601.0,2.408
6602.0,2.408
6603.0,2.408
6604.0,2.408
6605.0,2.408
6606.0,2.408
6607.0,2.408
6608.0,2.408
6609.0,2.408
6610.0,2.408
6611.0,2.408
6612.0,2.408
6613.0,2.408
6614.0,2.408
6615.0,2.408
6616.0,2.408
6617.0,2.408
6618.0,2.408
6619.0,2.408
6620.0,2.408
6621.0,2.408
6622.0,2.3649999999999998
6623.0,2.408
6624.0,2.408
6625.0,2.408
6626.0,2.408
6627.0,2.408
6628.0,2.408
6629.0,2.408
6630.0,2.4509999999999996
6631.0,2.408
6632.0,2.408
6633.0,2.408
6634.0,2.408
6635.0,2.408
6636.0,2.408
6637.0,2.3649999999999998
6638.0,2.408
6639.0,2.408
6640.0,2.408
6641.0,2.408
6642.0,2.408
6643.0,2.408
6644.0,2.408
6645.0,2.408
6646.0,2.408
6647.0,2.408
6648.0,2.408
6649.0,2.408
6650.0,2.408
6651.0,2.408
6652.0,2.408
6653.0,2.408
6654.0,2.408
6655.0,2.408
6656.0,2.408
6657.0,2.408
6658.0,2.408
6659.0,2.408
6660.0,2.408
6661.0,2.408
6662.0,2.408
6663.0,2.408
6664.0,2.408
6665.0,2.408
6666.0,2.408
6667.0,2.408
6668.0,2.408
6669.0,2.408
6670.0,2.408
6671.0,2.408
6672.0,2.408
6673.0,2.408
6674.0,2.408
6675.0,2.408
6676.0,2.408
6677.0,2.408
6678.0,2.408
6679.0,2.408
6680.0,2.408
6681.0,2.408
6682.0,2.408
6683.0,2.408
6684.0,2.408
6685.0,2.408
6686.0,2.408
6687.0,2.408
6688.0,2.408
6689.0,2.408
6690.0,2.408
6691.0,2.408
6692.0,2.408
6693.0,2.408
6694.0,2.408
6695.0,2.408
6696.0,2.408
6697.0,2.408
6698.0,2.4509999999999996
6699.0,2.408
6700.0,2.408
6701.0,2.408
6702.0,2.408
6703.0,2.408
6704.0,2.408
6705.0,2.408
6706.0,2.408
6707.0,2.408
6708.0,2.408
6709.0,2.408
6710.0,2.408
6711.0,2.408
6712.0,2.408
6713.0,2.408
6714.0,2.408
6715.0,2.408
6716.0,2.408
6717.0,2.408
6718.0,2.408
6719.0,2.408
6720.0,2.408
6721.0,2.408
6722.0,2.3649999999999998
6723.0,2.408
6724.0,2.408
6725.0,2.408
6726.0,2.408
6727.0,2.408
6728.0,2.408
6729.0,2.408
6730.0,2.408
6731.0,2.408
6732.0,2.408
6733.0,2.408
6734.0,2.408
6735.0,2.408
6736.0,2.408
6737.0,2.408
6738.0,2.408
6739.0,2.408
6740.0,2.408
6741.0,2.408
6742.0,2.408
6743.0,2.408
6744.0,2.408
6745.0,2.408
6746.0,2.408
6747.0,2.408
6748.0,2.408
6749.0,2.408
6750.0,2.408
6751.0,2.4509999999999996
6752.0,2.408
6753.0,2.408
6754.0,2.3649999999999998
6755.0,2.408
6756.0,2.408
6757.0,2.408
6758.0,2.408
6759.0,2.408
6760.0,2.408
6761.0,2.408
6762.0,2.3649999999999998
6763.0,2.408
6764.0,2.408
6765.0,2.408
6766.0,2.408
6767.0,2.408
6768.0,2.408
6769.0,2.408
6770.0,2.408
6771.0,2.408
6772.0,2.408
6773.0,2.408
6774.0,2.408
6775.0,2.408
6776.0,2.408
6777.0,2.408
6778.0,2.408
6779.0,2.408
6780.0,2.408
6781.0,2.408
6782.0,2.408
6783.0,2.408
6784.0,2.408
6785.0,2.408
6786.0,2.408
6787.0,2.408
6788.0,2.408
6789.0,2.408
6790.0,2.408
6791.0,2.408
6792.0,2.408
6793.0,2.408
6794.0,2.408
6795.0,2.408
6796.0,2.408
6797.0,2.408
6798.0,2.408
6799.0,2.408
6800.0,2.408
6801.0,2.408
6802.0,2.408
6803.0,2.408
6804.0,2.408
6805.0,2.408
6806.0,2.4509999999999996
6807.0,2.408
6808.0,2.408
6809.0,2.408
6810.0,2.408
6811.0,2.408
6812.0,2.408
6813.0,2.408
6814.0,2.408
6815.0,2.408
6816.0,2.408
6817.0,2.408
6818.0,2.408
6819.0,2.408
6820.0,2.408
6821.0,2.408
6822.0,2.408
6823.0,2.408
6824.0,2.408
6825.0,2.408
6826.0,2.408
6827.0,2.408
6828.0,2.408
6829.0,2.408
6830.0,2.408
6831.0,2.408
6832.0,2.3649999999999998
6833.0,2.408
6834.0,2.408
6835.0,2.408
6836.0,2.408
6837.0,2.408
6838.0,2.408
6839.0,2.408
6840.0,2.3649999999999998
6841.0,2.4509999999999996
6842.0,2.408
6843.0,2.408
6844.0,2.408
6845.0,2.408
6846.0,2.408
6847.0,2.408
6848.0,2.408
6849.0,2.408
6850.0,2.408
6851.0,2.408
6852.0,2.408
6853.0,2.408
6854.0,2.408
6855.0,2.408
6856.0,2.408
6857.0,2.408
6858.0,2.408
6859.0,2.408
6860.0,2.408
6861.0,2.408
6862.0,2.408
6863.0,2.408
6864.0,2.408
6865.0,2.408
6866.0,2.408
6867.0,2.408
6868.0,2.408
6869.0,2.408
6870.0,2.408
6871.0,2.408
6872.0,2.408
6873.0,2.408
6874.0,2.408
6875.0,2.408
6876.0,2.408
6877.0,2.408
6878.0,2.408
6879.0,2.408
6880.0,2.408
6881.0,2.408
6882.0,2.408
6883.0,2.408
6884.0,2.408
6885.0,2.408
6886.0,2.408
6887.0,2.408
6888.0,2.3649999999999998
6889.0,2.408
6890.0,2.408
6891.0,2.408
6892.0,2.408
6893.0,2.408
6894.0,2.408
6895.0,2.408
6896.0,2.408
6897.0,2.408
6898.0,2.408
6899.0,2.408
6900.0,2.408
6901.0,2.408
6902.0,2.408
6903.0,2.408
6904.0,2.408
6905.0,2.408
6906.0,2.408
6907.0,2.408
6908.0,2.408
6909.0,2.408
6910.0,2.408
6911.0,2.408
6912.0,2.408
6913.0,2.408
6914.0,2.408
6915.0,2.408
6916.0,2.408
6917.0,2.408
6918.0,2.3649999999999998
6919.0,2.408
6920.0,2.408
6921.0,2.408
6922.0,2.408
6923.0,2.408
6924.0,2.408
6925.0,2.408
6926.0,2.408
6927.0,2.408
6928.0,2.3649999999999998
6929.0,2.408
6930.0,2.408
6931.0,2.408
6932.0,2.408
6933.0,2.408
6934.0,2.408
6935.0,2.408
6936.0,2.408
6937.0,2.408
6938.0,2.408
6939.0,2.408
6940.0,2.408
6941.0,2.408
6942.0,2.408
6943.0,2.408
6944.0,2.408
6945.0,2.408
6946.0,2.408
6947.0,2.408
6948.0,2.408
6949.0,2.408
6950.0,2.408
6951.0,2.408
6952.0,2.408
6953.0,2.408
6954.0,2.408
6955.0,2.408
6956.0,2.408
6957.0,2.408
6958.0,2.408
6959.0,2.408
6960.0,2.408
6961.0,2.408
6962.0,2.408
6963.0,2.408
6964.0,2.408
6965.0,2.408
6966.0,2.408
6967.0,2.408
6968.0,2.408
6969.0,2.408
6970.0,2.408
6971.0,2.408
6972.0,2.408
6973.0,2.408
6974.0,2.408
6975.0,2.408
6976.0,2.408
6977.0,2.408
6978.0,2.408
6979.0,2.408
6980.0,2.408
6981.0,2.408
6982.0,2.408
6983.0,2.408
6984.0,2.408
6985.0,2.408
6986.0,2.408
6987.0,2.408
6988.0,2.408
6989.0,2.408
6990.0,2.408
6991.0,2.408
6992.0,2.408
6993.0,2.408
6994.0,2.408
6995.0,2.408
6996.0,2.3649999999999998
6997.0,2.408
6998.0,2.408
6999.0,2.408
7000.0,2.3649999999999998
7001.0,2.408
7002.0,2.408
7003.0,2.408
7004.0,2.408
7005.0,2.408
7006.0,2.408
7007.0,2.408
7008.0,2.3649999999999998
7009.0,2.408
7010.0,2.408
7011.0,2.408
7012.0,2.408
7013.0,2.408
7014.0,2.408
7015.0,2.408
7016.0,2.408
7017.0,2.408
7018.0,2.408
7019.0,2.408
7020.0,2.408
7021.0,2.408
7022.0,2.408
7023.0,2.408
7024.0,2.408
7025.0,2.408
7026.0,2.408
7027.0,2.408
7028.0,2.408
7029.0,2.408
7030.0,2.408
7031.0,2.408
7032.0,2.408
7033.0,2.408
7034.0,2.408
7035.0,2.408
7036.0,2.408
7037.0,2.408
7038.0,2.408
7039.0,2.408
7040.0,2.408
7041.0,2.408
7042.0,2.408
7043.0,2.408
7044.0,2.408
7045.0,2.408
7046.0,2.408
7047.0,2.408
7048.0,2.408
7049.0,2.408
7050.0,2.408
7051.0,2.408
7052.0,2.408
7053.0,2.408
7054.0,2.408
7055.0,2.408
7056.0,2.408
7057.0,2.408
7058.0,2.408
7059.0,2.408
7060.0,2.408
7061.0,2.408
7062.0,2.408
7063.0,2.408
7064.0,2.408
7065.0,2.408
7066.0,2.408
7067.0,2.408
7068.0,2.408
7069.0,2.408
7070.0,2.408
7071.0,2.408
7072.0,2.408
7073.0,2.408
7074.0,2.408
7075.0,2.408
7076.0,2.3649999999999998
7077.0,2.408
7078.0,2.408
7079.0,2.408
7080.0,2.408
7081.0,2.408
7082.0,2.408
7083.0,2.408
7084.0,2.408
7085.0,2.408
7086.0,2.3649999999999998
7087.0,2.408
7088.0,2.408
7089.0,2.408
7090.0,2.408
7091.0,2.408
7092.0,2.408
7093.0,2.408
7094.0,2.408
7095.0,2.408
7096.0,2.408
7097.0,2.408
7098.0,2.408
7099.0,2.408
7100.0,2.408
7101.0,2.408
7102.0,2.408
7103.0,2.408
7104.0,2.408
7105.0,2.408
7106.0,2.408
7107.0,2.408
7108.0,2.408
7109.0,2.408
7110.0,2.408
7111.0,2.408
7112.0,2.408
7113.0,2.408
7114.0,2.408
7115.0,2.408
7116.0,2.408
7117.0,2.408
7118.0,2.408
7119.0,2.408
7120.0,2.408
7121.0,2.408
7122.0,2.408
7123.0,2.408
7124.0,2.408
7125.0,2.408
7126.0,2.3649999999999998
7127.0,2.408
7128.0,2.408
7129.0,2.408
7130.0,2.408
7131.0,2.408
7132.0,2.408
7133.0,2.408
7134.0,2.408
7135.0,2.408
7136.0,2.408
7137.0,2.408
7138.0,2.408
7139.0,2.408
7140.0,2.408
7141.0,2.408
7142.0,2.408
7143.0,2.408
7144.0,2.408
7145.0,2.408
7146.0,2.408
7147.0,2.408
7148.0,2.408
7149.0,2.408
7150.0,2.408
7151.0,2.408
7152.0,2.408
7153.0,2.408
7154.0,2.408
7155.0,2.408
7156.0,2.408
7157.0,2.408
7158.0,2.408
7159.0,2.408
7160.0,2.408
7161.0,2.408
7162.0,2.408
7163.0,2.408
7164.0,2.408
7165.0,2.408
7166.0,2.408
7167.0,2.408
7168.0,2.408
7169.0,2.408
7170.0,2.408
7171.0,2.408
7172.0,2.408
7173.0,2.408
7174.0,2.408
7175.0,2.408
7176.0,2.408
7177.0,2.408
7178.0,2.408
7179.0,2.408
7180.0,2.408
7181.0,2.408
7182.0,2.408
7183.0,2.408
7184.0,2.408
7185.0,2.408
7186.0,2.408
7187.0,2.408
7188.0,2.3649999999999998
7189.0,2.408
7190.0,2.408
7191.0,2.408
7192.0,2.408
7193.0,2.408
7194.0,2.408
7195.0,2.408
7196.0,2.408
7197.0,2.408
7198.0,2.408
7199.0,2.408
7200.0,2.408
7201.0,2.408
7202.0,2.408
7203.0,2.408
7204.0,2.408
7205.0,2.408
7206.0,2.408
7207.0,2.408
7208.0,2.408
7209.0,2.408
7210.0,2.408
7211.0,2.408
7212.0,2.408
7213.0,2.408
7214.0,2.408
7215.0,2.408
7216.0,2.4509999999999996
7217.0,2.408
7218.0,2.408
7219.0,2.408
7220.0,2.3649999999999998
7221.0,2.408
7222.0,2.408
7223.0,2.408
7224.0,2.408
7225.0,2.408
7226.0,2.408
7227.0,2.408
7228.0,2.408
7229.0,2.408
7230.0,2.3649999999999998
7231.0,2.408
7232.0,2.4509999999999996
7233.0,2.408
7234.0,2.408
7235.0,2.408
7236.0,2.408
7237.0,2.408
7238.0,2.408
7239.0,2.408
7240.0,2.408
7241.0,2.408
7242.0,2.408
7243.0,2.408
7244.0,2.408
7245.0,2.408
7246.0,2.408
7247.0,2.408
7248.0,2.408
7249.0,2.408
7250.0,2.408
7251.0,2.408
7252.0,2.408
7253.0,2.408
7254.0,2.408
7255.0,2.408
7256.0,2.408
7257.0,2.408
7258.0,2.408
7259.0,2.408
7260.0,2.3649999999999998
7261.0,2.408
7262.0,2.408
7263.0,2.408
7264.0,2.408
7265.0,2.408
7266.0,2.408
7267.0,2.408
7268.0,2.408
7269.0,2.408
7270.0,2.3649999999999998
7271.0,2.408
7272.0,2.408
7273.0,2.408
7274.0,2.408
7275.0,2.408
7276.0,2.408
7277.0,2.408
7278.0,2.408
7279.0,2.408
7280.0,2.408
7281.0,2.408
7282.0,2.408
7283.0,2.408
7284.0,2.408
7285.0,2.408
7286.0,2.408
7287.0,2.408
7288.0,2.408
7289.0,2.408
7290.0,2.408
7291.0,2.408
7292.0,2.408
7293.0,2.408
7294.0,2.408
7295.0,2.408
7296.0,2.408
7297.0,2.408
7298.0,2.408
7299.0,2.408
7300.0,2.408
7301.0,2.408
7302.0,2.408
7303.0,2.408
7304.0,2.3649999999999998
7305.0,2.408
7306.0,2.408
7307.0,2.408
7308.0,2.408
7309.0,2.408
7310.0,2.408
7311.0,2.408
7312.0,2.408
7313.0,2.408
7314.0,2.408
7315.0,2.408
7316.0,2.408
7317.0,2.408
7318.0,2.408
7319.0,2.408
7320.0,2.408
7321.0,2.3649999999999998
7322.0,2.408
7323.0,2.408
7324.0,2.408
7325.0,2.408
7326.0,2.408
7327.0,2.408
7328.0,2.408
7329.0,2.408
7330.0,2.3649999999999998
7331.0,2.408
7332.0,2.408
7333.0,2.408
7334.0,2.408
7335.0,2.408
7336.0,2.408
7337.0,2.408
7338.0,2.408
7339.0,2.408
7340.0,2.408
7341.0,2.408
7342.0,2.408
7343.0,2.408
7344.0,2.408
7345.0,2.408
7346.0,2.408
7347.0,2.408
7348.0,2.408
7349.0,2.408
7350.0,2.408
7351.0,2.408
7352.0,2.408
7353.0,2.408
7354.0,2.408
7355.0,2.408
7356.0,2.408
7357.0,2.408
7358.0,2.408
7359.0,2.408
7360.0,2.408
7361.0,2.408
7362.0,2.408
7363.0,2.408
7364.0,2.408
7365.0,2.408
7366.0,2.408
7367.0,2.408
7368.0,2.408
7369.0,2.408
7370.0,2.408
7371.0,2.408
7372.0,2.408
7373.0,2.408
7374.0,2.408
7375.0,2.408
7376.0,2.408
7377.0,2.408
7378.0,2.408
7379.0,2.3649999999999998
7380.0,2.408
7381.0,2.408
7382.0,2.408
7383.0,2.408
7384.0,2.408
7385.0,2.408
7386.0,2.408
7387.0,2.408
7388.0,2.408
7389.0,2.408
7390.0,2.408
7391.0,2.408
7392.0,2.408
7393.0,2.408
7394.0,2.408
7395.0,2.408
7396.0,2.408
7397.0,2.408
7398.0,2.408
7399.0,2.408
7400.0,2.408
7401.0,2.408
7402.0,2.408
7403.0,2.408
7404.0,2.408
7405.0,2.408
7406.0,2.408
7407.0,2.408
7408.0,2.408
7409.0,2.408
7410.0,2.408
7411.0,2.408
7412.0,2.408
7413.0,2.408
7414.0,2.408
7415.0,2.408
7416.0,2.408
7417.0,2.408
7418.0,2.408
7419.0,2.408
7420.0,2.408
7421.0,2.408
7422.0,2.3649999999999998
7423.0,2.408
7424.0,2.4509999999999996
7425.0,2.408
7426.0,2.408
7427.0,2.408
7428.0,2.408
7429.0,2.408
7430.0,2.408
7431.0,2.408
7432.0,2.408
7433.0,2.408
7434.0,2.408
7435.0,2.408
7436.0,2.408
7437.0,2.408
7438.0,2.408
7439.0,2.408
7440.0,2.408
7441.0,2.408
7442.0,2.408
7443.0,2.408
7444.0,2.408
7445.0,2.408
7446.0,2.408
7447.0,2.408
7448.0,2.408
7449.0,2.408
7450.0,2.408
7451.0,2.408
7452.0,2.408
7453.0,2.408
7454.0,2.408
7455.0,2.408
7456.0,2.3649999999999998
7457.0,2.408
7458.0,2.408
7459.0,2.408
7460.0,2.408
7461.0,2.408
7462.0,2.3649999999999998
7463.0,2.408
7464.0,2.408
7465.0,2.408
7466.0,2.408
7467.0,2.408
7468.0,2.408
7469.0,2.408
7470.0,2.408
7471.0,2.408
7472.0,2.408
7473.0,2.408
7474.0,2.408
7475.0,2.408
7476.0,2.408
7477.0,2.408
7478.0,2.408
7479.0,2.408
7480.0,2.408
7481.0,2.408
7482.0,2.408
7483.0,2.408
7484.0,2.408
7485.0,2.408
7486.0,2.408
7487.0,2.408
7488.0,2.408
7489.0,2.408
7490.0,2.408
7491.0,2.408
7492.0,2.408
7493.0,2.408
7494.0,2.408
7495.0,2.408
7496.0,2.408
7497.0,2.3649999999999998
7498.0,2.408
7499.0,2.408
7500.0,2.408
7501.0,2.408
7502.0,2.408
7503.0,2.408
7504.0,2.408
7505.0,2.408
7506.0,2.408
7507.0,2.408
7508.0,2.408
7509.0,2.408
7510.0,2.408
7511.0,2.3649999999999998
7512.0,2.408
7513.0,2.408
7514.0,2.408
7515.0,2.408
7516.0,2.408
7517.0,2.408
7518.0,2.408
7519.0,2.408
7520.0,2.408
7521.0,2.408
7522.0,2.408
7523.0,2.408
7524.0,2.408
7525.0,2.408
7526.0,2.408
7527.0,2.408
7528.0,2.408
7529.0,2.408
7530.0,2.408
7531.0,2.408
7532.0,2.408
7533.0,2.408
7534.0,2.408
7535.0,2.408
7536.0,2.408
7537.0,2.408
7538.0,2.408
7539.0,2.408
7540.0,2.408
7541.0,2.408
7542.0,2.408
7543.0,2.408
7544.0,2.4509999999999996
7545.0,2.408
7546.0,2.408
7547.0,2.408
7548.0,2.408
7549.0,2.408
7550.0,2.408
7551.0,2.408
7552.0,2.408
7553.0,2.408
7554.0,2.408
7555.0,2.408
7556.0,2.408
7557.0,2.408
7558.0,2.408
7559.0,2.408
7560.0,2.408
7561.0,2.408
7562.0,2.408
7563.0,2.408
7564.0,2.3649999999999998
7565.0,2.408
7566.0,2.408
7567.0,2.408
7568.0,2.408
7569.0,2.408
7570.0,2.408
7571.0,2.408
7572.0,2.408
7573.0,2.408
7574.0,2.408
7575.0,2.408
7576.0,2.408
7577.0,2.408
7578.0,2.408
7579.0,2.408
7580.0,2.408
7581.0,2.408
7582.0,2.408
7583.0,2.408
7584.0,2.408
7585.0,2.408
7586.0,2.408
7587.0,2.408
7588.0,2.408
7589.0,2.408
7590.0,2.408
7591.0,2.408
7592.0,2.408
7593.0,2.408
7594.0,2.408
7595.0,2.408
7596.0,2.408
7597.0,2.408
7598.0,2.408
7599.0,2.408
7600.0,2.408
7601.0,2.408
7602.0,2.408
7603.0,2.408
7604.0,2.3649999999999998
7605.0,2.3649999999999998
7606.0,2.408
7607.0,2.408
7608.0,2.408
7609.0,2.408
7610.0,2.408
7611.0,2.408
7612.0,2.408
7613.0,2.408
7614.0,2.408
7615.0,2.408
7616.0,2.408
7617.0,2.408
7618.0,2.408
7619.0,2.408
7620.0,2.408
7621.0,2.408
7622.0,2.408
7623.0,2.408
7624.0,2.408
7625.0,2.408
7626.0,2.408
7627.0,2.408
7628.0,2.408
7629.0,2.408
7630.0,2.408
7631.0,2.408
7632.0,2.408
7633.0,2.408
7634.0,2.408
7635.0,2.408
7636.0,2.408
7637.0,2.408
7638.0,2.408
7639.0,2.408
7640.0,2.408
7641.0,2.408
7642.0,2.408
7643.0,2.408
7644.0,2.408
7645.0,2.408
7646.0,2.408
7647.0,2.408
7648.0,2.408
7649.0,2.408
7650.0,2.408
7651.0,2.408
7652.0,2.408
7653.0,2.408
7654.0,2.408
7655.0,2.408
7656.0,2.408
7657.0,2.408
7658.0,2.408
7659.0,2.408
7660.0,2.408
7661.0,2.408
7662.0,2.408
7663.0,2.408
7664.0,2.408
7665.0,2.408
7666.0,2.408
7667.0,2.408
7668.0,2.408
7669.0,2.408
7670.0,2.408
7671.0,2.408
7672.0,2.408
7673.0,2.408
7674.0,2.408
7675.0,2.408
7676.0,2.408
7677.0,2.408
7678.0,2.3649999999999998
7679.0,2.408
7680.0,2.408
7681.0,2.408
7682.0,2.3649999999999998
7683.0,2.408
7684.0,2.408
7685.0,2.408
7686.0,2.408
7687.0,2.3649999999999998
7688.0,2.408
7689.0,2.408
7690.0,2.408
7691.0,2.408
7692.0,2.408
7693.0,2.408
7694.0,2.408
7695.0,2.408
7696.0,2.408
7697.0,2.408
7698.0,2.408
7699.0,2.408
7700.0,2.408
7701.0,2.408
7702.0,2.408
7703.0,2.408
7704.0,2.408
7705.0,2.408
7706.0,2.408
7707.0,2.408
7708.0,2.408
7709.0,2.408
7710.0,2.408
7711.0,2.408
7712.0,2.408
7713.0,2.408
7714.0,2.408
7715.0,2.408
7716.0,2.3649999999999998
7717.0,2.408
7718.0,2.408
7719.0,2.408
7720.0,2.408
7721.0,2.408
7722.0,2.408
7723.0,2.408
7724.0,2.408
7725.0,2.408
7726.0,2.408
7727.0,2.408
7728.0,2.408
7729.0,2.408
7730.0,2.408
7731.0,2.408
7732.0,2.408
7733.0,2.408
7734.0,2.408
7735.0,2.408
7736.0,2.408
7737.0,2.408
7738.0,2.408
7739.0,2.408
7740.0,2.408
7741.0,2.408
7742.0,2.408
7743.0,2.408
7744.0,2.408
7745.0,2.408
7746.0,2.408
7747.0,2.408
7748.0,2.408
7749.0,2.408
7750.0,2.408
7751.0,2.408
7752.0,2.408
7753.0,2.408
7754.0,2.408
7755.0,2.408
7756.0,2.408
7757.0,2.408
7758.0,2.4509999999999996
7759.0,2.408
7760.0,2.408
7761.0,2.408
7762.0,2.3649999999999998
7763.0,2.408
7764.0,2.408
7765.0,2.408
7766.0,2.408
7767.0,2.408
7768.0,2.408
7769.0,2.408
7770.0,2.408
7771.0,2.408
7772.0,2.408
7773.0,2.408
7774.0,2.4509999999999996
7775.0,2.408
7776.0,2.408
7777.0,2.408
7778.0,2.408
7779.0,2.408
7780.0,2.408
7781.0,2.408
7782.0,2.408
7783.0,2.408
7784.0,2.408
7785.0,2.408
7786.0,2.408
7787.0,2.408
7788.0,2.408
7789.0,2.408
7790.0,2.408
7791.0,2.408
7792.0,2.408
7793.0,2.408
7794.0,2.408
7795.0,2.408
7796.0,2.408
7797.0,2.408
7798.0,2.408
7799.0,2.408
7800.0,2.408
7801.0,2.408
7802.0,2.408
7803.0,2.408
7804.0,2.408
7805.0,2.408
7806.0,2.408
7807.0,2.408
7808.0,2.408
7809.0,2.408
7810.0,2.408
7811.0,2.408
7812.0,2.408
7813.0,2.408
7814.0,2.408
7815.0,2.408
7816.0,2.408
7817.0,2.408
7818.0,2.408
7819.0,2.408
7820.0,2.408
7821.0,2.408
7822.0,2.408
7823.0,2.408
7824.0,2.408
7825.0,2.408
7826.0,2.408
7827.0,2.408
7828.0,2.408
7829.0,2.408
7830.0,2.408
7831.0,2.408
7832.0,2.408
7833.0,2.408
7834.0,2.3649999999999998
7835.0,2.408
7836.0,2.408
7837.0,2.408
7838.0,2.408
7839.0,2.408
7840.0,2.408
7841.0,2.408
7842.0,2.408
7843.0,2.408
7844.0,2.408
7845.0,2.408
7846.0,2.408
7847.0,2.408
7848.0,2.408
7849.0,2.408
7850.0,2.408
7851.0,2.408
7852.0,2.408
7853.0,2.408
7854.0,2.408
7855.0,2.408
7856.0,2.408
7857.0,2.408
7858.0,2.408
7859.0,2.408
7860.0,2.408
7861.0,2.408
7862.0,2.408
7863.0,2.408
7864.0,2.408
7865.0,2.408
7866.0,2.4509999999999996
7867.0,2.408
7868.0,2.4509999999999996
7869.0,2.408
7870.0,2.408
7871.0,2.408
7872.0,2.408
7873.0,2.408
7874.0,2.408
7875.0,2.408
7876.0,2.408
7877.0,2.408
7878.0,2.408
7879.0,2.408
7880.0,2.408
7881.0,2.408
7882.0,2.408
7883.0,2.408
7884.0,2.408
7885.0,2.408
7886.0,2.408
7887.0,2.408
7888.0,2.3649999999999998
7889.0,2.408
7890.0,2.408
7891.0,2.408
7892.0,2.408
7893.0,2.408
7894.0,2.408
7895.0,2.408
7896.0,2.408
7897.0,2.408
7898.0,2.408
7899.0,2.408
7900.0,2.408
7901.0,2.408
7902.0,2.408
7903.0,2.3649999999999998
7904.0,2.408
7905.0,2.408
7906.0,2.408
7907.0,2.408
7908.0,2.408
7909.0,2.408
7910.0,2.408
7911.0,2.408
7912.0,2.408
7913.0,2.408
7914.0,2.408
7915.0,2.408
7916.0,2.408
7917.0,2.408
7918.0,2.408
7919.0,2.408
7920.0,2.408
7921.0,2.408
7922.0,2.3649999999999998
7923.0,2.408
7924.0,2.408
7925.0,2.408
7926.0,2.408
7927.0,2.408
7928.0,2.408
7929.0,2.408
7930.0,2.408
7931.0,2.408
7932.0,2.408
7933.0,2.408
7934.0,2.408
7935.0,2.408
7936.0,2.408
7937.0,2.408
7938.0,2.408
7939.0,2.408
7940.0,2.408
7941.0,2.408
7942.0,2.408
7943.0,2.408
7944.0,2.408
7945.0,2.408
7946.0,2.408
7947.0,2.408
7948.0,2.408
7949.0,2.408
7950.0,2.408
7951.0,2.408
7952.0,2.408
7953.0,2.408
7954.0,2.408
7955.0,2.408
7956.0,2.408
7957.0,2.408
7958.0,2.408
7959.0,2.408
7960.0,2.408
7961.0,2.408
7962.0,2.408
7963.0,2.408
7964.0,2.408
7965.0,2.408
7966.0,2.408
7967.0,2.408
7968.0,2.408
7969.0,2.408
7970.0,2.408
7971.0,2.408
7972.0,2.408
7973.0,2.408
7974.0,2.3649999999999998
7975.0,2.408
7976.0,2.408
7977.0,2.3649999999999998
7978.0,2.408
7979.0,2.408
7980.0,2.408
7981.0,2.408
7982.0,2.408
7983.0,2.408
7984.0,2.408
7985.0,2.408
7986.0,2.408
7987.0,2.408
7988.0,2.408
7989.0,2.408
7990.0,2.408
7991.0,2.408
7992.0,2.408
7993.0,2.408
7994.0,2.408
7995.0,2.408
7996.0,2.408
7997.0,2.408
7998.0,2.408
7999.0,2.408
8000.0,2.408
8001.0,2.408
8002.0,2.408
8003.0,2.408
8004.0,2.408
8005.0,2.408
8006.0,2.408
8007.0,2.408
8008.0,2.408
8009.0,2.408
8010.0,2.408
8011.0,2.408
8012.0,2.408
8013.0,2.408
8014.0,2.408
8015.0,2.408
8016.0,2.408
8017.0,2.408
8018.0,2.408
8019.0,2.408
8020.0,2.408
8021.0,2.408
8022.0,2.408
8023.0,2.408
8024.0,2.408
8025.0,2.408
8026.0,2.408
8027.0,2.408
8028.0,2.408
8029.0,2.408
8030.0,2.408
8031.0,2.408
8032.0,2.408
8033.0,2.408
8034.0,2.3649999999999998
8035.0,2.408
8036.0,2.408
8037.0,2.408
8038.0,2.408
8039.0,2.408
8040.0,2.408
8041.0,2.408
8042.0,2.408
8043.0,2.408
8044.0,2.408
8045.0,2.408
8046.0,2.408
8047.0,2.408
8048.0,2.408
8049.0,2.408
8050.0,2.408
8051.0,2.408
8052.0,2.408
8053.0,2.408
8054.0,2.3649999999999998
8055.0,2.408
8056.0,2.3649999999999998
8057.0,2.408
8058.0,2.408
8059.0,2.408
8060.0,2.408
8061.0,2.408
8062.0,2.408
8063.0,2.408
8064.0,2.408
8065.0,2.408
8066.0,2.408
8067.0,2.408
8068.0,2.408
8069.0,2.408
8070.0,2.408
8071.0,2.408
8072.0,2.408
8073.0,2.408
8074.0,2.408
8075.0,2.408
8076.0,2.408
8077.0,2.408
8078.0,2.408
8079.0,2.408
8080.0,2.408
8081.0,2.408
8082.0,2.408
8083.0,2.408
8084.0,2.408
8085.0,2.408
8086.0,2.408
8087.0,2.408
8088.0,2.408
8089.0,2.408
8090.0,2.408
8091.0,2.408
8092.0,2.408
8093.0,2.408
8094.0,2.408
8095.0,2.408
8096.0,2.3649999999999998
8097.0,2.3649999999999998
8098.0,2.408
8099.0,2.408
8100.0,2.408
8101.0,2.408
8102.0,2.408
8103.0,2.408
8104.0,2.408
8105.0,2.408
8106.0,2.408
8107.0,2.408
8108.0,2.408
8109.0,2.408
8110.0,2.408
8111.0,2.408
8112.0,2.408
8113.0,2.408
8114.0,2.408
8115.0,2.408
8116.0,2.3649999999999998
8117.0,2.408
8118.0,2.3649999999999998
8119.0,2.408
8120.0,2.408
8121.0,2.408
8122.0,2.408
8123.0,2.408
8124.0,2.408
8125.0,2.408
8126.0,2.408
8127.0,2.408
8128.0,2.408
8129.0,2.408
8130.0,2.408
8131.0,2.408
8132.0,2.408
8133.0,2.408
8134.0,2.408
8135.0,2.408
8136.0,2.408
8137.0,2.408
8138.0,2.408
8139.0,2.408
8140.0,2.408
8141.0,2.408
8142.0,2.408
8143.0,2.408
8144.0,2.3649999999999998
8145.0,2.408
8146.0,2.3649999999999998
8147.0,2.408
8148.0,2.408
8149.0,2.408
8150.0,2.408
8151.0,2.408
8152.0,2.408
8153.0,2.3649999999999998
8154.0,2.408
8155.0,2.408
8156.0,2.408
8157.0,2.408
8158.0,2.408
8159.0,2.408
8160.0,2.408
8161.0,2.408
8162.0,2.408
8163.0,2.3649999999999998
8164.0,2.408
8165.0,2.408
8166.0,2.408
8167.0,2.408
8168.0,2.408
8169.0,2.408
8170.0,2.408
8171.0,2.408
8172.0,2.3649999999999998
8173.0,2.408
8174.0,2.408
8175.0,2.408
8176.0,2.408
8177.0,2.408
8178.0,2.408
8179.0,2.408
8180.0,2.408
8181.0,2.408
8182.0,2.408
8183.0,2.408
8184.0,2.408
8185.0,2.408
8186.0,2.408
8187.0,2.408
8188.0,2.408
8189.0,2.408
8190.0,2.408
8191.0,2.408
8192.0,2.408
8193.0,2.408
8194.0,2.408
8195.0,2.408
8196.0,2.408
8197.0,2.408
8198.0,2.408
8199.0,2.408
8200.0,2.408
8201.0,2.408
8202.0,2.408
8203.0,2.408
8204.0,2.408
8205.0,2.408
8206.0,2.3649999999999998
8207.0,2.408
8208.0,2.408
8209.0,2.408
8210.0,2.408
8211.0,2.408
8212.0,2.408
8213.0,2.408
8214.0,2.408
8215.0,2.408
8216.0,2.408
8217.0,2.408
8218.0,2.408
8219.0,2.408
8220.0,2.408
8221.0,2.408
8222.0,2.3649999999999998
8223.0,2.408
8224.0,2.408
8225.0,2.408
8226.0,2.408
8227.0,2.408
8228.0,2.408
8229.0,2.408
8230.0,2.408
8231.0,2.408
8232.0,2.408
8233.0,2.408
8234.0,2.408
8235.0,2.408
8236.0,2.408
8237.0,2.408
8238.0,2.3649999999999998
8239.0,2.408
8240.0,2.408
8241.0,2.408
8242.0,2.408
8243.0,2.408
8244.0,2.408
8245.0,2.408
8246.0,2.408
8247.0,2.408
8248.0,2.408
8249.0,2.408
8250.0,2.408
8251.0,2.408
8252.0,2.408
8253.0,2.408
8254.0,2.408
8255.0,2.408
8256.0,2.408
8257.0,2.408
8258.0,2.408
8259.0,2.408
8260.0,2.408
8261.0,2.408
8262.0,2.408
8263.0,2.408
8264.0,2.3649999999999998
8265.0,2.408
8266.0,2.408
8267.0,2.408
8268.0,2.408
8269.0,2.408
8270.0,2.408
8271.0,2.408
8272.0,2.408
8273.0,2.408
8274.0,2.408
8275.0,2.408
8276.0,2.408
8277.0,2.408
8278.0,2.408
8279.0,2.408
8280.0,2.408
8281.0,2.408
8282.0,2.408
8283.0,2.408
8284.0,2.408
8285.0,2.3649999999999998
8286.0,2.408
8287.0,2.408
8288.0,2.408
8289.0,2.408
8290.0,2.408
8291.0,2.408
8292.0,2.408
8293.0,2.408
8294.0,2.408
8295.0,2.408
8296.0,2.3649999999999998
8297.0,2.408
8298.0,2.408
8299.0,2.408
8300.0,2.408
8301.0,2.408
8302.0,2.408
8303.0,2.408
8304.0,2.408
8305.0,2.408
8306.0,2.408
8307.0,2.408
8308.0,2.408
8309.0,2.408
8310.0,2.3649999999999998
8311.0,2.408
8312.0,2.408
8313.0,2.408
8314.0,2.408
8315.0,2.408
8316.0,2.408
8317.0,2.408
8318.0,2.408
8319.0,2.408
8320.0,2.408
8321.0,2.408
8322.0,2.408
8323.0,2.408
8324.0,2.408
8325.0,2.408
8326.0,2.408
8327.0,2.408
8328.0,2.408
8329.0,2.408
8330.0,2.408
8331.0,2.408
8332.0,2.408
8333.0,2.408
8334.0,2.408
8335.0,2.408
8336.0,2.408
8337.0,2.408
8338.0,2.408
8339.0,2.408
8340.0,2.408
8341.0,2.408
8342.0,2.408
8343.0,2.408
8344.0,2.408
8345.0,2.408
8346.0,2.408
8347.0,2.408
8348.0,2.408
8349.0,2.408
8350.0,2.408
8351.0,2.408
8352.0,2.408
8353.0,2.408
8354.0,2.408
8355.0,2.408
8356.0,2.408
8357.0,2.408
8358.0,2.408
8359.0,2.408
8360.0,2.408
8361.0,2.408
8362.0,2.408
8363.0,2.408
8364.0,2.408
8365.0,2.408
8366.0,2.408
8367.0,2.408
8368.0,2.408
8369.0,2.408
8370.0,2.408
8371.0,2.408
8372.0,2.408
8373.0,2.408
8374.0,2.408
8375.0,2.408
8376.0,2.408
8377.0,2.408
8378.0,2.408
8379.0,2.408
8380.0,2.408
8381.0,2.408
8382.0,2.408
8383.0,2.408
8384.0,2.408
8385.0,2.408
8386.0,2.408
8387.0,2.408
8388.0,2.408
8389.0,2.408
8390.0,2.408
8391.0,2.408
8392.0,2.408
8393.0,2.408
8394.0,2.408
8395.0,2.408
8396.0,2.408
8397.0,2.408
8398.0,2.408
8399.0,2.408
8400.0,2.408
8401.0,2.408
8402.0,2.408
8403.0,2.408
8404.0,2.408
8405.0,2.408
8406.0,2.408
8407.0,2.408
8408.0,2.408
8409.0,2.408
8410.0,2.408
8411.0,2.408
8412.0,2.408
8413.0,2.408
8414.0,2.408
8415.0,2.408
8416.0,2.408
8417.0,2.408
8418.0,2.3649999999999998
8419.0,2.408
8420.0,2.3649999999999998
8421.0,2.408
8422.0,2.408
8423.0,2.408
8424.0,2.408
8425.0,2.408
8426.0,2.408
8427.0,2.408
8428.0,2.3649999999999998
8429.0,2.408
8430.0,2.408
8431.0,2.408
8432.0,2.408
8433.0,2.408
8434.0,2.408
8435.0,2.408
8436.0,2.408
8437.0,2.408
8438.0,2.408
8439.0,2.408
8440.0,2.408
8441.0,2.408
8442.0,2.4509999999999996
8443.0,2.408
8444.0,2.408
8445.0,2.408
8446.0,2.408
8447.0,2.408
8448.0,2.408
8449.0,2.408
8450.0,2.408
8451.0,2.408
8452.0,2.3649999999999998
8453.0,2.408
8454.0,2.3649999999999998
8455.0,2.408
8456.0,2.3649999999999998
8457.0,2.408
8458.0,2.408
8459.0,2.408
8460.0,2.408
8461.0,2.408
8462.0,2.408
8463.0,2.408
8464.0,2.408
8465.0,2.408
8466.0,2.408
8467.0,2.408
8468.0,2.408
8469.0,2.408
8470.0,2.408
8471.0,2.408
8472.0,2.408
8473.0,2.408
8474.0,2.408
8475.0,2.408
8476.0,2.408
8477.0,2.408
8478.0,2.408
8479.0,2.408
8480.0,2.408
8481.0,2.408
8482.0,2.408
8483.0,2.408
8484.0,2.408
8485.0,2.408
8486.0,2.408
8487.0,2.408
8488.0,2.408
8489.0,2.408
8490.0,2.408
8491.0,2.408
8492.0,2.408
8493.0,2.408
8494.0,2.408
8495.0,2.408
8496.0,2.408
8497.0,2.408
8498.0,2.3649999999999998
8499.0,2.408
8500.0,2.408
8501.0,2.408
8502.0,2.408
8503.0,2.408
8504.0,2.408
8505.0,2.408
8506.0,2.408
8507.0,2.408
8508.0,2.408
8509.0,2.408
8510.0,2.408
8511.0,2.408
8512.0,2.408
8513.0,2.3649999999999998
8514.0,2.408
8515.0,2.408
8516.0,2.408
8517.0,2.408
8518.0,2.408
8519.0,2.408
8520.0,2.408
8521.0,2.408
8522.0,2.408
8523.0,2.408
8524.0,2.408
8525.0,2.408
8526.0,2.408
8527.0,2.408
8528.0,2.408
8529.0,2.3649999999999998
8530.0,2.408
8531.0,2.408
8532.0,2.408
8533.0,2.408
