time_ms,diameter_mm
0.0,2.3219999999999996
1.0,2.279
2.0,2.279
3.0,2.3219999999999996
4.0,2.3219999999999996
5.0,2.279
6.0,2.279
7.0,2.279
8.0,2.2359999999999998
9.0,2.2359999999999998
10.0,2.2359999999999998
11.0,2.2359999999999998
12.0,2.1929999999999996
13.0,2.1929999999999996
14.0,2.1929999999999996
15.0,2.1929999999999996
16.0,2.1929999999999996
17.0,2.1929999999999996
18.0,2.15
19.0,2.15
20.0,2.15
21.0,2.1929999999999996
22.0,2.15
23.0,2.15
24.0,2.15
25.0,2.1069999999999998
26.0,2.1069999999999998
27.0,2.1069999999999998
28.0,2.1069999999999998
29.0,2.1069999999999998
30.0,2.1069999999999998
31.0,2.1069999999999998
32.0,2.064
33.0,2.064
34.0,2.064
35.0,2.064
36.0,2.021
37.0,2.064
38.0,2.064
39.0,2.064
40.0,2.021
41.0,2.021
42.0,2.021
43.0,2.021
44.0,1.9779999999999998
45.0,1.9779999999999998
46.0,2.021
47.0,1.9779999999999998
48.0,1.9779999999999998
49.0,1.9779999999999998
50.0,1.9779999999999998
51.0,1.9779999999999998
52.0,1.9779999999999998
53.0,1.9779999999999998
54.0,1.9349999999999998
55.0,1.9349999999999998
56.0,1.9349999999999998
57.0,1.9349999999999998
58.0,1.9349999999999998
59.0,1.9349999999999998
60.0,1.9349999999999998
61.0,1.9349999999999998
62.0,1.9349999999999998
63.0,1.9779999999999998
64.0,1.892
65.0,1.9349999999999998
66.0,1.892
67.0,1.892
68.0,1.892
69.0,1.892
70.0,1.892
71.0,1.892
72.0,1.892
73.0,1.892
74.0,1.892
75.0,1.892
76.0,1.892
77.0,1.892
78.0,1.8489999999999998
79.0,1.892
80.0,1.8489999999999998
81.0,1.8489999999999998
82.0,1.8489999999999998
83.0,1.8489999999999998
84.0,1.8489999999999998
85.0,1.8489999999999998
86.0,1.8489999999999998
87.0,1.892
88.0,1.8059999999999998
89.0,1.8489999999999998
90.0,1.8059999999999998
91.0,1.8059999999999998
92.0,1.8059999999999998
93.0,1.8489999999999998
94.0,1.8059999999999998
95.0,1.8059999999999998
96.0,1.8489999999999998
97.0,1.8489999999999998
98.0,1.8059999999999998
99.0,1.8059999999999998
100.0,1.763
101.0,1.763
102.0,1.8059999999999998
103.0,1.8059999999999998
104.0,1.8059999999999998
105.0,1.763
106.0,1.763
107.0,1.763
108.0,1.763
109.0,1.763
110.0,1.763
111.0,1.8059999999999998
112.0,1.763
113.0,1.763
114.0,1.763
115.0,1.763
116.0,1.763
117.0,1.7199999999999998
118.0,1.763
119.0,1.763
120.0,1.7199999999999998
121.0,1.763
122.0,1.7199999999999998
123.0,1.7199999999999998
124.0,1.7199999999999998
125.0,1.7199999999999998
126.0,1.7199999999999998
127.0,1.763
128.0,1.7199999999999998
129.0,1.7199999999999998
130.0,1.7199999999999998
131.0,1.7199999999999998
132.0,1.7199999999999998
133.0,1.7199999999999998
134.0,1.7199999999999998
135.0,1.7199999999999998
136.0,1.7199999999999998
137.0,1.7199999999999998
138.0,1.7199999999999998
139.0,1.7199999999999998
140.0,1.6769999999999998
141.0,1.6769999999999998
142.0,1.6769999999999998
143.0,1.6769999999999998
144.0,1.6769999999999998
145.0,1.7199999999999998
146.0,1.6769999999999998
147.0,1.6769999999999998
148.0,1.634
149.0,1.6769999999999998
150.0,1.6769999999999998
151.0,1.6769999999999998
152.0,1.6769999999999998
153.0,1.6769999999999998
154.0,1.634
155.0,1.634
156.0,1.6769999999999998
157.0,1.634
158.0,1.634
159.0,1.634
160.0,1.634
161.0,1.6769999999999998
162.0,1.634
163.0,1.6769999999999998
164.0,1.634
165.0,1.634
166.0,1.634
167.0,1.634
168.0,1.634
169.0,1.634
170.0,1.634
171.0,1.634
172.0,1.634
173.0,1.634
174.0,1.634
175.0,1.634
176.0,1.591
177.0,1.591
178.0,1.634
179.0,1.634
180.0,1.634
181.0,1.634
182.0,1.591
183.0,1.591
184.0,1.591
185.0,1.591
186.0,1.591
187.0,1.634
188.0,1.634
189.0,1.591
190.0,1.591
191.0,1.634
192.0,1.591
193.0,1.591
194.0,1.591
195.0,1.591
196.0,1.591
197.0,1.591
198.0,1.591
199.0,1.591
200.0,1.591
201.0,1.591
202.0,1.591
203.0,1.5479999999999998
204.0,1.5479999999999998
205.0,1.5479999999999998
206.0,1.5479999999999998
207.0,1.591
208.0,1.591
209.0,1.5479999999999998
210.0,1.591
211.0,1.591
212.0,1.5479999999999998
213.0,1.591
214.0,1.591
215.0,1.5479999999999998
216.0,1.5479999999999998
217.0,1.5479999999999998
218.0,1.5479999999999998
219.0,1.5479999999999998
220.0,1.5479999999999998
221.0,1.5479999999999998
222.0,1.5479999999999998
223.0,1.5479999999999998
224.0,1.5479999999999998
225.0,1.5479999999999998
226.0,1.5479999999999998
227.0,1.5479999999999998
228.0,1.5479999999999998
229.0,1.5479999999999998
230.0,1.5479999999999998
231.0,1.5479999999999998
232.0,1.5479999999999998
233.0,1.5479999999999998
234.0,1.5479999999999998
235.0,1.5479999999999998
236.0,1.5479999999999998
237.0,1.5479999999999998
238.0,1.5479999999999998
239.0,1.505
240.0,1.5479999999999998
241.0,1.505
242.0,1.505
243.0,1.505
244.0,1.5479999999999998
245.0,1.505
246.0,1.5479999999999998
247.0,1.505
248.0,1.5479999999999998
249.0,1.5479999999999998
250.0,1.505
251.0,1.5479999999999998
252.0,1.505
253.0,1.5479999999999998
254.0,1.505
255.0,1.505
256.0,1.505
257.0,1.505
258.0,1.505
259.0,1.505
260.0,1.505
261.0,1.505
262.0,1.505
263.0,1.505
264.0,1.5479999999999998
265.0,1.505
266.0,1.505
267.0,1.505
268.0,1.505
269.0,1.505
270.0,1.505
271.0,1.505
272.0,1.505
273.0,1.505
274.0,1.505
275.0,1.505
276.0,1.505
277.0,1.505
278.0,1.462
279.0,1.462
280.0,1.462
281.0,1.505
282.0,1.505
283.0,1.505
284.0,1.505
285.0,1.505
286.0,1.505
287.0,1.505
288.0,1.505
289.0,1.462
290.0,1.505
291.0,1.462
292.0,1.462
293.0,1.462
294.0,1.505
295.0,1.462
296.0,1.505
297.0,1.462
298.0,1.462
299.0,1.462
300.0,1.505
301.0,1.462
302.0,1.505
303.0,1.462
304.0,1.462
305.0,1.462
306.0,1.462
307.0,1.462
308.0,1.462
309.0,1.462
310.0,1.462
311.0,1.462
312.0,1.462
313.0,1.462
314.0,1.462
315.0,1.462
316.0,1.462
317.0,1.462
318.0,1.462
319.0,1.462
320.0,1.462
321.0,1.462
322.0,1.462
323.0,1.462
324.0,1.462
325.0,1.462
326.0,1.462
327.0,1.4189999999999998
328.0,1.462
329.0,1.462
330.0,1.462
331.0,1.4189999999999998
332.0,1.462
333.0,1.462
334.0,1.462
335.0,1.462
336.0,1.462
337.0,1.4189999999999998
338.0,1.462
339.0,1.4189999999999998
340.0,1.4189999999999998
341.0,1.4189999999999998
342.0,1.4189999999999998
343.0,1.462
344.0,1.462
345.0,1.462
346.0,1.462
347.0,1.462
348.0,1.462
349.0,1.462
350.0,1.462
351.0,1.462
352.0,1.4189999999999998
353.0,1.462
354.0,1.4189999999999998
355.0,1.462
356.0,1.4189999999999998
357.0,1.462
358.0,1.4189999999999998
359.0,1.462
360.0,1.462
361.0,1.462
362.0,1.4189999999999998
363.0,1.462
364.0,1.462
365.0,1.4189999999999998
366.0,1.4189999999999998
367.0,1.4189999999999998
368.0,1.4189999999999998
369.0,1.462
370.0,1.462
371.0,1.4189999999999998
372.0,1.4189999999999998
373.0,1.4189999999999998
374.0,1.4189999999999998
375.0,1.4189999999999998
376.0,1.4189999999999998
377.0,1.4189999999999998
378.0,1.462
379.0,1.4189999999999998
380.0,1.4189999999999998
381.0,1.4189999999999998
382.0,1.4189999999999998
383.0,1.4189999999999998
384.0,1.4189999999999998
385.0,1.4189999999999998
386.0,1.4189999999999998
387.0,1.4189999999999998
388.0,1.4189999999999998
389.0,1.4189999999999998
390.0,1.4189999999999998
391.0,1.4189999999999998
392.0,1.4189999999999998
393.0,1.4189999999999998
394.0,1.4189999999999998
395.0,1.4189999999999998
396.0,1.4189999999999998
397.0,1.4189999999999998
398.0,1.4189999999999998
399.0,1.4189999999999998
400.0,1.4189999999999998
401.0,1.4189999999999998
402.0,1.4189999999999998
403.0,1.4189999999999998
404.0,1.462
405.0,1.4189999999999998
406.0,1.4189999999999998
407.0,1.4189999999999998
408.0,1.4189999999999998
409.0,1.4189999999999998
410.0,1.4189999999999998
411.0,1.376
412.0,1.4189999999999998
413.0,1.376
414.0,1.4189999999999998
415.0,1.376
416.0,1.376
417.0,1.4189999999999998
418.0,1.376
419.0,1.4189999999999998
420.0,1.4189999999999998
421.0,1.4189999999999998
422.0,1.4189999999999998
423.0,1.376
424.0,1.4189999999999998
425.0,1.4189999999999998
426.0,1.4189999999999998
427.0,1.4189999999999998
428.0,1.376
429.0,1.4189999999999998
430.0,1.4189999999999998
431.0,1.4189999999999998
432.0,1.4189999999999998
433.0,1.376
434.0,1.4189999999999998
435.0,1.376
436.0,1.376
437.0,1.4189999999999998
438.0,1.4189999999999998
439.0,1.4189999999999998
440.0,1.4189999999999998
441.0,1.4189999999999998
442.0,1.4189999999999998
443.0,1.376
444.0,1.4189999999999998
445.0,1.376
446.0,1.376
447.0,1.4189999999999998
448.0,1.4189999999999998
449.0,1.4189999999999998
450.0,1.4189999999999998
451.0,1.376
452.0,1.376
453.0,1.376
454.0,1.376
455.0,1.376
456.0,1.376
457.0,1.376
458.0,1.376
459.0,1.376
460.0,1.376
461.0,1.376
462.0,1.376
463.0,1.376
464.0,1.376
465.0,1.376
466.0,1.376
467.0,1.376
468.0,1.376
469.0,1.376
470.0,1.376
471.0,1.376
472.0,1.376
473.0,1.376
474.0,1.376
475.0,1.376
476.0,1.376
477.0,1.4189999999999998
478.0,1.4189999999999998
479.0,1.376
480.0,1.4189999999999998
481.0,1.376
482.0,1.4189999999999998
483.0,1.376
484.0,1.376
485.0,1.376
486.0,1.4189999999999998
487.0,1.376
488.0,1.376
489.0,1.4189999999999998
490.0,1.376
491.0,1.376
492.0,1.376
493.0,1.376
494.0,1.376
495.0,1.4189999999999998
496.0,1.376
497.0,1.376
498.0,1.376
499.0,1.376
500.0,1.376
501.0,1.376
502.0,1.376
503.0,1.376
504.0,1.376
505.0,1.376
506.0,1.376
507.0,1.376
508.0,1.376
509.0,1.376
510.0,1.333
511.0,1.376
512.0,1.376
513.0,1.376
514.0,1.376
515.0,1.376
516.0,1.376
517.0,1.333
518.0,1.376
519.0,1.376
520.0,1.376
521.0,1.376
522.0,1.376
523.0,1.376
524.0,1.376
525.0,1.376
526.0,1.333
527.0,1.376
528.0,1.376
529.0,1.376
530.0,1.376
531.0,1.333
532.0,1.376
533.0,1.333
534.0,1.376
535.0,1.376
536.0,1.333
537.0,1.376
538.0,1.376
539.0,1.376
540.0,1.376
541.0,1.333
542.0,1.376
543.0,1.376
544.0,1.333
545.0,1.376
546.0,1.333
547.0,1.376
548.0,1.333
549.0,1.376
550.0,1.376
551.0,1.376
552.0,1.376
553.0,1.376
554.0,1.376
555.0,1.376
556.0,1.376
557.0,1.333
558.0,1.376
559.0,1.376
560.0,1.376
561.0,1.376
562.0,1.333
563.0,1.376
564.0,1.376
565.0,1.333
566.0,1.376
567.0,1.333
568.0,1.376
569.0,1.376
570.0,1.376
571.0,1.376
572.0,1.333
573.0,1.333
574.0,1.333
575.0,1.333
576.0,1.376
577.0,1.376
578.0,1.376
579.0,1.376
580.0,1.376
581.0,1.333
582.0,1.376
583.0,1.376
584.0,1.333
585.0,1.376
586.0,1.333
587.0,1.376
588.0,1.333
589.0,1.333
590.0,1.333
591.0,1.376
592.0,1.333
593.0,1.333
594.0,1.376
595.0,1.333
596.0,1.376
597.0,1.376
598.0,1.333
599.0,1.333
600.0,1.333
601.0,1.333
602.0,1.333
603.0,1.333
604.0,1.333
605.0,1.376
606.0,1.376
607.0,1.376
608.0,1.333
609.0,1.333
610.0,1.376
611.0,1.333
612.0,1.376
613.0,1.333
614.0,1.333
615.0,1.333
616.0,1.333
617.0,1.333
618.0,1.333
619.0,1.376
620.0,1.333
621.0,1.333
622.0,1.376
623.0,1.333
624.0,1.333
625.0,1.333
626.0,1.333
627.0,1.333
628.0,1.376
629.0,1.333
630.0,1.376
631.0,1.376
632.0,1.376
633.0,1.333
634.0,1.333
635.0,1.333
636.0,1.333
637.0,1.333
638.0,1.333
639.0,1.333
640.0,1.333
641.0,1.333
642.0,1.333
643.0,1.333
644.0,1.333
645.0,1.333
646.0,1.376
647.0,1.333
648.0,1.376
649.0,1.333
650.0,1.333
651.0,1.333
652.0,1.333
653.0,1.333
654.0,1.376
655.0,1.333
656.0,1.333
657.0,1.333
658.0,1.333
659.0,1.333
660.0,1.333
661.0,1.333
662.0,1.333
663.0,1.2899999999999998
664.0,1.2899999999999998
665.0,1.333
666.0,1.333
667.0,1.333
668.0,1.333
669.0,1.333
670.0,1.333
671.0,1.333
672.0,1.333
673.0,1.376
674.0,1.333
675.0,1.333
676.0,1.333
677.0,1.333
678.0,1.333
679.0,1.333
680.0,1.333
681.0,1.333
682.0,1.333
683.0,1.333
684.0,1.333
685.0,1.333
686.0,1.333
687.0,1.333
688.0,1.333
689.0,1.333
690.0,1.333
691.0,1.2899999999999998
692.0,1.2899999999999998
693.0,1.2899999999999998
694.0,1.333
695.0,1.2899999999999998
696.0,1.333
697.0,1.333
698.0,1.2899999999999998
699.0,1.333
700.0,1.333
701.0,1.333
702.0,1.2899999999999998
703.0,1.333
704.0,1.333
705.0,1.2899999999999998
706.0,1.333
707.0,1.2899999999999998
708.0,1.333
709.0,1.2899999999999998
710.0,1.333
711.0,1.333
712.0,1.333
713.0,1.333
714.0,1.333
715.0,1.333
716.0,1.2899999999999998
717.0,1.2899999999999998
718.0,1.333
719.0,1.333
720.0,1.333
721.0,1.333
722.0,1.333
723.0,1.333
724.0,1.333
725.0,1.333
726.0,1.333
727.0,1.333
728.0,1.2899999999999998
729.0,1.333
730.0,1.333
731.0,1.333
732.0,1.333
733.0,1.2899999999999998
734.0,1.2899999999999998
735.0,1.2899999999999998
736.0,1.2899999999999998
737.0,1.2899999999999998
738.0,1.333
739.0,1.2899999999999998
740.0,1.2899999999999998
741.0,1.2899999999999998
742.0,1.333
743.0,1.2899999999999998
744.0,1.2899999999999998
745.0,1.2899999999999998
746.0,1.2899999999999998
747.0,1.2899999999999998
748.0,1.2899999999999998
749.0,1.2899999999999998
750.0,1.333
751.0,1.2899999999999998
752.0,1.333
753.0,1.2899999999999998
754.0,1.333
755.0,1.2899999999999998
756.0,1.333
757.0,1.333
758.0,1.333
759.0,1.333
760.0,1.333
761.0,1.333
762.0,1.333
763.0,1.333
764.0,1.333
765.0,1.2899999999999998
766.0,1.2899999999999998
767.0,1.333
768.0,1.2899999999999998
769.0,1.333
770.0,1.333
771.0,1.333
772.0,1.333
773.0,1.333
774.0,1.2899999999999998
775.0,1.2899999999999998
776.0,1.333
777.0,1.333
778.0,1.333
779.0,1.2899999999999998
780.0,1.333
781.0,1.2899999999999998
782.0,1.2899999999999998
783.0,1.2899999999999998
784.0,1.2899999999999998
785.0,1.2899999999999998
786.0,1.2899999999999998
787.0,1.2899999999999998
788.0,1.333
789.0,1.2899999999999998
790.0,1.333
791.0,1.2899999999999998
792.0,1.2899999999999998
793.0,1.2899999999999998
794.0,1.2899999999999998
795.0,1.2899999999999998
796.0,1.2899999999999998
797.0,1.2899999999999998
798.0,1.2899999999999998
799.0,1.2899999999999998
800.0,1.2899999999999998
801.0,1.2899999999999998
802.0,1.2899999999999998
803.0,1.2899999999999998
804.0,1.333
805.0,1.2899999999999998
806.0,1.2899999999999998
807.0,1.2899999999999998
808.0,1.333
809.0,1.333
810.0,1.2899999999999998
811.0,1.333
812.0,1.2899999999999998
813.0,1.2899999999999998
814.0,1.2899999999999998
815.0,1.2899999999999998
816.0,1.333
817.0,1.333
818.0,1.2899999999999998
819.0,1.333
820.0,1.333
821.0,1.2899999999999998
822.0,1.2899999999999998
823.0,1.2899999999999998
824.0,1.2899999999999998
825.0,1.2899999999999998
826.0,1.2899999999999998
827.0,1.2899999999999998
828.0,1.2899999999999998
829.0,1.2899999999999998
830.0,1.2899999999999998
831.0,1.2899999999999998
832.0,1.2899999999999998
833.0,1.2899999999999998
834.0,1.2899999999999998
835.0,1.2899999999999998
836.0,1.2899999999999998
837.0,1.2899999999999998
838.0,1.2899999999999998
839.0,1.2899999999999998
840.0,1.2899999999999998
841.0,1.2899999999999998
842.0,1.2899999999999998
843.0,1.2899999999999998
844.0,1.2899999999999998
845.0,1.2899999999999998
846.0,1.333
847.0,1.2899999999999998
848.0,1.2899999999999998
849.0,1.2899999999999998
850.0,1.2899999999999998
851.0,1.2899999999999998
852.0,1.2899999999999998
853.0,1.2899999999999998
854.0,1.2899999999999998
855.0,1.2899999999999998
856.0,1.2899999999999998
857.0,1.2899999999999998
858.0,1.2899999999999998
859.0,1.2899999999999998
860.0,1.2899999999999998
861.0,1.2899999999999998
862.0,1.2899999999999998
863.0,1.2899999999999998
864.0,1.333
865.0,1.2899999999999998
866.0,1.2899999999999998
867.0,1.2899999999999998
868.0,1.2899999999999998
869.0,1.2899999999999998
870.0,1.2899999999999998
871.0,1.2899999999999998
872.0,1.2899999999999998
873.0,1.2899999999999998
874.0,1.2899999999999998
875.0,1.2899999999999998
876.0,1.2899999999999998
877.0,1.2899999999999998
878.0,1.2899999999999998
879.0,1.2899999999999998
880.0,1.333
881.0,1.2899999999999998
882.0,1.2899999999999998
883.0,1.2899999999999998
884.0,1.2469999999999999
885.0,1.2899999999999998
886.0,1.2899999999999998
887.0,1.2899999999999998
888.0,1.2899999999999998
889.0,1.333
890.0,1.2899999999999998
891.0,1.2899999999999998
892.0,1.2899999999999998
893.0,1.2469999999999999
894.0,1.2899999999999998
895.0,1.2899999999999998
896.0,1.2899999999999998
897.0,1.2899999999999998
898.0,1.2899999999999998
899.0,1.2899999999999998
900.0,1.2469999999999999
901.0,1.2899999999999998
902.0,1.2899999999999998
903.0,1.2899999999999998
904.0,1.2899999999999998
905.0,1.333
906.0,1.2899999999999998
907.0,1.2899999999999998
908.0,1.2899999999999998
909.0,1.2899999999999998
910.0,1.2899999999999998
911.0,1.2899999999999998
912.0,1.2899999999999998
913.0,1.2899999999999998
914.0,1.2899999999999998
915.0,1.2899999999999998
916.0,1.2899999999999998
917.0,1.2899999999999998
918.0,1.2899999999999998
919.0,1.2899999999999998
920.0,1.2899999999999998
921.0,1.2899999999999998
922.0,1.2899999999999998
923.0,1.2899999999999998
924.0,1.2899999999999998
925.0,1.2899999999999998
926.0,1.2899999999999998
927.0,1.2899999999999998
928.0,1.2899999999999998
929.0,1.2899999999999998
930.0,1.2899999999999998
931.0,1.2899999999999998
932.0,1.2899999999999998
933.0,1.2469999999999999
934.0,1.2899999999999998
935.0,1.2469999999999999
936.0,1.2899999999999998
937.0,1.2899999999999998
938.0,1.2899999999999998
939.0,1.2899999999999998
940.0,1.2899999999999998
941.0,1.2899999999999998
942.0,1.2899999999999998
943.0,1.2899999999999998
944.0,1.2899999999999998
945.0,1.2899999999999998
946.0,1.2899999999999998
947.0,1.2899999999999998
948.0,1.2899999999999998
949.0,1.2899999999999998
950.0,1.2469999999999999
951.0,1.2899999999999998
952.0,1.2899999999999998
953.0,1.2899999999999998
954.0,1.2899999999999998
955.0,1.2899999999999998
956.0,1.2899999999999998
957.0,1.2899999999999998
958.0,1.2899999999999998
959.0,1.2899999999999998
960.0,1.2899999999999998
961.0,1.2899999999999998
962.0,1.2899999999999998
963.0,1.2899999999999998
964.0,1.2899999999999998
965.0,1.2899999999999998
966.0,1.2899999999999998
967.0,1.2899999999999998
968.0,1.2899999999999998
969.0,1.2899999999999998
970.0,1.2899999999999998
971.0,1.2899999999999998
972.0,1.2899999999999998
973.0,1.2899999999999998
974.0,1.2899999999999998
975.0,1.2899999999999998
976.0,1.2899999999999998
977.0,1.2899999999999998
978.0,1.2899999999999998
979.0,1.2899999999999998
980.0,1.2899999999999998
981.0,1.2469999999999999
982.0,1.2899999999999998
983.0,1.2469999999999999
984.0,1.2899999999999998
985.0,1.2899999999999998
986.0,1.2469999999999999
987.0,1.2469999999999999
988.0,1.2899999999999998
989.0,1.2469999999999999
990.0,1.2899999999999998
991.0,1.2899999999999998
992.0,1.2469999999999999
993.0,1.2899999999999998
994.0,1.2469999999999999
995.0,1.2899999999999998
996.0,1.2899999999999998
997.0,1.2899999999999998
998.0,1.2899999999999998
999.0,1.2899999999999998
1000.0,1.2469999999999999
1001.0,1.2899999999999998
1002.0,1.2899999999999998
1003.0,1.2899999999999998
1004.0,1.2899999999999998
1005.0,1.2899999999999998
1006.0,1.2899999999999998
1007.0,1.2899999999999998
1008.0,1.2899999999999998
1009.0,1.2899999999999998
1010.0,1.2469999999999999
1011.0,1.2469999999999999
1012.0,1.2899999999999998
1013.0,1.2899999999999998
1014.0,1.2469999999999999
1015.0,1.2899999999999998
1016.0,1.2469999999999999
1017.0,1.2899999999999998
1018.0,1.2469999999999999
1019.0,1.2899999999999998
1020.0,1.2469999999999999
1021.0,1.2469999999999999
1022.0,1.2469999999999999
1023.0,1.2899999999999998
1024.0,1.2899999999999998
1025.0,1.2469999999999999
1026.0,1.2469999999999999
1027.0,1.2469999999999999
1028.0,1.2469999999999999
1029.0,1.2469999999999999
1030.0,1.2899999999999998
1031.0,1.2469999999999999
1032.0,1.2899999999999998
1033.0,1.2469999999999999
1034.0,1.2469999999999999
1035.0,1.2469999999999999
1036.0,1.2469999999999999
1037.0,1.2899999999999998
1038.0,1.2469999999999999
1039.0,1.2469999999999999
1040.0,1.2469999999999999
1041.0,1.2899999999999998
1042.0,1.2469999999999999
1043.0,1.2899999999999998
1044.0,1.2899999999999998
1045.0,1.2899999999999998
1046.0,1.2469999999999999
1047.0,1.2899999999999998
1048.0,1.2469999999999999
1049.0,1.2469999999999999
1050.0,1.2469999999999999
1051.0,1.2899999999999998
1052.0,1.2899999999999998
1053.0,1.2899999999999998
1054.0,1.2469999999999999
1055.0,1.2899999999999998
1056.0,1.2899999999999998
1057.0,1.2899999999999998
1058.0,1.2899999999999998
1059.0,1.2899999999999998
1060.0,1.2469999999999999
1061.0,1.2899999999999998
1062.0,1.2899999999999998
1063.0,1.2469999999999999
1064.0,1.2469999999999999
1065.0,1.2469999999999999
1066.0,1.2469999999999999
1067.0,1.2469999999999999
1068.0,1.2469999999999999
1069.0,1.2469999999999999
1070.0,1.2469999999999999
1071.0,1.2469999999999999
1072.0,1.2899999999999998
1073.0,1.2469999999999999
1074.0,1.2469999999999999
1075.0,1.2899999999999998
1076.0,1.2899999999999998
1077.0,1.2899999999999998
1078.0,1.2899999999999998
1079.0,1.2899999999999998
1080.0,1.2469999999999999
1081.0,1.2899999999999998
1082.0,1.2469999999999999
1083.0,1.2469999999999999
1084.0,1.2469999999999999
1085.0,1.2469999999999999
1086.0,1.2469999999999999
1087.0,1.2899999999999998
1088.0,1.2469999999999999
1089.0,1.2899999999999998
1090.0,1.2469999999999999
1091.0,1.2899999999999998
1092.0,1.2899999999999998
1093.0,1.2899999999999998
1094.0,1.2469999999999999
1095.0,1.2899999999999998
1096.0,1.2469999999999999
1097.0,1.2469999999999999
1098.0,1.2899999999999998
1099.0,1.2469999999999999
1100.0,1.2899999999999998
1101.0,1.2469999999999999
1102.0,1.2469999999999999
1103.0,1.2469999999999999
1104.0,1.2899999999999998
1105.0,1.2899999999999998
1106.0,1.2469999999999999
1107.0,1.2469999999999999
1108.0,1.2469999999999999
1109.0,1.2469999999999999
1110.0,1.2469999999999999
1111.0,1.2469999999999999
1112.0,1.2899999999999998
1113.0,1.2899999999999998
1114.0,1.2899999999999998
1115.0,1.2469999999999999
1116.0,1.2469999999999999
1117.0,1.2469999999999999
1118.0,1.2469999999999999
1119.0,1.2469999999999999
1120.0,1.2469999999999999
1121.0,1.2469999999999999
1122.0,1.2899999999999998
1123.0,1.2469999999999999
1124.0,1.2469999999999999
1125.0,1.2469999999999999
1126.0,1.2469999999999999
1127.0,1.2469999999999999
1128.0,1.2469999999999999
1129.0,1.2469999999999999
1130.0,1.2469999999999999
1131.0,1.2469999999999999
1132.0,1.2469999999999999
1133.0,1.2469999999999999
1134.0,1.2469999999999999
1135.0,1.2899999999999998
1136.0,1.2469999999999999
1137.0,1.2899999999999998
1138.0,1.2469999999999999
1139.0,1.2899999999999998
1140.0,1.2469999999999999
1141.0,1.2899999999999998
1142.0,1.2469999999999999
1143.0,1.2469999999999999
1144.0,1.2469999999999999
1145.0,1.2469999999999999
1146.0,1.2469999999999999
1147.0,1.2899999999999998
1148.0,1.2469999999999999
1149.0,1.2469999999999999
1150.0,1.2469999999999999
1151.0,1.2469999999999999
1152.0,1.2469999999999999
1153.0,1.2469999999999999
1154.0,1.2469999999999999
1155.0,1.2469999999999999
1156.0,1.2899999999999998
1157.0,1.2469999999999999
1158.0,1.2469999999999999
1159.0,1.2469999999999999
1160.0,1.2469999999999999
1161.0,1.2469999999999999
1162.0,1.2469999999999999
1163.0,1.2469999999999999
1164.0,1.2469999999999999
1165.0,1.2469999999999999
1166.0,1.2469999999999999
1167.0,1.2469999999999999
1168.0,1.2469999999999999
1169.0,1.2469999999999999
1170.0,1.2469999999999999
1171.0,1.2469999999999999
1172.0,1.2469999999999999
1173.0,1.2469999999999999
1174.0,1.2469999999999999
1175.0,1.2469999999999999
1176.0,1.2469999999999999
1177.0,1.2899999999999998
1178.0,1.2469999999999999
1179.0,1.2899999999999998
1180.0,1.2469999999999999
1181.0,1.2469999999999999
1182.0,1.2899999999999998
1183.0,1.2469999999999999
1184.0,1.2899999999999998
1185.0,1.2469999999999999
1186.0,1.2469999999999999
1187.0,1.2899999999999998
1188.0,1.2469999999999999
1189.0,1.2469999999999999
1190.0,1.2469999999999999
1191.0,1.2469999999999999
1192.0,1.2469999999999999
1193.0,1.2469999999999999
1194.0,1.2469999999999999
1195.0,1.2469999999999999
1196.0,1.2469999999999999
1197.0,1.2469999999999999
1198.0,1.2469999999999999
1199.0,1.2469999999999999
1200.0,1.2469999999999999
1201.0,1.2469999999999999
1202.0,1.2469999999999999
1203.0,1.2469999999999999
1204.0,1.2469999999999999
1205.0,1.2469999999999999
1206.0,1.2469999999999999
1207.0,1.2469999999999999
1208.0,1.2469999999999999
1209.0,1.2469999999999999
1210.0,1.2469999999999999
1211.0,1.2469999999999999
1212.0,1.2469999999999999
1213.0,1.2469999999999999
1214.0,1.2469999999999999
1215.0,1.2469999999999999
1216.0,1.2469999999999999
1217.0,1.2469999999999999
1218.0,1.2469999999999999
1219.0,1.2469999999999999
1220.0,1.2469999999999999
1221.0,1.2469999999999999
1222.0,1.2469999999999999
1223.0,1.2469999999999999
1224.0,1.2469999999999999
1225.0,1.2469999999999999
1226.0,1.2469999999999999
1227.0,1.2899999999999998
1228.0,1.2469999999999999
1229.0,1.2469999999999999
1230.0,1.2469999999999999
1231.0,1.2469999999999999
1232.0,1.2469999999999999
1233.0,1.2469999999999999
1234.0,1.2469999999999999
1235.0,1.2469999999999999
1236.0,1.2469999999999999
1237.0,1.2469999999999999
1238.0,1.2469999999999999
1239.0,1.2469999999999999
1240.0,1.2469999999999999
1241.0,1.2469999999999999
1242.0,1.2469999999999999
1243.0,1.2469999999999999
1244.0,1.2469999999999999
1245.0,1.2469999999999999
1246.0,1.2469999999999999
1247.0,1.2469999999999999
1248.0,1.2469999999999999
1249.0,1.2469999999999999
1250.0,1.2469999999999999
1251.0,1.2469999999999999
1252.0,1.2469999999999999
1253.0,1.2899999999999998
1254.0,1.2469999999999999
1255.0,1.2469999999999999
1256.0,1.2469999999999999
1257.0,1.2469999999999999
1258.0,1.2469999999999999
1259.0,1.2469999999999999
1260.0,1.2469999999999999
1261.0,1.2469999999999999
1262.0,1.2469999999999999
1263.0,1.2469999999999999
1264.0,1.2469999999999999
1265.0,1.2469999999999999
1266.0,1.2469999999999999
1267.0,1.2469999999999999
1268.0,1.2469999999999999
1269.0,1.2469999999999999
1270.0,1.2469999999999999
1271.0,1.2469999999999999
1272.0,1.2469999999999999
1273.0,1.2469999999999999
1274.0,1.204
1275.0,1.2469999999999999
1276.0,1.204
1277.0,1.2469999999999999
1278.0,1.2469999999999999
1279.0,1.2469999999999999
1280.0,1.2469999999999999
1281.0,1.2469999999999999
1282.0,1.2469999999999999
1283.0,1.2469999999999999
1284.0,1.2469999999999999
1285.0,1.2469999999999999
1286.0,1.2469999999999999
1287.0,1.2469999999999999
1288.0,1.2469999999999999
1289.0,1.2469999999999999
1290.0,1.2469999999999999
1291.0,1.2469999999999999
1292.0,1.2469999999999999
1293.0,1.2469999999999999
1294.0,1.2469999999999999
1295.0,1.2469999999999999
1296.0,1.2469999999999999
1297.0,1.2469999999999999
1298.0,1.2469999999999999
1299.0,1.2469999999999999
1300.0,1.2469999999999999
1301.0,1.2469999999999999
1302.0,1.2469999999999999
1303.0,1.2469999999999999
1304.0,1.2469999999999999
1305.0,1.2469999999999999
1306.0,1.2469999999999999
1307.0,1.2469999999999999
1308.0,1.2469999999999999
1309.0,1.2469999999999999
1310.0,1.2469999999999999
1311.0,1.2469999999999999
1312.0,1.2469999999999999
1313.0,1.2469999999999999
1314.0,1.2469999999999999
1315.0,1.2469999999999999
1316.0,1.2469999999999999
1317.0,1.2469999999999999
1318.0,1.204
1319.0,1.2469999999999999
1320.0,1.2469999999999999
1321.0,1.2469999999999999
1322.0,1.2469999999999999
1323.0,1.204
1324.0,1.2469999999999999
1325.0,1.2469999999999999
1326.0,1.2469999999999999
1327.0,1.2469999999999999
1328.0,1.2469999999999999
1329.0,1.2469999999999999
1330.0,1.2469999999999999
1331.0,1.2469999999999999
1332.0,1.2469999999999999
1333.0,1.2469999999999999
1334.0,1.2469999999999999
1335.0,1.2469999999999999
1336.0,1.2899999999999998
1337.0,1.2469999999999999
1338.0,1.2469999999999999
1339.0,1.2469999999999999
1340.0,1.2469999999999999
1341.0,1.2469999999999999
1342.0,1.2469999999999999
1343.0,1.2469999999999999
1344.0,1.2469999999999999
1345.0,1.2469999999999999
1346.0,1.2469999999999999
1347.0,1.2469999999999999
1348.0,1.2469999999999999
1349.0,1.2469999999999999
1350.0,1.2469999999999999
1351.0,1.2469999999999999
1352.0,1.2469999999999999
1353.0,1.2469999999999999
1354.0,1.2469999999999999
1355.0,1.204
1356.0,1.2469999999999999
1357.0,1.2469999999999999
1358.0,1.2469999999999999
1359.0,1.204
1360.0,1.2469999999999999
1361.0,1.2469999999999999
1362.0,1.2469999999999999
1363.0,1.2469999999999999
1364.0,1.2469999999999999
1365.0,1.2469999999999999
1366.0,1.2469999999999999
1367.0,1.2469999999999999
1368.0,1.2469999999999999
1369.0,1.2469999999999999
1370.0,1.2469999999999999
1371.0,1.2469999999999999
1372.0,1.2469999999999999
1373.0,1.2469999999999999
1374.0,1.2469999999999999
1375.0,1.2469999999999999
1376.0,1.2469999999999999
1377.0,1.204
1378.0,1.2469999999999999
1379.0,1.2469999999999999
1380.0,1.2469999999999999
1381.0,1.204
1382.0,1.2469999999999999
1383.0,1.2469999999999999
1384.0,1.2469999999999999
1385.0,1.2469999999999999
1386.0,1.2469999999999999
1387.0,1.2469999999999999
1388.0,1.2469999999999999
1389.0,1.2469999999999999
1390.0,1.204
1391.0,1.204
1392.0,1.204
1393.0,1.2469999999999999
1394.0,1.2469999999999999
1395.0,1.2469999999999999
1396.0,1.2469999999999999
1397.0,1.2469999999999999
1398.0,1.2469999999999999
1399.0,1.2469999999999999
1400.0,1.2469999999999999
1401.0,1.204
1402.0,1.2469999999999999
1403.0,1.2469999999999999
1404.0,1.204
1405.0,1.2469999999999999
1406.0,1.2469999999999999
1407.0,1.2469999999999999
1408.0,1.2469999999999999
1409.0,1.2469999999999999
1410.0,1.2469999999999999
1411.0,1.2469999999999999
1412.0,1.2469999999999999
1413.0,1.2469999999999999
1414.0,1.2469999999999999
1415.0,1.2469999999999999
1416.0,1.2469999999999999
1417.0,1.2469999999999999
1418.0,1.2469999999999999
1419.0,1.204
1420.0,1.2469999999999999
1421.0,1.2469999999999999
1422.0,1.2469999999999999
1423.0,1.2469999999999999
1424.0,1.2469999999999999
1425.0,1.2469999999999999
1426.0,1.2469999999999999
1427.0,1.2469999999999999
1428.0,1.2469999999999999
1429.0,1.2469999999999999
1430.0,1.2469999999999999
1431.0,1.2469999999999999
1432.0,1.2469999999999999
1433.0,1.2469999999999999
1434.0,1.2469999999999999
1435.0,1.2469999999999999
1436.0,1.2469999999999999
1437.0,1.2469999999999999
1438.0,1.2469999999999999
1439.0,1.2469999999999999
1440.0,1.2469999999999999
1441.0,1.2469999999999999
1442.0,1.2469999999999999
1443.0,1.2469999999999999
1444.0,1.2469999999999999
1445.0,1.204
1446.0,1.2469999999999999
1447.0,1.2469999999999999
1448.0,1.2469999999999999
1449.0,1.2469999999999999
1450.0,1.204
1451.0,1.2469999999999999
1452.0,1.204
1453.0,1.2469999999999999
1454.0,1.2469999999999999
1455.0,1.2469999999999999
1456.0,1.2469999999999999
1457.0,1.2469999999999999
1458.0,1.2469999999999999
1459.0,1.2469999999999999
1460.0,1.2469999999999999
1461.0,1.2469999999999999
1462.0,1.2469999999999999
1463.0,1.2469999999999999
1464.0,1.2469999999999999
1465.0,1.2469999999999999
1466.0,1.2469999999999999
1467.0,1.2469999999999999
1468.0,1.2469999999999999
1469.0,1.2469999999999999
1470.0,1.2469999999999999
1471.0,1.2469999999999999
1472.0,1.2469999999999999
1473.0,1.2469999999999999
1474.0,1.2469999999999999
1475.0,1.2469999999999999
1476.0,1.2469999999999999
1477.0,1.2469999999999999
1478.0,1.2469999999999999
1479.0,1.2469999999999999
1480.0,1.2469999999999999
1481.0,1.204
1482.0,1.2469999999999999
1483.0,1.2469999999999999
1484.0,1.2469999999999999
1485.0,1.2469999999999999
1486.0,1.2469999999999999
1487.0,1.2469999999999999
1488.0,1.2469999999999999
1489.0,1.2469999999999999
1490.0,1.2469999999999999
1491.0,1.2469999999999999
1492.0,1.2469999999999999
1493.0,1.2469999999999999
1494.0,1.2469999999999999
1495.0,1.2469999999999999
1496.0,1.2469999999999999
1497.0,1.2469999999999999
1498.0,1.2469999999999999
1499.0,1.204
1500.0,1.204
1501.0,1.204
1502.0,1.2469999999999999
1503.0,1.2469999999999999
1504.0,1.2469999999999999
1505.0,1.2469999999999999
1506.0,1.204
1507.0,1.2469999999999999
1508.0,1.2469999999999999
1509.0,1.2469999999999999
1510.0,1.2469999999999999
1511.0,1.2469999999999999
1512.0,1.2469999999999999
1513.0,1.2469999999999999
1514.0,1.2469999999999999
1515.0,1.2469999999999999
1516.0,1.204
1517.0,1.2469999999999999
1518.0,1.2469999999999999
1519.0,1.2469999999999999
1520.0,1.204
1521.0,1.2469999999999999
1522.0,1.2469999999999999
1523.0,1.2469999999999999
1524.0,1.2469999999999999
1525.0,1.2469999999999999
1526.0,1.2469999999999999
1527.0,1.2469999999999999
1528.0,1.2469999999999999
1529.0,1.2469999999999999
1530.0,1.2469999999999999
1531.0,1.2469999999999999
1532.0,1.2469999999999999
1533.0,1.2469999999999999
1534.0,1.2469999999999999
1535.0,1.2469999999999999
1536.0,1.2469999999999999
1537.0,1.2469999999999999
1538.0,1.2469999999999999
1539.0,1.2469999999999999
1540.0,1.204
1541.0,1.2469999999999999
1542.0,1.204
1543.0,1.204
1544.0,1.204
1545.0,1.2469999999999999
1546.0,1.2469999999999999
1547.0,1.2469999999999999
1548.0,1.2469999999999999
1549.0,1.204
1550.0,1.204
1551.0,1.2469999999999999
1552.0,1.2469999999999999
1553.0,1.2469999999999999
1554.0,1.2469999999999999
1555.0,1.2469999999999999
1556.0,1.2469999999999999
1557.0,1.2469999999999999
1558.0,1.2469999999999999
1559.0,1.2469999999999999
1560.0,1.2469999999999999
1561.0,1.2469999999999999
1562.0,1.2469999999999999
1563.0,1.2469999999999999
1564.0,1.204
1565.0,1.2469999999999999
1566.0,1.2469999999999999
1567.0,1.2469999999999999
1568.0,1.2469999999999999
1569.0,1.2469999999999999
1570.0,1.204
1571.0,1.2469999999999999
1572.0,1.2469999999999999
1573.0,1.204
1574.0,1.2469999999999999
1575.0,1.2469999999999999
1576.0,1.204
1577.0,1.2469999999999999
1578.0,1.204
1579.0,1.204
1580.0,1.2469999999999999
1581.0,1.2469999999999999
1582.0,1.2469999999999999
1583.0,1.204
1584.0,1.204
1585.0,1.2469999999999999
1586.0,1.2469999999999999
1587.0,1.2469999999999999
1588.0,1.2469999999999999
1589.0,1.2469999999999999
1590.0,1.2469999999999999
1591.0,1.2469999999999999
1592.0,1.2469999999999999
1593.0,1.204
1594.0,1.2469999999999999
1595.0,1.2469999999999999
1596.0,1.2469999999999999
1597.0,1.204
1598.0,1.204
1599.0,1.204
1600.0,1.2469999999999999
1601.0,1.2469999999999999
1602.0,1.2469999999999999
1603.0,1.2469999999999999
1604.0,1.2469999999999999
1605.0,1.2469999999999999
1606.0,1.2469999999999999
1607.0,1.204
1608.0,1.2469999999999999
1609.0,1.204
1610.0,1.204
1611.0,1.204
1612.0,1.204
1613.0,1.204
1614.0,1.204
1615.0,1.2469999999999999
1616.0,1.204
1617.0,1.204
1618.0,1.204
1619.0,1.204
1620.0,1.204
1621.0,1.204
1622.0,1.204
1623.0,1.2469999999999999
1624.0,1.204
1625.0,1.2469999999999999
1626.0,1.204
1627.0,1.2469999999999999
1628.0,1.2469999999999999
1629.0,1.2469999999999999
1630.0,1.2469999999999999
1631.0,1.2469999999999999
1632.0,1.2469999999999999
1633.0,1.2469999999999999
1634.0,1.204
1635.0,1.204
1636.0,1.2469999999999999
1637.0,1.2469999999999999
1638.0,1.2469999999999999
1639.0,1.2469999999999999
1640.0,1.2469999999999999
1641.0,1.204
1642.0,1.2469999999999999
1643.0,1.204
1644.0,1.2469999999999999
1645.0,1.2469999999999999
1646.0,1.2469999999999999
1647.0,1.2469999999999999
1648.0,1.2469999999999999
1649.0,1.204
1650.0,1.204
1651.0,1.204
1652.0,1.204
1653.0,1.2469999999999999
1654.0,1.204
1655.0,1.2469999999999999
1656.0,1.204
1657.0,1.2469999999999999
1658.0,1.204
1659.0,1.2469999999999999
1660.0,1.204
1661.0,1.2469999999999999
1662.0,1.204
1663.0,1.2469999999999999
1664.0,1.2469999999999999
1665.0,1.2469999999999999
1666.0,1.2469999999999999
1667.0,1.2469999999999999
1668.0,1.204
1669.0,1.204
1670.0,1.2469999999999999
1671.0,1.2469999999999999
1672.0,1.2469999999999999
1673.0,1.204
1674.0,1.2469999999999999
1675.0,1.2469999999999999
1676.0,1.204
1677.0,1.204
1678.0,1.2469999999999999
1679.0,1.2469999999999999
1680.0,1.2469999999999999
1681.0,1.2469999999999999
1682.0,1.204
1683.0,1.2469999999999999
1684.0,1.2469999999999999
1685.0,1.2469999999999999
1686.0,1.204
1687.0,1.204
1688.0,1.204
1689.0,1.2469999999999999
1690.0,1.204
1691.0,1.204
1692.0,1.204
1693.0,1.204
1694.0,1.204
1695.0,1.204
1696.0,1.2469999999999999
1697.0,1.204
1698.0,1.204
1699.0,1.2469999999999999
1700.0,1.204
1701.0,1.2469999999999999
1702.0,1.204
1703.0,1.2469999999999999
1704.0,1.204
1705.0,1.2469999999999999
1706.0,1.2469999999999999
1707.0,1.204
1708.0,1.2469999999999999
1709.0,1.204
1710.0,1.2469999999999999
1711.0,1.204
1712.0,1.2469999999999999
1713.0,1.2469999999999999
1714.0,1.204
1715.0,1.204
1716.0,1.2469999999999999
1717.0,1.204
1718.0,1.204
1719.0,1.2469999999999999
1720.0,1.204
1721.0,1.2469999999999999
1722.0,1.2469999999999999
1723.0,1.2469999999999999
1724.0,1.204
1725.0,1.2469999999999999
1726.0,1.204
1727.0,1.204
1728.0,1.204
1729.0,1.2469999999999999
1730.0,1.204
1731.0,1.2469999999999999
1732.0,1.204
1733.0,1.204
1734.0,1.204
1735.0,1.204
1736.0,1.204
1737.0,1.204
1738.0,1.2469999999999999
1739.0,1.2469999999999999
1740.0,1.2469999999999999
1741.0,1.2469999999999999
1742.0,1.204
1743.0,1.204
1744.0,1.204
1745.0,1.2469999999999999
1746.0,1.2469999999999999
1747.0,1.204
1748.0,1.204
1749.0,1.2469999999999999
1750.0,1.2469999999999999
1751.0,1.204
1752.0,1.2469999999999999
1753.0,1.2469999999999999
1754.0,1.2469999999999999
1755.0,1.2469999999999999
1756.0,1.204
1757.0,1.2469999999999999
1758.0,1.204
1759.0,1.204
1760.0,1.204
1761.0,1.204
1762.0,1.204
1763.0,1.2469999999999999
1764.0,1.204
1765.0,1.2469999999999999
1766.0,1.204
1767.0,1.2469999999999999
1768.0,1.204
1769.0,1.204
1770.0,1.204
1771.0,1.2469999999999999
1772.0,1.204
1773.0,1.2469999999999999
1774.0,1.2469999999999999
1775.0,1.2469999999999999
1776.0,1.204
1777.0,1.2469999999999999
1778.0,1.2469999999999999
1779.0,1.204
1780.0,1.204
1781.0,1.2469999999999999
1782.0,1.204
1783.0,1.204
1784.0,1.2469999999999999
1785.0,1.2469999999999999
1786.0,1.204
1787.0,1.204
1788.0,1.2469999999999999
1789.0,1.204
1790.0,1.2469999999999999
1791.0,1.204
1792.0,1.204
1793.0,1.204
1794.0,1.204
1795.0,1.2469999999999999
1796.0,1.204
1797.0,1.2469999999999999
1798.0,1.204
1799.0,1.2469999999999999
1800.0,1.204
1801.0,1.204
1802.0,1.204
1803.0,1.204
1804.0,1.204
1805.0,1.204
1806.0,1.2469999999999999
1807.0,1.2469999999999999
1808.0,1.204
1809.0,1.204
1810.0,1.204
1811.0,1.2469999999999999
1812.0,1.2469999999999999
1813.0,1.2469999999999999
1814.0,1.204
1815.0,1.2469999999999999
1816.0,1.2469999999999999
1817.0,1.204
1818.0,1.2469999999999999
1819.0,1.204
1820.0,1.2469999999999999
1821.0,1.2469999999999999
1822.0,1.2469999999999999
1823.0,1.204
1824.0,1.2469999999999999
1825.0,1.204
1826.0,1.204
1827.0,1.2469999999999999
1828.0,1.2469999999999999
1829.0,1.2469999999999999
1830.0,1.2469999999999999
1831.0,1.2469999999999999
1832.0,1.2469999999999999
1833.0,1.204
1834.0,1.204
1835.0,1.204
1836.0,1.204
1837.0,1.2469999999999999
1838.0,1.204
1839.0,1.204
1840.0,1.204
1841.0,1.204
1842.0,1.204
1843.0,1.2469999999999999
1844.0,1.204
1845.0,1.2469999999999999
1846.0,1.204
1847.0,1.2469999999999999
1848.0,1.204
1849.0,1.2469999999999999
1850.0,1.204
1851.0,1.204
1852.0,1.2469999999999999
1853.0,1.2469999999999999
1854.0,1.2469999999999999
1855.0,1.2469999999999999
1856.0,1.2469999999999999
1857.0,1.2469999999999999
1858.0,1.204
1859.0,1.204
1860.0,1.204
1861.0,1.204
1862.0,1.204
1863.0,1.2469999999999999
1864.0,1.204
1865.0,1.2469999999999999
1866.0,1.204
1867.0,1.204
1868.0,1.204
1869.0,1.2469999999999999
1870.0,1.204
1871.0,1.2469999999999999
1872.0,1.204
1873.0,1.2469999999999999
1874.0,1.204
1875.0,1.2469999999999999
1876.0,1.204
1877.0,1.204
1878.0,1.204
1879.0,1.204
1880.0,1.204
1881.0,1.204
1882.0,1.204
1883.0,1.2469999999999999
1884.0,1.204
1885.0,1.2469999999999999
1886.0,1.204
1887.0,1.2469999999999999
1888.0,1.2469999999999999
1889.0,1.2469999999999999
1890.0,1.204
1891.0,1.204
1892.0,1.204
1893.0,1.204
1894.0,1.204
1895.0,1.204
1896.0,1.2469999999999999
1897.0,1.2469999999999999
1898.0,1.204
1899.0,1.2469999999999999
1900.0,1.204
1901.0,1.204
1902.0,1.204
1903.0,1.204
1904.0,1.204
1905.0,1.204
1906.0,1.204
1907.0,1.204
1908.0,1.204
1909.0,1.204
1910.0,1.204
1911.0,1.2469999999999999
1912.0,1.204
1913.0,1.204
1914.0,1.2469999999999999
1915.0,1.204
1916.0,1.204
1917.0,1.204
1918.0,1.204
1919.0,1.204
1920.0,1.204
1921.0,1.2469999999999999
1922.0,1.2469999999999999
1923.0,1.2469999999999999
1924.0,1.204
1925.0,1.204
1926.0,1.204
1927.0,1.204
1928.0,1.1609999999999998
1929.0,1.204
1930.0,1.204
1931.0,1.204
1932.0,1.204
1933.0,1.204
1934.0,1.204
1935.0,1.204
1936.0,1.204
1937.0,1.204
1938.0,1.2469999999999999
1939.0,1.204
1940.0,1.204
1941.0,1.2469999999999999
1942.0,1.204
1943.0,1.204
1944.0,1.204
1945.0,1.204
1946.0,1.204
1947.0,1.204
1948.0,1.204
1949.0,1.204
1950.0,1.204
1951.0,1.204
1952.0,1.204
1953.0,1.204
1954.0,1.204
1955.0,1.204
1956.0,1.204
1957.0,1.2469999999999999
1958.0,1.204
1959.0,1.204
1960.0,1.204
1961.0,1.1609999999999998
1962.0,1.2469999999999999
1963.0,1.204
1964.0,1.2469999999999999
1965.0,1.204
1966.0,1.204
1967.0,1.204
1968.0,1.204
1969.0,1.204
1970.0,1.204
1971.0,1.204
1972.0,1.204
1973.0,1.204
1974.0,1.204
1975.0,1.204
1976.0,1.204
1977.0,1.204
1978.0,1.204
1979.0,1.204
1980.0,1.204
1981.0,1.2469999999999999
1982.0,1.204
1983.0,1.204
1984.0,1.204
1985.0,1.204
1986.0,1.204
1987.0,1.204
1988.0,1.204
1989.0,1.204
1990.0,1.204
1991.0,1.204
1992.0,1.204
1993.0,1.204
1994.0,1.204
1995.0,1.204
1996.0,1.204
1997.0,1.204
1998.0,1.204
1999.0,1.204
2000.0,1.204
2001.0,1.204
2002.0,1.1609999999999998
2003.0,1.204
2004.0,1.204
2005.0,1.204
2006.0,1.204
2007.0,1.204
2008.0,1.204
2009.0,1.204
2010.0,1.204
2011.0,1.204
2012.0,1.204
2013.0,1.204
2014.0,1.204
2015.0,1.204
2016.0,1.204
2017.0,1.2469999999999999
2018.0,1.204
2019.0,1.204
2020.0,1.204
2021.0,1.2469999999999999
2022.0,1.204
2023.0,1.204
2024.0,1.204
2025.0,1.204
2026.0,1.204
2027.0,1.204
2028.0,1.204
2029.0,1.204
2030.0,1.204
2031.0,1.204
2032.0,1.204
2033.0,1.204
2034.0,1.204
2035.0,1.204
2036.0,1.204
2037.0,1.204
2038.0,1.204
2039.0,1.2469999999999999
2040.0,1.204
2041.0,1.204
2042.0,1.1609999999999998
2043.0,1.204
2044.0,1.2469999999999999
2045.0,1.204
2046.0,1.204
2047.0,1.2469999999999999
2048.0,1.2469999999999999
2049.0,1.204
2050.0,1.2469999999999999
2051.0,1.204
2052.0,1.204
2053.0,1.204
2054.0,1.204
2055.0,1.204
2056.0,1.204
2057.0,1.204
2058.0,1.204
2059.0,1.204
2060.0,1.204
2061.0,1.2469999999999999
2062.0,1.204
2063.0,1.204
2064.0,1.204
2065.0,1.204
2066.0,1.204
2067.0,1.204
2068.0,1.204
2069.0,1.204
2070.0,1.204
2071.0,1.2469999999999999
2072.0,1.204
2073.0,1.204
2074.0,1.204
2075.0,1.204
2076.0,1.204
2077.0,1.204
2078.0,1.204
2079.0,1.2469999999999999
2080.0,1.204
2081.0,1.204
2082.0,1.204
2083.0,1.204
2084.0,1.204
2085.0,1.204
2086.0,1.204
2087.0,1.2469999999999999
2088.0,1.204
2089.0,1.2469999999999999
2090.0,1.204
2091.0,1.2469999999999999
2092.0,1.204
2093.0,1.204
2094.0,1.204
2095.0,1.204
2096.0,1.204
2097.0,1.204
2098.0,1.204
2099.0,1.204
2100.0,1.204
2101.0,1.204
2102.0,1.204
2103.0,1.204
2104.0,1.2469999999999999
2105.0,1.204
2106.0,1.204
2107.0,1.204
2108.0,1.204
2109.0,1.204
2110.0,1.204
2111.0,1.204
2112.0,1.2469999999999999
2113.0,1.204
2114.0,1.204
2115.0,1.204
2116.0,1.204
2117.0,1.204
2118.0,1.204
2119.0,1.2469999999999999
2120.0,1.204
2121.0,1.204
2122.0,1.204
2123.0,1.204
2124.0,1.204
2125.0,1.204
2126.0,1.204
2127.0,1.204
2128.0,1.204
2129.0,1.204
2130.0,1.204
2131.0,1.204
2132.0,1.204
2133.0,1.204
2134.0,1.204
2135.0,1.2469999999999999
2136.0,1.204
2137.0,1.204
2138.0,1.204
2139.0,1.2469999999999999
2140.0,1.204
2141.0,1.204
2142.0,1.204
2143.0,1.204
2144.0,1.204
2145.0,1.204
2146.0,1.204
2147.0,1.204
2148.0,1.204
2149.0,1.204
2150.0,1.1609999999999998
2151.0,1.204
2152.0,1.204
2153.0,1.204
2154.0,1.204
2155.0,1.204
2156.0,1.204
2157.0,1.204
2158.0,1.204
2159.0,1.204
2160.0,1.204
2161.0,1.204
2162.0,1.204
2163.0,1.204
2164.0,1.204
2165.0,1.204
2166.0,1.204
2167.0,1.204
2168.0,1.204
2169.0,1.204
2170.0,1.204
2171.0,1.204
2172.0,1.204
2173.0,1.204
2174.0,1.204
2175.0,1.204
2176.0,1.204
2177.0,1.204
2178.0,1.204
2179.0,1.2469999999999999
2180.0,1.2469999999999999
2181.0,1.204
2182.0,1.204
2183.0,1.204
2184.0,1.1609999999999998
2185.0,1.204
2186.0,1.204
2187.0,1.204
2188.0,1.204
2189.0,1.204
2190.0,1.204
2191.0,1.204
2192.0,1.204
2193.0,1.204
2194.0,1.204
2195.0,1.204
2196.0,1.204
2197.0,1.2469999999999999
2198.0,1.204
2199.0,1.204
2200.0,1.204
2201.0,1.204
2202.0,1.204
2203.0,1.204
2204.0,1.204
2205.0,1.204
2206.0,1.204
2207.0,1.204
2208.0,1.204
2209.0,1.204
2210.0,1.204
2211.0,1.204
2212.0,1.204
2213.0,1.204
2214.0,1.204
2215.0,1.204
2216.0,1.204
2217.0,1.204
2218.0,1.204
2219.0,1.1609999999999998
2220.0,1.204
2221.0,1.204
2222.0,1.204
2223.0,1.1609999999999998
2224.0,1.204
2225.0,1.204
2226.0,1.204
2227.0,1.204
2228.0,1.204
2229.0,1.204
2230.0,1.204
2231.0,1.204
2232.0,1.204
2233.0,1.204
2234.0,1.1609999999999998
2235.0,1.204
2236.0,1.204
2237.0,1.1609999999999998
2238.0,1.204
2239.0,1.204
2240.0,1.204
2241.0,1.2469999999999999
2242.0,1.204
2243.0,1.204
2244.0,1.204
2245.0,1.204
2246.0,1.204
2247.0,1.204
2248.0,1.204
2249.0,1.204
2250.0,1.204
2251.0,1.204
2252.0,1.204
2253.0,1.204
2254.0,1.204
2255.0,1.204
2256.0,1.204
2257.0,1.204
2258.0,1.204
2259.0,1.204
2260.0,1.204
2261.0,1.2469999999999999
2262.0,1.1609999999999998
2263.0,1.204
2264.0,1.1609999999999998
2265.0,1.1609999999999998
2266.0,1.204
2267.0,1.204
2268.0,1.204
2269.0,1.204
2270.0,1.204
2271.0,1.204
2272.0,1.204
2273.0,1.204
2274.0,1.204
2275.0,1.204
2276.0,1.204
2277.0,1.204
2278.0,1.204
2279.0,1.204
2280.0,1.204
2281.0,1.204
2282.0,1.204
2283.0,1.204
2284.0,1.204
2285.0,1.204
2286.0,1.204
2287.0,1.204
2288.0,1.204
2289.0,1.204
2290.0,1.204
2291.0,1.204
2292.0,1.204
2293.0,1.204
2294.0,1.204
2295.0,1.204
2296.0,1.204
2297.0,1.204
2298.0,1.204
2299.0,1.204
2300.0,1.204
2301.0,1.204
2302.0,1.204
2303.0,1.204
2304.0,1.204
2305.0,1.204
2306.0,1.204
2307.0,1.204
2308.0,1.1609999999999998
2309.0,1.204
2310.0,1.204
2311.0,1.204
2312.0,1.204
2313.0,1.204
2314.0,1.204
2315.0,1.204
2316.0,1.1609999999999998
2317.0,1.204
2318.0,1.1609999999999998
2319.0,1.204
2320.0,1.204
2321.0,1.2469999999999999
2322.0,1.204
2323.0,1.2469999999999999
2324.0,1.204
2325.0,1.204
2326.0,1.204
2327.0,1.204
2328.0,1.204
2329.0,1.204
2330.0,1.204
2331.0,1.204
2332.0,1.204
2333.0,1.204
2334.0,1.204
2335.0,1.1609999999999998
2336.0,1.204
2337.0,1.204
2338.0,1.204
2339.0,1.204
2340.0,1.204
2341.0,1.204
2342.0,1.204
2343.0,1.204
2344.0,1.204
2345.0,1.204
2346.0,1.204
2347.0,1.204
2348.0,1.204
2349.0,1.204
2350.0,1.1609999999999998
2351.0,1.204
2352.0,1.204
2353.0,1.204
2354.0,1.204
2355.0,1.204
2356.0,1.1609999999999998
2357.0,1.204
2358.0,1.204
2359.0,1.1609999999999998
2360.0,1.204
2361.0,1.204
2362.0,1.1609999999999998
2363.0,1.204
2364.0,1.204
2365.0,1.204
2366.0,1.1609999999999998
2367.0,1.204
2368.0,1.1609999999999998
2369.0,1.1609999999999998
2370.0,1.204
2371.0,1.204
2372.0,1.204
2373.0,1.204
2374.0,1.204
2375.0,1.1609999999999998
2376.0,1.204
2377.0,1.204
2378.0,1.204
2379.0,1.204
2380.0,1.204
2381.0,1.204
2382.0,1.204
2383.0,1.204
2384.0,1.204
2385.0,1.204
2386.0,1.204
2387.0,1.204
2388.0,1.204
2389.0,1.204
2390.0,1.204
2391.0,1.204
2392.0,1.204
2393.0,1.204
2394.0,1.204
2395.0,1.1609999999999998
2396.0,1.1609999999999998
2397.0,1.204
2398.0,1.204
2399.0,1.1609999999999998
2400.0,1.1609999999999998
2401.0,1.1609999999999998
2402.0,1.1609999999999998
2403.0,1.1609999999999998
2404.0,1.204
2405.0,1.204
2406.0,1.204
2407.0,1.204
2408.0,1.204
2409.0,1.204
2410.0,1.204
2411.0,1.204
2412.0,1.204
2413.0,1.204
2414.0,1.204
2415.0,1.204
2416.0,1.1609999999999998
2417.0,1.1609999999999998
2418.0,1.1609999999999998
2419.0,1.204
2420.0,1.204
2421.0,1.204
2422.0,1.204
2423.0,1.204
2424.0,1.204
2425.0,1.204
2426.0,1.204
2427.0,1.204
2428.0,1.204
2429.0,1.1609999999999998
2430.0,1.204
2431.0,1.204
2432.0,1.204
2433.0,1.204
2434.0,1.204
2435.0,1.204
2436.0,1.204
2437.0,1.204
2438.0,1.204
2439.0,1.204
2440.0,1.204
2441.0,1.204
2442.0,1.204
2443.0,1.204
2444.0,1.1609999999999998
2445.0,1.1609999999999998
2446.0,1.204
2447.0,1.204
2448.0,1.1609999999999998
2449.0,1.204
2450.0,1.1609999999999998
2451.0,1.204
2452.0,1.1609999999999998
2453.0,1.204
2454.0,1.204
2455.0,1.204
2456.0,1.1609999999999998
2457.0,1.1609999999999998
2458.0,1.204
2459.0,1.204
2460.0,1.204
2461.0,1.1609999999999998
2462.0,1.204
2463.0,1.204
2464.0,1.204
2465.0,1.204
2466.0,1.204
2467.0,1.204
2468.0,1.204
2469.0,1.204
2470.0,1.204
2471.0,1.204
2472.0,1.204
2473.0,1.204
2474.0,1.204
2475.0,1.204
2476.0,1.204
2477.0,1.204
2478.0,1.204
2479.0,1.1609999999999998
2480.0,1.204
2481.0,1.204
2482.0,1.204
2483.0,1.204
2484.0,1.1609999999999998
2485.0,1.204
2486.0,1.1609999999999998
2487.0,1.204
2488.0,1.1609999999999998
2489.0,1.204
2490.0,1.1609999999999998
2491.0,1.1609999999999998
2492.0,1.1609999999999998
2493.0,1.204
2494.0,1.1609999999999998
2495.0,1.2469999999999999
2496.0,1.204
2497.0,1.1609999999999998
2498.0,1.204
2499.0,1.204
2500.0,1.204
2501.0,1.204
2502.0,1.204
2503.0,1.204
2504.0,1.204
2505.0,1.204
2506.0,1.204
2507.0,1.204
2508.0,1.204
2509.0,1.204
2510.0,1.204
2511.0,1.204
2512.0,1.204
2513.0,1.204
2514.0,1.204
2515.0,1.204
2516.0,1.204
2517.0,1.204
2518.0,1.204
2519.0,1.204
2520.0,1.204
2521.0,1.204
2522.0,1.204
2523.0,1.1609999999999998
2524.0,1.204
2525.0,1.204
2526.0,1.1609999999999998
2527.0,1.1609999999999998
2528.0,1.204
2529.0,1.204
2530.0,1.204
2531.0,1.204
2532.0,1.204
2533.0,1.204
2534.0,1.204
2535.0,1.204
2536.0,1.1609999999999998
2537.0,1.204
2538.0,1.204
2539.0,1.204
2540.0,1.1609999999999998
2541.0,1.1609999999999998
2542.0,1.204
2543.0,1.1609999999999998
2544.0,1.204
2545.0,1.1609999999999998
2546.0,1.204
2547.0,1.204
2548.0,1.204
2549.0,1.204
2550.0,1.204
2551.0,1.204
2552.0,1.204
2553.0,1.204
2554.0,1.204
2555.0,1.204
2556.0,1.204
2557.0,1.204
2558.0,1.1609999999999998
2559.0,1.204
2560.0,1.204
2561.0,1.204
2562.0,1.204
2563.0,1.204
2564.0,1.204
2565.0,1.204
2566.0,1.204
2567.0,1.204
2568.0,1.1609999999999998
2569.0,1.1609999999999998
2570.0,1.204
2571.0,1.1609999999999998
2572.0,1.204
2573.0,1.204
2574.0,1.1609999999999998
2575.0,1.204
2576.0,1.204
2577.0,1.204
2578.0,1.204
2579.0,1.204
2580.0,1.204
2581.0,1.204
2582.0,1.204
2583.0,1.204
2584.0,1.1609999999999998
2585.0,1.204
2586.0,1.1609999999999998
2587.0,1.204
2588.0,1.204
2589.0,1.204
2590.0,1.204
2591.0,1.204
2592.0,1.1609999999999998
2593.0,1.204
2594.0,1.204
2595.0,1.1609999999999998
2596.0,1.204
2597.0,1.204
2598.0,1.204
2599.0,1.204
2600.0,1.204
2601.0,1.204
2602.0,1.204
2603.0,1.1609999999999998
2604.0,1.204
2605.0,1.1609999999999998
2606.0,1.1609999999999998
2607.0,1.1609999999999998
2608.0,1.1609999999999998
2609.0,1.1609999999999998
2610.0,1.1609999999999998
2611.0,1.204
2612.0,1.1609999999999998
2613.0,1.204
2614.0,1.204
2615.0,1.204
2616.0,1.204
2617.0,1.204
2618.0,1.204
2619.0,1.1609999999999998
2620.0,1.204
2621.0,1.1609999999999998
2622.0,1.204
2623.0,1.1609999999999998
2624.0,1.1609999999999998
2625.0,1.204
2626.0,1.204
2627.0,1.1609999999999998
2628.0,1.204
2629.0,1.1609999999999998
2630.0,1.204
2631.0,1.1609999999999998
2632.0,1.1609999999999998
2633.0,1.1609999999999998
2634.0,1.204
2635.0,1.1609999999999998
2636.0,1.1609999999999998
2637.0,1.204
2638.0,1.204
2639.0,1.204
2640.0,1.204
2641.0,1.204
2642.0,1.1609999999999998
2643.0,1.204
2644.0,1.204
2645.0,1.1609999999999998
2646.0,1.204
2647.0,1.1609999999999998
2648.0,1.1609999999999998
2649.0,1.1609999999999998
2650.0,1.1609999999999998
2651.0,1.1609999999999998
2652.0,1.1609999999999998
2653.0,1.204
2654.0,1.204
2655.0,1.1609999999999998
2656.0,1.1609999999999998
2657.0,1.204
2658.0,1.204
2659.0,1.204
2660.0,1.1609999999999998
2661.0,1.204
2662.0,1.204
2663.0,1.204
2664.0,1.204
2665.0,1.1609999999999998
2666.0,1.1609999999999998
2667.0,1.1609999999999998
2668.0,1.1609999999999998
2669.0,1.204
2670.0,1.204
2671.0,1.204
2672.0,1.204
2673.0,1.204
2674.0,1.204
2675.0,1.204
2676.0,1.204
2677.0,1.1609999999999998
2678.0,1.1609999999999998
2679.0,1.204
2680.0,1.204
2681.0,1.204
2682.0,1.204
2683.0,1.204
2684.0,1.1609999999999998
2685.0,1.204
2686.0,1.1609999999999998
2687.0,1.1609999999999998
2688.0,1.1609999999999998
2689.0,1.204
2690.0,1.204
2691.0,1.204
2692.0,1.204
2693.0,1.204
2694.0,1.204
2695.0,1.1609999999999998
2696.0,1.1609999999999998
2697.0,1.1609999999999998
2698.0,1.204
2699.0,1.1609999999999998
2700.0,1.204
2701.0,1.204
2702.0,1.204
2703.0,1.204
2704.0,1.204
2705.0,1.204
2706.0,1.204
2707.0,1.204
2708.0,1.1609999999999998
2709.0,1.1609999999999998
2710.0,1.1609999999999998
2711.0,1.1609999999999998
2712.0,1.1609999999999998
2713.0,1.1609999999999998
2714.0,1.1609999999999998
2715.0,1.1609999999999998
2716.0,1.1609999999999998
2717.0,1.1609999999999998
2718.0,1.1609999999999998
2719.0,1.1609999999999998
2720.0,1.1609999999999998
2721.0,1.204
2722.0,1.1609999999999998
2723.0,1.1609999999999998
2724.0,1.1609999999999998
2725.0,1.1609999999999998
2726.0,1.1609999999999998
2727.0,1.1609999999999998
2728.0,1.1609999999999998
2729.0,1.1609999999999998
2730.0,1.1609999999999998
2731.0,1.1609999999999998
2732.0,1.204
2733.0,1.204
2734.0,1.1609999999999998
2735.0,1.1609999999999998
2736.0,1.1609999999999998
2737.0,1.1609999999999998
2738.0,1.1609999999999998
2739.0,1.204
2740.0,1.1609999999999998
2741.0,1.1609999999999998
2742.0,1.1609999999999998
2743.0,1.1609999999999998
2744.0,1.1609999999999998
2745.0,1.1609999999999998
2746.0,1.1609999999999998
2747.0,1.1609999999999998
2748.0,1.1609999999999998
2749.0,1.1609999999999998
2750.0,1.1609999999999998
2751.0,1.1609999999999998
2752.0,1.1609999999999998
2753.0,1.1609999999999998
2754.0,1.1609999999999998
2755.0,1.1609999999999998
2756.0,1.204
2757.0,1.204
2758.0,1.1609999999999998
2759.0,1.1609999999999998
2760.0,1.1609999999999998
2761.0,1.1609999999999998
2762.0,1.204
2763.0,1.1609999999999998
2764.0,1.204
2765.0,1.1609999999999998
2766.0,1.1609999999999998
2767.0,1.1609999999999998
2768.0,1.1609999999999998
2769.0,1.1609999999999998
2770.0,1.204
2771.0,1.1609999999999998
2772.0,1.204
2773.0,1.1609999999999998
2774.0,1.1609999999999998
2775.0,1.1609999999999998
2776.0,1.1609999999999998
2777.0,1.1609999999999998
2778.0,1.1609999999999998
2779.0,1.1609999999999998
2780.0,1.1609999999999998
2781.0,1.1609999999999998
2782.0,1.1609999999999998
2783.0,1.1609999999999998
2784.0,1.1609999999999998
2785.0,1.1609999999999998
2786.0,1.1609999999999998
2787.0,1.1609999999999998
2788.0,1.1609999999999998
2789.0,1.1609999999999998
2790.0,1.1609999999999998
2791.0,1.1609999999999998
2792.0,1.1609999999999998
2793.0,1.1609999999999998
2794.0,1.1609999999999998
2795.0,1.1609999999999998
2796.0,1.1609999999999998
2797.0,1.1609999999999998
2798.0,1.1609999999999998
2799.0,1.1609999999999998
2800.0,1.1609999999999998
2801.0,1.1609999999999998
2802.0,1.1609999999999998
2803.0,1.1609999999999998
2804.0,1.1609999999999998
2805.0,1.1609999999999998
2806.0,1.1609999999999998
2807.0,1.1609999999999998
2808.0,1.1609999999999998
2809.0,1.1609999999999998
2810.0,1.1609999999999998
2811.0,1.1609999999999998
2812.0,1.1609999999999998
2813.0,1.1609999999999998
2814.0,1.1609999999999998
2815.0,1.1609999999999998
2816.0,1.1609999999999998
2817.0,1.1609999999999998
2818.0,1.1609999999999998
2819.0,1.1609999999999998
2820.0,1.1609999999999998
2821.0,1.1609999999999998
2822.0,1.1609999999999998
2823.0,1.1609999999999998
2824.0,1.1609999999999998
2825.0,1.1609999999999998
2826.0,1.1609999999999998
2827.0,1.1609999999999998
2828.0,1.1609999999999998
2829.0,1.1609999999999998
2830.0,1.1609999999999998
2831.0,1.1609999999999998
2832.0,1.1609999999999998
2833.0,1.1609999999999998
2834.0,1.1609999999999998
2835.0,1.1609999999999998
2836.0,1.1609999999999998
2837.0,1.1609999999999998
2838.0,1.1609999999999998
2839.0,1.204
2840.0,1.1609999999999998
2841.0,1.1609999999999998
2842.0,1.1609999999999998
2843.0,1.1609999999999998
2844.0,1.1609999999999998
2845.0,1.204
2846.0,1.204
2847.0,1.1609999999999998
2848.0,1.1609999999999998
2849.0,1.1609999999999998
2850.0,1.1609999999999998
2851.0,1.1609999999999998
2852.0,1.1609999999999998
2853.0,1.1609999999999998
2854.0,1.1609999999999998
2855.0,1.1609999999999998
2856.0,1.1609999999999998
2857.0,1.1609999999999998
2858.0,1.1609999999999998
2859.0,1.1609999999999998
2860.0,1.1609999999999998
2861.0,1.1609999999999998
2862.0,1.204
2863.0,1.1609999999999998
2864.0,1.204
2865.0,1.204
2866.0,1.1609999999999998
2867.0,1.1609999999999998
2868.0,1.1609999999999998
2869.0,1.1609999999999998
2870.0,1.204
2871.0,1.1609999999999998
2872.0,1.204
2873.0,1.1609999999999998
2874.0,1.1609999999999998
2875.0,1.1609999999999998
2876.0,1.1609999999999998
2877.0,1.1609999999999998
2878.0,1.1609999999999998
2879.0,1.1609999999999998
2880.0,1.1609999999999998
2881.0,1.1609999999999998
2882.0,1.1609999999999998
2883.0,1.1609999999999998
2884.0,1.1609999999999998
2885.0,1.1179999999999999
2886.0,1.1609999999999998
2887.0,1.1609999999999998
2888.0,1.1609999999999998
2889.0,1.1609999999999998
2890.0,1.1609999999999998
2891.0,1.1609999999999998
2892.0,1.1609999999999998
2893.0,1.1609999999999998
2894.0,1.1609999999999998
2895.0,1.1609999999999998
2896.0,1.1609999999999998
2897.0,1.204
2898.0,1.1609999999999998
2899.0,1.1609999999999998
2900.0,1.1609999999999998
2901.0,1.1609999999999998
2902.0,1.1609999999999998
2903.0,1.1609999999999998
2904.0,1.1609999999999998
2905.0,1.1609999999999998
2906.0,1.204
2907.0,1.1609999999999998
2908.0,1.1609999999999998
2909.0,1.204
2910.0,1.1609999999999998
2911.0,1.1609999999999998
2912.0,1.1609999999999998
2913.0,1.204
2914.0,1.1609999999999998
2915.0,1.1609999999999998
2916.0,1.1609999999999998
2917.0,1.1609999999999998
2918.0,1.1609999999999998
2919.0,1.1609999999999998
2920.0,1.1609999999999998
2921.0,1.1609999999999998
2922.0,1.1609999999999998
2923.0,1.1609999999999998
2924.0,1.1609999999999998
2925.0,1.1609999999999998
2926.0,1.1609999999999998
2927.0,1.1609999999999998
2928.0,1.1609999999999998
2929.0,1.204
2930.0,1.204
2931.0,1.204
2932.0,1.204
2933.0,1.1609999999999998
2934.0,1.1609999999999998
2935.0,1.1609999999999998
2936.0,1.1609999999999998
2937.0,1.1609999999999998
2938.0,1.1609999999999998
2939.0,1.1609999999999998
2940.0,1.1609999999999998
2941.0,1.1609999999999998
2942.0,1.1609999999999998
2943.0,1.1609999999999998
2944.0,1.1609999999999998
2945.0,1.1609999999999998
2946.0,1.1609999999999998
2947.0,1.1609999999999998
2948.0,1.1609999999999998
2949.0,1.1609999999999998
2950.0,1.204
2951.0,1.1179999999999999
2952.0,1.1609999999999998
2953.0,1.1609999999999998
2954.0,1.204
2955.0,1.1609999999999998
2956.0,1.1609999999999998
2957.0,1.1609999999999998
2958.0,1.1609999999999998
2959.0,1.1609999999999998
2960.0,1.204
2961.0,1.1609999999999998
2962.0,1.204
2963.0,1.1609999999999998
2964.0,1.204
2965.0,1.1609999999999998
2966.0,1.1609999999999998
2967.0,1.1609999999999998
2968.0,1.1609999999999998
2969.0,1.1609999999999998
2970.0,1.1609999999999998
2971.0,1.1609999999999998
2972.0,1.1609999999999998
2973.0,1.1609999999999998
2974.0,1.1609999999999998
2975.0,1.1609999999999998
2976.0,1.1609999999999998
2977.0,1.1609999999999998
2978.0,1.1609999999999998
2979.0,1.1609999999999998
2980.0,1.1609999999999998
2981.0,1.1609999999999998
2982.0,1.1609999999999998
2983.0,1.1179999999999999
2984.0,1.1609999999999998
2985.0,1.1609999999999998
2986.0,1.1609999999999998
2987.0,1.1609999999999998
2988.0,1.1609999999999998
2989.0,1.1609999999999998
2990.0,1.1609999999999998
2991.0,1.1609999999999998
2992.0,1.1609999999999998
2993.0,1.1609999999999998
2994.0,1.1609999999999998
2995.0,1.1609999999999998
2996.0,1.1609999999999998
2997.0,1.1609999999999998
2998.0,1.1609999999999998
2999.0,1.1609999999999998
3000.0,1.1609999999999998
3001.0,1.1609999999999998
3002.0,1.1609999999999998
3003.0,1.1609999999999998
3004.0,1.1609999999999998
3005.0,1.1609999999999998
3006.0,1.1609999999999998
3007.0,1.1609999999999998
3008.0,1.1609999999999998
3009.0,1.1609999999999998
3010.0,1.1609999999999998
3011.0,1.1609999999999998
3012.0,1.1609999999999998
3013.0,1.1609999999999998
3014.0,1.1609999999999998
3015.0,1.1609999999999998
3016.0,1.1609999999999998
3017.0,1.1609999999999998
3018.0,1.1609999999999998
3019.0,1.1609999999999998
3020.0,1.1609999999999998
3021.0,1.1609999999999998
3022.0,1.1609999999999998
3023.0,1.1609999999999998
3024.0,1.1609999999999998
3025.0,1.1609999999999998
3026.0,1.1609999999999998
3027.0,1.1609999999999998
3028.0,1.1609999999999998
3029.0,1.1609999999999998
3030.0,1.1609999999999998
3031.0,1.1609999999999998
3032.0,1.1609999999999998
3033.0,1.1609999999999998
3034.0,1.1609999999999998
3035.0,1.1609999999999998
3036.0,1.1609999999999998
3037.0,1.1609999999999998
3038.0,1.1609999999999998
3039.0,1.1609999999999998
3040.0,1.1609999999999998
3041.0,1.1609999999999998
3042.0,1.1609999999999998
3043.0,1.1609999999999998
3044.0,1.1609999999999998
3045.0,1.1609999999999998
3046.0,1.1609999999999998
3047.0,1.1609999999999998
3048.0,1.1609999999999998
3049.0,1.1609999999999998
3050.0,1.1609999999999998
3051.0,1.1609999999999998
3052.0,1.1609999999999998
3053.0,1.1609999999999998
3054.0,1.204
3055.0,1.1609999999999998
3056.0,1.1609999999999998
3057.0,1.1609999999999998
3058.0,1.1609999999999998
3059.0,1.1609999999999998
3060.0,1.1609999999999998
3061.0,1.1609999999999998
3062.0,1.1609999999999998
3063.0,1.1609999999999998
3064.0,1.1609999999999998
3065.0,1.1609999999999998
3066.0,1.1609999999999998
3067.0,1.1179999999999999
3068.0,1.1609999999999998
3069.0,1.1609999999999998
3070.0,1.1609999999999998
3071.0,1.1609999999999998
3072.0,1.1609999999999998
3073.0,1.1609999999999998
3074.0,1.1609999999999998
3075.0,1.1609999999999998
3076.0,1.1609999999999998
3077.0,1.1609999999999998
3078.0,1.1609999999999998
3079.0,1.1609999999999998
3080.0,1.1609999999999998
3081.0,1.1609999999999998
3082.0,1.1609999999999998
3083.0,1.1609999999999998
3084.0,1.1609999999999998
3085.0,1.1609999999999998
3086.0,1.1609999999999998
3087.0,1.1609999999999998
3088.0,1.1609999999999998
3089.0,1.1609999999999998
3090.0,1.1609999999999998
3091.0,1.1609999999999998
3092.0,1.1609999999999998
3093.0,1.1609999999999998
3094.0,1.1609999999999998
3095.0,1.1609999999999998
3096.0,1.1609999999999998
3097.0,1.1609999999999998
3098.0,1.1609999999999998
3099.0,1.1609999999999998
3100.0,1.1609999999999998
3101.0,1.1609999999999998
3102.0,1.1609999999999998
3103.0,1.1609999999999998
3104.0,1.1609999999999998
3105.0,1.1609999999999998
3106.0,1.1609999999999998
3107.0,1.1609999999999998
3108.0,1.1609999999999998
3109.0,1.1609999999999998
3110.0,1.1609999999999998
3111.0,1.1609999999999998
3112.0,1.1609999999999998
3113.0,1.1609999999999998
3114.0,1.1609999999999998
3115.0,1.1609999999999998
3116.0,1.204
3117.0,1.1609999999999998
3118.0,1.1609999999999998
3119.0,1.1609999999999998
3120.0,1.1609999999999998
3121.0,1.1609999999999998
3122.0,1.1609999999999998
3123.0,1.1609999999999998
3124.0,1.1609999999999998
3125.0,1.1179999999999999
3126.0,1.1609999999999998
3127.0,1.1609999999999998
3128.0,1.1609999999999998
3129.0,1.1609999999999998
3130.0,1.1609999999999998
3131.0,1.1609999999999998
3132.0,1.1609999999999998
3133.0,1.1609999999999998
3134.0,1.1609999999999998
3135.0,1.1609999999999998
3136.0,1.1609999999999998
3137.0,1.1609999999999998
3138.0,1.1609999999999998
3139.0,1.1609999999999998
3140.0,1.1609999999999998
3141.0,1.1609999999999998
3142.0,1.1609999999999998
3143.0,1.1609999999999998
3144.0,1.1609999999999998
3145.0,1.204
3146.0,1.1609999999999998
3147.0,1.1609999999999998
3148.0,1.1609999999999998
3149.0,1.1609999999999998
3150.0,1.1609999999999998
3151.0,1.1609999999999998
3152.0,1.1609999999999998
3153.0,1.1609999999999998
3154.0,1.1609999999999998
3155.0,1.204
3156.0,1.1609999999999998
3157.0,1.1609999999999998
3158.0,1.1609999999999998
3159.0,1.1609999999999998
3160.0,1.1609999999999998
3161.0,1.1609999999999998
3162.0,1.1609999999999998
3163.0,1.1609999999999998
3164.0,1.1609999999999998
3165.0,1.1609999999999998
3166.0,1.1609999999999998
3167.0,1.1609999999999998
3168.0,1.1609999999999998
3169.0,1.1609999999999998
3170.0,1.1609999999999998
3171.0,1.1609999999999998
3172.0,1.1609999999999998
3173.0,1.1609999999999998
3174.0,1.1609999999999998
3175.0,1.1609999999999998
3176.0,1.1609999999999998
3177.0,1.1179999999999999
3178.0,1.1609999999999998
3179.0,1.1609999999999998
3180.0,1.1609999999999998
3181.0,1.1609999999999998
3182.0,1.1609999999999998
3183.0,1.1609999999999998
3184.0,1.1609999999999998
3185.0,1.1609999999999998
3186.0,1.1609999999999998
3187.0,1.1609999999999998
3188.0,1.1609999999999998
3189.0,1.204
3190.0,1.1609999999999998
3191.0,1.1609999999999998
3192.0,1.1609999999999998
3193.0,1.1179999999999999
3194.0,1.1609999999999998
3195.0,1.1609999999999998
3196.0,1.204
3197.0,1.1609999999999998
3198.0,1.1609999999999998
3199.0,1.1609999999999998
3200.0,1.1609999999999998
3201.0,1.1179999999999999
3202.0,1.1609999999999998
3203.0,1.1609999999999998
3204.0,1.1609999999999998
3205.0,1.1609999999999998
3206.0,1.1609999999999998
3207.0,1.1609999999999998
3208.0,1.1179999999999999
3209.0,1.1609999999999998
3210.0,1.1609999999999998
3211.0,1.1609999999999998
3212.0,1.1609999999999998
3213.0,1.1609999999999998
3214.0,1.204
3215.0,1.1609999999999998
3216.0,1.1609999999999998
3217.0,1.1179999999999999
3218.0,1.1609999999999998
3219.0,1.1179999999999999
3220.0,1.1609999999999998
3221.0,1.1179999999999999
3222.0,1.1609999999999998
3223.0,1.1609999999999998
3224.0,1.1609999999999998
3225.0,1.1179999999999999
3226.0,1.1609999999999998
3227.0,1.1609999999999998
3228.0,1.1609999999999998
3229.0,1.1609999999999998
3230.0,1.1609999999999998
3231.0,1.1609999999999998
3232.0,1.1609999999999998
3233.0,1.1609999999999998
3234.0,1.1609999999999998
3235.0,1.1609999999999998
3236.0,1.1609999999999998
3237.0,1.1609999999999998
3238.0,1.1609999999999998
3239.0,1.1609999999999998
3240.0,1.1609999999999998
3241.0,1.1609999999999998
3242.0,1.1609999999999998
3243.0,1.1609999999999998
3244.0,1.1609999999999998
3245.0,1.1609999999999998
3246.0,1.1609999999999998
3247.0,1.1609999999999998
3248.0,1.1609999999999998
3249.0,1.1609999999999998
3250.0,1.1609999999999998
3251.0,1.1609999999999998
3252.0,1.1609999999999998
3253.0,1.1609999999999998
3254.0,1.1609999999999998
3255.0,1.1609999999999998
3256.0,1.1609999999999998
3257.0,1.1609999999999998
3258.0,1.1609999999999998
3259.0,1.1609999999999998
3260.0,1.1609999999999998
3261.0,1.1609999999999998
3262.0,1.1609999999999998
3263.0,1.1609999999999998
3264.0,1.1609999999999998
3265.0,1.1609999999999998
3266.0,1.1609999999999998
3267.0,1.1609999999999998
3268.0,1.1609999999999998
3269.0,1.1179999999999999
3270.0,1.1609999999999998
3271.0,1.1609999999999998
3272.0,1.1609999999999998
3273.0,1.1609999999999998
3274.0,1.1609999999999998
3275.0,1.1609999999999998
3276.0,1.1609999999999998
3277.0,1.1609999999999998
3278.0,1.1609999999999998
3279.0,1.1609999999999998
3280.0,1.204
3281.0,1.1609999999999998
3282.0,1.1609999999999998
3283.0,1.1609999999999998
3284.0,1.1609999999999998
3285.0,1.1609999999999998
3286.0,1.1609999999999998
3287.0,1.1609999999999998
3288.0,1.1609999999999998
3289.0,1.1609999999999998
3290.0,1.1609999999999998
3291.0,1.1609999999999998
3292.0,1.1609999999999998
3293.0,1.1609999999999998
3294.0,1.1609999999999998
3295.0,1.1609999999999998
3296.0,1.1609999999999998
3297.0,1.1609999999999998
3298.0,1.1609999999999998
3299.0,1.1609999999999998
3300.0,1.1609999999999998
3301.0,1.1609999999999998
3302.0,1.1609999999999998
3303.0,1.1179999999999999
3304.0,1.1609999999999998
3305.0,1.1609999999999998
3306.0,1.1609999999999998
3307.0,1.1609999999999998
3308.0,1.1609999999999998
3309.0,1.1609999999999998
3310.0,1.1609999999999998
3311.0,1.1609999999999998
3312.0,1.1609999999999998
3313.0,1.1609999999999998
3314.0,1.1609999999999998
3315.0,1.1609999999999998
3316.0,1.1609999999999998
3317.0,1.1179999999999999
3318.0,1.1609999999999998
3319.0,1.1609999999999998
3320.0,1.1609999999999998
3321.0,1.1609999999999998
3322.0,1.204
3323.0,1.1609999999999998
3324.0,1.1609999999999998
3325.0,1.1609999999999998
3326.0,1.1609999999999998
3327.0,1.1609999999999998
3328.0,1.1609999999999998
3329.0,1.1609999999999998
3330.0,1.1609999999999998
3331.0,1.1609999999999998
3332.0,1.1609999999999998
3333.0,1.1609999999999998
3334.0,1.1609999999999998
3335.0,1.1609999999999998
3336.0,1.1609999999999998
3337.0,1.1609999999999998
3338.0,1.1609999999999998
3339.0,1.1609999999999998
3340.0,1.1609999999999998
3341.0,1.1179999999999999
3342.0,1.1609999999999998
3343.0,1.1609999999999998
3344.0,1.1609999999999998
3345.0,1.1609999999999998
3346.0,1.1609999999999998
3347.0,1.1609999999999998
3348.0,1.1609999999999998
3349.0,1.1609999999999998
3350.0,1.1609999999999998
3351.0,1.1609999999999998
3352.0,1.1609999999999998
3353.0,1.1609999999999998
3354.0,1.1609999999999998
3355.0,1.1609999999999998
3356.0,1.1609999999999998
3357.0,1.1609999999999998
3358.0,1.204
3359.0,1.1609999999999998
3360.0,1.1609999999999998
3361.0,1.1609999999999998
3362.0,1.1609999999999998
3363.0,1.1609999999999998
3364.0,1.1609999999999998
3365.0,1.1609999999999998
3366.0,1.1609999999999998
3367.0,1.1179999999999999
3368.0,1.1609999999999998
3369.0,1.1609999999999998
3370.0,1.1609999999999998
3371.0,1.1609999999999998
3372.0,1.1609999999999998
3373.0,1.1609999999999998
3374.0,1.1609999999999998
3375.0,1.1609999999999998
3376.0,1.1609999999999998
3377.0,1.1609999999999998
3378.0,1.1609999999999998
3379.0,1.1609999999999998
3380.0,1.1609999999999998
3381.0,1.1609999999999998
3382.0,1.1609999999999998
3383.0,1.1609999999999998
3384.0,1.1609999999999998
3385.0,1.1609999999999998
3386.0,1.1609999999999998
3387.0,1.1609999999999998
3388.0,1.1609999999999998
3389.0,1.1609999999999998
3390.0,1.1609999999999998
3391.0,1.1609999999999998
3392.0,1.1609999999999998
3393.0,1.1609999999999998
3394.0,1.1609999999999998
3395.0,1.1179999999999999
3396.0,1.1609999999999998
3397.0,1.1609999999999998
3398.0,1.1609999999999998
3399.0,1.1609999999999998
3400.0,1.1609999999999998
3401.0,1.1609999999999998
3402.0,1.1609999999999998
3403.0,1.1609999999999998
3404.0,1.1609999999999998
3405.0,1.1609999999999998
3406.0,1.1609999999999998
3407.0,1.1609999999999998
3408.0,1.1609999999999998
3409.0,1.1609999999999998
3410.0,1.1609999999999998
3411.0,1.1609999999999998
3412.0,1.1609999999999998
3413.0,1.1609999999999998
3414.0,1.1609999999999998
3415.0,1.1609999999999998
3416.0,1.1609999999999998
3417.0,1.1609999999999998
3418.0,1.1609999999999998
3419.0,1.1179999999999999
3420.0,1.1609999999999998
3421.0,1.1609999999999998
3422.0,1.1609999999999998
3423.0,1.1609999999999998
3424.0,1.1609999999999998
3425.0,1.1609999999999998
3426.0,1.1609999999999998
3427.0,1.1609999999999998
3428.0,1.1609999999999998
3429.0,1.1609999999999998
3430.0,1.1609999999999998
3431.0,1.1609999999999998
3432.0,1.1609999999999998
3433.0,1.1609999999999998
3434.0,1.1179999999999999
3435.0,1.1179999999999999
3436.0,1.1609999999999998
3437.0,1.1609999999999998
3438.0,1.1609999999999998
3439.0,1.1609999999999998
3440.0,1.1609999999999998
3441.0,1.1609999999999998
3442.0,1.1609999999999998
3443.0,1.1609999999999998
3444.0,1.1609999999999998
3445.0,1.1609999999999998
3446.0,1.1609999999999998
3447.0,1.1609999999999998
3448.0,1.1609999999999998
3449.0,1.1609999999999998
3450.0,1.1609999999999998
3451.0,1.1609999999999998
3452.0,1.1609999999999998
3453.0,1.1609999999999998
3454.0,1.1609999999999998
3455.0,1.1609999999999998
3456.0,1.1609999999999998
3457.0,1.1609999999999998
3458.0,1.1609999999999998
3459.0,1.1609999999999998
3460.0,1.1609999999999998
3461.0,1.1609999999999998
3462.0,1.1609999999999998
3463.0,1.1609999999999998
3464.0,1.1609999999999998
3465.0,1.1179999999999999
3466.0,1.1609999999999998
3467.0,1.1609999999999998
3468.0,1.1609999999999998
3469.0,1.1609999999999998
3470.0,1.1609999999999998
3471.0,1.1609999999999998
3472.0,1.1609999999999998
3473.0,1.1609999999999998
3474.0,1.1609999999999998
3475.0,1.1179999999999999
3476.0,1.1609999999999998
3477.0,1.1609999999999998
3478.0,1.1609999999999998
3479.0,1.1609999999999998
3480.0,1.1609999999999998
3481.0,1.1609999999999998
3482.0,1.1609999999999998
3483.0,1.1609999999999998
3484.0,1.1609999999999998
3485.0,1.1609999999999998
3486.0,1.1609999999999998
3487.0,1.1609999999999998
3488.0,1.1609999999999998
3489.0,1.1609999999999998
3490.0,1.1609999999999998
3491.0,1.1609999999999998
3492.0,1.1609999999999998
3493.0,1.1609999999999998
3494.0,1.1609999999999998
3495.0,1.1609999999999998
3496.0,1.1609999999999998
3497.0,1.1609999999999998
3498.0,1.1609999999999998
3499.0,1.1609999999999998
3500.0,1.1609999999999998
3501.0,1.1609999999999998
3502.0,1.1609999999999998
3503.0,1.1609999999999998
3504.0,1.1609999999999998
3505.0,1.1609999999999998
3506.0,1.1609999999999998
3507.0,1.1609999999999998
3508.0,1.1609999999999998
3509.0,1.1609999999999998
3510.0,1.1609999999999998
3511.0,1.1179999999999999
3512.0,1.1609999999999998
3513.0,1.1179999999999999
3514.0,1.1609999999999998
3515.0,1.1179999999999999
3516.0,1.1609999999999998
3517.0,1.1609999999999998
3518.0,1.1609999999999998
3519.0,1.1609999999999998
3520.0,1.1609999999999998
3521.0,1.1609999999999998
3522.0,1.1609999999999998
3523.0,1.1609999999999998
3524.0,1.1609999999999998
3525.0,1.1609999999999998
3526.0,1.1609999999999998
3527.0,1.1609999999999998
3528.0,1.1609999999999998
3529.0,1.1609999999999998
3530.0,1.1609999999999998
3531.0,1.1609999999999998
3532.0,1.1609999999999998
3533.0,1.1609999999999998
3534.0,1.1609999999999998
3535.0,1.1609999999999998
3536.0,1.1609999999999998
3537.0,1.1609999999999998
3538.0,1.1609999999999998
3539.0,1.1609999999999998
3540.0,1.1609999999999998
3541.0,1.1179999999999999
3542.0,1.1609999999999998
3543.0,1.1609999999999998
3544.0,1.1609999999999998
3545.0,1.1609999999999998
3546.0,1.1609999999999998
3547.0,1.1609999999999998
3548.0,1.1609999999999998
3549.0,1.1609999999999998
3550.0,1.1609999999999998
3551.0,1.1609999999999998
3552.0,1.1609999999999998
3553.0,1.1609999999999998
3554.0,1.1609999999999998
3555.0,1.1609999999999998
3556.0,1.1609999999999998
3557.0,1.1609999999999998
3558.0,1.1609999999999998
3559.0,1.1609999999999998
3560.0,1.1609999999999998
3561.0,1.1609999999999998
3562.0,1.1609999999999998
3563.0,1.1609999999999998
3564.0,1.1609999999999998
3565.0,1.1609999999999998
3566.0,1.1609999999999998
3567.0,1.1609999999999998
3568.0,1.1609999999999998
3569.0,1.1609999999999998
3570.0,1.1609999999999998
3571.0,1.1609999999999998
3572.0,1.1609999999999998
3573.0,1.1609999999999998
3574.0,1.1609999999999998
3575.0,1.1609999999999998
3576.0,1.1609999999999998
3577.0,1.1179999999999999
3578.0,1.1609999999999998
3579.0,1.1179999999999999
3580.0,1.1609999999999998
3581.0,1.1609999999999998
3582.0,1.204
3583.0,1.1609999999999998
3584.0,1.1609999999999998
3585.0,1.1609999999999998
3586.0,1.1609999999999998
3587.0,1.1609999999999998
3588.0,1.1609999999999998
3589.0,1.1609999999999998
3590.0,1.1609999999999998
3591.0,1.1609999999999998
3592.0,1.1609999999999998
3593.0,1.1609999999999998
3594.0,1.1609999999999998
3595.0,1.1609999999999998
3596.0,1.1609999999999998
3597.0,1.1179999999999999
3598.0,1.1179999999999999
3599.0,1.1179999999999999
3600.0,1.1179999999999999
3601.0,1.1179999999999999
3602.0,1.1179999999999999
3603.0,1.1179999999999999
3604.0,1.1609999999999998
3605.0,1.1609999999999998
3606.0,1.1609999999999998
3607.0,1.1179999999999999
3608.0,1.1609999999999998
3609.0,1.1609999999999998
3610.0,1.1609999999999998
3611.0,1.1609999999999998
3612.0,1.1609999999999998
3613.0,1.1609999999999998
3614.0,1.1609999999999998
3615.0,1.1609999999999998
3616.0,1.1609999999999998
3617.0,1.1609999999999998
3618.0,1.1609999999999998
3619.0,1.1609999999999998
3620.0,1.1179999999999999
3621.0,1.1609999999999998
3622.0,1.1609999999999998
3623.0,1.1609999999999998
3624.0,1.1179999999999999
3625.0,1.1609999999999998
3626.0,1.1609999999999998
3627.0,1.1179999999999999
3628.0,1.1179999999999999
3629.0,1.1609999999999998
3630.0,1.1609999999999998
3631.0,1.1609999999999998
3632.0,1.1609999999999998
3633.0,1.1179999999999999
3634.0,1.1609999999999998
3635.0,1.1179999999999999
3636.0,1.1609999999999998
3637.0,1.1609999999999998
3638.0,1.1609999999999998
3639.0,1.1609999999999998
3640.0,1.1609999999999998
3641.0,1.1609999999999998
3642.0,1.1609999999999998
3643.0,1.1179999999999999
3644.0,1.1609999999999998
3645.0,1.1179999999999999
3646.0,1.1609999999999998
3647.0,1.1609999999999998
3648.0,1.1609999999999998
3649.0,1.1609999999999998
3650.0,1.1609999999999998
3651.0,1.1609999999999998
3652.0,1.1609999999999998
3653.0,1.1609999999999998
3654.0,1.1609999999999998
3655.0,1.1609999999999998
3656.0,1.1609999999999998
3657.0,1.1609999999999998
3658.0,1.1609999999999998
3659.0,1.1609999999999998
3660.0,1.1609999999999998
3661.0,1.1609999999999998
3662.0,1.1179999999999999
3663.0,1.1609999999999998
3664.0,1.1609999999999998
3665.0,1.1609999999999998
3666.0,1.1609999999999998
3667.0,1.1179999999999999
3668.0,1.1609999999999998
3669.0,1.1179999999999999
3670.0,1.1179999999999999
3671.0,1.1609999999999998
3672.0,1.1609999999999998
3673.0,1.1609999999999998
3674.0,1.1609999999999998
3675.0,1.1179999999999999
3676.0,1.1609999999999998
3677.0,1.1179999999999999
3678.0,1.1609999999999998
3679.0,1.1609999999999998
3680.0,1.1609999999999998
3681.0,1.1609999999999998
3682.0,1.1609999999999998
3683.0,1.1609999999999998
3684.0,1.1609999999999998
3685.0,1.1609999999999998
3686.0,1.1609999999999998
3687.0,1.1609999999999998
3688.0,1.1609999999999998
3689.0,1.1609999999999998
3690.0,1.1609999999999998
3691.0,1.1609999999999998
3692.0,1.1609999999999998
3693.0,1.1609999999999998
3694.0,1.1609999999999998
3695.0,1.1609999999999998
3696.0,1.1609999999999998
3697.0,1.1609999999999998
3698.0,1.1609999999999998
3699.0,1.1609999999999998
3700.0,1.1609999999999998
3701.0,1.1609999999999998
3702.0,1.1609999999999998
3703.0,1.1609999999999998
3704.0,1.1609999999999998
3705.0,1.1609999999999998
3706.0,1.1609999999999998
3707.0,1.1609999999999998
3708.0,1.1609999999999998
3709.0,1.1609999999999998
3710.0,1.1609999999999998
3711.0,1.1609999999999998
3712.0,1.1609999999999998
3713.0,1.1609999999999998
3714.0,1.1609999999999998
3715.0,1.1179999999999999
3716.0,1.1609999999999998
3717.0,1.1609999999999998
3718.0,1.1179999999999999
3719.0,1.1179999999999999
3720.0,1.1609999999999998
3721.0,1.1609999999999998
3722.0,1.1609999999999998
3723.0,1.1609999999999998
3724.0,1.1179999999999999
3725.0,1.1609999999999998
3726.0,1.1609999999999998
3727.0,1.1179999999999999
3728.0,1.1609999999999998
3729.0,1.1609999999999998
3730.0,1.1609999999999998
3731.0,1.1609999999999998
3732.0,1.1609999999999998
3733.0,1.1609999999999998
3734.0,1.1609999999999998
3735.0,1.1609999999999998
3736.0,1.1609999999999998
3737.0,1.1179999999999999
3738.0,1.1609999999999998
3739.0,1.1609999999999998
3740.0,1.1609999999999998
3741.0,1.1179999999999999
3742.0,1.1179999999999999
3743.0,1.1179999999999999
3744.0,1.1609999999999998
3745.0,1.1179999999999999
3746.0,1.1609999999999998
3747.0,1.1609999999999998
3748.0,1.1609999999999998
3749.0,1.1609999999999998
3750.0,1.1609999999999998
3751.0,1.1609999999999998
3752.0,1.1609999999999998
3753.0,1.1179999999999999
3754.0,1.1609999999999998
3755.0,1.1609999999999998
3756.0,1.1609999999999998
3757.0,1.1609999999999998
3758.0,1.1609999999999998
3759.0,1.1179999999999999
3760.0,1.1609999999999998
3761.0,1.1179999999999999
3762.0,1.1609999999999998
3763.0,1.1179999999999999
3764.0,1.1179999999999999
3765.0,1.1609999999999998
3766.0,1.1609999999999998
3767.0,1.1179999999999999
3768.0,1.1179999999999999
3769.0,1.1609999999999998
3770.0,1.1609999999999998
3771.0,1.1609999999999998
3772.0,1.1609999999999998
3773.0,1.1609999999999998
3774.0,1.1609999999999998
3775.0,1.1609999999999998
3776.0,1.1609999999999998
3777.0,1.1609999999999998
3778.0,1.1609999999999998
3779.0,1.1179999999999999
3780.0,1.1179999999999999
3781.0,1.1179999999999999
3782.0,1.1609999999999998
3783.0,1.1179999999999999
3784.0,1.1609999999999998
3785.0,1.1179999999999999
3786.0,1.1609999999999998
3787.0,1.1179999999999999
3788.0,1.1609999999999998
3789.0,1.1609999999999998
3790.0,1.1609999999999998
3791.0,1.1609999999999998
3792.0,1.1609999999999998
3793.0,1.1609999999999998
3794.0,1.1609999999999998
3795.0,1.1609999999999998
3796.0,1.1609999999999998
3797.0,1.1609999999999998
3798.0,1.1609999999999998
3799.0,1.1179999999999999
3800.0,1.1609999999999998
3801.0,1.1609999999999998
3802.0,1.1179999999999999
3803.0,1.1609999999999998
3804.0,1.1609999999999998
3805.0,1.1179999999999999
3806.0,1.1179999999999999
3807.0,1.1179999999999999
3808.0,1.1609999999999998
3809.0,1.1179999999999999
3810.0,1.1179999999999999
3811.0,1.1179999999999999
3812.0,1.1609999999999998
3813.0,1.1609999999999998
3814.0,1.1609999999999998
3815.0,1.1609999999999998
3816.0,1.1609999999999998
3817.0,1.1609999999999998
3818.0,1.1609999999999998
3819.0,1.1609999999999998
3820.0,1.1179999999999999
3821.0,1.1609999999999998
3822.0,1.1609999999999998
3823.0,1.1179999999999999
3824.0,1.1179999999999999
3825.0,1.1609999999999998
3826.0,1.1609999999999998
3827.0,1.1609999999999998
3828.0,1.1609999999999998
3829.0,1.1609999999999998
3830.0,1.1609999999999998
3831.0,1.1609999999999998
3832.0,1.1609999999999998
3833.0,1.1609999999999998
3834.0,1.1609999999999998
3835.0,1.1609999999999998
3836.0,1.1609999999999998
3837.0,1.1609999999999998
3838.0,1.1609999999999998
3839.0,1.1609999999999998
3840.0,1.1179999999999999
3841.0,1.1609999999999998
3842.0,1.1179999999999999
3843.0,1.1179999999999999
3844.0,1.1609999999999998
3845.0,1.1179999999999999
3846.0,1.1609999999999998
3847.0,1.1609999999999998
3848.0,1.1609999999999998
3849.0,1.1609999999999998
3850.0,1.1179999999999999
3851.0,1.1179999999999999
3852.0,1.1179999999999999
3853.0,1.1609999999999998
3854.0,1.1609999999999998
3855.0,1.1609999999999998
3856.0,1.1609999999999998
3857.0,1.1609999999999998
3858.0,1.1609999999999998
3859.0,1.1609999999999998
3860.0,1.1609999999999998
3861.0,1.1609999999999998
3862.0,1.1609999999999998
3863.0,1.1609999999999998
3864.0,1.1609999999999998
3865.0,1.1179999999999999
3866.0,1.1179999999999999
3867.0,1.1609999999999998
3868.0,1.1609999999999998
3869.0,1.1609999999999998
3870.0,1.1609999999999998
3871.0,1.1609999999999998
3872.0,1.1609999999999998
3873.0,1.1609999999999998
3874.0,1.1609999999999998
3875.0,1.1609999999999998
3876.0,1.1609999999999998
3877.0,1.1609999999999998
3878.0,1.1609999999999998
3879.0,1.1179999999999999
3880.0,1.1609999999999998
3881.0,1.1179999999999999
3882.0,1.1609999999999998
3883.0,1.1609999999999998
3884.0,1.1609999999999998
3885.0,1.1179999999999999
3886.0,1.1609999999999998
3887.0,1.1179999999999999
3888.0,1.1609999999999998
3889.0,1.1609999999999998
3890.0,1.1609999999999998
3891.0,1.1609999999999998
3892.0,1.1609999999999998
3893.0,1.1179999999999999
3894.0,1.1609999999999998
3895.0,1.1609999999999998
3896.0,1.1609999999999998
3897.0,1.1609999999999998
3898.0,1.1609999999999998
3899.0,1.1609999999999998
3900.0,1.1609999999999998
3901.0,1.1609999999999998
3902.0,1.1609999999999998
3903.0,1.1609999999999998
3904.0,1.1609999999999998
3905.0,1.1609999999999998
3906.0,1.1609999999999998
3907.0,1.1609999999999998
3908.0,1.1609999999999998
3909.0,1.1609999999999998
3910.0,1.1609999999999998
3911.0,1.1609999999999998
3912.0,1.1609999999999998
3913.0,1.1609999999999998
3914.0,1.1609999999999998
3915.0,1.1609999999999998
3916.0,1.1609999999999998
3917.0,1.1609999999999998
3918.0,1.1609999999999998
3919.0,1.1609999999999998
3920.0,1.1609999999999998
3921.0,1.1609999999999998
3922.0,1.1609999999999998
3923.0,1.1609999999999998
3924.0,1.1609999999999998
3925.0,1.1609999999999998
3926.0,1.1609999999999998
3927.0,1.1609999999999998
3928.0,1.1609999999999998
3929.0,1.1609999999999998
3930.0,1.1609999999999998
3931.0,1.1609999999999998
3932.0,1.1609999999999998
3933.0,1.1179999999999999
3934.0,1.1609999999999998
3935.0,1.1179999999999999
3936.0,1.1179999999999999
3937.0,1.1179999999999999
3938.0,1.1609999999999998
3939.0,1.1179999999999999
3940.0,1.1179999999999999
3941.0,1.1609999999999998
3942.0,1.1609999999999998
3943.0,1.1609999999999998
3944.0,1.1609999999999998
3945.0,1.1609999999999998
3946.0,1.1609999999999998
3947.0,1.1609999999999998
3948.0,1.1609999999999998
3949.0,1.1609999999999998
3950.0,1.1609999999999998
3951.0,1.1609999999999998
3952.0,1.1609999999999998
3953.0,1.1609999999999998
3954.0,1.1609999999999998
3955.0,1.1609999999999998
3956.0,1.1609999999999998
3957.0,1.1609999999999998
3958.0,1.1609999999999998
3959.0,1.1179999999999999
3960.0,1.1179999999999999
3961.0,1.1179999999999999
3962.0,1.1179999999999999
3963.0,1.1179999999999999
3964.0,1.1609999999999998
3965.0,1.1609999999999998
3966.0,1.1609999999999998
3967.0,1.1179999999999999
3968.0,1.1609999999999998
3969.0,1.1609999999999998
3970.0,1.1609999999999998
3971.0,1.1609999999999998
3972.0,1.1609999999999998
3973.0,1.1609999999999998
3974.0,1.1609999999999998
3975.0,1.1609999999999998
3976.0,1.1609999999999998
3977.0,1.1609999999999998
3978.0,1.1179999999999999
3979.0,1.1609999999999998
3980.0,1.1609999999999998
3981.0,1.1609999999999998
3982.0,1.1609999999999998
3983.0,1.1179999999999999
3984.0,1.1179999999999999
3985.0,1.1609999999999998
3986.0,1.1179999999999999
3987.0,1.1609999999999998
3988.0,1.1179999999999999
3989.0,1.1609999999999998
3990.0,1.1609999999999998
3991.0,1.1609999999999998
3992.0,1.1609999999999998
3993.0,1.1609999999999998
3994.0,1.1609999999999998
3995.0,1.1609999999999998
3996.0,1.1609999999999998
3997.0,1.1609999999999998
3998.0,1.1609999999999998
3999.0,1.1609999999999998
4000.0,1.1179999999999999
4001.0,1.1179999999999999
4002.0,1.1179999999999999
4003.0,1.1179999999999999
4004.0,1.1609999999999998
4005.0,1.1179999999999999
4006.0,1.1179999999999999
4007.0,1.1179999999999999
4008.0,1.1609999999999998
4009.0,1.1609999999999998
4010.0,1.1609999999999998
4011.0,1.1179999999999999
4012.0,1.1609999999999998
4013.0,1.1609999999999998
4014.0,1.1609999999999998
4015.0,1.1179999999999999
4016.0,1.1179999999999999
4017.0,1.1179999999999999
4018.0,1.1609999999999998
4019.0,1.1179999999999999
4020.0,1.1179999999999999
4021.0,1.1609999999999998
4022.0,1.1609999999999998
4023.0,1.1609999999999998
4024.0,1.1179999999999999
4025.0,1.1179999999999999
4026.0,1.1179999999999999
4027.0,1.1179999999999999
4028.0,1.1179999999999999
4029.0,1.1179999999999999
4030.0,1.1609999999999998
4031.0,1.1179999999999999
4032.0,1.1609999999999998
4033.0,1.1609999999999998
4034.0,1.1609999999999998
4035.0,1.1609999999999998
4036.0,1.1609999999999998
4037.0,1.1609999999999998
4038.0,1.1609999999999998
4039.0,1.1609999999999998
4040.0,1.1609999999999998
4041.0,1.1179999999999999
4042.0,1.1609999999999998
4043.0,1.1609999999999998
4044.0,1.1179999999999999
4045.0,1.1179999999999999
4046.0,1.1179999999999999
4047.0,1.1609999999999998
4048.0,1.1609999999999998
4049.0,1.1609999999999998
4050.0,1.1609999999999998
4051.0,1.1179999999999999
4052.0,1.1609999999999998
4053.0,1.1609999999999998
4054.0,1.1609999999999998
4055.0,1.1609999999999998
4056.0,1.1609999999999998
4057.0,1.1609999999999998
4058.0,1.1179999999999999
4059.0,1.1179999999999999
4060.0,1.1179999999999999
4061.0,1.1179999999999999
4062.0,1.1609999999999998
4063.0,1.1609999999999998
4064.0,1.1609999999999998
4065.0,1.1609999999999998
4066.0,1.1609999999999998
4067.0,1.1179999999999999
4068.0,1.1179999999999999
4069.0,1.1179999999999999
4070.0,1.1179999999999999
4071.0,1.1179999999999999
4072.0,1.1179999999999999
4073.0,1.1609999999999998
4074.0,1.1609999999999998
4075.0,1.1609999999999998
4076.0,1.1609999999999998
4077.0,1.1609999999999998
4078.0,1.1609999999999998
4079.0,1.1609999999999998
4080.0,1.1609999999999998
4081.0,1.1179999999999999
4082.0,1.1609999999999998
4083.0,1.1179999999999999
4084.0,1.1179999999999999
4085.0,1.1179999999999999
4086.0,1.1179999999999999
4087.0,1.1179999999999999
4088.0,1.1179999999999999
4089.0,1.1179999999999999
4090.0,1.1609999999999998
4091.0,1.1179999999999999
4092.0,1.1609999999999998
4093.0,1.1179999999999999
4094.0,1.1609999999999998
4095.0,1.1609999999999998
4096.0,1.1609999999999998
4097.0,1.1609999999999998
4098.0,1.1609999999999998
4099.0,1.1609999999999998
4100.0,1.1609999999999998
4101.0,1.1609999999999998
4102.0,1.1179999999999999
4103.0,1.1179999999999999
4104.0,1.1609999999999998
4105.0,1.1609999999999998
4106.0,1.1609999999999998
4107.0,1.1179999999999999
4108.0,1.1179999999999999
4109.0,1.1179999999999999
4110.0,1.1179999999999999
4111.0,1.1179999999999999
4112.0,1.1609999999999998
4113.0,1.1609999999999998
4114.0,1.1179999999999999
4115.0,1.1609999999999998
4116.0,1.1179999999999999
4117.0,1.1179999999999999
4118.0,1.1609999999999998
4119.0,1.1609999999999998
4120.0,1.1609999999999998
4121.0,1.1609999999999998
4122.0,1.1609999999999998
4123.0,1.1609999999999998
4124.0,1.1609999999999998
4125.0,1.1609999999999998
4126.0,1.1609999999999998
4127.0,1.1609999999999998
4128.0,1.1609999999999998
4129.0,1.1179999999999999
4130.0,1.1609999999999998
4131.0,1.1609999999999998
4132.0,1.1609999999999998
4133.0,1.1609999999999998
4134.0,1.1179999999999999
4135.0,1.1609999999999998
4136.0,1.1609999999999998
4137.0,1.1609999999999998
4138.0,1.1609999999999998
4139.0,1.1609999999999998
4140.0,1.1609999999999998
4141.0,1.1609999999999998
4142.0,1.1609999999999998
4143.0,1.1609999999999998
4144.0,1.1179999999999999
4145.0,1.1609999999999998
4146.0,1.1609999999999998
4147.0,1.1609999999999998
4148.0,1.1609999999999998
4149.0,1.1609999999999998
4150.0,1.1609999999999998
4151.0,1.1609999999999998
4152.0,1.1609999999999998
4153.0,1.1609999999999998
4154.0,1.1609999999999998
4155.0,1.1609999999999998
4156.0,1.1609999999999998
4157.0,1.1609999999999998
4158.0,1.1609999999999998
4159.0,1.1179999999999999
4160.0,1.1609999999999998
4161.0,1.1609999999999998
4162.0,1.1609999999999998
4163.0,1.1609999999999998
4164.0,1.1609999999999998
4165.0,1.1609999999999998
4166.0,1.1609999999999998
4167.0,1.1179999999999999
4168.0,1.1609999999999998
4169.0,1.1179999999999999
4170.0,1.1609999999999998
4171.0,1.1609999999999998
4172.0,1.1609999999999998
4173.0,1.1609999999999998
4174.0,1.1609999999999998
4175.0,1.1609999999999998
4176.0,1.1609999999999998
4177.0,1.1609999999999998
4178.0,1.1609999999999998
4179.0,1.1609999999999998
4180.0,1.1609999999999998
4181.0,1.1609999999999998
4182.0,1.1609999999999998
4183.0,1.1609999999999998
4184.0,1.1609999999999998
4185.0,1.1609999999999998
4186.0,1.1609999999999998
4187.0,1.1609999999999998
4188.0,1.1609999999999998
4189.0,1.1609999999999998
4190.0,1.1609999999999998
4191.0,1.1609999999999998
4192.0,1.1609999999999998
4193.0,1.1609999999999998
4194.0,1.1609999999999998
4195.0,1.1609999999999998
4196.0,1.1609999999999998
4197.0,1.1179999999999999
4198.0,1.1609999999999998
4199.0,1.1179999999999999
4200.0,1.1609999999999998
4201.0,1.1609999999999998
4202.0,1.1179999999999999
4203.0,1.1179999999999999
4204.0,1.1179999999999999
4205.0,1.1179999999999999
4206.0,1.1609999999999998
4207.0,1.1609999999999998
4208.0,1.1179999999999999
4209.0,1.1179999999999999
4210.0,1.1609999999999998
4211.0,1.1179999999999999
4212.0,1.1609999999999998
4213.0,1.1609999999999998
4214.0,1.1609999999999998
4215.0,1.1609999999999998
4216.0,1.1609999999999998
4217.0,1.1609999999999998
4218.0,1.1609999999999998
4219.0,1.1609999999999998
4220.0,1.1609999999999998
4221.0,1.1609999999999998
4222.0,1.1609999999999998
4223.0,1.1179999999999999
4224.0,1.1179999999999999
4225.0,1.1179999999999999
4226.0,1.1609999999999998
4227.0,1.1609999999999998
4228.0,1.1609999999999998
4229.0,1.1179999999999999
4230.0,1.1609999999999998
4231.0,1.1609999999999998
4232.0,1.1609999999999998
4233.0,1.1609999999999998
4234.0,1.1609999999999998
4235.0,1.1609999999999998
4236.0,1.1609999999999998
4237.0,1.1179999999999999
4238.0,1.1179999999999999
4239.0,1.1179999999999999
4240.0,1.1609999999999998
4241.0,1.1609999999999998
4242.0,1.1179999999999999
4243.0,1.1609999999999998
4244.0,1.1179999999999999
4245.0,1.1609999999999998
4246.0,1.1609999999999998
4247.0,1.1179999999999999
4248.0,1.1609999999999998
4249.0,1.1609999999999998
4250.0,1.1609999999999998
4251.0,1.1179999999999999
4252.0,1.1609999999999998
4253.0,1.1179999999999999
4254.0,1.1609999999999998
4255.0,1.1609999999999998
4256.0,1.1609999999999998
4257.0,1.1609999999999998
4258.0,1.1609999999999998
4259.0,1.1609999999999998
4260.0,1.1609999999999998
4261.0,1.1179999999999999
4262.0,1.1609999999999998
4263.0,1.1179999999999999
4264.0,1.1179999999999999
4265.0,1.1609999999999998
4266.0,1.1179999999999999
4267.0,1.1179999999999999
4268.0,1.1609999999999998
4269.0,1.1179999999999999
4270.0,1.1609999999999998
4271.0,1.1609999999999998
4272.0,1.1609999999999998
4273.0,1.1609999999999998
4274.0,1.1609999999999998
4275.0,1.1609999999999998
4276.0,1.1609999999999998
4277.0,1.1609999999999998
4278.0,1.1179999999999999
4279.0,1.1179999999999999
4280.0,1.1609999999999998
4281.0,1.1179999999999999
4282.0,1.1609999999999998
4283.0,1.1179999999999999
4284.0,1.1179999999999999
4285.0,1.1179999999999999
4286.0,1.1179999999999999
4287.0,1.1609999999999998
4288.0,1.1179999999999999
4289.0,1.1179999999999999
4290.0,1.1179999999999999
4291.0,1.1609999999999998
4292.0,1.1179999999999999
4293.0,1.1609999999999998
4294.0,1.1609999999999998
4295.0,1.1179999999999999
4296.0,1.1609999999999998
4297.0,1.1609999999999998
4298.0,1.1609999999999998
4299.0,1.1179999999999999
4300.0,1.1609999999999998
4301.0,1.1179999999999999
4302.0,1.1179999999999999
4303.0,1.1179999999999999
4304.0,1.1609999999999998
4305.0,1.1179999999999999
4306.0,1.1609999999999998
4307.0,1.1179999999999999
4308.0,1.1179999999999999
4309.0,1.1179999999999999
4310.0,1.1609999999999998
4311.0,1.1609999999999998
4312.0,1.1609999999999998
4313.0,1.1179999999999999
4314.0,1.1609999999999998
4315.0,1.1609999999999998
4316.0,1.1609999999999998
4317.0,1.1179999999999999
4318.0,1.1179999999999999
4319.0,1.1179999999999999
4320.0,1.1609999999999998
4321.0,1.1179999999999999
4322.0,1.1179999999999999
4323.0,1.1179999999999999
4324.0,1.1609999999999998
4325.0,1.1179999999999999
4326.0,1.1609999999999998
4327.0,1.1179999999999999
4328.0,1.1179999999999999
4329.0,1.1609999999999998
4330.0,1.1609999999999998
4331.0,1.1609999999999998
4332.0,1.1609999999999998
4333.0,1.1609999999999998
4334.0,1.1609999999999998
4335.0,1.1609999999999998
4336.0,1.1609999999999998
4337.0,1.1609999999999998
4338.0,1.1609999999999998
4339.0,1.1609999999999998
4340.0,1.1609999999999998
4341.0,1.1609999999999998
4342.0,1.1179999999999999
4343.0,1.1179999999999999
4344.0,1.1609999999999998
4345.0,1.1179999999999999
4346.0,1.1609999999999998
4347.0,1.1179999999999999
4348.0,1.1609999999999998
4349.0,1.1609999999999998
4350.0,1.1609999999999998
4351.0,1.1609999999999998
4352.0,1.1609999999999998
4353.0,1.1179999999999999
4354.0,1.1609999999999998
4355.0,1.1609999999999998
4356.0,1.1609999999999998
4357.0,1.1609999999999998
4358.0,1.1609999999999998
4359.0,1.1179999999999999
4360.0,1.1609999999999998
4361.0,1.1609999999999998
4362.0,1.1609999999999998
4363.0,1.1609999999999998
4364.0,1.1609999999999998
4365.0,1.1609999999999998
4366.0,1.1609999999999998
4367.0,1.1609999999999998
4368.0,1.1609999999999998
4369.0,1.1609999999999998
4370.0,1.1609999999999998
4371.0,1.1609999999999998
4372.0,1.1609999999999998
4373.0,1.1609999999999998
4374.0,1.1609999999999998
4375.0,1.1609999999999998
4376.0,1.1609999999999998
4377.0,1.1179999999999999
4378.0,1.1179999999999999
4379.0,1.1609999999999998
4380.0,1.1609999999999998
4381.0,1.1609999999999998
4382.0,1.1609999999999998
4383.0,1.1609999999999998
4384.0,1.1609999999999998
4385.0,1.1609999999999998
4386.0,1.1609999999999998
4387.0,1.1609999999999998
4388.0,1.1609999999999998
4389.0,1.1609999999999998
4390.0,1.1609999999999998
4391.0,1.1609999999999998
4392.0,1.1609999999999998
4393.0,1.1609999999999998
4394.0,1.1609999999999998
4395.0,1.1179999999999999
4396.0,1.1609999999999998
4397.0,1.1609999999999998
4398.0,1.1609999999999998
4399.0,1.1609999999999998
4400.0,1.1609999999999998
4401.0,1.1609999999999998
4402.0,1.1609999999999998
4403.0,1.1609999999999998
4404.0,1.1609999999999998
4405.0,1.1179999999999999
4406.0,1.1609999999999998
4407.0,1.1609999999999998
4408.0,1.1609999999999998
4409.0,1.1609999999999998
4410.0,1.1609999999999998
4411.0,1.1609999999999998
4412.0,1.1609999999999998
4413.0,1.1609999999999998
4414.0,1.1609999999999998
4415.0,1.1609999999999998
4416.0,1.1609999999999998
4417.0,1.1609999999999998
4418.0,1.1609999999999998
4419.0,1.1609999999999998
4420.0,1.1609999999999998
4421.0,1.1179999999999999
4422.0,1.1609999999999998
4423.0,1.1609999999999998
4424.0,1.1179999999999999
4425.0,1.1179999999999999
4426.0,1.1609999999999998
4427.0,1.1609999999999998
4428.0,1.1179999999999999
4429.0,1.1179999999999999
4430.0,1.1609999999999998
4431.0,1.1609999999999998
4432.0,1.1609999999999998
4433.0,1.1609999999999998
4434.0,1.1179999999999999
4435.0,1.1609999999999998
4436.0,1.1179999999999999
4437.0,1.1609999999999998
4438.0,1.1609999999999998
4439.0,1.1609999999999998
4440.0,1.1609999999999998
4441.0,1.1609999999999998
4442.0,1.1609999999999998
4443.0,1.1609999999999998
4444.0,1.1609999999999998
4445.0,1.1179999999999999
4446.0,1.1609999999999998
4447.0,1.1609999999999998
4448.0,1.1609999999999998
4449.0,1.1609999999999998
4450.0,1.1609999999999998
4451.0,1.1609999999999998
4452.0,1.1609999999999998
4453.0,1.1609999999999998
4454.0,1.1609999999999998
4455.0,1.1609999999999998
4456.0,1.1609999999999998
4457.0,1.1609999999999998
4458.0,1.1609999999999998
4459.0,1.1609999999999998
4460.0,1.1179999999999999
4461.0,1.1179999999999999
4462.0,1.1609999999999998
4463.0,1.1609999999999998
4464.0,1.1179999999999999
4465.0,1.1609999999999998
4466.0,1.1609999999999998
4467.0,1.1179999999999999
4468.0,1.1179999999999999
4469.0,1.1609999999999998
4470.0,1.1179999999999999
4471.0,1.1179999999999999
4472.0,1.1609999999999998
4473.0,1.1609999999999998
4474.0,1.1609999999999998
4475.0,1.1609999999999998
4476.0,1.1609999999999998
4477.0,1.1609999999999998
4478.0,1.1609999999999998
4479.0,1.1609999999999998
4480.0,1.1609999999999998
4481.0,1.1609999999999998
4482.0,1.1609999999999998
4483.0,1.1609999999999998
4484.0,1.1609999999999998
4485.0,1.1609999999999998
4486.0,1.1179999999999999
4487.0,1.1179999999999999
4488.0,1.1609999999999998
4489.0,1.1179999999999999
4490.0,1.1609999999999998
4491.0,1.1609999999999998
4492.0,1.1609999999999998
4493.0,1.1179999999999999
4494.0,1.1609999999999998
4495.0,1.1609999999999998
4496.0,1.1609999999999998
4497.0,1.1609999999999998
4498.0,1.1609999999999998
4499.0,1.1609999999999998
4500.0,1.1179999999999999
4501.0,1.1609999999999998
4502.0,1.1179999999999999
4503.0,1.1179999999999999
4504.0,1.1179999999999999
4505.0,1.1179999999999999
4506.0,1.1609999999999998
4507.0,1.1609999999999998
4508.0,1.1609999999999998
4509.0,1.1179999999999999
4510.0,1.1179999999999999
4511.0,1.1179999999999999
4512.0,1.1609999999999998
4513.0,1.1609999999999998
4514.0,1.1609999999999998
4515.0,1.1179999999999999
4516.0,1.1609999999999998
4517.0,1.1609999999999998
4518.0,1.1609999999999998
4519.0,1.1609999999999998
4520.0,1.1609999999999998
4521.0,1.1609999999999998
4522.0,1.1609999999999998
4523.0,1.1609999999999998
4524.0,1.1609999999999998
4525.0,1.1609999999999998
4526.0,1.1609999999999998
4527.0,1.1609999999999998
4528.0,1.1609999999999998
4529.0,1.1609999999999998
4530.0,1.1609999999999998
4531.0,1.1179999999999999
4532.0,1.1609999999999998
4533.0,1.1609999999999998
4534.0,1.1609999999999998
4535.0,1.1609999999999998
4536.0,1.1179999999999999
4537.0,1.1179999999999999
4538.0,1.1179999999999999
4539.0,1.1179999999999999
4540.0,1.1609999999999998
4541.0,1.1609999999999998
4542.0,1.1609999999999998
4543.0,1.1179999999999999
4544.0,1.1179999999999999
4545.0,1.1179999999999999
4546.0,1.1609999999999998
4547.0,1.1609999999999998
4548.0,1.1609999999999998
4549.0,1.1179999999999999
4550.0,1.1179999999999999
4551.0,1.1609999999999998
4552.0,1.1609999999999998
4553.0,1.1609999999999998
4554.0,1.1609999999999998
4555.0,1.1609999999999998
4556.0,1.1609999999999998
4557.0,1.1609999999999998
4558.0,1.1179999999999999
4559.0,1.1179999999999999
4560.0,1.1609999999999998
4561.0,1.1179999999999999
4562.0,1.1609999999999998
4563.0,1.1609999999999998
4564.0,1.1609999999999998
4565.0,1.1179999999999999
4566.0,1.1609999999999998
4567.0,1.1609999999999998
4568.0,1.1609999999999998
4569.0,1.1179999999999999
4570.0,1.1609999999999998
4571.0,1.1609999999999998
4572.0,1.1609999999999998
4573.0,1.1609999999999998
4574.0,1.1609999999999998
4575.0,1.1609999999999998
4576.0,1.1609999999999998
4577.0,1.1609999999999998
4578.0,1.1609999999999998
4579.0,1.1179999999999999
4580.0,1.1609999999999998
4581.0,1.1179999999999999
4582.0,1.1609999999999998
4583.0,1.1609999999999998
4584.0,1.1609999999999998
4585.0,1.1179999999999999
4586.0,1.1179999999999999
4587.0,1.1609999999999998
4588.0,1.1179999999999999
4589.0,1.1609999999999998
4590.0,1.1609999999999998
4591.0,1.1609999999999998
4592.0,1.1609999999999998
4593.0,1.1609999999999998
4594.0,1.1609999999999998
4595.0,1.1609999999999998
4596.0,1.1609999999999998
4597.0,1.1179999999999999
4598.0,1.1609999999999998
4599.0,1.1609999999999998
4600.0,1.1609999999999998
4601.0,1.1609999999999998
4602.0,1.1609999999999998
4603.0,1.1179999999999999
4604.0,1.1609999999999998
4605.0,1.1179999999999999
4606.0,1.1609999999999998
4607.0,1.1609999999999998
4608.0,1.1179999999999999
4609.0,1.1609999999999998
4610.0,1.1609999999999998
4611.0,1.1609999999999998
4612.0,1.1609999999999998
4613.0,1.1179999999999999
4614.0,1.1609999999999998
4615.0,1.1179999999999999
4616.0,1.1609999999999998
4617.0,1.1179999999999999
4618.0,1.1179999999999999
4619.0,1.1179999999999999
4620.0,1.1609999999999998
4621.0,1.1179999999999999
4622.0,1.1609999999999998
4623.0,1.1609999999999998
4624.0,1.1609999999999998
4625.0,1.1179999999999999
4626.0,1.1179999999999999
4627.0,1.1179999999999999
4628.0,1.1609999999999998
4629.0,1.1609999999999998
4630.0,1.1609999999999998
4631.0,1.1609999999999998
4632.0,1.1609999999999998
4633.0,1.1609999999999998
4634.0,1.1609999999999998
4635.0,1.1179999999999999
4636.0,1.1609999999999998
4637.0,1.1179999999999999
4638.0,1.1609999999999998
4639.0,1.1179999999999999
4640.0,1.1609999999999998
4641.0,1.1609999999999998
4642.0,1.1609999999999998
4643.0,1.1179999999999999
4644.0,1.1609999999999998
4645.0,1.1609999999999998
4646.0,1.1609999999999998
4647.0,1.1179999999999999
4648.0,1.1609999999999998
4649.0,1.1609999999999998
4650.0,1.1609999999999998
4651.0,1.1179999999999999
4652.0,1.1179999999999999
4653.0,1.1609999999999998
4654.0,1.1179999999999999
4655.0,1.1179999999999999
4656.0,1.1179999999999999
4657.0,1.1179999999999999
4658.0,1.1609999999999998
4659.0,1.1609999999999998
4660.0,1.1609999999999998
4661.0,1.1609999999999998
4662.0,1.1609999999999998
4663.0,1.1609999999999998
4664.0,1.1609999999999998
4665.0,1.1609999999999998
4666.0,1.1609999999999998
4667.0,1.1609999999999998
4668.0,1.1609999999999998
4669.0,1.1609999999999998
4670.0,1.1609999999999998
4671.0,1.1179999999999999
4672.0,1.1609999999999998
4673.0,1.1609999999999998
4674.0,1.1609999999999998
4675.0,1.1609999999999998
4676.0,1.1609999999999998
4677.0,1.1609999999999998
4678.0,1.1609999999999998
4679.0,1.1609999999999998
4680.0,1.1179999999999999
4681.0,1.1609999999999998
4682.0,1.1609999999999998
4683.0,1.1609999999999998
4684.0,1.1609999999999998
4685.0,1.1609999999999998
4686.0,1.1609999999999998
4687.0,1.1179999999999999
4688.0,1.1609999999999998
4689.0,1.1609999999999998
4690.0,1.1609999999999998
4691.0,1.1179999999999999
4692.0,1.1609999999999998
4693.0,1.1609999999999998
4694.0,1.1609999999999998
4695.0,1.1609999999999998
4696.0,1.1609999999999998
4697.0,1.1609999999999998
4698.0,1.1609999999999998
4699.0,1.1609999999999998
4700.0,1.1609999999999998
4701.0,1.1609999999999998
4702.0,1.1609999999999998
4703.0,1.1609999999999998
4704.0,1.1609999999999998
4705.0,1.1609999999999998
4706.0,1.1609999999999998
4707.0,1.1609999999999998
4708.0,1.1609999999999998
4709.0,1.1609999999999998
4710.0,1.1609999999999998
4711.0,1.1609999999999998
4712.0,1.1609999999999998
4713.0,1.1609999999999998
4714.0,1.1609999999999998
4715.0,1.1609999999999998
4716.0,1.1609999999999998
4717.0,1.1609999999999998
4718.0,1.1609999999999998
4719.0,1.1179999999999999
4720.0,1.1609999999999998
4721.0,1.1179999999999999
4722.0,1.1609999999999998
4723.0,1.1609999999999998
4724.0,1.1609999999999998
4725.0,1.1609999999999998
4726.0,1.1609999999999998
4727.0,1.1179999999999999
4728.0,1.1179999999999999
4729.0,1.1179999999999999
4730.0,1.1609999999999998
4731.0,1.1609999999999998
4732.0,1.1609999999999998
4733.0,1.1609999999999998
4734.0,1.1609999999999998
4735.0,1.1609999999999998
4736.0,1.1609999999999998
4737.0,1.1609999999999998
4738.0,1.1609999999999998
4739.0,1.1179999999999999
4740.0,1.1609999999999998
4741.0,1.1609999999999998
4742.0,1.1609999999999998
4743.0,1.1179999999999999
4744.0,1.1609999999999998
4745.0,1.1179999999999999
4746.0,1.1609999999999998
4747.0,1.1609999999999998
4748.0,1.1179999999999999
4749.0,1.1609999999999998
4750.0,1.1609999999999998
4751.0,1.1609999999999998
4752.0,1.1179999999999999
4753.0,1.1179999999999999
4754.0,1.1179999999999999
4755.0,1.1609999999999998
4756.0,1.1609999999999998
4757.0,1.1179999999999999
4758.0,1.1609999999999998
4759.0,1.1179999999999999
4760.0,1.1179999999999999
4761.0,1.1179999999999999
4762.0,1.1609999999999998
4763.0,1.1609999999999998
4764.0,1.1179999999999999
4765.0,1.1609999999999998
4766.0,1.1609999999999998
4767.0,1.1609999999999998
4768.0,1.1179999999999999
4769.0,1.1179999999999999
4770.0,1.1609999999999998
4771.0,1.1609999999999998
4772.0,1.1609999999999998
4773.0,1.1609999999999998
4774.0,1.1179999999999999
4775.0,1.1609999999999998
4776.0,1.1609999999999998
4777.0,1.1179999999999999
4778.0,1.1609999999999998
4779.0,1.1179999999999999
4780.0,1.1609999999999998
4781.0,1.1609999999999998
4782.0,1.1609999999999998
4783.0,1.1179999999999999
4784.0,1.1609999999999998
4785.0,1.1609999999999998
4786.0,1.1609999999999998
4787.0,1.1609999999999998
4788.0,1.1609999999999998
4789.0,1.1609999999999998
4790.0,1.1609999999999998
4791.0,1.1609999999999998
4792.0,1.1609999999999998
4793.0,1.1609999999999998
4794.0,1.1609999999999998
4795.0,1.1179999999999999
4796.0,1.1609999999999998
4797.0,1.1609999999999998
4798.0,1.1609999999999998
4799.0,1.1609999999999998
4800.0,1.1609999999999998
4801.0,1.1179999999999999
4802.0,1.1179999999999999
4803.0,1.1179999999999999
4804.0,1.1609999999999998
4805.0,1.1609999999999998
4806.0,1.1609999999999998
4807.0,1.1609999999999998
4808.0,1.1609999999999998
4809.0,1.1609999999999998
4810.0,1.1609999999999998
4811.0,1.1609999999999998
4812.0,1.1609999999999998
4813.0,1.1609999999999998
4814.0,1.1609999999999998
4815.0,1.1609999999999998
4816.0,1.1179999999999999
4817.0,1.1179999999999999
4818.0,1.1609999999999998
4819.0,1.1179999999999999
4820.0,1.1609999999999998
4821.0,1.1179999999999999
4822.0,1.1609999999999998
4823.0,1.1179999999999999
4824.0,1.1609999999999998
4825.0,1.1609999999999998
4826.0,1.1609999999999998
4827.0,1.1179999999999999
4828.0,1.1609999999999998
4829.0,1.1609999999999998
4830.0,1.1609999999999998
4831.0,1.1609999999999998
4832.0,1.1609999999999998
4833.0,1.1609999999999998
4834.0,1.1179999999999999
4835.0,1.1609999999999998
4836.0,1.1179999999999999
4837.0,1.1179999999999999
4838.0,1.1179999999999999
4839.0,1.1179999999999999
4840.0,1.1179999999999999
4841.0,1.1609999999999998
4842.0,1.1609999999999998
4843.0,1.1179999999999999
4844.0,1.1609999999999998
4845.0,1.1179999999999999
4846.0,1.1609999999999998
4847.0,1.1609999999999998
4848.0,1.1609999999999998
4849.0,1.1609999999999998
4850.0,1.1609999999999998
4851.0,1.1609999999999998
4852.0,1.1609999999999998
4853.0,1.1179999999999999
4854.0,1.1609999999999998
4855.0,1.1179999999999999
4856.0,1.1609999999999998
4857.0,1.1179999999999999
4858.0,1.1609999999999998
4859.0,1.1179999999999999
4860.0,1.1609999999999998
4861.0,1.1609999999999998
4862.0,1.1609999999999998
4863.0,1.1179999999999999
4864.0,1.1609999999999998
4865.0,1.1179999999999999
4866.0,1.1609999999999998
4867.0,1.1609999999999998
4868.0,1.1609999999999998
4869.0,1.1179999999999999
4870.0,1.1609999999999998
4871.0,1.1179999999999999
4872.0,1.1179999999999999
4873.0,1.1179999999999999
4874.0,1.1609999999999998
4875.0,1.1609999999999998
4876.0,1.1179999999999999
4877.0,1.1179999999999999
4878.0,1.1179999999999999
4879.0,1.1179999999999999
4880.0,1.1609999999999998
4881.0,1.1609999999999998
4882.0,1.1609999999999998
4883.0,1.1179999999999999
4884.0,1.1179999999999999
4885.0,1.1609999999999998
4886.0,1.1609999999999998
4887.0,1.1609999999999998
4888.0,1.1609999999999998
4889.0,1.1609999999999998
4890.0,1.1609999999999998
4891.0,1.1609999999999998
4892.0,1.1609999999999998
4893.0,1.1179999999999999
4894.0,1.1609999999999998
4895.0,1.1179999999999999
4896.0,1.1179999999999999
4897.0,1.1179999999999999
4898.0,1.1609999999999998
4899.0,1.1179999999999999
4900.0,1.1609999999999998
4901.0,1.1609999999999998
4902.0,1.1609999999999998
4903.0,1.1609999999999998
4904.0,1.1609999999999998
4905.0,1.1609999999999998
4906.0,1.1609999999999998
4907.0,1.1609999999999998
4908.0,1.1609999999999998
4909.0,1.1609999999999998
4910.0,1.1179999999999999
4911.0,1.1179999999999999
4912.0,1.1179999999999999
4913.0,1.1609999999999998
4914.0,1.1179999999999999
4915.0,1.1609999999999998
4916.0,1.1179999999999999
4917.0,1.1179999999999999
4918.0,1.1179999999999999
4919.0,1.1179999999999999
4920.0,1.1179999999999999
4921.0,1.1179999999999999
4922.0,1.1609999999999998
4923.0,1.1609999999999998
4924.0,1.1609999999999998
4925.0,1.1609999999999998
4926.0,1.1609999999999998
4927.0,1.1609999999999998
4928.0,1.1609999999999998
4929.0,1.1609999999999998
4930.0,1.1609999999999998
4931.0,1.1609999999999998
4932.0,1.1609999999999998
4933.0,1.1609999999999998
4934.0,1.1609999999999998
4935.0,1.1179999999999999
4936.0,1.1609999999999998
4937.0,1.1609999999999998
4938.0,1.1609999999999998
4939.0,1.1609999999999998
4940.0,1.1609999999999998
4941.0,1.1609999999999998
4942.0,1.1609999999999998
4943.0,1.1609999999999998
4944.0,1.1609999999999998
4945.0,1.1179999999999999
4946.0,1.1179999999999999
4947.0,1.1609999999999998
4948.0,1.1609999999999998
4949.0,1.1609999999999998
4950.0,1.1179999999999999
4951.0,1.1179999999999999
4952.0,1.1609999999999998
4953.0,1.1179999999999999
4954.0,1.1179999999999999
4955.0,1.1179999999999999
4956.0,1.1609999999999998
4957.0,1.1609999999999998
4958.0,1.1609999999999998
4959.0,1.1609999999999998
4960.0,1.1609999999999998
4961.0,1.1609999999999998
4962.0,1.1609999999999998
4963.0,1.1609999999999998
4964.0,1.1609999999999998
4965.0,1.1609999999999998
4966.0,1.1609999999999998
4967.0,1.1609999999999998
4968.0,1.1609999999999998
4969.0,1.1179999999999999
4970.0,1.1609999999999998
4971.0,1.1609999999999998
4972.0,1.1609999999999998
4973.0,1.1609999999999998
4974.0,1.1179999999999999
4975.0,1.1179999999999999
4976.0,1.1609999999999998
4977.0,1.1609999999999998
4978.0,1.1609999999999998
4979.0,1.1609999999999998
4980.0,1.1609999999999998
4981.0,1.1609999999999998
4982.0,1.1609999999999998
4983.0,1.1179999999999999
4984.0,1.1179999999999999
4985.0,1.1179999999999999
4986.0,1.1609999999999998
4987.0,1.1609999999999998
4988.0,1.1609999999999998
4989.0,1.1609999999999998
4990.0,1.1609999999999998
4991.0,1.1179999999999999
4992.0,1.1609999999999998
4993.0,1.1609999999999998
4994.0,1.1609999999999998
4995.0,1.1609999999999998
4996.0,1.1609999999999998
4997.0,1.1179999999999999
4998.0,1.1609999999999998
4999.0,1.1609999999999998
5000.0,1.1609999999999998
5001.0,1.1609999999999998
5002.0,1.1179999999999999
5003.0,1.1179999999999999
5004.0,1.1179999999999999
5005.0,1.1609999999999998
5006.0,1.1609999999999998
5007.0,1.1179999999999999
5008.0,1.1609999999999998
5009.0,1.1179999999999999
5010.0,1.1609999999999998
5011.0,1.1609999999999998
5012.0,1.1609999999999998
5013.0,1.1609999999999998
5014.0,1.1609999999999998
5015.0,1.1179999999999999
5016.0,1.1609999999999998
5017.0,1.1179999999999999
5018.0,1.1179999999999999
5019.0,1.1179999999999999
5020.0,1.1609999999999998
5021.0,1.1179999999999999
5022.0,1.1609999999999998
5023.0,1.1609999999999998
5024.0,1.1609999999999998
5025.0,1.1179999999999999
5026.0,1.1609999999999998
5027.0,1.1179999999999999
5028.0,1.1609999999999998
5029.0,1.1609999999999998
5030.0,1.1609999999999998
5031.0,1.1609999999999998
5032.0,1.1609999999999998
5033.0,1.1609999999999998
5034.0,1.1609999999999998
5035.0,1.1609999999999998
5036.0,1.1179999999999999
5037.0,1.1609999999999998
5038.0,1.1609999999999998
5039.0,1.1609999999999998
5040.0,1.1609999999999998
5041.0,1.1609999999999998
5042.0,1.1609999999999998
5043.0,1.1179999999999999
5044.0,1.1609999999999998
5045.0,1.1609999999999998
5046.0,1.1179999999999999
5047.0,1.1179999999999999
5048.0,1.1609999999999998
5049.0,1.1609999999999998
5050.0,1.1179999999999999
5051.0,1.1179999999999999
5052.0,1.1179999999999999
5053.0,1.1179999999999999
5054.0,1.1609999999999998
5055.0,1.1179999999999999
5056.0,1.1609999999999998
5057.0,1.1609999999999998
5058.0,1.1609999999999998
5059.0,1.1609999999999998
5060.0,1.1179999999999999
5061.0,1.1179999999999999
5062.0,1.1609999999999998
5063.0,1.1179999999999999
5064.0,1.1609999999999998
5065.0,1.1609999999999998
5066.0,1.1609999999999998
5067.0,1.1609999999999998
5068.0,1.1609999999999998
5069.0,1.1179999999999999
5070.0,1.1179999999999999
5071.0,1.1609999999999998
5072.0,1.1179999999999999
5073.0,1.1179999999999999
5074.0,1.1179999999999999
5075.0,1.1179999999999999
5076.0,1.1179999999999999
5077.0,1.1179999999999999
5078.0,1.1179999999999999
5079.0,1.1179999999999999
5080.0,1.1609999999999998
5081.0,1.1609999999999998
5082.0,1.1609999999999998
5083.0,1.1609999999999998
5084.0,1.1609999999999998
5085.0,1.1609999999999998
5086.0,1.1609999999999998
5087.0,1.1609999999999998
5088.0,1.1609999999999998
5089.0,1.1179999999999999
5090.0,1.1179999999999999
5091.0,1.1179999999999999
5092.0,1.1179999999999999
5093.0,1.1179999999999999
5094.0,1.1179999999999999
5095.0,1.1179999999999999
5096.0,1.1609999999999998
5097.0,1.1179999999999999
5098.0,1.1179999999999999
5099.0,1.1609999999999998
5100.0,1.1179999999999999
5101.0,1.1609999999999998
5102.0,1.1179999999999999
5103.0,1.1179999999999999
5104.0,1.1179999999999999
5105.0,1.1609999999999998
5106.0,1.1609999999999998
5107.0,1.1609999999999998
5108.0,1.1609999999999998
5109.0,1.1179999999999999
5110.0,1.1179999999999999
5111.0,1.1179999999999999
5112.0,1.1179999999999999
5113.0,1.1179999999999999
5114.0,1.1179999999999999
5115.0,1.1179999999999999
5116.0,1.1179999999999999
5117.0,1.1179999999999999
5118.0,1.1179999999999999
5119.0,1.1179999999999999
5120.0,1.1179999999999999
5121.0,1.1609999999999998
5122.0,1.1609999999999998
5123.0,1.1179999999999999
5124.0,1.1609999999999998
5125.0,1.1179999999999999
5126.0,1.1609999999999998
5127.0,1.1609999999999998
5128.0,1.1179999999999999
5129.0,1.1609999999999998
5130.0,1.1179999999999999
5131.0,1.1609999999999998
5132.0,1.1179999999999999
5133.0,1.1179999999999999
5134.0,1.1609999999999998
5135.0,1.1179999999999999
5136.0,1.1179999999999999
5137.0,1.1179999999999999
5138.0,1.1179999999999999
5139.0,1.1179999999999999
5140.0,1.1609999999999998
5141.0,1.1179999999999999
5142.0,1.1179999999999999
5143.0,1.1179999999999999
5144.0,1.1179999999999999
5145.0,1.1179999999999999
5146.0,1.1179999999999999
5147.0,1.1179999999999999
5148.0,1.1609999999999998
5149.0,1.1609999999999998
5150.0,1.1609999999999998
5151.0,1.1179999999999999
5152.0,1.1609999999999998
5153.0,1.1609999999999998
5154.0,1.1609999999999998
5155.0,1.1179999999999999
5156.0,1.1609999999999998
5157.0,1.1609999999999998
5158.0,1.1179999999999999
5159.0,1.1179999999999999
5160.0,1.1179999999999999
5161.0,1.1179999999999999
5162.0,1.1179999999999999
5163.0,1.1179999999999999
5164.0,1.1609999999999998
5165.0,1.1609999999999998
5166.0,1.1609999999999998
5167.0,1.1609999999999998
5168.0,1.1609999999999998
5169.0,1.1179999999999999
5170.0,1.1179999999999999
5171.0,1.1609999999999998
5172.0,1.1609999999999998
5173.0,1.1609999999999998
5174.0,1.1609999999999998
5175.0,1.1609999999999998
5176.0,1.1179999999999999
5177.0,1.1179999999999999
5178.0,1.1179999999999999
5179.0,1.1609999999999998
5180.0,1.1179999999999999
5181.0,1.1609999999999998
5182.0,1.1609999999999998
5183.0,1.1179999999999999
5184.0,1.1609999999999998
5185.0,1.1179999999999999
5186.0,1.1179999999999999
5187.0,1.1609999999999998
5188.0,1.1609999999999998
5189.0,1.1179999999999999
5190.0,1.1609999999999998
5191.0,1.1609999999999998
5192.0,1.1609999999999998
5193.0,1.1179999999999999
5194.0,1.1609999999999998
5195.0,1.1179999999999999
5196.0,1.1609999999999998
5197.0,1.1179999999999999
5198.0,1.1179999999999999
5199.0,1.1609999999999998
5200.0,1.1179999999999999
5201.0,1.1179999999999999
5202.0,1.1609999999999998
5203.0,1.1609999999999998
5204.0,1.1609999999999998
5205.0,1.1609999999999998
5206.0,1.1609999999999998
5207.0,1.1609999999999998
5208.0,1.1609999999999998
5209.0,1.1179999999999999
5210.0,1.1609999999999998
5211.0,1.1609999999999998
5212.0,1.1609999999999998
5213.0,1.1609999999999998
5214.0,1.1609999999999998
5215.0,1.1609999999999998
5216.0,1.1609999999999998
5217.0,1.1609999999999998
5218.0,1.1179999999999999
5219.0,1.1179999999999999
5220.0,1.1609999999999998
5221.0,1.1179999999999999
5222.0,1.1609999999999998
5223.0,1.1609999999999998
5224.0,1.1609999999999998
5225.0,1.1609999999999998
5226.0,1.1179999999999999
5227.0,1.1609999999999998
5228.0,1.1179999999999999
5229.0,1.1179999999999999
5230.0,1.1609999999999998
5231.0,1.1179999999999999
5232.0,1.1179999999999999
5233.0,1.1179999999999999
5234.0,1.1179999999999999
5235.0,1.1179999999999999
5236.0,1.1609999999999998
5237.0,1.1179999999999999
5238.0,1.1609999999999998
5239.0,1.1609999999999998
5240.0,1.1609999999999998
5241.0,1.1609999999999998
5242.0,1.1609999999999998
5243.0,1.1179999999999999
5244.0,1.1179999999999999
5245.0,1.1609999999999998
5246.0,1.1609999999999998
5247.0,1.1609999999999998
5248.0,1.1609999999999998
5249.0,1.1179999999999999
5250.0,1.1609999999999998
5251.0,1.1179999999999999
5252.0,1.1609999999999998
5253.0,1.1179999999999999
5254.0,1.1179999999999999
5255.0,1.1179999999999999
5256.0,1.1179999999999999
5257.0,1.1609999999999998
5258.0,1.1609999999999998
5259.0,1.1609999999999998
5260.0,1.1609999999999998
5261.0,1.1609999999999998
5262.0,1.1609999999999998
5263.0,1.1609999999999998
5264.0,1.1609999999999998
5265.0,1.1609999999999998
5266.0,1.1609999999999998
5267.0,1.1609999999999998
5268.0,1.1609999999999998
5269.0,1.1179999999999999
5270.0,1.1179999999999999
5271.0,1.1179999999999999
5272.0,1.1179999999999999
5273.0,1.1179999999999999
5274.0,1.1179999999999999
5275.0,1.1179999999999999
5276.0,1.1609999999999998
5277.0,1.1179999999999999
5278.0,1.1179999999999999
5279.0,1.1179999999999999
5280.0,1.1179999999999999
5281.0,1.1179999999999999
5282.0,1.1179999999999999
5283.0,1.1609999999999998
5284.0,1.1609999999999998
5285.0,1.1609999999999998
5286.0,1.1609999999999998
5287.0,1.1179999999999999
5288.0,1.1609999999999998
5289.0,1.1609999999999998
5290.0,1.1609999999999998
5291.0,1.1179999999999999
5292.0,1.1179999999999999
5293.0,1.1179999999999999
5294.0,1.1179999999999999
5295.0,1.1179999999999999
5296.0,1.1179999999999999
5297.0,1.1179999999999999
5298.0,1.1179999999999999
5299.0,1.1179999999999999
5300.0,1.1179999999999999
5301.0,1.1179999999999999
5302.0,1.1609999999999998
5303.0,1.1609999999999998
5304.0,1.1609999999999998
5305.0,1.1609999999999998
5306.0,1.1609999999999998
5307.0,1.1609999999999998
5308.0,1.1609999999999998
5309.0,1.1179999999999999
5310.0,1.1179999999999999
5311.0,1.1179999999999999
5312.0,1.1179999999999999
5313.0,1.1179999999999999
5314.0,1.1179999999999999
5315.0,1.1179999999999999
5316.0,1.1179999999999999
5317.0,1.1179999999999999
5318.0,1.1179999999999999
5319.0,1.1179999999999999
5320.0,1.1179999999999999
5321.0,1.1179999999999999
5322.0,1.1609999999999998
5323.0,1.1179999999999999
5324.0,1.1179999999999999
5325.0,1.1179999999999999
5326.0,1.1179999999999999
5327.0,1.1179999999999999
5328.0,1.1609999999999998
5329.0,1.1609999999999998
5330.0,1.1609999999999998
5331.0,1.1609999999999998
5332.0,1.1609999999999998
5333.0,1.1179999999999999
5334.0,1.1609999999999998
5335.0,1.1179999999999999
5336.0,1.1179999999999999
5337.0,1.1179999999999999
5338.0,1.1179999999999999
5339.0,1.1179999999999999
5340.0,1.1179999999999999
5341.0,1.1179999999999999
5342.0,1.1179999999999999
5343.0,1.1179999999999999
5344.0,1.1179999999999999
5345.0,1.1179999999999999
5346.0,1.1609999999999998
5347.0,1.1179999999999999
5348.0,1.1609999999999998
5349.0,1.1179999999999999
5350.0,1.1609999999999998
5351.0,1.1179999999999999
5352.0,1.1179999999999999
5353.0,1.1609999999999998
5354.0,1.1179999999999999
5355.0,1.1179999999999999
5356.0,1.1179999999999999
5357.0,1.1179999999999999
5358.0,1.1609999999999998
5359.0,1.1179999999999999
5360.0,1.1179999999999999
5361.0,1.1179999999999999
5362.0,1.1179999999999999
5363.0,1.1609999999999998
5364.0,1.1609999999999998
5365.0,1.1179999999999999
5366.0,1.1609999999999998
5367.0,1.1609999999999998
5368.0,1.1179999999999999
5369.0,1.1179999999999999
5370.0,1.1609999999999998
5371.0,1.1609999999999998
5372.0,1.1179999999999999
5373.0,1.1179999999999999
5374.0,1.1609999999999998
5375.0,1.1179999999999999
5376.0,1.1179999999999999
5377.0,1.1179999999999999
5378.0,1.1609999999999998
5379.0,1.1179999999999999
5380.0,1.1179999999999999
5381.0,1.1179999999999999
5382.0,1.1179999999999999
5383.0,1.1179999999999999
5384.0,1.1609999999999998
5385.0,1.1179999999999999
5386.0,1.1609999999999998
5387.0,1.1179999999999999
5388.0,1.1609999999999998
5389.0,1.1609999999999998
5390.0,1.1609999999999998
5391.0,1.1609999999999998
5392.0,1.1609999999999998
5393.0,1.1179999999999999
5394.0,1.1179999999999999
5395.0,1.1179999999999999
5396.0,1.1609999999999998
5397.0,1.1179999999999999
5398.0,1.1179999999999999
5399.0,1.1179999999999999
5400.0,1.1179999999999999
5401.0,1.1179999999999999
5402.0,1.1179999999999999
5403.0,1.1179999999999999
5404.0,1.1179999999999999
5405.0,1.1179999999999999
5406.0,1.1609999999999998
5407.0,1.1609999999999998
5408.0,1.1179999999999999
5409.0,1.1179999999999999
5410.0,1.1609999999999998
5411.0,1.1179999999999999
5412.0,1.1609999999999998
5413.0,1.1179999999999999
5414.0,1.1609999999999998
5415.0,1.1179999999999999
5416.0,1.1609999999999998
5417.0,1.1609999999999998
5418.0,1.1179999999999999
5419.0,1.1179999999999999
5420.0,1.1179999999999999
5421.0,1.1179999999999999
5422.0,1.1609999999999998
5423.0,1.1179999999999999
5424.0,1.1179999999999999
5425.0,1.1179999999999999
5426.0,1.1609999999999998
5427.0,1.1179999999999999
5428.0,1.1609999999999998
5429.0,1.1609999999999998
5430.0,1.1179999999999999
5431.0,1.1609999999999998
5432.0,1.1179999999999999
5433.0,1.1609999999999998
5434.0,1.1179999999999999
5435.0,1.1179999999999999
5436.0,1.1609999999999998
5437.0,1.1179999999999999
5438.0,1.1609999999999998
5439.0,1.1179999999999999
5440.0,1.1609999999999998
5441.0,1.1179999999999999
5442.0,1.1179999999999999
5443.0,1.1179999999999999
5444.0,1.1179999999999999
5445.0,1.1179999999999999
5446.0,1.1179999999999999
5447.0,1.1609999999999998
5448.0,1.1609999999999998
5449.0,1.1609999999999998
5450.0,1.1609999999999998
5451.0,1.1179999999999999
5452.0,1.1609999999999998
5453.0,1.1179999999999999
5454.0,1.1609999999999998
5455.0,1.1179999999999999
5456.0,1.1609999999999998
5457.0,1.1609999999999998
5458.0,1.1609999999999998
5459.0,1.1179999999999999
5460.0,1.1609999999999998
5461.0,1.1609999999999998
5462.0,1.1179999999999999
5463.0,1.1609999999999998
5464.0,1.1609999999999998
5465.0,1.1609999999999998
5466.0,1.1609999999999998
5467.0,1.1179999999999999
5468.0,1.1609999999999998
5469.0,1.1179999999999999
5470.0,1.1609999999999998
5471.0,1.1179999999999999
5472.0,1.1609999999999998
5473.0,1.1609999999999998
5474.0,1.1609999999999998
5475.0,1.1179999999999999
5476.0,1.1609999999999998
5477.0,1.1179999999999999
5478.0,1.1609999999999998
5479.0,1.1609999999999998
5480.0,1.1609999999999998
5481.0,1.1609999999999998
5482.0,1.1609999999999998
5483.0,1.1609999999999998
5484.0,1.1179999999999999
5485.0,1.1179999999999999
5486.0,1.1179999999999999
5487.0,1.1179999999999999
5488.0,1.1179999999999999
5489.0,1.1609999999999998
5490.0,1.1179999999999999
5491.0,1.1179999999999999
5492.0,1.1179999999999999
5493.0,1.1179999999999999
5494.0,1.1179999999999999
5495.0,1.1179999999999999
5496.0,1.1179999999999999
5497.0,1.1179999999999999
5498.0,1.1179999999999999
5499.0,1.1609999999999998
5500.0,1.1179999999999999
5501.0,1.1609999999999998
5502.0,1.1179999999999999
5503.0,1.1609999999999998
5504.0,1.1609999999999998
5505.0,1.1609999999999998
5506.0,1.1179999999999999
5507.0,1.1609999999999998
5508.0,1.1609999999999998
5509.0,1.1179999999999999
5510.0,1.1609999999999998
5511.0,1.1179999999999999
5512.0,1.1179999999999999
5513.0,1.1179999999999999
5514.0,1.1179999999999999
5515.0,1.1179999999999999
5516.0,1.1179999999999999
5517.0,1.1179999999999999
5518.0,1.1179999999999999
5519.0,1.1179999999999999
5520.0,1.1179999999999999
5521.0,1.1179999999999999
5522.0,1.1609999999999998
5523.0,1.1179999999999999
5524.0,1.1609999999999998
5525.0,1.1179999999999999
5526.0,1.1609999999999998
5527.0,1.1609999999999998
5528.0,1.1179999999999999
5529.0,1.1179999999999999
5530.0,1.1179999999999999
5531.0,1.1179999999999999
5532.0,1.1609999999999998
5533.0,1.1179999999999999
5534.0,1.1179999999999999
5535.0,1.1179999999999999
5536.0,1.1179999999999999
5537.0,1.1179999999999999
5538.0,1.1179999999999999
5539.0,1.1179999999999999
5540.0,1.1179999999999999
5541.0,1.1179999999999999
5542.0,1.1179999999999999
5543.0,1.1179999999999999
5544.0,1.1179999999999999
5545.0,1.1179999999999999
5546.0,1.1609999999999998
5547.0,1.1609999999999998
5548.0,1.1609999999999998
5549.0,1.1179999999999999
5550.0,1.1609999999999998
5551.0,1.1179999999999999
5552.0,1.1179999999999999
5553.0,1.1179999999999999
5554.0,1.1179999999999999
5555.0,1.1179999999999999
5556.0,1.1179999999999999
5557.0,1.1179999999999999
5558.0,1.1179999999999999
5559.0,1.1179999999999999
5560.0,1.1179999999999999
5561.0,1.1179999999999999
5562.0,1.1179999999999999
5563.0,1.1179999999999999
5564.0,1.1179999999999999
5565.0,1.1179999999999999
5566.0,1.1609999999999998
5567.0,1.1609999999999998
5568.0,1.1609999999999998
5569.0,1.1179999999999999
5570.0,1.1179999999999999
5571.0,1.1179999999999999
5572.0,1.1179999999999999
5573.0,1.1179999999999999
5574.0,1.1179999999999999
5575.0,1.1179999999999999
5576.0,1.1179999999999999
5577.0,1.1179999999999999
5578.0,1.1179999999999999
5579.0,1.1179999999999999
5580.0,1.1179999999999999
5581.0,1.1179999999999999
5582.0,1.1179999999999999
5583.0,1.1179999999999999
5584.0,1.1609999999999998
5585.0,1.1609999999999998
5586.0,1.1609999999999998
5587.0,1.1609999999999998
5588.0,1.1179999999999999
5589.0,1.1179999999999999
5590.0,1.1609999999999998
5591.0,1.1609999999999998
5592.0,1.1179999999999999
5593.0,1.1179999999999999
5594.0,1.1179999999999999
5595.0,1.1179999999999999
5596.0,1.1179999999999999
5597.0,1.1179999999999999
5598.0,1.1179999999999999
5599.0,1.1179999999999999
5600.0,1.1179999999999999
5601.0,1.1179999999999999
5602.0,1.1179999999999999
5603.0,1.1179999999999999
5604.0,1.1179999999999999
5605.0,1.1179999999999999
5606.0,1.1609999999999998
5607.0,1.1179999999999999
5608.0,1.1609999999999998
5609.0,1.1609999999999998
5610.0,1.1609999999999998
5611.0,1.1179999999999999
5612.0,1.1609999999999998
5613.0,1.1179999999999999
5614.0,1.1179999999999999
5615.0,1.1179999999999999
5616.0,1.1179999999999999
5617.0,1.1179999999999999
5618.0,1.1179999999999999
5619.0,1.1179999999999999
5620.0,1.1179999999999999
5621.0,1.1179999999999999
5622.0,1.1179999999999999
5623.0,1.1179999999999999
5624.0,1.1609999999999998
5625.0,1.1179999999999999
5626.0,1.1179999999999999
5627.0,1.1179999999999999
5628.0,1.1609999999999998
5629.0,1.1179999999999999
5630.0,1.1179999999999999
5631.0,1.1609999999999998
5632.0,1.1609999999999998
5633.0,1.1609999999999998
5634.0,1.1609999999999998
5635.0,1.1179999999999999
5636.0,1.1609999999999998
5637.0,1.1179999999999999
5638.0,1.1179999999999999
5639.0,1.1179999999999999
5640.0,1.1179999999999999
5641.0,1.1179999999999999
5642.0,1.1609999999999998
5643.0,1.1179999999999999
5644.0,1.1179999999999999
5645.0,1.1179999999999999
5646.0,1.1609999999999998
5647.0,1.1609999999999998
5648.0,1.1179999999999999
5649.0,1.1609999999999998
5650.0,1.1609999999999998
5651.0,1.1609999999999998
5652.0,1.1609999999999998
5653.0,1.1179999999999999
5654.0,1.1179999999999999
5655.0,1.1179999999999999
5656.0,1.1179999999999999
5657.0,1.1179999999999999
5658.0,1.1179999999999999
5659.0,1.1179999999999999
5660.0,1.1179999999999999
5661.0,1.1179999999999999
5662.0,1.1179999999999999
5663.0,1.1179999999999999
5664.0,1.1179999999999999
5665.0,1.1609999999999998
5666.0,1.1609999999999998
5667.0,1.1179999999999999
5668.0,1.1179999999999999
5669.0,1.1179999999999999
5670.0,1.1179999999999999
5671.0,1.1609999999999998
5672.0,1.1609999999999998
5673.0,1.1609999999999998
5674.0,1.1609999999999998
5675.0,1.1609999999999998
5676.0,1.1179999999999999
5677.0,1.1609999999999998
5678.0,1.1609999999999998
5679.0,1.1179999999999999
5680.0,1.1609999999999998
5681.0,1.1609999999999998
5682.0,1.1609999999999998
5683.0,1.1179999999999999
5684.0,1.1609999999999998
5685.0,1.1609999999999998
5686.0,1.1179999999999999
5687.0,1.1179999999999999
5688.0,1.1609999999999998
5689.0,1.1609999999999998
5690.0,1.1609999999999998
5691.0,1.1609999999999998
5692.0,1.1609999999999998
5693.0,1.1609999999999998
5694.0,1.1609999999999998
5695.0,1.1179999999999999
5696.0,1.1609999999999998
5697.0,1.1609999999999998
5698.0,1.1609999999999998
5699.0,1.1179999999999999
5700.0,1.1609999999999998
5701.0,1.1609999999999998
5702.0,1.1179999999999999
5703.0,1.1179999999999999
5704.0,1.1609999999999998
5705.0,1.1179999999999999
5706.0,1.1609999999999998
5707.0,1.1609999999999998
5708.0,1.1179999999999999
5709.0,1.1609999999999998
5710.0,1.1609999999999998
5711.0,1.1609999999999998
5712.0,1.1609999999999998
5713.0,1.1179999999999999
5714.0,1.1609999999999998
5715.0,1.1609999999999998
5716.0,1.1609999999999998
5717.0,1.1179999999999999
5718.0,1.1179999999999999
5719.0,1.1609999999999998
5720.0,1.1609999999999998
5721.0,1.1179999999999999
5722.0,1.1179999999999999
5723.0,1.1609999999999998
5724.0,1.1609999999999998
5725.0,1.1179999999999999
5726.0,1.1609999999999998
5727.0,1.1179999999999999
5728.0,1.1179999999999999
5729.0,1.1179999999999999
5730.0,1.1609999999999998
5731.0,1.1609999999999998
5732.0,1.1609999999999998
5733.0,1.1609999999999998
5734.0,1.1609999999999998
5735.0,1.1179999999999999
5736.0,1.1609999999999998
5737.0,1.1609999999999998
5738.0,1.1609999999999998
5739.0,1.1179999999999999
5740.0,1.1609999999999998
5741.0,1.1179999999999999
5742.0,1.1609999999999998
5743.0,1.1179999999999999
5744.0,1.1609999999999998
5745.0,1.1609999999999998
5746.0,1.1609999999999998
5747.0,1.1609999999999998
5748.0,1.1609999999999998
5749.0,1.1609999999999998
5750.0,1.1609999999999998
5751.0,1.1609999999999998
5752.0,1.1179999999999999
5753.0,1.1179999999999999
5754.0,1.1179999999999999
5755.0,1.1179999999999999
5756.0,1.1179999999999999
5757.0,1.1179999999999999
5758.0,1.1179999999999999
5759.0,1.1179999999999999
5760.0,1.1179999999999999
5761.0,1.1179999999999999
5762.0,1.1179999999999999
5763.0,1.1179999999999999
5764.0,1.1609999999999998
5765.0,1.1179999999999999
5766.0,1.1609999999999998
5767.0,1.1179999999999999
5768.0,1.1179999999999999
5769.0,1.1609999999999998
5770.0,1.1609999999999998
5771.0,1.1609999999999998
5772.0,1.1609999999999998
5773.0,1.1179999999999999
5774.0,1.1609999999999998
5775.0,1.1179999999999999
5776.0,1.1609999999999998
5777.0,1.1179999999999999
5778.0,1.1179999999999999
5779.0,1.1179999999999999
5780.0,1.1179999999999999
5781.0,1.1609999999999998
5782.0,1.1609999999999998
5783.0,1.1609999999999998
5784.0,1.1609999999999998
5785.0,1.1179999999999999
5786.0,1.1609999999999998
5787.0,1.1609999999999998
5788.0,1.1609999999999998
5789.0,1.1609999999999998
5790.0,1.1609999999999998
5791.0,1.1609999999999998
5792.0,1.1179999999999999
5793.0,1.1179999999999999
5794.0,1.1179999999999999
5795.0,1.1179999999999999
5796.0,1.1179999999999999
5797.0,1.1179999999999999
5798.0,1.1179999999999999
5799.0,1.1609999999999998
5800.0,1.1179999999999999
5801.0,1.1179999999999999
5802.0,1.1179999999999999
5803.0,1.1179999999999999
5804.0,1.1179999999999999
5805.0,1.1179999999999999
5806.0,1.1609999999999998
5807.0,1.1179999999999999
5808.0,1.1609999999999998
5809.0,1.1609999999999998
5810.0,1.1609999999999998
5811.0,1.1179999999999999
5812.0,1.1609999999999998
5813.0,1.1179999999999999
5814.0,1.1609999999999998
5815.0,1.1179999999999999
5816.0,1.1609999999999998
5817.0,1.1179999999999999
5818.0,1.1179999999999999
5819.0,1.1179999999999999
5820.0,1.1179999999999999
5821.0,1.1179999999999999
5822.0,1.1179999999999999
5823.0,1.1179999999999999
5824.0,1.1609999999999998
5825.0,1.1609999999999998
5826.0,1.1609999999999998
5827.0,1.1179999999999999
5828.0,1.1609999999999998
5829.0,1.1179999999999999
5830.0,1.1179999999999999
5831.0,1.1609999999999998
5832.0,1.1179999999999999
5833.0,1.1179999999999999
5834.0,1.1179999999999999
5835.0,1.1179999999999999
5836.0,1.1179999999999999
5837.0,1.1179999999999999
5838.0,1.1179999999999999
5839.0,1.1179999999999999
5840.0,1.1179999999999999
5841.0,1.1179999999999999
5842.0,1.1179999999999999
5843.0,1.1179999999999999
5844.0,1.1179999999999999
5845.0,1.1179999999999999
5846.0,1.1179999999999999
5847.0,1.1179999999999999
5848.0,1.1609999999999998
5849.0,1.1179999999999999
5850.0,1.1609999999999998
5851.0,1.1179999999999999
5852.0,1.1609999999999998
5853.0,1.1179999999999999
5854.0,1.1609999999999998
5855.0,1.1609999999999998
5856.0,1.1179999999999999
5857.0,1.1179999999999999
5858.0,1.1179999999999999
5859.0,1.1179999999999999
5860.0,1.1609999999999998
5861.0,1.1179999999999999
5862.0,1.1179999999999999
5863.0,1.1179999999999999
5864.0,1.1609999999999998
5865.0,1.1179999999999999
5866.0,1.1609999999999998
5867.0,1.1609999999999998
5868.0,1.1179999999999999
5869.0,1.1179999999999999
5870.0,1.1179999999999999
5871.0,1.1179999999999999
5872.0,1.1179999999999999
5873.0,1.1179999999999999
5874.0,1.1609999999999998
5875.0,1.1179999999999999
5876.0,1.1179999999999999
5877.0,1.1179999999999999
5878.0,1.1179999999999999
5879.0,1.1179999999999999
5880.0,1.1609999999999998
5881.0,1.1179999999999999
5882.0,1.1179999999999999
5883.0,1.1609999999999998
5884.0,1.1179999999999999
5885.0,1.1179999999999999
5886.0,1.1179999999999999
5887.0,1.1179999999999999
5888.0,1.1609999999999998
5889.0,1.1609999999999998
5890.0,1.1609999999999998
5891.0,1.1609999999999998
5892.0,1.1179999999999999
5893.0,1.1179999999999999
5894.0,1.1609999999999998
5895.0,1.1609999999999998
5896.0,1.1609999999999998
5897.0,1.1179999999999999
5898.0,1.1609999999999998
5899.0,1.1179999999999999
5900.0,1.1609999999999998
5901.0,1.1179999999999999
5902.0,1.1179999999999999
5903.0,1.1179999999999999
5904.0,1.1179999999999999
5905.0,1.1609999999999998
5906.0,1.1609999999999998
5907.0,1.1609999999999998
5908.0,1.1609999999999998
5909.0,1.1609999999999998
5910.0,1.1609999999999998
5911.0,1.1179999999999999
5912.0,1.1609999999999998
5913.0,1.1179999999999999
5914.0,1.1179999999999999
5915.0,1.1609999999999998
5916.0,1.1609999999999998
5917.0,1.1609999999999998
5918.0,1.1179999999999999
5919.0,1.1179999999999999
5920.0,1.1179999999999999
5921.0,1.1179999999999999
5922.0,1.1609999999999998
5923.0,1.1609999999999998
5924.0,1.1609999999999998
5925.0,1.1609999999999998
5926.0,1.1609999999999998
5927.0,1.1179999999999999
5928.0,1.1609999999999998
5929.0,1.1609999999999998
5930.0,1.1609999999999998
5931.0,1.1609999999999998
5932.0,1.1609999999999998
5933.0,1.1609999999999998
5934.0,1.1179999999999999
5935.0,1.1179999999999999
5936.0,1.1609999999999998
5937.0,1.1179999999999999
5938.0,1.1179999999999999
5939.0,1.1179999999999999
5940.0,1.1609999999999998
5941.0,1.1179999999999999
5942.0,1.1179999999999999
5943.0,1.1179999999999999
5944.0,1.1179999999999999
5945.0,1.1179999999999999
5946.0,1.1179999999999999
5947.0,1.1179999999999999
5948.0,1.1609999999999998
5949.0,1.1609999999999998
5950.0,1.1609999999999998
5951.0,1.1179999999999999
5952.0,1.1179999999999999
5953.0,1.1179999999999999
5954.0,1.1179999999999999
5955.0,1.1609999999999998
5956.0,1.1179999999999999
5957.0,1.1179999999999999
5958.0,1.1609999999999998
5959.0,1.1609999999999998
5960.0,1.1609999999999998
5961.0,1.1179999999999999
5962.0,1.1179999999999999
5963.0,1.1179999999999999
5964.0,1.1609999999999998
5965.0,1.1179999999999999
5966.0,1.1609999999999998
5967.0,1.1179999999999999
5968.0,1.1609999999999998
5969.0,1.1609999999999998
5970.0,1.1179999999999999
5971.0,1.1609999999999998
5972.0,1.1609999999999998
5973.0,1.1609999999999998
5974.0,1.1609999999999998
5975.0,1.1609999999999998
5976.0,1.1179999999999999
5977.0,1.1179999999999999
5978.0,1.1179999999999999
5979.0,1.1179999999999999
5980.0,1.1179999999999999
5981.0,1.1179999999999999
5982.0,1.1179999999999999
5983.0,1.1179999999999999
5984.0,1.1179999999999999
5985.0,1.1179999999999999
5986.0,1.1609999999999998
5987.0,1.1179999999999999
5988.0,1.1179999999999999
5989.0,1.1609999999999998
5990.0,1.1609999999999998
5991.0,1.1609999999999998
5992.0,1.1609999999999998
5993.0,1.1179999999999999
5994.0,1.1609999999999998
5995.0,1.1179999999999999
5996.0,1.1609999999999998
5997.0,1.1179999999999999
5998.0,1.1609999999999998
5999.0,1.1179999999999999
6000.0,1.1609999999999998
6001.0,1.1609999999999998
6002.0,1.1609999999999998
6003.0,1.1179999999999999
6004.0,1.1179999999999999
6005.0,1.1609999999999998
6006.0,1.1609999999999998
6007.0,1.1609999999999998
6008.0,1.1609999999999998
6009.0,1.1179999999999999
6010.0,1.1609999999999998
6011.0,1.1179999999999999
6012.0,1.1609999999999998
6013.0,1.1179999999999999
6014.0,1.1179999999999999
6015.0,1.1179999999999999
6016.0,1.1609999999999998
6017.0,1.1179999999999999
6018.0,1.1609999999999998
6019.0,1.1179999999999999
6020.0,1.1179999999999999
6021.0,1.1179999999999999
6022.0,1.1609999999999998
6023.0,1.1179999999999999
6024.0,1.1609999999999998
6025.0,1.1179999999999999
6026.0,1.1609999999999998
6027.0,1.1179999999999999
6028.0,1.1179999999999999
6029.0,1.1179999999999999
6030.0,1.1609999999999998
6031.0,1.1609999999999998
6032.0,1.1179999999999999
6033.0,1.1609999999999998
6034.0,1.1609999999999998
6035.0,1.1609999999999998
6036.0,1.1609999999999998
6037.0,1.1179999999999999
6038.0,1.1609999999999998
6039.0,1.1179999999999999
6040.0,1.1609999999999998
6041.0,1.1179999999999999
6042.0,1.1179999999999999
6043.0,1.1179999999999999
6044.0,1.1609999999999998
6045.0,1.1179999999999999
6046.0,1.1609999999999998
6047.0,1.1179999999999999
6048.0,1.1609999999999998
6049.0,1.1609999999999998
6050.0,1.1609999999999998
6051.0,1.1609999999999998
6052.0,1.1179999999999999
6053.0,1.1179999999999999
6054.0,1.1609999999999998
6055.0,1.1179999999999999
6056.0,1.1179999999999999
6057.0,1.1179999999999999
6058.0,1.1609999999999998
6059.0,1.1179999999999999
6060.0,1.1179999999999999
6061.0,1.1179999999999999
6062.0,1.1179999999999999
6063.0,1.1179999999999999
6064.0,1.1179999999999999
6065.0,1.1179999999999999
6066.0,1.1179999999999999
6067.0,1.1609999999999998
6068.0,1.1179999999999999
6069.0,1.1179999999999999
6070.0,1.1179999999999999
6071.0,1.1179999999999999
6072.0,1.1609999999999998
6073.0,1.1609999999999998
6074.0,1.1609999999999998
6075.0,1.1179999999999999
6076.0,1.1609999999999998
6077.0,1.1179999999999999
6078.0,1.1609999999999998
6079.0,1.1179999999999999
6080.0,1.1179999999999999
6081.0,1.1179999999999999
6082.0,1.1609999999999998
6083.0,1.1179999999999999
6084.0,1.1609999999999998
6085.0,1.1609999999999998
6086.0,1.1609999999999998
6087.0,1.1179999999999999
6088.0,1.1609999999999998
6089.0,1.1609999999999998
6090.0,1.1609999999999998
6091.0,1.1179999999999999
6092.0,1.1179999999999999
6093.0,1.1179999999999999
6094.0,1.1179999999999999
6095.0,1.1179999999999999
6096.0,1.1179999999999999
6097.0,1.1179999999999999
6098.0,1.1179999999999999
6099.0,1.1179999999999999
6100.0,1.1609999999999998
6101.0,1.1179999999999999
6102.0,1.1179999999999999
6103.0,1.1179999999999999
6104.0,1.1179999999999999
6105.0,1.1609999999999998
6106.0,1.1179999999999999
6107.0,1.1609999999999998
6108.0,1.1179999999999999
6109.0,1.1179999999999999
6110.0,1.1609999999999998
6111.0,1.1609999999999998
6112.0,1.1179999999999999
6113.0,1.1179999999999999
6114.0,1.1609999999999998
6115.0,1.1179999999999999
6116.0,1.1609999999999998
6117.0,1.1179999999999999
6118.0,1.1609999999999998
6119.0,1.1179999999999999
6120.0,1.1609999999999998
6121.0,1.1179999999999999
6122.0,1.1609999999999998
6123.0,1.1609999999999998
6124.0,1.1609999999999998
6125.0,1.1609999999999998
6126.0,1.1609999999999998
6127.0,1.1179999999999999
6128.0,1.1609999999999998
6129.0,1.1609999999999998
6130.0,1.1609999999999998
6131.0,1.1609999999999998
6132.0,1.1609999999999998
6133.0,1.1609999999999998
6134.0,1.1609999999999998
6135.0,1.1179999999999999
6136.0,1.1179999999999999
6137.0,1.1179999999999999
6138.0,1.1609999999999998
6139.0,1.1179999999999999
6140.0,1.1179999999999999
6141.0,1.1609999999999998
6142.0,1.1609999999999998
6143.0,1.1609999999999998
6144.0,1.1609999999999998
6145.0,1.1179999999999999
6146.0,1.1609999999999998
6147.0,1.1609999999999998
6148.0,1.1609999999999998
6149.0,1.1609999999999998
6150.0,1.1609999999999998
6151.0,1.1609999999999998
6152.0,1.1609999999999998
6153.0,1.1609999999999998
6154.0,1.1179999999999999
6155.0,1.1609999999999998
6156.0,1.1179999999999999
6157.0,1.1609999999999998
6158.0,1.1609999999999998
6159.0,1.1609999999999998
6160.0,1.1609999999999998
6161.0,1.1609999999999998
6162.0,1.1179999999999999
6163.0,1.1179999999999999
6164.0,1.1179999999999999
6165.0,1.1179999999999999
6166.0,1.1609999999999998
6167.0,1.1609999999999998
6168.0,1.1179999999999999
6169.0,1.1179999999999999
6170.0,1.1179999999999999
6171.0,1.1179999999999999
6172.0,1.1179999999999999
6173.0,1.1609999999999998
6174.0,1.1609999999999998
6175.0,1.1179999999999999
6176.0,1.1179999999999999
6177.0,1.1609999999999998
6178.0,1.1179999999999999
6179.0,1.1609999999999998
6180.0,1.1609999999999998
6181.0,1.1179999999999999
6182.0,1.1609999999999998
6183.0,1.1609999999999998
6184.0,1.1609999999999998
6185.0,1.1179999999999999
6186.0,1.1609999999999998
6187.0,1.1179999999999999
6188.0,1.1179999999999999
6189.0,1.1179999999999999
6190.0,1.1179999999999999
6191.0,1.1179999999999999
6192.0,1.1179999999999999
6193.0,1.1179999999999999
6194.0,1.1179999999999999
6195.0,1.1179999999999999
6196.0,1.1609999999999998
6197.0,1.1179999999999999
6198.0,1.1609999999999998
6199.0,1.1609999999999998
6200.0,1.1179999999999999
6201.0,1.1179999999999999
6202.0,1.1179999999999999
6203.0,1.1179999999999999
6204.0,1.1179999999999999
6205.0,1.1179999999999999
6206.0,1.1179999999999999
6207.0,1.1179999999999999
6208.0,1.1179999999999999
6209.0,1.1179999999999999
6210.0,1.1179999999999999
6211.0,1.1179999999999999
6212.0,1.1179999999999999
6213.0,1.1179999999999999
6214.0,1.1179999999999999
6215.0,1.1179999999999999
6216.0,1.1609999999999998
6217.0,1.1179999999999999
6218.0,1.1609999999999998
6219.0,1.1179999999999999
6220.0,1.1609999999999998
6221.0,1.1179999999999999
6222.0,1.1179999999999999
6223.0,1.1179999999999999
6224.0,1.1609999999999998
6225.0,1.1179999999999999
6226.0,1.1179999999999999
6227.0,1.1179999999999999
6228.0,1.1179999999999999
6229.0,1.1179999999999999
6230.0,1.1179999999999999
6231.0,1.1179999999999999
6232.0,1.1609999999999998
6233.0,1.1609999999999998
6234.0,1.1609999999999998
6235.0,1.1179999999999999
6236.0,1.1609999999999998
6237.0,1.1179999999999999
6238.0,1.1609999999999998
6239.0,1.1609999999999998
6240.0,1.1609999999999998
6241.0,1.1179999999999999
6242.0,1.1179999999999999
6243.0,1.1179999999999999
6244.0,1.1179999999999999
6245.0,1.1179999999999999
6246.0,1.1179999999999999
6247.0,1.1179999999999999
6248.0,1.1179999999999999
6249.0,1.1179999999999999
6250.0,1.1179999999999999
6251.0,1.1179999999999999
6252.0,1.1179999999999999
6253.0,1.1179999999999999
6254.0,1.1609999999999998
6255.0,1.1179999999999999
6256.0,1.1609999999999998
6257.0,1.1179999999999999
6258.0,1.1609999999999998
6259.0,1.1609999999999998
6260.0,1.1609999999999998
6261.0,1.1179999999999999
6262.0,1.1179999999999999
6263.0,1.1179999999999999
6264.0,1.1179999999999999
6265.0,1.1179999999999999
6266.0,1.1609999999999998
6267.0,1.1609999999999998
6268.0,1.1609999999999998
6269.0,1.1609999999999998
6270.0,1.1179999999999999
6271.0,1.1179999999999999
6272.0,1.1609999999999998
6273.0,1.1179999999999999
6274.0,1.1609999999999998
6275.0,1.1609999999999998
6276.0,1.1179999999999999
6277.0,1.1179999999999999
6278.0,1.1179999999999999
6279.0,1.1179999999999999
6280.0,1.1609999999999998
6281.0,1.1179999999999999
6282.0,1.1179999999999999
6283.0,1.1179999999999999
6284.0,1.1179999999999999
6285.0,1.1179999999999999
6286.0,1.1179999999999999
6287.0,1.1609999999999998
6288.0,1.1179999999999999
6289.0,1.1179999999999999
6290.0,1.1179999999999999
6291.0,1.1179999999999999
6292.0,1.1179999999999999
6293.0,1.1179999999999999
6294.0,1.1179999999999999
6295.0,1.1179999999999999
6296.0,1.1609999999999998
6297.0,1.1609999999999998
6298.0,1.1609999999999998
6299.0,1.1179999999999999
6300.0,1.1179999999999999
6301.0,1.1179999999999999
6302.0,1.1609999999999998
6303.0,1.1179999999999999
6304.0,1.1179999999999999
6305.0,1.1609999999999998
6306.0,1.1609999999999998
6307.0,1.1179999999999999
6308.0,1.1609999999999998
6309.0,1.1179999999999999
6310.0,1.1609999999999998
6311.0,1.1179999999999999
6312.0,1.1609999999999998
6313.0,1.1609999999999998
6314.0,1.1179999999999999
6315.0,1.1179999999999999
6316.0,1.1609999999999998
6317.0,1.1609999999999998
6318.0,1.1179999999999999
6319.0,1.1609999999999998
6320.0,1.1609999999999998
6321.0,1.1179999999999999
6322.0,1.1179999999999999
6323.0,1.1179999999999999
6324.0,1.1609999999999998
6325.0,1.1609999999999998
6326.0,1.1609999999999998
6327.0,1.1609999999999998
6328.0,1.1609999999999998
6329.0,1.1179999999999999
6330.0,1.1179999999999999
6331.0,1.1609999999999998
6332.0,1.1609999999999998
6333.0,1.1609999999999998
6334.0,1.1609999999999998
6335.0,1.1609999999999998
6336.0,1.1609999999999998
6337.0,1.1179999999999999
6338.0,1.1179999999999999
6339.0,1.1179999999999999
6340.0,1.1609999999999998
6341.0,1.1179999999999999
6342.0,1.1609999999999998
6343.0,1.1609999999999998
6344.0,1.1609999999999998
6345.0,1.1609999999999998
6346.0,1.1609999999999998
6347.0,1.1609999999999998
6348.0,1.1609999999999998
6349.0,1.1179999999999999
6350.0,1.1609999999999998
6351.0,1.1179999999999999
6352.0,1.1179999999999999
6353.0,1.1179999999999999
6354.0,1.1179999999999999
6355.0,1.1179999999999999
6356.0,1.1179999999999999
6357.0,1.1609999999999998
6358.0,1.1179999999999999
6359.0,1.1609999999999998
6360.0,1.1179999999999999
6361.0,1.1179999999999999
6362.0,1.1609999999999998
6363.0,1.1609999999999998
6364.0,1.1609999999999998
6365.0,1.1609999999999998
6366.0,1.1609999999999998
6367.0,1.1609999999999998
6368.0,1.1609999999999998
6369.0,1.1179999999999999
6370.0,1.1609999999999998
6371.0,1.1179999999999999
6372.0,1.1609999999999998
6373.0,1.1179999999999999
6374.0,1.1179999999999999
6375.0,1.1179999999999999
6376.0,1.1179999999999999
6377.0,1.1179999999999999
6378.0,1.1179999999999999
6379.0,1.1179999999999999
6380.0,1.1609999999999998
6381.0,1.1179999999999999
6382.0,1.1609999999999998
6383.0,1.1179999999999999
6384.0,1.1609999999999998
6385.0,1.1609999999999998
6386.0,1.1609999999999998
6387.0,1.1179999999999999
6388.0,1.1609999999999998
6389.0,1.1179999999999999
6390.0,1.1179999999999999
6391.0,1.1179999999999999
6392.0,1.1179999999999999
6393.0,1.1179999999999999
6394.0,1.1609999999999998
6395.0,1.1179999999999999
6396.0,1.1609999999999998
6397.0,1.1179999999999999
6398.0,1.1609999999999998
6399.0,1.1179999999999999
6400.0,1.1609999999999998
6401.0,1.1609999999999998
6402.0,1.1179999999999999
6403.0,1.1179999999999999
6404.0,1.1179999999999999
6405.0,1.1179999999999999
6406.0,1.1609999999999998
6407.0,1.1179999999999999
6408.0,1.1609999999999998
6409.0,1.1609999999999998
6410.0,1.1609999999999998
6411.0,1.1179999999999999
6412.0,1.1179999999999999
6413.0,1.1179999999999999
6414.0,1.1179999999999999
6415.0,1.1609999999999998
6416.0,1.1609999999999998
6417.0,1.1609999999999998
6418.0,1.1179999999999999
6419.0,1.1609999999999998
6420.0,1.1609999999999998
6421.0,1.1609999999999998
6422.0,1.1609999999999998
6423.0,1.1179999999999999
6424.0,1.1609999999999998
6425.0,1.1609999999999998
6426.0,1.1179999999999999
6427.0,1.1179999999999999
6428.0,1.1179999999999999
6429.0,1.1609999999999998
6430.0,1.1179999999999999
6431.0,1.1179999999999999
6432.0,1.1609999999999998
6433.0,1.1609999999999998
6434.0,1.1609999999999998
6435.0,1.1179999999999999
6436.0,1.1179999999999999
6437.0,1.1179999999999999
6438.0,1.1179999999999999
6439.0,1.1179999999999999
6440.0,1.1609999999999998
6441.0,1.1609999999999998
6442.0,1.1609999999999998
6443.0,1.1179999999999999
6444.0,1.1179999999999999
6445.0,1.1179999999999999
6446.0,1.1609999999999998
6447.0,1.1179999999999999
6448.0,1.1609999999999998
6449.0,1.1179999999999999
6450.0,1.1609999999999998
6451.0,1.1179999999999999
6452.0,1.1609999999999998
6453.0,1.1179999999999999
6454.0,1.1609999999999998
6455.0,1.1179999999999999
6456.0,1.1609999999999998
6457.0,1.1609999999999998
6458.0,1.1609999999999998
6459.0,1.1179999999999999
6460.0,1.1179999999999999
6461.0,1.1179999999999999
6462.0,1.1179999999999999
6463.0,1.1179999999999999
6464.0,1.1179999999999999
6465.0,1.1179999999999999
6466.0,1.1179999999999999
6467.0,1.1179999999999999
6468.0,1.1179999999999999
6469.0,1.1179999999999999
6470.0,1.1179999999999999
6471.0,1.1179999999999999
6472.0,1.1179999999999999
6473.0,1.1179999999999999
6474.0,1.1609999999999998
6475.0,1.1179999999999999
6476.0,1.1609999999999998
6477.0,1.1609999999999998
6478.0,1.1179999999999999
6479.0,1.1609999999999998
6480.0,1.1609999999999998
6481.0,1.1179999999999999
6482.0,1.1609999999999998
6483.0,1.1179999999999999
6484.0,1.1179999999999999
6485.0,1.1179999999999999
6486.0,1.1179999999999999
6487.0,1.1179999999999999
6488.0,1.1179999999999999
6489.0,1.1179999999999999
6490.0,1.1179999999999999
6491.0,1.1179999999999999
6492.0,1.1609999999999998
6493.0,1.1179999999999999
6494.0,1.1609999999999998
6495.0,1.075
6496.0,1.1609999999999998
6497.0,1.1609999999999998
6498.0,1.1609999999999998
6499.0,1.1609999999999998
6500.0,1.1609999999999998
6501.0,1.1179999999999999
6502.0,1.1179999999999999
6503.0,1.1179999999999999
6504.0,1.1179999999999999
6505.0,1.1179999999999999
6506.0,1.1179999999999999
6507.0,1.1609999999999998
6508.0,1.1179999999999999
6509.0,1.1179999999999999
6510.0,1.1179999999999999
6511.0,1.1179999999999999
6512.0,1.1609999999999998
6513.0,1.1179999999999999
6514.0,1.1179999999999999
6515.0,1.1609999999999998
6516.0,1.1609999999999998
6517.0,1.1179999999999999
6518.0,1.1609999999999998
6519.0,1.1179999999999999
6520.0,1.1609999999999998
6521.0,1.1179999999999999
6522.0,1.1609999999999998
6523.0,1.1179999999999999
6524.0,1.1609999999999998
6525.0,1.1179999999999999
6526.0,1.1179999999999999
6527.0,1.1179999999999999
6528.0,1.1609999999999998
6529.0,1.1179999999999999
6530.0,1.1179999999999999
6531.0,1.1179999999999999
6532.0,1.1609999999999998
6533.0,1.1179999999999999
6534.0,1.1609999999999998
6535.0,1.1179999999999999
6536.0,1.1609999999999998
6537.0,1.1179999999999999
6538.0,1.1609999999999998
6539.0,1.1609999999999998
6540.0,1.1179999999999999
6541.0,1.1179999999999999
6542.0,1.1179999999999999
6543.0,1.1179999999999999
6544.0,1.1609999999999998
6545.0,1.1179999999999999
6546.0,1.1179999999999999
6547.0,1.1179999999999999
6548.0,1.1179999999999999
6549.0,1.1179999999999999
6550.0,1.1179999999999999
6551.0,1.1609999999999998
6552.0,1.1609999999999998
6553.0,1.1179999999999999
6554.0,1.1609999999999998
6555.0,1.1179999999999999
6556.0,1.1179999999999999
6557.0,1.1609999999999998
6558.0,1.1179999999999999
6559.0,1.1609999999999998
6560.0,1.1609999999999998
6561.0,1.1609999999999998
6562.0,1.1179999999999999
6563.0,1.1179999999999999
6564.0,1.1609999999999998
6565.0,1.1179999999999999
6566.0,1.1609999999999998
6567.0,1.1609999999999998
6568.0,1.1179999999999999
6569.0,1.1609999999999998
6570.0,1.1179999999999999
6571.0,1.1609999999999998
6572.0,1.1609999999999998
6573.0,1.1179999999999999
6574.0,1.1609999999999998
6575.0,1.1609999999999998
6576.0,1.1609999999999998
6577.0,1.1179999999999999
6578.0,1.1179999999999999
6579.0,1.1179999999999999
6580.0,1.1179999999999999
6581.0,1.1179999999999999
6582.0,1.1609999999999998
6583.0,1.1609999999999998
6584.0,1.1179999999999999
6585.0,1.1179999999999999
6586.0,1.1609999999999998
6587.0,1.1179999999999999
6588.0,1.1609999999999998
6589.0,1.1179999999999999
6590.0,1.1609999999999998
6591.0,1.1179999999999999
6592.0,1.1609999999999998
6593.0,1.1179999999999999
6594.0,1.1609999999999998
6595.0,1.1179999999999999
6596.0,1.1609999999999998
6597.0,1.1179999999999999
6598.0,1.1609999999999998
6599.0,1.1179999999999999
6600.0,1.1609999999999998
6601.0,1.1179999999999999
6602.0,1.1179999999999999
6603.0,1.1179999999999999
6604.0,1.1179999999999999
6605.0,1.1179999999999999
6606.0,1.1179999999999999
6607.0,1.1179999999999999
6608.0,1.1609999999999998
6609.0,1.1179999999999999
6610.0,1.1179999999999999
6611.0,1.1179999999999999
6612.0,1.1179999999999999
6613.0,1.1179999999999999
6614.0,1.1179999999999999
6615.0,1.1179999999999999
6616.0,1.1179999999999999
6617.0,1.1179999999999999
6618.0,1.1179999999999999
6619.0,1.1179999999999999
6620.0,1.1609999999999998
6621.0,1.1179999999999999
6622.0,1.1609999999999998
6623.0,1.1179999999999999
6624.0,1.1609999999999998
6625.0,1.1179999999999999
6626.0,1.1179999999999999
6627.0,1.1179999999999999
6628.0,1.1179999999999999
6629.0,1.1179999999999999
6630.0,1.1609999999999998
6631.0,1.1179999999999999
6632.0,1.1609999999999998
6633.0,1.1179999999999999
6634.0,1.1179999999999999
6635.0,1.1179999999999999
6636.0,1.1179999999999999
6637.0,1.1179999999999999
6638.0,1.1609999999999998
6639.0,1.1609999999999998
6640.0,1.1609999999999998
6641.0,1.1609999999999998
6642.0,1.1609999999999998
6643.0,1.1179999999999999
6644.0,1.1179999999999999
6645.0,1.1179999999999999
6646.0,1.1179999999999999
6647.0,1.1179999999999999
6648.0,1.1609999999999998
6649.0,1.1179999999999999
6650.0,1.1179999999999999
6651.0,1.1179999999999999
6652.0,1.1179999999999999
6653.0,1.1179999999999999
6654.0,1.1179999999999999
6655.0,1.1179999999999999
6656.0,1.1179999999999999
6657.0,1.1179999999999999
6658.0,1.1179999999999999
6659.0,1.1179999999999999
6660.0,1.1609999999999998
6661.0,1.1179999999999999
6662.0,1.1179999999999999
6663.0,1.1609999999999998
6664.0,1.1609999999999998
6665.0,1.1179999999999999
6666.0,1.1179999999999999
6667.0,1.1179999999999999
6668.0,1.1179999999999999
6669.0,1.1179999999999999
6670.0,1.1179999999999999
6671.0,1.1179999999999999
6672.0,1.1179999999999999
6673.0,1.1179999999999999
6674.0,1.1179999999999999
6675.0,1.1179999999999999
6676.0,1.1179999999999999
6677.0,1.1179999999999999
6678.0,1.1179999999999999
6679.0,1.1179999999999999
6680.0,1.1609999999999998
6681.0,1.1179999999999999
6682.0,1.1609999999999998
6683.0,1.1609999999999998
6684.0,1.1609999999999998
6685.0,1.1179999999999999
6686.0,1.1179999999999999
6687.0,1.1179999999999999
6688.0,1.1179999999999999
6689.0,1.1179999999999999
6690.0,1.1179999999999999
6691.0,1.1179999999999999
6692.0,1.1179999999999999
6693.0,1.1179999999999999
6694.0,1.1179999999999999
6695.0,1.1179999999999999
6696.0,1.1179999999999999
6697.0,1.1179999999999999
6698.0,1.1179999999999999
6699.0,1.1609999999999998
6700.0,1.1179999999999999
6701.0,1.1179999999999999
6702.0,1.1179999999999999
6703.0,1.1179999999999999
6704.0,1.1609999999999998
6705.0,1.1179999999999999
6706.0,1.1179999999999999
6707.0,1.1179999999999999
6708.0,1.1179999999999999
6709.0,1.1179999999999999
6710.0,1.1179999999999999
6711.0,1.1179999999999999
6712.0,1.1179999999999999
6713.0,1.1179999999999999
6714.0,1.1179999999999999
6715.0,1.1179999999999999
6716.0,1.1609999999999998
6717.0,1.1179999999999999
6718.0,1.1609999999999998
6719.0,1.1179999999999999
6720.0,1.1609999999999998
6721.0,1.1179999999999999
6722.0,1.1609999999999998
6723.0,1.1609999999999998
6724.0,1.1609999999999998
6725.0,1.1179999999999999
6726.0,1.1179999999999999
6727.0,1.1179999999999999
6728.0,1.1179999999999999
6729.0,1.1179999999999999
6730.0,1.1179999999999999
6731.0,1.1179999999999999
6732.0,1.1609999999999998
6733.0,1.1179999999999999
6734.0,1.1179999999999999
6735.0,1.1179999999999999
6736.0,1.1179999999999999
6737.0,1.1179999999999999
6738.0,1.1179999999999999
6739.0,1.1179999999999999
6740.0,1.1179999999999999
6741.0,1.1609999999999998
6742.0,1.1179999999999999
6743.0,1.1179999999999999
6744.0,1.1179999999999999
6745.0,1.1179999999999999
6746.0,1.1179999999999999
6747.0,1.1609999999999998
6748.0,1.1609999999999998
6749.0,1.1179999999999999
6750.0,1.1609999999999998
6751.0,1.1179999999999999
6752.0,1.1609999999999998
6753.0,1.1179999999999999
6754.0,1.1609999999999998
6755.0,1.1179999999999999
6756.0,1.1609999999999998
6757.0,1.1179999999999999
6758.0,1.1609999999999998
6759.0,1.1609999999999998
6760.0,1.1609999999999998
6761.0,1.1179999999999999
6762.0,1.1179999999999999
6763.0,1.1609999999999998
6764.0,1.1179999999999999
6765.0,1.1179999999999999
6766.0,1.1179999999999999
6767.0,1.1179999999999999
6768.0,1.1609999999999998
6769.0,1.1179999999999999
6770.0,1.1179999999999999
6771.0,1.1179999999999999
6772.0,1.1609999999999998
6773.0,1.1179999999999999
6774.0,1.1179999999999999
6775.0,1.1179999999999999
6776.0,1.1609999999999998
6777.0,1.1609999999999998
6778.0,1.1179999999999999
6779.0,1.1609999999999998
6780.0,1.1179999999999999
6781.0,1.1179999999999999
6782.0,1.1609999999999998
6783.0,1.1609999999999998
6784.0,1.1609999999999998
6785.0,1.1179999999999999
6786.0,1.1609999999999998
6787.0,1.1179999999999999
6788.0,1.1179999999999999
6789.0,1.1179999999999999
6790.0,1.1609999999999998
6791.0,1.1179999999999999
6792.0,1.1609999999999998
6793.0,1.1609999999999998
6794.0,1.1179999999999999
6795.0,1.1179999999999999
6796.0,1.1179999999999999
6797.0,1.1179999999999999
6798.0,1.1609999999999998
6799.0,1.1179999999999999
6800.0,1.1179999999999999
6801.0,1.1179999999999999
6802.0,1.1179999999999999
6803.0,1.1179999999999999
6804.0,1.1609999999999998
6805.0,1.1179999999999999
6806.0,1.1609999999999998
6807.0,1.1609999999999998
6808.0,1.1179999999999999
6809.0,1.1609999999999998
6810.0,1.1609999999999998
6811.0,1.1609999999999998
6812.0,1.1609999999999998
6813.0,1.1609999999999998
6814.0,1.1609999999999998
6815.0,1.1179999999999999
6816.0,1.1179999999999999
6817.0,1.1179999999999999
6818.0,1.1609999999999998
6819.0,1.1179999999999999
6820.0,1.1609999999999998
6821.0,1.1179999999999999
6822.0,1.1609999999999998
6823.0,1.1609999999999998
6824.0,1.1609999999999998
6825.0,1.1179999999999999
6826.0,1.1609999999999998
6827.0,1.1179999999999999
6828.0,1.1179999999999999
6829.0,1.1179999999999999
6830.0,1.1609999999999998
6831.0,1.1179999999999999
6832.0,1.1179999999999999
6833.0,1.1179999999999999
6834.0,1.1609999999999998
6835.0,1.1179999999999999
6836.0,1.1179999999999999
6837.0,1.1179999999999999
6838.0,1.1179999999999999
6839.0,1.1609999999999998
6840.0,1.1609999999999998
6841.0,1.1179999999999999
6842.0,1.1609999999999998
6843.0,1.1179999999999999
6844.0,1.1179999999999999
6845.0,1.1179999999999999
6846.0,1.1609999999999998
6847.0,1.1609999999999998
6848.0,1.1609999999999998
6849.0,1.1609999999999998
6850.0,1.1609999999999998
6851.0,1.1609999999999998
6852.0,1.1179999999999999
6853.0,1.1179999999999999
6854.0,1.1179999999999999
6855.0,1.1179999999999999
6856.0,1.1179999999999999
6857.0,1.1609999999999998
6858.0,1.1609999999999998
6859.0,1.1179999999999999
6860.0,1.1609999999999998
6861.0,1.1179999999999999
6862.0,1.1179999999999999
6863.0,1.1179999999999999
6864.0,1.1609999999999998
6865.0,1.1179999999999999
6866.0,1.1179999999999999
6867.0,1.1609999999999998
6868.0,1.1179999999999999
6869.0,1.1179999999999999
6870.0,1.1179999999999999
6871.0,1.1179999999999999
6872.0,1.1609999999999998
6873.0,1.1179999999999999
6874.0,1.1179999999999999
6875.0,1.1179999999999999
6876.0,1.1609999999999998
6877.0,1.1179999999999999
6878.0,1.1179999999999999
6879.0,1.1179999999999999
6880.0,1.1179999999999999
6881.0,1.1179999999999999
6882.0,1.1179999999999999
6883.0,1.1179999999999999
6884.0,1.1609999999999998
6885.0,1.1609999999999998
6886.0,1.1609999999999998
6887.0,1.1179999999999999
6888.0,1.1609999999999998
6889.0,1.1179999999999999
6890.0,1.1609999999999998
6891.0,1.1609999999999998
6892.0,1.1609999999999998
6893.0,1.1179999999999999
6894.0,1.1609999999999998
6895.0,1.1179999999999999
6896.0,1.1179999999999999
6897.0,1.1179999999999999
6898.0,1.1609999999999998
6899.0,1.1179999999999999
6900.0,1.1609999999999998
6901.0,1.1179999999999999
6902.0,1.1179999999999999
6903.0,1.1609999999999998
6904.0,1.1179999999999999
6905.0,1.1179999999999999
6906.0,1.1179999999999999
6907.0,1.1179999999999999
6908.0,1.1609999999999998
6909.0,1.1179999999999999
6910.0,1.1179999999999999
6911.0,1.1179999999999999
6912.0,1.1179999999999999
6913.0,1.1179999999999999
6914.0,1.1179999999999999
6915.0,1.1179999999999999
6916.0,1.1609999999999998
6917.0,1.1179999999999999
6918.0,1.1179999999999999
6919.0,1.1179999999999999
6920.0,1.1609999999999998
6921.0,1.1179999999999999
6922.0,1.1609999999999998
6923.0,1.1179999999999999
6924.0,1.1609999999999998
6925.0,1.1179999999999999
6926.0,1.1179999999999999
6927.0,1.1609999999999998
6928.0,1.1179999999999999
6929.0,1.1179999999999999
6930.0,1.1179999999999999
6931.0,1.1179999999999999
6932.0,1.1179999999999999
6933.0,1.1179999999999999
6934.0,1.1179999999999999
6935.0,1.1179999999999999
6936.0,1.1179999999999999
6937.0,1.1179999999999999
6938.0,1.1609999999999998
6939.0,1.1179999999999999
6940.0,1.1609999999999998
6941.0,1.1609999999999998
6942.0,1.1609999999999998
6943.0,1.1609999999999998
6944.0,1.1179999999999999
6945.0,1.1179999999999999
6946.0,1.1179999999999999
6947.0,1.1179999999999999
6948.0,1.1609999999999998
6949.0,1.1179999999999999
6950.0,1.1179999999999999
6951.0,1.1179999999999999
6952.0,1.1179999999999999
6953.0,1.1179999999999999
6954.0,1.1179999999999999
6955.0,1.1179999999999999
6956.0,1.1179999999999999
6957.0,1.1179999999999999
6958.0,1.1179999999999999
6959.0,1.1179999999999999
6960.0,1.1179999999999999
6961.0,1.1179999999999999
6962.0,1.1179999999999999
6963.0,1.1179999999999999
6964.0,1.1609999999999998
6965.0,1.1179999999999999
6966.0,1.1179999999999999
6967.0,1.1179999999999999
6968.0,1.1609999999999998
6969.0,1.1179999999999999
6970.0,1.1179999999999999
6971.0,1.1179999999999999
6972.0,1.1179999999999999
6973.0,1.1179999999999999
6974.0,1.1179999999999999
6975.0,1.1179999999999999
6976.0,1.1179999999999999
6977.0,1.1179999999999999
6978.0,1.1179999999999999
6979.0,1.1179999999999999
6980.0,1.1179999999999999
6981.0,1.1179999999999999
6982.0,1.1609999999999998
6983.0,1.1179999999999999
6984.0,1.1609999999999998
6985.0,1.1179999999999999
6986.0,1.1609999999999998
6987.0,1.1179999999999999
6988.0,1.1609999999999998
6989.0,1.1179999999999999
6990.0,1.1609999999999998
6991.0,1.1179999999999999
6992.0,1.1609999999999998
6993.0,1.1179999999999999
6994.0,1.1179999999999999
6995.0,1.1179999999999999
6996.0,1.1179999999999999
6997.0,1.1179999999999999
6998.0,1.1179999999999999
6999.0,1.1179999999999999
7000.0,1.1609999999999998
7001.0,1.1179999999999999
7002.0,1.1179999999999999
7003.0,1.1179999999999999
7004.0,1.1179999999999999
7005.0,1.1179999999999999
7006.0,1.1179999999999999
7007.0,1.1179999999999999
7008.0,1.1179999999999999
7009.0,1.1609999999999998
7010.0,1.1179999999999999
7011.0,1.1179999999999999
7012.0,1.1179999999999999
7013.0,1.1179999999999999
7014.0,1.1179999999999999
7015.0,1.1179999999999999
7016.0,1.1179999999999999
7017.0,1.1609999999999998
7018.0,1.1179999999999999
7019.0,1.1179999999999999
7020.0,1.1179999999999999
7021.0,1.1179999999999999
7022.0,1.1179999999999999
7023.0,1.1179999999999999
7024.0,1.1609999999999998
7025.0,1.1179999999999999
7026.0,1.1179999999999999
7027.0,1.1179999999999999
7028.0,1.1179999999999999
7029.0,1.1179999999999999
7030.0,1.1609999999999998
7031.0,1.1179999999999999
7032.0,1.1179999999999999
7033.0,1.1179999999999999
7034.0,1.1609999999999998
7035.0,1.1179999999999999
7036.0,1.1179999999999999
7037.0,1.1179999999999999
7038.0,1.1179999999999999
7039.0,1.1179999999999999
7040.0,1.1179999999999999
7041.0,1.1179999999999999
7042.0,1.1179999999999999
7043.0,1.1179999999999999
7044.0,1.1179999999999999
7045.0,1.1179999999999999
7046.0,1.1179999999999999
7047.0,1.1179999999999999
7048.0,1.1179999999999999
7049.0,1.1179999999999999
7050.0,1.1179999999999999
7051.0,1.1179999999999999
7052.0,1.1179999999999999
7053.0,1.1179999999999999
7054.0,1.1179999999999999
7055.0,1.1179999999999999
7056.0,1.1179999999999999
7057.0,1.1179999999999999
7058.0,1.1179999999999999
7059.0,1.1179999999999999
7060.0,1.1179999999999999
7061.0,1.1179999999999999
7062.0,1.1179999999999999
7063.0,1.1179999999999999
7064.0,1.1179999999999999
7065.0,1.1179999999999999
7066.0,1.1179999999999999
7067.0,1.1609999999999998
7068.0,1.1609999999999998
7069.0,1.1179999999999999
7070.0,1.1179999999999999
7071.0,1.1179999999999999
7072.0,1.1609999999999998
7073.0,1.1179999999999999
7074.0,1.1179999999999999
7075.0,1.1179999999999999
7076.0,1.1179999999999999
7077.0,1.1179999999999999
7078.0,1.1179999999999999
7079.0,1.1179999999999999
7080.0,1.1179999999999999
7081.0,1.1179999999999999
7082.0,1.1179999999999999
7083.0,1.1179999999999999
7084.0,1.1609999999999998
7085.0,1.1179999999999999
7086.0,1.1179999999999999
7087.0,1.1179999999999999
7088.0,1.1179999999999999
7089.0,1.1179999999999999
7090.0,1.1179999999999999
7091.0,1.1179999999999999
7092.0,1.1179999999999999
7093.0,1.1179999999999999
7094.0,1.1179999999999999
7095.0,1.1179999999999999
7096.0,1.1179999999999999
7097.0,1.1179999999999999
7098.0,1.1179999999999999
7099.0,1.1179999999999999
7100.0,1.1179999999999999
7101.0,1.1609999999999998
7102.0,1.1179999999999999
7103.0,1.1179999999999999
7104.0,1.1179999999999999
7105.0,1.1179999999999999
7106.0,1.1609999999999998
7107.0,1.1179999999999999
7108.0,1.1179999999999999
7109.0,1.1179999999999999
7110.0,1.1179999999999999
7111.0,1.1179999999999999
7112.0,1.1179999999999999
7113.0,1.1179999999999999
7114.0,1.1179999999999999
7115.0,1.1179999999999999
7116.0,1.1179999999999999
7117.0,1.1179999999999999
7118.0,1.1179999999999999
7119.0,1.1179999999999999
7120.0,1.1179999999999999
7121.0,1.1179999999999999
7122.0,1.1179999999999999
7123.0,1.1179999999999999
7124.0,1.1609999999999998
7125.0,1.1179999999999999
7126.0,1.1609999999999998
7127.0,1.1179999999999999
7128.0,1.1179999999999999
7129.0,1.1179999999999999
7130.0,1.1179999999999999
7131.0,1.1179999999999999
7132.0,1.1179999999999999
7133.0,1.1179999999999999
7134.0,1.1179999999999999
7135.0,1.1179999999999999
7136.0,1.1179999999999999
7137.0,1.1179999999999999
7138.0,1.1179999999999999
7139.0,1.1179999999999999
7140.0,1.1179999999999999
7141.0,1.1179999999999999
7142.0,1.1179999999999999
7143.0,1.1179999999999999
7144.0,1.1179999999999999
7145.0,1.1179999999999999
7146.0,1.1179999999999999
7147.0,1.1609999999999998
7148.0,1.1179999999999999
7149.0,1.1179999999999999
7150.0,1.1179999999999999
7151.0,1.1179999999999999
7152.0,1.1179999999999999
7153.0,1.1179999999999999
7154.0,1.1179999999999999
7155.0,1.1179999999999999
7156.0,1.1609999999999998
7157.0,1.1179999999999999
7158.0,1.1179999999999999
7159.0,1.1179999999999999
7160.0,1.1609999999999998
7161.0,1.075
7162.0,1.1179999999999999
7163.0,1.1179999999999999
7164.0,1.1609999999999998
7165.0,1.1609999999999998
7166.0,1.1179999999999999
7167.0,1.1179999999999999
7168.0,1.1179999999999999
7169.0,1.1179999999999999
7170.0,1.1179999999999999
7171.0,1.1179999999999999
7172.0,1.1179999999999999
7173.0,1.1179999999999999
7174.0,1.1179999999999999
7175.0,1.1179999999999999
7176.0,1.1179999999999999
7177.0,1.1179999999999999
7178.0,1.1179999999999999
7179.0,1.1179999999999999
7180.0,1.1179999999999999
7181.0,1.1179999999999999
7182.0,1.1179999999999999
7183.0,1.1609999999999998
7184.0,1.1609999999999998
7185.0,1.1609999999999998
7186.0,1.1179999999999999
7187.0,1.1179999999999999
7188.0,1.1179999999999999
7189.0,1.1179999999999999
7190.0,1.1609999999999998
7191.0,1.1179999999999999
7192.0,1.1609999999999998
7193.0,1.1179999999999999
7194.0,1.1179999999999999
7195.0,1.1179999999999999
7196.0,1.1179999999999999
7197.0,1.1179999999999999
7198.0,1.1609999999999998
7199.0,1.1179999999999999
7200.0,1.1179999999999999
7201.0,1.1179999999999999
7202.0,1.1179999999999999
7203.0,1.1609999999999998
7204.0,1.1179999999999999
7205.0,1.1179999999999999
7206.0,1.1179999999999999
7207.0,1.1609999999999998
7208.0,1.1609999999999998
7209.0,1.1179999999999999
7210.0,1.1179999999999999
7211.0,1.1179999999999999
7212.0,1.1609999999999998
7213.0,1.1179999999999999
7214.0,1.1179999999999999
7215.0,1.1609999999999998
7216.0,1.1179999999999999
7217.0,1.1179999999999999
7218.0,1.1179999999999999
7219.0,1.1609999999999998
7220.0,1.1179999999999999
7221.0,1.1179999999999999
7222.0,1.1609999999999998
7223.0,1.1179999999999999
7224.0,1.1609999999999998
7225.0,1.1179999999999999
7226.0,1.1179999999999999
7227.0,1.1179999999999999
7228.0,1.1179999999999999
7229.0,1.1179999999999999
7230.0,1.1609999999999998
7231.0,1.1179999999999999
7232.0,1.1609999999999998
7233.0,1.1179999999999999
7234.0,1.1179999999999999
7235.0,1.1179999999999999
7236.0,1.075
7237.0,1.1179999999999999
7238.0,1.1609999999999998
7239.0,1.1179999999999999
7240.0,1.1609999999999998
7241.0,1.1179999999999999
7242.0,1.1179999999999999
7243.0,1.1179999999999999
7244.0,1.1179999999999999
7245.0,1.1179999999999999
7246.0,1.1179999999999999
7247.0,1.1179999999999999
7248.0,1.1179999999999999
7249.0,1.1179999999999999
7250.0,1.1179999999999999
7251.0,1.1179999999999999
7252.0,1.1179999999999999
7253.0,1.1179999999999999
7254.0,1.1609999999999998
7255.0,1.1609999999999998
7256.0,1.1179999999999999
7257.0,1.1609999999999998
7258.0,1.1179999999999999
7259.0,1.1609999999999998
7260.0,1.1179999999999999
7261.0,1.1179999999999999
7262.0,1.1179999999999999
7263.0,1.1179999999999999
7264.0,1.1179999999999999
7265.0,1.1179999999999999
7266.0,1.1609999999999998
7267.0,1.1179999999999999
7268.0,1.1609999999999998
7269.0,1.1179999999999999
7270.0,1.1179999999999999
7271.0,1.1179999999999999
7272.0,1.1609999999999998
7273.0,1.1179999999999999
7274.0,1.1179999999999999
7275.0,1.1179999999999999
7276.0,1.1609999999999998
7277.0,1.1179999999999999
7278.0,1.1179999999999999
7279.0,1.1179999999999999
7280.0,1.1179999999999999
7281.0,1.1179999999999999
7282.0,1.1609999999999998
7283.0,1.1179999999999999
7284.0,1.1609999999999998
7285.0,1.1179999999999999
7286.0,1.075
7287.0,1.1179999999999999
7288.0,1.1609999999999998
7289.0,1.1179999999999999
7290.0,1.1609999999999998
7291.0,1.1179999999999999
7292.0,1.1179999999999999
7293.0,1.1609999999999998
7294.0,1.1179999999999999
7295.0,1.1179999999999999
7296.0,1.1179999999999999
7297.0,1.1179999999999999
7298.0,1.1179999999999999
7299.0,1.1179999999999999
7300.0,1.1609999999999998
7301.0,1.1179999999999999
7302.0,1.1179999999999999
7303.0,1.1609999999999998
7304.0,1.1179999999999999
7305.0,1.1609999999999998
7306.0,1.1609999999999998
7307.0,1.1179999999999999
7308.0,1.1609999999999998
7309.0,1.1609999999999998
7310.0,1.1179999999999999
7311.0,1.1179999999999999
7312.0,1.1179999999999999
7313.0,1.1179999999999999
7314.0,1.1179999999999999
7315.0,1.1179999999999999
7316.0,1.1179999999999999
7317.0,1.1179999999999999
7318.0,1.1179999999999999
7319.0,1.1179999999999999
7320.0,1.1609999999999998
7321.0,1.1179999999999999
7322.0,1.1179999999999999
7323.0,1.1179999999999999
7324.0,1.1179999999999999
7325.0,1.1179999999999999
7326.0,1.1609999999999998
7327.0,1.1179999999999999
7328.0,1.1179999999999999
7329.0,1.1179999999999999
7330.0,1.1179999999999999
7331.0,1.1179999999999999
7332.0,1.1609999999999998
7333.0,1.1609999999999998
7334.0,1.1179999999999999
7335.0,1.1179999999999999
7336.0,1.1179999999999999
7337.0,1.1179999999999999
7338.0,1.1179999999999999
7339.0,1.1179999999999999
7340.0,1.1179999999999999
7341.0,1.1179999999999999
7342.0,1.1609999999999998
7343.0,1.1179999999999999
7344.0,1.1179999999999999
7345.0,1.1179999999999999
7346.0,1.1179999999999999
7347.0,1.1609999999999998
7348.0,1.1179999999999999
7349.0,1.1179999999999999
7350.0,1.1179999999999999
7351.0,1.1179999999999999
7352.0,1.1609999999999998
7353.0,1.1179999999999999
7354.0,1.1179999999999999
7355.0,1.1179999999999999
7356.0,1.1179999999999999
7357.0,1.1179999999999999
7358.0,1.1179999999999999
7359.0,1.1179999999999999
7360.0,1.1179999999999999
7361.0,1.1179999999999999
7362.0,1.1179999999999999
7363.0,1.1179999999999999
7364.0,1.1609999999999998
7365.0,1.1179999999999999
7366.0,1.1179999999999999
7367.0,1.1609999999999998
7368.0,1.1179999999999999
7369.0,1.1179999999999999
7370.0,1.1609999999999998
7371.0,1.1179999999999999
7372.0,1.1179999999999999
7373.0,1.1179999999999999
7374.0,1.1609999999999998
7375.0,1.1179999999999999
7376.0,1.1609999999999998
7377.0,1.1179999999999999
7378.0,1.1179999999999999
7379.0,1.1179999999999999
7380.0,1.1179999999999999
7381.0,1.1179999999999999
7382.0,1.1179999999999999
7383.0,1.1179999999999999
7384.0,1.1609999999999998
7385.0,1.1179999999999999
7386.0,1.1179999999999999
7387.0,1.1179999999999999
7388.0,1.1179999999999999
7389.0,1.1179999999999999
7390.0,1.1179999999999999
7391.0,1.1179999999999999
7392.0,1.1179999999999999
7393.0,1.1179999999999999
7394.0,1.1179999999999999
7395.0,1.1179999999999999
7396.0,1.1179999999999999
7397.0,1.1179999999999999
7398.0,1.1179999999999999
7399.0,1.1179999999999999
7400.0,1.1179999999999999
7401.0,1.1179999999999999
7402.0,1.1179999999999999
7403.0,1.1179999999999999
7404.0,1.1179999999999999
7405.0,1.1179999999999999
7406.0,1.1609999999999998
7407.0,1.1179999999999999
7408.0,1.1609999999999998
7409.0,1.1179999999999999
7410.0,1.1179999999999999
7411.0,1.1179999999999999
7412.0,1.1179999999999999
7413.0,1.1179999999999999
7414.0,1.1609999999999998
7415.0,1.1179999999999999
7416.0,1.1179999999999999
7417.0,1.1179999999999999
7418.0,1.1179999999999999
7419.0,1.1179999999999999
7420.0,1.1609999999999998
7421.0,1.1179999999999999
7422.0,1.1179999999999999
7423.0,1.1609999999999998
7424.0,1.1609999999999998
7425.0,1.1179999999999999
7426.0,1.1179999999999999
7427.0,1.1179999999999999
7428.0,1.1179999999999999
7429.0,1.1179999999999999
7430.0,1.1179999999999999
7431.0,1.1179999999999999
7432.0,1.1609999999999998
7433.0,1.1179999999999999
7434.0,1.1179999999999999
7435.0,1.1609999999999998
7436.0,1.1179999999999999
7437.0,1.1179999999999999
7438.0,1.1179999999999999
7439.0,1.1179999999999999
7440.0,1.1609999999999998
7441.0,1.1609999999999998
7442.0,1.1179999999999999
7443.0,1.1179999999999999
7444.0,1.075
7445.0,1.1179999999999999
7446.0,1.1179999999999999
7447.0,1.1179999999999999
7448.0,1.1179999999999999
7449.0,1.1179999999999999
7450.0,1.1179999999999999
7451.0,1.1179999999999999
7452.0,1.1609999999999998
7453.0,1.1179999999999999
7454.0,1.1179999999999999
7455.0,1.1179999999999999
7456.0,1.1179999999999999
7457.0,1.1179999999999999
7458.0,1.1609999999999998
7459.0,1.1609999999999998
7460.0,1.1179999999999999
7461.0,1.1179999999999999
7462.0,1.1179999999999999
7463.0,1.1179999999999999
7464.0,1.1179999999999999
7465.0,1.1609999999999998
7466.0,1.1609999999999998
7467.0,1.1609999999999998
7468.0,1.1179999999999999
7469.0,1.1179999999999999
7470.0,1.1179999999999999
7471.0,1.1179999999999999
7472.0,1.1609999999999998
7473.0,1.1179999999999999
7474.0,1.1179999999999999
7475.0,1.1179999999999999
7476.0,1.1179999999999999
7477.0,1.1179999999999999
7478.0,1.1179999999999999
7479.0,1.1609999999999998
7480.0,1.1609999999999998
7481.0,1.1179999999999999
7482.0,1.1179999999999999
7483.0,1.1179999999999999
7484.0,1.1179999999999999
7485.0,1.1179999999999999
7486.0,1.1179999999999999
7487.0,1.1179999999999999
7488.0,1.1609999999999998
7489.0,1.1179999999999999
7490.0,1.1609999999999998
7491.0,1.1179999999999999
7492.0,1.1609999999999998
7493.0,1.1179999999999999
7494.0,1.1179999999999999
7495.0,1.1179999999999999
7496.0,1.1179999999999999
7497.0,1.1179999999999999
7498.0,1.1609999999999998
7499.0,1.1179999999999999
7500.0,1.1179999999999999
7501.0,1.1179999999999999
7502.0,1.1179999999999999
7503.0,1.1179999999999999
7504.0,1.1179999999999999
7505.0,1.1179999999999999
7506.0,1.1179999999999999
7507.0,1.1179999999999999
7508.0,1.1179999999999999
7509.0,1.1609999999999998
7510.0,1.1609999999999998
7511.0,1.1609999999999998
7512.0,1.1609999999999998
7513.0,1.1179999999999999
7514.0,1.1179999999999999
7515.0,1.1179999999999999
7516.0,1.1179999999999999
7517.0,1.1179999999999999
7518.0,1.1179999999999999
7519.0,1.1609999999999998
7520.0,1.1179999999999999
7521.0,1.1179999999999999
7522.0,1.1179999999999999
7523.0,1.1609999999999998
7524.0,1.1179999999999999
7525.0,1.075
7526.0,1.1609999999999998
7527.0,1.1179999999999999
7528.0,1.1179999999999999
7529.0,1.1609999999999998
7530.0,1.1609999999999998
7531.0,1.1179999999999999
7532.0,1.1179999999999999
7533.0,1.1179999999999999
7534.0,1.1179999999999999
7535.0,1.1179999999999999
7536.0,1.1179999999999999
7537.0,1.1179999999999999
7538.0,1.1179999999999999
7539.0,1.1179999999999999
7540.0,1.1609999999999998
7541.0,1.1609999999999998
7542.0,1.1179999999999999
7543.0,1.1179999999999999
7544.0,1.1609999999999998
7545.0,1.1179999999999999
7546.0,1.1179999999999999
7547.0,1.1609999999999998
7548.0,1.1179999999999999
7549.0,1.1609999999999998
7550.0,1.1179999999999999
7551.0,1.1179999999999999
7552.0,1.1179999999999999
7553.0,1.1179999999999999
7554.0,1.1179999999999999
7555.0,1.1179999999999999
7556.0,1.1179999999999999
7557.0,1.1179999999999999
7558.0,1.1179999999999999
7559.0,1.1179999999999999
7560.0,1.1609999999999998
7561.0,1.1179999999999999
7562.0,1.1179999999999999
7563.0,1.1179999999999999
7564.0,1.1179999999999999
7565.0,1.1179999999999999
7566.0,1.1609999999999998
7567.0,1.1179999999999999
7568.0,1.1609999999999998
7569.0,1.1179999999999999
7570.0,1.1179999999999999
7571.0,1.1179999999999999
7572.0,1.1179999999999999
7573.0,1.1179999999999999
7574.0,1.1179999999999999
7575.0,1.1179999999999999
7576.0,1.1179999999999999
7577.0,1.1179999999999999
7578.0,1.1179999999999999
7579.0,1.1179999999999999
7580.0,1.1179999999999999
7581.0,1.1179999999999999
7582.0,1.1179999999999999
7583.0,1.1609999999999998
7584.0,1.1179999999999999
7585.0,1.1609999999999998
7586.0,1.1179999999999999
7587.0,1.1179999999999999
7588.0,1.1609999999999998
7589.0,1.1179999999999999
7590.0,1.1179999999999999
7591.0,1.1179999999999999
7592.0,1.1179999999999999
7593.0,1.1179999999999999
7594.0,1.1179999999999999
7595.0,1.1179999999999999
7596.0,1.1179999999999999
7597.0,1.1179999999999999
7598.0,1.1609999999999998
7599.0,1.1179999999999999
7600.0,1.1609999999999998
7601.0,1.1179999999999999
7602.0,1.1179999999999999
7603.0,1.1179999999999999
7604.0,1.1179999999999999
7605.0,1.075
7606.0,1.1179999999999999
7607.0,1.1179999999999999
7608.0,1.1179999999999999
7609.0,1.1179999999999999
7610.0,1.1179999999999999
7611.0,1.1179999999999999
7612.0,1.1179999999999999
7613.0,1.1179999999999999
7614.0,1.1179999999999999
7615.0,1.1179999999999999
7616.0,1.1179999999999999
7617.0,1.1179999999999999
7618.0,1.1179999999999999
7619.0,1.1179999999999999
7620.0,1.1609999999999998
7621.0,1.1179999999999999
7622.0,1.1179999999999999
7623.0,1.1179999999999999
7624.0,1.1179999999999999
7625.0,1.1179999999999999
7626.0,1.1609999999999998
7627.0,1.1179999999999999
7628.0,1.1179999999999999
7629.0,1.1179999999999999
7630.0,1.1179999999999999
7631.0,1.1179999999999999
7632.0,1.1179999999999999
7633.0,1.1179999999999999
7634.0,1.1179999999999999
7635.0,1.1179999999999999
7636.0,1.1179999999999999
7637.0,1.1179999999999999
7638.0,1.1179999999999999
7639.0,1.1179999999999999
7640.0,1.1179999999999999
7641.0,1.1609999999999998
7642.0,1.1609999999999998
7643.0,1.1179999999999999
7644.0,1.1609999999999998
7645.0,1.1179999999999999
7646.0,1.1179999999999999
7647.0,1.1179999999999999
7648.0,1.1179999999999999
7649.0,1.1179999999999999
7650.0,1.1179999999999999
7651.0,1.1179999999999999
7652.0,1.1179999999999999
7653.0,1.1179999999999999
7654.0,1.1179999999999999
7655.0,1.1179999999999999
7656.0,1.1179999999999999
7657.0,1.1179999999999999
7658.0,1.1609999999999998
7659.0,1.1609999999999998
7660.0,1.1609999999999998
7661.0,1.1179999999999999
7662.0,1.1179999999999999
7663.0,1.1179999999999999
7664.0,1.1179999999999999
7665.0,1.1609999999999998
7666.0,1.1609999999999998
7667.0,1.1609999999999998
7668.0,1.1609999999999998
7669.0,1.1179999999999999
7670.0,1.1179999999999999
7671.0,1.1179999999999999
7672.0,1.1179999999999999
7673.0,1.1179999999999999
7674.0,1.1179999999999999
7675.0,1.1179999999999999
7676.0,1.1609999999999998
7677.0,1.075
7678.0,1.1179999999999999
7679.0,1.1179999999999999
7680.0,1.1179999999999999
7681.0,1.1179999999999999
7682.0,1.1179999999999999
7683.0,1.1179999999999999
7684.0,1.1179999999999999
7685.0,1.1179999999999999
7686.0,1.1609999999999998
7687.0,1.1179999999999999
7688.0,1.1179999999999999
7689.0,1.1179999999999999
7690.0,1.1179999999999999
7691.0,1.1609999999999998
7692.0,1.1609999999999998
7693.0,1.1609999999999998
7694.0,1.1179999999999999
7695.0,1.1609999999999998
7696.0,1.1179999999999999
7697.0,1.1179999999999999
7698.0,1.1609999999999998
7699.0,1.1609999999999998
7700.0,1.1609999999999998
7701.0,1.1179999999999999
7702.0,1.1179999999999999
7703.0,1.1179999999999999
7704.0,1.1179999999999999
7705.0,1.1179999999999999
7706.0,1.1179999999999999
7707.0,1.1179999999999999
7708.0,1.1609999999999998
7709.0,1.1179999999999999
7710.0,1.1179999999999999
7711.0,1.1179999999999999
7712.0,1.1179999999999999
7713.0,1.1609999999999998
7714.0,1.1179999999999999
7715.0,1.1179999999999999
7716.0,1.1179999999999999
7717.0,1.1609999999999998
7718.0,1.1179999999999999
7719.0,1.1179999999999999
7720.0,1.1179999999999999
7721.0,1.1179999999999999
7722.0,1.1179999999999999
7723.0,1.1179999999999999
7724.0,1.1179999999999999
7725.0,1.1179999999999999
7726.0,1.1609999999999998
7727.0,1.1179999999999999
7728.0,1.1609999999999998
7729.0,1.1179999999999999
7730.0,1.1179999999999999
7731.0,1.1179999999999999
7732.0,1.1179999999999999
7733.0,1.1179999999999999
7734.0,1.1609999999999998
7735.0,1.1179999999999999
7736.0,1.1179999999999999
7737.0,1.1179999999999999
7738.0,1.1179999999999999
7739.0,1.1179999999999999
7740.0,1.1179999999999999
7741.0,1.1179999999999999
7742.0,1.1179999999999999
7743.0,1.1179999999999999
7744.0,1.1609999999999998
7745.0,1.1179999999999999
7746.0,1.1179999999999999
7747.0,1.1179999999999999
7748.0,1.1179999999999999
7749.0,1.1179999999999999
7750.0,1.1609999999999998
7751.0,1.1609999999999998
7752.0,1.1179999999999999
7753.0,1.1179999999999999
7754.0,1.1179999999999999
7755.0,1.1179999999999999
7756.0,1.1179999999999999
7757.0,1.1179999999999999
7758.0,1.1179999999999999
7759.0,1.1179999999999999
7760.0,1.1179999999999999
7761.0,1.1179999999999999
7762.0,1.1179999999999999
7763.0,1.1179999999999999
7764.0,1.1179999999999999
7765.0,1.1179999999999999
7766.0,1.1179999999999999
7767.0,1.1179999999999999
7768.0,1.1179999999999999
7769.0,1.1179999999999999
7770.0,1.1179999999999999
7771.0,1.1179999999999999
7772.0,1.1179999999999999
7773.0,1.1179999999999999
7774.0,1.1179999999999999
7775.0,1.1179999999999999
7776.0,1.1179999999999999
7777.0,1.1179999999999999
7778.0,1.1179999999999999
7779.0,1.1179999999999999
7780.0,1.1179999999999999
7781.0,1.1179999999999999
7782.0,1.1609999999999998
7783.0,1.1179999999999999
7784.0,1.1609999999999998
7785.0,1.1179999999999999
7786.0,1.1179999999999999
7787.0,1.1179999999999999
7788.0,1.1179999999999999
7789.0,1.1179999999999999
7790.0,1.1179999999999999
7791.0,1.1179999999999999
7792.0,1.1179999999999999
7793.0,1.1179999999999999
7794.0,1.1179999999999999
7795.0,1.1179999999999999
7796.0,1.1179999999999999
7797.0,1.1179999999999999
7798.0,1.1179999999999999
7799.0,1.1179999999999999
7800.0,1.1179999999999999
7801.0,1.1179999999999999
7802.0,1.1179999999999999
7803.0,1.1179999999999999
7804.0,1.1179999999999999
7805.0,1.1179999999999999
7806.0,1.1179999999999999
7807.0,1.1179999999999999
7808.0,1.1609999999999998
7809.0,1.1179999999999999
7810.0,1.1609999999999998
7811.0,1.1179999999999999
7812.0,1.1179999999999999
7813.0,1.1179999999999999
7814.0,1.1179999999999999
7815.0,1.1179999999999999
7816.0,1.1179999999999999
7817.0,1.1179999999999999
7818.0,1.1179999999999999
7819.0,1.1179999999999999
7820.0,1.1179999999999999
7821.0,1.1179999999999999
7822.0,1.1609999999999998
7823.0,1.1179999999999999
7824.0,1.1179999999999999
7825.0,1.1179999999999999
7826.0,1.1609999999999998
7827.0,1.1179999999999999
7828.0,1.1609999999999998
7829.0,1.1179999999999999
7830.0,1.1179999999999999
7831.0,1.1609999999999998
7832.0,1.1179999999999999
7833.0,1.1179999999999999
7834.0,1.1179999999999999
7835.0,1.1179999999999999
7836.0,1.1179999999999999
7837.0,1.1179999999999999
7838.0,1.1179999999999999
7839.0,1.1179999999999999
7840.0,1.1179999999999999
7841.0,1.1179999999999999
7842.0,1.1609999999999998
7843.0,1.1179999999999999
7844.0,1.1179999999999999
7845.0,1.1179999999999999
7846.0,1.1609999999999998
7847.0,1.1609999999999998
7848.0,1.1179999999999999
7849.0,1.1179999999999999
7850.0,1.1609999999999998
7851.0,1.1179999999999999
7852.0,1.1179999999999999
7853.0,1.1179999999999999
7854.0,1.1179999999999999
7855.0,1.1179999999999999
7856.0,1.1179999999999999
7857.0,1.1179999999999999
7858.0,1.1179999999999999
7859.0,1.1179999999999999
7860.0,1.1609999999999998
7861.0,1.1179999999999999
7862.0,1.1179999999999999
7863.0,1.1179999999999999
7864.0,1.1609999999999998
7865.0,1.1179999999999999
7866.0,1.1179999999999999
7867.0,1.1179999999999999
7868.0,1.1609999999999998
7869.0,1.1179999999999999
7870.0,1.1179999999999999
7871.0,1.1179999999999999
7872.0,1.1179999999999999
7873.0,1.1179999999999999
7874.0,1.1179999999999999
7875.0,1.1179999999999999
7876.0,1.1179999999999999
7877.0,1.1179999999999999
7878.0,1.1179999999999999
7879.0,1.1179999999999999
7880.0,1.1179999999999999
7881.0,1.1179999999999999
7882.0,1.1179999999999999
7883.0,1.1609999999999998
7884.0,1.1179999999999999
7885.0,1.1179999999999999
7886.0,1.1179999999999999
7887.0,1.1179999999999999
7888.0,1.1609999999999998
7889.0,1.1179999999999999
7890.0,1.1609999999999998
7891.0,1.1179999999999999
7892.0,1.1179999999999999
7893.0,1.1179999999999999
7894.0,1.1609999999999998
7895.0,1.1179999999999999
7896.0,1.1179999999999999
7897.0,1.1179999999999999
7898.0,1.1179999999999999
7899.0,1.1609999999999998
7900.0,1.1609999999999998
7901.0,1.1609999999999998
7902.0,1.1179999999999999
7903.0,1.1609999999999998
7904.0,1.1609999999999998
7905.0,1.1179999999999999
7906.0,1.1179999999999999
7907.0,1.1179999999999999
7908.0,1.1179999999999999
7909.0,1.1179999999999999
7910.0,1.1179999999999999
7911.0,1.1179999999999999
7912.0,1.1179999999999999
7913.0,1.1179999999999999
7914.0,1.1179999999999999
7915.0,1.1179999999999999
7916.0,1.1179999999999999
7917.0,1.1179999999999999
7918.0,1.1179999999999999
7919.0,1.1179999999999999
7920.0,1.1609999999999998
7921.0,1.1179999999999999
7922.0,1.1179999999999999
7923.0,1.1609999999999998
7924.0,1.1179999999999999
7925.0,1.1179999999999999
7926.0,1.1609999999999998
7927.0,1.1179999999999999
7928.0,1.1179999999999999
7929.0,1.1179999999999999
7930.0,1.1179999999999999
7931.0,1.1609999999999998
7932.0,1.1609999999999998
7933.0,1.1179999999999999
7934.0,1.1179999999999999
7935.0,1.1179999999999999
7936.0,1.1179999999999999
7937.0,1.1179999999999999
7938.0,1.1179999999999999
7939.0,1.1179999999999999
7940.0,1.1179999999999999
7941.0,1.1179999999999999
7942.0,1.1179999999999999
7943.0,1.1179999999999999
7944.0,1.1179999999999999
7945.0,1.1179999999999999
7946.0,1.1179999999999999
7947.0,1.1179999999999999
7948.0,1.1179999999999999
7949.0,1.1179999999999999
7950.0,1.1609999999999998
7951.0,1.1609999999999998
7952.0,1.1609999999999998
7953.0,1.075
7954.0,1.1179999999999999
7955.0,1.1179999999999999
7956.0,1.1179999999999999
7957.0,1.1179999999999999
7958.0,1.1179999999999999
7959.0,1.1179999999999999
7960.0,1.1609999999999998
7961.0,1.1179999999999999
7962.0,1.1609999999999998
7963.0,1.1179999999999999
7964.0,1.1179999999999999
7965.0,1.1179999999999999
7966.0,1.1179999999999999
7967.0,1.1179999999999999
7968.0,1.1179999999999999
7969.0,1.1179999999999999
7970.0,1.1179999999999999
7971.0,1.075
7972.0,1.1179999999999999
7973.0,1.1179999999999999
7974.0,1.1609999999999998
7975.0,1.075
7976.0,1.1609999999999998
7977.0,1.1179999999999999
7978.0,1.1179999999999999
7979.0,1.1179999999999999
7980.0,1.1179999999999999
7981.0,1.1179999999999999
7982.0,1.1179999999999999
7983.0,1.1179999999999999
7984.0,1.1609999999999998
7985.0,1.1179999999999999
7986.0,1.1179999999999999
7987.0,1.1179999999999999
7988.0,1.1179999999999999
7989.0,1.1179999999999999
7990.0,1.1179999999999999
7991.0,1.1609999999999998
7992.0,1.1609999999999998
7993.0,1.1179999999999999
7994.0,1.1179999999999999
7995.0,1.1609999999999998
7996.0,1.1179999999999999
7997.0,1.1609999999999998
7998.0,1.1179999999999999
7999.0,1.1179999999999999
8000.0,1.1609999999999998
8001.0,1.1179999999999999
8002.0,1.1609999999999998
8003.0,1.1179999999999999
8004.0,1.1179999999999999
8005.0,1.1179999999999999
8006.0,1.1179999999999999
8007.0,1.1179999999999999
8008.0,1.1609999999999998
8009.0,1.1179999999999999
8010.0,1.1609999999999998
8011.0,1.1179999999999999
8012.0,1.1179999999999999
8013.0,1.1179999999999999
8014.0,1.075
8015.0,1.1179999999999999
8016.0,1.1179999999999999
8017.0,1.1179999999999999
8018.0,1.1179999999999999
8019.0,1.1179999999999999
8020.0,1.1179999999999999
8021.0,1.1179999999999999
8022.0,1.1179999999999999
8023.0,1.1179999999999999
8024.0,1.1179999999999999
8025.0,1.1179999999999999
8026.0,1.1179999999999999
8027.0,1.1179999999999999
8028.0,1.1179999999999999
8029.0,1.075
8030.0,1.1609999999999998
8031.0,1.1179999999999999
8032.0,1.1179999999999999
8033.0,1.1179999999999999
8034.0,1.1609999999999998
8035.0,1.1179999999999999
8036.0,1.1609999999999998
8037.0,1.1179999999999999
8038.0,1.1179999999999999
8039.0,1.1179999999999999
8040.0,1.1609999999999998
8041.0,1.1179999999999999
8042.0,1.1179999999999999
8043.0,1.1179999999999999
8044.0,1.1179999999999999
8045.0,1.1179999999999999
8046.0,1.1179999999999999
8047.0,1.1179999999999999
8048.0,1.1179999999999999
8049.0,1.1609999999999998
8050.0,1.1609999999999998
8051.0,1.1609999999999998
8052.0,1.1179999999999999
8053.0,1.1179999999999999
8054.0,1.1179999999999999
8055.0,1.1179999999999999
8056.0,1.1179999999999999
8057.0,1.1179999999999999
8058.0,1.1179999999999999
8059.0,1.1609999999999998
8060.0,1.1179999999999999
8061.0,1.1179999999999999
8062.0,1.1609999999999998
8063.0,1.1179999999999999
8064.0,1.1609999999999998
8065.0,1.1179999999999999
8066.0,1.1609999999999998
8067.0,1.1179999999999999
8068.0,1.1609999999999998
8069.0,1.1179999999999999
8070.0,1.1179999999999999
8071.0,1.1179999999999999
8072.0,1.1179999999999999
8073.0,1.1179999999999999
8074.0,1.1179999999999999
8075.0,1.1179999999999999
8076.0,1.1609999999999998
8077.0,1.1179999999999999
8078.0,1.1179999999999999
8079.0,1.1179999999999999
8080.0,1.1179999999999999
8081.0,1.1609999999999998
8082.0,1.1179999999999999
8083.0,1.1179999999999999
8084.0,1.1179999999999999
8085.0,1.1179999999999999
8086.0,1.1179999999999999
8087.0,1.1179999999999999
8088.0,1.1179999999999999
8089.0,1.1179999999999999
8090.0,1.1179999999999999
8091.0,1.1179999999999999
8092.0,1.1179999999999999
8093.0,1.1179999999999999
8094.0,1.1179999999999999
8095.0,1.1179999999999999
8096.0,1.1179999999999999
8097.0,1.1179999999999999
8098.0,1.1179999999999999
8099.0,1.1179999999999999
8100.0,1.1609999999999998
8101.0,1.1179999999999999
8102.0,1.1179999999999999
8103.0,1.1179999999999999
8104.0,1.1179999999999999
8105.0,1.1179999999999999
8106.0,1.1179999999999999
8107.0,1.1179999999999999
8108.0,1.1179999999999999
8109.0,1.1179999999999999
8110.0,1.1179999999999999
8111.0,1.1179999999999999
8112.0,1.1179999999999999
8113.0,1.1179999999999999
8114.0,1.1179999999999999
8115.0,1.1179999999999999
8116.0,1.1179999999999999
8117.0,1.1609999999999998
8118.0,1.1609999999999998
8119.0,1.1179999999999999
8120.0,1.1179999999999999
8121.0,1.1179999999999999
8122.0,1.1179999999999999
8123.0,1.1179999999999999
8124.0,1.1179999999999999
8125.0,1.1179999999999999
8126.0,1.1179999999999999
8127.0,1.1179999999999999
8128.0,1.1179999999999999
8129.0,1.1609999999999998
8130.0,1.1179999999999999
8131.0,1.1179999999999999
8132.0,1.1179999999999999
8133.0,1.1179999999999999
8134.0,1.1179999999999999
8135.0,1.1179999999999999
8136.0,1.1609999999999998
8137.0,1.1179999999999999
8138.0,1.1179999999999999
8139.0,1.1179999999999999
8140.0,1.1179999999999999
8141.0,1.1179999999999999
8142.0,1.1179999999999999
8143.0,1.1179999999999999
8144.0,1.1179999999999999
8145.0,1.1179999999999999
8146.0,1.1179999999999999
8147.0,1.1179999999999999
8148.0,1.1179999999999999
8149.0,1.1179999999999999
8150.0,1.1609999999999998
8151.0,1.1179999999999999
8152.0,1.1609999999999998
8153.0,1.1179999999999999
8154.0,1.1609999999999998
8155.0,1.1179999999999999
8156.0,1.1179999999999999
8157.0,1.1179999999999999
8158.0,1.1179999999999999
8159.0,1.1179999999999999
8160.0,1.1609999999999998
8161.0,1.1179999999999999
8162.0,1.1179999999999999
8163.0,1.1179999999999999
8164.0,1.1179999999999999
8165.0,1.1179999999999999
8166.0,1.1179999999999999
8167.0,1.1179999999999999
8168.0,1.1179999999999999
8169.0,1.1179999999999999
8170.0,1.1179999999999999
8171.0,1.1179999999999999
8172.0,1.1179999999999999
8173.0,1.1179999999999999
8174.0,1.1609999999999998
8175.0,1.1179999999999999
8176.0,1.1179999999999999
8177.0,1.1179999999999999
8178.0,1.1179999999999999
8179.0,1.1179999999999999
8180.0,1.1179999999999999
8181.0,1.1179999999999999
8182.0,1.1179999999999999
8183.0,1.1179999999999999
8184.0,1.1179999999999999
8185.0,1.1179999999999999
8186.0,1.1179999999999999
8187.0,1.1179999999999999
8188.0,1.1179999999999999
8189.0,1.1179999999999999
8190.0,1.1179999999999999
8191.0,1.1179999999999999
8192.0,1.1179999999999999
8193.0,1.1179999999999999
8194.0,1.1609999999999998
8195.0,1.1179999999999999
8196.0,1.1179999999999999
8197.0,1.1179999999999999
8198.0,1.1179999999999999
8199.0,1.1179999999999999
8200.0,1.1179999999999999
8201.0,1.1179999999999999
8202.0,1.1609999999999998
8203.0,1.1179999999999999
8204.0,1.1179999999999999
8205.0,1.1179999999999999
8206.0,1.1179999999999999
8207.0,1.1179999999999999
8208.0,1.1179999999999999
8209.0,1.1179999999999999
8210.0,1.1179999999999999
8211.0,1.1179999999999999
8212.0,1.1179999999999999
8213.0,1.1179999999999999
8214.0,1.1179999999999999
8215.0,1.1179999999999999
8216.0,1.1179999999999999
8217.0,1.1609999999999998
8218.0,1.1179999999999999
8219.0,1.1179999999999999
8220.0,1.1179999999999999
8221.0,1.1179999999999999
8222.0,1.1179999999999999
8223.0,1.1179999999999999
8224.0,1.1179999999999999
8225.0,1.1179999999999999
8226.0,1.1609999999999998
8227.0,1.1179999999999999
8228.0,1.1179999999999999
8229.0,1.1179999999999999
8230.0,1.1179999999999999
8231.0,1.075
8232.0,1.1179999999999999
8233.0,1.1179999999999999
8234.0,1.1179999999999999
8235.0,1.1179999999999999
8236.0,1.1179999999999999
8237.0,1.1179999999999999
8238.0,1.1179999999999999
8239.0,1.1179999999999999
8240.0,1.1179999999999999
8241.0,1.1179999999999999
8242.0,1.1179999999999999
8243.0,1.1179999999999999
8244.0,1.1179999999999999
8245.0,1.1179999999999999
8246.0,1.1179999999999999
8247.0,1.1179999999999999
8248.0,1.1179999999999999
8249.0,1.1179999999999999
8250.0,1.1609999999999998
8251.0,1.1179999999999999
8252.0,1.1179999999999999
8253.0,1.1179999999999999
8254.0,1.1179999999999999
8255.0,1.1179999999999999
8256.0,1.1609999999999998
8257.0,1.1609999999999998
8258.0,1.1609999999999998
8259.0,1.1609999999999998
8260.0,1.1179999999999999
8261.0,1.1179999999999999
8262.0,1.1609999999999998
8263.0,1.1179999999999999
8264.0,1.1179999999999999
8265.0,1.075
8266.0,1.1609999999999998
8267.0,1.1179999999999999
8268.0,1.1179999999999999
8269.0,1.1179999999999999
8270.0,1.1179999999999999
8271.0,1.075
8272.0,1.1179999999999999
8273.0,1.1179999999999999
8274.0,1.1609999999999998
8275.0,1.1179999999999999
8276.0,1.1179999999999999
8277.0,1.1179999999999999
8278.0,1.1179999999999999
8279.0,1.1179999999999999
8280.0,1.1179999999999999
8281.0,1.1179999999999999
8282.0,1.1179999999999999
8283.0,1.1179999999999999
8284.0,1.1609999999999998
8285.0,1.1179999999999999
8286.0,1.1609999999999998
8287.0,1.1179999999999999
8288.0,1.1179999999999999
8289.0,1.1179999999999999
8290.0,1.1179999999999999
8291.0,1.1609999999999998
8292.0,1.1609999999999998
8293.0,1.1179999999999999
8294.0,1.1179999999999999
8295.0,1.1179999999999999
8296.0,1.1179999999999999
8297.0,1.1179999999999999
8298.0,1.1179999999999999
8299.0,1.1179999999999999
8300.0,1.1179999999999999
8301.0,1.1179999999999999
8302.0,1.1609999999999998
8303.0,1.1179999999999999
8304.0,1.1179999999999999
8305.0,1.1179999999999999
8306.0,1.1179999999999999
8307.0,1.1179999999999999
8308.0,1.1609999999999998
8309.0,1.1609999999999998
8310.0,1.1609999999999998
8311.0,1.1609999999999998
8312.0,1.1179999999999999
8313.0,1.1179999999999999
8314.0,1.1179999999999999
8315.0,1.1609999999999998
8316.0,1.1609999999999998
8317.0,1.1179999999999999
8318.0,1.1179999999999999
8319.0,1.1179999999999999
8320.0,1.1179999999999999
8321.0,1.1179999999999999
8322.0,1.1179999999999999
8323.0,1.1179999999999999
8324.0,1.1609999999999998
8325.0,1.1179999999999999
8326.0,1.1179999999999999
8327.0,1.1609999999999998
8328.0,1.1179999999999999
8329.0,1.075
8330.0,1.1179999999999999
8331.0,1.1179999999999999
8332.0,1.1179999999999999
8333.0,1.1179999999999999
8334.0,1.1179999999999999
8335.0,1.1179999999999999
8336.0,1.1179999999999999
8337.0,1.1179999999999999
8338.0,1.1179999999999999
8339.0,1.1179999999999999
8340.0,1.1609999999999998
8341.0,1.1179999999999999
8342.0,1.1609999999999998
8343.0,1.1179999999999999
8344.0,1.1609999999999998
8345.0,1.1179999999999999
8346.0,1.1179999999999999
8347.0,1.1179999999999999
8348.0,1.1179999999999999
8349.0,1.1179999999999999
8350.0,1.1609999999999998
8351.0,1.1609999999999998
8352.0,1.1179999999999999
8353.0,1.1179999999999999
8354.0,1.1179999999999999
8355.0,1.1179999999999999
8356.0,1.1179999999999999
8357.0,1.1179999999999999
8358.0,1.1609999999999998
8359.0,1.1179999999999999
8360.0,1.1179999999999999
8361.0,1.1179999999999999
8362.0,1.1179999999999999
8363.0,1.1179999999999999
8364.0,1.1179999999999999
8365.0,1.1179999999999999
8366.0,1.1179999999999999
8367.0,1.1609999999999998
8368.0,1.1179999999999999
8369.0,1.1179999999999999
8370.0,1.1179999999999999
8371.0,1.1179999999999999
8372.0,1.1179999999999999
8373.0,1.1179999999999999
8374.0,1.1179999999999999
8375.0,1.1179999999999999
8376.0,1.1179999999999999
8377.0,1.1179999999999999
8378.0,1.1179999999999999
8379.0,1.1179999999999999
8380.0,1.1179999999999999
8381.0,1.1179999999999999
8382.0,1.1179999999999999
8383.0,1.1179999999999999
8384.0,1.1179999999999999
8385.0,1.1179999999999999
8386.0,1.1179999999999999
8387.0,1.1179999999999999
8388.0,1.1179999999999999
8389.0,1.1179999999999999
8390.0,1.1179999999999999
8391.0,1.1179999999999999
8392.0,1.1179999999999999
8393.0,1.1179999999999999
8394.0,1.1179999999999999
8395.0,1.1179999999999999
8396.0,1.1179999999999999
8397.0,1.1179999999999999
8398.0,1.1179999999999999
8399.0,1.1179999999999999
8400.0,1.1609999999999998
8401.0,1.1179999999999999
8402.0,1.1179999999999999
8403.0,1.1179999999999999
8404.0,1.1179999999999999
8405.0,1.1179999999999999
8406.0,1.1179999999999999
8407.0,1.1179999999999999
8408.0,1.1179999999999999
8409.0,1.1179999999999999
8410.0,1.1179999999999999
8411.0,1.1179999999999999
8412.0,1.1179999999999999
8413.0,1.1179999999999999
8414.0,1.1609999999999998
8415.0,1.1179999999999999
8416.0,1.1179999999999999
8417.0,1.1179999999999999
8418.0,1.1179999999999999
8419.0,1.1179999999999999
8420.0,1.1179999999999999
8421.0,1.1609999999999998
8422.0,1.1179999999999999
8423.0,1.1179999999999999
8424.0,1.1179999999999999
8425.0,1.1179999999999999
8426.0,1.1179999999999999
8427.0,1.1179999999999999
8428.0,1.1179999999999999
8429.0,1.1179999999999999
8430.0,1.1179999999999999
8431.0,1.1179999999999999
8432.0,1.1179999999999999
8433.0,1.1179999999999999
8434.0,1.1179999999999999
8435.0,1.1179999999999999
8436.0,1.1609999999999998
8437.0,1.075
8438.0,1.1179999999999999
8439.0,1.1179999999999999
8440.0,1.1179999999999999
8441.0,1.1179999999999999
8442.0,1.1609999999999998
8443.0,1.1179999999999999
8444.0,1.1179999999999999
8445.0,1.1179999999999999
8446.0,1.1179999999999999
8447.0,1.1179999999999999
8448.0,1.1609999999999998
8449.0,1.1179999999999999
8450.0,1.1609999999999998
8451.0,1.1179999999999999
8452.0,1.1179999999999999
8453.0,1.1179999999999999
8454.0,1.1179999999999999
8455.0,1.1179999999999999
8456.0,1.1179999999999999
8457.0,1.1179999999999999
8458.0,1.1609999999999998
8459.0,1.1179999999999999
8460.0,1.1179999999999999
8461.0,1.1179999999999999
8462.0,1.1179999999999999
8463.0,1.1179999999999999
8464.0,1.1179999999999999
8465.0,1.1179999999999999
8466.0,1.1179999999999999
8467.0,1.1179999999999999
8468.0,1.1179999999999999
8469.0,1.1179999999999999
8470.0,1.1179999999999999
8471.0,1.1179999999999999
8472.0,1.1179999999999999
8473.0,1.1179999999999999
8474.0,1.1179999999999999
8475.0,1.1179999999999999
8476.0,1.1179999999999999
8477.0,1.1179999999999999
8478.0,1.1609999999999998
8479.0,1.1609999999999998
8480.0,1.1179999999999999
8481.0,1.1179999999999999
8482.0,1.1179999999999999
8483.0,1.1179999999999999
8484.0,1.1609999999999998
8485.0,1.1179999999999999
8486.0,1.1179999999999999
8487.0,1.1179999999999999
8488.0,1.1179999999999999
8489.0,1.1179999999999999
8490.0,1.1179999999999999
8491.0,1.1179999999999999
8492.0,1.1609999999999998
8493.0,1.1179999999999999
8494.0,1.1179999999999999
8495.0,1.1179999999999999
8496.0,1.1179999999999999
8497.0,1.1179999999999999
8498.0,1.1179999999999999
8499.0,1.1179999999999999
8500.0,1.1609999999999998
8501.0,1.1179999999999999
8502.0,1.1179999999999999
8503.0,1.1179999999999999
8504.0,1.1179999999999999
8505.0,1.1179999999999999
8506.0,1.1179999999999999
8507.0,1.1179999999999999
8508.0,1.1179999999999999
8509.0,1.1179999999999999
8510.0,1.1179999999999999
8511.0,1.1179999999999999
8512.0,1.1179999999999999
8513.0,1.1179999999999999
8514.0,1.1179999999999999
8515.0,1.1179999999999999
8516.0,1.1179999999999999
8517.0,1.1179999999999999
8518.0,1.1179999999999999
8519.0,1.1179999999999999
8520.0,1.1179999999999999
8521.0,1.1179999999999999
8522.0,1.1179999999999999
8523.0,1.1179999999999999
8524.0,1.1179999999999999
8525.0,1.1179999999999999
8526.0,1.1179999999999999
8527.0,1.1179999999999999
8528.0,1.1179999999999999
8529.0,1.1179999999999999
8530.0,1.1179999999999999
8531.0,1.075
8532.0,1.1179999999999999
8533.0,1.1609999999999998
