time_ms,diameter_mm
0.0,3.01
1.0,3.01
2.0,3.01
3.0,3.01
4.0,2.9669999999999996
5.0,2.9669999999999996
6.0,2.9669999999999996
7.0,2.9669999999999996
8.0,2.9669999999999996
9.0,2.9669999999999996
10.0,2.9669999999999996
11.0,2.9669999999999996
12.0,2.9669999999999996
13.0,2.9669999999999996
14.0,2.9669999999999996
15.0,2.924
16.0,2.9669999999999996
17.0,2.9669999999999996
18.0,2.924
19.0,2.9669999999999996
20.0,2.9669999999999996
21.0,2.9669999999999996
22.0,2.9669999999999996
23.0,2.9669999999999996
24.0,2.9669999999999996
25.0,2.924
26.0,2.924
27.0,2.924
28.0,2.924
29.0,2.924
30.0,2.924
31.0,2.924
32.0,2.924
33.0,2.924
34.0,2.924
35.0,2.924
36.0,2.924
37.0,2.924
38.0,2.924
39.0,2.924
40.0,2.924
41.0,2.924
42.0,2.924
43.0,2.924
44.0,2.924
45.0,2.924
46.0,2.881
47.0,2.881
48.0,2.881
49.0,2.881
50.0,2.881
51.0,2.881
52.0,2.881
53.0,2.881
54.0,2.881
55.0,2.881
56.0,2.881
57.0,2.881
58.0,2.881
59.0,2.881
60.0,2.881
61.0,2.8379999999999996
62.0,2.881
63.0,2.8379999999999996
64.0,2.881
65.0,2.8379999999999996
66.0,2.881
67.0,2.881
68.0,2.8379999999999996
69.0,2.8379999999999996
70.0,2.8379999999999996
71.0,2.8379999999999996
72.0,2.8379999999999996
73.0,2.8379999999999996
74.0,2.8379999999999996
75.0,2.8379999999999996
76.0,2.8379999999999996
77.0,2.8379999999999996
78.0,2.8379999999999996
79.0,2.8379999999999996
80.0,2.8379999999999996
81.0,2.8379999999999996
82.0,2.8379999999999996
83.0,2.8379999999999996
84.0,2.795
85.0,2.8379999999999996
86.0,2.8379999999999996
87.0,2.795
88.0,2.8379999999999996
89.0,2.795
90.0,2.795
91.0,2.8379999999999996
92.0,2.8379999999999996
93.0,2.8379999999999996
94.0,2.8379999999999996
95.0,2.8379999999999996
96.0,2.795
97.0,2.795
98.0,2.795
99.0,2.795
100.0,2.8379999999999996
101.0,2.8379999999999996
102.0,2.795
103.0,2.795
104.0,2.795
105.0,2.795
106.0,2.795
107.0,2.795
108.0,2.795
109.0,2.795
110.0,2.795
111.0,2.752
112.0,2.752
113.0,2.795
114.0,2.795
115.0,2.795
116.0,2.795
117.0,2.795
118.0,2.795
119.0,2.752
120.0,2.752
121.0,2.752
122.0,2.752
123.0,2.752
124.0,2.752
125.0,2.752
126.0,2.752
127.0,2.752
128.0,2.7089999999999996
129.0,2.752
130.0,2.7089999999999996
131.0,2.7089999999999996
132.0,2.7089999999999996
133.0,2.7089999999999996
134.0,2.752
135.0,2.7089999999999996
136.0,2.7089999999999996
137.0,2.7089999999999996
138.0,2.7089999999999996
139.0,2.666
140.0,2.666
141.0,2.666
142.0,2.7089999999999996
143.0,2.7089999999999996
144.0,2.666
145.0,2.666
146.0,2.666
147.0,2.666
148.0,2.666
149.0,2.666
150.0,2.666
151.0,2.666
152.0,2.666
153.0,2.6229999999999998
154.0,2.666
155.0,2.6229999999999998
156.0,2.6229999999999998
157.0,2.6229999999999998
158.0,2.6229999999999998
159.0,2.6229999999999998
160.0,2.6229999999999998
161.0,2.6229999999999998
162.0,2.6229999999999998
163.0,2.6229999999999998
164.0,2.5799999999999996
165.0,2.5799999999999996
166.0,2.6229999999999998
167.0,2.6229999999999998
168.0,2.6229999999999998
169.0,2.5799999999999996
170.0,2.5799999999999996
171.0,2.5799999999999996
172.0,2.5799999999999996
173.0,2.5799999999999996
174.0,2.5799999999999996
175.0,2.5799999999999996
176.0,2.5799999999999996
177.0,2.5799999999999996
178.0,2.5799999999999996
179.0,2.5799999999999996
180.0,2.537
181.0,2.537
182.0,2.537
183.0,2.537
184.0,2.537
185.0,2.5799999999999996
186.0,2.537
187.0,2.537
188.0,2.537
189.0,2.537
190.0,2.537
191.0,2.537
192.0,2.537
193.0,2.537
194.0,2.537
195.0,2.537
196.0,2.537
197.0,2.537
198.0,2.4939999999999998
199.0,2.4939999999999998
200.0,2.537
201.0,2.4939999999999998
202.0,2.4939999999999998
203.0,2.4939999999999998
204.0,2.4939999999999998
205.0,2.4939999999999998
206.0,2.4939999999999998
207.0,2.537
208.0,2.4939999999999998
209.0,2.4939999999999998
210.0,2.4939999999999998
211.0,2.4939999999999998
212.0,2.4939999999999998
213.0,2.4939999999999998
214.0,2.4939999999999998
215.0,2.4939999999999998
216.0,2.4939999999999998
217.0,2.4939999999999998
218.0,2.4939999999999998
219.0,2.4939999999999998
220.0,2.4939999999999998
221.0,2.4939999999999998
222.0,2.4509999999999996
223.0,2.4939999999999998
224.0,2.4939999999999998
225.0,2.4939999999999998
226.0,2.4939999999999998
227.0,2.4509999999999996
228.0,2.4939999999999998
229.0,2.4509999999999996
230.0,2.4939999999999998
231.0,2.4509999999999996
232.0,2.4509999999999996
233.0,2.4509999999999996
234.0,2.4509999999999996
235.0,2.4509999999999996
236.0,2.4509999999999996
237.0,2.4509999999999996
238.0,2.4509999999999996
239.0,2.4509999999999996
240.0,2.4939999999999998
241.0,2.4509999999999996
242.0,2.408
243.0,2.4509999999999996
244.0,2.4509999999999996
245.0,2.4509999999999996
246.0,2.408
247.0,2.4509999999999996
248.0,2.4509999999999996
249.0,2.4509999999999996
250.0,2.408
251.0,2.408
252.0,2.4509999999999996
253.0,2.4509999999999996
254.0,2.408
255.0,2.408
256.0,2.408
257.0,2.408
258.0,2.4509999999999996
259.0,2.4509999999999996
260.0,2.408
261.0,2.408
262.0,2.408
263.0,2.408
264.0,2.408
265.0,2.408
266.0,2.4509999999999996
267.0,2.4509999999999996
268.0,2.4509999999999996
269.0,2.408
270.0,2.408
271.0,2.408
272.0,2.408
273.0,2.408
274.0,2.408
275.0,2.408
276.0,2.4509999999999996
277.0,2.408
278.0,2.408
279.0,2.408
280.0,2.3649999999999998
281.0,2.408
282.0,2.408
283.0,2.408
284.0,2.408
285.0,2.408
286.0,2.408
287.0,2.408
288.0,2.408
289.0,2.408
290.0,2.408
291.0,2.408
292.0,2.408
293.0,2.408
294.0,2.408
295.0,2.408
296.0,2.408
297.0,2.3649999999999998
298.0,2.3649999999999998
299.0,2.3649999999999998
300.0,2.3649999999999998
301.0,2.3649999999999998
302.0,2.3649999999999998
303.0,2.408
304.0,2.3649999999999998
305.0,2.3649999999999998
306.0,2.3649999999999998
307.0,2.3649999999999998
308.0,2.3649999999999998
309.0,2.3649999999999998
310.0,2.3649999999999998
311.0,2.3649999999999998
312.0,2.3649999999999998
313.0,2.3649999999999998
314.0,2.3649999999999998
315.0,2.3649999999999998
316.0,2.3649999999999998
317.0,2.3649999999999998
318.0,2.3649999999999998
319.0,2.3649999999999998
320.0,2.3649999999999998
321.0,2.3649999999999998
322.0,2.3649999999999998
323.0,2.3649999999999998
324.0,2.3649999999999998
325.0,2.3649999999999998
326.0,2.3219999999999996
327.0,2.3649999999999998
328.0,2.3649999999999998
329.0,2.3649999999999998
330.0,2.3649999999999998
331.0,2.3219999999999996
332.0,2.3649999999999998
333.0,2.3219999999999996
334.0,2.3649999999999998
335.0,2.3649999999999998
336.0,2.3649999999999998
337.0,2.3649999999999998
338.0,2.3649999999999998
339.0,2.3219999999999996
340.0,2.3649999999999998
341.0,2.3219999999999996
342.0,2.3649999999999998
343.0,2.3649999999999998
344.0,2.3649999999999998
345.0,2.3649999999999998
346.0,2.3219999999999996
347.0,2.3219999999999996
348.0,2.3649999999999998
349.0,2.3649999999999998
350.0,2.3649999999999998
351.0,2.3649999999999998
352.0,2.3649999999999998
353.0,2.3649999999999998
354.0,2.3219999999999996
355.0,2.3219999999999996
356.0,2.3219999999999996
357.0,2.3219999999999996
358.0,2.3649999999999998
359.0,2.3649999999999998
360.0,2.3649999999999998
361.0,2.3649999999999998
362.0,2.3219999999999996
363.0,2.3649999999999998
364.0,2.3219999999999996
365.0,2.3219999999999996
366.0,2.3649999999999998
367.0,2.3219999999999996
368.0,2.3219999999999996
369.0,2.3219999999999996
370.0,2.3219999999999996
371.0,2.3219999999999996
372.0,2.3219999999999996
373.0,2.3219999999999996
374.0,2.3219999999999996
375.0,2.3219999999999996
376.0,2.3219999999999996
377.0,2.3219999999999996
378.0,2.3219999999999996
379.0,2.3219999999999996
380.0,2.3219999999999996
381.0,2.3219999999999996
382.0,2.3219999999999996
383.0,2.279
384.0,2.3219999999999996
385.0,2.3219999999999996
386.0,2.3219999999999996
387.0,2.3219999999999996
388.0,2.3219999999999996
389.0,2.3219999999999996
390.0,2.3219999999999996
391.0,2.3219999999999996
392.0,2.3219999999999996
393.0,2.3219999999999996
394.0,2.3219999999999996
395.0,2.3219999999999996
396.0,2.3219999999999996
397.0,2.279
398.0,2.3219999999999996
399.0,2.279
400.0,2.3219999999999996
401.0,2.3219999999999996
402.0,2.279
403.0,2.3219999999999996
404.0,2.279
405.0,2.279
406.0,2.279
407.0,2.279
408.0,2.279
409.0,2.3219999999999996
410.0,2.279
411.0,2.3219999999999996
412.0,2.279
413.0,2.279
414.0,2.279
415.0,2.279
416.0,2.3219999999999996
417.0,2.279
418.0,2.3219999999999996
419.0,2.3219999999999996
420.0,2.279
421.0,2.3219999999999996
422.0,2.279
423.0,2.279
424.0,2.279
425.0,2.279
426.0,2.279
427.0,2.279
428.0,2.279
429.0,2.279
430.0,2.279
431.0,2.279
432.0,2.279
433.0,2.279
434.0,2.279
435.0,2.279
436.0,2.279
437.0,2.279
438.0,2.279
439.0,2.279
440.0,2.279
441.0,2.279
442.0,2.279
443.0,2.279
444.0,2.279
445.0,2.279
446.0,2.279
447.0,2.279
448.0,2.279
449.0,2.279
450.0,2.279
451.0,2.279
452.0,2.279
453.0,2.279
454.0,2.279
455.0,2.279
456.0,2.279
457.0,2.279
458.0,2.279
459.0,2.279
460.0,2.279
461.0,2.279
462.0,2.279
463.0,2.279
464.0,2.279
465.0,2.2359999999999998
466.0,2.279
467.0,2.279
468.0,2.279
469.0,2.279
470.0,2.279
471.0,2.279
472.0,2.279
473.0,2.279
474.0,2.279
475.0,2.279
476.0,2.279
477.0,2.279
478.0,2.279
479.0,2.279
480.0,2.2359999999999998
481.0,2.2359999999999998
482.0,2.2359999999999998
483.0,2.2359999999999998
484.0,2.2359999999999998
485.0,2.2359999999999998
486.0,2.2359999999999998
487.0,2.2359999999999998
488.0,2.2359999999999998
489.0,2.2359999999999998
490.0,2.2359999999999998
491.0,2.2359999999999998
492.0,2.2359999999999998
493.0,2.279
494.0,2.2359999999999998
495.0,2.279
496.0,2.279
497.0,2.2359999999999998
498.0,2.2359999999999998
499.0,2.2359999999999998
500.0,2.279
501.0,2.2359999999999998
502.0,2.279
503.0,2.2359999999999998
504.0,2.279
505.0,2.2359999999999998
506.0,2.279
507.0,2.279
508.0,2.279
509.0,2.2359999999999998
510.0,2.2359999999999998
511.0,2.2359999999999998
512.0,2.2359999999999998
513.0,2.2359999999999998
514.0,2.279
515.0,2.2359999999999998
516.0,2.2359999999999998
517.0,2.2359999999999998
518.0,2.2359999999999998
519.0,2.2359999999999998
520.0,2.2359999999999998
521.0,2.2359999999999998
522.0,2.2359999999999998
523.0,2.2359999999999998
524.0,2.2359999999999998
525.0,2.2359999999999998
526.0,2.2359999999999998
527.0,2.2359999999999998
528.0,2.2359999999999998
529.0,2.2359999999999998
530.0,2.2359999999999998
531.0,2.2359999999999998
532.0,2.2359999999999998
533.0,2.2359999999999998
534.0,2.2359999999999998
535.0,2.279
536.0,2.2359999999999998
537.0,2.2359999999999998
538.0,2.2359999999999998
539.0,2.1929999999999996
540.0,2.2359999999999998
541.0,2.2359999999999998
542.0,2.2359999999999998
543.0,2.279
544.0,2.2359999999999998
545.0,2.1929999999999996
546.0,2.2359999999999998
547.0,2.1929999999999996
548.0,2.279
549.0,2.1929999999999996
550.0,2.1929999999999996
551.0,2.2359999999999998
552.0,2.1929999999999996
553.0,2.1929999999999996
554.0,2.2359999999999998
555.0,2.1929999999999996
556.0,2.2359999999999998
557.0,2.2359999999999998
558.0,2.2359999999999998
559.0,2.2359999999999998
560.0,2.2359999999999998
561.0,2.279
562.0,2.2359999999999998
563.0,2.2359999999999998
564.0,2.2359999999999998
565.0,2.2359999999999998
566.0,2.2359999999999998
567.0,2.2359999999999998
568.0,2.2359999999999998
569.0,2.2359999999999998
570.0,2.2359999999999998
571.0,2.2359999999999998
572.0,2.2359999999999998
573.0,2.2359999999999998
574.0,2.2359999999999998
575.0,2.2359999999999998
576.0,2.2359999999999998
577.0,2.2359999999999998
578.0,2.2359999999999998
579.0,2.1929999999999996
580.0,2.2359999999999998
581.0,2.1929999999999996
582.0,2.2359999999999998
583.0,2.1929999999999996
584.0,2.2359999999999998
585.0,2.1929999999999996
586.0,2.2359999999999998
587.0,2.1929999999999996
588.0,2.2359999999999998
589.0,2.1929999999999996
590.0,2.1929999999999996
591.0,2.1929999999999996
592.0,2.2359999999999998
593.0,2.2359999999999998
594.0,2.1929999999999996
595.0,2.1929999999999996
596.0,2.1929999999999996
597.0,2.1929999999999996
598.0,2.2359999999999998
599.0,2.1929999999999996
600.0,2.2359999999999998
601.0,2.1929999999999996
602.0,2.2359999999999998
603.0,2.1929999999999996
604.0,2.2359999999999998
605.0,2.1929999999999996
606.0,2.2359999999999998
607.0,2.2359999999999998
608.0,2.2359999999999998
609.0,2.1929999999999996
610.0,2.2359999999999998
611.0,2.1929999999999996
612.0,2.2359999999999998
613.0,2.2359999999999998
614.0,2.2359999999999998
615.0,2.1929999999999996
616.0,2.2359999999999998
617.0,2.1929999999999996
618.0,2.2359999999999998
619.0,2.1929999999999996
620.0,2.2359999999999998
621.0,2.1929999999999996
622.0,2.2359999999999998
623.0,2.1929999999999996
624.0,2.2359999999999998
625.0,2.1929999999999996
626.0,2.2359999999999998
627.0,2.1929999999999996
628.0,2.1929999999999996
629.0,2.1929999999999996
630.0,2.1929999999999996
631.0,2.1929999999999996
632.0,2.2359999999999998
633.0,2.1929999999999996
634.0,2.1929999999999996
635.0,2.1929999999999996
636.0,2.1929999999999996
637.0,2.1929999999999996
638.0,2.2359999999999998
639.0,2.1929999999999996
640.0,2.2359999999999998
641.0,2.1929999999999996
642.0,2.1929999999999996
643.0,2.2359999999999998
644.0,2.1929999999999996
645.0,2.2359999999999998
646.0,2.1929999999999996
647.0,2.1929999999999996
648.0,2.1929999999999996
649.0,2.15
650.0,2.1929999999999996
651.0,2.1929999999999996
652.0,2.1929999999999996
653.0,2.2359999999999998
654.0,2.1929999999999996
655.0,2.1929999999999996
656.0,2.1929999999999996
657.0,2.1929999999999996
658.0,2.2359999999999998
659.0,2.1929999999999996
660.0,2.1929999999999996
661.0,2.1929999999999996
662.0,2.2359999999999998
663.0,2.1929999999999996
664.0,2.1929999999999996
665.0,2.1929999999999996
666.0,2.1929999999999996
667.0,2.15
668.0,2.1929999999999996
669.0,2.1929999999999996
670.0,2.2359999999999998
671.0,2.1929999999999996
672.0,2.1929999999999996
673.0,2.1929999999999996
674.0,2.1929999999999996
675.0,2.1929999999999996
676.0,2.1929999999999996
677.0,2.1929999999999996
678.0,2.1929999999999996
679.0,2.1929999999999996
680.0,2.1929999999999996
681.0,2.1929999999999996
682.0,2.1929999999999996
683.0,2.1929999999999996
684.0,2.1929999999999996
685.0,2.1929999999999996
686.0,2.1929999999999996
687.0,2.1929999999999996
688.0,2.1929999999999996
689.0,2.1929999999999996
690.0,2.1929999999999996
691.0,2.1929999999999996
692.0,2.1929999999999996
693.0,2.1929999999999996
694.0,2.1929999999999996
695.0,2.1929999999999996
696.0,2.1929999999999996
697.0,2.1929999999999996
698.0,2.15
699.0,2.15
700.0,2.15
701.0,2.1929999999999996
702.0,2.2359999999999998
703.0,2.1929999999999996
704.0,2.15
705.0,2.15
706.0,2.15
707.0,2.1929999999999996
708.0,2.15
709.0,2.1929999999999996
710.0,2.1929999999999996
711.0,2.1929999999999996
712.0,2.1929999999999996
713.0,2.1929999999999996
714.0,2.1929999999999996
715.0,2.15
716.0,2.15
717.0,2.1929999999999996
718.0,2.1929999999999996
719.0,2.1929999999999996
720.0,2.1929999999999996
721.0,2.1929999999999996
722.0,2.15
723.0,2.15
724.0,2.1929999999999996
725.0,2.15
726.0,2.1929999999999996
727.0,2.1929999999999996
728.0,2.15
729.0,2.1929999999999996
730.0,2.15
731.0,2.15
732.0,2.1929999999999996
733.0,2.1929999999999996
734.0,2.15
735.0,2.15
736.0,2.15
737.0,2.15
738.0,2.15
739.0,2.15
740.0,2.15
741.0,2.1929999999999996
742.0,2.15
743.0,2.1929999999999996
744.0,2.15
745.0,2.1929999999999996
746.0,2.1929999999999996
747.0,2.1929999999999996
748.0,2.15
749.0,2.15
750.0,2.15
751.0,2.1929999999999996
752.0,2.1929999999999996
753.0,2.1929999999999996
754.0,2.15
755.0,2.15
756.0,2.15
757.0,2.15
758.0,2.15
759.0,2.1929999999999996
760.0,2.15
761.0,2.1929999999999996
762.0,2.15
763.0,2.15
764.0,2.15
765.0,2.15
766.0,2.15
767.0,2.15
768.0,2.15
769.0,2.15
770.0,2.15
771.0,2.15
772.0,2.15
773.0,2.15
774.0,2.15
775.0,2.15
776.0,2.15
777.0,2.1929999999999996
778.0,2.15
779.0,2.1929999999999996
780.0,2.15
781.0,2.15
782.0,2.15
783.0,2.1929999999999996
784.0,2.15
785.0,2.15
786.0,2.15
787.0,2.15
788.0,2.1929999999999996
789.0,2.15
790.0,2.15
791.0,2.15
792.0,2.15
793.0,2.15
794.0,2.15
795.0,2.15
796.0,2.15
797.0,2.15
798.0,2.15
799.0,2.15
800.0,2.15
801.0,2.15
802.0,2.15
803.0,2.1929999999999996
804.0,2.15
805.0,2.15
806.0,2.15
807.0,2.15
808.0,2.15
809.0,2.15
810.0,2.15
811.0,2.1929999999999996
812.0,2.15
813.0,2.15
814.0,2.15
815.0,2.15
816.0,2.15
817.0,2.15
818.0,2.15
819.0,2.15
820.0,2.15
821.0,2.15
822.0,2.15
823.0,2.15
824.0,2.15
825.0,2.15
826.0,2.15
827.0,2.15
828.0,2.15
829.0,2.15
830.0,2.15
831.0,2.15
832.0,2.15
833.0,2.1069999999999998
834.0,2.15
835.0,2.15
836.0,2.15
837.0,2.1069999999999998
838.0,2.15
839.0,2.15
840.0,2.15
841.0,2.15
842.0,2.15
843.0,2.15
844.0,2.15
845.0,2.15
846.0,2.15
847.0,2.15
848.0,2.15
849.0,2.15
850.0,2.15
851.0,2.15
852.0,2.15
853.0,2.1069999999999998
854.0,2.15
855.0,2.15
856.0,2.15
857.0,2.15
858.0,2.15
859.0,2.15
860.0,2.1069999999999998
861.0,2.15
862.0,2.15
863.0,2.15
864.0,2.15
865.0,2.15
866.0,2.15
867.0,2.15
868.0,2.15
869.0,2.15
870.0,2.15
871.0,2.1069999999999998
872.0,2.15
873.0,2.1069999999999998
874.0,2.15
875.0,2.15
876.0,2.15
877.0,2.15
878.0,2.1069999999999998
879.0,2.1069999999999998
880.0,2.15
881.0,2.1069999999999998
882.0,2.15
883.0,2.1069999999999998
884.0,2.15
885.0,2.15
886.0,2.15
887.0,2.15
888.0,2.15
889.0,2.15
890.0,2.15
891.0,2.1069999999999998
892.0,2.1069999999999998
893.0,2.1069999999999998
894.0,2.15
895.0,2.1069999999999998
896.0,2.15
897.0,2.15
898.0,2.15
899.0,2.15
900.0,2.15
901.0,2.15
902.0,2.15
903.0,2.15
904.0,2.15
905.0,2.15
906.0,2.15
907.0,2.15
908.0,2.1069999999999998
909.0,2.15
910.0,2.15
911.0,2.15
912.0,2.15
913.0,2.1069999999999998
914.0,2.15
915.0,2.1069999999999998
916.0,2.15
917.0,2.15
918.0,2.15
919.0,2.15
920.0,2.1069999999999998
921.0,2.1069999999999998
922.0,2.1069999999999998
923.0,2.1069999999999998
924.0,2.1069999999999998
925.0,2.1069999999999998
926.0,2.1069999999999998
927.0,2.15
928.0,2.15
929.0,2.15
930.0,2.1069999999999998
931.0,2.1069999999999998
932.0,2.15
933.0,2.1069999999999998
934.0,2.15
935.0,2.1069999999999998
936.0,2.15
937.0,2.1069999999999998
938.0,2.1069999999999998
939.0,2.1069999999999998
940.0,2.1069999999999998
941.0,2.15
942.0,2.1069999999999998
943.0,2.15
944.0,2.1069999999999998
945.0,2.1069999999999998
946.0,2.15
947.0,2.15
948.0,2.1069999999999998
949.0,2.15
950.0,2.15
951.0,2.15
952.0,2.1069999999999998
953.0,2.15
954.0,2.1069999999999998
955.0,2.15
956.0,2.1069999999999998
957.0,2.1069999999999998
958.0,2.1069999999999998
959.0,2.1069999999999998
960.0,2.1069999999999998
961.0,2.1069999999999998
962.0,2.15
963.0,2.1069999999999998
964.0,2.1069999999999998
965.0,2.1069999999999998
966.0,2.1069999999999998
967.0,2.1069999999999998
968.0,2.1069999999999998
969.0,2.1069999999999998
970.0,2.1069999999999998
971.0,2.1069999999999998
972.0,2.1069999999999998
973.0,2.1069999999999998
974.0,2.1069999999999998
975.0,2.1069999999999998
976.0,2.1069999999999998
977.0,2.1069999999999998
978.0,2.1069999999999998
979.0,2.1069999999999998
980.0,2.1069999999999998
981.0,2.1069999999999998
982.0,2.1069999999999998
983.0,2.1069999999999998
984.0,2.15
985.0,2.1069999999999998
986.0,2.1069999999999998
987.0,2.1069999999999998
988.0,2.1069999999999998
989.0,2.1069999999999998
990.0,2.064
991.0,2.15
992.0,2.1069999999999998
993.0,2.1069999999999998
994.0,2.1069999999999998
995.0,2.1069999999999998
996.0,2.1069999999999998
997.0,2.1069999999999998
998.0,2.064
999.0,2.1069999999999998
1000.0,2.1069999999999998
1001.0,2.1069999999999998
1002.0,2.1069999999999998
1003.0,2.1069999999999998
1004.0,2.1069999999999998
1005.0,2.064
1006.0,2.1069999999999998
1007.0,2.1069999999999998
1008.0,2.1069999999999998
1009.0,2.1069999999999998
1010.0,2.1069999999999998
1011.0,2.1069999999999998
1012.0,2.1069999999999998
1013.0,2.064
1014.0,2.1069999999999998
1015.0,2.1069999999999998
1016.0,2.1069999999999998
1017.0,2.1069999999999998
1018.0,2.1069999999999998
1019.0,2.1069999999999998
1020.0,2.1069999999999998
1021.0,2.1069999999999998
1022.0,2.1069999999999998
1023.0,2.1069999999999998
1024.0,2.1069999999999998
1025.0,2.1069999999999998
1026.0,2.1069999999999998
1027.0,2.1069999999999998
1028.0,2.1069999999999998
1029.0,2.1069999999999998
1030.0,2.064
1031.0,2.1069999999999998
1032.0,2.1069999999999998
1033.0,2.064
1034.0,2.1069999999999998
1035.0,2.1069999999999998
1036.0,2.1069999999999998
1037.0,2.1069999999999998
1038.0,2.1069999999999998
1039.0,2.1069999999999998
1040.0,2.064
1041.0,2.1069999999999998
1042.0,2.1069999999999998
1043.0,2.1069999999999998
1044.0,2.1069999999999998
1045.0,2.1069999999999998
1046.0,2.1069999999999998
1047.0,2.1069999999999998
1048.0,2.1069999999999998
1049.0,2.064
1050.0,2.1069999999999998
1051.0,2.064
1052.0,2.1069999999999998
1053.0,2.1069999999999998
1054.0,2.1069999999999998
1055.0,2.064
1056.0,2.1069999999999998
1057.0,2.1069999999999998
1058.0,2.064
1059.0,2.064
1060.0,2.1069999999999998
1061.0,2.1069999999999998
1062.0,2.064
1063.0,2.064
1064.0,2.064
1065.0,2.064
1066.0,2.064
1067.0,2.064
1068.0,2.064
1069.0,2.064
1070.0,2.1069999999999998
1071.0,2.1069999999999998
1072.0,2.064
1073.0,2.064
1074.0,2.1069999999999998
1075.0,2.064
1076.0,2.1069999999999998
1077.0,2.1069999999999998
1078.0,2.1069999999999998
1079.0,2.1069999999999998
1080.0,2.1069999999999998
1081.0,2.064
1082.0,2.1069999999999998
1083.0,2.064
1084.0,2.1069999999999998
1085.0,2.1069999999999998
1086.0,2.1069999999999998
1087.0,2.1069999999999998
1088.0,2.064
1089.0,2.064
1090.0,2.064
1091.0,2.064
1092.0,2.064
1093.0,2.1069999999999998
1094.0,2.1069999999999998
1095.0,2.1069999999999998
1096.0,2.064
1097.0,2.064
1098.0,2.064
1099.0,2.1069999999999998
1100.0,2.064
1101.0,2.1069999999999998
1102.0,2.064
1103.0,2.064
1104.0,2.064
1105.0,2.064
1106.0,2.064
1107.0,2.064
1108.0,2.064
1109.0,2.064
1110.0,2.1069999999999998
1111.0,2.064
1112.0,2.1069999999999998
1113.0,2.064
1114.0,2.1069999999999998
1115.0,2.064
1116.0,2.1069999999999998
1117.0,2.1069999999999998
1118.0,2.064
1119.0,2.1069999999999998
1120.0,2.1069999999999998
1121.0,2.064
1122.0,2.064
1123.0,2.021
1124.0,2.064
1125.0,2.064
1126.0,2.1069999999999998
1127.0,2.1069999999999998
1128.0,2.064
1129.0,2.064
1130.0,2.064
1131.0,2.064
1132.0,2.064
1133.0,2.064
1134.0,2.064
1135.0,2.064
1136.0,2.1069999999999998
1137.0,2.064
1138.0,2.064
1139.0,2.064
1140.0,2.064
1141.0,2.064
1142.0,2.064
1143.0,2.064
1144.0,2.064
1145.0,2.1069999999999998
1146.0,2.064
1147.0,2.064
1148.0,2.064
1149.0,2.064
1150.0,2.1069999999999998
1151.0,2.064
1152.0,2.1069999999999998
1153.0,2.1069999999999998
1154.0,2.1069999999999998
1155.0,2.064
1156.0,2.064
1157.0,2.064
1158.0,2.1069999999999998
1159.0,2.1069999999999998
1160.0,2.1069999999999998
1161.0,2.1069999999999998
1162.0,2.1069999999999998
1163.0,2.1069999999999998
1164.0,2.064
1165.0,2.064
1166.0,2.064
1167.0,2.064
1168.0,2.1069999999999998
1169.0,2.064
1170.0,2.064
1171.0,2.064
1172.0,2.064
1173.0,2.064
1174.0,2.064
1175.0,2.064
1176.0,2.064
1177.0,2.064
1178.0,2.1069999999999998
1179.0,2.1069999999999998
1180.0,2.064
1181.0,2.064
1182.0,2.064
1183.0,2.064
1184.0,2.064
1185.0,2.064
1186.0,2.064
1187.0,2.064
1188.0,2.064
1189.0,2.064
1190.0,2.021
1191.0,2.064
1192.0,2.1069999999999998
1193.0,2.064
1194.0,2.064
1195.0,2.064
1196.0,2.064
1197.0,2.021
1198.0,2.064
1199.0,2.064
1200.0,2.064
1201.0,2.064
1202.0,2.1069999999999998
1203.0,2.064
1204.0,2.064
1205.0,2.021
1206.0,2.064
1207.0,2.064
1208.0,2.064
1209.0,2.064
1210.0,2.064
1211.0,2.064
1212.0,2.064
1213.0,2.064
1214.0,2.064
1215.0,2.021
1216.0,2.021
1217.0,2.064
1218.0,2.064
1219.0,2.064
1220.0,2.021
1221.0,2.064
1222.0,2.021
1223.0,2.021
1224.0,2.064
1225.0,2.064
1226.0,2.064
1227.0,2.021
1228.0,2.064
1229.0,2.064
1230.0,2.021
1231.0,2.064
1232.0,2.021
1233.0,2.021
1234.0,2.021
1235.0,2.064
1236.0,2.064
1237.0,2.064
1238.0,2.021
1239.0,2.021
1240.0,2.064
1241.0,2.021
1242.0,2.064
1243.0,2.021
1244.0,2.064
1245.0,2.021
1246.0,2.064
1247.0,2.021
1248.0,2.021
1249.0,2.021
1250.0,2.1069999999999998
1251.0,2.021
1252.0,2.021
1253.0,2.021
1254.0,2.064
1255.0,2.021
1256.0,2.021
1257.0,2.021
1258.0,2.021
1259.0,2.064
1260.0,2.021
1261.0,2.021
1262.0,2.064
1263.0,2.021
1264.0,2.021
1265.0,2.064
1266.0,2.064
1267.0,2.021
1268.0,2.064
1269.0,2.064
1270.0,2.064
1271.0,2.021
1272.0,2.021
1273.0,2.021
1274.0,2.064
1275.0,2.064
1276.0,2.064
1277.0,2.021
1278.0,2.021
1279.0,2.021
1280.0,2.021
1281.0,2.021
1282.0,2.064
1283.0,2.021
1284.0,2.021
1285.0,2.021
1286.0,2.064
1287.0,2.064
1288.0,2.021
1289.0,2.021
1290.0,2.021
1291.0,2.021
1292.0,2.064
1293.0,2.064
1294.0,2.021
1295.0,2.021
1296.0,2.021
1297.0,2.021
1298.0,2.021
1299.0,2.064
1300.0,2.021
1301.0,2.021
1302.0,2.021
1303.0,2.064
1304.0,2.064
1305.0,2.021
1306.0,2.021
1307.0,2.021
1308.0,2.021
1309.0,2.021
1310.0,2.021
1311.0,2.021
1312.0,2.021
1313.0,2.021
1314.0,2.021
1315.0,2.021
1316.0,2.021
1317.0,2.064
1318.0,2.021
1319.0,2.021
1320.0,2.021
1321.0,2.021
1322.0,2.021
1323.0,2.021
1324.0,2.021
1325.0,2.021
1326.0,2.064
1327.0,2.021
1328.0,2.021
1329.0,2.021
1330.0,2.064
1331.0,2.021
1332.0,2.021
1333.0,2.064
1334.0,2.021
1335.0,2.021
1336.0,2.021
1337.0,2.021
1338.0,2.021
1339.0,2.021
1340.0,2.021
1341.0,2.021
1342.0,2.021
1343.0,2.064
1344.0,2.021
1345.0,2.064
1346.0,2.021
1347.0,2.064
1348.0,2.021
1349.0,2.064
1350.0,2.021
1351.0,2.021
1352.0,2.021
1353.0,2.064
1354.0,2.064
1355.0,2.021
1356.0,2.021
1357.0,2.021
1358.0,2.021
1359.0,2.021
1360.0,2.021
1361.0,2.021
1362.0,2.021
1363.0,2.021
1364.0,2.021
1365.0,2.021
1366.0,2.021
1367.0,2.021
1368.0,2.021
1369.0,2.021
1370.0,2.021
1371.0,2.021
1372.0,2.021
1373.0,2.021
1374.0,2.021
1375.0,2.021
1376.0,2.021
1377.0,2.021
1378.0,2.021
1379.0,2.021
1380.0,2.021
1381.0,2.021
1382.0,2.021
1383.0,2.021
1384.0,2.021
1385.0,2.021
1386.0,2.021
1387.0,2.021
1388.0,2.021
1389.0,2.021
1390.0,2.021
1391.0,2.021
1392.0,2.021
1393.0,2.021
1394.0,2.021
1395.0,2.021
1396.0,2.021
1397.0,2.021
1398.0,2.021
1399.0,2.021
1400.0,2.021
1401.0,2.021
1402.0,2.021
1403.0,2.021
1404.0,2.021
1405.0,2.021
1406.0,2.021
1407.0,2.021
1408.0,2.021
1409.0,2.021
1410.0,2.021
1411.0,2.021
1412.0,2.021
1413.0,2.064
1414.0,2.021
1415.0,2.021
1416.0,2.021
1417.0,2.064
1418.0,2.021
1419.0,2.064
1420.0,2.021
1421.0,2.021
1422.0,2.021
1423.0,2.021
1424.0,2.021
1425.0,2.021
1426.0,2.021
1427.0,2.021
1428.0,2.021
1429.0,2.021
1430.0,2.021
1431.0,2.021
1432.0,2.021
1433.0,2.021
1434.0,2.021
1435.0,2.021
1436.0,2.021
1437.0,2.021
1438.0,2.021
1439.0,2.021
1440.0,2.021
1441.0,2.021
1442.0,2.021
1443.0,2.064
1444.0,2.021
1445.0,2.021
1446.0,2.021
1447.0,2.021
1448.0,2.021
1449.0,2.021
1450.0,2.021
1451.0,2.021
1452.0,2.021
1453.0,2.021
1454.0,2.021
1455.0,2.021
1456.0,2.021
1457.0,2.021
1458.0,2.021
1459.0,2.021
1460.0,2.021
1461.0,2.021
1462.0,2.021
1463.0,2.021
1464.0,2.021
1465.0,2.021
1466.0,2.021
1467.0,2.021
1468.0,2.021
1469.0,2.021
1470.0,2.021
1471.0,2.021
1472.0,2.021
1473.0,1.9779999999999998
1474.0,2.021
1475.0,2.021
1476.0,2.021
1477.0,2.021
1478.0,2.021
1479.0,2.021
1480.0,2.021
1481.0,1.9779999999999998
1482.0,2.021
1483.0,2.021
1484.0,2.021
1485.0,2.021
1486.0,2.021
1487.0,2.021
1488.0,2.021
1489.0,2.021
1490.0,1.9779999999999998
1491.0,2.021
1492.0,2.021
1493.0,2.021
1494.0,2.021
1495.0,1.9779999999999998
1496.0,2.021
1497.0,2.021
1498.0,2.021
1499.0,1.9779999999999998
1500.0,2.021
1501.0,2.021
1502.0,2.021
1503.0,2.021
1504.0,1.9779999999999998
1505.0,1.9779999999999998
1506.0,2.021
1507.0,1.9779999999999998
1508.0,2.021
1509.0,2.021
1510.0,2.021
1511.0,2.021
1512.0,2.021
1513.0,2.021
1514.0,1.9779999999999998
1515.0,1.9779999999999998
1516.0,2.021
1517.0,1.9779999999999998
1518.0,2.021
1519.0,2.021
1520.0,2.021
1521.0,1.9779999999999998
1522.0,1.9779999999999998
1523.0,1.9779999999999998
1524.0,2.021
1525.0,2.021
1526.0,2.021
1527.0,2.021
1528.0,2.021
1529.0,2.021
1530.0,1.9779999999999998
1531.0,1.9779999999999998
1532.0,1.9779999999999998
1533.0,1.9779999999999998
1534.0,2.021
1535.0,1.9779999999999998
1536.0,1.9779999999999998
1537.0,1.9779999999999998
1538.0,2.021
1539.0,2.021
1540.0,2.021
1541.0,2.021
1542.0,2.021
1543.0,2.021
1544.0,2.021
1545.0,1.9779999999999998
1546.0,1.9779999999999998
1547.0,2.021
1548.0,1.9779999999999998
1549.0,2.021
1550.0,2.021
1551.0,1.9779999999999998
1552.0,2.021
1553.0,2.021
1554.0,1.9779999999999998
1555.0,1.9779999999999998
1556.0,1.9779999999999998
1557.0,2.021
1558.0,1.9779999999999998
1559.0,2.021
1560.0,2.021
1561.0,1.9779999999999998
1562.0,2.021
1563.0,1.9779999999999998
1564.0,1.9779999999999998
1565.0,1.9779999999999998
1566.0,1.9779999999999998
1567.0,1.9779999999999998
1568.0,2.021
1569.0,2.021
1570.0,2.021
1571.0,1.9779999999999998
1572.0,2.021
1573.0,1.9779999999999998
1574.0,2.021
1575.0,1.9779999999999998
1576.0,1.9779999999999998
1577.0,1.9779999999999998
1578.0,1.9779999999999998
1579.0,1.9779999999999998
1580.0,1.9779999999999998
1581.0,1.9779999999999998
1582.0,1.9779999999999998
1583.0,1.9779999999999998
1584.0,2.021
1585.0,1.9779999999999998
1586.0,2.021
1587.0,2.021
1588.0,1.9779999999999998
1589.0,1.9779999999999998
1590.0,1.9779999999999998
1591.0,1.9779999999999998
1592.0,1.9779999999999998
1593.0,1.9779999999999998
1594.0,1.9779999999999998
1595.0,1.9779999999999998
1596.0,1.9779999999999998
1597.0,1.9779999999999998
1598.0,1.9779999999999998
1599.0,1.9779999999999998
1600.0,1.9779999999999998
1601.0,1.9779999999999998
1602.0,2.021
1603.0,1.9779999999999998
1604.0,2.021
1605.0,2.021
1606.0,1.9779999999999998
1607.0,1.9779999999999998
1608.0,1.9779999999999998
1609.0,1.9779999999999998
1610.0,1.9779999999999998
1611.0,1.9779999999999998
1612.0,2.021
1613.0,1.9779999999999998
1614.0,1.9779999999999998
1615.0,1.9779999999999998
1616.0,1.9779999999999998
1617.0,1.9779999999999998
1618.0,1.9779999999999998
1619.0,1.9779999999999998
1620.0,1.9779999999999998
1621.0,1.9779999999999998
1622.0,2.021
1623.0,1.9779999999999998
1624.0,1.9779999999999998
1625.0,1.9779999999999998
1626.0,1.9779999999999998
1627.0,1.9779999999999998
1628.0,1.9779999999999998
1629.0,1.9779999999999998
1630.0,1.9779999999999998
1631.0,1.9779999999999998
1632.0,1.9779999999999998
1633.0,1.9779999999999998
1634.0,1.9779999999999998
1635.0,2.021
1636.0,1.9779999999999998
1637.0,2.021
1638.0,1.9779999999999998
1639.0,1.9779999999999998
1640.0,1.9779999999999998
1641.0,1.9779999999999998
1642.0,1.9779999999999998
1643.0,1.9779999999999998
1644.0,1.9779999999999998
1645.0,1.9779999999999998
1646.0,1.9779999999999998
1647.0,1.9779999999999998
1648.0,2.021
1649.0,1.9779999999999998
1650.0,1.9779999999999998
1651.0,1.9779999999999998
1652.0,1.9779999999999998
1653.0,1.9779999999999998
1654.0,1.9779999999999998
1655.0,1.9779999999999998
1656.0,1.9779999999999998
1657.0,1.9779999999999998
1658.0,1.9779999999999998
1659.0,1.9779999999999998
1660.0,1.9779999999999998
1661.0,1.9779999999999998
1662.0,1.9779999999999998
1663.0,1.9779999999999998
1664.0,1.9779999999999998
1665.0,1.9779999999999998
1666.0,1.9779999999999998
1667.0,1.9779999999999998
1668.0,1.9779999999999998
1669.0,1.9779999999999998
1670.0,1.9779999999999998
1671.0,1.9779999999999998
1672.0,1.9779999999999998
1673.0,1.9779999999999998
1674.0,1.9779999999999998
1675.0,1.9779999999999998
1676.0,1.9779999999999998
1677.0,1.9779999999999998
1678.0,1.9779999999999998
1679.0,1.9779999999999998
1680.0,1.9779999999999998
1681.0,1.9779999999999998
1682.0,1.9779999999999998
1683.0,1.9779999999999998
1684.0,1.9779999999999998
1685.0,1.9779999999999998
1686.0,1.9779999999999998
1687.0,1.9779999999999998
1688.0,1.9779999999999998
1689.0,1.9779999999999998
1690.0,1.9779999999999998
1691.0,1.9779999999999998
1692.0,1.9779999999999998
1693.0,1.9779999999999998
1694.0,1.9779999999999998
1695.0,1.9779999999999998
1696.0,1.9779999999999998
1697.0,1.9779999999999998
1698.0,1.9779999999999998
1699.0,1.9779999999999998
1700.0,1.9779999999999998
1701.0,1.9779999999999998
1702.0,1.9779999999999998
1703.0,1.9779999999999998
1704.0,1.9779999999999998
1705.0,1.9779999999999998
1706.0,1.9779999999999998
1707.0,1.9779999999999998
1708.0,1.9779999999999998
1709.0,1.9779999999999998
1710.0,1.9779999999999998
1711.0,1.9779999999999998
1712.0,1.9779999999999998
1713.0,1.9779999999999998
1714.0,1.9779999999999998
1715.0,1.9779999999999998
1716.0,1.9779999999999998
1717.0,1.9779999999999998
1718.0,1.9779999999999998
1719.0,1.9779999999999998
1720.0,1.9779999999999998
1721.0,1.9779999999999998
1722.0,1.9779999999999998
1723.0,1.9779999999999998
1724.0,1.9779999999999998
1725.0,1.9779999999999998
1726.0,1.9779999999999998
1727.0,1.9779999999999998
1728.0,1.9779999999999998
1729.0,1.9779999999999998
1730.0,1.9349999999999998
1731.0,1.9779999999999998
1732.0,1.9779999999999998
1733.0,1.9779999999999998
1734.0,1.9779999999999998
1735.0,1.9779999999999998
1736.0,1.9779999999999998
1737.0,1.9779999999999998
1738.0,1.9779999999999998
1739.0,1.9779999999999998
1740.0,1.9779999999999998
1741.0,1.9779999999999998
1742.0,1.9779999999999998
1743.0,1.9779999999999998
1744.0,1.9779999999999998
1745.0,1.9779999999999998
1746.0,1.9779999999999998
1747.0,1.9779999999999998
1748.0,1.9779999999999998
1749.0,1.9349999999999998
1750.0,1.9779999999999998
1751.0,1.9779999999999998
1752.0,1.9779999999999998
1753.0,2.021
1754.0,1.9779999999999998
1755.0,1.9779999999999998
1756.0,1.9779999999999998
1757.0,1.9779999999999998
1758.0,1.9779999999999998
1759.0,1.9779999999999998
1760.0,1.9779999999999998
1761.0,1.9779999999999998
1762.0,1.9779999999999998
1763.0,1.9779999999999998
1764.0,1.9779999999999998
1765.0,1.9779999999999998
1766.0,1.9779999999999998
1767.0,1.9779999999999998
1768.0,1.9779999999999998
1769.0,1.9779999999999998
1770.0,1.9779999999999998
1771.0,1.9779999999999998
1772.0,1.9779999999999998
1773.0,1.9779999999999998
1774.0,1.9779999999999998
1775.0,1.9779999999999998
1776.0,1.9779999999999998
1777.0,1.9779999999999998
1778.0,1.9779999999999998
1779.0,1.9779999999999998
1780.0,1.9779999999999998
1781.0,1.9779999999999998
1782.0,1.9779999999999998
1783.0,1.9349999999999998
1784.0,1.9779999999999998
1785.0,1.9779999999999998
1786.0,1.9779999999999998
1787.0,1.9779999999999998
1788.0,1.9779999999999998
1789.0,1.9779999999999998
1790.0,1.9779999999999998
1791.0,1.9349999999999998
1792.0,1.9779999999999998
1793.0,1.9779999999999998
1794.0,1.9779999999999998
1795.0,1.9779999999999998
1796.0,1.9779999999999998
1797.0,1.9779999999999998
1798.0,1.9779999999999998
1799.0,1.9779999999999998
1800.0,1.9779999999999998
1801.0,1.9779999999999998
1802.0,1.9779999999999998
1803.0,1.9779999999999998
1804.0,1.9779999999999998
1805.0,1.9779999999999998
1806.0,1.9779999999999998
1807.0,1.9349999999999998
1808.0,1.9779999999999998
1809.0,1.9779999999999998
1810.0,1.9779999999999998
1811.0,1.9779999999999998
1812.0,1.9779999999999998
1813.0,1.9349999999999998
1814.0,1.9779999999999998
1815.0,1.9349999999999998
1816.0,1.9779999999999998
1817.0,1.9779999999999998
1818.0,1.9779999999999998
1819.0,1.9779999999999998
1820.0,1.9779999999999998
1821.0,1.9779999999999998
1822.0,1.9779999999999998
1823.0,1.9349999999999998
1824.0,1.9779999999999998
1825.0,1.9779999999999998
1826.0,1.9779999999999998
1827.0,1.9779999999999998
1828.0,1.9779999999999998
1829.0,1.9779999999999998
1830.0,1.9779999999999998
1831.0,1.9779999999999998
1832.0,1.9779999999999998
1833.0,1.9779999999999998
1834.0,1.9779999999999998
1835.0,1.9779999999999998
1836.0,1.9779999999999998
1837.0,1.9779999999999998
1838.0,1.9779999999999998
1839.0,1.9779999999999998
1840.0,1.9779999999999998
1841.0,1.9349999999999998
1842.0,1.9779999999999998
1843.0,1.9779999999999998
1844.0,1.9349999999999998
1845.0,1.9779999999999998
1846.0,1.9779999999999998
1847.0,1.9349999999999998
1848.0,1.9779999999999998
1849.0,1.9349999999999998
1850.0,1.9349999999999998
1851.0,1.9349999999999998
1852.0,1.9779999999999998
1853.0,1.9349999999999998
1854.0,1.9779999999999998
1855.0,1.9779999999999998
1856.0,1.9779999999999998
1857.0,1.9349999999999998
1858.0,1.9779999999999998
1859.0,1.9349999999999998
1860.0,1.9779999999999998
1861.0,1.9779999999999998
1862.0,1.9349999999999998
1863.0,1.9349999999999998
1864.0,1.9779999999999998
1865.0,1.9349999999999998
1866.0,1.9779999999999998
1867.0,1.9349999999999998
1868.0,1.9779999999999998
1869.0,1.9349999999999998
1870.0,1.9349999999999998
1871.0,1.9349999999999998
1872.0,1.9779999999999998
1873.0,1.9779999999999998
1874.0,1.9349999999999998
1875.0,1.9779999999999998
1876.0,1.9779999999999998
1877.0,1.9779999999999998
1878.0,1.9779999999999998
1879.0,1.9779999999999998
1880.0,1.9779999999999998
1881.0,1.9349999999999998
1882.0,1.9779999999999998
1883.0,1.9349999999999998
1884.0,1.9779999999999998
1885.0,1.9349999999999998
1886.0,1.9349999999999998
1887.0,1.9779999999999998
1888.0,1.9349999999999998
1889.0,1.9349999999999998
1890.0,1.9779999999999998
1891.0,1.9779999999999998
1892.0,1.9779999999999998
1893.0,1.9349999999999998
1894.0,1.9349999999999998
1895.0,1.9779999999999998
1896.0,1.9349999999999998
1897.0,1.9349999999999998
1898.0,1.9779999999999998
1899.0,1.9349999999999998
1900.0,1.9349999999999998
1901.0,1.9349999999999998
1902.0,1.9779999999999998
1903.0,1.9779999999999998
1904.0,1.9349999999999998
1905.0,1.9779999999999998
1906.0,1.9779999999999998
1907.0,1.9349999999999998
1908.0,1.9349999999999998
1909.0,1.9349999999999998
1910.0,1.9779999999999998
1911.0,1.9349999999999998
1912.0,1.9349999999999998
1913.0,1.9349999999999998
1914.0,1.9349999999999998
1915.0,1.9349999999999998
1916.0,1.9349999999999998
1917.0,1.9349999999999998
1918.0,1.9779999999999998
1919.0,1.9349999999999998
1920.0,1.9349999999999998
1921.0,1.9349999999999998
1922.0,1.9779999999999998
1923.0,1.9349999999999998
1924.0,1.9349999999999998
1925.0,1.9349999999999998
1926.0,1.9349999999999998
1927.0,1.9349999999999998
1928.0,1.9779999999999998
1929.0,1.9349999999999998
1930.0,1.9779999999999998
1931.0,1.9349999999999998
1932.0,1.9349999999999998
1933.0,1.9349999999999998
1934.0,1.9349999999999998
1935.0,1.9349999999999998
1936.0,1.9349999999999998
1937.0,1.9349999999999998
1938.0,1.9349999999999998
1939.0,1.9349999999999998
1940.0,1.9349999999999998
1941.0,1.9349999999999998
1942.0,1.9779999999999998
1943.0,1.9349999999999998
1944.0,1.9349999999999998
1945.0,1.9349999999999998
1946.0,1.9779999999999998
1947.0,1.9349999999999998
1948.0,1.9349999999999998
1949.0,1.9349999999999998
1950.0,1.9779999999999998
1951.0,1.9349999999999998
1952.0,1.9349999999999998
1953.0,1.9349999999999998
1954.0,1.9349999999999998
1955.0,1.9349999999999998
1956.0,1.9349999999999998
1957.0,1.9349999999999998
1958.0,1.9779999999999998
1959.0,1.9349999999999998
1960.0,1.9349999999999998
1961.0,1.9349999999999998
1962.0,1.9349999999999998
1963.0,1.9349999999999998
1964.0,1.9349999999999998
1965.0,1.9349999999999998
1966.0,1.9349999999999998
1967.0,1.9349999999999998
1968.0,1.9349999999999998
1969.0,1.9349999999999998
1970.0,1.9349999999999998
1971.0,1.9349999999999998
1972.0,1.9349999999999998
1973.0,1.9349999999999998
1974.0,1.9349999999999998
1975.0,1.9349999999999998
1976.0,1.9349999999999998
1977.0,1.9349999999999998
1978.0,1.9349999999999998
1979.0,1.9349999999999998
1980.0,1.9349999999999998
1981.0,1.9349999999999998
1982.0,1.9349999999999998
1983.0,1.9349999999999998
1984.0,1.9349999999999998
1985.0,1.9349999999999998
1986.0,1.9779999999999998
1987.0,1.9349999999999998
1988.0,1.9349999999999998
1989.0,1.9349999999999998
1990.0,1.9349999999999998
1991.0,1.9349999999999998
1992.0,1.9349999999999998
1993.0,1.9349999999999998
1994.0,1.9349999999999998
1995.0,1.9349999999999998
1996.0,1.9349999999999998
1997.0,1.9349999999999998
1998.0,1.9349999999999998
1999.0,1.9349999999999998
2000.0,1.9349999999999998
2001.0,1.9349999999999998
2002.0,1.9349999999999998
2003.0,1.9349999999999998
2004.0,1.9779999999999998
2005.0,1.9349999999999998
2006.0,1.9349999999999998
2007.0,1.9349999999999998
2008.0,1.9349999999999998
2009.0,1.9779999999999998
2010.0,1.9349999999999998
2011.0,1.9349999999999998
2012.0,1.9349999999999998
2013.0,1.9349999999999998
2014.0,1.9349999999999998
2015.0,1.9349999999999998
2016.0,1.9349999999999998
2017.0,1.9349999999999998
2018.0,1.9349999999999998
2019.0,1.9349999999999998
2020.0,1.9349999999999998
2021.0,1.9349999999999998
2022.0,1.9349999999999998
2023.0,1.9349999999999998
2024.0,1.9349999999999998
2025.0,1.9349999999999998
2026.0,1.9349999999999998
2027.0,1.9349999999999998
2028.0,1.9349999999999998
2029.0,1.9349999999999998
2030.0,1.9349999999999998
2031.0,1.9349999999999998
2032.0,1.9349999999999998
2033.0,1.9349999999999998
2034.0,1.9349999999999998
2035.0,1.9349999999999998
2036.0,1.9349999999999998
2037.0,1.9349999999999998
2038.0,1.9349999999999998
2039.0,1.9349999999999998
2040.0,1.9349999999999998
2041.0,1.9349999999999998
2042.0,1.9349999999999998
2043.0,1.9349999999999998
2044.0,1.9349999999999998
2045.0,1.9349999999999998
2046.0,1.9349999999999998
2047.0,1.9349999999999998
2048.0,1.9349999999999998
2049.0,1.9349999999999998
2050.0,1.9349999999999998
2051.0,1.9349999999999998
2052.0,1.9349999999999998
2053.0,1.9349999999999998
2054.0,1.9349999999999998
2055.0,1.9349999999999998
2056.0,1.9349999999999998
2057.0,1.9349999999999998
2058.0,1.9349999999999998
2059.0,1.9349999999999998
2060.0,1.9349999999999998
2061.0,1.9349999999999998
2062.0,1.9349999999999998
2063.0,1.9349999999999998
2064.0,1.9349999999999998
2065.0,1.9349999999999998
2066.0,1.9349999999999998
2067.0,1.9349999999999998
2068.0,1.9349999999999998
2069.0,1.9349999999999998
2070.0,1.9349999999999998
2071.0,1.9349999999999998
2072.0,1.9349999999999998
2073.0,1.9349999999999998
2074.0,1.9349999999999998
2075.0,1.9349999999999998
2076.0,1.9349999999999998
2077.0,1.9349999999999998
2078.0,1.9349999999999998
2079.0,1.9349999999999998
2080.0,1.9349999999999998
2081.0,1.9349999999999998
2082.0,1.9349999999999998
2083.0,1.9349999999999998
2084.0,1.9349999999999998
2085.0,1.9349999999999998
2086.0,1.9349999999999998
2087.0,1.9349999999999998
2088.0,1.9349999999999998
2089.0,1.9349999999999998
2090.0,1.892
2091.0,1.9349999999999998
2092.0,1.9349999999999998
2093.0,1.9349999999999998
2094.0,1.9349999999999998
2095.0,1.9349999999999998
2096.0,1.9349999999999998
2097.0,1.9349999999999998
2098.0,1.9349999999999998
2099.0,1.9349999999999998
2100.0,1.9349999999999998
2101.0,1.9349999999999998
2102.0,1.9349999999999998
2103.0,1.9349999999999998
2104.0,1.9349999999999998
2105.0,1.9349999999999998
2106.0,1.9349999999999998
2107.0,1.9349999999999998
2108.0,1.9349999999999998
2109.0,1.9349999999999998
2110.0,1.9349999999999998
2111.0,1.9349999999999998
2112.0,1.9349999999999998
2113.0,1.9349999999999998
2114.0,1.9349999999999998
2115.0,1.9349999999999998
2116.0,1.892
2117.0,1.9349999999999998
2118.0,1.9349999999999998
2119.0,1.9349999999999998
2120.0,1.9349999999999998
2121.0,1.9349999999999998
2122.0,1.9349999999999998
2123.0,1.9349999999999998
2124.0,1.9349999999999998
2125.0,1.9349999999999998
2126.0,1.9349999999999998
2127.0,1.9349999999999998
2128.0,1.9349999999999998
2129.0,1.9349999999999998
2130.0,1.9349999999999998
2131.0,1.9349999999999998
2132.0,1.892
2133.0,1.9349999999999998
2134.0,1.9349999999999998
2135.0,1.9349999999999998
2136.0,1.9349999999999998
2137.0,1.9349999999999998
2138.0,1.9349999999999998
2139.0,1.9349999999999998
2140.0,1.9349999999999998
2141.0,1.9349999999999998
2142.0,1.9349999999999998
2143.0,1.9349999999999998
2144.0,1.9349999999999998
2145.0,1.9349999999999998
2146.0,1.9349999999999998
2147.0,1.892
2148.0,1.892
2149.0,1.9349999999999998
2150.0,1.9349999999999998
2151.0,1.9349999999999998
2152.0,1.9349999999999998
2153.0,1.9349999999999998
2154.0,1.9349999999999998
2155.0,1.9349999999999998
2156.0,1.892
2157.0,1.9349999999999998
2158.0,1.9349999999999998
2159.0,1.9349999999999998
2160.0,1.9349999999999998
2161.0,1.9349999999999998
2162.0,1.9349999999999998
2163.0,1.9349999999999998
2164.0,1.9349999999999998
2165.0,1.9349999999999998
2166.0,1.892
2167.0,1.9349999999999998
2168.0,1.892
2169.0,1.9349999999999998
2170.0,1.892
2171.0,1.9349999999999998
2172.0,1.9349999999999998
2173.0,1.9349999999999998
2174.0,1.892
2175.0,1.9349999999999998
2176.0,1.892
2177.0,1.9349999999999998
2178.0,1.9349999999999998
2179.0,1.9349999999999998
2180.0,1.9349999999999998
2181.0,1.9349999999999998
2182.0,1.892
2183.0,1.9349999999999998
2184.0,1.892
2185.0,1.9349999999999998
2186.0,1.892
2187.0,1.9349999999999998
2188.0,1.892
2189.0,1.9349999999999998
2190.0,1.9349999999999998
2191.0,1.9349999999999998
2192.0,1.892
2193.0,1.9349999999999998
2194.0,1.892
2195.0,1.9349999999999998
2196.0,1.892
2197.0,1.9349999999999998
2198.0,1.892
2199.0,1.9349999999999998
2200.0,1.892
2201.0,1.9349999999999998
2202.0,1.9349999999999998
2203.0,1.9349999999999998
2204.0,1.892
2205.0,1.9349999999999998
2206.0,1.892
2207.0,1.9349999999999998
2208.0,1.9349999999999998
2209.0,1.9349999999999998
2210.0,1.9349999999999998
2211.0,1.9349999999999998
2212.0,1.9349999999999998
2213.0,1.9349999999999998
2214.0,1.9349999999999998
2215.0,1.9349999999999998
2216.0,1.892
2217.0,1.9349999999999998
2218.0,1.892
2219.0,1.9349999999999998
2220.0,1.9349999999999998
2221.0,1.892
2222.0,1.892
2223.0,1.892
2224.0,1.892
2225.0,1.892
2226.0,1.892
2227.0,1.9349999999999998
2228.0,1.9349999999999998
2229.0,1.892
2230.0,1.892
2231.0,1.9349999999999998
2232.0,1.892
2233.0,1.9349999999999998
2234.0,1.9349999999999998
2235.0,1.9349999999999998
2236.0,1.9349999999999998
2237.0,1.9349999999999998
2238.0,1.9349999999999998
2239.0,1.9349999999999998
2240.0,1.892
2241.0,1.9349999999999998
2242.0,1.9349999999999998
2243.0,1.892
2244.0,1.9349999999999998
2245.0,1.9349999999999998
2246.0,1.892
2247.0,1.9349999999999998
2248.0,1.892
2249.0,1.892
2250.0,1.892
2251.0,1.892
2252.0,1.9349999999999998
2253.0,1.892
2254.0,1.9349999999999998
2255.0,1.892
2256.0,1.892
2257.0,1.892
2258.0,1.892
2259.0,1.892
2260.0,1.892
2261.0,1.9349999999999998
2262.0,1.892
2263.0,1.9349999999999998
2264.0,1.892
2265.0,1.892
2266.0,1.892
2267.0,1.9349999999999998
2268.0,1.892
2269.0,1.9349999999999998
2270.0,1.892
2271.0,1.9349999999999998
2272.0,1.892
2273.0,1.9349999999999998
2274.0,1.892
2275.0,1.9349999999999998
2276.0,1.892
2277.0,1.9349999999999998
2278.0,1.892
2279.0,1.9349999999999998
2280.0,1.892
2281.0,1.9349999999999998
2282.0,1.892
2283.0,1.9349999999999998
2284.0,1.892
2285.0,1.892
2286.0,1.892
2287.0,1.892
2288.0,1.9349999999999998
2289.0,1.892
2290.0,1.892
2291.0,1.892
2292.0,1.892
2293.0,1.892
2294.0,1.892
2295.0,1.892
2296.0,1.892
2297.0,1.892
2298.0,1.892
2299.0,1.892
2300.0,1.892
2301.0,1.9349999999999998
2302.0,1.892
2303.0,1.892
2304.0,1.892
2305.0,1.9349999999999998
2306.0,1.892
2307.0,1.892
2308.0,1.892
2309.0,1.892
2310.0,1.892
2311.0,1.892
2312.0,1.892
2313.0,1.892
2314.0,1.892
2315.0,1.8489999999999998
2316.0,1.892
2317.0,1.892
2318.0,1.892
2319.0,1.9349999999999998
2320.0,1.892
2321.0,1.892
2322.0,1.892
2323.0,1.892
2324.0,1.892
2325.0,1.892
2326.0,1.892
2327.0,1.892
2328.0,1.892
2329.0,1.892
2330.0,1.892
2331.0,1.892
2332.0,1.892
2333.0,1.892
2334.0,1.892
2335.0,1.892
2336.0,1.892
2337.0,1.892
2338.0,1.892
2339.0,1.892
2340.0,1.892
2341.0,1.892
2342.0,1.892
2343.0,1.892
2344.0,1.892
2345.0,1.892
2346.0,1.8489999999999998
2347.0,1.892
2348.0,1.892
2349.0,1.892
2350.0,1.892
2351.0,1.892
2352.0,1.892
2353.0,1.9349999999999998
2354.0,1.892
2355.0,1.892
2356.0,1.8489999999999998
2357.0,1.892
2358.0,1.892
2359.0,1.9349999999999998
2360.0,1.892
2361.0,1.892
2362.0,1.892
2363.0,1.892
2364.0,1.892
2365.0,1.892
2366.0,1.892
2367.0,1.892
2368.0,1.892
2369.0,1.892
2370.0,1.892
2371.0,1.892
2372.0,1.892
2373.0,1.892
2374.0,1.892
2375.0,1.892
2376.0,1.892
2377.0,1.892
2378.0,1.892
2379.0,1.892
2380.0,1.892
2381.0,1.892
2382.0,1.892
2383.0,1.892
2384.0,1.892
2385.0,1.892
2386.0,1.892
2387.0,1.892
2388.0,1.892
2389.0,1.892
2390.0,1.892
2391.0,1.892
2392.0,1.892
2393.0,1.892
2394.0,1.892
2395.0,1.892
2396.0,1.892
2397.0,1.892
2398.0,1.892
2399.0,1.892
2400.0,1.892
2401.0,1.892
2402.0,1.892
2403.0,1.892
2404.0,1.892
2405.0,1.892
2406.0,1.8489999999999998
2407.0,1.892
2408.0,1.892
2409.0,1.892
2410.0,1.892
2411.0,1.892
2412.0,1.892
2413.0,1.892
2414.0,1.892
2415.0,1.892
2416.0,1.892
2417.0,1.892
2418.0,1.892
2419.0,1.892
2420.0,1.892
2421.0,1.892
2422.0,1.892
2423.0,1.892
2424.0,1.892
2425.0,1.892
2426.0,1.892
2427.0,1.892
2428.0,1.892
2429.0,1.892
2430.0,1.8489999999999998
2431.0,1.892
2432.0,1.8489999999999998
2433.0,1.892
2434.0,1.892
2435.0,1.892
2436.0,1.892
2437.0,1.892
2438.0,1.892
2439.0,1.892
2440.0,1.8489999999999998
2441.0,1.892
2442.0,1.892
2443.0,1.892
2444.0,1.892
2445.0,1.892
2446.0,1.892
2447.0,1.892
2448.0,1.892
2449.0,1.892
2450.0,1.892
2451.0,1.892
2452.0,1.8489999999999998
2453.0,1.892
2454.0,1.892
2455.0,1.8489999999999998
2456.0,1.8489999999999998
2457.0,1.8489999999999998
2458.0,1.892
2459.0,1.892
2460.0,1.892
2461.0,1.892
2462.0,1.892
2463.0,1.8489999999999998
2464.0,1.8489999999999998
2465.0,1.892
2466.0,1.8489999999999998
2467.0,1.892
2468.0,1.8489999999999998
2469.0,1.892
2470.0,1.8489999999999998
2471.0,1.892
2472.0,1.8489999999999998
2473.0,1.892
2474.0,1.8489999999999998
2475.0,1.892
2476.0,1.892
2477.0,1.892
2478.0,1.892
2479.0,1.892
2480.0,1.892
2481.0,1.892
2482.0,1.892
2483.0,1.892
2484.0,1.892
2485.0,1.892
2486.0,1.892
2487.0,1.892
2488.0,1.892
2489.0,1.892
2490.0,1.8489999999999998
2491.0,1.892
2492.0,1.892
2493.0,1.892
2494.0,1.892
2495.0,1.892
2496.0,1.892
2497.0,1.892
2498.0,1.8489999999999998
2499.0,1.8489999999999998
2500.0,1.8489999999999998
2501.0,1.8489999999999998
2502.0,1.892
2503.0,1.892
2504.0,1.892
2505.0,1.892
2506.0,1.8489999999999998
2507.0,1.8489999999999998
2508.0,1.8489999999999998
2509.0,1.892
2510.0,1.8489999999999998
2511.0,1.892
2512.0,1.892
2513.0,1.892
2514.0,1.8489999999999998
2515.0,1.892
2516.0,1.8489999999999998
2517.0,1.8489999999999998
2518.0,1.892
2519.0,1.892
2520.0,1.892
2521.0,1.892
2522.0,1.8489999999999998
2523.0,1.892
2524.0,1.892
2525.0,1.892
2526.0,1.892
2527.0,1.892
2528.0,1.8489999999999998
2529.0,1.892
2530.0,1.8489999999999998
2531.0,1.892
2532.0,1.8489999999999998
2533.0,1.8489999999999998
2534.0,1.892
2535.0,1.8489999999999998
2536.0,1.8489999999999998
2537.0,1.892
2538.0,1.892
2539.0,1.8489999999999998
2540.0,1.8489999999999998
2541.0,1.892
2542.0,1.8489999999999998
2543.0,1.892
2544.0,1.892
2545.0,1.892
2546.0,1.892
2547.0,1.892
2548.0,1.892
2549.0,1.892
2550.0,1.892
2551.0,1.892
2552.0,1.892
2553.0,1.892
2554.0,1.892
2555.0,1.8489999999999998
2556.0,1.8489999999999998
2557.0,1.8489999999999998
2558.0,1.8489999999999998
2559.0,1.892
2560.0,1.892
2561.0,1.892
2562.0,1.8489999999999998
2563.0,1.892
2564.0,1.8489999999999998
2565.0,1.8489999999999998
2566.0,1.8489999999999998
2567.0,1.8489999999999998
2568.0,1.892
2569.0,1.8489999999999998
2570.0,1.8489999999999998
2571.0,1.892
2572.0,1.8489999999999998
2573.0,1.8489999999999998
2574.0,1.8489999999999998
2575.0,1.892
2576.0,1.8489999999999998
2577.0,1.892
2578.0,1.8489999999999998
2579.0,1.892
2580.0,1.8489999999999998
2581.0,1.892
2582.0,1.8489999999999998
2583.0,1.892
2584.0,1.892
2585.0,1.892
2586.0,1.892
2587.0,1.892
2588.0,1.892
2589.0,1.892
2590.0,1.8059999999999998
2591.0,1.892
2592.0,1.8489999999999998
2593.0,1.892
2594.0,1.892
2595.0,1.892
2596.0,1.8489999999999998
2597.0,1.892
2598.0,1.8489999999999998
2599.0,1.892
2600.0,1.892
2601.0,1.892
2602.0,1.892
2603.0,1.8489999999999998
2604.0,1.892
2605.0,1.892
2606.0,1.8489999999999998
2607.0,1.8489999999999998
2608.0,1.8489999999999998
2609.0,1.8489999999999998
2610.0,1.8489999999999998
2611.0,1.8489999999999998
2612.0,1.892
2613.0,1.8489999999999998
2614.0,1.8489999999999998
2615.0,1.8489999999999998
2616.0,1.8489999999999998
2617.0,1.892
2618.0,1.8489999999999998
2619.0,1.892
2620.0,1.8489999999999998
2621.0,1.8489999999999998
2622.0,1.892
2623.0,1.892
2624.0,1.892
2625.0,1.8489999999999998
2626.0,1.892
2627.0,1.892
2628.0,1.8489999999999998
2629.0,1.892
2630.0,1.892
2631.0,1.8489999999999998
2632.0,1.8489999999999998
2633.0,1.892
2634.0,1.892
2635.0,1.8489999999999998
2636.0,1.8489999999999998
2637.0,1.892
2638.0,1.8059999999999998
2639.0,1.892
2640.0,1.8489999999999998
2641.0,1.8489999999999998
2642.0,1.8489999999999998
2643.0,1.892
2644.0,1.892
2645.0,1.892
2646.0,1.8489999999999998
2647.0,1.8489999999999998
2648.0,1.8489999999999998
2649.0,1.8489999999999998
2650.0,1.8489999999999998
2651.0,1.8489999999999998
2652.0,1.892
2653.0,1.892
2654.0,1.8489999999999998
2655.0,1.892
2656.0,1.8489999999999998
2657.0,1.8489999999999998
2658.0,1.8489999999999998
2659.0,1.892
2660.0,1.892
2661.0,1.892
2662.0,1.8489999999999998
2663.0,1.892
2664.0,1.8489999999999998
2665.0,1.8489999999999998
2666.0,1.892
2667.0,1.892
2668.0,1.8489999999999998
2669.0,1.8489999999999998
2670.0,1.892
2671.0,1.892
2672.0,1.892
2673.0,1.892
2674.0,1.892
2675.0,1.892
2676.0,1.892
2677.0,1.892
2678.0,1.8489999999999998
2679.0,1.8489999999999998
2680.0,1.8489999999999998
2681.0,1.892
2682.0,1.8059999999999998
2683.0,1.892
2684.0,1.8059999999999998
2685.0,1.892
2686.0,1.892
2687.0,1.892
2688.0,1.892
2689.0,1.8489999999999998
2690.0,1.8489999999999998
2691.0,1.8489999999999998
2692.0,1.8489999999999998
2693.0,1.8489999999999998
2694.0,1.892
2695.0,1.892
2696.0,1.892
2697.0,1.892
2698.0,1.8059999999999998
2699.0,1.8489999999999998
2700.0,1.892
2701.0,1.892
2702.0,1.8489999999999998
2703.0,1.892
2704.0,1.892
2705.0,1.8489999999999998
2706.0,1.8059999999999998
2707.0,1.8489999999999998
2708.0,1.892
2709.0,1.892
2710.0,1.8489999999999998
2711.0,1.892
2712.0,1.8489999999999998
2713.0,1.892
2714.0,1.8489999999999998
2715.0,1.8489999999999998
2716.0,1.8489999999999998
2717.0,1.8489999999999998
2718.0,1.8489999999999998
2719.0,1.892
2720.0,1.8489999999999998
2721.0,1.8489999999999998
2722.0,1.8059999999999998
2723.0,1.8489999999999998
2724.0,1.8489999999999998
2725.0,1.8489999999999998
2726.0,1.8489999999999998
2727.0,1.892
2728.0,1.8489999999999998
2729.0,1.892
2730.0,1.8489999999999998
2731.0,1.8489999999999998
2732.0,1.8489999999999998
2733.0,1.8489999999999998
2734.0,1.892
2735.0,1.892
2736.0,1.8489999999999998
2737.0,1.892
2738.0,1.8489999999999998
2739.0,1.8489999999999998
2740.0,1.8489999999999998
2741.0,1.892
2742.0,1.8489999999999998
2743.0,1.8489999999999998
2744.0,1.892
2745.0,1.8489999999999998
2746.0,1.8489999999999998
2747.0,1.8489999999999998
2748.0,1.8489999999999998
2749.0,1.8489999999999998
2750.0,1.8489999999999998
2751.0,1.8489999999999998
2752.0,1.8489999999999998
2753.0,1.8489999999999998
2754.0,1.892
2755.0,1.892
2756.0,1.8489999999999998
2757.0,1.8059999999999998
2758.0,1.8489999999999998
2759.0,1.8489999999999998
2760.0,1.8059999999999998
2761.0,1.8489999999999998
2762.0,1.8489999999999998
2763.0,1.8489999999999998
2764.0,1.8489999999999998
2765.0,1.8489999999999998
2766.0,1.892
2767.0,1.8489999999999998
2768.0,1.892
2769.0,1.8489999999999998
2770.0,1.892
2771.0,1.8489999999999998
2772.0,1.892
2773.0,1.8489999999999998
2774.0,1.8489999999999998
2775.0,1.8489999999999998
2776.0,1.8489999999999998
2777.0,1.892
2778.0,1.8489999999999998
2779.0,1.8489999999999998
2780.0,1.8059999999999998
2781.0,1.8489999999999998
2782.0,1.8059999999999998
2783.0,1.8489999999999998
2784.0,1.8489999999999998
2785.0,1.892
2786.0,1.892
2787.0,1.892
2788.0,1.8489999999999998
2789.0,1.8489999999999998
2790.0,1.8059999999999998
2791.0,1.8489999999999998
2792.0,1.8489999999999998
2793.0,1.892
2794.0,1.8489999999999998
2795.0,1.892
2796.0,1.8489999999999998
2797.0,1.8489999999999998
2798.0,1.8489999999999998
2799.0,1.8489999999999998
2800.0,1.8489999999999998
2801.0,1.8489999999999998
2802.0,1.8489999999999998
2803.0,1.8489999999999998
2804.0,1.8489999999999998
2805.0,1.8489999999999998
2806.0,1.8059999999999998
2807.0,1.8489999999999998
2808.0,1.8489999999999998
2809.0,1.8489999999999998
2810.0,1.8489999999999998
2811.0,1.8489999999999998
2812.0,1.8059999999999998
2813.0,1.8489999999999998
2814.0,1.8059999999999998
2815.0,1.8489999999999998
2816.0,1.8059999999999998
2817.0,1.8489999999999998
2818.0,1.8489999999999998
2819.0,1.8489999999999998
2820.0,1.8489999999999998
2821.0,1.8489999999999998
2822.0,1.8489999999999998
2823.0,1.8489999999999998
2824.0,1.8059999999999998
2825.0,1.892
2826.0,1.8059999999999998
2827.0,1.892
2828.0,1.8489999999999998
2829.0,1.892
2830.0,1.8489999999999998
2831.0,1.8059999999999998
2832.0,1.8059999999999998
2833.0,1.8489999999999998
2834.0,1.8489999999999998
2835.0,1.8489999999999998
2836.0,1.8489999999999998
2837.0,1.8489999999999998
2838.0,1.8489999999999998
2839.0,1.8489999999999998
2840.0,1.8489999999999998
2841.0,1.8489999999999998
2842.0,1.8059999999999998
2843.0,1.8489999999999998
2844.0,1.8059999999999998
2845.0,1.8489999999999998
2846.0,1.8059999999999998
2847.0,1.892
2848.0,1.8059999999999998
2849.0,1.8489999999999998
2850.0,1.8059999999999998
2851.0,1.8489999999999998
2852.0,1.8059999999999998
2853.0,1.8489999999999998
2854.0,1.8489999999999998
2855.0,1.8489999999999998
2856.0,1.8489999999999998
2857.0,1.8489999999999998
2858.0,1.8059999999999998
2859.0,1.8489999999999998
2860.0,1.8059999999999998
2861.0,1.8489999999999998
2862.0,1.892
2863.0,1.8489999999999998
2864.0,1.8059999999999998
2865.0,1.8489999999999998
2866.0,1.8059999999999998
2867.0,1.8489999999999998
2868.0,1.8489999999999998
2869.0,1.8489999999999998
2870.0,1.8489999999999998
2871.0,1.8489999999999998
2872.0,1.8059999999999998
2873.0,1.8489999999999998
2874.0,1.8059999999999998
2875.0,1.8489999999999998
2876.0,1.8059999999999998
2877.0,1.8489999999999998
2878.0,1.8489999999999998
2879.0,1.892
2880.0,1.8489999999999998
2881.0,1.8489999999999998
2882.0,1.8059999999999998
2883.0,1.8489999999999998
2884.0,1.8059999999999998
2885.0,1.8489999999999998
2886.0,1.8489999999999998
2887.0,1.8489999999999998
2888.0,1.8489999999999998
2889.0,1.8489999999999998
2890.0,1.8059999999999998
2891.0,1.8489999999999998
2892.0,1.8489999999999998
2893.0,1.8489999999999998
2894.0,1.8489999999999998
2895.0,1.8489999999999998
2896.0,1.8059999999999998
2897.0,1.8059999999999998
2898.0,1.8059999999999998
2899.0,1.8489999999999998
2900.0,1.8489999999999998
2901.0,1.8489999999999998
2902.0,1.8489999999999998
2903.0,1.8489999999999998
2904.0,1.8489999999999998
2905.0,1.8489999999999998
2906.0,1.8059999999999998
2907.0,1.8489999999999998
2908.0,1.8489999999999998
2909.0,1.8489999999999998
2910.0,1.8059999999999998
2911.0,1.8489999999999998
2912.0,1.8489999999999998
2913.0,1.8489999999999998
2914.0,1.8059999999999998
2915.0,1.8489999999999998
2916.0,1.8059999999999998
2917.0,1.8059999999999998
2918.0,1.8059999999999998
2919.0,1.8489999999999998
2920.0,1.8059999999999998
2921.0,1.8489999999999998
2922.0,1.8059999999999998
2923.0,1.8489999999999998
2924.0,1.8489999999999998
2925.0,1.8489999999999998
2926.0,1.8059999999999998
2927.0,1.8489999999999998
2928.0,1.8059999999999998
2929.0,1.8489999999999998
2930.0,1.8059999999999998
2931.0,1.8489999999999998
2932.0,1.8059999999999998
2933.0,1.8489999999999998
2934.0,1.8059999999999998
2935.0,1.8489999999999998
2936.0,1.8489999999999998
2937.0,1.8489999999999998
2938.0,1.8489999999999998
2939.0,1.8059999999999998
2940.0,1.8059999999999998
2941.0,1.8489999999999998
2942.0,1.8059999999999998
2943.0,1.8489999999999998
2944.0,1.8489999999999998
2945.0,1.8489999999999998
2946.0,1.8059999999999998
2947.0,1.8489999999999998
2948.0,1.8059999999999998
2949.0,1.8489999999999998
2950.0,1.8059999999999998
2951.0,1.8489999999999998
2952.0,1.8059999999999998
2953.0,1.8489999999999998
2954.0,1.8489999999999998
2955.0,1.8489999999999998
2956.0,1.8059999999999998
2957.0,1.8489999999999998
2958.0,1.8059999999999998
2959.0,1.8489999999999998
2960.0,1.8059999999999998
2961.0,1.8489999999999998
2962.0,1.8489999999999998
2963.0,1.8489999999999998
2964.0,1.8059999999999998
2965.0,1.8059999999999998
2966.0,1.8059999999999998
2967.0,1.8489999999999998
2968.0,1.8489999999999998
2969.0,1.8489999999999998
2970.0,1.8059999999999998
2971.0,1.8489999999999998
2972.0,1.8059999999999998
2973.0,1.8489999999999998
2974.0,1.8489999999999998
2975.0,1.8489999999999998
2976.0,1.8489999999999998
2977.0,1.8489999999999998
2978.0,1.8489999999999998
2979.0,1.892
2980.0,1.8059999999999998
2981.0,1.8489999999999998
2982.0,1.8059999999999998
2983.0,1.8489999999999998
2984.0,1.8489999999999998
2985.0,1.8489999999999998
2986.0,1.8059999999999998
2987.0,1.8489999999999998
2988.0,1.8059999999999998
2989.0,1.8489999999999998
2990.0,1.8059999999999998
2991.0,1.8489999999999998
2992.0,1.8059999999999998
2993.0,1.8059999999999998
2994.0,1.8059999999999998
2995.0,1.8489999999999998
2996.0,1.8489999999999998
2997.0,1.8059999999999998
2998.0,1.8059999999999998
2999.0,1.8059999999999998
3000.0,1.8059999999999998
3001.0,1.8489999999999998
3002.0,1.8059999999999998
3003.0,1.8489999999999998
3004.0,1.8059999999999998
3005.0,1.8059999999999998
3006.0,1.8059999999999998
3007.0,1.8059999999999998
3008.0,1.8059999999999998
3009.0,1.8489999999999998
3010.0,1.8059999999999998
3011.0,1.8489999999999998
3012.0,1.8059999999999998
3013.0,1.8059999999999998
3014.0,1.8059999999999998
3015.0,1.8059999999999998
3016.0,1.8059999999999998
3017.0,1.8489999999999998
3018.0,1.8059999999999998
3019.0,1.8489999999999998
3020.0,1.8489999999999998
3021.0,1.8489999999999998
3022.0,1.8059999999999998
3023.0,1.8059999999999998
3024.0,1.8059999999999998
3025.0,1.8489999999999998
3026.0,1.8059999999999998
3027.0,1.8059999999999998
3028.0,1.8059999999999998
3029.0,1.8489999999999998
3030.0,1.8059999999999998
3031.0,1.8489999999999998
3032.0,1.8059999999999998
3033.0,1.8489999999999998
3034.0,1.8489999999999998
3035.0,1.8059999999999998
3036.0,1.8059999999999998
3037.0,1.8489999999999998
3038.0,1.8059999999999998
3039.0,1.8489999999999998
3040.0,1.8059999999999998
3041.0,1.8489999999999998
3042.0,1.8059999999999998
3043.0,1.8489999999999998
3044.0,1.8059999999999998
3045.0,1.8489999999999998
3046.0,1.8059999999999998
3047.0,1.8059999999999998
3048.0,1.8059999999999998
3049.0,1.8489999999999998
3050.0,1.8059999999999998
3051.0,1.8059999999999998
3052.0,1.8059999999999998
3053.0,1.8489999999999998
3054.0,1.8059999999999998
3055.0,1.8059999999999998
3056.0,1.8059999999999998
3057.0,1.8059999999999998
3058.0,1.8059999999999998
3059.0,1.8489999999999998
3060.0,1.8059999999999998
3061.0,1.8059999999999998
3062.0,1.8059999999999998
3063.0,1.8059999999999998
3064.0,1.8059999999999998
3065.0,1.8489999999999998
3066.0,1.8059999999999998
3067.0,1.8489999999999998
3068.0,1.8059999999999998
3069.0,1.8489999999999998
3070.0,1.8489999999999998
3071.0,1.8489999999999998
3072.0,1.8489999999999998
3073.0,1.8489999999999998
3074.0,1.8059999999999998
3075.0,1.8489999999999998
3076.0,1.8059999999999998
3077.0,1.8489999999999998
3078.0,1.8059999999999998
3079.0,1.8059999999999998
3080.0,1.8059999999999998
3081.0,1.8059999999999998
3082.0,1.8059999999999998
3083.0,1.8059999999999998
3084.0,1.8059999999999998
3085.0,1.8489999999999998
3086.0,1.8489999999999998
3087.0,1.8489999999999998
3088.0,1.8489999999999998
3089.0,1.8489999999999998
3090.0,1.8059999999999998
3091.0,1.8489999999999998
3092.0,1.8059999999999998
3093.0,1.8059999999999998
3094.0,1.8059999999999998
3095.0,1.8059999999999998
3096.0,1.8059999999999998
3097.0,1.8489999999999998
3098.0,1.8059999999999998
3099.0,1.8489999999999998
3100.0,1.8059999999999998
3101.0,1.8489999999999998
3102.0,1.8059999999999998
3103.0,1.8489999999999998
3104.0,1.8059999999999998
3105.0,1.8059999999999998
3106.0,1.8489999999999998
3107.0,1.8059999999999998
3108.0,1.8489999999999998
3109.0,1.8059999999999998
3110.0,1.8059999999999998
3111.0,1.8489999999999998
3112.0,1.8489999999999998
3113.0,1.8059999999999998
3114.0,1.8489999999999998
3115.0,1.8059999999999998
3116.0,1.8059999999999998
3117.0,1.8489999999999998
3118.0,1.8059999999999998
3119.0,1.8489999999999998
3120.0,1.8489999999999998
3121.0,1.8059999999999998
3122.0,1.8059999999999998
3123.0,1.8059999999999998
3124.0,1.8059999999999998
3125.0,1.8059999999999998
3126.0,1.8059999999999998
3127.0,1.8489999999999998
3128.0,1.8489999999999998
3129.0,1.8489999999999998
3130.0,1.8489999999999998
3131.0,1.8489999999999998
3132.0,1.8059999999999998
3133.0,1.8059999999999998
3134.0,1.8059999999999998
3135.0,1.8059999999999998
3136.0,1.8059999999999998
3137.0,1.8059999999999998
3138.0,1.8059999999999998
3139.0,1.8059999999999998
3140.0,1.8059999999999998
3141.0,1.8059999999999998
3142.0,1.8059999999999998
3143.0,1.8489999999999998
3144.0,1.8059999999999998
3145.0,1.8489999999999998
3146.0,1.8059999999999998
3147.0,1.8489999999999998
3148.0,1.8059999999999998
3149.0,1.8489999999999998
3150.0,1.8059999999999998
3151.0,1.8059999999999998
3152.0,1.8059999999999998
3153.0,1.8489999999999998
3154.0,1.8489999999999998
3155.0,1.8059999999999998
3156.0,1.8489999999999998
3157.0,1.8059999999999998
3158.0,1.8059999999999998
3159.0,1.8059999999999998
3160.0,1.8059999999999998
3161.0,1.8059999999999998
3162.0,1.8059999999999998
3163.0,1.8059999999999998
3164.0,1.8059999999999998
3165.0,1.8059999999999998
3166.0,1.8059999999999998
3167.0,1.8059999999999998
3168.0,1.8059999999999998
3169.0,1.8059999999999998
3170.0,1.8059999999999998
3171.0,1.8489999999999998
3172.0,1.8489999999999998
3173.0,1.8059999999999998
3174.0,1.8059999999999998
3175.0,1.8059999999999998
3176.0,1.8489999999999998
3177.0,1.8489999999999998
3178.0,1.8059999999999998
3179.0,1.8489999999999998
3180.0,1.8059999999999998
3181.0,1.8489999999999998
3182.0,1.8059999999999998
3183.0,1.8489999999999998
3184.0,1.8489999999999998
3185.0,1.8489999999999998
3186.0,1.8489999999999998
3187.0,1.8489999999999998
3188.0,1.8059999999999998
3189.0,1.8059999999999998
3190.0,1.8059999999999998
3191.0,1.8059999999999998
3192.0,1.8059999999999998
3193.0,1.8059999999999998
3194.0,1.8059999999999998
3195.0,1.8489999999999998
3196.0,1.8059999999999998
3197.0,1.8489999999999998
3198.0,1.8059999999999998
3199.0,1.8059999999999998
3200.0,1.8059999999999998
3201.0,1.8059999999999998
3202.0,1.8059999999999998
3203.0,1.8059999999999998
3204.0,1.8059999999999998
3205.0,1.8059999999999998
3206.0,1.8059999999999998
3207.0,1.8059999999999998
3208.0,1.8059999999999998
3209.0,1.8059999999999998
3210.0,1.8059999999999998
3211.0,1.8489999999999998
3212.0,1.8059999999999998
3213.0,1.8489999999999998
3214.0,1.8059999999999998
3215.0,1.8489999999999998
3216.0,1.8059999999999998
3217.0,1.8489999999999998
3218.0,1.8059999999999998
3219.0,1.8489999999999998
3220.0,1.8059999999999998
3221.0,1.8489999999999998
3222.0,1.8489999999999998
3223.0,1.8489999999999998
3224.0,1.8059999999999998
3225.0,1.8059999999999998
3226.0,1.8489999999999998
3227.0,1.8489999999999998
3228.0,1.8059999999999998
3229.0,1.8489999999999998
3230.0,1.8059999999999998
3231.0,1.8489999999999998
3232.0,1.8059999999999998
3233.0,1.8059999999999998
3234.0,1.8059999999999998
3235.0,1.8489999999999998
3236.0,1.8489999999999998
3237.0,1.8489999999999998
3238.0,1.8059999999999998
3239.0,1.8059999999999998
3240.0,1.8059999999999998
3241.0,1.8059999999999998
3242.0,1.8059999999999998
3243.0,1.8489999999999998
3244.0,1.8489999999999998
3245.0,1.8059999999999998
3246.0,1.8059999999999998
3247.0,1.8059999999999998
3248.0,1.8059999999999998
3249.0,1.8059999999999998
3250.0,1.8059999999999998
3251.0,1.8059999999999998
3252.0,1.8489999999999998
3253.0,1.8489999999999998
3254.0,1.8059999999999998
3255.0,1.8059999999999998
3256.0,1.8059999999999998
3257.0,1.8489999999999998
3258.0,1.8059999999999998
3259.0,1.8059999999999998
3260.0,1.8059999999999998
3261.0,1.8489999999999998
3262.0,1.8059999999999998
3263.0,1.8059999999999998
3264.0,1.8059999999999998
3265.0,1.8489999999999998
3266.0,1.8059999999999998
3267.0,1.8059999999999998
3268.0,1.8059999999999998
3269.0,1.8489999999999998
3270.0,1.8059999999999998
3271.0,1.8059999999999998
3272.0,1.8059999999999998
3273.0,1.8059999999999998
3274.0,1.8059999999999998
3275.0,1.8059999999999998
3276.0,1.8059999999999998
3277.0,1.8489999999999998
3278.0,1.8059999999999998
3279.0,1.8059999999999998
3280.0,1.8489999999999998
3281.0,1.8059999999999998
3282.0,1.8059999999999998
3283.0,1.8059999999999998
3284.0,1.8059999999999998
3285.0,1.8059999999999998
3286.0,1.8059999999999998
3287.0,1.8059999999999998
3288.0,1.8489999999999998
3289.0,1.8059999999999998
3290.0,1.8489999999999998
3291.0,1.8059999999999998
3292.0,1.8489999999999998
3293.0,1.8489999999999998
3294.0,1.8489999999999998
3295.0,1.8059999999999998
3296.0,1.8489999999999998
3297.0,1.8059999999999998
3298.0,1.8059999999999998
3299.0,1.8059999999999998
3300.0,1.8059999999999998
3301.0,1.8059999999999998
3302.0,1.8059999999999998
3303.0,1.8059999999999998
3304.0,1.8059999999999998
3305.0,1.8489999999999998
3306.0,1.8059999999999998
3307.0,1.8059999999999998
3308.0,1.8059999999999998
3309.0,1.8059999999999998
3310.0,1.8059999999999998
3311.0,1.8059999999999998
3312.0,1.8059999999999998
3313.0,1.8059999999999998
3314.0,1.8059999999999998
3315.0,1.8059999999999998
3316.0,1.8059999999999998
3317.0,1.8059999999999998
3318.0,1.8059999999999998
3319.0,1.8059999999999998
3320.0,1.8059999999999998
3321.0,1.8059999999999998
3322.0,1.8059999999999998
3323.0,1.8059999999999998
3324.0,1.8059999999999998
3325.0,1.8059999999999998
3326.0,1.8059999999999998
3327.0,1.8489999999999998
3328.0,1.8059999999999998
3329.0,1.8489999999999998
3330.0,1.8059999999999998
3331.0,1.8059999999999998
3332.0,1.8059999999999998
3333.0,1.8059999999999998
3334.0,1.8059999999999998
3335.0,1.8489999999999998
3336.0,1.8059999999999998
3337.0,1.8059999999999998
3338.0,1.8059999999999998
3339.0,1.763
3340.0,1.8059999999999998
3341.0,1.8059999999999998
3342.0,1.8059999999999998
3343.0,1.8059999999999998
3344.0,1.8059999999999998
3345.0,1.8059999999999998
3346.0,1.8059999999999998
3347.0,1.8059999999999998
3348.0,1.8059999999999998
3349.0,1.8059999999999998
3350.0,1.8059999999999998
3351.0,1.8059999999999998
3352.0,1.8059999999999998
3353.0,1.8059999999999998
3354.0,1.8059999999999998
3355.0,1.8059999999999998
3356.0,1.8059999999999998
3357.0,1.763
3358.0,1.8059999999999998
3359.0,1.8059999999999998
3360.0,1.8059999999999998
3361.0,1.8059999999999998
3362.0,1.8059999999999998
3363.0,1.8489999999999998
3364.0,1.8059999999999998
3365.0,1.8059999999999998
3366.0,1.8059999999999998
3367.0,1.8489999999999998
3368.0,1.8059999999999998
3369.0,1.8489999999999998
3370.0,1.8059999999999998
3371.0,1.8059999999999998
3372.0,1.8059999999999998
3373.0,1.8059999999999998
3374.0,1.8059999999999998
3375.0,1.8059999999999998
3376.0,1.8059999999999998
3377.0,1.8489999999999998
3378.0,1.8489999999999998
3379.0,1.8059999999999998
3380.0,1.8059999999999998
3381.0,1.8059999999999998
3382.0,1.8059999999999998
3383.0,1.8059999999999998
3384.0,1.8059999999999998
3385.0,1.8059999999999998
3386.0,1.8059999999999998
3387.0,1.8059999999999998
3388.0,1.8059999999999998
3389.0,1.8059999999999998
3390.0,1.8059999999999998
3391.0,1.8059999999999998
3392.0,1.8059999999999998
3393.0,1.8489999999999998
3394.0,1.8059999999999998
3395.0,1.8489999999999998
3396.0,1.8059999999999998
3397.0,1.8489999999999998
3398.0,1.8059999999999998
3399.0,1.8489999999999998
3400.0,1.8059999999999998
3401.0,1.8059999999999998
3402.0,1.8059999999999998
3403.0,1.8489999999999998
3404.0,1.8059999999999998
3405.0,1.8059999999999998
3406.0,1.763
3407.0,1.8059999999999998
3408.0,1.8059999999999998
3409.0,1.8059999999999998
3410.0,1.8059999999999998
3411.0,1.8059999999999998
3412.0,1.8059999999999998
3413.0,1.8489999999999998
3414.0,1.8059999999999998
3415.0,1.8059999999999998
3416.0,1.8059999999999998
3417.0,1.8059999999999998
3418.0,1.8059999999999998
3419.0,1.8059999999999998
3420.0,1.8059999999999998
3421.0,1.8059999999999998
3422.0,1.8059999999999998
3423.0,1.8059999999999998
3424.0,1.8059999999999998
3425.0,1.8059999999999998
3426.0,1.8059999999999998
3427.0,1.8059999999999998
3428.0,1.8059999999999998
3429.0,1.8059999999999998
3430.0,1.8059999999999998
3431.0,1.8059999999999998
3432.0,1.8059999999999998
3433.0,1.8059999999999998
3434.0,1.8059999999999998
3435.0,1.8059999999999998
3436.0,1.8059999999999998
3437.0,1.8489999999999998
3438.0,1.8489999999999998
3439.0,1.8059999999999998
3440.0,1.8059999999999998
3441.0,1.8059999999999998
3442.0,1.8059999999999998
3443.0,1.8059999999999998
3444.0,1.8059999999999998
3445.0,1.763
3446.0,1.8059999999999998
3447.0,1.8059999999999998
3448.0,1.8059999999999998
3449.0,1.763
3450.0,1.8059999999999998
3451.0,1.8059999999999998
3452.0,1.8059999999999998
3453.0,1.8059999999999998
3454.0,1.8059999999999998
3455.0,1.8059999999999998
3456.0,1.8059999999999998
3457.0,1.8059999999999998
3458.0,1.8059999999999998
3459.0,1.8059999999999998
3460.0,1.8059999999999998
3461.0,1.8059999999999998
3462.0,1.8489999999999998
3463.0,1.8059999999999998
3464.0,1.8059999999999998
3465.0,1.763
3466.0,1.8059999999999998
3467.0,1.8059999999999998
3468.0,1.8059999999999998
3469.0,1.763
3470.0,1.8059999999999998
3471.0,1.8059999999999998
3472.0,1.8059999999999998
3473.0,1.8059999999999998
3474.0,1.763
3475.0,1.8059999999999998
3476.0,1.8059999999999998
3477.0,1.8059999999999998
3478.0,1.8059999999999998
3479.0,1.8489999999999998
3480.0,1.8059999999999998
3481.0,1.8059999999999998
3482.0,1.8059999999999998
3483.0,1.763
3484.0,1.8059999999999998
3485.0,1.8059999999999998
3486.0,1.8059999999999998
3487.0,1.8059999999999998
3488.0,1.8059999999999998
3489.0,1.8059999999999998
3490.0,1.8059999999999998
3491.0,1.8059999999999998
3492.0,1.8059999999999998
3493.0,1.8059999999999998
3494.0,1.8059999999999998
3495.0,1.8059999999999998
3496.0,1.8059999999999998
3497.0,1.8059999999999998
3498.0,1.8059999999999998
3499.0,1.8059999999999998
3500.0,1.8059999999999998
3501.0,1.8059999999999998
3502.0,1.8059999999999998
3503.0,1.8059999999999998
3504.0,1.8059999999999998
3505.0,1.8059999999999998
3506.0,1.8059999999999998
3507.0,1.8059999999999998
3508.0,1.8059999999999998
3509.0,1.8059999999999998
3510.0,1.8059999999999998
3511.0,1.8059999999999998
3512.0,1.8059999999999998
3513.0,1.8059999999999998
3514.0,1.8059999999999998
3515.0,1.8059999999999998
3516.0,1.763
3517.0,1.8059999999999998
3518.0,1.8059999999999998
3519.0,1.8059999999999998
3520.0,1.8489999999999998
3521.0,1.8059999999999998
3522.0,1.8059999999999998
3523.0,1.8059999999999998
3524.0,1.8059999999999998
3525.0,1.8059999999999998
3526.0,1.8059999999999998
3527.0,1.8059999999999998
3528.0,1.8059999999999998
3529.0,1.8059999999999998
3530.0,1.8059999999999998
3531.0,1.8059999999999998
3532.0,1.763
3533.0,1.8059999999999998
3534.0,1.8059999999999998
3535.0,1.8059999999999998
3536.0,1.8059999999999998
3537.0,1.8059999999999998
3538.0,1.8059999999999998
3539.0,1.8059999999999998
3540.0,1.763
3541.0,1.8059999999999998
3542.0,1.8059999999999998
3543.0,1.763
3544.0,1.8059999999999998
3545.0,1.8059999999999998
3546.0,1.8059999999999998
3547.0,1.763
3548.0,1.763
3549.0,1.8059999999999998
3550.0,1.8059999999999998
3551.0,1.8489999999999998
3552.0,1.8059999999999998
3553.0,1.8059999999999998
3554.0,1.8059999999999998
3555.0,1.763
3556.0,1.8059999999999998
3557.0,1.8059999999999998
3558.0,1.763
3559.0,1.8059999999999998
3560.0,1.8059999999999998
3561.0,1.8059999999999998
3562.0,1.8059999999999998
3563.0,1.8059999999999998
3564.0,1.763
3565.0,1.763
3566.0,1.8059999999999998
3567.0,1.763
3568.0,1.8059999999999998
3569.0,1.8059999999999998
3570.0,1.763
3571.0,1.8059999999999998
3572.0,1.763
3573.0,1.8059999999999998
3574.0,1.763
3575.0,1.8059999999999998
3576.0,1.8059999999999998
3577.0,1.8059999999999998
3578.0,1.8059999999999998
3579.0,1.8059999999999998
3580.0,1.8059999999999998
3581.0,1.8059999999999998
3582.0,1.763
3583.0,1.8059999999999998
3584.0,1.8059999999999998
3585.0,1.8059999999999998
3586.0,1.8059999999999998
3587.0,1.8059999999999998
3588.0,1.763
3589.0,1.8059999999999998
3590.0,1.8059999999999998
3591.0,1.763
3592.0,1.8059999999999998
3593.0,1.8059999999999998
3594.0,1.8059999999999998
3595.0,1.8059999999999998
3596.0,1.8059999999999998
3597.0,1.8059999999999998
3598.0,1.763
3599.0,1.8059999999999998
3600.0,1.8059999999999998
3601.0,1.8059999999999998
3602.0,1.8059999999999998
3603.0,1.8059999999999998
3604.0,1.8059999999999998
3605.0,1.8059999999999998
3606.0,1.8059999999999998
3607.0,1.8059999999999998
3608.0,1.8059999999999998
3609.0,1.8059999999999998
3610.0,1.763
3611.0,1.8059999999999998
3612.0,1.8059999999999998
3613.0,1.8059999999999998
3614.0,1.8489999999999998
3615.0,1.8059999999999998
3616.0,1.8059999999999998
3617.0,1.763
3618.0,1.8059999999999998
3619.0,1.763
3620.0,1.8059999999999998
3621.0,1.8059999999999998
3622.0,1.763
3623.0,1.763
3624.0,1.763
3625.0,1.8059999999999998
3626.0,1.763
3627.0,1.8059999999999998
3628.0,1.8059999999999998
3629.0,1.8059999999999998
3630.0,1.8059999999999998
3631.0,1.763
3632.0,1.763
3633.0,1.8059999999999998
3634.0,1.763
3635.0,1.763
3636.0,1.8059999999999998
3637.0,1.8059999999999998
3638.0,1.8059999999999998
3639.0,1.8059999999999998
3640.0,1.763
3641.0,1.8059999999999998
3642.0,1.8059999999999998
3643.0,1.8059999999999998
3644.0,1.8059999999999998
3645.0,1.8059999999999998
3646.0,1.763
3647.0,1.8059999999999998
3648.0,1.8059999999999998
3649.0,1.8059999999999998
3650.0,1.8059999999999998
3651.0,1.8059999999999998
3652.0,1.763
3653.0,1.8059999999999998
3654.0,1.8059999999999998
3655.0,1.8059999999999998
3656.0,1.8059999999999998
3657.0,1.763
3658.0,1.8059999999999998
3659.0,1.763
3660.0,1.763
3661.0,1.8059999999999998
3662.0,1.8059999999999998
3663.0,1.763
3664.0,1.763
3665.0,1.763
3666.0,1.763
3667.0,1.8059999999999998
3668.0,1.8059999999999998
3669.0,1.8059999999999998
3670.0,1.8059999999999998
3671.0,1.763
3672.0,1.8059999999999998
3673.0,1.763
3674.0,1.763
3675.0,1.8059999999999998
3676.0,1.8059999999999998
3677.0,1.8059999999999998
3678.0,1.8059999999999998
3679.0,1.8059999999999998
3680.0,1.8059999999999998
3681.0,1.8059999999999998
3682.0,1.763
3683.0,1.763
3684.0,1.8059999999999998
3685.0,1.763
3686.0,1.8059999999999998
3687.0,1.763
3688.0,1.763
3689.0,1.8059999999999998
3690.0,1.763
3691.0,1.8059999999999998
3692.0,1.763
3693.0,1.8059999999999998
3694.0,1.8059999999999998
3695.0,1.8059999999999998
3696.0,1.763
3697.0,1.8059999999999998
3698.0,1.763
3699.0,1.763
3700.0,1.763
3701.0,1.763
3702.0,1.8059999999999998
3703.0,1.8059999999999998
3704.0,1.8059999999999998
3705.0,1.763
3706.0,1.8059999999999998
3707.0,1.763
3708.0,1.763
3709.0,1.8059999999999998
3710.0,1.763
3711.0,1.8059999999999998
3712.0,1.8059999999999998
3713.0,1.8059999999999998
3714.0,1.8059999999999998
3715.0,1.763
3716.0,1.8059999999999998
3717.0,1.8059999999999998
3718.0,1.8059999999999998
3719.0,1.8059999999999998
3720.0,1.8059999999999998
3721.0,1.8059999999999998
3722.0,1.8059999999999998
3723.0,1.763
3724.0,1.763
3725.0,1.763
3726.0,1.8059999999999998
3727.0,1.763
3728.0,1.8059999999999998
3729.0,1.8059999999999998
3730.0,1.763
3731.0,1.8059999999999998
3732.0,1.8059999999999998
3733.0,1.8059999999999998
3734.0,1.8059999999999998
3735.0,1.8059999999999998
3736.0,1.763
3737.0,1.763
3738.0,1.8059999999999998
3739.0,1.8059999999999998
3740.0,1.763
3741.0,1.8059999999999998
3742.0,1.8059999999999998
3743.0,1.8059999999999998
3744.0,1.763
3745.0,1.8059999999999998
3746.0,1.763
3747.0,1.763
3748.0,1.763
3749.0,1.763
3750.0,1.8059999999999998
3751.0,1.8059999999999998
3752.0,1.8059999999999998
3753.0,1.8059999999999998
3754.0,1.8059999999999998
3755.0,1.763
3756.0,1.8059999999999998
3757.0,1.763
3758.0,1.8059999999999998
3759.0,1.8059999999999998
3760.0,1.8059999999999998
3761.0,1.8489999999999998
3762.0,1.8059999999999998
3763.0,1.763
3764.0,1.763
3765.0,1.763
3766.0,1.8059999999999998
3767.0,1.8059999999999998
3768.0,1.8059999999999998
3769.0,1.8059999999999998
3770.0,1.8059999999999998
3771.0,1.763
3772.0,1.763
3773.0,1.8059999999999998
3774.0,1.763
3775.0,1.763
3776.0,1.8059999999999998
3777.0,1.763
3778.0,1.763
3779.0,1.8059999999999998
3780.0,1.763
3781.0,1.8059999999999998
3782.0,1.8059999999999998
3783.0,1.763
3784.0,1.8059999999999998
3785.0,1.8059999999999998
3786.0,1.8059999999999998
3787.0,1.8059999999999998
3788.0,1.8059999999999998
3789.0,1.763
3790.0,1.763
3791.0,1.763
3792.0,1.8059999999999998
3793.0,1.763
3794.0,1.763
3795.0,1.8059999999999998
3796.0,1.8059999999999998
3797.0,1.763
3798.0,1.763
3799.0,1.763
3800.0,1.763
3801.0,1.8489999999999998
3802.0,1.8059999999999998
3803.0,1.8059999999999998
3804.0,1.763
3805.0,1.8059999999999998
3806.0,1.763
3807.0,1.763
3808.0,1.8059999999999998
3809.0,1.8059999999999998
3810.0,1.8059999999999998
3811.0,1.8059999999999998
3812.0,1.8059999999999998
3813.0,1.8059999999999998
3814.0,1.8059999999999998
3815.0,1.8059999999999998
3816.0,1.763
3817.0,1.763
3818.0,1.8059999999999998
3819.0,1.763
3820.0,1.763
3821.0,1.8059999999999998
3822.0,1.763
3823.0,1.763
3824.0,1.8059999999999998
3825.0,1.8059999999999998
3826.0,1.763
3827.0,1.8059999999999998
3828.0,1.763
3829.0,1.8059999999999998
3830.0,1.8059999999999998
3831.0,1.8059999999999998
3832.0,1.8059999999999998
3833.0,1.763
3834.0,1.8059999999999998
3835.0,1.763
3836.0,1.763
3837.0,1.8059999999999998
3838.0,1.763
3839.0,1.763
3840.0,1.763
3841.0,1.8059999999999998
3842.0,1.763
3843.0,1.763
3844.0,1.8059999999999998
3845.0,1.8059999999999998
3846.0,1.8059999999999998
3847.0,1.8059999999999998
3848.0,1.763
3849.0,1.763
3850.0,1.763
3851.0,1.8059999999999998
3852.0,1.8059999999999998
3853.0,1.8059999999999998
3854.0,1.763
3855.0,1.763
3856.0,1.763
3857.0,1.763
3858.0,1.763
3859.0,1.8059999999999998
3860.0,1.763
3861.0,1.763
3862.0,1.763
3863.0,1.763
3864.0,1.763
3865.0,1.763
3866.0,1.763
3867.0,1.8059999999999998
3868.0,1.763
3869.0,1.763
3870.0,1.8059999999999998
3871.0,1.8059999999999998
3872.0,1.763
3873.0,1.763
3874.0,1.763
3875.0,1.8059999999999998
3876.0,1.763
3877.0,1.8059999999999998
3878.0,1.763
3879.0,1.763
3880.0,1.763
3881.0,1.8059999999999998
3882.0,1.763
3883.0,1.763
3884.0,1.763
3885.0,1.8059999999999998
3886.0,1.8059999999999998
3887.0,1.8059999999999998
3888.0,1.763
3889.0,1.8059999999999998
3890.0,1.763
3891.0,1.763
3892.0,1.763
3893.0,1.8059999999999998
3894.0,1.8059999999999998
3895.0,1.8059999999999998
3896.0,1.763
3897.0,1.763
3898.0,1.763
3899.0,1.763
3900.0,1.763
3901.0,1.8059999999999998
3902.0,1.8059999999999998
3903.0,1.763
3904.0,1.8059999999999998
3905.0,1.8059999999999998
3906.0,1.8059999999999998
3907.0,1.763
3908.0,1.763
3909.0,1.763
3910.0,1.8059999999999998
3911.0,1.763
3912.0,1.8059999999999998
3913.0,1.8059999999999998
3914.0,1.763
3915.0,1.8059999999999998
3916.0,1.763
3917.0,1.8059999999999998
3918.0,1.763
3919.0,1.8059999999999998
3920.0,1.763
3921.0,1.8059999999999998
3922.0,1.763
3923.0,1.8059999999999998
3924.0,1.763
3925.0,1.763
3926.0,1.763
3927.0,1.763
3928.0,1.763
3929.0,1.8059999999999998
3930.0,1.763
3931.0,1.763
3932.0,1.763
3933.0,1.8059999999999998
3934.0,1.763
3935.0,1.763
3936.0,1.763
3937.0,1.8059999999999998
3938.0,1.763
3939.0,1.763
3940.0,1.763
3941.0,1.8059999999999998
3942.0,1.763
3943.0,1.763
3944.0,1.8059999999999998
3945.0,1.8059999999999998
3946.0,1.8059999999999998
3947.0,1.8059999999999998
3948.0,1.8059999999999998
3949.0,1.8059999999999998
3950.0,1.763
3951.0,1.8059999999999998
3952.0,1.8059999999999998
3953.0,1.763
3954.0,1.763
3955.0,1.763
3956.0,1.763
3957.0,1.763
3958.0,1.763
3959.0,1.763
3960.0,1.763
3961.0,1.8059999999999998
3962.0,1.8059999999999998
3963.0,1.763
3964.0,1.763
3965.0,1.763
3966.0,1.763
3967.0,1.763
3968.0,1.763
3969.0,1.8059999999999998
3970.0,1.8059999999999998
3971.0,1.8059999999999998
3972.0,1.763
3973.0,1.763
3974.0,1.763
3975.0,1.763
3976.0,1.763
3977.0,1.763
3978.0,1.8489999999999998
3979.0,1.763
3980.0,1.8059999999999998
3981.0,1.763
3982.0,1.763
3983.0,1.763
3984.0,1.8059999999999998
3985.0,1.763
3986.0,1.763
3987.0,1.8059999999999998
3988.0,1.763
3989.0,1.8059999999999998
3990.0,1.763
3991.0,1.8059999999999998
3992.0,1.763
3993.0,1.8059999999999998
3994.0,1.763
3995.0,1.763
3996.0,1.763
3997.0,1.763
3998.0,1.763
3999.0,1.763
4000.0,1.763
4001.0,1.763
4002.0,1.8059999999999998
4003.0,1.8059999999999998
4004.0,1.763
4005.0,1.763
4006.0,1.763
4007.0,1.763
4008.0,1.763
4009.0,1.763
4010.0,1.763
4011.0,1.763
4012.0,1.763
4013.0,1.8059999999999998
4014.0,1.763
4015.0,1.763
4016.0,1.763
4017.0,1.763
4018.0,1.763
4019.0,1.763
4020.0,1.763
4021.0,1.763
4022.0,1.8059999999999998
4023.0,1.8059999999999998
4024.0,1.763
4025.0,1.763
4026.0,1.8059999999999998
4027.0,1.8059999999999998
4028.0,1.763
4029.0,1.763
4030.0,1.763
4031.0,1.763
4032.0,1.763
4033.0,1.763
4034.0,1.763
4035.0,1.763
4036.0,1.763
4037.0,1.763
4038.0,1.763
4039.0,1.8059999999999998
4040.0,1.763
4041.0,1.763
4042.0,1.763
4043.0,1.8059999999999998
4044.0,1.8059999999999998
4045.0,1.8059999999999998
4046.0,1.763
4047.0,1.763
4048.0,1.763
4049.0,1.763
4050.0,1.763
4051.0,1.763
4052.0,1.763
4053.0,1.763
4054.0,1.763
4055.0,1.8059999999999998
4056.0,1.763
4057.0,1.763
4058.0,1.763
4059.0,1.763
4060.0,1.763
4061.0,1.8059999999999998
4062.0,1.763
4063.0,1.8059999999999998
4064.0,1.763
4065.0,1.763
4066.0,1.763
4067.0,1.763
4068.0,1.763
4069.0,1.8059999999999998
4070.0,1.763
4071.0,1.8059999999999998
4072.0,1.763
4073.0,1.763
4074.0,1.763
4075.0,1.763
4076.0,1.763
4077.0,1.763
4078.0,1.763
4079.0,1.763
4080.0,1.763
4081.0,1.763
4082.0,1.763
4083.0,1.763
4084.0,1.763
4085.0,1.8059999999999998
4086.0,1.8059999999999998
4087.0,1.8059999999999998
4088.0,1.763
4089.0,1.763
4090.0,1.763
4091.0,1.763
4092.0,1.763
4093.0,1.763
4094.0,1.763
4095.0,1.8059999999999998
4096.0,1.8059999999999998
4097.0,1.8059999999999998
4098.0,1.763
4099.0,1.763
4100.0,1.763
4101.0,1.763
4102.0,1.763
4103.0,1.763
4104.0,1.763
4105.0,1.763
4106.0,1.763
4107.0,1.763
4108.0,1.763
4109.0,1.763
4110.0,1.763
4111.0,1.763
4112.0,1.8059999999999998
4113.0,1.763
4114.0,1.763
4115.0,1.763
4116.0,1.763
4117.0,1.763
4118.0,1.763
4119.0,1.763
4120.0,1.8059999999999998
4121.0,1.8059999999999998
4122.0,1.763
4123.0,1.763
4124.0,1.763
4125.0,1.763
4126.0,1.763
4127.0,1.763
4128.0,1.763
4129.0,1.763
4130.0,1.763
4131.0,1.763
4132.0,1.763
4133.0,1.763
4134.0,1.763
4135.0,1.763
4136.0,1.763
4137.0,1.763
4138.0,1.8059999999999998
4139.0,1.8059999999999998
4140.0,1.763
4141.0,1.763
4142.0,1.8059999999999998
4143.0,1.763
4144.0,1.763
4145.0,1.763
4146.0,1.763
4147.0,1.8059999999999998
4148.0,1.763
4149.0,1.763
4150.0,1.763
4151.0,1.8059999999999998
4152.0,1.763
4153.0,1.763
4154.0,1.8059999999999998
4155.0,1.8059999999999998
4156.0,1.763
4157.0,1.8059999999999998
4158.0,1.763
4159.0,1.763
4160.0,1.763
4161.0,1.763
4162.0,1.763
4163.0,1.763
4164.0,1.763
4165.0,1.763
4166.0,1.763
4167.0,1.763
4168.0,1.763
4169.0,1.763
4170.0,1.8059999999999998
4171.0,1.763
4172.0,1.763
4173.0,1.763
4174.0,1.763
4175.0,1.763
4176.0,1.763
4177.0,1.763
4178.0,1.8059999999999998
4179.0,1.763
4180.0,1.763
4181.0,1.763
4182.0,1.763
4183.0,1.763
4184.0,1.763
4185.0,1.763
4186.0,1.8059999999999998
4187.0,1.763
4188.0,1.763
4189.0,1.763
4190.0,1.763
4191.0,1.763
4192.0,1.763
4193.0,1.763
4194.0,1.763
4195.0,1.763
4196.0,1.763
4197.0,1.763
4198.0,1.763
4199.0,1.763
4200.0,1.763
4201.0,1.763
4202.0,1.763
4203.0,1.763
4204.0,1.763
4205.0,1.763
4206.0,1.763
4207.0,1.763
4208.0,1.763
4209.0,1.763
4210.0,1.763
4211.0,1.763
4212.0,1.763
4213.0,1.8059999999999998
4214.0,1.763
4215.0,1.763
4216.0,1.763
4217.0,1.763
4218.0,1.763
4219.0,1.763
4220.0,1.763
4221.0,1.763
4222.0,1.763
4223.0,1.763
4224.0,1.763
4225.0,1.763
4226.0,1.763
4227.0,1.763
4228.0,1.763
4229.0,1.763
4230.0,1.763
4231.0,1.763
4232.0,1.763
4233.0,1.763
4234.0,1.8059999999999998
4235.0,1.763
4236.0,1.763
4237.0,1.763
4238.0,1.763
4239.0,1.763
4240.0,1.763
4241.0,1.763
4242.0,1.763
4243.0,1.763
4244.0,1.763
4245.0,1.763
4246.0,1.8059999999999998
4247.0,1.763
4248.0,1.763
4249.0,1.763
4250.0,1.763
4251.0,1.8059999999999998
4252.0,1.763
4253.0,1.8059999999999998
4254.0,1.763
4255.0,1.763
4256.0,1.763
4257.0,1.763
4258.0,1.763
4259.0,1.763
4260.0,1.763
4261.0,1.763
4262.0,1.763
4263.0,1.763
4264.0,1.763
4265.0,1.763
4266.0,1.763
4267.0,1.763
4268.0,1.763
4269.0,1.763
4270.0,1.763
4271.0,1.763
4272.0,1.763
4273.0,1.763
4274.0,1.763
4275.0,1.763
4276.0,1.8059999999999998
4277.0,1.763
4278.0,1.763
4279.0,1.763
4280.0,1.763
4281.0,1.763
4282.0,1.763
4283.0,1.763
4284.0,1.763
4285.0,1.8059999999999998
4286.0,1.763
4287.0,1.763
4288.0,1.763
4289.0,1.763
4290.0,1.763
4291.0,1.763
4292.0,1.763
4293.0,1.763
4294.0,1.763
4295.0,1.8059999999999998
4296.0,1.763
4297.0,1.8059999999999998
4298.0,1.763
4299.0,1.763
4300.0,1.763
4301.0,1.8059999999999998
4302.0,1.763
4303.0,1.763
4304.0,1.763
4305.0,1.763
4306.0,1.763
4307.0,1.763
4308.0,1.763
4309.0,1.8059999999999998
4310.0,1.763
4311.0,1.763
4312.0,1.763
4313.0,1.763
4314.0,1.763
4315.0,1.763
4316.0,1.8059999999999998
4317.0,1.763
4318.0,1.8059999999999998
4319.0,1.763
4320.0,1.763
4321.0,1.763
4322.0,1.763
4323.0,1.763
4324.0,1.763
4325.0,1.763
4326.0,1.763
4327.0,1.8059999999999998
4328.0,1.8059999999999998
4329.0,1.763
4330.0,1.763
4331.0,1.763
4332.0,1.763
4333.0,1.763
4334.0,1.763
4335.0,1.763
4336.0,1.763
4337.0,1.763
4338.0,1.763
4339.0,1.763
4340.0,1.763
4341.0,1.763
4342.0,1.763
4343.0,1.763
4344.0,1.763
4345.0,1.763
4346.0,1.763
4347.0,1.763
4348.0,1.763
4349.0,1.763
4350.0,1.763
4351.0,1.763
4352.0,1.763
4353.0,1.763
4354.0,1.763
4355.0,1.763
4356.0,1.763
4357.0,1.763
4358.0,1.763
4359.0,1.763
4360.0,1.763
4361.0,1.763
4362.0,1.8059999999999998
4363.0,1.763
4364.0,1.763
4365.0,1.763
4366.0,1.763
4367.0,1.763
4368.0,1.763
4369.0,1.763
4370.0,1.763
4371.0,1.763
4372.0,1.763
4373.0,1.763
4374.0,1.763
4375.0,1.763
4376.0,1.763
4377.0,1.763
4378.0,1.763
4379.0,1.763
4380.0,1.763
4381.0,1.763
4382.0,1.763
4383.0,1.763
4384.0,1.763
4385.0,1.763
4386.0,1.763
4387.0,1.763
4388.0,1.763
4389.0,1.763
4390.0,1.763
4391.0,1.763
4392.0,1.763
4393.0,1.763
4394.0,1.763
4395.0,1.763
4396.0,1.8059999999999998
4397.0,1.8059999999999998
4398.0,1.763
4399.0,1.763
4400.0,1.763
4401.0,1.763
4402.0,1.763
4403.0,1.763
4404.0,1.763
4405.0,1.763
4406.0,1.763
4407.0,1.763
4408.0,1.763
4409.0,1.763
4410.0,1.763
4411.0,1.8059999999999998
4412.0,1.763
4413.0,1.763
4414.0,1.763
4415.0,1.763
4416.0,1.763
4417.0,1.763
4418.0,1.763
4419.0,1.763
4420.0,1.763
4421.0,1.763
4422.0,1.763
4423.0,1.763
4424.0,1.763
4425.0,1.763
4426.0,1.763
4427.0,1.763
4428.0,1.763
4429.0,1.8059999999999998
4430.0,1.763
4431.0,1.8059999999999998
4432.0,1.763
4433.0,1.763
4434.0,1.763
4435.0,1.8059999999999998
4436.0,1.763
4437.0,1.763
4438.0,1.763
4439.0,1.763
4440.0,1.763
4441.0,1.763
4442.0,1.763
4443.0,1.763
4444.0,1.763
4445.0,1.763
4446.0,1.8059999999999998
4447.0,1.763
4448.0,1.763
4449.0,1.763
4450.0,1.8059999999999998
4451.0,1.763
4452.0,1.763
4453.0,1.763
4454.0,1.763
4455.0,1.763
4456.0,1.763
4457.0,1.763
4458.0,1.763
4459.0,1.763
4460.0,1.763
4461.0,1.8059999999999998
4462.0,1.8059999999999998
4463.0,1.8059999999999998
4464.0,1.763
4465.0,1.763
4466.0,1.763
4467.0,1.763
4468.0,1.763
4469.0,1.763
4470.0,1.763
4471.0,1.763
4472.0,1.763
4473.0,1.763
4474.0,1.763
4475.0,1.763
4476.0,1.763
4477.0,1.763
4478.0,1.763
4479.0,1.763
4480.0,1.763
4481.0,1.763
4482.0,1.763
4483.0,1.763
4484.0,1.8059999999999998
4485.0,1.763
4486.0,1.763
4487.0,1.763
4488.0,1.763
4489.0,1.763
4490.0,1.763
4491.0,1.763
4492.0,1.763
4493.0,1.763
4494.0,1.763
4495.0,1.763
4496.0,1.763
4497.0,1.763
4498.0,1.763
4499.0,1.763
4500.0,1.763
4501.0,1.763
4502.0,1.8059999999999998
4503.0,1.763
4504.0,1.763
4505.0,1.763
4506.0,1.763
4507.0,1.763
4508.0,1.763
4509.0,1.763
4510.0,1.763
4511.0,1.8059999999999998
4512.0,1.763
4513.0,1.763
4514.0,1.763
4515.0,1.763
4516.0,1.763
4517.0,1.763
4518.0,1.8059999999999998
4519.0,1.763
4520.0,1.763
4521.0,1.763
4522.0,1.763
4523.0,1.763
4524.0,1.763
4525.0,1.763
4526.0,1.763
4527.0,1.763
4528.0,1.763
4529.0,1.763
4530.0,1.763
4531.0,1.763
4532.0,1.763
4533.0,1.763
4534.0,1.763
4535.0,1.763
4536.0,1.763
4537.0,1.763
4538.0,1.763
4539.0,1.763
4540.0,1.763
4541.0,1.763
4542.0,1.763
4543.0,1.763
4544.0,1.763
4545.0,1.763
4546.0,1.763
4547.0,1.763
4548.0,1.763
4549.0,1.763
4550.0,1.763
4551.0,1.763
4552.0,1.763
4553.0,1.763
4554.0,1.763
4555.0,1.763
4556.0,1.763
4557.0,1.763
4558.0,1.763
4559.0,1.763
4560.0,1.763
4561.0,1.763
4562.0,1.763
4563.0,1.763
4564.0,1.763
4565.0,1.763
4566.0,1.763
4567.0,1.763
4568.0,1.763
4569.0,1.763
4570.0,1.763
4571.0,1.763
4572.0,1.763
4573.0,1.763
4574.0,1.763
4575.0,1.763
4576.0,1.763
4577.0,1.763
4578.0,1.763
4579.0,1.763
4580.0,1.763
4581.0,1.763
4582.0,1.763
4583.0,1.763
4584.0,1.763
4585.0,1.763
4586.0,1.763
4587.0,1.8059999999999998
4588.0,1.763
4589.0,1.763
4590.0,1.763
4591.0,1.763
4592.0,1.763
4593.0,1.763
4594.0,1.763
4595.0,1.763
4596.0,1.763
4597.0,1.763
4598.0,1.7199999999999998
4599.0,1.763
4600.0,1.763
4601.0,1.763
4602.0,1.763
4603.0,1.763
4604.0,1.763
4605.0,1.763
4606.0,1.763
4607.0,1.763
4608.0,1.763
4609.0,1.763
4610.0,1.763
4611.0,1.763
4612.0,1.763
4613.0,1.763
4614.0,1.763
4615.0,1.763
4616.0,1.763
4617.0,1.763
4618.0,1.763
4619.0,1.763
4620.0,1.763
4621.0,1.763
4622.0,1.763
4623.0,1.763
4624.0,1.763
4625.0,1.763
4626.0,1.763
4627.0,1.763
4628.0,1.763
4629.0,1.763
4630.0,1.763
4631.0,1.763
4632.0,1.763
4633.0,1.763
4634.0,1.763
4635.0,1.763
4636.0,1.763
4637.0,1.763
4638.0,1.763
4639.0,1.763
4640.0,1.763
4641.0,1.763
4642.0,1.763
4643.0,1.763
4644.0,1.763
4645.0,1.763
4646.0,1.763
4647.0,1.763
4648.0,1.763
4649.0,1.763
4650.0,1.763
4651.0,1.763
4652.0,1.763
4653.0,1.763
4654.0,1.763
4655.0,1.763
4656.0,1.763
4657.0,1.763
4658.0,1.763
4659.0,1.763
4660.0,1.763
4661.0,1.763
4662.0,1.763
4663.0,1.763
4664.0,1.763
4665.0,1.763
4666.0,1.763
4667.0,1.763
4668.0,1.763
4669.0,1.763
4670.0,1.8059999999999998
4671.0,1.763
4672.0,1.763
4673.0,1.763
4674.0,1.763
4675.0,1.763
4676.0,1.763
4677.0,1.763
4678.0,1.763
4679.0,1.763
4680.0,1.763
4681.0,1.763
4682.0,1.763
4683.0,1.763
4684.0,1.763
4685.0,1.763
4686.0,1.763
4687.0,1.763
4688.0,1.763
4689.0,1.763
4690.0,1.763
4691.0,1.763
4692.0,1.763
4693.0,1.763
4694.0,1.763
4695.0,1.763
4696.0,1.763
4697.0,1.763
4698.0,1.763
4699.0,1.763
4700.0,1.763
4701.0,1.763
4702.0,1.763
4703.0,1.763
4704.0,1.763
4705.0,1.763
4706.0,1.763
4707.0,1.763
4708.0,1.763
4709.0,1.763
4710.0,1.763
4711.0,1.763
4712.0,1.763
4713.0,1.763
4714.0,1.763
4715.0,1.763
4716.0,1.763
4717.0,1.763
4718.0,1.763
4719.0,1.763
4720.0,1.763
4721.0,1.763
4722.0,1.763
4723.0,1.763
4724.0,1.763
4725.0,1.763
4726.0,1.763
4727.0,1.763
4728.0,1.763
4729.0,1.763
4730.0,1.763
4731.0,1.763
4732.0,1.763
4733.0,1.763
4734.0,1.763
4735.0,1.763
4736.0,1.763
4737.0,1.763
4738.0,1.763
4739.0,1.763
4740.0,1.763
4741.0,1.763
4742.0,1.763
4743.0,1.763
4744.0,1.763
4745.0,1.763
4746.0,1.763
4747.0,1.763
4748.0,1.763
4749.0,1.763
4750.0,1.763
4751.0,1.763
4752.0,1.763
4753.0,1.763
4754.0,1.763
4755.0,1.763
4756.0,1.763
4757.0,1.763
4758.0,1.763
4759.0,1.763
4760.0,1.763
4761.0,1.763
4762.0,1.763
4763.0,1.763
4764.0,1.763
4765.0,1.763
4766.0,1.763
4767.0,1.763
4768.0,1.763
4769.0,1.763
4770.0,1.763
4771.0,1.8059999999999998
4772.0,1.763
4773.0,1.763
4774.0,1.763
4775.0,1.763
4776.0,1.763
4777.0,1.763
4778.0,1.763
4779.0,1.763
4780.0,1.763
4781.0,1.763
4782.0,1.763
4783.0,1.763
4784.0,1.763
4785.0,1.763
4786.0,1.763
4787.0,1.763
4788.0,1.763
4789.0,1.763
4790.0,1.763
4791.0,1.763
4792.0,1.763
4793.0,1.763
4794.0,1.763
4795.0,1.763
4796.0,1.763
4797.0,1.763
4798.0,1.763
4799.0,1.763
4800.0,1.763
4801.0,1.763
4802.0,1.763
4803.0,1.763
4804.0,1.763
4805.0,1.763
4806.0,1.763
4807.0,1.763
4808.0,1.763
4809.0,1.763
4810.0,1.763
4811.0,1.763
4812.0,1.763
4813.0,1.763
4814.0,1.763
4815.0,1.763
4816.0,1.763
4817.0,1.763
4818.0,1.763
4819.0,1.763
4820.0,1.763
4821.0,1.763
4822.0,1.763
4823.0,1.763
4824.0,1.763
4825.0,1.763
4826.0,1.763
4827.0,1.763
4828.0,1.763
4829.0,1.763
4830.0,1.763
4831.0,1.763
4832.0,1.763
4833.0,1.763
4834.0,1.763
4835.0,1.763
4836.0,1.763
4837.0,1.763
4838.0,1.763
4839.0,1.763
4840.0,1.763
4841.0,1.763
4842.0,1.763
4843.0,1.763
4844.0,1.763
4845.0,1.8059999999999998
4846.0,1.763
4847.0,1.763
4848.0,1.763
4849.0,1.763
4850.0,1.763
4851.0,1.763
4852.0,1.763
4853.0,1.763
4854.0,1.763
4855.0,1.763
4856.0,1.763
4857.0,1.763
4858.0,1.763
4859.0,1.763
4860.0,1.763
4861.0,1.763
4862.0,1.763
4863.0,1.763
4864.0,1.763
4865.0,1.763
4866.0,1.763
4867.0,1.763
4868.0,1.8059999999999998
4869.0,1.763
4870.0,1.763
4871.0,1.763
4872.0,1.763
4873.0,1.763
4874.0,1.763
4875.0,1.763
4876.0,1.763
4877.0,1.763
4878.0,1.763
4879.0,1.8059999999999998
4880.0,1.763
4881.0,1.763
4882.0,1.763
4883.0,1.763
4884.0,1.763
4885.0,1.763
4886.0,1.763
4887.0,1.763
4888.0,1.763
4889.0,1.763
4890.0,1.763
4891.0,1.763
4892.0,1.763
4893.0,1.763
4894.0,1.763
4895.0,1.763
4896.0,1.763
4897.0,1.763
4898.0,1.763
4899.0,1.763
4900.0,1.763
4901.0,1.763
4902.0,1.763
4903.0,1.763
4904.0,1.763
4905.0,1.763
4906.0,1.8059999999999998
4907.0,1.763
4908.0,1.763
4909.0,1.763
4910.0,1.763
4911.0,1.763
4912.0,1.763
4913.0,1.763
4914.0,1.763
4915.0,1.763
4916.0,1.763
4917.0,1.763
4918.0,1.763
4919.0,1.763
4920.0,1.763
4921.0,1.763
4922.0,1.763
4923.0,1.763
4924.0,1.763
4925.0,1.763
4926.0,1.8059999999999998
4927.0,1.8059999999999998
4928.0,1.763
4929.0,1.8059999999999998
4930.0,1.763
4931.0,1.763
4932.0,1.763
4933.0,1.763
4934.0,1.763
4935.0,1.763
4936.0,1.8059999999999998
4937.0,1.763
4938.0,1.763
4939.0,1.763
4940.0,1.763
4941.0,1.763
4942.0,1.763
4943.0,1.763
4944.0,1.763
4945.0,1.763
4946.0,1.763
4947.0,1.763
4948.0,1.763
4949.0,1.763
4950.0,1.763
4951.0,1.763
4952.0,1.763
4953.0,1.763
4954.0,1.763
4955.0,1.763
4956.0,1.763
4957.0,1.763
4958.0,1.763
4959.0,1.763
4960.0,1.763
4961.0,1.763
4962.0,1.763
4963.0,1.763
4964.0,1.763
4965.0,1.763
4966.0,1.763
4967.0,1.763
4968.0,1.763
4969.0,1.763
4970.0,1.763
4971.0,1.763
4972.0,1.763
4973.0,1.763
4974.0,1.763
4975.0,1.763
4976.0,1.763
4977.0,1.763
4978.0,1.763
4979.0,1.763
4980.0,1.763
4981.0,1.763
4982.0,1.763
4983.0,1.763
4984.0,1.763
4985.0,1.763
4986.0,1.763
4987.0,1.763
4988.0,1.8059999999999998
4989.0,1.763
4990.0,1.763
4991.0,1.763
4992.0,1.763
4993.0,1.8059999999999998
4994.0,1.763
4995.0,1.8059999999999998
4996.0,1.763
4997.0,1.763
4998.0,1.763
4999.0,1.763
5000.0,1.763
5001.0,1.763
5002.0,1.763
5003.0,1.763
5004.0,1.763
5005.0,1.763
5006.0,1.763
5007.0,1.763
5008.0,1.763
5009.0,1.763
5010.0,1.763
5011.0,1.763
5012.0,1.763
5013.0,1.763
5014.0,1.763
5015.0,1.763
5016.0,1.763
5017.0,1.763
5018.0,1.763
5019.0,1.763
5020.0,1.763
5021.0,1.763
5022.0,1.763
5023.0,1.763
5024.0,1.763
5025.0,1.763
5026.0,1.763
5027.0,1.763
5028.0,1.7199999999999998
5029.0,1.763
5030.0,1.763
5031.0,1.763
5032.0,1.7199999999999998
5033.0,1.7199999999999998
5034.0,1.763
5035.0,1.763
5036.0,1.763
5037.0,1.763
5038.0,1.763
5039.0,1.763
5040.0,1.763
5041.0,1.763
5042.0,1.763
5043.0,1.763
5044.0,1.763
5045.0,1.763
5046.0,1.763
5047.0,1.763
5048.0,1.763
5049.0,1.763
5050.0,1.763
5051.0,1.763
5052.0,1.763
5053.0,1.763
5054.0,1.763
5055.0,1.763
5056.0,1.763
5057.0,1.763
5058.0,1.763
5059.0,1.763
5060.0,1.763
5061.0,1.763
5062.0,1.763
5063.0,1.763
5064.0,1.7199999999999998
5065.0,1.763
5066.0,1.7199999999999998
5067.0,1.763
5068.0,1.763
5069.0,1.763
5070.0,1.763
5071.0,1.763
5072.0,1.7199999999999998
5073.0,1.763
5074.0,1.7199999999999998
5075.0,1.763
5076.0,1.763
5077.0,1.763
5078.0,1.763
5079.0,1.763
5080.0,1.763
5081.0,1.763
5082.0,1.763
5083.0,1.763
5084.0,1.763
5085.0,1.763
5086.0,1.763
5087.0,1.763
5088.0,1.763
5089.0,1.763
5090.0,1.763
5091.0,1.763
5092.0,1.763
5093.0,1.763
5094.0,1.763
5095.0,1.763
5096.0,1.763
5097.0,1.763
5098.0,1.763
5099.0,1.763
5100.0,1.763
5101.0,1.763
5102.0,1.763
5103.0,1.763
5104.0,1.763
5105.0,1.763
5106.0,1.763
5107.0,1.763
5108.0,1.763
5109.0,1.763
5110.0,1.763
5111.0,1.763
5112.0,1.763
5113.0,1.763
5114.0,1.763
5115.0,1.763
5116.0,1.763
5117.0,1.763
5118.0,1.763
5119.0,1.763
5120.0,1.763
5121.0,1.763
5122.0,1.763
5123.0,1.763
5124.0,1.763
5125.0,1.763
5126.0,1.763
5127.0,1.763
5128.0,1.763
5129.0,1.763
5130.0,1.763
5131.0,1.763
5132.0,1.763
5133.0,1.763
5134.0,1.763
5135.0,1.763
5136.0,1.763
5137.0,1.763
5138.0,1.8059999999999998
5139.0,1.763
5140.0,1.763
5141.0,1.763
5142.0,1.763
5143.0,1.763
5144.0,1.763
5145.0,1.763
5146.0,1.763
5147.0,1.763
5148.0,1.763
5149.0,1.763
5150.0,1.763
5151.0,1.763
5152.0,1.763
5153.0,1.763
5154.0,1.763
5155.0,1.763
5156.0,1.763
5157.0,1.763
5158.0,1.763
5159.0,1.763
5160.0,1.763
5161.0,1.763
5162.0,1.763
5163.0,1.763
5164.0,1.763
5165.0,1.763
5166.0,1.763
5167.0,1.763
5168.0,1.763
5169.0,1.763
5170.0,1.763
5171.0,1.763
5172.0,1.763
5173.0,1.763
5174.0,1.763
5175.0,1.7199999999999998
5176.0,1.7199999999999998
5177.0,1.763
5178.0,1.763
5179.0,1.763
5180.0,1.763
5181.0,1.763
5182.0,1.763
5183.0,1.763
5184.0,1.763
5185.0,1.8059999999999998
5186.0,1.763
5187.0,1.763
5188.0,1.763
5189.0,1.763
5190.0,1.763
5191.0,1.763
5192.0,1.763
5193.0,1.763
5194.0,1.763
5195.0,1.763
5196.0,1.763
5197.0,1.763
5198.0,1.763
5199.0,1.763
5200.0,1.763
5201.0,1.763
5202.0,1.763
5203.0,1.763
5204.0,1.763
5205.0,1.763
5206.0,1.763
5207.0,1.763
5208.0,1.7199999999999998
5209.0,1.7199999999999998
5210.0,1.763
5211.0,1.8059999999999998
5212.0,1.763
5213.0,1.763
5214.0,1.763
5215.0,1.763
5216.0,1.7199999999999998
5217.0,1.763
5218.0,1.763
5219.0,1.763
5220.0,1.763
5221.0,1.763
5222.0,1.763
5223.0,1.763
5224.0,1.763
5225.0,1.763
5226.0,1.763
5227.0,1.763
5228.0,1.763
5229.0,1.763
5230.0,1.763
5231.0,1.763
5232.0,1.763
5233.0,1.763
5234.0,1.763
5235.0,1.763
5236.0,1.763
5237.0,1.763
5238.0,1.763
5239.0,1.763
5240.0,1.763
5241.0,1.763
5242.0,1.763
5243.0,1.763
5244.0,1.763
5245.0,1.763
5246.0,1.763
5247.0,1.763
5248.0,1.7199999999999998
5249.0,1.763
5250.0,1.763
5251.0,1.763
5252.0,1.763
5253.0,1.8059999999999998
5254.0,1.763
5255.0,1.763
5256.0,1.763
5257.0,1.763
5258.0,1.763
5259.0,1.7199999999999998
5260.0,1.763
5261.0,1.763
5262.0,1.763
5263.0,1.763
5264.0,1.763
5265.0,1.763
5266.0,1.763
5267.0,1.763
5268.0,1.763
5269.0,1.763
5270.0,1.763
5271.0,1.763
5272.0,1.763
5273.0,1.763
5274.0,1.763
5275.0,1.763
5276.0,1.763
5277.0,1.763
5278.0,1.763
5279.0,1.763
5280.0,1.763
5281.0,1.763
5282.0,1.7199999999999998
5283.0,1.763
5284.0,1.763
5285.0,1.763
5286.0,1.763
5287.0,1.7199999999999998
5288.0,1.763
5289.0,1.8059999999999998
5290.0,1.763
5291.0,1.763
5292.0,1.763
5293.0,1.763
5294.0,1.763
5295.0,1.7199999999999998
5296.0,1.763
5297.0,1.763
5298.0,1.763
5299.0,1.763
5300.0,1.7199999999999998
5301.0,1.7199999999999998
5302.0,1.763
5303.0,1.763
5304.0,1.763
5305.0,1.763
5306.0,1.763
5307.0,1.763
5308.0,1.763
5309.0,1.763
5310.0,1.763
5311.0,1.763
5312.0,1.763
5313.0,1.763
5314.0,1.763
5315.0,1.763
5316.0,1.763
5317.0,1.763
5318.0,1.763
5319.0,1.7199999999999998
5320.0,1.763
5321.0,1.763
5322.0,1.763
5323.0,1.763
5324.0,1.763
5325.0,1.763
5326.0,1.763
5327.0,1.763
5328.0,1.763
5329.0,1.763
5330.0,1.763
5331.0,1.763
5332.0,1.763
5333.0,1.763
5334.0,1.763
5335.0,1.763
5336.0,1.763
5337.0,1.763
5338.0,1.763
5339.0,1.763
5340.0,1.763
5341.0,1.7199999999999998
5342.0,1.763
5343.0,1.763
5344.0,1.763
5345.0,1.763
5346.0,1.763
5347.0,1.763
5348.0,1.763
5349.0,1.7199999999999998
5350.0,1.763
5351.0,1.763
5352.0,1.763
5353.0,1.763
5354.0,1.763
5355.0,1.763
5356.0,1.763
5357.0,1.763
5358.0,1.763
5359.0,1.7199999999999998
5360.0,1.763
5361.0,1.763
5362.0,1.763
5363.0,1.763
5364.0,1.763
5365.0,1.763
5366.0,1.763
5367.0,1.763
5368.0,1.763
5369.0,1.763
5370.0,1.763
5371.0,1.763
5372.0,1.763
5373.0,1.763
5374.0,1.7199999999999998
5375.0,1.763
5376.0,1.763
5377.0,1.763
5378.0,1.763
5379.0,1.763
5380.0,1.763
5381.0,1.763
5382.0,1.763
5383.0,1.763
5384.0,1.763
5385.0,1.763
5386.0,1.763
5387.0,1.763
5388.0,1.763
5389.0,1.7199999999999998
5390.0,1.763
5391.0,1.7199999999999998
5392.0,1.763
5393.0,1.763
5394.0,1.8059999999999998
5395.0,1.763
5396.0,1.763
5397.0,1.7199999999999998
5398.0,1.763
5399.0,1.763
5400.0,1.7199999999999998
5401.0,1.7199999999999998
5402.0,1.763
5403.0,1.7199999999999998
5404.0,1.763
5405.0,1.763
5406.0,1.763
5407.0,1.763
5408.0,1.763
5409.0,1.763
5410.0,1.763
5411.0,1.763
5412.0,1.763
5413.0,1.763
5414.0,1.7199999999999998
5415.0,1.763
5416.0,1.763
5417.0,1.763
5418.0,1.763
5419.0,1.763
5420.0,1.763
5421.0,1.763
5422.0,1.763
5423.0,1.763
5424.0,1.763
5425.0,1.7199999999999998
5426.0,1.763
5427.0,1.7199999999999998
5428.0,1.763
5429.0,1.763
5430.0,1.7199999999999998
5431.0,1.763
5432.0,1.7199999999999998
5433.0,1.763
5434.0,1.7199999999999998
5435.0,1.763
5436.0,1.7199999999999998
5437.0,1.763
5438.0,1.763
5439.0,1.763
5440.0,1.763
5441.0,1.7199999999999998
5442.0,1.763
5443.0,1.7199999999999998
5444.0,1.7199999999999998
5445.0,1.763
5446.0,1.763
5447.0,1.763
5448.0,1.763
5449.0,1.763
5450.0,1.7199999999999998
5451.0,1.763
5452.0,1.763
5453.0,1.763
5454.0,1.763
5455.0,1.763
5456.0,1.763
5457.0,1.763
5458.0,1.763
5459.0,1.763
5460.0,1.763
5461.0,1.763
5462.0,1.763
5463.0,1.763
5464.0,1.7199999999999998
5465.0,1.763
5466.0,1.763
5467.0,1.7199999999999998
5468.0,1.7199999999999998
5469.0,1.763
5470.0,1.763
5471.0,1.763
5472.0,1.763
5473.0,1.7199999999999998
5474.0,1.763
5475.0,1.763
5476.0,1.763
5477.0,1.763
5478.0,1.763
5479.0,1.763
5480.0,1.8059999999999998
5481.0,1.763
5482.0,1.763
5483.0,1.763
5484.0,1.763
5485.0,1.763
5486.0,1.763
5487.0,1.7199999999999998
5488.0,1.763
5489.0,1.7199999999999998
5490.0,1.763
5491.0,1.763
5492.0,1.763
5493.0,1.763
5494.0,1.763
5495.0,1.763
5496.0,1.763
5497.0,1.763
5498.0,1.763
5499.0,1.7199999999999998
5500.0,1.763
5501.0,1.763
5502.0,1.763
5503.0,1.763
5504.0,1.763
5505.0,1.763
5506.0,1.7199999999999998
5507.0,1.763
5508.0,1.763
5509.0,1.763
5510.0,1.7199999999999998
5511.0,1.763
5512.0,1.8059999999999998
5513.0,1.763
5514.0,1.763
5515.0,1.7199999999999998
5516.0,1.763
5517.0,1.763
5518.0,1.763
5519.0,1.763
5520.0,1.7199999999999998
5521.0,1.763
5522.0,1.763
5523.0,1.7199999999999998
5524.0,1.7199999999999998
5525.0,1.763
5526.0,1.763
5527.0,1.763
5528.0,1.763
5529.0,1.763
5530.0,1.763
5531.0,1.763
5532.0,1.763
5533.0,1.7199999999999998
5534.0,1.763
5535.0,1.763
5536.0,1.763
5537.0,1.763
5538.0,1.763
5539.0,1.7199999999999998
5540.0,1.763
5541.0,1.7199999999999998
5542.0,1.7199999999999998
5543.0,1.763
5544.0,1.763
5545.0,1.763
5546.0,1.763
5547.0,1.8059999999999998
5548.0,1.763
5549.0,1.7199999999999998
5550.0,1.763
5551.0,1.7199999999999998
5552.0,1.763
5553.0,1.763
5554.0,1.763
5555.0,1.7199999999999998
5556.0,1.763
5557.0,1.763
5558.0,1.763
5559.0,1.763
5560.0,1.763
5561.0,1.763
5562.0,1.763
5563.0,1.763
5564.0,1.763
5565.0,1.763
5566.0,1.763
5567.0,1.763
5568.0,1.763
5569.0,1.763
5570.0,1.763
5571.0,1.763
5572.0,1.763
5573.0,1.763
5574.0,1.763
5575.0,1.7199999999999998
5576.0,1.763
5577.0,1.763
5578.0,1.7199999999999998
5579.0,1.763
5580.0,1.763
5581.0,1.7199999999999998
5582.0,1.763
5583.0,1.763
5584.0,1.7199999999999998
5585.0,1.763
5586.0,1.763
5587.0,1.763
5588.0,1.8059999999999998
5589.0,1.7199999999999998
5590.0,1.763
5591.0,1.763
5592.0,1.7199999999999998
5593.0,1.7199999999999998
5594.0,1.7199999999999998
5595.0,1.763
5596.0,1.763
5597.0,1.763
5598.0,1.763
5599.0,1.763
5600.0,1.763
5601.0,1.763
5602.0,1.763
5603.0,1.763
5604.0,1.763
5605.0,1.8059999999999998
5606.0,1.763
5607.0,1.763
5608.0,1.763
5609.0,1.763
5610.0,1.763
5611.0,1.763
5612.0,1.763
5613.0,1.763
5614.0,1.763
5615.0,1.7199999999999998
5616.0,1.763
5617.0,1.763
5618.0,1.763
5619.0,1.7199999999999998
5620.0,1.763
5621.0,1.763
5622.0,1.763
5623.0,1.7199999999999998
5624.0,1.7199999999999998
5625.0,1.7199999999999998
5626.0,1.763
5627.0,1.7199999999999998
5628.0,1.763
5629.0,1.763
5630.0,1.763
5631.0,1.7199999999999998
5632.0,1.7199999999999998
5633.0,1.7199999999999998
5634.0,1.763
5635.0,1.763
5636.0,1.763
5637.0,1.763
5638.0,1.763
5639.0,1.763
5640.0,1.763
5641.0,1.763
5642.0,1.763
5643.0,1.763
5644.0,1.763
5645.0,1.763
5646.0,1.763
5647.0,1.763
5648.0,1.7199999999999998
5649.0,1.763
5650.0,1.7199999999999998
5651.0,1.763
5652.0,1.763
5653.0,1.763
5654.0,1.763
5655.0,1.7199999999999998
5656.0,1.763
5657.0,1.763
5658.0,1.763
5659.0,1.7199999999999998
5660.0,1.763
5661.0,1.763
5662.0,1.763
5663.0,1.763
5664.0,1.763
5665.0,1.7199999999999998
5666.0,1.763
5667.0,1.763
5668.0,1.763
5669.0,1.7199999999999998
5670.0,1.763
5671.0,1.763
5672.0,1.763
5673.0,1.7199999999999998
5674.0,1.763
5675.0,1.7199999999999998
5676.0,1.763
5677.0,1.763
5678.0,1.763
5679.0,1.763
5680.0,1.763
5681.0,1.763
5682.0,1.763
5683.0,1.7199999999999998
5684.0,1.7199999999999998
5685.0,1.763
5686.0,1.763
5687.0,1.763
5688.0,1.763
5689.0,1.763
5690.0,1.7199999999999998
5691.0,1.7199999999999998
5692.0,1.763
5693.0,1.7199999999999998
5694.0,1.763
5695.0,1.763
5696.0,1.763
5697.0,1.763
5698.0,1.7199999999999998
5699.0,1.763
5700.0,1.763
5701.0,1.7199999999999998
5702.0,1.763
5703.0,1.763
5704.0,1.763
5705.0,1.763
5706.0,1.763
5707.0,1.763
5708.0,1.7199999999999998
5709.0,1.763
5710.0,1.763
5711.0,1.763
5712.0,1.763
5713.0,1.763
5714.0,1.763
5715.0,1.7199999999999998
5716.0,1.763
5717.0,1.7199999999999998
5718.0,1.763
5719.0,1.7199999999999998
5720.0,1.763
5721.0,1.763
5722.0,1.763
5723.0,1.763
5724.0,1.7199999999999998
5725.0,1.7199999999999998
5726.0,1.763
5727.0,1.7199999999999998
5728.0,1.763
5729.0,1.7199999999999998
5730.0,1.763
5731.0,1.763
5732.0,1.7199999999999998
5733.0,1.7199999999999998
5734.0,1.763
5735.0,1.763
5736.0,1.763
5737.0,1.7199999999999998
5738.0,1.763
5739.0,1.7199999999999998
5740.0,1.763
5741.0,1.7199999999999998
5742.0,1.7199999999999998
5743.0,1.7199999999999998
5744.0,1.763
5745.0,1.763
5746.0,1.763
5747.0,1.763
5748.0,1.7199999999999998
5749.0,1.763
5750.0,1.7199999999999998
5751.0,1.7199999999999998
5752.0,1.763
5753.0,1.7199999999999998
5754.0,1.763
5755.0,1.7199999999999998
5756.0,1.7199999999999998
5757.0,1.7199999999999998
5758.0,1.7199999999999998
5759.0,1.7199999999999998
5760.0,1.7199999999999998
5761.0,1.7199999999999998
5762.0,1.763
5763.0,1.763
5764.0,1.763
5765.0,1.7199999999999998
5766.0,1.763
5767.0,1.7199999999999998
5768.0,1.7199999999999998
5769.0,1.763
5770.0,1.763
5771.0,1.763
5772.0,1.7199999999999998
5773.0,1.7199999999999998
5774.0,1.763
5775.0,1.7199999999999998
5776.0,1.7199999999999998
5777.0,1.763
5778.0,1.763
5779.0,1.763
5780.0,1.763
5781.0,1.763
5782.0,1.763
5783.0,1.763
5784.0,1.763
5785.0,1.7199999999999998
5786.0,1.763
5787.0,1.763
5788.0,1.763
5789.0,1.763
5790.0,1.7199999999999998
5791.0,1.763
5792.0,1.763
5793.0,1.7199999999999998
5794.0,1.7199999999999998
5795.0,1.7199999999999998
5796.0,1.763
5797.0,1.763
5798.0,1.763
5799.0,1.7199999999999998
5800.0,1.7199999999999998
5801.0,1.763
5802.0,1.7199999999999998
5803.0,1.7199999999999998
5804.0,1.7199999999999998
5805.0,1.763
5806.0,1.7199999999999998
5807.0,1.763
5808.0,1.7199999999999998
5809.0,1.763
5810.0,1.763
5811.0,1.763
5812.0,1.763
5813.0,1.7199999999999998
5814.0,1.763
5815.0,1.763
5816.0,1.7199999999999998
5817.0,1.7199999999999998
5818.0,1.763
5819.0,1.763
5820.0,1.763
5821.0,1.7199999999999998
5822.0,1.763
5823.0,1.763
5824.0,1.7199999999999998
5825.0,1.7199999999999998
5826.0,1.7199999999999998
5827.0,1.763
5828.0,1.763
5829.0,1.7199999999999998
5830.0,1.763
5831.0,1.763
5832.0,1.7199999999999998
5833.0,1.7199999999999998
5834.0,1.763
5835.0,1.7199999999999998
5836.0,1.763
5837.0,1.763
5838.0,1.763
5839.0,1.763
5840.0,1.7199999999999998
5841.0,1.7199999999999998
5842.0,1.7199999999999998
5843.0,1.763
5844.0,1.763
5845.0,1.763
5846.0,1.763
5847.0,1.7199999999999998
5848.0,1.7199999999999998
5849.0,1.763
5850.0,1.7199999999999998
5851.0,1.7199999999999998
5852.0,1.7199999999999998
5853.0,1.763
5854.0,1.7199999999999998
5855.0,1.763
5856.0,1.763
5857.0,1.763
5858.0,1.763
5859.0,1.7199999999999998
5860.0,1.763
5861.0,1.763
5862.0,1.763
5863.0,1.763
5864.0,1.763
5865.0,1.7199999999999998
5866.0,1.763
5867.0,1.763
5868.0,1.763
5869.0,1.763
5870.0,1.763
5871.0,1.763
5872.0,1.7199999999999998
5873.0,1.763
5874.0,1.763
5875.0,1.7199999999999998
5876.0,1.763
5877.0,1.763
5878.0,1.763
5879.0,1.763
5880.0,1.763
5881.0,1.763
5882.0,1.763
5883.0,1.7199999999999998
5884.0,1.7199999999999998
5885.0,1.7199999999999998
5886.0,1.763
5887.0,1.763
5888.0,1.763
5889.0,1.7199999999999998
5890.0,1.763
5891.0,1.7199999999999998
5892.0,1.763
5893.0,1.763
5894.0,1.763
5895.0,1.763
5896.0,1.763
5897.0,1.7199999999999998
5898.0,1.7199999999999998
5899.0,1.7199999999999998
5900.0,1.7199999999999998
5901.0,1.7199999999999998
5902.0,1.763
5903.0,1.763
5904.0,1.763
5905.0,1.763
5906.0,1.763
5907.0,1.763
5908.0,1.7199999999999998
5909.0,1.7199999999999998
5910.0,1.763
5911.0,1.763
5912.0,1.763
5913.0,1.763
5914.0,1.7199999999999998
5915.0,1.763
5916.0,1.7199999999999998
5917.0,1.7199999999999998
5918.0,1.7199999999999998
5919.0,1.7199999999999998
5920.0,1.7199999999999998
5921.0,1.7199999999999998
5922.0,1.7199999999999998
5923.0,1.7199999999999998
5924.0,1.7199999999999998
5925.0,1.7199999999999998
5926.0,1.763
5927.0,1.763
5928.0,1.763
5929.0,1.763
5930.0,1.763
5931.0,1.763
5932.0,1.763
5933.0,1.7199999999999998
5934.0,1.7199999999999998
5935.0,1.7199999999999998
5936.0,1.763
5937.0,1.763
5938.0,1.763
5939.0,1.763
5940.0,1.7199999999999998
5941.0,1.7199999999999998
5942.0,1.7199999999999998
5943.0,1.7199999999999998
5944.0,1.7199999999999998
5945.0,1.763
5946.0,1.7199999999999998
5947.0,1.763
5948.0,1.763
5949.0,1.7199999999999998
5950.0,1.763
5951.0,1.7199999999999998
5952.0,1.7199999999999998
5953.0,1.763
5954.0,1.7199999999999998
5955.0,1.763
5956.0,1.763
5957.0,1.763
5958.0,1.7199999999999998
5959.0,1.763
5960.0,1.7199999999999998
5961.0,1.7199999999999998
5962.0,1.7199999999999998
5963.0,1.7199999999999998
5964.0,1.763
5965.0,1.763
5966.0,1.7199999999999998
5967.0,1.7199999999999998
5968.0,1.7199999999999998
5969.0,1.763
5970.0,1.763
5971.0,1.7199999999999998
5972.0,1.763
5973.0,1.763
5974.0,1.763
5975.0,1.7199999999999998
5976.0,1.763
5977.0,1.763
5978.0,1.763
5979.0,1.763
5980.0,1.763
5981.0,1.7199999999999998
5982.0,1.7199999999999998
5983.0,1.763
5984.0,1.7199999999999998
5985.0,1.763
5986.0,1.763
5987.0,1.763
5988.0,1.763
5989.0,1.7199999999999998
5990.0,1.763
5991.0,1.7199999999999998
5992.0,1.7199999999999998
5993.0,1.7199999999999998
5994.0,1.7199999999999998
5995.0,1.7199999999999998
5996.0,1.7199999999999998
5997.0,1.763
5998.0,1.763
5999.0,1.7199999999999998
6000.0,1.7199999999999998
6001.0,1.7199999999999998
6002.0,1.7199999999999998
6003.0,1.763
6004.0,1.763
6005.0,1.763
6006.0,1.763
6007.0,1.7199999999999998
6008.0,1.7199999999999998
6009.0,1.7199999999999998
6010.0,1.7199999999999998
6011.0,1.763
6012.0,1.7199999999999998
6013.0,1.763
6014.0,1.763
6015.0,1.763
6016.0,1.763
6017.0,1.7199999999999998
6018.0,1.7199999999999998
6019.0,1.8059999999999998
6020.0,1.763
6021.0,1.763
6022.0,1.7199999999999998
6023.0,1.7199999999999998
6024.0,1.7199999999999998
6025.0,1.7199999999999998
6026.0,1.7199999999999998
6027.0,1.7199999999999998
6028.0,1.763
6029.0,1.763
6030.0,1.7199999999999998
6031.0,1.7199999999999998
6032.0,1.7199999999999998
6033.0,1.7199999999999998
6034.0,1.7199999999999998
6035.0,1.763
6036.0,1.763
6037.0,1.763
6038.0,1.7199999999999998
6039.0,1.763
6040.0,1.763
6041.0,1.7199999999999998
6042.0,1.763
6043.0,1.7199999999999998
6044.0,1.7199999999999998
6045.0,1.763
6046.0,1.7199999999999998
6047.0,1.7199999999999998
6048.0,1.7199999999999998
6049.0,1.7199999999999998
6050.0,1.7199999999999998
6051.0,1.7199999999999998
6052.0,1.7199999999999998
6053.0,1.7199999999999998
6054.0,1.7199999999999998
6055.0,1.763
6056.0,1.763
6057.0,1.7199999999999998
6058.0,1.7199999999999998
6059.0,1.7199999999999998
6060.0,1.763
6061.0,1.7199999999999998
6062.0,1.7199999999999998
6063.0,1.763
6064.0,1.763
6065.0,1.763
6066.0,1.7199999999999998
6067.0,1.763
6068.0,1.7199999999999998
6069.0,1.763
6070.0,1.7199999999999998
6071.0,1.763
6072.0,1.763
6073.0,1.7199999999999998
6074.0,1.7199999999999998
6075.0,1.7199999999999998
6076.0,1.7199999999999998
6077.0,1.7199999999999998
6078.0,1.763
6079.0,1.7199999999999998
6080.0,1.763
6081.0,1.763
6082.0,1.763
6083.0,1.7199999999999998
6084.0,1.7199999999999998
6085.0,1.7199999999999998
6086.0,1.763
6087.0,1.763
6088.0,1.763
6089.0,1.7199999999999998
6090.0,1.7199999999999998
6091.0,1.7199999999999998
6092.0,1.7199999999999998
6093.0,1.7199999999999998
6094.0,1.7199999999999998
6095.0,1.7199999999999998
6096.0,1.7199999999999998
6097.0,1.763
6098.0,1.763
6099.0,1.7199999999999998
6100.0,1.7199999999999998
6101.0,1.763
6102.0,1.7199999999999998
6103.0,1.7199999999999998
6104.0,1.7199999999999998
6105.0,1.763
6106.0,1.7199999999999998
6107.0,1.7199999999999998
6108.0,1.7199999999999998
6109.0,1.7199999999999998
6110.0,1.7199999999999998
6111.0,1.763
6112.0,1.7199999999999998
6113.0,1.763
6114.0,1.7199999999999998
6115.0,1.7199999999999998
6116.0,1.7199999999999998
6117.0,1.7199999999999998
6118.0,1.7199999999999998
6119.0,1.763
6120.0,1.7199999999999998
6121.0,1.7199999999999998
6122.0,1.763
6123.0,1.7199999999999998
6124.0,1.7199999999999998
6125.0,1.7199999999999998
6126.0,1.7199999999999998
6127.0,1.7199999999999998
6128.0,1.763
6129.0,1.7199999999999998
6130.0,1.763
6131.0,1.7199999999999998
6132.0,1.7199999999999998
6133.0,1.7199999999999998
6134.0,1.7199999999999998
6135.0,1.7199999999999998
6136.0,1.7199999999999998
6137.0,1.763
6138.0,1.7199999999999998
6139.0,1.763
6140.0,1.7199999999999998
6141.0,1.7199999999999998
6142.0,1.7199999999999998
6143.0,1.7199999999999998
6144.0,1.763
6145.0,1.7199999999999998
6146.0,1.763
6147.0,1.7199999999999998
6148.0,1.763
6149.0,1.763
6150.0,1.7199999999999998
6151.0,1.763
6152.0,1.763
6153.0,1.763
6154.0,1.7199999999999998
6155.0,1.7199999999999998
6156.0,1.763
6157.0,1.7199999999999998
6158.0,1.7199999999999998
6159.0,1.7199999999999998
6160.0,1.763
6161.0,1.7199999999999998
6162.0,1.763
6163.0,1.763
6164.0,1.7199999999999998
6165.0,1.7199999999999998
6166.0,1.7199999999999998
6167.0,1.763
6168.0,1.7199999999999998
6169.0,1.763
6170.0,1.7199999999999998
6171.0,1.7199999999999998
6172.0,1.763
6173.0,1.7199999999999998
6174.0,1.763
6175.0,1.7199999999999998
6176.0,1.763
6177.0,1.7199999999999998
6178.0,1.763
6179.0,1.763
6180.0,1.7199999999999998
6181.0,1.7199999999999998
6182.0,1.7199999999999998
6183.0,1.7199999999999998
6184.0,1.7199999999999998
6185.0,1.7199999999999998
6186.0,1.763
6187.0,1.763
6188.0,1.763
6189.0,1.763
6190.0,1.7199999999999998
6191.0,1.763
6192.0,1.7199999999999998
6193.0,1.763
6194.0,1.7199999999999998
6195.0,1.763
6196.0,1.7199999999999998
6197.0,1.763
6198.0,1.7199999999999998
6199.0,1.7199999999999998
6200.0,1.7199999999999998
6201.0,1.7199999999999998
6202.0,1.7199999999999998
6203.0,1.7199999999999998
6204.0,1.7199999999999998
6205.0,1.763
6206.0,1.7199999999999998
6207.0,1.7199999999999998
6208.0,1.7199999999999998
6209.0,1.7199999999999998
6210.0,1.7199999999999998
6211.0,1.763
6212.0,1.763
6213.0,1.763
6214.0,1.7199999999999998
6215.0,1.7199999999999998
6216.0,1.7199999999999998
6217.0,1.763
6218.0,1.763
6219.0,1.7199999999999998
6220.0,1.7199999999999998
6221.0,1.763
6222.0,1.763
6223.0,1.763
6224.0,1.763
6225.0,1.763
6226.0,1.7199999999999998
6227.0,1.7199999999999998
6228.0,1.763
6229.0,1.763
6230.0,1.763
6231.0,1.7199999999999998
6232.0,1.7199999999999998
6233.0,1.7199999999999998
6234.0,1.7199999999999998
6235.0,1.763
6236.0,1.763
6237.0,1.7199999999999998
6238.0,1.7199999999999998
6239.0,1.7199999999999998
6240.0,1.7199999999999998
6241.0,1.7199999999999998
6242.0,1.7199999999999998
6243.0,1.7199999999999998
6244.0,1.763
6245.0,1.763
6246.0,1.7199999999999998
6247.0,1.7199999999999998
6248.0,1.7199999999999998
6249.0,1.763
6250.0,1.7199999999999998
6251.0,1.7199999999999998
6252.0,1.763
6253.0,1.763
6254.0,1.7199999999999998
6255.0,1.7199999999999998
6256.0,1.7199999999999998
6257.0,1.763
6258.0,1.7199999999999998
6259.0,1.763
6260.0,1.7199999999999998
6261.0,1.7199999999999998
6262.0,1.763
6263.0,1.763
6264.0,1.7199999999999998
6265.0,1.7199999999999998
6266.0,1.7199999999999998
6267.0,1.7199999999999998
6268.0,1.7199999999999998
6269.0,1.7199999999999998
6270.0,1.763
6271.0,1.763
6272.0,1.7199999999999998
6273.0,1.7199999999999998
6274.0,1.7199999999999998
6275.0,1.7199999999999998
6276.0,1.7199999999999998
6277.0,1.763
6278.0,1.763
6279.0,1.7199999999999998
6280.0,1.7199999999999998
6281.0,1.763
6282.0,1.763
6283.0,1.7199999999999998
6284.0,1.7199999999999998
6285.0,1.7199999999999998
6286.0,1.763
6287.0,1.7199999999999998
6288.0,1.763
6289.0,1.7199999999999998
6290.0,1.7199999999999998
6291.0,1.7199999999999998
6292.0,1.7199999999999998
6293.0,1.7199999999999998
6294.0,1.763
6295.0,1.7199999999999998
6296.0,1.763
6297.0,1.763
6298.0,1.7199999999999998
6299.0,1.7199999999999998
6300.0,1.7199999999999998
6301.0,1.7199999999999998
6302.0,1.7199999999999998
6303.0,1.7199999999999998
6304.0,1.7199999999999998
6305.0,1.7199999999999998
6306.0,1.7199999999999998
6307.0,1.7199999999999998
6308.0,1.7199999999999998
6309.0,1.7199999999999998
6310.0,1.7199999999999998
6311.0,1.763
6312.0,1.763
6313.0,1.7199999999999998
6314.0,1.7199999999999998
6315.0,1.7199999999999998
6316.0,1.7199999999999998
6317.0,1.7199999999999998
6318.0,1.7199999999999998
6319.0,1.7199999999999998
6320.0,1.7199999999999998
6321.0,1.7199999999999998
6322.0,1.7199999999999998
6323.0,1.7199999999999998
6324.0,1.7199999999999998
6325.0,1.7199999999999998
6326.0,1.7199999999999998
6327.0,1.7199999999999998
6328.0,1.7199999999999998
6329.0,1.7199999999999998
6330.0,1.7199999999999998
6331.0,1.7199999999999998
6332.0,1.7199999999999998
6333.0,1.7199999999999998
6334.0,1.763
6335.0,1.7199999999999998
6336.0,1.7199999999999998
6337.0,1.7199999999999998
6338.0,1.763
6339.0,1.7199999999999998
6340.0,1.7199999999999998
6341.0,1.7199999999999998
6342.0,1.7199999999999998
6343.0,1.7199999999999998
6344.0,1.763
6345.0,1.7199999999999998
6346.0,1.763
6347.0,1.7199999999999998
6348.0,1.7199999999999998
6349.0,1.7199999999999998
6350.0,1.7199999999999998
6351.0,1.7199999999999998
6352.0,1.7199999999999998
6353.0,1.763
6354.0,1.7199999999999998
6355.0,1.763
6356.0,1.7199999999999998
6357.0,1.7199999999999998
6358.0,1.7199999999999998
6359.0,1.7199999999999998
6360.0,1.7199999999999998
6361.0,1.763
6362.0,1.7199999999999998
6363.0,1.763
6364.0,1.763
6365.0,1.763
6366.0,1.7199999999999998
6367.0,1.763
6368.0,1.7199999999999998
6369.0,1.7199999999999998
6370.0,1.763
6371.0,1.763
6372.0,1.763
6373.0,1.7199999999999998
6374.0,1.7199999999999998
6375.0,1.7199999999999998
6376.0,1.763
6377.0,1.7199999999999998
6378.0,1.7199999999999998
6379.0,1.763
6380.0,1.763
6381.0,1.7199999999999998
6382.0,1.763
6383.0,1.7199999999999998
6384.0,1.7199999999999998
6385.0,1.7199999999999998
6386.0,1.7199999999999998
6387.0,1.7199999999999998
6388.0,1.763
6389.0,1.7199999999999998
6390.0,1.7199999999999998
6391.0,1.7199999999999998
6392.0,1.7199999999999998
6393.0,1.7199999999999998
6394.0,1.7199999999999998
6395.0,1.763
6396.0,1.7199999999999998
6397.0,1.7199999999999998
6398.0,1.7199999999999998
6399.0,1.7199999999999998
6400.0,1.7199999999999998
6401.0,1.7199999999999998
6402.0,1.7199999999999998
6403.0,1.7199999999999998
6404.0,1.7199999999999998
6405.0,1.7199999999999998
6406.0,1.7199999999999998
6407.0,1.7199999999999998
6408.0,1.7199999999999998
6409.0,1.7199999999999998
6410.0,1.7199999999999998
6411.0,1.7199999999999998
6412.0,1.7199999999999998
6413.0,1.7199999999999998
6414.0,1.7199999999999998
6415.0,1.763
6416.0,1.7199999999999998
6417.0,1.7199999999999998
6418.0,1.7199999999999998
6419.0,1.7199999999999998
6420.0,1.7199999999999998
6421.0,1.7199999999999998
6422.0,1.763
6423.0,1.7199999999999998
6424.0,1.7199999999999998
6425.0,1.7199999999999998
6426.0,1.7199999999999998
6427.0,1.7199999999999998
6428.0,1.763
6429.0,1.7199999999999998
6430.0,1.7199999999999998
6431.0,1.7199999999999998
6432.0,1.763
6433.0,1.7199999999999998
6434.0,1.7199999999999998
6435.0,1.7199999999999998
6436.0,1.7199999999999998
6437.0,1.763
6438.0,1.763
6439.0,1.763
6440.0,1.7199999999999998
6441.0,1.7199999999999998
6442.0,1.7199999999999998
6443.0,1.7199999999999998
6444.0,1.7199999999999998
6445.0,1.763
6446.0,1.7199999999999998
6447.0,1.7199999999999998
6448.0,1.7199999999999998
6449.0,1.7199999999999998
6450.0,1.7199999999999998
6451.0,1.7199999999999998
6452.0,1.7199999999999998
6453.0,1.763
6454.0,1.763
6455.0,1.7199999999999998
6456.0,1.763
6457.0,1.7199999999999998
6458.0,1.7199999999999998
6459.0,1.7199999999999998
6460.0,1.7199999999999998
6461.0,1.7199999999999998
6462.0,1.7199999999999998
6463.0,1.7199999999999998
6464.0,1.7199999999999998
6465.0,1.7199999999999998
6466.0,1.763
6467.0,1.7199999999999998
6468.0,1.7199999999999998
6469.0,1.7199999999999998
6470.0,1.763
6471.0,1.7199999999999998
6472.0,1.763
6473.0,1.7199999999999998
6474.0,1.7199999999999998
6475.0,1.7199999999999998
6476.0,1.7199999999999998
6477.0,1.7199999999999998
6478.0,1.7199999999999998
6479.0,1.7199999999999998
6480.0,1.7199999999999998
6481.0,1.7199999999999998
6482.0,1.7199999999999998
6483.0,1.763
6484.0,1.7199999999999998
6485.0,1.7199999999999998
6486.0,1.763
6487.0,1.7199999999999998
6488.0,1.763
6489.0,1.7199999999999998
6490.0,1.7199999999999998
6491.0,1.7199999999999998
6492.0,1.7199999999999998
6493.0,1.7199999999999998
6494.0,1.7199999999999998
6495.0,1.7199999999999998
6496.0,1.7199999999999998
6497.0,1.763
6498.0,1.7199999999999998
6499.0,1.7199999999999998
6500.0,1.7199999999999998
6501.0,1.7199999999999998
6502.0,1.7199999999999998
6503.0,1.763
6504.0,1.7199999999999998
6505.0,1.763
6506.0,1.7199999999999998
6507.0,1.763
6508.0,1.7199999999999998
6509.0,1.7199999999999998
6510.0,1.7199999999999998
6511.0,1.7199999999999998
6512.0,1.7199999999999998
6513.0,1.7199999999999998
6514.0,1.7199999999999998
6515.0,1.7199999999999998
6516.0,1.7199999999999998
6517.0,1.7199999999999998
6518.0,1.7199999999999998
6519.0,1.7199999999999998
6520.0,1.7199999999999998
6521.0,1.7199999999999998
6522.0,1.7199999999999998
6523.0,1.763
6524.0,1.7199999999999998
6525.0,1.7199999999999998
6526.0,1.7199999999999998
6527.0,1.763
6528.0,1.763
6529.0,1.7199999999999998
6530.0,1.7199999999999998
6531.0,1.763
6532.0,1.763
6533.0,1.7199999999999998
6534.0,1.7199999999999998
6535.0,1.7199999999999998
6536.0,1.7199999999999998
6537.0,1.7199999999999998
6538.0,1.7199999999999998
6539.0,1.763
6540.0,1.763
6541.0,1.7199999999999998
6542.0,1.7199999999999998
6543.0,1.7199999999999998
6544.0,1.7199999999999998
6545.0,1.7199999999999998
6546.0,1.7199999999999998
6547.0,1.7199999999999998
6548.0,1.7199999999999998
6549.0,1.7199999999999998
6550.0,1.7199999999999998
6551.0,1.7199999999999998
6552.0,1.7199999999999998
6553.0,1.7199999999999998
6554.0,1.763
6555.0,1.7199999999999998
6556.0,1.7199999999999998
6557.0,1.7199999999999998
6558.0,1.7199999999999998
6559.0,1.7199999999999998
6560.0,1.7199999999999998
6561.0,1.7199999999999998
6562.0,1.763
6563.0,1.763
6564.0,1.7199999999999998
6565.0,1.7199999999999998
6566.0,1.7199999999999998
6567.0,1.7199999999999998
6568.0,1.7199999999999998
6569.0,1.763
6570.0,1.7199999999999998
6571.0,1.7199999999999998
6572.0,1.7199999999999998
6573.0,1.7199999999999998
6574.0,1.7199999999999998
6575.0,1.7199999999999998
6576.0,1.7199999999999998
6577.0,1.7199999999999998
6578.0,1.763
6579.0,1.7199999999999998
6580.0,1.763
6581.0,1.7199999999999998
6582.0,1.7199999999999998
6583.0,1.7199999999999998
6584.0,1.7199999999999998
6585.0,1.7199999999999998
6586.0,1.763
6587.0,1.763
6588.0,1.763
6589.0,1.7199999999999998
6590.0,1.763
6591.0,1.7199999999999998
6592.0,1.7199999999999998
6593.0,1.7199999999999998
6594.0,1.763
6595.0,1.7199999999999998
6596.0,1.7199999999999998
6597.0,1.7199999999999998
6598.0,1.7199999999999998
6599.0,1.7199999999999998
6600.0,1.7199999999999998
6601.0,1.7199999999999998
6602.0,1.763
6603.0,1.763
6604.0,1.763
6605.0,1.763
6606.0,1.7199999999999998
6607.0,1.7199999999999998
6608.0,1.7199999999999998
6609.0,1.7199999999999998
6610.0,1.7199999999999998
6611.0,1.7199999999999998
6612.0,1.763
6613.0,1.763
6614.0,1.7199999999999998
6615.0,1.7199999999999998
6616.0,1.7199999999999998
6617.0,1.7199999999999998
6618.0,1.7199999999999998
6619.0,1.7199999999999998
6620.0,1.7199999999999998
6621.0,1.7199999999999998
6622.0,1.763
6623.0,1.7199999999999998
6624.0,1.7199999999999998
6625.0,1.7199999999999998
6626.0,1.7199999999999998
6627.0,1.7199999999999998
6628.0,1.7199999999999998
6629.0,1.7199999999999998
6630.0,1.7199999999999998
6631.0,1.7199999999999998
6632.0,1.7199999999999998
6633.0,1.7199999999999998
6634.0,1.7199999999999998
6635.0,1.7199999999999998
6636.0,1.7199999999999998
6637.0,1.763
6638.0,1.7199999999999998
6639.0,1.7199999999999998
6640.0,1.7199999999999998
6641.0,1.7199999999999998
6642.0,1.7199999999999998
6643.0,1.7199999999999998
6644.0,1.7199999999999998
6645.0,1.763
6646.0,1.7199999999999998
6647.0,1.7199999999999998
6648.0,1.7199999999999998
6649.0,1.7199999999999998
6650.0,1.7199999999999998
6651.0,1.7199999999999998
6652.0,1.7199999999999998
6653.0,1.763
6654.0,1.763
6655.0,1.7199999999999998
6656.0,1.7199999999999998
6657.0,1.763
6658.0,1.7199999999999998
6659.0,1.7199999999999998
6660.0,1.7199999999999998
6661.0,1.7199999999999998
6662.0,1.763
6663.0,1.7199999999999998
6664.0,1.763
6665.0,1.7199999999999998
6666.0,1.7199999999999998
6667.0,1.7199999999999998
6668.0,1.7199999999999998
6669.0,1.7199999999999998
6670.0,1.7199999999999998
6671.0,1.763
6672.0,1.7199999999999998
6673.0,1.7199999999999998
6674.0,1.7199999999999998
6675.0,1.7199999999999998
6676.0,1.7199999999999998
6677.0,1.7199999999999998
6678.0,1.7199999999999998
6679.0,1.7199999999999998
6680.0,1.7199999999999998
6681.0,1.7199999999999998
6682.0,1.7199999999999998
6683.0,1.7199999999999998
6684.0,1.7199999999999998
6685.0,1.7199999999999998
6686.0,1.7199999999999998
6687.0,1.763
6688.0,1.763
6689.0,1.7199999999999998
6690.0,1.7199999999999998
6691.0,1.7199999999999998
6692.0,1.7199999999999998
6693.0,1.7199999999999998
6694.0,1.7199999999999998
6695.0,1.7199999999999998
6696.0,1.7199999999999998
6697.0,1.7199999999999998
6698.0,1.7199999999999998
6699.0,1.7199999999999998
6700.0,1.7199999999999998
6701.0,1.7199999999999998
6702.0,1.7199999999999998
6703.0,1.7199999999999998
6704.0,1.7199999999999998
6705.0,1.7199999999999998
6706.0,1.7199999999999998
6707.0,1.7199999999999998
6708.0,1.7199999999999998
6709.0,1.7199999999999998
6710.0,1.7199999999999998
6711.0,1.7199999999999998
6712.0,1.7199999999999998
6713.0,1.7199999999999998
6714.0,1.7199999999999998
6715.0,1.7199999999999998
6716.0,1.7199999999999998
6717.0,1.7199999999999998
6718.0,1.7199999999999998
6719.0,1.763
6720.0,1.7199999999999998
6721.0,1.7199999999999998
6722.0,1.7199999999999998
6723.0,1.7199999999999998
6724.0,1.7199999999999998
6725.0,1.7199999999999998
6726.0,1.763
6727.0,1.7199999999999998
6728.0,1.7199999999999998
6729.0,1.7199999999999998
6730.0,1.7199999999999998
6731.0,1.763
6732.0,1.7199999999999998
6733.0,1.7199999999999998
6734.0,1.7199999999999998
6735.0,1.7199999999999998
6736.0,1.7199999999999998
6737.0,1.763
6738.0,1.7199999999999998
6739.0,1.7199999999999998
6740.0,1.763
6741.0,1.7199999999999998
6742.0,1.7199999999999998
6743.0,1.7199999999999998
6744.0,1.7199999999999998
6745.0,1.763
6746.0,1.7199999999999998
6747.0,1.7199999999999998
6748.0,1.7199999999999998
6749.0,1.7199999999999998
6750.0,1.7199999999999998
6751.0,1.7199999999999998
6752.0,1.7199999999999998
6753.0,1.7199999999999998
6754.0,1.7199999999999998
6755.0,1.763
6756.0,1.7199999999999998
6757.0,1.7199999999999998
6758.0,1.7199999999999998
6759.0,1.7199999999999998
6760.0,1.7199999999999998
6761.0,1.7199999999999998
6762.0,1.7199999999999998
6763.0,1.7199999999999998
6764.0,1.763
6765.0,1.7199999999999998
6766.0,1.7199999999999998
6767.0,1.763
6768.0,1.7199999999999998
6769.0,1.7199999999999998
6770.0,1.7199999999999998
6771.0,1.7199999999999998
6772.0,1.763
6773.0,1.7199999999999998
6774.0,1.7199999999999998
6775.0,1.7199999999999998
6776.0,1.7199999999999998
6777.0,1.7199999999999998
6778.0,1.763
6779.0,1.7199999999999998
6780.0,1.7199999999999998
6781.0,1.763
6782.0,1.7199999999999998
6783.0,1.7199999999999998
6784.0,1.7199999999999998
6785.0,1.7199999999999998
6786.0,1.7199999999999998
6787.0,1.7199999999999998
6788.0,1.763
6789.0,1.7199999999999998
6790.0,1.7199999999999998
6791.0,1.7199999999999998
6792.0,1.7199999999999998
6793.0,1.7199999999999998
6794.0,1.7199999999999998
6795.0,1.763
6796.0,1.7199999999999998
6797.0,1.7199999999999998
6798.0,1.7199999999999998
6799.0,1.7199999999999998
6800.0,1.7199999999999998
6801.0,1.7199999999999998
6802.0,1.7199999999999998
6803.0,1.7199999999999998
6804.0,1.7199999999999998
6805.0,1.7199999999999998
6806.0,1.7199999999999998
6807.0,1.7199999999999998
6808.0,1.7199999999999998
6809.0,1.7199999999999998
6810.0,1.7199999999999998
6811.0,1.7199999999999998
6812.0,1.7199999999999998
6813.0,1.763
6814.0,1.7199999999999998
6815.0,1.7199999999999998
6816.0,1.7199999999999998
6817.0,1.7199999999999998
6818.0,1.7199999999999998
6819.0,1.7199999999999998
6820.0,1.763
6821.0,1.763
6822.0,1.763
6823.0,1.763
6824.0,1.7199999999999998
6825.0,1.7199999999999998
6826.0,1.7199999999999998
6827.0,1.7199999999999998
6828.0,1.763
6829.0,1.7199999999999998
6830.0,1.7199999999999998
6831.0,1.7199999999999998
6832.0,1.7199999999999998
6833.0,1.7199999999999998
6834.0,1.7199999999999998
6835.0,1.7199999999999998
6836.0,1.7199999999999998
6837.0,1.7199999999999998
6838.0,1.7199999999999998
6839.0,1.7199999999999998
6840.0,1.7199999999999998
6841.0,1.7199999999999998
6842.0,1.7199999999999998
6843.0,1.7199999999999998
6844.0,1.7199999999999998
6845.0,1.763
6846.0,1.7199999999999998
6847.0,1.7199999999999998
6848.0,1.7199999999999998
6849.0,1.7199999999999998
6850.0,1.7199999999999998
6851.0,1.7199999999999998
6852.0,1.7199999999999998
6853.0,1.7199999999999998
6854.0,1.763
6855.0,1.7199999999999998
6856.0,1.7199999999999998
6857.0,1.7199999999999998
6858.0,1.7199999999999998
6859.0,1.7199999999999998
6860.0,1.7199999999999998
6861.0,1.7199999999999998
6862.0,1.7199999999999998
6863.0,1.763
6864.0,1.7199999999999998
6865.0,1.7199999999999998
6866.0,1.7199999999999998
6867.0,1.7199999999999998
6868.0,1.763
6869.0,1.7199999999999998
6870.0,1.7199999999999998
6871.0,1.763
6872.0,1.7199999999999998
6873.0,1.7199999999999998
6874.0,1.7199999999999998
6875.0,1.7199999999999998
6876.0,1.7199999999999998
6877.0,1.7199999999999998
6878.0,1.7199999999999998
6879.0,1.763
6880.0,1.7199999999999998
6881.0,1.7199999999999998
6882.0,1.7199999999999998
6883.0,1.7199999999999998
6884.0,1.7199999999999998
6885.0,1.7199999999999998
6886.0,1.7199999999999998
6887.0,1.7199999999999998
6888.0,1.7199999999999998
6889.0,1.7199999999999998
6890.0,1.7199999999999998
6891.0,1.7199999999999998
6892.0,1.7199999999999998
6893.0,1.7199999999999998
6894.0,1.7199999999999998
6895.0,1.7199999999999998
6896.0,1.7199999999999998
6897.0,1.7199999999999998
6898.0,1.7199999999999998
6899.0,1.7199999999999998
6900.0,1.7199999999999998
6901.0,1.7199999999999998
6902.0,1.7199999999999998
6903.0,1.7199999999999998
6904.0,1.7199999999999998
6905.0,1.7199999999999998
6906.0,1.7199999999999998
6907.0,1.763
6908.0,1.7199999999999998
6909.0,1.7199999999999998
6910.0,1.7199999999999998
6911.0,1.7199999999999998
6912.0,1.7199999999999998
6913.0,1.763
6914.0,1.7199999999999998
6915.0,1.7199999999999998
6916.0,1.7199999999999998
6917.0,1.763
6918.0,1.7199999999999998
6919.0,1.7199999999999998
6920.0,1.7199999999999998
6921.0,1.763
6922.0,1.7199999999999998
6923.0,1.7199999999999998
6924.0,1.7199999999999998
6925.0,1.7199999999999998
6926.0,1.7199999999999998
6927.0,1.7199999999999998
6928.0,1.7199999999999998
6929.0,1.763
6930.0,1.7199999999999998
6931.0,1.7199999999999998
6932.0,1.7199999999999998
6933.0,1.7199999999999998
6934.0,1.7199999999999998
6935.0,1.7199999999999998
6936.0,1.7199999999999998
6937.0,1.7199999999999998
6938.0,1.763
6939.0,1.7199999999999998
6940.0,1.7199999999999998
6941.0,1.7199999999999998
6942.0,1.7199999999999998
6943.0,1.7199999999999998
6944.0,1.7199999999999998
6945.0,1.7199999999999998
6946.0,1.763
6947.0,1.7199999999999998
6948.0,1.763
6949.0,1.7199999999999998
6950.0,1.7199999999999998
6951.0,1.763
6952.0,1.7199999999999998
6953.0,1.7199999999999998
6954.0,1.7199999999999998
6955.0,1.7199999999999998
6956.0,1.763
6957.0,1.7199999999999998
6958.0,1.7199999999999998
6959.0,1.7199999999999998
6960.0,1.7199999999999998
6961.0,1.7199999999999998
6962.0,1.7199999999999998
6963.0,1.763
6964.0,1.7199999999999998
6965.0,1.7199999999999998
6966.0,1.7199999999999998
6967.0,1.763
6968.0,1.7199999999999998
6969.0,1.7199999999999998
6970.0,1.7199999999999998
6971.0,1.7199999999999998
6972.0,1.7199999999999998
6973.0,1.7199999999999998
6974.0,1.7199999999999998
6975.0,1.7199999999999998
6976.0,1.7199999999999998
6977.0,1.7199999999999998
6978.0,1.7199999999999998
6979.0,1.763
6980.0,1.7199999999999998
6981.0,1.7199999999999998
6982.0,1.7199999999999998
6983.0,1.7199999999999998
6984.0,1.7199999999999998
6985.0,1.7199999999999998
6986.0,1.7199999999999998
6987.0,1.7199999999999998
6988.0,1.7199999999999998
6989.0,1.763
6990.0,1.7199999999999998
6991.0,1.7199999999999998
6992.0,1.7199999999999998
6993.0,1.7199999999999998
6994.0,1.763
6995.0,1.7199999999999998
6996.0,1.7199999999999998
6997.0,1.7199999999999998
6998.0,1.763
6999.0,1.7199999999999998
7000.0,1.7199999999999998
7001.0,1.7199999999999998
7002.0,1.7199999999999998
7003.0,1.7199999999999998
7004.0,1.763
7005.0,1.7199999999999998
7006.0,1.7199999999999998
7007.0,1.7199999999999998
7008.0,1.7199999999999998
7009.0,1.7199999999999998
7010.0,1.7199999999999998
7011.0,1.7199999999999998
7012.0,1.7199999999999998
7013.0,1.7199999999999998
7014.0,1.7199999999999998
7015.0,1.7199999999999998
7016.0,1.7199999999999998
7017.0,1.7199999999999998
7018.0,1.7199999999999998
7019.0,1.7199999999999998
7020.0,1.7199999999999998
7021.0,1.763
7022.0,1.7199999999999998
7023.0,1.7199999999999998
7024.0,1.7199999999999998
7025.0,1.7199999999999998
7026.0,1.7199999999999998
7027.0,1.7199999999999998
7028.0,1.7199999999999998
7029.0,1.763
7030.0,1.7199999999999998
7031.0,1.7199999999999998
7032.0,1.7199999999999998
7033.0,1.7199999999999998
7034.0,1.7199999999999998
7035.0,1.7199999999999998
7036.0,1.7199999999999998
7037.0,1.763
7038.0,1.7199999999999998
7039.0,1.7199999999999998
7040.0,1.763
7041.0,1.7199999999999998
7042.0,1.7199999999999998
7043.0,1.7199999999999998
7044.0,1.7199999999999998
7045.0,1.7199999999999998
7046.0,1.7199999999999998
7047.0,1.7199999999999998
7048.0,1.763
7049.0,1.7199999999999998
7050.0,1.7199999999999998
7051.0,1.7199999999999998
7052.0,1.7199999999999998
7053.0,1.7199999999999998
7054.0,1.7199999999999998
7055.0,1.7199999999999998
7056.0,1.7199999999999998
7057.0,1.763
7058.0,1.7199999999999998
7059.0,1.7199999999999998
7060.0,1.7199999999999998
7061.0,1.7199999999999998
7062.0,1.763
7063.0,1.7199999999999998
7064.0,1.7199999999999998
7065.0,1.7199999999999998
7066.0,1.7199999999999998
7067.0,1.7199999999999998
7068.0,1.7199999999999998
7069.0,1.7199999999999998
7070.0,1.7199999999999998
7071.0,1.7199999999999998
7072.0,1.7199999999999998
7073.0,1.7199999999999998
7074.0,1.7199999999999998
7075.0,1.7199999999999998
7076.0,1.7199999999999998
7077.0,1.7199999999999998
7078.0,1.7199999999999998
7079.0,1.7199999999999998
7080.0,1.7199999999999998
7081.0,1.7199999999999998
7082.0,1.763
7083.0,1.7199999999999998
7084.0,1.7199999999999998
7085.0,1.7199999999999998
7086.0,1.7199999999999998
7087.0,1.763
7088.0,1.7199999999999998
7089.0,1.7199999999999998
7090.0,1.763
7091.0,1.7199999999999998
7092.0,1.7199999999999998
7093.0,1.7199999999999998
7094.0,1.7199999999999998
7095.0,1.7199999999999998
7096.0,1.7199999999999998
7097.0,1.7199999999999998
7098.0,1.7199999999999998
7099.0,1.7199999999999998
7100.0,1.7199999999999998
7101.0,1.7199999999999998
7102.0,1.7199999999999998
7103.0,1.7199999999999998
7104.0,1.7199999999999998
7105.0,1.7199999999999998
7106.0,1.7199999999999998
7107.0,1.7199999999999998
7108.0,1.7199999999999998
7109.0,1.7199999999999998
7110.0,1.7199999999999998
7111.0,1.7199999999999998
7112.0,1.7199999999999998
7113.0,1.7199999999999998
7114.0,1.7199999999999998
7115.0,1.7199999999999998
7116.0,1.7199999999999998
7117.0,1.7199999999999998
7118.0,1.7199999999999998
7119.0,1.7199999999999998
7120.0,1.7199999999999998
7121.0,1.7199999999999998
7122.0,1.7199999999999998
7123.0,1.7199999999999998
7124.0,1.7199999999999998
7125.0,1.7199999999999998
7126.0,1.7199999999999998
7127.0,1.7199999999999998
7128.0,1.7199999999999998
7129.0,1.7199999999999998
7130.0,1.763
7131.0,1.7199999999999998
7132.0,1.7199999999999998
7133.0,1.7199999999999998
7134.0,1.7199999999999998
7135.0,1.7199999999999998
7136.0,1.7199999999999998
7137.0,1.7199999999999998
7138.0,1.7199999999999998
7139.0,1.763
7140.0,1.7199999999999998
7141.0,1.7199999999999998
7142.0,1.7199999999999998
7143.0,1.7199999999999998
7144.0,1.7199999999999998
7145.0,1.7199999999999998
7146.0,1.7199999999999998
7147.0,1.763
7148.0,1.7199999999999998
7149.0,1.7199999999999998
7150.0,1.7199999999999998
7151.0,1.7199999999999998
7152.0,1.7199999999999998
7153.0,1.7199999999999998
7154.0,1.763
7155.0,1.7199999999999998
7156.0,1.7199999999999998
7157.0,1.7199999999999998
7158.0,1.7199999999999998
7159.0,1.7199999999999998
7160.0,1.7199999999999998
7161.0,1.7199999999999998
7162.0,1.7199999999999998
7163.0,1.7199999999999998
7164.0,1.7199999999999998
7165.0,1.7199999999999998
7166.0,1.7199999999999998
7167.0,1.7199999999999998
7168.0,1.7199999999999998
7169.0,1.7199999999999998
7170.0,1.7199999999999998
7171.0,1.7199999999999998
7172.0,1.7199999999999998
7173.0,1.7199999999999998
7174.0,1.7199999999999998
7175.0,1.7199999999999998
7176.0,1.7199999999999998
7177.0,1.7199999999999998
7178.0,1.7199999999999998
7179.0,1.7199999999999998
7180.0,1.7199999999999998
7181.0,1.7199999999999998
7182.0,1.7199999999999998
7183.0,1.7199999999999998
7184.0,1.7199999999999998
7185.0,1.7199999999999998
7186.0,1.7199999999999998
7187.0,1.7199999999999998
7188.0,1.7199999999999998
7189.0,1.763
7190.0,1.7199999999999998
7191.0,1.7199999999999998
7192.0,1.7199999999999998
7193.0,1.7199999999999998
7194.0,1.7199999999999998
7195.0,1.7199999999999998
7196.0,1.7199999999999998
7197.0,1.7199999999999998
7198.0,1.7199999999999998
7199.0,1.7199999999999998
7200.0,1.7199999999999998
7201.0,1.7199999999999998
7202.0,1.7199999999999998
7203.0,1.7199999999999998
7204.0,1.7199999999999998
7205.0,1.7199999999999998
7206.0,1.7199999999999998
7207.0,1.7199999999999998
7208.0,1.7199999999999998
7209.0,1.7199999999999998
7210.0,1.7199999999999998
7211.0,1.763
7212.0,1.7199999999999998
7213.0,1.7199999999999998
7214.0,1.7199999999999998
7215.0,1.7199999999999998
7216.0,1.7199999999999998
7217.0,1.7199999999999998
7218.0,1.7199999999999998
7219.0,1.763
7220.0,1.7199999999999998
7221.0,1.7199999999999998
7222.0,1.7199999999999998
7223.0,1.7199999999999998
7224.0,1.7199999999999998
7225.0,1.7199999999999998
7226.0,1.7199999999999998
7227.0,1.7199999999999998
7228.0,1.7199999999999998
7229.0,1.7199999999999998
7230.0,1.7199999999999998
7231.0,1.7199999999999998
7232.0,1.7199999999999998
7233.0,1.7199999999999998
7234.0,1.7199999999999998
7235.0,1.7199999999999998
7236.0,1.7199999999999998
7237.0,1.7199999999999998
7238.0,1.7199999999999998
7239.0,1.7199999999999998
7240.0,1.7199999999999998
7241.0,1.7199999999999998
7242.0,1.7199999999999998
7243.0,1.7199999999999998
7244.0,1.7199999999999998
7245.0,1.7199999999999998
7246.0,1.7199999999999998
7247.0,1.7199999999999998
7248.0,1.7199999999999998
7249.0,1.7199999999999998
7250.0,1.7199999999999998
7251.0,1.7199999999999998
7252.0,1.7199999999999998
7253.0,1.7199999999999998
7254.0,1.7199999999999998
7255.0,1.7199999999999998
7256.0,1.7199999999999998
7257.0,1.7199999999999998
7258.0,1.7199999999999998
7259.0,1.7199999999999998
7260.0,1.7199999999999998
7261.0,1.7199999999999998
7262.0,1.7199999999999998
7263.0,1.7199999999999998
7264.0,1.7199999999999998
7265.0,1.7199999999999998
7266.0,1.7199999999999998
7267.0,1.7199999999999998
7268.0,1.7199999999999998
7269.0,1.7199999999999998
7270.0,1.7199999999999998
7271.0,1.763
7272.0,1.7199999999999998
7273.0,1.7199999999999998
7274.0,1.763
7275.0,1.7199999999999998
7276.0,1.7199999999999998
7277.0,1.7199999999999998
7278.0,1.7199999999999998
7279.0,1.7199999999999998
7280.0,1.7199999999999998
7281.0,1.7199999999999998
7282.0,1.7199999999999998
7283.0,1.7199999999999998
7284.0,1.7199999999999998
7285.0,1.7199999999999998
7286.0,1.7199999999999998
7287.0,1.7199999999999998
7288.0,1.7199999999999998
7289.0,1.7199999999999998
7290.0,1.7199999999999998
7291.0,1.7199999999999998
7292.0,1.7199999999999998
7293.0,1.763
7294.0,1.7199999999999998
7295.0,1.7199999999999998
7296.0,1.763
7297.0,1.7199999999999998
7298.0,1.7199999999999998
7299.0,1.7199999999999998
7300.0,1.7199999999999998
7301.0,1.7199999999999998
7302.0,1.7199999999999998
7303.0,1.7199999999999998
7304.0,1.7199999999999998
7305.0,1.7199999999999998
7306.0,1.7199999999999998
7307.0,1.7199999999999998
7308.0,1.7199999999999998
7309.0,1.7199999999999998
7310.0,1.7199999999999998
7311.0,1.763
7312.0,1.7199999999999998
7313.0,1.7199999999999998
7314.0,1.7199999999999998
7315.0,1.7199999999999998
7316.0,1.7199999999999998
7317.0,1.7199999999999998
7318.0,1.7199999999999998
7319.0,1.7199999999999998
7320.0,1.7199999999999998
7321.0,1.7199999999999998
7322.0,1.7199999999999998
7323.0,1.763
7324.0,1.7199999999999998
7325.0,1.7199999999999998
7326.0,1.7199999999999998
7327.0,1.7199999999999998
7328.0,1.7199999999999998
7329.0,1.7199999999999998
7330.0,1.763
7331.0,1.7199999999999998
7332.0,1.7199999999999998
7333.0,1.7199999999999998
7334.0,1.7199999999999998
7335.0,1.7199999999999998
7336.0,1.7199999999999998
7337.0,1.7199999999999998
7338.0,1.763
7339.0,1.7199999999999998
7340.0,1.7199999999999998
7341.0,1.7199999999999998
7342.0,1.7199999999999998
7343.0,1.7199999999999998
7344.0,1.7199999999999998
7345.0,1.7199999999999998
7346.0,1.7199999999999998
7347.0,1.7199999999999998
7348.0,1.7199999999999998
7349.0,1.7199999999999998
7350.0,1.7199999999999998
7351.0,1.7199999999999998
7352.0,1.7199999999999998
7353.0,1.763
7354.0,1.7199999999999998
7355.0,1.7199999999999998
7356.0,1.7199999999999998
7357.0,1.7199999999999998
7358.0,1.7199999999999998
7359.0,1.7199999999999998
7360.0,1.7199999999999998
7361.0,1.763
7362.0,1.7199999999999998
7363.0,1.7199999999999998
7364.0,1.7199999999999998
7365.0,1.763
7366.0,1.7199999999999998
7367.0,1.7199999999999998
7368.0,1.7199999999999998
7369.0,1.7199999999999998
7370.0,1.763
7371.0,1.7199999999999998
7372.0,1.7199999999999998
7373.0,1.7199999999999998
7374.0,1.7199999999999998
7375.0,1.7199999999999998
7376.0,1.7199999999999998
7377.0,1.7199999999999998
7378.0,1.7199999999999998
7379.0,1.7199999999999998
7380.0,1.7199999999999998
7381.0,1.7199999999999998
7382.0,1.763
7383.0,1.7199999999999998
7384.0,1.7199999999999998
7385.0,1.7199999999999998
7386.0,1.7199999999999998
7387.0,1.7199999999999998
7388.0,1.7199999999999998
7389.0,1.7199999999999998
7390.0,1.7199999999999998
7391.0,1.7199999999999998
7392.0,1.7199999999999998
7393.0,1.7199999999999998
7394.0,1.7199999999999998
7395.0,1.7199999999999998
7396.0,1.7199999999999998
7397.0,1.7199999999999998
7398.0,1.7199999999999998
7399.0,1.763
7400.0,1.7199999999999998
7401.0,1.7199999999999998
7402.0,1.7199999999999998
7403.0,1.7199999999999998
7404.0,1.7199999999999998
7405.0,1.7199999999999998
7406.0,1.7199999999999998
7407.0,1.7199999999999998
7408.0,1.7199999999999998
7409.0,1.7199999999999998
7410.0,1.7199999999999998
7411.0,1.7199999999999998
7412.0,1.7199999999999998
7413.0,1.7199999999999998
7414.0,1.7199999999999998
7415.0,1.7199999999999998
7416.0,1.7199999999999998
7417.0,1.7199999999999998
7418.0,1.7199999999999998
7419.0,1.7199999999999998
7420.0,1.7199999999999998
7421.0,1.7199999999999998
7422.0,1.7199999999999998
7423.0,1.7199999999999998
7424.0,1.7199999999999998
7425.0,1.7199999999999998
7426.0,1.7199999999999998
7427.0,1.7199999999999998
7428.0,1.7199999999999998
7429.0,1.763
7430.0,1.763
7431.0,1.7199999999999998
7432.0,1.7199999999999998
7433.0,1.7199999999999998
7434.0,1.7199999999999998
7435.0,1.7199999999999998
7436.0,1.7199999999999998
7437.0,1.7199999999999998
7438.0,1.7199999999999998
7439.0,1.7199999999999998
7440.0,1.7199999999999998
7441.0,1.7199999999999998
7442.0,1.7199999999999998
7443.0,1.7199999999999998
7444.0,1.7199999999999998
7445.0,1.7199999999999998
7446.0,1.7199999999999998
7447.0,1.7199999999999998
7448.0,1.7199999999999998
7449.0,1.7199999999999998
7450.0,1.7199999999999998
7451.0,1.7199999999999998
7452.0,1.7199999999999998
7453.0,1.7199999999999998
7454.0,1.763
7455.0,1.7199999999999998
7456.0,1.7199999999999998
7457.0,1.7199999999999998
7458.0,1.7199999999999998
7459.0,1.7199999999999998
7460.0,1.7199999999999998
7461.0,1.7199999999999998
7462.0,1.7199999999999998
7463.0,1.7199999999999998
7464.0,1.7199999999999998
7465.0,1.7199999999999998
7466.0,1.7199999999999998
7467.0,1.7199999999999998
7468.0,1.7199999999999998
7469.0,1.763
7470.0,1.7199999999999998
7471.0,1.763
7472.0,1.7199999999999998
7473.0,1.763
7474.0,1.7199999999999998
7475.0,1.7199999999999998
7476.0,1.7199999999999998
7477.0,1.7199999999999998
7478.0,1.7199999999999998
7479.0,1.7199999999999998
7480.0,1.7199999999999998
7481.0,1.7199999999999998
7482.0,1.7199999999999998
7483.0,1.7199999999999998
7484.0,1.7199999999999998
7485.0,1.7199999999999998
7486.0,1.7199999999999998
7487.0,1.7199999999999998
7488.0,1.763
7489.0,1.7199999999999998
7490.0,1.7199999999999998
7491.0,1.7199999999999998
7492.0,1.7199999999999998
7493.0,1.7199999999999998
7494.0,1.7199999999999998
7495.0,1.7199999999999998
7496.0,1.7199999999999998
7497.0,1.7199999999999998
7498.0,1.7199999999999998
7499.0,1.7199999999999998
7500.0,1.7199999999999998
7501.0,1.7199999999999998
7502.0,1.7199999999999998
7503.0,1.763
7504.0,1.763
7505.0,1.763
7506.0,1.7199999999999998
7507.0,1.7199999999999998
7508.0,1.7199999999999998
7509.0,1.7199999999999998
7510.0,1.7199999999999998
7511.0,1.7199999999999998
7512.0,1.7199999999999998
7513.0,1.7199999999999998
7514.0,1.7199999999999998
7515.0,1.7199999999999998
7516.0,1.7199999999999998
7517.0,1.7199999999999998
7518.0,1.7199999999999998
7519.0,1.7199999999999998
7520.0,1.7199999999999998
7521.0,1.7199999999999998
7522.0,1.7199999999999998
7523.0,1.7199999999999998
7524.0,1.7199999999999998
7525.0,1.7199999999999998
7526.0,1.7199999999999998
7527.0,1.7199999999999998
7528.0,1.7199999999999998
7529.0,1.7199999999999998
7530.0,1.7199999999999998
7531.0,1.7199999999999998
7532.0,1.7199999999999998
7533.0,1.7199999999999998
7534.0,1.7199999999999998
7535.0,1.7199999999999998
7536.0,1.7199999999999998
7537.0,1.7199999999999998
7538.0,1.7199999999999998
7539.0,1.763
7540.0,1.7199999999999998
7541.0,1.7199999999999998
7542.0,1.7199999999999998
7543.0,1.7199999999999998
7544.0,1.7199999999999998
7545.0,1.7199999999999998
7546.0,1.7199999999999998
7547.0,1.7199999999999998
7548.0,1.7199999999999998
7549.0,1.7199999999999998
7550.0,1.7199999999999998
7551.0,1.7199999999999998
7552.0,1.763
7553.0,1.7199999999999998
7554.0,1.7199999999999998
7555.0,1.763
7556.0,1.7199999999999998
7557.0,1.7199999999999998
7558.0,1.7199999999999998
7559.0,1.7199999999999998
7560.0,1.7199999999999998
7561.0,1.7199999999999998
7562.0,1.7199999999999998
7563.0,1.7199999999999998
7564.0,1.7199999999999998
7565.0,1.7199999999999998
7566.0,1.7199999999999998
7567.0,1.7199999999999998
7568.0,1.7199999999999998
7569.0,1.7199999999999998
7570.0,1.7199999999999998
7571.0,1.7199999999999998
7572.0,1.7199999999999998
7573.0,1.7199999999999998
7574.0,1.7199999999999998
7575.0,1.7199999999999998
7576.0,1.7199999999999998
7577.0,1.7199999999999998
7578.0,1.7199999999999998
7579.0,1.7199999999999998
7580.0,1.7199999999999998
7581.0,1.7199999999999998
7582.0,1.7199999999999998
7583.0,1.7199999999999998
7584.0,1.7199999999999998
7585.0,1.7199999999999998
7586.0,1.7199999999999998
7587.0,1.7199999999999998
7588.0,1.7199999999999998
7589.0,1.7199999999999998
7590.0,1.7199999999999998
7591.0,1.7199999999999998
7592.0,1.7199999999999998
7593.0,1.7199999999999998
7594.0,1.7199999999999998
7595.0,1.7199999999999998
7596.0,1.7199999999999998
7597.0,1.7199999999999998
7598.0,1.7199999999999998
7599.0,1.7199999999999998
7600.0,1.7199999999999998
7601.0,1.7199999999999998
7602.0,1.7199999999999998
7603.0,1.7199999999999998
7604.0,1.7199999999999998
7605.0,1.7199999999999998
7606.0,1.7199999999999998
7607.0,1.7199999999999998
7608.0,1.7199999999999998
7609.0,1.7199999999999998
7610.0,1.7199999999999998
7611.0,1.7199999999999998
7612.0,1.7199999999999998
7613.0,1.7199999999999998
7614.0,1.7199999999999998
7615.0,1.7199999999999998
7616.0,1.7199999999999998
7617.0,1.7199999999999998
7618.0,1.7199999999999998
7619.0,1.7199999999999998
7620.0,1.7199999999999998
7621.0,1.763
7622.0,1.7199999999999998
7623.0,1.7199999999999998
7624.0,1.7199999999999998
7625.0,1.7199999999999998
7626.0,1.7199999999999998
7627.0,1.7199999999999998
7628.0,1.7199999999999998
7629.0,1.7199999999999998
7630.0,1.7199999999999998
7631.0,1.7199999999999998
7632.0,1.7199999999999998
7633.0,1.7199999999999998
7634.0,1.7199999999999998
7635.0,1.7199999999999998
7636.0,1.7199999999999998
7637.0,1.7199999999999998
7638.0,1.7199999999999998
7639.0,1.7199999999999998
7640.0,1.7199999999999998
7641.0,1.7199999999999998
7642.0,1.7199999999999998
7643.0,1.7199999999999998
7644.0,1.7199999999999998
7645.0,1.7199999999999998
7646.0,1.7199999999999998
7647.0,1.7199999999999998
7648.0,1.7199999999999998
7649.0,1.7199999999999998
7650.0,1.7199999999999998
7651.0,1.7199999999999998
7652.0,1.7199999999999998
7653.0,1.7199999999999998
7654.0,1.763
7655.0,1.7199999999999998
7656.0,1.7199999999999998
7657.0,1.7199999999999998
7658.0,1.7199999999999998
7659.0,1.7199999999999998
7660.0,1.7199999999999998
7661.0,1.7199999999999998
7662.0,1.7199999999999998
7663.0,1.7199999999999998
7664.0,1.7199999999999998
7665.0,1.7199999999999998
7666.0,1.7199999999999998
7667.0,1.7199999999999998
7668.0,1.7199999999999998
7669.0,1.7199999999999998
7670.0,1.763
7671.0,1.7199999999999998
7672.0,1.7199999999999998
7673.0,1.7199999999999998
7674.0,1.7199999999999998
7675.0,1.7199999999999998
7676.0,1.7199999999999998
7677.0,1.7199999999999998
7678.0,1.7199999999999998
7679.0,1.7199999999999998
7680.0,1.7199999999999998
7681.0,1.7199999999999998
7682.0,1.7199999999999998
7683.0,1.7199999999999998
7684.0,1.7199999999999998
7685.0,1.7199999999999998
7686.0,1.7199999999999998
7687.0,1.7199999999999998
7688.0,1.6769999999999998
7689.0,1.7199999999999998
7690.0,1.7199999999999998
7691.0,1.7199999999999998
7692.0,1.7199999999999998
7693.0,1.7199999999999998
7694.0,1.7199999999999998
7695.0,1.7199999999999998
7696.0,1.7199999999999998
7697.0,1.7199999999999998
7698.0,1.763
7699.0,1.763
7700.0,1.7199999999999998
7701.0,1.7199999999999998
7702.0,1.7199999999999998
7703.0,1.7199999999999998
7704.0,1.7199999999999998
7705.0,1.7199999999999998
7706.0,1.7199999999999998
7707.0,1.7199999999999998
7708.0,1.7199999999999998
7709.0,1.7199999999999998
7710.0,1.7199999999999998
7711.0,1.7199999999999998
7712.0,1.7199999999999998
7713.0,1.7199999999999998
7714.0,1.7199999999999998
7715.0,1.7199999999999998
7716.0,1.7199999999999998
7717.0,1.7199999999999998
7718.0,1.7199999999999998
7719.0,1.7199999999999998
7720.0,1.7199999999999998
7721.0,1.7199999999999998
7722.0,1.7199999999999998
7723.0,1.7199999999999998
7724.0,1.7199999999999998
7725.0,1.7199999999999998
7726.0,1.7199999999999998
7727.0,1.7199999999999998
7728.0,1.7199999999999998
7729.0,1.7199999999999998
7730.0,1.7199999999999998
7731.0,1.7199999999999998
7732.0,1.7199999999999998
7733.0,1.7199999999999998
7734.0,1.7199999999999998
7735.0,1.7199999999999998
7736.0,1.7199999999999998
7737.0,1.7199999999999998
7738.0,1.7199999999999998
7739.0,1.7199999999999998
7740.0,1.7199999999999998
7741.0,1.7199999999999998
7742.0,1.7199999999999998
7743.0,1.7199999999999998
7744.0,1.7199999999999998
7745.0,1.7199999999999998
7746.0,1.7199999999999998
7747.0,1.7199999999999998
7748.0,1.7199999999999998
7749.0,1.7199999999999998
7750.0,1.7199999999999998
7751.0,1.7199999999999998
7752.0,1.7199999999999998
7753.0,1.7199999999999998
7754.0,1.7199999999999998
7755.0,1.7199999999999998
7756.0,1.7199999999999998
7757.0,1.763
7758.0,1.7199999999999998
7759.0,1.7199999999999998
7760.0,1.7199999999999998
7761.0,1.7199999999999998
7762.0,1.763
7763.0,1.7199999999999998
7764.0,1.7199999999999998
7765.0,1.7199999999999998
7766.0,1.7199999999999998
7767.0,1.7199999999999998
7768.0,1.7199999999999998
7769.0,1.7199999999999998
7770.0,1.7199999999999998
7771.0,1.763
7772.0,1.7199999999999998
7773.0,1.7199999999999998
7774.0,1.7199999999999998
7775.0,1.7199999999999998
7776.0,1.7199999999999998
7777.0,1.7199999999999998
7778.0,1.7199999999999998
7779.0,1.7199999999999998
7780.0,1.7199999999999998
7781.0,1.7199999999999998
7782.0,1.7199999999999998
7783.0,1.7199999999999998
7784.0,1.7199999999999998
7785.0,1.7199999999999998
7786.0,1.7199999999999998
7787.0,1.7199999999999998
7788.0,1.7199999999999998
7789.0,1.7199999999999998
7790.0,1.7199999999999998
7791.0,1.7199999999999998
7792.0,1.7199999999999998
7793.0,1.7199999999999998
7794.0,1.7199999999999998
7795.0,1.7199999999999998
7796.0,1.7199999999999998
7797.0,1.7199999999999998
7798.0,1.7199999999999998
7799.0,1.7199999999999998
7800.0,1.7199999999999998
7801.0,1.7199999999999998
7802.0,1.7199999999999998
7803.0,1.7199999999999998
7804.0,1.7199999999999998
7805.0,1.7199999999999998
7806.0,1.7199999999999998
7807.0,1.7199999999999998
7808.0,1.7199999999999998
7809.0,1.7199999999999998
7810.0,1.7199999999999998
7811.0,1.7199999999999998
7812.0,1.7199999999999998
7813.0,1.7199999999999998
7814.0,1.7199999999999998
7815.0,1.7199999999999998
7816.0,1.7199999999999998
7817.0,1.7199999999999998
7818.0,1.7199999999999998
7819.0,1.7199999999999998
7820.0,1.7199999999999998
7821.0,1.7199999999999998
7822.0,1.7199999999999998
7823.0,1.7199999999999998
7824.0,1.7199999999999998
7825.0,1.7199999999999998
7826.0,1.7199999999999998
7827.0,1.7199999999999998
7828.0,1.7199999999999998
7829.0,1.7199999999999998
7830.0,1.7199999999999998
7831.0,1.763
7832.0,1.7199999999999998
7833.0,1.7199999999999998
7834.0,1.7199999999999998
7835.0,1.7199999999999998
7836.0,1.7199999999999998
7837.0,1.7199999999999998
7838.0,1.7199999999999998
7839.0,1.7199999999999998
7840.0,1.7199999999999998
7841.0,1.7199999999999998
7842.0,1.7199999999999998
7843.0,1.7199999999999998
7844.0,1.7199999999999998
7845.0,1.7199999999999998
7846.0,1.7199999999999998
7847.0,1.7199999999999998
7848.0,1.7199999999999998
7849.0,1.7199999999999998
7850.0,1.7199999999999998
7851.0,1.7199999999999998
7852.0,1.7199999999999998
7853.0,1.7199999999999998
7854.0,1.7199999999999998
7855.0,1.7199999999999998
7856.0,1.7199999999999998
7857.0,1.7199999999999998
7858.0,1.7199999999999998
7859.0,1.7199999999999998
7860.0,1.7199999999999998
7861.0,1.7199999999999998
7862.0,1.7199999999999998
7863.0,1.7199999999999998
7864.0,1.7199999999999998
7865.0,1.7199999999999998
7866.0,1.7199999999999998
7867.0,1.7199999999999998
7868.0,1.7199999999999998
7869.0,1.7199999999999998
7870.0,1.7199999999999998
7871.0,1.7199999999999998
7872.0,1.7199999999999998
7873.0,1.7199999999999998
7874.0,1.7199999999999998
7875.0,1.7199999999999998
7876.0,1.7199999999999998
7877.0,1.7199999999999998
7878.0,1.7199999999999998
7879.0,1.7199999999999998
7880.0,1.7199999999999998
7881.0,1.7199999999999998
7882.0,1.7199999999999998
7883.0,1.7199999999999998
7884.0,1.7199999999999998
7885.0,1.7199999999999998
7886.0,1.7199999999999998
7887.0,1.7199999999999998
7888.0,1.7199999999999998
7889.0,1.7199999999999998
7890.0,1.7199999999999998
7891.0,1.7199999999999998
7892.0,1.7199999999999998
7893.0,1.7199999999999998
7894.0,1.7199999999999998
7895.0,1.7199999999999998
7896.0,1.7199999999999998
7897.0,1.7199999999999998
7898.0,1.7199999999999998
7899.0,1.7199999999999998
7900.0,1.7199999999999998
7901.0,1.7199999999999998
7902.0,1.7199999999999998
7903.0,1.7199999999999998
7904.0,1.7199999999999998
7905.0,1.7199999999999998
7906.0,1.7199999999999998
7907.0,1.7199999999999998
7908.0,1.7199999999999998
7909.0,1.7199999999999998
7910.0,1.7199999999999998
7911.0,1.7199999999999998
7912.0,1.7199999999999998
7913.0,1.763
7914.0,1.7199999999999998
7915.0,1.763
7916.0,1.7199999999999998
7917.0,1.7199999999999998
7918.0,1.7199999999999998
7919.0,1.7199999999999998
7920.0,1.7199999999999998
7921.0,1.7199999999999998
7922.0,1.7199999999999998
7923.0,1.7199999999999998
7924.0,1.7199999999999998
7925.0,1.7199999999999998
7926.0,1.7199999999999998
7927.0,1.7199999999999998
7928.0,1.7199999999999998
7929.0,1.7199999999999998
7930.0,1.7199999999999998
7931.0,1.7199999999999998
7932.0,1.7199999999999998
7933.0,1.7199999999999998
7934.0,1.7199999999999998
7935.0,1.7199999999999998
7936.0,1.7199999999999998
7937.0,1.7199999999999998
7938.0,1.7199999999999998
7939.0,1.763
7940.0,1.7199999999999998
7941.0,1.7199999999999998
7942.0,1.7199999999999998
7943.0,1.7199999999999998
7944.0,1.7199999999999998
7945.0,1.7199999999999998
7946.0,1.7199999999999998
7947.0,1.7199999999999998
7948.0,1.7199999999999998
7949.0,1.7199999999999998
7950.0,1.7199999999999998
7951.0,1.7199999999999998
7952.0,1.7199999999999998
7953.0,1.7199999999999998
7954.0,1.7199999999999998
7955.0,1.7199999999999998
7956.0,1.763
7957.0,1.7199999999999998
7958.0,1.7199999999999998
7959.0,1.7199999999999998
7960.0,1.7199999999999998
7961.0,1.7199999999999998
7962.0,1.7199999999999998
7963.0,1.7199999999999998
7964.0,1.7199999999999998
7965.0,1.7199999999999998
7966.0,1.7199999999999998
7967.0,1.7199999999999998
7968.0,1.7199999999999998
7969.0,1.7199999999999998
7970.0,1.7199999999999998
7971.0,1.7199999999999998
7972.0,1.7199999999999998
7973.0,1.7199999999999998
7974.0,1.7199999999999998
7975.0,1.7199999999999998
7976.0,1.7199999999999998
7977.0,1.7199999999999998
7978.0,1.7199999999999998
7979.0,1.763
7980.0,1.7199999999999998
7981.0,1.7199999999999998
7982.0,1.7199999999999998
7983.0,1.7199999999999998
7984.0,1.7199999999999998
7985.0,1.7199999999999998
7986.0,1.7199999999999998
7987.0,1.7199999999999998
7988.0,1.7199999999999998
7989.0,1.7199999999999998
7990.0,1.7199999999999998
7991.0,1.7199999999999998
7992.0,1.7199999999999998
7993.0,1.7199999999999998
7994.0,1.7199999999999998
7995.0,1.7199999999999998
7996.0,1.7199999999999998
7997.0,1.7199999999999998
7998.0,1.7199999999999998
7999.0,1.7199999999999998
8000.0,1.7199999999999998
8001.0,1.7199999999999998
8002.0,1.7199999999999998
8003.0,1.7199999999999998
8004.0,1.7199999999999998
8005.0,1.7199999999999998
8006.0,1.7199999999999998
8007.0,1.7199999999999998
8008.0,1.7199999999999998
8009.0,1.7199999999999998
8010.0,1.7199999999999998
8011.0,1.7199999999999998
8012.0,1.7199999999999998
8013.0,1.7199999999999998
8014.0,1.7199999999999998
8015.0,1.7199999999999998
8016.0,1.7199999999999998
8017.0,1.7199999999999998
8018.0,1.7199999999999998
8019.0,1.7199999999999998
8020.0,1.7199999999999998
8021.0,1.763
8022.0,1.7199999999999998
8023.0,1.7199999999999998
8024.0,1.7199999999999998
8025.0,1.763
8026.0,1.6769999999999998
8027.0,1.763
8028.0,1.7199999999999998
8029.0,1.7199999999999998
8030.0,1.763
8031.0,1.7199999999999998
8032.0,1.7199999999999998
8033.0,1.7199999999999998
8034.0,1.7199999999999998
8035.0,1.7199999999999998
8036.0,1.7199999999999998
8037.0,1.7199999999999998
8038.0,1.7199999999999998
8039.0,1.7199999999999998
8040.0,1.7199999999999998
8041.0,1.7199999999999998
8042.0,1.7199999999999998
8043.0,1.7199999999999998
8044.0,1.7199999999999998
8045.0,1.7199999999999998
8046.0,1.7199999999999998
8047.0,1.7199999999999998
8048.0,1.7199999999999998
8049.0,1.7199999999999998
8050.0,1.7199999999999998
8051.0,1.7199999999999998
8052.0,1.7199999999999998
8053.0,1.7199999999999998
8054.0,1.7199999999999998
8055.0,1.7199999999999998
8056.0,1.7199999999999998
8057.0,1.7199999999999998
8058.0,1.7199999999999998
8059.0,1.7199999999999998
8060.0,1.7199999999999998
8061.0,1.7199999999999998
8062.0,1.7199999999999998
8063.0,1.7199999999999998
8064.0,1.7199999999999998
8065.0,1.7199999999999998
8066.0,1.7199999999999998
8067.0,1.7199999999999998
8068.0,1.7199999999999998
8069.0,1.763
8070.0,1.7199999999999998
8071.0,1.7199999999999998
8072.0,1.7199999999999998
8073.0,1.7199999999999998
8074.0,1.7199999999999998
8075.0,1.7199999999999998
8076.0,1.7199999999999998
8077.0,1.7199999999999998
8078.0,1.7199999999999998
8079.0,1.7199999999999998
8080.0,1.7199999999999998
8081.0,1.7199999999999998
8082.0,1.7199999999999998
8083.0,1.7199999999999998
8084.0,1.7199999999999998
8085.0,1.7199999999999998
8086.0,1.7199999999999998
8087.0,1.7199999999999998
8088.0,1.7199999999999998
8089.0,1.7199999999999998
8090.0,1.7199999999999998
8091.0,1.7199999999999998
8092.0,1.7199999999999998
8093.0,1.7199999999999998
8094.0,1.7199999999999998
8095.0,1.7199999999999998
8096.0,1.7199999999999998
8097.0,1.763
8098.0,1.7199999999999998
8099.0,1.7199999999999998
8100.0,1.7199999999999998
8101.0,1.7199999999999998
8102.0,1.7199999999999998
8103.0,1.7199999999999998
8104.0,1.7199999999999998
8105.0,1.7199999999999998
8106.0,1.7199999999999998
8107.0,1.7199999999999998
8108.0,1.7199999999999998
8109.0,1.7199999999999998
8110.0,1.7199999999999998
8111.0,1.7199999999999998
8112.0,1.7199999999999998
8113.0,1.7199999999999998
8114.0,1.7199999999999998
8115.0,1.7199999999999998
8116.0,1.7199999999999998
8117.0,1.7199999999999998
8118.0,1.7199999999999998
8119.0,1.7199999999999998
8120.0,1.7199999999999998
8121.0,1.7199999999999998
8122.0,1.7199999999999998
8123.0,1.7199999999999998
8124.0,1.7199999999999998
8125.0,1.7199999999999998
8126.0,1.7199999999999998
8127.0,1.7199999999999998
8128.0,1.7199999999999998
8129.0,1.7199999999999998
8130.0,1.763
8131.0,1.7199999999999998
8132.0,1.7199999999999998
8133.0,1.7199999999999998
8134.0,1.7199999999999998
8135.0,1.7199999999999998
8136.0,1.6769999999999998
8137.0,1.7199999999999998
8138.0,1.7199999999999998
8139.0,1.7199999999999998
8140.0,1.7199999999999998
8141.0,1.7199999999999998
8142.0,1.7199999999999998
8143.0,1.7199999999999998
8144.0,1.7199999999999998
8145.0,1.7199999999999998
8146.0,1.7199999999999998
8147.0,1.7199999999999998
8148.0,1.7199999999999998
8149.0,1.7199999999999998
8150.0,1.7199999999999998
8151.0,1.7199999999999998
8152.0,1.7199999999999998
8153.0,1.7199999999999998
8154.0,1.7199999999999998
8155.0,1.7199999999999998
8156.0,1.7199999999999998
8157.0,1.7199999999999998
8158.0,1.7199999999999998
8159.0,1.7199999999999998
8160.0,1.7199999999999998
8161.0,1.7199999999999998
8162.0,1.7199999999999998
8163.0,1.763
8164.0,1.7199999999999998
8165.0,1.7199999999999998
8166.0,1.6769999999999998
8167.0,1.7199999999999998
8168.0,1.7199999999999998
8169.0,1.7199999999999998
8170.0,1.7199999999999998
8171.0,1.7199999999999998
8172.0,1.7199999999999998
8173.0,1.7199999999999998
8174.0,1.7199999999999998
8175.0,1.7199999999999998
8176.0,1.7199999999999998
8177.0,1.7199999999999998
8178.0,1.7199999999999998
8179.0,1.763
8180.0,1.7199999999999998
8181.0,1.7199999999999998
8182.0,1.7199999999999998
8183.0,1.7199999999999998
8184.0,1.7199999999999998
8185.0,1.7199999999999998
8186.0,1.7199999999999998
8187.0,1.7199999999999998
8188.0,1.7199999999999998
8189.0,1.7199999999999998
8190.0,1.7199999999999998
8191.0,1.7199999999999998
8192.0,1.7199999999999998
8193.0,1.7199999999999998
8194.0,1.7199999999999998
8195.0,1.7199999999999998
8196.0,1.7199999999999998
8197.0,1.7199999999999998
8198.0,1.7199999999999998
8199.0,1.7199999999999998
8200.0,1.7199999999999998
8201.0,1.7199999999999998
8202.0,1.7199999999999998
8203.0,1.7199999999999998
8204.0,1.7199999999999998
8205.0,1.7199999999999998
8206.0,1.7199999999999998
8207.0,1.7199999999999998
8208.0,1.7199999999999998
8209.0,1.7199999999999998
8210.0,1.6769999999999998
8211.0,1.763
8212.0,1.763
8213.0,1.763
8214.0,1.7199999999999998
8215.0,1.7199999999999998
8216.0,1.7199999999999998
8217.0,1.7199999999999998
8218.0,1.7199999999999998
8219.0,1.7199999999999998
8220.0,1.7199999999999998
8221.0,1.763
8222.0,1.7199999999999998
8223.0,1.7199999999999998
8224.0,1.7199999999999998
8225.0,1.7199999999999998
8226.0,1.7199999999999998
8227.0,1.7199999999999998
8228.0,1.7199999999999998
8229.0,1.7199999999999998
8230.0,1.7199999999999998
8231.0,1.7199999999999998
8232.0,1.7199999999999998
8233.0,1.7199999999999998
8234.0,1.7199999999999998
8235.0,1.7199999999999998
8236.0,1.7199999999999998
8237.0,1.7199999999999998
8238.0,1.7199999999999998
8239.0,1.763
8240.0,1.7199999999999998
8241.0,1.7199999999999998
8242.0,1.7199999999999998
8243.0,1.7199999999999998
8244.0,1.7199999999999998
8245.0,1.7199999999999998
8246.0,1.7199999999999998
8247.0,1.7199999999999998
8248.0,1.7199999999999998
8249.0,1.7199999999999998
8250.0,1.6769999999999998
8251.0,1.7199999999999998
8252.0,1.7199999999999998
8253.0,1.7199999999999998
8254.0,1.7199999999999998
8255.0,1.7199999999999998
8256.0,1.7199999999999998
8257.0,1.7199999999999998
8258.0,1.7199999999999998
8259.0,1.7199999999999998
8260.0,1.7199999999999998
8261.0,1.7199999999999998
8262.0,1.7199999999999998
8263.0,1.7199999999999998
8264.0,1.7199999999999998
8265.0,1.7199999999999998
8266.0,1.7199999999999998
8267.0,1.7199999999999998
8268.0,1.7199999999999998
8269.0,1.7199999999999998
8270.0,1.7199999999999998
8271.0,1.7199999999999998
8272.0,1.7199999999999998
8273.0,1.7199999999999998
8274.0,1.7199999999999998
8275.0,1.7199999999999998
8276.0,1.7199999999999998
8277.0,1.7199999999999998
8278.0,1.7199999999999998
8279.0,1.7199999999999998
8280.0,1.763
8281.0,1.7199999999999998
8282.0,1.7199999999999998
8283.0,1.7199999999999998
8284.0,1.7199999999999998
8285.0,1.7199999999999998
8286.0,1.6769999999999998
8287.0,1.7199999999999998
8288.0,1.7199999999999998
8289.0,1.7199999999999998
8290.0,1.7199999999999998
8291.0,1.7199999999999998
8292.0,1.7199999999999998
8293.0,1.7199999999999998
8294.0,1.7199999999999998
8295.0,1.7199999999999998
8296.0,1.7199999999999998
8297.0,1.7199999999999998
8298.0,1.7199999999999998
8299.0,1.7199999999999998
8300.0,1.7199999999999998
8301.0,1.7199999999999998
8302.0,1.7199999999999998
8303.0,1.7199999999999998
8304.0,1.7199999999999998
8305.0,1.7199999999999998
8306.0,1.7199999999999998
8307.0,1.7199999999999998
8308.0,1.7199999999999998
8309.0,1.7199999999999998
8310.0,1.7199999999999998
8311.0,1.7199999999999998
8312.0,1.7199999999999998
8313.0,1.7199999999999998
8314.0,1.7199999999999998
8315.0,1.7199999999999998
8316.0,1.7199999999999998
8317.0,1.7199999999999998
8318.0,1.7199999999999998
8319.0,1.7199999999999998
8320.0,1.7199999999999998
8321.0,1.7199999999999998
8322.0,1.7199999999999998
8323.0,1.7199999999999998
8324.0,1.7199999999999998
8325.0,1.7199999999999998
8326.0,1.7199999999999998
8327.0,1.7199999999999998
8328.0,1.7199999999999998
8329.0,1.7199999999999998
8330.0,1.7199999999999998
8331.0,1.7199999999999998
8332.0,1.7199999999999998
8333.0,1.7199999999999998
8334.0,1.7199999999999998
8335.0,1.7199999999999998
8336.0,1.7199999999999998
8337.0,1.7199999999999998
8338.0,1.7199999999999998
8339.0,1.7199999999999998
8340.0,1.7199999999999998
8341.0,1.7199999999999998
8342.0,1.7199999999999998
8343.0,1.7199999999999998
8344.0,1.7199999999999998
8345.0,1.7199999999999998
8346.0,1.7199999999999998
8347.0,1.7199999999999998
8348.0,1.7199999999999998
8349.0,1.763
8350.0,1.7199999999999998
8351.0,1.7199999999999998
8352.0,1.7199999999999998
8353.0,1.7199999999999998
8354.0,1.7199999999999998
8355.0,1.7199999999999998
8356.0,1.7199999999999998
8357.0,1.7199999999999998
8358.0,1.7199999999999998
8359.0,1.7199999999999998
8360.0,1.6769999999999998
8361.0,1.7199999999999998
8362.0,1.7199999999999998
8363.0,1.7199999999999998
8364.0,1.7199999999999998
8365.0,1.7199999999999998
8366.0,1.7199999999999998
8367.0,1.7199999999999998
8368.0,1.7199999999999998
8369.0,1.7199999999999998
8370.0,1.7199999999999998
8371.0,1.7199999999999998
8372.0,1.7199999999999998
8373.0,1.7199999999999998
8374.0,1.7199999999999998
8375.0,1.7199999999999998
8376.0,1.7199999999999998
8377.0,1.7199999999999998
8378.0,1.7199999999999998
8379.0,1.7199999999999998
8380.0,1.7199999999999998
8381.0,1.7199999999999998
8382.0,1.7199999999999998
8383.0,1.7199999999999998
8384.0,1.7199999999999998
8385.0,1.7199999999999998
8386.0,1.7199999999999998
8387.0,1.7199999999999998
8388.0,1.7199999999999998
8389.0,1.763
8390.0,1.7199999999999998
8391.0,1.7199999999999998
8392.0,1.6769999999999998
8393.0,1.6769999999999998
8394.0,1.7199999999999998
8395.0,1.7199999999999998
8396.0,1.7199999999999998
8397.0,1.7199999999999998
8398.0,1.7199999999999998
8399.0,1.7199999999999998
8400.0,1.7199999999999998
8401.0,1.7199999999999998
8402.0,1.7199999999999998
8403.0,1.7199999999999998
8404.0,1.7199999999999998
8405.0,1.7199999999999998
8406.0,1.7199999999999998
8407.0,1.7199999999999998
8408.0,1.7199999999999998
8409.0,1.7199999999999998
8410.0,1.7199999999999998
8411.0,1.7199999999999998
8412.0,1.7199999999999998
8413.0,1.7199999999999998
8414.0,1.7199999999999998
8415.0,1.7199999999999998
8416.0,1.7199999999999998
8417.0,1.7199999999999998
8418.0,1.7199999999999998
8419.0,1.7199999999999998
8420.0,1.7199999999999998
8421.0,1.7199999999999998
8422.0,1.7199999999999998
8423.0,1.763
8424.0,1.7199999999999998
8425.0,1.7199999999999998
8426.0,1.7199999999999998
8427.0,1.7199999999999998
8428.0,1.763
8429.0,1.7199999999999998
8430.0,1.7199999999999998
8431.0,1.763
8432.0,1.7199999999999998
8433.0,1.7199999999999998
8434.0,1.6769999999999998
8435.0,1.7199999999999998
8436.0,1.6769999999999998
8437.0,1.7199999999999998
8438.0,1.7199999999999998
8439.0,1.763
8440.0,1.7199999999999998
8441.0,1.7199999999999998
8442.0,1.7199999999999998
8443.0,1.7199999999999998
8444.0,1.7199999999999998
8445.0,1.7199999999999998
8446.0,1.7199999999999998
8447.0,1.7199999999999998
8448.0,1.7199999999999998
8449.0,1.7199999999999998
8450.0,1.7199999999999998
8451.0,1.7199999999999998
8452.0,1.7199999999999998
8453.0,1.7199999999999998
8454.0,1.7199999999999998
8455.0,1.7199999999999998
8456.0,1.7199999999999998
8457.0,1.7199999999999998
8458.0,1.7199999999999998
8459.0,1.7199999999999998
8460.0,1.7199999999999998
8461.0,1.7199999999999998
8462.0,1.7199999999999998
8463.0,1.763
8464.0,1.7199999999999998
8465.0,1.7199999999999998
8466.0,1.7199999999999998
8467.0,1.7199999999999998
8468.0,1.7199999999999998
8469.0,1.7199999999999998
8470.0,1.7199999999999998
8471.0,1.7199999999999998
8472.0,1.7199999999999998
8473.0,1.7199999999999998
8474.0,1.7199999999999998
8475.0,1.7199999999999998
8476.0,1.7199999999999998
8477.0,1.7199999999999998
8478.0,1.7199999999999998
8479.0,1.7199999999999998
8480.0,1.7199999999999998
8481.0,1.7199999999999998
8482.0,1.7199999999999998
8483.0,1.7199999999999998
8484.0,1.7199999999999998
8485.0,1.7199999999999998
8486.0,1.7199999999999998
8487.0,1.7199999999999998
8488.0,1.7199999999999998
8489.0,1.7199999999999998
8490.0,1.7199999999999998
8491.0,1.7199999999999998
8492.0,1.7199999999999998
8493.0,1.7199999999999998
8494.0,1.7199999999999998
8495.0,1.7199999999999998
8496.0,1.7199999999999998
8497.0,1.763
8498.0,1.7199999999999998
8499.0,1.7199999999999998
8500.0,1.7199999999999998
8501.0,1.7199999999999998
8502.0,1.7199999999999998
8503.0,1.763
8504.0,1.7199999999999998
8505.0,1.7199999999999998
8506.0,1.7199999999999998
8507.0,1.7199999999999998
8508.0,1.7199999999999998
8509.0,1.7199999999999998
8510.0,1.7199999999999998
8511.0,1.7199999999999998
8512.0,1.7199999999999998
8513.0,1.7199999999999998
8514.0,1.7199999999999998
8515.0,1.7199999999999998
8516.0,1.7199999999999998
8517.0,1.7199999999999998
8518.0,1.7199999999999998
8519.0,1.7199999999999998
8520.0,1.7199999999999998
8521.0,1.7199999999999998
8522.0,1.7199999999999998
8523.0,1.7199999999999998
8524.0,1.6769999999999998
8525.0,1.7199999999999998
8526.0,1.6769999999999998
8527.0,1.7199999999999998
8528.0,1.7199999999999998
8529.0,1.7199999999999998
8530.0,1.7199999999999998
8531.0,1.7199999999999998
8532.0,1.7199999999999998
8533.0,1.7199999999999998
