time_ms,diameter_mm
0.0,2.064
1.0,2.064
2.0,2.021
3.0,2.021
4.0,1.9779999999999998
5.0,1.9779999999999998
6.0,1.9779999999999998
7.0,1.9349999999999998
8.0,1.892
9.0,1.892
10.0,1.8489999999999998
11.0,1.8489999999999998
12.0,1.8059999999999998
13.0,1.8489999999999998
14.0,1.763
15.0,1.8059999999999998
16.0,1.763
17.0,1.763
18.0,1.7199999999999998
19.0,1.7199999999999998
20.0,1.6769999999999998
21.0,1.6769999999999998
22.0,1.6769999999999998
23.0,1.634
24.0,1.634
25.0,1.591
26.0,1.5479999999999998
27.0,1.5479999999999998
28.0,1.505
29.0,1.462
30.0,1.462
31.0,1.462
32.0,1.462
33.0,1.4189999999999998
34.0,1.376
35.0,1.376
36.0,1.333
37.0,1.333
38.0,1.2899999999999998
39.0,1.2469999999999999
40.0,1.2469999999999999
41.0,1.2469999999999999
42.0,1.204
43.0,1.204
44.0,1.204
45.0,1.1609999999999998
46.0,1.1609999999999998
47.0,1.1609999999999998
48.0,1.1609999999999998
49.0,1.1179999999999999
50.0,1.1179999999999999
51.0,1.1179999999999999
52.0,1.075
53.0,1.075
54.0,1.032
55.0,1.032
56.0,0.9889999999999999
57.0,0.9889999999999999
58.0,0.946
59.0,0.946
60.0,0.9029999999999999
61.0,0.8599999999999999
62.0,0.817
63.0,0.817
64.0,0.7739999999999999
65.0,0.7739999999999999
66.0,0.7739999999999999
67.0,0.731
68.0,0.731
69.0,0.688
70.0,0.688
71.0,0.6449999999999999
72.0,0.6449999999999999
73.0,0.6449999999999999
74.0,0.6449999999999999
75.0,0.602
76.0,0.5589999999999999
77.0,0.602
78.0,0.602
79.0,0.602
80.0,0.602
81.0,0.602
82.0,0.5589999999999999
83.0,0.602
84.0,0.516
85.0,0.5589999999999999
86.0,0.5589999999999999
87.0,0.5589999999999999
88.0,0.5589999999999999
89.0,0.5589999999999999
90.0,0.516
91.0,0.5589999999999999
92.0,0.516
93.0,0.516
94.0,0.516
95.0,0.516
96.0,0.516
97.0,0.516
98.0,0.516
99.0,0.516
100.0,0.516
101.0,0.516
102.0,0.473
103.0,0.473
104.0,0.516
105.0,0.473
106.0,0.473
107.0,0.473
108.0,0.473
109.0,0.473
110.0,0.42999999999999994
111.0,0.42999999999999994
112.0,0.42999999999999994
113.0,0.42999999999999994
114.0,0.42999999999999994
115.0,0.42999999999999994
116.0,0.42999999999999994
117.0,0.42999999999999994
118.0,0.42999999999999994
119.0,0.42999999999999994
120.0,0.38699999999999996
121.0,0.38699999999999996
122.0,0.38699999999999996
123.0,0.38699999999999996
124.0,0.38699999999999996
125.0,0.38699999999999996
126.0,0.38699999999999996
127.0,0.38699999999999996
128.0,0.344
129.0,0.38699999999999996
130.0,0.344
131.0,0.38699999999999996
132.0,0.38699999999999996
133.0,0.38699999999999996
134.0,0.344
135.0,0.344
136.0,0.344
137.0,0.38699999999999996
138.0,0.38699999999999996
139.0,0.344
140.0,0.344
141.0,0.344
142.0,0.344
143.0,0.344
144.0,0.344
145.0,0.38699999999999996
146.0,0.344
147.0,0.344
148.0,0.344
149.0,0.344
150.0,0.344
151.0,0.344
152.0,0.344
153.0,0.344
154.0,0.344
155.0,0.344
156.0,0.344
157.0,0.344
158.0,0.344
159.0,0.344
160.0,0.344
161.0,0.344
162.0,0.344
163.0,0.344
164.0,0.344
165.0,0.344
166.0,0.344
167.0,0.344
168.0,0.344
169.0,0.344
170.0,0.301
171.0,0.344
172.0,0.301
173.0,0.344
174.0,0.344
175.0,0.344
176.0,0.301
177.0,0.301
178.0,0.301
179.0,0.344
180.0,0.301
181.0,0.344
182.0,0.344
183.0,0.301
184.0,0.344
185.0,0.344
186.0,0.301
187.0,0.301
188.0,0.301
189.0,0.344
190.0,0.344
191.0,0.301
192.0,0.344
193.0,0.301
194.0,0.301
195.0,0.301
196.0,0.301
197.0,0.344
198.0,0.344
199.0,0.301
200.0,0.301
201.0,0.301
202.0,0.301
203.0,0.301
204.0,0.301
205.0,0.301
206.0,0.301
207.0,0.301
208.0,0.301
209.0,0.301
210.0,0.301
211.0,0.301
212.0,0.301
213.0,0.258
214.0,0.301
215.0,0.301
216.0,0.301
217.0,0.258
218.0,0.301
219.0,0.301
220.0,0.301
221.0,0.301
222.0,0.301
223.0,0.301
224.0,0.301
225.0,0.301
226.0,0.301
227.0,0.301
228.0,0.301
229.0,0.258
230.0,0.301
231.0,0.301
232.0,0.301
233.0,0.301
234.0,0.258
235.0,0.258
236.0,0.301
237.0,0.301
238.0,0.301
239.0,0.258
240.0,0.301
241.0,0.301
242.0,0.301
243.0,0.301
244.0,0.301
245.0,0.301
246.0,0.301
247.0,0.301
248.0,0.301
249.0,0.258
250.0,0.301
251.0,0.258
252.0,0.301
253.0,0.258
254.0,0.301
255.0,0.258
256.0,0.301
257.0,0.258
258.0,0.301
259.0,0.301
260.0,0.301
261.0,0.301
262.0,0.301
263.0,0.301
264.0,0.258
265.0,0.301
266.0,0.301
267.0,0.301
268.0,0.258
269.0,0.258
270.0,0.258
271.0,0.301
272.0,0.301
273.0,0.258
274.0,0.258
275.0,0.258
276.0,0.258
277.0,0.258
278.0,0.301
279.0,0.301
280.0,0.301
281.0,0.301
282.0,0.301
283.0,0.258
284.0,0.258
285.0,0.301
286.0,0.301
287.0,0.301
288.0,0.301
289.0,0.301
290.0,0.258
291.0,0.258
292.0,0.258
293.0,0.258
294.0,0.258
295.0,0.258
296.0,0.258
297.0,0.258
298.0,0.258
299.0,0.258
300.0,0.258
301.0,0.258
302.0,0.258
303.0,0.258
304.0,0.258
305.0,0.301
306.0,0.301
307.0,0.301
308.0,0.301
309.0,0.301
310.0,0.258
311.0,0.301
312.0,0.258
313.0,0.258
314.0,0.258
315.0,0.258
316.0,0.258
317.0,0.258
318.0,0.258
319.0,0.258
320.0,0.258
321.0,0.258
322.0,0.258
323.0,0.301
324.0,0.258
325.0,0.301
326.0,0.301
327.0,0.301
328.0,0.301
329.0,0.301
330.0,0.301
331.0,0.301
332.0,0.301
333.0,0.301
334.0,0.258
335.0,0.258
336.0,0.258
337.0,0.258
338.0,0.258
339.0,0.301
340.0,0.301
341.0,0.301
342.0,0.258
343.0,0.258
344.0,0.258
345.0,0.301
346.0,0.301
347.0,0.301
348.0,0.258
349.0,0.301
350.0,0.258
351.0,0.301
352.0,0.258
353.0,0.301
354.0,0.258
355.0,0.258
356.0,0.258
357.0,0.258
358.0,0.258
359.0,0.258
360.0,0.258
361.0,0.258
362.0,0.258
363.0,0.258
364.0,0.258
365.0,0.258
366.0,0.258
367.0,0.258
368.0,0.258
369.0,0.301
370.0,0.301
371.0,0.301
372.0,0.301
373.0,0.258
374.0,0.301
375.0,0.301
376.0,0.258
377.0,0.258
378.0,0.258
379.0,0.258
380.0,0.258
381.0,0.258
382.0,0.258
383.0,0.258
384.0,0.258
385.0,0.258
386.0,0.258
387.0,0.258
388.0,0.258
389.0,0.301
390.0,0.301
391.0,0.301
392.0,0.301
393.0,0.301
394.0,0.301
395.0,0.301
396.0,0.258
397.0,0.258
398.0,0.258
399.0,0.258
400.0,0.258
401.0,0.258
402.0,0.258
403.0,0.258
404.0,0.258
405.0,0.258
406.0,0.258
407.0,0.258
408.0,0.258
409.0,0.258
410.0,0.258
411.0,0.258
412.0,0.258
413.0,0.301
414.0,0.258
415.0,0.301
416.0,0.301
417.0,0.301
418.0,0.301
419.0,0.301
420.0,0.258
421.0,0.301
422.0,0.258
423.0,0.301
424.0,0.301
425.0,0.301
426.0,0.301
427.0,0.301
428.0,0.258
429.0,0.301
430.0,0.258
431.0,0.301
432.0,0.301
433.0,0.301
434.0,0.258
435.0,0.301
436.0,0.301
437.0,0.258
438.0,0.258
439.0,0.301
440.0,0.301
441.0,0.258
442.0,0.258
443.0,0.301
444.0,0.301
445.0,0.301
446.0,0.301
447.0,0.301
448.0,0.258
449.0,0.258
450.0,0.258
451.0,0.301
452.0,0.258
453.0,0.301
454.0,0.258
455.0,0.301
456.0,0.258
457.0,0.301
458.0,0.258
459.0,0.258
460.0,0.258
461.0,0.301
462.0,0.301
463.0,0.301
464.0,0.258
465.0,0.301
466.0,0.301
467.0,0.258
468.0,0.258
469.0,0.258
470.0,0.258
471.0,0.258
472.0,0.258
473.0,0.258
474.0,0.258
475.0,0.301
476.0,0.258
477.0,0.301
478.0,0.258
479.0,0.258
480.0,0.258
481.0,0.258
482.0,0.258
483.0,0.258
484.0,0.258
485.0,0.258
486.0,0.258
487.0,0.301
488.0,0.258
489.0,0.301
490.0,0.258
491.0,0.258
492.0,0.258
493.0,0.258
494.0,0.258
495.0,0.258
496.0,0.258
497.0,0.258
498.0,0.258
499.0,0.258
500.0,0.258
501.0,0.258
502.0,0.258
503.0,0.258
504.0,0.21499999999999997
505.0,0.301
506.0,0.258
507.0,0.301
508.0,0.301
509.0,0.301
510.0,0.258
511.0,0.258
512.0,0.258
513.0,0.258
514.0,0.258
515.0,0.258
516.0,0.258
517.0,0.258
518.0,0.258
519.0,0.258
520.0,0.258
521.0,0.258
522.0,0.258
523.0,0.258
524.0,0.301
525.0,0.258
526.0,0.258
527.0,0.258
528.0,0.258
529.0,0.258
530.0,0.258
531.0,0.301
532.0,0.258
533.0,0.258
534.0,0.258
535.0,0.258
536.0,0.258
537.0,0.258
538.0,0.258
539.0,0.258
540.0,0.258
541.0,0.258
542.0,0.258
543.0,0.258
544.0,0.258
545.0,0.258
546.0,0.301
547.0,0.301
548.0,0.258
549.0,0.258
550.0,0.258
551.0,0.258
552.0,0.258
553.0,0.258
554.0,0.258
555.0,0.258
556.0,0.258
557.0,0.258
558.0,0.258
559.0,0.258
560.0,0.258
561.0,0.258
562.0,0.258
563.0,0.258
564.0,0.258
565.0,0.258
566.0,0.258
567.0,0.301
568.0,0.258
569.0,0.258
570.0,0.258
571.0,0.258
572.0,0.258
573.0,0.258
574.0,0.258
575.0,0.258
576.0,0.258
577.0,0.258
578.0,0.258
579.0,0.258
580.0,0.258
581.0,0.258
582.0,0.258
583.0,0.258
584.0,0.258
585.0,0.258
586.0,0.258
587.0,0.301
588.0,0.258
589.0,0.301
590.0,0.258
591.0,0.258
592.0,0.301
593.0,0.258
594.0,0.258
595.0,0.258
596.0,0.258
597.0,0.258
598.0,0.258
599.0,0.258
600.0,0.258
601.0,0.301
602.0,0.258
603.0,0.301
604.0,0.258
605.0,0.301
606.0,0.258
607.0,0.258
608.0,0.258
609.0,0.301
610.0,0.258
611.0,0.258
612.0,0.258
613.0,0.258
614.0,0.258
615.0,0.301
616.0,0.258
617.0,0.258
618.0,0.258
619.0,0.258
620.0,0.258
621.0,0.301
622.0,0.258
623.0,0.301
624.0,0.258
625.0,0.301
626.0,0.258
627.0,0.258
628.0,0.258
629.0,0.301
630.0,0.258
631.0,0.258
632.0,0.258
633.0,0.258
634.0,0.258
635.0,0.258
636.0,0.258
637.0,0.258
638.0,0.258
639.0,0.258
640.0,0.258
641.0,0.258
642.0,0.258
643.0,0.258
644.0,0.258
645.0,0.258
646.0,0.258
647.0,0.258
648.0,0.258
649.0,0.301
650.0,0.258
651.0,0.258
652.0,0.258
653.0,0.258
654.0,0.258
655.0,0.258
656.0,0.258
657.0,0.301
658.0,0.301
659.0,0.258
660.0,0.258
661.0,0.258
662.0,0.258
663.0,0.301
664.0,0.258
665.0,0.258
666.0,0.301
667.0,0.301
668.0,0.258
669.0,0.258
670.0,0.258
671.0,0.301
672.0,0.258
673.0,0.258
674.0,0.258
675.0,0.301
676.0,0.258
677.0,0.301
678.0,0.258
679.0,0.301
680.0,0.258
681.0,0.301
682.0,0.258
683.0,0.258
684.0,0.301
685.0,0.258
686.0,0.258
687.0,0.301
688.0,0.258
689.0,0.258
690.0,0.258
691.0,0.301
692.0,0.258
693.0,0.301
694.0,0.21499999999999997
695.0,0.258
696.0,0.258
697.0,0.301
698.0,0.301
699.0,0.258
700.0,0.258
701.0,0.301
702.0,0.258
703.0,0.258
704.0,0.258
705.0,0.301
706.0,0.258
707.0,0.258
708.0,0.258
709.0,0.301
710.0,0.258
711.0,0.258
712.0,0.258
713.0,0.258
714.0,0.258
715.0,0.301
716.0,0.258
717.0,0.301
718.0,0.258
719.0,0.301
720.0,0.258
721.0,0.301
722.0,0.258
723.0,0.301
724.0,0.258
725.0,0.258
726.0,0.258
727.0,0.301
728.0,0.258
729.0,0.258
730.0,0.258
731.0,0.258
732.0,0.258
733.0,0.258
734.0,0.258
735.0,0.258
736.0,0.258
737.0,0.258
738.0,0.258
739.0,0.258
740.0,0.258
741.0,0.258
742.0,0.258
743.0,0.258
744.0,0.258
745.0,0.301
746.0,0.258
747.0,0.258
748.0,0.258
749.0,0.301
750.0,0.258
751.0,0.258
752.0,0.258
753.0,0.258
754.0,0.258
755.0,0.301
756.0,0.258
757.0,0.301
758.0,0.258
759.0,0.258
760.0,0.258
761.0,0.258
762.0,0.21499999999999997
763.0,0.258
764.0,0.258
765.0,0.301
766.0,0.258
767.0,0.258
768.0,0.258
769.0,0.258
770.0,0.258
771.0,0.258
772.0,0.258
773.0,0.301
774.0,0.258
775.0,0.258
776.0,0.258
777.0,0.258
778.0,0.258
779.0,0.258
780.0,0.258
781.0,0.301
782.0,0.258
783.0,0.258
784.0,0.258
785.0,0.258
786.0,0.258
787.0,0.301
788.0,0.258
789.0,0.258
790.0,0.258
791.0,0.258
792.0,0.258
793.0,0.258
794.0,0.258
795.0,0.258
796.0,0.258
797.0,0.258
798.0,0.258
799.0,0.258
800.0,0.258
801.0,0.258
802.0,0.21499999999999997
803.0,0.301
804.0,0.258
805.0,0.301
806.0,0.258
807.0,0.258
808.0,0.258
809.0,0.258
810.0,0.258
811.0,0.258
812.0,0.258
813.0,0.258
814.0,0.258
815.0,0.301
816.0,0.258
817.0,0.258
818.0,0.258
819.0,0.258
820.0,0.258
821.0,0.258
822.0,0.258
823.0,0.258
824.0,0.258
825.0,0.301
826.0,0.258
827.0,0.258
828.0,0.258
829.0,0.258
830.0,0.258
831.0,0.258
832.0,0.258
833.0,0.258
834.0,0.258
835.0,0.258
836.0,0.258
837.0,0.258
838.0,0.258
839.0,0.258
840.0,0.258
841.0,0.258
842.0,0.258
843.0,0.258
844.0,0.258
845.0,0.258
846.0,0.258
847.0,0.301
848.0,0.258
849.0,0.258
850.0,0.258
851.0,0.258
852.0,0.258
853.0,0.258
854.0,0.258
855.0,0.258
856.0,0.258
857.0,0.258
858.0,0.258
859.0,0.258
860.0,0.258
861.0,0.258
862.0,0.258
863.0,0.258
864.0,0.258
865.0,0.301
866.0,0.258
867.0,0.258
868.0,0.258
869.0,0.258
870.0,0.258
871.0,0.21499999999999997
872.0,0.258
873.0,0.258
874.0,0.258
875.0,0.258
876.0,0.258
877.0,0.258
878.0,0.258
879.0,0.301
880.0,0.258
881.0,0.258
882.0,0.258
883.0,0.258
884.0,0.258
885.0,0.258
886.0,0.258
887.0,0.258
888.0,0.258
889.0,0.258
890.0,0.258
891.0,0.258
892.0,0.258
893.0,0.258
894.0,0.258
895.0,0.258
896.0,0.258
897.0,0.258
898.0,0.258
899.0,0.258
900.0,0.258
901.0,0.258
902.0,0.258
903.0,0.258
904.0,0.258
905.0,0.258
906.0,0.258
907.0,0.258
908.0,0.21499999999999997
909.0,0.258
910.0,0.258
911.0,0.258
912.0,0.258
913.0,0.301
914.0,0.258
915.0,0.301
916.0,0.258
917.0,0.258
918.0,0.258
919.0,0.258
920.0,0.258
921.0,0.258
922.0,0.258
923.0,0.301
924.0,0.258
925.0,0.258
926.0,0.258
927.0,0.258
928.0,0.258
929.0,0.258
930.0,0.258
931.0,0.301
932.0,0.258
933.0,0.301
934.0,0.258
935.0,0.258
936.0,0.258
937.0,0.258
938.0,0.258
939.0,0.258
940.0,0.258
941.0,0.258
942.0,0.258
943.0,0.258
944.0,0.258
945.0,0.258
946.0,0.258
947.0,0.301
948.0,0.258
949.0,0.258
950.0,0.258
951.0,0.258
952.0,0.258
953.0,0.258
954.0,0.258
955.0,0.301
956.0,0.258
957.0,0.301
958.0,0.258
959.0,0.258
960.0,0.258
961.0,0.258
962.0,0.258
963.0,0.258
964.0,0.258
965.0,0.258
966.0,0.258
967.0,0.258
968.0,0.258
969.0,0.258
970.0,0.258
971.0,0.258
972.0,0.258
973.0,0.258
974.0,0.258
975.0,0.301
976.0,0.258
977.0,0.258
978.0,0.258
979.0,0.258
980.0,0.258
981.0,0.301
982.0,0.258
983.0,0.258
984.0,0.258
985.0,0.258
986.0,0.21499999999999997
987.0,0.258
988.0,0.258
989.0,0.258
990.0,0.258
991.0,0.301
992.0,0.258
993.0,0.258
994.0,0.258
995.0,0.301
996.0,0.258
997.0,0.258
998.0,0.258
999.0,0.301
1000.0,0.258
1001.0,0.301
1002.0,0.258
1003.0,0.258
1004.0,0.258
1005.0,0.258
1006.0,0.258
1007.0,0.301
1008.0,0.258
1009.0,0.301
1010.0,0.258
1011.0,0.21499999999999997
1012.0,0.258
1013.0,0.258
1014.0,0.258
1015.0,0.258
1016.0,0.258
1017.0,0.258
1018.0,0.258
1019.0,0.258
1020.0,0.258
1021.0,0.258
1022.0,0.258
1023.0,0.258
1024.0,0.258
1025.0,0.258
1026.0,0.21499999999999997
1027.0,0.258
1028.0,0.21499999999999997
1029.0,0.258
1030.0,0.258
1031.0,0.258
1032.0,0.258
1033.0,0.301
1034.0,0.258
1035.0,0.258
1036.0,0.258
1037.0,0.258
1038.0,0.258
1039.0,0.258
1040.0,0.258
1041.0,0.258
1042.0,0.258
1043.0,0.258
1044.0,0.258
1045.0,0.258
1046.0,0.258
1047.0,0.258
1048.0,0.258
1049.0,0.258
1050.0,0.258
1051.0,0.258
1052.0,0.258
1053.0,0.258
1054.0,0.258
1055.0,0.301
1056.0,0.258
1057.0,0.301
1058.0,0.258
1059.0,0.258
1060.0,0.258
1061.0,0.258
1062.0,0.258
1063.0,0.301
1064.0,0.258
1065.0,0.301
1066.0,0.258
1067.0,0.258
1068.0,0.258
1069.0,0.258
1070.0,0.21499999999999997
1071.0,0.258
1072.0,0.258
1073.0,0.258
1074.0,0.258
1075.0,0.258
1076.0,0.258
1077.0,0.258
1078.0,0.258
1079.0,0.258
1080.0,0.258
1081.0,0.258
1082.0,0.258
1083.0,0.258
1084.0,0.258
1085.0,0.258
1086.0,0.258
1087.0,0.258
1088.0,0.258
1089.0,0.301
1090.0,0.258
1091.0,0.258
1092.0,0.258
1093.0,0.258
1094.0,0.21499999999999997
1095.0,0.258
1096.0,0.21499999999999997
1097.0,0.258
1098.0,0.258
1099.0,0.301
1100.0,0.258
1101.0,0.258
1102.0,0.258
1103.0,0.258
1104.0,0.21499999999999997
1105.0,0.258
1106.0,0.21499999999999997
1107.0,0.301
1108.0,0.258
1109.0,0.258
1110.0,0.258
1111.0,0.258
1112.0,0.258
1113.0,0.258
1114.0,0.258
1115.0,0.258
1116.0,0.258
1117.0,0.258
1118.0,0.258
1119.0,0.258
1120.0,0.258
1121.0,0.258
1122.0,0.258
1123.0,0.258
1124.0,0.258
1125.0,0.258
1126.0,0.258
1127.0,0.258
1128.0,0.21499999999999997
1129.0,0.258
1130.0,0.258
1131.0,0.258
1132.0,0.258
1133.0,0.258
1134.0,0.258
1135.0,0.258
1136.0,0.21499999999999997
1137.0,0.258
1138.0,0.258
1139.0,0.258
1140.0,0.258
1141.0,0.301
1142.0,0.258
1143.0,0.258
1144.0,0.258
1145.0,0.258
1146.0,0.258
1147.0,0.258
1148.0,0.258
1149.0,0.301
1150.0,0.258
1151.0,0.258
1152.0,0.258
1153.0,0.258
1154.0,0.258
1155.0,0.258
1156.0,0.258
1157.0,0.258
1158.0,0.258
1159.0,0.258
1160.0,0.258
1161.0,0.258
1162.0,0.21499999999999997
1163.0,0.258
1164.0,0.258
1165.0,0.258
1166.0,0.258
1167.0,0.258
1168.0,0.21499999999999997
1169.0,0.301
1170.0,0.21499999999999997
1171.0,0.258
1172.0,0.258
1173.0,0.301
1174.0,0.258
1175.0,0.258
1176.0,0.21499999999999997
1177.0,0.258
1178.0,0.258
1179.0,0.258
1180.0,0.258
1181.0,0.258
1182.0,0.258
1183.0,0.258
1184.0,0.258
1185.0,0.258
1186.0,0.21499999999999997
1187.0,0.258
1188.0,0.21499999999999997
1189.0,0.258
1190.0,0.258
1191.0,0.258
1192.0,0.258
1193.0,0.258
1194.0,0.258
1195.0,0.258
1196.0,0.21499999999999997
1197.0,0.258
1198.0,0.258
1199.0,0.258
1200.0,0.258
1201.0,0.258
1202.0,0.258
1203.0,0.21499999999999997
1204.0,0.21499999999999997
1205.0,0.258
1206.0,0.258
1207.0,0.258
1208.0,0.258
1209.0,0.258
1210.0,0.21499999999999997
1211.0,0.258
1212.0,0.21499999999999997
1213.0,0.258
1214.0,0.258
1215.0,0.301
1216.0,0.258
1217.0,0.258
1218.0,0.258
1219.0,0.258
1220.0,0.258
1221.0,0.301
1222.0,0.21499999999999997
1223.0,0.258
1224.0,0.258
1225.0,0.258
1226.0,0.258
1227.0,0.258
1228.0,0.258
1229.0,0.258
1230.0,0.258
1231.0,0.258
1232.0,0.258
1233.0,0.301
1234.0,0.258
1235.0,0.258
1236.0,0.21499999999999997
1237.0,0.258
1238.0,0.258
1239.0,0.258
1240.0,0.258
1241.0,0.301
1242.0,0.258
1243.0,0.301
1244.0,0.258
1245.0,0.258
1246.0,0.21499999999999997
1247.0,0.258
1248.0,0.258
1249.0,0.301
1250.0,0.258
1251.0,0.258
1252.0,0.258
1253.0,0.258
1254.0,0.258
1255.0,0.258
1256.0,0.258
1257.0,0.258
1258.0,0.258
1259.0,0.258
1260.0,0.258
1261.0,0.258
1262.0,0.258
1263.0,0.258
1264.0,0.258
1265.0,0.258
1266.0,0.258
1267.0,0.258
1268.0,0.258
1269.0,0.258
1270.0,0.258
1271.0,0.258
1272.0,0.258
1273.0,0.258
1274.0,0.258
1275.0,0.301
1276.0,0.258
1277.0,0.258
1278.0,0.21499999999999997
1279.0,0.258
1280.0,0.21499999999999997
1281.0,0.258
1282.0,0.258
1283.0,0.258
1284.0,0.258
1285.0,0.258
1286.0,0.258
1287.0,0.258
1288.0,0.258
1289.0,0.258
1290.0,0.21499999999999997
1291.0,0.258
1292.0,0.258
1293.0,0.258
1294.0,0.258
1295.0,0.258
1296.0,0.258
1297.0,0.258
1298.0,0.258
1299.0,0.258
1300.0,0.258
1301.0,0.258
1302.0,0.258
1303.0,0.258
1304.0,0.258
1305.0,0.258
1306.0,0.258
1307.0,0.258
1308.0,0.258
1309.0,0.258
1310.0,0.21499999999999997
1311.0,0.258
1312.0,0.258
1313.0,0.258
1314.0,0.258
1315.0,0.258
1316.0,0.258
1317.0,0.258
1318.0,0.21499999999999997
1319.0,0.258
1320.0,0.258
1321.0,0.258
1322.0,0.258
1323.0,0.258
1324.0,0.258
1325.0,0.258
1326.0,0.258
1327.0,0.258
1328.0,0.21499999999999997
1329.0,0.258
1330.0,0.258
1331.0,0.258
1332.0,0.258
1333.0,0.258
1334.0,0.258
1335.0,0.258
1336.0,0.258
1337.0,0.258
1338.0,0.258
1339.0,0.258
1340.0,0.258
1341.0,0.258
1342.0,0.258
1343.0,0.258
1344.0,0.258
1345.0,0.258
1346.0,0.258
1347.0,0.258
1348.0,0.258
1349.0,0.301
1350.0,0.258
1351.0,0.258
1352.0,0.21499999999999997
1353.0,0.258
1354.0,0.258
1355.0,0.258
1356.0,0.258
1357.0,0.258
1358.0,0.258
1359.0,0.258
1360.0,0.258
1361.0,0.258
1362.0,0.21499999999999997
1363.0,0.258
1364.0,0.258
1365.0,0.301
1366.0,0.258
1367.0,0.301
1368.0,0.258
1369.0,0.258
1370.0,0.258
1371.0,0.258
1372.0,0.258
1373.0,0.258
1374.0,0.258
1375.0,0.301
1376.0,0.258
1377.0,0.258
1378.0,0.258
1379.0,0.258
1380.0,0.258
1381.0,0.258
1382.0,0.258
1383.0,0.258
1384.0,0.258
1385.0,0.258
1386.0,0.258
1387.0,0.258
1388.0,0.258
1389.0,0.258
1390.0,0.258
1391.0,0.301
1392.0,0.258
1393.0,0.258
1394.0,0.21499999999999997
1395.0,0.258
1396.0,0.258
1397.0,0.258
1398.0,0.258
1399.0,0.258
1400.0,0.258
1401.0,0.258
1402.0,0.21499999999999997
1403.0,0.258
1404.0,0.258
1405.0,0.258
1406.0,0.258
1407.0,0.301
1408.0,0.21499999999999997
1409.0,0.258
1410.0,0.21499999999999997
1411.0,0.258
1412.0,0.258
1413.0,0.258
1414.0,0.258
1415.0,0.258
1416.0,0.258
1417.0,0.258
1418.0,0.258
1419.0,0.258
1420.0,0.258
1421.0,0.258
1422.0,0.258
1423.0,0.258
1424.0,0.258
1425.0,0.258
1426.0,0.258
1427.0,0.258
1428.0,0.258
1429.0,0.258
1430.0,0.258
1431.0,0.258
1432.0,0.258
1433.0,0.258
1434.0,0.258
1435.0,0.258
1436.0,0.258
1437.0,0.21499999999999997
1438.0,0.258
1439.0,0.258
1440.0,0.258
1441.0,0.301
1442.0,0.258
1443.0,0.258
1444.0,0.21499999999999997
1445.0,0.258
1446.0,0.258
1447.0,0.258
1448.0,0.258
1449.0,0.258
1450.0,0.21499999999999997
1451.0,0.301
1452.0,0.258
1453.0,0.258
1454.0,0.258
1455.0,0.258
1456.0,0.258
1457.0,0.258
1458.0,0.258
1459.0,0.258
1460.0,0.21499999999999997
1461.0,0.258
1462.0,0.258
1463.0,0.258
1464.0,0.258
1465.0,0.258
1466.0,0.258
1467.0,0.258
1468.0,0.258
1469.0,0.258
1470.0,0.258
1471.0,0.258
1472.0,0.258
1473.0,0.258
1474.0,0.258
1475.0,0.258
1476.0,0.258
1477.0,0.258
1478.0,0.258
1479.0,0.258
1480.0,0.258
1481.0,0.258
1482.0,0.258
1483.0,0.258
1484.0,0.258
1485.0,0.258
1486.0,0.258
1487.0,0.258
1488.0,0.258
1489.0,0.258
1490.0,0.258
1491.0,0.258
1492.0,0.258
1493.0,0.301
1494.0,0.258
1495.0,0.21499999999999997
1496.0,0.258
1497.0,0.258
1498.0,0.258
1499.0,0.258
1500.0,0.258
1501.0,0.258
1502.0,0.258
1503.0,0.258
1504.0,0.258
1505.0,0.258
1506.0,0.258
1507.0,0.258
1508.0,0.258
1509.0,0.258
1510.0,0.258
1511.0,0.21499999999999997
1512.0,0.21499999999999997
1513.0,0.258
1514.0,0.258
1515.0,0.258
1516.0,0.258
1517.0,0.258
1518.0,0.258
1519.0,0.258
1520.0,0.258
1521.0,0.258
1522.0,0.258
1523.0,0.258
1524.0,0.258
1525.0,0.258
1526.0,0.258
1527.0,0.258
1528.0,0.258
1529.0,0.258
1530.0,0.258
1531.0,0.258
1532.0,0.258
1533.0,0.258
1534.0,0.21499999999999997
1535.0,0.258
1536.0,0.258
1537.0,0.258
1538.0,0.258
1539.0,0.21499999999999997
1540.0,0.258
1541.0,0.258
1542.0,0.258
1543.0,0.258
1544.0,0.258
1545.0,0.258
1546.0,0.21499999999999997
1547.0,0.258
1548.0,0.258
1549.0,0.258
1550.0,0.21499999999999997
1551.0,0.258
1552.0,0.21499999999999997
1553.0,0.258
1554.0,0.258
1555.0,0.258
1556.0,0.258
1557.0,0.258
1558.0,0.258
1559.0,0.258
1560.0,0.258
1561.0,0.258
1562.0,0.258
1563.0,0.258
1564.0,0.258
1565.0,0.258
1566.0,0.258
1567.0,0.258
1568.0,0.21499999999999997
1569.0,0.258
1570.0,0.258
1571.0,0.258
1572.0,0.258
1573.0,0.258
1574.0,0.258
1575.0,0.258
1576.0,0.258
1577.0,0.258
1578.0,0.258
1579.0,0.258
1580.0,0.258
1581.0,0.258
1582.0,0.21499999999999997
1583.0,0.258
1584.0,0.258
1585.0,0.258
1586.0,0.258
1587.0,0.258
1588.0,0.21499999999999997
1589.0,0.258
1590.0,0.21499999999999997
1591.0,0.258
1592.0,0.21499999999999997
1593.0,0.258
1594.0,0.21499999999999997
1595.0,0.258
1596.0,0.258
1597.0,0.258
1598.0,0.258
1599.0,0.258
1600.0,0.258
1601.0,0.258
1602.0,0.258
1603.0,0.258
1604.0,0.258
1605.0,0.258
1606.0,0.258
1607.0,0.258
1608.0,0.258
1609.0,0.258
1610.0,0.258
1611.0,0.258
1612.0,0.21499999999999997
1613.0,0.258
1614.0,0.258
1615.0,0.258
1616.0,0.21499999999999997
1617.0,0.258
1618.0,0.258
1619.0,0.258
1620.0,0.258
1621.0,0.258
1622.0,0.258
1623.0,0.258
1624.0,0.258
1625.0,0.258
1626.0,0.258
1627.0,0.258
1628.0,0.21499999999999997
1629.0,0.258
1630.0,0.258
1631.0,0.258
1632.0,0.258
1633.0,0.301
1634.0,0.258
1635.0,0.258
1636.0,0.258
1637.0,0.258
1638.0,0.258
1639.0,0.258
1640.0,0.258
1641.0,0.258
1642.0,0.258
1643.0,0.258
1644.0,0.258
1645.0,0.258
1646.0,0.258
1647.0,0.258
1648.0,0.258
1649.0,0.258
1650.0,0.258
1651.0,0.21499999999999997
1652.0,0.258
1653.0,0.21499999999999997
1654.0,0.21499999999999997
1655.0,0.21499999999999997
1656.0,0.258
1657.0,0.258
1658.0,0.258
1659.0,0.258
1660.0,0.21499999999999997
1661.0,0.258
1662.0,0.258
1663.0,0.258
1664.0,0.258
1665.0,0.258
1666.0,0.258
1667.0,0.258
1668.0,0.258
1669.0,0.258
1670.0,0.258
1671.0,0.258
1672.0,0.258
1673.0,0.258
1674.0,0.258
1675.0,0.258
1676.0,0.258
1677.0,0.258
1678.0,0.258
1679.0,0.258
1680.0,0.21499999999999997
1681.0,0.258
1682.0,0.258
1683.0,0.258
1684.0,0.258
1685.0,0.301
1686.0,0.258
1687.0,0.258
1688.0,0.258
1689.0,0.258
1690.0,0.258
1691.0,0.258
1692.0,0.258
1693.0,0.258
1694.0,0.258
1695.0,0.258
1696.0,0.258
1697.0,0.21499999999999997
1698.0,0.258
1699.0,0.258
1700.0,0.21499999999999997
1701.0,0.21499999999999997
1702.0,0.258
1703.0,0.258
1704.0,0.258
1705.0,0.301
1706.0,0.258
1707.0,0.258
1708.0,0.258
1709.0,0.258
1710.0,0.258
1711.0,0.258
1712.0,0.258
1713.0,0.258
1714.0,0.258
1715.0,0.258
1716.0,0.258
1717.0,0.258
1718.0,0.258
1719.0,0.258
1720.0,0.258
1721.0,0.258
1722.0,0.258
1723.0,0.258
1724.0,0.258
1725.0,0.258
1726.0,0.258
1727.0,0.258
1728.0,0.258
1729.0,0.258
1730.0,0.21499999999999997
1731.0,0.258
1732.0,0.21499999999999997
1733.0,0.258
1734.0,0.258
1735.0,0.258
1736.0,0.21499999999999997
1737.0,0.258
1738.0,0.21499999999999997
1739.0,0.258
1740.0,0.21499999999999997
1741.0,0.258
1742.0,0.258
1743.0,0.258
1744.0,0.258
1745.0,0.258
1746.0,0.258
1747.0,0.258
1748.0,0.258
1749.0,0.258
1750.0,0.258
1751.0,0.258
1752.0,0.258
1753.0,0.258
1754.0,0.258
1755.0,0.258
1756.0,0.258
1757.0,0.258
1758.0,0.258
1759.0,0.258
1760.0,0.21499999999999997
1761.0,0.258
1762.0,0.258
1763.0,0.258
1764.0,0.21499999999999997
1765.0,0.258
1766.0,0.258
1767.0,0.21499999999999997
1768.0,0.258
1769.0,0.258
1770.0,0.258
1771.0,0.258
1772.0,0.258
1773.0,0.258
1774.0,0.21499999999999997
1775.0,0.258
1776.0,0.301
1777.0,0.258
1778.0,0.258
1779.0,0.258
1780.0,0.258
1781.0,0.258
1782.0,0.258
1783.0,0.258
1784.0,0.258
1785.0,0.258
1786.0,0.258
1787.0,0.258
1788.0,0.258
1789.0,0.258
1790.0,0.258
1791.0,0.258
1792.0,0.258
1793.0,0.258
1794.0,0.258
1795.0,0.258
1796.0,0.258
1797.0,0.258
1798.0,0.258
1799.0,0.258
1800.0,0.258
1801.0,0.258
1802.0,0.21499999999999997
1803.0,0.258
1804.0,0.258
1805.0,0.258
1806.0,0.258
1807.0,0.258
1808.0,0.258
1809.0,0.258
1810.0,0.258
1811.0,0.301
1812.0,0.258
1813.0,0.258
1814.0,0.258
1815.0,0.258
1816.0,0.258
1817.0,0.258
1818.0,0.258
1819.0,0.258
1820.0,0.258
1821.0,0.258
1822.0,0.258
1823.0,0.258
1824.0,0.258
1825.0,0.258
1826.0,0.258
1827.0,0.258
1828.0,0.258
1829.0,0.258
1830.0,0.258
1831.0,0.258
1832.0,0.258
1833.0,0.258
1834.0,0.258
1835.0,0.258
1836.0,0.258
1837.0,0.258
1838.0,0.258
1839.0,0.258
1840.0,0.258
1841.0,0.258
1842.0,0.21499999999999997
1843.0,0.258
1844.0,0.21499999999999997
1845.0,0.258
1846.0,0.258
1847.0,0.21499999999999997
1848.0,0.258
1849.0,0.258
1850.0,0.258
1851.0,0.21499999999999997
1852.0,0.258
1853.0,0.258
1854.0,0.258
1855.0,0.258
1856.0,0.258
1857.0,0.258
1858.0,0.258
1859.0,0.258
1860.0,0.258
1861.0,0.258
1862.0,0.258
1863.0,0.258
1864.0,0.258
1865.0,0.21499999999999997
1866.0,0.21499999999999997
1867.0,0.258
1868.0,0.258
1869.0,0.258
1870.0,0.258
1871.0,0.258
1872.0,0.258
1873.0,0.258
1874.0,0.258
1875.0,0.301
1876.0,0.258
1877.0,0.258
1878.0,0.258
1879.0,0.258
1880.0,0.258
1881.0,0.258
1882.0,0.258
1883.0,0.258
1884.0,0.258
1885.0,0.258
1886.0,0.258
1887.0,0.258
1888.0,0.258
1889.0,0.258
1890.0,0.21499999999999997
1891.0,0.258
1892.0,0.258
1893.0,0.258
1894.0,0.258
1895.0,0.21499999999999997
1896.0,0.258
1897.0,0.258
1898.0,0.258
1899.0,0.258
1900.0,0.258
1901.0,0.258
1902.0,0.21499999999999997
1903.0,0.258
1904.0,0.258
1905.0,0.258
1906.0,0.258
1907.0,0.301
1908.0,0.258
1909.0,0.258
1910.0,0.258
1911.0,0.258
1912.0,0.258
1913.0,0.258
1914.0,0.258
1915.0,0.258
1916.0,0.21499999999999997
1917.0,0.258
1918.0,0.258
1919.0,0.258
1920.0,0.21499999999999997
1921.0,0.258
1922.0,0.258
1923.0,0.301
1924.0,0.258
1925.0,0.258
1926.0,0.258
1927.0,0.258
1928.0,0.258
1929.0,0.258
1930.0,0.258
1931.0,0.258
1932.0,0.258
1933.0,0.258
1934.0,0.258
1935.0,0.258
1936.0,0.258
1937.0,0.258
1938.0,0.258
1939.0,0.258
1940.0,0.258
1941.0,0.258
1942.0,0.21499999999999997
1943.0,0.258
1944.0,0.258
1945.0,0.258
1946.0,0.258
1947.0,0.258
1948.0,0.258
1949.0,0.258
1950.0,0.258
1951.0,0.258
1952.0,0.258
1953.0,0.258
1954.0,0.258
1955.0,0.258
1956.0,0.258
1957.0,0.258
1958.0,0.258
1959.0,0.258
1960.0,0.258
1961.0,0.21499999999999997
1962.0,0.21499999999999997
1963.0,0.258
1964.0,0.258
1965.0,0.258
1966.0,0.258
1967.0,0.258
1968.0,0.258
1969.0,0.258
1970.0,0.258
1971.0,0.258
1972.0,0.258
1973.0,0.258
1974.0,0.258
1975.0,0.21499999999999997
1976.0,0.21499999999999997
1977.0,0.258
1978.0,0.21499999999999997
1979.0,0.258
1980.0,0.258
1981.0,0.258
1982.0,0.258
1983.0,0.258
1984.0,0.258
1985.0,0.258
1986.0,0.21499999999999997
1987.0,0.258
1988.0,0.258
1989.0,0.258
1990.0,0.21499999999999997
1991.0,0.21499999999999997
1992.0,0.21499999999999997
1993.0,0.258
1994.0,0.21499999999999997
1995.0,0.21499999999999997
1996.0,0.258
1997.0,0.258
1998.0,0.258
1999.0,0.258
2000.0,0.258
2001.0,0.258
2002.0,0.21499999999999997
2003.0,0.258
2004.0,0.258
2005.0,0.258
2006.0,0.258
2007.0,0.258
2008.0,0.258
2009.0,0.258
2010.0,0.258
2011.0,0.258
2012.0,0.258
2013.0,0.258
2014.0,0.258
2015.0,0.258
2016.0,0.258
2017.0,0.258
2018.0,0.258
2019.0,0.258
2020.0,0.21499999999999997
2021.0,0.258
2022.0,0.258
2023.0,0.258
2024.0,0.258
2025.0,0.258
2026.0,0.258
2027.0,0.21499999999999997
2028.0,0.21499999999999997
2029.0,0.258
2030.0,0.258
2031.0,0.258
2032.0,0.258
2033.0,0.258
2034.0,0.258
2035.0,0.258
2036.0,0.258
2037.0,0.21499999999999997
2038.0,0.258
2039.0,0.258
2040.0,0.258
2041.0,0.258
2042.0,0.258
2043.0,0.258
2044.0,0.258
2045.0,0.258
2046.0,0.258
2047.0,0.258
2048.0,0.258
2049.0,0.258
2050.0,0.258
2051.0,0.258
2052.0,0.21499999999999997
2053.0,0.258
2054.0,0.258
2055.0,0.258
2056.0,0.258
2057.0,0.258
2058.0,0.258
2059.0,0.258
2060.0,0.258
2061.0,0.258
2062.0,0.258
2063.0,0.258
2064.0,0.258
2065.0,0.258
2066.0,0.258
2067.0,0.258
2068.0,0.21499999999999997
2069.0,0.258
2070.0,0.258
2071.0,0.258
2072.0,0.258
2073.0,0.258
2074.0,0.258
2075.0,0.258
2076.0,0.21499999999999997
2077.0,0.258
2078.0,0.258
2079.0,0.258
2080.0,0.258
2081.0,0.258
2082.0,0.258
2083.0,0.258
2084.0,0.258
2085.0,0.258
2086.0,0.258
2087.0,0.258
2088.0,0.258
2089.0,0.258
2090.0,0.258
2091.0,0.258
2092.0,0.258
2093.0,0.258
2094.0,0.258
2095.0,0.21499999999999997
2096.0,0.258
2097.0,0.258
2098.0,0.258
2099.0,0.301
2100.0,0.258
2101.0,0.258
2102.0,0.258
2103.0,0.258
2104.0,0.258
2105.0,0.258
2106.0,0.258
2107.0,0.258
2108.0,0.258
2109.0,0.258
2110.0,0.258
2111.0,0.258
2112.0,0.21499999999999997
2113.0,0.258
2114.0,0.258
2115.0,0.258
2116.0,0.258
2117.0,0.258
2118.0,0.258
2119.0,0.21499999999999997
2120.0,0.258
2121.0,0.258
2122.0,0.258
2123.0,0.258
2124.0,0.258
2125.0,0.258
2126.0,0.258
2127.0,0.258
2128.0,0.21499999999999997
2129.0,0.258
2130.0,0.258
2131.0,0.258
2132.0,0.258
2133.0,0.258
2134.0,0.258
2135.0,0.258
2136.0,0.21499999999999997
2137.0,0.258
2138.0,0.258
2139.0,0.258
2140.0,0.21499999999999997
2141.0,0.258
2142.0,0.258
2143.0,0.258
2144.0,0.258
2145.0,0.258
2146.0,0.258
2147.0,0.258
2148.0,0.258
2149.0,0.258
2150.0,0.258
2151.0,0.258
2152.0,0.258
2153.0,0.21499999999999997
2154.0,0.258
2155.0,0.258
2156.0,0.258
2157.0,0.258
2158.0,0.258
2159.0,0.258
2160.0,0.258
2161.0,0.258
2162.0,0.21499999999999997
2163.0,0.258
2164.0,0.258
2165.0,0.258
2166.0,0.258
2167.0,0.258
2168.0,0.258
2169.0,0.258
2170.0,0.21499999999999997
2171.0,0.258
2172.0,0.258
2173.0,0.258
2174.0,0.258
2175.0,0.258
2176.0,0.258
2177.0,0.258
2178.0,0.258
2179.0,0.258
2180.0,0.21499999999999997
2181.0,0.258
2182.0,0.258
2183.0,0.258
2184.0,0.21499999999999997
2185.0,0.258
2186.0,0.258
2187.0,0.258
2188.0,0.258
2189.0,0.258
2190.0,0.258
2191.0,0.258
2192.0,0.258
2193.0,0.258
2194.0,0.258
2195.0,0.258
2196.0,0.258
2197.0,0.258
2198.0,0.258
2199.0,0.258
2200.0,0.258
2201.0,0.258
2202.0,0.258
2203.0,0.258
2204.0,0.258
2205.0,0.258
2206.0,0.258
2207.0,0.258
2208.0,0.258
2209.0,0.258
2210.0,0.258
2211.0,0.258
2212.0,0.21499999999999997
2213.0,0.258
2214.0,0.258
2215.0,0.258
2216.0,0.258
2217.0,0.258
2218.0,0.258
2219.0,0.258
2220.0,0.21499999999999997
2221.0,0.258
2222.0,0.258
2223.0,0.258
2224.0,0.258
2225.0,0.258
2226.0,0.258
2227.0,0.258
2228.0,0.258
2229.0,0.258
2230.0,0.258
2231.0,0.258
2232.0,0.258
2233.0,0.258
2234.0,0.258
2235.0,0.258
2236.0,0.258
2237.0,0.258
2238.0,0.258
2239.0,0.258
2240.0,0.258
2241.0,0.258
2242.0,0.258
2243.0,0.258
2244.0,0.21499999999999997
2245.0,0.258
2246.0,0.21499999999999997
2247.0,0.258
2248.0,0.258
2249.0,0.258
2250.0,0.258
2251.0,0.258
2252.0,0.258
2253.0,0.21499999999999997
2254.0,0.258
2255.0,0.258
2256.0,0.258
2257.0,0.258
2258.0,0.258
2259.0,0.258
2260.0,0.21499999999999997
2261.0,0.258
2262.0,0.258
2263.0,0.258
2264.0,0.258
2265.0,0.258
2266.0,0.258
2267.0,0.258
2268.0,0.258
2269.0,0.258
2270.0,0.258
2271.0,0.258
2272.0,0.258
2273.0,0.258
2274.0,0.258
2275.0,0.258
2276.0,0.258
2277.0,0.258
2278.0,0.258
2279.0,0.258
2280.0,0.258
2281.0,0.258
2282.0,0.258
2283.0,0.258
2284.0,0.258
2285.0,0.258
2286.0,0.258
2287.0,0.258
2288.0,0.258
2289.0,0.258
2290.0,0.258
2291.0,0.258
2292.0,0.258
2293.0,0.258
2294.0,0.21499999999999997
2295.0,0.258
2296.0,0.258
2297.0,0.258
2298.0,0.21499999999999997
2299.0,0.258
2300.0,0.258
2301.0,0.258
2302.0,0.258
2303.0,0.258
2304.0,0.258
2305.0,0.258
2306.0,0.258
2307.0,0.258
2308.0,0.258
2309.0,0.258
2310.0,0.258
2311.0,0.258
2312.0,0.258
2313.0,0.258
2314.0,0.21499999999999997
2315.0,0.258
2316.0,0.258
2317.0,0.258
2318.0,0.258
2319.0,0.258
2320.0,0.258
2321.0,0.258
2322.0,0.258
2323.0,0.258
2324.0,0.258
2325.0,0.258
2326.0,0.21499999999999997
2327.0,0.258
2328.0,0.258
2329.0,0.258
2330.0,0.258
2331.0,0.258
2332.0,0.258
2333.0,0.258
2334.0,0.258
2335.0,0.258
2336.0,0.258
2337.0,0.258
2338.0,0.258
2339.0,0.258
2340.0,0.258
2341.0,0.258
2342.0,0.258
2343.0,0.258
2344.0,0.258
2345.0,0.258
2346.0,0.258
2347.0,0.258
2348.0,0.258
2349.0,0.258
2350.0,0.258
2351.0,0.258
2352.0,0.258
2353.0,0.258
2354.0,0.258
2355.0,0.258
2356.0,0.258
2357.0,0.258
2358.0,0.21499999999999997
2359.0,0.258
2360.0,0.258
2361.0,0.21499999999999997
2362.0,0.258
2363.0,0.258
2364.0,0.258
2365.0,0.258
2366.0,0.21499999999999997
2367.0,0.258
2368.0,0.258
2369.0,0.258
2370.0,0.258
2371.0,0.258
2372.0,0.258
2373.0,0.258
2374.0,0.258
2375.0,0.258
2376.0,0.258
2377.0,0.258
2378.0,0.258
2379.0,0.258
2380.0,0.258
2381.0,0.258
2382.0,0.258
2383.0,0.258
2384.0,0.258
2385.0,0.258
2386.0,0.258
2387.0,0.258
2388.0,0.258
2389.0,0.258
2390.0,0.258
2391.0,0.258
2392.0,0.21499999999999997
2393.0,0.258
2394.0,0.258
2395.0,0.258
2396.0,0.21499999999999997
2397.0,0.258
2398.0,0.258
2399.0,0.258
2400.0,0.258
2401.0,0.258
2402.0,0.258
2403.0,0.258
2404.0,0.21499999999999997
2405.0,0.258
2406.0,0.21499999999999997
2407.0,0.258
2408.0,0.258
2409.0,0.258
2410.0,0.258
2411.0,0.258
2412.0,0.258
2413.0,0.258
2414.0,0.258
2415.0,0.258
2416.0,0.258
2417.0,0.258
2418.0,0.258
2419.0,0.258
2420.0,0.258
2421.0,0.258
2422.0,0.258
2423.0,0.258
2424.0,0.258
2425.0,0.258
2426.0,0.258
2427.0,0.258
2428.0,0.258
2429.0,0.258
2430.0,0.258
2431.0,0.258
2432.0,0.21499999999999997
2433.0,0.258
2434.0,0.258
2435.0,0.258
2436.0,0.21499999999999997
2437.0,0.21499999999999997
2438.0,0.21499999999999997
2439.0,0.258
2440.0,0.258
2441.0,0.258
2442.0,0.258
2443.0,0.258
2444.0,0.21499999999999997
2445.0,0.258
2446.0,0.258
2447.0,0.258
2448.0,0.258
2449.0,0.258
2450.0,0.258
2451.0,0.258
2452.0,0.258
2453.0,0.258
2454.0,0.258
2455.0,0.258
2456.0,0.258
2457.0,0.258
2458.0,0.258
2459.0,0.258
2460.0,0.258
2461.0,0.258
2462.0,0.258
2463.0,0.258
2464.0,0.258
2465.0,0.258
2466.0,0.258
2467.0,0.258
2468.0,0.258
2469.0,0.258
2470.0,0.258
2471.0,0.301
2472.0,0.258
2473.0,0.258
2474.0,0.258
2475.0,0.258
2476.0,0.258
2477.0,0.21499999999999997
2478.0,0.21499999999999997
2479.0,0.258
2480.0,0.21499999999999997
2481.0,0.258
2482.0,0.258
2483.0,0.258
2484.0,0.258
2485.0,0.258
2486.0,0.21499999999999997
2487.0,0.21499999999999997
2488.0,0.258
2489.0,0.258
2490.0,0.258
2491.0,0.258
2492.0,0.258
2493.0,0.258
2494.0,0.258
2495.0,0.258
2496.0,0.258
2497.0,0.258
2498.0,0.258
2499.0,0.258
2500.0,0.258
2501.0,0.258
2502.0,0.258
2503.0,0.258
2504.0,0.258
2505.0,0.258
2506.0,0.258
2507.0,0.258
2508.0,0.258
2509.0,0.258
2510.0,0.258
2511.0,0.258
2512.0,0.258
2513.0,0.258
2514.0,0.258
2515.0,0.21499999999999997
2516.0,0.258
2517.0,0.258
2518.0,0.258
2519.0,0.21499999999999997
2520.0,0.21499999999999997
2521.0,0.258
2522.0,0.258
2523.0,0.258
2524.0,0.258
2525.0,0.258
2526.0,0.258
2527.0,0.258
2528.0,0.258
2529.0,0.258
2530.0,0.258
2531.0,0.258
2532.0,0.258
2533.0,0.258
2534.0,0.21499999999999997
2535.0,0.258
2536.0,0.258
2537.0,0.258
2538.0,0.258
2539.0,0.258
2540.0,0.258
2541.0,0.258
2542.0,0.258
2543.0,0.258
2544.0,0.21499999999999997
2545.0,0.21499999999999997
2546.0,0.258
2547.0,0.258
2548.0,0.258
2549.0,0.258
2550.0,0.21499999999999997
2551.0,0.258
2552.0,0.258
2553.0,0.258
2554.0,0.258
2555.0,0.258
2556.0,0.258
2557.0,0.258
2558.0,0.258
2559.0,0.21499999999999997
2560.0,0.258
2561.0,0.258
2562.0,0.258
2563.0,0.258
2564.0,0.258
2565.0,0.258
2566.0,0.258
2567.0,0.258
2568.0,0.258
2569.0,0.258
2570.0,0.21499999999999997
2571.0,0.258
2572.0,0.258
2573.0,0.258
2574.0,0.258
2575.0,0.258
2576.0,0.258
2577.0,0.258
2578.0,0.21499999999999997
2579.0,0.258
2580.0,0.258
2581.0,0.258
2582.0,0.258
2583.0,0.258
2584.0,0.258
2585.0,0.258
2586.0,0.258
2587.0,0.258
2588.0,0.258
2589.0,0.258
2590.0,0.258
2591.0,0.258
2592.0,0.21499999999999997
2593.0,0.258
2594.0,0.258
2595.0,0.258
2596.0,0.258
2597.0,0.258
2598.0,0.258
2599.0,0.258
2600.0,0.258
2601.0,0.258
2602.0,0.258
2603.0,0.258
2604.0,0.258
2605.0,0.258
2606.0,0.258
2607.0,0.258
2608.0,0.258
2609.0,0.258
2610.0,0.21499999999999997
2611.0,0.21499999999999997
2612.0,0.258
2613.0,0.258
2614.0,0.258
2615.0,0.258
2616.0,0.258
2617.0,0.258
2618.0,0.258
2619.0,0.258
2620.0,0.258
2621.0,0.258
2622.0,0.21499999999999997
2623.0,0.258
2624.0,0.258
2625.0,0.258
2626.0,0.258
2627.0,0.258
2628.0,0.258
2629.0,0.258
2630.0,0.258
2631.0,0.258
2632.0,0.258
2633.0,0.258
2634.0,0.258
2635.0,0.258
2636.0,0.21499999999999997
2637.0,0.21499999999999997
2638.0,0.258
2639.0,0.258
2640.0,0.258
2641.0,0.258
2642.0,0.258
2643.0,0.258
2644.0,0.258
2645.0,0.258
2646.0,0.258
2647.0,0.258
2648.0,0.258
2649.0,0.258
2650.0,0.258
2651.0,0.258
2652.0,0.21499999999999997
2653.0,0.258
2654.0,0.21499999999999997
2655.0,0.258
2656.0,0.21499999999999997
2657.0,0.258
2658.0,0.258
2659.0,0.258
2660.0,0.258
2661.0,0.258
2662.0,0.258
2663.0,0.258
2664.0,0.258
2665.0,0.258
2666.0,0.21499999999999997
2667.0,0.258
2668.0,0.21499999999999997
2669.0,0.258
2670.0,0.258
2671.0,0.258
2672.0,0.258
2673.0,0.258
2674.0,0.258
2675.0,0.258
2676.0,0.258
2677.0,0.258
2678.0,0.258
2679.0,0.258
2680.0,0.258
2681.0,0.258
2682.0,0.258
2683.0,0.258
2684.0,0.258
2685.0,0.258
2686.0,0.21499999999999997
2687.0,0.258
2688.0,0.258
2689.0,0.258
2690.0,0.258
2691.0,0.258
2692.0,0.258
2693.0,0.258
2694.0,0.258
2695.0,0.258
2696.0,0.21499999999999997
2697.0,0.258
2698.0,0.258
2699.0,0.258
2700.0,0.258
2701.0,0.258
2702.0,0.21499999999999997
2703.0,0.258
2704.0,0.21499999999999997
2705.0,0.258
2706.0,0.258
2707.0,0.258
2708.0,0.21499999999999997
2709.0,0.258
2710.0,0.258
2711.0,0.258
2712.0,0.258
2713.0,0.258
2714.0,0.258
2715.0,0.258
2716.0,0.258
2717.0,0.258
2718.0,0.258
2719.0,0.258
2720.0,0.258
2721.0,0.258
2722.0,0.258
2723.0,0.258
2724.0,0.258
2725.0,0.258
2726.0,0.258
2727.0,0.258
2728.0,0.21499999999999997
2729.0,0.258
2730.0,0.258
2731.0,0.258
2732.0,0.258
2733.0,0.258
2734.0,0.258
2735.0,0.258
2736.0,0.258
2737.0,0.258
2738.0,0.258
2739.0,0.258
2740.0,0.258
2741.0,0.258
2742.0,0.258
2743.0,0.258
2744.0,0.258
2745.0,0.258
2746.0,0.258
2747.0,0.258
2748.0,0.258
2749.0,0.258
2750.0,0.258
2751.0,0.258
2752.0,0.258
2753.0,0.258
2754.0,0.258
2755.0,0.258
2756.0,0.258
2757.0,0.258
2758.0,0.258
2759.0,0.258
2760.0,0.258
2761.0,0.258
2762.0,0.258
2763.0,0.258
2764.0,0.258
2765.0,0.258
2766.0,0.21499999999999997
2767.0,0.258
2768.0,0.21499999999999997
2769.0,0.258
2770.0,0.258
2771.0,0.258
2772.0,0.258
2773.0,0.258
2774.0,0.258
2775.0,0.301
2776.0,0.258
2777.0,0.21499999999999997
2778.0,0.21499999999999997
2779.0,0.21499999999999997
2780.0,0.258
2781.0,0.301
2782.0,0.258
2783.0,0.258
2784.0,0.258
2785.0,0.258
2786.0,0.258
2787.0,0.21499999999999997
2788.0,0.258
2789.0,0.258
2790.0,0.258
2791.0,0.258
2792.0,0.258
2793.0,0.258
2794.0,0.258
2795.0,0.258
2796.0,0.21499999999999997
2797.0,0.258
2798.0,0.258
2799.0,0.21499999999999997
2800.0,0.258
2801.0,0.21499999999999997
2802.0,0.258
2803.0,0.258
2804.0,0.258
2805.0,0.258
2806.0,0.258
2807.0,0.258
2808.0,0.21499999999999997
2809.0,0.258
2810.0,0.21499999999999997
2811.0,0.21499999999999997
2812.0,0.258
2813.0,0.258
2814.0,0.258
2815.0,0.21499999999999997
2816.0,0.258
2817.0,0.258
2818.0,0.258
2819.0,0.258
2820.0,0.258
2821.0,0.258
2822.0,0.258
2823.0,0.258
2824.0,0.258
2825.0,0.258
2826.0,0.258
2827.0,0.258
2828.0,0.258
2829.0,0.258
2830.0,0.258
2831.0,0.258
2832.0,0.258
2833.0,0.258
2834.0,0.258
2835.0,0.258
2836.0,0.258
2837.0,0.258
2838.0,0.258
2839.0,0.258
2840.0,0.258
2841.0,0.258
2842.0,0.258
2843.0,0.258
2844.0,0.21499999999999997
2845.0,0.258
2846.0,0.21499999999999997
2847.0,0.258
2848.0,0.21499999999999997
2849.0,0.21499999999999997
2850.0,0.258
2851.0,0.258
2852.0,0.258
2853.0,0.258
2854.0,0.258
2855.0,0.258
2856.0,0.258
2857.0,0.258
2858.0,0.258
2859.0,0.258
2860.0,0.258
2861.0,0.258
2862.0,0.258
2863.0,0.258
2864.0,0.258
2865.0,0.258
2866.0,0.258
2867.0,0.258
2868.0,0.258
2869.0,0.258
2870.0,0.258
2871.0,0.258
2872.0,0.258
2873.0,0.258
2874.0,0.258
2875.0,0.258
2876.0,0.21499999999999997
2877.0,0.258
2878.0,0.21499999999999997
2879.0,0.258
2880.0,0.258
2881.0,0.258
2882.0,0.258
2883.0,0.258
2884.0,0.258
2885.0,0.258
2886.0,0.21499999999999997
2887.0,0.258
2888.0,0.258
2889.0,0.258
2890.0,0.258
2891.0,0.258
2892.0,0.258
2893.0,0.21499999999999997
2894.0,0.258
2895.0,0.258
2896.0,0.258
2897.0,0.258
2898.0,0.258
2899.0,0.258
2900.0,0.258
2901.0,0.258
2902.0,0.258
2903.0,0.258
2904.0,0.258
2905.0,0.258
2906.0,0.258
2907.0,0.258
2908.0,0.258
2909.0,0.258
2910.0,0.258
2911.0,0.258
2912.0,0.21499999999999997
2913.0,0.258
2914.0,0.258
2915.0,0.258
2916.0,0.258
2917.0,0.258
2918.0,0.21499999999999997
2919.0,0.21499999999999997
2920.0,0.21499999999999997
2921.0,0.258
2922.0,0.258
2923.0,0.258
2924.0,0.258
2925.0,0.21499999999999997
2926.0,0.258
2927.0,0.21499999999999997
2928.0,0.258
2929.0,0.258
2930.0,0.258
2931.0,0.21499999999999997
2932.0,0.258
2933.0,0.258
2934.0,0.258
2935.0,0.258
2936.0,0.258
2937.0,0.21499999999999997
2938.0,0.258
2939.0,0.258
2940.0,0.258
2941.0,0.258
2942.0,0.258
2943.0,0.258
2944.0,0.258
2945.0,0.258
2946.0,0.258
2947.0,0.258
2948.0,0.258
2949.0,0.258
2950.0,0.258
2951.0,0.258
2952.0,0.258
2953.0,0.21499999999999997
2954.0,0.258
2955.0,0.258
2956.0,0.258
2957.0,0.258
2958.0,0.258
2959.0,0.21499999999999997
2960.0,0.21499999999999997
2961.0,0.258
2962.0,0.21499999999999997
2963.0,0.258
2964.0,0.258
2965.0,0.258
2966.0,0.258
2967.0,0.258
2968.0,0.258
2969.0,0.258
2970.0,0.21499999999999997
2971.0,0.258
2972.0,0.258
2973.0,0.258
2974.0,0.21499999999999997
2975.0,0.258
2976.0,0.258
2977.0,0.258
2978.0,0.258
2979.0,0.258
2980.0,0.258
2981.0,0.258
2982.0,0.258
2983.0,0.258
2984.0,0.21499999999999997
2985.0,0.258
2986.0,0.258
2987.0,0.21499999999999997
2988.0,0.258
2989.0,0.258
2990.0,0.258
2991.0,0.258
2992.0,0.21499999999999997
2993.0,0.258
2994.0,0.258
2995.0,0.258
2996.0,0.258
2997.0,0.258
2998.0,0.258
2999.0,0.258
3000.0,0.258
3001.0,0.258
3002.0,0.21499999999999997
3003.0,0.258
3004.0,0.258
3005.0,0.258
3006.0,0.258
3007.0,0.258
3008.0,0.258
3009.0,0.258
3010.0,0.21499999999999997
3011.0,0.258
3012.0,0.258
3013.0,0.21499999999999997
3014.0,0.258
3015.0,0.258
3016.0,0.258
3017.0,0.21499999999999997
3018.0,0.258
3019.0,0.258
3020.0,0.258
3021.0,0.21499999999999997
3022.0,0.258
3023.0,0.258
3024.0,0.258
3025.0,0.258
3026.0,0.258
3027.0,0.258
3028.0,0.258
3029.0,0.258
3030.0,0.258
3031.0,0.258
3032.0,0.21499999999999997
3033.0,0.258
3034.0,0.258
3035.0,0.258
3036.0,0.21499999999999997
3037.0,0.258
3038.0,0.258
3039.0,0.258
3040.0,0.258
3041.0,0.258
3042.0,0.258
3043.0,0.258
3044.0,0.258
3045.0,0.258
3046.0,0.258
3047.0,0.258
3048.0,0.258
3049.0,0.258
3050.0,0.258
3051.0,0.258
3052.0,0.21499999999999997
3053.0,0.258
3054.0,0.258
3055.0,0.258
3056.0,0.258
3057.0,0.258
3058.0,0.258
3059.0,0.258
3060.0,0.258
3061.0,0.258
3062.0,0.258
3063.0,0.258
3064.0,0.21499999999999997
3065.0,0.258
3066.0,0.21499999999999997
3067.0,0.258
3068.0,0.258
3069.0,0.258
3070.0,0.21499999999999997
3071.0,0.258
3072.0,0.258
3073.0,0.258
3074.0,0.258
3075.0,0.258
3076.0,0.258
3077.0,0.258
3078.0,0.258
3079.0,0.258
3080.0,0.258
3081.0,0.258
3082.0,0.258
3083.0,0.21499999999999997
3084.0,0.258
3085.0,0.258
3086.0,0.258
3087.0,0.258
3088.0,0.258
3089.0,0.258
3090.0,0.258
3091.0,0.258
3092.0,0.21499999999999997
3093.0,0.258
3094.0,0.258
3095.0,0.21499999999999997
3096.0,0.21499999999999997
3097.0,0.258
3098.0,0.258
3099.0,0.258
3100.0,0.258
3101.0,0.258
3102.0,0.258
3103.0,0.258
3104.0,0.21499999999999997
3105.0,0.258
3106.0,0.21499999999999997
3107.0,0.21499999999999997
3108.0,0.258
3109.0,0.258
3110.0,0.258
3111.0,0.258
3112.0,0.258
3113.0,0.21499999999999997
3114.0,0.258
3115.0,0.258
3116.0,0.258
3117.0,0.258
3118.0,0.21499999999999997
3119.0,0.258
3120.0,0.258
3121.0,0.258
3122.0,0.258
3123.0,0.258
3124.0,0.258
3125.0,0.258
3126.0,0.258
3127.0,0.21499999999999997
3128.0,0.258
3129.0,0.258
3130.0,0.258
3131.0,0.258
3132.0,0.258
3133.0,0.21499999999999997
3134.0,0.258
3135.0,0.258
3136.0,0.258
3137.0,0.258
3138.0,0.21499999999999997
3139.0,0.258
3140.0,0.258
3141.0,0.258
3142.0,0.258
3143.0,0.258
3144.0,0.258
3145.0,0.258
3146.0,0.21499999999999997
3147.0,0.258
3148.0,0.258
3149.0,0.258
3150.0,0.21499999999999997
3151.0,0.258
3152.0,0.21499999999999997
3153.0,0.21499999999999997
3154.0,0.258
3155.0,0.258
3156.0,0.258
3157.0,0.258
3158.0,0.258
3159.0,0.258
3160.0,0.258
3161.0,0.258
3162.0,0.258
3163.0,0.258
3164.0,0.258
3165.0,0.258
3166.0,0.258
3167.0,0.258
3168.0,0.258
3169.0,0.258
3170.0,0.258
3171.0,0.21499999999999997
3172.0,0.258
3173.0,0.258
3174.0,0.258
3175.0,0.258
3176.0,0.258
3177.0,0.258
3178.0,0.258
3179.0,0.21499999999999997
3180.0,0.258
3181.0,0.258
3182.0,0.258
3183.0,0.258
3184.0,0.258
3185.0,0.258
3186.0,0.258
3187.0,0.21499999999999997
3188.0,0.258
3189.0,0.258
3190.0,0.258
3191.0,0.258
3192.0,0.21499999999999997
3193.0,0.258
3194.0,0.21499999999999997
3195.0,0.21499999999999997
3196.0,0.258
3197.0,0.258
3198.0,0.258
3199.0,0.258
3200.0,0.258
3201.0,0.258
3202.0,0.21499999999999997
3203.0,0.21499999999999997
3204.0,0.258
3205.0,0.258
3206.0,0.258
3207.0,0.258
3208.0,0.258
3209.0,0.258
3210.0,0.258
3211.0,0.258
3212.0,0.21499999999999997
3213.0,0.258
3214.0,0.258
3215.0,0.258
3216.0,0.21499999999999997
3217.0,0.258
3218.0,0.258
3219.0,0.258
3220.0,0.258
3221.0,0.258
3222.0,0.21499999999999997
3223.0,0.21499999999999997
3224.0,0.21499999999999997
3225.0,0.21499999999999997
3226.0,0.258
3227.0,0.21499999999999997
3228.0,0.258
3229.0,0.21499999999999997
3230.0,0.258
3231.0,0.258
3232.0,0.258
3233.0,0.258
3234.0,0.258
3235.0,0.258
3236.0,0.258
3237.0,0.258
3238.0,0.258
3239.0,0.258
3240.0,0.258
3241.0,0.258
3242.0,0.258
3243.0,0.258
3244.0,0.258
3245.0,0.258
3246.0,0.258
3247.0,0.258
3248.0,0.258
3249.0,0.258
3250.0,0.258
3251.0,0.258
3252.0,0.21499999999999997
3253.0,0.258
3254.0,0.258
3255.0,0.258
3256.0,0.258
3257.0,0.258
3258.0,0.258
3259.0,0.258
3260.0,0.21499999999999997
3261.0,0.21499999999999997
3262.0,0.21499999999999997
3263.0,0.21499999999999997
3264.0,0.258
3265.0,0.258
3266.0,0.258
3267.0,0.258
3268.0,0.258
3269.0,0.21499999999999997
3270.0,0.21499999999999997
3271.0,0.21499999999999997
3272.0,0.258
3273.0,0.258
3274.0,0.258
3275.0,0.258
3276.0,0.21499999999999997
3277.0,0.21499999999999997
3278.0,0.258
3279.0,0.21499999999999997
3280.0,0.258
3281.0,0.258
3282.0,0.258
3283.0,0.258
3284.0,0.258
3285.0,0.21499999999999997
3286.0,0.258
3287.0,0.21499999999999997
3288.0,0.258
3289.0,0.258
3290.0,0.21499999999999997
3291.0,0.258
3292.0,0.258
3293.0,0.258
3294.0,0.21499999999999997
3295.0,0.258
3296.0,0.258
3297.0,0.21499999999999997
3298.0,0.258
3299.0,0.258
3300.0,0.258
3301.0,0.258
3302.0,0.258
3303.0,0.258
3304.0,0.21499999999999997
3305.0,0.258
3306.0,0.258
3307.0,0.258
3308.0,0.258
3309.0,0.258
3310.0,0.258
3311.0,0.258
3312.0,0.21499999999999997
3313.0,0.258
3314.0,0.258
3315.0,0.258
3316.0,0.258
3317.0,0.258
3318.0,0.258
3319.0,0.258
3320.0,0.258
3321.0,0.258
3322.0,0.258
3323.0,0.258
3324.0,0.258
3325.0,0.258
3326.0,0.21499999999999997
3327.0,0.258
3328.0,0.21499999999999997
3329.0,0.258
3330.0,0.258
3331.0,0.258
3332.0,0.258
3333.0,0.258
3334.0,0.258
3335.0,0.258
3336.0,0.21499999999999997
3337.0,0.21499999999999997
3338.0,0.258
3339.0,0.258
3340.0,0.258
3341.0,0.258
3342.0,0.258
3343.0,0.258
3344.0,0.258
3345.0,0.258
3346.0,0.258
3347.0,0.258
3348.0,0.258
3349.0,0.258
3350.0,0.258
3351.0,0.258
3352.0,0.21499999999999997
3353.0,0.258
3354.0,0.21499999999999997
3355.0,0.258
3356.0,0.258
3357.0,0.258
3358.0,0.258
3359.0,0.258
3360.0,0.21499999999999997
3361.0,0.258
3362.0,0.258
3363.0,0.258
3364.0,0.258
3365.0,0.258
3366.0,0.258
3367.0,0.258
3368.0,0.258
3369.0,0.258
3370.0,0.258
3371.0,0.21499999999999997
3372.0,0.21499999999999997
3373.0,0.258
3374.0,0.258
3375.0,0.21499999999999997
3376.0,0.258
3377.0,0.258
3378.0,0.258
3379.0,0.258
3380.0,0.258
3381.0,0.258
3382.0,0.21499999999999997
3383.0,0.258
3384.0,0.258
3385.0,0.258
3386.0,0.258
3387.0,0.258
3388.0,0.258
3389.0,0.258
3390.0,0.258
3391.0,0.258
3392.0,0.258
3393.0,0.258
3394.0,0.258
3395.0,0.21499999999999997
3396.0,0.258
3397.0,0.21499999999999997
3398.0,0.258
3399.0,0.258
3400.0,0.258
3401.0,0.258
3402.0,0.258
3403.0,0.258
3404.0,0.258
3405.0,0.258
3406.0,0.258
3407.0,0.258
3408.0,0.258
3409.0,0.258
3410.0,0.258
3411.0,0.21499999999999997
3412.0,0.258
3413.0,0.21499999999999997
3414.0,0.258
3415.0,0.258
3416.0,0.258
3417.0,0.258
3418.0,0.258
3419.0,0.258
3420.0,0.258
3421.0,0.258
3422.0,0.21499999999999997
3423.0,0.258
3424.0,0.258
3425.0,0.258
3426.0,0.258
3427.0,0.258
3428.0,0.258
3429.0,0.21499999999999997
3430.0,0.258
3431.0,0.258
3432.0,0.258
3433.0,0.258
3434.0,0.258
3435.0,0.258
3436.0,0.21499999999999997
3437.0,0.258
3438.0,0.258
3439.0,0.258
3440.0,0.258
3441.0,0.258
3442.0,0.258
3443.0,0.21499999999999997
3444.0,0.21499999999999997
3445.0,0.258
3446.0,0.258
3447.0,0.258
3448.0,0.258
3449.0,0.258
3450.0,0.258
3451.0,0.258
3452.0,0.258
3453.0,0.258
3454.0,0.258
3455.0,0.21499999999999997
3456.0,0.258
3457.0,0.258
3458.0,0.258
3459.0,0.258
3460.0,0.258
3461.0,0.258
3462.0,0.258
3463.0,0.258
3464.0,0.21499999999999997
3465.0,0.258
3466.0,0.258
3467.0,0.258
3468.0,0.258
3469.0,0.258
3470.0,0.258
3471.0,0.258
3472.0,0.21499999999999997
3473.0,0.258
3474.0,0.258
3475.0,0.258
3476.0,0.21499999999999997
3477.0,0.258
3478.0,0.21499999999999997
3479.0,0.258
3480.0,0.258
3481.0,0.258
3482.0,0.258
3483.0,0.258
3484.0,0.258
3485.0,0.21499999999999997
3486.0,0.258
3487.0,0.258
3488.0,0.258
3489.0,0.258
3490.0,0.258
3491.0,0.258
3492.0,0.21499999999999997
3493.0,0.258
3494.0,0.258
3495.0,0.258
3496.0,0.258
3497.0,0.258
3498.0,0.258
3499.0,0.258
3500.0,0.258
3501.0,0.21499999999999997
3502.0,0.258
3503.0,0.21499999999999997
3504.0,0.258
3505.0,0.258
3506.0,0.258
3507.0,0.258
3508.0,0.258
3509.0,0.258
3510.0,0.258
3511.0,0.258
3512.0,0.258
3513.0,0.258
3514.0,0.258
3515.0,0.258
3516.0,0.258
3517.0,0.258
3518.0,0.258
3519.0,0.258
3520.0,0.258
3521.0,0.21499999999999997
3522.0,0.258
3523.0,0.258
3524.0,0.258
3525.0,0.258
3526.0,0.258
3527.0,0.21499999999999997
3528.0,0.258
3529.0,0.258
3530.0,0.258
3531.0,0.258
3532.0,0.258
3533.0,0.258
3534.0,0.258
3535.0,0.258
3536.0,0.258
3537.0,0.258
3538.0,0.258
3539.0,0.258
3540.0,0.258
3541.0,0.258
3542.0,0.258
3543.0,0.258
3544.0,0.258
3545.0,0.258
3546.0,0.21499999999999997
3547.0,0.21499999999999997
3548.0,0.21499999999999997
3549.0,0.258
3550.0,0.258
3551.0,0.258
3552.0,0.258
3553.0,0.21499999999999997
3554.0,0.21499999999999997
3555.0,0.258
3556.0,0.258
3557.0,0.258
3558.0,0.21499999999999997
3559.0,0.258
3560.0,0.258
3561.0,0.258
3562.0,0.258
3563.0,0.258
3564.0,0.258
3565.0,0.21499999999999997
3566.0,0.258
3567.0,0.258
3568.0,0.21499999999999997
3569.0,0.21499999999999997
3570.0,0.258
3571.0,0.258
3572.0,0.258
3573.0,0.21499999999999997
3574.0,0.258
3575.0,0.258
3576.0,0.21499999999999997
3577.0,0.258
3578.0,0.258
3579.0,0.258
3580.0,0.258
3581.0,0.258
3582.0,0.258
3583.0,0.258
3584.0,0.258
3585.0,0.21499999999999997
3586.0,0.21499999999999997
3587.0,0.21499999999999997
3588.0,0.258
3589.0,0.258
3590.0,0.258
3591.0,0.258
3592.0,0.258
3593.0,0.21499999999999997
3594.0,0.258
3595.0,0.258
3596.0,0.258
3597.0,0.258
3598.0,0.258
3599.0,0.258
3600.0,0.258
3601.0,0.21499999999999997
3602.0,0.258
3603.0,0.21499999999999997
3604.0,0.258
3605.0,0.258
3606.0,0.258
3607.0,0.258
3608.0,0.258
3609.0,0.258
3610.0,0.258
3611.0,0.21499999999999997
3612.0,0.21499999999999997
3613.0,0.258
3614.0,0.21499999999999997
3615.0,0.258
3616.0,0.258
3617.0,0.258
3618.0,0.258
3619.0,0.258
3620.0,0.258
3621.0,0.21499999999999997
3622.0,0.258
3623.0,0.258
3624.0,0.258
3625.0,0.258
3626.0,0.258
3627.0,0.258
3628.0,0.21499999999999997
3629.0,0.21499999999999997
3630.0,0.258
3631.0,0.258
3632.0,0.258
3633.0,0.258
3634.0,0.21499999999999997
3635.0,0.258
3636.0,0.258
3637.0,0.258
3638.0,0.258
3639.0,0.258
3640.0,0.258
3641.0,0.258
3642.0,0.258
3643.0,0.258
3644.0,0.258
3645.0,0.258
3646.0,0.258
3647.0,0.258
3648.0,0.258
3649.0,0.258
3650.0,0.258
3651.0,0.21499999999999997
3652.0,0.21499999999999997
3653.0,0.21499999999999997
3654.0,0.258
3655.0,0.258
3656.0,0.258
3657.0,0.258
3658.0,0.258
3659.0,0.258
3660.0,0.258
3661.0,0.258
3662.0,0.258
3663.0,0.258
3664.0,0.21499999999999997
3665.0,0.258
3666.0,0.21499999999999997
3667.0,0.258
3668.0,0.21499999999999997
3669.0,0.21499999999999997
3670.0,0.258
3671.0,0.258
3672.0,0.258
3673.0,0.258
3674.0,0.258
3675.0,0.258
3676.0,0.258
3677.0,0.258
3678.0,0.258
3679.0,0.258
3680.0,0.258
3681.0,0.258
3682.0,0.258
3683.0,0.21499999999999997
3684.0,0.258
3685.0,0.258
3686.0,0.21499999999999997
3687.0,0.21499999999999997
3688.0,0.258
3689.0,0.301
3690.0,0.258
3691.0,0.258
3692.0,0.258
3693.0,0.21499999999999997
3694.0,0.21499999999999997
3695.0,0.258
3696.0,0.21499999999999997
3697.0,0.258
3698.0,0.21499999999999997
3699.0,0.258
3700.0,0.21499999999999997
3701.0,0.21499999999999997
3702.0,0.21499999999999997
3703.0,0.21499999999999997
3704.0,0.258
3705.0,0.258
3706.0,0.258
3707.0,0.258
3708.0,0.258
3709.0,0.258
3710.0,0.258
3711.0,0.258
3712.0,0.258
3713.0,0.21499999999999997
3714.0,0.258
3715.0,0.258
3716.0,0.258
3717.0,0.21499999999999997
3718.0,0.258
3719.0,0.21499999999999997
3720.0,0.258
3721.0,0.258
3722.0,0.258
3723.0,0.258
3724.0,0.258
3725.0,0.258
3726.0,0.258
3727.0,0.258
3728.0,0.258
3729.0,0.258
3730.0,0.21499999999999997
3731.0,0.258
3732.0,0.258
3733.0,0.258
3734.0,0.258
3735.0,0.258
3736.0,0.21499999999999997
3737.0,0.258
3738.0,0.21499999999999997
3739.0,0.258
3740.0,0.21499999999999997
3741.0,0.258
3742.0,0.258
3743.0,0.258
3744.0,0.258
3745.0,0.21499999999999997
3746.0,0.258
3747.0,0.21499999999999997
3748.0,0.21499999999999997
3749.0,0.258
3750.0,0.258
3751.0,0.21499999999999997
3752.0,0.258
3753.0,0.21499999999999997
3754.0,0.258
3755.0,0.258
3756.0,0.258
3757.0,0.258
3758.0,0.258
3759.0,0.21499999999999997
3760.0,0.258
3761.0,0.258
3762.0,0.21499999999999997
3763.0,0.258
3764.0,0.258
3765.0,0.258
3766.0,0.258
3767.0,0.258
3768.0,0.258
3769.0,0.258
3770.0,0.258
3771.0,0.21499999999999997
3772.0,0.258
3773.0,0.258
3774.0,0.258
3775.0,0.258
3776.0,0.258
3777.0,0.258
3778.0,0.258
3779.0,0.258
3780.0,0.258
3781.0,0.258
3782.0,0.258
3783.0,0.258
3784.0,0.258
3785.0,0.21499999999999997
3786.0,0.258
3787.0,0.21499999999999997
3788.0,0.258
3789.0,0.258
3790.0,0.258
3791.0,0.258
3792.0,0.258
3793.0,0.258
3794.0,0.258
3795.0,0.258
3796.0,0.258
3797.0,0.21499999999999997
3798.0,0.258
3799.0,0.258
3800.0,0.258
3801.0,0.258
3802.0,0.258
3803.0,0.258
3804.0,0.21499999999999997
3805.0,0.21499999999999997
3806.0,0.258
3807.0,0.258
3808.0,0.258
3809.0,0.258
3810.0,0.258
3811.0,0.258
3812.0,0.258
3813.0,0.21499999999999997
3814.0,0.21499999999999997
3815.0,0.258
3816.0,0.258
3817.0,0.258
3818.0,0.258
3819.0,0.21499999999999997
3820.0,0.21499999999999997
3821.0,0.258
3822.0,0.258
3823.0,0.258
3824.0,0.258
3825.0,0.258
3826.0,0.258
3827.0,0.258
3828.0,0.21499999999999997
3829.0,0.258
3830.0,0.258
3831.0,0.21499999999999997
3832.0,0.258
3833.0,0.258
3834.0,0.21499999999999997
3835.0,0.258
3836.0,0.21499999999999997
3837.0,0.258
3838.0,0.258
3839.0,0.258
3840.0,0.258
3841.0,0.21499999999999997
3842.0,0.258
3843.0,0.258
3844.0,0.258
3845.0,0.258
3846.0,0.258
3847.0,0.258
3848.0,0.258
3849.0,0.258
3850.0,0.258
3851.0,0.258
3852.0,0.258
3853.0,0.21499999999999997
3854.0,0.21499999999999997
3855.0,0.258
3856.0,0.258
3857.0,0.258
3858.0,0.258
3859.0,0.258
3860.0,0.21499999999999997
3861.0,0.21499999999999997
3862.0,0.258
3863.0,0.258
3864.0,0.258
3865.0,0.258
3866.0,0.258
3867.0,0.258
3868.0,0.258
3869.0,0.258
3870.0,0.258
3871.0,0.258
3872.0,0.258
3873.0,0.258
3874.0,0.258
3875.0,0.21499999999999997
3876.0,0.258
3877.0,0.21499999999999997
3878.0,0.21499999999999997
3879.0,0.21499999999999997
3880.0,0.258
3881.0,0.258
3882.0,0.258
3883.0,0.21499999999999997
3884.0,0.258
3885.0,0.258
3886.0,0.258
3887.0,0.258
3888.0,0.258
3889.0,0.21499999999999997
3890.0,0.258
3891.0,0.258
3892.0,0.258
3893.0,0.258
3894.0,0.258
3895.0,0.258
3896.0,0.258
3897.0,0.258
3898.0,0.258
3899.0,0.258
3900.0,0.258
3901.0,0.258
3902.0,0.258
3903.0,0.21499999999999997
3904.0,0.258
3905.0,0.258
3906.0,0.258
3907.0,0.258
3908.0,0.258
3909.0,0.258
3910.0,0.258
3911.0,0.258
3912.0,0.258
3913.0,0.258
3914.0,0.258
3915.0,0.258
3916.0,0.258
3917.0,0.258
3918.0,0.258
3919.0,0.258
3920.0,0.258
3921.0,0.21499999999999997
3922.0,0.258
3923.0,0.258
3924.0,0.21499999999999997
3925.0,0.21499999999999997
3926.0,0.258
3927.0,0.258
3928.0,0.21499999999999997
3929.0,0.21499999999999997
3930.0,0.258
3931.0,0.258
3932.0,0.258
3933.0,0.258
3934.0,0.258
3935.0,0.258
3936.0,0.258
3937.0,0.258
3938.0,0.258
3939.0,0.258
3940.0,0.258
3941.0,0.258
3942.0,0.258
3943.0,0.258
3944.0,0.258
3945.0,0.258
3946.0,0.258
3947.0,0.258
3948.0,0.21499999999999997
3949.0,0.21499999999999997
3950.0,0.258
3951.0,0.21499999999999997
3952.0,0.21499999999999997
3953.0,0.258
3954.0,0.258
3955.0,0.258
3956.0,0.258
3957.0,0.258
3958.0,0.258
3959.0,0.21499999999999997
3960.0,0.21499999999999997
3961.0,0.258
3962.0,0.258
3963.0,0.258
3964.0,0.258
3965.0,0.21499999999999997
3966.0,0.258
3967.0,0.258
3968.0,0.258
3969.0,0.258
3970.0,0.21499999999999997
3971.0,0.258
3972.0,0.258
3973.0,0.258
3974.0,0.258
3975.0,0.258
3976.0,0.258
3977.0,0.258
3978.0,0.258
3979.0,0.21499999999999997
3980.0,0.258
3981.0,0.258
3982.0,0.258
3983.0,0.258
3984.0,0.258
3985.0,0.21499999999999997
3986.0,0.258
3987.0,0.258
3988.0,0.21499999999999997
3989.0,0.258
3990.0,0.258
3991.0,0.258
3992.0,0.21499999999999997
3993.0,0.258
3994.0,0.21499999999999997
3995.0,0.258
3996.0,0.258
3997.0,0.258
3998.0,0.258
3999.0,0.258
4000.0,0.21499999999999997
4001.0,0.21499999999999997
4002.0,0.21499999999999997
4003.0,0.21499999999999997
4004.0,0.258
4005.0,0.258
4006.0,0.21499999999999997
4007.0,0.258
4008.0,0.258
4009.0,0.258
4010.0,0.258
4011.0,0.258
4012.0,0.258
4013.0,0.258
4014.0,0.258
4015.0,0.258
4016.0,0.258
4017.0,0.258
4018.0,0.258
4019.0,0.258
4020.0,0.21499999999999997
4021.0,0.21499999999999997
4022.0,0.258
4023.0,0.21499999999999997
4024.0,0.258
4025.0,0.258
4026.0,0.258
4027.0,0.258
4028.0,0.258
4029.0,0.258
4030.0,0.21499999999999997
4031.0,0.258
4032.0,0.258
4033.0,0.258
4034.0,0.258
4035.0,0.21499999999999997
4036.0,0.21499999999999997
4037.0,0.21499999999999997
4038.0,0.258
4039.0,0.258
4040.0,0.258
4041.0,0.258
4042.0,0.258
4043.0,0.258
4044.0,0.258
4045.0,0.258
4046.0,0.258
4047.0,0.21499999999999997
4048.0,0.258
4049.0,0.258
4050.0,0.258
4051.0,0.258
4052.0,0.21499999999999997
4053.0,0.21499999999999997
4054.0,0.258
4055.0,0.21499999999999997
4056.0,0.258
4057.0,0.21499999999999997
4058.0,0.258
4059.0,0.21499999999999997
4060.0,0.21499999999999997
4061.0,0.21499999999999997
4062.0,0.21499999999999997
4063.0,0.258
4064.0,0.258
4065.0,0.21499999999999997
4066.0,0.258
4067.0,0.21499999999999997
4068.0,0.258
4069.0,0.21499999999999997
4070.0,0.21499999999999997
4071.0,0.21499999999999997
4072.0,0.258
4073.0,0.21499999999999997
4074.0,0.258
4075.0,0.258
4076.0,0.258
4077.0,0.21499999999999997
4078.0,0.21499999999999997
4079.0,0.21499999999999997
4080.0,0.21499999999999997
4081.0,0.258
4082.0,0.258
4083.0,0.258
4084.0,0.21499999999999997
4085.0,0.258
4086.0,0.258
4087.0,0.21499999999999997
4088.0,0.258
4089.0,0.21499999999999997
4090.0,0.258
4091.0,0.258
4092.0,0.21499999999999997
4093.0,0.258
4094.0,0.21499999999999997
4095.0,0.21499999999999997
4096.0,0.258
4097.0,0.21499999999999997
4098.0,0.21499999999999997
4099.0,0.258
4100.0,0.258
4101.0,0.21499999999999997
4102.0,0.21499999999999997
4103.0,0.258
4104.0,0.21499999999999997
4105.0,0.21499999999999997
4106.0,0.258
4107.0,0.21499999999999997
4108.0,0.258
4109.0,0.258
4110.0,0.258
4111.0,0.258
4112.0,0.258
4113.0,0.258
4114.0,0.258
4115.0,0.258
4116.0,0.258
4117.0,0.21499999999999997
4118.0,0.258
4119.0,0.21499999999999997
4120.0,0.258
4121.0,0.258
4122.0,0.258
4123.0,0.258
4124.0,0.258
4125.0,0.258
4126.0,0.258
4127.0,0.21499999999999997
4128.0,0.258
4129.0,0.258
4130.0,0.258
4131.0,0.258
4132.0,0.258
4133.0,0.258
4134.0,0.258
4135.0,0.21499999999999997
4136.0,0.21499999999999997
4137.0,0.21499999999999997
4138.0,0.21499999999999997
4139.0,0.258
4140.0,0.21499999999999997
4141.0,0.258
4142.0,0.258
4143.0,0.21499999999999997
4144.0,0.258
4145.0,0.21499999999999997
4146.0,0.21499999999999997
4147.0,0.258
4148.0,0.258
4149.0,0.21499999999999997
4150.0,0.258
4151.0,0.258
4152.0,0.258
4153.0,0.258
4154.0,0.258
4155.0,0.258
4156.0,0.258
4157.0,0.258
4158.0,0.258
4159.0,0.258
4160.0,0.21499999999999997
4161.0,0.258
4162.0,0.258
4163.0,0.258
4164.0,0.258
4165.0,0.258
4166.0,0.258
4167.0,0.21499999999999997
4168.0,0.258
4169.0,0.258
4170.0,0.258
4171.0,0.21499999999999997
4172.0,0.21499999999999997
4173.0,0.258
4174.0,0.258
4175.0,0.258
4176.0,0.258
4177.0,0.258
4178.0,0.258
4179.0,0.21499999999999997
4180.0,0.21499999999999997
4181.0,0.21499999999999997
4182.0,0.258
4183.0,0.21499999999999997
4184.0,0.258
4185.0,0.21499999999999997
4186.0,0.258
4187.0,0.21499999999999997
4188.0,0.258
4189.0,0.258
4190.0,0.258
4191.0,0.21499999999999997
4192.0,0.258
4193.0,0.258
4194.0,0.258
4195.0,0.258
4196.0,0.258
4197.0,0.258
4198.0,0.258
4199.0,0.258
4200.0,0.258
4201.0,0.258
4202.0,0.258
4203.0,0.258
4204.0,0.258
4205.0,0.258
4206.0,0.258
4207.0,0.21499999999999997
4208.0,0.258
4209.0,0.21499999999999997
4210.0,0.258
4211.0,0.21499999999999997
4212.0,0.21499999999999997
4213.0,0.21499999999999997
4214.0,0.21499999999999997
4215.0,0.258
4216.0,0.258
4217.0,0.258
4218.0,0.258
4219.0,0.21499999999999997
4220.0,0.258
4221.0,0.21499999999999997
4222.0,0.258
4223.0,0.21499999999999997
4224.0,0.258
4225.0,0.258
4226.0,0.258
4227.0,0.21499999999999997
4228.0,0.258
4229.0,0.258
4230.0,0.258
4231.0,0.258
4232.0,0.258
4233.0,0.258
4234.0,0.258
4235.0,0.258
4236.0,0.258
4237.0,0.258
4238.0,0.258
4239.0,0.258
4240.0,0.258
4241.0,0.21499999999999997
4242.0,0.258
4243.0,0.258
4244.0,0.21499999999999997
4245.0,0.258
4246.0,0.258
4247.0,0.21499999999999997
4248.0,0.258
4249.0,0.258
4250.0,0.258
4251.0,0.258
4252.0,0.258
4253.0,0.21499999999999997
4254.0,0.258
4255.0,0.258
4256.0,0.258
4257.0,0.258
4258.0,0.258
4259.0,0.258
4260.0,0.258
4261.0,0.21499999999999997
4262.0,0.258
4263.0,0.258
4264.0,0.258
4265.0,0.21499999999999997
4266.0,0.258
4267.0,0.21499999999999997
4268.0,0.258
4269.0,0.258
4270.0,0.258
4271.0,0.258
4272.0,0.258
4273.0,0.258
4274.0,0.258
4275.0,0.258
4276.0,0.258
4277.0,0.258
4278.0,0.258
4279.0,0.258
4280.0,0.258
4281.0,0.258
4282.0,0.258
4283.0,0.258
4284.0,0.258
4285.0,0.21499999999999997
4286.0,0.258
4287.0,0.21499999999999997
4288.0,0.258
4289.0,0.258
4290.0,0.258
4291.0,0.258
4292.0,0.258
4293.0,0.21499999999999997
4294.0,0.21499999999999997
4295.0,0.21499999999999997
4296.0,0.258
4297.0,0.21499999999999997
4298.0,0.258
4299.0,0.258
4300.0,0.258
4301.0,0.258
4302.0,0.258
4303.0,0.258
4304.0,0.258
4305.0,0.258
4306.0,0.258
4307.0,0.258
4308.0,0.21499999999999997
4309.0,0.258
4310.0,0.21499999999999997
4311.0,0.258
4312.0,0.258
4313.0,0.258
4314.0,0.258
4315.0,0.258
4316.0,0.258
4317.0,0.21499999999999997
4318.0,0.258
4319.0,0.258
4320.0,0.21499999999999997
4321.0,0.258
4322.0,0.258
4323.0,0.258
4324.0,0.258
4325.0,0.258
4326.0,0.258
4327.0,0.258
4328.0,0.258
4329.0,0.258
4330.0,0.258
4331.0,0.258
4332.0,0.258
4333.0,0.258
4334.0,0.258
4335.0,0.258
4336.0,0.258
4337.0,0.258
4338.0,0.258
4339.0,0.258
4340.0,0.258
4341.0,0.258
4342.0,0.258
4343.0,0.258
4344.0,0.258
4345.0,0.258
4346.0,0.258
4347.0,0.258
4348.0,0.258
4349.0,0.21499999999999997
4350.0,0.258
4351.0,0.258
4352.0,0.258
4353.0,0.21499999999999997
4354.0,0.258
4355.0,0.258
4356.0,0.258
4357.0,0.21499999999999997
4358.0,0.258
4359.0,0.258
4360.0,0.258
4361.0,0.258
4362.0,0.258
4363.0,0.258
4364.0,0.21499999999999997
4365.0,0.21499999999999997
4366.0,0.258
4367.0,0.258
4368.0,0.21499999999999997
4369.0,0.21499999999999997
4370.0,0.258
4371.0,0.258
4372.0,0.258
4373.0,0.258
4374.0,0.258
4375.0,0.258
4376.0,0.258
4377.0,0.258
4378.0,0.258
4379.0,0.258
4380.0,0.258
4381.0,0.258
4382.0,0.258
4383.0,0.258
4384.0,0.258
4385.0,0.21499999999999997
4386.0,0.258
4387.0,0.258
4388.0,0.258
4389.0,0.258
4390.0,0.21499999999999997
4391.0,0.258
4392.0,0.258
4393.0,0.258
4394.0,0.258
4395.0,0.21499999999999997
4396.0,0.258
4397.0,0.258
4398.0,0.258
4399.0,0.258
4400.0,0.258
4401.0,0.258
4402.0,0.258
4403.0,0.258
4404.0,0.21499999999999997
4405.0,0.258
4406.0,0.258
4407.0,0.258
4408.0,0.258
4409.0,0.258
4410.0,0.21499999999999997
4411.0,0.21499999999999997
4412.0,0.258
4413.0,0.258
4414.0,0.258
4415.0,0.258
4416.0,0.258
4417.0,0.258
4418.0,0.258
4419.0,0.258
4420.0,0.258
4421.0,0.258
4422.0,0.258
4423.0,0.258
4424.0,0.258
4425.0,0.258
4426.0,0.258
4427.0,0.21499999999999997
4428.0,0.258
4429.0,0.258
4430.0,0.258
4431.0,0.258
4432.0,0.258
4433.0,0.258
4434.0,0.258
4435.0,0.21499999999999997
4436.0,0.258
4437.0,0.21499999999999997
4438.0,0.258
4439.0,0.258
4440.0,0.258
4441.0,0.258
4442.0,0.258
4443.0,0.258
4444.0,0.21499999999999997
4445.0,0.21499999999999997
4446.0,0.21499999999999997
4447.0,0.258
4448.0,0.258
4449.0,0.258
4450.0,0.258
4451.0,0.258
4452.0,0.258
4453.0,0.21499999999999997
4454.0,0.258
4455.0,0.258
4456.0,0.258
4457.0,0.258
4458.0,0.258
4459.0,0.258
4460.0,0.258
4461.0,0.258
4462.0,0.258
4463.0,0.258
4464.0,0.258
4465.0,0.258
4466.0,0.258
4467.0,0.258
4468.0,0.258
4469.0,0.258
4470.0,0.258
4471.0,0.21499999999999997
4472.0,0.258
4473.0,0.21499999999999997
4474.0,0.258
4475.0,0.258
4476.0,0.258
4477.0,0.258
4478.0,0.258
4479.0,0.258
4480.0,0.258
4481.0,0.258
4482.0,0.258
4483.0,0.258
4484.0,0.258
4485.0,0.21499999999999997
4486.0,0.21499999999999997
4487.0,0.21499999999999997
4488.0,0.258
4489.0,0.258
4490.0,0.258
4491.0,0.258
4492.0,0.258
4493.0,0.258
4494.0,0.258
4495.0,0.258
4496.0,0.258
4497.0,0.258
4498.0,0.258
4499.0,0.258
4500.0,0.258
4501.0,0.258
4502.0,0.258
4503.0,0.258
4504.0,0.258
4505.0,0.258
4506.0,0.258
4507.0,0.258
4508.0,0.21499999999999997
4509.0,0.258
4510.0,0.21499999999999997
4511.0,0.21499999999999997
4512.0,0.21499999999999997
4513.0,0.21499999999999997
4514.0,0.21499999999999997
4515.0,0.21499999999999997
4516.0,0.258
4517.0,0.21499999999999997
4518.0,0.258
4519.0,0.21499999999999997
4520.0,0.21499999999999997
4521.0,0.21499999999999997
4522.0,0.258
4523.0,0.258
4524.0,0.258
4525.0,0.258
4526.0,0.258
4527.0,0.21499999999999997
4528.0,0.21499999999999997
4529.0,0.258
4530.0,0.258
4531.0,0.258
4532.0,0.258
4533.0,0.258
4534.0,0.258
4535.0,0.21499999999999997
4536.0,0.21499999999999997
4537.0,0.21499999999999997
4538.0,0.258
4539.0,0.258
4540.0,0.258
4541.0,0.258
4542.0,0.258
4543.0,0.258
4544.0,0.258
4545.0,0.21499999999999997
4546.0,0.21499999999999997
4547.0,0.21499999999999997
4548.0,0.258
4549.0,0.258
4550.0,0.258
4551.0,0.21499999999999997
4552.0,0.21499999999999997
4553.0,0.258
4554.0,0.258
4555.0,0.258
4556.0,0.258
4557.0,0.258
4558.0,0.258
4559.0,0.21499999999999997
4560.0,0.21499999999999997
4561.0,0.21499999999999997
4562.0,0.258
4563.0,0.258
4564.0,0.258
4565.0,0.258
4566.0,0.258
4567.0,0.21499999999999997
4568.0,0.258
4569.0,0.21499999999999997
4570.0,0.21499999999999997
4571.0,0.21499999999999997
4572.0,0.258
4573.0,0.258
4574.0,0.258
4575.0,0.258
4576.0,0.21499999999999997
4577.0,0.21499999999999997
4578.0,0.21499999999999997
4579.0,0.21499999999999997
4580.0,0.258
4581.0,0.258
4582.0,0.258
4583.0,0.258
4584.0,0.258
4585.0,0.258
4586.0,0.258
4587.0,0.21499999999999997
4588.0,0.258
4589.0,0.258
4590.0,0.258
4591.0,0.258
4592.0,0.258
4593.0,0.21499999999999997
4594.0,0.21499999999999997
4595.0,0.21499999999999997
4596.0,0.258
4597.0,0.258
4598.0,0.258
4599.0,0.258
4600.0,0.258
4601.0,0.258
4602.0,0.258
4603.0,0.21499999999999997
4604.0,0.258
4605.0,0.21499999999999997
4606.0,0.258
4607.0,0.258
4608.0,0.258
4609.0,0.258
4610.0,0.258
4611.0,0.21499999999999997
4612.0,0.258
4613.0,0.258
4614.0,0.258
4615.0,0.258
4616.0,0.258
4617.0,0.258
4618.0,0.21499999999999997
4619.0,0.21499999999999997
4620.0,0.258
4621.0,0.258
4622.0,0.21499999999999997
4623.0,0.258
4624.0,0.258
4625.0,0.21499999999999997
4626.0,0.21499999999999997
4627.0,0.21499999999999997
4628.0,0.21499999999999997
4629.0,0.21499999999999997
4630.0,0.258
4631.0,0.258
4632.0,0.258
4633.0,0.258
4634.0,0.258
4635.0,0.258
4636.0,0.258
4637.0,0.258
4638.0,0.258
4639.0,0.258
4640.0,0.258
4641.0,0.258
4642.0,0.258
4643.0,0.258
4644.0,0.258
4645.0,0.258
4646.0,0.258
4647.0,0.258
4648.0,0.258
4649.0,0.21499999999999997
4650.0,0.258
4651.0,0.258
4652.0,0.258
4653.0,0.21499999999999997
4654.0,0.21499999999999997
4655.0,0.21499999999999997
4656.0,0.258
4657.0,0.258
4658.0,0.21499999999999997
4659.0,0.21499999999999997
4660.0,0.21499999999999997
4661.0,0.258
4662.0,0.258
4663.0,0.258
4664.0,0.21499999999999997
4665.0,0.258
4666.0,0.258
4667.0,0.258
4668.0,0.258
4669.0,0.258
4670.0,0.258
4671.0,0.258
4672.0,0.258
4673.0,0.258
4674.0,0.258
4675.0,0.258
4676.0,0.258
4677.0,0.258
4678.0,0.258
4679.0,0.258
4680.0,0.258
4681.0,0.258
4682.0,0.258
4683.0,0.258
4684.0,0.258
4685.0,0.258
4686.0,0.21499999999999997
4687.0,0.21499999999999997
4688.0,0.258
4689.0,0.21499999999999997
4690.0,0.258
4691.0,0.21499999999999997
4692.0,0.258
4693.0,0.258
4694.0,0.21499999999999997
4695.0,0.21499999999999997
4696.0,0.258
4697.0,0.21499999999999997
4698.0,0.258
4699.0,0.258
4700.0,0.258
4701.0,0.258
4702.0,0.258
4703.0,0.21499999999999997
4704.0,0.258
4705.0,0.258
4706.0,0.21499999999999997
4707.0,0.258
4708.0,0.258
4709.0,0.258
4710.0,0.258
4711.0,0.258
4712.0,0.258
4713.0,0.258
4714.0,0.258
4715.0,0.258
4716.0,0.258
4717.0,0.258
4718.0,0.258
4719.0,0.258
4720.0,0.258
4721.0,0.258
4722.0,0.258
4723.0,0.258
4724.0,0.258
4725.0,0.258
4726.0,0.258
4727.0,0.258
4728.0,0.258
4729.0,0.21499999999999997
4730.0,0.21499999999999997
4731.0,0.258
4732.0,0.258
4733.0,0.21499999999999997
4734.0,0.258
4735.0,0.258
4736.0,0.21499999999999997
4737.0,0.21499999999999997
4738.0,0.258
4739.0,0.258
4740.0,0.258
4741.0,0.258
4742.0,0.258
4743.0,0.258
4744.0,0.21499999999999997
4745.0,0.21499999999999997
4746.0,0.258
4747.0,0.258
4748.0,0.21499999999999997
4749.0,0.258
4750.0,0.258
4751.0,0.258
4752.0,0.258
4753.0,0.258
4754.0,0.258
4755.0,0.258
4756.0,0.258
4757.0,0.258
4758.0,0.258
4759.0,0.258
4760.0,0.258
4761.0,0.258
4762.0,0.258
4763.0,0.258
4764.0,0.258
4765.0,0.258
4766.0,0.21499999999999997
4767.0,0.21499999999999997
4768.0,0.258
4769.0,0.21499999999999997
4770.0,0.21499999999999997
4771.0,0.21499999999999997
4772.0,0.21499999999999997
4773.0,0.258
4774.0,0.21499999999999997
4775.0,0.258
4776.0,0.258
4777.0,0.21499999999999997
4778.0,0.21499999999999997
4779.0,0.21499999999999997
4780.0,0.21499999999999997
4781.0,0.21499999999999997
4782.0,0.258
4783.0,0.21499999999999997
4784.0,0.258
4785.0,0.258
4786.0,0.258
4787.0,0.258
4788.0,0.258
4789.0,0.258
4790.0,0.258
4791.0,0.258
4792.0,0.258
4793.0,0.258
4794.0,0.258
4795.0,0.258
4796.0,0.258
4797.0,0.258
4798.0,0.258
4799.0,0.258
4800.0,0.258
4801.0,0.258
4802.0,0.258
4803.0,0.258
4804.0,0.258
4805.0,0.258
4806.0,0.21499999999999997
4807.0,0.258
4808.0,0.258
4809.0,0.258
4810.0,0.258
4811.0,0.21499999999999997
4812.0,0.21499999999999997
4813.0,0.21499999999999997
4814.0,0.258
4815.0,0.21499999999999997
4816.0,0.258
4817.0,0.258
4818.0,0.258
4819.0,0.21499999999999997
4820.0,0.258
4821.0,0.258
4822.0,0.258
4823.0,0.258
4824.0,0.258
4825.0,0.258
4826.0,0.258
4827.0,0.258
4828.0,0.258
4829.0,0.258
4830.0,0.258
4831.0,0.258
4832.0,0.258
4833.0,0.258
4834.0,0.258
4835.0,0.258
4836.0,0.258
4837.0,0.258
4838.0,0.258
4839.0,0.258
4840.0,0.258
4841.0,0.21499999999999997
4842.0,0.258
4843.0,0.21499999999999997
4844.0,0.258
4845.0,0.258
4846.0,0.258
4847.0,0.258
4848.0,0.258
4849.0,0.258
4850.0,0.258
4851.0,0.258
4852.0,0.258
4853.0,0.258
4854.0,0.258
4855.0,0.258
4856.0,0.258
4857.0,0.258
4858.0,0.258
4859.0,0.258
4860.0,0.258
4861.0,0.258
4862.0,0.258
4863.0,0.258
4864.0,0.258
4865.0,0.258
4866.0,0.258
4867.0,0.21499999999999997
4868.0,0.258
4869.0,0.258
4870.0,0.258
4871.0,0.258
4872.0,0.258
4873.0,0.258
4874.0,0.258
4875.0,0.258
4876.0,0.258
4877.0,0.21499999999999997
4878.0,0.258
4879.0,0.258
4880.0,0.258
4881.0,0.21499999999999997
4882.0,0.258
4883.0,0.21499999999999997
4884.0,0.258
4885.0,0.21499999999999997
4886.0,0.21499999999999997
4887.0,0.21499999999999997
4888.0,0.258
4889.0,0.258
4890.0,0.258
4891.0,0.258
4892.0,0.21499999999999997
4893.0,0.258
4894.0,0.258
4895.0,0.258
4896.0,0.258
4897.0,0.258
4898.0,0.258
4899.0,0.258
4900.0,0.258
4901.0,0.258
4902.0,0.258
4903.0,0.258
4904.0,0.258
4905.0,0.258
4906.0,0.258
4907.0,0.258
4908.0,0.258
4909.0,0.258
4910.0,0.21499999999999997
4911.0,0.21499999999999997
4912.0,0.21499999999999997
4913.0,0.258
4914.0,0.21499999999999997
4915.0,0.258
4916.0,0.258
4917.0,0.258
4918.0,0.258
4919.0,0.258
4920.0,0.258
4921.0,0.21499999999999997
4922.0,0.258
4923.0,0.258
4924.0,0.258
4925.0,0.258
4926.0,0.258
4927.0,0.21499999999999997
4928.0,0.258
4929.0,0.258
4930.0,0.258
4931.0,0.258
4932.0,0.258
4933.0,0.258
4934.0,0.258
4935.0,0.258
4936.0,0.258
4937.0,0.258
4938.0,0.258
4939.0,0.258
4940.0,0.258
4941.0,0.258
4942.0,0.258
4943.0,0.258
4944.0,0.258
4945.0,0.258
4946.0,0.258
4947.0,0.258
4948.0,0.258
4949.0,0.21499999999999997
4950.0,0.258
4951.0,0.258
4952.0,0.21499999999999997
4953.0,0.21499999999999997
4954.0,0.258
4955.0,0.258
4956.0,0.258
4957.0,0.21499999999999997
4958.0,0.258
4959.0,0.258
4960.0,0.21499999999999997
4961.0,0.258
4962.0,0.21499999999999997
4963.0,0.258
4964.0,0.258
4965.0,0.21499999999999997
4966.0,0.258
4967.0,0.258
4968.0,0.258
4969.0,0.258
4970.0,0.258
4971.0,0.258
4972.0,0.258
4973.0,0.258
4974.0,0.258
4975.0,0.258
4976.0,0.258
4977.0,0.258
4978.0,0.258
4979.0,0.258
4980.0,0.258
4981.0,0.258
4982.0,0.258
4983.0,0.258
4984.0,0.258
4985.0,0.258
4986.0,0.258
4987.0,0.258
4988.0,0.258
4989.0,0.258
4990.0,0.258
4991.0,0.21499999999999997
4992.0,0.258
4993.0,0.258
4994.0,0.258
4995.0,0.258
4996.0,0.258
4997.0,0.258
4998.0,0.21499999999999997
4999.0,0.258
5000.0,0.258
5001.0,0.21499999999999997
5002.0,0.258
5003.0,0.21499999999999997
5004.0,0.21499999999999997
5005.0,0.258
5006.0,0.258
5007.0,0.258
5008.0,0.258
5009.0,0.258
5010.0,0.258
5011.0,0.258
5012.0,0.258
5013.0,0.258
5014.0,0.258
5015.0,0.258
5016.0,0.258
5017.0,0.258
5018.0,0.258
5019.0,0.258
5020.0,0.258
5021.0,0.258
5022.0,0.258
5023.0,0.258
5024.0,0.258
5025.0,0.21499999999999997
5026.0,0.21499999999999997
5027.0,0.258
5028.0,0.258
5029.0,0.21499999999999997
5030.0,0.258
5031.0,0.21499999999999997
5032.0,0.258
5033.0,0.258
5034.0,0.21499999999999997
5035.0,0.258
5036.0,0.258
5037.0,0.258
5038.0,0.258
5039.0,0.258
5040.0,0.258
5041.0,0.258
5042.0,0.21499999999999997
5043.0,0.258
5044.0,0.21499999999999997
5045.0,0.258
5046.0,0.258
5047.0,0.258
5048.0,0.258
5049.0,0.258
5050.0,0.258
5051.0,0.21499999999999997
5052.0,0.258
5053.0,0.258
5054.0,0.258
5055.0,0.258
5056.0,0.258
5057.0,0.258
5058.0,0.258
5059.0,0.258
5060.0,0.21499999999999997
5061.0,0.21499999999999997
5062.0,0.258
5063.0,0.258
5064.0,0.258
5065.0,0.258
5066.0,0.258
5067.0,0.258
5068.0,0.21499999999999997
5069.0,0.258
5070.0,0.21499999999999997
5071.0,0.21499999999999997
5072.0,0.21499999999999997
5073.0,0.258
5074.0,0.21499999999999997
5075.0,0.258
5076.0,0.21499999999999997
5077.0,0.258
5078.0,0.21499999999999997
5079.0,0.258
5080.0,0.258
5081.0,0.258
5082.0,0.258
5083.0,0.258
5084.0,0.258
5085.0,0.258
5086.0,0.258
5087.0,0.258
5088.0,0.258
5089.0,0.258
5090.0,0.258
5091.0,0.258
5092.0,0.258
5093.0,0.258
5094.0,0.21499999999999997
5095.0,0.258
5096.0,0.258
5097.0,0.258
5098.0,0.258
5099.0,0.258
5100.0,0.21499999999999997
5101.0,0.21499999999999997
5102.0,0.21499999999999997
5103.0,0.21499999999999997
5104.0,0.21499999999999997
5105.0,0.258
5106.0,0.258
5107.0,0.258
5108.0,0.258
5109.0,0.21499999999999997
5110.0,0.258
5111.0,0.258
5112.0,0.258
5113.0,0.258
5114.0,0.258
5115.0,0.258
5116.0,0.258
5117.0,0.258
5118.0,0.258
5119.0,0.258
5120.0,0.258
5121.0,0.258
5122.0,0.258
5123.0,0.258
5124.0,0.258
5125.0,0.258
5126.0,0.258
5127.0,0.258
5128.0,0.258
5129.0,0.258
5130.0,0.258
5131.0,0.258
5132.0,0.258
5133.0,0.258
5134.0,0.258
5135.0,0.21499999999999997
5136.0,0.258
5137.0,0.258
5138.0,0.258
5139.0,0.21499999999999997
5140.0,0.21499999999999997
5141.0,0.258
5142.0,0.258
5143.0,0.258
5144.0,0.21499999999999997
5145.0,0.21499999999999997
5146.0,0.21499999999999997
5147.0,0.258
5148.0,0.258
5149.0,0.258
5150.0,0.258
5151.0,0.21499999999999997
5152.0,0.258
5153.0,0.258
5154.0,0.258
5155.0,0.258
5156.0,0.258
5157.0,0.258
5158.0,0.258
5159.0,0.258
5160.0,0.258
5161.0,0.258
5162.0,0.258
5163.0,0.258
5164.0,0.258
5165.0,0.258
5166.0,0.258
5167.0,0.258
5168.0,0.258
5169.0,0.258
5170.0,0.258
5171.0,0.21499999999999997
5172.0,0.258
5173.0,0.258
5174.0,0.258
5175.0,0.258
5176.0,0.258
5177.0,0.21499999999999997
5178.0,0.258
5179.0,0.258
5180.0,0.258
5181.0,0.258
5182.0,0.258
5183.0,0.258
5184.0,0.21499999999999997
5185.0,0.258
5186.0,0.258
5187.0,0.258
5188.0,0.258
5189.0,0.258
5190.0,0.258
5191.0,0.258
5192.0,0.258
5193.0,0.258
5194.0,0.258
5195.0,0.258
5196.0,0.258
5197.0,0.258
5198.0,0.258
5199.0,0.258
5200.0,0.258
5201.0,0.258
5202.0,0.258
5203.0,0.258
5204.0,0.258
5205.0,0.258
5206.0,0.258
5207.0,0.258
5208.0,0.258
5209.0,0.258
5210.0,0.21499999999999997
5211.0,0.258
5212.0,0.258
5213.0,0.21499999999999997
5214.0,0.258
5215.0,0.258
5216.0,0.258
5217.0,0.258
5218.0,0.21499999999999997
5219.0,0.21499999999999997
5220.0,0.21499999999999997
5221.0,0.21499999999999997
5222.0,0.258
5223.0,0.21499999999999997
5224.0,0.258
5225.0,0.258
5226.0,0.258
5227.0,0.21499999999999997
5228.0,0.258
5229.0,0.21499999999999997
5230.0,0.258
5231.0,0.258
5232.0,0.258
5233.0,0.258
5234.0,0.258
5235.0,0.258
5236.0,0.258
5237.0,0.258
5238.0,0.258
5239.0,0.258
5240.0,0.258
5241.0,0.258
5242.0,0.258
5243.0,0.258
5244.0,0.258
5245.0,0.258
5246.0,0.258
5247.0,0.21499999999999997
5248.0,0.258
5249.0,0.21499999999999997
5250.0,0.258
5251.0,0.21499999999999997
5252.0,0.21499999999999997
5253.0,0.21499999999999997
5254.0,0.258
5255.0,0.21499999999999997
5256.0,0.21499999999999997
5257.0,0.258
5258.0,0.21499999999999997
5259.0,0.21499999999999997
5260.0,0.21499999999999997
5261.0,0.21499999999999997
5262.0,0.258
5263.0,0.21499999999999997
5264.0,0.258
5265.0,0.258
5266.0,0.258
5267.0,0.258
5268.0,0.258
5269.0,0.258
5270.0,0.258
5271.0,0.258
5272.0,0.258
5273.0,0.258
5274.0,0.258
5275.0,0.258
5276.0,0.258
5277.0,0.258
5278.0,0.258
5279.0,0.258
5280.0,0.258
5281.0,0.258
5282.0,0.258
5283.0,0.258
5284.0,0.258
5285.0,0.21499999999999997
5286.0,0.258
5287.0,0.21499999999999997
5288.0,0.258
5289.0,0.258
5290.0,0.258
5291.0,0.258
5292.0,0.258
5293.0,0.258
5294.0,0.21499999999999997
5295.0,0.21499999999999997
5296.0,0.258
5297.0,0.21499999999999997
5298.0,0.258
5299.0,0.258
5300.0,0.258
5301.0,0.258
5302.0,0.258
5303.0,0.258
5304.0,0.258
5305.0,0.258
5306.0,0.258
5307.0,0.258
5308.0,0.258
5309.0,0.258
5310.0,0.258
5311.0,0.258
5312.0,0.258
5313.0,0.258
5314.0,0.258
5315.0,0.258
5316.0,0.21499999999999997
5317.0,0.258
5318.0,0.258
5319.0,0.258
5320.0,0.258
5321.0,0.258
5322.0,0.258
5323.0,0.21499999999999997
5324.0,0.258
5325.0,0.21499999999999997
5326.0,0.258
5327.0,0.258
5328.0,0.21499999999999997
5329.0,0.258
5330.0,0.258
5331.0,0.258
5332.0,0.258
5333.0,0.21499999999999997
5334.0,0.258
5335.0,0.21499999999999997
5336.0,0.21499999999999997
5337.0,0.21499999999999997
5338.0,0.258
5339.0,0.258
5340.0,0.258
5341.0,0.258
5342.0,0.258
5343.0,0.258
5344.0,0.258
5345.0,0.258
5346.0,0.258
5347.0,0.21499999999999997
5348.0,0.258
5349.0,0.258
5350.0,0.258
5351.0,0.258
5352.0,0.258
5353.0,0.258
5354.0,0.258
5355.0,0.258
5356.0,0.258
5357.0,0.258
5358.0,0.258
5359.0,0.21499999999999997
5360.0,0.258
5361.0,0.258
5362.0,0.21499999999999997
5363.0,0.21499999999999997
5364.0,0.21499999999999997
5365.0,0.258
5366.0,0.21499999999999997
5367.0,0.21499999999999997
5368.0,0.21499999999999997
5369.0,0.21499999999999997
5370.0,0.21499999999999997
5371.0,0.21499999999999997
5372.0,0.258
5373.0,0.258
5374.0,0.258
5375.0,0.21499999999999997
5376.0,0.258
5377.0,0.258
5378.0,0.258
5379.0,0.258
5380.0,0.258
5381.0,0.258
5382.0,0.258
5383.0,0.258
5384.0,0.258
5385.0,0.258
5386.0,0.258
5387.0,0.258
5388.0,0.258
5389.0,0.258
5390.0,0.258
5391.0,0.258
5392.0,0.258
5393.0,0.258
5394.0,0.258
5395.0,0.258
5396.0,0.258
5397.0,0.258
5398.0,0.258
5399.0,0.258
5400.0,0.258
5401.0,0.258
5402.0,0.21499999999999997
5403.0,0.21499999999999997
5404.0,0.258
5405.0,0.258
5406.0,0.21499999999999997
5407.0,0.258
5408.0,0.258
5409.0,0.258
5410.0,0.258
5411.0,0.21499999999999997
5412.0,0.258
5413.0,0.258
5414.0,0.258
5415.0,0.258
5416.0,0.258
5417.0,0.258
5418.0,0.258
5419.0,0.258
5420.0,0.258
5421.0,0.258
5422.0,0.258
5423.0,0.258
5424.0,0.21499999999999997
5425.0,0.258
5426.0,0.258
5427.0,0.258
5428.0,0.258
5429.0,0.258
5430.0,0.258
5431.0,0.258
5432.0,0.21499999999999997
5433.0,0.21499999999999997
5434.0,0.258
5435.0,0.258
5436.0,0.21499999999999997
5437.0,0.21499999999999997
5438.0,0.21499999999999997
5439.0,0.21499999999999997
5440.0,0.21499999999999997
5441.0,0.258
5442.0,0.258
5443.0,0.258
5444.0,0.258
5445.0,0.21499999999999997
5446.0,0.258
5447.0,0.258
5448.0,0.258
5449.0,0.258
5450.0,0.258
5451.0,0.258
5452.0,0.258
5453.0,0.258
5454.0,0.258
5455.0,0.258
5456.0,0.258
5457.0,0.258
5458.0,0.258
5459.0,0.258
5460.0,0.258
5461.0,0.258
5462.0,0.258
5463.0,0.258
5464.0,0.258
5465.0,0.258
5466.0,0.258
5467.0,0.21499999999999997
5468.0,0.21499999999999997
5469.0,0.21499999999999997
5470.0,0.258
5471.0,0.258
5472.0,0.21499999999999997
5473.0,0.258
5474.0,0.258
5475.0,0.258
5476.0,0.21499999999999997
5477.0,0.21499999999999997
5478.0,0.258
5479.0,0.21499999999999997
5480.0,0.258
5481.0,0.258
5482.0,0.258
5483.0,0.258
5484.0,0.258
5485.0,0.258
5486.0,0.21499999999999997
5487.0,0.258
5488.0,0.258
5489.0,0.258
5490.0,0.258
5491.0,0.258
5492.0,0.258
5493.0,0.258
5494.0,0.258
5495.0,0.258
5496.0,0.258
5497.0,0.258
5498.0,0.258
5499.0,0.258
5500.0,0.258
5501.0,0.258
5502.0,0.258
5503.0,0.258
5504.0,0.258
5505.0,0.258
5506.0,0.258
5507.0,0.258
5508.0,0.258
5509.0,0.21499999999999997
5510.0,0.21499999999999997
5511.0,0.21499999999999997
5512.0,0.258
5513.0,0.21499999999999997
5514.0,0.258
5515.0,0.21499999999999997
5516.0,0.258
5517.0,0.21499999999999997
5518.0,0.258
5519.0,0.21499999999999997
5520.0,0.21499999999999997
5521.0,0.258
5522.0,0.258
5523.0,0.258
5524.0,0.258
5525.0,0.258
5526.0,0.21499999999999997
5527.0,0.258
5528.0,0.258
5529.0,0.258
5530.0,0.258
5531.0,0.258
5532.0,0.258
5533.0,0.258
5534.0,0.258
5535.0,0.21499999999999997
5536.0,0.258
5537.0,0.258
5538.0,0.258
5539.0,0.258
5540.0,0.258
5541.0,0.258
5542.0,0.21499999999999997
5543.0,0.21499999999999997
5544.0,0.258
5545.0,0.21499999999999997
5546.0,0.258
5547.0,0.258
5548.0,0.258
5549.0,0.258
5550.0,0.258
5551.0,0.258
5552.0,0.21499999999999997
5553.0,0.258
5554.0,0.21499999999999997
5555.0,0.21499999999999997
5556.0,0.21499999999999997
5557.0,0.258
5558.0,0.258
5559.0,0.258
5560.0,0.258
5561.0,0.258
5562.0,0.258
5563.0,0.258
5564.0,0.258
5565.0,0.258
5566.0,0.258
5567.0,0.258
5568.0,0.258
5569.0,0.258
5570.0,0.258
5571.0,0.258
5572.0,0.258
5573.0,0.258
5574.0,0.258
5575.0,0.258
5576.0,0.258
5577.0,0.258
5578.0,0.258
5579.0,0.258
5580.0,0.258
5581.0,0.258
5582.0,0.258
5583.0,0.258
5584.0,0.258
5585.0,0.21499999999999997
5586.0,0.21499999999999997
5587.0,0.21499999999999997
5588.0,0.21499999999999997
5589.0,0.258
5590.0,0.258
5591.0,0.258
5592.0,0.21499999999999997
5593.0,0.258
5594.0,0.258
5595.0,0.21499999999999997
5596.0,0.21499999999999997
5597.0,0.258
5598.0,0.258
5599.0,0.258
5600.0,0.258
5601.0,0.258
5602.0,0.258
5603.0,0.258
5604.0,0.258
5605.0,0.258
5606.0,0.258
5607.0,0.258
5608.0,0.258
5609.0,0.258
5610.0,0.258
5611.0,0.258
5612.0,0.258
5613.0,0.258
5614.0,0.258
5615.0,0.258
5616.0,0.258
5617.0,0.258
5618.0,0.21499999999999997
5619.0,0.258
5620.0,0.21499999999999997
5621.0,0.258
5622.0,0.258
5623.0,0.258
5624.0,0.21499999999999997
5625.0,0.258
5626.0,0.258
5627.0,0.258
5628.0,0.21499999999999997
5629.0,0.21499999999999997
5630.0,0.258
5631.0,0.258
5632.0,0.258
5633.0,0.258
5634.0,0.21499999999999997
5635.0,0.21499999999999997
5636.0,0.258
5637.0,0.258
5638.0,0.258
5639.0,0.258
5640.0,0.258
5641.0,0.258
5642.0,0.258
5643.0,0.21499999999999997
5644.0,0.258
5645.0,0.258
5646.0,0.258
5647.0,0.258
5648.0,0.258
5649.0,0.258
5650.0,0.258
5651.0,0.21499999999999997
5652.0,0.258
5653.0,0.258
5654.0,0.258
5655.0,0.258
5656.0,0.258
5657.0,0.258
5658.0,0.258
5659.0,0.258
5660.0,0.258
5661.0,0.258
5662.0,0.21499999999999997
5663.0,0.21499999999999997
5664.0,0.258
5665.0,0.258
5666.0,0.258
5667.0,0.21499999999999997
5668.0,0.258
5669.0,0.258
5670.0,0.21499999999999997
5671.0,0.258
5672.0,0.258
5673.0,0.258
5674.0,0.258
5675.0,0.258
5676.0,0.258
5677.0,0.258
5678.0,0.258
5679.0,0.258
5680.0,0.258
5681.0,0.258
5682.0,0.258
5683.0,0.258
5684.0,0.258
5685.0,0.258
5686.0,0.258
5687.0,0.258
5688.0,0.258
5689.0,0.258
5690.0,0.258
5691.0,0.258
5692.0,0.258
5693.0,0.21499999999999997
5694.0,0.258
5695.0,0.258
5696.0,0.258
5697.0,0.258
5698.0,0.258
5699.0,0.258
5700.0,0.258
5701.0,0.21499999999999997
5702.0,0.258
5703.0,0.21499999999999997
5704.0,0.21499999999999997
5705.0,0.258
5706.0,0.258
5707.0,0.258
5708.0,0.258
5709.0,0.258
5710.0,0.258
5711.0,0.258
5712.0,0.258
5713.0,0.258
5714.0,0.258
5715.0,0.258
5716.0,0.258
5717.0,0.258
5718.0,0.258
5719.0,0.258
5720.0,0.258
5721.0,0.258
5722.0,0.258
5723.0,0.258
5724.0,0.258
5725.0,0.258
5726.0,0.258
5727.0,0.21499999999999997
5728.0,0.21499999999999997
5729.0,0.21499999999999997
5730.0,0.21499999999999997
5731.0,0.21499999999999997
5732.0,0.21499999999999997
5733.0,0.258
5734.0,0.258
5735.0,0.258
5736.0,0.258
5737.0,0.21499999999999997
5738.0,0.258
5739.0,0.21499999999999997
5740.0,0.258
5741.0,0.258
5742.0,0.21499999999999997
5743.0,0.21499999999999997
5744.0,0.258
5745.0,0.21499999999999997
5746.0,0.258
5747.0,0.258
5748.0,0.258
5749.0,0.258
5750.0,0.258
5751.0,0.258
5752.0,0.258
5753.0,0.258
5754.0,0.258
5755.0,0.258
5756.0,0.258
5757.0,0.258
5758.0,0.258
5759.0,0.258
5760.0,0.258
5761.0,0.21499999999999997
5762.0,0.258
5763.0,0.258
5764.0,0.258
5765.0,0.258
5766.0,0.258
5767.0,0.21499999999999997
5768.0,0.258
5769.0,0.21499999999999997
5770.0,0.258
5771.0,0.21499999999999997
5772.0,0.258
5773.0,0.258
5774.0,0.258
5775.0,0.258
5776.0,0.21499999999999997
5777.0,0.258
5778.0,0.21499999999999997
5779.0,0.258
5780.0,0.258
5781.0,0.258
5782.0,0.258
5783.0,0.258
5784.0,0.258
5785.0,0.258
5786.0,0.258
5787.0,0.258
5788.0,0.258
5789.0,0.258
5790.0,0.258
5791.0,0.258
5792.0,0.258
5793.0,0.258
5794.0,0.258
5795.0,0.258
5796.0,0.258
5797.0,0.258
5798.0,0.258
5799.0,0.258
5800.0,0.258
5801.0,0.21499999999999997
5802.0,0.21499999999999997
5803.0,0.21499999999999997
5804.0,0.21499999999999997
5805.0,0.21499999999999997
5806.0,0.258
5807.0,0.258
5808.0,0.258
5809.0,0.258
5810.0,0.258
5811.0,0.21499999999999997
5812.0,0.258
5813.0,0.21499999999999997
5814.0,0.21499999999999997
5815.0,0.21499999999999997
5816.0,0.258
5817.0,0.258
5818.0,0.21499999999999997
5819.0,0.21499999999999997
5820.0,0.21499999999999997
5821.0,0.258
5822.0,0.258
5823.0,0.258
5824.0,0.258
5825.0,0.258
5826.0,0.258
5827.0,0.258
5828.0,0.258
5829.0,0.258
5830.0,0.258
5831.0,0.258
5832.0,0.258
5833.0,0.258
5834.0,0.258
5835.0,0.258
5836.0,0.258
5837.0,0.258
5838.0,0.258
5839.0,0.258
5840.0,0.258
5841.0,0.258
5842.0,0.21499999999999997
5843.0,0.258
5844.0,0.21499999999999997
5845.0,0.21499999999999997
5846.0,0.258
5847.0,0.258
5848.0,0.258
5849.0,0.258
5850.0,0.21499999999999997
5851.0,0.258
5852.0,0.258
5853.0,0.21499999999999997
5854.0,0.21499999999999997
5855.0,0.258
5856.0,0.258
5857.0,0.21499999999999997
5858.0,0.258
5859.0,0.258
5860.0,0.258
5861.0,0.258
5862.0,0.258
5863.0,0.258
5864.0,0.258
5865.0,0.258
5866.0,0.258
5867.0,0.258
5868.0,0.258
5869.0,0.258
5870.0,0.258
5871.0,0.258
5872.0,0.258
5873.0,0.258
5874.0,0.258
5875.0,0.258
5876.0,0.258
5877.0,0.258
5878.0,0.258
5879.0,0.21499999999999997
5880.0,0.258
5881.0,0.258
5882.0,0.258
5883.0,0.258
5884.0,0.258
5885.0,0.258
5886.0,0.21499999999999997
5887.0,0.21499999999999997
5888.0,0.258
5889.0,0.258
5890.0,0.258
5891.0,0.21499999999999997
5892.0,0.258
5893.0,0.258
5894.0,0.258
5895.0,0.258
5896.0,0.258
5897.0,0.258
5898.0,0.258
5899.0,0.258
5900.0,0.258
5901.0,0.258
5902.0,0.258
5903.0,0.258
5904.0,0.258
5905.0,0.258
5906.0,0.258
5907.0,0.258
5908.0,0.258
5909.0,0.258
5910.0,0.258
5911.0,0.258
5912.0,0.21499999999999997
5913.0,0.21499999999999997
5914.0,0.258
5915.0,0.258
5916.0,0.258
5917.0,0.21499999999999997
5918.0,0.21499999999999997
5919.0,0.21499999999999997
5920.0,0.21499999999999997
5921.0,0.21499999999999997
5922.0,0.258
5923.0,0.21499999999999997
5924.0,0.21499999999999997
5925.0,0.21499999999999997
5926.0,0.258
5927.0,0.21499999999999997
5928.0,0.258
5929.0,0.258
5930.0,0.258
5931.0,0.258
5932.0,0.258
5933.0,0.258
5934.0,0.258
5935.0,0.258
5936.0,0.258
5937.0,0.258
5938.0,0.258
5939.0,0.258
5940.0,0.21499999999999997
5941.0,0.258
5942.0,0.258
5943.0,0.258
5944.0,0.258
5945.0,0.258
5946.0,0.258
5947.0,0.258
5948.0,0.21499999999999997
5949.0,0.21499999999999997
5950.0,0.258
5951.0,0.258
5952.0,0.258
5953.0,0.21499999999999997
5954.0,0.258
5955.0,0.21499999999999997
5956.0,0.258
5957.0,0.258
5958.0,0.21499999999999997
5959.0,0.258
5960.0,0.258
5961.0,0.258
5962.0,0.21499999999999997
5963.0,0.258
5964.0,0.258
5965.0,0.258
5966.0,0.21499999999999997
5967.0,0.258
5968.0,0.258
5969.0,0.258
5970.0,0.258
5971.0,0.258
5972.0,0.258
5973.0,0.258
5974.0,0.258
5975.0,0.258
5976.0,0.258
5977.0,0.258
5978.0,0.258
5979.0,0.258
5980.0,0.258
5981.0,0.258
5982.0,0.258
5983.0,0.21499999999999997
5984.0,0.258
5985.0,0.21499999999999997
5986.0,0.258
5987.0,0.21499999999999997
5988.0,0.258
5989.0,0.258
5990.0,0.21499999999999997
5991.0,0.258
5992.0,0.21499999999999997
5993.0,0.258
5994.0,0.258
5995.0,0.258
5996.0,0.258
5997.0,0.258
5998.0,0.258
5999.0,0.258
6000.0,0.21499999999999997
6001.0,0.258
6002.0,0.258
6003.0,0.258
6004.0,0.258
6005.0,0.258
6006.0,0.258
6007.0,0.258
6008.0,0.258
6009.0,0.21499999999999997
6010.0,0.258
6011.0,0.258
6012.0,0.258
6013.0,0.258
6014.0,0.258
6015.0,0.258
6016.0,0.258
6017.0,0.258
6018.0,0.258
6019.0,0.258
6020.0,0.258
6021.0,0.258
6022.0,0.258
6023.0,0.258
6024.0,0.258
6025.0,0.258
6026.0,0.258
6027.0,0.21499999999999997
6028.0,0.258
6029.0,0.258
6030.0,0.21499999999999997
6031.0,0.21499999999999997
6032.0,0.21499999999999997
6033.0,0.258
6034.0,0.258
6035.0,0.258
6036.0,0.258
6037.0,0.258
6038.0,0.258
6039.0,0.258
6040.0,0.21499999999999997
6041.0,0.258
6042.0,0.258
6043.0,0.21499999999999997
6044.0,0.258
6045.0,0.258
6046.0,0.258
6047.0,0.258
6048.0,0.258
6049.0,0.258
6050.0,0.258
6051.0,0.258
6052.0,0.258
6053.0,0.258
6054.0,0.258
6055.0,0.258
6056.0,0.258
6057.0,0.258
6058.0,0.258
6059.0,0.258
6060.0,0.258
6061.0,0.258
6062.0,0.21499999999999997
6063.0,0.258
6064.0,0.258
6065.0,0.21499999999999997
6066.0,0.258
6067.0,0.258
6068.0,0.21499999999999997
6069.0,0.258
6070.0,0.258
6071.0,0.258
6072.0,0.258
6073.0,0.258
6074.0,0.258
6075.0,0.21499999999999997
6076.0,0.21499999999999997
6077.0,0.21499999999999997
6078.0,0.258
6079.0,0.21499999999999997
6080.0,0.258
6081.0,0.258
6082.0,0.258
6083.0,0.258
6084.0,0.258
6085.0,0.258
6086.0,0.258
6087.0,0.258
6088.0,0.258
6089.0,0.258
6090.0,0.258
6091.0,0.258
6092.0,0.21499999999999997
6093.0,0.258
6094.0,0.21499999999999997
6095.0,0.258
6096.0,0.258
6097.0,0.258
6098.0,0.258
6099.0,0.258
6100.0,0.258
6101.0,0.21499999999999997
6102.0,0.258
6103.0,0.21499999999999997
6104.0,0.258
6105.0,0.258
6106.0,0.258
6107.0,0.258
6108.0,0.258
6109.0,0.258
6110.0,0.258
6111.0,0.258
6112.0,0.258
6113.0,0.258
6114.0,0.258
6115.0,0.258
6116.0,0.21499999999999997
6117.0,0.258
6118.0,0.258
6119.0,0.258
6120.0,0.258
6121.0,0.258
6122.0,0.258
6123.0,0.258
6124.0,0.258
6125.0,0.258
6126.0,0.258
6127.0,0.258
6128.0,0.258
6129.0,0.258
6130.0,0.258
6131.0,0.258
6132.0,0.258
6133.0,0.258
6134.0,0.258
6135.0,0.21499999999999997
6136.0,0.21499999999999997
6137.0,0.258
6138.0,0.258
6139.0,0.258
6140.0,0.258
6141.0,0.258
6142.0,0.258
6143.0,0.258
6144.0,0.21499999999999997
6145.0,0.258
6146.0,0.21499999999999997
6147.0,0.258
6148.0,0.258
6149.0,0.21499999999999997
6150.0,0.21499999999999997
6151.0,0.21499999999999997
6152.0,0.21499999999999997
6153.0,0.258
6154.0,0.258
6155.0,0.258
6156.0,0.258
6157.0,0.258
6158.0,0.258
6159.0,0.258
6160.0,0.258
6161.0,0.258
6162.0,0.258
6163.0,0.258
6164.0,0.258
6165.0,0.258
6166.0,0.258
6167.0,0.21499999999999997
6168.0,0.21499999999999997
6169.0,0.21499999999999997
6170.0,0.21499999999999997
6171.0,0.21499999999999997
6172.0,0.21499999999999997
6173.0,0.258
6174.0,0.258
6175.0,0.258
6176.0,0.258
6177.0,0.258
6178.0,0.258
6179.0,0.21499999999999997
6180.0,0.258
6181.0,0.258
6182.0,0.258
6183.0,0.258
6184.0,0.258
6185.0,0.21499999999999997
6186.0,0.21499999999999997
6187.0,0.258
6188.0,0.258
6189.0,0.258
6190.0,0.258
6191.0,0.258
6192.0,0.258
6193.0,0.258
6194.0,0.258
6195.0,0.258
6196.0,0.258
6197.0,0.258
6198.0,0.258
6199.0,0.258
6200.0,0.258
6201.0,0.258
6202.0,0.258
6203.0,0.258
6204.0,0.258
6205.0,0.258
6206.0,0.258
6207.0,0.258
6208.0,0.258
6209.0,0.258
6210.0,0.21499999999999997
6211.0,0.21499999999999997
6212.0,0.21499999999999997
6213.0,0.21499999999999997
6214.0,0.258
6215.0,0.258
6216.0,0.258
6217.0,0.258
6218.0,0.21499999999999997
6219.0,0.258
6220.0,0.21499999999999997
6221.0,0.258
6222.0,0.258
6223.0,0.258
6224.0,0.258
6225.0,0.258
6226.0,0.258
6227.0,0.258
6228.0,0.258
6229.0,0.258
6230.0,0.258
6231.0,0.258
6232.0,0.258
6233.0,0.258
6234.0,0.258
6235.0,0.258
6236.0,0.258
6237.0,0.258
6238.0,0.258
6239.0,0.258
6240.0,0.258
6241.0,0.258
6242.0,0.258
6243.0,0.258
6244.0,0.258
6245.0,0.21499999999999997
6246.0,0.258
6247.0,0.258
6248.0,0.21499999999999997
6249.0,0.21499999999999997
6250.0,0.21499999999999997
6251.0,0.21499999999999997
6252.0,0.21499999999999997
6253.0,0.21499999999999997
6254.0,0.21499999999999997
6255.0,0.21499999999999997
6256.0,0.258
6257.0,0.258
6258.0,0.258
6259.0,0.258
6260.0,0.258
6261.0,0.21499999999999997
6262.0,0.21499999999999997
6263.0,0.258
6264.0,0.258
6265.0,0.258
6266.0,0.258
6267.0,0.258
6268.0,0.258
6269.0,0.258
6270.0,0.258
6271.0,0.258
6272.0,0.258
6273.0,0.258
6274.0,0.258
6275.0,0.258
6276.0,0.258
6277.0,0.258
6278.0,0.258
6279.0,0.21499999999999997
6280.0,0.258
6281.0,0.258
6282.0,0.258
6283.0,0.258
6284.0,0.258
6285.0,0.21499999999999997
6286.0,0.258
6287.0,0.258
6288.0,0.21499999999999997
6289.0,0.258
6290.0,0.258
6291.0,0.21499999999999997
6292.0,0.21499999999999997
6293.0,0.21499999999999997
6294.0,0.258
6295.0,0.21499999999999997
6296.0,0.21499999999999997
6297.0,0.21499999999999997
6298.0,0.258
6299.0,0.258
6300.0,0.258
6301.0,0.258
6302.0,0.258
6303.0,0.258
6304.0,0.258
6305.0,0.258
6306.0,0.258
6307.0,0.258
6308.0,0.258
6309.0,0.258
6310.0,0.258
6311.0,0.258
6312.0,0.258
6313.0,0.258
6314.0,0.258
6315.0,0.258
6316.0,0.258
6317.0,0.258
6318.0,0.21499999999999997
6319.0,0.21499999999999997
6320.0,0.21499999999999997
6321.0,0.21499999999999997
6322.0,0.21499999999999997
6323.0,0.258
6324.0,0.258
6325.0,0.258
6326.0,0.258
6327.0,0.258
6328.0,0.21499999999999997
6329.0,0.21499999999999997
6330.0,0.258
6331.0,0.21499999999999997
6332.0,0.21499999999999997
6333.0,0.258
6334.0,0.258
6335.0,0.258
6336.0,0.21499999999999997
6337.0,0.258
6338.0,0.258
6339.0,0.258
6340.0,0.258
6341.0,0.258
6342.0,0.258
6343.0,0.258
6344.0,0.258
6345.0,0.258
6346.0,0.258
6347.0,0.258
6348.0,0.258
6349.0,0.258
6350.0,0.258
6351.0,0.258
6352.0,0.258
6353.0,0.258
6354.0,0.21499999999999997
6355.0,0.21499999999999997
6356.0,0.258
6357.0,0.258
6358.0,0.258
6359.0,0.258
6360.0,0.258
6361.0,0.258
6362.0,0.21499999999999997
6363.0,0.258
6364.0,0.258
6365.0,0.21499999999999997
6366.0,0.21499999999999997
6367.0,0.258
6368.0,0.258
6369.0,0.21499999999999997
6370.0,0.21499999999999997
6371.0,0.21499999999999997
6372.0,0.258
6373.0,0.258
6374.0,0.258
6375.0,0.258
6376.0,0.258
6377.0,0.258
6378.0,0.258
6379.0,0.258
6380.0,0.258
6381.0,0.258
6382.0,0.258
6383.0,0.258
6384.0,0.258
6385.0,0.258
6386.0,0.258
6387.0,0.21499999999999997
6388.0,0.258
6389.0,0.258
6390.0,0.258
6391.0,0.258
6392.0,0.258
6393.0,0.21499999999999997
6394.0,0.21499999999999997
6395.0,0.258
6396.0,0.21499999999999997
6397.0,0.21499999999999997
6398.0,0.258
6399.0,0.21499999999999997
6400.0,0.21499999999999997
6401.0,0.258
6402.0,0.21499999999999997
6403.0,0.21499999999999997
6404.0,0.21499999999999997
6405.0,0.21499999999999997
6406.0,0.21499999999999997
6407.0,0.258
6408.0,0.258
6409.0,0.258
6410.0,0.258
6411.0,0.258
6412.0,0.258
6413.0,0.258
6414.0,0.258
6415.0,0.258
6416.0,0.258
6417.0,0.258
6418.0,0.258
6419.0,0.258
6420.0,0.258
6421.0,0.258
6422.0,0.258
6423.0,0.258
6424.0,0.258
6425.0,0.258
6426.0,0.258
6427.0,0.258
6428.0,0.258
6429.0,0.21499999999999997
6430.0,0.258
6431.0,0.258
6432.0,0.21499999999999997
6433.0,0.21499999999999997
6434.0,0.258
6435.0,0.21499999999999997
6436.0,0.21499999999999997
6437.0,0.21499999999999997
6438.0,0.258
6439.0,0.258
6440.0,0.258
6441.0,0.258
6442.0,0.258
6443.0,0.258
6444.0,0.258
6445.0,0.21499999999999997
6446.0,0.21499999999999997
6447.0,0.21499999999999997
6448.0,0.258
6449.0,0.258
6450.0,0.258
6451.0,0.258
6452.0,0.258
6453.0,0.258
6454.0,0.258
6455.0,0.258
6456.0,0.258
6457.0,0.258
6458.0,0.258
6459.0,0.258
6460.0,0.258
6461.0,0.258
6462.0,0.258
6463.0,0.258
6464.0,0.258
6465.0,0.258
6466.0,0.258
6467.0,0.258
6468.0,0.21499999999999997
6469.0,0.21499999999999997
6470.0,0.21499999999999997
6471.0,0.21499999999999997
6472.0,0.258
6473.0,0.21499999999999997
6474.0,0.21499999999999997
6475.0,0.258
6476.0,0.21499999999999997
6477.0,0.21499999999999997
6478.0,0.258
6479.0,0.21499999999999997
6480.0,0.258
6481.0,0.258
6482.0,0.258
6483.0,0.21499999999999997
6484.0,0.258
6485.0,0.258
6486.0,0.21499999999999997
6487.0,0.258
6488.0,0.258
6489.0,0.258
6490.0,0.258
6491.0,0.258
6492.0,0.258
6493.0,0.258
6494.0,0.258
6495.0,0.258
6496.0,0.258
6497.0,0.258
6498.0,0.258
6499.0,0.258
6500.0,0.258
6501.0,0.258
6502.0,0.258
6503.0,0.258
6504.0,0.21499999999999997
6505.0,0.258
6506.0,0.21499999999999997
6507.0,0.258
6508.0,0.21499999999999997
6509.0,0.258
6510.0,0.258
6511.0,0.21499999999999997
6512.0,0.258
6513.0,0.21499999999999997
6514.0,0.258
6515.0,0.21499999999999997
6516.0,0.21499999999999997
6517.0,0.258
6518.0,0.21499999999999997
6519.0,0.258
6520.0,0.258
6521.0,0.258
6522.0,0.258
6523.0,0.258
6524.0,0.258
6525.0,0.258
6526.0,0.258
6527.0,0.258
6528.0,0.258
6529.0,0.258
6530.0,0.258
6531.0,0.258
6532.0,0.258
6533.0,0.258
6534.0,0.258
6535.0,0.258
6536.0,0.258
6537.0,0.258
6538.0,0.258
6539.0,0.258
6540.0,0.21499999999999997
6541.0,0.258
6542.0,0.258
6543.0,0.21499999999999997
6544.0,0.21499999999999997
6545.0,0.21499999999999997
6546.0,0.21499999999999997
6547.0,0.258
6548.0,0.258
6549.0,0.258
6550.0,0.258
6551.0,0.21499999999999997
6552.0,0.258
6553.0,0.21499999999999997
6554.0,0.21499999999999997
6555.0,0.258
6556.0,0.21499999999999997
6557.0,0.258
6558.0,0.258
6559.0,0.21499999999999997
6560.0,0.258
6561.0,0.258
6562.0,0.258
6563.0,0.258
6564.0,0.258
6565.0,0.258
6566.0,0.258
6567.0,0.258
6568.0,0.258
6569.0,0.258
6570.0,0.258
6571.0,0.258
6572.0,0.258
6573.0,0.258
6574.0,0.258
6575.0,0.258
6576.0,0.258
6577.0,0.258
6578.0,0.258
6579.0,0.21499999999999997
6580.0,0.21499999999999997
6581.0,0.21499999999999997
6582.0,0.258
6583.0,0.258
6584.0,0.258
6585.0,0.21499999999999997
6586.0,0.21499999999999997
6587.0,0.21499999999999997
6588.0,0.258
6589.0,0.21499999999999997
6590.0,0.21499999999999997
6591.0,0.258
6592.0,0.258
6593.0,0.258
6594.0,0.258
6595.0,0.258
6596.0,0.258
6597.0,0.258
6598.0,0.258
6599.0,0.258
6600.0,0.258
6601.0,0.258
6602.0,0.258
6603.0,0.258
6604.0,0.258
6605.0,0.258
6606.0,0.258
6607.0,0.258
6608.0,0.258
6609.0,0.258
6610.0,0.258
6611.0,0.258
6612.0,0.258
6613.0,0.258
6614.0,0.258
6615.0,0.258
6616.0,0.258
6617.0,0.258
6618.0,0.21499999999999997
6619.0,0.21499999999999997
6620.0,0.258
6621.0,0.21499999999999997
6622.0,0.258
6623.0,0.258
6624.0,0.258
6625.0,0.258
6626.0,0.21499999999999997
6627.0,0.21499999999999997
6628.0,0.21499999999999997
6629.0,0.21499999999999997
6630.0,0.21499999999999997
6631.0,0.258
6632.0,0.21499999999999997
6633.0,0.258
6634.0,0.21499999999999997
6635.0,0.258
6636.0,0.258
6637.0,0.258
6638.0,0.258
6639.0,0.258
6640.0,0.258
6641.0,0.258
6642.0,0.258
6643.0,0.258
6644.0,0.258
6645.0,0.258
6646.0,0.258
6647.0,0.258
6648.0,0.258
6649.0,0.258
6650.0,0.258
6651.0,0.258
6652.0,0.21499999999999997
6653.0,0.21499999999999997
6654.0,0.21499999999999997
6655.0,0.258
6656.0,0.258
6657.0,0.21499999999999997
6658.0,0.258
6659.0,0.258
6660.0,0.21499999999999997
6661.0,0.21499999999999997
6662.0,0.21499999999999997
6663.0,0.21499999999999997
6664.0,0.258
6665.0,0.21499999999999997
6666.0,0.258
6667.0,0.21499999999999997
6668.0,0.21499999999999997
6669.0,0.21499999999999997
6670.0,0.258
6671.0,0.258
6672.0,0.258
6673.0,0.258
6674.0,0.258
6675.0,0.258
6676.0,0.258
6677.0,0.258
6678.0,0.258
6679.0,0.258
6680.0,0.258
6681.0,0.258
6682.0,0.258
6683.0,0.258
6684.0,0.258
6685.0,0.21499999999999997
6686.0,0.21499999999999997
6687.0,0.258
6688.0,0.258
6689.0,0.258
6690.0,0.258
6691.0,0.258
6692.0,0.21499999999999997
6693.0,0.21499999999999997
6694.0,0.21499999999999997
6695.0,0.258
6696.0,0.258
6697.0,0.258
6698.0,0.258
6699.0,0.21499999999999997
6700.0,0.258
6701.0,0.258
6702.0,0.21499999999999997
6703.0,0.21499999999999997
6704.0,0.258
6705.0,0.258
6706.0,0.258
6707.0,0.258
6708.0,0.258
6709.0,0.21499999999999997
6710.0,0.21499999999999997
6711.0,0.21499999999999997
6712.0,0.258
6713.0,0.258
6714.0,0.258
6715.0,0.258
6716.0,0.258
6717.0,0.258
6718.0,0.258
6719.0,0.258
6720.0,0.258
6721.0,0.258
6722.0,0.258
6723.0,0.258
6724.0,0.258
6725.0,0.21499999999999997
6726.0,0.258
6727.0,0.21499999999999997
6728.0,0.21499999999999997
6729.0,0.258
6730.0,0.21499999999999997
6731.0,0.258
6732.0,0.258
6733.0,0.21499999999999997
6734.0,0.258
6735.0,0.258
6736.0,0.258
6737.0,0.21499999999999997
6738.0,0.21499999999999997
6739.0,0.258
6740.0,0.258
6741.0,0.258
6742.0,0.258
6743.0,0.258
6744.0,0.21499999999999997
6745.0,0.258
6746.0,0.258
6747.0,0.258
6748.0,0.258
6749.0,0.258
6750.0,0.258
6751.0,0.258
6752.0,0.258
6753.0,0.258
6754.0,0.258
6755.0,0.258
6756.0,0.258
6757.0,0.258
6758.0,0.258
6759.0,0.258
6760.0,0.21499999999999997
6761.0,0.258
6762.0,0.21499999999999997
6763.0,0.21499999999999997
6764.0,0.258
6765.0,0.258
6766.0,0.21499999999999997
6767.0,0.21499999999999997
6768.0,0.21499999999999997
6769.0,0.21499999999999997
6770.0,0.258
6771.0,0.21499999999999997
6772.0,0.258
6773.0,0.258
6774.0,0.258
6775.0,0.258
6776.0,0.258
6777.0,0.21499999999999997
6778.0,0.21499999999999997
6779.0,0.21499999999999997
6780.0,0.258
6781.0,0.258
6782.0,0.258
6783.0,0.258
6784.0,0.258
6785.0,0.258
6786.0,0.258
6787.0,0.258
6788.0,0.258
6789.0,0.258
6790.0,0.258
6791.0,0.258
6792.0,0.258
6793.0,0.258
6794.0,0.258
6795.0,0.21499999999999997
6796.0,0.258
6797.0,0.258
6798.0,0.258
6799.0,0.258
6800.0,0.258
6801.0,0.258
6802.0,0.258
6803.0,0.21499999999999997
6804.0,0.21499999999999997
6805.0,0.258
6806.0,0.258
6807.0,0.258
6808.0,0.258
6809.0,0.258
6810.0,0.21499999999999997
6811.0,0.258
6812.0,0.21499999999999997
6813.0,0.258
6814.0,0.258
6815.0,0.258
6816.0,0.258
6817.0,0.258
6818.0,0.21499999999999997
6819.0,0.21499999999999997
6820.0,0.258
6821.0,0.258
6822.0,0.258
6823.0,0.258
6824.0,0.258
6825.0,0.258
6826.0,0.258
6827.0,0.258
6828.0,0.21499999999999997
6829.0,0.258
6830.0,0.258
6831.0,0.258
6832.0,0.258
6833.0,0.258
6834.0,0.258
6835.0,0.258
6836.0,0.21499999999999997
6837.0,0.21499999999999997
6838.0,0.21499999999999997
6839.0,0.258
6840.0,0.21499999999999997
6841.0,0.258
6842.0,0.21499999999999997
6843.0,0.21499999999999997
6844.0,0.21499999999999997
6845.0,0.21499999999999997
6846.0,0.258
6847.0,0.258
6848.0,0.258
6849.0,0.258
6850.0,0.258
6851.0,0.258
6852.0,0.21499999999999997
6853.0,0.21499999999999997
6854.0,0.21499999999999997
6855.0,0.258
6856.0,0.258
6857.0,0.258
6858.0,0.258
6859.0,0.258
6860.0,0.258
6861.0,0.258
6862.0,0.258
6863.0,0.258
6864.0,0.258
6865.0,0.258
6866.0,0.258
6867.0,0.258
6868.0,0.258
6869.0,0.258
6870.0,0.21499999999999997
6871.0,0.21499999999999997
6872.0,0.21499999999999997
6873.0,0.258
6874.0,0.258
6875.0,0.258
6876.0,0.258
6877.0,0.258
6878.0,0.21499999999999997
6879.0,0.21499999999999997
6880.0,0.258
6881.0,0.21499999999999997
6882.0,0.258
6883.0,0.258
6884.0,0.258
6885.0,0.258
6886.0,0.21499999999999997
6887.0,0.21499999999999997
6888.0,0.258
6889.0,0.258
6890.0,0.258
6891.0,0.258
6892.0,0.258
6893.0,0.258
6894.0,0.258
6895.0,0.258
6896.0,0.258
6897.0,0.258
6898.0,0.258
6899.0,0.258
6900.0,0.258
6901.0,0.258
6902.0,0.258
6903.0,0.258
6904.0,0.258
6905.0,0.258
6906.0,0.258
6907.0,0.258
6908.0,0.258
6909.0,0.21499999999999997
6910.0,0.258
6911.0,0.258
6912.0,0.21499999999999997
6913.0,0.21499999999999997
6914.0,0.21499999999999997
6915.0,0.258
6916.0,0.21499999999999997
6917.0,0.21499999999999997
6918.0,0.258
6919.0,0.21499999999999997
6920.0,0.258
6921.0,0.21499999999999997
6922.0,0.21499999999999997
6923.0,0.258
6924.0,0.258
6925.0,0.258
6926.0,0.258
6927.0,0.21499999999999997
6928.0,0.258
6929.0,0.21499999999999997
6930.0,0.21499999999999997
6931.0,0.258
6932.0,0.258
6933.0,0.258
6934.0,0.258
6935.0,0.258
6936.0,0.258
6937.0,0.258
6938.0,0.258
6939.0,0.258
6940.0,0.258
6941.0,0.258
6942.0,0.258
6943.0,0.258
6944.0,0.258
6945.0,0.258
6946.0,0.258
6947.0,0.258
6948.0,0.258
6949.0,0.258
6950.0,0.258
6951.0,0.258
6952.0,0.21499999999999997
6953.0,0.21499999999999997
6954.0,0.21499999999999997
6955.0,0.258
6956.0,0.258
6957.0,0.21499999999999997
6958.0,0.258
6959.0,0.21499999999999997
6960.0,0.258
6961.0,0.21499999999999997
6962.0,0.21499999999999997
6963.0,0.21499999999999997
6964.0,0.21499999999999997
6965.0,0.258
6966.0,0.258
6967.0,0.258
6968.0,0.258
6969.0,0.258
6970.0,0.258
6971.0,0.258
6972.0,0.258
6973.0,0.258
6974.0,0.258
6975.0,0.258
6976.0,0.258
6977.0,0.258
6978.0,0.258
6979.0,0.258
6980.0,0.258
6981.0,0.258
6982.0,0.258
6983.0,0.258
6984.0,0.258
6985.0,0.258
6986.0,0.21499999999999997
6987.0,0.21499999999999997
6988.0,0.21499999999999997
6989.0,0.258
6990.0,0.258
6991.0,0.258
6992.0,0.21499999999999997
6993.0,0.258
6994.0,0.21499999999999997
6995.0,0.258
6996.0,0.258
6997.0,0.21499999999999997
6998.0,0.21499999999999997
6999.0,0.258
7000.0,0.258
7001.0,0.21499999999999997
7002.0,0.21499999999999997
7003.0,0.258
7004.0,0.258
7005.0,0.258
7006.0,0.258
7007.0,0.258
7008.0,0.258
7009.0,0.258
7010.0,0.258
7011.0,0.258
7012.0,0.258
7013.0,0.258
7014.0,0.258
7015.0,0.258
7016.0,0.258
7017.0,0.258
7018.0,0.258
7019.0,0.258
7020.0,0.21499999999999997
7021.0,0.258
7022.0,0.21499999999999997
7023.0,0.258
7024.0,0.258
7025.0,0.21499999999999997
7026.0,0.258
7027.0,0.21499999999999997
7028.0,0.21499999999999997
7029.0,0.21499999999999997
7030.0,0.21499999999999997
7031.0,0.258
7032.0,0.258
7033.0,0.258
7034.0,0.258
7035.0,0.21499999999999997
7036.0,0.21499999999999997
7037.0,0.258
7038.0,0.258
7039.0,0.21499999999999997
7040.0,0.258
7041.0,0.258
7042.0,0.258
7043.0,0.258
7044.0,0.258
7045.0,0.258
7046.0,0.258
7047.0,0.258
7048.0,0.258
7049.0,0.258
7050.0,0.258
7051.0,0.258
7052.0,0.258
7053.0,0.258
7054.0,0.258
7055.0,0.258
7056.0,0.21499999999999997
7057.0,0.258
7058.0,0.21499999999999997
7059.0,0.258
7060.0,0.258
7061.0,0.258
7062.0,0.21499999999999997
7063.0,0.21499999999999997
7064.0,0.258
7065.0,0.258
7066.0,0.21499999999999997
7067.0,0.258
7068.0,0.21499999999999997
7069.0,0.258
7070.0,0.258
7071.0,0.21499999999999997
7072.0,0.21499999999999997
7073.0,0.21499999999999997
7074.0,0.258
7075.0,0.258
7076.0,0.258
7077.0,0.258
7078.0,0.258
7079.0,0.258
7080.0,0.21499999999999997
7081.0,0.258
7082.0,0.258
7083.0,0.258
7084.0,0.258
7085.0,0.258
7086.0,0.258
7087.0,0.258
7088.0,0.258
7089.0,0.258
7090.0,0.258
7091.0,0.258
7092.0,0.258
7093.0,0.258
7094.0,0.258
7095.0,0.258
7096.0,0.258
7097.0,0.21499999999999997
7098.0,0.21499999999999997
7099.0,0.21499999999999997
7100.0,0.21499999999999997
7101.0,0.258
7102.0,0.258
7103.0,0.258
7104.0,0.21499999999999997
7105.0,0.21499999999999997
7106.0,0.258
7107.0,0.258
7108.0,0.258
7109.0,0.258
7110.0,0.21499999999999997
7111.0,0.21499999999999997
7112.0,0.21499999999999997
7113.0,0.21499999999999997
7114.0,0.258
7115.0,0.258
7116.0,0.258
7117.0,0.258
7118.0,0.258
7119.0,0.258
7120.0,0.258
7121.0,0.258
7122.0,0.258
7123.0,0.258
7124.0,0.258
7125.0,0.258
7126.0,0.258
7127.0,0.258
7128.0,0.258
7129.0,0.258
7130.0,0.258
7131.0,0.258
7132.0,0.258
7133.0,0.258
7134.0,0.21499999999999997
7135.0,0.21499999999999997
7136.0,0.21499999999999997
7137.0,0.21499999999999997
7138.0,0.21499999999999997
7139.0,0.21499999999999997
7140.0,0.258
7141.0,0.258
7142.0,0.258
7143.0,0.258
7144.0,0.21499999999999997
7145.0,0.258
7146.0,0.258
7147.0,0.258
7148.0,0.258
7149.0,0.258
7150.0,0.258
7151.0,0.258
7152.0,0.258
7153.0,0.258
7154.0,0.258
7155.0,0.258
7156.0,0.258
7157.0,0.258
7158.0,0.258
7159.0,0.258
7160.0,0.258
7161.0,0.258
7162.0,0.258
7163.0,0.258
7164.0,0.258
7165.0,0.258
7166.0,0.258
7167.0,0.21499999999999997
7168.0,0.258
7169.0,0.258
7170.0,0.21499999999999997
7171.0,0.258
7172.0,0.21499999999999997
7173.0,0.258
7174.0,0.258
7175.0,0.21499999999999997
7176.0,0.258
7177.0,0.21499999999999997
7178.0,0.21499999999999997
7179.0,0.21499999999999997
7180.0,0.258
7181.0,0.21499999999999997
7182.0,0.258
7183.0,0.21499999999999997
7184.0,0.258
7185.0,0.21499999999999997
7186.0,0.21499999999999997
7187.0,0.258
7188.0,0.258
7189.0,0.258
7190.0,0.258
7191.0,0.258
7192.0,0.21499999999999997
7193.0,0.258
7194.0,0.258
7195.0,0.258
7196.0,0.258
7197.0,0.258
7198.0,0.258
7199.0,0.258
7200.0,0.258
7201.0,0.258
7202.0,0.21499999999999997
7203.0,0.258
7204.0,0.258
7205.0,0.258
7206.0,0.258
7207.0,0.258
7208.0,0.21499999999999997
7209.0,0.21499999999999997
7210.0,0.21499999999999997
7211.0,0.21499999999999997
7212.0,0.21499999999999997
7213.0,0.258
7214.0,0.258
7215.0,0.21499999999999997
7216.0,0.258
7217.0,0.258
7218.0,0.258
7219.0,0.21499999999999997
7220.0,0.258
7221.0,0.258
7222.0,0.21499999999999997
7223.0,0.258
7224.0,0.258
7225.0,0.21499999999999997
7226.0,0.258
7227.0,0.258
7228.0,0.258
7229.0,0.258
7230.0,0.258
7231.0,0.258
7232.0,0.258
7233.0,0.258
7234.0,0.258
7235.0,0.258
7236.0,0.258
7237.0,0.258
7238.0,0.258
7239.0,0.258
7240.0,0.258
7241.0,0.21499999999999997
7242.0,0.21499999999999997
7243.0,0.21499999999999997
7244.0,0.21499999999999997
7245.0,0.21499999999999997
7246.0,0.21499999999999997
7247.0,0.258
7248.0,0.258
7249.0,0.258
7250.0,0.258
7251.0,0.258
7252.0,0.258
7253.0,0.21499999999999997
7254.0,0.21499999999999997
7255.0,0.258
7256.0,0.21499999999999997
7257.0,0.21499999999999997
7258.0,0.258
7259.0,0.258
7260.0,0.258
7261.0,0.21499999999999997
7262.0,0.258
7263.0,0.258
7264.0,0.258
7265.0,0.258
7266.0,0.258
7267.0,0.258
7268.0,0.258
7269.0,0.258
7270.0,0.258
7271.0,0.258
7272.0,0.258
7273.0,0.258
7274.0,0.258
7275.0,0.258
7276.0,0.21499999999999997
7277.0,0.21499999999999997
7278.0,0.258
7279.0,0.258
7280.0,0.258
7281.0,0.258
7282.0,0.21499999999999997
7283.0,0.258
7284.0,0.258
7285.0,0.21499999999999997
7286.0,0.21499999999999997
7287.0,0.21499999999999997
7288.0,0.21499999999999997
7289.0,0.258
7290.0,0.258
7291.0,0.21499999999999997
7292.0,0.21499999999999997
7293.0,0.258
7294.0,0.21499999999999997
7295.0,0.258
7296.0,0.258
7297.0,0.258
7298.0,0.258
7299.0,0.258
7300.0,0.258
7301.0,0.258
7302.0,0.258
7303.0,0.258
7304.0,0.258
7305.0,0.258
7306.0,0.258
7307.0,0.258
7308.0,0.258
7309.0,0.258
7310.0,0.258
7311.0,0.258
7312.0,0.258
7313.0,0.258
7314.0,0.258
7315.0,0.258
7316.0,0.258
7317.0,0.258
7318.0,0.258
7319.0,0.21499999999999997
7320.0,0.21499999999999997
7321.0,0.21499999999999997
7322.0,0.21499999999999997
7323.0,0.258
7324.0,0.258
7325.0,0.258
7326.0,0.21499999999999997
7327.0,0.21499999999999997
7328.0,0.21499999999999997
7329.0,0.21499999999999997
7330.0,0.258
7331.0,0.21499999999999997
7332.0,0.258
7333.0,0.258
7334.0,0.258
7335.0,0.258
7336.0,0.258
7337.0,0.258
7338.0,0.258
7339.0,0.258
7340.0,0.258
7341.0,0.258
7342.0,0.258
7343.0,0.258
7344.0,0.258
7345.0,0.258
7346.0,0.258
7347.0,0.258
7348.0,0.258
7349.0,0.258
7350.0,0.258
7351.0,0.258
7352.0,0.21499999999999997
7353.0,0.258
7354.0,0.258
7355.0,0.258
7356.0,0.258
7357.0,0.258
7358.0,0.258
7359.0,0.258
7360.0,0.21499999999999997
7361.0,0.21499999999999997
7362.0,0.21499999999999997
7363.0,0.21499999999999997
7364.0,0.258
7365.0,0.258
7366.0,0.258
7367.0,0.21499999999999997
7368.0,0.21499999999999997
7369.0,0.21499999999999997
7370.0,0.21499999999999997
7371.0,0.258
7372.0,0.258
7373.0,0.258
7374.0,0.258
7375.0,0.258
7376.0,0.258
7377.0,0.258
7378.0,0.258
7379.0,0.258
7380.0,0.258
7381.0,0.258
7382.0,0.258
7383.0,0.258
7384.0,0.258
7385.0,0.258
7386.0,0.258
7387.0,0.258
7388.0,0.258
7389.0,0.258
7390.0,0.258
7391.0,0.258
7392.0,0.21499999999999997
7393.0,0.21499999999999997
7394.0,0.21499999999999997
7395.0,0.258
7396.0,0.21499999999999997
7397.0,0.258
7398.0,0.258
7399.0,0.258
7400.0,0.21499999999999997
7401.0,0.21499999999999997
7402.0,0.21499999999999997
7403.0,0.21499999999999997
7404.0,0.21499999999999997
7405.0,0.21499999999999997
7406.0,0.21499999999999997
7407.0,0.258
7408.0,0.258
7409.0,0.258
7410.0,0.258
7411.0,0.258
7412.0,0.258
7413.0,0.258
7414.0,0.258
7415.0,0.258
7416.0,0.258
7417.0,0.258
7418.0,0.258
7419.0,0.258
7420.0,0.258
7421.0,0.258
7422.0,0.258
7423.0,0.258
7424.0,0.258
7425.0,0.258
7426.0,0.258
7427.0,0.21499999999999997
7428.0,0.258
7429.0,0.21499999999999997
7430.0,0.21499999999999997
7431.0,0.21499999999999997
7432.0,0.258
7433.0,0.258
7434.0,0.21499999999999997
7435.0,0.21499999999999997
7436.0,0.21499999999999997
7437.0,0.21499999999999997
7438.0,0.21499999999999997
7439.0,0.21499999999999997
7440.0,0.258
7441.0,0.21499999999999997
7442.0,0.258
7443.0,0.258
7444.0,0.21499999999999997
7445.0,0.21499999999999997
7446.0,0.21499999999999997
7447.0,0.258
7448.0,0.258
7449.0,0.258
7450.0,0.258
7451.0,0.258
7452.0,0.258
7453.0,0.258
7454.0,0.258
7455.0,0.258
7456.0,0.258
7457.0,0.258
7458.0,0.258
7459.0,0.258
7460.0,0.258
7461.0,0.258
7462.0,0.258
7463.0,0.258
7464.0,0.258
7465.0,0.258
7466.0,0.258
7467.0,0.258
7468.0,0.258
7469.0,0.21499999999999997
7470.0,0.21499999999999997
7471.0,0.21499999999999997
7472.0,0.258
7473.0,0.21499999999999997
7474.0,0.21499999999999997
7475.0,0.258
7476.0,0.258
7477.0,0.21499999999999997
7478.0,0.21499999999999997
7479.0,0.258
7480.0,0.21499999999999997
7481.0,0.21499999999999997
7482.0,0.258
7483.0,0.258
7484.0,0.258
7485.0,0.258
7486.0,0.258
7487.0,0.258
7488.0,0.258
7489.0,0.258
7490.0,0.258
7491.0,0.258
7492.0,0.258
7493.0,0.258
7494.0,0.258
7495.0,0.258
7496.0,0.258
7497.0,0.21499999999999997
7498.0,0.258
7499.0,0.258
7500.0,0.258
7501.0,0.258
7502.0,0.21499999999999997
7503.0,0.258
7504.0,0.21499999999999997
7505.0,0.21499999999999997
7506.0,0.21499999999999997
7507.0,0.21499999999999997
7508.0,0.258
7509.0,0.21499999999999997
7510.0,0.21499999999999997
7511.0,0.258
7512.0,0.21499999999999997
7513.0,0.21499999999999997
7514.0,0.258
7515.0,0.21499999999999997
7516.0,0.258
7517.0,0.21499999999999997
7518.0,0.258
7519.0,0.21499999999999997
7520.0,0.21499999999999997
7521.0,0.258
7522.0,0.258
7523.0,0.258
7524.0,0.258
7525.0,0.258
7526.0,0.258
7527.0,0.258
7528.0,0.258
7529.0,0.258
7530.0,0.258
7531.0,0.258
7532.0,0.258
7533.0,0.258
7534.0,0.258
7535.0,0.258
7536.0,0.258
7537.0,0.258
7538.0,0.258
7539.0,0.21499999999999997
7540.0,0.258
7541.0,0.21499999999999997
7542.0,0.21499999999999997
7543.0,0.21499999999999997
7544.0,0.21499999999999997
7545.0,0.21499999999999997
7546.0,0.21499999999999997
7547.0,0.21499999999999997
7548.0,0.21499999999999997
7549.0,0.21499999999999997
7550.0,0.258
7551.0,0.21499999999999997
7552.0,0.258
7553.0,0.21499999999999997
7554.0,0.258
7555.0,0.258
7556.0,0.258
7557.0,0.258
7558.0,0.258
7559.0,0.258
7560.0,0.258
7561.0,0.258
7562.0,0.258
7563.0,0.258
7564.0,0.258
7565.0,0.258
7566.0,0.258
7567.0,0.258
7568.0,0.258
7569.0,0.258
7570.0,0.258
7571.0,0.258
7572.0,0.258
7573.0,0.21499999999999997
7574.0,0.258
7575.0,0.258
7576.0,0.21499999999999997
7577.0,0.21499999999999997
7578.0,0.21499999999999997
7579.0,0.21499999999999997
7580.0,0.21499999999999997
7581.0,0.21499999999999997
7582.0,0.21499999999999997
7583.0,0.258
7584.0,0.258
7585.0,0.21499999999999997
7586.0,0.21499999999999997
7587.0,0.21499999999999997
7588.0,0.258
7589.0,0.21499999999999997
7590.0,0.258
7591.0,0.21499999999999997
7592.0,0.258
7593.0,0.258
7594.0,0.258
7595.0,0.21499999999999997
7596.0,0.258
7597.0,0.258
7598.0,0.258
7599.0,0.258
7600.0,0.258
7601.0,0.258
7602.0,0.258
7603.0,0.258
7604.0,0.258
7605.0,0.258
7606.0,0.258
7607.0,0.258
7608.0,0.258
7609.0,0.258
7610.0,0.258
7611.0,0.258
7612.0,0.258
7613.0,0.258
7614.0,0.258
7615.0,0.258
7616.0,0.258
7617.0,0.21499999999999997
7618.0,0.21499999999999997
7619.0,0.258
7620.0,0.21499999999999997
7621.0,0.258
7622.0,0.21499999999999997
7623.0,0.258
7624.0,0.21499999999999997
7625.0,0.258
7626.0,0.21499999999999997
7627.0,0.258
7628.0,0.258
7629.0,0.21499999999999997
7630.0,0.21499999999999997
7631.0,0.258
7632.0,0.258
7633.0,0.258
7634.0,0.258
7635.0,0.258
7636.0,0.258
7637.0,0.258
7638.0,0.258
7639.0,0.258
7640.0,0.258
7641.0,0.258
7642.0,0.258
7643.0,0.258
7644.0,0.258
7645.0,0.258
7646.0,0.258
7647.0,0.258
7648.0,0.21499999999999997
7649.0,0.21499999999999997
7650.0,0.21499999999999997
7651.0,0.21499999999999997
7652.0,0.21499999999999997
7653.0,0.21499999999999997
7654.0,0.21499999999999997
7655.0,0.21499999999999997
7656.0,0.21499999999999997
7657.0,0.258
7658.0,0.258
7659.0,0.21499999999999997
7660.0,0.21499999999999997
7661.0,0.21499999999999997
7662.0,0.21499999999999997
7663.0,0.21499999999999997
7664.0,0.21499999999999997
7665.0,0.21499999999999997
7666.0,0.21499999999999997
7667.0,0.21499999999999997
7668.0,0.258
7669.0,0.258
7670.0,0.258
7671.0,0.258
7672.0,0.258
7673.0,0.258
7674.0,0.21499999999999997
7675.0,0.258
7676.0,0.258
7677.0,0.258
7678.0,0.258
7679.0,0.258
7680.0,0.258
7681.0,0.258
7682.0,0.258
7683.0,0.258
7684.0,0.258
7685.0,0.21499999999999997
7686.0,0.21499999999999997
7687.0,0.258
7688.0,0.21499999999999997
7689.0,0.258
7690.0,0.21499999999999997
7691.0,0.21499999999999997
7692.0,0.258
7693.0,0.258
7694.0,0.258
7695.0,0.21499999999999997
7696.0,0.21499999999999997
7697.0,0.258
7698.0,0.258
7699.0,0.258
7700.0,0.258
7701.0,0.258
7702.0,0.258
7703.0,0.258
7704.0,0.258
7705.0,0.258
7706.0,0.258
7707.0,0.258
7708.0,0.258
7709.0,0.258
7710.0,0.258
7711.0,0.258
7712.0,0.258
7713.0,0.258
7714.0,0.258
7715.0,0.258
7716.0,0.258
7717.0,0.258
7718.0,0.258
7719.0,0.258
7720.0,0.258
7721.0,0.258
7722.0,0.258
7723.0,0.21499999999999997
7724.0,0.258
7725.0,0.258
7726.0,0.21499999999999997
7727.0,0.21499999999999997
7728.0,0.21499999999999997
7729.0,0.21499999999999997
7730.0,0.258
7731.0,0.21499999999999997
7732.0,0.258
7733.0,0.258
7734.0,0.258
7735.0,0.21499999999999997
7736.0,0.21499999999999997
7737.0,0.258
7738.0,0.21499999999999997
7739.0,0.258
7740.0,0.258
7741.0,0.258
7742.0,0.258
7743.0,0.21499999999999997
7744.0,0.21499999999999997
7745.0,0.258
7746.0,0.258
7747.0,0.258
7748.0,0.258
7749.0,0.258
7750.0,0.258
7751.0,0.258
7752.0,0.258
7753.0,0.258
7754.0,0.258
7755.0,0.258
7756.0,0.258
7757.0,0.258
7758.0,0.21499999999999997
7759.0,0.21499999999999997
7760.0,0.21499999999999997
7761.0,0.21499999999999997
7762.0,0.258
7763.0,0.258
7764.0,0.258
7765.0,0.258
7766.0,0.258
7767.0,0.21499999999999997
7768.0,0.258
7769.0,0.21499999999999997
7770.0,0.21499999999999997
7771.0,0.21499999999999997
7772.0,0.258
7773.0,0.258
7774.0,0.21499999999999997
7775.0,0.258
7776.0,0.21499999999999997
7777.0,0.21499999999999997
7778.0,0.21499999999999997
7779.0,0.21499999999999997
7780.0,0.258
7781.0,0.258
7782.0,0.258
7783.0,0.258
7784.0,0.21499999999999997
7785.0,0.258
7786.0,0.258
7787.0,0.258
7788.0,0.258
7789.0,0.258
7790.0,0.258
7791.0,0.258
7792.0,0.258
7793.0,0.258
7794.0,0.258
7795.0,0.258
7796.0,0.258
7797.0,0.258
7798.0,0.258
7799.0,0.258
7800.0,0.258
7801.0,0.21499999999999997
7802.0,0.21499999999999997
7803.0,0.21499999999999997
7804.0,0.21499999999999997
7805.0,0.258
7806.0,0.258
7807.0,0.21499999999999997
7808.0,0.258
7809.0,0.258
7810.0,0.21499999999999997
7811.0,0.21499999999999997
7812.0,0.21499999999999997
7813.0,0.258
7814.0,0.258
7815.0,0.258
7816.0,0.21499999999999997
7817.0,0.258
7818.0,0.258
7819.0,0.258
7820.0,0.258
7821.0,0.258
7822.0,0.258
7823.0,0.258
7824.0,0.258
7825.0,0.258
7826.0,0.21499999999999997
7827.0,0.21499999999999997
7828.0,0.258
7829.0,0.258
7830.0,0.258
7831.0,0.258
7832.0,0.21499999999999997
7833.0,0.21499999999999997
7834.0,0.21499999999999997
7835.0,0.21499999999999997
7836.0,0.21499999999999997
7837.0,0.21499999999999997
7838.0,0.21499999999999997
7839.0,0.21499999999999997
7840.0,0.258
7841.0,0.258
7842.0,0.258
7843.0,0.258
7844.0,0.21499999999999997
7845.0,0.258
7846.0,0.258
7847.0,0.258
7848.0,0.258
7849.0,0.258
7850.0,0.258
7851.0,0.258
7852.0,0.21499999999999997
7853.0,0.258
7854.0,0.258
7855.0,0.258
7856.0,0.258
7857.0,0.258
7858.0,0.258
7859.0,0.258
7860.0,0.21499999999999997
7861.0,0.258
7862.0,0.21499999999999997
7863.0,0.258
7864.0,0.258
7865.0,0.258
7866.0,0.258
7867.0,0.21499999999999997
7868.0,0.21499999999999997
7869.0,0.21499999999999997
7870.0,0.21499999999999997
7871.0,0.21499999999999997
7872.0,0.258
7873.0,0.258
7874.0,0.21499999999999997
7875.0,0.258
7876.0,0.21499999999999997
7877.0,0.21499999999999997
7878.0,0.21499999999999997
7879.0,0.21499999999999997
7880.0,0.21499999999999997
7881.0,0.21499999999999997
7882.0,0.21499999999999997
7883.0,0.258
7884.0,0.258
7885.0,0.21499999999999997
7886.0,0.21499999999999997
7887.0,0.21499999999999997
7888.0,0.258
7889.0,0.21499999999999997
7890.0,0.258
7891.0,0.258
7892.0,0.258
7893.0,0.258
7894.0,0.258
7895.0,0.258
7896.0,0.258
7897.0,0.258
7898.0,0.258
7899.0,0.258
7900.0,0.258
7901.0,0.258
7902.0,0.258
7903.0,0.258
7904.0,0.258
7905.0,0.258
7906.0,0.258
7907.0,0.258
7908.0,0.258
7909.0,0.258
7910.0,0.21499999999999997
7911.0,0.21499999999999997
7912.0,0.21499999999999997
7913.0,0.21499999999999997
7914.0,0.21499999999999997
7915.0,0.21499999999999997
7916.0,0.258
7917.0,0.258
7918.0,0.21499999999999997
7919.0,0.258
7920.0,0.21499999999999997
7921.0,0.21499999999999997
7922.0,0.21499999999999997
7923.0,0.258
7924.0,0.21499999999999997
7925.0,0.258
7926.0,0.21499999999999997
7927.0,0.258
7928.0,0.258
7929.0,0.258
7930.0,0.258
7931.0,0.258
7932.0,0.258
7933.0,0.21499999999999997
7934.0,0.258
7935.0,0.258
7936.0,0.258
7937.0,0.258
7938.0,0.258
7939.0,0.258
7940.0,0.258
7941.0,0.258
7942.0,0.258
7943.0,0.21499999999999997
7944.0,0.21499999999999997
7945.0,0.21499999999999997
7946.0,0.258
7947.0,0.21499999999999997
7948.0,0.258
7949.0,0.258
7950.0,0.21499999999999997
7951.0,0.21499999999999997
7952.0,0.21499999999999997
7953.0,0.21499999999999997
7954.0,0.258
7955.0,0.21499999999999997
7956.0,0.21499999999999997
7957.0,0.258
7958.0,0.258
7959.0,0.258
7960.0,0.21499999999999997
7961.0,0.21499999999999997
7962.0,0.21499999999999997
7963.0,0.258
7964.0,0.258
7965.0,0.258
7966.0,0.258
7967.0,0.258
7968.0,0.21499999999999997
7969.0,0.21499999999999997
7970.0,0.21499999999999997
7971.0,0.258
7972.0,0.21499999999999997
7973.0,0.258
7974.0,0.258
7975.0,0.258
7976.0,0.258
7977.0,0.258
7978.0,0.258
7979.0,0.258
7980.0,0.258
7981.0,0.258
7982.0,0.258
7983.0,0.258
7984.0,0.21499999999999997
7985.0,0.21499999999999997
7986.0,0.258
7987.0,0.258
7988.0,0.21499999999999997
7989.0,0.258
7990.0,0.21499999999999997
7991.0,0.21499999999999997
7992.0,0.21499999999999997
7993.0,0.21499999999999997
7994.0,0.21499999999999997
7995.0,0.21499999999999997
7996.0,0.21499999999999997
7997.0,0.21499999999999997
7998.0,0.258
7999.0,0.258
8000.0,0.21499999999999997
8001.0,0.258
8002.0,0.258
8003.0,0.258
8004.0,0.21499999999999997
8005.0,0.258
8006.0,0.258
8007.0,0.258
8008.0,0.258
8009.0,0.258
8010.0,0.258
8011.0,0.258
8012.0,0.258
8013.0,0.21499999999999997
8014.0,0.258
8015.0,0.258
8016.0,0.21499999999999997
8017.0,0.258
8018.0,0.258
8019.0,0.258
8020.0,0.21499999999999997
8021.0,0.21499999999999997
8022.0,0.21499999999999997
8023.0,0.21499999999999997
8024.0,0.21499999999999997
8025.0,0.258
8026.0,0.21499999999999997
8027.0,0.21499999999999997
8028.0,0.21499999999999997
8029.0,0.21499999999999997
8030.0,0.21499999999999997
8031.0,0.21499999999999997
8032.0,0.21499999999999997
8033.0,0.21499999999999997
8034.0,0.21499999999999997
8035.0,0.21499999999999997
8036.0,0.258
8037.0,0.21499999999999997
8038.0,0.258
8039.0,0.258
8040.0,0.258
8041.0,0.258
8042.0,0.258
8043.0,0.258
8044.0,0.258
8045.0,0.258
8046.0,0.21499999999999997
8047.0,0.258
8048.0,0.21499999999999997
8049.0,0.258
8050.0,0.258
8051.0,0.258
8052.0,0.258
8053.0,0.258
8054.0,0.21499999999999997
8055.0,0.21499999999999997
8056.0,0.21499999999999997
8057.0,0.258
8058.0,0.258
8059.0,0.21499999999999997
8060.0,0.21499999999999997
8061.0,0.21499999999999997
8062.0,0.21499999999999997
8063.0,0.21499999999999997
8064.0,0.21499999999999997
8065.0,0.21499999999999997
8066.0,0.21499999999999997
8067.0,0.21499999999999997
8068.0,0.258
8069.0,0.258
8070.0,0.21499999999999997
8071.0,0.21499999999999997
8072.0,0.21499999999999997
8073.0,0.21499999999999997
8074.0,0.21499999999999997
8075.0,0.258
8076.0,0.258
8077.0,0.258
8078.0,0.258
8079.0,0.258
8080.0,0.258
8081.0,0.21499999999999997
8082.0,0.258
8083.0,0.258
8084.0,0.21499999999999997
8085.0,0.258
8086.0,0.258
8087.0,0.258
8088.0,0.258
8089.0,0.258
8090.0,0.258
8091.0,0.21499999999999997
8092.0,0.21499999999999997
8093.0,0.258
8094.0,0.21499999999999997
8095.0,0.21499999999999997
8096.0,0.21499999999999997
8097.0,0.258
8098.0,0.21499999999999997
8099.0,0.258
8100.0,0.258
8101.0,0.21499999999999997
8102.0,0.21499999999999997
8103.0,0.21499999999999997
8104.0,0.21499999999999997
8105.0,0.258
8106.0,0.21499999999999997
8107.0,0.21499999999999997
8108.0,0.21499999999999997
8109.0,0.258
8110.0,0.258
8111.0,0.258
8112.0,0.258
8113.0,0.258
8114.0,0.258
8115.0,0.258
8116.0,0.21499999999999997
8117.0,0.258
8118.0,0.258
8119.0,0.258
8120.0,0.258
8121.0,0.258
8122.0,0.258
8123.0,0.258
8124.0,0.21499999999999997
8125.0,0.258
8126.0,0.21499999999999997
8127.0,0.258
8128.0,0.21499999999999997
8129.0,0.21499999999999997
8130.0,0.21499999999999997
8131.0,0.258
8132.0,0.21499999999999997
8133.0,0.258
8134.0,0.258
8135.0,0.21499999999999997
8136.0,0.21499999999999997
8137.0,0.21499999999999997
8138.0,0.21499999999999997
8139.0,0.258
8140.0,0.258
8141.0,0.21499999999999997
8142.0,0.21499999999999997
8143.0,0.21499999999999997
8144.0,0.21499999999999997
8145.0,0.258
8146.0,0.21499999999999997
8147.0,0.258
8148.0,0.21499999999999997
8149.0,0.258
8150.0,0.258
8151.0,0.258
8152.0,0.258
8153.0,0.21499999999999997
8154.0,0.258
8155.0,0.258
8156.0,0.258
8157.0,0.258
8158.0,0.258
8159.0,0.258
8160.0,0.258
8161.0,0.258
8162.0,0.258
8163.0,0.258
8164.0,0.258
8165.0,0.258
8166.0,0.21499999999999997
8167.0,0.21499999999999997
8168.0,0.21499999999999997
8169.0,0.21499999999999997
8170.0,0.21499999999999997
8171.0,0.21499999999999997
8172.0,0.21499999999999997
8173.0,0.21499999999999997
8174.0,0.21499999999999997
8175.0,0.258
8176.0,0.21499999999999997
8177.0,0.258
8178.0,0.21499999999999997
8179.0,0.21499999999999997
8180.0,0.258
8181.0,0.21499999999999997
8182.0,0.258
8183.0,0.258
8184.0,0.258
8185.0,0.258
8186.0,0.258
8187.0,0.258
8188.0,0.258
8189.0,0.258
8190.0,0.258
8191.0,0.258
8192.0,0.258
8193.0,0.258
8194.0,0.258
8195.0,0.258
8196.0,0.258
8197.0,0.258
8198.0,0.258
8199.0,0.21499999999999997
8200.0,0.258
8201.0,0.258
8202.0,0.21499999999999997
8203.0,0.258
8204.0,0.21499999999999997
8205.0,0.21499999999999997
8206.0,0.21499999999999997
8207.0,0.21499999999999997
8208.0,0.258
8209.0,0.258
8210.0,0.21499999999999997
8211.0,0.21499999999999997
8212.0,0.21499999999999997
8213.0,0.258
8214.0,0.21499999999999997
8215.0,0.21499999999999997
8216.0,0.258
8217.0,0.258
8218.0,0.258
8219.0,0.258
8220.0,0.258
8221.0,0.258
8222.0,0.258
8223.0,0.258
8224.0,0.258
8225.0,0.258
8226.0,0.258
8227.0,0.258
8228.0,0.258
8229.0,0.258
8230.0,0.258
8231.0,0.258
8232.0,0.258
8233.0,0.258
8234.0,0.258
8235.0,0.258
8236.0,0.258
8237.0,0.258
8238.0,0.258
8239.0,0.258
8240.0,0.21499999999999997
8241.0,0.21499999999999997
8242.0,0.21499999999999997
8243.0,0.21499999999999997
8244.0,0.21499999999999997
8245.0,0.21499999999999997
8246.0,0.21499999999999997
8247.0,0.21499999999999997
8248.0,0.258
8249.0,0.21499999999999997
8250.0,0.21499999999999997
8251.0,0.258
8252.0,0.21499999999999997
8253.0,0.21499999999999997
8254.0,0.258
8255.0,0.258
8256.0,0.258
8257.0,0.21499999999999997
8258.0,0.21499999999999997
8259.0,0.21499999999999997
8260.0,0.21499999999999997
8261.0,0.258
8262.0,0.21499999999999997
8263.0,0.258
8264.0,0.258
8265.0,0.258
8266.0,0.258
8267.0,0.258
8268.0,0.258
8269.0,0.258
8270.0,0.258
8271.0,0.258
8272.0,0.258
8273.0,0.258
8274.0,0.258
8275.0,0.258
8276.0,0.21499999999999997
8277.0,0.21499999999999997
8278.0,0.21499999999999997
8279.0,0.258
8280.0,0.258
8281.0,0.258
8282.0,0.21499999999999997
8283.0,0.21499999999999997
8284.0,0.258
8285.0,0.258
8286.0,0.21499999999999997
8287.0,0.258
8288.0,0.21499999999999997
8289.0,0.258
8290.0,0.21499999999999997
8291.0,0.21499999999999997
8292.0,0.258
8293.0,0.21499999999999997
8294.0,0.21499999999999997
8295.0,0.21499999999999997
8296.0,0.258
8297.0,0.258
8298.0,0.258
8299.0,0.258
8300.0,0.258
8301.0,0.21499999999999997
8302.0,0.21499999999999997
8303.0,0.21499999999999997
8304.0,0.258
8305.0,0.258
8306.0,0.258
8307.0,0.258
8308.0,0.258
8309.0,0.258
8310.0,0.21499999999999997
8311.0,0.258
8312.0,0.21499999999999997
8313.0,0.258
8314.0,0.21499999999999997
8315.0,0.21499999999999997
8316.0,0.21499999999999997
8317.0,0.21499999999999997
8318.0,0.21499999999999997
8319.0,0.21499999999999997
8320.0,0.21499999999999997
8321.0,0.21499999999999997
8322.0,0.21499999999999997
8323.0,0.258
8324.0,0.21499999999999997
8325.0,0.258
8326.0,0.21499999999999997
8327.0,0.21499999999999997
8328.0,0.21499999999999997
8329.0,0.258
8330.0,0.258
8331.0,0.258
8332.0,0.258
8333.0,0.258
8334.0,0.258
8335.0,0.258
8336.0,0.21499999999999997
8337.0,0.258
8338.0,0.258
8339.0,0.258
8340.0,0.258
8341.0,0.258
8342.0,0.21499999999999997
8343.0,0.21499999999999997
8344.0,0.21499999999999997
8345.0,0.21499999999999997
8346.0,0.258
8347.0,0.258
8348.0,0.258
8349.0,0.258
8350.0,0.258
8351.0,0.258
8352.0,0.21499999999999997
8353.0,0.21499999999999997
8354.0,0.21499999999999997
8355.0,0.258
8356.0,0.258
8357.0,0.258
8358.0,0.21499999999999997
8359.0,0.21499999999999997
8360.0,0.258
8361.0,0.21499999999999997
8362.0,0.21499999999999997
8363.0,0.21499999999999997
8364.0,0.258
8365.0,0.258
8366.0,0.258
8367.0,0.21499999999999997
8368.0,0.21499999999999997
8369.0,0.21499999999999997
8370.0,0.21499999999999997
8371.0,0.258
8372.0,0.258
8373.0,0.258
8374.0,0.258
8375.0,0.258
8376.0,0.258
8377.0,0.21499999999999997
8378.0,0.258
8379.0,0.258
8380.0,0.258
8381.0,0.258
8382.0,0.258
8383.0,0.258
8384.0,0.258
8385.0,0.21499999999999997
8386.0,0.21499999999999997
8387.0,0.21499999999999997
8388.0,0.21499999999999997
8389.0,0.258
8390.0,0.21499999999999997
8391.0,0.258
8392.0,0.258
8393.0,0.21499999999999997
8394.0,0.21499999999999997
8395.0,0.258
8396.0,0.21499999999999997
8397.0,0.258
8398.0,0.21499999999999997
8399.0,0.21499999999999997
8400.0,0.21499999999999997
8401.0,0.21499999999999997
8402.0,0.21499999999999997
8403.0,0.258
8404.0,0.258
8405.0,0.258
8406.0,0.258
8407.0,0.258
8408.0,0.258
8409.0,0.258
8410.0,0.258
8411.0,0.258
8412.0,0.258
8413.0,0.258
8414.0,0.258
8415.0,0.21499999999999997
8416.0,0.258
8417.0,0.258
8418.0,0.258
8419.0,0.258
8420.0,0.258
8421.0,0.258
8422.0,0.258
8423.0,0.258
8424.0,0.258
8425.0,0.21499999999999997
8426.0,0.258
8427.0,0.21499999999999997
8428.0,0.21499999999999997
8429.0,0.21499999999999997
8430.0,0.21499999999999997
8431.0,0.21499999999999997
8432.0,0.258
8433.0,0.21499999999999997
8434.0,0.21499999999999997
8435.0,0.21499999999999997
8436.0,0.21499999999999997
8437.0,0.21499999999999997
8438.0,0.21499999999999997
8439.0,0.21499999999999997
8440.0,0.21499999999999997
8441.0,0.258
8442.0,0.21499999999999997
8443.0,0.258
8444.0,0.258
8445.0,0.258
8446.0,0.258
8447.0,0.258
8448.0,0.258
8449.0,0.258
8450.0,0.258
8451.0,0.258
8452.0,0.258
8453.0,0.258
8454.0,0.258
8455.0,0.258
8456.0,0.258
8457.0,0.258
8458.0,0.258
8459.0,0.21499999999999997
8460.0,0.258
8461.0,0.21499999999999997
8462.0,0.21499999999999997
8463.0,0.21499999999999997
8464.0,0.21499999999999997
8465.0,0.21499999999999997
8466.0,0.21499999999999997
8467.0,0.21499999999999997
8468.0,0.21499999999999997
8469.0,0.21499999999999997
8470.0,0.21499999999999997
8471.0,0.21499999999999997
8472.0,0.21499999999999997
8473.0,0.21499999999999997
8474.0,0.258
8475.0,0.21499999999999997
8476.0,0.21499999999999997
8477.0,0.21499999999999997
8478.0,0.21499999999999997
8479.0,0.258
8480.0,0.21499999999999997
8481.0,0.258
8482.0,0.258
8483.0,0.258
8484.0,0.258
8485.0,0.258
8486.0,0.258
8487.0,0.258
8488.0,0.258
8489.0,0.258
8490.0,0.258
8491.0,0.258
8492.0,0.258
8493.0,0.258
8494.0,0.258
8495.0,0.21499999999999997
8496.0,0.258
8497.0,0.21499999999999997
8498.0,0.21499999999999997
8499.0,0.258
8500.0,0.21499999999999997
8501.0,0.21499999999999997
8502.0,0.21499999999999997
8503.0,0.21499999999999997
8504.0,0.21499999999999997
8505.0,0.21499999999999997
8506.0,0.21499999999999997
8507.0,0.21499999999999997
8508.0,0.21499999999999997
8509.0,0.258
8510.0,0.21499999999999997
8511.0,0.21499999999999997
8512.0,0.21499999999999997
8513.0,0.21499999999999997
8514.0,0.258
8515.0,0.21499999999999997
8516.0,0.258
8517.0,0.258
8518.0,0.258
8519.0,0.258
8520.0,0.21499999999999997
8521.0,0.21499999999999997
8522.0,0.258
8523.0,0.258
8524.0,0.258
8525.0,0.258
8526.0,0.258
8527.0,0.258
8528.0,0.21499999999999997
8529.0,0.21499999999999997
8530.0,0.258
8531.0,0.258
8532.0,0.258
8533.0,0.258
