time_ms,diameter_mm
0.0,3.053
1.0,3.01
2.0,3.01
3.0,3.01
4.0,3.053
5.0,3.053
6.0,3.053
7.0,3.053
8.0,3.053
9.0,3.053
10.0,3.053
11.0,3.01
12.0,3.053
13.0,3.053
14.0,3.053
15.0,3.01
16.0,3.053
17.0,3.01
18.0,3.053
19.0,3.01
20.0,3.053
21.0,3.053
22.0,3.053
23.0,3.053
24.0,3.01
25.0,3.01
26.0,3.01
27.0,3.01
28.0,3.01
29.0,3.053
30.0,3.053
31.0,3.01
32.0,3.01
33.0,3.01
34.0,3.053
35.0,3.01
36.0,3.01
37.0,3.053
38.0,3.053
39.0,3.053
40.0,3.053
41.0,3.01
42.0,3.01
43.0,3.01
44.0,3.01
45.0,3.053
46.0,3.053
47.0,3.053
48.0,3.053
49.0,3.01
50.0,3.053
51.0,3.053
52.0,3.053
53.0,3.053
54.0,3.01
55.0,3.053
56.0,3.01
57.0,3.01
58.0,3.01
59.0,3.01
60.0,3.01
61.0,3.053
62.0,3.053
63.0,3.053
64.0,3.053
65.0,3.053
66.0,3.01
67.0,3.01
68.0,3.01
69.0,3.01
70.0,3.01
71.0,3.053
72.0,3.01
73.0,3.053
74.0,3.01
75.0,3.01
76.0,3.01
77.0,3.053
78.0,3.053
79.0,3.053
80.0,3.053
81.0,3.053
82.0,3.053
83.0,3.01
84.0,3.053
85.0,3.01
86.0,3.053
87.0,3.053
88.0,3.053
89.0,3.053
90.0,3.053
91.0,3.053
92.0,3.01
93.0,3.01
94.0,3.01
95.0,3.053
96.0,3.053
97.0,3.053
98.0,3.01
99.0,3.01
100.0,3.01
101.0,3.01
102.0,3.01
103.0,3.053
104.0,3.053
105.0,3.053
106.0,3.053
107.0,3.053
108.0,3.053
109.0,3.01
110.0,3.053
111.0,3.053
112.0,3.01
113.0,3.053
114.0,3.053
115.0,3.053
116.0,3.053
117.0,3.01
118.0,3.053
119.0,3.053
120.0,3.053
121.0,3.053
122.0,3.053
123.0,3.053
124.0,3.053
125.0,3.053
126.0,3.053
127.0,3.053
128.0,3.01
129.0,3.053
130.0,3.053
131.0,3.053
132.0,3.053
133.0,3.053
134.0,3.01
135.0,3.053
136.0,3.01
137.0,3.053
138.0,3.053
139.0,3.053
140.0,3.053
141.0,3.053
142.0,3.053
143.0,3.01
144.0,3.01
145.0,3.01
146.0,3.053
147.0,3.053
148.0,3.0959999999999996
149.0,3.053
150.0,3.053
151.0,3.053
152.0,3.01
153.0,3.053
154.0,3.01
155.0,3.0959999999999996
156.0,3.053
157.0,3.053
158.0,3.053
159.0,3.01
160.0,3.053
161.0,3.053
162.0,3.053
163.0,3.053
164.0,3.053
165.0,3.053
166.0,3.053
167.0,3.053
168.0,3.053
169.0,3.053
170.0,3.053
171.0,3.053
172.0,3.053
173.0,3.053
174.0,3.053
175.0,3.053
176.0,3.053
177.0,3.053
178.0,3.053
179.0,3.053
180.0,3.053
181.0,3.053
182.0,3.053
183.0,3.053
184.0,3.053
185.0,3.053
186.0,3.053
187.0,3.053
188.0,3.053
189.0,3.053
190.0,3.053
191.0,3.01
192.0,3.053
193.0,3.053
194.0,3.053
195.0,3.053
196.0,3.0959999999999996
197.0,3.053
198.0,3.053
199.0,3.053
200.0,3.053
201.0,3.053
202.0,3.053
203.0,3.053
204.0,3.053
205.0,3.053
206.0,3.053
207.0,3.053
208.0,3.053
209.0,3.053
210.0,3.053
211.0,3.053
212.0,3.053
213.0,3.053
214.0,3.0959999999999996
215.0,3.053
216.0,3.053
217.0,3.053
218.0,3.053
219.0,3.053
220.0,3.053
221.0,3.053
222.0,3.053
223.0,3.053
224.0,3.053
225.0,3.053
226.0,3.053
227.0,3.053
228.0,3.053
229.0,3.053
230.0,3.053
231.0,3.0959999999999996
232.0,3.053
233.0,3.053
234.0,3.053
235.0,3.053
236.0,3.053
237.0,3.053
238.0,3.0959999999999996
239.0,3.0959999999999996
240.0,3.053
241.0,3.053
242.0,3.053
243.0,3.053
244.0,3.053
245.0,3.053
246.0,3.0959999999999996
247.0,3.0959999999999996
248.0,3.0959999999999996
249.0,3.053
250.0,3.053
251.0,3.053
252.0,3.053
253.0,3.053
254.0,3.053
255.0,3.053
256.0,3.053
257.0,3.053
258.0,3.053
259.0,3.053
260.0,3.053
261.0,3.053
262.0,3.053
263.0,3.053
264.0,3.053
265.0,3.053
266.0,3.053
267.0,3.0959999999999996
268.0,3.053
269.0,3.053
270.0,3.053
271.0,3.0959999999999996
272.0,3.0959999999999996
273.0,3.0959999999999996
274.0,3.053
275.0,3.053
276.0,3.053
277.0,3.053
278.0,3.0959999999999996
279.0,3.0959999999999996
280.0,3.053
281.0,3.053
282.0,3.0959999999999996
283.0,3.053
284.0,3.053
285.0,3.053
286.0,3.053
287.0,3.053
288.0,3.053
289.0,3.053
290.0,3.0959999999999996
291.0,3.0959999999999996
292.0,3.053
293.0,3.053
294.0,3.053
295.0,3.053
296.0,3.053
297.0,3.053
298.0,3.053
299.0,3.053
300.0,3.053
301.0,3.053
302.0,3.053
303.0,3.0959999999999996
304.0,3.0959999999999996
305.0,3.0959999999999996
306.0,3.0959999999999996
307.0,3.0959999999999996
308.0,3.053
309.0,3.053
310.0,3.0959999999999996
311.0,3.0959999999999996
312.0,3.0959999999999996
313.0,3.0959999999999996
314.0,3.0959999999999996
315.0,3.0959999999999996
316.0,3.053
317.0,3.0959999999999996
318.0,3.053
319.0,3.053
320.0,3.0959999999999996
321.0,3.0959999999999996
322.0,3.053
323.0,3.0959999999999996
324.0,3.0959999999999996
325.0,3.053
326.0,3.053
327.0,3.053
328.0,3.0959999999999996
329.0,3.0959999999999996
330.0,3.053
331.0,3.0959999999999996
332.0,3.053
333.0,3.053
334.0,3.053
335.0,3.053
336.0,3.053
337.0,3.053
338.0,3.0959999999999996
339.0,3.053
340.0,3.053
341.0,3.053
342.0,3.053
343.0,3.053
344.0,3.0959999999999996
345.0,3.053
346.0,3.0959999999999996
347.0,3.053
348.0,3.0959999999999996
349.0,3.0959999999999996
350.0,3.053
351.0,3.0959999999999996
352.0,3.053
353.0,3.0959999999999996
354.0,3.139
355.0,3.053
356.0,3.0959999999999996
357.0,3.053
358.0,3.053
359.0,3.0959999999999996
360.0,3.053
361.0,3.053
362.0,3.0959999999999996
363.0,3.0959999999999996
364.0,3.053
365.0,3.0959999999999996
366.0,3.0959999999999996
367.0,3.053
368.0,3.0959999999999996
369.0,3.053
370.0,3.0959999999999996
371.0,3.0959999999999996
372.0,3.0959999999999996
373.0,3.0959999999999996
374.0,3.0959999999999996
375.0,3.053
376.0,3.053
377.0,3.053
378.0,3.0959999999999996
379.0,3.0959999999999996
380.0,3.0959999999999996
381.0,3.0959999999999996
382.0,3.139
383.0,3.053
384.0,3.053
385.0,3.053
386.0,3.053
387.0,3.0959999999999996
388.0,3.0959999999999996
389.0,3.0959999999999996
390.0,3.0959999999999996
391.0,3.053
392.0,3.053
393.0,3.053
394.0,3.053
395.0,3.0959999999999996
396.0,3.053
397.0,3.053
398.0,3.0959999999999996
399.0,3.053
400.0,3.053
401.0,3.0959999999999996
402.0,3.053
403.0,3.0959999999999996
404.0,3.0959999999999996
405.0,3.0959999999999996
406.0,3.0959999999999996
407.0,3.0959999999999996
408.0,3.053
409.0,3.0959999999999996
410.0,3.0959999999999996
411.0,3.0959999999999996
412.0,3.0959999999999996
413.0,3.0959999999999996
414.0,3.139
415.0,3.0959999999999996
416.0,3.139
417.0,3.053
418.0,3.053
419.0,3.053
420.0,3.0959999999999996
421.0,3.0959999999999996
422.0,3.0959999999999996
423.0,3.0959999999999996
424.0,3.0959999999999996
425.0,3.053
426.0,3.053
427.0,3.0959999999999996
428.0,3.0959999999999996
429.0,3.0959999999999996
430.0,3.0959999999999996
431.0,3.0959999999999996
432.0,3.053
433.0,3.0959999999999996
434.0,3.0959999999999996
435.0,3.0959999999999996
436.0,3.053
437.0,3.0959999999999996
438.0,3.0959999999999996
439.0,3.0959999999999996
440.0,3.0959999999999996
441.0,3.0959999999999996
442.0,3.053
443.0,3.053
444.0,3.053
445.0,3.0959999999999996
446.0,3.0959999999999996
447.0,3.0959999999999996
448.0,3.0959999999999996
449.0,3.0959999999999996
450.0,3.0959999999999996
451.0,3.0959999999999996
452.0,3.0959999999999996
453.0,3.0959999999999996
454.0,3.0959999999999996
455.0,3.0959999999999996
456.0,3.0959999999999996
457.0,3.0959999999999996
458.0,3.0959999999999996
459.0,3.0959999999999996
460.0,3.0959999999999996
461.0,3.0959999999999996
462.0,3.0959999999999996
463.0,3.0959999999999996
464.0,3.139
465.0,3.0959999999999996
466.0,3.0959999999999996
467.0,3.0959999999999996
468.0,3.053
469.0,3.0959999999999996
470.0,3.053
471.0,3.0959999999999996
472.0,3.0959999999999996
473.0,3.053
474.0,3.139
475.0,3.0959999999999996
476.0,3.053
477.0,3.0959999999999996
478.0,3.053
479.0,3.053
480.0,3.0959999999999996
481.0,3.053
482.0,3.0959999999999996
483.0,3.053
484.0,3.0959999999999996
485.0,3.0959999999999996
486.0,3.0959999999999996
487.0,3.0959999999999996
488.0,3.139
489.0,3.0959999999999996
490.0,3.0959999999999996
491.0,3.0959999999999996
492.0,3.0959999999999996
493.0,3.0959999999999996
494.0,3.0959999999999996
495.0,3.0959999999999996
496.0,3.0959999999999996
497.0,3.0959999999999996
498.0,3.139
499.0,3.0959999999999996
500.0,3.0959999999999996
501.0,3.0959999999999996
502.0,3.0959999999999996
503.0,3.0959999999999996
504.0,3.139
505.0,3.139
506.0,3.0959999999999996
507.0,3.0959999999999996
508.0,3.0959999999999996
509.0,3.0959999999999996
510.0,3.053
511.0,3.0959999999999996
512.0,3.0959999999999996
513.0,3.0959999999999996
514.0,3.0959999999999996
515.0,3.0959999999999996
516.0,3.0959999999999996
517.0,3.0959999999999996
518.0,3.053
519.0,3.139
520.0,3.0959999999999996
521.0,3.053
522.0,3.0959999999999996
523.0,3.053
524.0,3.0959999999999996
525.0,3.0959999999999996
526.0,3.0959999999999996
527.0,3.0959999999999996
528.0,3.0959999999999996
529.0,3.0959999999999996
530.0,3.139
531.0,3.0959999999999996
532.0,3.139
533.0,3.0959999999999996
534.0,3.0959999999999996
535.0,3.0959999999999996
536.0,3.0959999999999996
537.0,3.0959999999999996
538.0,3.139
539.0,3.0959999999999996
540.0,3.139
541.0,3.0959999999999996
542.0,3.0959999999999996
543.0,3.053
544.0,3.0959999999999996
545.0,3.0959999999999996
546.0,3.139
547.0,3.0959999999999996
548.0,3.0959999999999996
549.0,3.0959999999999996
550.0,3.0959999999999996
551.0,3.0959999999999996
552.0,3.053
553.0,3.0959999999999996
554.0,3.0959999999999996
555.0,3.0959999999999996
556.0,3.139
557.0,3.0959999999999996
558.0,3.0959999999999996
559.0,3.0959999999999996
560.0,3.0959999999999996
561.0,3.053
562.0,3.0959999999999996
563.0,3.0959999999999996
564.0,3.0959999999999996
565.0,3.0959999999999996
566.0,3.0959999999999996
567.0,3.0959999999999996
568.0,3.0959999999999996
569.0,3.0959999999999996
570.0,3.0959999999999996
571.0,3.139
572.0,3.0959999999999996
573.0,3.0959999999999996
574.0,3.0959999999999996
575.0,3.0959999999999996
576.0,3.0959999999999996
577.0,3.0959999999999996
578.0,3.0959999999999996
579.0,3.0959999999999996
580.0,3.139
581.0,3.0959999999999996
582.0,3.0959999999999996
583.0,3.0959999999999996
584.0,3.0959999999999996
585.0,3.0959999999999996
586.0,3.0959999999999996
587.0,3.0959999999999996
588.0,3.0959999999999996
589.0,3.139
590.0,3.139
591.0,3.139
592.0,3.0959999999999996
593.0,3.053
594.0,3.139
595.0,3.053
596.0,3.139
597.0,3.139
598.0,3.0959999999999996
599.0,3.139
600.0,3.0959999999999996
601.0,3.0959999999999996
602.0,3.0959999999999996
603.0,3.0959999999999996
604.0,3.0959999999999996
605.0,3.139
606.0,3.139
607.0,3.0959999999999996
608.0,3.0959999999999996
609.0,3.0959999999999996
610.0,3.139
611.0,3.0959999999999996
612.0,3.139
613.0,3.139
614.0,3.0959999999999996
615.0,3.139
616.0,3.0959999999999996
617.0,3.0959999999999996
618.0,3.0959999999999996
619.0,3.0959999999999996
620.0,3.0959999999999996
621.0,3.0959999999999996
622.0,3.139
623.0,3.139
624.0,3.139
625.0,3.139
626.0,3.0959999999999996
627.0,3.0959999999999996
628.0,3.0959999999999996
629.0,3.0959999999999996
630.0,3.0959999999999996
631.0,3.139
632.0,3.139
633.0,3.0959999999999996
634.0,3.053
635.0,3.0959999999999996
636.0,3.0959999999999996
637.0,3.139
638.0,3.0959999999999996
639.0,3.139
640.0,3.0959999999999996
641.0,3.0959999999999996
642.0,3.0959999999999996
643.0,3.0959999999999996
644.0,3.0959999999999996
645.0,3.053
646.0,3.139
647.0,3.139
648.0,3.0959999999999996
649.0,3.0959999999999996
650.0,3.0959999999999996
651.0,3.0959999999999996
652.0,3.0959999999999996
653.0,3.139
654.0,3.0959999999999996
655.0,3.139
656.0,3.139
657.0,3.0959999999999996
658.0,3.0959999999999996
659.0,3.139
660.0,3.0959999999999996
661.0,3.139
662.0,3.0959999999999996
663.0,3.139
664.0,3.139
665.0,3.139
666.0,3.0959999999999996
667.0,3.139
668.0,3.0959999999999996
669.0,3.0959999999999996
670.0,3.0959999999999996
671.0,3.139
672.0,3.0959999999999996
673.0,3.139
674.0,3.0959999999999996
675.0,3.0959999999999996
676.0,3.0959999999999996
677.0,3.0959999999999996
678.0,3.0959999999999996
679.0,3.0959999999999996
680.0,3.0959999999999996
681.0,3.0959999999999996
682.0,3.0959999999999996
683.0,3.0959999999999996
684.0,3.0959999999999996
685.0,3.0959999999999996
686.0,3.0959999999999996
687.0,3.0959999999999996
688.0,3.0959999999999996
689.0,3.0959999999999996
690.0,3.139
691.0,3.0959999999999996
692.0,3.0959999999999996
693.0,3.0959999999999996
694.0,3.053
695.0,3.0959999999999996
696.0,3.0959999999999996
697.0,3.0959999999999996
698.0,3.0959999999999996
699.0,3.139
700.0,3.0959999999999996
701.0,3.0959999999999996
702.0,3.0959999999999996
703.0,3.139
704.0,3.139
705.0,3.139
706.0,3.139
707.0,3.139
708.0,3.0959999999999996
709.0,3.0959999999999996
710.0,3.0959999999999996
711.0,3.0959999999999996
712.0,3.0959999999999996
713.0,3.0959999999999996
714.0,3.0959999999999996
715.0,3.0959999999999996
716.0,3.0959999999999996
717.0,3.0959999999999996
718.0,3.0959999999999996
719.0,3.0959999999999996
720.0,3.0959999999999996
721.0,3.139
722.0,3.0959999999999996
723.0,3.0959999999999996
724.0,3.0959999999999996
725.0,3.0959999999999996
726.0,3.0959999999999996
727.0,3.0959999999999996
728.0,3.139
729.0,3.139
730.0,3.139
731.0,3.0959999999999996
732.0,3.0959999999999996
733.0,3.139
734.0,3.0959999999999996
735.0,3.139
736.0,3.0959999999999996
737.0,3.0959999999999996
738.0,3.0959999999999996
739.0,3.139
740.0,3.0959999999999996
741.0,3.0959999999999996
742.0,3.0959999999999996
743.0,3.0959999999999996
744.0,3.0959999999999996
745.0,3.0959999999999996
746.0,3.139
747.0,3.139
748.0,3.139
749.0,3.139
750.0,3.0959999999999996
751.0,3.0959999999999996
752.0,3.0959999999999996
753.0,3.0959999999999996
754.0,3.0959999999999996
755.0,3.0959999999999996
756.0,3.0959999999999996
757.0,3.0959999999999996
758.0,3.0959999999999996
759.0,3.139
760.0,3.0959999999999996
761.0,3.0959999999999996
762.0,3.0959999999999996
763.0,3.0959999999999996
764.0,3.0959999999999996
765.0,3.139
766.0,3.0959999999999996
767.0,3.139
768.0,3.053
769.0,3.0959999999999996
770.0,3.0959999999999996
771.0,3.0959999999999996
772.0,3.0959999999999996
773.0,3.0959999999999996
774.0,3.0959999999999996
775.0,3.0959999999999996
776.0,3.0959999999999996
777.0,3.0959999999999996
778.0,3.0959999999999996
779.0,3.0959999999999996
780.0,3.139
781.0,3.0959999999999996
782.0,3.0959999999999996
783.0,3.0959999999999996
784.0,3.0959999999999996
785.0,3.139
786.0,3.0959999999999996
787.0,3.0959999999999996
788.0,3.0959999999999996
789.0,3.139
790.0,3.0959999999999996
791.0,3.0959999999999996
792.0,3.0959999999999996
793.0,3.0959999999999996
794.0,3.0959999999999996
795.0,3.0959999999999996
796.0,3.0959999999999996
797.0,3.139
798.0,3.0959999999999996
799.0,3.0959999999999996
800.0,3.0959999999999996
801.0,3.139
802.0,3.0959999999999996
803.0,3.0959999999999996
804.0,3.0959999999999996
805.0,3.0959999999999996
806.0,3.0959999999999996
807.0,3.053
808.0,3.0959999999999996
809.0,3.0959999999999996
810.0,3.0959999999999996
811.0,3.0959999999999996
812.0,3.139
813.0,3.0959999999999996
814.0,3.0959999999999996
815.0,3.0959999999999996
816.0,3.139
817.0,3.0959999999999996
818.0,3.0959999999999996
819.0,3.0959999999999996
820.0,3.0959999999999996
821.0,3.0959999999999996
822.0,3.0959999999999996
823.0,3.0959999999999996
824.0,3.0959999999999996
825.0,3.0959999999999996
826.0,3.0959999999999996
827.0,3.0959999999999996
828.0,3.0959999999999996
829.0,3.0959999999999996
830.0,3.0959999999999996
831.0,3.0959999999999996
832.0,3.0959999999999996
833.0,3.0959999999999996
834.0,3.0959999999999996
835.0,3.0959999999999996
836.0,3.0959999999999996
837.0,3.0959999999999996
838.0,3.0959999999999996
839.0,3.0959999999999996
840.0,3.0959999999999996
841.0,3.139
842.0,3.0959999999999996
843.0,3.139
844.0,3.053
845.0,3.139
846.0,3.139
847.0,3.139
848.0,3.0959999999999996
849.0,3.139
850.0,3.0959999999999996
851.0,3.0959999999999996
852.0,3.0959999999999996
853.0,3.0959999999999996
854.0,3.0959999999999996
855.0,3.139
856.0,3.0959999999999996
857.0,3.139
858.0,3.0959999999999996
859.0,3.0959999999999996
860.0,3.0959999999999996
861.0,3.0959999999999996
862.0,3.0959999999999996
863.0,3.0959999999999996
864.0,3.053
865.0,3.0959999999999996
866.0,3.0959999999999996
867.0,3.0959999999999996
868.0,3.0959999999999996
869.0,3.053
870.0,3.0959999999999996
871.0,3.0959999999999996
872.0,3.0959999999999996
873.0,3.0959999999999996
874.0,3.0959999999999996
875.0,3.0959999999999996
876.0,3.0959999999999996
877.0,3.0959999999999996
878.0,3.0959999999999996
879.0,3.0959999999999996
880.0,3.0959999999999996
881.0,3.0959999999999996
882.0,3.0959999999999996
883.0,3.0959999999999996
884.0,3.0959999999999996
885.0,3.0959999999999996
886.0,3.0959999999999996
887.0,3.0959999999999996
888.0,3.139
889.0,3.139
890.0,3.139
891.0,3.139
892.0,3.053
893.0,3.0959999999999996
894.0,3.0959999999999996
895.0,3.139
896.0,3.0959999999999996
897.0,3.139
898.0,3.139
899.0,3.0959999999999996
900.0,3.0959999999999996
901.0,3.0959999999999996
902.0,3.0959999999999996
903.0,3.0959999999999996
904.0,3.0959999999999996
905.0,3.0959999999999996
906.0,3.0959999999999996
907.0,3.0959999999999996
908.0,3.053
909.0,3.0959999999999996
910.0,3.053
911.0,3.0959999999999996
912.0,3.0959999999999996
913.0,3.0959999999999996
914.0,3.0959999999999996
915.0,3.0959999999999996
916.0,3.0959999999999996
917.0,3.0959999999999996
918.0,3.0959999999999996
919.0,
920.0,3.0959999999999996
921.0,3.0959999999999996
922.0,3.0959999999999996
923.0,3.0959999999999996
924.0,3.053
925.0,3.0959999999999996
926.0,3.053
927.0,3.0959999999999996
928.0,3.053
929.0,3.053
930.0,3.0959999999999996
931.0,3.0959999999999996
932.0,3.0959999999999996
933.0,3.0959999999999996
934.0,3.0959999999999996
935.0,3.0959999999999996
936.0,3.0959999999999996
937.0,3.0959999999999996
938.0,3.0959999999999996
939.0,3.139
940.0,3.0959999999999996
941.0,3.0959999999999996
942.0,3.053
943.0,3.0959999999999996
944.0,3.0959999999999996
945.0,3.0959999999999996
946.0,3.053
947.0,3.0959999999999996
948.0,3.0959999999999996
949.0,3.0959999999999996
950.0,3.053
951.0,3.0959999999999996
952.0,3.0959999999999996
953.0,3.0959999999999996
954.0,3.0959999999999996
955.0,3.0959999999999996
956.0,3.0959999999999996
957.0,3.139
958.0,3.0959999999999996
959.0,3.0959999999999996
960.0,3.053
961.0,3.0959999999999996
962.0,3.053
963.0,3.0959999999999996
964.0,3.0959999999999996
965.0,3.0959999999999996
966.0,3.0959999999999996
967.0,3.139
968.0,3.053
969.0,3.0959999999999996
970.0,3.053
971.0,3.0959999999999996
972.0,3.0959999999999996
973.0,3.0959999999999996
974.0,3.0959999999999996
975.0,3.0959999999999996
976.0,3.053
977.0,3.0959999999999996
978.0,3.053
979.0,3.0959999999999996
980.0,3.0959999999999996
981.0,3.0959999999999996
982.0,3.0959999999999996
983.0,3.053
984.0,3.053
985.0,3.0959999999999996
986.0,3.053
987.0,3.0959999999999996
988.0,3.053
989.0,3.0959999999999996
990.0,3.0959999999999996
991.0,3.0959999999999996
992.0,3.0959999999999996
993.0,3.053
994.0,3.0959999999999996
995.0,3.0959999999999996
996.0,3.0959999999999996
997.0,3.0959999999999996
998.0,3.0959999999999996
999.0,3.139
1000.0,3.0959999999999996
1001.0,3.0959999999999996
1002.0,3.0959999999999996
1003.0,3.0959999999999996
1004.0,3.053
1005.0,3.0959999999999996
1006.0,3.0959999999999996
1007.0,3.0959999999999996
1008.0,3.0959999999999996
1009.0,3.0959999999999996
1010.0,3.0959999999999996
1011.0,3.0959999999999996
1012.0,3.0959999999999996
1013.0,3.0959999999999996
1014.0,3.0959999999999996
1015.0,3.0959999999999996
1016.0,3.0959999999999996
1017.0,3.0959999999999996
1018.0,3.053
1019.0,3.053
1020.0,3.053
1021.0,3.053
1022.0,3.0959999999999996
1023.0,3.0959999999999996
1024.0,3.053
1025.0,3.0959999999999996
1026.0,3.0959999999999996
1027.0,3.0959999999999996
1028.0,3.053
1029.0,3.0959999999999996
1030.0,3.0959999999999996
1031.0,3.0959999999999996
1032.0,3.0959999999999996
1033.0,3.0959999999999996
1034.0,3.0959999999999996
1035.0,3.0959999999999996
1036.0,3.0959999999999996
1037.0,3.0959999999999996
1038.0,3.0959999999999996
1039.0,3.0959999999999996
1040.0,3.0959999999999996
1041.0,3.0959999999999996
1042.0,3.053
1043.0,3.053
1044.0,3.0959999999999996
1045.0,3.053
1046.0,3.053
1047.0,3.0959999999999996
1048.0,3.0959999999999996
1049.0,3.0959999999999996
1050.0,3.0959999999999996
1051.0,3.053
1052.0,3.0959999999999996
1053.0,3.053
1054.0,3.0959999999999996
1055.0,3.053
1056.0,3.0959999999999996
1057.0,3.053
1058.0,3.0959999999999996
1059.0,3.053
1060.0,3.053
1061.0,3.0959999999999996
1062.0,3.053
1063.0,3.0959999999999996
1064.0,3.0959999999999996
1065.0,3.0959999999999996
1066.0,3.053
1067.0,3.053
1068.0,3.053
1069.0,3.0959999999999996
1070.0,3.0959999999999996
1071.0,3.0959999999999996
1072.0,3.0959999999999996
1073.0,3.0959999999999996
1074.0,3.0959999999999996
1075.0,3.0959999999999996
1076.0,3.053
1077.0,3.053
1078.0,3.0959999999999996
1079.0,3.0959999999999996
1080.0,3.0959999999999996
1081.0,3.053
1082.0,3.053
1083.0,3.0959999999999996
1084.0,3.053
1085.0,3.053
1086.0,3.053
1087.0,3.053
1088.0,3.053
1089.0,3.0959999999999996
1090.0,3.053
1091.0,3.053
1092.0,3.053
1093.0,3.053
1094.0,3.053
1095.0,3.053
1096.0,3.053
1097.0,3.0959999999999996
1098.0,3.053
1099.0,3.053
1100.0,3.053
1101.0,3.053
1102.0,3.053
1103.0,3.053
1104.0,3.053
1105.0,3.0959999999999996
1106.0,3.053
1107.0,3.0959999999999996
1108.0,3.0959999999999996
1109.0,3.053
1110.0,3.053
1111.0,3.0959999999999996
1112.0,3.053
1113.0,3.0959999999999996
1114.0,3.053
1115.0,3.0959999999999996
1116.0,3.053
1117.0,3.0959999999999996
1118.0,3.053
1119.0,3.0959999999999996
1120.0,3.053
1121.0,3.0959999999999996
1122.0,3.053
1123.0,3.0959999999999996
1124.0,3.0959999999999996
1125.0,3.0959999999999996
1126.0,3.053
1127.0,3.053
1128.0,3.053
1129.0,3.053
1130.0,3.053
1131.0,3.0959999999999996
1132.0,3.053
1133.0,3.053
1134.0,3.0959999999999996
1135.0,3.0959999999999996
1136.0,3.053
1137.0,3.0959999999999996
1138.0,3.053
1139.0,3.0959999999999996
1140.0,3.053
1141.0,3.0959999999999996
1142.0,3.0959999999999996
1143.0,3.053
1144.0,3.053
1145.0,3.0959999999999996
1146.0,3.053
1147.0,3.0959999999999996
1148.0,3.0959999999999996
1149.0,3.0959999999999996
1150.0,3.0959999999999996
1151.0,3.0959999999999996
1152.0,3.053
1153.0,3.053
1154.0,3.0959999999999996
1155.0,3.0959999999999996
1156.0,3.053
1157.0,3.0959999999999996
1158.0,3.0959999999999996
1159.0,3.0959999999999996
1160.0,3.053
1161.0,3.053
1162.0,3.053
1163.0,3.053
1164.0,3.0959999999999996
1165.0,3.053
1166.0,3.053
1167.0,3.0959999999999996
1168.0,3.053
1169.0,3.053
1170.0,3.0959999999999996
1171.0,3.053
1172.0,3.053
1173.0,3.0959999999999996
1174.0,3.053
1175.0,3.053
1176.0,3.053
1177.0,3.053
1178.0,3.053
1179.0,3.053
1180.0,3.0959999999999996
1181.0,3.0959999999999996
1182.0,3.053
1183.0,3.053
1184.0,3.053
1185.0,3.0959999999999996
1186.0,3.053
1187.0,3.0959999999999996
1188.0,3.053
1189.0,3.0959999999999996
1190.0,3.053
1191.0,3.053
1192.0,3.053
1193.0,3.053
1194.0,3.053
1195.0,3.053
1196.0,3.0959999999999996
1197.0,3.053
1198.0,3.0959999999999996
1199.0,3.053
1200.0,3.053
1201.0,3.053
1202.0,3.053
1203.0,3.053
1204.0,3.053
1205.0,3.053
1206.0,3.0959999999999996
1207.0,3.0959999999999996
1208.0,3.053
1209.0,3.0959999999999996
1210.0,3.053
1211.0,3.053
1212.0,3.053
1213.0,3.053
1214.0,3.0959999999999996
1215.0,3.0959999999999996
1216.0,3.0959999999999996
1217.0,3.0959999999999996
1218.0,3.053
1219.0,3.0959999999999996
1220.0,3.0959999999999996
1221.0,3.053
1222.0,3.053
1223.0,3.053
1224.0,3.0959999999999996
1225.0,3.053
1226.0,3.053
1227.0,3.053
1228.0,3.053
1229.0,3.053
1230.0,3.053
1231.0,3.0959999999999996
1232.0,3.053
1233.0,3.053
1234.0,3.053
1235.0,3.053
1236.0,3.053
1237.0,3.053
1238.0,3.0959999999999996
1239.0,3.0959999999999996
1240.0,3.0959999999999996
1241.0,3.053
1242.0,3.053
1243.0,3.053
1244.0,3.053
1245.0,3.0959999999999996
1246.0,3.053
1247.0,3.053
1248.0,3.053
1249.0,3.053
1250.0,3.053
1251.0,3.053
1252.0,3.053
1253.0,3.0959999999999996
1254.0,3.0959999999999996
1255.0,3.0959999999999996
1256.0,3.0959999999999996
1257.0,3.0959999999999996
1258.0,3.053
1259.0,3.053
1260.0,3.053
1261.0,3.053
1262.0,3.053
1263.0,3.0959999999999996
1264.0,3.053
1265.0,3.053
1266.0,3.053
1267.0,3.053
1268.0,3.053
1269.0,3.053
1270.0,3.0959999999999996
1271.0,3.053
1272.0,3.053
1273.0,3.0959999999999996
1274.0,3.0959999999999996
1275.0,3.0959999999999996
1276.0,3.053
1277.0,3.053
1278.0,3.053
1279.0,3.0959999999999996
1280.0,3.053
1281.0,3.053
1282.0,3.053
1283.0,3.053
1284.0,3.053
1285.0,3.053
1286.0,3.053
1287.0,3.0959999999999996
1288.0,3.053
1289.0,3.0959999999999996
1290.0,3.053
1291.0,3.053
1292.0,3.053
1293.0,3.053
1294.0,3.053
1295.0,3.053
1296.0,3.0959999999999996
1297.0,3.0959999999999996
1298.0,3.053
1299.0,3.0959999999999996
1300.0,3.053
1301.0,3.053
1302.0,3.053
1303.0,3.053
1304.0,3.053
1305.0,3.0959999999999996
1306.0,3.053
1307.0,3.053
1308.0,3.053
1309.0,3.053
1310.0,3.053
1311.0,3.053
1312.0,3.053
1313.0,3.0959999999999996
1314.0,3.0959999999999996
1315.0,3.053
1316.0,3.053
1317.0,3.053
1318.0,3.053
1319.0,3.053
1320.0,3.053
1321.0,3.053
1322.0,3.053
1323.0,3.053
1324.0,3.053
1325.0,3.053
1326.0,3.053
1327.0,3.053
1328.0,3.053
1329.0,3.0959999999999996
1330.0,3.0959999999999996
1331.0,3.0959999999999996
1332.0,3.053
1333.0,3.0959999999999996
1334.0,3.053
1335.0,3.0959999999999996
1336.0,3.053
1337.0,3.053
1338.0,3.0959999999999996
1339.0,3.053
1340.0,3.053
1341.0,3.053
1342.0,3.053
1343.0,3.053
1344.0,3.053
1345.0,3.053
1346.0,3.053
1347.0,3.0959999999999996
1348.0,3.053
1349.0,3.053
1350.0,3.053
1351.0,3.053
1352.0,3.053
1353.0,3.053
1354.0,3.053
1355.0,3.053
1356.0,3.053
1357.0,3.0959999999999996
1358.0,3.053
1359.0,3.053
1360.0,3.053
1361.0,3.053
1362.0,3.053
1363.0,3.053
1364.0,3.053
1365.0,3.053
1366.0,3.053
1367.0,3.053
1368.0,3.053
1369.0,3.053
1370.0,3.053
1371.0,3.0959999999999996
1372.0,3.053
1373.0,3.053
1374.0,3.053
1375.0,3.053
1376.0,3.053
1377.0,3.053
1378.0,3.053
1379.0,3.053
1380.0,3.053
1381.0,3.053
1382.0,3.053
1383.0,3.0959999999999996
1384.0,3.053
1385.0,3.053
1386.0,3.053
1387.0,3.053
1388.0,3.053
1389.0,3.053
1390.0,3.053
1391.0,3.053
1392.0,3.053
1393.0,3.053
1394.0,3.053
1395.0,3.053
1396.0,3.053
1397.0,3.053
1398.0,3.053
1399.0,3.0959999999999996
1400.0,3.053
1401.0,3.053
1402.0,3.053
1403.0,3.053
1404.0,3.053
1405.0,3.053
1406.0,3.053
1407.0,3.053
1408.0,3.053
1409.0,3.053
1410.0,3.053
1411.0,3.053
1412.0,3.053
1413.0,3.053
1414.0,3.053
1415.0,3.053
1416.0,3.053
1417.0,3.053
1418.0,3.053
1419.0,3.053
1420.0,3.053
1421.0,3.053
1422.0,3.053
1423.0,3.053
1424.0,3.053
1425.0,3.053
1426.0,3.053
1427.0,3.053
1428.0,3.053
1429.0,3.053
1430.0,3.053
1431.0,3.053
1432.0,3.053
1433.0,3.053
1434.0,3.053
1435.0,3.053
1436.0,3.053
1437.0,3.053
1438.0,3.053
1439.0,3.053
1440.0,3.053
1441.0,3.053
1442.0,3.053
1443.0,3.053
1444.0,3.053
1445.0,3.053
1446.0,3.053
1447.0,3.053
1448.0,3.053
1449.0,3.053
1450.0,3.053
1451.0,3.053
1452.0,3.053
1453.0,3.053
1454.0,3.053
1455.0,3.053
1456.0,3.053
1457.0,3.053
1458.0,3.053
1459.0,3.053
1460.0,3.053
1461.0,3.053
1462.0,3.053
1463.0,3.053
1464.0,3.053
1465.0,3.053
1466.0,3.053
1467.0,3.053
1468.0,3.053
1469.0,3.053
1470.0,3.053
1471.0,3.053
1472.0,3.053
1473.0,3.053
1474.0,3.053
1475.0,3.053
1476.0,3.053
1477.0,3.053
1478.0,3.053
1479.0,3.053
1480.0,3.053
1481.0,3.053
1482.0,3.053
1483.0,3.0959999999999996
1484.0,3.053
1485.0,3.053
1486.0,3.053
1487.0,3.053
1488.0,3.053
1489.0,3.053
1490.0,3.053
1491.0,3.053
1492.0,3.053
1493.0,3.0959999999999996
1494.0,3.053
1495.0,3.053
1496.0,3.053
1497.0,3.053
1498.0,3.053
1499.0,3.053
1500.0,3.053
1501.0,3.053
1502.0,3.053
1503.0,3.053
1504.0,3.053
1505.0,3.053
1506.0,3.053
1507.0,3.053
1508.0,3.053
1509.0,3.053
1510.0,3.053
1511.0,3.053
1512.0,3.053
1513.0,3.053
1514.0,3.053
1515.0,3.053
1516.0,3.053
1517.0,3.053
1518.0,3.053
1519.0,3.053
1520.0,3.053
1521.0,3.053
1522.0,3.053
1523.0,3.053
1524.0,3.053
1525.0,3.053
1526.0,3.053
1527.0,3.053
1528.0,3.053
1529.0,3.053
1530.0,3.053
1531.0,3.053
1532.0,3.053
1533.0,3.053
1534.0,3.01
1535.0,3.053
1536.0,3.01
1537.0,3.053
1538.0,3.053
1539.0,3.053
1540.0,3.01
1541.0,3.053
1542.0,3.01
1543.0,3.01
1544.0,3.053
1545.0,3.01
1546.0,3.053
1547.0,3.053
1548.0,3.053
1549.0,3.053
1550.0,3.053
1551.0,3.053
1552.0,3.053
1553.0,3.053
1554.0,3.053
1555.0,3.01
1556.0,3.053
1557.0,3.053
1558.0,3.053
1559.0,3.053
1560.0,3.053
1561.0,3.053
1562.0,3.053
1563.0,3.053
1564.0,3.053
1565.0,3.053
1566.0,3.053
1567.0,3.053
1568.0,3.053
1569.0,3.053
1570.0,3.053
1571.0,3.053
1572.0,3.053
1573.0,3.053
1574.0,3.053
1575.0,3.053
1576.0,3.01
1577.0,3.01
1578.0,3.053
1579.0,3.053
1580.0,3.053
1581.0,3.0959999999999996
1582.0,3.053
1583.0,3.053
1584.0,3.053
1585.0,3.053
1586.0,3.053
1587.0,3.053
1588.0,3.053
1589.0,3.01
1590.0,3.053
1591.0,3.01
1592.0,3.053
1593.0,3.053
1594.0,3.053
1595.0,3.053
1596.0,3.053
1597.0,3.053
1598.0,3.01
1599.0,3.053
1600.0,3.053
1601.0,3.053
1602.0,3.053
1603.0,3.053
1604.0,3.01
1605.0,3.053
1606.0,3.053
1607.0,3.053
1608.0,3.01
1609.0,3.053
1610.0,3.053
1611.0,3.053
1612.0,3.053
1613.0,3.053
1614.0,3.053
1615.0,3.053
1616.0,3.053
1617.0,3.053
1618.0,3.053
1619.0,3.01
1620.0,3.053
1621.0,3.01
1622.0,3.053
1623.0,3.0959999999999996
1624.0,3.053
1625.0,3.053
1626.0,3.053
1627.0,3.053
1628.0,3.053
1629.0,3.053
1630.0,3.053
1631.0,3.053
1632.0,3.053
1633.0,3.053
1634.0,3.053
1635.0,3.053
1636.0,3.01
1637.0,3.053
1638.0,3.053
1639.0,3.053
1640.0,3.053
1641.0,3.053
1642.0,3.053
1643.0,3.053
1644.0,3.01
1645.0,3.01
1646.0,3.01
1647.0,3.053
1648.0,3.053
1649.0,3.053
1650.0,3.053
1651.0,3.01
1652.0,3.01
1653.0,3.053
1654.0,3.053
1655.0,3.053
1656.0,3.053
1657.0,3.053
1658.0,3.053
1659.0,3.053
1660.0,3.053
1661.0,3.053
1662.0,3.053
1663.0,3.053
1664.0,3.053
1665.0,3.01
1666.0,3.053
1667.0,3.053
1668.0,3.053
1669.0,3.053
1670.0,3.053
1671.0,3.053
1672.0,3.053
1673.0,3.053
1674.0,3.053
1675.0,3.053
1676.0,3.053
1677.0,3.053
1678.0,3.01
1679.0,3.01
1680.0,3.053
1681.0,3.01
1682.0,3.01
1683.0,3.01
1684.0,3.01
1685.0,3.053
1686.0,3.053
1687.0,3.053
1688.0,3.053
1689.0,3.01
1690.0,3.053
1691.0,3.053
1692.0,3.053
1693.0,3.01
1694.0,3.053
1695.0,3.01
1696.0,3.053
1697.0,3.053
1698.0,3.053
1699.0,3.053
1700.0,3.053
1701.0,3.053
1702.0,3.053
1703.0,3.053
1704.0,3.053
1705.0,3.053
1706.0,3.053
1707.0,3.053
1708.0,3.01
1709.0,3.01
1710.0,3.053
1711.0,3.053
1712.0,3.053
1713.0,3.053
1714.0,3.053
1715.0,3.053
1716.0,3.01
1717.0,3.053
1718.0,3.053
1719.0,3.053
1720.0,3.053
1721.0,3.053
1722.0,3.053
1723.0,3.053
1724.0,3.01
1725.0,3.053
1726.0,3.053
1727.0,3.01
1728.0,3.053
1729.0,3.01
1730.0,3.053
1731.0,3.01
1732.0,3.053
1733.0,3.01
1734.0,3.053
1735.0,3.01
1736.0,3.01
1737.0,3.01
1738.0,3.053
1739.0,3.053
1740.0,3.053
1741.0,3.01
1742.0,3.053
1743.0,3.01
1744.0,3.01
1745.0,3.053
1746.0,3.053
1747.0,3.053
1748.0,3.053
1749.0,3.053
1750.0,3.01
1751.0,3.053
1752.0,3.053
1753.0,3.053
1754.0,3.053
1755.0,3.053
1756.0,3.053
1757.0,3.01
1758.0,3.01
1759.0,3.053
1760.0,3.053
1761.0,3.053
1762.0,3.053
1763.0,3.053
1764.0,3.053
1765.0,3.01
1766.0,3.053
1767.0,3.053
1768.0,3.01
1769.0,3.053
1770.0,3.01
1771.0,3.01
1772.0,3.053
1773.0,3.053
1774.0,3.053
1775.0,3.053
1776.0,3.053
1777.0,3.01
1778.0,3.01
1779.0,3.053
1780.0,3.053
1781.0,3.053
1782.0,3.053
1783.0,3.053
1784.0,3.053
1785.0,3.053
1786.0,3.053
1787.0,3.053
1788.0,3.053
1789.0,3.053
1790.0,3.053
1791.0,3.053
1792.0,3.01
1793.0,3.01
1794.0,3.01
1795.0,3.01
1796.0,3.053
1797.0,3.053
1798.0,3.053
1799.0,3.053
1800.0,3.053
1801.0,3.01
1802.0,3.01
1803.0,3.01
1804.0,3.01
1805.0,3.01
1806.0,3.053
1807.0,3.053
1808.0,3.01
1809.0,3.01
1810.0,3.01
1811.0,3.01
1812.0,3.053
1813.0,3.053
1814.0,3.01
1815.0,3.053
1816.0,3.053
1817.0,3.01
1818.0,3.01
1819.0,3.01
1820.0,3.053
1821.0,3.01
1822.0,3.053
1823.0,3.053
1824.0,3.01
1825.0,3.053
1826.0,3.01
1827.0,3.053
1828.0,3.01
1829.0,3.053
1830.0,3.01
1831.0,3.053
1832.0,3.053
1833.0,3.053
1834.0,3.01
1835.0,3.053
1836.0,3.01
1837.0,3.01
1838.0,3.01
1839.0,3.01
1840.0,3.01
1841.0,3.053
1842.0,3.01
1843.0,3.01
1844.0,3.01
1845.0,3.01
1846.0,3.053
1847.0,3.01
1848.0,3.01
1849.0,3.01
1850.0,3.01
1851.0,3.01
1852.0,3.01
1853.0,3.01
1854.0,3.053
1855.0,3.053
1856.0,3.01
1857.0,3.053
1858.0,3.053
1859.0,3.01
1860.0,3.053
1861.0,3.01
1862.0,3.01
1863.0,3.053
1864.0,3.01
1865.0,3.053
1866.0,3.01
1867.0,3.053
1868.0,3.01
1869.0,3.053
1870.0,3.01
1871.0,3.053
1872.0,3.01
1873.0,3.053
1874.0,3.01
1875.0,3.053
1876.0,3.01
1877.0,3.01
1878.0,3.01
1879.0,3.01
1880.0,3.053
1881.0,3.053
1882.0,3.053
1883.0,3.01
1884.0,3.01
1885.0,3.01
1886.0,3.01
1887.0,3.01
1888.0,3.053
1889.0,3.01
1890.0,3.01
1891.0,3.01
1892.0,3.01
1893.0,3.01
1894.0,3.01
1895.0,3.01
1896.0,3.053
1897.0,3.01
1898.0,3.053
1899.0,3.01
1900.0,3.01
1901.0,3.01
1902.0,3.01
1903.0,3.053
1904.0,3.01
1905.0,3.01
1906.0,3.01
1907.0,3.053
1908.0,3.01
1909.0,3.01
1910.0,3.01
1911.0,3.01
1912.0,3.01
1913.0,3.01
1914.0,3.053
1915.0,3.01
1916.0,3.01
1917.0,3.01
1918.0,3.053
1919.0,3.01
1920.0,3.01
1921.0,3.01
1922.0,3.053
1923.0,3.01
1924.0,3.01
1925.0,3.01
1926.0,3.01
1927.0,3.01
1928.0,3.01
1929.0,3.01
1930.0,3.01
1931.0,3.01
1932.0,3.01
1933.0,3.053
1934.0,3.053
1935.0,3.01
1936.0,3.01
1937.0,3.01
1938.0,3.01
1939.0,3.053
1940.0,3.01
1941.0,3.053
1942.0,3.053
1943.0,3.01
1944.0,3.053
1945.0,3.053
1946.0,3.01
1947.0,3.01
1948.0,3.01
1949.0,3.01
1950.0,3.01
1951.0,3.01
1952.0,3.01
1953.0,3.01
1954.0,3.01
1955.0,3.053
1956.0,3.053
1957.0,3.01
1958.0,3.053
1959.0,3.01
1960.0,3.01
1961.0,3.01
1962.0,3.053
1963.0,3.01
1964.0,3.01
1965.0,3.01
1966.0,3.01
1967.0,3.01
1968.0,3.01
1969.0,3.01
1970.0,3.01
1971.0,3.01
1972.0,3.053
1973.0,3.053
1974.0,3.053
1975.0,3.01
1976.0,3.01
1977.0,3.01
1978.0,3.01
1979.0,3.01
1980.0,3.01
1981.0,3.053
1982.0,3.01
1983.0,3.01
1984.0,3.01
1985.0,3.01
1986.0,3.01
1987.0,3.01
1988.0,3.01
1989.0,3.01
1990.0,3.053
1991.0,3.01
1992.0,3.053
1993.0,3.01
1994.0,3.01
1995.0,3.01
1996.0,3.01
1997.0,3.01
1998.0,3.053
1999.0,3.053
2000.0,3.01
2001.0,3.01
2002.0,3.01
2003.0,3.01
2004.0,3.01
2005.0,3.01
2006.0,3.01
2007.0,3.053
2008.0,3.01
2009.0,3.053
2010.0,3.01
2011.0,3.053
2012.0,3.01
2013.0,3.053
2014.0,3.01
2015.0,3.053
2016.0,3.053
2017.0,3.053
2018.0,3.01
2019.0,3.01
2020.0,3.01
2021.0,3.01
2022.0,3.01
2023.0,3.01
2024.0,3.01
2025.0,3.01
2026.0,3.01
2027.0,3.01
2028.0,3.01
2029.0,3.01
2030.0,3.01
2031.0,3.01
2032.0,3.01
2033.0,3.01
2034.0,3.01
2035.0,3.01
2036.0,3.01
2037.0,3.01
2038.0,3.01
2039.0,3.01
2040.0,3.01
2041.0,3.01
2042.0,3.01
2043.0,3.01
2044.0,3.01
2045.0,3.01
2046.0,3.01
2047.0,3.01
2048.0,3.01
2049.0,3.053
2050.0,3.01
2051.0,3.01
2052.0,3.01
2053.0,3.01
2054.0,3.01
2055.0,3.01
2056.0,3.01
2057.0,3.01
2058.0,3.01
2059.0,3.01
2060.0,3.01
2061.0,3.01
2062.0,3.01
2063.0,3.01
2064.0,3.01
2065.0,3.01
2066.0,3.01
2067.0,3.01
2068.0,3.01
2069.0,3.01
2070.0,3.01
2071.0,3.01
2072.0,3.01
2073.0,3.01
2074.0,3.01
2075.0,3.01
2076.0,3.01
2077.0,3.01
2078.0,3.01
2079.0,3.01
2080.0,3.01
2081.0,3.053
2082.0,3.01
2083.0,3.053
2084.0,3.01
2085.0,3.01
2086.0,3.01
2087.0,3.01
2088.0,3.01
2089.0,3.01
2090.0,3.053
2091.0,3.053
2092.0,3.01
2093.0,3.053
2094.0,3.01
2095.0,3.01
2096.0,3.01
2097.0,3.053
2098.0,3.01
2099.0,3.01
2100.0,3.01
2101.0,3.01
2102.0,3.01
2103.0,3.01
2104.0,3.01
2105.0,3.01
2106.0,3.01
2107.0,3.01
2108.0,3.01
2109.0,3.01
2110.0,3.01
2111.0,3.01
2112.0,3.01
2113.0,3.01
2114.0,3.01
2115.0,3.01
2116.0,3.01
2117.0,3.01
2118.0,3.01
2119.0,3.01
2120.0,3.01
2121.0,3.053
2122.0,3.053
2123.0,3.053
2124.0,3.01
2125.0,3.01
2126.0,3.01
2127.0,3.01
2128.0,3.01
2129.0,3.01
2130.0,3.01
2131.0,3.01
2132.0,3.01
2133.0,3.01
2134.0,3.01
2135.0,3.01
2136.0,3.01
2137.0,3.01
2138.0,3.01
2139.0,3.01
2140.0,3.01
2141.0,3.01
2142.0,3.01
2143.0,3.01
2144.0,3.01
2145.0,3.01
2146.0,3.01
2147.0,3.01
2148.0,3.01
2149.0,3.01
2150.0,3.01
2151.0,3.01
2152.0,3.01
2153.0,3.01
2154.0,3.01
2155.0,3.01
2156.0,3.01
2157.0,3.01
2158.0,3.01
2159.0,3.01
2160.0,3.01
2161.0,3.01
2162.0,3.01
2163.0,3.01
2164.0,3.01
2165.0,3.01
2166.0,3.01
2167.0,3.01
2168.0,3.01
2169.0,3.01
2170.0,3.01
2171.0,3.01
2172.0,3.01
2173.0,3.01
2174.0,3.01
2175.0,3.01
2176.0,3.01
2177.0,3.01
2178.0,3.01
2179.0,3.01
2180.0,3.01
2181.0,3.01
2182.0,3.01
2183.0,3.053
2184.0,3.01
2185.0,3.01
2186.0,3.01
2187.0,3.01
2188.0,3.01
2189.0,3.01
2190.0,3.01
2191.0,3.01
2192.0,3.01
2193.0,3.01
2194.0,3.01
2195.0,3.01
2196.0,3.01
2197.0,3.01
2198.0,3.01
2199.0,3.01
2200.0,3.01
2201.0,3.01
2202.0,3.01
2203.0,3.01
2204.0,3.01
2205.0,3.01
2206.0,3.01
2207.0,3.01
2208.0,3.01
2209.0,3.01
2210.0,3.01
2211.0,3.01
2212.0,3.01
2213.0,3.01
2214.0,3.01
2215.0,3.01
2216.0,3.01
2217.0,3.01
2218.0,2.9669999999999996
2219.0,3.01
2220.0,3.01
2221.0,3.01
2222.0,3.01
2223.0,3.01
2224.0,3.01
2225.0,3.01
2226.0,3.01
2227.0,3.01
2228.0,3.01
2229.0,3.01
2230.0,3.01
2231.0,3.01
2232.0,3.01
2233.0,3.01
2234.0,3.01
2235.0,3.01
2236.0,3.01
2237.0,3.01
2238.0,3.01
2239.0,3.01
2240.0,3.01
2241.0,3.01
2242.0,3.01
2243.0,3.01
2244.0,3.01
2245.0,3.01
2246.0,3.01
2247.0,3.01
2248.0,3.01
2249.0,3.01
2250.0,3.01
2251.0,3.01
2252.0,3.01
2253.0,3.01
2254.0,3.01
2255.0,3.01
2256.0,3.01
2257.0,3.01
2258.0,3.01
2259.0,2.9669999999999996
2260.0,3.01
2261.0,3.01
2262.0,3.01
2263.0,3.01
2264.0,3.01
2265.0,3.01
2266.0,3.01
2267.0,3.01
2268.0,3.01
2269.0,3.01
2270.0,3.01
2271.0,3.01
2272.0,3.01
2273.0,3.053
2274.0,3.01
2275.0,3.01
2276.0,3.01
2277.0,3.01
2278.0,3.01
2279.0,3.01
2280.0,3.01
2281.0,3.01
2282.0,3.01
2283.0,3.01
2284.0,3.01
2285.0,3.01
2286.0,3.01
2287.0,3.01
2288.0,3.01
2289.0,3.01
2290.0,3.01
2291.0,3.01
2292.0,3.01
2293.0,3.01
2294.0,3.01
2295.0,3.01
2296.0,3.01
2297.0,3.01
2298.0,3.01
2299.0,3.01
2300.0,3.01
2301.0,3.01
2302.0,3.01
2303.0,3.01
2304.0,3.01
2305.0,3.01
2306.0,3.01
2307.0,3.01
2308.0,3.01
2309.0,3.01
2310.0,3.01
2311.0,3.01
2312.0,3.01
2313.0,3.01
2314.0,3.01
2315.0,3.01
2316.0,3.01
2317.0,2.9669999999999996
2318.0,3.01
2319.0,3.01
2320.0,3.01
2321.0,3.01
2322.0,3.01
2323.0,3.01
2324.0,3.01
2325.0,3.01
2326.0,2.9669999999999996
2327.0,3.01
2328.0,3.01
2329.0,3.01
2330.0,3.01
2331.0,3.01
2332.0,3.01
2333.0,3.01
2334.0,2.9669999999999996
2335.0,2.9669999999999996
2336.0,3.01
2337.0,3.01
2338.0,3.01
2339.0,3.01
2340.0,3.01
2341.0,3.01
2342.0,3.01
2343.0,3.01
2344.0,3.01
2345.0,3.01
2346.0,3.01
2347.0,3.01
2348.0,2.9669999999999996
2349.0,3.01
2350.0,3.01
2351.0,2.9669999999999996
2352.0,3.01
2353.0,3.01
2354.0,3.01
2355.0,3.01
2356.0,3.01
2357.0,3.01
2358.0,3.01
2359.0,3.01
2360.0,2.9669999999999996
2361.0,3.01
2362.0,3.01
2363.0,3.01
2364.0,3.01
2365.0,3.01
2366.0,3.01
2367.0,3.01
2368.0,3.01
2369.0,3.01
2370.0,3.01
2371.0,3.01
2372.0,3.01
2373.0,3.01
2374.0,3.01
2375.0,3.01
2376.0,3.01
2377.0,3.01
2378.0,3.01
2379.0,3.01
2380.0,3.01
2381.0,3.01
2382.0,3.01
2383.0,3.01
2384.0,3.01
2385.0,3.01
2386.0,2.9669999999999996
2387.0,3.01
2388.0,3.01
2389.0,3.01
2390.0,3.01
2391.0,3.01
2392.0,3.01
2393.0,2.9669999999999996
2394.0,3.01
2395.0,3.01
2396.0,3.01
2397.0,3.01
2398.0,3.01
2399.0,3.01
2400.0,3.01
2401.0,2.9669999999999996
2402.0,2.9669999999999996
2403.0,3.01
2404.0,3.01
2405.0,3.01
2406.0,2.9669999999999996
2407.0,3.01
2408.0,2.9669999999999996
2409.0,3.01
2410.0,3.01
2411.0,3.01
2412.0,3.01
2413.0,3.01
2414.0,3.01
2415.0,3.01
2416.0,3.01
2417.0,3.01
2418.0,3.01
2419.0,3.01
2420.0,3.01
2421.0,3.01
2422.0,3.01
2423.0,3.01
2424.0,3.01
2425.0,3.01
2426.0,3.01
2427.0,3.01
2428.0,3.01
2429.0,3.01
2430.0,3.01
2431.0,3.01
2432.0,3.01
2433.0,3.01
2434.0,3.01
2435.0,3.01
2436.0,3.01
2437.0,3.01
2438.0,3.01
2439.0,3.01
2440.0,3.01
2441.0,3.01
2442.0,3.01
2443.0,3.01
2444.0,2.9669999999999996
2445.0,3.01
2446.0,3.01
2447.0,3.01
2448.0,3.01
2449.0,3.01
2450.0,3.01
2451.0,3.01
2452.0,3.01
2453.0,3.01
2454.0,3.01
2455.0,3.01
2456.0,3.01
2457.0,3.01
2458.0,3.01
2459.0,3.01
2460.0,3.01
2461.0,2.9669999999999996
2462.0,3.01
2463.0,3.01
2464.0,3.01
2465.0,3.01
2466.0,3.01
2467.0,3.01
2468.0,3.01
2469.0,3.01
2470.0,3.01
2471.0,3.01
2472.0,3.01
2473.0,3.01
2474.0,3.01
2475.0,3.01
2476.0,2.9669999999999996
2477.0,3.01
2478.0,3.01
2479.0,3.01
2480.0,3.01
2481.0,3.01
2482.0,3.01
2483.0,3.01
2484.0,3.01
2485.0,3.01
2486.0,2.9669999999999996
2487.0,3.01
2488.0,3.01
2489.0,3.01
2490.0,3.01
2491.0,3.01
2492.0,3.01
2493.0,3.01
2494.0,3.01
2495.0,3.01
2496.0,2.9669999999999996
2497.0,3.01
2498.0,3.01
2499.0,3.01
2500.0,3.01
2501.0,2.9669999999999996
2502.0,2.9669999999999996
2503.0,3.01
2504.0,3.01
2505.0,3.01
2506.0,3.01
2507.0,3.01
2508.0,3.01
2509.0,2.9669999999999996
2510.0,3.01
2511.0,3.01
2512.0,3.01
2513.0,3.01
2514.0,2.9669999999999996
2515.0,3.01
2516.0,2.9669999999999996
2517.0,3.01
2518.0,2.9669999999999996
2519.0,3.01
2520.0,2.9669999999999996
2521.0,3.01
2522.0,3.01
2523.0,3.01
2524.0,2.9669999999999996
2525.0,3.01
2526.0,3.01
2527.0,3.01
2528.0,2.9669999999999996
2529.0,3.01
2530.0,3.01
2531.0,2.9669999999999996
2532.0,3.01
2533.0,3.01
2534.0,2.9669999999999996
2535.0,3.01
2536.0,3.01
2537.0,2.9669999999999996
2538.0,3.01
2539.0,3.01
2540.0,3.01
2541.0,3.01
2542.0,2.9669999999999996
2543.0,2.9669999999999996
2544.0,2.9669999999999996
2545.0,3.01
2546.0,2.9669999999999996
2547.0,3.01
2548.0,3.01
2549.0,3.01
2550.0,3.01
2551.0,2.9669999999999996
2552.0,2.9669999999999996
2553.0,2.9669999999999996
2554.0,2.9669999999999996
2555.0,3.01
2556.0,2.9669999999999996
2557.0,3.01
2558.0,3.01
2559.0,3.01
2560.0,2.9669999999999996
2561.0,2.9669999999999996
2562.0,3.01
2563.0,3.01
2564.0,3.01
2565.0,3.01
2566.0,3.01
2567.0,3.01
2568.0,2.9669999999999996
2569.0,2.9669999999999996
2570.0,2.9669999999999996
2571.0,3.01
2572.0,3.01
2573.0,3.01
2574.0,2.9669999999999996
2575.0,3.01
2576.0,2.9669999999999996
2577.0,3.01
2578.0,2.9669999999999996
2579.0,3.01
2580.0,3.01
2581.0,3.01
2582.0,2.9669999999999996
2583.0,3.01
2584.0,2.9669999999999996
2585.0,2.9669999999999996
2586.0,2.9669999999999996
2587.0,3.01
2588.0,2.9669999999999996
2589.0,3.01
2590.0,3.01
2591.0,3.01
2592.0,2.9669999999999996
2593.0,3.01
2594.0,2.9669999999999996
2595.0,2.9669999999999996
2596.0,3.01
2597.0,3.01
2598.0,2.9669999999999996
2599.0,3.01
2600.0,3.01
2601.0,3.01
2602.0,2.9669999999999996
2603.0,3.01
2604.0,3.01
2605.0,3.01
2606.0,3.01
2607.0,3.01
2608.0,3.01
2609.0,3.01
2610.0,2.9669999999999996
2611.0,2.9669999999999996
2612.0,3.01
2613.0,3.01
2614.0,3.01
2615.0,3.01
2616.0,3.01
2617.0,3.01
2618.0,2.9669999999999996
2619.0,2.9669999999999996
2620.0,2.9669999999999996
2621.0,2.9669999999999996
2622.0,2.9669999999999996
2623.0,3.01
2624.0,3.01
2625.0,2.9669999999999996
2626.0,3.01
2627.0,2.9669999999999996
2628.0,3.01
2629.0,3.01
2630.0,2.9669999999999996
2631.0,2.9669999999999996
2632.0,3.01
2633.0,2.9669999999999996
2634.0,2.9669999999999996
2635.0,2.9669999999999996
2636.0,2.9669999999999996
2637.0,3.01
2638.0,3.01
2639.0,3.01
2640.0,3.01
2641.0,2.9669999999999996
2642.0,3.01
2643.0,2.9669999999999996
2644.0,2.9669999999999996
2645.0,2.9669999999999996
2646.0,3.01
2647.0,3.01
2648.0,2.9669999999999996
2649.0,3.01
2650.0,3.01
2651.0,3.01
2652.0,2.9669999999999996
2653.0,3.01
2654.0,3.01
2655.0,3.01
2656.0,3.01
2657.0,3.01
2658.0,3.01
2659.0,2.9669999999999996
2660.0,2.9669999999999996
2661.0,2.9669999999999996
2662.0,2.9669999999999996
2663.0,3.01
2664.0,2.9669999999999996
2665.0,3.01
2666.0,2.9669999999999996
2667.0,3.01
2668.0,3.01
2669.0,3.01
2670.0,2.9669999999999996
2671.0,2.9669999999999996
2672.0,3.01
2673.0,3.01
2674.0,2.9669999999999996
2675.0,3.01
2676.0,2.9669999999999996
2677.0,3.01
2678.0,2.9669999999999996
2679.0,2.9669999999999996
2680.0,3.01
2681.0,3.01
2682.0,2.9669999999999996
2683.0,3.01
2684.0,2.9669999999999996
2685.0,3.01
2686.0,2.9669999999999996
2687.0,3.01
2688.0,3.01
2689.0,3.01
2690.0,2.9669999999999996
2691.0,3.01
2692.0,2.9669999999999996
2693.0,2.9669999999999996
2694.0,2.9669999999999996
2695.0,2.9669999999999996
2696.0,2.9669999999999996
2697.0,2.9669999999999996
2698.0,3.01
2699.0,3.01
2700.0,3.01
2701.0,2.9669999999999996
2702.0,2.9669999999999996
2703.0,2.9669999999999996
2704.0,3.01
2705.0,3.01
2706.0,3.01
2707.0,3.01
2708.0,2.9669999999999996
2709.0,2.9669999999999996
2710.0,2.9669999999999996
2711.0,3.01
2712.0,2.9669999999999996
2713.0,2.9669999999999996
2714.0,2.9669999999999996
2715.0,3.01
2716.0,3.01
2717.0,2.9669999999999996
2718.0,2.9669999999999996
2719.0,2.9669999999999996
2720.0,2.9669999999999996
2721.0,3.01
2722.0,3.01
2723.0,3.01
2724.0,2.9669999999999996
2725.0,3.01
2726.0,2.9669999999999996
2727.0,2.9669999999999996
2728.0,2.9669999999999996
2729.0,2.9669999999999996
2730.0,2.9669999999999996
2731.0,3.01
2732.0,2.9669999999999996
2733.0,2.9669999999999996
2734.0,2.9669999999999996
2735.0,2.9669999999999996
2736.0,2.9669999999999996
2737.0,3.01
2738.0,2.9669999999999996
2739.0,2.9669999999999996
2740.0,2.9669999999999996
2741.0,2.9669999999999996
2742.0,2.9669999999999996
2743.0,2.9669999999999996
2744.0,2.9669999999999996
2745.0,2.9669999999999996
2746.0,2.9669999999999996
2747.0,2.9669999999999996
2748.0,2.9669999999999996
2749.0,3.01
2750.0,3.01
2751.0,2.9669999999999996
2752.0,2.9669999999999996
2753.0,3.01
2754.0,2.9669999999999996
2755.0,3.01
2756.0,2.9669999999999996
2757.0,3.01
2758.0,3.01
2759.0,2.9669999999999996
2760.0,2.9669999999999996
2761.0,2.9669999999999996
2762.0,2.9669999999999996
2763.0,3.01
2764.0,2.9669999999999996
2765.0,2.9669999999999996
2766.0,2.9669999999999996
2767.0,2.9669999999999996
2768.0,2.9669999999999996
2769.0,2.9669999999999996
2770.0,2.9669999999999996
2771.0,2.9669999999999996
2772.0,2.9669999999999996
2773.0,3.01
2774.0,2.9669999999999996
2775.0,3.01
2776.0,3.01
2777.0,2.9669999999999996
2778.0,2.9669999999999996
2779.0,2.9669999999999996
2780.0,2.9669999999999996
2781.0,2.9669999999999996
2782.0,2.9669999999999996
2783.0,3.01
2784.0,2.9669999999999996
2785.0,2.9669999999999996
2786.0,2.924
2787.0,3.01
2788.0,2.9669999999999996
2789.0,3.01
2790.0,2.9669999999999996
2791.0,2.9669999999999996
2792.0,2.9669999999999996
2793.0,2.9669999999999996
2794.0,2.9669999999999996
2795.0,3.01
2796.0,2.9669999999999996
2797.0,3.01
2798.0,2.9669999999999996
2799.0,3.01
2800.0,2.9669999999999996
2801.0,2.9669999999999996
2802.0,2.9669999999999996
2803.0,2.9669999999999996
2804.0,2.9669999999999996
2805.0,2.9669999999999996
2806.0,2.9669999999999996
2807.0,2.9669999999999996
2808.0,2.9669999999999996
2809.0,3.01
2810.0,2.9669999999999996
2811.0,2.9669999999999996
2812.0,2.9669999999999996
2813.0,2.9669999999999996
2814.0,2.9669999999999996
2815.0,2.9669999999999996
2816.0,2.9669999999999996
2817.0,3.01
2818.0,2.9669999999999996
2819.0,2.9669999999999996
2820.0,2.9669999999999996
2821.0,2.9669999999999996
2822.0,2.9669999999999996
2823.0,2.9669999999999996
2824.0,2.924
2825.0,2.9669999999999996
2826.0,2.9669999999999996
2827.0,2.9669999999999996
2828.0,2.9669999999999996
2829.0,2.9669999999999996
2830.0,2.9669999999999996
2831.0,2.9669999999999996
2832.0,3.01
2833.0,3.01
2834.0,2.9669999999999996
2835.0,2.9669999999999996
2836.0,2.9669999999999996
2837.0,3.01
2838.0,3.01
2839.0,3.01
2840.0,2.9669999999999996
2841.0,2.9669999999999996
2842.0,2.9669999999999996
2843.0,2.9669999999999996
2844.0,2.9669999999999996
2845.0,2.9669999999999996
2846.0,2.9669999999999996
2847.0,2.9669999999999996
2848.0,2.9669999999999996
2849.0,3.01
2850.0,2.9669999999999996
2851.0,3.01
2852.0,2.9669999999999996
2853.0,3.01
2854.0,2.9669999999999996
2855.0,2.9669999999999996
2856.0,2.9669999999999996
2857.0,2.9669999999999996
2858.0,2.9669999999999996
2859.0,2.9669999999999996
2860.0,2.9669999999999996
2861.0,2.9669999999999996
2862.0,2.9669999999999996
2863.0,3.01
2864.0,2.9669999999999996
2865.0,3.01
2866.0,2.9669999999999996
2867.0,2.9669999999999996
2868.0,2.9669999999999996
2869.0,2.9669999999999996
2870.0,2.9669999999999996
2871.0,2.9669999999999996
2872.0,2.9669999999999996
2873.0,3.01
2874.0,2.9669999999999996
2875.0,3.01
2876.0,2.9669999999999996
2877.0,2.9669999999999996
2878.0,2.9669999999999996
2879.0,2.9669999999999996
2880.0,2.9669999999999996
2881.0,2.9669999999999996
2882.0,2.9669999999999996
2883.0,2.9669999999999996
2884.0,2.9669999999999996
2885.0,2.9669999999999996
2886.0,2.9669999999999996
2887.0,2.9669999999999996
2888.0,2.9669999999999996
2889.0,2.9669999999999996
2890.0,2.9669999999999996
2891.0,2.9669999999999996
2892.0,2.9669999999999996
2893.0,2.9669999999999996
2894.0,2.9669999999999996
2895.0,2.9669999999999996
2896.0,2.9669999999999996
2897.0,2.9669999999999996
2898.0,2.9669999999999996
2899.0,2.9669999999999996
2900.0,2.9669999999999996
2901.0,2.9669999999999996
2902.0,2.924
2903.0,3.01
2904.0,2.9669999999999996
2905.0,3.01
2906.0,2.9669999999999996
2907.0,2.9669999999999996
2908.0,2.9669999999999996
2909.0,2.9669999999999996
2910.0,2.9669999999999996
2911.0,2.9669999999999996
2912.0,2.9669999999999996
2913.0,3.01
2914.0,2.9669999999999996
2915.0,2.9669999999999996
2916.0,2.9669999999999996
2917.0,2.9669999999999996
2918.0,2.9669999999999996
2919.0,2.9669999999999996
2920.0,2.9669999999999996
2921.0,2.9669999999999996
2922.0,2.9669999999999996
2923.0,2.9669999999999996
2924.0,2.9669999999999996
2925.0,2.9669999999999996
2926.0,2.9669999999999996
2927.0,2.9669999999999996
2928.0,2.9669999999999996
2929.0,3.01
2930.0,2.9669999999999996
2931.0,2.9669999999999996
2932.0,2.9669999999999996
2933.0,2.9669999999999996
2934.0,2.9669999999999996
2935.0,2.9669999999999996
2936.0,2.9669999999999996
2937.0,2.9669999999999996
2938.0,2.9669999999999996
2939.0,2.9669999999999996
2940.0,2.9669999999999996
2941.0,2.9669999999999996
2942.0,3.01
2943.0,2.9669999999999996
2944.0,2.924
2945.0,3.01
2946.0,2.9669999999999996
2947.0,3.01
2948.0,2.9669999999999996
2949.0,2.9669999999999996
2950.0,2.9669999999999996
2951.0,2.9669999999999996
2952.0,2.9669999999999996
2953.0,3.01
2954.0,2.9669999999999996
2955.0,2.9669999999999996
2956.0,2.9669999999999996
2957.0,2.9669999999999996
2958.0,2.9669999999999996
2959.0,2.9669999999999996
2960.0,2.9669999999999996
2961.0,2.9669999999999996
2962.0,2.9669999999999996
2963.0,2.9669999999999996
2964.0,2.9669999999999996
2965.0,2.9669999999999996
2966.0,2.9669999999999996
2967.0,2.9669999999999996
2968.0,2.9669999999999996
2969.0,2.9669999999999996
2970.0,2.9669999999999996
2971.0,3.01
2972.0,2.9669999999999996
2973.0,3.01
2974.0,2.9669999999999996
2975.0,3.01
2976.0,2.924
2977.0,2.9669999999999996
2978.0,2.9669999999999996
2979.0,2.9669999999999996
2980.0,2.9669999999999996
2981.0,2.9669999999999996
2982.0,2.9669999999999996
2983.0,2.9669999999999996
2984.0,2.9669999999999996
2985.0,2.9669999999999996
2986.0,2.9669999999999996
2987.0,2.9669999999999996
2988.0,2.9669999999999996
2989.0,2.9669999999999996
2990.0,2.9669999999999996
2991.0,2.9669999999999996
2992.0,2.9669999999999996
2993.0,2.9669999999999996
2994.0,2.9669999999999996
2995.0,2.9669999999999996
2996.0,2.9669999999999996
2997.0,2.9669999999999996
2998.0,2.9669999999999996
2999.0,2.9669999999999996
3000.0,2.9669999999999996
3001.0,2.9669999999999996
3002.0,2.9669999999999996
3003.0,2.9669999999999996
3004.0,2.9669999999999996
3005.0,2.9669999999999996
3006.0,2.9669999999999996
3007.0,2.9669999999999996
3008.0,3.01
3009.0,2.9669999999999996
3010.0,2.9669999999999996
3011.0,2.9669999999999996
3012.0,2.9669999999999996
3013.0,2.9669999999999996
3014.0,3.01
3015.0,3.01
3016.0,2.9669999999999996
3017.0,2.9669999999999996
3018.0,2.9669999999999996
3019.0,2.9669999999999996
3020.0,2.9669999999999996
3021.0,2.9669999999999996
3022.0,2.9669999999999996
3023.0,2.9669999999999996
3024.0,2.9669999999999996
3025.0,2.9669999999999996
3026.0,2.9669999999999996
3027.0,2.9669999999999996
3028.0,2.9669999999999996
3029.0,2.9669999999999996
3030.0,2.9669999999999996
3031.0,2.9669999999999996
3032.0,2.9669999999999996
3033.0,2.9669999999999996
3034.0,2.9669999999999996
3035.0,2.9669999999999996
3036.0,2.9669999999999996
3037.0,2.9669999999999996
3038.0,2.9669999999999996
3039.0,2.9669999999999996
3040.0,2.9669999999999996
3041.0,2.9669999999999996
3042.0,2.9669999999999996
3043.0,2.9669999999999996
3044.0,2.924
3045.0,3.01
3046.0,2.9669999999999996
3047.0,2.9669999999999996
3048.0,2.9669999999999996
3049.0,2.9669999999999996
3050.0,2.9669999999999996
3051.0,2.924
3052.0,2.9669999999999996
3053.0,2.9669999999999996
3054.0,2.9669999999999996
3055.0,2.9669999999999996
3056.0,2.9669999999999996
3057.0,2.9669999999999996
3058.0,2.9669999999999996
3059.0,2.9669999999999996
3060.0,2.9669999999999996
3061.0,2.9669999999999996
3062.0,2.9669999999999996
3063.0,2.9669999999999996
3064.0,2.9669999999999996
3065.0,3.01
3066.0,2.9669999999999996
3067.0,2.9669999999999996
3068.0,2.9669999999999996
3069.0,2.9669999999999996
3070.0,2.9669999999999996
3071.0,2.9669999999999996
3072.0,2.9669999999999996
3073.0,2.9669999999999996
3074.0,2.9669999999999996
3075.0,2.9669999999999996
3076.0,2.9669999999999996
3077.0,2.9669999999999996
3078.0,2.9669999999999996
3079.0,2.9669999999999996
3080.0,2.9669999999999996
3081.0,3.01
3082.0,2.9669999999999996
3083.0,2.9669999999999996
3084.0,2.924
3085.0,2.9669999999999996
3086.0,2.9669999999999996
3087.0,2.9669999999999996
3088.0,2.9669999999999996
3089.0,2.9669999999999996
3090.0,2.924
3091.0,2.9669999999999996
3092.0,2.924
3093.0,2.9669999999999996
3094.0,2.9669999999999996
3095.0,2.9669999999999996
3096.0,2.9669999999999996
3097.0,2.9669999999999996
3098.0,2.9669999999999996
3099.0,2.9669999999999996
3100.0,2.9669999999999996
3101.0,2.9669999999999996
3102.0,2.9669999999999996
3103.0,2.9669999999999996
3104.0,2.9669999999999996
3105.0,2.9669999999999996
3106.0,2.9669999999999996
3107.0,2.9669999999999996
3108.0,2.9669999999999996
3109.0,2.9669999999999996
3110.0,2.9669999999999996
3111.0,2.9669999999999996
3112.0,2.9669999999999996
3113.0,2.9669999999999996
3114.0,2.9669999999999996
3115.0,2.9669999999999996
3116.0,2.924
3117.0,2.9669999999999996
3118.0,2.9669999999999996
3119.0,2.9669999999999996
3120.0,2.924
3121.0,2.9669999999999996
3122.0,2.9669999999999996
3123.0,3.01
3124.0,2.9669999999999996
3125.0,2.9669999999999996
3126.0,2.924
3127.0,2.9669999999999996
3128.0,2.9669999999999996
3129.0,2.9669999999999996
3130.0,2.9669999999999996
3131.0,2.9669999999999996
3132.0,2.9669999999999996
3133.0,2.9669999999999996
3134.0,2.9669999999999996
3135.0,2.9669999999999996
3136.0,2.924
3137.0,2.9669999999999996
3138.0,2.9669999999999996
3139.0,2.9669999999999996
3140.0,2.9669999999999996
3141.0,2.9669999999999996
3142.0,2.9669999999999996
3143.0,2.9669999999999996
3144.0,2.9669999999999996
3145.0,2.9669999999999996
3146.0,2.9669999999999996
3147.0,2.9669999999999996
3148.0,2.9669999999999996
3149.0,2.9669999999999996
3150.0,2.9669999999999996
3151.0,2.9669999999999996
3152.0,2.924
3153.0,2.9669999999999996
3154.0,2.9669999999999996
3155.0,2.9669999999999996
3156.0,2.9669999999999996
3157.0,2.9669999999999996
3158.0,2.9669999999999996
3159.0,2.9669999999999996
3160.0,2.924
3161.0,2.9669999999999996
3162.0,2.924
3163.0,2.9669999999999996
3164.0,2.9669999999999996
3165.0,2.9669999999999996
3166.0,2.9669999999999996
3167.0,2.9669999999999996
3168.0,2.924
3169.0,2.9669999999999996
3170.0,2.924
3171.0,2.9669999999999996
3172.0,2.9669999999999996
3173.0,2.9669999999999996
3174.0,2.9669999999999996
3175.0,2.9669999999999996
3176.0,2.9669999999999996
3177.0,2.9669999999999996
3178.0,2.9669999999999996
3179.0,2.9669999999999996
3180.0,2.9669999999999996
3181.0,2.9669999999999996
3182.0,2.9669999999999996
3183.0,2.9669999999999996
3184.0,2.9669999999999996
3185.0,2.9669999999999996
3186.0,2.9669999999999996
3187.0,2.9669999999999996
3188.0,2.9669999999999996
3189.0,2.9669999999999996
3190.0,2.9669999999999996
3191.0,2.9669999999999996
3192.0,2.924
3193.0,2.9669999999999996
3194.0,2.924
3195.0,2.9669999999999996
3196.0,2.9669999999999996
3197.0,2.9669999999999996
3198.0,2.9669999999999996
3199.0,2.9669999999999996
3200.0,2.924
3201.0,2.9669999999999996
3202.0,2.924
3203.0,2.9669999999999996
3204.0,2.924
3205.0,2.9669999999999996
3206.0,2.9669999999999996
3207.0,2.9669999999999996
3208.0,2.9669999999999996
3209.0,2.9669999999999996
3210.0,2.9669999999999996
3211.0,2.9669999999999996
3212.0,2.9669999999999996
3213.0,2.9669999999999996
3214.0,2.9669999999999996
3215.0,2.9669999999999996
3216.0,2.9669999999999996
3217.0,2.9669999999999996
3218.0,2.924
3219.0,2.9669999999999996
3220.0,2.9669999999999996
3221.0,2.9669999999999996
3222.0,2.9669999999999996
3223.0,2.9669999999999996
3224.0,2.9669999999999996
3225.0,2.9669999999999996
3226.0,2.924
3227.0,2.924
3228.0,2.924
3229.0,2.9669999999999996
3230.0,2.9669999999999996
3231.0,2.9669999999999996
3232.0,2.924
3233.0,2.9669999999999996
3234.0,2.924
3235.0,2.9669999999999996
3236.0,2.924
3237.0,2.9669999999999996
3238.0,2.924
3239.0,2.9669999999999996
3240.0,2.9669999999999996
3241.0,2.9669999999999996
3242.0,2.924
3243.0,2.9669999999999996
3244.0,2.924
3245.0,2.9669999999999996
3246.0,2.924
3247.0,2.9669999999999996
3248.0,2.9669999999999996
3249.0,2.9669999999999996
3250.0,2.9669999999999996
3251.0,2.9669999999999996
3252.0,2.924
3253.0,2.9669999999999996
3254.0,2.9669999999999996
3255.0,2.9669999999999996
3256.0,2.9669999999999996
3257.0,2.9669999999999996
3258.0,2.9669999999999996
3259.0,2.9669999999999996
3260.0,2.924
3261.0,2.9669999999999996
3262.0,2.924
3263.0,2.9669999999999996
3264.0,2.9669999999999996
3265.0,2.9669999999999996
3266.0,2.9669999999999996
3267.0,2.9669999999999996
3268.0,2.924
3269.0,2.9669999999999996
3270.0,2.924
3271.0,2.9669999999999996
3272.0,2.9669999999999996
3273.0,2.9669999999999996
3274.0,2.9669999999999996
3275.0,2.924
3276.0,2.924
3277.0,2.9669999999999996
3278.0,2.9669999999999996
3279.0,2.9669999999999996
3280.0,2.9669999999999996
3281.0,2.9669999999999996
3282.0,2.9669999999999996
3283.0,2.9669999999999996
3284.0,2.924
3285.0,2.9669999999999996
3286.0,2.9669999999999996
3287.0,2.9669999999999996
3288.0,2.9669999999999996
3289.0,2.9669999999999996
3290.0,2.9669999999999996
3291.0,2.9669999999999996
3292.0,2.9669999999999996
3293.0,2.9669999999999996
3294.0,2.924
3295.0,2.9669999999999996
3296.0,2.9669999999999996
3297.0,2.9669999999999996
3298.0,2.9669999999999996
3299.0,2.9669999999999996
3300.0,2.9669999999999996
3301.0,2.9669999999999996
3302.0,2.924
3303.0,2.9669999999999996
3304.0,2.924
3305.0,2.9669999999999996
3306.0,2.924
3307.0,2.9669999999999996
3308.0,2.924
3309.0,2.924
3310.0,2.9669999999999996
3311.0,2.924
3312.0,2.924
3313.0,2.9669999999999996
3314.0,2.9669999999999996
3315.0,2.9669999999999996
3316.0,2.9669999999999996
3317.0,2.9669999999999996
3318.0,2.924
3319.0,2.9669999999999996
3320.0,2.9669999999999996
3321.0,2.9669999999999996
3322.0,2.9669999999999996
3323.0,2.9669999999999996
3324.0,2.9669999999999996
3325.0,2.9669999999999996
3326.0,2.924
3327.0,2.9669999999999996
3328.0,2.9669999999999996
3329.0,2.9669999999999996
3330.0,2.9669999999999996
3331.0,2.9669999999999996
3332.0,2.9669999999999996
3333.0,2.9669999999999996
3334.0,2.924
3335.0,2.9669999999999996
3336.0,2.924
3337.0,2.924
3338.0,2.924
3339.0,2.9669999999999996
3340.0,2.924
3341.0,2.9669999999999996
3342.0,2.924
3343.0,2.924
3344.0,2.924
3345.0,2.9669999999999996
3346.0,2.9669999999999996
3347.0,2.924
3348.0,2.924
3349.0,2.9669999999999996
3350.0,2.924
3351.0,2.9669999999999996
3352.0,2.924
3353.0,2.9669999999999996
3354.0,2.924
3355.0,2.9669999999999996
3356.0,2.9669999999999996
3357.0,2.9669999999999996
3358.0,2.9669999999999996
3359.0,2.9669999999999996
3360.0,2.9669999999999996
3361.0,2.9669999999999996
3362.0,2.9669999999999996
3363.0,2.9669999999999996
3364.0,2.9669999999999996
3365.0,2.9669999999999996
3366.0,2.9669999999999996
3367.0,2.9669999999999996
3368.0,2.9669999999999996
3369.0,2.9669999999999996
3370.0,2.9669999999999996
3371.0,2.9669999999999996
3372.0,2.9669999999999996
3373.0,2.9669999999999996
3374.0,2.9669999999999996
3375.0,2.9669999999999996
3376.0,2.924
3377.0,2.9669999999999996
3378.0,2.924
3379.0,2.924
3380.0,2.924
3381.0,2.9669999999999996
3382.0,2.924
3383.0,2.924
3384.0,2.924
3385.0,2.924
3386.0,2.924
3387.0,2.9669999999999996
3388.0,2.924
3389.0,2.9669999999999996
3390.0,2.9669999999999996
3391.0,2.9669999999999996
3392.0,2.9669999999999996
3393.0,2.9669999999999996
3394.0,2.924
3395.0,2.9669999999999996
3396.0,2.9669999999999996
3397.0,2.9669999999999996
3398.0,2.9669999999999996
3399.0,2.9669999999999996
3400.0,2.924
3401.0,2.9669999999999996
3402.0,2.9669999999999996
3403.0,2.9669999999999996
3404.0,2.9669999999999996
3405.0,2.9669999999999996
3406.0,2.9669999999999996
3407.0,2.9669999999999996
3408.0,2.9669999999999996
3409.0,2.9669999999999996
3410.0,2.924
3411.0,2.924
3412.0,2.924
3413.0,3.01
3414.0,2.924
3415.0,2.9669999999999996
3416.0,2.9669999999999996
3417.0,2.9669999999999996
3418.0,2.924
3419.0,2.9669999999999996
3420.0,2.924
3421.0,2.9669999999999996
3422.0,2.924
3423.0,2.9669999999999996
3424.0,2.924
3425.0,2.9669999999999996
3426.0,2.924
3427.0,2.9669999999999996
3428.0,2.924
3429.0,2.9669999999999996
3430.0,2.9669999999999996
3431.0,2.9669999999999996
3432.0,2.9669999999999996
3433.0,2.9669999999999996
3434.0,2.9669999999999996
3435.0,2.9669999999999996
3436.0,2.9669999999999996
3437.0,2.9669999999999996
3438.0,2.9669999999999996
3439.0,2.9669999999999996
3440.0,2.9669999999999996
3441.0,2.9669999999999996
3442.0,2.9669999999999996
3443.0,2.9669999999999996
3444.0,2.924
3445.0,2.9669999999999996
3446.0,2.924
3447.0,2.9669999999999996
3448.0,2.9669999999999996
3449.0,2.9669999999999996
3450.0,2.9669999999999996
3451.0,2.9669999999999996
3452.0,2.924
3453.0,2.924
3454.0,2.924
3455.0,2.9669999999999996
3456.0,2.924
3457.0,2.9669999999999996
3458.0,2.924
3459.0,2.924
3460.0,2.924
3461.0,2.9669999999999996
3462.0,2.924
3463.0,2.924
3464.0,2.9669999999999996
3465.0,2.9669999999999996
3466.0,2.924
3467.0,2.9669999999999996
3468.0,2.924
3469.0,2.9669999999999996
3470.0,2.924
3471.0,2.924
3472.0,2.9669999999999996
3473.0,2.9669999999999996
3474.0,2.9669999999999996
3475.0,2.9669999999999996
3476.0,2.9669999999999996
3477.0,2.9669999999999996
3478.0,2.9669999999999996
3479.0,2.9669999999999996
3480.0,2.9669999999999996
3481.0,2.9669999999999996
3482.0,2.9669999999999996
3483.0,2.9669999999999996
3484.0,2.9669999999999996
3485.0,2.9669999999999996
3486.0,2.924
3487.0,2.9669999999999996
3488.0,2.924
3489.0,2.9669999999999996
3490.0,2.924
3491.0,2.924
3492.0,2.924
3493.0,2.924
3494.0,2.924
3495.0,2.9669999999999996
3496.0,2.924
3497.0,2.9669999999999996
3498.0,2.924
3499.0,2.924
3500.0,2.924
3501.0,2.924
3502.0,2.924
3503.0,2.9669999999999996
3504.0,2.924
3505.0,2.9669999999999996
3506.0,2.9669999999999996
3507.0,2.9669999999999996
3508.0,2.9669999999999996
3509.0,2.9669999999999996
3510.0,2.924
3511.0,2.9669999999999996
3512.0,2.924
3513.0,2.9669999999999996
3514.0,2.9669999999999996
3515.0,2.9669999999999996
3516.0,2.9669999999999996
3517.0,2.924
3518.0,2.924
3519.0,2.9669999999999996
3520.0,2.9669999999999996
3521.0,2.9669999999999996
3522.0,2.9669999999999996
3523.0,2.9669999999999996
3524.0,2.9669999999999996
3525.0,2.9669999999999996
3526.0,2.924
3527.0,2.924
3528.0,2.924
3529.0,2.9669999999999996
3530.0,2.924
3531.0,2.9669999999999996
3532.0,2.924
3533.0,2.9669999999999996
3534.0,2.924
3535.0,2.9669999999999996
3536.0,2.924
3537.0,2.9669999999999996
3538.0,2.924
3539.0,2.9669999999999996
3540.0,2.924
3541.0,2.9669999999999996
3542.0,2.924
3543.0,2.9669999999999996
3544.0,2.924
3545.0,2.9669999999999996
3546.0,2.9669999999999996
3547.0,2.9669999999999996
3548.0,2.9669999999999996
3549.0,2.9669999999999996
3550.0,2.9669999999999996
3551.0,2.9669999999999996
3552.0,2.881
3553.0,2.9669999999999996
3554.0,2.9669999999999996
3555.0,2.9669999999999996
3556.0,2.9669999999999996
3557.0,2.9669999999999996
3558.0,2.924
3559.0,2.9669999999999996
3560.0,2.924
3561.0,2.924
3562.0,2.924
3563.0,2.9669999999999996
3564.0,2.924
3565.0,2.9669999999999996
3566.0,2.924
3567.0,2.924
3568.0,2.924
3569.0,2.9669999999999996
3570.0,2.924
3571.0,2.924
3572.0,2.924
3573.0,2.9669999999999996
3574.0,2.924
3575.0,2.9669999999999996
3576.0,2.924
3577.0,2.9669999999999996
3578.0,2.924
3579.0,2.9669999999999996
3580.0,2.924
3581.0,2.9669999999999996
3582.0,2.924
3583.0,2.9669999999999996
3584.0,2.9669999999999996
3585.0,2.9669999999999996
3586.0,2.881
3587.0,2.9669999999999996
3588.0,2.9669999999999996
3589.0,2.9669999999999996
3590.0,2.9669999999999996
3591.0,2.9669999999999996
3592.0,2.9669999999999996
3593.0,2.9669999999999996
3594.0,2.924
3595.0,2.9669999999999996
3596.0,2.924
3597.0,2.9669999999999996
3598.0,2.924
3599.0,2.9669999999999996
3600.0,2.924
3601.0,2.924
3602.0,2.924
3603.0,2.924
3604.0,2.924
3605.0,2.9669999999999996
3606.0,2.924
3607.0,2.9669999999999996
3608.0,2.924
3609.0,2.924
3610.0,2.924
3611.0,2.9669999999999996
3612.0,2.924
3613.0,2.924
3614.0,2.924
3615.0,2.9669999999999996
3616.0,2.924
3617.0,2.9669999999999996
3618.0,2.924
3619.0,2.9669999999999996
3620.0,2.924
3621.0,2.9669999999999996
3622.0,2.9669999999999996
3623.0,2.9669999999999996
3624.0,2.9669999999999996
3625.0,2.9669999999999996
3626.0,2.9669999999999996
3627.0,2.9669999999999996
3628.0,2.9669999999999996
3629.0,2.9669999999999996
3630.0,2.9669999999999996
3631.0,2.9669999999999996
3632.0,2.924
3633.0,2.9669999999999996
3634.0,2.9669999999999996
3635.0,2.9669999999999996
3636.0,2.924
3637.0,2.9669999999999996
3638.0,2.9669999999999996
3639.0,2.924
3640.0,2.924
3641.0,2.924
3642.0,2.924
3643.0,2.924
3644.0,2.924
3645.0,2.9669999999999996
3646.0,2.924
3647.0,2.9669999999999996
3648.0,2.924
3649.0,2.9669999999999996
3650.0,2.924
3651.0,2.924
3652.0,2.924
3653.0,2.9669999999999996
3654.0,2.924
3655.0,2.9669999999999996
3656.0,2.9669999999999996
3657.0,2.9669999999999996
3658.0,2.924
3659.0,2.9669999999999996
3660.0,2.924
3661.0,2.9669999999999996
3662.0,2.924
3663.0,2.9669999999999996
3664.0,2.924
3665.0,2.9669999999999996
3666.0,2.924
3667.0,2.9669999999999996
3668.0,2.924
3669.0,2.9669999999999996
3670.0,2.924
3671.0,2.9669999999999996
3672.0,2.924
3673.0,2.924
3674.0,2.924
3675.0,2.9669999999999996
3676.0,2.924
3677.0,2.924
3678.0,2.924
3679.0,2.924
3680.0,2.9669999999999996
3681.0,2.924
3682.0,2.924
3683.0,2.924
3684.0,2.924
3685.0,2.924
3686.0,2.924
3687.0,2.924
3688.0,2.924
3689.0,2.9669999999999996
3690.0,2.924
3691.0,2.9669999999999996
3692.0,2.9669999999999996
3693.0,2.924
3694.0,2.924
3695.0,2.9669999999999996
3696.0,2.924
3697.0,2.924
3698.0,2.9669999999999996
3699.0,2.9669999999999996
3700.0,2.9669999999999996
3701.0,2.9669999999999996
3702.0,2.924
3703.0,2.924
3704.0,2.9669999999999996
3705.0,2.9669999999999996
3706.0,2.9669999999999996
3707.0,2.9669999999999996
3708.0,2.924
3709.0,2.924
3710.0,2.924
3711.0,2.9669999999999996
3712.0,2.924
3713.0,2.924
3714.0,2.924
3715.0,2.924
3716.0,2.924
3717.0,2.924
3718.0,2.924
3719.0,2.924
3720.0,2.924
3721.0,2.924
3722.0,2.924
3723.0,2.9669999999999996
3724.0,2.924
3725.0,2.924
3726.0,2.924
3727.0,2.924
3728.0,2.924
3729.0,2.9669999999999996
3730.0,2.9669999999999996
3731.0,2.9669999999999996
3732.0,2.9669999999999996
3733.0,2.9669999999999996
3734.0,2.924
3735.0,2.9669999999999996
3736.0,2.9669999999999996
3737.0,2.9669999999999996
3738.0,2.924
3739.0,2.9669999999999996
3740.0,2.924
3741.0,2.9669999999999996
3742.0,2.924
3743.0,2.9669999999999996
3744.0,2.924
3745.0,2.924
3746.0,2.924
3747.0,2.9669999999999996
3748.0,2.924
3749.0,2.924
3750.0,2.924
3751.0,2.924
3752.0,2.924
3753.0,2.924
3754.0,2.924
3755.0,2.9669999999999996
3756.0,2.924
3757.0,2.924
3758.0,2.924
3759.0,2.924
3760.0,2.924
3761.0,2.924
3762.0,2.924
3763.0,2.9669999999999996
3764.0,2.924
3765.0,2.9669999999999996
3766.0,2.924
3767.0,2.924
3768.0,2.924
3769.0,2.924
3770.0,2.924
3771.0,2.9669999999999996
3772.0,2.924
3773.0,2.9669999999999996
3774.0,2.9669999999999996
3775.0,2.9669999999999996
3776.0,2.924
3777.0,2.9669999999999996
3778.0,2.9669999999999996
3779.0,2.9669999999999996
3780.0,2.9669999999999996
3781.0,2.9669999999999996
3782.0,2.9669999999999996
3783.0,2.9669999999999996
3784.0,2.924
3785.0,2.924
3786.0,2.924
3787.0,2.9669999999999996
3788.0,2.924
3789.0,2.9669999999999996
3790.0,2.924
3791.0,2.924
3792.0,2.924
3793.0,2.924
3794.0,2.924
3795.0,2.924
3796.0,2.924
3797.0,2.9669999999999996
3798.0,2.9669999999999996
3799.0,2.9669999999999996
3800.0,2.924
3801.0,2.924
3802.0,2.924
3803.0,2.924
3804.0,2.924
3805.0,2.9669999999999996
3806.0,2.9669999999999996
3807.0,2.9669999999999996
3808.0,2.924
3809.0,2.924
3810.0,2.924
3811.0,2.924
3812.0,2.924
3813.0,2.9669999999999996
3814.0,2.924
3815.0,2.9669999999999996
3816.0,2.9669999999999996
3817.0,2.924
3818.0,2.924
3819.0,2.924
3820.0,2.924
3821.0,2.9669999999999996
3822.0,2.924
3823.0,2.924
3824.0,2.924
3825.0,2.924
3826.0,2.924
3827.0,2.924
3828.0,2.924
3829.0,2.924
3830.0,2.924
3831.0,2.9669999999999996
3832.0,2.924
3833.0,2.9669999999999996
3834.0,2.924
3835.0,2.924
3836.0,2.924
3837.0,2.924
3838.0,2.924
3839.0,2.9669999999999996
3840.0,2.9669999999999996
3841.0,2.9669999999999996
3842.0,2.924
3843.0,2.924
3844.0,2.881
3845.0,2.9669999999999996
3846.0,2.924
3847.0,2.9669999999999996
3848.0,2.924
3849.0,2.9669999999999996
3850.0,2.924
3851.0,2.924
3852.0,2.924
3853.0,2.924
3854.0,2.924
3855.0,2.924
3856.0,2.924
3857.0,2.924
3858.0,2.924
3859.0,2.924
3860.0,2.924
3861.0,2.924
3862.0,2.924
3863.0,2.924
3864.0,2.924
3865.0,2.924
3866.0,2.924
3867.0,2.924
3868.0,2.924
3869.0,2.924
3870.0,2.924
3871.0,2.9669999999999996
3872.0,2.924
3873.0,2.9669999999999996
3874.0,2.924
3875.0,2.924
3876.0,2.924
3877.0,2.924
3878.0,2.881
3879.0,2.9669999999999996
3880.0,2.924
3881.0,2.9669999999999996
3882.0,2.924
3883.0,2.9669999999999996
3884.0,2.924
3885.0,2.9669999999999996
3886.0,2.924
3887.0,2.9669999999999996
3888.0,2.924
3889.0,2.924
3890.0,2.924
3891.0,2.924
3892.0,2.924
3893.0,2.881
3894.0,2.924
3895.0,2.924
3896.0,2.924
3897.0,2.924
3898.0,2.924
3899.0,2.924
3900.0,2.924
3901.0,2.924
3902.0,2.924
3903.0,2.924
3904.0,2.924
3905.0,2.924
3906.0,2.9669999999999996
3907.0,2.924
3908.0,2.924
3909.0,2.924
3910.0,2.924
3911.0,2.924
3912.0,2.924
3913.0,2.9669999999999996
3914.0,2.924
3915.0,2.9669999999999996
3916.0,2.924
3917.0,2.9669999999999996
3918.0,2.9669999999999996
3919.0,2.924
3920.0,2.924
3921.0,2.924
3922.0,2.924
3923.0,2.9669999999999996
3924.0,2.881
3925.0,2.9669999999999996
3926.0,2.924
3927.0,2.924
3928.0,2.9669999999999996
3929.0,2.924
3930.0,2.924
3931.0,2.924
3932.0,2.924
3933.0,2.924
3934.0,2.924
3935.0,2.924
3936.0,2.924
3937.0,2.924
3938.0,2.924
3939.0,2.924
3940.0,2.924
3941.0,2.9669999999999996
3942.0,2.924
3943.0,2.924
3944.0,2.924
3945.0,2.924
3946.0,2.924
3947.0,2.9669999999999996
3948.0,2.924
3949.0,2.924
3950.0,2.881
3951.0,2.924
3952.0,2.924
3953.0,2.924
3954.0,2.9669999999999996
3955.0,2.924
3956.0,2.9669999999999996
3957.0,2.9669999999999996
3958.0,2.924
3959.0,2.924
3960.0,2.881
3961.0,2.9669999999999996
3962.0,2.881
3963.0,2.9669999999999996
3964.0,2.924
3965.0,2.9669999999999996
3966.0,2.9669999999999996
3967.0,2.924
3968.0,2.924
3969.0,2.924
3970.0,2.924
3971.0,2.924
3972.0,2.924
3973.0,2.924
3974.0,2.924
3975.0,2.924
3976.0,2.924
3977.0,2.924
3978.0,2.924
3979.0,2.924
3980.0,2.924
3981.0,2.924
3982.0,2.924
3983.0,2.924
3984.0,2.924
3985.0,2.924
3986.0,2.924
3987.0,2.924
3988.0,2.9669999999999996
3989.0,2.924
3990.0,2.9669999999999996
3991.0,2.924
3992.0,2.924
3993.0,2.924
3994.0,2.924
3995.0,2.924
3996.0,2.924
3997.0,2.9669999999999996
3998.0,2.924
3999.0,2.924
4000.0,2.881
4001.0,2.924
4002.0,2.924
4003.0,2.924
4004.0,2.924
4005.0,2.924
4006.0,2.924
4007.0,2.924
4008.0,2.924
4009.0,2.924
4010.0,2.924
4011.0,2.924
4012.0,2.924
4013.0,2.924
4014.0,2.924
4015.0,2.924
4016.0,2.924
4017.0,2.924
4018.0,2.924
4019.0,2.924
4020.0,2.924
4021.0,2.924
4022.0,2.924
4023.0,2.9669999999999996
4024.0,2.924
4025.0,2.924
4026.0,2.924
4027.0,2.924
4028.0,2.881
4029.0,2.924
4030.0,2.924
4031.0,2.9669999999999996
4032.0,2.924
4033.0,2.924
4034.0,2.924
4035.0,2.924
4036.0,2.924
4037.0,2.924
4038.0,2.924
4039.0,2.9669999999999996
4040.0,2.924
4041.0,2.924
4042.0,2.924
4043.0,2.924
4044.0,2.924
4045.0,2.881
4046.0,2.924
4047.0,2.9669999999999996
4048.0,2.881
4049.0,2.924
4050.0,2.924
4051.0,2.924
4052.0,2.924
4053.0,2.924
4054.0,2.924
4055.0,2.924
4056.0,2.924
4057.0,2.924
4058.0,2.924
4059.0,2.924
4060.0,2.881
4061.0,2.924
4062.0,2.924
4063.0,2.9669999999999996
4064.0,2.881
4065.0,2.924
4066.0,2.924
4067.0,2.9669999999999996
4068.0,2.881
4069.0,2.924
4070.0,2.924
4071.0,2.924
4072.0,2.924
4073.0,2.924
4074.0,2.924
4075.0,2.924
4076.0,2.924
4077.0,2.924
4078.0,2.924
4079.0,2.924
4080.0,2.924
4081.0,2.924
4082.0,2.924
4083.0,2.881
4084.0,2.924
4085.0,2.881
4086.0,2.924
4087.0,2.924
4088.0,2.924
4089.0,2.924
4090.0,2.924
4091.0,2.924
4092.0,2.881
4093.0,2.924
4094.0,2.924
4095.0,2.924
4096.0,2.924
4097.0,2.9669999999999996
4098.0,2.924
4099.0,2.9669999999999996
4100.0,2.881
4101.0,2.924
4102.0,2.881
4103.0,2.881
4104.0,2.924
4105.0,2.924
4106.0,2.924
4107.0,2.9669999999999996
4108.0,2.924
4109.0,2.881
4110.0,2.881
4111.0,2.881
4112.0,2.881
4113.0,2.924
4114.0,2.881
4115.0,2.924
4116.0,2.924
4117.0,2.924
4118.0,2.881
4119.0,2.924
4120.0,2.924
4121.0,2.924
4122.0,2.924
4123.0,2.924
4124.0,2.924
4125.0,2.924
4126.0,2.924
4127.0,2.924
4128.0,2.924
4129.0,2.924
4130.0,2.924
4131.0,2.924
4132.0,2.924
4133.0,2.924
4134.0,2.881
4135.0,2.9669999999999996
4136.0,2.881
4137.0,2.881
4138.0,2.881
4139.0,2.9669999999999996
4140.0,2.924
4141.0,2.9669999999999996
4142.0,2.924
4143.0,2.924
4144.0,2.881
4145.0,2.9669999999999996
4146.0,2.881
4147.0,2.881
4148.0,2.924
4149.0,2.924
4150.0,2.881
4151.0,2.924
4152.0,2.924
4153.0,2.924
4154.0,2.924
4155.0,2.924
4156.0,2.924
4157.0,2.924
4158.0,2.924
4159.0,2.924
4160.0,2.924
4161.0,2.924
4162.0,2.924
4163.0,2.924
4164.0,2.924
4165.0,2.924
4166.0,2.924
4167.0,2.924
4168.0,2.924
4169.0,2.924
4170.0,2.881
4171.0,2.924
4172.0,2.924
4173.0,2.924
4174.0,2.924
4175.0,2.924
4176.0,2.924
4177.0,2.924
4178.0,2.924
4179.0,2.924
4180.0,2.881
4181.0,2.924
4182.0,2.924
4183.0,2.924
4184.0,2.881
4185.0,2.924
4186.0,2.881
4187.0,2.924
4188.0,2.924
4189.0,2.924
4190.0,2.924
4191.0,2.924
4192.0,2.924
4193.0,2.924
4194.0,2.924
4195.0,2.924
4196.0,2.924
4197.0,2.924
4198.0,2.924
4199.0,2.924
4200.0,2.881
4201.0,2.924
4202.0,2.924
4203.0,2.881
4204.0,2.924
4205.0,2.924
4206.0,2.924
4207.0,2.924
4208.0,2.924
4209.0,2.924
4210.0,2.881
4211.0,2.881
4212.0,2.881
4213.0,2.924
4214.0,2.881
4215.0,2.924
4216.0,2.924
4217.0,2.881
4218.0,2.881
4219.0,2.924
4220.0,2.924
4221.0,2.924
4222.0,2.9669999999999996
4223.0,2.9669999999999996
4224.0,2.881
4225.0,2.924
4226.0,2.881
4227.0,2.924
4228.0,2.881
4229.0,2.924
4230.0,2.924
4231.0,2.9669999999999996
4232.0,2.924
4233.0,2.924
4234.0,2.924
4235.0,2.924
4236.0,2.924
4237.0,2.924
4238.0,2.924
4239.0,2.924
4240.0,2.924
4241.0,2.924
4242.0,2.881
4243.0,2.881
4244.0,2.924
4245.0,2.924
4246.0,2.924
4247.0,2.924
4248.0,2.924
4249.0,2.924
4250.0,2.924
4251.0,2.881
4252.0,2.881
4253.0,2.924
4254.0,2.924
4255.0,2.924
4256.0,2.924
4257.0,2.924
4258.0,2.881
4259.0,2.924
4260.0,2.881
4261.0,2.924
4262.0,2.881
4263.0,2.924
4264.0,2.924
4265.0,2.924
4266.0,2.924
4267.0,2.924
4268.0,2.924
4269.0,2.881
4270.0,2.924
4271.0,2.924
4272.0,2.924
4273.0,2.924
4274.0,2.924
4275.0,2.924
4276.0,2.924
4277.0,2.924
4278.0,2.881
4279.0,2.924
4280.0,2.924
4281.0,2.924
4282.0,2.924
4283.0,2.881
4284.0,2.924
4285.0,2.881
4286.0,2.881
4287.0,2.881
4288.0,2.881
4289.0,2.924
4290.0,2.881
4291.0,2.924
4292.0,2.881
4293.0,2.924
4294.0,2.881
4295.0,2.924
4296.0,2.881
4297.0,2.924
4298.0,2.881
4299.0,2.9669999999999996
4300.0,2.924
4301.0,2.881
4302.0,2.881
4303.0,2.881
4304.0,2.924
4305.0,2.881
4306.0,2.924
4307.0,2.924
4308.0,2.924
4309.0,2.924
4310.0,2.924
4311.0,2.881
4312.0,2.881
4313.0,2.881
4314.0,2.924
4315.0,2.924
4316.0,2.881
4317.0,2.924
4318.0,2.924
4319.0,2.881
4320.0,2.881
4321.0,2.881
4322.0,2.881
4323.0,2.881
4324.0,2.881
4325.0,2.924
4326.0,2.924
4327.0,2.881
4328.0,2.924
4329.0,2.881
4330.0,2.881
4331.0,2.924
4332.0,2.924
4333.0,2.881
4334.0,2.924
4335.0,2.881
4336.0,2.881
4337.0,2.924
4338.0,2.881
4339.0,2.924
4340.0,2.924
4341.0,2.924
4342.0,2.924
4343.0,2.924
4344.0,2.881
4345.0,2.924
4346.0,2.924
4347.0,2.881
4348.0,2.881
4349.0,2.881
4350.0,2.881
4351.0,2.881
4352.0,2.881
4353.0,2.881
4354.0,2.924
4355.0,2.924
4356.0,2.924
4357.0,2.9669999999999996
4358.0,2.881
4359.0,2.924
4360.0,2.881
4361.0,2.881
4362.0,2.924
4363.0,2.924
4364.0,2.924
4365.0,2.924
4366.0,2.924
4367.0,2.924
4368.0,2.881
4369.0,2.881
4370.0,2.881
4371.0,2.881
4372.0,2.881
4373.0,2.924
4374.0,2.924
4375.0,2.924
4376.0,2.881
4377.0,2.924
4378.0,2.924
4379.0,2.924
4380.0,2.924
4381.0,2.924
4382.0,2.924
4383.0,2.924
4384.0,2.924
4385.0,2.924
4386.0,2.924
4387.0,2.924
4388.0,2.881
4389.0,2.924
4390.0,2.881
4391.0,2.881
4392.0,2.881
4393.0,2.881
4394.0,2.881
4395.0,2.881
4396.0,2.881
4397.0,2.924
4398.0,2.924
4399.0,2.924
4400.0,2.924
4401.0,2.924
4402.0,2.881
4403.0,2.881
4404.0,2.881
4405.0,2.924
4406.0,2.924
4407.0,2.924
4408.0,2.881
4409.0,2.881
4410.0,2.924
4411.0,2.881
4412.0,2.881
4413.0,2.924
4414.0,2.924
4415.0,2.924
4416.0,2.881
4417.0,2.924
4418.0,2.881
4419.0,2.924
4420.0,2.924
4421.0,2.881
4422.0,2.881
4423.0,2.924
4424.0,2.924
4425.0,2.924
4426.0,2.924
4427.0,2.881
4428.0,2.881
4429.0,2.924
4430.0,2.881
4431.0,2.924
4432.0,2.881
4433.0,2.881
4434.0,2.881
4435.0,2.881
4436.0,2.881
4437.0,2.924
4438.0,2.881
4439.0,2.881
4440.0,2.881
4441.0,2.924
4442.0,2.924
4443.0,2.881
4444.0,2.881
4445.0,2.881
4446.0,2.881
4447.0,2.881
4448.0,2.881
4449.0,2.924
4450.0,2.881
4451.0,2.881
4452.0,2.881
4453.0,2.924
4454.0,2.924
4455.0,2.881
4456.0,2.881
4457.0,2.924
4458.0,2.881
4459.0,2.924
4460.0,2.881
4461.0,2.881
4462.0,2.881
4463.0,2.924
4464.0,2.924
4465.0,2.924
4466.0,2.924
4467.0,2.924
4468.0,2.881
4469.0,2.881
4470.0,2.881
4471.0,2.924
4472.0,2.881
4473.0,2.924
4474.0,2.881
4475.0,2.881
4476.0,2.881
4477.0,2.881
4478.0,2.881
4479.0,2.881
4480.0,2.881
4481.0,2.924
4482.0,2.924
4483.0,2.924
4484.0,2.924
4485.0,2.881
4486.0,2.881
4487.0,2.881
4488.0,2.881
4489.0,2.881
4490.0,2.881
4491.0,2.924
4492.0,2.881
4493.0,2.881
4494.0,2.881
4495.0,2.881
4496.0,2.924
4497.0,2.924
4498.0,2.924
4499.0,2.881
4500.0,2.924
4501.0,2.881
4502.0,2.881
4503.0,2.881
4504.0,2.881
4505.0,2.924
4506.0,2.881
4507.0,2.924
4508.0,2.924
4509.0,2.881
4510.0,2.881
4511.0,2.881
4512.0,2.881
4513.0,2.924
4514.0,2.881
4515.0,2.924
4516.0,2.881
4517.0,2.924
4518.0,2.881
4519.0,2.881
4520.0,2.881
4521.0,2.881
4522.0,2.881
4523.0,2.924
4524.0,2.924
4525.0,2.881
4526.0,2.881
4527.0,2.924
4528.0,2.881
4529.0,2.881
4530.0,2.881
4531.0,2.924
4532.0,2.881
4533.0,2.881
4534.0,2.881
4535.0,2.881
4536.0,2.881
4537.0,2.881
4538.0,2.881
4539.0,2.881
4540.0,2.881
4541.0,2.924
4542.0,2.881
4543.0,2.924
4544.0,2.881
4545.0,2.924
4546.0,2.881
4547.0,2.881
4548.0,2.924
4549.0,2.881
4550.0,2.881
4551.0,2.881
4552.0,2.881
4553.0,2.881
4554.0,2.881
4555.0,2.924
4556.0,2.881
4557.0,2.881
4558.0,2.881
4559.0,2.881
4560.0,2.881
4561.0,2.881
4562.0,2.881
4563.0,2.881
4564.0,2.924
4565.0,2.924
4566.0,2.881
4567.0,2.881
4568.0,2.881
4569.0,2.881
4570.0,2.881
4571.0,2.924
4572.0,2.924
4573.0,2.881
4574.0,2.924
4575.0,2.881
4576.0,2.881
4577.0,2.881
4578.0,2.881
4579.0,2.881
4580.0,2.881
4581.0,2.881
4582.0,2.924
4583.0,2.924
4584.0,2.881
4585.0,2.881
4586.0,2.881
4587.0,2.881
4588.0,2.881
4589.0,2.924
4590.0,2.881
4591.0,2.881
4592.0,2.881
4593.0,2.881
4594.0,2.924
4595.0,2.881
4596.0,2.924
4597.0,2.881
4598.0,2.924
4599.0,2.924
4600.0,2.881
4601.0,2.881
4602.0,2.881
4603.0,2.924
4604.0,2.881
4605.0,2.881
4606.0,2.924
4607.0,2.881
4608.0,2.881
4609.0,2.881
4610.0,2.881
4611.0,2.881
4612.0,2.881
4613.0,2.881
4614.0,2.881
4615.0,2.881
4616.0,2.881
4617.0,2.924
4618.0,2.881
4619.0,2.881
4620.0,2.881
4621.0,2.881
4622.0,2.881
4623.0,2.924
4624.0,2.881
4625.0,2.881
4626.0,2.881
4627.0,2.881
4628.0,2.881
4629.0,2.881
4630.0,2.881
4631.0,2.924
4632.0,2.881
4633.0,2.881
4634.0,2.881
4635.0,2.881
4636.0,2.881
4637.0,2.924
4638.0,2.881
4639.0,2.924
4640.0,2.924
4641.0,2.924
4642.0,2.881
4643.0,2.881
4644.0,2.881
4645.0,2.881
4646.0,2.881
4647.0,2.881
4648.0,2.924
4649.0,2.881
4650.0,2.881
4651.0,2.881
4652.0,2.881
4653.0,2.881
4654.0,2.881
4655.0,2.881
4656.0,2.881
4657.0,2.924
4658.0,2.881
4659.0,2.881
4660.0,2.881
4661.0,2.924
4662.0,2.881
4663.0,2.881
4664.0,2.881
4665.0,2.881
4666.0,2.881
4667.0,2.881
4668.0,2.881
4669.0,2.881
4670.0,2.881
4671.0,2.881
4672.0,2.881
4673.0,2.924
4674.0,2.881
4675.0,2.881
4676.0,2.924
4677.0,2.881
4678.0,2.881
4679.0,2.881
4680.0,2.881
4681.0,2.924
4682.0,2.924
4683.0,2.881
4684.0,2.881
4685.0,2.881
4686.0,2.881
4687.0,2.881
4688.0,2.881
4689.0,2.924
4690.0,2.881
4691.0,2.881
4692.0,2.881
4693.0,2.881
4694.0,2.881
4695.0,2.881
4696.0,2.881
4697.0,2.881
4698.0,2.881
4699.0,2.924
4700.0,2.881
4701.0,2.881
4702.0,2.881
4703.0,2.881
4704.0,2.881
4705.0,2.881
4706.0,2.881
4707.0,2.881
4708.0,2.881
4709.0,2.881
4710.0,2.881
4711.0,2.881
4712.0,2.881
4713.0,2.924
4714.0,2.881
4715.0,2.881
4716.0,2.924
4717.0,2.881
4718.0,2.881
4719.0,2.881
4720.0,2.881
4721.0,2.881
4722.0,2.924
4723.0,2.881
4724.0,2.924
4725.0,2.881
4726.0,2.881
4727.0,2.881
4728.0,2.881
4729.0,2.881
4730.0,2.881
4731.0,2.924
4732.0,2.881
4733.0,2.881
4734.0,2.881
4735.0,2.881
4736.0,2.881
4737.0,2.881
4738.0,2.881
4739.0,2.924
4740.0,2.881
4741.0,2.924
4742.0,2.881
4743.0,2.881
4744.0,2.881
4745.0,2.881
4746.0,2.881
4747.0,2.924
4748.0,2.924
4749.0,2.881
4750.0,2.924
4751.0,2.881
4752.0,2.881
4753.0,2.881
4754.0,2.924
4755.0,2.881
4756.0,2.881
4757.0,2.881
4758.0,2.881
4759.0,2.881
4760.0,2.881
4761.0,2.881
4762.0,2.881
4763.0,2.881
4764.0,2.924
4765.0,2.881
4766.0,2.881
4767.0,2.881
4768.0,2.881
4769.0,2.881
4770.0,2.881
4771.0,2.881
4772.0,2.881
4773.0,2.924
4774.0,2.881
4775.0,2.881
4776.0,2.881
4777.0,2.881
4778.0,2.881
4779.0,2.881
4780.0,2.881
4781.0,2.881
4782.0,2.881
4783.0,2.881
4784.0,2.881
4785.0,2.881
4786.0,2.881
4787.0,2.881
4788.0,2.881
4789.0,2.881
4790.0,2.881
4791.0,2.881
4792.0,2.881
4793.0,2.881
4794.0,2.881
4795.0,2.881
4796.0,2.881
4797.0,2.881
4798.0,2.881
4799.0,2.881
4800.0,2.881
4801.0,2.881
4802.0,2.881
4803.0,2.881
4804.0,2.881
4805.0,2.881
4806.0,2.881
4807.0,2.881
4808.0,2.881
4809.0,2.881
4810.0,2.881
4811.0,2.881
4812.0,2.881
4813.0,2.881
4814.0,2.881
4815.0,2.881
4816.0,2.924
4817.0,2.881
4818.0,2.881
4819.0,2.881
4820.0,2.881
4821.0,2.881
4822.0,2.881
4823.0,2.924
4824.0,2.924
4825.0,2.881
4826.0,2.881
4827.0,2.881
4828.0,2.881
4829.0,2.881
4830.0,2.881
4831.0,2.881
4832.0,2.881
4833.0,2.881
4834.0,2.881
4835.0,2.881
4836.0,2.881
4837.0,2.881
4838.0,2.881
4839.0,2.881
4840.0,2.881
4841.0,2.881
4842.0,2.924
4843.0,2.881
4844.0,2.881
4845.0,2.881
4846.0,2.881
4847.0,2.924
4848.0,2.881
4849.0,2.881
4850.0,2.881
4851.0,2.881
4852.0,2.881
4853.0,2.881
4854.0,2.881
4855.0,2.881
4856.0,2.881
4857.0,2.881
4858.0,2.881
4859.0,2.881
4860.0,2.881
4861.0,2.881
4862.0,2.881
4863.0,2.881
4864.0,2.881
4865.0,2.881
4866.0,2.881
4867.0,2.881
4868.0,2.881
4869.0,2.881
4870.0,2.881
4871.0,2.881
4872.0,2.881
4873.0,2.881
4874.0,2.881
4875.0,2.881
4876.0,2.881
4877.0,2.881
4878.0,2.881
4879.0,2.881
4880.0,2.881
4881.0,2.924
4882.0,2.881
4883.0,2.881
4884.0,2.881
4885.0,2.881
4886.0,2.881
4887.0,2.881
4888.0,2.881
4889.0,2.881
4890.0,2.881
4891.0,2.881
4892.0,2.881
4893.0,2.881
4894.0,2.881
4895.0,2.881
4896.0,2.881
4897.0,2.924
4898.0,2.881
4899.0,2.924
4900.0,2.881
4901.0,2.881
4902.0,2.881
4903.0,2.924
4904.0,2.881
4905.0,2.881
4906.0,2.881
4907.0,2.881
4908.0,2.881
4909.0,2.881
4910.0,2.881
4911.0,2.881
4912.0,2.881
4913.0,2.881
4914.0,2.881
4915.0,2.924
4916.0,2.881
4917.0,2.881
4918.0,2.881
4919.0,2.881
4920.0,2.881
4921.0,2.881
4922.0,2.881
4923.0,2.881
4924.0,2.881
4925.0,2.881
4926.0,2.881
4927.0,2.881
4928.0,2.881
4929.0,2.881
4930.0,2.881
4931.0,2.881
4932.0,2.881
4933.0,2.881
4934.0,2.881
4935.0,2.881
4936.0,2.881
4937.0,2.881
4938.0,2.881
4939.0,2.881
4940.0,2.881
4941.0,2.881
4942.0,2.881
4943.0,2.881
4944.0,2.881
4945.0,2.881
4946.0,2.881
4947.0,2.881
4948.0,2.881
4949.0,2.881
4950.0,2.881
4951.0,2.881
4952.0,2.881
4953.0,2.881
4954.0,2.881
4955.0,2.881
4956.0,2.881
4957.0,2.881
4958.0,2.881
4959.0,2.881
4960.0,2.881
4961.0,2.881
4962.0,2.881
4963.0,2.881
4964.0,2.881
4965.0,2.881
4966.0,2.881
4967.0,2.881
4968.0,2.881
4969.0,2.881
4970.0,2.881
4971.0,2.881
4972.0,2.881
4973.0,2.881
4974.0,2.881
4975.0,2.881
4976.0,2.881
4977.0,2.881
4978.0,2.881
4979.0,2.881
4980.0,2.881
4981.0,2.881
4982.0,2.881
4983.0,2.924
4984.0,2.881
4985.0,2.881
4986.0,2.881
4987.0,2.881
4988.0,2.881
4989.0,2.881
4990.0,2.881
4991.0,2.881
4992.0,2.881
4993.0,2.881
4994.0,2.881
4995.0,2.881
4996.0,2.881
4997.0,2.881
4998.0,2.881
4999.0,2.881
5000.0,2.881
5001.0,2.881
5002.0,2.881
5003.0,2.881
5004.0,2.881
5005.0,2.881
5006.0,2.881
5007.0,2.881
5008.0,2.881
5009.0,2.881
5010.0,2.881
5011.0,2.881
5012.0,2.881
5013.0,2.881
5014.0,2.881
5015.0,2.881
5016.0,2.881
5017.0,2.881
5018.0,2.881
5019.0,2.881
5020.0,2.881
5021.0,2.881
5022.0,2.881
5023.0,2.881
5024.0,2.881
5025.0,2.881
5026.0,2.881
5027.0,2.881
5028.0,2.881
5029.0,2.881
5030.0,2.881
5031.0,2.881
5032.0,2.881
5033.0,2.881
5034.0,2.881
5035.0,2.881
5036.0,2.881
5037.0,2.881
5038.0,2.881
5039.0,2.924
5040.0,2.881
5041.0,2.881
5042.0,2.881
5043.0,2.881
5044.0,2.881
5045.0,2.881
5046.0,2.881
5047.0,2.881
5048.0,2.881
5049.0,2.881
5050.0,2.881
5051.0,2.881
5052.0,2.881
5053.0,2.881
5054.0,2.881
5055.0,2.881
5056.0,2.881
5057.0,2.881
5058.0,2.881
5059.0,2.881
5060.0,2.881
5061.0,2.881
5062.0,2.881
5063.0,2.881
5064.0,2.881
5065.0,2.881
5066.0,2.881
5067.0,2.881
5068.0,2.881
5069.0,2.881
5070.0,2.881
5071.0,2.881
5072.0,2.881
5073.0,2.881
5074.0,2.881
5075.0,2.881
5076.0,2.881
5077.0,2.881
5078.0,2.881
5079.0,2.881
5080.0,2.881
5081.0,2.881
5082.0,2.881
5083.0,2.881
5084.0,2.881
5085.0,2.881
5086.0,2.881
5087.0,2.881
5088.0,2.881
5089.0,2.881
5090.0,2.881
5091.0,2.881
5092.0,2.881
5093.0,2.881
5094.0,2.881
5095.0,2.881
5096.0,2.881
5097.0,2.881
5098.0,2.881
5099.0,2.881
5100.0,2.881
5101.0,2.881
5102.0,2.881
5103.0,2.881
5104.0,2.881
5105.0,2.881
5106.0,2.881
5107.0,2.881
5108.0,2.881
5109.0,2.881
5110.0,2.881
5111.0,2.881
5112.0,2.881
5113.0,2.881
5114.0,2.881
5115.0,2.881
5116.0,2.881
5117.0,2.881
5118.0,2.881
5119.0,2.881
5120.0,2.881
5121.0,2.881
5122.0,2.924
5123.0,2.924
5124.0,2.881
5125.0,2.881
5126.0,2.881
5127.0,2.881
5128.0,2.881
5129.0,2.881
5130.0,2.881
5131.0,2.881
5132.0,2.881
5133.0,2.881
5134.0,2.881
5135.0,2.881
5136.0,2.881
5137.0,2.881
5138.0,2.881
5139.0,2.881
5140.0,2.881
5141.0,2.881
5142.0,2.881
5143.0,2.881
5144.0,2.881
5145.0,2.881
5146.0,2.881
5147.0,2.881
5148.0,2.881
5149.0,2.881
5150.0,2.881
5151.0,2.881
5152.0,2.881
5153.0,2.881
5154.0,2.881
5155.0,2.881
5156.0,2.881
5157.0,2.881
5158.0,2.881
5159.0,2.881
5160.0,2.881
5161.0,2.881
5162.0,2.881
5163.0,2.881
5164.0,2.881
5165.0,2.881
5166.0,2.881
5167.0,2.881
5168.0,2.881
5169.0,2.881
5170.0,2.881
5171.0,2.881
5172.0,2.881
5173.0,2.881
5174.0,2.881
5175.0,2.881
5176.0,2.881
5177.0,2.881
5178.0,2.881
5179.0,2.881
5180.0,2.881
5181.0,2.881
5182.0,2.881
5183.0,2.881
5184.0,2.881
5185.0,2.881
5186.0,2.881
5187.0,2.881
5188.0,2.881
5189.0,2.881
5190.0,2.881
5191.0,2.881
5192.0,2.881
5193.0,2.881
5194.0,2.881
5195.0,2.881
5196.0,2.881
5197.0,2.881
5198.0,2.881
5199.0,2.881
5200.0,2.881
5201.0,2.881
5202.0,2.881
5203.0,2.881
5204.0,2.881
5205.0,2.881
5206.0,2.881
5207.0,2.881
5208.0,2.881
5209.0,2.881
5210.0,2.881
5211.0,2.881
5212.0,2.881
5213.0,2.881
5214.0,2.881
5215.0,2.881
5216.0,2.881
5217.0,2.881
5218.0,2.881
5219.0,2.881
5220.0,2.881
5221.0,2.881
5222.0,2.881
5223.0,2.881
5224.0,2.881
5225.0,2.881
5226.0,2.881
5227.0,2.881
5228.0,2.881
5229.0,2.881
5230.0,2.881
5231.0,2.881
5232.0,2.881
5233.0,2.881
5234.0,2.881
5235.0,2.881
5236.0,2.881
5237.0,2.881
5238.0,2.881
5239.0,2.881
5240.0,2.881
5241.0,2.881
5242.0,2.881
5243.0,2.881
5244.0,2.881
5245.0,2.881
5246.0,2.8379999999999996
5247.0,2.881
5248.0,2.881
5249.0,2.881
5250.0,2.924
5251.0,2.8379999999999996
5252.0,2.8379999999999996
5253.0,2.881
5254.0,2.881
5255.0,2.881
5256.0,2.881
5257.0,2.881
5258.0,2.881
5259.0,2.881
5260.0,2.881
5261.0,2.881
5262.0,2.881
5263.0,2.881
5264.0,2.881
5265.0,2.881
5266.0,2.881
5267.0,2.881
5268.0,2.881
5269.0,2.881
5270.0,2.881
5271.0,2.881
5272.0,2.881
5273.0,2.881
5274.0,2.881
5275.0,2.881
5276.0,2.881
5277.0,2.881
5278.0,2.881
5279.0,2.881
5280.0,2.881
5281.0,2.881
5282.0,2.881
5283.0,2.881
5284.0,2.881
5285.0,2.881
5286.0,2.881
5287.0,2.881
5288.0,2.881
5289.0,2.881
5290.0,2.881
5291.0,2.881
5292.0,2.881
5293.0,2.881
5294.0,2.8379999999999996
5295.0,2.881
5296.0,2.881
5297.0,2.881
5298.0,2.881
5299.0,2.881
5300.0,2.881
5301.0,2.881
5302.0,2.881
5303.0,2.881
5304.0,2.881
5305.0,2.881
5306.0,2.881
5307.0,2.881
5308.0,2.881
5309.0,2.881
5310.0,2.881
5311.0,2.881
5312.0,2.881
5313.0,2.881
5314.0,2.881
5315.0,2.881
5316.0,2.881
5317.0,2.881
5318.0,2.881
5319.0,2.881
5320.0,2.881
5321.0,2.881
5322.0,2.881
5323.0,2.881
5324.0,2.881
5325.0,2.881
5326.0,2.881
5327.0,2.881
5328.0,2.881
5329.0,2.881
5330.0,2.881
5331.0,2.881
5332.0,2.881
5333.0,2.881
5334.0,2.881
5335.0,2.881
5336.0,2.881
5337.0,2.881
5338.0,2.8379999999999996
5339.0,2.881
5340.0,2.881
5341.0,2.881
5342.0,2.881
5343.0,2.881
5344.0,2.881
5345.0,2.881
5346.0,2.881
5347.0,2.881
5348.0,2.881
5349.0,2.881
5350.0,2.881
5351.0,2.881
5352.0,2.881
5353.0,2.881
5354.0,2.881
5355.0,2.881
5356.0,2.881
5357.0,2.881
5358.0,2.881
5359.0,2.881
5360.0,2.881
5361.0,2.881
5362.0,2.8379999999999996
5363.0,2.881
5364.0,2.881
5365.0,2.881
5366.0,2.8379999999999996
5367.0,2.881
5368.0,2.881
5369.0,2.881
5370.0,2.881
5371.0,2.881
5372.0,2.881
5373.0,2.881
5374.0,2.881
5375.0,2.881
5376.0,2.881
5377.0,2.881
5378.0,2.881
5379.0,2.881
5380.0,2.881
5381.0,2.881
5382.0,2.881
5383.0,2.881
5384.0,2.881
5385.0,2.881
5386.0,2.881
5387.0,2.881
5388.0,2.881
5389.0,2.881
5390.0,2.881
5391.0,2.881
5392.0,2.881
5393.0,2.881
5394.0,2.881
5395.0,2.881
5396.0,2.8379999999999996
5397.0,2.881
5398.0,2.881
5399.0,2.881
5400.0,2.8379999999999996
5401.0,2.881
5402.0,2.881
5403.0,2.881
5404.0,2.8379999999999996
5405.0,2.881
5406.0,2.881
5407.0,2.881
5408.0,2.881
5409.0,2.881
5410.0,2.881
5411.0,2.881
5412.0,2.881
5413.0,2.881
5414.0,2.881
5415.0,2.881
5416.0,2.881
5417.0,2.881
5418.0,2.881
5419.0,2.881
5420.0,2.881
5421.0,2.881
5422.0,2.881
5423.0,2.881
5424.0,2.881
5425.0,2.881
5426.0,2.881
5427.0,2.881
5428.0,2.881
5429.0,2.881
5430.0,2.881
5431.0,2.881
5432.0,2.8379999999999996
5433.0,2.8379999999999996
5434.0,2.881
5435.0,2.8379999999999996
5436.0,2.881
5437.0,2.881
5438.0,2.8379999999999996
5439.0,2.881
5440.0,2.881
5441.0,2.881
5442.0,2.881
5443.0,2.881
5444.0,2.881
5445.0,2.881
5446.0,2.881
5447.0,2.881
5448.0,2.881
5449.0,2.881
5450.0,2.881
5451.0,2.881
5452.0,2.881
5453.0,2.881
5454.0,2.881
5455.0,2.881
5456.0,2.881
5457.0,2.881
5458.0,2.881
5459.0,2.881
5460.0,2.881
5461.0,2.881
5462.0,2.881
5463.0,2.881
5464.0,2.881
5465.0,2.881
5466.0,2.881
5467.0,2.881
5468.0,2.881
5469.0,2.881
5470.0,2.881
5471.0,2.881
5472.0,2.881
5473.0,2.881
5474.0,2.881
5475.0,2.881
5476.0,2.8379999999999996
5477.0,2.881
5478.0,2.881
5479.0,2.881
5480.0,2.881
5481.0,2.881
5482.0,2.881
5483.0,2.881
5484.0,2.881
5485.0,2.881
5486.0,2.881
5487.0,2.881
5488.0,2.881
5489.0,2.881
5490.0,2.881
5491.0,2.881
5492.0,2.881
5493.0,2.881
5494.0,2.881
5495.0,2.8379999999999996
5496.0,2.881
5497.0,2.881
5498.0,2.881
5499.0,2.881
5500.0,2.881
5501.0,2.881
5502.0,2.8379999999999996
5503.0,2.881
5504.0,2.881
5505.0,2.881
5506.0,2.881
5507.0,2.881
5508.0,2.881
5509.0,2.8379999999999996
5510.0,2.881
5511.0,2.881
5512.0,2.8379999999999996
5513.0,2.881
5514.0,2.881
5515.0,2.8379999999999996
5516.0,2.881
5517.0,2.8379999999999996
5518.0,2.881
5519.0,2.881
5520.0,2.881
5521.0,2.881
5522.0,2.881
5523.0,2.881
5524.0,2.881
5525.0,2.881
5526.0,2.881
5527.0,2.881
5528.0,2.881
5529.0,2.881
5530.0,2.881
5531.0,2.881
5532.0,2.881
5533.0,2.881
5534.0,2.881
5535.0,2.881
5536.0,2.881
5537.0,2.881
5538.0,2.881
5539.0,2.881
5540.0,2.881
5541.0,2.8379999999999996
5542.0,2.881
5543.0,2.8379999999999996
5544.0,2.8379999999999996
5545.0,2.881
5546.0,2.881
5547.0,2.8379999999999996
5548.0,2.881
5549.0,2.881
5550.0,2.881
5551.0,2.881
5552.0,2.8379999999999996
5553.0,2.881
5554.0,2.8379999999999996
5555.0,2.881
5556.0,2.881
5557.0,2.8379999999999996
5558.0,2.881
5559.0,2.881
5560.0,2.881
5561.0,2.881
5562.0,2.881
5563.0,2.881
5564.0,2.881
5565.0,2.881
5566.0,2.881
5567.0,2.881
5568.0,2.881
5569.0,2.881
5570.0,2.881
5571.0,2.881
5572.0,2.881
5573.0,2.881
5574.0,2.881
5575.0,2.881
5576.0,2.881
5577.0,2.881
5578.0,2.881
5579.0,2.881
5580.0,2.881
5581.0,2.881
5582.0,2.881
5583.0,2.881
5584.0,2.8379999999999996
5585.0,2.8379999999999996
5586.0,2.881
5587.0,2.8379999999999996
5588.0,2.881
5589.0,2.881
5590.0,2.881
5591.0,2.881
5592.0,2.881
5593.0,2.881
5594.0,2.8379999999999996
5595.0,2.8379999999999996
5596.0,2.881
5597.0,2.881
5598.0,2.881
5599.0,2.881
5600.0,2.881
5601.0,2.8379999999999996
5602.0,2.881
5603.0,2.881
5604.0,2.881
5605.0,2.881
5606.0,2.881
5607.0,2.881
5608.0,2.881
5609.0,2.881
5610.0,2.881
5611.0,2.881
5612.0,2.881
5613.0,2.881
5614.0,2.881
5615.0,2.881
5616.0,2.881
5617.0,2.881
5618.0,2.8379999999999996
5619.0,2.8379999999999996
5620.0,2.8379999999999996
5621.0,2.881
5622.0,2.881
5623.0,2.881
5624.0,2.8379999999999996
5625.0,2.881
5626.0,2.8379999999999996
5627.0,2.881
5628.0,2.881
5629.0,2.881
5630.0,2.881
5631.0,2.881
5632.0,2.881
5633.0,2.881
5634.0,2.881
5635.0,2.881
5636.0,2.881
5637.0,2.881
5638.0,2.881
5639.0,2.881
5640.0,2.881
5641.0,2.881
5642.0,2.881
5643.0,2.881
5644.0,2.881
5645.0,2.881
5646.0,2.8379999999999996
5647.0,2.881
5648.0,2.881
5649.0,2.881
5650.0,2.881
5651.0,2.881
5652.0,2.8379999999999996
5653.0,2.8379999999999996
5654.0,2.881
5655.0,2.881
5656.0,2.881
5657.0,2.881
5658.0,2.881
5659.0,2.881
5660.0,2.8379999999999996
5661.0,2.8379999999999996
5662.0,2.881
5663.0,2.881
5664.0,2.8379999999999996
5665.0,2.881
5666.0,2.881
5667.0,2.881
5668.0,2.881
5669.0,2.8379999999999996
5670.0,2.881
5671.0,2.881
5672.0,2.881
5673.0,2.881
5674.0,2.881
5675.0,2.881
5676.0,2.8379999999999996
5677.0,2.881
5678.0,2.881
5679.0,2.881
5680.0,2.881
5681.0,2.881
5682.0,2.881
5683.0,2.881
5684.0,2.8379999999999996
5685.0,2.881
5686.0,2.881
5687.0,2.8379999999999996
5688.0,2.881
5689.0,2.881
5690.0,2.8379999999999996
5691.0,2.881
5692.0,2.8379999999999996
5693.0,2.881
5694.0,2.8379999999999996
5695.0,2.8379999999999996
5696.0,2.8379999999999996
5697.0,2.8379999999999996
5698.0,2.8379999999999996
5699.0,2.881
5700.0,2.881
5701.0,2.8379999999999996
5702.0,2.881
5703.0,2.8379999999999996
5704.0,2.881
5705.0,2.881
5706.0,2.881
5707.0,2.881
5708.0,2.881
5709.0,2.881
5710.0,2.881
5711.0,2.881
5712.0,2.881
5713.0,2.881
5714.0,2.881
5715.0,2.881
5716.0,2.881
5717.0,2.881
5718.0,2.881
5719.0,2.8379999999999996
5720.0,2.881
5721.0,2.881
5722.0,2.881
5723.0,2.881
5724.0,2.8379999999999996
5725.0,2.8379999999999996
5726.0,2.8379999999999996
5727.0,2.8379999999999996
5728.0,2.8379999999999996
5729.0,2.8379999999999996
5730.0,2.881
5731.0,2.8379999999999996
5732.0,2.881
5733.0,2.8379999999999996
5734.0,2.881
5735.0,2.881
5736.0,2.8379999999999996
5737.0,2.881
5738.0,2.8379999999999996
5739.0,2.881
5740.0,2.881
5741.0,2.8379999999999996
5742.0,2.8379999999999996
5743.0,2.8379999999999996
5744.0,2.881
5745.0,2.881
5746.0,2.881
5747.0,2.881
5748.0,2.881
5749.0,2.881
5750.0,2.881
5751.0,2.881
5752.0,2.8379999999999996
5753.0,2.8379999999999996
5754.0,2.8379999999999996
5755.0,2.881
5756.0,2.8379999999999996
5757.0,2.881
5758.0,2.881
5759.0,2.8379999999999996
5760.0,2.8379999999999996
5761.0,2.8379999999999996
5762.0,2.8379999999999996
5763.0,2.881
5764.0,2.881
5765.0,2.8379999999999996
5766.0,2.881
5767.0,2.881
5768.0,2.8379999999999996
5769.0,2.8379999999999996
5770.0,2.8379999999999996
5771.0,2.8379999999999996
5772.0,2.8379999999999996
5773.0,2.881
5774.0,2.881
5775.0,2.8379999999999996
5776.0,2.8379999999999996
5777.0,2.8379999999999996
5778.0,2.8379999999999996
5779.0,2.881
5780.0,2.881
5781.0,2.881
5782.0,2.881
5783.0,2.881
5784.0,2.881
5785.0,2.881
5786.0,2.881
5787.0,2.881
5788.0,2.881
5789.0,2.881
5790.0,2.881
5791.0,2.881
5792.0,2.881
5793.0,2.881
5794.0,2.881
5795.0,2.8379999999999996
5796.0,2.881
5797.0,2.881
5798.0,2.881
5799.0,2.881
5800.0,2.881
5801.0,2.881
5802.0,2.8379999999999996
5803.0,2.8379999999999996
5804.0,2.8379999999999996
5805.0,2.8379999999999996
5806.0,2.8379999999999996
5807.0,2.8379999999999996
5808.0,2.8379999999999996
5809.0,2.8379999999999996
5810.0,2.8379999999999996
5811.0,2.8379999999999996
5812.0,2.8379999999999996
5813.0,2.881
5814.0,2.881
5815.0,2.881
5816.0,2.881
5817.0,2.881
5818.0,2.881
5819.0,2.8379999999999996
5820.0,2.881
5821.0,2.881
5822.0,2.881
5823.0,2.881
5824.0,2.881
5825.0,2.881
5826.0,2.881
5827.0,2.881
5828.0,2.881
5829.0,2.881
5830.0,2.881
5831.0,2.881
5832.0,2.881
5833.0,2.881
5834.0,2.881
5835.0,2.8379999999999996
5836.0,2.881
5837.0,2.881
5838.0,2.881
5839.0,2.8379999999999996
5840.0,2.8379999999999996
5841.0,2.881
5842.0,2.8379999999999996
5843.0,2.8379999999999996
5844.0,2.8379999999999996
5845.0,2.881
5846.0,2.881
5847.0,2.8379999999999996
5848.0,2.881
5849.0,2.8379999999999996
5850.0,2.8379999999999996
5851.0,2.8379999999999996
5852.0,2.8379999999999996
5853.0,2.8379999999999996
5854.0,2.8379999999999996
5855.0,2.8379999999999996
5856.0,2.881
5857.0,2.881
5858.0,2.881
5859.0,2.881
5860.0,2.8379999999999996
5861.0,2.881
5862.0,2.881
5863.0,2.8379999999999996
5864.0,2.8379999999999996
5865.0,2.881
5866.0,2.881
5867.0,2.881
5868.0,2.881
5869.0,2.8379999999999996
5870.0,2.8379999999999996
5871.0,2.881
5872.0,2.8379999999999996
5873.0,2.8379999999999996
5874.0,2.881
5875.0,2.8379999999999996
5876.0,2.8379999999999996
5877.0,2.8379999999999996
5878.0,2.8379999999999996
5879.0,2.881
5880.0,2.8379999999999996
5881.0,2.881
5882.0,2.881
5883.0,2.8379999999999996
5884.0,2.8379999999999996
5885.0,2.8379999999999996
5886.0,2.8379999999999996
5887.0,2.881
5888.0,2.8379999999999996
5889.0,2.881
5890.0,2.8379999999999996
5891.0,2.881
5892.0,2.8379999999999996
5893.0,2.881
5894.0,2.881
5895.0,2.881
5896.0,2.8379999999999996
5897.0,2.8379999999999996
5898.0,2.881
5899.0,2.881
5900.0,2.881
5901.0,2.8379999999999996
5902.0,2.8379999999999996
5903.0,2.881
5904.0,2.881
5905.0,2.881
5906.0,2.8379999999999996
5907.0,2.8379999999999996
5908.0,2.8379999999999996
5909.0,2.8379999999999996
5910.0,2.8379999999999996
5911.0,2.8379999999999996
5912.0,2.8379999999999996
5913.0,2.8379999999999996
5914.0,2.8379999999999996
5915.0,2.8379999999999996
5916.0,2.8379999999999996
5917.0,2.8379999999999996
5918.0,2.8379999999999996
5919.0,2.881
5920.0,2.8379999999999996
5921.0,2.8379999999999996
5922.0,2.8379999999999996
5923.0,2.881
5924.0,2.881
5925.0,2.881
5926.0,2.881
5927.0,2.881
5928.0,2.8379999999999996
5929.0,2.881
5930.0,2.881
5931.0,2.881
5932.0,2.881
5933.0,2.8379999999999996
5934.0,2.881
5935.0,2.881
5936.0,2.881
5937.0,2.8379999999999996
5938.0,2.881
5939.0,2.881
5940.0,2.8379999999999996
5941.0,2.8379999999999996
5942.0,2.8379999999999996
5943.0,2.881
5944.0,2.8379999999999996
5945.0,2.881
5946.0,2.8379999999999996
5947.0,2.8379999999999996
5948.0,2.8379999999999996
5949.0,2.8379999999999996
5950.0,2.8379999999999996
5951.0,2.8379999999999996
5952.0,2.8379999999999996
5953.0,2.8379999999999996
5954.0,2.8379999999999996
5955.0,2.881
5956.0,2.8379999999999996
5957.0,2.881
5958.0,2.881
5959.0,2.8379999999999996
5960.0,2.8379999999999996
5961.0,2.8379999999999996
5962.0,2.8379999999999996
5963.0,2.8379999999999996
5964.0,2.8379999999999996
5965.0,2.881
5966.0,2.881
5967.0,2.881
5968.0,2.8379999999999996
5969.0,2.881
5970.0,2.8379999999999996
5971.0,2.8379999999999996
5972.0,2.881
5973.0,2.881
5974.0,2.881
5975.0,2.881
5976.0,2.881
5977.0,2.8379999999999996
5978.0,2.8379999999999996
5979.0,2.881
5980.0,2.881
5981.0,2.881
5982.0,2.8379999999999996
5983.0,2.881
5984.0,2.8379999999999996
5985.0,2.8379999999999996
5986.0,2.8379999999999996
5987.0,2.8379999999999996
5988.0,2.8379999999999996
5989.0,2.8379999999999996
5990.0,2.8379999999999996
5991.0,2.8379999999999996
5992.0,2.8379999999999996
5993.0,2.8379999999999996
5994.0,2.8379999999999996
5995.0,2.8379999999999996
5996.0,2.8379999999999996
5997.0,2.881
5998.0,2.8379999999999996
5999.0,2.881
6000.0,2.8379999999999996
6001.0,2.8379999999999996
6002.0,2.8379999999999996
6003.0,2.8379999999999996
6004.0,2.8379999999999996
6005.0,2.881
6006.0,2.8379999999999996
6007.0,2.881
6008.0,2.881
6009.0,2.8379999999999996
6010.0,2.8379999999999996
6011.0,2.8379999999999996
6012.0,2.8379999999999996
6013.0,2.881
6014.0,2.8379999999999996
6015.0,2.881
6016.0,2.881
6017.0,2.8379999999999996
6018.0,2.8379999999999996
6019.0,2.881
6020.0,2.8379999999999996
6021.0,2.8379999999999996
6022.0,2.8379999999999996
6023.0,2.881
6024.0,2.881
6025.0,2.8379999999999996
6026.0,2.8379999999999996
6027.0,2.8379999999999996
6028.0,2.8379999999999996
6029.0,2.8379999999999996
6030.0,2.881
6031.0,2.8379999999999996
6032.0,2.8379999999999996
6033.0,2.8379999999999996
6034.0,2.8379999999999996
6035.0,2.881
6036.0,2.8379999999999996
6037.0,2.881
6038.0,2.881
6039.0,2.8379999999999996
6040.0,2.8379999999999996
6041.0,2.881
6042.0,2.881
6043.0,2.881
6044.0,2.881
6045.0,2.881
6046.0,2.881
6047.0,2.881
6048.0,2.881
6049.0,2.8379999999999996
6050.0,2.881
6051.0,2.881
6052.0,2.8379999999999996
6053.0,2.8379999999999996
6054.0,2.8379999999999996
6055.0,2.8379999999999996
6056.0,2.8379999999999996
6057.0,2.8379999999999996
6058.0,2.8379999999999996
6059.0,2.881
6060.0,2.8379999999999996
6061.0,2.8379999999999996
6062.0,2.881
6063.0,2.8379999999999996
6064.0,2.8379999999999996
6065.0,2.8379999999999996
6066.0,2.8379999999999996
6067.0,2.8379999999999996
6068.0,2.8379999999999996
6069.0,2.8379999999999996
6070.0,2.8379999999999996
6071.0,2.8379999999999996
6072.0,2.8379999999999996
6073.0,2.8379999999999996
6074.0,2.8379999999999996
6075.0,2.8379999999999996
6076.0,2.8379999999999996
6077.0,2.8379999999999996
6078.0,2.8379999999999996
6079.0,2.8379999999999996
6080.0,2.881
6081.0,2.881
6082.0,2.881
6083.0,2.8379999999999996
6084.0,2.8379999999999996
6085.0,2.8379999999999996
6086.0,2.8379999999999996
6087.0,2.881
6088.0,2.8379999999999996
6089.0,2.881
6090.0,2.881
6091.0,2.881
6092.0,2.8379999999999996
6093.0,2.881
6094.0,2.8379999999999996
6095.0,2.8379999999999996
6096.0,2.8379999999999996
6097.0,2.881
6098.0,2.881
6099.0,2.8379999999999996
6100.0,2.8379999999999996
6101.0,2.8379999999999996
6102.0,2.8379999999999996
6103.0,2.8379999999999996
6104.0,2.8379999999999996
6105.0,2.8379999999999996
6106.0,2.8379999999999996
6107.0,2.8379999999999996
6108.0,2.8379999999999996
6109.0,2.8379999999999996
6110.0,2.8379999999999996
6111.0,2.8379999999999996
6112.0,2.8379999999999996
6113.0,2.8379999999999996
6114.0,2.8379999999999996
6115.0,2.881
6116.0,2.8379999999999996
6117.0,2.881
6118.0,2.881
6119.0,2.881
6120.0,2.8379999999999996
6121.0,2.881
6122.0,2.881
6123.0,2.881
6124.0,2.8379999999999996
6125.0,2.881
6126.0,2.8379999999999996
6127.0,2.8379999999999996
6128.0,2.881
6129.0,2.881
6130.0,2.8379999999999996
6131.0,2.8379999999999996
6132.0,2.8379999999999996
6133.0,2.8379999999999996
6134.0,2.8379999999999996
6135.0,2.8379999999999996
6136.0,2.8379999999999996
6137.0,2.8379999999999996
6138.0,2.8379999999999996
6139.0,2.881
6140.0,2.8379999999999996
6141.0,2.8379999999999996
6142.0,2.8379999999999996
6143.0,2.8379999999999996
6144.0,2.8379999999999996
6145.0,2.881
6146.0,2.881
6147.0,2.8379999999999996
6148.0,2.8379999999999996
6149.0,2.8379999999999996
6150.0,2.881
6151.0,2.8379999999999996
6152.0,2.881
6153.0,2.8379999999999996
6154.0,2.881
6155.0,2.881
6156.0,2.8379999999999996
6157.0,2.881
6158.0,2.8379999999999996
6159.0,2.881
6160.0,2.8379999999999996
6161.0,2.881
6162.0,2.8379999999999996
6163.0,2.8379999999999996
6164.0,2.8379999999999996
6165.0,2.8379999999999996
6166.0,2.8379999999999996
6167.0,2.8379999999999996
6168.0,2.8379999999999996
6169.0,2.8379999999999996
6170.0,2.8379999999999996
6171.0,2.8379999999999996
6172.0,2.8379999999999996
6173.0,2.8379999999999996
6174.0,2.8379999999999996
6175.0,2.8379999999999996
6176.0,2.8379999999999996
6177.0,2.8379999999999996
6178.0,2.8379999999999996
6179.0,2.8379999999999996
6180.0,2.8379999999999996
6181.0,2.881
6182.0,2.8379999999999996
6183.0,2.8379999999999996
6184.0,2.8379999999999996
6185.0,2.8379999999999996
6186.0,2.8379999999999996
6187.0,2.881
6188.0,2.881
6189.0,2.8379999999999996
6190.0,2.8379999999999996
6191.0,2.881
6192.0,2.8379999999999996
6193.0,2.8379999999999996
6194.0,2.8379999999999996
6195.0,2.8379999999999996
6196.0,2.881
6197.0,2.881
6198.0,2.881
6199.0,2.8379999999999996
6200.0,2.881
6201.0,2.8379999999999996
6202.0,2.8379999999999996
6203.0,2.8379999999999996
6204.0,2.8379999999999996
6205.0,2.8379999999999996
6206.0,2.8379999999999996
6207.0,2.8379999999999996
6208.0,2.8379999999999996
6209.0,2.8379999999999996
6210.0,2.8379999999999996
6211.0,2.8379999999999996
6212.0,2.8379999999999996
6213.0,2.8379999999999996
6214.0,2.8379999999999996
6215.0,2.8379999999999996
6216.0,2.8379999999999996
6217.0,2.881
6218.0,2.8379999999999996
6219.0,2.8379999999999996
6220.0,2.8379999999999996
6221.0,2.8379999999999996
6222.0,2.8379999999999996
6223.0,2.8379999999999996
6224.0,2.8379999999999996
6225.0,2.8379999999999996
6226.0,2.8379999999999996
6227.0,2.795
6228.0,2.8379999999999996
6229.0,2.881
6230.0,2.881
6231.0,2.881
6232.0,2.881
6233.0,2.881
6234.0,2.881
6235.0,2.8379999999999996
6236.0,2.8379999999999996
6237.0,2.8379999999999996
6238.0,2.8379999999999996
6239.0,2.8379999999999996
6240.0,2.8379999999999996
6241.0,2.8379999999999996
6242.0,2.8379999999999996
6243.0,2.8379999999999996
6244.0,2.8379999999999996
6245.0,2.8379999999999996
6246.0,2.8379999999999996
6247.0,2.8379999999999996
6248.0,2.8379999999999996
6249.0,2.881
6250.0,2.8379999999999996
6251.0,2.8379999999999996
6252.0,2.8379999999999996
6253.0,2.8379999999999996
6254.0,2.8379999999999996
6255.0,2.8379999999999996
6256.0,2.881
6257.0,2.8379999999999996
6258.0,2.881
6259.0,2.8379999999999996
6260.0,2.881
6261.0,2.8379999999999996
6262.0,2.8379999999999996
6263.0,2.8379999999999996
6264.0,2.881
6265.0,2.881
6266.0,2.881
6267.0,2.8379999999999996
6268.0,2.8379999999999996
6269.0,2.881
6270.0,2.8379999999999996
6271.0,2.795
6272.0,2.881
6273.0,2.795
6274.0,2.881
6275.0,2.8379999999999996
6276.0,2.881
6277.0,2.8379999999999996
6278.0,2.8379999999999996
6279.0,2.8379999999999996
6280.0,2.8379999999999996
6281.0,2.8379999999999996
6282.0,2.8379999999999996
6283.0,2.8379999999999996
6284.0,2.8379999999999996
6285.0,2.8379999999999996
6286.0,2.8379999999999996
6287.0,2.8379999999999996
6288.0,2.8379999999999996
6289.0,2.8379999999999996
6290.0,2.8379999999999996
6291.0,2.8379999999999996
6292.0,2.8379999999999996
6293.0,2.8379999999999996
6294.0,2.8379999999999996
6295.0,2.8379999999999996
6296.0,2.8379999999999996
6297.0,2.881
6298.0,2.8379999999999996
6299.0,2.8379999999999996
6300.0,2.8379999999999996
6301.0,2.8379999999999996
6302.0,2.8379999999999996
6303.0,2.795
6304.0,2.881
6305.0,2.8379999999999996
6306.0,2.8379999999999996
6307.0,2.8379999999999996
6308.0,2.881
6309.0,2.8379999999999996
6310.0,2.8379999999999996
6311.0,2.8379999999999996
6312.0,2.8379999999999996
6313.0,2.8379999999999996
6314.0,2.8379999999999996
6315.0,2.8379999999999996
6316.0,2.8379999999999996
6317.0,2.8379999999999996
6318.0,2.8379999999999996
6319.0,2.8379999999999996
6320.0,2.8379999999999996
6321.0,2.8379999999999996
6322.0,2.8379999999999996
6323.0,2.8379999999999996
6324.0,2.8379999999999996
6325.0,2.8379999999999996
6326.0,2.8379999999999996
6327.0,2.8379999999999996
6328.0,2.8379999999999996
6329.0,2.8379999999999996
6330.0,2.8379999999999996
6331.0,2.8379999999999996
6332.0,2.8379999999999996
6333.0,2.8379999999999996
6334.0,2.8379999999999996
6335.0,2.8379999999999996
6336.0,2.8379999999999996
6337.0,2.8379999999999996
6338.0,2.8379999999999996
6339.0,2.8379999999999996
6340.0,2.8379999999999996
6341.0,2.795
6342.0,2.8379999999999996
6343.0,2.8379999999999996
6344.0,2.8379999999999996
6345.0,2.8379999999999996
6346.0,2.881
6347.0,2.881
6348.0,2.881
6349.0,2.8379999999999996
6350.0,2.8379999999999996
6351.0,2.8379999999999996
6352.0,2.8379999999999996
6353.0,2.8379999999999996
6354.0,2.8379999999999996
6355.0,2.795
6356.0,2.881
6357.0,2.8379999999999996
6358.0,2.8379999999999996
6359.0,2.8379999999999996
6360.0,2.8379999999999996
6361.0,2.8379999999999996
6362.0,2.8379999999999996
6363.0,2.8379999999999996
6364.0,2.8379999999999996
6365.0,2.8379999999999996
6366.0,2.8379999999999996
6367.0,2.8379999999999996
6368.0,2.8379999999999996
6369.0,2.8379999999999996
6370.0,2.8379999999999996
6371.0,2.8379999999999996
6372.0,2.8379999999999996
6373.0,2.8379999999999996
6374.0,2.8379999999999996
6375.0,2.8379999999999996
6376.0,2.8379999999999996
6377.0,2.8379999999999996
6378.0,2.8379999999999996
6379.0,2.795
6380.0,2.8379999999999996
6381.0,2.8379999999999996
6382.0,2.8379999999999996
6383.0,2.8379999999999996
6384.0,2.8379999999999996
6385.0,2.8379999999999996
6386.0,2.8379999999999996
6387.0,2.8379999999999996
6388.0,2.8379999999999996
6389.0,2.8379999999999996
6390.0,2.8379999999999996
6391.0,2.8379999999999996
6392.0,2.8379999999999996
6393.0,2.881
6394.0,2.8379999999999996
6395.0,2.8379999999999996
6396.0,2.8379999999999996
6397.0,2.881
6398.0,2.8379999999999996
6399.0,2.8379999999999996
6400.0,2.8379999999999996
6401.0,2.8379999999999996
6402.0,2.8379999999999996
6403.0,2.795
6404.0,2.8379999999999996
6405.0,2.8379999999999996
6406.0,2.8379999999999996
6407.0,2.8379999999999996
6408.0,2.8379999999999996
6409.0,2.8379999999999996
6410.0,2.8379999999999996
6411.0,2.8379999999999996
6412.0,2.8379999999999996
6413.0,2.8379999999999996
6414.0,2.8379999999999996
6415.0,2.881
6416.0,2.881
6417.0,2.8379999999999996
6418.0,2.8379999999999996
6419.0,2.8379999999999996
6420.0,2.8379999999999996
6421.0,2.8379999999999996
6422.0,2.8379999999999996
6423.0,2.8379999999999996
6424.0,2.8379999999999996
6425.0,2.8379999999999996
6426.0,2.8379999999999996
6427.0,2.8379999999999996
6428.0,2.8379999999999996
6429.0,2.8379999999999996
6430.0,2.8379999999999996
6431.0,2.8379999999999996
6432.0,2.8379999999999996
6433.0,2.8379999999999996
6434.0,2.8379999999999996
6435.0,2.8379999999999996
6436.0,2.8379999999999996
6437.0,2.8379999999999996
6438.0,2.8379999999999996
6439.0,2.8379999999999996
6440.0,2.8379999999999996
6441.0,2.8379999999999996
6442.0,2.8379999999999996
6443.0,2.8379999999999996
6444.0,2.8379999999999996
6445.0,2.8379999999999996
6446.0,2.8379999999999996
6447.0,2.8379999999999996
6448.0,2.881
6449.0,2.881
6450.0,2.8379999999999996
6451.0,2.8379999999999996
6452.0,2.8379999999999996
6453.0,2.8379999999999996
6454.0,2.8379999999999996
6455.0,2.8379999999999996
6456.0,2.8379999999999996
6457.0,2.8379999999999996
6458.0,2.8379999999999996
6459.0,2.8379999999999996
6460.0,2.8379999999999996
6461.0,2.795
6462.0,2.8379999999999996
6463.0,2.8379999999999996
6464.0,2.8379999999999996
6465.0,2.8379999999999996
6466.0,2.8379999999999996
6467.0,2.8379999999999996
6468.0,2.8379999999999996
6469.0,2.8379999999999996
6470.0,2.8379999999999996
6471.0,2.8379999999999996
6472.0,2.8379999999999996
6473.0,2.8379999999999996
6474.0,2.8379999999999996
6475.0,2.8379999999999996
6476.0,2.8379999999999996
6477.0,2.8379999999999996
6478.0,2.8379999999999996
6479.0,2.8379999999999996
6480.0,2.8379999999999996
6481.0,2.8379999999999996
6482.0,2.8379999999999996
6483.0,2.8379999999999996
6484.0,2.8379999999999996
6485.0,2.795
6486.0,2.8379999999999996
6487.0,2.8379999999999996
6488.0,2.8379999999999996
6489.0,2.795
6490.0,2.8379999999999996
6491.0,2.8379999999999996
6492.0,2.8379999999999996
6493.0,2.8379999999999996
6494.0,2.8379999999999996
6495.0,2.795
6496.0,2.8379999999999996
6497.0,2.8379999999999996
6498.0,2.8379999999999996
6499.0,2.8379999999999996
6500.0,2.8379999999999996
6501.0,2.8379999999999996
6502.0,2.8379999999999996
6503.0,2.8379999999999996
6504.0,2.8379999999999996
6505.0,2.8379999999999996
6506.0,2.8379999999999996
6507.0,2.8379999999999996
6508.0,2.8379999999999996
6509.0,2.8379999999999996
6510.0,2.8379999999999996
6511.0,2.8379999999999996
6512.0,2.8379999999999996
6513.0,2.8379999999999996
6514.0,2.8379999999999996
6515.0,2.8379999999999996
6516.0,2.8379999999999996
6517.0,2.8379999999999996
6518.0,2.8379999999999996
6519.0,2.8379999999999996
6520.0,2.8379999999999996
6521.0,2.8379999999999996
6522.0,2.8379999999999996
6523.0,2.8379999999999996
6524.0,2.795
6525.0,2.8379999999999996
6526.0,2.8379999999999996
6527.0,2.8379999999999996
6528.0,2.8379999999999996
6529.0,2.8379999999999996
6530.0,2.8379999999999996
6531.0,2.881
6532.0,2.881
6533.0,2.8379999999999996
6534.0,2.8379999999999996
6535.0,2.795
6536.0,2.8379999999999996
6537.0,2.8379999999999996
6538.0,2.8379999999999996
6539.0,2.8379999999999996
6540.0,2.8379999999999996
6541.0,2.8379999999999996
6542.0,2.8379999999999996
6543.0,2.8379999999999996
6544.0,2.8379999999999996
6545.0,2.8379999999999996
6546.0,2.8379999999999996
6547.0,2.8379999999999996
6548.0,2.8379999999999996
6549.0,2.8379999999999996
6550.0,2.8379999999999996
6551.0,2.8379999999999996
6552.0,2.8379999999999996
6553.0,2.8379999999999996
6554.0,2.8379999999999996
6555.0,2.8379999999999996
6556.0,2.8379999999999996
6557.0,2.881
6558.0,2.8379999999999996
6559.0,2.8379999999999996
6560.0,2.8379999999999996
6561.0,2.795
6562.0,2.8379999999999996
6563.0,2.795
6564.0,2.8379999999999996
6565.0,2.8379999999999996
6566.0,2.8379999999999996
6567.0,2.8379999999999996
6568.0,2.8379999999999996
6569.0,2.795
6570.0,2.8379999999999996
6571.0,2.8379999999999996
6572.0,2.8379999999999996
6573.0,2.8379999999999996
6574.0,2.8379999999999996
6575.0,2.8379999999999996
6576.0,2.8379999999999996
6577.0,2.8379999999999996
6578.0,2.8379999999999996
6579.0,2.8379999999999996
6580.0,2.8379999999999996
6581.0,2.8379999999999996
6582.0,2.8379999999999996
6583.0,2.8379999999999996
6584.0,2.8379999999999996
6585.0,2.8379999999999996
6586.0,2.8379999999999996
6587.0,2.8379999999999996
6588.0,2.8379999999999996
6589.0,2.8379999999999996
6590.0,2.8379999999999996
6591.0,2.8379999999999996
6592.0,2.8379999999999996
6593.0,2.8379999999999996
6594.0,2.8379999999999996
6595.0,2.8379999999999996
6596.0,2.8379999999999996
6597.0,2.8379999999999996
6598.0,2.8379999999999996
6599.0,2.8379999999999996
6600.0,2.8379999999999996
6601.0,2.795
6602.0,2.795
6603.0,2.795
6604.0,2.8379999999999996
6605.0,2.8379999999999996
6606.0,2.8379999999999996
6607.0,2.795
6608.0,2.8379999999999996
6609.0,2.8379999999999996
6610.0,2.795
6611.0,2.8379999999999996
6612.0,2.8379999999999996
6613.0,2.8379999999999996
6614.0,2.8379999999999996
6615.0,2.8379999999999996
6616.0,2.8379999999999996
6617.0,2.8379999999999996
6618.0,2.8379999999999996
6619.0,2.8379999999999996
6620.0,2.8379999999999996
6621.0,2.8379999999999996
6622.0,2.8379999999999996
6623.0,2.8379999999999996
6624.0,2.8379999999999996
6625.0,2.8379999999999996
6626.0,2.8379999999999996
6627.0,2.8379999999999996
6628.0,2.8379999999999996
6629.0,2.8379999999999996
6630.0,2.8379999999999996
6631.0,2.8379999999999996
6632.0,2.8379999999999996
6633.0,2.881
6634.0,2.795
6635.0,2.8379999999999996
6636.0,2.8379999999999996
6637.0,2.8379999999999996
6638.0,2.8379999999999996
6639.0,2.8379999999999996
6640.0,2.8379999999999996
6641.0,2.8379999999999996
6642.0,2.8379999999999996
6643.0,2.795
6644.0,2.8379999999999996
6645.0,2.795
6646.0,2.8379999999999996
6647.0,2.8379999999999996
6648.0,2.8379999999999996
6649.0,2.8379999999999996
6650.0,2.8379999999999996
6651.0,2.8379999999999996
6652.0,2.8379999999999996
6653.0,2.8379999999999996
6654.0,2.8379999999999996
6655.0,2.8379999999999996
6656.0,2.8379999999999996
6657.0,2.8379999999999996
6658.0,2.8379999999999996
6659.0,2.795
6660.0,2.8379999999999996
6661.0,2.795
6662.0,2.8379999999999996
6663.0,2.8379999999999996
6664.0,2.795
6665.0,2.8379999999999996
6666.0,2.8379999999999996
6667.0,2.8379999999999996
6668.0,2.795
6669.0,2.795
6670.0,2.8379999999999996
6671.0,2.8379999999999996
6672.0,2.8379999999999996
6673.0,2.8379999999999996
6674.0,2.8379999999999996
6675.0,2.8379999999999996
6676.0,2.8379999999999996
6677.0,2.795
6678.0,2.8379999999999996
6679.0,2.8379999999999996
6680.0,2.8379999999999996
6681.0,2.795
6682.0,2.8379999999999996
6683.0,2.8379999999999996
6684.0,2.8379999999999996
6685.0,2.8379999999999996
6686.0,2.795
6687.0,2.8379999999999996
6688.0,2.8379999999999996
6689.0,2.8379999999999996
6690.0,2.8379999999999996
6691.0,2.8379999999999996
6692.0,2.8379999999999996
6693.0,2.8379999999999996
6694.0,2.8379999999999996
6695.0,2.8379999999999996
6696.0,2.8379999999999996
6697.0,2.8379999999999996
6698.0,2.8379999999999996
6699.0,2.8379999999999996
6700.0,2.8379999999999996
6701.0,2.8379999999999996
6702.0,2.8379999999999996
6703.0,2.8379999999999996
6704.0,2.8379999999999996
6705.0,2.8379999999999996
6706.0,2.881
6707.0,2.795
6708.0,2.795
6709.0,2.8379999999999996
6710.0,2.8379999999999996
6711.0,2.795
6712.0,2.8379999999999996
6713.0,2.795
6714.0,2.8379999999999996
6715.0,2.795
6716.0,2.8379999999999996
6717.0,2.8379999999999996
6718.0,2.8379999999999996
6719.0,2.795
6720.0,2.8379999999999996
6721.0,2.8379999999999996
6722.0,2.8379999999999996
6723.0,2.881
6724.0,2.8379999999999996
6725.0,2.8379999999999996
6726.0,2.8379999999999996
6727.0,2.8379999999999996
6728.0,2.8379999999999996
6729.0,2.8379999999999996
6730.0,2.8379999999999996
6731.0,2.8379999999999996
6732.0,2.8379999999999996
6733.0,2.8379999999999996
6734.0,2.8379999999999996
6735.0,2.8379999999999996
6736.0,2.8379999999999996
6737.0,2.8379999999999996
6738.0,2.8379999999999996
6739.0,2.8379999999999996
6740.0,2.8379999999999996
6741.0,2.795
6742.0,2.8379999999999996
6743.0,2.8379999999999996
6744.0,2.8379999999999996
6745.0,2.795
6746.0,2.8379999999999996
6747.0,2.8379999999999996
6748.0,2.8379999999999996
6749.0,2.8379999999999996
6750.0,2.795
6751.0,2.8379999999999996
6752.0,2.795
6753.0,2.795
6754.0,2.8379999999999996
6755.0,2.795
6756.0,2.8379999999999996
6757.0,2.8379999999999996
6758.0,2.8379999999999996
6759.0,2.8379999999999996
6760.0,2.8379999999999996
6761.0,2.8379999999999996
6762.0,2.8379999999999996
6763.0,2.8379999999999996
6764.0,2.8379999999999996
6765.0,2.8379999999999996
6766.0,2.8379999999999996
6767.0,2.8379999999999996
6768.0,2.8379999999999996
6769.0,2.8379999999999996
6770.0,2.8379999999999996
6771.0,2.8379999999999996
6772.0,2.8379999999999996
6773.0,2.8379999999999996
6774.0,2.8379999999999996
6775.0,2.8379999999999996
6776.0,2.8379999999999996
6777.0,2.8379999999999996
6778.0,2.8379999999999996
6779.0,2.8379999999999996
6780.0,2.8379999999999996
6781.0,2.8379999999999996
6782.0,2.8379999999999996
6783.0,2.795
6784.0,2.795
6785.0,2.795
6786.0,2.795
6787.0,2.795
6788.0,2.8379999999999996
6789.0,2.795
6790.0,2.8379999999999996
6791.0,2.8379999999999996
6792.0,2.8379999999999996
6793.0,2.8379999999999996
6794.0,2.8379999999999996
6795.0,2.795
6796.0,2.795
6797.0,2.8379999999999996
6798.0,2.8379999999999996
6799.0,2.8379999999999996
6800.0,2.8379999999999996
6801.0,2.8379999999999996
6802.0,2.8379999999999996
6803.0,2.8379999999999996
6804.0,2.8379999999999996
6805.0,2.795
6806.0,2.8379999999999996
6807.0,2.8379999999999996
6808.0,2.8379999999999996
6809.0,2.8379999999999996
6810.0,2.8379999999999996
6811.0,2.8379999999999996
6812.0,2.8379999999999996
6813.0,2.8379999999999996
6814.0,2.8379999999999996
6815.0,2.795
6816.0,2.8379999999999996
6817.0,2.795
6818.0,2.795
6819.0,2.795
6820.0,2.8379999999999996
6821.0,2.795
6822.0,2.795
6823.0,2.795
6824.0,2.8379999999999996
6825.0,2.795
6826.0,2.8379999999999996
6827.0,2.795
6828.0,2.795
6829.0,2.795
6830.0,2.8379999999999996
6831.0,2.8379999999999996
6832.0,2.8379999999999996
6833.0,2.8379999999999996
6834.0,2.8379999999999996
6835.0,2.8379999999999996
6836.0,2.8379999999999996
6837.0,2.8379999999999996
6838.0,2.8379999999999996
6839.0,2.8379999999999996
6840.0,2.8379999999999996
6841.0,2.8379999999999996
6842.0,2.8379999999999996
6843.0,2.8379999999999996
6844.0,2.8379999999999996
6845.0,2.8379999999999996
6846.0,2.8379999999999996
6847.0,2.8379999999999996
6848.0,2.8379999999999996
6849.0,2.8379999999999996
6850.0,2.8379999999999996
6851.0,2.8379999999999996
6852.0,2.8379999999999996
6853.0,2.795
6854.0,2.8379999999999996
6855.0,2.8379999999999996
6856.0,2.8379999999999996
6857.0,2.8379999999999996
6858.0,2.8379999999999996
6859.0,2.795
6860.0,2.795
6861.0,2.795
6862.0,2.795
6863.0,2.8379999999999996
6864.0,2.8379999999999996
6865.0,2.8379999999999996
6866.0,2.8379999999999996
6867.0,2.8379999999999996
6868.0,2.8379999999999996
6869.0,2.795
6870.0,2.8379999999999996
6871.0,2.8379999999999996
6872.0,2.8379999999999996
6873.0,2.8379999999999996
6874.0,2.8379999999999996
6875.0,2.8379999999999996
6876.0,2.8379999999999996
6877.0,2.8379999999999996
6878.0,2.8379999999999996
6879.0,2.8379999999999996
6880.0,2.8379999999999996
6881.0,2.8379999999999996
6882.0,2.8379999999999996
6883.0,2.8379999999999996
6884.0,2.8379999999999996
6885.0,2.8379999999999996
6886.0,2.8379999999999996
6887.0,2.795
6888.0,2.8379999999999996
6889.0,2.795
6890.0,2.8379999999999996
6891.0,2.795
6892.0,2.8379999999999996
6893.0,2.795
6894.0,2.795
6895.0,2.795
6896.0,2.8379999999999996
6897.0,2.8379999999999996
6898.0,2.8379999999999996
6899.0,2.795
6900.0,2.8379999999999996
6901.0,2.8379999999999996
6902.0,2.8379999999999996
6903.0,2.8379999999999996
6904.0,2.8379999999999996
6905.0,2.795
6906.0,2.8379999999999996
6907.0,2.8379999999999996
6908.0,2.8379999999999996
6909.0,2.8379999999999996
6910.0,2.8379999999999996
6911.0,2.8379999999999996
6912.0,2.8379999999999996
6913.0,2.8379999999999996
6914.0,2.8379999999999996
6915.0,2.8379999999999996
6916.0,2.8379999999999996
6917.0,2.8379999999999996
6918.0,2.8379999999999996
6919.0,2.8379999999999996
6920.0,2.8379999999999996
6921.0,2.8379999999999996
6922.0,2.8379999999999996
6923.0,2.8379999999999996
6924.0,2.8379999999999996
6925.0,2.8379999999999996
6926.0,2.8379999999999996
6927.0,2.8379999999999996
6928.0,2.795
6929.0,2.8379999999999996
6930.0,2.8379999999999996
6931.0,2.8379999999999996
6932.0,2.8379999999999996
6933.0,2.8379999999999996
6934.0,2.795
6935.0,2.8379999999999996
6936.0,2.8379999999999996
6937.0,2.8379999999999996
6938.0,2.8379999999999996
6939.0,2.8379999999999996
6940.0,2.8379999999999996
6941.0,2.8379999999999996
6942.0,2.8379999999999996
6943.0,2.8379999999999996
6944.0,2.795
6945.0,2.8379999999999996
6946.0,2.8379999999999996
6947.0,2.8379999999999996
6948.0,2.8379999999999996
6949.0,2.8379999999999996
6950.0,2.8379999999999996
6951.0,2.795
6952.0,2.8379999999999996
6953.0,2.8379999999999996
6954.0,2.8379999999999996
6955.0,2.8379999999999996
6956.0,2.8379999999999996
6957.0,2.8379999999999996
6958.0,2.8379999999999996
6959.0,2.795
6960.0,2.795
6961.0,2.795
6962.0,2.8379999999999996
6963.0,2.795
6964.0,2.795
6965.0,2.8379999999999996
6966.0,2.8379999999999996
6967.0,2.795
6968.0,2.8379999999999996
6969.0,2.795
6970.0,2.8379999999999996
6971.0,2.8379999999999996
6972.0,2.8379999999999996
6973.0,2.795
6974.0,2.795
6975.0,2.795
6976.0,2.795
6977.0,2.8379999999999996
6978.0,2.795
6979.0,2.8379999999999996
6980.0,2.795
6981.0,2.8379999999999996
6982.0,2.8379999999999996
6983.0,2.8379999999999996
6984.0,2.8379999999999996
6985.0,2.795
6986.0,2.8379999999999996
6987.0,2.8379999999999996
6988.0,2.8379999999999996
6989.0,2.795
6990.0,2.8379999999999996
6991.0,2.8379999999999996
6992.0,2.8379999999999996
6993.0,2.795
6994.0,2.8379999999999996
6995.0,2.795
6996.0,2.8379999999999996
6997.0,2.795
6998.0,2.8379999999999996
6999.0,2.795
7000.0,2.8379999999999996
7001.0,2.795
7002.0,2.795
7003.0,2.795
7004.0,2.8379999999999996
7005.0,2.795
7006.0,2.8379999999999996
7007.0,2.8379999999999996
7008.0,2.8379999999999996
7009.0,2.795
7010.0,2.8379999999999996
7011.0,2.8379999999999996
7012.0,2.8379999999999996
7013.0,2.795
7014.0,2.8379999999999996
7015.0,2.8379999999999996
7016.0,2.8379999999999996
7017.0,2.8379999999999996
7018.0,2.8379999999999996
7019.0,2.795
7020.0,2.8379999999999996
7021.0,2.8379999999999996
7022.0,2.8379999999999996
7023.0,2.8379999999999996
7024.0,2.8379999999999996
7025.0,2.8379999999999996
7026.0,2.8379999999999996
7027.0,2.795
7028.0,2.8379999999999996
7029.0,2.8379999999999996
7030.0,2.8379999999999996
7031.0,2.8379999999999996
7032.0,2.8379999999999996
7033.0,2.795
7034.0,2.8379999999999996
7035.0,2.795
7036.0,2.8379999999999996
7037.0,2.795
7038.0,2.8379999999999996
7039.0,2.8379999999999996
7040.0,2.8379999999999996
7041.0,2.795
7042.0,2.795
7043.0,2.795
7044.0,2.795
7045.0,2.8379999999999996
7046.0,2.795
7047.0,2.8379999999999996
7048.0,2.8379999999999996
7049.0,2.8379999999999996
7050.0,2.795
7051.0,2.795
7052.0,2.795
7053.0,2.795
7054.0,2.795
7055.0,2.8379999999999996
7056.0,2.8379999999999996
7057.0,2.795
7058.0,2.8379999999999996
7059.0,2.8379999999999996
7060.0,2.8379999999999996
7061.0,2.795
7062.0,2.8379999999999996
7063.0,2.8379999999999996
7064.0,2.8379999999999996
7065.0,2.8379999999999996
7066.0,2.8379999999999996
7067.0,2.8379999999999996
7068.0,2.8379999999999996
7069.0,2.795
7070.0,2.8379999999999996
7071.0,2.795
7072.0,2.8379999999999996
7073.0,2.8379999999999996
7074.0,2.8379999999999996
7075.0,2.8379999999999996
7076.0,2.795
7077.0,2.795
7078.0,2.795
7079.0,2.795
7080.0,2.8379999999999996
7081.0,2.8379999999999996
7082.0,2.8379999999999996
7083.0,2.795
7084.0,2.8379999999999996
7085.0,2.795
7086.0,2.8379999999999996
7087.0,2.795
7088.0,2.8379999999999996
7089.0,2.795
7090.0,2.8379999999999996
7091.0,2.8379999999999996
7092.0,2.8379999999999996
7093.0,2.795
7094.0,2.8379999999999996
7095.0,2.8379999999999996
7096.0,2.8379999999999996
7097.0,2.8379999999999996
7098.0,2.8379999999999996
7099.0,2.8379999999999996
7100.0,2.8379999999999996
7101.0,2.8379999999999996
7102.0,2.8379999999999996
7103.0,2.8379999999999996
7104.0,2.8379999999999996
7105.0,2.8379999999999996
7106.0,2.795
7107.0,2.8379999999999996
7108.0,2.795
7109.0,2.795
7110.0,2.795
7111.0,2.795
7112.0,2.795
7113.0,2.8379999999999996
7114.0,2.8379999999999996
7115.0,2.795
7116.0,2.8379999999999996
7117.0,2.795
7118.0,2.795
7119.0,2.795
7120.0,2.795
7121.0,2.795
7122.0,2.8379999999999996
7123.0,2.8379999999999996
7124.0,2.8379999999999996
7125.0,2.795
7126.0,2.795
7127.0,2.795
7128.0,2.795
7129.0,2.795
7130.0,2.8379999999999996
7131.0,2.8379999999999996
7132.0,2.8379999999999996
7133.0,2.8379999999999996
7134.0,2.8379999999999996
7135.0,2.795
7136.0,2.8379999999999996
7137.0,2.8379999999999996
7138.0,2.8379999999999996
7139.0,2.8379999999999996
7140.0,2.8379999999999996
7141.0,2.8379999999999996
7142.0,2.8379999999999996
7143.0,2.795
7144.0,2.8379999999999996
7145.0,2.795
7146.0,2.8379999999999996
7147.0,2.795
7148.0,2.8379999999999996
7149.0,2.8379999999999996
7150.0,2.8379999999999996
7151.0,2.795
7152.0,2.795
7153.0,2.795
7154.0,2.795
7155.0,2.795
7156.0,2.795
7157.0,2.8379999999999996
7158.0,2.8379999999999996
7159.0,2.795
7160.0,2.795
7161.0,2.795
7162.0,2.795
7163.0,2.795
7164.0,2.8379999999999996
7165.0,2.795
7166.0,2.795
7167.0,2.8379999999999996
7168.0,2.795
7169.0,2.8379999999999996
7170.0,2.8379999999999996
7171.0,2.8379999999999996
7172.0,2.8379999999999996
7173.0,2.8379999999999996
7174.0,2.8379999999999996
7175.0,2.8379999999999996
7176.0,2.795
7177.0,2.795
7178.0,2.795
7179.0,2.795
7180.0,2.8379999999999996
7181.0,2.8379999999999996
7182.0,2.8379999999999996
7183.0,2.8379999999999996
7184.0,2.8379999999999996
7185.0,2.795
7186.0,2.795
7187.0,2.795
7188.0,2.795
7189.0,2.795
7190.0,2.8379999999999996
7191.0,2.795
7192.0,2.795
7193.0,2.795
7194.0,2.795
7195.0,2.795
7196.0,2.8379999999999996
7197.0,2.795
7198.0,2.8379999999999996
7199.0,2.795
7200.0,2.8379999999999996
7201.0,2.795
7202.0,2.8379999999999996
7203.0,2.8379999999999996
7204.0,2.8379999999999996
7205.0,2.8379999999999996
7206.0,2.8379999999999996
7207.0,2.8379999999999996
7208.0,2.8379999999999996
7209.0,2.8379999999999996
7210.0,2.8379999999999996
7211.0,2.8379999999999996
7212.0,2.795
7213.0,2.8379999999999996
7214.0,2.8379999999999996
7215.0,2.8379999999999996
7216.0,2.8379999999999996
7217.0,2.795
7218.0,2.8379999999999996
7219.0,2.795
7220.0,2.795
7221.0,2.8379999999999996
7222.0,2.795
7223.0,2.795
7224.0,2.795
7225.0,2.795
7226.0,2.795
7227.0,2.795
7228.0,2.795
7229.0,2.795
7230.0,2.795
7231.0,2.795
7232.0,2.795
7233.0,2.795
7234.0,2.8379999999999996
7235.0,2.795
7236.0,2.795
7237.0,2.8379999999999996
7238.0,2.8379999999999996
7239.0,2.8379999999999996
7240.0,2.8379999999999996
7241.0,2.8379999999999996
7242.0,2.8379999999999996
7243.0,2.8379999999999996
7244.0,2.8379999999999996
7245.0,2.8379999999999996
7246.0,2.8379999999999996
7247.0,2.8379999999999996
7248.0,2.8379999999999996
7249.0,2.8379999999999996
7250.0,2.8379999999999996
7251.0,2.795
7252.0,2.8379999999999996
7253.0,2.8379999999999996
7254.0,2.8379999999999996
7255.0,2.795
7256.0,2.8379999999999996
7257.0,2.8379999999999996
7258.0,2.795
7259.0,2.795
7260.0,2.795
7261.0,2.795
7262.0,2.795
7263.0,2.795
7264.0,2.795
7265.0,2.795
7266.0,2.8379999999999996
7267.0,2.8379999999999996
7268.0,2.795
7269.0,2.795
7270.0,2.795
7271.0,2.795
7272.0,2.8379999999999996
7273.0,2.8379999999999996
7274.0,2.8379999999999996
7275.0,2.8379999999999996
7276.0,2.8379999999999996
7277.0,2.795
7278.0,2.8379999999999996
7279.0,2.795
7280.0,2.8379999999999996
7281.0,2.8379999999999996
7282.0,2.8379999999999996
7283.0,2.8379999999999996
7284.0,2.8379999999999996
7285.0,2.8379999999999996
7286.0,2.795
7287.0,2.795
7288.0,2.795
7289.0,2.795
7290.0,2.8379999999999996
7291.0,2.8379999999999996
7292.0,2.795
7293.0,2.795
7294.0,2.795
7295.0,2.795
7296.0,2.795
7297.0,2.795
7298.0,2.8379999999999996
7299.0,2.8379999999999996
7300.0,2.795
7301.0,2.795
7302.0,2.795
7303.0,2.795
7304.0,2.795
7305.0,2.795
7306.0,2.795
7307.0,2.8379999999999996
7308.0,2.795
7309.0,2.8379999999999996
7310.0,2.795
7311.0,2.795
7312.0,2.8379999999999996
7313.0,2.795
7314.0,2.8379999999999996
7315.0,2.8379999999999996
7316.0,2.8379999999999996
7317.0,2.8379999999999996
7318.0,2.795
7319.0,2.8379999999999996
7320.0,2.795
7321.0,2.8379999999999996
7322.0,2.8379999999999996
7323.0,2.8379999999999996
7324.0,2.8379999999999996
7325.0,2.8379999999999996
7326.0,2.8379999999999996
7327.0,2.8379999999999996
7328.0,2.8379999999999996
7329.0,2.795
7330.0,2.8379999999999996
7331.0,2.795
7332.0,2.8379999999999996
7333.0,2.8379999999999996
7334.0,2.795
7335.0,2.795
7336.0,2.795
7337.0,2.795
7338.0,2.795
7339.0,2.795
7340.0,2.8379999999999996
7341.0,2.795
7342.0,2.795
7343.0,2.795
7344.0,2.795
7345.0,2.795
7346.0,2.795
7347.0,2.795
7348.0,2.8379999999999996
7349.0,2.795
7350.0,2.795
7351.0,2.8379999999999996
7352.0,2.795
7353.0,2.795
7354.0,2.8379999999999996
7355.0,2.8379999999999996
7356.0,2.8379999999999996
7357.0,2.8379999999999996
7358.0,2.8379999999999996
7359.0,2.8379999999999996
7360.0,2.795
7361.0,2.8379999999999996
7362.0,2.795
7363.0,2.8379999999999996
7364.0,2.8379999999999996
7365.0,2.795
7366.0,2.795
7367.0,2.795
7368.0,2.795
7369.0,2.795
7370.0,2.795
7371.0,2.795
7372.0,2.795
7373.0,2.795
7374.0,2.795
7375.0,2.795
7376.0,2.795
7377.0,2.795
7378.0,2.795
7379.0,2.795
7380.0,2.795
7381.0,2.795
7382.0,2.8379999999999996
7383.0,2.795
7384.0,2.795
7385.0,2.795
7386.0,2.795
7387.0,2.795
7388.0,2.8379999999999996
7389.0,2.795
7390.0,2.8379999999999996
7391.0,2.8379999999999996
7392.0,2.8379999999999996
7393.0,2.8379999999999996
7394.0,2.8379999999999996
7395.0,2.795
7396.0,2.795
7397.0,2.795
7398.0,2.8379999999999996
7399.0,2.8379999999999996
7400.0,2.8379999999999996
7401.0,2.795
7402.0,2.795
7403.0,2.795
7404.0,2.795
7405.0,2.795
7406.0,2.8379999999999996
7407.0,2.795
7408.0,2.8379999999999996
7409.0,2.795
7410.0,2.795
7411.0,2.795
7412.0,2.795
7413.0,2.795
7414.0,2.8379999999999996
7415.0,2.795
7416.0,2.795
7417.0,2.795
7418.0,2.795
7419.0,2.795
7420.0,2.795
7421.0,2.795
7422.0,2.795
7423.0,2.795
7424.0,2.8379999999999996
7425.0,2.795
7426.0,2.795
7427.0,2.795
7428.0,2.8379999999999996
7429.0,2.795
7430.0,2.8379999999999996
7431.0,2.8379999999999996
7432.0,2.8379999999999996
7433.0,2.8379999999999996
7434.0,2.8379999999999996
7435.0,2.795
7436.0,2.795
7437.0,2.795
7438.0,2.795
7439.0,2.795
7440.0,2.795
7441.0,2.795
7442.0,2.8379999999999996
7443.0,2.8379999999999996
7444.0,2.795
7445.0,2.795
7446.0,2.795
7447.0,2.795
7448.0,2.795
7449.0,2.795
7450.0,2.795
7451.0,2.795
7452.0,2.795
7453.0,2.795
7454.0,2.795
7455.0,2.8379999999999996
7456.0,2.795
7457.0,2.795
7458.0,2.795
7459.0,2.795
7460.0,2.795
7461.0,2.795
7462.0,2.795
7463.0,2.795
7464.0,2.8379999999999996
7465.0,2.795
7466.0,2.8379999999999996
7467.0,2.8379999999999996
7468.0,2.795
7469.0,2.8379999999999996
7470.0,2.795
7471.0,2.8379999999999996
7472.0,2.8379999999999996
7473.0,2.8379999999999996
7474.0,2.795
7475.0,2.795
7476.0,2.795
7477.0,2.795
7478.0,2.795
7479.0,2.795
7480.0,2.795
7481.0,2.795
7482.0,2.8379999999999996
7483.0,2.795
7484.0,2.795
7485.0,2.795
7486.0,2.795
7487.0,2.795
7488.0,2.795
7489.0,2.8379999999999996
7490.0,2.795
7491.0,2.795
7492.0,2.795
7493.0,2.795
7494.0,2.795
7495.0,2.8379999999999996
7496.0,2.795
7497.0,2.795
7498.0,2.795
7499.0,2.795
7500.0,2.8379999999999996
7501.0,2.8379999999999996
7502.0,2.795
7503.0,2.795
7504.0,2.795
7505.0,2.795
7506.0,2.8379999999999996
7507.0,2.8379999999999996
7508.0,2.795
7509.0,2.795
7510.0,2.795
7511.0,2.795
7512.0,2.795
7513.0,2.8379999999999996
7514.0,2.795
7515.0,2.795
7516.0,2.795
7517.0,2.795
7518.0,2.8379999999999996
7519.0,2.795
7520.0,2.795
7521.0,2.795
7522.0,2.795
7523.0,2.795
7524.0,2.795
7525.0,2.795
7526.0,2.795
7527.0,2.795
7528.0,2.795
7529.0,2.795
7530.0,2.8379999999999996
7531.0,2.795
7532.0,2.795
7533.0,2.8379999999999996
7534.0,2.8379999999999996
7535.0,2.8379999999999996
7536.0,2.8379999999999996
7537.0,2.8379999999999996
7538.0,2.8379999999999996
7539.0,2.8379999999999996
7540.0,2.8379999999999996
7541.0,2.8379999999999996
7542.0,2.8379999999999996
7543.0,2.8379999999999996
7544.0,2.8379999999999996
7545.0,2.795
7546.0,2.795
7547.0,2.8379999999999996
7548.0,2.795
7549.0,2.795
7550.0,2.8379999999999996
7551.0,2.795
7552.0,2.795
7553.0,2.795
7554.0,2.795
7555.0,2.795
7556.0,2.8379999999999996
7557.0,2.795
7558.0,2.795
7559.0,2.795
7560.0,2.795
7561.0,2.795
7562.0,2.795
7563.0,2.795
7564.0,2.795
7565.0,2.795
7566.0,2.795
7567.0,2.8379999999999996
7568.0,2.795
7569.0,2.795
7570.0,2.8379999999999996
7571.0,2.8379999999999996
7572.0,2.8379999999999996
7573.0,2.8379999999999996
7574.0,2.795
7575.0,2.795
7576.0,2.752
7577.0,2.795
7578.0,2.795
7579.0,2.795
7580.0,2.8379999999999996
7581.0,2.8379999999999996
7582.0,2.8379999999999996
7583.0,2.795
7584.0,2.8379999999999996
7585.0,2.752
7586.0,2.8379999999999996
7587.0,2.8379999999999996
7588.0,2.8379999999999996
7589.0,2.795
7590.0,2.795
7591.0,2.795
7592.0,2.795
7593.0,2.795
7594.0,2.795
7595.0,2.795
7596.0,2.795
7597.0,2.795
7598.0,2.795
7599.0,2.795
7600.0,2.795
7601.0,2.795
7602.0,2.795
7603.0,2.795
7604.0,2.795
7605.0,2.795
7606.0,2.8379999999999996
7607.0,2.795
7608.0,2.8379999999999996
7609.0,2.795
7610.0,2.795
7611.0,2.795
7612.0,2.8379999999999996
7613.0,2.795
7614.0,2.8379999999999996
7615.0,2.8379999999999996
7616.0,2.8379999999999996
7617.0,2.8379999999999996
7618.0,2.8379999999999996
7619.0,2.795
7620.0,2.8379999999999996
7621.0,2.8379999999999996
7622.0,2.8379999999999996
7623.0,2.795
7624.0,2.8379999999999996
7625.0,2.795
7626.0,2.8379999999999996
7627.0,2.795
7628.0,2.795
7629.0,2.795
7630.0,2.795
7631.0,2.795
7632.0,2.795
7633.0,2.795
7634.0,2.795
7635.0,2.795
7636.0,2.795
7637.0,2.795
7638.0,2.795
7639.0,2.8379999999999996
7640.0,2.795
7641.0,2.795
7642.0,2.795
7643.0,2.795
7644.0,2.795
7645.0,2.795
7646.0,2.795
7647.0,2.8379999999999996
7648.0,2.795
7649.0,2.8379999999999996
7650.0,2.795
7651.0,2.795
7652.0,2.795
7653.0,2.795
7654.0,2.8379999999999996
7655.0,2.8379999999999996
7656.0,2.8379999999999996
7657.0,2.8379999999999996
7658.0,2.795
7659.0,2.795
7660.0,2.795
7661.0,2.795
7662.0,2.8379999999999996
7663.0,2.795
7664.0,2.8379999999999996
7665.0,2.795
7666.0,2.8379999999999996
7667.0,2.795
7668.0,2.795
7669.0,2.795
7670.0,2.795
7671.0,2.795
7672.0,2.795
7673.0,2.795
7674.0,2.8379999999999996
7675.0,2.795
7676.0,2.795
7677.0,2.795
7678.0,2.8379999999999996
7679.0,2.795
7680.0,2.795
7681.0,2.795
7682.0,2.795
7683.0,2.8379999999999996
7684.0,2.795
7685.0,2.795
7686.0,2.795
7687.0,2.795
7688.0,2.795
7689.0,2.8379999999999996
7690.0,2.8379999999999996
7691.0,2.8379999999999996
7692.0,2.8379999999999996
7693.0,2.795
7694.0,2.795
7695.0,2.795
7696.0,2.795
7697.0,2.8379999999999996
7698.0,2.795
7699.0,2.795
7700.0,2.795
7701.0,2.795
7702.0,2.795
7703.0,2.795
7704.0,2.795
7705.0,2.795
7706.0,2.795
7707.0,2.795
7708.0,2.795
7709.0,2.795
7710.0,2.795
7711.0,2.795
7712.0,2.795
7713.0,2.795
7714.0,2.795
7715.0,2.795
7716.0,2.795
7717.0,2.795
7718.0,2.8379999999999996
7719.0,2.795
7720.0,2.795
7721.0,2.795
7722.0,2.8379999999999996
7723.0,2.8379999999999996
7724.0,2.8379999999999996
7725.0,2.8379999999999996
7726.0,2.795
7727.0,2.795
7728.0,2.795
7729.0,2.795
7730.0,2.8379999999999996
7731.0,2.795
7732.0,2.795
7733.0,2.8379999999999996
7734.0,2.8379999999999996
7735.0,2.795
7736.0,2.795
7737.0,2.795
7738.0,2.795
7739.0,2.795
7740.0,2.795
7741.0,2.795
7742.0,2.795
7743.0,2.795
7744.0,2.795
7745.0,2.795
7746.0,2.795
7747.0,2.795
7748.0,2.795
7749.0,2.795
7750.0,2.795
7751.0,2.795
7752.0,2.795
7753.0,2.795
7754.0,2.795
7755.0,2.8379999999999996
7756.0,2.795
7757.0,2.8379999999999996
7758.0,2.8379999999999996
7759.0,2.8379999999999996
7760.0,2.8379999999999996
7761.0,2.795
7762.0,2.795
7763.0,2.795
7764.0,2.8379999999999996
7765.0,2.795
7766.0,2.8379999999999996
7767.0,2.795
7768.0,2.795
7769.0,2.795
7770.0,2.795
7771.0,2.795
7772.0,2.8379999999999996
7773.0,2.795
7774.0,2.795
7775.0,2.8379999999999996
7776.0,2.795
7777.0,2.795
7778.0,2.795
7779.0,2.795
7780.0,2.795
7781.0,2.795
7782.0,2.795
7783.0,2.795
7784.0,2.795
7785.0,2.795
7786.0,2.795
7787.0,2.795
7788.0,2.795
7789.0,2.795
7790.0,2.795
7791.0,2.795
7792.0,2.795
7793.0,2.795
7794.0,2.795
7795.0,2.795
7796.0,2.795
7797.0,2.795
7798.0,2.8379999999999996
7799.0,2.795
7800.0,2.8379999999999996
7801.0,2.795
7802.0,2.795
7803.0,2.795
7804.0,2.795
7805.0,2.795
7806.0,2.795
7807.0,2.8379999999999996
7808.0,2.795
7809.0,2.795
7810.0,2.795
7811.0,2.795
7812.0,2.795
7813.0,2.795
7814.0,2.795
7815.0,2.795
7816.0,2.795
7817.0,2.795
7818.0,2.795
7819.0,2.795
7820.0,2.795
7821.0,2.795
7822.0,2.795
7823.0,2.795
7824.0,2.8379999999999996
7825.0,2.795
7826.0,2.795
7827.0,2.795
7828.0,2.795
7829.0,2.795
7830.0,2.795
7831.0,2.795
7832.0,2.795
7833.0,2.795
7834.0,2.795
7835.0,2.795
7836.0,2.795
7837.0,2.795
7838.0,2.8379999999999996
7839.0,2.795
7840.0,2.8379999999999996
7841.0,2.795
7842.0,2.8379999999999996
7843.0,2.795
7844.0,2.795
7845.0,2.795
7846.0,2.795
7847.0,2.795
7848.0,2.795
7849.0,2.795
7850.0,2.795
7851.0,2.795
7852.0,2.795
7853.0,2.795
7854.0,2.8379999999999996
7855.0,2.795
7856.0,2.8379999999999996
7857.0,2.795
7858.0,2.795
7859.0,2.795
7860.0,2.795
7861.0,2.795
7862.0,2.795
7863.0,2.795
7864.0,2.795
7865.0,2.795
7866.0,2.795
7867.0,2.795
7868.0,2.795
7869.0,2.795
7870.0,2.795
7871.0,2.795
7872.0,2.795
7873.0,2.8379999999999996
7874.0,2.795
7875.0,2.8379999999999996
7876.0,2.795
7877.0,2.795
7878.0,2.795
7879.0,2.795
7880.0,2.8379999999999996
7881.0,2.795
7882.0,2.8379999999999996
7883.0,2.8379999999999996
7884.0,2.795
7885.0,2.8379999999999996
7886.0,2.752
7887.0,2.795
7888.0,2.795
7889.0,2.795
7890.0,2.795
7891.0,2.795
7892.0,2.795
7893.0,2.795
7894.0,2.795
7895.0,2.795
7896.0,2.795
7897.0,2.795
7898.0,2.795
7899.0,2.795
7900.0,2.795
7901.0,2.795
7902.0,2.752
7903.0,2.795
7904.0,2.795
7905.0,2.795
7906.0,2.795
7907.0,2.8379999999999996
7908.0,2.795
7909.0,2.795
7910.0,2.795
7911.0,2.795
7912.0,2.795
7913.0,2.795
7914.0,2.795
7915.0,2.795
7916.0,2.8379999999999996
7917.0,2.795
7918.0,2.752
7919.0,2.795
7920.0,2.752
7921.0,2.795
7922.0,2.795
7923.0,2.795
7924.0,2.795
7925.0,2.795
7926.0,2.795
7927.0,2.795
7928.0,2.795
7929.0,2.795
7930.0,2.795
7931.0,2.795
7932.0,2.795
7933.0,2.795
7934.0,2.795
7935.0,2.795
7936.0,2.795
7937.0,2.795
7938.0,2.795
7939.0,2.795
7940.0,2.795
7941.0,2.795
7942.0,2.795
7943.0,2.795
7944.0,2.8379999999999996
7945.0,2.795
7946.0,2.752
7947.0,2.795
7948.0,2.795
7949.0,2.795
7950.0,2.795
7951.0,2.795
7952.0,2.795
7953.0,2.795
7954.0,2.795
7955.0,2.795
7956.0,2.795
7957.0,2.795
7958.0,2.795
7959.0,2.795
7960.0,2.795
7961.0,2.795
7962.0,2.752
7963.0,2.795
7964.0,2.795
7965.0,2.795
7966.0,2.795
7967.0,2.795
7968.0,2.795
7969.0,2.752
7970.0,2.795
7971.0,2.795
7972.0,2.795
7973.0,2.795
7974.0,2.795
7975.0,2.795
7976.0,2.795
7977.0,2.795
7978.0,2.752
7979.0,2.795
7980.0,2.795
7981.0,2.795
7982.0,2.795
7983.0,2.795
7984.0,2.752
7985.0,2.795
7986.0,2.795
7987.0,2.795
7988.0,2.8379999999999996
7989.0,2.795
7990.0,2.795
7991.0,2.795
7992.0,2.795
7993.0,2.795
7994.0,2.795
7995.0,2.795
7996.0,2.795
7997.0,2.795
7998.0,2.8379999999999996
7999.0,2.795
8000.0,2.795
8001.0,2.795
8002.0,2.795
8003.0,2.795
8004.0,2.795
8005.0,2.795
8006.0,2.795
8007.0,2.795
8008.0,2.795
8009.0,2.795
8010.0,2.795
8011.0,2.795
8012.0,2.8379999999999996
8013.0,2.795
8014.0,2.8379999999999996
8015.0,2.795
8016.0,2.795
8017.0,2.795
8018.0,2.752
8019.0,2.795
8020.0,2.795
8021.0,2.8379999999999996
8022.0,2.795
8023.0,2.8379999999999996
8024.0,2.795
8025.0,2.8379999999999996
8026.0,2.795
8027.0,2.795
8028.0,2.795
8029.0,2.795
8030.0,2.795
8031.0,2.795
8032.0,2.795
8033.0,2.795
8034.0,2.795
8035.0,2.752
8036.0,2.795
8037.0,2.795
8038.0,2.795
8039.0,2.795
8040.0,2.795
8041.0,2.795
8042.0,2.795
8043.0,2.795
8044.0,2.752
8045.0,2.795
8046.0,2.795
8047.0,2.795
8048.0,2.795
8049.0,2.795
8050.0,2.795
8051.0,2.795
8052.0,2.752
8053.0,2.795
8054.0,2.795
8055.0,2.8379999999999996
8056.0,2.795
8057.0,2.795
8058.0,2.795
8059.0,2.795
8060.0,2.795
8061.0,2.795
8062.0,2.752
8063.0,2.795
8064.0,2.8379999999999996
8065.0,2.795
8066.0,2.795
8067.0,2.795
8068.0,2.795
8069.0,2.795
8070.0,2.752
8071.0,2.795
8072.0,2.8379999999999996
8073.0,2.795
8074.0,2.795
8075.0,2.795
8076.0,2.795
8077.0,2.795
8078.0,2.795
8079.0,2.795
8080.0,2.795
8081.0,2.795
8082.0,2.795
8083.0,2.795
8084.0,2.795
8085.0,2.752
8086.0,2.795
8087.0,2.795
8088.0,2.795
8089.0,2.795
8090.0,2.795
8091.0,2.795
8092.0,2.795
8093.0,2.795
8094.0,2.752
8095.0,2.795
8096.0,2.795
8097.0,2.752
8098.0,2.8379999999999996
8099.0,2.795
8100.0,2.8379999999999996
8101.0,2.795
8102.0,2.795
8103.0,2.795
8104.0,2.795
8105.0,2.8379999999999996
8106.0,2.795
8107.0,2.795
8108.0,2.795
8109.0,2.795
8110.0,2.795
8111.0,2.795
8112.0,2.795
8113.0,2.795
8114.0,2.795
8115.0,2.795
8116.0,2.795
8117.0,2.752
8118.0,2.795
8119.0,2.795
8120.0,2.795
8121.0,2.795
8122.0,2.795
8123.0,2.795
8124.0,2.795
8125.0,2.752
8126.0,2.795
8127.0,2.795
8128.0,2.795
8129.0,2.795
8130.0,2.795
8131.0,2.8379999999999996
8132.0,2.795
8133.0,2.795
8134.0,2.752
8135.0,2.795
8136.0,2.752
8137.0,2.795
8138.0,2.795
8139.0,2.795
8140.0,2.795
8141.0,2.795
8142.0,2.795
8143.0,2.795
8144.0,2.795
8145.0,2.795
8146.0,2.795
8147.0,2.795
8148.0,2.795
8149.0,2.795
8150.0,2.795
8151.0,2.795
8152.0,2.795
8153.0,2.795
8154.0,2.795
8155.0,2.795
8156.0,2.795
8157.0,2.795
8158.0,2.795
8159.0,2.795
8160.0,2.795
8161.0,2.752
8162.0,2.752
8163.0,2.795
8164.0,2.795
8165.0,2.795
8166.0,2.8379999999999996
8167.0,2.795
8168.0,2.752
8169.0,2.795
8170.0,2.752
8171.0,2.795
8172.0,2.795
8173.0,2.795
8174.0,2.752
8175.0,2.752
8176.0,2.752
8177.0,2.795
8178.0,2.752
8179.0,2.795
8180.0,2.8379999999999996
8181.0,2.795
8182.0,2.795
8183.0,2.795
8184.0,2.795
8185.0,2.795
8186.0,2.795
8187.0,2.795
8188.0,2.795
8189.0,2.795
8190.0,2.795
8191.0,2.795
8192.0,2.795
8193.0,2.795
8194.0,2.795
8195.0,2.795
8196.0,2.795
8197.0,2.795
8198.0,2.795
8199.0,2.795
8200.0,2.795
8201.0,2.795
8202.0,2.752
8203.0,2.795
8204.0,2.795
8205.0,2.795
8206.0,2.8379999999999996
8207.0,2.795
8208.0,2.795
8209.0,2.795
8210.0,2.752
8211.0,2.795
8212.0,2.795
8213.0,2.795
8214.0,2.752
8215.0,2.795
8216.0,2.795
8217.0,2.795
8218.0,2.795
8219.0,2.795
8220.0,2.795
8221.0,2.795
8222.0,2.795
8223.0,2.795
8224.0,2.795
8225.0,2.795
8226.0,2.795
8227.0,2.795
8228.0,2.795
8229.0,2.795
8230.0,2.795
8231.0,2.795
8232.0,2.795
8233.0,2.795
8234.0,2.795
8235.0,2.795
8236.0,2.795
8237.0,2.795
8238.0,2.795
8239.0,2.795
8240.0,2.8379999999999996
8241.0,2.795
8242.0,2.795
8243.0,2.795
8244.0,2.795
8245.0,2.795
8246.0,2.752
8247.0,2.795
8248.0,2.8379999999999996
8249.0,2.795
8250.0,2.8379999999999996
8251.0,2.795
8252.0,2.752
8253.0,2.795
8254.0,2.752
8255.0,2.795
8256.0,2.795
8257.0,2.795
8258.0,2.795
8259.0,2.795
8260.0,2.795
8261.0,2.795
8262.0,2.795
8263.0,2.795
8264.0,2.795
8265.0,2.795
8266.0,2.795
8267.0,2.795
8268.0,2.795
8269.0,2.795
8270.0,2.795
8271.0,2.795
8272.0,2.795
8273.0,2.795
8274.0,2.795
8275.0,2.795
8276.0,2.795
8277.0,2.752
8278.0,2.752
8279.0,2.795
8280.0,2.752
8281.0,2.752
8282.0,2.752
8283.0,2.795
8284.0,2.752
8285.0,2.795
8286.0,2.752
8287.0,2.8379999999999996
8288.0,2.752
8289.0,2.795
8290.0,2.795
8291.0,2.752
8292.0,2.795
8293.0,2.795
8294.0,2.795
8295.0,2.795
8296.0,2.795
8297.0,2.795
8298.0,2.795
8299.0,2.795
8300.0,2.795
8301.0,2.795
8302.0,2.752
8303.0,2.795
8304.0,2.752
8305.0,2.795
8306.0,2.795
8307.0,2.795
8308.0,2.795
8309.0,2.795
8310.0,2.752
8311.0,2.795
8312.0,2.795
8313.0,2.795
8314.0,2.795
8315.0,2.795
8316.0,2.8379999999999996
8317.0,2.752
8318.0,2.795
8319.0,2.752
8320.0,2.752
8321.0,2.795
8322.0,2.795
8323.0,2.795
8324.0,2.795
8325.0,2.795
8326.0,2.795
8327.0,2.795
8328.0,2.752
8329.0,2.795
8330.0,2.795
8331.0,2.795
8332.0,2.795
8333.0,2.795
8334.0,2.752
8335.0,2.795
8336.0,2.795
8337.0,2.795
8338.0,2.795
8339.0,2.795
8340.0,2.795
8341.0,2.795
8342.0,2.795
8343.0,2.795
8344.0,2.795
8345.0,2.795
8346.0,2.795
8347.0,2.795
8348.0,2.752
8349.0,2.795
8350.0,2.752
8351.0,2.795
8352.0,2.795
8353.0,2.752
8354.0,2.752
8355.0,2.795
8356.0,2.752
8357.0,2.8379999999999996
8358.0,2.752
8359.0,2.752
8360.0,2.752
8361.0,2.752
8362.0,2.795
8363.0,2.795
8364.0,2.795
8365.0,2.795
8366.0,2.8379999999999996
8367.0,2.795
8368.0,2.752
8369.0,2.752
8370.0,2.752
8371.0,2.795
8372.0,2.795
8373.0,2.795
8374.0,2.795
8375.0,2.795
8376.0,2.795
8377.0,2.795
8378.0,2.752
8379.0,2.795
8380.0,2.795
8381.0,2.752
8382.0,2.795
8383.0,2.795
8384.0,2.795
8385.0,2.795
8386.0,2.795
8387.0,2.795
8388.0,2.752
8389.0,2.752
8390.0,2.795
8391.0,2.795
8392.0,2.795
8393.0,2.752
8394.0,2.752
8395.0,2.795
8396.0,2.795
8397.0,2.795
8398.0,2.795
8399.0,2.795
8400.0,2.795
8401.0,2.795
8402.0,2.752
8403.0,2.752
8404.0,2.752
8405.0,2.795
8406.0,2.795
8407.0,2.795
8408.0,2.795
8409.0,2.752
8410.0,2.795
8411.0,2.795
8412.0,2.795
8413.0,2.752
8414.0,2.795
8415.0,2.795
8416.0,2.795
8417.0,2.795
8418.0,2.795
8419.0,2.752
8420.0,2.795
8421.0,2.795
8422.0,2.795
8423.0,2.795
8424.0,2.795
8425.0,2.795
8426.0,2.752
8427.0,2.795
8428.0,2.795
8429.0,2.795
8430.0,2.795
8431.0,2.795
8432.0,2.795
8433.0,2.795
8434.0,2.752
8435.0,2.795
8436.0,2.752
8437.0,2.795
8438.0,2.795
8439.0,2.795
8440.0,2.752
8441.0,2.795
8442.0,2.795
8443.0,2.795
8444.0,2.752
8445.0,2.795
8446.0,2.795
8447.0,2.795
8448.0,2.795
8449.0,2.795
8450.0,2.795
8451.0,2.752
8452.0,2.795
8453.0,2.752
8454.0,2.795
8455.0,2.795
8456.0,2.795
8457.0,2.795
8458.0,2.795
8459.0,2.795
8460.0,2.752
8461.0,2.752
8462.0,2.752
8463.0,2.795
8464.0,2.752
8465.0,2.795
8466.0,2.795
8467.0,2.795
8468.0,2.795
8469.0,2.795
8470.0,2.795
8471.0,2.795
8472.0,2.752
8473.0,2.795
8474.0,2.752
8475.0,2.795
8476.0,2.795
8477.0,2.795
8478.0,2.752
8479.0,2.752
8480.0,2.795
8481.0,2.795
8482.0,2.795
8483.0,2.795
8484.0,2.795
8485.0,2.795
8486.0,2.795
8487.0,2.795
8488.0,2.795
8489.0,2.795
8490.0,2.795
8491.0,2.795
8492.0,2.795
8493.0,2.795
8494.0,2.795
8495.0,2.795
8496.0,2.795
8497.0,2.752
8498.0,2.795
8499.0,2.752
8500.0,2.752
8501.0,2.795
8502.0,2.752
8503.0,2.795
8504.0,2.795
8505.0,2.795
8506.0,2.795
8507.0,2.8379999999999996
8508.0,2.795
8509.0,2.795
8510.0,2.795
8511.0,2.752
8512.0,2.752
8513.0,2.795
8514.0,2.795
8515.0,2.795
8516.0,2.752
8517.0,2.752
8518.0,2.752
8519.0,2.752
8520.0,2.795
8521.0,2.795
8522.0,2.795
8523.0,2.795
8524.0,2.795
8525.0,2.795
8526.0,2.752
8527.0,2.795
8528.0,2.795
8529.0,2.795
8530.0,2.795
8531.0,2.795
8532.0,2.795
8533.0,2.795
8534.0,2.795
8535.0,2.752
8536.0,2.752
