time_ms,diameter_mm
0.0,3.2249999999999996
1.0,3.2249999999999996
2.0,3.2249999999999996
3.0,3.2249999999999996
4.0,3.2249999999999996
5.0,3.2249999999999996
6.0,3.2249999999999996
7.0,3.2249999999999996
8.0,3.2249999999999996
9.0,3.2249999999999996
10.0,3.2249999999999996
11.0,3.2249999999999996
12.0,3.2249999999999996
13.0,3.2249999999999996
14.0,3.2249999999999996
15.0,3.2249999999999996
16.0,3.2249999999999996
17.0,3.2249999999999996
18.0,3.2249999999999996
19.0,3.2249999999999996
20.0,3.2249999999999996
21.0,3.2249999999999996
22.0,3.2249999999999996
23.0,3.182
24.0,3.2249999999999996
25.0,3.2249999999999996
26.0,3.2249999999999996
27.0,3.2249999999999996
28.0,3.2249999999999996
29.0,3.2249999999999996
30.0,3.182
31.0,3.2249999999999996
32.0,3.2249999999999996
33.0,3.2249999999999996
34.0,3.2249999999999996
35.0,3.2249999999999996
36.0,3.2249999999999996
37.0,3.182
38.0,3.182
39.0,3.182
40.0,3.182
41.0,3.2249999999999996
42.0,3.182
43.0,3.2249999999999996
44.0,3.2249999999999996
45.0,3.182
46.0,3.182
47.0,3.182
48.0,3.2249999999999996
49.0,3.182
50.0,3.2249999999999996
51.0,3.182
52.0,3.2249999999999996
53.0,3.182
54.0,3.182
55.0,3.2249999999999996
56.0,3.182
57.0,3.182
58.0,3.2249999999999996
59.0,3.182
60.0,3.2249999999999996
61.0,3.182
62.0,3.2249999999999996
63.0,3.182
64.0,3.182
65.0,3.182
66.0,3.2249999999999996
67.0,3.182
68.0,3.2249999999999996
69.0,3.182
70.0,3.2249999999999996
71.0,3.182
72.0,3.182
73.0,3.182
74.0,3.2249999999999996
75.0,3.182
76.0,3.182
77.0,3.2249999999999996
78.0,3.182
79.0,3.182
80.0,3.182
81.0,3.182
82.0,3.182
83.0,3.182
84.0,3.182
85.0,3.182
86.0,3.182
87.0,3.182
88.0,3.182
89.0,3.182
90.0,3.182
91.0,3.182
92.0,3.182
93.0,3.182
94.0,3.182
95.0,3.182
96.0,3.139
97.0,3.182
98.0,3.182
99.0,3.182
100.0,3.182
101.0,3.182
102.0,3.182
103.0,3.182
104.0,3.182
105.0,3.182
106.0,3.182
107.0,3.182
108.0,3.182
109.0,3.182
110.0,3.182
111.0,3.139
112.0,3.182
113.0,3.182
114.0,3.139
115.0,3.182
116.0,3.139
117.0,3.182
118.0,3.182
119.0,3.182
120.0,3.182
121.0,3.182
122.0,3.139
123.0,3.139
124.0,3.139
125.0,3.182
126.0,3.182
127.0,3.182
128.0,3.139
129.0,3.182
130.0,3.139
131.0,3.139
132.0,3.139
133.0,3.139
134.0,3.139
135.0,3.139
136.0,3.182
137.0,3.139
138.0,3.139
139.0,3.139
140.0,3.139
141.0,3.139
142.0,3.139
143.0,3.139
144.0,3.139
145.0,3.139
146.0,3.0959999999999996
147.0,3.139
148.0,3.139
149.0,3.139
150.0,3.139
151.0,3.139
152.0,3.139
153.0,3.139
154.0,3.139
155.0,3.139
156.0,3.139
157.0,3.139
158.0,3.139
159.0,3.139
160.0,3.139
161.0,3.139
162.0,3.139
163.0,3.139
164.0,3.139
165.0,3.139
166.0,3.139
167.0,3.139
168.0,3.139
169.0,3.139
170.0,3.139
171.0,3.139
172.0,3.139
173.0,3.139
174.0,3.139
175.0,3.139
176.0,3.139
177.0,3.139
178.0,3.139
179.0,3.139
180.0,3.0959999999999996
181.0,3.139
182.0,3.139
183.0,3.139
184.0,3.139
185.0,3.139
186.0,3.139
187.0,3.139
188.0,3.0959999999999996
189.0,3.139
190.0,3.139
191.0,3.139
192.0,3.139
193.0,3.139
194.0,3.139
195.0,3.139
196.0,3.0959999999999996
197.0,3.0959999999999996
198.0,3.139
199.0,3.139
200.0,3.139
201.0,3.139
202.0,3.139
203.0,3.0959999999999996
204.0,3.0959999999999996
205.0,3.0959999999999996
206.0,3.139
207.0,3.139
208.0,3.139
209.0,3.139
210.0,3.139
211.0,3.139
212.0,3.139
213.0,3.139
214.0,3.139
215.0,3.139
216.0,3.0959999999999996
217.0,3.139
218.0,3.0959999999999996
219.0,3.139
220.0,3.0959999999999996
221.0,3.0959999999999996
222.0,3.0959999999999996
223.0,3.0959999999999996
224.0,3.139
225.0,3.0959999999999996
226.0,3.0959999999999996
227.0,3.0959999999999996
228.0,3.0959999999999996
229.0,3.0959999999999996
230.0,3.0959999999999996
231.0,3.0959999999999996
232.0,3.0959999999999996
233.0,3.139
234.0,3.0959999999999996
235.0,3.0959999999999996
236.0,3.0959999999999996
237.0,3.0959999999999996
238.0,3.0959999999999996
239.0,3.0959999999999996
240.0,3.0959999999999996
241.0,3.0959999999999996
242.0,3.139
243.0,3.0959999999999996
244.0,3.0959999999999996
245.0,3.0959999999999996
246.0,3.0959999999999996
247.0,3.0959999999999996
248.0,3.0959999999999996
249.0,3.0959999999999996
250.0,3.139
251.0,3.0959999999999996
252.0,3.0959999999999996
253.0,3.0959999999999996
254.0,3.0959999999999996
255.0,3.0959999999999996
256.0,3.0959999999999996
257.0,3.0959999999999996
258.0,3.0959999999999996
259.0,3.0959999999999996
260.0,3.139
261.0,3.0959999999999996
262.0,3.0959999999999996
263.0,3.0959999999999996
264.0,3.0959999999999996
265.0,3.0959999999999996
266.0,3.0959999999999996
267.0,3.0959999999999996
268.0,3.0959999999999996
269.0,3.0959999999999996
270.0,3.0959999999999996
271.0,3.0959999999999996
272.0,3.0959999999999996
273.0,3.0959999999999996
274.0,3.0959999999999996
275.0,3.0959999999999996
276.0,3.0959999999999996
277.0,3.0959999999999996
278.0,3.0959999999999996
279.0,3.0959999999999996
280.0,3.0959999999999996
281.0,3.0959999999999996
282.0,3.0959999999999996
283.0,3.0959999999999996
284.0,3.0959999999999996
285.0,3.0959999999999996
286.0,3.0959999999999996
287.0,3.0959999999999996
288.0,3.0959999999999996
289.0,3.0959999999999996
290.0,3.053
291.0,3.053
292.0,3.0959999999999996
293.0,3.0959999999999996
294.0,3.0959999999999996
295.0,3.0959999999999996
296.0,3.053
297.0,3.053
298.0,3.053
299.0,3.053
300.0,3.0959999999999996
301.0,3.053
302.0,3.053
303.0,3.0959999999999996
304.0,3.0959999999999996
305.0,3.0959999999999996
306.0,3.0959999999999996
307.0,3.0959999999999996
308.0,3.0959999999999996
309.0,3.0959999999999996
310.0,3.0959999999999996
311.0,3.053
312.0,3.0959999999999996
313.0,3.053
314.0,3.0959999999999996
315.0,3.053
316.0,3.053
317.0,3.053
318.0,3.0959999999999996
319.0,3.0959999999999996
320.0,3.0959999999999996
321.0,3.0959999999999996
322.0,3.053
323.0,3.0959999999999996
324.0,3.053
325.0,3.053
326.0,3.053
327.0,3.0959999999999996
328.0,3.0959999999999996
329.0,3.053
330.0,3.053
331.0,3.053
332.0,3.053
333.0,3.053
334.0,3.053
335.0,3.0959999999999996
336.0,3.053
337.0,3.053
338.0,3.053
339.0,3.053
340.0,3.053
341.0,3.053
342.0,3.053
343.0,3.053
344.0,3.053
345.0,3.053
346.0,3.053
347.0,3.053
348.0,3.053
349.0,3.053
350.0,3.053
351.0,3.053
352.0,3.053
353.0,3.053
354.0,3.0959999999999996
355.0,3.053
356.0,3.053
357.0,3.053
358.0,3.053
359.0,3.053
360.0,3.053
361.0,3.053
362.0,3.0959999999999996
363.0,3.053
364.0,3.053
365.0,3.053
366.0,3.053
367.0,3.053
368.0,3.053
369.0,3.053
370.0,3.053
371.0,3.053
372.0,3.053
373.0,3.053
374.0,3.053
375.0,3.053
376.0,3.053
377.0,3.053
378.0,3.053
379.0,3.053
380.0,3.053
381.0,3.053
382.0,3.053
383.0,3.053
384.0,3.053
385.0,3.053
386.0,3.053
387.0,3.01
388.0,3.053
389.0,3.053
390.0,3.053
391.0,3.053
392.0,3.053
393.0,3.053
394.0,3.053
395.0,3.053
396.0,3.053
397.0,3.01
398.0,3.053
399.0,3.053
400.0,3.053
401.0,3.01
402.0,3.053
403.0,3.053
404.0,3.053
405.0,3.053
406.0,3.053
407.0,3.053
408.0,3.01
409.0,3.053
410.0,3.053
411.0,3.053
412.0,3.053
413.0,3.01
414.0,3.053
415.0,3.053
416.0,3.01
417.0,3.053
418.0,3.053
419.0,3.01
420.0,3.01
421.0,3.01
422.0,3.053
423.0,3.01
424.0,3.053
425.0,3.053
426.0,3.01
427.0,3.053
428.0,3.053
429.0,3.053
430.0,3.053
431.0,3.053
432.0,3.053
433.0,3.01
434.0,3.053
435.0,3.01
436.0,3.01
437.0,3.01
438.0,3.053
439.0,3.053
440.0,3.053
441.0,3.053
442.0,3.01
443.0,3.01
444.0,3.053
445.0,3.01
446.0,3.01
447.0,3.01
448.0,3.01
449.0,3.01
450.0,3.01
451.0,3.053
452.0,3.01
453.0,3.01
454.0,3.01
455.0,3.01
456.0,3.01
457.0,3.01
458.0,3.053
459.0,3.01
460.0,3.01
461.0,3.01
462.0,3.053
463.0,3.01
464.0,3.01
465.0,3.01
466.0,3.053
467.0,3.053
468.0,3.01
469.0,3.053
470.0,3.01
471.0,3.01
472.0,3.01
473.0,3.01
474.0,3.01
475.0,3.01
476.0,3.01
477.0,3.01
478.0,3.01
479.0,3.01
480.0,3.01
481.0,3.01
482.0,3.01
483.0,3.01
484.0,3.053
485.0,3.01
486.0,3.01
487.0,3.01
488.0,3.01
489.0,3.01
490.0,3.01
491.0,3.01
492.0,3.01
493.0,3.01
494.0,3.01
495.0,3.01
496.0,3.01
497.0,3.01
498.0,3.01
499.0,3.01
500.0,3.01
501.0,3.01
502.0,3.053
503.0,3.01
504.0,3.01
505.0,3.01
506.0,3.01
507.0,3.01
508.0,3.01
509.0,3.01
510.0,3.01
511.0,3.053
512.0,3.01
513.0,3.01
514.0,3.01
515.0,3.01
516.0,3.01
517.0,3.01
518.0,3.01
519.0,3.01
520.0,3.01
521.0,3.01
522.0,3.01
523.0,3.01
524.0,3.01
525.0,3.01
526.0,3.01
527.0,3.01
528.0,2.9669999999999996
529.0,3.01
530.0,2.9669999999999996
531.0,3.01
532.0,3.01
533.0,3.01
534.0,3.01
535.0,3.01
536.0,3.01
537.0,3.01
538.0,3.01
539.0,3.01
540.0,3.01
541.0,3.01
542.0,3.01
543.0,3.01
544.0,3.01
545.0,3.01
546.0,3.01
547.0,3.01
548.0,3.01
549.0,3.01
550.0,3.01
551.0,3.01
552.0,3.01
553.0,3.01
554.0,3.01
555.0,3.01
556.0,3.01
557.0,3.01
558.0,3.01
559.0,3.01
560.0,3.01
561.0,3.01
562.0,3.01
563.0,3.01
564.0,3.01
565.0,3.01
566.0,3.01
567.0,3.01
568.0,2.9669999999999996
569.0,3.01
570.0,2.9669999999999996
571.0,3.01
572.0,2.9669999999999996
573.0,3.01
574.0,2.9669999999999996
575.0,3.01
576.0,3.01
577.0,3.01
578.0,3.01
579.0,2.9669999999999996
580.0,3.01
581.0,2.9669999999999996
582.0,3.01
583.0,3.01
584.0,3.01
585.0,3.01
586.0,3.01
587.0,3.01
588.0,3.01
589.0,3.01
590.0,3.01
591.0,3.01
592.0,2.9669999999999996
593.0,3.01
594.0,2.9669999999999996
595.0,3.01
596.0,2.9669999999999996
597.0,3.01
598.0,3.01
599.0,3.01
600.0,3.01
601.0,3.01
602.0,3.01
603.0,3.01
604.0,2.9669999999999996
605.0,3.01
606.0,3.01
607.0,2.9669999999999996
608.0,2.9669999999999996
609.0,3.01
610.0,3.01
611.0,2.9669999999999996
612.0,2.9669999999999996
613.0,2.9669999999999996
614.0,2.9669999999999996
615.0,3.01
616.0,3.01
617.0,3.01
618.0,2.9669999999999996
619.0,3.01
620.0,3.01
621.0,2.9669999999999996
622.0,3.01
623.0,2.9669999999999996
624.0,2.9669999999999996
625.0,3.01
626.0,3.01
627.0,3.01
628.0,2.9669999999999996
629.0,3.01
630.0,2.9669999999999996
631.0,2.9669999999999996
632.0,2.9669999999999996
633.0,2.9669999999999996
634.0,2.9669999999999996
635.0,2.9669999999999996
636.0,2.9669999999999996
637.0,2.9669999999999996
638.0,2.9669999999999996
639.0,2.9669999999999996
640.0,2.9669999999999996
641.0,2.9669999999999996
642.0,2.9669999999999996
643.0,3.01
644.0,2.9669999999999996
645.0,2.9669999999999996
646.0,2.9669999999999996
647.0,2.9669999999999996
648.0,2.9669999999999996
649.0,2.9669999999999996
650.0,2.9669999999999996
651.0,3.01
652.0,2.9669999999999996
653.0,2.9669999999999996
654.0,2.9669999999999996
655.0,2.9669999999999996
656.0,2.9669999999999996
657.0,2.9669999999999996
658.0,2.9669999999999996
659.0,2.9669999999999996
660.0,2.9669999999999996
661.0,2.9669999999999996
662.0,2.9669999999999996
663.0,2.9669999999999996
664.0,2.9669999999999996
665.0,2.9669999999999996
666.0,2.9669999999999996
667.0,2.9669999999999996
668.0,2.9669999999999996
669.0,2.9669999999999996
670.0,2.9669999999999996
671.0,2.9669999999999996
672.0,2.9669999999999996
673.0,2.9669999999999996
674.0,2.9669999999999996
675.0,2.9669999999999996
676.0,2.9669999999999996
677.0,2.9669999999999996
678.0,2.9669999999999996
679.0,2.9669999999999996
680.0,2.9669999999999996
681.0,2.9669999999999996
682.0,2.9669999999999996
683.0,2.9669999999999996
684.0,2.9669999999999996
685.0,2.9669999999999996
686.0,2.9669999999999996
687.0,2.9669999999999996
688.0,2.9669999999999996
689.0,2.9669999999999996
690.0,2.9669999999999996
691.0,2.9669999999999996
692.0,2.9669999999999996
693.0,2.9669999999999996
694.0,2.9669999999999996
695.0,2.9669999999999996
696.0,2.9669999999999996
697.0,2.9669999999999996
698.0,2.924
699.0,2.9669999999999996
700.0,2.9669999999999996
701.0,2.9669999999999996
702.0,2.9669999999999996
703.0,2.9669999999999996
704.0,2.9669999999999996
705.0,2.9669999999999996
706.0,2.9669999999999996
707.0,2.9669999999999996
708.0,2.9669999999999996
709.0,2.9669999999999996
710.0,2.9669999999999996
711.0,2.9669999999999996
712.0,2.9669999999999996
713.0,2.9669999999999996
714.0,2.9669999999999996
715.0,2.9669999999999996
716.0,2.9669999999999996
717.0,2.9669999999999996
718.0,2.9669999999999996
719.0,2.9669999999999996
720.0,2.9669999999999996
721.0,2.9669999999999996
722.0,2.9669999999999996
723.0,2.9669999999999996
724.0,2.9669999999999996
725.0,2.9669999999999996
726.0,2.9669999999999996
727.0,2.9669999999999996
728.0,2.9669999999999996
729.0,2.924
730.0,2.9669999999999996
731.0,2.9669999999999996
732.0,2.924
733.0,2.9669999999999996
734.0,2.924
735.0,2.9669999999999996
736.0,2.9669999999999996
737.0,2.9669999999999996
738.0,2.9669999999999996
739.0,2.924
740.0,2.9669999999999996
741.0,2.9669999999999996
742.0,2.9669999999999996
743.0,2.9669999999999996
744.0,2.9669999999999996
745.0,2.9669999999999996
746.0,2.924
747.0,2.924
748.0,2.9669999999999996
749.0,2.9669999999999996
750.0,2.9669999999999996
751.0,2.924
752.0,2.924
753.0,2.9669999999999996
754.0,2.9669999999999996
755.0,2.9669999999999996
756.0,2.9669999999999996
757.0,2.924
758.0,2.924
759.0,2.9669999999999996
760.0,2.9669999999999996
761.0,2.9669999999999996
762.0,2.9669999999999996
763.0,2.9669999999999996
764.0,2.924
765.0,2.924
766.0,2.9669999999999996
767.0,2.9669999999999996
768.0,2.924
769.0,2.9669999999999996
770.0,2.924
771.0,2.9669999999999996
772.0,2.924
773.0,2.924
774.0,2.9669999999999996
775.0,2.9669999999999996
776.0,2.924
777.0,2.9669999999999996
778.0,2.9669999999999996
779.0,2.9669999999999996
780.0,2.924
781.0,2.924
782.0,2.924
783.0,2.9669999999999996
784.0,2.9669999999999996
785.0,2.9669999999999996
786.0,2.924
787.0,2.924
788.0,2.924
789.0,2.924
790.0,2.924
791.0,2.924
792.0,2.924
793.0,2.924
794.0,2.924
795.0,2.924
796.0,2.924
797.0,2.9669999999999996
798.0,2.924
799.0,2.924
800.0,2.9669999999999996
801.0,2.9669999999999996
802.0,2.924
803.0,2.9669999999999996
804.0,2.924
805.0,2.9669999999999996
806.0,2.924
807.0,2.9669999999999996
808.0,2.924
809.0,2.9669999999999996
810.0,2.924
811.0,2.9669999999999996
812.0,2.924
813.0,2.924
814.0,2.924
815.0,2.9669999999999996
816.0,2.924
817.0,2.924
818.0,2.924
819.0,2.924
820.0,2.924
821.0,2.924
822.0,2.924
823.0,2.9669999999999996
824.0,2.924
825.0,2.9669999999999996
826.0,2.924
827.0,2.924
828.0,2.924
829.0,2.924
830.0,2.924
831.0,2.924
832.0,2.924
833.0,2.924
834.0,2.924
835.0,2.9669999999999996
836.0,2.924
837.0,2.924
838.0,2.924
839.0,2.924
840.0,2.924
841.0,2.924
842.0,2.924
843.0,2.9669999999999996
844.0,2.924
845.0,2.924
846.0,2.924
847.0,2.924
848.0,2.924
849.0,2.9669999999999996
850.0,2.924
851.0,2.924
852.0,2.924
853.0,2.924
854.0,2.924
855.0,2.924
856.0,2.924
857.0,2.924
858.0,2.924
859.0,2.924
860.0,2.924
861.0,2.924
862.0,2.924
863.0,2.924
864.0,2.881
865.0,2.924
866.0,2.924
867.0,2.924
868.0,2.924
869.0,2.924
870.0,2.924
871.0,2.924
872.0,2.924
873.0,2.924
874.0,2.924
875.0,2.924
876.0,2.924
877.0,2.9669999999999996
878.0,2.924
879.0,2.924
880.0,2.924
881.0,2.924
882.0,2.881
883.0,2.924
884.0,2.924
885.0,2.924
886.0,2.881
887.0,2.924
888.0,2.924
889.0,2.924
890.0,2.924
891.0,2.924
892.0,2.924
893.0,2.924
894.0,2.924
895.0,2.924
896.0,2.924
897.0,2.924
898.0,2.924
899.0,2.924
900.0,2.924
901.0,2.924
902.0,2.924
903.0,2.924
904.0,2.924
905.0,2.924
906.0,2.924
907.0,2.881
908.0,2.924
909.0,2.924
910.0,2.924
911.0,2.924
912.0,2.881
913.0,2.924
914.0,2.924
915.0,2.924
916.0,2.924
917.0,2.924
918.0,2.924
919.0,2.924
920.0,2.924
921.0,2.924
922.0,2.924
923.0,2.924
924.0,2.924
925.0,2.924
926.0,2.924
927.0,2.924
928.0,2.924
929.0,2.924
930.0,2.924
931.0,2.881
932.0,2.924
933.0,2.924
934.0,2.924
935.0,2.924
936.0,2.924
937.0,2.924
938.0,2.881
939.0,2.924
940.0,2.924
941.0,2.924
942.0,2.881
943.0,2.924
944.0,2.881
945.0,2.924
946.0,2.924
947.0,2.924
948.0,2.924
949.0,2.924
950.0,2.924
951.0,2.924
952.0,2.881
953.0,2.924
954.0,2.924
955.0,2.924
956.0,2.881
957.0,2.924
958.0,2.924
959.0,2.881
960.0,2.881
961.0,2.924
962.0,2.881
963.0,2.881
964.0,2.881
965.0,2.924
966.0,2.924
967.0,2.881
968.0,2.924
969.0,2.924
970.0,2.924
971.0,2.924
972.0,2.881
973.0,2.881
974.0,2.881
975.0,2.881
976.0,2.924
977.0,2.924
978.0,2.881
979.0,2.881
980.0,2.881
981.0,2.924
982.0,2.881
983.0,2.881
984.0,2.924
985.0,2.924
986.0,2.924
987.0,2.924
988.0,2.924
989.0,2.881
990.0,2.881
991.0,2.881
992.0,2.924
993.0,2.924
994.0,2.924
995.0,2.881
996.0,2.881
997.0,2.924
998.0,2.924
999.0,2.924
1000.0,2.924
1001.0,2.924
1002.0,2.881
1003.0,2.881
1004.0,2.881
1005.0,2.924
1006.0,2.881
1007.0,2.924
1008.0,2.881
1009.0,2.881
1010.0,2.881
1011.0,2.881
1012.0,2.881
1013.0,2.881
1014.0,2.924
1015.0,2.881
1016.0,2.881
1017.0,2.881
1018.0,2.881
1019.0,2.881
1020.0,2.881
1021.0,2.881
1022.0,2.881
1023.0,2.881
1024.0,2.881
1025.0,2.881
1026.0,2.881
1027.0,2.924
1028.0,2.881
1029.0,2.881
1030.0,2.881
1031.0,2.881
1032.0,2.924
1033.0,2.924
1034.0,2.8379999999999996
1035.0,2.924
1036.0,2.881
1037.0,2.881
1038.0,2.881
1039.0,2.881
1040.0,2.881
1041.0,2.881
1042.0,2.881
1043.0,2.881
1044.0,2.881
1045.0,2.881
1046.0,2.881
1047.0,2.881
1048.0,2.881
1049.0,2.881
1050.0,2.881
1051.0,2.881
1052.0,2.881
1053.0,2.881
1054.0,2.881
1055.0,2.881
1056.0,2.881
1057.0,2.881
1058.0,2.881
1059.0,2.881
1060.0,2.881
1061.0,2.881
1062.0,2.881
1063.0,2.881
1064.0,2.881
1065.0,2.881
1066.0,2.881
1067.0,2.881
1068.0,2.881
1069.0,2.881
1070.0,2.881
1071.0,2.881
1072.0,2.881
1073.0,2.881
1074.0,2.881
1075.0,2.881
1076.0,2.924
1077.0,2.881
1078.0,2.881
1079.0,2.881
1080.0,2.881
1081.0,2.881
1082.0,2.881
1083.0,2.881
1084.0,2.881
1085.0,2.881
1086.0,2.881
1087.0,2.881
1088.0,2.881
1089.0,2.881
1090.0,2.881
1091.0,2.881
1092.0,2.881
1093.0,2.881
1094.0,2.881
1095.0,2.881
1096.0,2.881
1097.0,2.881
1098.0,2.881
1099.0,2.881
1100.0,2.881
1101.0,2.881
1102.0,2.881
1103.0,2.881
1104.0,2.881
1105.0,2.881
1106.0,2.881
1107.0,2.881
1108.0,2.881
1109.0,2.881
1110.0,2.881
1111.0,2.881
1112.0,2.881
1113.0,2.881
1114.0,2.881
1115.0,2.881
1116.0,2.881
1117.0,2.881
1118.0,2.881
1119.0,2.881
1120.0,2.881
1121.0,2.881
1122.0,2.881
1123.0,2.881
1124.0,2.881
1125.0,2.881
1126.0,2.881
1127.0,2.881
1128.0,2.881
1129.0,2.881
1130.0,2.881
1131.0,2.881
1132.0,2.8379999999999996
1133.0,2.881
1134.0,2.881
1135.0,2.881
1136.0,2.881
1137.0,2.881
1138.0,2.881
1139.0,2.881
1140.0,2.881
1141.0,2.881
1142.0,2.881
1143.0,2.881
1144.0,2.881
1145.0,2.881
1146.0,2.881
1147.0,2.881
1148.0,2.881
1149.0,2.881
1150.0,2.881
1151.0,2.881
1152.0,2.881
1153.0,2.881
1154.0,2.881
1155.0,2.881
1156.0,2.881
1157.0,2.881
1158.0,2.881
1159.0,2.881
1160.0,2.881
1161.0,2.881
1162.0,2.881
1163.0,2.881
1164.0,2.881
1165.0,2.881
1166.0,2.881
1167.0,2.881
1168.0,2.881
1169.0,2.881
1170.0,2.881
1171.0,2.8379999999999996
1172.0,2.881
1173.0,2.881
1174.0,2.881
1175.0,2.881
1176.0,2.881
1177.0,2.881
1178.0,2.881
1179.0,2.881
1180.0,2.881
1181.0,2.881
1182.0,2.8379999999999996
1183.0,2.881
1184.0,2.881
1185.0,2.881
1186.0,2.881
1187.0,2.881
1188.0,2.8379999999999996
1189.0,2.881
1190.0,2.881
1191.0,2.881
1192.0,2.881
1193.0,2.881
1194.0,2.881
1195.0,2.881
1196.0,2.881
1197.0,2.881
1198.0,2.8379999999999996
1199.0,2.881
1200.0,2.881
1201.0,2.881
1202.0,2.881
1203.0,2.881
1204.0,2.881
1205.0,2.881
1206.0,2.8379999999999996
1207.0,2.881
1208.0,2.881
1209.0,2.881
1210.0,2.881
1211.0,2.881
1212.0,2.881
1213.0,2.881
1214.0,2.8379999999999996
1215.0,2.881
1216.0,2.8379999999999996
1217.0,2.881
1218.0,2.881
1219.0,2.881
1220.0,2.881
1221.0,2.881
1222.0,2.8379999999999996
1223.0,2.881
1224.0,2.8379999999999996
1225.0,2.881
1226.0,2.881
1227.0,2.881
1228.0,2.881
1229.0,2.881
1230.0,2.881
1231.0,2.8379999999999996
1232.0,2.8379999999999996
1233.0,2.881
1234.0,2.881
1235.0,2.881
1236.0,2.881
1237.0,2.8379999999999996
1238.0,2.881
1239.0,2.8379999999999996
1240.0,2.881
1241.0,2.8379999999999996
1242.0,2.8379999999999996
1243.0,2.881
1244.0,2.881
1245.0,2.881
1246.0,2.881
1247.0,2.881
1248.0,2.8379999999999996
1249.0,2.881
1250.0,2.881
1251.0,2.881
1252.0,2.881
1253.0,2.881
1254.0,2.881
1255.0,2.8379999999999996
1256.0,2.881
1257.0,2.8379999999999996
1258.0,2.8379999999999996
1259.0,2.881
1260.0,2.8379999999999996
1261.0,2.8379999999999996
1262.0,2.8379999999999996
1263.0,2.8379999999999996
1264.0,2.881
1265.0,2.8379999999999996
1266.0,2.8379999999999996
1267.0,2.881
1268.0,2.8379999999999996
1269.0,2.8379999999999996
1270.0,2.8379999999999996
1271.0,2.8379999999999996
1272.0,2.8379999999999996
1273.0,2.8379999999999996
1274.0,2.881
1275.0,2.881
1276.0,2.8379999999999996
1277.0,2.8379999999999996
1278.0,2.881
1279.0,2.881
1280.0,2.8379999999999996
1281.0,2.8379999999999996
1282.0,2.881
1283.0,2.8379999999999996
1284.0,2.8379999999999996
1285.0,2.881
1286.0,2.8379999999999996
1287.0,2.8379999999999996
1288.0,2.8379999999999996
1289.0,2.8379999999999996
1290.0,2.8379999999999996
1291.0,2.881
1292.0,2.881
1293.0,2.8379999999999996
1294.0,2.8379999999999996
1295.0,2.881
1296.0,2.8379999999999996
1297.0,2.8379999999999996
1298.0,2.8379999999999996
1299.0,2.8379999999999996
1300.0,2.8379999999999996
1301.0,2.8379999999999996
1302.0,2.8379999999999996
1303.0,2.881
1304.0,2.8379999999999996
1305.0,2.8379999999999996
1306.0,2.881
1307.0,2.8379999999999996
1308.0,2.8379999999999996
1309.0,2.8379999999999996
1310.0,2.8379999999999996
1311.0,2.8379999999999996
1312.0,2.8379999999999996
1313.0,2.8379999999999996
1314.0,2.8379999999999996
1315.0,2.8379999999999996
1316.0,2.8379999999999996
1317.0,2.881
1318.0,2.8379999999999996
1319.0,2.8379999999999996
1320.0,2.8379999999999996
1321.0,2.8379999999999996
1322.0,2.8379999999999996
1323.0,2.8379999999999996
1324.0,2.8379999999999996
1325.0,2.8379999999999996
1326.0,2.8379999999999996
1327.0,2.881
1328.0,2.881
1329.0,2.881
1330.0,2.8379999999999996
1331.0,2.8379999999999996
1332.0,2.8379999999999996
1333.0,2.8379999999999996
1334.0,2.8379999999999996
1335.0,2.881
1336.0,2.8379999999999996
1337.0,2.881
1338.0,2.8379999999999996
1339.0,2.8379999999999996
1340.0,2.8379999999999996
1341.0,2.8379999999999996
1342.0,2.881
1343.0,2.8379999999999996
1344.0,2.881
1345.0,2.8379999999999996
1346.0,2.8379999999999996
1347.0,2.8379999999999996
1348.0,2.8379999999999996
1349.0,2.8379999999999996
1350.0,2.881
1351.0,2.881
1352.0,2.8379999999999996
1353.0,2.8379999999999996
1354.0,2.8379999999999996
1355.0,2.8379999999999996
1356.0,2.8379999999999996
1357.0,2.8379999999999996
1358.0,2.8379999999999996
1359.0,2.8379999999999996
1360.0,2.8379999999999996
1361.0,2.8379999999999996
1362.0,2.8379999999999996
1363.0,2.8379999999999996
1364.0,2.8379999999999996
1365.0,2.8379999999999996
1366.0,2.8379999999999996
1367.0,2.8379999999999996
1368.0,2.881
1369.0,2.881
1370.0,2.8379999999999996
1371.0,2.8379999999999996
1372.0,2.8379999999999996
1373.0,2.8379999999999996
1374.0,2.8379999999999996
1375.0,2.8379999999999996
1376.0,2.8379999999999996
1377.0,2.8379999999999996
1378.0,2.8379999999999996
1379.0,2.8379999999999996
1380.0,2.8379999999999996
1381.0,2.8379999999999996
1382.0,2.8379999999999996
1383.0,2.8379999999999996
1384.0,2.8379999999999996
1385.0,2.8379999999999996
1386.0,2.881
1387.0,2.8379999999999996
1388.0,2.8379999999999996
1389.0,2.8379999999999996
1390.0,2.8379999999999996
1391.0,2.8379999999999996
1392.0,2.8379999999999996
1393.0,2.8379999999999996
1394.0,2.8379999999999996
1395.0,2.8379999999999996
1396.0,2.8379999999999996
1397.0,2.8379999999999996
1398.0,2.8379999999999996
1399.0,2.8379999999999996
1400.0,2.8379999999999996
1401.0,2.881
1402.0,2.8379999999999996
1403.0,2.8379999999999996
1404.0,2.8379999999999996
1405.0,2.8379999999999996
1406.0,2.8379999999999996
1407.0,2.8379999999999996
1408.0,2.8379999999999996
1409.0,2.8379999999999996
1410.0,2.8379999999999996
1411.0,2.8379999999999996
1412.0,2.8379999999999996
1413.0,2.8379999999999996
1414.0,2.8379999999999996
1415.0,2.795
1416.0,2.8379999999999996
1417.0,2.8379999999999996
1418.0,2.8379999999999996
1419.0,2.8379999999999996
1420.0,2.8379999999999996
1421.0,2.8379999999999996
1422.0,2.8379999999999996
1423.0,2.8379999999999996
1424.0,2.8379999999999996
1425.0,2.8379999999999996
1426.0,2.8379999999999996
1427.0,2.8379999999999996
1428.0,2.8379999999999996
1429.0,2.8379999999999996
1430.0,2.8379999999999996
1431.0,2.8379999999999996
1432.0,2.8379999999999996
1433.0,2.8379999999999996
1434.0,2.8379999999999996
1435.0,2.8379999999999996
1436.0,2.8379999999999996
1437.0,2.8379999999999996
1438.0,2.8379999999999996
1439.0,2.8379999999999996
1440.0,2.8379999999999996
1441.0,2.8379999999999996
1442.0,2.8379999999999996
1443.0,2.8379999999999996
1444.0,2.8379999999999996
1445.0,2.8379999999999996
1446.0,2.8379999999999996
1447.0,2.8379999999999996
1448.0,2.8379999999999996
1449.0,2.8379999999999996
1450.0,2.795
1451.0,2.8379999999999996
1452.0,2.8379999999999996
1453.0,2.8379999999999996
1454.0,2.8379999999999996
1455.0,2.795
1456.0,2.8379999999999996
1457.0,2.795
1458.0,2.8379999999999996
1459.0,2.8379999999999996
1460.0,2.8379999999999996
1461.0,2.8379999999999996
1462.0,2.8379999999999996
1463.0,2.8379999999999996
1464.0,2.8379999999999996
1465.0,2.8379999999999996
1466.0,2.8379999999999996
1467.0,2.8379999999999996
1468.0,2.8379999999999996
1469.0,2.8379999999999996
1470.0,2.8379999999999996
1471.0,2.8379999999999996
1472.0,2.8379999999999996
1473.0,2.8379999999999996
1474.0,2.8379999999999996
1475.0,2.8379999999999996
1476.0,2.8379999999999996
1477.0,2.8379999999999996
1478.0,2.8379999999999996
1479.0,2.8379999999999996
1480.0,2.8379999999999996
1481.0,2.8379999999999996
1482.0,2.8379999999999996
1483.0,2.8379999999999996
1484.0,2.795
1485.0,2.8379999999999996
1486.0,2.8379999999999996
1487.0,2.795
1488.0,2.8379999999999996
1489.0,2.8379999999999996
1490.0,2.8379999999999996
1491.0,2.795
1492.0,2.8379999999999996
1493.0,2.795
1494.0,2.8379999999999996
1495.0,2.8379999999999996
1496.0,2.8379999999999996
1497.0,2.795
1498.0,2.8379999999999996
1499.0,2.8379999999999996
1500.0,2.795
1501.0,2.8379999999999996
1502.0,2.8379999999999996
1503.0,2.8379999999999996
1504.0,2.8379999999999996
1505.0,2.795
1506.0,2.795
1507.0,2.795
1508.0,2.8379999999999996
1509.0,2.8379999999999996
1510.0,2.8379999999999996
1511.0,2.8379999999999996
1512.0,2.8379999999999996
1513.0,2.8379999999999996
1514.0,2.8379999999999996
1515.0,2.795
1516.0,2.8379999999999996
1517.0,2.8379999999999996
1518.0,2.8379999999999996
1519.0,2.8379999999999996
1520.0,2.8379999999999996
1521.0,2.8379999999999996
1522.0,2.8379999999999996
1523.0,2.8379999999999996
1524.0,2.8379999999999996
1525.0,2.8379999999999996
1526.0,2.8379999999999996
1527.0,2.795
1528.0,2.8379999999999996
1529.0,2.8379999999999996
1530.0,2.8379999999999996
1531.0,2.795
1532.0,2.8379999999999996
1533.0,2.795
1534.0,2.8379999999999996
1535.0,2.8379999999999996
1536.0,2.8379999999999996
1537.0,2.8379999999999996
1538.0,2.795
1539.0,2.795
1540.0,2.8379999999999996
1541.0,2.8379999999999996
1542.0,2.8379999999999996
1543.0,2.8379999999999996
1544.0,2.8379999999999996
1545.0,2.8379999999999996
1546.0,2.8379999999999996
1547.0,2.8379999999999996
1548.0,2.8379999999999996
1549.0,2.8379999999999996
1550.0,2.8379999999999996
1551.0,2.8379999999999996
1552.0,2.8379999999999996
1553.0,2.8379999999999996
1554.0,2.8379999999999996
1555.0,2.795
1556.0,2.8379999999999996
1557.0,2.8379999999999996
1558.0,2.8379999999999996
1559.0,2.8379999999999996
1560.0,2.8379999999999996
1561.0,2.8379999999999996
1562.0,2.8379999999999996
1563.0,2.8379999999999996
1564.0,2.8379999999999996
1565.0,2.8379999999999996
1566.0,2.8379999999999996
1567.0,2.795
1568.0,2.8379999999999996
1569.0,2.795
1570.0,2.8379999999999996
1571.0,2.8379999999999996
1572.0,2.795
1573.0,2.795
1574.0,2.795
1575.0,2.8379999999999996
1576.0,2.795
1577.0,2.795
1578.0,2.8379999999999996
1579.0,2.8379999999999996
1580.0,2.8379999999999996
1581.0,2.795
1582.0,2.8379999999999996
1583.0,2.795
1584.0,2.8379999999999996
1585.0,2.8379999999999996
1586.0,2.8379999999999996
1587.0,2.8379999999999996
1588.0,2.8379999999999996
1589.0,2.795
1590.0,2.8379999999999996
1591.0,2.795
1592.0,2.8379999999999996
1593.0,2.8379999999999996
1594.0,2.8379999999999996
1595.0,2.795
1596.0,2.8379999999999996
1597.0,2.795
1598.0,2.795
1599.0,2.795
1600.0,2.8379999999999996
1601.0,2.795
1602.0,2.8379999999999996
1603.0,2.8379999999999996
1604.0,2.8379999999999996
1605.0,2.8379999999999996
1606.0,2.795
1607.0,2.795
1608.0,2.795
1609.0,2.795
1610.0,2.8379999999999996
1611.0,2.8379999999999996
1612.0,2.8379999999999996
1613.0,2.795
1614.0,2.8379999999999996
1615.0,2.795
1616.0,2.795
1617.0,2.795
1618.0,2.8379999999999996
1619.0,2.8379999999999996
1620.0,2.8379999999999996
1621.0,2.795
1622.0,2.8379999999999996
1623.0,2.795
1624.0,2.795
1625.0,2.8379999999999996
1626.0,2.795
1627.0,2.8379999999999996
1628.0,2.8379999999999996
1629.0,2.795
1630.0,2.795
1631.0,2.795
1632.0,2.795
1633.0,2.8379999999999996
1634.0,2.8379999999999996
1635.0,2.8379999999999996
1636.0,2.8379999999999996
1637.0,2.795
1638.0,2.795
1639.0,2.795
1640.0,2.8379999999999996
1641.0,2.795
1642.0,2.8379999999999996
1643.0,2.795
1644.0,2.8379999999999996
1645.0,2.795
1646.0,2.795
1647.0,2.795
1648.0,2.795
1649.0,2.795
1650.0,2.8379999999999996
1651.0,2.8379999999999996
1652.0,2.795
1653.0,2.795
1654.0,2.8379999999999996
1655.0,2.795
1656.0,2.795
1657.0,2.795
1658.0,2.795
1659.0,2.795
1660.0,2.8379999999999996
1661.0,2.795
1662.0,2.8379999999999996
1663.0,2.795
1664.0,2.8379999999999996
1665.0,2.795
1666.0,2.8379999999999996
1667.0,2.795
1668.0,2.795
1669.0,2.795
1670.0,2.795
1671.0,2.795
1672.0,2.795
1673.0,2.795
1674.0,2.795
1675.0,2.795
1676.0,2.8379999999999996
1677.0,2.795
1678.0,2.8379999999999996
1679.0,2.795
1680.0,2.795
1681.0,2.795
1682.0,2.795
1683.0,2.795
1684.0,2.795
1685.0,2.8379999999999996
1686.0,2.8379999999999996
1687.0,2.795
1688.0,2.795
1689.0,2.795
1690.0,2.795
1691.0,2.795
1692.0,2.795
1693.0,2.795
1694.0,2.8379999999999996
1695.0,2.795
1696.0,2.8379999999999996
1697.0,2.795
1698.0,2.795
1699.0,2.795
1700.0,2.795
1701.0,2.795
1702.0,2.795
1703.0,2.795
1704.0,2.795
1705.0,2.795
1706.0,2.795
1707.0,2.795
1708.0,2.795
1709.0,2.795
1710.0,2.795
1711.0,2.795
1712.0,2.795
1713.0,2.795
1714.0,2.795
1715.0,2.795
1716.0,2.795
1717.0,2.795
1718.0,2.795
1719.0,2.795
1720.0,2.795
1721.0,2.795
1722.0,2.795
1723.0,2.795
1724.0,2.795
1725.0,2.795
1726.0,2.795
1727.0,2.795
1728.0,2.795
1729.0,2.795
1730.0,2.795
1731.0,2.795
1732.0,2.795
1733.0,2.795
1734.0,2.795
1735.0,2.795
1736.0,2.795
1737.0,2.795
1738.0,2.795
1739.0,2.795
1740.0,2.795
1741.0,2.752
1742.0,2.795
1743.0,2.795
1744.0,2.8379999999999996
1745.0,2.795
1746.0,2.795
1747.0,2.795
1748.0,2.795
1749.0,2.795
1750.0,2.795
1751.0,2.795
1752.0,2.795
1753.0,2.795
1754.0,2.795
1755.0,2.795
1756.0,2.795
1757.0,2.795
1758.0,2.795
1759.0,2.795
1760.0,2.795
1761.0,2.8379999999999996
1762.0,2.795
1763.0,2.752
1764.0,2.795
1765.0,2.795
1766.0,2.795
1767.0,2.752
1768.0,2.795
1769.0,2.795
1770.0,2.752
1771.0,2.752
1772.0,2.795
1773.0,2.795
1774.0,2.8379999999999996
1775.0,2.795
1776.0,2.8379999999999996
1777.0,2.795
1778.0,2.8379999999999996
1779.0,2.795
1780.0,2.795
1781.0,2.752
1782.0,2.795
1783.0,2.795
1784.0,2.795
1785.0,2.795
1786.0,2.795
1787.0,2.795
1788.0,2.795
1789.0,2.795
1790.0,2.795
1791.0,2.795
1792.0,2.795
1793.0,2.795
1794.0,2.795
1795.0,2.795
1796.0,2.795
1797.0,2.795
1798.0,2.795
1799.0,2.752
1800.0,2.795
1801.0,2.795
1802.0,2.795
1803.0,2.795
1804.0,2.795
1805.0,2.752
1806.0,2.795
1807.0,2.752
1808.0,2.795
1809.0,2.795
1810.0,2.8379999999999996
1811.0,2.795
1812.0,2.795
1813.0,2.795
1814.0,2.795
1815.0,2.752
1816.0,2.795
1817.0,2.795
1818.0,2.795
1819.0,2.752
1820.0,2.795
1821.0,2.752
1822.0,2.795
1823.0,2.795
1824.0,2.795
1825.0,2.795
1826.0,2.795
1827.0,2.795
1828.0,2.795
1829.0,2.795
1830.0,2.795
1831.0,2.795
1832.0,2.795
1833.0,2.795
1834.0,2.795
1835.0,2.795
1836.0,2.795
1837.0,2.795
1838.0,2.752
1839.0,2.752
1840.0,2.795
1841.0,2.795
1842.0,2.795
1843.0,2.795
1844.0,2.795
1845.0,2.795
1846.0,2.795
1847.0,2.795
1848.0,2.795
1849.0,2.752
1850.0,2.795
1851.0,2.795
1852.0,2.752
1853.0,2.795
1854.0,2.795
1855.0,2.752
1856.0,2.795
1857.0,2.752
1858.0,2.795
1859.0,2.795
1860.0,2.795
1861.0,2.795
1862.0,2.795
1863.0,2.795
1864.0,2.795
1865.0,2.752
1866.0,2.795
1867.0,2.752
1868.0,2.795
1869.0,2.795
1870.0,2.795
1871.0,2.795
1872.0,2.795
1873.0,2.795
1874.0,2.795
1875.0,2.795
1876.0,2.795
1877.0,2.752
1878.0,2.795
1879.0,2.795
1880.0,2.752
1881.0,2.752
1882.0,2.795
1883.0,2.752
1884.0,2.795
1885.0,2.795
1886.0,2.795
1887.0,2.752
1888.0,2.795
1889.0,2.752
1890.0,2.795
1891.0,2.795
1892.0,2.795
1893.0,2.795
1894.0,2.795
1895.0,2.795
1896.0,2.795
1897.0,2.795
1898.0,2.795
1899.0,2.752
1900.0,2.795
1901.0,2.795
1902.0,2.795
1903.0,2.795
1904.0,2.795
1905.0,2.752
1906.0,2.795
1907.0,2.795
1908.0,2.795
1909.0,2.752
1910.0,2.795
1911.0,2.795
1912.0,2.752
1913.0,2.752
1914.0,2.795
1915.0,2.752
1916.0,2.752
1917.0,2.795
1918.0,2.795
1919.0,2.752
1920.0,2.795
1921.0,2.752
1922.0,2.752
1923.0,2.752
1924.0,2.752
1925.0,2.795
1926.0,2.795
1927.0,2.752
1928.0,2.795
1929.0,2.795
1930.0,2.752
1931.0,2.752
1932.0,2.752
1933.0,2.752
1934.0,2.752
1935.0,2.795
1936.0,2.795
1937.0,2.752
1938.0,2.795
1939.0,2.752
1940.0,2.752
1941.0,2.752
1942.0,2.795
1943.0,2.795
1944.0,2.795
1945.0,2.795
1946.0,2.752
1947.0,2.752
1948.0,2.752
1949.0,2.752
1950.0,2.752
1951.0,2.752
1952.0,2.795
1953.0,2.752
1954.0,2.795
1955.0,2.752
1956.0,2.752
1957.0,2.752
1958.0,2.795
1959.0,2.752
1960.0,2.795
1961.0,2.752
1962.0,2.795
1963.0,2.752
1964.0,2.752
1965.0,2.752
1966.0,2.795
1967.0,2.752
1968.0,2.795
1969.0,2.795
1970.0,2.752
1971.0,2.795
1972.0,2.752
1973.0,2.752
1974.0,2.752
1975.0,2.752
1976.0,2.752
1977.0,2.752
1978.0,2.795
1979.0,2.752
1980.0,2.795
1981.0,2.752
1982.0,2.752
1983.0,2.795
1984.0,2.752
1985.0,2.795
1986.0,2.752
1987.0,2.752
1988.0,2.752
1989.0,2.752
1990.0,2.795
1991.0,2.752
1992.0,2.752
1993.0,2.752
1994.0,2.795
1995.0,2.752
1996.0,2.795
1997.0,2.752
1998.0,2.752
1999.0,2.752
2000.0,2.752
2001.0,2.752
2002.0,2.795
2003.0,2.752
2004.0,2.795
2005.0,2.752
2006.0,2.752
2007.0,2.752
2008.0,2.752
2009.0,2.752
2010.0,2.795
2011.0,2.752
2012.0,2.752
2013.0,2.752
2014.0,2.795
2015.0,2.752
2016.0,2.795
2017.0,2.795
2018.0,2.795
2019.0,2.752
2020.0,2.752
2021.0,2.752
2022.0,2.752
2023.0,2.752
2024.0,2.752
2025.0,2.752
2026.0,2.752
2027.0,2.752
2028.0,2.752
2029.0,2.752
2030.0,2.752
2031.0,2.752
2032.0,2.752
2033.0,2.752
2034.0,2.795
2035.0,2.752
2036.0,2.752
2037.0,2.752
2038.0,2.752
2039.0,2.752
2040.0,2.752
2041.0,2.752
2042.0,2.752
2043.0,2.752
2044.0,2.752
2045.0,2.752
2046.0,2.752
2047.0,2.752
2048.0,2.752
2049.0,2.752
2050.0,2.752
2051.0,2.752
2052.0,2.752
2053.0,2.795
2054.0,2.752
2055.0,2.752
2056.0,2.752
2057.0,2.752
2058.0,2.752
2059.0,2.752
2060.0,2.752
2061.0,2.752
2062.0,2.752
2063.0,2.752
2064.0,2.752
2065.0,2.752
2066.0,2.752
2067.0,2.752
2068.0,2.795
2069.0,2.752
2070.0,2.752
2071.0,2.752
2072.0,2.752
2073.0,2.752
2074.0,2.752
2075.0,2.752
2076.0,2.795
2077.0,2.752
2078.0,2.752
2079.0,2.752
2080.0,2.752
2081.0,2.752
2082.0,2.752
2083.0,2.752
2084.0,2.752
2085.0,2.752
2086.0,2.752
2087.0,2.752
2088.0,2.752
2089.0,2.752
2090.0,2.752
2091.0,2.752
2092.0,2.752
2093.0,2.752
2094.0,2.752
2095.0,2.752
2096.0,2.752
2097.0,2.752
2098.0,2.752
2099.0,2.752
2100.0,2.752
2101.0,2.752
2102.0,2.752
2103.0,2.752
2104.0,2.752
2105.0,2.752
2106.0,2.752
2107.0,2.752
2108.0,2.752
2109.0,2.752
2110.0,2.752
2111.0,2.752
2112.0,2.752
2113.0,2.752
2114.0,2.752
2115.0,2.752
2116.0,2.752
2117.0,2.752
2118.0,2.752
2119.0,2.752
2120.0,2.752
2121.0,2.752
2122.0,2.752
2123.0,2.752
2124.0,2.752
2125.0,2.752
2126.0,2.752
2127.0,2.752
2128.0,2.752
2129.0,2.7089999999999996
2130.0,2.752
2131.0,2.752
2132.0,2.752
2133.0,2.752
2134.0,2.795
2135.0,2.752
2136.0,2.752
2137.0,2.752
2138.0,2.752
2139.0,2.752
2140.0,2.752
2141.0,2.752
2142.0,2.752
2143.0,2.752
2144.0,2.752
2145.0,2.752
2146.0,2.752
2147.0,2.752
2148.0,2.752
2149.0,2.752
2150.0,2.752
2151.0,2.752
2152.0,2.752
2153.0,2.752
2154.0,2.752
2155.0,2.752
2156.0,2.752
2157.0,2.752
2158.0,2.752
2159.0,2.752
2160.0,2.752
2161.0,2.752
2162.0,2.752
2163.0,2.752
2164.0,2.752
2165.0,2.7089999999999996
2166.0,2.752
2167.0,2.752
2168.0,2.752
2169.0,2.752
2170.0,2.752
2171.0,2.752
2172.0,2.752
2173.0,2.752
2174.0,2.752
2175.0,2.752
2176.0,2.752
2177.0,2.752
2178.0,2.752
2179.0,2.752
2180.0,2.752
2181.0,2.752
2182.0,2.752
2183.0,2.752
2184.0,2.752
2185.0,2.752
2186.0,2.752
2187.0,2.752
2188.0,2.752
2189.0,2.752
2190.0,2.752
2191.0,2.7089999999999996
2192.0,2.752
2193.0,2.752
2194.0,2.752
2195.0,2.752
2196.0,2.752
2197.0,2.7089999999999996
2198.0,2.752
2199.0,2.752
2200.0,2.752
2201.0,2.752
2202.0,2.752
2203.0,2.752
2204.0,2.752
2205.0,2.752
2206.0,2.752
2207.0,2.752
2208.0,2.752
2209.0,2.752
2210.0,2.752
2211.0,2.752
2212.0,2.752
2213.0,2.752
2214.0,2.752
2215.0,2.7089999999999996
2216.0,2.752
2217.0,2.7089999999999996
2218.0,2.752
2219.0,2.752
2220.0,2.752
2221.0,2.752
2222.0,2.752
2223.0,2.7089999999999996
2224.0,2.752
2225.0,2.752
2226.0,2.752
2227.0,2.752
2228.0,2.752
2229.0,2.752
2230.0,2.752
2231.0,2.752
2232.0,2.752
2233.0,2.752
2234.0,2.752
2235.0,2.752
2236.0,2.752
2237.0,2.752
2238.0,2.752
2239.0,2.7089999999999996
2240.0,2.752
2241.0,2.7089999999999996
2242.0,2.752
2243.0,2.752
2244.0,2.752
2245.0,2.752
2246.0,2.752
2247.0,2.752
2248.0,2.752
2249.0,2.752
2250.0,2.752
2251.0,2.752
2252.0,2.752
2253.0,2.752
2254.0,2.752
2255.0,2.7089999999999996
2256.0,2.752
2257.0,2.752
2258.0,2.7089999999999996
2259.0,2.752
2260.0,2.752
2261.0,2.752
2262.0,2.752
2263.0,2.752
2264.0,2.752
2265.0,2.7089999999999996
2266.0,2.752
2267.0,2.7089999999999996
2268.0,2.752
2269.0,2.7089999999999996
2270.0,2.752
2271.0,2.7089999999999996
2272.0,2.752
2273.0,2.752
2274.0,2.752
2275.0,2.7089999999999996
2276.0,2.752
2277.0,2.752
2278.0,2.752
2279.0,2.752
2280.0,2.752
2281.0,2.752
2282.0,2.752
2283.0,2.752
2284.0,2.752
2285.0,2.752
2286.0,2.752
2287.0,2.7089999999999996
2288.0,2.752
2289.0,2.7089999999999996
2290.0,2.7089999999999996
2291.0,2.752
2292.0,2.752
2293.0,2.752
2294.0,2.752
2295.0,2.752
2296.0,2.752
2297.0,2.7089999999999996
2298.0,2.752
2299.0,2.752
2300.0,2.752
2301.0,2.752
2302.0,2.752
2303.0,2.7089999999999996
2304.0,2.752
2305.0,2.7089999999999996
2306.0,2.752
2307.0,2.7089999999999996
2308.0,2.752
2309.0,2.7089999999999996
2310.0,2.752
2311.0,2.752
2312.0,2.752
2313.0,2.7089999999999996
2314.0,2.752
2315.0,2.7089999999999996
2316.0,2.752
2317.0,2.752
2318.0,2.752
2319.0,2.752
2320.0,2.752
2321.0,2.7089999999999996
2322.0,2.752
2323.0,2.752
2324.0,2.752
2325.0,2.752
2326.0,2.752
2327.0,2.752
2328.0,2.7089999999999996
2329.0,2.7089999999999996
2330.0,2.752
2331.0,2.7089999999999996
2332.0,2.752
2333.0,2.752
2334.0,2.752
2335.0,2.752
2336.0,2.752
2337.0,2.752
2338.0,2.752
2339.0,2.7089999999999996
2340.0,2.752
2341.0,2.752
2342.0,2.752
2343.0,2.7089999999999996
2344.0,2.752
2345.0,2.7089999999999996
2346.0,2.752
2347.0,2.7089999999999996
2348.0,2.752
2349.0,2.752
2350.0,2.752
2351.0,2.7089999999999996
2352.0,2.752
2353.0,2.752
2354.0,2.752
2355.0,2.7089999999999996
2356.0,2.752
2357.0,2.7089999999999996
2358.0,2.7089999999999996
2359.0,2.7089999999999996
2360.0,2.752
2361.0,2.752
2362.0,2.752
2363.0,2.7089999999999996
2364.0,2.7089999999999996
2365.0,2.752
2366.0,2.752
2367.0,2.752
2368.0,2.752
2369.0,2.752
2370.0,2.752
2371.0,2.752
2372.0,2.752
2373.0,2.7089999999999996
2374.0,2.752
2375.0,2.752
2376.0,2.752
2377.0,2.7089999999999996
2378.0,2.752
2379.0,2.752
2380.0,2.7089999999999996
2381.0,2.7089999999999996
2382.0,2.7089999999999996
2383.0,2.7089999999999996
2384.0,2.752
2385.0,2.7089999999999996
2386.0,2.752
2387.0,2.7089999999999996
2388.0,2.752
2389.0,2.7089999999999996
2390.0,2.752
2391.0,2.7089999999999996
2392.0,2.752
2393.0,2.7089999999999996
2394.0,2.7089999999999996
2395.0,2.752
2396.0,2.7089999999999996
2397.0,2.7089999999999996
2398.0,2.752
2399.0,2.7089999999999996
2400.0,2.752
2401.0,2.752
2402.0,2.752
2403.0,2.752
2404.0,2.752
2405.0,2.7089999999999996
2406.0,2.752
2407.0,2.7089999999999996
2408.0,2.752
2409.0,2.7089999999999996
2410.0,2.752
2411.0,2.7089999999999996
2412.0,2.752
2413.0,2.7089999999999996
2414.0,2.752
2415.0,2.7089999999999996
2416.0,2.752
2417.0,2.752
2418.0,2.752
2419.0,2.752
2420.0,2.752
2421.0,2.7089999999999996
2422.0,2.7089999999999996
2423.0,2.7089999999999996
2424.0,2.752
2425.0,2.7089999999999996
2426.0,2.752
2427.0,2.7089999999999996
2428.0,2.752
2429.0,2.7089999999999996
2430.0,2.7089999999999996
2431.0,2.752
2432.0,2.752
2433.0,2.7089999999999996
2434.0,2.752
2435.0,2.752
2436.0,2.752
2437.0,2.752
2438.0,2.752
2439.0,2.7089999999999996
2440.0,2.752
2441.0,2.7089999999999996
2442.0,2.752
2443.0,2.752
2444.0,2.752
2445.0,2.7089999999999996
2446.0,2.7089999999999996
2447.0,2.752
2448.0,2.7089999999999996
2449.0,2.752
2450.0,2.752
2451.0,2.7089999999999996
2452.0,2.752
2453.0,2.7089999999999996
2454.0,2.752
2455.0,2.7089999999999996
2456.0,2.7089999999999996
2457.0,2.7089999999999996
2458.0,2.7089999999999996
2459.0,2.7089999999999996
2460.0,2.752
2461.0,2.752
2462.0,2.752
2463.0,2.7089999999999996
2464.0,2.7089999999999996
2465.0,2.7089999999999996
2466.0,2.752
2467.0,2.7089999999999996
2468.0,2.752
2469.0,2.752
2470.0,2.752
2471.0,2.7089999999999996
2472.0,2.7089999999999996
2473.0,2.7089999999999996
2474.0,2.7089999999999996
2475.0,2.7089999999999996
2476.0,2.752
2477.0,2.752
2478.0,2.752
2479.0,2.752
2480.0,2.7089999999999996
2481.0,2.7089999999999996
2482.0,2.752
2483.0,2.7089999999999996
2484.0,2.752
2485.0,2.7089999999999996
2486.0,2.752
2487.0,2.752
2488.0,2.7089999999999996
2489.0,2.7089999999999996
2490.0,2.7089999999999996
2491.0,2.7089999999999996
2492.0,2.752
2493.0,2.7089999999999996
2494.0,2.752
2495.0,2.752
2496.0,2.7089999999999996
2497.0,2.7089999999999996
2498.0,2.7089999999999996
2499.0,2.752
2500.0,2.7089999999999996
2501.0,2.7089999999999996
2502.0,2.752
2503.0,2.752
2504.0,2.7089999999999996
2505.0,2.7089999999999996
2506.0,2.7089999999999996
2507.0,2.7089999999999996
2508.0,2.7089999999999996
2509.0,2.7089999999999996
2510.0,2.752
2511.0,2.752
2512.0,2.7089999999999996
2513.0,2.7089999999999996
2514.0,2.7089999999999996
2515.0,2.7089999999999996
2516.0,2.7089999999999996
2517.0,2.7089999999999996
2518.0,2.752
2519.0,2.752
2520.0,2.7089999999999996
2521.0,2.7089999999999996
2522.0,2.7089999999999996
2523.0,2.7089999999999996
2524.0,2.7089999999999996
2525.0,2.7089999999999996
2526.0,2.752
2527.0,2.752
2528.0,2.7089999999999996
2529.0,2.7089999999999996
2530.0,2.752
2531.0,2.7089999999999996
2532.0,2.7089999999999996
2533.0,2.7089999999999996
2534.0,2.752
2535.0,2.7089999999999996
2536.0,2.752
2537.0,2.7089999999999996
2538.0,2.7089999999999996
2539.0,2.7089999999999996
2540.0,2.7089999999999996
2541.0,2.7089999999999996
2542.0,2.752
2543.0,2.7089999999999996
2544.0,2.7089999999999996
2545.0,2.752
2546.0,2.752
2547.0,2.7089999999999996
2548.0,2.7089999999999996
2549.0,2.7089999999999996
2550.0,2.7089999999999996
2551.0,2.7089999999999996
2552.0,2.7089999999999996
2553.0,2.7089999999999996
2554.0,2.7089999999999996
2555.0,2.7089999999999996
2556.0,2.7089999999999996
2557.0,2.7089999999999996
2558.0,2.7089999999999996
2559.0,2.752
2560.0,2.752
2561.0,2.752
2562.0,2.7089999999999996
2563.0,2.7089999999999996
2564.0,2.7089999999999996
2565.0,2.7089999999999996
2566.0,2.7089999999999996
2567.0,2.7089999999999996
2568.0,2.7089999999999996
2569.0,2.7089999999999996
2570.0,2.7089999999999996
2571.0,2.7089999999999996
2572.0,2.7089999999999996
2573.0,2.7089999999999996
2574.0,2.7089999999999996
2575.0,2.7089999999999996
2576.0,2.7089999999999996
2577.0,2.7089999999999996
2578.0,2.752
2579.0,2.7089999999999996
2580.0,2.752
2581.0,2.7089999999999996
2582.0,2.7089999999999996
2583.0,2.7089999999999996
2584.0,2.7089999999999996
2585.0,2.7089999999999996
2586.0,2.752
2587.0,2.7089999999999996
2588.0,2.752
2589.0,2.7089999999999996
2590.0,2.7089999999999996
2591.0,2.7089999999999996
2592.0,2.752
2593.0,2.7089999999999996
2594.0,2.7089999999999996
2595.0,2.7089999999999996
2596.0,2.7089999999999996
2597.0,2.7089999999999996
2598.0,2.7089999999999996
2599.0,2.7089999999999996
2600.0,2.752
2601.0,2.7089999999999996
2602.0,2.752
2603.0,2.7089999999999996
2604.0,2.7089999999999996
2605.0,2.7089999999999996
2606.0,2.752
2607.0,2.7089999999999996
2608.0,2.7089999999999996
2609.0,2.7089999999999996
2610.0,2.7089999999999996
2611.0,2.7089999999999996
2612.0,2.752
2613.0,2.7089999999999996
2614.0,2.7089999999999996
2615.0,2.7089999999999996
2616.0,2.666
2617.0,2.7089999999999996
2618.0,2.7089999999999996
2619.0,2.7089999999999996
2620.0,2.752
2621.0,2.7089999999999996
2622.0,2.7089999999999996
2623.0,2.7089999999999996
2624.0,2.7089999999999996
2625.0,2.7089999999999996
2626.0,2.7089999999999996
2627.0,2.7089999999999996
2628.0,2.7089999999999996
2629.0,2.7089999999999996
2630.0,2.7089999999999996
2631.0,2.7089999999999996
2632.0,2.666
2633.0,2.7089999999999996
2634.0,2.7089999999999996
2635.0,2.7089999999999996
2636.0,2.7089999999999996
2637.0,2.7089999999999996
2638.0,2.7089999999999996
2639.0,2.7089999999999996
2640.0,2.7089999999999996
2641.0,2.7089999999999996
2642.0,2.7089999999999996
2643.0,2.7089999999999996
2644.0,2.7089999999999996
2645.0,2.7089999999999996
2646.0,2.7089999999999996
2647.0,2.7089999999999996
2648.0,2.7089999999999996
2649.0,2.7089999999999996
2650.0,2.7089999999999996
2651.0,2.7089999999999996
2652.0,2.7089999999999996
2653.0,2.7089999999999996
2654.0,2.7089999999999996
2655.0,2.7089999999999996
2656.0,2.7089999999999996
2657.0,2.7089999999999996
2658.0,2.7089999999999996
2659.0,2.7089999999999996
2660.0,2.7089999999999996
2661.0,2.7089999999999996
2662.0,2.7089999999999996
2663.0,2.7089999999999996
2664.0,2.7089999999999996
2665.0,2.7089999999999996
2666.0,2.7089999999999996
2667.0,2.7089999999999996
2668.0,2.7089999999999996
2669.0,2.7089999999999996
2670.0,2.7089999999999996
2671.0,2.7089999999999996
2672.0,2.7089999999999996
2673.0,2.7089999999999996
2674.0,2.7089999999999996
2675.0,2.7089999999999996
2676.0,2.7089999999999996
2677.0,2.7089999999999996
2678.0,2.7089999999999996
2679.0,2.7089999999999996
2680.0,2.7089999999999996
2681.0,2.7089999999999996
2682.0,2.7089999999999996
2683.0,2.7089999999999996
2684.0,2.666
2685.0,2.7089999999999996
2686.0,2.7089999999999996
2687.0,2.7089999999999996
2688.0,2.7089999999999996
2689.0,2.7089999999999996
2690.0,2.7089999999999996
2691.0,2.7089999999999996
2692.0,2.7089999999999996
2693.0,2.7089999999999996
2694.0,2.7089999999999996
2695.0,2.7089999999999996
2696.0,2.7089999999999996
2697.0,2.7089999999999996
2698.0,2.7089999999999996
2699.0,2.7089999999999996
2700.0,2.7089999999999996
2701.0,2.7089999999999996
2702.0,2.7089999999999996
2703.0,2.7089999999999996
2704.0,2.7089999999999996
2705.0,2.7089999999999996
2706.0,2.7089999999999996
2707.0,2.7089999999999996
2708.0,2.7089999999999996
2709.0,2.7089999999999996
2710.0,2.7089999999999996
2711.0,2.7089999999999996
2712.0,2.7089999999999996
2713.0,2.7089999999999996
2714.0,2.7089999999999996
2715.0,2.7089999999999996
2716.0,2.666
2717.0,2.7089999999999996
2718.0,2.7089999999999996
2719.0,2.7089999999999996
2720.0,2.7089999999999996
2721.0,2.7089999999999996
2722.0,2.752
2723.0,2.7089999999999996
2724.0,2.666
2725.0,2.666
2726.0,2.752
2727.0,2.7089999999999996
2728.0,2.7089999999999996
2729.0,2.7089999999999996
2730.0,2.7089999999999996
2731.0,2.7089999999999996
2732.0,2.7089999999999996
2733.0,2.7089999999999996
2734.0,2.7089999999999996
2735.0,2.7089999999999996
2736.0,2.7089999999999996
2737.0,2.7089999999999996
2738.0,2.7089999999999996
2739.0,2.7089999999999996
2740.0,2.7089999999999996
2741.0,2.7089999999999996
2742.0,2.7089999999999996
2743.0,2.7089999999999996
2744.0,2.7089999999999996
2745.0,2.7089999999999996
2746.0,2.7089999999999996
2747.0,2.7089999999999996
2748.0,2.7089999999999996
2749.0,2.7089999999999996
2750.0,2.7089999999999996
2751.0,2.7089999999999996
2752.0,2.7089999999999996
2753.0,2.7089999999999996
2754.0,2.7089999999999996
2755.0,2.7089999999999996
2756.0,2.7089999999999996
2757.0,2.7089999999999996
2758.0,2.7089999999999996
2759.0,2.7089999999999996
2760.0,2.7089999999999996
2761.0,2.7089999999999996
2762.0,2.7089999999999996
2763.0,2.7089999999999996
2764.0,2.7089999999999996
2765.0,2.7089999999999996
2766.0,2.7089999999999996
2767.0,2.7089999999999996
2768.0,2.7089999999999996
2769.0,2.7089999999999996
2770.0,2.7089999999999996
2771.0,2.7089999999999996
2772.0,2.7089999999999996
2773.0,2.7089999999999996
2774.0,2.666
2775.0,2.7089999999999996
2776.0,2.7089999999999996
2777.0,2.7089999999999996
2778.0,2.7089999999999996
2779.0,2.7089999999999996
2780.0,2.666
2781.0,2.7089999999999996
2782.0,2.666
2783.0,2.7089999999999996
2784.0,2.7089999999999996
2785.0,2.7089999999999996
2786.0,2.7089999999999996
2787.0,2.7089999999999996
2788.0,2.7089999999999996
2789.0,2.7089999999999996
2790.0,2.7089999999999996
2791.0,2.7089999999999996
2792.0,2.7089999999999996
2793.0,2.7089999999999996
2794.0,2.7089999999999996
2795.0,2.7089999999999996
2796.0,2.7089999999999996
2797.0,2.7089999999999996
2798.0,2.7089999999999996
2799.0,2.7089999999999996
2800.0,2.7089999999999996
2801.0,2.7089999999999996
2802.0,2.666
2803.0,2.7089999999999996
2804.0,2.666
2805.0,2.7089999999999996
2806.0,2.7089999999999996
2807.0,2.7089999999999996
2808.0,2.7089999999999996
2809.0,2.7089999999999996
2810.0,2.666
2811.0,2.7089999999999996
2812.0,2.7089999999999996
2813.0,2.7089999999999996
2814.0,2.7089999999999996
2815.0,2.7089999999999996
2816.0,2.7089999999999996
2817.0,2.7089999999999996
2818.0,2.7089999999999996
2819.0,2.752
2820.0,2.666
2821.0,2.7089999999999996
2822.0,2.666
2823.0,2.666
2824.0,2.7089999999999996
2825.0,2.7089999999999996
2826.0,2.666
2827.0,2.7089999999999996
2828.0,2.7089999999999996
2829.0,2.7089999999999996
2830.0,2.666
2831.0,2.7089999999999996
2832.0,2.7089999999999996
2833.0,2.7089999999999996
2834.0,2.7089999999999996
2835.0,2.7089999999999996
2836.0,2.7089999999999996
2837.0,2.7089999999999996
2838.0,2.666
2839.0,2.7089999999999996
2840.0,2.666
2841.0,2.7089999999999996
2842.0,2.7089999999999996
2843.0,2.7089999999999996
2844.0,2.7089999999999996
2845.0,2.7089999999999996
2846.0,2.7089999999999996
2847.0,2.7089999999999996
2848.0,2.666
2849.0,2.7089999999999996
2850.0,2.7089999999999996
2851.0,2.7089999999999996
2852.0,2.7089999999999996
2853.0,2.7089999999999996
2854.0,2.7089999999999996
2855.0,2.7089999999999996
2856.0,2.7089999999999996
2857.0,2.7089999999999996
2858.0,2.7089999999999996
2859.0,2.7089999999999996
2860.0,2.7089999999999996
2861.0,2.7089999999999996
2862.0,2.7089999999999996
2863.0,2.666
2864.0,2.7089999999999996
2865.0,2.7089999999999996
2866.0,2.666
2867.0,2.7089999999999996
2868.0,2.7089999999999996
2869.0,2.7089999999999996
2870.0,2.666
2871.0,2.7089999999999996
2872.0,2.666
2873.0,2.7089999999999996
2874.0,2.666
2875.0,2.7089999999999996
2876.0,2.7089999999999996
2877.0,2.666
2878.0,2.7089999999999996
2879.0,2.7089999999999996
2880.0,2.666
2881.0,2.7089999999999996
2882.0,2.666
2883.0,2.7089999999999996
2884.0,2.666
2885.0,2.7089999999999996
2886.0,2.7089999999999996
2887.0,2.752
2888.0,2.666
2889.0,2.7089999999999996
2890.0,2.7089999999999996
2891.0,2.7089999999999996
2892.0,2.7089999999999996
2893.0,2.7089999999999996
2894.0,2.7089999999999996
2895.0,2.7089999999999996
2896.0,2.7089999999999996
2897.0,2.7089999999999996
2898.0,2.7089999999999996
2899.0,2.7089999999999996
2900.0,2.7089999999999996
2901.0,2.7089999999999996
2902.0,2.7089999999999996
2903.0,2.7089999999999996
2904.0,2.7089999999999996
2905.0,2.7089999999999996
2906.0,2.666
2907.0,2.7089999999999996
2908.0,2.7089999999999996
2909.0,2.7089999999999996
2910.0,2.7089999999999996
2911.0,2.666
2912.0,2.666
2913.0,2.7089999999999996
2914.0,2.666
2915.0,2.7089999999999996
2916.0,2.7089999999999996
2917.0,2.7089999999999996
2918.0,2.7089999999999996
2919.0,2.666
2920.0,2.666
2921.0,2.7089999999999996
2922.0,2.7089999999999996
2923.0,2.7089999999999996
2924.0,2.7089999999999996
2925.0,2.666
2926.0,2.666
2927.0,2.7089999999999996
2928.0,2.7089999999999996
2929.0,2.7089999999999996
2930.0,2.666
2931.0,2.666
2932.0,2.666
2933.0,2.7089999999999996
2934.0,2.7089999999999996
2935.0,2.7089999999999996
2936.0,2.7089999999999996
2937.0,2.666
2938.0,2.666
2939.0,2.666
2940.0,2.7089999999999996
2941.0,2.7089999999999996
2942.0,2.666
2943.0,2.7089999999999996
2944.0,2.666
2945.0,2.7089999999999996
2946.0,2.7089999999999996
2947.0,2.666
2948.0,2.7089999999999996
2949.0,2.666
2950.0,2.7089999999999996
2951.0,2.7089999999999996
2952.0,2.666
2953.0,2.7089999999999996
2954.0,2.666
2955.0,2.7089999999999996
2956.0,2.666
2957.0,2.7089999999999996
2958.0,2.666
2959.0,2.666
2960.0,2.666
2961.0,2.666
2962.0,2.666
2963.0,2.7089999999999996
2964.0,2.666
2965.0,2.666
2966.0,2.666
2967.0,2.7089999999999996
2968.0,2.7089999999999996
2969.0,2.7089999999999996
2970.0,2.666
2971.0,2.7089999999999996
2972.0,2.7089999999999996
2973.0,2.7089999999999996
2974.0,2.666
2975.0,2.666
2976.0,2.666
2977.0,2.7089999999999996
2978.0,2.7089999999999996
2979.0,2.7089999999999996
2980.0,2.666
2981.0,2.7089999999999996
2982.0,2.7089999999999996
2983.0,2.7089999999999996
2984.0,2.7089999999999996
2985.0,2.7089999999999996
2986.0,2.666
2987.0,2.7089999999999996
2988.0,2.666
2989.0,2.7089999999999996
2990.0,2.666
2991.0,2.7089999999999996
2992.0,2.666
2993.0,2.666
2994.0,2.7089999999999996
2995.0,2.666
2996.0,2.666
2997.0,2.7089999999999996
2998.0,2.7089999999999996
2999.0,2.7089999999999996
3000.0,2.666
3001.0,2.666
3002.0,2.7089999999999996
3003.0,2.7089999999999996
3004.0,2.666
3005.0,2.7089999999999996
3006.0,2.666
3007.0,2.666
3008.0,2.7089999999999996
3009.0,2.7089999999999996
3010.0,2.7089999999999996
3011.0,2.7089999999999996
3012.0,2.7089999999999996
3013.0,2.666
3014.0,2.7089999999999996
3015.0,2.666
3016.0,2.666
3017.0,2.7089999999999996
3018.0,2.7089999999999996
3019.0,2.7089999999999996
3020.0,2.666
3021.0,2.7089999999999996
3022.0,2.666
3023.0,2.666
3024.0,2.666
3025.0,2.7089999999999996
3026.0,2.7089999999999996
3027.0,2.7089999999999996
3028.0,2.7089999999999996
3029.0,2.7089999999999996
3030.0,2.666
3031.0,2.666
3032.0,2.666
3033.0,2.666
3034.0,2.7089999999999996
3035.0,2.7089999999999996
3036.0,2.666
3037.0,2.666
3038.0,2.666
3039.0,2.7089999999999996
3040.0,2.666
3041.0,2.666
3042.0,2.666
3043.0,2.7089999999999996
3044.0,2.666
3045.0,2.7089999999999996
3046.0,2.7089999999999996
3047.0,2.666
3048.0,2.7089999999999996
3049.0,2.666
3050.0,2.666
3051.0,2.7089999999999996
3052.0,2.7089999999999996
3053.0,2.7089999999999996
3054.0,2.666
3055.0,2.666
3056.0,2.666
3057.0,2.666
3058.0,2.666
3059.0,2.7089999999999996
3060.0,2.666
3061.0,2.666
3062.0,2.666
3063.0,2.7089999999999996
3064.0,2.666
3065.0,2.666
3066.0,2.666
3067.0,2.666
3068.0,2.666
3069.0,2.7089999999999996
3070.0,2.666
3071.0,2.7089999999999996
3072.0,2.666
3073.0,2.7089999999999996
3074.0,2.666
3075.0,2.666
3076.0,2.666
3077.0,2.7089999999999996
3078.0,2.666
3079.0,2.666
3080.0,2.666
3081.0,2.7089999999999996
3082.0,2.666
3083.0,2.666
3084.0,2.7089999999999996
3085.0,2.7089999999999996
3086.0,2.666
3087.0,2.666
3088.0,2.666
3089.0,2.7089999999999996
3090.0,2.666
3091.0,2.666
3092.0,2.666
3093.0,2.7089999999999996
3094.0,2.666
3095.0,2.666
3096.0,2.666
3097.0,2.7089999999999996
3098.0,2.666
3099.0,2.666
3100.0,2.666
3101.0,2.666
3102.0,2.666
3103.0,2.7089999999999996
3104.0,2.666
3105.0,2.666
3106.0,2.666
3107.0,2.666
3108.0,2.7089999999999996
3109.0,2.7089999999999996
3110.0,2.666
3111.0,2.7089999999999996
3112.0,2.666
3113.0,2.7089999999999996
3114.0,2.666
3115.0,2.666
3116.0,2.666
3117.0,2.666
3118.0,2.666
3119.0,2.7089999999999996
3120.0,2.666
3121.0,2.666
3122.0,2.666
3123.0,2.666
3124.0,2.666
3125.0,2.7089999999999996
3126.0,2.666
3127.0,2.7089999999999996
3128.0,2.666
3129.0,2.666
3130.0,2.666
3131.0,2.666
3132.0,2.666
3133.0,2.666
3134.0,2.666
3135.0,2.666
3136.0,2.666
3137.0,2.666
3138.0,2.666
3139.0,2.666
3140.0,2.666
3141.0,2.666
3142.0,2.666
3143.0,2.7089999999999996
3144.0,2.666
3145.0,2.666
3146.0,2.666
3147.0,2.666
3148.0,2.666
3149.0,2.666
3150.0,2.666
3151.0,2.666
3152.0,2.666
3153.0,2.666
3154.0,2.666
3155.0,2.666
3156.0,2.666
3157.0,2.666
3158.0,2.666
3159.0,2.666
3160.0,2.666
3161.0,2.666
3162.0,2.7089999999999996
3163.0,2.7089999999999996
3164.0,2.7089999999999996
3165.0,2.666
3166.0,2.666
3167.0,2.7089999999999996
3168.0,2.666
3169.0,2.666
3170.0,2.666
3171.0,2.666
3172.0,2.666
3173.0,2.666
3174.0,2.666
3175.0,2.666
3176.0,2.666
3177.0,2.666
3178.0,2.666
3179.0,2.666
3180.0,2.666
3181.0,2.666
3182.0,2.666
3183.0,2.666
3184.0,2.666
3185.0,2.666
3186.0,2.666
3187.0,2.666
3188.0,2.666
3189.0,2.666
3190.0,2.666
3191.0,2.666
3192.0,2.666
3193.0,2.666
3194.0,2.666
3195.0,2.7089999999999996
3196.0,2.666
3197.0,2.666
3198.0,2.666
3199.0,2.666
3200.0,2.666
3201.0,2.666
3202.0,2.666
3203.0,2.7089999999999996
3204.0,2.666
3205.0,2.666
3206.0,2.666
3207.0,2.666
3208.0,2.666
3209.0,2.7089999999999996
3210.0,2.7089999999999996
3211.0,2.666
3212.0,2.7089999999999996
3213.0,2.7089999999999996
3214.0,2.666
3215.0,2.666
3216.0,2.666
3217.0,2.666
3218.0,2.666
3219.0,2.666
3220.0,2.666
3221.0,2.7089999999999996
3222.0,2.7089999999999996
3223.0,2.666
3224.0,2.666
3225.0,2.666
3226.0,2.666
3227.0,2.7089999999999996
3228.0,2.666
3229.0,2.666
3230.0,2.666
3231.0,2.666
3232.0,2.666
3233.0,2.666
3234.0,2.666
3235.0,2.666
3236.0,2.666
3237.0,2.666
3238.0,2.666
3239.0,2.666
3240.0,2.666
3241.0,2.666
3242.0,2.666
3243.0,2.666
3244.0,2.666
3245.0,2.666
3246.0,2.666
3247.0,2.666
3248.0,2.666
3249.0,2.666
3250.0,2.666
3251.0,2.666
3252.0,2.666
3253.0,2.7089999999999996
3254.0,2.666
3255.0,2.666
3256.0,2.666
3257.0,2.666
3258.0,2.666
3259.0,2.666
3260.0,2.666
3261.0,2.666
3262.0,2.666
3263.0,2.666
3264.0,2.666
3265.0,2.666
3266.0,2.666
3267.0,2.666
3268.0,2.666
3269.0,2.666
3270.0,2.666
3271.0,2.666
3272.0,2.666
3273.0,2.666
3274.0,2.666
3275.0,2.666
3276.0,2.666
3277.0,2.666
3278.0,2.666
3279.0,2.666
3280.0,2.666
3281.0,2.666
3282.0,2.666
3283.0,2.666
3284.0,2.666
3285.0,2.666
3286.0,2.666
3287.0,2.7089999999999996
3288.0,2.666
3289.0,2.666
3290.0,2.666
3291.0,2.666
3292.0,2.666
3293.0,2.666
3294.0,2.666
3295.0,2.666
3296.0,2.666
3297.0,2.666
3298.0,2.666
3299.0,2.666
3300.0,2.666
3301.0,2.666
3302.0,2.666
3303.0,2.666
3304.0,2.666
3305.0,2.666
3306.0,2.666
3307.0,2.666
3308.0,2.666
3309.0,2.666
3310.0,2.666
3311.0,2.666
3312.0,2.666
3313.0,2.666
3314.0,2.666
3315.0,2.666
3316.0,2.666
3317.0,2.666
3318.0,2.666
3319.0,2.666
3320.0,2.666
3321.0,2.666
3322.0,2.666
3323.0,2.666
3324.0,2.666
3325.0,2.666
3326.0,2.666
3327.0,2.666
3328.0,2.666
3329.0,2.666
3330.0,2.666
3331.0,2.666
3332.0,2.666
3333.0,2.666
3334.0,2.666
3335.0,2.666
3336.0,2.666
3337.0,2.666
3338.0,2.666
3339.0,2.666
3340.0,2.666
3341.0,2.666
3342.0,2.666
3343.0,2.666
3344.0,2.666
3345.0,2.666
3346.0,2.666
3347.0,2.666
3348.0,2.666
3349.0,2.666
3350.0,2.666
3351.0,2.666
3352.0,2.666
3353.0,2.666
3354.0,2.666
3355.0,2.666
3356.0,2.666
3357.0,2.666
3358.0,2.666
3359.0,2.666
3360.0,2.666
3361.0,2.666
3362.0,2.666
3363.0,2.6229999999999998
3364.0,2.666
3365.0,2.6229999999999998
3366.0,2.666
3367.0,2.666
3368.0,2.666
3369.0,2.666
3370.0,2.666
3371.0,2.666
3372.0,2.666
3373.0,2.666
3374.0,2.666
3375.0,2.666
3376.0,2.666
3377.0,2.666
3378.0,2.666
3379.0,2.7089999999999996
3380.0,2.666
3381.0,2.666
3382.0,2.666
3383.0,2.666
3384.0,2.666
3385.0,2.666
3386.0,2.666
3387.0,2.666
3388.0,2.666
3389.0,2.666
3390.0,2.666
3391.0,2.6229999999999998
3392.0,2.666
3393.0,2.666
3394.0,2.666
3395.0,2.666
3396.0,2.666
3397.0,2.666
3398.0,2.666
3399.0,2.666
3400.0,2.666
3401.0,2.666
3402.0,2.666
3403.0,2.666
3404.0,2.666
3405.0,2.666
3406.0,2.666
3407.0,2.666
3408.0,2.666
3409.0,2.666
3410.0,2.666
3411.0,2.666
3412.0,2.666
3413.0,2.666
3414.0,2.666
3415.0,2.666
3416.0,2.666
3417.0,2.666
3418.0,2.666
3419.0,2.666
3420.0,2.666
3421.0,2.666
3422.0,2.666
3423.0,2.666
3424.0,2.666
3425.0,2.666
3426.0,2.666
3427.0,2.666
3428.0,2.666
3429.0,2.666
3430.0,2.666
3431.0,2.666
3432.0,2.6229999999999998
3433.0,2.666
3434.0,2.666
3435.0,2.666
3436.0,2.666
3437.0,2.666
3438.0,2.666
3439.0,2.666
3440.0,2.6229999999999998
3441.0,2.666
3442.0,2.666
3443.0,2.666
3444.0,2.666
3445.0,2.666
3446.0,2.666
3447.0,2.666
3448.0,2.666
3449.0,2.666
3450.0,2.666
3451.0,2.6229999999999998
3452.0,2.666
3453.0,2.666
3454.0,2.7089999999999996
3455.0,2.666
3456.0,2.666
3457.0,2.666
3458.0,2.666
3459.0,2.666
3460.0,2.666
3461.0,2.666
3462.0,2.666
3463.0,2.666
3464.0,2.666
3465.0,2.666
3466.0,2.666
3467.0,2.666
3468.0,2.666
3469.0,2.666
3470.0,2.666
3471.0,2.666
3472.0,2.666
3473.0,2.666
3474.0,2.666
3475.0,2.666
3476.0,2.666
3477.0,2.666
3478.0,2.666
3479.0,2.666
3480.0,2.666
3481.0,2.666
3482.0,2.666
3483.0,2.666
3484.0,2.666
3485.0,2.666
3486.0,2.666
3487.0,2.666
3488.0,2.666
3489.0,2.666
3490.0,2.666
3491.0,2.666
3492.0,2.666
3493.0,2.666
3494.0,2.666
3495.0,2.6229999999999998
3496.0,2.666
3497.0,2.6229999999999998
3498.0,2.666
3499.0,2.6229999999999998
3500.0,2.666
3501.0,2.666
3502.0,2.666
3503.0,2.666
3504.0,2.666
3505.0,2.666
3506.0,2.666
3507.0,2.666
3508.0,2.666
3509.0,2.666
3510.0,2.666
3511.0,2.6229999999999998
3512.0,2.666
3513.0,2.666
3514.0,2.666
3515.0,2.6229999999999998
3516.0,2.666
3517.0,2.666
3518.0,2.666
3519.0,2.666
3520.0,2.666
3521.0,2.666
3522.0,2.666
3523.0,2.666
3524.0,2.6229999999999998
3525.0,2.6229999999999998
3526.0,2.666
3527.0,2.666
3528.0,2.666
3529.0,2.6229999999999998
3530.0,2.666
3531.0,2.666
3532.0,2.666
3533.0,2.666
3534.0,2.666
3535.0,2.666
3536.0,2.666
3537.0,2.666
3538.0,2.666
3539.0,2.666
3540.0,2.666
3541.0,2.666
3542.0,2.666
3543.0,2.666
3544.0,2.666
3545.0,2.666
3546.0,2.666
3547.0,2.666
3548.0,2.666
3549.0,2.666
3550.0,2.666
3551.0,2.666
3552.0,2.666
3553.0,2.666
3554.0,2.666
3555.0,2.666
3556.0,2.666
3557.0,2.6229999999999998
3558.0,2.666
3559.0,2.6229999999999998
3560.0,2.666
3561.0,2.666
3562.0,2.666
3563.0,2.6229999999999998
3564.0,2.666
3565.0,2.666
3566.0,2.666
3567.0,2.666
3568.0,2.666
3569.0,2.666
3570.0,2.666
3571.0,2.666
3572.0,2.666
3573.0,2.666
3574.0,2.666
3575.0,2.666
3576.0,2.666
3577.0,2.666
3578.0,2.666
3579.0,2.666
3580.0,2.666
3581.0,2.6229999999999998
3582.0,2.666
3583.0,2.666
3584.0,2.666
3585.0,2.6229999999999998
3586.0,2.666
3587.0,2.6229999999999998
3588.0,2.666
3589.0,2.666
3590.0,2.6229999999999998
3591.0,2.666
3592.0,2.666
3593.0,2.6229999999999998
3594.0,2.666
3595.0,2.666
3596.0,2.666
3597.0,2.6229999999999998
3598.0,2.666
3599.0,2.666
3600.0,2.666
3601.0,2.666
3602.0,2.666
3603.0,2.6229999999999998
3604.0,2.666
3605.0,2.666
3606.0,2.666
3607.0,2.6229999999999998
3608.0,2.666
3609.0,2.666
3610.0,2.666
3611.0,2.666
3612.0,2.666
3613.0,2.666
3614.0,2.666
3615.0,2.666
3616.0,2.666
3617.0,2.6229999999999998
3618.0,2.666
3619.0,2.666
3620.0,2.666
3621.0,2.666
3622.0,2.666
3623.0,2.666
3624.0,2.666
3625.0,2.6229999999999998
3626.0,2.666
3627.0,2.666
3628.0,2.666
3629.0,2.666
3630.0,2.666
3631.0,2.666
3632.0,2.666
3633.0,2.6229999999999998
3634.0,2.666
3635.0,2.666
3636.0,2.666
3637.0,2.6229999999999998
3638.0,2.6229999999999998
3639.0,2.666
3640.0,2.666
3641.0,2.666
3642.0,2.666
3643.0,2.666
3644.0,2.666
3645.0,2.666
3646.0,2.666
3647.0,2.666
3648.0,2.666
3649.0,2.666
3650.0,2.666
3651.0,2.6229999999999998
3652.0,2.666
3653.0,2.666
3654.0,2.666
3655.0,2.666
3656.0,2.666
3657.0,2.6229999999999998
3658.0,2.6229999999999998
3659.0,2.6229999999999998
3660.0,2.666
3661.0,2.666
3662.0,2.666
3663.0,2.666
3664.0,2.6229999999999998
3665.0,2.666
3666.0,2.666
3667.0,2.666
3668.0,2.666
3669.0,2.6229999999999998
3670.0,2.666
3671.0,2.6229999999999998
3672.0,2.6229999999999998
3673.0,2.6229999999999998
3674.0,2.6229999999999998
3675.0,2.6229999999999998
3676.0,2.666
3677.0,2.666
3678.0,2.666
3679.0,2.666
3680.0,2.666
3681.0,2.6229999999999998
3682.0,2.6229999999999998
3683.0,2.6229999999999998
3684.0,2.6229999999999998
3685.0,2.666
3686.0,2.666
3687.0,2.666
3688.0,2.666
3689.0,2.666
3690.0,2.666
3691.0,2.666
3692.0,2.666
3693.0,2.666
3694.0,2.6229999999999998
3695.0,2.666
3696.0,2.6229999999999998
3697.0,2.6229999999999998
3698.0,2.6229999999999998
3699.0,2.6229999999999998
3700.0,2.666
3701.0,2.6229999999999998
3702.0,2.666
3703.0,2.6229999999999998
3704.0,2.666
3705.0,2.6229999999999998
3706.0,2.6229999999999998
3707.0,2.666
3708.0,2.6229999999999998
3709.0,2.666
3710.0,2.666
3711.0,2.666
3712.0,2.666
3713.0,2.6229999999999998
3714.0,2.6229999999999998
3715.0,2.6229999999999998
3716.0,2.6229999999999998
3717.0,2.6229999999999998
3718.0,2.6229999999999998
3719.0,2.6229999999999998
3720.0,2.666
3721.0,2.666
3722.0,2.6229999999999998
3723.0,2.6229999999999998
3724.0,2.6229999999999998
3725.0,2.666
3726.0,2.666
3727.0,2.666
3728.0,2.666
3729.0,2.666
3730.0,2.666
3731.0,2.666
3732.0,2.6229999999999998
3733.0,2.666
3734.0,2.666
3735.0,2.666
3736.0,2.6229999999999998
3737.0,2.666
3738.0,2.666
3739.0,2.6229999999999998
3740.0,2.6229999999999998
3741.0,2.666
3742.0,2.666
3743.0,2.666
3744.0,2.666
3745.0,2.6229999999999998
3746.0,2.666
3747.0,2.666
3748.0,2.6229999999999998
3749.0,2.6229999999999998
3750.0,2.666
3751.0,2.666
3752.0,2.6229999999999998
3753.0,2.6229999999999998
3754.0,2.666
3755.0,2.6229999999999998
3756.0,2.6229999999999998
3757.0,2.6229999999999998
3758.0,2.666
3759.0,2.6229999999999998
3760.0,2.666
3761.0,2.6229999999999998
3762.0,2.666
3763.0,2.6229999999999998
3764.0,2.666
3765.0,2.6229999999999998
3766.0,2.666
3767.0,2.666
3768.0,2.666
3769.0,2.6229999999999998
3770.0,2.6229999999999998
3771.0,2.6229999999999998
3772.0,2.6229999999999998
3773.0,2.6229999999999998
3774.0,2.6229999999999998
3775.0,2.6229999999999998
3776.0,2.666
3777.0,2.6229999999999998
3778.0,2.666
3779.0,2.6229999999999998
3780.0,2.6229999999999998
3781.0,2.666
3782.0,2.666
3783.0,2.666
3784.0,2.6229999999999998
3785.0,2.6229999999999998
3786.0,2.666
3787.0,2.666
3788.0,2.666
3789.0,2.666
3790.0,2.666
3791.0,2.6229999999999998
3792.0,2.666
3793.0,2.6229999999999998
3794.0,2.6229999999999998
3795.0,2.6229999999999998
3796.0,2.666
3797.0,2.666
3798.0,2.666
3799.0,2.666
3800.0,2.6229999999999998
3801.0,2.6229999999999998
3802.0,2.6229999999999998
3803.0,2.666
3804.0,2.666
3805.0,2.6229999999999998
3806.0,2.666
3807.0,2.6229999999999998
3808.0,2.666
3809.0,2.6229999999999998
3810.0,2.666
3811.0,2.666
3812.0,2.6229999999999998
3813.0,2.666
3814.0,2.666
3815.0,2.666
3816.0,2.666
3817.0,2.666
3818.0,2.666
3819.0,2.6229999999999998
3820.0,2.666
3821.0,2.6229999999999998
3822.0,2.666
3823.0,2.6229999999999998
3824.0,2.6229999999999998
3825.0,2.6229999999999998
3826.0,2.666
3827.0,2.6229999999999998
3828.0,2.666
3829.0,2.6229999999999998
3830.0,2.6229999999999998
3831.0,2.666
3832.0,2.6229999999999998
3833.0,2.6229999999999998
3834.0,2.666
3835.0,2.666
3836.0,2.666
3837.0,2.6229999999999998
3838.0,2.6229999999999998
3839.0,2.6229999999999998
3840.0,2.6229999999999998
3841.0,2.6229999999999998
3842.0,2.6229999999999998
3843.0,2.6229999999999998
3844.0,2.6229999999999998
3845.0,2.6229999999999998
3846.0,2.6229999999999998
3847.0,2.6229999999999998
3848.0,2.6229999999999998
3849.0,2.6229999999999998
3850.0,2.6229999999999998
3851.0,2.6229999999999998
3852.0,2.666
3853.0,2.6229999999999998
3854.0,2.6229999999999998
3855.0,2.666
3856.0,2.6229999999999998
3857.0,2.666
3858.0,2.6229999999999998
3859.0,2.6229999999999998
3860.0,2.6229999999999998
3861.0,2.666
3862.0,2.666
3863.0,2.6229999999999998
3864.0,2.6229999999999998
3865.0,2.6229999999999998
3866.0,2.6229999999999998
3867.0,2.666
3868.0,2.6229999999999998
3869.0,2.6229999999999998
3870.0,2.6229999999999998
3871.0,2.6229999999999998
3872.0,2.6229999999999998
3873.0,2.666
3874.0,2.6229999999999998
3875.0,2.6229999999999998
3876.0,2.6229999999999998
3877.0,2.6229999999999998
3878.0,2.666
3879.0,2.666
3880.0,2.6229999999999998
3881.0,2.6229999999999998
3882.0,2.6229999999999998
3883.0,2.6229999999999998
3884.0,2.6229999999999998
3885.0,2.666
3886.0,2.6229999999999998
3887.0,2.6229999999999998
3888.0,2.666
3889.0,2.6229999999999998
3890.0,2.6229999999999998
3891.0,2.6229999999999998
3892.0,2.6229999999999998
3893.0,2.6229999999999998
3894.0,2.6229999999999998
3895.0,2.6229999999999998
3896.0,2.666
3897.0,2.666
3898.0,2.6229999999999998
3899.0,2.6229999999999998
3900.0,2.6229999999999998
3901.0,2.6229999999999998
3902.0,2.6229999999999998
3903.0,2.6229999999999998
3904.0,2.6229999999999998
3905.0,2.6229999999999998
3906.0,2.6229999999999998
3907.0,2.6229999999999998
3908.0,2.6229999999999998
3909.0,2.6229999999999998
3910.0,2.666
3911.0,2.6229999999999998
3912.0,2.6229999999999998
3913.0,2.6229999999999998
3914.0,2.666
3915.0,2.6229999999999998
3916.0,2.666
3917.0,2.6229999999999998
3918.0,2.6229999999999998
3919.0,2.6229999999999998
3920.0,2.6229999999999998
3921.0,2.6229999999999998
3922.0,2.6229999999999998
3923.0,2.6229999999999998
3924.0,2.6229999999999998
3925.0,2.6229999999999998
3926.0,2.6229999999999998
3927.0,2.6229999999999998
3928.0,2.666
3929.0,2.6229999999999998
3930.0,2.6229999999999998
3931.0,2.6229999999999998
3932.0,2.6229999999999998
3933.0,2.6229999999999998
3934.0,2.6229999999999998
3935.0,2.6229999999999998
3936.0,2.6229999999999998
3937.0,2.6229999999999998
3938.0,2.6229999999999998
3939.0,2.6229999999999998
3940.0,2.666
3941.0,2.6229999999999998
3942.0,2.6229999999999998
3943.0,2.6229999999999998
3944.0,2.6229999999999998
3945.0,2.6229999999999998
3946.0,2.666
3947.0,2.666
3948.0,2.6229999999999998
3949.0,2.6229999999999998
3950.0,2.6229999999999998
3951.0,2.6229999999999998
3952.0,2.6229999999999998
3953.0,2.6229999999999998
3954.0,2.6229999999999998
3955.0,2.666
3956.0,2.6229999999999998
3957.0,2.6229999999999998
3958.0,2.6229999999999998
3959.0,2.666
3960.0,2.6229999999999998
3961.0,2.6229999999999998
3962.0,2.666
3963.0,2.6229999999999998
3964.0,2.6229999999999998
3965.0,2.666
3966.0,2.6229999999999998
3967.0,2.6229999999999998
3968.0,2.6229999999999998
3969.0,2.6229999999999998
3970.0,2.6229999999999998
3971.0,2.6229999999999998
3972.0,2.6229999999999998
3973.0,2.6229999999999998
3974.0,2.6229999999999998
3975.0,2.6229999999999998
3976.0,2.6229999999999998
3977.0,2.6229999999999998
3978.0,2.6229999999999998
3979.0,2.6229999999999998
3980.0,2.6229999999999998
3981.0,2.6229999999999998
3982.0,2.6229999999999998
3983.0,2.6229999999999998
3984.0,2.6229999999999998
3985.0,2.6229999999999998
3986.0,2.666
3987.0,2.6229999999999998
3988.0,2.666
3989.0,2.6229999999999998
3990.0,2.666
3991.0,2.6229999999999998
3992.0,2.6229999999999998
3993.0,2.666
3994.0,2.666
3995.0,2.666
3996.0,2.666
3997.0,2.6229999999999998
3998.0,2.6229999999999998
3999.0,2.6229999999999998
4000.0,2.666
4001.0,2.6229999999999998
4002.0,2.6229999999999998
4003.0,2.6229999999999998
4004.0,2.6229999999999998
4005.0,2.6229999999999998
4006.0,2.6229999999999998
4007.0,2.6229999999999998
4008.0,2.666
4009.0,2.6229999999999998
4010.0,2.6229999999999998
4011.0,2.6229999999999998
4012.0,2.666
4013.0,2.6229999999999998
4014.0,2.6229999999999998
4015.0,2.6229999999999998
4016.0,2.6229999999999998
4017.0,2.6229999999999998
4018.0,2.6229999999999998
4019.0,2.6229999999999998
4020.0,2.6229999999999998
4021.0,2.666
4022.0,2.6229999999999998
4023.0,2.6229999999999998
4024.0,2.6229999999999998
4025.0,2.6229999999999998
4026.0,2.666
4027.0,2.6229999999999998
4028.0,2.6229999999999998
4029.0,2.6229999999999998
4030.0,2.6229999999999998
4031.0,2.666
4032.0,2.6229999999999998
4033.0,2.6229999999999998
4034.0,2.6229999999999998
4035.0,2.6229999999999998
4036.0,2.666
4037.0,2.6229999999999998
4038.0,2.6229999999999998
4039.0,2.6229999999999998
4040.0,2.6229999999999998
4041.0,2.6229999999999998
4042.0,2.6229999999999998
4043.0,2.6229999999999998
4044.0,2.6229999999999998
4045.0,2.6229999999999998
4046.0,2.6229999999999998
4047.0,2.6229999999999998
4048.0,2.6229999999999998
4049.0,2.6229999999999998
4050.0,2.6229999999999998
4051.0,2.6229999999999998
4052.0,2.6229999999999998
4053.0,2.6229999999999998
4054.0,2.6229999999999998
4055.0,2.6229999999999998
4056.0,2.6229999999999998
4057.0,2.6229999999999998
4058.0,2.6229999999999998
4059.0,2.6229999999999998
4060.0,2.6229999999999998
4061.0,2.666
4062.0,2.6229999999999998
4063.0,2.6229999999999998
4064.0,2.6229999999999998
4065.0,2.6229999999999998
4066.0,2.6229999999999998
4067.0,2.6229999999999998
4068.0,2.6229999999999998
4069.0,2.666
4070.0,2.6229999999999998
4071.0,2.6229999999999998
4072.0,2.6229999999999998
4073.0,2.6229999999999998
4074.0,2.6229999999999998
4075.0,2.6229999999999998
4076.0,2.6229999999999998
4077.0,2.6229999999999998
4078.0,2.6229999999999998
4079.0,2.6229999999999998
4080.0,2.666
4081.0,2.6229999999999998
4082.0,2.6229999999999998
4083.0,2.6229999999999998
4084.0,2.6229999999999998
4085.0,2.6229999999999998
4086.0,2.666
4087.0,2.6229999999999998
4088.0,2.6229999999999998
4089.0,2.6229999999999998
4090.0,2.6229999999999998
4091.0,2.6229999999999998
4092.0,2.6229999999999998
4093.0,2.6229999999999998
4094.0,2.6229999999999998
4095.0,2.6229999999999998
4096.0,2.6229999999999998
4097.0,2.6229999999999998
4098.0,2.6229999999999998
4099.0,2.6229999999999998
4100.0,2.6229999999999998
4101.0,2.6229999999999998
4102.0,2.6229999999999998
4103.0,2.6229999999999998
4104.0,2.6229999999999998
4105.0,2.666
4106.0,2.6229999999999998
4107.0,2.6229999999999998
4108.0,2.6229999999999998
4109.0,2.6229999999999998
4110.0,2.6229999999999998
4111.0,2.6229999999999998
4112.0,2.6229999999999998
4113.0,2.6229999999999998
4114.0,2.6229999999999998
4115.0,2.6229999999999998
4116.0,2.6229999999999998
4117.0,2.6229999999999998
4118.0,2.6229999999999998
4119.0,2.6229999999999998
4120.0,2.666
4121.0,2.6229999999999998
4122.0,2.6229999999999998
4123.0,2.6229999999999998
4124.0,2.6229999999999998
4125.0,2.6229999999999998
4126.0,2.6229999999999998
4127.0,2.6229999999999998
4128.0,2.6229999999999998
4129.0,2.5799999999999996
4130.0,2.666
4131.0,2.6229999999999998
4132.0,2.6229999999999998
4133.0,2.6229999999999998
4134.0,2.6229999999999998
4135.0,2.6229999999999998
4136.0,2.6229999999999998
4137.0,2.6229999999999998
4138.0,2.6229999999999998
4139.0,2.6229999999999998
4140.0,2.5799999999999996
4141.0,2.6229999999999998
4142.0,2.6229999999999998
4143.0,2.6229999999999998
4144.0,2.6229999999999998
4145.0,2.6229999999999998
4146.0,2.6229999999999998
4147.0,2.6229999999999998
4148.0,2.6229999999999998
4149.0,2.6229999999999998
4150.0,2.6229999999999998
4151.0,2.6229999999999998
4152.0,2.666
4153.0,2.6229999999999998
4154.0,2.6229999999999998
4155.0,2.6229999999999998
4156.0,2.6229999999999998
4157.0,2.6229999999999998
4158.0,2.6229999999999998
4159.0,2.6229999999999998
4160.0,2.6229999999999998
4161.0,2.6229999999999998
4162.0,2.6229999999999998
4163.0,2.6229999999999998
4164.0,2.6229999999999998
4165.0,2.5799999999999996
4166.0,2.6229999999999998
4167.0,2.6229999999999998
4168.0,2.6229999999999998
4169.0,2.6229999999999998
4170.0,2.666
4171.0,2.6229999999999998
4172.0,2.6229999999999998
4173.0,2.6229999999999998
4174.0,2.5799999999999996
4175.0,2.6229999999999998
4176.0,2.6229999999999998
4177.0,2.6229999999999998
4178.0,2.6229999999999998
4179.0,2.6229999999999998
4180.0,2.6229999999999998
4181.0,2.6229999999999998
4182.0,2.6229999999999998
4183.0,2.6229999999999998
4184.0,2.6229999999999998
4185.0,2.6229999999999998
4186.0,2.6229999999999998
4187.0,2.6229999999999998
4188.0,2.6229999999999998
4189.0,2.6229999999999998
4190.0,2.6229999999999998
4191.0,2.6229999999999998
4192.0,2.6229999999999998
4193.0,2.6229999999999998
4194.0,2.6229999999999998
4195.0,2.6229999999999998
4196.0,2.6229999999999998
4197.0,2.6229999999999998
4198.0,2.6229999999999998
4199.0,2.6229999999999998
4200.0,2.6229999999999998
4201.0,2.6229999999999998
4202.0,2.6229999999999998
4203.0,2.6229999999999998
4204.0,2.6229999999999998
4205.0,2.6229999999999998
4206.0,2.6229999999999998
4207.0,2.6229999999999998
4208.0,2.6229999999999998
4209.0,2.5799999999999996
4210.0,2.6229999999999998
4211.0,2.6229999999999998
4212.0,2.6229999999999998
4213.0,2.6229999999999998
4214.0,2.6229999999999998
4215.0,2.6229999999999998
4216.0,2.6229999999999998
4217.0,2.6229999999999998
4218.0,2.6229999999999998
4219.0,2.6229999999999998
4220.0,2.6229999999999998
4221.0,2.6229999999999998
4222.0,2.6229999999999998
4223.0,2.6229999999999998
4224.0,2.6229999999999998
4225.0,2.6229999999999998
4226.0,2.6229999999999998
4227.0,2.6229999999999998
4228.0,2.5799999999999996
4229.0,2.6229999999999998
4230.0,2.6229999999999998
4231.0,2.6229999999999998
4232.0,2.6229999999999998
4233.0,2.6229999999999998
4234.0,2.6229999999999998
4235.0,2.6229999999999998
4236.0,2.6229999999999998
4237.0,2.6229999999999998
4238.0,2.5799999999999996
4239.0,2.6229999999999998
4240.0,2.5799999999999996
4241.0,2.6229999999999998
4242.0,2.6229999999999998
4243.0,2.6229999999999998
4244.0,2.6229999999999998
4245.0,2.6229999999999998
4246.0,2.6229999999999998
4247.0,2.6229999999999998
4248.0,2.6229999999999998
4249.0,2.6229999999999998
4250.0,2.6229999999999998
4251.0,2.6229999999999998
4252.0,2.6229999999999998
4253.0,2.6229999999999998
4254.0,2.666
4255.0,2.6229999999999998
4256.0,2.6229999999999998
4257.0,2.6229999999999998
4258.0,2.6229999999999998
4259.0,2.6229999999999998
4260.0,2.6229999999999998
4261.0,2.6229999999999998
4262.0,2.6229999999999998
4263.0,2.6229999999999998
4264.0,2.6229999999999998
4265.0,2.6229999999999998
4266.0,2.6229999999999998
4267.0,2.6229999999999998
4268.0,2.6229999999999998
4269.0,2.6229999999999998
4270.0,2.6229999999999998
4271.0,2.6229999999999998
4272.0,2.6229999999999998
4273.0,2.6229999999999998
4274.0,2.6229999999999998
4275.0,2.6229999999999998
4276.0,2.6229999999999998
4277.0,2.6229999999999998
4278.0,2.6229999999999998
4279.0,2.6229999999999998
4280.0,2.6229999999999998
4281.0,2.6229999999999998
4282.0,2.6229999999999998
4283.0,2.6229999999999998
4284.0,2.6229999999999998
4285.0,2.5799999999999996
4286.0,2.6229999999999998
4287.0,2.6229999999999998
4288.0,2.6229999999999998
4289.0,2.5799999999999996
4290.0,2.666
4291.0,2.5799999999999996
4292.0,2.6229999999999998
4293.0,2.6229999999999998
4294.0,2.6229999999999998
4295.0,2.5799999999999996
4296.0,2.6229999999999998
4297.0,2.6229999999999998
4298.0,2.6229999999999998
4299.0,2.6229999999999998
4300.0,2.6229999999999998
4301.0,2.5799999999999996
4302.0,2.6229999999999998
4303.0,2.6229999999999998
4304.0,2.6229999999999998
4305.0,2.6229999999999998
4306.0,2.6229999999999998
4307.0,2.6229999999999998
4308.0,2.6229999999999998
4309.0,2.6229999999999998
4310.0,2.6229999999999998
4311.0,2.6229999999999998
4312.0,2.6229999999999998
4313.0,2.5799999999999996
4314.0,2.6229999999999998
4315.0,2.6229999999999998
4316.0,2.6229999999999998
4317.0,2.6229999999999998
4318.0,2.6229999999999998
4319.0,2.6229999999999998
4320.0,2.6229999999999998
4321.0,2.6229999999999998
4322.0,2.6229999999999998
4323.0,2.6229999999999998
4324.0,2.5799999999999996
4325.0,2.6229999999999998
4326.0,2.6229999999999998
4327.0,2.6229999999999998
4328.0,2.6229999999999998
4329.0,2.6229999999999998
4330.0,2.6229999999999998
4331.0,2.6229999999999998
4332.0,2.6229999999999998
4333.0,2.5799999999999996
4334.0,2.6229999999999998
4335.0,2.6229999999999998
4336.0,2.5799999999999996
4337.0,2.6229999999999998
4338.0,2.6229999999999998
4339.0,2.6229999999999998
4340.0,2.6229999999999998
4341.0,2.6229999999999998
4342.0,2.6229999999999998
4343.0,2.6229999999999998
4344.0,2.6229999999999998
4345.0,2.5799999999999996
4346.0,2.6229999999999998
4347.0,2.6229999999999998
4348.0,2.6229999999999998
4349.0,2.5799999999999996
4350.0,2.5799999999999996
4351.0,2.6229999999999998
4352.0,2.5799999999999996
4353.0,2.6229999999999998
4354.0,2.6229999999999998
4355.0,2.6229999999999998
4356.0,2.5799999999999996
4357.0,2.5799999999999996
4358.0,2.6229999999999998
4359.0,2.6229999999999998
4360.0,2.6229999999999998
4361.0,2.6229999999999998
4362.0,2.6229999999999998
4363.0,2.6229999999999998
4364.0,2.6229999999999998
4365.0,2.6229999999999998
4366.0,2.6229999999999998
4367.0,2.6229999999999998
4368.0,2.6229999999999998
4369.0,2.5799999999999996
4370.0,2.6229999999999998
4371.0,2.6229999999999998
4372.0,2.5799999999999996
4373.0,2.6229999999999998
4374.0,2.6229999999999998
4375.0,2.5799999999999996
4376.0,2.6229999999999998
4377.0,2.6229999999999998
4378.0,2.6229999999999998
4379.0,2.6229999999999998
4380.0,2.6229999999999998
4381.0,2.6229999999999998
4382.0,2.5799999999999996
4383.0,2.6229999999999998
4384.0,2.6229999999999998
4385.0,2.6229999999999998
4386.0,2.6229999999999998
4387.0,2.5799999999999996
4388.0,2.6229999999999998
4389.0,2.6229999999999998
4390.0,2.6229999999999998
4391.0,2.5799999999999996
4392.0,2.6229999999999998
4393.0,2.6229999999999998
4394.0,2.6229999999999998
4395.0,2.6229999999999998
4396.0,2.6229999999999998
4397.0,2.5799999999999996
4398.0,2.5799999999999996
4399.0,2.5799999999999996
4400.0,2.6229999999999998
4401.0,2.6229999999999998
4402.0,2.6229999999999998
4403.0,2.6229999999999998
4404.0,2.6229999999999998
4405.0,2.5799999999999996
4406.0,2.6229999999999998
4407.0,2.5799999999999996
4408.0,2.5799999999999996
4409.0,2.5799999999999996
4410.0,2.6229999999999998
4411.0,2.6229999999999998
4412.0,2.6229999999999998
4413.0,2.6229999999999998
4414.0,2.6229999999999998
4415.0,2.6229999999999998
4416.0,2.6229999999999998
4417.0,2.6229999999999998
4418.0,2.5799999999999996
4419.0,2.6229999999999998
4420.0,2.6229999999999998
4421.0,2.6229999999999998
4422.0,2.6229999999999998
4423.0,2.6229999999999998
4424.0,2.5799999999999996
4425.0,2.6229999999999998
4426.0,2.5799999999999996
4427.0,2.5799999999999996
4428.0,2.5799999999999996
4429.0,2.6229999999999998
4430.0,2.5799999999999996
4431.0,2.6229999999999998
4432.0,2.6229999999999998
4433.0,2.5799999999999996
4434.0,2.6229999999999998
4435.0,2.6229999999999998
4436.0,2.6229999999999998
4437.0,2.6229999999999998
4438.0,2.5799999999999996
4439.0,2.5799999999999996
4440.0,2.5799999999999996
4441.0,2.6229999999999998
4442.0,2.6229999999999998
4443.0,2.6229999999999998
4444.0,2.6229999999999998
4445.0,2.6229999999999998
4446.0,2.6229999999999998
4447.0,2.6229999999999998
4448.0,2.6229999999999998
4449.0,2.6229999999999998
4450.0,2.6229999999999998
4451.0,2.5799999999999996
4452.0,2.6229999999999998
4453.0,2.6229999999999998
4454.0,2.6229999999999998
4455.0,2.6229999999999998
4456.0,2.5799999999999996
4457.0,2.6229999999999998
4458.0,2.6229999999999998
4459.0,2.6229999999999998
4460.0,2.5799999999999996
4461.0,2.6229999999999998
4462.0,2.6229999999999998
4463.0,2.6229999999999998
4464.0,2.6229999999999998
4465.0,2.5799999999999996
4466.0,2.6229999999999998
4467.0,2.6229999999999998
4468.0,2.6229999999999998
4469.0,2.6229999999999998
4470.0,2.5799999999999996
4471.0,2.6229999999999998
4472.0,2.6229999999999998
4473.0,2.6229999999999998
4474.0,2.6229999999999998
4475.0,2.5799999999999996
4476.0,2.6229999999999998
4477.0,2.6229999999999998
4478.0,2.6229999999999998
4479.0,2.6229999999999998
4480.0,2.6229999999999998
4481.0,2.5799999999999996
4482.0,2.6229999999999998
4483.0,2.5799999999999996
4484.0,2.6229999999999998
4485.0,2.6229999999999998
4486.0,2.6229999999999998
4487.0,2.6229999999999998
4488.0,2.5799999999999996
4489.0,2.6229999999999998
4490.0,2.5799999999999996
4491.0,2.5799999999999996
4492.0,2.5799999999999996
4493.0,2.5799999999999996
4494.0,2.6229999999999998
4495.0,2.6229999999999998
4496.0,2.6229999999999998
4497.0,2.6229999999999998
4498.0,2.6229999999999998
4499.0,2.6229999999999998
4500.0,2.6229999999999998
4501.0,2.6229999999999998
4502.0,2.6229999999999998
4503.0,2.6229999999999998
4504.0,2.6229999999999998
4505.0,2.6229999999999998
4506.0,2.6229999999999998
4507.0,2.6229999999999998
4508.0,2.6229999999999998
4509.0,2.5799999999999996
4510.0,2.6229999999999998
4511.0,2.6229999999999998
4512.0,2.6229999999999998
4513.0,2.6229999999999998
4514.0,2.6229999999999998
4515.0,2.6229999999999998
4516.0,2.5799999999999996
4517.0,2.5799999999999996
4518.0,2.6229999999999998
4519.0,2.6229999999999998
4520.0,2.6229999999999998
4521.0,2.6229999999999998
4522.0,2.6229999999999998
4523.0,2.5799999999999996
4524.0,2.5799999999999996
4525.0,2.6229999999999998
4526.0,2.5799999999999996
4527.0,2.5799999999999996
4528.0,2.5799999999999996
4529.0,2.6229999999999998
4530.0,2.5799999999999996
4531.0,2.6229999999999998
4532.0,2.6229999999999998
4533.0,2.6229999999999998
4534.0,2.5799999999999996
4535.0,2.6229999999999998
4536.0,2.6229999999999998
4537.0,2.6229999999999998
4538.0,2.6229999999999998
4539.0,2.6229999999999998
4540.0,2.5799999999999996
4541.0,2.5799999999999996
4542.0,2.6229999999999998
4543.0,2.5799999999999996
4544.0,2.6229999999999998
4545.0,2.6229999999999998
4546.0,2.6229999999999998
4547.0,2.6229999999999998
4548.0,2.6229999999999998
4549.0,2.6229999999999998
4550.0,2.5799999999999996
4551.0,2.6229999999999998
4552.0,2.5799999999999996
4553.0,2.6229999999999998
4554.0,2.6229999999999998
4555.0,2.5799999999999996
4556.0,2.6229999999999998
4557.0,2.6229999999999998
4558.0,2.6229999999999998
4559.0,2.5799999999999996
4560.0,2.6229999999999998
4561.0,2.6229999999999998
4562.0,2.6229999999999998
4563.0,2.5799999999999996
4564.0,2.6229999999999998
4565.0,2.5799999999999996
4566.0,2.6229999999999998
4567.0,2.6229999999999998
4568.0,2.5799999999999996
4569.0,2.6229999999999998
4570.0,2.5799999999999996
4571.0,2.6229999999999998
4572.0,2.6229999999999998
4573.0,2.6229999999999998
4574.0,2.6229999999999998
4575.0,2.5799999999999996
4576.0,2.6229999999999998
4577.0,2.5799999999999996
4578.0,2.6229999999999998
4579.0,2.6229999999999998
4580.0,2.5799999999999996
4581.0,2.5799999999999996
4582.0,2.5799999999999996
4583.0,2.5799999999999996
4584.0,2.5799999999999996
4585.0,2.5799999999999996
4586.0,2.6229999999999998
4587.0,2.5799999999999996
4588.0,2.6229999999999998
4589.0,2.5799999999999996
4590.0,2.5799999999999996
4591.0,2.5799999999999996
4592.0,2.5799999999999996
4593.0,2.5799999999999996
4594.0,2.6229999999999998
4595.0,2.6229999999999998
4596.0,2.5799999999999996
4597.0,2.5799999999999996
4598.0,2.6229999999999998
4599.0,2.5799999999999996
4600.0,2.5799999999999996
4601.0,2.6229999999999998
4602.0,2.6229999999999998
4603.0,2.6229999999999998
4604.0,2.6229999999999998
4605.0,2.5799999999999996
4606.0,2.6229999999999998
4607.0,2.5799999999999996
4608.0,2.6229999999999998
4609.0,2.5799999999999996
4610.0,2.6229999999999998
4611.0,2.6229999999999998
4612.0,2.6229999999999998
4613.0,2.6229999999999998
4614.0,2.6229999999999998
4615.0,2.6229999999999998
4616.0,2.6229999999999998
4617.0,2.6229999999999998
4618.0,2.5799999999999996
4619.0,2.5799999999999996
4620.0,2.6229999999999998
4621.0,2.5799999999999996
4622.0,2.5799999999999996
4623.0,2.5799999999999996
4624.0,2.5799999999999996
4625.0,2.5799999999999996
4626.0,2.5799999999999996
4627.0,2.6229999999999998
4628.0,2.5799999999999996
4629.0,2.6229999999999998
4630.0,2.5799999999999996
4631.0,2.5799999999999996
4632.0,2.6229999999999998
4633.0,2.5799999999999996
4634.0,2.6229999999999998
4635.0,2.6229999999999998
4636.0,2.6229999999999998
4637.0,2.6229999999999998
4638.0,2.5799999999999996
4639.0,2.6229999999999998
4640.0,2.5799999999999996
4641.0,2.5799999999999996
4642.0,2.5799999999999996
4643.0,2.6229999999999998
4644.0,2.5799999999999996
4645.0,2.5799999999999996
4646.0,2.6229999999999998
4647.0,2.5799999999999996
4648.0,2.5799999999999996
4649.0,2.5799999999999996
4650.0,2.6229999999999998
4651.0,2.5799999999999996
4652.0,2.6229999999999998
4653.0,2.5799999999999996
4654.0,2.5799999999999996
4655.0,2.6229999999999998
4656.0,2.6229999999999998
4657.0,2.5799999999999996
4658.0,2.5799999999999996
4659.0,2.5799999999999996
4660.0,2.6229999999999998
4661.0,2.5799999999999996
4662.0,2.5799999999999996
4663.0,2.5799999999999996
4664.0,2.5799999999999996
4665.0,2.6229999999999998
4666.0,2.6229999999999998
4667.0,2.5799999999999996
4668.0,2.6229999999999998
4669.0,2.5799999999999996
4670.0,2.5799999999999996
4671.0,2.5799999999999996
4672.0,2.5799999999999996
4673.0,2.5799999999999996
4674.0,2.5799999999999996
4675.0,2.5799999999999996
4676.0,2.5799999999999996
4677.0,2.6229999999999998
4678.0,2.5799999999999996
4679.0,2.6229999999999998
4680.0,2.5799999999999996
4681.0,2.5799999999999996
4682.0,2.6229999999999998
4683.0,2.6229999999999998
4684.0,2.6229999999999998
4685.0,2.6229999999999998
4686.0,2.6229999999999998
4687.0,2.6229999999999998
4688.0,2.5799999999999996
4689.0,2.5799999999999996
4690.0,2.5799999999999996
4691.0,2.5799999999999996
4692.0,2.5799999999999996
4693.0,2.5799999999999996
4694.0,2.5799999999999996
4695.0,2.6229999999999998
4696.0,2.5799999999999996
4697.0,2.6229999999999998
4698.0,2.5799999999999996
4699.0,2.5799999999999996
4700.0,2.6229999999999998
4701.0,2.5799999999999996
4702.0,2.6229999999999998
4703.0,2.5799999999999996
4704.0,2.5799999999999996
4705.0,2.5799999999999996
4706.0,2.5799999999999996
4707.0,2.5799999999999996
4708.0,2.6229999999999998
4709.0,2.5799999999999996
4710.0,2.5799999999999996
4711.0,2.6229999999999998
4712.0,2.5799999999999996
4713.0,2.5799999999999996
4714.0,2.6229999999999998
4715.0,2.5799999999999996
4716.0,2.5799999999999996
4717.0,2.5799999999999996
4718.0,2.5799999999999996
4719.0,2.6229999999999998
4720.0,2.6229999999999998
4721.0,2.5799999999999996
4722.0,2.5799999999999996
4723.0,2.5799999999999996
4724.0,2.5799999999999996
4725.0,2.5799999999999996
4726.0,2.5799999999999996
4727.0,2.5799999999999996
4728.0,2.5799999999999996
4729.0,2.5799999999999996
4730.0,2.6229999999999998
4731.0,2.6229999999999998
4732.0,2.6229999999999998
4733.0,2.5799999999999996
4734.0,2.6229999999999998
4735.0,2.6229999999999998
4736.0,2.5799999999999996
4737.0,2.5799999999999996
4738.0,2.6229999999999998
4739.0,2.5799999999999996
4740.0,2.5799999999999996
4741.0,2.5799999999999996
4742.0,2.6229999999999998
4743.0,2.5799999999999996
4744.0,2.6229999999999998
4745.0,2.5799999999999996
4746.0,2.5799999999999996
4747.0,2.5799999999999996
4748.0,2.5799999999999996
4749.0,2.5799999999999996
4750.0,2.5799999999999996
4751.0,2.5799999999999996
4752.0,2.6229999999999998
4753.0,2.5799999999999996
4754.0,2.5799999999999996
4755.0,2.6229999999999998
4756.0,2.6229999999999998
4757.0,2.6229999999999998
4758.0,2.6229999999999998
4759.0,2.6229999999999998
4760.0,2.5799999999999996
4761.0,2.5799999999999996
4762.0,2.6229999999999998
4763.0,2.5799999999999996
4764.0,2.5799999999999996
4765.0,2.5799999999999996
4766.0,2.5799999999999996
4767.0,2.5799999999999996
4768.0,2.6229999999999998
4769.0,2.5799999999999996
4770.0,2.6229999999999998
4771.0,2.5799999999999996
4772.0,2.5799999999999996
4773.0,2.5799999999999996
4774.0,2.5799999999999996
4775.0,2.5799999999999996
4776.0,2.5799999999999996
4777.0,2.5799999999999996
4778.0,2.5799999999999996
4779.0,2.5799999999999996
4780.0,2.5799999999999996
4781.0,2.5799999999999996
4782.0,2.6229999999999998
4783.0,2.5799999999999996
4784.0,2.5799999999999996
4785.0,2.5799999999999996
4786.0,2.5799999999999996
4787.0,2.5799999999999996
4788.0,2.5799999999999996
4789.0,2.5799999999999996
4790.0,2.5799999999999996
4791.0,2.5799999999999996
4792.0,2.5799999999999996
4793.0,2.6229999999999998
4794.0,2.6229999999999998
4795.0,2.6229999999999998
4796.0,2.5799999999999996
4797.0,2.5799999999999996
4798.0,2.5799999999999996
4799.0,2.5799999999999996
4800.0,2.5799999999999996
4801.0,2.5799999999999996
4802.0,2.5799999999999996
4803.0,2.5799999999999996
4804.0,2.6229999999999998
4805.0,2.5799999999999996
4806.0,2.6229999999999998
4807.0,2.5799999999999996
4808.0,2.6229999999999998
4809.0,2.5799999999999996
4810.0,2.6229999999999998
4811.0,2.5799999999999996
4812.0,2.6229999999999998
4813.0,2.5799999999999996
4814.0,2.5799999999999996
4815.0,2.5799999999999996
4816.0,2.5799999999999996
4817.0,2.5799999999999996
4818.0,2.6229999999999998
4819.0,2.5799999999999996
4820.0,2.5799999999999996
4821.0,2.5799999999999996
4822.0,2.6229999999999998
4823.0,2.5799999999999996
4824.0,2.5799999999999996
4825.0,2.6229999999999998
4826.0,2.6229999999999998
4827.0,2.5799999999999996
4828.0,2.5799999999999996
4829.0,2.5799999999999996
4830.0,2.5799999999999996
4831.0,2.5799999999999996
4832.0,2.5799999999999996
4833.0,2.5799999999999996
4834.0,2.5799999999999996
4835.0,2.6229999999999998
4836.0,2.5799999999999996
4837.0,2.5799999999999996
4838.0,2.6229999999999998
4839.0,2.5799999999999996
4840.0,2.5799999999999996
4841.0,2.5799999999999996
4842.0,2.5799999999999996
4843.0,2.5799999999999996
4844.0,2.5799999999999996
4845.0,2.5799999999999996
4846.0,2.5799999999999996
4847.0,2.5799999999999996
4848.0,2.6229999999999998
4849.0,2.5799999999999996
4850.0,2.5799999999999996
4851.0,2.5799999999999996
4852.0,2.5799999999999996
4853.0,2.5799999999999996
4854.0,2.6229999999999998
4855.0,2.5799999999999996
4856.0,2.5799999999999996
4857.0,2.5799999999999996
4858.0,2.5799999999999996
4859.0,2.5799999999999996
4860.0,2.5799999999999996
4861.0,2.5799999999999996
4862.0,2.6229999999999998
4863.0,2.5799999999999996
4864.0,2.5799999999999996
4865.0,2.5799999999999996
4866.0,2.5799999999999996
4867.0,2.5799999999999996
4868.0,2.5799999999999996
4869.0,2.5799999999999996
4870.0,2.5799999999999996
4871.0,2.6229999999999998
4872.0,2.5799999999999996
4873.0,2.5799999999999996
4874.0,2.5799999999999996
4875.0,2.5799999999999996
4876.0,2.6229999999999998
4877.0,2.5799999999999996
4878.0,2.5799999999999996
4879.0,2.5799999999999996
4880.0,2.5799999999999996
4881.0,2.5799999999999996
4882.0,2.5799999999999996
4883.0,2.5799999999999996
4884.0,2.5799999999999996
4885.0,2.5799999999999996
4886.0,2.5799999999999996
4887.0,2.5799999999999996
4888.0,2.5799999999999996
4889.0,2.5799999999999996
4890.0,2.5799999999999996
4891.0,2.5799999999999996
4892.0,2.6229999999999998
4893.0,2.5799999999999996
4894.0,2.5799999999999996
4895.0,2.5799999999999996
4896.0,2.5799999999999996
4897.0,2.5799999999999996
4898.0,2.6229999999999998
4899.0,2.5799999999999996
4900.0,2.5799999999999996
4901.0,2.5799999999999996
4902.0,2.6229999999999998
4903.0,2.6229999999999998
4904.0,2.5799999999999996
4905.0,2.5799999999999996
4906.0,2.5799999999999996
4907.0,2.5799999999999996
4908.0,2.5799999999999996
4909.0,2.5799999999999996
4910.0,2.5799999999999996
4911.0,2.5799999999999996
4912.0,2.6229999999999998
4913.0,2.6229999999999998
4914.0,2.5799999999999996
4915.0,2.5799999999999996
4916.0,2.6229999999999998
4917.0,2.5799999999999996
4918.0,2.5799999999999996
4919.0,2.5799999999999996
4920.0,2.6229999999999998
4921.0,2.5799999999999996
4922.0,2.6229999999999998
4923.0,2.5799999999999996
4924.0,2.5799999999999996
4925.0,2.5799999999999996
4926.0,2.5799999999999996
4927.0,2.5799999999999996
4928.0,2.5799999999999996
4929.0,2.5799999999999996
4930.0,2.5799999999999996
4931.0,2.5799999999999996
4932.0,2.5799999999999996
4933.0,2.5799999999999996
4934.0,2.5799999999999996
4935.0,2.5799999999999996
4936.0,2.5799999999999996
4937.0,2.5799999999999996
4938.0,2.5799999999999996
4939.0,2.5799999999999996
4940.0,2.5799999999999996
4941.0,2.5799999999999996
4942.0,2.5799999999999996
4943.0,2.5799999999999996
4944.0,2.5799999999999996
4945.0,2.5799999999999996
4946.0,2.6229999999999998
4947.0,2.5799999999999996
4948.0,2.5799999999999996
4949.0,2.5799999999999996
4950.0,2.5799999999999996
4951.0,2.5799999999999996
4952.0,2.6229999999999998
4953.0,2.5799999999999996
4954.0,2.6229999999999998
4955.0,2.5799999999999996
4956.0,2.6229999999999998
4957.0,2.5799999999999996
4958.0,2.5799999999999996
4959.0,2.5799999999999996
4960.0,2.5799999999999996
4961.0,2.5799999999999996
4962.0,2.5799999999999996
4963.0,2.5799999999999996
4964.0,2.5799999999999996
4965.0,2.5799999999999996
4966.0,2.5799999999999996
4967.0,2.5799999999999996
4968.0,2.5799999999999996
4969.0,2.5799999999999996
4970.0,2.5799999999999996
4971.0,2.6229999999999998
4972.0,2.5799999999999996
4973.0,2.5799999999999996
4974.0,2.5799999999999996
4975.0,2.5799999999999996
4976.0,2.6229999999999998
4977.0,2.5799999999999996
4978.0,2.5799999999999996
4979.0,2.5799999999999996
4980.0,2.6229999999999998
4981.0,2.5799999999999996
4982.0,2.5799999999999996
4983.0,2.5799999999999996
4984.0,2.5799999999999996
4985.0,2.5799999999999996
4986.0,2.5799999999999996
4987.0,2.5799999999999996
4988.0,2.5799999999999996
4989.0,2.5799999999999996
4990.0,2.5799999999999996
4991.0,2.5799999999999996
4992.0,2.5799999999999996
4993.0,2.5799999999999996
4994.0,2.5799999999999996
4995.0,2.5799999999999996
4996.0,2.5799999999999996
4997.0,2.6229999999999998
4998.0,2.5799999999999996
4999.0,2.5799999999999996
5000.0,2.5799999999999996
5001.0,2.5799999999999996
5002.0,2.5799999999999996
5003.0,2.5799999999999996
5004.0,2.5799999999999996
5005.0,2.5799999999999996
5006.0,2.5799999999999996
5007.0,2.5799999999999996
5008.0,2.5799999999999996
5009.0,2.5799999999999996
5010.0,2.5799999999999996
5011.0,2.6229999999999998
5012.0,2.5799999999999996
5013.0,2.5799999999999996
5014.0,2.5799999999999996
5015.0,2.5799999999999996
5016.0,2.5799999999999996
5017.0,2.5799999999999996
5018.0,2.6229999999999998
5019.0,2.5799999999999996
5020.0,2.5799999999999996
5021.0,2.5799999999999996
5022.0,2.5799999999999996
5023.0,2.5799999999999996
5024.0,2.5799999999999996
5025.0,2.5799999999999996
5026.0,2.5799999999999996
5027.0,2.5799999999999996
5028.0,2.5799999999999996
5029.0,2.5799999999999996
5030.0,2.5799999999999996
5031.0,2.5799999999999996
5032.0,2.5799999999999996
5033.0,2.5799999999999996
5034.0,2.5799999999999996
5035.0,2.5799999999999996
5036.0,2.5799999999999996
5037.0,2.5799999999999996
5038.0,2.5799999999999996
5039.0,2.5799999999999996
5040.0,2.5799999999999996
5041.0,2.5799999999999996
5042.0,2.5799999999999996
5043.0,2.5799999999999996
5044.0,2.5799999999999996
5045.0,2.5799999999999996
5046.0,2.5799999999999996
5047.0,2.6229999999999998
5048.0,2.5799999999999996
5049.0,2.5799999999999996
5050.0,2.5799999999999996
5051.0,2.5799999999999996
5052.0,2.5799999999999996
5053.0,2.5799999999999996
5054.0,2.5799999999999996
5055.0,2.6229999999999998
5056.0,2.5799999999999996
5057.0,2.5799999999999996
5058.0,2.5799999999999996
5059.0,2.5799999999999996
5060.0,2.5799999999999996
5061.0,2.5799999999999996
5062.0,2.6229999999999998
5063.0,2.6229999999999998
5064.0,2.6229999999999998
5065.0,2.5799999999999996
5066.0,2.5799999999999996
5067.0,2.5799999999999996
5068.0,2.5799999999999996
5069.0,2.5799999999999996
5070.0,2.5799999999999996
5071.0,2.5799999999999996
5072.0,2.6229999999999998
5073.0,2.5799999999999996
5074.0,2.5799999999999996
5075.0,2.5799999999999996
5076.0,2.5799999999999996
5077.0,2.5799999999999996
5078.0,2.5799999999999996
5079.0,2.5799999999999996
5080.0,2.5799999999999996
5081.0,2.5799999999999996
5082.0,2.5799999999999996
5083.0,2.5799999999999996
5084.0,2.5799999999999996
5085.0,2.5799999999999996
5086.0,2.5799999999999996
5087.0,2.5799999999999996
5088.0,2.5799999999999996
5089.0,2.5799999999999996
5090.0,2.5799999999999996
5091.0,2.5799999999999996
5092.0,2.5799999999999996
5093.0,2.5799999999999996
5094.0,2.6229999999999998
5095.0,2.5799999999999996
5096.0,2.5799999999999996
5097.0,2.5799999999999996
5098.0,2.5799999999999996
5099.0,2.5799999999999996
5100.0,2.5799999999999996
5101.0,2.6229999999999998
5102.0,2.5799999999999996
5103.0,2.5799999999999996
5104.0,2.5799999999999996
5105.0,2.5799999999999996
5106.0,2.5799999999999996
5107.0,2.5799999999999996
5108.0,2.5799999999999996
5109.0,2.5799999999999996
5110.0,2.5799999999999996
5111.0,2.5799999999999996
5112.0,2.5799999999999996
5113.0,2.5799999999999996
5114.0,2.5799999999999996
5115.0,2.5799999999999996
5116.0,2.5799999999999996
5117.0,2.5799999999999996
5118.0,2.5799999999999996
5119.0,2.5799999999999996
5120.0,2.5799999999999996
5121.0,2.5799999999999996
5122.0,2.5799999999999996
5123.0,2.5799999999999996
5124.0,2.5799999999999996
5125.0,2.5799999999999996
5126.0,2.5799999999999996
5127.0,2.5799999999999996
5128.0,2.5799999999999996
5129.0,2.5799999999999996
5130.0,2.5799999999999996
5131.0,2.5799999999999996
5132.0,2.537
5133.0,2.5799999999999996
5134.0,2.6229999999999998
5135.0,2.5799999999999996
5136.0,2.5799999999999996
5137.0,2.5799999999999996
5138.0,2.5799999999999996
5139.0,2.5799999999999996
5140.0,2.5799999999999996
5141.0,2.5799999999999996
5142.0,2.5799999999999996
5143.0,2.5799999999999996
5144.0,2.5799999999999996
5145.0,2.5799999999999996
5146.0,2.5799999999999996
5147.0,2.5799999999999996
5148.0,2.5799999999999996
5149.0,2.5799999999999996
5150.0,2.5799999999999996
5151.0,2.5799999999999996
5152.0,2.5799999999999996
5153.0,2.5799999999999996
5154.0,2.5799999999999996
5155.0,2.5799999999999996
5156.0,2.5799999999999996
5157.0,2.5799999999999996
5158.0,2.5799999999999996
5159.0,2.5799999999999996
5160.0,2.5799999999999996
5161.0,2.5799999999999996
5162.0,2.5799999999999996
5163.0,2.5799999999999996
5164.0,2.5799999999999996
5165.0,2.5799999999999996
5166.0,2.5799999999999996
5167.0,2.5799999999999996
5168.0,2.5799999999999996
5169.0,2.5799999999999996
5170.0,2.5799999999999996
5171.0,2.5799999999999996
5172.0,2.5799999999999996
5173.0,2.5799999999999996
5174.0,2.5799999999999996
5175.0,2.5799999999999996
5176.0,2.5799999999999996
5177.0,2.5799999999999996
5178.0,2.5799999999999996
5179.0,2.5799999999999996
5180.0,2.5799999999999996
5181.0,2.5799999999999996
5182.0,2.5799999999999996
5183.0,2.5799999999999996
5184.0,2.5799999999999996
5185.0,2.5799999999999996
5186.0,2.5799999999999996
5187.0,2.5799999999999996
5188.0,2.5799999999999996
5189.0,2.5799999999999996
5190.0,2.5799999999999996
5191.0,2.5799999999999996
5192.0,2.5799999999999996
5193.0,2.5799999999999996
5194.0,2.6229999999999998
5195.0,2.5799999999999996
5196.0,2.5799999999999996
5197.0,2.5799999999999996
5198.0,2.5799999999999996
5199.0,2.5799999999999996
5200.0,2.5799999999999996
5201.0,2.5799999999999996
5202.0,2.5799999999999996
5203.0,2.5799999999999996
5204.0,2.5799999999999996
5205.0,2.5799999999999996
5206.0,2.5799999999999996
5207.0,2.5799999999999996
5208.0,2.5799999999999996
5209.0,2.5799999999999996
5210.0,2.5799999999999996
5211.0,2.5799999999999996
5212.0,2.5799999999999996
5213.0,2.5799999999999996
5214.0,2.5799999999999996
5215.0,2.5799999999999996
5216.0,2.5799999999999996
5217.0,2.5799999999999996
5218.0,2.5799999999999996
5219.0,2.5799999999999996
5220.0,2.5799999999999996
5221.0,2.5799999999999996
5222.0,2.5799999999999996
5223.0,2.5799999999999996
5224.0,2.5799999999999996
5225.0,2.5799999999999996
5226.0,2.5799999999999996
5227.0,2.5799999999999996
5228.0,2.5799999999999996
5229.0,2.5799999999999996
5230.0,2.5799999999999996
5231.0,2.5799999999999996
5232.0,2.5799999999999996
5233.0,2.5799999999999996
5234.0,2.5799999999999996
5235.0,2.5799999999999996
5236.0,2.5799999999999996
5237.0,2.5799999999999996
5238.0,2.6229999999999998
5239.0,2.5799999999999996
5240.0,2.5799999999999996
5241.0,2.5799999999999996
5242.0,2.5799999999999996
5243.0,2.5799999999999996
5244.0,2.5799999999999996
5245.0,2.5799999999999996
5246.0,2.6229999999999998
5247.0,2.5799999999999996
5248.0,2.5799999999999996
5249.0,2.5799999999999996
5250.0,2.5799999999999996
5251.0,2.5799999999999996
5252.0,2.5799999999999996
5253.0,2.5799999999999996
5254.0,2.5799999999999996
5255.0,2.5799999999999996
5256.0,2.5799999999999996
5257.0,2.5799999999999996
5258.0,2.5799999999999996
5259.0,2.5799999999999996
5260.0,2.5799999999999996
5261.0,2.5799999999999996
5262.0,2.5799999999999996
5263.0,2.5799999999999996
5264.0,2.5799999999999996
5265.0,2.5799999999999996
5266.0,2.537
5267.0,2.5799999999999996
5268.0,2.5799999999999996
5269.0,2.6229999999999998
5270.0,2.5799999999999996
5271.0,2.5799999999999996
5272.0,2.5799999999999996
5273.0,2.537
5274.0,2.5799999999999996
5275.0,2.5799999999999996
5276.0,2.5799999999999996
5277.0,2.5799999999999996
5278.0,2.5799999999999996
5279.0,2.5799999999999996
5280.0,2.5799999999999996
5281.0,2.5799999999999996
5282.0,2.5799999999999996
5283.0,2.5799999999999996
5284.0,2.5799999999999996
5285.0,2.5799999999999996
5286.0,2.5799999999999996
5287.0,2.5799999999999996
5288.0,2.5799999999999996
5289.0,2.5799999999999996
5290.0,2.5799999999999996
5291.0,2.5799999999999996
5292.0,2.5799999999999996
5293.0,2.5799999999999996
5294.0,2.5799999999999996
5295.0,2.5799999999999996
5296.0,2.5799999999999996
5297.0,2.5799999999999996
5298.0,2.5799999999999996
5299.0,2.5799999999999996
5300.0,2.5799999999999996
5301.0,2.5799999999999996
5302.0,2.5799999999999996
5303.0,2.5799999999999996
5304.0,2.5799999999999996
5305.0,2.5799999999999996
5306.0,2.537
5307.0,2.5799999999999996
5308.0,2.537
5309.0,2.5799999999999996
5310.0,2.5799999999999996
5311.0,2.5799999999999996
5312.0,2.5799999999999996
5313.0,2.5799999999999996
5314.0,2.5799999999999996
5315.0,2.5799999999999996
5316.0,2.5799999999999996
5317.0,2.5799999999999996
5318.0,2.5799999999999996
5319.0,2.5799999999999996
5320.0,2.5799999999999996
5321.0,2.5799999999999996
5322.0,2.5799999999999996
5323.0,2.5799999999999996
5324.0,2.5799999999999996
5325.0,2.5799999999999996
5326.0,2.5799999999999996
5327.0,2.5799999999999996
5328.0,2.5799999999999996
5329.0,2.5799999999999996
5330.0,2.5799999999999996
5331.0,2.5799999999999996
5332.0,2.5799999999999996
5333.0,2.5799999999999996
5334.0,2.5799999999999996
5335.0,2.5799999999999996
5336.0,2.5799999999999996
5337.0,2.5799999999999996
5338.0,2.5799999999999996
5339.0,2.5799999999999996
5340.0,2.5799999999999996
5341.0,2.5799999999999996
5342.0,2.5799999999999996
5343.0,2.5799999999999996
5344.0,2.5799999999999996
5345.0,2.5799999999999996
5346.0,2.5799999999999996
5347.0,2.5799999999999996
5348.0,2.5799999999999996
5349.0,2.5799999999999996
5350.0,2.5799999999999996
5351.0,2.5799999999999996
5352.0,2.5799999999999996
5353.0,2.5799999999999996
5354.0,2.5799999999999996
5355.0,2.5799999999999996
5356.0,2.5799999999999996
5357.0,2.5799999999999996
5358.0,2.537
5359.0,2.537
5360.0,2.5799999999999996
5361.0,2.5799999999999996
5362.0,2.5799999999999996
5363.0,2.5799999999999996
5364.0,2.5799999999999996
5365.0,2.5799999999999996
5366.0,2.5799999999999996
5367.0,2.5799999999999996
5368.0,2.5799999999999996
5369.0,2.5799999999999996
5370.0,2.5799999999999996
5371.0,2.5799999999999996
5372.0,2.5799999999999996
5373.0,2.5799999999999996
5374.0,2.5799999999999996
5375.0,2.5799999999999996
5376.0,2.5799999999999996
5377.0,2.5799999999999996
5378.0,2.5799999999999996
5379.0,2.5799999999999996
5380.0,2.5799999999999996
5381.0,2.5799999999999996
5382.0,2.537
5383.0,2.5799999999999996
5384.0,2.5799999999999996
5385.0,2.5799999999999996
5386.0,2.5799999999999996
5387.0,2.5799999999999996
5388.0,2.5799999999999996
5389.0,2.5799999999999996
5390.0,2.5799999999999996
5391.0,2.537
5392.0,2.5799999999999996
5393.0,2.5799999999999996
5394.0,2.537
5395.0,2.5799999999999996
5396.0,2.5799999999999996
5397.0,2.5799999999999996
5398.0,2.5799999999999996
5399.0,2.5799999999999996
5400.0,2.5799999999999996
5401.0,2.537
5402.0,2.537
5403.0,2.5799999999999996
5404.0,2.5799999999999996
5405.0,2.5799999999999996
5406.0,2.5799999999999996
5407.0,2.5799999999999996
5408.0,2.5799999999999996
5409.0,2.5799999999999996
5410.0,2.5799999999999996
5411.0,2.5799999999999996
5412.0,2.5799999999999996
5413.0,2.5799999999999996
5414.0,2.5799999999999996
5415.0,2.537
5416.0,2.5799999999999996
5417.0,2.5799999999999996
5418.0,2.5799999999999996
5419.0,2.5799999999999996
5420.0,2.5799999999999996
5421.0,2.5799999999999996
5422.0,2.5799999999999996
5423.0,2.5799999999999996
5424.0,2.5799999999999996
5425.0,2.5799999999999996
5426.0,2.5799999999999996
5427.0,2.5799999999999996
5428.0,2.5799999999999996
5429.0,2.5799999999999996
5430.0,2.5799999999999996
5431.0,2.5799999999999996
5432.0,2.537
5433.0,2.537
5434.0,2.537
5435.0,2.5799999999999996
5436.0,2.5799999999999996
5437.0,2.5799999999999996
5438.0,2.5799999999999996
5439.0,2.5799999999999996
5440.0,2.537
5441.0,2.5799999999999996
5442.0,2.5799999999999996
5443.0,2.537
5444.0,2.5799999999999996
5445.0,2.5799999999999996
5446.0,2.5799999999999996
5447.0,2.5799999999999996
5448.0,2.5799999999999996
5449.0,2.5799999999999996
5450.0,2.5799999999999996
5451.0,2.5799999999999996
5452.0,2.5799999999999996
5453.0,2.5799999999999996
5454.0,2.5799999999999996
5455.0,2.5799999999999996
5456.0,2.537
5457.0,2.5799999999999996
5458.0,2.5799999999999996
5459.0,2.5799999999999996
5460.0,2.5799999999999996
5461.0,2.537
5462.0,2.5799999999999996
5463.0,2.5799999999999996
5464.0,2.5799999999999996
5465.0,2.5799999999999996
5466.0,2.5799999999999996
5467.0,2.5799999999999996
5468.0,2.5799999999999996
5469.0,2.5799999999999996
5470.0,2.5799999999999996
5471.0,2.5799999999999996
5472.0,2.5799999999999996
5473.0,2.5799999999999996
5474.0,2.5799999999999996
5475.0,2.5799999999999996
5476.0,2.5799999999999996
5477.0,2.5799999999999996
5478.0,2.537
5479.0,2.5799999999999996
5480.0,2.5799999999999996
5481.0,2.5799999999999996
5482.0,2.5799999999999996
5483.0,2.5799999999999996
5484.0,2.5799999999999996
5485.0,2.5799999999999996
5486.0,2.5799999999999996
5487.0,2.5799999999999996
5488.0,2.5799999999999996
5489.0,2.5799999999999996
5490.0,2.5799999999999996
5491.0,2.5799999999999996
5492.0,2.5799999999999996
5493.0,2.5799999999999996
5494.0,2.5799999999999996
5495.0,2.5799999999999996
5496.0,2.5799999999999996
5497.0,2.5799999999999996
5498.0,2.5799999999999996
5499.0,2.5799999999999996
5500.0,2.5799999999999996
5501.0,2.5799999999999996
5502.0,2.5799999999999996
5503.0,2.5799999999999996
5504.0,2.5799999999999996
5505.0,2.5799999999999996
5506.0,2.537
5507.0,2.5799999999999996
5508.0,2.5799999999999996
5509.0,2.5799999999999996
5510.0,2.5799999999999996
5511.0,2.5799999999999996
5512.0,2.5799999999999996
5513.0,2.5799999999999996
5514.0,2.5799999999999996
5515.0,2.5799999999999996
5516.0,2.5799999999999996
5517.0,2.5799999999999996
5518.0,2.5799999999999996
5519.0,2.5799999999999996
5520.0,2.5799999999999996
5521.0,2.5799999999999996
5522.0,2.5799999999999996
5523.0,2.5799999999999996
5524.0,2.5799999999999996
5525.0,2.5799999999999996
5526.0,2.537
5527.0,2.5799999999999996
5528.0,2.537
5529.0,2.5799999999999996
5530.0,2.5799999999999996
5531.0,2.537
5532.0,2.5799999999999996
5533.0,2.5799999999999996
5534.0,2.537
5535.0,2.5799999999999996
5536.0,2.5799999999999996
5537.0,2.5799999999999996
5538.0,2.5799999999999996
5539.0,2.5799999999999996
5540.0,2.5799999999999996
5541.0,2.5799999999999996
5542.0,2.5799999999999996
5543.0,2.5799999999999996
5544.0,2.537
5545.0,2.5799999999999996
5546.0,2.5799999999999996
5547.0,2.537
5548.0,2.5799999999999996
5549.0,2.5799999999999996
5550.0,2.5799999999999996
5551.0,2.5799999999999996
5552.0,2.5799999999999996
5553.0,2.5799999999999996
5554.0,2.5799999999999996
5555.0,2.5799999999999996
5556.0,2.5799999999999996
5557.0,2.537
5558.0,2.5799999999999996
5559.0,2.5799999999999996
5560.0,2.5799999999999996
5561.0,2.5799999999999996
5562.0,2.5799999999999996
5563.0,2.5799999999999996
5564.0,2.537
5565.0,2.5799999999999996
5566.0,2.5799999999999996
5567.0,2.5799999999999996
5568.0,2.5799999999999996
5569.0,2.5799999999999996
5570.0,2.5799999999999996
5571.0,2.5799999999999996
5572.0,2.5799999999999996
5573.0,2.537
5574.0,2.537
5575.0,2.5799999999999996
5576.0,2.5799999999999996
5577.0,2.5799999999999996
5578.0,2.5799999999999996
5579.0,2.5799999999999996
5580.0,2.537
5581.0,2.537
5582.0,2.5799999999999996
5583.0,2.5799999999999996
5584.0,2.5799999999999996
5585.0,2.5799999999999996
5586.0,2.5799999999999996
5587.0,2.537
5588.0,2.5799999999999996
5589.0,2.537
5590.0,2.537
5591.0,2.5799999999999996
5592.0,2.5799999999999996
5593.0,2.537
5594.0,2.5799999999999996
5595.0,2.5799999999999996
5596.0,2.6229999999999998
5597.0,2.5799999999999996
5598.0,2.5799999999999996
5599.0,2.5799999999999996
5600.0,2.5799999999999996
5601.0,2.5799999999999996
5602.0,2.537
5603.0,2.5799999999999996
5604.0,2.5799999999999996
5605.0,2.5799999999999996
5606.0,2.537
5607.0,2.5799999999999996
5608.0,2.5799999999999996
5609.0,2.5799999999999996
5610.0,2.5799999999999996
5611.0,2.5799999999999996
5612.0,2.5799999999999996
5613.0,2.537
5614.0,2.5799999999999996
5615.0,2.5799999999999996
5616.0,2.537
5617.0,2.537
5618.0,2.5799999999999996
5619.0,2.5799999999999996
5620.0,2.5799999999999996
5621.0,2.5799999999999996
5622.0,2.5799999999999996
5623.0,2.5799999999999996
5624.0,2.5799999999999996
5625.0,2.537
5626.0,2.5799999999999996
5627.0,2.5799999999999996
5628.0,2.5799999999999996
5629.0,2.5799999999999996
5630.0,2.5799999999999996
5631.0,2.5799999999999996
5632.0,2.5799999999999996
5633.0,2.5799999999999996
5634.0,2.5799999999999996
5635.0,2.537
5636.0,2.5799999999999996
5637.0,2.5799999999999996
5638.0,2.5799999999999996
5639.0,2.537
5640.0,2.5799999999999996
5641.0,2.5799999999999996
5642.0,2.537
5643.0,2.5799999999999996
5644.0,2.537
5645.0,2.5799999999999996
5646.0,2.5799999999999996
5647.0,2.5799999999999996
5648.0,2.537
5649.0,2.5799999999999996
5650.0,2.537
5651.0,2.5799999999999996
5652.0,2.537
5653.0,2.5799999999999996
5654.0,2.5799999999999996
5655.0,2.5799999999999996
5656.0,2.5799999999999996
5657.0,2.5799999999999996
5658.0,2.5799999999999996
5659.0,2.5799999999999996
5660.0,2.5799999999999996
5661.0,2.5799999999999996
5662.0,2.5799999999999996
5663.0,2.5799999999999996
5664.0,2.5799999999999996
5665.0,2.5799999999999996
5666.0,2.5799999999999996
5667.0,2.5799999999999996
5668.0,2.5799999999999996
5669.0,2.5799999999999996
5670.0,2.5799999999999996
5671.0,2.5799999999999996
5672.0,2.5799999999999996
5673.0,2.5799999999999996
5674.0,2.537
5675.0,2.5799999999999996
5676.0,2.5799999999999996
5677.0,2.5799999999999996
5678.0,2.5799999999999996
5679.0,2.5799999999999996
5680.0,2.5799999999999996
5681.0,2.537
5682.0,2.537
5683.0,2.5799999999999996
5684.0,2.537
5685.0,2.537
5686.0,2.5799999999999996
5687.0,2.5799999999999996
5688.0,2.537
5689.0,2.5799999999999996
5690.0,2.5799999999999996
5691.0,2.537
5692.0,2.5799999999999996
5693.0,2.5799999999999996
5694.0,2.5799999999999996
5695.0,2.5799999999999996
5696.0,2.537
5697.0,2.5799999999999996
5698.0,2.5799999999999996
5699.0,2.5799999999999996
5700.0,2.537
5701.0,2.537
5702.0,2.5799999999999996
5703.0,2.537
5704.0,2.537
5705.0,2.5799999999999996
5706.0,2.5799999999999996
5707.0,2.5799999999999996
5708.0,2.537
5709.0,2.5799999999999996
5710.0,2.537
5711.0,2.5799999999999996
5712.0,2.5799999999999996
5713.0,2.5799999999999996
5714.0,2.5799999999999996
5715.0,2.5799999999999996
5716.0,2.537
5717.0,2.5799999999999996
5718.0,2.537
5719.0,2.5799999999999996
5720.0,2.537
5721.0,2.5799999999999996
5722.0,2.537
5723.0,2.5799999999999996
5724.0,2.5799999999999996
5725.0,2.5799999999999996
5726.0,2.5799999999999996
5727.0,2.5799999999999996
5728.0,2.5799999999999996
5729.0,2.5799999999999996
5730.0,2.5799999999999996
5731.0,2.5799999999999996
5732.0,2.5799999999999996
5733.0,2.537
5734.0,2.5799999999999996
5735.0,2.5799999999999996
5736.0,2.5799999999999996
5737.0,2.5799999999999996
5738.0,2.5799999999999996
5739.0,2.5799999999999996
5740.0,2.537
5741.0,2.537
5742.0,2.5799999999999996
5743.0,2.5799999999999996
5744.0,2.537
5745.0,2.5799999999999996
5746.0,2.537
5747.0,2.537
5748.0,2.5799999999999996
5749.0,2.537
5750.0,2.5799999999999996
5751.0,2.537
5752.0,2.5799999999999996
5753.0,2.5799999999999996
5754.0,2.537
5755.0,2.5799999999999996
5756.0,2.537
5757.0,2.537
5758.0,2.537
5759.0,2.537
5760.0,2.537
5761.0,2.5799999999999996
5762.0,2.5799999999999996
5763.0,2.5799999999999996
5764.0,2.5799999999999996
5765.0,2.5799999999999996
5766.0,2.537
5767.0,2.5799999999999996
5768.0,2.537
5769.0,2.5799999999999996
5770.0,2.5799999999999996
5771.0,2.5799999999999996
5772.0,2.5799999999999996
5773.0,2.537
5774.0,2.5799999999999996
5775.0,2.5799999999999996
5776.0,2.537
5777.0,2.5799999999999996
5778.0,2.5799999999999996
5779.0,2.5799999999999996
5780.0,2.5799999999999996
5781.0,2.537
5782.0,2.5799999999999996
5783.0,2.5799999999999996
5784.0,2.5799999999999996
5785.0,2.5799999999999996
5786.0,2.5799999999999996
5787.0,2.5799999999999996
5788.0,2.5799999999999996
5789.0,2.5799999999999996
5790.0,2.5799999999999996
5791.0,2.537
5792.0,2.537
5793.0,2.5799999999999996
5794.0,2.5799999999999996
5795.0,2.5799999999999996
5796.0,2.537
5797.0,2.5799999999999996
5798.0,2.5799999999999996
5799.0,2.5799999999999996
5800.0,2.5799999999999996
5801.0,2.5799999999999996
5802.0,2.5799999999999996
5803.0,2.537
5804.0,2.5799999999999996
5805.0,2.537
5806.0,2.537
5807.0,2.5799999999999996
5808.0,2.537
5809.0,2.537
5810.0,2.5799999999999996
5811.0,2.5799999999999996
5812.0,2.5799999999999996
5813.0,2.5799999999999996
5814.0,2.537
5815.0,2.5799999999999996
5816.0,2.537
5817.0,2.537
5818.0,2.5799999999999996
5819.0,2.5799999999999996
5820.0,2.537
5821.0,2.5799999999999996
5822.0,2.5799999999999996
5823.0,2.537
5824.0,2.537
5825.0,2.537
5826.0,2.5799999999999996
5827.0,2.5799999999999996
5828.0,2.5799999999999996
5829.0,2.5799999999999996
5830.0,2.5799999999999996
5831.0,2.5799999999999996
5832.0,2.537
5833.0,2.5799999999999996
5834.0,2.5799999999999996
5835.0,2.5799999999999996
5836.0,2.5799999999999996
5837.0,2.5799999999999996
5838.0,2.5799999999999996
5839.0,2.537
5840.0,2.537
5841.0,2.537
5842.0,2.5799999999999996
5843.0,2.537
5844.0,2.5799999999999996
5845.0,2.537
5846.0,2.5799999999999996
5847.0,2.5799999999999996
5848.0,2.537
5849.0,2.537
5850.0,2.537
5851.0,2.537
5852.0,2.5799999999999996
5853.0,2.537
5854.0,2.5799999999999996
5855.0,2.537
5856.0,2.5799999999999996
5857.0,2.537
5858.0,2.537
5859.0,2.5799999999999996
5860.0,2.537
5861.0,2.5799999999999996
5862.0,2.537
5863.0,2.5799999999999996
5864.0,2.537
5865.0,2.537
5866.0,2.537
5867.0,2.537
5868.0,2.5799999999999996
5869.0,2.5799999999999996
5870.0,2.5799999999999996
5871.0,2.5799999999999996
5872.0,2.537
5873.0,2.537
5874.0,2.537
5875.0,2.537
5876.0,2.5799999999999996
5877.0,2.537
5878.0,2.5799999999999996
5879.0,2.5799999999999996
5880.0,2.537
5881.0,2.537
5882.0,2.537
5883.0,2.537
5884.0,2.5799999999999996
5885.0,2.537
5886.0,2.5799999999999996
5887.0,2.5799999999999996
5888.0,2.5799999999999996
5889.0,2.537
5890.0,2.537
5891.0,2.537
5892.0,2.537
5893.0,2.5799999999999996
5894.0,2.5799999999999996
5895.0,2.5799999999999996
5896.0,2.5799999999999996
5897.0,2.537
5898.0,2.5799999999999996
5899.0,2.5799999999999996
5900.0,2.537
5901.0,2.537
5902.0,2.5799999999999996
5903.0,2.5799999999999996
5904.0,2.5799999999999996
5905.0,2.5799999999999996
5906.0,2.537
5907.0,2.5799999999999996
5908.0,2.537
5909.0,2.5799999999999996
5910.0,2.5799999999999996
5911.0,2.5799999999999996
5912.0,2.5799999999999996
5913.0,2.537
5914.0,2.5799999999999996
5915.0,2.537
5916.0,2.537
5917.0,2.5799999999999996
5918.0,2.537
5919.0,2.537
5920.0,2.537
5921.0,2.5799999999999996
5922.0,2.537
5923.0,2.5799999999999996
5924.0,2.537
5925.0,2.537
5926.0,2.537
5927.0,2.537
5928.0,2.537
5929.0,2.537
5930.0,2.5799999999999996
5931.0,2.537
5932.0,2.537
5933.0,2.537
5934.0,2.5799999999999996
5935.0,2.537
5936.0,2.5799999999999996
5937.0,2.5799999999999996
5938.0,2.537
5939.0,2.537
5940.0,2.537
5941.0,2.537
5942.0,2.5799999999999996
5943.0,2.5799999999999996
5944.0,2.537
5945.0,2.537
5946.0,2.537
5947.0,2.5799999999999996
5948.0,2.537
5949.0,2.537
5950.0,2.537
5951.0,2.537
5952.0,2.537
5953.0,2.5799999999999996
5954.0,2.537
5955.0,2.5799999999999996
5956.0,2.5799999999999996
5957.0,2.5799999999999996
5958.0,2.537
5959.0,2.537
5960.0,2.5799999999999996
5961.0,2.537
5962.0,2.5799999999999996
5963.0,2.5799999999999996
5964.0,2.5799999999999996
5965.0,2.5799999999999996
5966.0,2.537
5967.0,2.537
5968.0,2.537
5969.0,2.5799999999999996
5970.0,2.5799999999999996
5971.0,2.5799999999999996
5972.0,2.537
5973.0,2.5799999999999996
5974.0,2.537
5975.0,2.537
5976.0,2.537
5977.0,2.537
5978.0,2.537
5979.0,2.537
5980.0,2.5799999999999996
5981.0,2.5799999999999996
5982.0,2.537
5983.0,2.537
5984.0,2.537
5985.0,2.537
5986.0,2.537
5987.0,2.5799999999999996
5988.0,2.5799999999999996
5989.0,2.537
5990.0,2.537
5991.0,2.5799999999999996
5992.0,2.537
5993.0,2.537
5994.0,2.537
5995.0,2.5799999999999996
5996.0,2.5799999999999996
5997.0,2.5799999999999996
5998.0,2.5799999999999996
5999.0,2.5799999999999996
6000.0,2.5799999999999996
6001.0,2.537
6002.0,2.537
6003.0,2.537
6004.0,2.5799999999999996
6005.0,2.5799999999999996
6006.0,2.5799999999999996
6007.0,2.537
6008.0,2.537
6009.0,2.537
6010.0,2.537
6011.0,2.5799999999999996
6012.0,2.5799999999999996
6013.0,2.537
6014.0,2.537
6015.0,2.537
6016.0,2.537
6017.0,2.537
6018.0,2.5799999999999996
6019.0,2.537
6020.0,2.5799999999999996
6021.0,2.537
6022.0,2.5799999999999996
6023.0,2.537
6024.0,2.537
6025.0,2.537
6026.0,2.5799999999999996
6027.0,2.537
6028.0,2.5799999999999996
6029.0,2.537
6030.0,2.537
6031.0,2.537
6032.0,2.537
6033.0,2.537
6034.0,2.537
6035.0,2.537
6036.0,2.537
6037.0,2.5799999999999996
6038.0,2.5799999999999996
6039.0,2.537
6040.0,2.5799999999999996
6041.0,2.5799999999999996
6042.0,2.537
6043.0,2.537
6044.0,2.537
6045.0,2.537
6046.0,2.537
6047.0,2.5799999999999996
6048.0,2.537
6049.0,2.537
6050.0,2.537
6051.0,2.5799999999999996
6052.0,2.537
6053.0,2.537
6054.0,2.537
6055.0,2.5799999999999996
6056.0,2.5799999999999996
6057.0,2.5799999999999996
6058.0,2.5799999999999996
6059.0,2.537
6060.0,2.5799999999999996
6061.0,2.537
6062.0,2.5799999999999996
6063.0,2.537
6064.0,2.5799999999999996
6065.0,2.537
6066.0,2.537
6067.0,2.537
6068.0,2.537
6069.0,2.5799999999999996
6070.0,2.5799999999999996
6071.0,2.5799999999999996
6072.0,2.537
6073.0,2.5799999999999996
6074.0,2.5799999999999996
6075.0,2.537
6076.0,2.5799999999999996
6077.0,2.537
6078.0,2.537
6079.0,2.5799999999999996
6080.0,2.537
6081.0,2.537
6082.0,2.537
6083.0,2.537
6084.0,2.537
6085.0,2.537
6086.0,2.5799999999999996
6087.0,2.5799999999999996
6088.0,2.5799999999999996
6089.0,2.5799999999999996
6090.0,2.5799999999999996
6091.0,2.5799999999999996
6092.0,2.537
6093.0,2.537
6094.0,2.537
6095.0,2.5799999999999996
6096.0,2.537
6097.0,2.5799999999999996
6098.0,2.537
6099.0,2.537
6100.0,2.537
6101.0,2.537
6102.0,2.537
6103.0,2.5799999999999996
6104.0,2.537
6105.0,2.5799999999999996
6106.0,2.537
6107.0,2.5799999999999996
6108.0,2.537
6109.0,2.537
6110.0,2.537
6111.0,2.5799999999999996
6112.0,2.537
6113.0,2.5799999999999996
6114.0,2.537
6115.0,2.537
6116.0,2.537
6117.0,2.537
6118.0,2.5799999999999996
6119.0,2.5799999999999996
6120.0,2.5799999999999996
6121.0,2.5799999999999996
6122.0,2.5799999999999996
6123.0,2.5799999999999996
6124.0,2.5799999999999996
6125.0,2.5799999999999996
6126.0,2.5799999999999996
6127.0,2.537
6128.0,2.537
6129.0,2.5799999999999996
6130.0,2.5799999999999996
6131.0,2.537
6132.0,2.537
6133.0,2.537
6134.0,2.537
6135.0,2.5799999999999996
6136.0,2.537
6137.0,2.537
6138.0,2.5799999999999996
6139.0,2.537
6140.0,2.537
6141.0,2.537
6142.0,2.537
6143.0,2.537
6144.0,2.537
6145.0,2.5799999999999996
6146.0,2.537
6147.0,2.537
6148.0,2.537
6149.0,2.537
6150.0,2.537
6151.0,2.537
6152.0,2.537
6153.0,2.537
6154.0,2.537
6155.0,2.537
6156.0,2.5799999999999996
6157.0,2.537
6158.0,2.537
6159.0,2.537
6160.0,2.537
6161.0,2.537
6162.0,2.537
6163.0,2.537
6164.0,2.537
6165.0,2.5799999999999996
6166.0,2.537
6167.0,2.5799999999999996
6168.0,2.537
6169.0,2.537
6170.0,2.537
6171.0,2.5799999999999996
6172.0,2.537
6173.0,2.5799999999999996
6174.0,2.537
6175.0,2.537
6176.0,2.537
6177.0,2.537
6178.0,2.5799999999999996
6179.0,2.537
6180.0,2.5799999999999996
6181.0,2.537
6182.0,2.537
6183.0,2.537
6184.0,2.537
6185.0,2.537
6186.0,2.537
6187.0,2.537
6188.0,2.5799999999999996
6189.0,2.5799999999999996
6190.0,2.537
6191.0,2.537
6192.0,2.537
6193.0,2.537
6194.0,2.5799999999999996
6195.0,2.5799999999999996
6196.0,2.537
6197.0,2.537
6198.0,2.537
6199.0,2.537
6200.0,2.537
6201.0,2.537
6202.0,2.537
6203.0,2.5799999999999996
6204.0,2.5799999999999996
6205.0,2.537
6206.0,2.537
6207.0,2.537
6208.0,2.537
6209.0,2.537
6210.0,2.537
6211.0,2.5799999999999996
6212.0,2.537
6213.0,2.537
6214.0,2.537
6215.0,2.537
6216.0,2.537
6217.0,2.537
6218.0,2.537
6219.0,2.537
6220.0,2.537
6221.0,2.537
6222.0,2.537
6223.0,2.537
6224.0,2.537
6225.0,2.537
6226.0,2.537
6227.0,2.537
6228.0,2.537
6229.0,2.537
6230.0,2.537
6231.0,2.537
6232.0,2.5799999999999996
6233.0,2.537
6234.0,2.5799999999999996
6235.0,2.5799999999999996
6236.0,2.537
6237.0,2.537
6238.0,2.537
6239.0,2.537
6240.0,2.537
6241.0,2.537
6242.0,2.537
6243.0,2.537
6244.0,2.537
6245.0,2.5799999999999996
6246.0,2.537
6247.0,2.537
6248.0,2.537
6249.0,2.537
6250.0,2.537
6251.0,2.537
6252.0,2.537
6253.0,2.537
6254.0,2.5799999999999996
6255.0,2.537
6256.0,2.537
6257.0,2.537
6258.0,2.537
6259.0,2.537
6260.0,2.537
6261.0,2.537
6262.0,2.537
6263.0,2.537
6264.0,2.5799999999999996
6265.0,2.537
6266.0,2.537
6267.0,2.537
6268.0,2.537
6269.0,2.537
6270.0,2.537
6271.0,2.537
6272.0,2.537
6273.0,2.537
6274.0,2.537
6275.0,2.537
6276.0,2.5799999999999996
6277.0,2.537
6278.0,2.537
6279.0,2.537
6280.0,2.537
6281.0,2.5799999999999996
6282.0,2.537
6283.0,2.537
6284.0,2.537
6285.0,2.537
6286.0,2.537
6287.0,2.5799999999999996
6288.0,2.537
6289.0,2.537
6290.0,2.537
6291.0,2.537
6292.0,2.537
6293.0,2.537
6294.0,2.537
6295.0,2.537
6296.0,2.537
6297.0,2.5799999999999996
6298.0,2.537
6299.0,2.537
6300.0,2.537
6301.0,2.5799999999999996
6302.0,2.537
6303.0,2.537
6304.0,2.537
6305.0,2.537
6306.0,2.537
6307.0,2.537
6308.0,2.537
6309.0,2.537
6310.0,2.537
6311.0,2.537
6312.0,2.5799999999999996
6313.0,2.537
6314.0,2.5799999999999996
6315.0,2.537
6316.0,2.537
6317.0,2.537
6318.0,2.537
6319.0,2.537
6320.0,2.537
6321.0,2.5799999999999996
6322.0,2.537
6323.0,2.537
6324.0,2.537
6325.0,2.537
6326.0,2.537
6327.0,2.537
6328.0,2.537
6329.0,2.537
6330.0,2.537
6331.0,2.537
6332.0,2.537
6333.0,2.537
6334.0,2.537
6335.0,2.5799999999999996
6336.0,2.537
6337.0,2.537
6338.0,2.537
6339.0,2.537
6340.0,2.537
6341.0,2.537
6342.0,2.537
6343.0,2.537
6344.0,2.537
6345.0,2.537
6346.0,2.537
6347.0,2.537
6348.0,2.537
6349.0,2.537
6350.0,2.537
6351.0,2.537
6352.0,2.537
6353.0,2.537
6354.0,2.5799999999999996
6355.0,2.537
6356.0,2.537
6357.0,2.537
6358.0,2.537
6359.0,2.537
6360.0,2.537
6361.0,2.537
6362.0,2.537
6363.0,2.537
6364.0,2.537
6365.0,2.5799999999999996
6366.0,2.537
6367.0,2.537
6368.0,2.537
6369.0,2.537
6370.0,2.537
6371.0,2.537
6372.0,2.537
6373.0,2.537
6374.0,2.537
6375.0,2.537
6376.0,2.537
6377.0,2.537
6378.0,2.537
6379.0,2.537
6380.0,2.537
6381.0,2.537
6382.0,2.537
6383.0,2.537
6384.0,2.537
6385.0,2.537
6386.0,2.537
6387.0,2.537
6388.0,2.537
6389.0,2.537
6390.0,2.537
6391.0,2.537
6392.0,2.537
6393.0,2.537
6394.0,2.537
6395.0,2.537
6396.0,2.537
6397.0,2.537
6398.0,2.537
6399.0,2.537
6400.0,2.5799999999999996
6401.0,2.537
6402.0,2.537
6403.0,2.537
6404.0,2.537
6405.0,2.5799999999999996
6406.0,2.537
6407.0,2.537
6408.0,2.537
6409.0,2.537
6410.0,2.537
6411.0,2.537
6412.0,2.537
6413.0,2.537
6414.0,2.537
6415.0,2.537
6416.0,2.537
6417.0,2.537
6418.0,2.537
6419.0,2.537
6420.0,2.537
6421.0,2.537
6422.0,2.5799999999999996
6423.0,2.537
6424.0,2.537
6425.0,2.537
6426.0,2.537
6427.0,2.537
6428.0,2.537
6429.0,2.537
6430.0,2.537
6431.0,2.5799999999999996
6432.0,2.537
6433.0,2.537
6434.0,2.537
6435.0,2.537
6436.0,2.5799999999999996
6437.0,2.537
6438.0,2.5799999999999996
6439.0,2.537
6440.0,2.537
6441.0,2.537
6442.0,2.537
6443.0,2.537
6444.0,2.537
6445.0,2.537
6446.0,2.537
6447.0,2.537
6448.0,2.537
6449.0,2.537
6450.0,2.537
6451.0,2.4939999999999998
6452.0,2.537
6453.0,2.537
6454.0,2.537
6455.0,2.537
6456.0,2.537
6457.0,2.537
6458.0,2.537
6459.0,2.537
6460.0,2.537
6461.0,2.537
6462.0,2.537
6463.0,2.537
6464.0,2.537
6465.0,2.537
6466.0,2.537
6467.0,2.537
6468.0,2.537
6469.0,2.537
6470.0,2.537
6471.0,2.537
6472.0,2.537
6473.0,2.537
6474.0,2.537
6475.0,2.537
6476.0,2.537
6477.0,2.537
6478.0,2.537
6479.0,2.537
6480.0,2.537
6481.0,2.537
6482.0,2.537
6483.0,2.537
6484.0,2.537
6485.0,2.537
6486.0,2.537
6487.0,2.537
6488.0,2.537
6489.0,2.537
6490.0,2.537
6491.0,2.537
6492.0,2.537
6493.0,2.537
6494.0,2.537
6495.0,2.537
6496.0,2.537
6497.0,2.537
6498.0,2.537
6499.0,2.537
6500.0,2.537
6501.0,2.537
6502.0,2.537
6503.0,2.537
6504.0,2.537
6505.0,2.537
6506.0,2.537
6507.0,2.537
6508.0,2.537
6509.0,2.537
6510.0,2.537
6511.0,2.537
6512.0,2.537
6513.0,2.537
6514.0,2.537
6515.0,2.537
6516.0,2.537
6517.0,2.537
6518.0,2.537
6519.0,2.537
6520.0,2.537
6521.0,2.537
6522.0,2.537
6523.0,2.537
6524.0,2.537
6525.0,2.537
6526.0,2.537
6527.0,2.537
6528.0,2.537
6529.0,2.537
6530.0,2.537
6531.0,2.537
6532.0,2.537
6533.0,2.537
6534.0,2.537
6535.0,2.537
6536.0,2.537
6537.0,2.537
6538.0,2.537
6539.0,2.537
6540.0,2.537
6541.0,2.537
6542.0,2.537
6543.0,2.537
6544.0,2.537
6545.0,2.537
6546.0,2.537
6547.0,2.537
6548.0,2.537
6549.0,2.537
6550.0,2.537
6551.0,2.537
6552.0,2.537
6553.0,2.537
6554.0,2.537
6555.0,2.537
6556.0,2.537
6557.0,2.537
6558.0,2.4939999999999998
6559.0,2.537
6560.0,2.537
6561.0,2.5799999999999996
6562.0,2.537
6563.0,2.537
6564.0,2.537
6565.0,2.537
6566.0,2.537
6567.0,2.537
6568.0,2.537
6569.0,2.537
6570.0,2.537
6571.0,2.537
6572.0,2.537
6573.0,2.537
6574.0,2.537
6575.0,2.537
6576.0,2.537
6577.0,2.537
6578.0,2.537
6579.0,2.537
6580.0,2.537
6581.0,2.537
6582.0,2.537
6583.0,2.537
6584.0,2.537
6585.0,2.537
6586.0,2.537
6587.0,2.537
6588.0,2.537
6589.0,2.537
6590.0,2.537
6591.0,2.537
6592.0,2.537
6593.0,2.537
6594.0,2.5799999999999996
6595.0,2.537
6596.0,2.537
6597.0,2.537
6598.0,2.537
6599.0,2.537
6600.0,2.537
6601.0,2.537
6602.0,2.537
6603.0,2.537
6604.0,2.537
6605.0,2.537
6606.0,2.537
6607.0,2.537
6608.0,2.537
6609.0,2.537
6610.0,2.537
6611.0,2.537
6612.0,2.537
6613.0,2.537
6614.0,2.537
6615.0,2.537
6616.0,2.537
6617.0,2.537
6618.0,2.537
6619.0,2.537
6620.0,2.537
6621.0,2.537
6622.0,2.537
6623.0,2.537
6624.0,2.537
6625.0,2.537
6626.0,2.537
6627.0,2.537
6628.0,2.537
6629.0,2.537
6630.0,2.537
6631.0,2.537
6632.0,2.4939999999999998
6633.0,2.537
6634.0,2.537
6635.0,2.537
6636.0,2.537
6637.0,2.537
6638.0,2.537
6639.0,2.537
6640.0,2.537
6641.0,2.537
6642.0,2.537
6643.0,2.5799999999999996
6644.0,2.537
6645.0,2.537
6646.0,2.537
6647.0,2.537
6648.0,2.537
6649.0,2.537
6650.0,2.537
6651.0,2.537
6652.0,2.537
6653.0,2.537
6654.0,2.537
6655.0,2.537
6656.0,2.537
6657.0,2.537
6658.0,2.537
6659.0,2.537
6660.0,2.537
6661.0,2.537
6662.0,2.537
6663.0,2.537
6664.0,2.537
6665.0,2.537
6666.0,2.537
6667.0,2.4939999999999998
6668.0,2.537
6669.0,2.537
6670.0,2.537
6671.0,2.537
6672.0,2.537
6673.0,2.537
6674.0,2.537
6675.0,2.537
6676.0,2.537
6677.0,2.537
6678.0,2.537
6679.0,2.537
6680.0,2.537
6681.0,2.537
6682.0,2.537
6683.0,2.537
6684.0,2.537
6685.0,2.537
6686.0,2.537
6687.0,2.537
6688.0,2.537
6689.0,2.537
6690.0,2.537
6691.0,2.537
6692.0,2.537
6693.0,2.537
6694.0,2.537
6695.0,2.537
6696.0,2.537
6697.0,2.537
6698.0,2.537
6699.0,2.4939999999999998
6700.0,2.537
6701.0,2.537
6702.0,2.537
6703.0,2.537
6704.0,2.537
6705.0,2.537
6706.0,2.537
6707.0,2.537
6708.0,2.537
6709.0,2.537
6710.0,2.537
6711.0,2.537
6712.0,2.537
6713.0,2.537
6714.0,2.537
6715.0,2.537
6716.0,2.537
6717.0,2.537
6718.0,2.537
6719.0,2.4939999999999998
6720.0,2.537
6721.0,2.4939999999999998
6722.0,2.537
6723.0,2.537
6724.0,2.537
6725.0,2.537
6726.0,2.537
6727.0,2.537
6728.0,2.537
6729.0,2.537
6730.0,2.537
6731.0,2.537
6732.0,2.537
6733.0,2.537
6734.0,2.537
6735.0,2.537
6736.0,2.537
6737.0,2.537
6738.0,2.537
6739.0,2.537
6740.0,2.537
6741.0,2.4939999999999998
6742.0,2.537
6743.0,2.537
6744.0,2.537
6745.0,2.4939999999999998
6746.0,2.537
6747.0,2.537
6748.0,2.537
6749.0,2.537
6750.0,2.537
6751.0,2.4939999999999998
6752.0,2.537
6753.0,2.537
6754.0,2.537
6755.0,2.537
6756.0,2.537
6757.0,2.537
6758.0,2.537
6759.0,2.537
6760.0,2.537
6761.0,2.537
6762.0,2.537
6763.0,2.537
6764.0,2.537
6765.0,2.537
6766.0,2.537
6767.0,2.4939999999999998
6768.0,2.537
6769.0,2.537
6770.0,2.537
6771.0,2.537
6772.0,2.537
6773.0,2.537
6774.0,2.537
6775.0,2.537
6776.0,2.537
6777.0,2.537
6778.0,2.537
6779.0,2.537
6780.0,2.537
6781.0,2.537
6782.0,2.537
6783.0,2.537
6784.0,2.537
6785.0,2.537
6786.0,2.4939999999999998
6787.0,2.537
6788.0,2.537
6789.0,2.537
6790.0,2.537
6791.0,2.537
6792.0,2.537
6793.0,2.537
6794.0,2.537
6795.0,2.537
6796.0,2.537
6797.0,2.537
6798.0,2.537
6799.0,2.537
6800.0,2.537
6801.0,2.537
6802.0,2.537
6803.0,2.537
6804.0,2.537
6805.0,2.537
6806.0,2.537
6807.0,2.537
6808.0,2.537
6809.0,2.537
6810.0,2.537
6811.0,2.537
6812.0,2.537
6813.0,2.537
6814.0,2.537
6815.0,2.537
6816.0,2.537
6817.0,2.4939999999999998
6818.0,2.537
6819.0,2.537
6820.0,2.537
6821.0,2.537
6822.0,2.537
6823.0,2.537
6824.0,2.537
6825.0,2.537
6826.0,2.537
6827.0,2.4939999999999998
6828.0,2.537
6829.0,2.537
6830.0,2.537
6831.0,2.537
6832.0,2.537
6833.0,2.4939999999999998
6834.0,2.537
6835.0,2.537
6836.0,2.537
6837.0,2.537
6838.0,2.537
6839.0,2.537
6840.0,2.537
6841.0,2.537
6842.0,2.537
6843.0,2.537
6844.0,2.537
6845.0,2.537
6846.0,2.537
6847.0,2.537
6848.0,2.537
6849.0,2.537
6850.0,2.537
6851.0,2.537
6852.0,2.537
6853.0,2.537
6854.0,2.537
6855.0,2.537
6856.0,2.537
6857.0,2.537
6858.0,2.537
6859.0,2.4939999999999998
6860.0,2.537
6861.0,2.537
6862.0,2.537
6863.0,2.537
6864.0,2.537
6865.0,2.4939999999999998
6866.0,2.537
6867.0,2.4939999999999998
6868.0,2.537
6869.0,2.4939999999999998
6870.0,2.5799999999999996
6871.0,2.537
6872.0,2.537
6873.0,2.537
6874.0,2.537
6875.0,2.537
6876.0,2.537
6877.0,2.4939999999999998
6878.0,2.537
6879.0,2.537
6880.0,2.537
6881.0,2.4939999999999998
6882.0,2.537
6883.0,2.537
6884.0,2.537
6885.0,2.537
6886.0,2.537
6887.0,2.537
6888.0,2.537
6889.0,2.4939999999999998
6890.0,2.4939999999999998
6891.0,2.537
6892.0,2.537
6893.0,2.537
6894.0,2.537
6895.0,2.4939999999999998
6896.0,2.537
6897.0,2.537
6898.0,2.537
6899.0,2.4939999999999998
6900.0,2.537
6901.0,2.4939999999999998
6902.0,2.537
6903.0,2.537
6904.0,2.537
6905.0,2.537
6906.0,2.537
6907.0,2.537
6908.0,2.537
6909.0,2.537
6910.0,2.537
6911.0,2.4939999999999998
6912.0,2.537
6913.0,2.537
6914.0,2.537
6915.0,2.537
6916.0,2.537
6917.0,2.537
6918.0,2.537
6919.0,2.537
6920.0,2.537
6921.0,2.537
6922.0,2.537
6923.0,2.537
6924.0,2.537
6925.0,2.537
6926.0,2.537
6927.0,2.537
6928.0,2.537
6929.0,2.537
6930.0,2.537
6931.0,2.4939999999999998
6932.0,2.537
6933.0,2.537
6934.0,2.537
6935.0,2.4939999999999998
6936.0,2.537
6937.0,2.537
6938.0,2.537
6939.0,2.537
6940.0,2.537
6941.0,2.537
6942.0,2.537
6943.0,2.537
6944.0,2.537
6945.0,2.537
6946.0,2.537
6947.0,2.537
6948.0,2.537
6949.0,2.537
6950.0,2.537
6951.0,2.537
6952.0,2.537
6953.0,2.537
6954.0,2.537
6955.0,2.537
6956.0,2.537
6957.0,2.537
6958.0,2.4939999999999998
6959.0,2.537
6960.0,2.537
6961.0,2.537
6962.0,2.537
6963.0,2.537
6964.0,2.537
6965.0,2.4939999999999998
6966.0,2.537
6967.0,2.4939999999999998
6968.0,2.537
6969.0,2.4939999999999998
6970.0,2.537
6971.0,2.4939999999999998
6972.0,2.537
6973.0,2.537
6974.0,2.537
6975.0,2.4939999999999998
6976.0,2.537
6977.0,2.4939999999999998
6978.0,2.537
6979.0,2.537
6980.0,2.537
6981.0,2.537
6982.0,2.537
6983.0,2.537
6984.0,2.537
6985.0,2.4939999999999998
6986.0,2.537
6987.0,2.537
6988.0,2.537
6989.0,2.537
6990.0,2.537
6991.0,2.537
6992.0,2.4939999999999998
6993.0,2.537
6994.0,2.537
6995.0,2.537
6996.0,2.537
6997.0,2.537
6998.0,2.537
6999.0,2.537
7000.0,2.537
7001.0,2.537
7002.0,2.537
7003.0,2.4939999999999998
7004.0,2.537
7005.0,2.537
7006.0,2.4939999999999998
7007.0,2.537
7008.0,2.537
7009.0,2.4939999999999998
7010.0,2.537
7011.0,2.537
7012.0,2.537
7013.0,2.537
7014.0,2.537
7015.0,2.537
7016.0,2.537
7017.0,2.537
7018.0,2.537
7019.0,2.537
7020.0,2.4939999999999998
7021.0,2.537
7022.0,2.537
7023.0,2.537
7024.0,2.537
7025.0,2.4939999999999998
7026.0,2.537
7027.0,2.537
7028.0,2.537
7029.0,2.537
7030.0,2.537
7031.0,2.4939999999999998
7032.0,2.537
7033.0,2.537
7034.0,2.537
7035.0,2.4939999999999998
7036.0,2.537
7037.0,2.537
7038.0,2.537
7039.0,2.4939999999999998
7040.0,2.4939999999999998
7041.0,2.4939999999999998
7042.0,2.537
7043.0,2.537
7044.0,2.537
7045.0,2.4939999999999998
7046.0,2.537
7047.0,2.537
7048.0,2.537
7049.0,2.537
7050.0,2.537
7051.0,2.4939999999999998
7052.0,2.537
7053.0,2.537
7054.0,2.537
7055.0,2.537
7056.0,2.537
7057.0,2.4939999999999998
7058.0,2.537
7059.0,2.537
7060.0,2.537
7061.0,2.537
7062.0,2.537
7063.0,2.537
7064.0,2.537
7065.0,2.537
7066.0,2.537
7067.0,2.4939999999999998
7068.0,2.4939999999999998
7069.0,2.537
7070.0,2.537
7071.0,2.537
7072.0,2.4939999999999998
7073.0,2.537
7074.0,2.537
7075.0,2.4939999999999998
7076.0,2.537
7077.0,2.537
7078.0,2.537
7079.0,2.537
7080.0,2.537
7081.0,2.537
7082.0,2.537
7083.0,2.537
7084.0,2.537
7085.0,2.537
7086.0,2.537
7087.0,2.537
7088.0,2.4939999999999998
7089.0,2.537
7090.0,2.4939999999999998
7091.0,2.537
7092.0,2.537
7093.0,2.537
7094.0,2.537
7095.0,2.537
7096.0,2.537
7097.0,2.537
7098.0,2.537
7099.0,2.537
7100.0,2.537
7101.0,2.537
7102.0,2.537
7103.0,2.537
7104.0,2.537
7105.0,2.537
7106.0,2.537
7107.0,2.537
7108.0,2.537
7109.0,2.537
7110.0,2.537
7111.0,2.537
7112.0,2.537
7113.0,2.537
7114.0,2.537
7115.0,2.537
7116.0,2.4939999999999998
7117.0,2.4939999999999998
7118.0,2.537
7119.0,2.537
7120.0,2.537
7121.0,2.537
7122.0,2.537
7123.0,2.4939999999999998
7124.0,2.537
7125.0,2.4939999999999998
7126.0,2.4939999999999998
7127.0,2.4939999999999998
7128.0,2.537
7129.0,2.537
7130.0,2.537
7131.0,2.4939999999999998
7132.0,2.537
7133.0,2.537
7134.0,2.537
7135.0,2.537
7136.0,2.537
7137.0,2.537
7138.0,2.537
7139.0,2.537
7140.0,2.537
7141.0,2.4939999999999998
7142.0,2.537
7143.0,2.537
7144.0,2.537
7145.0,2.537
7146.0,2.537
7147.0,2.537
7148.0,2.537
7149.0,2.537
7150.0,2.537
7151.0,2.537
7152.0,2.537
7153.0,2.537
7154.0,2.537
7155.0,2.4939999999999998
7156.0,2.4939999999999998
7157.0,2.4939999999999998
7158.0,2.537
7159.0,2.537
7160.0,2.4939999999999998
7161.0,2.4939999999999998
7162.0,2.537
7163.0,2.537
7164.0,2.537
7165.0,2.537
7166.0,2.537
7167.0,2.4939999999999998
7168.0,2.537
7169.0,2.537
7170.0,2.537
7171.0,2.537
7172.0,2.537
7173.0,2.4939999999999998
7174.0,2.537
7175.0,2.4939999999999998
7176.0,2.537
7177.0,2.4939999999999998
7178.0,2.537
7179.0,2.537
7180.0,2.537
7181.0,2.4939999999999998
7182.0,2.537
7183.0,2.4939999999999998
7184.0,2.537
7185.0,2.537
7186.0,2.537
7187.0,2.537
7188.0,2.537
7189.0,2.537
7190.0,2.537
7191.0,2.4939999999999998
7192.0,2.537
7193.0,2.4939999999999998
7194.0,2.537
7195.0,2.537
7196.0,2.537
7197.0,2.4939999999999998
7198.0,2.4939999999999998
7199.0,2.4939999999999998
7200.0,2.537
7201.0,2.4939999999999998
7202.0,2.537
7203.0,2.4939999999999998
7204.0,2.537
7205.0,2.537
7206.0,2.537
7207.0,2.537
7208.0,2.537
7209.0,2.4939999999999998
7210.0,2.537
7211.0,2.537
7212.0,2.537
7213.0,2.4939999999999998
7214.0,2.537
7215.0,2.4939999999999998
7216.0,2.537
7217.0,2.4939999999999998
7218.0,2.537
7219.0,2.537
7220.0,2.537
7221.0,2.537
7222.0,2.4939999999999998
7223.0,2.4939999999999998
7224.0,2.537
7225.0,2.4939999999999998
7226.0,2.537
7227.0,2.4939999999999998
7228.0,2.537
7229.0,2.537
7230.0,2.537
7231.0,2.537
7232.0,2.4939999999999998
7233.0,2.537
7234.0,2.537
7235.0,2.4939999999999998
7236.0,2.537
7237.0,2.4939999999999998
7238.0,2.537
7239.0,2.537
7240.0,2.537
7241.0,2.537
7242.0,2.537
7243.0,2.4939999999999998
7244.0,2.537
7245.0,2.537
7246.0,2.537
7247.0,2.537
7248.0,2.537
7249.0,2.4939999999999998
7250.0,2.537
7251.0,2.4939999999999998
7252.0,2.537
7253.0,2.537
7254.0,2.537
7255.0,2.537
7256.0,2.537
7257.0,2.537
7258.0,2.537
7259.0,2.537
7260.0,2.537
7261.0,2.537
7262.0,2.537
7263.0,2.537
7264.0,2.537
7265.0,2.4939999999999998
7266.0,2.537
7267.0,2.4939999999999998
7268.0,2.537
7269.0,2.537
7270.0,2.537
7271.0,2.4939999999999998
7272.0,2.537
7273.0,2.4939999999999998
7274.0,2.537
7275.0,2.4939999999999998
7276.0,2.537
7277.0,2.4939999999999998
7278.0,2.537
7279.0,2.4939999999999998
7280.0,2.537
7281.0,2.4939999999999998
7282.0,2.537
7283.0,2.4939999999999998
7284.0,2.537
7285.0,2.4939999999999998
7286.0,2.537
7287.0,2.537
7288.0,2.537
7289.0,2.4939999999999998
7290.0,2.4939999999999998
7291.0,2.537
7292.0,2.537
7293.0,2.4939999999999998
7294.0,2.537
7295.0,2.4939999999999998
7296.0,2.537
7297.0,2.537
7298.0,2.537
7299.0,2.537
7300.0,2.4939999999999998
7301.0,2.537
7302.0,2.537
7303.0,2.4939999999999998
7304.0,2.537
7305.0,2.4939999999999998
7306.0,2.537
7307.0,2.537
7308.0,2.4939999999999998
7309.0,2.4939999999999998
7310.0,2.537
7311.0,2.4939999999999998
7312.0,2.537
7313.0,2.4939999999999998
7314.0,2.537
7315.0,2.537
7316.0,2.537
7317.0,2.4939999999999998
7318.0,2.4939999999999998
7319.0,2.537
7320.0,2.537
7321.0,2.537
7322.0,2.537
7323.0,2.4939999999999998
7324.0,2.537
7325.0,2.4939999999999998
7326.0,2.537
7327.0,2.4939999999999998
7328.0,2.537
7329.0,2.537
7330.0,2.537
7331.0,2.4939999999999998
7332.0,2.537
7333.0,2.4939999999999998
7334.0,2.537
7335.0,2.4939999999999998
7336.0,2.537
7337.0,2.537
7338.0,2.537
7339.0,2.537
7340.0,2.537
7341.0,2.4939999999999998
7342.0,2.537
7343.0,2.537
7344.0,2.4939999999999998
7345.0,2.4939999999999998
7346.0,2.537
7347.0,2.537
7348.0,2.537
7349.0,2.537
7350.0,2.537
7351.0,2.4939999999999998
7352.0,2.4939999999999998
7353.0,2.537
7354.0,2.537
7355.0,2.537
7356.0,2.537
7357.0,2.4939999999999998
7358.0,2.537
7359.0,2.537
7360.0,2.537
7361.0,2.537
7362.0,2.4939999999999998
7363.0,2.537
7364.0,2.537
7365.0,2.537
7366.0,2.537
7367.0,2.4939999999999998
7368.0,2.537
7369.0,2.4939999999999998
7370.0,2.537
7371.0,2.537
7372.0,2.537
7373.0,2.537
7374.0,2.537
7375.0,2.537
7376.0,2.4939999999999998
7377.0,2.537
7378.0,2.537
7379.0,2.4939999999999998
7380.0,2.537
7381.0,2.537
7382.0,2.4939999999999998
7383.0,2.537
7384.0,2.4939999999999998
7385.0,2.4939999999999998
7386.0,2.4939999999999998
7387.0,2.4939999999999998
7388.0,2.537
7389.0,2.4939999999999998
7390.0,2.537
7391.0,2.4939999999999998
7392.0,2.537
7393.0,2.4939999999999998
7394.0,2.537
7395.0,2.537
7396.0,2.537
7397.0,2.537
7398.0,2.537
7399.0,2.537
7400.0,2.537
7401.0,2.537
7402.0,2.4939999999999998
7403.0,2.4939999999999998
7404.0,2.4939999999999998
7405.0,2.537
7406.0,2.4939999999999998
7407.0,2.4939999999999998
7408.0,2.537
7409.0,2.4939999999999998
7410.0,2.537
7411.0,2.4939999999999998
7412.0,2.537
7413.0,2.537
7414.0,2.537
7415.0,2.4939999999999998
7416.0,2.4939999999999998
7417.0,2.4939999999999998
7418.0,2.537
7419.0,2.4939999999999998
7420.0,2.537
7421.0,2.537
7422.0,2.537
7423.0,2.4939999999999998
7424.0,2.537
7425.0,2.537
7426.0,2.4939999999999998
7427.0,2.537
7428.0,2.537
7429.0,2.537
7430.0,2.537
7431.0,2.4939999999999998
7432.0,2.537
7433.0,2.4939999999999998
7434.0,2.4939999999999998
7435.0,2.4939999999999998
7436.0,2.537
7437.0,2.4939999999999998
7438.0,2.537
7439.0,2.4939999999999998
7440.0,2.537
7441.0,2.537
7442.0,2.4939999999999998
7443.0,2.537
7444.0,2.537
7445.0,2.537
7446.0,2.4939999999999998
7447.0,2.537
7448.0,2.4939999999999998
7449.0,2.537
7450.0,2.4939999999999998
7451.0,2.4939999999999998
7452.0,2.537
7453.0,2.537
7454.0,2.537
7455.0,2.537
7456.0,2.537
7457.0,2.4939999999999998
7458.0,2.4939999999999998
7459.0,2.4939999999999998
7460.0,2.4939999999999998
7461.0,2.4939999999999998
7462.0,2.537
7463.0,2.537
7464.0,2.4939999999999998
7465.0,2.4939999999999998
7466.0,2.4939999999999998
7467.0,2.4939999999999998
7468.0,2.537
7469.0,2.4939999999999998
7470.0,2.537
7471.0,2.4939999999999998
7472.0,2.537
7473.0,2.537
7474.0,2.537
7475.0,2.537
7476.0,2.537
7477.0,2.4939999999999998
7478.0,2.537
7479.0,2.537
7480.0,2.537
7481.0,2.4939999999999998
7482.0,2.537
7483.0,2.4939999999999998
7484.0,2.537
7485.0,2.4939999999999998
7486.0,2.537
7487.0,2.4939999999999998
7488.0,2.537
7489.0,2.537
7490.0,2.537
7491.0,2.4939999999999998
7492.0,2.537
7493.0,2.4939999999999998
7494.0,2.537
7495.0,2.537
7496.0,2.537
7497.0,2.4939999999999998
7498.0,2.4939999999999998
7499.0,2.4939999999999998
7500.0,2.537
7501.0,2.4939999999999998
7502.0,2.537
7503.0,2.4939999999999998
7504.0,2.537
7505.0,2.537
7506.0,2.537
7507.0,2.4939999999999998
7508.0,2.4939999999999998
7509.0,2.4939999999999998
7510.0,2.537
7511.0,2.4939999999999998
7512.0,2.537
7513.0,2.537
7514.0,2.537
7515.0,2.537
7516.0,2.537
7517.0,2.537
7518.0,2.537
7519.0,2.4939999999999998
7520.0,2.537
7521.0,2.4939999999999998
7522.0,2.537
7523.0,2.4939999999999998
7524.0,2.537
7525.0,2.537
7526.0,2.4939999999999998
7527.0,2.537
7528.0,2.537
7529.0,2.4939999999999998
7530.0,2.4939999999999998
7531.0,2.4939999999999998
7532.0,2.537
7533.0,2.4939999999999998
7534.0,2.537
7535.0,2.4939999999999998
7536.0,2.4939999999999998
7537.0,2.4939999999999998
7538.0,2.537
7539.0,2.537
7540.0,2.537
7541.0,2.4939999999999998
7542.0,2.537
7543.0,2.4939999999999998
7544.0,2.537
7545.0,2.4939999999999998
7546.0,2.537
7547.0,2.4939999999999998
7548.0,2.4939999999999998
7549.0,2.4939999999999998
7550.0,2.4939999999999998
7551.0,2.4939999999999998
7552.0,2.537
7553.0,2.4939999999999998
7554.0,2.537
7555.0,2.4939999999999998
7556.0,2.537
7557.0,2.537
7558.0,2.4939999999999998
7559.0,2.4939999999999998
7560.0,2.537
7561.0,2.4939999999999998
7562.0,2.537
7563.0,2.4939999999999998
7564.0,2.4939999999999998
7565.0,2.4939999999999998
7566.0,2.4939999999999998
7567.0,2.4939999999999998
7568.0,2.4939999999999998
7569.0,2.537
7570.0,2.4939999999999998
7571.0,2.537
7572.0,2.537
7573.0,2.4939999999999998
7574.0,2.4939999999999998
7575.0,2.4939999999999998
7576.0,2.537
7577.0,2.4939999999999998
7578.0,2.537
7579.0,2.4939999999999998
7580.0,2.537
7581.0,2.537
7582.0,2.537
7583.0,2.4939999999999998
7584.0,2.537
7585.0,2.4939999999999998
7586.0,2.537
7587.0,2.4939999999999998
7588.0,2.537
7589.0,2.4939999999999998
7590.0,2.537
7591.0,2.4939999999999998
7592.0,2.4939999999999998
7593.0,2.4939999999999998
7594.0,2.537
7595.0,2.4939999999999998
7596.0,2.4939999999999998
7597.0,2.4939999999999998
7598.0,2.4939999999999998
7599.0,2.4939999999999998
7600.0,2.537
7601.0,2.4939999999999998
7602.0,2.4939999999999998
7603.0,2.4939999999999998
7604.0,2.4939999999999998
7605.0,2.4939999999999998
7606.0,2.537
7607.0,2.4939999999999998
7608.0,2.4939999999999998
7609.0,2.4939999999999998
7610.0,2.4939999999999998
7611.0,2.4939999999999998
7612.0,2.4939999999999998
7613.0,2.4939999999999998
7614.0,2.4939999999999998
7615.0,2.4939999999999998
7616.0,2.4939999999999998
7617.0,2.4939999999999998
7618.0,2.537
7619.0,2.537
7620.0,2.537
7621.0,2.4939999999999998
7622.0,2.537
7623.0,2.4939999999999998
7624.0,2.537
7625.0,2.4939999999999998
7626.0,2.4939999999999998
7627.0,2.4939999999999998
7628.0,2.537
7629.0,2.4939999999999998
7630.0,2.537
7631.0,2.4939999999999998
7632.0,2.537
7633.0,2.4939999999999998
7634.0,2.4939999999999998
7635.0,2.4939999999999998
7636.0,2.537
7637.0,2.4939999999999998
7638.0,2.537
7639.0,2.4939999999999998
7640.0,2.537
7641.0,2.4939999999999998
7642.0,2.537
7643.0,2.4939999999999998
7644.0,2.4939999999999998
7645.0,2.4939999999999998
7646.0,2.537
7647.0,2.4939999999999998
7648.0,2.537
7649.0,2.4939999999999998
7650.0,2.537
7651.0,2.4939999999999998
7652.0,2.537
7653.0,2.4939999999999998
7654.0,2.4939999999999998
7655.0,2.537
7656.0,2.4939999999999998
7657.0,2.537
7658.0,2.4939999999999998
7659.0,2.4939999999999998
7660.0,2.4939999999999998
7661.0,2.537
7662.0,2.537
7663.0,2.4939999999999998
7664.0,2.537
7665.0,2.4939999999999998
7666.0,2.537
7667.0,2.537
7668.0,2.537
7669.0,2.4939999999999998
7670.0,2.4939999999999998
7671.0,2.4939999999999998
7672.0,2.4939999999999998
7673.0,2.4939999999999998
7674.0,2.537
7675.0,2.4939999999999998
7676.0,2.537
7677.0,2.4939999999999998
7678.0,2.4939999999999998
7679.0,2.4939999999999998
7680.0,2.4939999999999998
7681.0,2.4939999999999998
7682.0,2.537
7683.0,2.4939999999999998
7684.0,2.4939999999999998
7685.0,2.537
7686.0,2.4939999999999998
7687.0,2.4939999999999998
7688.0,2.4939999999999998
7689.0,2.4939999999999998
7690.0,2.537
7691.0,2.4939999999999998
7692.0,2.4939999999999998
7693.0,2.4939999999999998
7694.0,2.537
7695.0,2.4939999999999998
7696.0,2.4939999999999998
7697.0,2.4939999999999998
7698.0,2.4939999999999998
7699.0,2.4939999999999998
7700.0,2.4939999999999998
7701.0,2.4939999999999998
7702.0,2.4939999999999998
7703.0,2.537
7704.0,2.4939999999999998
7705.0,2.4939999999999998
7706.0,2.537
7707.0,2.4939999999999998
7708.0,2.4939999999999998
7709.0,2.4939999999999998
7710.0,2.4939999999999998
7711.0,2.4939999999999998
7712.0,2.537
7713.0,2.537
7714.0,2.537
7715.0,2.4939999999999998
7716.0,2.4939999999999998
7717.0,2.4939999999999998
7718.0,2.4939999999999998
7719.0,2.4939999999999998
7720.0,2.4939999999999998
7721.0,2.4939999999999998
7722.0,2.537
7723.0,2.4939999999999998
7724.0,2.537
7725.0,2.4939999999999998
7726.0,2.4939999999999998
7727.0,2.4939999999999998
7728.0,2.537
7729.0,2.4939999999999998
7730.0,2.537
7731.0,2.4939999999999998
7732.0,2.537
7733.0,2.4939999999999998
7734.0,2.537
7735.0,2.4939999999999998
7736.0,2.537
7737.0,2.4939999999999998
7738.0,2.4939999999999998
7739.0,2.537
7740.0,2.537
7741.0,2.537
7742.0,2.537
7743.0,2.4939999999999998
7744.0,2.537
7745.0,2.4939999999999998
7746.0,2.4939999999999998
7747.0,2.4939999999999998
7748.0,2.4939999999999998
7749.0,2.4939999999999998
7750.0,2.537
7751.0,2.4939999999999998
7752.0,2.537
7753.0,2.537
7754.0,2.537
7755.0,2.4939999999999998
7756.0,2.537
7757.0,2.4939999999999998
7758.0,2.537
7759.0,2.4939999999999998
7760.0,2.4939999999999998
7761.0,2.4939999999999998
7762.0,2.4939999999999998
7763.0,2.4939999999999998
7764.0,2.4939999999999998
7765.0,2.4939999999999998
7766.0,2.4939999999999998
7767.0,2.4939999999999998
7768.0,2.4939999999999998
7769.0,2.4939999999999998
7770.0,2.537
7771.0,2.537
7772.0,2.537
7773.0,2.4939999999999998
7774.0,2.4939999999999998
7775.0,2.4939999999999998
7776.0,2.4939999999999998
7777.0,2.4939999999999998
7778.0,2.537
7779.0,2.4939999999999998
7780.0,2.537
7781.0,2.4939999999999998
7782.0,2.4939999999999998
7783.0,2.4939999999999998
7784.0,2.4939999999999998
7785.0,2.4939999999999998
7786.0,2.537
7787.0,2.4939999999999998
7788.0,2.4939999999999998
7789.0,2.4939999999999998
7790.0,2.4939999999999998
7791.0,2.4939999999999998
7792.0,2.4939999999999998
7793.0,2.4939999999999998
7794.0,2.4939999999999998
7795.0,2.4939999999999998
7796.0,2.4939999999999998
7797.0,2.537
7798.0,2.537
7799.0,2.4939999999999998
7800.0,2.4939999999999998
7801.0,2.4939999999999998
7802.0,2.537
7803.0,2.537
7804.0,2.4939999999999998
7805.0,2.537
7806.0,2.537
7807.0,2.4939999999999998
7808.0,2.4939999999999998
7809.0,2.4939999999999998
7810.0,2.4939999999999998
7811.0,2.4939999999999998
7812.0,2.4939999999999998
7813.0,2.4939999999999998
7814.0,2.4939999999999998
7815.0,2.4939999999999998
7816.0,2.4939999999999998
7817.0,2.4939999999999998
7818.0,2.4939999999999998
7819.0,2.4939999999999998
7820.0,2.4939999999999998
7821.0,2.4939999999999998
7822.0,2.537
7823.0,2.4939999999999998
7824.0,2.537
7825.0,2.4939999999999998
7826.0,2.4939999999999998
7827.0,2.4939999999999998
7828.0,2.537
7829.0,2.4939999999999998
7830.0,2.537
7831.0,2.537
7832.0,2.4939999999999998
7833.0,2.4939999999999998
7834.0,2.537
7835.0,2.537
7836.0,2.537
7837.0,2.4939999999999998
7838.0,2.4939999999999998
7839.0,2.4939999999999998
7840.0,2.4939999999999998
7841.0,2.4939999999999998
7842.0,2.537
7843.0,2.4509999999999996
7844.0,2.4939999999999998
7845.0,2.4939999999999998
7846.0,2.537
7847.0,2.537
7848.0,2.537
7849.0,2.4939999999999998
7850.0,2.4939999999999998
7851.0,2.4939999999999998
7852.0,2.4939999999999998
7853.0,2.4939999999999998
7854.0,2.537
7855.0,2.537
7856.0,2.537
7857.0,2.537
7858.0,2.4939999999999998
7859.0,2.4939999999999998
7860.0,2.4939999999999998
7861.0,2.4939999999999998
7862.0,2.4939999999999998
7863.0,2.4939999999999998
7864.0,2.537
7865.0,2.4939999999999998
7866.0,2.4939999999999998
7867.0,2.4939999999999998
7868.0,2.4939999999999998
7869.0,2.4939999999999998
7870.0,2.4939999999999998
7871.0,2.537
7872.0,2.4939999999999998
7873.0,2.4939999999999998
7874.0,2.4939999999999998
7875.0,2.4939999999999998
7876.0,2.4939999999999998
7877.0,2.4939999999999998
7878.0,2.537
7879.0,2.4939999999999998
7880.0,2.537
7881.0,2.537
7882.0,2.537
7883.0,2.4939999999999998
7884.0,2.4939999999999998
7885.0,2.4939999999999998
7886.0,2.537
7887.0,2.4939999999999998
7888.0,2.537
7889.0,2.4939999999999998
7890.0,2.537
7891.0,2.4939999999999998
7892.0,2.4939999999999998
7893.0,2.4939999999999998
7894.0,2.4939999999999998
7895.0,2.4939999999999998
7896.0,2.537
7897.0,2.4939999999999998
7898.0,2.537
7899.0,2.4939999999999998
7900.0,2.4939999999999998
7901.0,2.4939999999999998
7902.0,2.4939999999999998
7903.0,2.4939999999999998
7904.0,2.537
7905.0,2.4939999999999998
7906.0,2.537
7907.0,2.4939999999999998
7908.0,2.4939999999999998
7909.0,2.4939999999999998
7910.0,2.537
7911.0,2.4939999999999998
7912.0,2.537
7913.0,2.4939999999999998
7914.0,2.4939999999999998
7915.0,2.4939999999999998
7916.0,2.4939999999999998
7917.0,2.4939999999999998
7918.0,2.4939999999999998
7919.0,2.4939999999999998
7920.0,2.537
7921.0,2.4939999999999998
7922.0,2.537
7923.0,2.4939999999999998
7924.0,2.4939999999999998
7925.0,2.4939999999999998
7926.0,2.537
7927.0,2.4939999999999998
7928.0,2.4939999999999998
7929.0,2.537
7930.0,2.537
7931.0,2.4939999999999998
7932.0,2.4939999999999998
7933.0,2.4939999999999998
7934.0,2.537
7935.0,2.4939999999999998
7936.0,2.4939999999999998
7937.0,2.537
7938.0,2.537
7939.0,2.4939999999999998
7940.0,2.537
7941.0,2.4939999999999998
7942.0,2.537
7943.0,2.4939999999999998
7944.0,2.537
7945.0,2.4939999999999998
7946.0,2.537
7947.0,2.4939999999999998
7948.0,2.537
7949.0,2.537
7950.0,2.4939999999999998
7951.0,2.4939999999999998
7952.0,2.4939999999999998
7953.0,2.4939999999999998
7954.0,2.4939999999999998
7955.0,2.4939999999999998
7956.0,2.4939999999999998
7957.0,2.4939999999999998
7958.0,2.537
7959.0,2.537
7960.0,2.4939999999999998
7961.0,2.4939999999999998
7962.0,2.4939999999999998
7963.0,2.537
7964.0,2.537
7965.0,2.4939999999999998
7966.0,2.4939999999999998
7967.0,2.4939999999999998
7968.0,2.4939999999999998
7969.0,2.4939999999999998
7970.0,2.4939999999999998
7971.0,2.4939999999999998
7972.0,2.4939999999999998
7973.0,2.4939999999999998
7974.0,2.4939999999999998
7975.0,2.4939999999999998
7976.0,2.4939999999999998
7977.0,2.4939999999999998
7978.0,2.537
7979.0,2.4939999999999998
7980.0,2.4939999999999998
7981.0,2.4939999999999998
7982.0,2.537
7983.0,2.4939999999999998
7984.0,2.537
7985.0,2.4939999999999998
7986.0,2.4939999999999998
7987.0,2.4939999999999998
7988.0,2.537
7989.0,2.4939999999999998
7990.0,2.4939999999999998
7991.0,2.4939999999999998
7992.0,2.4939999999999998
7993.0,2.4939999999999998
7994.0,2.4939999999999998
7995.0,2.4939999999999998
7996.0,2.4939999999999998
7997.0,2.537
7998.0,2.4939999999999998
7999.0,2.4939999999999998
8000.0,2.4939999999999998
8001.0,2.4939999999999998
8002.0,2.4939999999999998
8003.0,2.4939999999999998
8004.0,2.4939999999999998
8005.0,2.4939999999999998
8006.0,2.537
8007.0,2.537
8008.0,2.4939999999999998
8009.0,2.4939999999999998
8010.0,2.537
8011.0,2.537
8012.0,2.537
8013.0,2.4939999999999998
8014.0,2.4939999999999998
8015.0,2.4939999999999998
8016.0,2.537
8017.0,2.4939999999999998
8018.0,2.4939999999999998
8019.0,2.4939999999999998
8020.0,2.537
8021.0,2.537
8022.0,2.537
8023.0,2.4939999999999998
8024.0,2.537
8025.0,2.4939999999999998
8026.0,2.4939999999999998
8027.0,2.4939999999999998
8028.0,2.4939999999999998
8029.0,2.4939999999999998
8030.0,2.4939999999999998
8031.0,2.4939999999999998
8032.0,2.4939999999999998
8033.0,2.4939999999999998
8034.0,2.4939999999999998
8035.0,2.4939999999999998
8036.0,2.4939999999999998
8037.0,2.4939999999999998
8038.0,2.537
8039.0,2.4939999999999998
8040.0,2.4939999999999998
8041.0,2.4939999999999998
8042.0,2.4939999999999998
8043.0,2.4939999999999998
8044.0,2.4939999999999998
8045.0,2.4939999999999998
8046.0,2.4939999999999998
8047.0,2.4939999999999998
8048.0,2.537
8049.0,2.4939999999999998
8050.0,2.4939999999999998
8051.0,2.4939999999999998
8052.0,2.4939999999999998
8053.0,2.4939999999999998
8054.0,2.4939999999999998
8055.0,2.4939999999999998
8056.0,2.4939999999999998
8057.0,2.4939999999999998
8058.0,2.537
8059.0,2.4939999999999998
8060.0,2.4939999999999998
8061.0,2.4939999999999998
8062.0,2.4939999999999998
8063.0,2.4939999999999998
8064.0,2.4939999999999998
8065.0,2.4939999999999998
8066.0,2.537
8067.0,2.4939999999999998
8068.0,2.4939999999999998
8069.0,2.4939999999999998
8070.0,2.4939999999999998
8071.0,2.4939999999999998
8072.0,2.4939999999999998
8073.0,2.4939999999999998
8074.0,2.4939999999999998
8075.0,2.4939999999999998
8076.0,2.537
8077.0,2.4939999999999998
8078.0,2.537
8079.0,2.4939999999999998
8080.0,2.4939999999999998
8081.0,2.4939999999999998
8082.0,2.4939999999999998
8083.0,2.4939999999999998
8084.0,2.4939999999999998
8085.0,2.4939999999999998
8086.0,2.4939999999999998
8087.0,2.4939999999999998
8088.0,2.537
8089.0,2.537
8090.0,2.4939999999999998
8091.0,2.4939999999999998
8092.0,2.4939999999999998
8093.0,2.4939999999999998
8094.0,2.4939999999999998
8095.0,2.4939999999999998
8096.0,2.4939999999999998
8097.0,2.4939999999999998
8098.0,2.4939999999999998
8099.0,2.4939999999999998
8100.0,2.4939999999999998
8101.0,2.4939999999999998
8102.0,2.4939999999999998
8103.0,2.4939999999999998
8104.0,2.4939999999999998
8105.0,2.537
8106.0,2.537
8107.0,2.4939999999999998
8108.0,2.4939999999999998
8109.0,2.4939999999999998
8110.0,2.4939999999999998
8111.0,2.4939999999999998
8112.0,2.4939999999999998
8113.0,2.4939999999999998
8114.0,2.4939999999999998
8115.0,2.4939999999999998
8116.0,2.4939999999999998
8117.0,2.4939999999999998
8118.0,2.4939999999999998
8119.0,2.4939999999999998
8120.0,2.4939999999999998
8121.0,2.4939999999999998
8122.0,2.4939999999999998
8123.0,2.4939999999999998
8124.0,2.4939999999999998
8125.0,2.4939999999999998
8126.0,2.4939999999999998
8127.0,2.4939999999999998
8128.0,2.4939999999999998
8129.0,2.4939999999999998
8130.0,2.4939999999999998
8131.0,2.4509999999999996
8132.0,2.4939999999999998
8133.0,2.4939999999999998
8134.0,2.537
8135.0,2.4939999999999998
8136.0,2.4939999999999998
8137.0,2.4939999999999998
8138.0,2.537
8139.0,2.4939999999999998
8140.0,2.537
8141.0,2.4509999999999996
8142.0,2.4939999999999998
8143.0,2.4939999999999998
8144.0,2.4939999999999998
8145.0,2.4939999999999998
8146.0,2.537
8147.0,2.4939999999999998
8148.0,2.4939999999999998
8149.0,2.4939999999999998
8150.0,2.537
8151.0,2.4939999999999998
8152.0,2.4939999999999998
8153.0,2.537
8154.0,2.537
8155.0,2.4939999999999998
8156.0,2.537
8157.0,2.4939999999999998
8158.0,2.4939999999999998
8159.0,2.4939999999999998
8160.0,2.4939999999999998
8161.0,2.4939999999999998
8162.0,2.4939999999999998
8163.0,2.4939999999999998
8164.0,2.4939999999999998
8165.0,2.4939999999999998
8166.0,2.4939999999999998
8167.0,2.4939999999999998
8168.0,2.4939999999999998
8169.0,2.4939999999999998
8170.0,2.537
8171.0,2.4939999999999998
8172.0,2.4939999999999998
8173.0,2.4939999999999998
8174.0,2.4939999999999998
8175.0,2.4939999999999998
8176.0,2.4939999999999998
8177.0,2.4939999999999998
8178.0,2.4939999999999998
8179.0,2.4939999999999998
8180.0,2.537
8181.0,2.4939999999999998
8182.0,2.4939999999999998
8183.0,2.537
8184.0,2.537
8185.0,2.4939999999999998
8186.0,2.4939999999999998
8187.0,2.4939999999999998
8188.0,2.4939999999999998
8189.0,2.4939999999999998
8190.0,2.4939999999999998
8191.0,2.4939999999999998
8192.0,2.4939999999999998
8193.0,2.4939999999999998
8194.0,2.4939999999999998
8195.0,2.4939999999999998
8196.0,2.4939999999999998
8197.0,2.4939999999999998
8198.0,2.4939999999999998
8199.0,2.4939999999999998
8200.0,2.4939999999999998
8201.0,2.4939999999999998
8202.0,2.4939999999999998
8203.0,2.4509999999999996
8204.0,2.4939999999999998
8205.0,2.4939999999999998
8206.0,2.4939999999999998
8207.0,2.4939999999999998
8208.0,2.4939999999999998
8209.0,2.4939999999999998
8210.0,2.4939999999999998
8211.0,2.4939999999999998
8212.0,2.4939999999999998
8213.0,2.4939999999999998
8214.0,2.4939999999999998
8215.0,2.4939999999999998
8216.0,2.4939999999999998
8217.0,2.4939999999999998
8218.0,2.4939999999999998
8219.0,2.4939999999999998
8220.0,2.4939999999999998
8221.0,2.4939999999999998
8222.0,2.537
8223.0,2.4939999999999998
8224.0,2.4939999999999998
8225.0,2.4939999999999998
8226.0,2.4939999999999998
8227.0,2.4939999999999998
8228.0,2.4939999999999998
8229.0,2.4939999999999998
8230.0,2.537
8231.0,2.4939999999999998
8232.0,2.4939999999999998
8233.0,2.4939999999999998
8234.0,2.4939999999999998
8235.0,2.4939999999999998
8236.0,2.4939999999999998
8237.0,2.4939999999999998
8238.0,2.4939999999999998
8239.0,2.4939999999999998
8240.0,2.537
8241.0,2.4939999999999998
8242.0,2.4939999999999998
8243.0,2.4939999999999998
8244.0,2.4939999999999998
8245.0,2.4939999999999998
8246.0,2.4939999999999998
8247.0,2.4939999999999998
8248.0,2.4939999999999998
8249.0,2.4939999999999998
8250.0,2.4939999999999998
8251.0,2.4939999999999998
8252.0,2.4939999999999998
8253.0,2.4939999999999998
8254.0,2.4939999999999998
8255.0,2.4939999999999998
8256.0,2.4939999999999998
8257.0,2.4939999999999998
8258.0,2.4939999999999998
8259.0,2.4939999999999998
8260.0,2.4939999999999998
8261.0,2.4939999999999998
8262.0,2.4939999999999998
8263.0,2.4939999999999998
8264.0,2.4939999999999998
8265.0,2.4939999999999998
8266.0,2.4939999999999998
8267.0,2.4939999999999998
8268.0,2.4939999999999998
8269.0,2.4939999999999998
8270.0,2.537
8271.0,2.4939999999999998
8272.0,2.4939999999999998
8273.0,2.4939999999999998
8274.0,2.4939999999999998
8275.0,2.4939999999999998
8276.0,2.4939999999999998
8277.0,2.4939999999999998
8278.0,2.4939999999999998
8279.0,2.4939999999999998
8280.0,2.537
8281.0,2.537
8282.0,2.4939999999999998
8283.0,2.4939999999999998
8284.0,2.4939999999999998
8285.0,2.4939999999999998
8286.0,2.4939999999999998
8287.0,2.4939999999999998
8288.0,2.4939999999999998
8289.0,2.4939999999999998
8290.0,2.4939999999999998
8291.0,2.4939999999999998
8292.0,2.4939999999999998
8293.0,2.4939999999999998
8294.0,2.4939999999999998
8295.0,2.4939999999999998
8296.0,2.537
8297.0,2.4939999999999998
8298.0,2.4939999999999998
8299.0,2.537
8300.0,2.4939999999999998
8301.0,2.4939999999999998
8302.0,2.4939999999999998
8303.0,2.4939999999999998
8304.0,2.4939999999999998
8305.0,2.537
8306.0,2.4939999999999998
8307.0,2.4939999999999998
8308.0,2.4939999999999998
8309.0,2.4939999999999998
8310.0,2.537
8311.0,2.4509999999999996
8312.0,2.4939999999999998
8313.0,2.4939999999999998
8314.0,2.4939999999999998
8315.0,2.4939999999999998
8316.0,2.537
8317.0,2.4939999999999998
8318.0,2.4939999999999998
8319.0,2.4939999999999998
8320.0,2.537
8321.0,2.4509999999999996
8322.0,2.4939999999999998
8323.0,2.4939999999999998
8324.0,2.4939999999999998
8325.0,2.4509999999999996
8326.0,2.537
8327.0,2.4509999999999996
8328.0,2.4939999999999998
8329.0,2.4939999999999998
8330.0,2.4939999999999998
8331.0,2.4939999999999998
8332.0,2.4939999999999998
8333.0,2.4939999999999998
8334.0,2.4939999999999998
8335.0,2.4939999999999998
8336.0,2.4939999999999998
8337.0,2.4939999999999998
8338.0,2.4939999999999998
8339.0,2.4939999999999998
8340.0,2.4939999999999998
8341.0,2.4939999999999998
8342.0,2.4939999999999998
8343.0,2.4939999999999998
8344.0,2.4939999999999998
8345.0,2.4939999999999998
8346.0,2.537
8347.0,2.4939999999999998
8348.0,2.537
8349.0,2.4939999999999998
8350.0,2.4939999999999998
8351.0,2.4939999999999998
8352.0,2.537
8353.0,2.4939999999999998
8354.0,2.537
8355.0,2.4939999999999998
8356.0,2.4939999999999998
8357.0,2.4509999999999996
8358.0,2.4939999999999998
8359.0,2.4939999999999998
8360.0,2.4939999999999998
8361.0,2.4939999999999998
8362.0,2.537
8363.0,2.4939999999999998
8364.0,2.537
8365.0,2.4939999999999998
8366.0,2.4939999999999998
8367.0,2.4939999999999998
8368.0,2.4939999999999998
8369.0,2.4939999999999998
8370.0,2.4939999999999998
8371.0,2.4939999999999998
8372.0,2.4939999999999998
8373.0,2.4939999999999998
8374.0,2.4939999999999998
8375.0,2.4939999999999998
8376.0,2.4939999999999998
8377.0,2.4939999999999998
8378.0,2.537
8379.0,2.4939999999999998
8380.0,2.537
8381.0,2.4939999999999998
8382.0,2.4939999999999998
8383.0,2.4939999999999998
8384.0,2.4939999999999998
8385.0,2.4939999999999998
8386.0,2.4939999999999998
8387.0,2.4939999999999998
8388.0,2.4939999999999998
8389.0,2.4939999999999998
8390.0,2.537
8391.0,2.4939999999999998
8392.0,2.4939999999999998
8393.0,2.4939999999999998
8394.0,2.537
8395.0,2.4509999999999996
8396.0,2.4939999999999998
8397.0,2.4939999999999998
8398.0,2.4939999999999998
8399.0,2.4939999999999998
8400.0,2.4939999999999998
8401.0,2.4509999999999996
8402.0,2.4939999999999998
8403.0,2.4939999999999998
8404.0,2.537
8405.0,2.4939999999999998
8406.0,2.4939999999999998
8407.0,2.4939999999999998
8408.0,2.4939999999999998
8409.0,2.4939999999999998
8410.0,2.4939999999999998
8411.0,2.4939999999999998
8412.0,2.4939999999999998
8413.0,2.4939999999999998
8414.0,2.4939999999999998
8415.0,2.4939999999999998
8416.0,2.4939999999999998
8417.0,2.4939999999999998
8418.0,2.4939999999999998
8419.0,2.4939999999999998
8420.0,2.4939999999999998
8421.0,2.4939999999999998
8422.0,2.4939999999999998
8423.0,2.4939999999999998
8424.0,2.4939999999999998
8425.0,2.4939999999999998
8426.0,2.4939999999999998
8427.0,2.4939999999999998
8428.0,2.4939999999999998
8429.0,2.4939999999999998
8430.0,2.537
8431.0,2.4939999999999998
8432.0,2.4939999999999998
8433.0,2.4939999999999998
8434.0,2.4939999999999998
8435.0,2.4939999999999998
8436.0,2.4939999999999998
8437.0,2.4939999999999998
8438.0,2.4939999999999998
8439.0,2.4939999999999998
8440.0,2.4939999999999998
8441.0,2.4939999999999998
8442.0,2.4939999999999998
8443.0,2.4939999999999998
8444.0,2.4939999999999998
8445.0,2.4939999999999998
8446.0,2.4939999999999998
8447.0,2.537
8448.0,2.537
8449.0,2.4939999999999998
8450.0,2.4939999999999998
8451.0,2.4939999999999998
8452.0,2.4939999999999998
8453.0,2.4939999999999998
8454.0,2.4939999999999998
8455.0,2.4939999999999998
8456.0,2.537
8457.0,2.4939999999999998
8458.0,2.537
8459.0,2.4939999999999998
8460.0,2.4939999999999998
8461.0,2.4939999999999998
8462.0,2.4939999999999998
8463.0,2.537
8464.0,2.4939999999999998
8465.0,2.4939999999999998
8466.0,2.4939999999999998
8467.0,2.4939999999999998
8468.0,2.4939999999999998
8469.0,2.4939999999999998
8470.0,2.4939999999999998
8471.0,2.4939999999999998
8472.0,2.4939999999999998
8473.0,2.4939999999999998
8474.0,2.4939999999999998
8475.0,2.4939999999999998
8476.0,2.4939999999999998
8477.0,2.4939999999999998
8478.0,2.4939999999999998
8479.0,2.4939999999999998
8480.0,2.4939999999999998
8481.0,2.4509999999999996
8482.0,2.4939999999999998
8483.0,2.4939999999999998
8484.0,2.4939999999999998
8485.0,2.4939999999999998
8486.0,2.4939999999999998
8487.0,2.4939999999999998
8488.0,2.4939999999999998
8489.0,2.4939999999999998
8490.0,2.4939999999999998
8491.0,2.4939999999999998
8492.0,2.4939999999999998
8493.0,2.4939999999999998
8494.0,2.4939999999999998
8495.0,2.4939999999999998
8496.0,2.4939999999999998
8497.0,2.4939999999999998
8498.0,2.4939999999999998
8499.0,2.4939999999999998
8500.0,2.4939999999999998
8501.0,2.4939999999999998
8502.0,2.4939999999999998
8503.0,2.4939999999999998
8504.0,2.4939999999999998
8505.0,2.4939999999999998
8506.0,2.4939999999999998
8507.0,2.4939999999999998
8508.0,2.537
8509.0,2.4509999999999996
8510.0,2.4939999999999998
8511.0,2.4939999999999998
8512.0,2.4939999999999998
8513.0,2.4939999999999998
8514.0,2.4939999999999998
8515.0,2.4939999999999998
8516.0,2.4939999999999998
8517.0,2.4939999999999998
8518.0,2.4939999999999998
8519.0,2.4939999999999998
8520.0,2.4939999999999998
8521.0,2.4939999999999998
8522.0,2.4939999999999998
8523.0,2.4939999999999998
8524.0,2.4939999999999998
8525.0,2.4939999999999998
8526.0,2.4939999999999998
8527.0,2.4939999999999998
8528.0,2.4939999999999998
8529.0,2.4939999999999998
8530.0,2.4939999999999998
8531.0,2.4939999999999998
8532.0,2.4939999999999998
8533.0,2.4939999999999998
