time_ms,diameter_mm
0.0,2.537
1.0,2.537
2.0,2.537
3.0,2.4939999999999998
4.0,2.537
5.0,2.4939999999999998
6.0,2.537
7.0,2.4939999999999998
8.0,2.537
9.0,2.4939999999999998
10.0,2.537
11.0,2.4939999999999998
12.0,2.4939999999999998
13.0,2.4509999999999996
14.0,2.4939999999999998
15.0,2.4939999999999998
16.0,2.4939999999999998
17.0,2.4939999999999998
18.0,2.4939999999999998
19.0,2.4509999999999996
20.0,2.4509999999999996
21.0,2.4509999999999996
22.0,2.4509999999999996
23.0,2.4939999999999998
24.0,2.4939999999999998
25.0,2.4509999999999996
26.0,2.4509999999999996
27.0,2.4509999999999996
28.0,2.4509999999999996
29.0,2.4509999999999996
30.0,2.4509999999999996
31.0,2.4509999999999996
32.0,2.4509999999999996
33.0,2.4509999999999996
34.0,2.408
35.0,2.408
36.0,2.408
37.0,2.408
38.0,2.408
39.0,2.408
40.0,2.408
41.0,2.408
42.0,2.4509999999999996
43.0,2.408
44.0,2.4509999999999996
45.0,2.408
46.0,2.408
47.0,2.408
48.0,2.408
49.0,2.408
50.0,2.408
51.0,2.408
52.0,2.3649999999999998
53.0,2.408
54.0,2.3649999999999998
55.0,2.408
56.0,2.3649999999999998
57.0,2.3649999999999998
58.0,2.408
59.0,2.3649999999999998
60.0,2.3649999999999998
61.0,2.3649999999999998
62.0,2.3649999999999998
63.0,2.408
64.0,2.3649999999999998
65.0,2.408
66.0,2.408
67.0,2.3649999999999998
68.0,2.3649999999999998
69.0,2.3649999999999998
70.0,2.3219999999999996
71.0,2.3649999999999998
72.0,2.3649999999999998
73.0,2.3649999999999998
74.0,2.3649999999999998
75.0,2.3649999999999998
76.0,2.3649999999999998
77.0,2.3649999999999998
78.0,2.3649999999999998
79.0,2.3649999999999998
80.0,2.3649999999999998
81.0,2.3219999999999996
82.0,2.3649999999999998
83.0,2.3649999999999998
84.0,2.3219999999999996
85.0,2.3219999999999996
86.0,2.3219999999999996
87.0,2.279
88.0,2.3649999999999998
89.0,2.279
90.0,2.3219999999999996
91.0,2.3219999999999996
92.0,2.3219999999999996
93.0,2.3219999999999996
94.0,2.3219999999999996
95.0,2.3219999999999996
96.0,2.3219999999999996
97.0,2.279
98.0,2.3219999999999996
99.0,2.3219999999999996
100.0,2.3219999999999996
101.0,2.3219999999999996
102.0,2.3219999999999996
103.0,2.3219999999999996
104.0,2.3219999999999996
105.0,2.279
106.0,2.3219999999999996
107.0,2.279
108.0,2.3219999999999996
109.0,2.279
110.0,2.279
111.0,2.279
112.0,2.279
113.0,2.279
114.0,2.279
115.0,2.3219999999999996
116.0,2.3219999999999996
117.0,2.3219999999999996
118.0,2.279
119.0,2.279
120.0,2.279
121.0,2.279
122.0,2.279
123.0,2.279
124.0,2.279
125.0,2.279
126.0,2.279
127.0,2.279
128.0,2.279
129.0,2.279
130.0,2.279
131.0,2.279
132.0,2.3219999999999996
133.0,2.279
134.0,2.279
135.0,2.279
136.0,2.2359999999999998
137.0,2.279
138.0,2.279
139.0,2.279
140.0,2.279
141.0,2.2359999999999998
142.0,2.279
143.0,2.2359999999999998
144.0,2.279
145.0,2.2359999999999998
146.0,2.2359999999999998
147.0,2.2359999999999998
148.0,2.279
149.0,2.279
150.0,2.2359999999999998
151.0,2.2359999999999998
152.0,2.2359999999999998
153.0,2.2359999999999998
154.0,2.2359999999999998
155.0,2.2359999999999998
156.0,2.279
157.0,2.2359999999999998
158.0,2.2359999999999998
159.0,2.2359999999999998
160.0,2.2359999999999998
161.0,2.2359999999999998
162.0,2.1929999999999996
163.0,2.1929999999999996
164.0,2.2359999999999998
165.0,2.2359999999999998
166.0,2.2359999999999998
167.0,2.2359999999999998
168.0,2.2359999999999998
169.0,2.1929999999999996
170.0,2.1929999999999996
171.0,2.1929999999999996
172.0,2.2359999999999998
173.0,2.2359999999999998
174.0,2.1929999999999996
175.0,2.2359999999999998
176.0,2.2359999999999998
177.0,2.1929999999999996
178.0,2.1929999999999996
179.0,2.1929999999999996
180.0,2.1929999999999996
181.0,2.1929999999999996
182.0,2.2359999999999998
183.0,2.2359999999999998
184.0,2.2359999999999998
185.0,2.1929999999999996
186.0,2.2359999999999998
187.0,2.1929999999999996
188.0,2.1929999999999996
189.0,2.1929999999999996
190.0,2.2359999999999998
191.0,2.1929999999999996
192.0,2.2359999999999998
193.0,2.1929999999999996
194.0,2.1929999999999996
195.0,2.1929999999999996
196.0,2.1929999999999996
197.0,2.1929999999999996
198.0,2.1929999999999996
199.0,2.1929999999999996
200.0,2.1929999999999996
201.0,2.15
202.0,2.15
203.0,2.15
204.0,2.1929999999999996
205.0,2.1929999999999996
206.0,2.1929999999999996
207.0,2.1929999999999996
208.0,2.1929999999999996
209.0,2.15
210.0,2.1929999999999996
211.0,2.15
212.0,2.1929999999999996
213.0,2.15
214.0,2.1929999999999996
215.0,2.1929999999999996
216.0,2.1929999999999996
217.0,2.1929999999999996
218.0,2.15
219.0,2.15
220.0,2.15
221.0,2.15
222.0,2.1929999999999996
223.0,2.15
224.0,2.15
225.0,2.15
226.0,2.15
227.0,2.15
228.0,2.15
229.0,2.15
230.0,2.15
231.0,2.15
232.0,2.15
233.0,2.15
234.0,2.1929999999999996
235.0,2.15
236.0,2.1069999999999998
237.0,2.15
238.0,2.15
239.0,2.15
240.0,2.15
241.0,2.15
242.0,2.15
243.0,2.15
244.0,2.15
245.0,2.1069999999999998
246.0,2.15
247.0,2.15
248.0,2.15
249.0,2.15
250.0,2.15
251.0,2.15
252.0,2.15
253.0,2.15
254.0,2.15
255.0,2.15
256.0,2.15
257.0,2.15
258.0,2.15
259.0,2.15
260.0,2.15
261.0,2.15
262.0,2.15
263.0,2.15
264.0,2.15
265.0,2.15
266.0,2.15
267.0,2.15
268.0,2.1069999999999998
269.0,2.15
270.0,2.1069999999999998
271.0,2.1069999999999998
272.0,2.1069999999999998
273.0,2.1069999999999998
274.0,2.1069999999999998
275.0,2.1069999999999998
276.0,2.1069999999999998
277.0,2.15
278.0,2.1069999999999998
279.0,2.1069999999999998
280.0,2.1069999999999998
281.0,2.1069999999999998
282.0,2.1069999999999998
283.0,2.15
284.0,2.1069999999999998
285.0,2.1069999999999998
286.0,2.1069999999999998
287.0,2.1069999999999998
288.0,2.1069999999999998
289.0,2.15
290.0,2.1069999999999998
291.0,2.15
292.0,2.1069999999999998
293.0,2.1069999999999998
294.0,2.1069999999999998
295.0,2.1069999999999998
296.0,2.1069999999999998
297.0,2.1069999999999998
298.0,2.1069999999999998
299.0,2.1069999999999998
300.0,2.1069999999999998
301.0,2.064
302.0,2.1069999999999998
303.0,2.1069999999999998
304.0,2.1069999999999998
305.0,2.1069999999999998
306.0,2.1069999999999998
307.0,2.1069999999999998
308.0,2.1069999999999998
309.0,2.1069999999999998
310.0,2.1069999999999998
311.0,2.1069999999999998
312.0,2.1069999999999998
313.0,2.1069999999999998
314.0,2.1069999999999998
315.0,2.1069999999999998
316.0,2.1069999999999998
317.0,2.1069999999999998
318.0,2.1069999999999998
319.0,2.1069999999999998
320.0,2.1069999999999998
321.0,2.1069999999999998
322.0,2.1069999999999998
323.0,2.1069999999999998
324.0,2.1069999999999998
325.0,2.1069999999999998
326.0,2.064
327.0,2.1069999999999998
328.0,2.064
329.0,2.064
330.0,2.064
331.0,2.1069999999999998
332.0,2.064
333.0,2.1069999999999998
334.0,2.064
335.0,2.064
336.0,2.064
337.0,2.064
338.0,2.064
339.0,2.1069999999999998
340.0,2.064
341.0,2.1069999999999998
342.0,2.1069999999999998
343.0,2.064
344.0,2.1069999999999998
345.0,2.064
346.0,2.064
347.0,2.064
348.0,2.1069999999999998
349.0,2.1069999999999998
350.0,2.064
351.0,2.064
352.0,2.064
353.0,2.064
354.0,2.064
355.0,2.1069999999999998
356.0,2.064
357.0,2.1069999999999998
358.0,2.1069999999999998
359.0,2.064
360.0,2.064
361.0,2.064
362.0,2.064
363.0,2.064
364.0,2.064
365.0,2.064
366.0,2.064
367.0,2.1069999999999998
368.0,2.064
369.0,2.064
370.0,2.064
371.0,2.064
372.0,2.064
373.0,2.064
374.0,2.064
375.0,2.064
376.0,2.064
377.0,2.064
378.0,2.064
379.0,2.064
380.0,2.064
381.0,2.064
382.0,2.064
383.0,2.064
384.0,2.064
385.0,2.064
386.0,2.021
387.0,2.021
388.0,2.064
389.0,2.064
390.0,2.064
391.0,2.064
392.0,2.064
393.0,2.021
394.0,2.064
395.0,2.021
396.0,2.064
397.0,2.064
398.0,2.064
399.0,2.064
400.0,2.064
401.0,2.064
402.0,2.064
403.0,2.021
404.0,2.021
405.0,2.064
406.0,2.064
407.0,2.064
408.0,2.064
409.0,2.064
410.0,2.021
411.0,2.021
412.0,2.021
413.0,2.021
414.0,2.064
415.0,2.021
416.0,2.021
417.0,2.021
418.0,2.021
419.0,2.021
420.0,2.021
421.0,2.021
422.0,2.064
423.0,2.064
424.0,2.021
425.0,2.064
426.0,2.021
427.0,2.021
428.0,2.021
429.0,2.021
430.0,2.021
431.0,2.021
432.0,2.021
433.0,2.021
434.0,2.021
435.0,2.021
436.0,2.021
437.0,2.021
438.0,2.021
439.0,2.021
440.0,2.021
441.0,2.021
442.0,2.021
443.0,2.021
444.0,2.021
445.0,1.9779999999999998
446.0,2.021
447.0,2.021
448.0,2.021
449.0,2.021
450.0,2.021
451.0,2.021
452.0,2.021
453.0,2.021
454.0,2.021
455.0,2.021
456.0,2.021
457.0,2.021
458.0,2.021
459.0,2.021
460.0,2.021
461.0,2.021
462.0,2.021
463.0,2.021
464.0,2.021
465.0,2.021
466.0,2.021
467.0,2.021
468.0,2.064
469.0,2.021
470.0,2.021
471.0,2.021
472.0,2.021
473.0,2.021
474.0,2.021
475.0,1.9779999999999998
476.0,2.021
477.0,2.021
478.0,2.021
479.0,2.021
480.0,2.021
481.0,2.021
482.0,2.021
483.0,2.021
484.0,2.021
485.0,1.9779999999999998
486.0,2.021
487.0,2.021
488.0,2.021
489.0,1.9779999999999998
490.0,2.021
491.0,2.021
492.0,2.021
493.0,2.021
494.0,2.021
495.0,2.021
496.0,2.021
497.0,1.9779999999999998
498.0,2.021
499.0,1.9779999999999998
500.0,2.021
501.0,2.021
502.0,2.021
503.0,1.9779999999999998
504.0,1.9779999999999998
505.0,1.9779999999999998
506.0,2.021
507.0,1.9779999999999998
508.0,2.021
509.0,2.021
510.0,2.021
511.0,1.9779999999999998
512.0,2.021
513.0,1.9779999999999998
514.0,2.021
515.0,1.9779999999999998
516.0,2.021
517.0,1.9779999999999998
518.0,1.9779999999999998
519.0,1.9779999999999998
520.0,1.9779999999999998
521.0,1.9779999999999998
522.0,2.021
523.0,1.9779999999999998
524.0,2.021
525.0,1.9779999999999998
526.0,2.021
527.0,1.9779999999999998
528.0,1.9779999999999998
529.0,1.9779999999999998
530.0,2.021
531.0,1.9779999999999998
532.0,1.9779999999999998
533.0,1.9779999999999998
534.0,1.9779999999999998
535.0,1.9779999999999998
536.0,1.9779999999999998
537.0,1.9779999999999998
538.0,2.021
539.0,1.9779999999999998
540.0,2.021
541.0,1.9779999999999998
542.0,2.021
543.0,1.9779999999999998
544.0,1.9349999999999998
545.0,1.9779999999999998
546.0,1.9779999999999998
547.0,1.9779999999999998
548.0,1.9779999999999998
549.0,2.021
550.0,1.9779999999999998
551.0,1.9779999999999998
552.0,1.9779999999999998
553.0,1.9779999999999998
554.0,1.9779999999999998
555.0,1.9349999999999998
556.0,1.9779999999999998
557.0,1.9779999999999998
558.0,2.021
559.0,1.9779999999999998
560.0,1.9349999999999998
561.0,1.9779999999999998
562.0,1.9349999999999998
563.0,1.9779999999999998
564.0,1.9779999999999998
565.0,1.9779999999999998
566.0,1.9779999999999998
567.0,1.9779999999999998
568.0,1.9779999999999998
569.0,1.9779999999999998
570.0,1.9349999999999998
571.0,1.9779999999999998
572.0,1.9779999999999998
573.0,1.9779999999999998
574.0,1.9779999999999998
575.0,1.9779999999999998
576.0,1.9779999999999998
577.0,1.9779999999999998
578.0,1.9349999999999998
579.0,1.9779999999999998
580.0,1.9779999999999998
581.0,1.9779999999999998
582.0,1.9779999999999998
583.0,1.9779999999999998
584.0,1.9779999999999998
585.0,1.9779999999999998
586.0,1.9349999999999998
587.0,1.9779999999999998
588.0,1.9779999999999998
589.0,1.9779999999999998
590.0,1.9779999999999998
591.0,1.9779999999999998
592.0,1.9779999999999998
593.0,1.9779999999999998
594.0,1.9349999999999998
595.0,1.9349999999999998
596.0,1.9349999999999998
597.0,1.9779999999999998
598.0,1.9779999999999998
599.0,1.9779999999999998
600.0,1.9779999999999998
601.0,1.9349999999999998
602.0,1.9349999999999998
603.0,1.9349999999999998
604.0,1.892
605.0,1.9779999999999998
606.0,1.9349999999999998
607.0,1.9779999999999998
608.0,1.9349999999999998
609.0,1.9779999999999998
610.0,1.9349999999999998
611.0,1.9349999999999998
612.0,1.9779999999999998
613.0,1.9349999999999998
614.0,1.9779999999999998
615.0,1.9779999999999998
616.0,1.9779999999999998
617.0,1.9779999999999998
618.0,1.9349999999999998
619.0,1.9779999999999998
620.0,1.9349999999999998
621.0,1.9349999999999998
622.0,1.9349999999999998
623.0,1.9349999999999998
624.0,1.9349999999999998
625.0,1.9349999999999998
626.0,1.9349999999999998
627.0,1.9349999999999998
628.0,1.9349999999999998
629.0,1.9349999999999998
630.0,1.9349999999999998
631.0,1.9779999999999998
632.0,1.9779999999999998
633.0,1.9779999999999998
634.0,1.892
635.0,1.9779999999999998
636.0,1.9349999999999998
637.0,1.9779999999999998
638.0,1.9349999999999998
639.0,1.9349999999999998
640.0,1.9349999999999998
641.0,1.9779999999999998
642.0,1.9349999999999998
643.0,1.9349999999999998
644.0,1.892
645.0,1.9349999999999998
646.0,1.9349999999999998
647.0,1.9349999999999998
648.0,1.9349999999999998
649.0,1.9779999999999998
650.0,1.9349999999999998
651.0,1.9349999999999998
652.0,1.892
653.0,1.892
654.0,1.892
655.0,1.9349999999999998
656.0,1.9349999999999998
657.0,1.9349999999999998
658.0,1.892
659.0,1.9349999999999998
660.0,1.892
661.0,1.9349999999999998
662.0,1.892
663.0,1.9349999999999998
664.0,1.9349999999999998
665.0,1.9349999999999998
666.0,1.892
667.0,1.9349999999999998
668.0,1.892
669.0,1.9349999999999998
670.0,1.9349999999999998
671.0,1.892
672.0,1.892
673.0,1.9349999999999998
674.0,1.892
675.0,1.9349999999999998
676.0,1.9349999999999998
677.0,1.9349999999999998
678.0,1.9349999999999998
679.0,1.9349999999999998
680.0,1.892
681.0,1.9349999999999998
682.0,1.9349999999999998
683.0,1.9349999999999998
684.0,1.892
685.0,1.9349999999999998
686.0,1.892
687.0,1.892
688.0,1.9349999999999998
689.0,1.9349999999999998
690.0,1.892
691.0,1.9349999999999998
692.0,1.892
693.0,1.9349999999999998
694.0,1.892
695.0,1.892
696.0,1.892
697.0,1.892
698.0,1.892
699.0,1.9349999999999998
700.0,1.892
701.0,1.9349999999999998
702.0,1.892
703.0,1.9349999999999998
704.0,1.892
705.0,1.892
706.0,1.892
707.0,1.892
708.0,1.892
709.0,1.892
710.0,1.9349999999999998
711.0,1.892
712.0,1.892
713.0,1.892
714.0,1.892
715.0,1.9349999999999998
716.0,1.892
717.0,1.892
718.0,1.892
719.0,1.892
720.0,1.892
721.0,1.892
722.0,1.892
723.0,1.892
724.0,1.892
725.0,1.9349999999999998
726.0,1.892
727.0,1.892
728.0,1.892
729.0,1.892
730.0,1.892
731.0,1.892
732.0,1.892
733.0,1.892
734.0,1.892
735.0,1.892
736.0,1.892
737.0,1.892
738.0,1.892
739.0,1.892
740.0,1.892
741.0,1.892
742.0,1.892
743.0,1.892
744.0,1.892
745.0,1.892
746.0,1.892
747.0,1.892
748.0,1.892
749.0,1.892
750.0,1.892
751.0,1.892
752.0,1.892
753.0,1.892
754.0,1.892
755.0,1.892
756.0,1.9349999999999998
757.0,1.892
758.0,1.892
759.0,1.892
760.0,1.892
761.0,1.892
762.0,1.892
763.0,1.892
764.0,1.892
765.0,1.892
766.0,1.892
767.0,1.892
768.0,1.892
769.0,1.892
770.0,1.892
771.0,1.892
772.0,1.892
773.0,1.892
774.0,1.892
775.0,1.892
776.0,1.892
777.0,1.892
778.0,1.892
779.0,1.892
780.0,1.892
781.0,1.892
782.0,1.892
783.0,1.892
784.0,1.892
785.0,1.892
786.0,1.892
787.0,1.8489999999999998
788.0,1.8489999999999998
789.0,1.892
790.0,1.892
791.0,1.892
792.0,1.892
793.0,1.892
794.0,1.892
795.0,1.892
796.0,1.892
797.0,1.892
798.0,1.892
799.0,1.892
800.0,1.892
801.0,1.892
802.0,1.892
803.0,1.8489999999999998
804.0,1.892
805.0,1.892
806.0,1.892
807.0,1.892
808.0,1.892
809.0,1.892
810.0,1.892
811.0,1.892
812.0,1.892
813.0,1.892
814.0,1.8489999999999998
815.0,1.892
816.0,1.892
817.0,1.892
818.0,1.8489999999999998
819.0,1.892
820.0,1.892
821.0,1.8489999999999998
822.0,1.892
823.0,1.892
824.0,1.8489999999999998
825.0,1.892
826.0,1.8489999999999998
827.0,1.8489999999999998
828.0,1.892
829.0,1.8489999999999998
830.0,1.892
831.0,1.892
832.0,1.892
833.0,1.892
834.0,1.892
835.0,1.8489999999999998
836.0,1.892
837.0,1.8489999999999998
838.0,1.8489999999999998
839.0,1.892
840.0,1.892
841.0,1.892
842.0,1.8489999999999998
843.0,1.8489999999999998
844.0,1.8489999999999998
845.0,1.892
846.0,1.892
847.0,1.8489999999999998
848.0,1.8489999999999998
849.0,1.892
850.0,1.8489999999999998
851.0,1.892
852.0,1.8489999999999998
853.0,1.8489999999999998
854.0,1.8489999999999998
855.0,1.8489999999999998
856.0,1.8489999999999998
857.0,1.8489999999999998
858.0,1.892
859.0,1.8489999999999998
860.0,1.8489999999999998
861.0,1.8059999999999998
862.0,1.8489999999999998
863.0,1.8489999999999998
864.0,1.892
865.0,1.8489999999999998
866.0,1.892
867.0,1.892
868.0,1.8489999999999998
869.0,1.8489999999999998
870.0,1.8059999999999998
871.0,1.8489999999999998
872.0,1.8489999999999998
873.0,1.8489999999999998
874.0,1.8489999999999998
875.0,1.8489999999999998
876.0,1.892
877.0,1.8489999999999998
878.0,1.892
879.0,1.892
880.0,1.8489999999999998
881.0,1.892
882.0,1.8489999999999998
883.0,1.892
884.0,1.8489999999999998
885.0,1.8489999999999998
886.0,1.8489999999999998
887.0,1.8059999999999998
888.0,1.8489999999999998
889.0,1.8489999999999998
890.0,1.8489999999999998
891.0,1.8489999999999998
892.0,1.8489999999999998
893.0,1.8489999999999998
894.0,1.8489999999999998
895.0,1.8489999999999998
896.0,1.8489999999999998
897.0,1.8489999999999998
898.0,1.8489999999999998
899.0,1.8489999999999998
900.0,1.8489999999999998
901.0,1.8489999999999998
902.0,1.8489999999999998
903.0,1.8489999999999998
904.0,1.8489999999999998
905.0,1.8489999999999998
906.0,1.8059999999999998
907.0,1.8059999999999998
908.0,1.8059999999999998
909.0,1.8489999999999998
910.0,1.8489999999999998
911.0,1.8489999999999998
912.0,1.8489999999999998
913.0,1.8489999999999998
914.0,1.8489999999999998
915.0,1.8489999999999998
916.0,1.8489999999999998
917.0,1.892
918.0,1.8489999999999998
919.0,1.8489999999999998
920.0,1.8059999999999998
921.0,1.8489999999999998
922.0,1.8489999999999998
923.0,1.8489999999999998
924.0,1.892
925.0,1.8489999999999998
926.0,1.8489999999999998
927.0,1.8489999999999998
928.0,1.8489999999999998
929.0,1.8059999999999998
930.0,1.8059999999999998
931.0,1.8489999999999998
932.0,1.8489999999999998
933.0,1.8489999999999998
934.0,1.8059999999999998
935.0,1.8059999999999998
936.0,1.8059999999999998
937.0,1.8059999999999998
938.0,1.8489999999999998
939.0,1.8489999999999998
940.0,1.8059999999999998
941.0,1.8489999999999998
942.0,1.8489999999999998
943.0,1.8059999999999998
944.0,1.8489999999999998
945.0,1.8059999999999998
946.0,1.8489999999999998
947.0,1.8059999999999998
948.0,1.8489999999999998
949.0,1.8489999999999998
950.0,1.8059999999999998
951.0,1.8059999999999998
952.0,1.8489999999999998
953.0,1.8059999999999998
954.0,1.8059999999999998
955.0,1.8489999999999998
956.0,1.8059999999999998
957.0,1.8489999999999998
958.0,1.8059999999999998
959.0,1.8059999999999998
960.0,1.8059999999999998
961.0,1.8059999999999998
962.0,1.8059999999999998
963.0,1.8059999999999998
964.0,1.8489999999999998
965.0,1.8489999999999998
966.0,1.8059999999999998
967.0,1.8059999999999998
968.0,1.8059999999999998
969.0,1.8059999999999998
970.0,1.8059999999999998
971.0,1.8059999999999998
972.0,1.8489999999999998
973.0,1.8489999999999998
974.0,1.8489999999999998
975.0,1.8489999999999998
976.0,1.8059999999999998
977.0,1.8059999999999998
978.0,1.8059999999999998
979.0,1.8059999999999998
980.0,1.8059999999999998
981.0,1.8059999999999998
982.0,1.8489999999999998
983.0,1.8489999999999998
984.0,1.8059999999999998
985.0,1.8059999999999998
986.0,1.8059999999999998
987.0,1.8059999999999998
988.0,1.8059999999999998
989.0,1.8489999999999998
990.0,1.8059999999999998
991.0,1.8489999999999998
992.0,1.8059999999999998
993.0,1.8059999999999998
994.0,1.8059999999999998
995.0,1.8059999999999998
996.0,1.8059999999999998
997.0,1.8059999999999998
998.0,1.8489999999999998
999.0,1.8059999999999998
1000.0,1.8059999999999998
1001.0,1.8059999999999998
1002.0,1.8059999999999998
1003.0,1.8059999999999998
1004.0,1.8059999999999998
1005.0,1.8489999999999998
1006.0,1.8059999999999998
1007.0,1.8059999999999998
1008.0,1.8489999999999998
1009.0,1.8059999999999998
1010.0,1.8059999999999998
1011.0,1.8059999999999998
1012.0,1.8059999999999998
1013.0,1.8059999999999998
1014.0,1.8059999999999998
1015.0,1.8059999999999998
1016.0,1.8489999999999998
1017.0,1.8059999999999998
1018.0,1.8059999999999998
1019.0,1.8059999999999998
1020.0,1.763
1021.0,1.8059999999999998
1022.0,1.763
1023.0,1.8059999999999998
1024.0,1.8059999999999998
1025.0,1.8059999999999998
1026.0,1.763
1027.0,1.8489999999999998
1028.0,1.8059999999999998
1029.0,1.8059999999999998
1030.0,1.763
1031.0,1.8059999999999998
1032.0,1.8059999999999998
1033.0,1.8059999999999998
1034.0,1.8059999999999998
1035.0,1.8059999999999998
1036.0,1.8059999999999998
1037.0,1.8059999999999998
1038.0,1.8059999999999998
1039.0,1.8059999999999998
1040.0,1.8059999999999998
1041.0,1.8059999999999998
1042.0,1.8059999999999998
1043.0,1.8059999999999998
1044.0,1.8059999999999998
1045.0,1.8059999999999998
1046.0,1.8059999999999998
1047.0,1.8059999999999998
1048.0,1.8059999999999998
1049.0,1.8059999999999998
1050.0,1.8059999999999998
1051.0,1.8059999999999998
1052.0,1.763
1053.0,1.8059999999999998
1054.0,1.8059999999999998
1055.0,1.8059999999999998
1056.0,1.8059999999999998
1057.0,1.8059999999999998
1058.0,1.8059999999999998
1059.0,1.763
1060.0,1.8059999999999998
1061.0,1.8059999999999998
1062.0,1.763
1063.0,1.8059999999999998
1064.0,1.8059999999999998
1065.0,1.8059999999999998
1066.0,1.8059999999999998
1067.0,1.8059999999999998
1068.0,1.8059999999999998
1069.0,1.763
1070.0,1.8059999999999998
1071.0,1.8059999999999998
1072.0,1.8059999999999998
1073.0,1.8059999999999998
1074.0,1.763
1075.0,1.8059999999999998
1076.0,1.8059999999999998
1077.0,1.8059999999999998
1078.0,1.8059999999999998
1079.0,1.763
1080.0,1.763
1081.0,1.8059999999999998
1082.0,1.8059999999999998
1083.0,1.8059999999999998
1084.0,1.763
1085.0,1.8059999999999998
1086.0,1.763
1087.0,1.763
1088.0,1.763
1089.0,1.8059999999999998
1090.0,1.763
1091.0,1.8059999999999998
1092.0,1.8059999999999998
1093.0,1.763
1094.0,1.763
1095.0,1.763
1096.0,1.763
1097.0,1.8059999999999998
1098.0,1.763
1099.0,1.8059999999999998
1100.0,1.763
1101.0,1.8059999999999998
1102.0,1.763
1103.0,1.8059999999999998
1104.0,1.763
1105.0,1.8059999999999998
1106.0,1.763
1107.0,1.8059999999999998
1108.0,1.763
1109.0,1.8059999999999998
1110.0,1.8059999999999998
1111.0,1.8059999999999998
1112.0,1.763
1113.0,1.8059999999999998
1114.0,1.8059999999999998
1115.0,1.8059999999999998
1116.0,1.8059999999999998
1117.0,1.8059999999999998
1118.0,1.763
1119.0,1.8059999999999998
1120.0,1.763
1121.0,1.763
1122.0,1.8059999999999998
1123.0,1.8059999999999998
1124.0,1.8059999999999998
1125.0,1.8059999999999998
1126.0,1.763
1127.0,1.8059999999999998
1128.0,1.763
1129.0,1.763
1130.0,1.763
1131.0,1.8059999999999998
1132.0,1.763
1133.0,1.8059999999999998
1134.0,1.763
1135.0,1.763
1136.0,1.763
1137.0,1.8059999999999998
1138.0,1.7199999999999998
1139.0,1.8059999999999998
1140.0,1.763
1141.0,1.8059999999999998
1142.0,1.763
1143.0,1.8059999999999998
1144.0,1.763
1145.0,1.763
1146.0,1.7199999999999998
1147.0,1.8059999999999998
1148.0,1.763
1149.0,1.763
1150.0,1.763
1151.0,1.8059999999999998
1152.0,1.763
1153.0,1.763
1154.0,1.763
1155.0,1.763
1156.0,1.763
1157.0,1.763
1158.0,1.8059999999999998
1159.0,1.763
1160.0,1.763
1161.0,1.8059999999999998
1162.0,1.763
1163.0,1.763
1164.0,1.763
1165.0,1.763
1166.0,1.763
1167.0,1.8059999999999998
1168.0,1.763
1169.0,1.763
1170.0,1.763
1171.0,1.763
1172.0,1.763
1173.0,1.8059999999999998
1174.0,1.763
1175.0,1.763
1176.0,1.763
1177.0,1.7199999999999998
1178.0,1.763
1179.0,1.763
1180.0,1.763
1181.0,1.8059999999999998
1182.0,1.763
1183.0,1.763
1184.0,1.763
1185.0,1.763
1186.0,1.763
1187.0,1.8059999999999998
1188.0,1.763
1189.0,1.763
1190.0,1.763
1191.0,1.763
1192.0,1.7199999999999998
1193.0,1.763
1194.0,1.7199999999999998
1195.0,1.763
1196.0,1.763
1197.0,1.763
1198.0,1.763
1199.0,1.763
1200.0,1.763
1201.0,1.763
1202.0,1.763
1203.0,1.763
1204.0,1.763
1205.0,1.763
1206.0,1.7199999999999998
1207.0,1.763
1208.0,1.763
1209.0,1.763
1210.0,1.763
1211.0,1.763
1212.0,1.763
1213.0,1.763
1214.0,1.763
1215.0,1.763
1216.0,1.763
1217.0,1.763
1218.0,1.763
1219.0,1.763
1220.0,1.763
1221.0,1.763
1222.0,1.7199999999999998
1223.0,1.763
1224.0,1.763
1225.0,1.763
1226.0,1.7199999999999998
1227.0,1.763
1228.0,1.7199999999999998
1229.0,1.763
1230.0,1.763
1231.0,1.763
1232.0,1.763
1233.0,1.763
1234.0,1.7199999999999998
1235.0,1.763
1236.0,1.7199999999999998
1237.0,1.7199999999999998
1238.0,1.7199999999999998
1239.0,1.763
1240.0,1.763
1241.0,1.763
1242.0,1.763
1243.0,1.7199999999999998
1244.0,1.7199999999999998
1245.0,1.763
1246.0,1.7199999999999998
1247.0,1.763
1248.0,1.7199999999999998
1249.0,1.8059999999999998
1250.0,1.763
1251.0,1.763
1252.0,1.763
1253.0,1.763
1254.0,1.7199999999999998
1255.0,1.763
1256.0,1.763
1257.0,1.763
1258.0,1.8059999999999998
1259.0,1.763
1260.0,1.763
1261.0,1.763
1262.0,1.7199999999999998
1263.0,1.763
1264.0,1.763
1265.0,1.8059999999999998
1266.0,1.763
1267.0,1.763
1268.0,1.7199999999999998
1269.0,1.7199999999999998
1270.0,1.7199999999999998
1271.0,1.7199999999999998
1272.0,1.7199999999999998
1273.0,1.763
1274.0,1.763
1275.0,1.763
1276.0,1.7199999999999998
1277.0,1.7199999999999998
1278.0,1.7199999999999998
1279.0,1.763
1280.0,1.7199999999999998
1281.0,1.7199999999999998
1282.0,1.7199999999999998
1283.0,1.763
1284.0,1.7199999999999998
1285.0,1.7199999999999998
1286.0,1.6769999999999998
1287.0,1.763
1288.0,1.7199999999999998
1289.0,1.7199999999999998
1290.0,1.763
1291.0,1.763
1292.0,1.7199999999999998
1293.0,1.7199999999999998
1294.0,1.7199999999999998
1295.0,1.7199999999999998
1296.0,1.7199999999999998
1297.0,1.763
1298.0,1.7199999999999998
1299.0,1.763
1300.0,1.7199999999999998
1301.0,1.7199999999999998
1302.0,1.7199999999999998
1303.0,1.7199999999999998
1304.0,1.7199999999999998
1305.0,1.7199999999999998
1306.0,1.7199999999999998
1307.0,1.763
1308.0,1.7199999999999998
1309.0,1.7199999999999998
1310.0,1.7199999999999998
1311.0,1.7199999999999998
1312.0,1.7199999999999998
1313.0,1.7199999999999998
1314.0,1.7199999999999998
1315.0,1.7199999999999998
1316.0,1.7199999999999998
1317.0,1.7199999999999998
1318.0,1.7199999999999998
1319.0,1.7199999999999998
1320.0,1.7199999999999998
1321.0,1.7199999999999998
1322.0,1.7199999999999998
1323.0,1.7199999999999998
1324.0,1.7199999999999998
1325.0,1.763
1326.0,1.7199999999999998
1327.0,1.6769999999999998
1328.0,1.6769999999999998
1329.0,1.6769999999999998
1330.0,1.7199999999999998
1331.0,1.763
1332.0,1.7199999999999998
1333.0,1.7199999999999998
1334.0,1.763
1335.0,1.7199999999999998
1336.0,1.6769999999999998
1337.0,1.7199999999999998
1338.0,1.7199999999999998
1339.0,1.7199999999999998
1340.0,1.763
1341.0,1.763
1342.0,1.7199999999999998
1343.0,1.7199999999999998
1344.0,1.7199999999999998
1345.0,1.6769999999999998
1346.0,1.7199999999999998
1347.0,1.7199999999999998
1348.0,1.7199999999999998
1349.0,1.7199999999999998
1350.0,1.7199999999999998
1351.0,1.6769999999999998
1352.0,1.7199999999999998
1353.0,1.763
1354.0,1.6769999999999998
1355.0,1.7199999999999998
1356.0,1.7199999999999998
1357.0,1.7199999999999998
1358.0,1.7199999999999998
1359.0,1.7199999999999998
1360.0,1.7199999999999998
1361.0,1.6769999999999998
1362.0,1.7199999999999998
1363.0,1.7199999999999998
1364.0,1.7199999999999998
1365.0,1.7199999999999998
1366.0,1.7199999999999998
1367.0,1.7199999999999998
1368.0,1.6769999999999998
1369.0,1.7199999999999998
1370.0,1.6769999999999998
1371.0,1.6769999999999998
1372.0,1.6769999999999998
1373.0,1.6769999999999998
1374.0,1.7199999999999998
1375.0,1.7199999999999998
1376.0,1.7199999999999998
1377.0,1.7199999999999998
1378.0,1.7199999999999998
1379.0,1.7199999999999998
1380.0,1.6769999999999998
1381.0,1.6769999999999998
1382.0,1.6769999999999998
1383.0,1.7199999999999998
1384.0,1.6769999999999998
1385.0,1.6769999999999998
1386.0,1.7199999999999998
1387.0,1.6769999999999998
1388.0,1.7199999999999998
1389.0,1.6769999999999998
1390.0,1.7199999999999998
1391.0,1.7199999999999998
1392.0,1.7199999999999998
1393.0,1.6769999999999998
1394.0,1.7199999999999998
1395.0,1.6769999999999998
1396.0,1.6769999999999998
1397.0,1.7199999999999998
1398.0,1.7199999999999998
1399.0,1.6769999999999998
1400.0,1.7199999999999998
1401.0,1.7199999999999998
1402.0,1.7199999999999998
1403.0,1.6769999999999998
1404.0,1.6769999999999998
1405.0,1.6769999999999998
1406.0,1.6769999999999998
1407.0,1.6769999999999998
1408.0,1.6769999999999998
1409.0,1.7199999999999998
1410.0,1.6769999999999998
1411.0,1.7199999999999998
1412.0,1.7199999999999998
1413.0,1.7199999999999998
1414.0,1.6769999999999998
1415.0,1.7199999999999998
1416.0,1.6769999999999998
1417.0,1.7199999999999998
1418.0,1.6769999999999998
1419.0,1.6769999999999998
1420.0,1.6769999999999998
1421.0,1.6769999999999998
1422.0,1.7199999999999998
1423.0,1.7199999999999998
1424.0,1.6769999999999998
1425.0,1.7199999999999998
1426.0,1.6769999999999998
1427.0,1.6769999999999998
1428.0,1.7199999999999998
1429.0,1.6769999999999998
1430.0,1.7199999999999998
1431.0,1.6769999999999998
1432.0,1.6769999999999998
1433.0,1.7199999999999998
1434.0,1.7199999999999998
1435.0,1.6769999999999998
1436.0,1.7199999999999998
1437.0,1.6769999999999998
1438.0,1.7199999999999998
1439.0,1.6769999999999998
1440.0,1.7199999999999998
1441.0,1.7199999999999998
1442.0,1.7199999999999998
1443.0,1.6769999999999998
1444.0,1.6769999999999998
1445.0,1.6769999999999998
1446.0,1.6769999999999998
1447.0,1.7199999999999998
1448.0,1.7199999999999998
1449.0,1.6769999999999998
1450.0,1.6769999999999998
1451.0,1.7199999999999998
1452.0,1.6769999999999998
1453.0,1.6769999999999998
1454.0,1.6769999999999998
1455.0,1.7199999999999998
1456.0,1.6769999999999998
1457.0,1.6769999999999998
1458.0,1.6769999999999998
1459.0,1.6769999999999998
1460.0,1.6769999999999998
1461.0,1.6769999999999998
1462.0,1.6769999999999998
1463.0,1.6769999999999998
1464.0,1.7199999999999998
1465.0,1.7199999999999998
1466.0,1.6769999999999998
1467.0,1.6769999999999998
1468.0,1.6769999999999998
1469.0,1.6769999999999998
1470.0,1.6769999999999998
1471.0,1.6769999999999998
1472.0,1.6769999999999998
1473.0,1.6769999999999998
1474.0,1.6769999999999998
1475.0,1.6769999999999998
1476.0,1.7199999999999998
1477.0,1.6769999999999998
1478.0,1.6769999999999998
1479.0,1.6769999999999998
1480.0,1.6769999999999998
1481.0,1.6769999999999998
1482.0,1.6769999999999998
1483.0,1.6769999999999998
1484.0,1.7199999999999998
1485.0,1.6769999999999998
1486.0,1.6769999999999998
1487.0,1.6769999999999998
1488.0,1.6769999999999998
1489.0,1.6769999999999998
1490.0,1.7199999999999998
1491.0,1.634
1492.0,1.6769999999999998
1493.0,1.6769999999999998
1494.0,1.6769999999999998
1495.0,1.634
1496.0,1.6769999999999998
1497.0,1.634
1498.0,1.7199999999999998
1499.0,1.6769999999999998
1500.0,1.6769999999999998
1501.0,1.6769999999999998
1502.0,1.6769999999999998
1503.0,1.634
1504.0,1.6769999999999998
1505.0,1.6769999999999998
1506.0,1.6769999999999998
1507.0,1.7199999999999998
1508.0,1.6769999999999998
1509.0,1.6769999999999998
1510.0,1.6769999999999998
1511.0,1.6769999999999998
1512.0,1.634
1513.0,1.6769999999999998
1514.0,1.6769999999999998
1515.0,1.6769999999999998
1516.0,1.6769999999999998
1517.0,1.6769999999999998
1518.0,1.6769999999999998
1519.0,1.763
1520.0,1.6769999999999998
1521.0,1.634
1522.0,1.6769999999999998
1523.0,1.6769999999999998
1524.0,1.6769999999999998
1525.0,1.6769999999999998
1526.0,1.634
1527.0,1.6769999999999998
1528.0,1.6769999999999998
1529.0,1.6769999999999998
1530.0,1.6769999999999998
1531.0,1.7199999999999998
1532.0,1.6769999999999998
1533.0,1.6769999999999998
1534.0,1.634
1535.0,1.6769999999999998
1536.0,1.6769999999999998
1537.0,1.6769999999999998
1538.0,1.6769999999999998
1539.0,1.6769999999999998
1540.0,1.6769999999999998
1541.0,1.6769999999999998
1542.0,1.6769999999999998
1543.0,1.6769999999999998
1544.0,1.6769999999999998
1545.0,1.6769999999999998
1546.0,1.634
1547.0,1.634
1548.0,1.634
1549.0,1.6769999999999998
1550.0,1.6769999999999998
1551.0,1.6769999999999998
1552.0,1.634
1553.0,1.6769999999999998
1554.0,1.6769999999999998
1555.0,1.6769999999999998
1556.0,1.6769999999999998
1557.0,1.6769999999999998
1558.0,1.6769999999999998
1559.0,1.6769999999999998
1560.0,1.6769999999999998
1561.0,1.6769999999999998
1562.0,1.634
1563.0,1.634
1564.0,1.6769999999999998
1565.0,1.634
1566.0,1.6769999999999998
1567.0,1.6769999999999998
1568.0,1.6769999999999998
1569.0,1.634
1570.0,1.634
1571.0,1.634
1572.0,1.6769999999999998
1573.0,1.634
1574.0,1.634
1575.0,1.634
1576.0,1.6769999999999998
1577.0,1.6769999999999998
1578.0,1.6769999999999998
1579.0,1.634
1580.0,1.6769999999999998
1581.0,1.6769999999999998
1582.0,1.6769999999999998
1583.0,1.6769999999999998
1584.0,1.6769999999999998
1585.0,1.6769999999999998
1586.0,1.634
1587.0,1.634
1588.0,1.6769999999999998
1589.0,1.6769999999999998
1590.0,1.6769999999999998
1591.0,1.6769999999999998
1592.0,1.6769999999999998
1593.0,1.6769999999999998
1594.0,1.634
1595.0,1.634
1596.0,1.634
1597.0,1.634
1598.0,1.634
1599.0,1.6769999999999998
1600.0,1.634
1601.0,1.6769999999999998
1602.0,1.634
1603.0,1.634
1604.0,1.6769999999999998
1605.0,1.634
1606.0,1.634
1607.0,1.6769999999999998
1608.0,1.634
1609.0,1.6769999999999998
1610.0,1.634
1611.0,1.634
1612.0,1.634
1613.0,1.634
1614.0,1.634
1615.0,1.634
1616.0,1.634
1617.0,1.634
1618.0,1.6769999999999998
1619.0,1.634
1620.0,1.634
1621.0,1.634
1622.0,1.634
1623.0,1.634
1624.0,1.634
1625.0,1.634
1626.0,1.634
1627.0,1.6769999999999998
1628.0,1.634
1629.0,1.634
1630.0,1.634
1631.0,1.6769999999999998
1632.0,1.6769999999999998
1633.0,1.6769999999999998
1634.0,1.634
1635.0,1.634
1636.0,1.634
1637.0,1.634
1638.0,1.634
1639.0,1.634
1640.0,1.6769999999999998
1641.0,1.6769999999999998
1642.0,1.6769999999999998
1643.0,1.6769999999999998
1644.0,1.634
1645.0,1.634
1646.0,1.634
1647.0,1.634
1648.0,1.634
1649.0,1.634
1650.0,1.634
1651.0,1.634
1652.0,1.6769999999999998
1653.0,1.634
1654.0,1.634
1655.0,1.634
1656.0,1.634
1657.0,1.6769999999999998
1658.0,1.634
1659.0,1.634
1660.0,1.634
1661.0,1.634
1662.0,1.634
1663.0,1.634
1664.0,1.634
1665.0,1.6769999999999998
1666.0,1.634
1667.0,1.634
1668.0,1.634
1669.0,1.6769999999999998
1670.0,1.6769999999999998
1671.0,1.634
1672.0,1.634
1673.0,1.634
1674.0,1.634
1675.0,1.634
1676.0,1.634
1677.0,1.634
1678.0,1.634
1679.0,1.634
1680.0,1.634
1681.0,1.6769999999999998
1682.0,1.6769999999999998
1683.0,1.634
1684.0,1.634
1685.0,1.634
1686.0,1.634
1687.0,1.634
1688.0,1.634
1689.0,1.634
1690.0,1.634
1691.0,1.634
1692.0,1.634
1693.0,1.634
1694.0,1.634
1695.0,1.634
1696.0,1.634
1697.0,1.634
1698.0,1.634
1699.0,1.634
1700.0,1.634
1701.0,1.634
1702.0,1.634
1703.0,1.634
1704.0,1.634
1705.0,1.634
1706.0,1.634
1707.0,1.634
1708.0,1.634
1709.0,1.6769999999999998
1710.0,1.634
1711.0,1.634
1712.0,1.634
1713.0,1.634
1714.0,1.634
1715.0,1.634
1716.0,1.634
1717.0,1.634
1718.0,1.634
1719.0,1.634
1720.0,1.634
1721.0,1.634
1722.0,1.634
1723.0,1.634
1724.0,1.634
1725.0,1.634
1726.0,1.634
1727.0,1.634
1728.0,1.634
1729.0,1.634
1730.0,1.634
1731.0,1.634
1732.0,1.634
1733.0,1.634
1734.0,1.634
1735.0,1.634
1736.0,1.634
1737.0,1.634
1738.0,1.634
1739.0,1.634
1740.0,1.634
1741.0,1.634
1742.0,1.591
1743.0,1.634
1744.0,1.634
1745.0,1.634
1746.0,1.634
1747.0,1.634
1748.0,1.634
1749.0,1.634
1750.0,1.634
1751.0,1.634
1752.0,1.634
1753.0,1.634
1754.0,1.634
1755.0,1.634
1756.0,1.6769999999999998
1757.0,1.634
1758.0,1.634
1759.0,1.634
1760.0,1.634
1761.0,1.634
1762.0,1.634
1763.0,1.634
1764.0,1.634
1765.0,1.634
1766.0,1.634
1767.0,1.634
1768.0,1.634
1769.0,1.634
1770.0,1.634
1771.0,1.634
1772.0,1.634
1773.0,1.634
1774.0,1.634
1775.0,1.634
1776.0,1.634
1777.0,1.634
1778.0,1.634
1779.0,1.591
1780.0,1.634
1781.0,1.634
1782.0,1.634
1783.0,1.634
1784.0,1.634
1785.0,1.634
1786.0,1.634
1787.0,1.634
1788.0,1.634
1789.0,1.634
1790.0,1.634
1791.0,1.634
1792.0,1.634
1793.0,1.634
1794.0,1.634
1795.0,1.634
1796.0,1.634
1797.0,1.634
1798.0,1.634
1799.0,1.634
1800.0,1.634
1801.0,1.634
1802.0,1.591
1803.0,1.591
1804.0,1.591
1805.0,1.634
1806.0,1.634
1807.0,1.634
1808.0,1.634
1809.0,1.634
1810.0,1.591
1811.0,1.634
1812.0,1.591
1813.0,1.634
1814.0,1.634
1815.0,1.634
1816.0,1.634
1817.0,1.634
1818.0,1.634
1819.0,1.591
1820.0,1.634
1821.0,1.634
1822.0,1.634
1823.0,1.634
1824.0,1.634
1825.0,1.634
1826.0,1.634
1827.0,1.591
1828.0,1.591
1829.0,1.634
1830.0,1.634
1831.0,1.634
1832.0,1.634
1833.0,1.634
1834.0,1.634
1835.0,1.591
1836.0,1.634
1837.0,1.634
1838.0,1.634
1839.0,1.634
1840.0,1.634
1841.0,1.634
1842.0,1.591
1843.0,1.591
1844.0,1.591
1845.0,1.591
1846.0,1.591
1847.0,1.634
1848.0,1.634
1849.0,1.591
1850.0,1.634
1851.0,1.591
1852.0,1.634
1853.0,1.591
1854.0,1.591
1855.0,1.591
1856.0,1.634
1857.0,1.634
1858.0,1.634
1859.0,1.634
1860.0,1.591
1861.0,1.634
1862.0,1.5479999999999998
1863.0,1.591
1864.0,1.634
1865.0,1.591
1866.0,1.634
1867.0,1.634
1868.0,1.591
1869.0,1.591
1870.0,1.634
1871.0,1.591
1872.0,1.591
1873.0,1.634
1874.0,1.591
1875.0,1.634
1876.0,1.5479999999999998
1877.0,1.634
1878.0,1.591
1879.0,1.591
1880.0,1.591
1881.0,1.634
1882.0,1.634
1883.0,1.634
1884.0,1.591
1885.0,1.591
1886.0,1.591
1887.0,1.5479999999999998
1888.0,1.591
1889.0,1.634
1890.0,1.5479999999999998
1891.0,1.634
1892.0,1.634
1893.0,1.591
1894.0,1.5479999999999998
1895.0,1.5479999999999998
1896.0,1.591
1897.0,1.634
1898.0,1.634
1899.0,1.634
1900.0,1.634
1901.0,1.634
1902.0,1.591
1903.0,1.634
1904.0,1.591
1905.0,1.634
1906.0,1.634
1907.0,1.634
1908.0,1.591
1909.0,1.634
1910.0,1.591
1911.0,1.591
1912.0,1.5479999999999998
1913.0,1.634
1914.0,1.634
1915.0,1.634
1916.0,1.634
1917.0,1.634
1918.0,1.591
1919.0,1.591
1920.0,1.591
1921.0,1.591
1922.0,1.591
1923.0,1.591
1924.0,1.591
1925.0,1.634
1926.0,1.591
1927.0,1.591
1928.0,1.591
1929.0,1.591
1930.0,1.591
1931.0,1.591
1932.0,1.591
1933.0,1.591
1934.0,1.634
1935.0,1.591
1936.0,1.5479999999999998
1937.0,1.591
1938.0,1.5479999999999998
1939.0,1.634
1940.0,1.591
1941.0,1.591
1942.0,1.591
1943.0,1.5479999999999998
1944.0,1.591
1945.0,1.591
1946.0,1.591
1947.0,1.591
1948.0,1.591
1949.0,1.591
1950.0,1.591
1951.0,1.591
1952.0,1.591
1953.0,1.591
1954.0,1.591
1955.0,1.591
1956.0,1.591
1957.0,1.634
1958.0,1.591
1959.0,1.591
1960.0,1.591
1961.0,1.591
1962.0,1.591
1963.0,1.591
1964.0,1.634
1965.0,1.5479999999999998
1966.0,1.591
1967.0,1.591
1968.0,1.591
1969.0,1.591
1970.0,1.591
1971.0,1.591
1972.0,1.5479999999999998
1973.0,1.591
1974.0,1.591
1975.0,1.591
1976.0,1.591
1977.0,1.5479999999999998
1978.0,1.5479999999999998
1979.0,1.5479999999999998
1980.0,1.591
1981.0,1.591
1982.0,1.591
1983.0,1.634
1984.0,1.634
1985.0,1.591
1986.0,1.591
1987.0,1.5479999999999998
1988.0,1.591
1989.0,1.591
1990.0,1.5479999999999998
1991.0,1.591
1992.0,1.591
1993.0,1.591
1994.0,1.591
1995.0,1.591
1996.0,1.591
1997.0,1.591
1998.0,1.591
1999.0,1.591
2000.0,1.591
2001.0,1.634
2002.0,1.591
2003.0,1.591
2004.0,1.5479999999999998
2005.0,1.591
2006.0,1.591
2007.0,1.591
2008.0,1.5479999999999998
2009.0,1.5479999999999998
2010.0,1.5479999999999998
2011.0,1.5479999999999998
2012.0,1.5479999999999998
2013.0,1.591
2014.0,1.591
2015.0,1.5479999999999998
2016.0,1.591
2017.0,1.5479999999999998
2018.0,1.591
2019.0,1.5479999999999998
2020.0,1.5479999999999998
2021.0,1.5479999999999998
2022.0,1.591
2023.0,1.591
2024.0,1.591
2025.0,1.5479999999999998
2026.0,1.591
2027.0,1.5479999999999998
2028.0,1.5479999999999998
2029.0,1.591
2030.0,1.5479999999999998
2031.0,1.591
2032.0,1.591
2033.0,1.591
2034.0,1.591
2035.0,1.5479999999999998
2036.0,1.5479999999999998
2037.0,1.5479999999999998
2038.0,1.5479999999999998
2039.0,1.591
2040.0,1.591
2041.0,1.591
2042.0,1.591
2043.0,1.5479999999999998
2044.0,1.5479999999999998
2045.0,1.5479999999999998
2046.0,1.5479999999999998
2047.0,1.591
2048.0,1.5479999999999998
2049.0,1.591
2050.0,1.591
2051.0,1.591
2052.0,1.5479999999999998
2053.0,1.591
2054.0,1.5479999999999998
2055.0,1.591
2056.0,1.5479999999999998
2057.0,1.634
2058.0,1.591
2059.0,1.5479999999999998
2060.0,1.591
2061.0,1.5479999999999998
2062.0,1.5479999999999998
2063.0,1.591
2064.0,1.5479999999999998
2065.0,1.591
2066.0,1.5479999999999998
2067.0,1.591
2068.0,1.591
2069.0,1.5479999999999998
2070.0,1.5479999999999998
2071.0,1.5479999999999998
2072.0,1.5479999999999998
2073.0,1.5479999999999998
2074.0,1.591
2075.0,1.5479999999999998
2076.0,1.5479999999999998
2077.0,1.5479999999999998
2078.0,1.5479999999999998
2079.0,1.5479999999999998
2080.0,1.5479999999999998
2081.0,1.5479999999999998
2082.0,1.591
2083.0,1.591
2084.0,1.5479999999999998
2085.0,1.591
2086.0,1.5479999999999998
2087.0,1.5479999999999998
2088.0,1.591
2089.0,1.5479999999999998
2090.0,1.5479999999999998
2091.0,1.591
2092.0,1.5479999999999998
2093.0,1.5479999999999998
2094.0,1.5479999999999998
2095.0,1.5479999999999998
2096.0,1.5479999999999998
2097.0,1.5479999999999998
2098.0,1.591
2099.0,1.591
2100.0,1.5479999999999998
2101.0,1.5479999999999998
2102.0,1.5479999999999998
2103.0,1.5479999999999998
2104.0,1.5479999999999998
2105.0,1.5479999999999998
2106.0,1.5479999999999998
2107.0,1.5479999999999998
2108.0,1.5479999999999998
2109.0,1.591
2110.0,1.5479999999999998
2111.0,1.591
2112.0,1.5479999999999998
2113.0,1.5479999999999998
2114.0,1.5479999999999998
2115.0,1.591
2116.0,1.5479999999999998
2117.0,1.5479999999999998
2118.0,1.5479999999999998
2119.0,1.5479999999999998
2120.0,1.5479999999999998
2121.0,1.5479999999999998
2122.0,1.5479999999999998
2123.0,1.591
2124.0,1.591
2125.0,1.5479999999999998
2126.0,1.5479999999999998
2127.0,1.5479999999999998
2128.0,1.5479999999999998
2129.0,1.591
2130.0,1.5479999999999998
2131.0,1.5479999999999998
2132.0,1.591
2133.0,1.591
2134.0,1.5479999999999998
2135.0,1.5479999999999998
2136.0,1.5479999999999998
2137.0,1.5479999999999998
2138.0,1.5479999999999998
2139.0,1.591
2140.0,1.5479999999999998
2141.0,1.591
2142.0,1.591
2143.0,1.5479999999999998
2144.0,1.5479999999999998
2145.0,1.5479999999999998
2146.0,1.5479999999999998
2147.0,1.5479999999999998
2148.0,1.5479999999999998
2149.0,1.5479999999999998
2150.0,1.5479999999999998
2151.0,1.591
2152.0,1.5479999999999998
2153.0,1.5479999999999998
2154.0,1.5479999999999998
2155.0,1.5479999999999998
2156.0,1.5479999999999998
2157.0,1.591
2158.0,1.5479999999999998
2159.0,1.5479999999999998
2160.0,1.5479999999999998
2161.0,1.5479999999999998
2162.0,1.5479999999999998
2163.0,1.5479999999999998
2164.0,1.591
2165.0,1.591
2166.0,1.591
2167.0,1.591
2168.0,1.591
2169.0,1.5479999999999998
2170.0,1.5479999999999998
2171.0,1.5479999999999998
2172.0,1.5479999999999998
2173.0,1.5479999999999998
2174.0,1.5479999999999998
2175.0,1.5479999999999998
2176.0,1.5479999999999998
2177.0,1.505
2178.0,1.5479999999999998
2179.0,1.5479999999999998
2180.0,1.5479999999999998
2181.0,1.5479999999999998
2182.0,1.5479999999999998
2183.0,1.591
2184.0,1.591
2185.0,1.5479999999999998
2186.0,1.5479999999999998
2187.0,1.5479999999999998
2188.0,1.5479999999999998
2189.0,1.5479999999999998
2190.0,1.5479999999999998
2191.0,1.5479999999999998
2192.0,1.5479999999999998
2193.0,1.505
2194.0,1.5479999999999998
2195.0,1.505
2196.0,1.5479999999999998
2197.0,1.505
2198.0,1.5479999999999998
2199.0,1.5479999999999998
2200.0,1.5479999999999998
2201.0,1.5479999999999998
2202.0,1.5479999999999998
2203.0,1.505
2204.0,1.5479999999999998
2205.0,1.505
2206.0,1.5479999999999998
2207.0,1.5479999999999998
2208.0,1.5479999999999998
2209.0,1.5479999999999998
2210.0,1.5479999999999998
2211.0,1.5479999999999998
2212.0,1.5479999999999998
2213.0,1.5479999999999998
2214.0,1.591
2215.0,1.5479999999999998
2216.0,1.5479999999999998
2217.0,1.5479999999999998
2218.0,1.5479999999999998
2219.0,1.5479999999999998
2220.0,1.5479999999999998
2221.0,1.5479999999999998
2222.0,1.5479999999999998
2223.0,1.5479999999999998
2224.0,1.5479999999999998
2225.0,1.5479999999999998
2226.0,1.5479999999999998
2227.0,1.5479999999999998
2228.0,1.5479999999999998
2229.0,1.5479999999999998
2230.0,1.5479999999999998
2231.0,1.5479999999999998
2232.0,1.5479999999999998
2233.0,1.5479999999999998
2234.0,1.5479999999999998
2235.0,1.5479999999999998
2236.0,1.5479999999999998
2237.0,1.505
2238.0,1.5479999999999998
2239.0,1.5479999999999998
2240.0,1.5479999999999998
2241.0,1.5479999999999998
2242.0,1.5479999999999998
2243.0,1.5479999999999998
2244.0,1.5479999999999998
2245.0,1.505
2246.0,1.5479999999999998
2247.0,1.5479999999999998
2248.0,1.591
2249.0,1.5479999999999998
2250.0,1.5479999999999998
2251.0,1.5479999999999998
2252.0,1.5479999999999998
2253.0,1.505
2254.0,1.5479999999999998
2255.0,1.505
2256.0,1.591
2257.0,1.505
2258.0,1.5479999999999998
2259.0,1.5479999999999998
2260.0,1.5479999999999998
2261.0,1.5479999999999998
2262.0,1.5479999999999998
2263.0,1.5479999999999998
2264.0,1.5479999999999998
2265.0,1.5479999999999998
2266.0,1.591
2267.0,1.5479999999999998
2268.0,1.5479999999999998
2269.0,1.5479999999999998
2270.0,1.5479999999999998
2271.0,1.5479999999999998
2272.0,1.5479999999999998
2273.0,1.5479999999999998
2274.0,1.5479999999999998
2275.0,1.505
2276.0,1.5479999999999998
2277.0,1.505
2278.0,1.5479999999999998
2279.0,1.5479999999999998
2280.0,1.5479999999999998
2281.0,1.505
2282.0,1.5479999999999998
2283.0,1.5479999999999998
2284.0,1.5479999999999998
2285.0,1.5479999999999998
2286.0,1.505
2287.0,1.505
2288.0,1.5479999999999998
2289.0,1.505
2290.0,1.5479999999999998
2291.0,1.5479999999999998
2292.0,1.5479999999999998
2293.0,1.5479999999999998
2294.0,1.5479999999999998
2295.0,1.5479999999999998
2296.0,1.5479999999999998
2297.0,1.5479999999999998
2298.0,1.5479999999999998
2299.0,1.5479999999999998
2300.0,1.5479999999999998
2301.0,1.5479999999999998
2302.0,1.5479999999999998
2303.0,1.505
2304.0,1.5479999999999998
2305.0,1.5479999999999998
2306.0,1.5479999999999998
2307.0,1.5479999999999998
2308.0,1.5479999999999998
2309.0,1.505
2310.0,1.5479999999999998
2311.0,1.5479999999999998
2312.0,1.505
2313.0,1.505
2314.0,1.5479999999999998
2315.0,1.5479999999999998
2316.0,1.5479999999999998
2317.0,1.5479999999999998
2318.0,1.5479999999999998
2319.0,1.505
2320.0,1.505
2321.0,1.5479999999999998
2322.0,1.5479999999999998
2323.0,1.505
2324.0,1.5479999999999998
2325.0,1.5479999999999998
2326.0,1.5479999999999998
2327.0,1.5479999999999998
2328.0,1.5479999999999998
2329.0,1.505
2330.0,1.5479999999999998
2331.0,1.5479999999999998
2332.0,1.5479999999999998
2333.0,1.5479999999999998
2334.0,1.5479999999999998
2335.0,1.505
2336.0,1.5479999999999998
2337.0,1.5479999999999998
2338.0,1.505
2339.0,1.505
2340.0,1.5479999999999998
2341.0,1.5479999999999998
2342.0,1.5479999999999998
2343.0,1.5479999999999998
2344.0,1.5479999999999998
2345.0,1.5479999999999998
2346.0,1.505
2347.0,1.505
2348.0,1.5479999999999998
2349.0,1.505
2350.0,1.5479999999999998
2351.0,1.505
2352.0,1.5479999999999998
2353.0,1.505
2354.0,1.5479999999999998
2355.0,1.5479999999999998
2356.0,1.5479999999999998
2357.0,1.505
2358.0,1.5479999999999998
2359.0,1.505
2360.0,1.5479999999999998
2361.0,1.5479999999999998
2362.0,1.5479999999999998
2363.0,1.505
2364.0,1.5479999999999998
2365.0,1.505
2366.0,1.5479999999999998
2367.0,1.5479999999999998
2368.0,1.5479999999999998
2369.0,1.505
2370.0,1.5479999999999998
2371.0,1.5479999999999998
2372.0,1.5479999999999998
2373.0,1.505
2374.0,1.5479999999999998
2375.0,1.5479999999999998
2376.0,1.5479999999999998
2377.0,1.5479999999999998
2378.0,1.5479999999999998
2379.0,1.5479999999999998
2380.0,1.5479999999999998
2381.0,1.505
2382.0,1.5479999999999998
2383.0,1.505
2384.0,1.5479999999999998
2385.0,1.5479999999999998
2386.0,1.505
2387.0,1.505
2388.0,1.505
2389.0,1.505
2390.0,1.5479999999999998
2391.0,1.5479999999999998
2392.0,1.505
2393.0,1.5479999999999998
2394.0,1.505
2395.0,1.505
2396.0,1.5479999999999998
2397.0,1.5479999999999998
2398.0,1.5479999999999998
2399.0,1.5479999999999998
2400.0,1.505
2401.0,1.505
2402.0,1.5479999999999998
2403.0,1.505
2404.0,1.5479999999999998
2405.0,1.5479999999999998
2406.0,1.5479999999999998
2407.0,1.5479999999999998
2408.0,1.505
2409.0,1.5479999999999998
2410.0,1.5479999999999998
2411.0,1.5479999999999998
2412.0,1.5479999999999998
2413.0,1.505
2414.0,1.5479999999999998
2415.0,1.505
2416.0,1.5479999999999998
2417.0,1.5479999999999998
2418.0,1.5479999999999998
2419.0,1.505
2420.0,1.505
2421.0,1.505
2422.0,1.505
2423.0,1.505
2424.0,1.5479999999999998
2425.0,1.5479999999999998
2426.0,1.505
2427.0,1.505
2428.0,1.505
2429.0,1.505
2430.0,1.505
2431.0,1.505
2432.0,1.505
2433.0,1.5479999999999998
2434.0,1.5479999999999998
2435.0,1.505
2436.0,1.5479999999999998
2437.0,1.505
2438.0,1.5479999999999998
2439.0,1.505
2440.0,1.5479999999999998
2441.0,1.5479999999999998
2442.0,1.505
2443.0,1.505
2444.0,1.505
2445.0,1.505
2446.0,1.5479999999999998
2447.0,1.505
2448.0,1.505
2449.0,1.5479999999999998
2450.0,1.5479999999999998
2451.0,1.505
2452.0,1.505
2453.0,1.505
2454.0,1.505
2455.0,1.505
2456.0,1.5479999999999998
2457.0,1.5479999999999998
2458.0,1.5479999999999998
2459.0,1.505
2460.0,1.505
2461.0,1.505
2462.0,1.505
2463.0,1.505
2464.0,1.5479999999999998
2465.0,1.505
2466.0,1.5479999999999998
2467.0,1.505
2468.0,1.505
2469.0,1.505
2470.0,1.505
2471.0,1.505
2472.0,1.5479999999999998
2473.0,1.505
2474.0,1.505
2475.0,1.505
2476.0,1.505
2477.0,1.505
2478.0,1.5479999999999998
2479.0,1.505
2480.0,1.505
2481.0,1.5479999999999998
2482.0,1.5479999999999998
2483.0,1.5479999999999998
2484.0,1.5479999999999998
2485.0,1.505
2486.0,1.505
2487.0,1.505
2488.0,1.505
2489.0,1.505
2490.0,1.5479999999999998
2491.0,1.505
2492.0,1.5479999999999998
2493.0,1.505
2494.0,1.505
2495.0,1.505
2496.0,1.505
2497.0,1.505
2498.0,1.505
2499.0,1.505
2500.0,1.5479999999999998
2501.0,1.5479999999999998
2502.0,1.505
2503.0,1.505
2504.0,1.505
2505.0,1.505
2506.0,1.505
2507.0,1.5479999999999998
2508.0,1.505
2509.0,1.505
2510.0,1.5479999999999998
2511.0,1.505
2512.0,1.505
2513.0,1.505
2514.0,1.5479999999999998
2515.0,1.505
2516.0,1.505
2517.0,1.505
2518.0,1.505
2519.0,1.505
2520.0,1.505
2521.0,1.505
2522.0,1.505
2523.0,1.505
2524.0,1.5479999999999998
2525.0,1.505
2526.0,1.5479999999999998
2527.0,1.505
2528.0,1.505
2529.0,1.505
2530.0,1.5479999999999998
2531.0,1.505
2532.0,1.5479999999999998
2533.0,1.5479999999999998
2534.0,1.5479999999999998
2535.0,1.5479999999999998
2536.0,1.505
2537.0,1.505
2538.0,1.505
2539.0,1.5479999999999998
2540.0,1.505
2541.0,1.5479999999999998
2542.0,1.505
2543.0,1.5479999999999998
2544.0,1.505
2545.0,1.505
2546.0,1.505
2547.0,1.505
2548.0,1.505
2549.0,1.505
2550.0,1.5479999999999998
2551.0,1.505
2552.0,1.505
2553.0,1.505
2554.0,1.505
2555.0,1.462
2556.0,1.505
2557.0,1.5479999999999998
2558.0,1.505
2559.0,1.505
2560.0,1.505
2561.0,1.462
2562.0,1.505
2563.0,1.462
2564.0,1.505
2565.0,1.505
2566.0,1.505
2567.0,1.505
2568.0,1.505
2569.0,1.505
2570.0,1.462
2571.0,1.505
2572.0,1.462
2573.0,1.505
2574.0,1.505
2575.0,1.505
2576.0,1.505
2577.0,1.505
2578.0,1.505
2579.0,1.505
2580.0,1.505
2581.0,1.505
2582.0,1.505
2583.0,1.505
2584.0,1.5479999999999998
2585.0,1.505
2586.0,1.505
2587.0,1.505
2588.0,1.505
2589.0,1.505
2590.0,1.505
2591.0,1.505
2592.0,1.5479999999999998
2593.0,1.505
2594.0,1.462
2595.0,1.505
2596.0,1.505
2597.0,1.505
2598.0,1.505
2599.0,1.505
2600.0,1.505
2601.0,1.505
2602.0,1.505
2603.0,1.505
2604.0,1.462
2605.0,1.505
2606.0,1.505
2607.0,1.505
2608.0,1.505
2609.0,1.505
2610.0,1.505
2611.0,1.505
2612.0,1.505
2613.0,1.505
2614.0,1.505
2615.0,1.505
2616.0,1.505
2617.0,1.505
2618.0,1.505
2619.0,1.462
2620.0,1.505
2621.0,1.462
2622.0,1.505
2623.0,1.505
2624.0,1.505
2625.0,1.505
2626.0,1.505
2627.0,1.5479999999999998
2628.0,1.462
2629.0,1.505
2630.0,1.505
2631.0,1.505
2632.0,1.505
2633.0,1.505
2634.0,1.505
2635.0,1.462
2636.0,1.462
2637.0,1.505
2638.0,1.505
2639.0,1.505
2640.0,1.505
2641.0,1.505
2642.0,1.505
2643.0,1.505
2644.0,1.505
2645.0,1.505
2646.0,1.505
2647.0,1.505
2648.0,1.505
2649.0,1.505
2650.0,1.505
2651.0,1.505
2652.0,1.505
2653.0,1.505
2654.0,1.505
2655.0,1.505
2656.0,1.505
2657.0,1.505
2658.0,1.505
2659.0,1.505
2660.0,1.505
2661.0,1.462
2662.0,1.505
2663.0,1.462
2664.0,1.505
2665.0,1.505
2666.0,1.462
2667.0,1.462
2668.0,1.505
2669.0,1.462
2670.0,1.462
2671.0,1.462
2672.0,1.462
2673.0,1.462
2674.0,1.505
2675.0,1.505
2676.0,1.505
2677.0,1.505
2678.0,1.462
2679.0,1.505
2680.0,1.505
2681.0,1.505
2682.0,1.505
2683.0,1.505
2684.0,1.505
2685.0,1.462
2686.0,1.505
2687.0,1.505
2688.0,1.462
2689.0,1.505
2690.0,1.505
2691.0,1.505
2692.0,1.505
2693.0,1.505
2694.0,1.462
2695.0,1.505
2696.0,1.505
2697.0,1.505
2698.0,1.505
2699.0,1.505
2700.0,1.5479999999999998
2701.0,1.505
2702.0,1.462
2703.0,1.462
2704.0,1.462
2705.0,1.5479999999999998
2706.0,1.505
2707.0,1.505
2708.0,1.462
2709.0,1.462
2710.0,1.462
2711.0,1.462
2712.0,1.462
2713.0,1.462
2714.0,1.505
2715.0,1.462
2716.0,1.505
2717.0,1.462
2718.0,1.505
2719.0,1.505
2720.0,1.462
2721.0,1.462
2722.0,1.505
2723.0,1.505
2724.0,1.505
2725.0,1.505
2726.0,1.505
2727.0,1.505
2728.0,1.462
2729.0,1.505
2730.0,1.462
2731.0,1.505
2732.0,1.505
2733.0,1.505
2734.0,1.505
2735.0,1.462
2736.0,1.505
2737.0,1.462
2738.0,1.505
2739.0,1.462
2740.0,1.505
2741.0,1.505
2742.0,1.462
2743.0,1.505
2744.0,1.505
2745.0,1.462
2746.0,1.462
2747.0,1.505
2748.0,1.462
2749.0,1.505
2750.0,1.505
2751.0,1.505
2752.0,1.462
2753.0,1.462
2754.0,1.462
2755.0,1.505
2756.0,1.505
2757.0,1.505
2758.0,1.505
2759.0,1.505
2760.0,1.505
2761.0,1.505
2762.0,1.462
2763.0,1.462
2764.0,1.505
2765.0,1.505
2766.0,1.505
2767.0,1.505
2768.0,1.462
2769.0,1.505
2770.0,1.462
2771.0,1.505
2772.0,1.462
2773.0,1.505
2774.0,1.462
2775.0,1.505
2776.0,1.462
2777.0,1.505
2778.0,1.462
2779.0,1.462
2780.0,1.462
2781.0,1.462
2782.0,1.505
2783.0,1.462
2784.0,1.462
2785.0,1.462
2786.0,1.462
2787.0,1.462
2788.0,1.462
2789.0,1.505
2790.0,1.505
2791.0,1.462
2792.0,1.462
2793.0,1.505
2794.0,1.462
2795.0,1.505
2796.0,1.462
2797.0,1.505
2798.0,1.505
2799.0,1.462
2800.0,1.505
2801.0,1.462
2802.0,1.462
2803.0,1.505
2804.0,1.462
2805.0,1.462
2806.0,1.462
2807.0,1.505
2808.0,1.505
2809.0,1.505
2810.0,1.462
2811.0,1.462
2812.0,1.462
2813.0,1.462
2814.0,1.462
2815.0,1.462
2816.0,1.462
2817.0,1.505
2818.0,1.462
2819.0,1.462
2820.0,1.462
2821.0,1.462
2822.0,1.462
2823.0,1.462
2824.0,1.462
2825.0,1.462
2826.0,1.462
2827.0,1.462
2828.0,1.505
2829.0,1.462
2830.0,1.462
2831.0,1.505
2832.0,1.505
2833.0,1.505
2834.0,1.505
2835.0,1.462
2836.0,1.462
2837.0,1.462
2838.0,1.462
2839.0,1.462
2840.0,1.462
2841.0,1.462
2842.0,1.505
2843.0,1.462
2844.0,1.462
2845.0,1.462
2846.0,1.462
2847.0,1.462
2848.0,1.462
2849.0,1.505
2850.0,1.462
2851.0,1.462
2852.0,1.462
2853.0,1.462
2854.0,1.462
2855.0,1.462
2856.0,1.462
2857.0,1.462
2858.0,1.505
2859.0,1.462
2860.0,1.462
2861.0,1.462
2862.0,1.4189999999999998
2863.0,1.462
2864.0,1.505
2865.0,1.505
2866.0,1.505
2867.0,1.462
2868.0,1.462
2869.0,1.462
2870.0,1.462
2871.0,1.462
2872.0,1.505
2873.0,1.462
2874.0,1.462
2875.0,1.505
2876.0,1.462
2877.0,1.462
2878.0,1.505
2879.0,1.462
2880.0,1.462
2881.0,1.462
2882.0,1.462
2883.0,1.462
2884.0,1.505
2885.0,1.462
2886.0,1.462
2887.0,1.462
2888.0,1.4189999999999998
2889.0,1.462
2890.0,1.462
2891.0,1.505
2892.0,1.462
2893.0,1.462
2894.0,1.462
2895.0,1.462
2896.0,1.462
2897.0,1.462
2898.0,1.462
2899.0,1.505
2900.0,1.462
2901.0,1.462
2902.0,1.462
2903.0,1.462
2904.0,1.462
2905.0,1.462
2906.0,1.462
2907.0,1.505
2908.0,1.462
2909.0,1.462
2910.0,1.462
2911.0,1.462
2912.0,1.462
2913.0,1.462
2914.0,1.462
2915.0,1.505
2916.0,1.505
2917.0,1.462
2918.0,1.462
2919.0,1.462
2920.0,1.462
2921.0,1.462
2922.0,1.462
2923.0,1.462
2924.0,1.462
2925.0,1.462
2926.0,1.462
2927.0,1.462
2928.0,1.462
2929.0,1.462
2930.0,1.462
2931.0,1.462
2932.0,1.462
2933.0,1.462
2934.0,1.462
2935.0,1.4189999999999998
2936.0,1.462
2937.0,1.462
2938.0,1.4189999999999998
2939.0,1.462
2940.0,1.462
2941.0,1.462
2942.0,1.505
2943.0,1.462
2944.0,1.462
2945.0,1.505
2946.0,1.462
2947.0,1.505
2948.0,1.462
2949.0,1.505
2950.0,1.462
2951.0,1.462
2952.0,1.4189999999999998
2953.0,1.462
2954.0,1.4189999999999998
2955.0,1.462
2956.0,1.462
2957.0,1.462
2958.0,1.505
2959.0,1.462
2960.0,1.462
2961.0,1.462
2962.0,1.4189999999999998
2963.0,1.462
2964.0,1.462
2965.0,1.462
2966.0,1.462
2967.0,1.462
2968.0,1.462
2969.0,1.462
2970.0,1.462
2971.0,1.462
2972.0,1.462
2973.0,1.462
2974.0,1.462
2975.0,1.462
2976.0,1.4189999999999998
2977.0,1.462
2978.0,1.462
2979.0,1.4189999999999998
2980.0,1.462
2981.0,1.462
2982.0,1.462
2983.0,1.462
2984.0,1.462
2985.0,1.462
2986.0,1.4189999999999998
2987.0,1.462
2988.0,1.4189999999999998
2989.0,1.462
2990.0,1.462
2991.0,1.462
2992.0,1.462
2993.0,1.462
2994.0,1.4189999999999998
2995.0,1.462
2996.0,1.462
2997.0,1.462
2998.0,1.462
2999.0,1.462
3000.0,1.462
3001.0,1.462
3002.0,1.462
3003.0,1.4189999999999998
3004.0,1.462
3005.0,1.462
3006.0,1.462
3007.0,1.462
3008.0,1.462
3009.0,1.462
3010.0,1.462
3011.0,1.462
3012.0,1.4189999999999998
3013.0,1.462
3014.0,1.462
3015.0,1.462
3016.0,1.462
3017.0,1.462
3018.0,1.4189999999999998
3019.0,1.462
3020.0,1.4189999999999998
3021.0,1.462
3022.0,1.462
3023.0,1.505
3024.0,1.462
3025.0,1.505
3026.0,1.505
3027.0,1.4189999999999998
3028.0,1.4189999999999998
3029.0,1.4189999999999998
3030.0,1.4189999999999998
3031.0,1.462
3032.0,1.462
3033.0,1.4189999999999998
3034.0,1.462
3035.0,1.462
3036.0,1.462
3037.0,1.462
3038.0,1.462
3039.0,1.462
3040.0,1.462
3041.0,1.462
3042.0,1.462
3043.0,1.462
3044.0,1.462
3045.0,1.462
3046.0,1.462
3047.0,1.462
3048.0,1.462
3049.0,1.462
3050.0,1.462
3051.0,1.462
3052.0,1.4189999999999998
3053.0,1.462
3054.0,1.4189999999999998
3055.0,1.462
3056.0,1.462
3057.0,1.462
3058.0,1.462
3059.0,1.462
3060.0,1.462
3061.0,1.462
3062.0,1.4189999999999998
3063.0,1.462
3064.0,1.462
3065.0,1.462
3066.0,1.462
3067.0,1.462
3068.0,1.462
3069.0,1.462
3070.0,1.4189999999999998
3071.0,1.462
3072.0,1.462
3073.0,1.462
3074.0,1.462
3075.0,1.462
3076.0,1.462
3077.0,1.4189999999999998
3078.0,1.4189999999999998
3079.0,1.4189999999999998
3080.0,1.462
3081.0,1.462
3082.0,1.505
3083.0,1.4189999999999998
3084.0,1.462
3085.0,1.4189999999999998
3086.0,1.4189999999999998
3087.0,1.462
3088.0,1.4189999999999998
3089.0,1.4189999999999998
3090.0,1.462
3091.0,1.462
3092.0,1.462
3093.0,1.462
3094.0,1.4189999999999998
3095.0,1.462
3096.0,1.4189999999999998
3097.0,1.462
3098.0,1.4189999999999998
3099.0,1.505
3100.0,1.462
3101.0,1.462
3102.0,1.4189999999999998
3103.0,1.4189999999999998
3104.0,1.462
3105.0,1.462
3106.0,1.4189999999999998
3107.0,1.462
3108.0,1.462
3109.0,1.462
3110.0,1.4189999999999998
3111.0,1.462
3112.0,1.462
3113.0,1.4189999999999998
3114.0,1.4189999999999998
3115.0,1.462
3116.0,1.462
3117.0,1.4189999999999998
3118.0,1.462
3119.0,1.4189999999999998
3120.0,1.4189999999999998
3121.0,1.462
3122.0,1.4189999999999998
3123.0,1.462
3124.0,1.4189999999999998
3125.0,1.462
3126.0,1.462
3127.0,1.462
3128.0,1.4189999999999998
3129.0,1.4189999999999998
3130.0,1.4189999999999998
3131.0,1.462
3132.0,1.462
3133.0,1.462
3134.0,1.462
3135.0,1.462
3136.0,1.4189999999999998
3137.0,1.4189999999999998
3138.0,1.4189999999999998
3139.0,1.462
3140.0,1.462
3141.0,1.462
3142.0,1.4189999999999998
3143.0,1.462
3144.0,1.462
3145.0,1.4189999999999998
3146.0,1.462
3147.0,1.462
3148.0,1.462
3149.0,1.462
3150.0,1.462
3151.0,1.462
3152.0,1.462
3153.0,1.462
3154.0,1.4189999999999998
3155.0,1.462
3156.0,1.4189999999999998
3157.0,1.4189999999999998
3158.0,1.4189999999999998
3159.0,1.462
3160.0,1.4189999999999998
3161.0,1.462
3162.0,1.462
3163.0,1.4189999999999998
3164.0,1.462
3165.0,1.462
3166.0,1.462
3167.0,1.462
3168.0,1.462
3169.0,1.462
3170.0,1.4189999999999998
3171.0,1.462
3172.0,1.4189999999999998
3173.0,1.462
3174.0,1.4189999999999998
3175.0,1.462
3176.0,1.4189999999999998
3177.0,1.462
3178.0,1.462
3179.0,1.4189999999999998
3180.0,1.462
3181.0,1.462
3182.0,1.4189999999999998
3183.0,1.462
3184.0,1.462
3185.0,1.462
3186.0,1.4189999999999998
3187.0,1.4189999999999998
3188.0,1.4189999999999998
3189.0,1.4189999999999998
3190.0,1.4189999999999998
3191.0,1.462
3192.0,1.4189999999999998
3193.0,1.462
3194.0,1.4189999999999998
3195.0,1.4189999999999998
3196.0,1.4189999999999998
3197.0,1.4189999999999998
3198.0,1.4189999999999998
3199.0,1.4189999999999998
3200.0,1.462
3201.0,1.4189999999999998
3202.0,1.4189999999999998
3203.0,1.4189999999999998
3204.0,1.4189999999999998
3205.0,1.462
3206.0,1.4189999999999998
3207.0,1.462
3208.0,1.4189999999999998
3209.0,1.462
3210.0,1.462
3211.0,1.4189999999999998
3212.0,1.4189999999999998
3213.0,1.4189999999999998
3214.0,1.4189999999999998
3215.0,1.4189999999999998
3216.0,1.4189999999999998
3217.0,1.4189999999999998
3218.0,1.462
3219.0,1.4189999999999998
3220.0,1.4189999999999998
3221.0,1.4189999999999998
3222.0,1.4189999999999998
3223.0,1.462
3224.0,1.4189999999999998
3225.0,1.462
3226.0,1.4189999999999998
3227.0,1.462
3228.0,1.4189999999999998
3229.0,1.4189999999999998
3230.0,1.4189999999999998
3231.0,1.505
3232.0,1.4189999999999998
3233.0,1.462
3234.0,1.4189999999999998
3235.0,1.462
3236.0,1.4189999999999998
3237.0,1.4189999999999998
3238.0,1.4189999999999998
3239.0,1.4189999999999998
3240.0,1.4189999999999998
3241.0,1.462
3242.0,1.462
3243.0,1.462
3244.0,1.462
3245.0,1.4189999999999998
3246.0,1.4189999999999998
3247.0,1.4189999999999998
3248.0,1.462
3249.0,1.462
3250.0,1.4189999999999998
3251.0,1.4189999999999998
3252.0,1.4189999999999998
3253.0,1.462
3254.0,1.4189999999999998
3255.0,1.462
3256.0,1.4189999999999998
3257.0,1.462
3258.0,1.4189999999999998
3259.0,1.462
3260.0,1.462
3261.0,1.4189999999999998
3262.0,1.462
3263.0,1.462
3264.0,1.4189999999999998
3265.0,1.4189999999999998
3266.0,1.462
3267.0,1.462
3268.0,1.4189999999999998
3269.0,1.462
3270.0,1.4189999999999998
3271.0,1.4189999999999998
3272.0,1.4189999999999998
3273.0,1.462
3274.0,1.462
3275.0,1.462
3276.0,1.4189999999999998
3277.0,1.4189999999999998
3278.0,1.4189999999999998
3279.0,1.4189999999999998
3280.0,1.4189999999999998
3281.0,1.4189999999999998
3282.0,1.462
3283.0,1.462
3284.0,1.4189999999999998
3285.0,1.462
3286.0,1.4189999999999998
3287.0,1.4189999999999998
3288.0,1.4189999999999998
3289.0,1.462
3290.0,1.4189999999999998
3291.0,1.462
3292.0,1.4189999999999998
3293.0,1.462
3294.0,1.462
3295.0,1.4189999999999998
3296.0,1.4189999999999998
3297.0,1.462
3298.0,1.4189999999999998
3299.0,1.4189999999999998
3300.0,1.4189999999999998
3301.0,1.462
3302.0,1.4189999999999998
3303.0,1.4189999999999998
3304.0,1.4189999999999998
3305.0,1.4189999999999998
3306.0,1.4189999999999998
3307.0,1.462
3308.0,1.4189999999999998
3309.0,1.462
3310.0,1.4189999999999998
3311.0,1.462
3312.0,1.4189999999999998
3313.0,1.462
3314.0,1.4189999999999998
3315.0,1.462
3316.0,1.4189999999999998
3317.0,1.462
3318.0,1.4189999999999998
3319.0,1.4189999999999998
3320.0,1.4189999999999998
3321.0,1.4189999999999998
3322.0,1.4189999999999998
3323.0,1.462
3324.0,1.462
3325.0,1.4189999999999998
3326.0,1.462
3327.0,1.4189999999999998
3328.0,1.4189999999999998
3329.0,1.462
3330.0,1.4189999999999998
3331.0,1.462
3332.0,1.4189999999999998
3333.0,1.462
3334.0,1.462
3335.0,1.4189999999999998
3336.0,1.4189999999999998
3337.0,1.4189999999999998
3338.0,1.4189999999999998
3339.0,1.462
3340.0,1.4189999999999998
3341.0,1.4189999999999998
3342.0,1.4189999999999998
3343.0,1.4189999999999998
3344.0,1.4189999999999998
3345.0,1.462
3346.0,1.4189999999999998
3347.0,1.4189999999999998
3348.0,1.4189999999999998
3349.0,1.4189999999999998
3350.0,1.4189999999999998
3351.0,1.4189999999999998
3352.0,1.4189999999999998
3353.0,1.4189999999999998
3354.0,1.4189999999999998
3355.0,1.4189999999999998
3356.0,1.4189999999999998
3357.0,1.462
3358.0,1.4189999999999998
3359.0,1.4189999999999998
3360.0,1.4189999999999998
3361.0,1.4189999999999998
3362.0,1.4189999999999998
3363.0,1.4189999999999998
3364.0,1.4189999999999998
3365.0,1.462
3366.0,1.4189999999999998
3367.0,1.462
3368.0,1.4189999999999998
3369.0,1.4189999999999998
3370.0,1.4189999999999998
3371.0,1.4189999999999998
3372.0,1.4189999999999998
3373.0,1.4189999999999998
3374.0,1.4189999999999998
3375.0,1.4189999999999998
3376.0,1.4189999999999998
3377.0,1.462
3378.0,1.4189999999999998
3379.0,1.4189999999999998
3380.0,1.4189999999999998
3381.0,1.4189999999999998
3382.0,1.4189999999999998
3383.0,1.4189999999999998
3384.0,1.4189999999999998
3385.0,1.4189999999999998
3386.0,1.4189999999999998
3387.0,1.462
3388.0,1.4189999999999998
3389.0,1.4189999999999998
3390.0,1.4189999999999998
3391.0,1.4189999999999998
3392.0,1.462
3393.0,1.462
3394.0,1.4189999999999998
3395.0,1.4189999999999998
3396.0,1.4189999999999998
3397.0,1.4189999999999998
3398.0,1.4189999999999998
3399.0,1.4189999999999998
3400.0,1.4189999999999998
3401.0,1.4189999999999998
3402.0,1.4189999999999998
3403.0,1.4189999999999998
3404.0,1.4189999999999998
3405.0,1.4189999999999998
3406.0,1.4189999999999998
3407.0,1.4189999999999998
3408.0,1.4189999999999998
3409.0,1.4189999999999998
3410.0,1.4189999999999998
3411.0,1.4189999999999998
3412.0,1.4189999999999998
3413.0,1.4189999999999998
3414.0,1.4189999999999998
3415.0,1.4189999999999998
3416.0,1.4189999999999998
3417.0,1.462
3418.0,1.4189999999999998
3419.0,1.4189999999999998
3420.0,1.4189999999999998
3421.0,1.4189999999999998
3422.0,1.4189999999999998
3423.0,1.4189999999999998
3424.0,1.4189999999999998
3425.0,1.4189999999999998
3426.0,1.4189999999999998
3427.0,1.462
3428.0,1.4189999999999998
3429.0,1.462
3430.0,1.4189999999999998
3431.0,1.4189999999999998
3432.0,1.4189999999999998
3433.0,1.462
3434.0,1.4189999999999998
3435.0,1.462
3436.0,1.4189999999999998
3437.0,1.462
3438.0,1.4189999999999998
3439.0,1.462
3440.0,1.4189999999999998
3441.0,1.462
3442.0,1.4189999999999998
3443.0,1.4189999999999998
3444.0,1.4189999999999998
3445.0,1.4189999999999998
3446.0,1.4189999999999998
3447.0,1.4189999999999998
3448.0,1.4189999999999998
3449.0,1.4189999999999998
3450.0,1.462
3451.0,1.4189999999999998
3452.0,1.462
3453.0,1.4189999999999998
3454.0,1.376
3455.0,1.4189999999999998
3456.0,1.4189999999999998
3457.0,1.4189999999999998
3458.0,1.4189999999999998
3459.0,1.462
3460.0,1.4189999999999998
3461.0,1.376
3462.0,1.376
3463.0,1.4189999999999998
3464.0,1.4189999999999998
3465.0,1.462
3466.0,1.4189999999999998
3467.0,1.462
3468.0,1.4189999999999998
3469.0,1.4189999999999998
3470.0,1.4189999999999998
3471.0,1.4189999999999998
3472.0,1.4189999999999998
3473.0,1.4189999999999998
3474.0,1.4189999999999998
3475.0,1.462
3476.0,1.4189999999999998
3477.0,1.4189999999999998
3478.0,1.4189999999999998
3479.0,1.4189999999999998
3480.0,1.4189999999999998
3481.0,1.4189999999999998
3482.0,1.4189999999999998
3483.0,1.4189999999999998
3484.0,1.4189999999999998
3485.0,1.4189999999999998
3486.0,1.4189999999999998
3487.0,1.4189999999999998
3488.0,1.4189999999999998
3489.0,1.462
3490.0,1.4189999999999998
3491.0,1.462
3492.0,1.4189999999999998
3493.0,1.4189999999999998
3494.0,1.4189999999999998
3495.0,1.4189999999999998
3496.0,1.4189999999999998
3497.0,1.4189999999999998
3498.0,1.4189999999999998
3499.0,1.4189999999999998
3500.0,1.4189999999999998
3501.0,1.462
3502.0,1.376
3503.0,1.4189999999999998
3504.0,1.4189999999999998
3505.0,1.4189999999999998
3506.0,1.4189999999999998
3507.0,1.4189999999999998
3508.0,1.4189999999999998
3509.0,1.4189999999999998
3510.0,1.4189999999999998
3511.0,1.4189999999999998
3512.0,1.4189999999999998
3513.0,1.4189999999999998
3514.0,1.4189999999999998
3515.0,1.4189999999999998
3516.0,1.462
3517.0,1.4189999999999998
3518.0,1.4189999999999998
3519.0,1.462
3520.0,1.4189999999999998
3521.0,1.4189999999999998
3522.0,1.4189999999999998
3523.0,1.4189999999999998
3524.0,1.4189999999999998
3525.0,1.4189999999999998
3526.0,1.4189999999999998
3527.0,1.4189999999999998
3528.0,1.4189999999999998
3529.0,1.4189999999999998
3530.0,1.4189999999999998
3531.0,1.4189999999999998
3532.0,1.4189999999999998
3533.0,1.4189999999999998
3534.0,1.4189999999999998
3535.0,1.4189999999999998
3536.0,1.4189999999999998
3537.0,1.4189999999999998
3538.0,1.4189999999999998
3539.0,1.4189999999999998
3540.0,1.4189999999999998
3541.0,1.4189999999999998
3542.0,1.4189999999999998
3543.0,1.4189999999999998
3544.0,1.4189999999999998
3545.0,1.4189999999999998
3546.0,1.376
3547.0,1.4189999999999998
3548.0,1.4189999999999998
3549.0,1.4189999999999998
3550.0,1.4189999999999998
3551.0,1.462
3552.0,1.4189999999999998
3553.0,1.4189999999999998
3554.0,1.4189999999999998
3555.0,1.4189999999999998
3556.0,1.4189999999999998
3557.0,1.4189999999999998
3558.0,1.4189999999999998
3559.0,1.462
3560.0,1.376
3561.0,1.4189999999999998
3562.0,1.4189999999999998
3563.0,1.4189999999999998
3564.0,1.4189999999999998
3565.0,1.462
3566.0,1.4189999999999998
3567.0,1.4189999999999998
3568.0,1.4189999999999998
3569.0,1.4189999999999998
3570.0,1.376
3571.0,1.4189999999999998
3572.0,1.4189999999999998
3573.0,1.4189999999999998
3574.0,1.4189999999999998
3575.0,1.4189999999999998
3576.0,1.4189999999999998
3577.0,1.4189999999999998
3578.0,1.376
3579.0,1.4189999999999998
3580.0,1.4189999999999998
3581.0,1.4189999999999998
3582.0,1.4189999999999998
3583.0,1.4189999999999998
3584.0,1.4189999999999998
3585.0,1.4189999999999998
3586.0,1.4189999999999998
3587.0,1.4189999999999998
3588.0,1.376
3589.0,1.4189999999999998
3590.0,1.4189999999999998
3591.0,1.4189999999999998
3592.0,1.4189999999999998
3593.0,1.462
3594.0,1.4189999999999998
3595.0,1.4189999999999998
3596.0,1.4189999999999998
3597.0,1.4189999999999998
3598.0,1.4189999999999998
3599.0,1.462
3600.0,1.4189999999999998
3601.0,1.4189999999999998
3602.0,1.4189999999999998
3603.0,1.4189999999999998
3604.0,1.4189999999999998
3605.0,1.4189999999999998
3606.0,1.462
3607.0,1.4189999999999998
3608.0,1.4189999999999998
3609.0,1.462
3610.0,1.4189999999999998
3611.0,1.376
3612.0,1.376
3613.0,1.4189999999999998
3614.0,1.4189999999999998
3615.0,1.462
3616.0,1.4189999999999998
3617.0,1.4189999999999998
3618.0,1.4189999999999998
3619.0,1.4189999999999998
3620.0,1.4189999999999998
3621.0,1.4189999999999998
3622.0,1.4189999999999998
3623.0,1.462
3624.0,1.4189999999999998
3625.0,1.4189999999999998
3626.0,1.4189999999999998
3627.0,1.4189999999999998
3628.0,1.4189999999999998
3629.0,1.376
3630.0,1.376
3631.0,1.462
3632.0,1.4189999999999998
3633.0,1.4189999999999998
3634.0,1.4189999999999998
3635.0,1.462
3636.0,1.4189999999999998
3637.0,1.4189999999999998
3638.0,1.4189999999999998
3639.0,1.462
3640.0,1.4189999999999998
3641.0,1.4189999999999998
3642.0,1.4189999999999998
3643.0,1.4189999999999998
3644.0,1.4189999999999998
3645.0,1.4189999999999998
3646.0,1.4189999999999998
3647.0,1.4189999999999998
3648.0,1.4189999999999998
3649.0,1.4189999999999998
3650.0,1.4189999999999998
3651.0,1.4189999999999998
3652.0,1.4189999999999998
3653.0,1.4189999999999998
3654.0,1.376
3655.0,1.4189999999999998
3656.0,1.376
3657.0,1.4189999999999998
3658.0,1.4189999999999998
3659.0,1.4189999999999998
3660.0,1.4189999999999998
3661.0,1.4189999999999998
3662.0,1.376
3663.0,1.4189999999999998
3664.0,1.4189999999999998
3665.0,1.462
3666.0,1.4189999999999998
3667.0,1.4189999999999998
3668.0,1.376
3669.0,1.4189999999999998
3670.0,1.4189999999999998
3671.0,1.4189999999999998
3672.0,1.4189999999999998
3673.0,1.4189999999999998
3674.0,1.4189999999999998
3675.0,1.4189999999999998
3676.0,1.4189999999999998
3677.0,1.376
3678.0,1.4189999999999998
3679.0,1.4189999999999998
3680.0,1.376
3681.0,1.4189999999999998
3682.0,1.4189999999999998
3683.0,1.4189999999999998
3684.0,1.4189999999999998
3685.0,1.4189999999999998
3686.0,1.4189999999999998
3687.0,1.4189999999999998
3688.0,1.376
3689.0,1.4189999999999998
3690.0,1.376
3691.0,1.462
3692.0,1.4189999999999998
3693.0,1.4189999999999998
3694.0,1.376
3695.0,1.4189999999999998
3696.0,1.376
3697.0,1.4189999999999998
3698.0,1.4189999999999998
3699.0,1.4189999999999998
3700.0,1.4189999999999998
3701.0,1.462
3702.0,1.376
3703.0,1.4189999999999998
3704.0,1.376
3705.0,1.4189999999999998
3706.0,1.4189999999999998
3707.0,1.4189999999999998
3708.0,1.4189999999999998
3709.0,1.4189999999999998
3710.0,1.4189999999999998
3711.0,1.4189999999999998
3712.0,1.4189999999999998
3713.0,1.4189999999999998
3714.0,1.4189999999999998
3715.0,1.4189999999999998
3716.0,1.4189999999999998
3717.0,1.4189999999999998
3718.0,1.376
3719.0,1.4189999999999998
3720.0,1.376
3721.0,1.4189999999999998
3722.0,1.376
3723.0,1.4189999999999998
3724.0,1.4189999999999998
3725.0,1.4189999999999998
3726.0,1.4189999999999998
3727.0,1.376
3728.0,1.4189999999999998
3729.0,1.4189999999999998
3730.0,1.376
3731.0,1.4189999999999998
3732.0,1.4189999999999998
3733.0,1.4189999999999998
3734.0,1.4189999999999998
3735.0,1.4189999999999998
3736.0,1.376
3737.0,1.4189999999999998
3738.0,1.376
3739.0,1.462
3740.0,1.4189999999999998
3741.0,1.4189999999999998
3742.0,1.4189999999999998
3743.0,1.4189999999999998
3744.0,1.4189999999999998
3745.0,1.4189999999999998
3746.0,1.376
3747.0,1.4189999999999998
3748.0,1.4189999999999998
3749.0,1.4189999999999998
3750.0,1.4189999999999998
3751.0,1.4189999999999998
3752.0,1.4189999999999998
3753.0,1.4189999999999998
3754.0,1.4189999999999998
3755.0,1.4189999999999998
3756.0,1.376
3757.0,1.4189999999999998
3758.0,1.4189999999999998
3759.0,1.4189999999999998
3760.0,1.4189999999999998
3761.0,1.376
3762.0,1.376
3763.0,1.4189999999999998
3764.0,1.4189999999999998
3765.0,1.4189999999999998
3766.0,1.4189999999999998
3767.0,1.4189999999999998
3768.0,1.4189999999999998
3769.0,1.4189999999999998
3770.0,1.4189999999999998
3771.0,1.4189999999999998
3772.0,1.4189999999999998
3773.0,1.4189999999999998
3774.0,1.4189999999999998
3775.0,1.4189999999999998
3776.0,1.4189999999999998
3777.0,1.4189999999999998
3778.0,1.4189999999999998
3779.0,1.4189999999999998
3780.0,1.4189999999999998
3781.0,1.4189999999999998
3782.0,1.4189999999999998
3783.0,1.4189999999999998
3784.0,1.4189999999999998
3785.0,1.4189999999999998
3786.0,1.4189999999999998
3787.0,1.4189999999999998
3788.0,1.4189999999999998
3789.0,1.4189999999999998
3790.0,1.4189999999999998
3791.0,1.4189999999999998
3792.0,1.4189999999999998
3793.0,1.4189999999999998
3794.0,1.4189999999999998
3795.0,1.376
3796.0,1.376
3797.0,1.376
3798.0,1.4189999999999998
3799.0,1.4189999999999998
3800.0,1.4189999999999998
3801.0,1.4189999999999998
3802.0,1.376
3803.0,1.376
3804.0,1.376
3805.0,1.4189999999999998
3806.0,1.4189999999999998
3807.0,1.4189999999999998
3808.0,1.4189999999999998
3809.0,1.4189999999999998
3810.0,1.4189999999999998
3811.0,1.4189999999999998
3812.0,1.376
3813.0,1.4189999999999998
3814.0,1.376
3815.0,1.4189999999999998
3816.0,1.4189999999999998
3817.0,1.4189999999999998
3818.0,1.4189999999999998
3819.0,1.4189999999999998
3820.0,1.4189999999999998
3821.0,1.4189999999999998
3822.0,1.4189999999999998
3823.0,1.4189999999999998
3824.0,1.4189999999999998
3825.0,1.4189999999999998
3826.0,1.376
3827.0,1.4189999999999998
3828.0,1.376
3829.0,1.4189999999999998
3830.0,1.376
3831.0,1.4189999999999998
3832.0,1.4189999999999998
3833.0,1.4189999999999998
3834.0,1.4189999999999998
3835.0,1.4189999999999998
3836.0,1.376
3837.0,1.4189999999999998
3838.0,1.376
3839.0,1.376
3840.0,1.4189999999999998
3841.0,1.4189999999999998
3842.0,1.4189999999999998
3843.0,1.4189999999999998
3844.0,1.376
3845.0,1.4189999999999998
3846.0,1.376
3847.0,1.4189999999999998
3848.0,1.4189999999999998
3849.0,1.4189999999999998
3850.0,1.4189999999999998
3851.0,1.4189999999999998
3852.0,1.4189999999999998
3853.0,1.4189999999999998
3854.0,1.376
3855.0,1.4189999999999998
3856.0,1.4189999999999998
3857.0,1.4189999999999998
3858.0,1.4189999999999998
3859.0,1.4189999999999998
3860.0,1.4189999999999998
3861.0,1.376
3862.0,1.376
3863.0,1.376
3864.0,1.376
3865.0,1.4189999999999998
3866.0,1.4189999999999998
3867.0,1.4189999999999998
3868.0,1.376
3869.0,1.376
3870.0,1.376
3871.0,1.376
3872.0,1.376
3873.0,1.4189999999999998
3874.0,1.4189999999999998
3875.0,1.4189999999999998
3876.0,1.376
3877.0,1.4189999999999998
3878.0,1.4189999999999998
3879.0,1.376
3880.0,1.376
3881.0,1.4189999999999998
3882.0,1.376
3883.0,1.4189999999999998
3884.0,1.4189999999999998
3885.0,1.4189999999999998
3886.0,1.4189999999999998
3887.0,1.4189999999999998
3888.0,1.4189999999999998
3889.0,1.4189999999999998
3890.0,1.4189999999999998
3891.0,1.4189999999999998
3892.0,1.4189999999999998
3893.0,1.4189999999999998
3894.0,1.4189999999999998
3895.0,1.4189999999999998
3896.0,1.4189999999999998
3897.0,1.4189999999999998
3898.0,1.4189999999999998
3899.0,1.4189999999999998
3900.0,1.4189999999999998
3901.0,1.4189999999999998
3902.0,1.376
3903.0,1.4189999999999998
3904.0,1.376
3905.0,1.376
3906.0,1.4189999999999998
3907.0,1.4189999999999998
3908.0,1.376
3909.0,1.376
3910.0,1.376
3911.0,1.376
3912.0,1.4189999999999998
3913.0,1.376
3914.0,1.4189999999999998
3915.0,1.376
3916.0,1.4189999999999998
3917.0,1.4189999999999998
3918.0,1.4189999999999998
3919.0,1.4189999999999998
3920.0,1.4189999999999998
3921.0,1.376
3922.0,1.4189999999999998
3923.0,1.376
3924.0,1.4189999999999998
3925.0,1.4189999999999998
3926.0,1.4189999999999998
3927.0,1.4189999999999998
3928.0,1.376
3929.0,1.4189999999999998
3930.0,1.4189999999999998
3931.0,1.4189999999999998
3932.0,1.4189999999999998
3933.0,1.376
3934.0,1.4189999999999998
3935.0,1.4189999999999998
3936.0,1.4189999999999998
3937.0,1.376
3938.0,1.376
3939.0,1.376
3940.0,1.376
3941.0,1.4189999999999998
3942.0,1.376
3943.0,1.4189999999999998
3944.0,1.376
3945.0,1.4189999999999998
3946.0,1.376
3947.0,1.4189999999999998
3948.0,1.376
3949.0,1.4189999999999998
3950.0,1.4189999999999998
3951.0,1.4189999999999998
3952.0,1.4189999999999998
3953.0,1.4189999999999998
3954.0,1.376
3955.0,1.4189999999999998
3956.0,1.376
3957.0,1.4189999999999998
3958.0,1.4189999999999998
3959.0,1.4189999999999998
3960.0,1.4189999999999998
3961.0,1.4189999999999998
3962.0,1.376
3963.0,1.4189999999999998
3964.0,1.376
3965.0,1.4189999999999998
3966.0,1.376
3967.0,1.376
3968.0,1.4189999999999998
3969.0,1.4189999999999998
3970.0,1.376
3971.0,1.376
3972.0,1.376
3973.0,1.4189999999999998
3974.0,1.4189999999999998
3975.0,1.376
3976.0,1.376
3977.0,1.376
3978.0,1.376
3979.0,1.376
3980.0,1.4189999999999998
3981.0,1.4189999999999998
3982.0,1.376
3983.0,1.4189999999999998
3984.0,1.4189999999999998
3985.0,1.376
3986.0,1.376
3987.0,1.376
3988.0,1.376
3989.0,1.376
3990.0,1.4189999999999998
3991.0,1.4189999999999998
3992.0,1.4189999999999998
3993.0,1.4189999999999998
3994.0,1.4189999999999998
3995.0,1.4189999999999998
3996.0,1.4189999999999998
3997.0,1.4189999999999998
3998.0,1.4189999999999998
3999.0,1.4189999999999998
4000.0,1.376
4001.0,1.4189999999999998
4002.0,1.4189999999999998
4003.0,1.376
4004.0,1.376
4005.0,1.376
4006.0,1.376
4007.0,1.4189999999999998
4008.0,1.4189999999999998
4009.0,1.376
4010.0,1.376
4011.0,1.4189999999999998
4012.0,1.376
4013.0,1.4189999999999998
4014.0,1.376
4015.0,1.4189999999999998
4016.0,1.376
4017.0,1.4189999999999998
4018.0,1.376
4019.0,1.376
4020.0,1.376
4021.0,1.376
4022.0,1.376
4023.0,1.462
4024.0,1.376
4025.0,1.462
4026.0,1.376
4027.0,1.376
4028.0,1.376
4029.0,1.376
4030.0,1.376
4031.0,1.4189999999999998
4032.0,1.376
4033.0,1.4189999999999998
4034.0,1.4189999999999998
4035.0,1.4189999999999998
4036.0,1.4189999999999998
4037.0,1.376
4038.0,1.376
4039.0,1.4189999999999998
4040.0,1.4189999999999998
4041.0,1.4189999999999998
4042.0,1.4189999999999998
4043.0,1.4189999999999998
4044.0,1.376
4045.0,1.376
4046.0,1.376
4047.0,1.376
4048.0,1.376
4049.0,1.4189999999999998
4050.0,1.376
4051.0,1.376
4052.0,1.376
4053.0,1.376
4054.0,1.376
4055.0,1.4189999999999998
4056.0,1.376
4057.0,1.4189999999999998
4058.0,1.376
4059.0,1.4189999999999998
4060.0,1.376
4061.0,1.376
4062.0,1.376
4063.0,1.376
4064.0,1.376
4065.0,1.4189999999999998
4066.0,1.376
4067.0,1.4189999999999998
4068.0,1.4189999999999998
4069.0,1.376
4070.0,1.376
4071.0,1.376
4072.0,1.4189999999999998
4073.0,1.4189999999999998
4074.0,1.376
4075.0,1.4189999999999998
4076.0,1.4189999999999998
4077.0,1.4189999999999998
4078.0,1.376
4079.0,1.376
4080.0,1.4189999999999998
4081.0,1.4189999999999998
4082.0,1.4189999999999998
4083.0,1.376
4084.0,1.4189999999999998
4085.0,1.4189999999999998
4086.0,1.376
4087.0,1.376
4088.0,1.376
4089.0,1.376
4090.0,1.376
4091.0,1.376
4092.0,1.376
4093.0,1.376
4094.0,1.376
4095.0,1.376
4096.0,1.376
4097.0,1.376
4098.0,1.376
4099.0,1.4189999999999998
4100.0,1.4189999999999998
4101.0,1.376
4102.0,1.376
4103.0,1.376
4104.0,1.376
4105.0,1.376
4106.0,1.376
4107.0,1.4189999999999998
4108.0,1.376
4109.0,1.376
4110.0,1.4189999999999998
4111.0,1.376
4112.0,1.376
4113.0,1.376
4114.0,1.4189999999999998
4115.0,1.4189999999999998
4116.0,1.376
4117.0,1.4189999999999998
4118.0,1.376
4119.0,1.376
4120.0,1.376
4121.0,1.376
4122.0,1.376
4123.0,1.4189999999999998
4124.0,1.4189999999999998
4125.0,1.4189999999999998
4126.0,1.4189999999999998
4127.0,1.376
4128.0,1.376
4129.0,1.4189999999999998
4130.0,1.376
4131.0,1.376
4132.0,1.4189999999999998
4133.0,1.4189999999999998
4134.0,1.376
4135.0,1.4189999999999998
4136.0,1.376
4137.0,1.376
4138.0,1.376
4139.0,1.4189999999999998
4140.0,1.376
4141.0,1.376
4142.0,1.376
4143.0,1.4189999999999998
4144.0,1.376
4145.0,1.376
4146.0,1.376
4147.0,1.376
4148.0,1.376
4149.0,1.4189999999999998
4150.0,1.376
4151.0,1.376
4152.0,1.376
4153.0,1.376
4154.0,1.376
4155.0,1.4189999999999998
4156.0,1.376
4157.0,1.4189999999999998
4158.0,1.376
4159.0,1.376
4160.0,1.4189999999999998
4161.0,1.376
4162.0,1.376
4163.0,1.376
4164.0,1.376
4165.0,1.4189999999999998
4166.0,1.376
4167.0,1.4189999999999998
4168.0,1.376
4169.0,1.376
4170.0,1.376
4171.0,1.376
4172.0,1.376
4173.0,1.376
4174.0,1.4189999999999998
4175.0,1.4189999999999998
4176.0,1.376
4177.0,1.376
4178.0,1.376
4179.0,1.4189999999999998
4180.0,1.376
4181.0,1.4189999999999998
4182.0,1.4189999999999998
4183.0,1.376
4184.0,1.4189999999999998
4185.0,1.4189999999999998
4186.0,1.376
4187.0,1.376
4188.0,1.376
4189.0,1.376
4190.0,1.4189999999999998
4191.0,1.376
4192.0,1.376
4193.0,1.4189999999999998
4194.0,1.376
4195.0,1.376
4196.0,1.376
4197.0,1.376
4198.0,1.4189999999999998
4199.0,1.4189999999999998
4200.0,1.376
4201.0,1.376
4202.0,1.376
4203.0,1.376
4204.0,1.376
4205.0,1.376
4206.0,1.376
4207.0,1.376
4208.0,1.376
4209.0,1.376
4210.0,1.376
4211.0,1.376
4212.0,1.376
4213.0,1.376
4214.0,1.376
4215.0,1.4189999999999998
4216.0,1.376
4217.0,1.4189999999999998
4218.0,1.376
4219.0,1.376
4220.0,1.376
4221.0,1.333
4222.0,1.376
4223.0,1.4189999999999998
4224.0,1.376
4225.0,1.376
4226.0,1.376
4227.0,1.376
4228.0,1.376
4229.0,1.4189999999999998
4230.0,1.376
4231.0,1.376
4232.0,1.376
4233.0,1.4189999999999998
4234.0,1.376
4235.0,1.4189999999999998
4236.0,1.376
4237.0,1.376
4238.0,1.376
4239.0,1.376
4240.0,1.376
4241.0,1.376
4242.0,1.4189999999999998
4243.0,1.376
4244.0,1.4189999999999998
4245.0,1.376
4246.0,1.376
4247.0,1.376
4248.0,1.376
4249.0,1.4189999999999998
4250.0,1.376
4251.0,1.376
4252.0,1.4189999999999998
4253.0,1.376
4254.0,1.376
4255.0,1.376
4256.0,1.376
4257.0,1.376
4258.0,1.4189999999999998
4259.0,1.376
4260.0,1.376
4261.0,1.376
4262.0,1.333
4263.0,1.4189999999999998
4264.0,1.376
4265.0,1.376
4266.0,1.376
4267.0,1.376
4268.0,1.376
4269.0,1.376
4270.0,1.376
4271.0,1.376
4272.0,1.376
4273.0,1.4189999999999998
4274.0,1.376
4275.0,1.376
4276.0,1.376
4277.0,1.4189999999999998
4278.0,1.376
4279.0,1.376
4280.0,1.376
4281.0,1.376
4282.0,1.376
4283.0,1.376
4284.0,1.376
4285.0,1.4189999999999998
4286.0,1.376
4287.0,1.376
4288.0,1.333
4289.0,1.376
4290.0,1.376
4291.0,1.376
4292.0,1.4189999999999998
4293.0,1.376
4294.0,1.376
4295.0,1.376
4296.0,1.376
4297.0,1.4189999999999998
4298.0,1.376
4299.0,1.4189999999999998
4300.0,1.4189999999999998
4301.0,1.4189999999999998
4302.0,1.376
4303.0,1.376
4304.0,1.333
4305.0,1.376
4306.0,1.376
4307.0,1.376
4308.0,1.376
4309.0,1.376
4310.0,1.376
4311.0,1.376
4312.0,1.376
4313.0,1.376
4314.0,1.376
4315.0,1.376
4316.0,1.376
4317.0,1.4189999999999998
4318.0,1.376
4319.0,1.376
4320.0,1.376
4321.0,1.376
4322.0,1.376
4323.0,1.376
4324.0,1.376
4325.0,1.376
4326.0,1.376
4327.0,1.376
4328.0,1.376
4329.0,1.376
4330.0,1.376
4331.0,1.376
4332.0,1.376
4333.0,1.376
4334.0,1.376
4335.0,1.4189999999999998
4336.0,1.376
4337.0,1.376
4338.0,1.376
4339.0,1.376
4340.0,1.376
4341.0,1.376
4342.0,1.376
4343.0,1.376
4344.0,1.376
4345.0,1.376
4346.0,1.376
4347.0,1.376
4348.0,1.376
4349.0,1.376
4350.0,1.376
4351.0,1.376
4352.0,1.376
4353.0,1.376
4354.0,1.376
4355.0,1.376
4356.0,1.376
4357.0,1.376
4358.0,1.376
4359.0,1.376
4360.0,1.376
4361.0,1.376
4362.0,1.376
4363.0,1.376
4364.0,1.376
4365.0,1.4189999999999998
4366.0,1.376
4367.0,1.376
4368.0,1.376
4369.0,1.376
4370.0,1.376
4371.0,1.376
4372.0,1.376
4373.0,1.4189999999999998
4374.0,1.4189999999999998
4375.0,1.376
4376.0,1.376
4377.0,1.376
4378.0,1.376
4379.0,1.376
4380.0,1.376
4381.0,1.376
4382.0,1.376
4383.0,1.376
4384.0,1.376
4385.0,1.376
4386.0,1.376
4387.0,1.376
4388.0,1.376
4389.0,1.376
4390.0,1.376
4391.0,1.4189999999999998
4392.0,1.376
4393.0,1.376
4394.0,1.376
4395.0,1.376
4396.0,1.376
4397.0,1.376
4398.0,1.376
4399.0,1.376
4400.0,1.376
4401.0,1.376
4402.0,1.376
4403.0,1.376
4404.0,1.333
4405.0,1.376
4406.0,1.4189999999999998
4407.0,1.376
4408.0,1.376
4409.0,1.376
4410.0,1.376
4411.0,1.376
4412.0,1.333
4413.0,1.376
4414.0,1.376
4415.0,1.376
4416.0,1.376
4417.0,1.4189999999999998
4418.0,1.376
4419.0,1.376
4420.0,1.376
4421.0,1.376
4422.0,1.376
4423.0,1.376
4424.0,1.376
4425.0,1.376
4426.0,1.376
4427.0,1.376
4428.0,1.376
4429.0,1.376
4430.0,1.376
4431.0,1.376
4432.0,1.376
4433.0,1.376
4434.0,1.376
4435.0,1.376
4436.0,1.333
4437.0,1.376
4438.0,1.333
4439.0,1.4189999999999998
4440.0,1.376
4441.0,1.376
4442.0,1.376
4443.0,1.376
4444.0,1.376
4445.0,1.376
4446.0,1.376
4447.0,1.376
4448.0,1.376
4449.0,1.376
4450.0,1.376
4451.0,1.376
4452.0,1.376
4453.0,1.376
4454.0,1.333
4455.0,1.376
4456.0,1.4189999999999998
4457.0,1.376
4458.0,1.376
4459.0,1.376
4460.0,1.376
4461.0,1.376
4462.0,1.376
4463.0,1.376
4464.0,1.376
4465.0,1.376
4466.0,1.376
4467.0,1.376
4468.0,1.4189999999999998
4469.0,1.376
4470.0,1.333
4471.0,1.376
4472.0,1.376
4473.0,1.376
4474.0,1.333
4475.0,1.4189999999999998
4476.0,1.333
4477.0,1.376
4478.0,1.333
4479.0,1.333
4480.0,1.333
4481.0,1.376
4482.0,1.376
4483.0,1.376
4484.0,1.376
4485.0,1.376
4486.0,1.376
4487.0,1.376
4488.0,1.333
4489.0,1.376
4490.0,1.376
4491.0,1.376
4492.0,1.376
4493.0,1.376
4494.0,1.376
4495.0,1.376
4496.0,1.376
4497.0,1.376
4498.0,1.376
4499.0,1.376
4500.0,1.376
4501.0,1.376
4502.0,1.376
4503.0,1.376
4504.0,1.376
4505.0,1.376
4506.0,1.376
4507.0,1.376
4508.0,1.376
4509.0,1.376
4510.0,1.376
4511.0,1.376
4512.0,1.333
4513.0,1.376
4514.0,1.333
4515.0,1.376
4516.0,1.376
4517.0,1.4189999999999998
4518.0,1.333
4519.0,1.376
4520.0,1.333
4521.0,1.376
4522.0,1.376
4523.0,1.376
4524.0,1.376
4525.0,1.376
4526.0,1.376
4527.0,1.376
4528.0,1.376
4529.0,1.376
4530.0,1.376
4531.0,1.376
4532.0,1.376
4533.0,1.376
4534.0,1.4189999999999998
4535.0,1.376
4536.0,1.376
4537.0,1.376
4538.0,1.376
4539.0,1.376
4540.0,1.376
4541.0,1.376
4542.0,1.376
4543.0,1.376
4544.0,1.376
4545.0,1.376
4546.0,1.333
4547.0,1.376
4548.0,1.376
4549.0,1.376
4550.0,1.376
4551.0,1.376
4552.0,1.376
4553.0,1.376
4554.0,1.376
4555.0,1.376
4556.0,1.376
4557.0,1.376
4558.0,1.376
4559.0,1.376
4560.0,1.376
4561.0,1.376
4562.0,1.333
4563.0,1.376
4564.0,1.376
4565.0,1.376
4566.0,1.376
4567.0,1.376
4568.0,1.376
4569.0,1.376
4570.0,1.376
4571.0,1.376
4572.0,1.376
4573.0,1.376
4574.0,1.376
4575.0,1.376
4576.0,1.376
4577.0,1.376
4578.0,1.333
4579.0,1.376
4580.0,1.376
4581.0,1.4189999999999998
4582.0,1.376
4583.0,1.4189999999999998
4584.0,1.376
4585.0,1.376
4586.0,1.376
4587.0,1.376
4588.0,1.333
4589.0,1.376
4590.0,1.376
4591.0,1.376
4592.0,1.376
4593.0,1.376
4594.0,1.376
4595.0,1.376
4596.0,1.376
4597.0,1.376
4598.0,1.376
4599.0,1.376
4600.0,1.376
4601.0,1.376
4602.0,1.376
4603.0,1.376
4604.0,1.376
4605.0,1.376
4606.0,1.376
4607.0,1.376
4608.0,1.376
4609.0,1.376
4610.0,1.376
4611.0,1.376
4612.0,1.376
4613.0,1.376
4614.0,1.376
4615.0,1.376
4616.0,1.376
4617.0,1.376
4618.0,1.376
4619.0,1.376
4620.0,1.376
4621.0,1.376
4622.0,1.376
4623.0,1.376
4624.0,1.376
4625.0,1.376
4626.0,1.376
4627.0,1.376
4628.0,1.376
4629.0,1.376
4630.0,1.333
4631.0,1.376
4632.0,1.376
4633.0,1.376
4634.0,1.376
4635.0,1.376
4636.0,1.333
4637.0,1.376
4638.0,1.376
4639.0,1.376
4640.0,1.376
4641.0,1.376
4642.0,1.376
4643.0,1.376
4644.0,1.376
4645.0,1.376
4646.0,1.333
4647.0,1.376
4648.0,1.376
4649.0,1.376
4650.0,1.376
4651.0,1.376
4652.0,1.376
4653.0,1.376
4654.0,1.376
4655.0,1.376
4656.0,1.376
4657.0,1.376
4658.0,1.376
4659.0,1.376
4660.0,1.4189999999999998
4661.0,1.376
4662.0,1.376
4663.0,1.376
4664.0,1.376
4665.0,1.376
4666.0,1.376
4667.0,1.376
4668.0,1.376
4669.0,1.376
4670.0,1.376
4671.0,1.376
4672.0,1.376
4673.0,1.376
4674.0,1.376
4675.0,1.376
4676.0,1.376
4677.0,1.376
4678.0,1.376
4679.0,1.376
4680.0,1.376
4681.0,1.376
4682.0,1.376
4683.0,1.376
4684.0,1.376
4685.0,1.376
4686.0,1.333
4687.0,1.376
4688.0,1.376
4689.0,1.376
4690.0,1.376
4691.0,1.376
4692.0,1.376
4693.0,1.376
4694.0,1.376
4695.0,1.376
4696.0,1.376
4697.0,1.376
4698.0,1.376
4699.0,1.376
4700.0,1.376
4701.0,1.376
4702.0,1.333
4703.0,1.333
4704.0,1.333
4705.0,1.376
4706.0,1.376
4707.0,1.376
4708.0,1.376
4709.0,1.376
4710.0,1.376
4711.0,1.376
4712.0,1.376
4713.0,1.376
4714.0,1.333
4715.0,1.376
4716.0,1.376
4717.0,1.376
4718.0,1.376
4719.0,1.376
4720.0,1.376
4721.0,1.376
4722.0,1.376
4723.0,1.376
4724.0,1.376
4725.0,1.376
4726.0,1.376
4727.0,1.376
4728.0,1.333
4729.0,1.333
4730.0,1.333
4731.0,1.376
4732.0,1.376
4733.0,1.376
4734.0,1.376
4735.0,1.376
4736.0,1.376
4737.0,1.333
4738.0,1.333
4739.0,1.376
4740.0,1.376
4741.0,1.376
4742.0,1.376
4743.0,1.376
4744.0,1.333
4745.0,1.376
4746.0,1.376
4747.0,1.376
4748.0,1.376
4749.0,1.376
4750.0,1.376
4751.0,1.376
4752.0,1.376
4753.0,1.376
4754.0,1.333
4755.0,1.333
4756.0,1.376
4757.0,1.376
4758.0,1.376
4759.0,1.376
4760.0,1.376
4761.0,1.376
4762.0,1.333
4763.0,1.376
4764.0,1.376
4765.0,1.376
4766.0,1.376
4767.0,1.376
4768.0,1.333
4769.0,1.376
4770.0,1.376
4771.0,1.376
4772.0,1.333
4773.0,1.376
4774.0,1.376
4775.0,1.376
4776.0,1.333
4777.0,1.333
4778.0,1.333
4779.0,1.376
4780.0,1.376
4781.0,1.376
4782.0,1.376
4783.0,1.376
4784.0,1.376
4785.0,1.376
4786.0,1.376
4787.0,1.376
4788.0,1.333
4789.0,1.376
4790.0,1.376
4791.0,1.376
4792.0,1.376
4793.0,1.376
4794.0,1.376
4795.0,1.376
4796.0,1.333
4797.0,1.376
4798.0,1.376
4799.0,1.376
4800.0,1.376
4801.0,1.376
4802.0,1.376
4803.0,1.376
4804.0,1.376
4805.0,1.376
4806.0,1.376
4807.0,1.333
4808.0,1.376
4809.0,1.333
4810.0,1.333
4811.0,1.376
4812.0,1.333
4813.0,1.376
4814.0,1.333
4815.0,1.376
4816.0,1.376
4817.0,1.376
4818.0,1.376
4819.0,1.376
4820.0,1.333
4821.0,1.333
4822.0,1.376
4823.0,1.333
4824.0,1.376
4825.0,1.376
4826.0,1.333
4827.0,1.376
4828.0,1.376
4829.0,1.376
4830.0,1.376
4831.0,1.376
4832.0,1.376
4833.0,1.376
4834.0,1.376
4835.0,1.376
4836.0,1.376
4837.0,1.376
4838.0,1.376
4839.0,1.376
4840.0,1.376
4841.0,1.376
4842.0,1.376
4843.0,1.376
4844.0,1.333
4845.0,1.333
4846.0,1.333
4847.0,1.376
4848.0,1.376
4849.0,1.376
4850.0,1.333
4851.0,1.376
4852.0,1.376
4853.0,1.376
4854.0,1.376
4855.0,1.376
4856.0,1.376
4857.0,1.376
4858.0,1.376
4859.0,1.376
4860.0,1.333
4861.0,1.376
4862.0,1.376
4863.0,1.376
4864.0,1.333
4865.0,1.376
4866.0,1.376
4867.0,1.376
4868.0,1.376
4869.0,1.376
4870.0,1.333
4871.0,1.376
4872.0,1.333
4873.0,1.376
4874.0,1.376
4875.0,1.376
4876.0,1.333
4877.0,1.376
4878.0,1.376
4879.0,1.333
4880.0,1.376
4881.0,1.376
4882.0,1.376
4883.0,1.376
4884.0,1.333
4885.0,1.376
4886.0,1.376
4887.0,1.376
4888.0,1.376
4889.0,1.376
4890.0,1.376
4891.0,1.376
4892.0,1.376
4893.0,1.376
4894.0,1.333
4895.0,1.376
4896.0,1.333
4897.0,1.376
4898.0,1.376
4899.0,1.376
4900.0,1.376
4901.0,1.376
4902.0,1.333
4903.0,1.376
4904.0,1.333
4905.0,1.376
4906.0,1.376
4907.0,1.376
4908.0,1.376
4909.0,1.376
4910.0,1.333
4911.0,1.333
4912.0,1.333
4913.0,1.333
4914.0,1.333
4915.0,1.376
4916.0,1.376
4917.0,1.376
4918.0,1.376
4919.0,1.333
4920.0,1.333
4921.0,1.376
4922.0,1.333
4923.0,1.4189999999999998
4924.0,1.376
4925.0,1.376
4926.0,1.376
4927.0,1.376
4928.0,1.333
4929.0,1.376
4930.0,1.333
4931.0,1.376
4932.0,1.376
4933.0,1.376
4934.0,1.376
4935.0,1.376
4936.0,1.376
4937.0,1.376
4938.0,1.333
4939.0,1.376
4940.0,1.376
4941.0,1.376
4942.0,1.376
4943.0,1.376
4944.0,1.333
4945.0,1.376
4946.0,1.376
4947.0,1.376
4948.0,1.376
4949.0,1.376
4950.0,1.376
4951.0,1.376
4952.0,1.376
4953.0,1.376
4954.0,1.376
4955.0,1.376
4956.0,1.376
4957.0,1.376
4958.0,1.376
4959.0,1.333
4960.0,1.333
4961.0,1.376
4962.0,1.333
4963.0,1.376
4964.0,1.333
4965.0,1.376
4966.0,1.376
4967.0,1.376
4968.0,1.376
4969.0,1.333
4970.0,1.333
4971.0,1.333
4972.0,1.376
4973.0,1.376
4974.0,1.376
4975.0,1.376
4976.0,1.376
4977.0,1.376
4978.0,1.333
4979.0,1.376
4980.0,1.333
4981.0,1.376
4982.0,1.333
4983.0,1.376
4984.0,1.376
4985.0,1.376
4986.0,1.376
4987.0,1.376
4988.0,1.333
4989.0,1.376
4990.0,1.376
4991.0,1.376
4992.0,1.376
4993.0,1.376
4994.0,1.376
4995.0,1.376
4996.0,1.333
4997.0,1.376
4998.0,1.376
4999.0,1.376
5000.0,1.376
5001.0,1.376
5002.0,1.376
5003.0,1.376
5004.0,1.333
5005.0,1.376
5006.0,1.376
5007.0,1.376
5008.0,1.376
5009.0,1.376
5010.0,1.376
5011.0,1.376
5012.0,1.376
5013.0,1.376
5014.0,1.376
5015.0,1.376
5016.0,1.376
5017.0,1.376
5018.0,1.376
5019.0,1.376
5020.0,1.376
5021.0,1.333
5022.0,1.333
5023.0,1.376
5024.0,1.376
5025.0,1.376
5026.0,1.376
5027.0,1.376
5028.0,1.376
5029.0,1.333
5030.0,1.333
5031.0,1.376
5032.0,1.376
5033.0,1.376
5034.0,1.333
5035.0,1.376
5036.0,1.333
5037.0,1.333
5038.0,1.333
5039.0,1.333
5040.0,1.376
5041.0,1.376
5042.0,1.333
5043.0,1.376
5044.0,1.333
5045.0,1.376
5046.0,1.333
5047.0,1.376
5048.0,1.376
5049.0,1.376
5050.0,1.376
5051.0,1.376
5052.0,1.376
5053.0,1.333
5054.0,1.376
5055.0,1.333
5056.0,1.333
5057.0,1.376
5058.0,1.376
5059.0,1.376
5060.0,1.333
5061.0,1.376
5062.0,1.376
5063.0,1.333
5064.0,1.376
5065.0,1.376
5066.0,1.376
5067.0,1.333
5068.0,1.333
5069.0,1.333
5070.0,1.333
5071.0,1.333
5072.0,1.333
5073.0,1.333
5074.0,1.376
5075.0,1.333
5076.0,1.333
5077.0,1.376
5078.0,1.376
5079.0,1.333
5080.0,1.333
5081.0,1.376
5082.0,1.376
5083.0,1.376
5084.0,1.333
5085.0,1.333
5086.0,1.333
5087.0,1.376
5088.0,1.333
5089.0,1.376
5090.0,1.376
5091.0,1.376
5092.0,1.376
5093.0,1.376
5094.0,1.376
5095.0,1.376
5096.0,1.333
5097.0,1.333
5098.0,1.333
5099.0,1.376
5100.0,1.376
5101.0,1.376
5102.0,1.376
5103.0,1.333
5104.0,1.333
5105.0,1.333
5106.0,1.333
5107.0,1.376
5108.0,1.376
5109.0,1.376
5110.0,1.333
5111.0,1.333
5112.0,1.333
5113.0,1.376
5114.0,1.333
5115.0,1.333
5116.0,1.333
5117.0,1.376
5118.0,1.376
5119.0,1.376
5120.0,1.333
5121.0,1.333
5122.0,1.376
5123.0,1.376
5124.0,1.376
5125.0,1.376
5126.0,1.376
5127.0,1.376
5128.0,1.333
5129.0,1.376
5130.0,1.376
5131.0,1.376
5132.0,1.376
5133.0,1.376
5134.0,1.376
5135.0,1.376
5136.0,1.333
5137.0,1.333
5138.0,1.333
5139.0,1.333
5140.0,1.376
5141.0,1.376
5142.0,1.376
5143.0,1.333
5144.0,1.376
5145.0,1.333
5146.0,1.376
5147.0,1.333
5148.0,1.333
5149.0,1.333
5150.0,1.333
5151.0,1.376
5152.0,1.333
5153.0,1.376
5154.0,1.376
5155.0,1.333
5156.0,1.376
5157.0,1.376
5158.0,1.376
5159.0,1.376
5160.0,1.376
5161.0,1.376
5162.0,1.376
5163.0,1.376
5164.0,1.333
5165.0,1.376
5166.0,1.376
5167.0,1.376
5168.0,1.333
5169.0,1.376
5170.0,1.333
5171.0,1.376
5172.0,1.376
5173.0,1.376
5174.0,1.376
5175.0,1.376
5176.0,1.333
5177.0,1.333
5178.0,1.333
5179.0,1.333
5180.0,1.333
5181.0,1.333
5182.0,1.333
5183.0,1.333
5184.0,1.376
5185.0,1.333
5186.0,1.333
5187.0,1.333
5188.0,1.333
5189.0,1.333
5190.0,1.333
5191.0,1.376
5192.0,1.333
5193.0,1.333
5194.0,1.376
5195.0,1.333
5196.0,1.333
5197.0,1.376
5198.0,1.376
5199.0,1.376
5200.0,1.333
5201.0,1.376
5202.0,1.333
5203.0,1.333
5204.0,1.2899999999999998
5205.0,1.333
5206.0,1.376
5207.0,1.376
5208.0,1.376
5209.0,1.376
5210.0,1.376
5211.0,1.333
5212.0,1.333
5213.0,1.2899999999999998
5214.0,1.376
5215.0,1.333
5216.0,1.376
5217.0,1.333
5218.0,1.376
5219.0,1.376
5220.0,1.333
5221.0,1.333
5222.0,1.333
5223.0,1.333
5224.0,1.376
5225.0,1.376
5226.0,1.376
5227.0,1.376
5228.0,1.333
5229.0,1.333
5230.0,1.333
5231.0,1.376
5232.0,1.376
5233.0,1.376
5234.0,1.376
5235.0,1.376
5236.0,1.333
5237.0,1.376
5238.0,1.333
5239.0,1.333
5240.0,1.333
5241.0,1.376
5242.0,1.333
5243.0,1.376
5244.0,1.333
5245.0,1.333
5246.0,1.376
5247.0,1.376
5248.0,1.333
5249.0,1.333
5250.0,1.376
5251.0,1.333
5252.0,1.333
5253.0,1.333
5254.0,1.376
5255.0,1.333
5256.0,1.333
5257.0,1.333
5258.0,1.333
5259.0,1.333
5260.0,1.333
5261.0,1.376
5262.0,1.333
5263.0,1.376
5264.0,1.376
5265.0,1.333
5266.0,1.333
5267.0,1.376
5268.0,1.333
5269.0,1.376
5270.0,1.333
5271.0,1.333
5272.0,1.333
5273.0,1.376
5274.0,1.333
5275.0,1.376
5276.0,1.376
5277.0,1.333
5278.0,1.376
5279.0,1.376
5280.0,1.333
5281.0,1.376
5282.0,1.333
5283.0,1.376
5284.0,1.333
5285.0,1.333
5286.0,1.333
5287.0,1.376
5288.0,1.333
5289.0,1.376
5290.0,1.333
5291.0,1.333
5292.0,1.376
5293.0,1.333
5294.0,1.333
5295.0,1.333
5296.0,1.333
5297.0,1.333
5298.0,1.376
5299.0,1.376
5300.0,1.376
5301.0,1.376
5302.0,1.376
5303.0,1.333
5304.0,1.376
5305.0,1.376
5306.0,1.333
5307.0,1.376
5308.0,1.376
5309.0,1.376
5310.0,1.333
5311.0,1.333
5312.0,1.333
5313.0,1.333
5314.0,1.376
5315.0,1.333
5316.0,1.376
5317.0,1.376
5318.0,1.376
5319.0,1.333
5320.0,1.333
5321.0,1.333
5322.0,1.333
5323.0,1.376
5324.0,1.376
5325.0,1.333
5326.0,1.333
5327.0,1.376
5328.0,1.333
5329.0,1.333
5330.0,1.333
5331.0,1.333
5332.0,1.333
5333.0,1.333
5334.0,1.333
5335.0,1.376
5336.0,1.333
5337.0,1.333
5338.0,1.333
5339.0,1.333
5340.0,1.376
5341.0,1.333
5342.0,1.333
5343.0,1.376
5344.0,1.333
5345.0,1.376
5346.0,1.333
5347.0,1.376
5348.0,1.333
5349.0,1.376
5350.0,1.333
5351.0,1.376
5352.0,1.333
5353.0,1.376
5354.0,1.333
5355.0,1.376
5356.0,1.333
5357.0,1.333
5358.0,1.376
5359.0,1.376
5360.0,1.333
5361.0,1.333
5362.0,1.333
5363.0,1.333
5364.0,1.333
5365.0,1.333
5366.0,1.333
5367.0,1.333
5368.0,1.333
5369.0,1.333
5370.0,1.333
5371.0,1.333
5372.0,1.333
5373.0,1.376
5374.0,1.376
5375.0,1.376
5376.0,1.376
5377.0,1.333
5378.0,1.333
5379.0,1.376
5380.0,1.333
5381.0,1.376
5382.0,1.333
5383.0,1.376
5384.0,1.333
5385.0,1.333
5386.0,1.333
5387.0,1.333
5388.0,1.333
5389.0,1.376
5390.0,1.376
5391.0,1.376
5392.0,1.333
5393.0,1.333
5394.0,1.376
5395.0,1.333
5396.0,1.333
5397.0,1.333
5398.0,1.333
5399.0,1.333
5400.0,1.333
5401.0,1.376
5402.0,1.333
5403.0,1.333
5404.0,1.333
5405.0,1.333
5406.0,1.333
5407.0,1.333
5408.0,1.376
5409.0,1.333
5410.0,1.333
5411.0,1.333
5412.0,1.333
5413.0,1.333
5414.0,1.376
5415.0,1.376
5416.0,1.376
5417.0,1.376
5418.0,1.376
5419.0,1.376
5420.0,1.2899999999999998
5421.0,1.333
5422.0,1.333
5423.0,1.376
5424.0,1.376
5425.0,1.376
5426.0,1.376
5427.0,1.376
5428.0,1.333
5429.0,1.333
5430.0,1.333
5431.0,1.376
5432.0,1.333
5433.0,1.333
5434.0,1.376
5435.0,1.333
5436.0,1.333
5437.0,1.333
5438.0,1.333
5439.0,1.333
5440.0,1.333
5441.0,1.376
5442.0,1.376
5443.0,1.333
5444.0,1.333
5445.0,1.333
5446.0,1.333
5447.0,1.333
5448.0,1.333
5449.0,1.376
5450.0,1.333
5451.0,1.376
5452.0,1.376
5453.0,1.333
5454.0,1.333
5455.0,1.333
5456.0,1.333
5457.0,1.333
5458.0,1.333
5459.0,1.376
5460.0,1.376
5461.0,1.333
5462.0,1.333
5463.0,1.333
5464.0,1.333
5465.0,1.333
5466.0,1.333
5467.0,1.333
5468.0,1.376
5469.0,1.376
5470.0,1.333
5471.0,1.333
5472.0,1.333
5473.0,1.376
5474.0,1.376
5475.0,1.376
5476.0,1.376
5477.0,1.333
5478.0,1.333
5479.0,1.333
5480.0,1.333
5481.0,1.333
5482.0,1.333
5483.0,1.333
5484.0,1.333
5485.0,1.333
5486.0,1.333
5487.0,1.376
5488.0,1.333
5489.0,1.333
5490.0,1.333
5491.0,1.376
5492.0,1.376
5493.0,1.376
5494.0,1.333
5495.0,1.333
5496.0,1.333
5497.0,1.333
5498.0,1.376
5499.0,1.333
5500.0,1.376
5501.0,1.376
5502.0,1.333
5503.0,1.333
5504.0,1.333
5505.0,1.333
5506.0,1.333
5507.0,1.376
5508.0,1.333
5509.0,1.376
5510.0,1.333
5511.0,1.333
5512.0,1.333
5513.0,1.333
5514.0,1.333
5515.0,1.376
5516.0,1.376
5517.0,1.376
5518.0,1.333
5519.0,1.376
5520.0,1.333
5521.0,1.333
5522.0,1.333
5523.0,1.376
5524.0,1.376
5525.0,1.376
5526.0,1.333
5527.0,1.333
5528.0,1.333
5529.0,1.333
5530.0,1.376
5531.0,1.333
5532.0,1.376
5533.0,1.376
5534.0,1.333
5535.0,1.333
5536.0,1.333
5537.0,1.333
5538.0,1.333
5539.0,1.333
5540.0,1.376
5541.0,1.376
5542.0,1.333
5543.0,1.333
5544.0,1.333
5545.0,1.333
5546.0,1.333
5547.0,1.333
5548.0,1.333
5549.0,1.376
5550.0,1.376
5551.0,1.376
5552.0,1.2899999999999998
5553.0,1.376
5554.0,1.2899999999999998
5555.0,1.333
5556.0,1.333
5557.0,1.333
5558.0,1.333
5559.0,1.376
5560.0,1.333
5561.0,1.333
5562.0,1.333
5563.0,1.333
5564.0,1.333
5565.0,1.333
5566.0,1.376
5567.0,1.333
5568.0,1.333
5569.0,1.333
5570.0,1.333
5571.0,1.333
5572.0,1.333
5573.0,1.376
5574.0,1.333
5575.0,1.376
5576.0,1.376
5577.0,1.333
5578.0,1.2899999999999998
5579.0,1.333
5580.0,1.333
5581.0,1.333
5582.0,1.333
5583.0,1.376
5584.0,1.376
5585.0,1.376
5586.0,1.333
5587.0,1.333
5588.0,1.333
5589.0,1.333
5590.0,1.333
5591.0,1.333
5592.0,1.333
5593.0,1.333
5594.0,1.333
5595.0,1.333
5596.0,1.2899999999999998
5597.0,1.333
5598.0,1.333
5599.0,1.333
5600.0,1.333
5601.0,1.376
5602.0,1.333
5603.0,1.333
5604.0,1.333
5605.0,1.333
5606.0,1.376
5607.0,1.333
5608.0,1.376
5609.0,1.333
5610.0,1.333
5611.0,1.333
5612.0,1.333
5613.0,1.333
5614.0,1.333
5615.0,1.333
5616.0,1.376
5617.0,1.333
5618.0,1.333
5619.0,1.376
5620.0,1.333
5621.0,1.333
5622.0,1.333
5623.0,1.333
5624.0,1.333
5625.0,1.376
5626.0,1.333
5627.0,1.376
5628.0,1.333
5629.0,1.333
5630.0,1.333
5631.0,1.333
5632.0,1.333
5633.0,1.333
5634.0,1.376
5635.0,1.333
5636.0,1.333
5637.0,1.333
5638.0,1.333
5639.0,1.333
5640.0,1.333
5641.0,1.333
5642.0,1.376
5643.0,1.333
5644.0,1.333
5645.0,1.333
5646.0,1.376
5647.0,1.333
5648.0,1.333
5649.0,1.376
5650.0,1.333
5651.0,1.376
5652.0,1.333
5653.0,1.333
5654.0,1.333
5655.0,1.2899999999999998
5656.0,1.333
5657.0,1.333
5658.0,1.333
5659.0,1.333
5660.0,1.333
5661.0,1.333
5662.0,1.333
5663.0,1.333
5664.0,1.333
5665.0,1.333
5666.0,1.333
5667.0,1.376
5668.0,1.376
5669.0,1.376
5670.0,1.333
5671.0,1.333
5672.0,1.333
5673.0,1.333
5674.0,1.333
5675.0,1.333
5676.0,1.333
5677.0,1.333
5678.0,1.333
5679.0,1.333
5680.0,1.333
5681.0,1.333
5682.0,1.333
5683.0,1.333
5684.0,1.333
5685.0,1.333
5686.0,1.333
5687.0,1.333
5688.0,1.333
5689.0,1.333
5690.0,1.333
5691.0,1.333
5692.0,1.376
5693.0,1.333
5694.0,1.2899999999999998
5695.0,1.333
5696.0,1.333
5697.0,1.333
5698.0,1.333
5699.0,1.333
5700.0,1.333
5701.0,1.333
5702.0,1.333
5703.0,1.333
5704.0,1.333
5705.0,1.333
5706.0,1.333
5707.0,1.333
5708.0,1.376
5709.0,1.333
5710.0,1.333
5711.0,1.333
5712.0,1.333
5713.0,1.333
5714.0,1.333
5715.0,1.333
5716.0,1.333
5717.0,1.333
5718.0,1.333
5719.0,1.333
5720.0,1.2899999999999998
5721.0,1.333
5722.0,1.333
5723.0,1.376
5724.0,1.333
5725.0,1.376
5726.0,1.333
5727.0,1.333
5728.0,1.2899999999999998
5729.0,1.333
5730.0,1.333
5731.0,1.333
5732.0,1.333
5733.0,1.333
5734.0,1.376
5735.0,1.376
5736.0,1.333
5737.0,1.333
5738.0,1.333
5739.0,1.333
5740.0,1.333
5741.0,1.333
5742.0,1.376
5743.0,1.333
5744.0,1.333
5745.0,1.2899999999999998
5746.0,1.2899999999999998
5747.0,1.333
5748.0,1.333
5749.0,1.333
5750.0,1.376
5751.0,1.376
5752.0,1.333
5753.0,1.333
5754.0,1.333
5755.0,1.333
5756.0,1.333
5757.0,1.376
5758.0,1.333
5759.0,1.333
5760.0,1.333
5761.0,1.333
5762.0,1.333
5763.0,1.333
5764.0,1.333
5765.0,1.333
5766.0,1.333
5767.0,1.333
5768.0,1.333
5769.0,1.333
5770.0,1.333
5771.0,1.333
5772.0,1.333
5773.0,1.333
5774.0,1.333
5775.0,1.333
5776.0,1.333
5777.0,1.333
5778.0,1.333
5779.0,1.333
5780.0,1.333
5781.0,1.333
5782.0,1.333
5783.0,1.376
5784.0,1.333
5785.0,1.2899999999999998
5786.0,1.2899999999999998
5787.0,1.333
5788.0,1.2899999999999998
5789.0,1.333
5790.0,1.333
5791.0,1.333
5792.0,1.333
5793.0,1.333
5794.0,1.333
5795.0,1.333
5796.0,1.333
5797.0,1.333
5798.0,1.333
5799.0,1.333
5800.0,1.333
5801.0,1.333
5802.0,1.376
5803.0,1.333
5804.0,1.333
5805.0,1.333
5806.0,1.333
5807.0,1.333
5808.0,1.333
5809.0,1.333
5810.0,1.333
5811.0,1.2899999999999998
5812.0,1.333
5813.0,1.2899999999999998
5814.0,1.2899999999999998
5815.0,1.333
5816.0,1.333
5817.0,1.333
5818.0,1.333
5819.0,1.333
5820.0,1.2899999999999998
5821.0,1.2899999999999998
5822.0,1.2899999999999998
5823.0,1.333
5824.0,1.333
5825.0,1.333
5826.0,1.333
5827.0,1.333
5828.0,1.2899999999999998
5829.0,1.333
5830.0,1.2899999999999998
5831.0,1.333
5832.0,1.333
5833.0,1.333
5834.0,1.376
5835.0,1.333
5836.0,1.333
5837.0,1.333
5838.0,1.2899999999999998
5839.0,1.333
5840.0,1.333
5841.0,1.333
5842.0,1.333
5843.0,1.333
5844.0,1.2899999999999998
5845.0,1.333
5846.0,1.2899999999999998
5847.0,1.333
5848.0,1.333
5849.0,1.376
5850.0,1.333
5851.0,1.333
5852.0,1.333
5853.0,1.2899999999999998
5854.0,1.333
5855.0,1.333
5856.0,1.333
5857.0,1.333
5858.0,1.333
5859.0,1.376
5860.0,1.2899999999999998
5861.0,1.333
5862.0,1.2899999999999998
5863.0,1.333
5864.0,1.333
5865.0,1.376
5866.0,1.333
5867.0,1.333
5868.0,1.333
5869.0,1.333
5870.0,1.2899999999999998
5871.0,1.333
5872.0,1.333
5873.0,1.333
5874.0,1.333
5875.0,1.333
5876.0,1.333
5877.0,1.333
5878.0,1.2899999999999998
5879.0,1.333
5880.0,1.333
5881.0,1.333
5882.0,1.333
5883.0,1.333
5884.0,1.333
5885.0,1.376
5886.0,1.333
5887.0,1.2899999999999998
5888.0,1.333
5889.0,1.333
5890.0,1.333
5891.0,1.333
5892.0,1.333
5893.0,1.333
5894.0,1.333
5895.0,1.2899999999999998
5896.0,1.333
5897.0,1.333
5898.0,1.2899999999999998
5899.0,1.333
5900.0,1.333
5901.0,1.333
5902.0,1.333
5903.0,1.333
5904.0,1.2899999999999998
5905.0,1.2899999999999998
5906.0,1.333
5907.0,1.333
5908.0,1.376
5909.0,1.2899999999999998
5910.0,1.333
5911.0,1.333
5912.0,1.333
5913.0,1.2899999999999998
5914.0,1.2899999999999998
5915.0,1.333
5916.0,1.333
5917.0,1.333
5918.0,1.333
5919.0,1.333
5920.0,1.2899999999999998
5921.0,1.2899999999999998
5922.0,1.333
5923.0,1.333
5924.0,1.333
5925.0,1.333
5926.0,1.333
5927.0,1.333
5928.0,1.333
5929.0,1.333
5930.0,1.2899999999999998
5931.0,1.333
5932.0,1.2899999999999998
5933.0,1.333
5934.0,1.333
5935.0,1.333
5936.0,1.333
5937.0,1.333
5938.0,1.2899999999999998
5939.0,1.333
5940.0,1.333
5941.0,1.2899999999999998
5942.0,1.333
5943.0,1.2899999999999998
5944.0,1.333
5945.0,1.333
5946.0,1.2899999999999998
5947.0,1.333
5948.0,1.333
5949.0,1.376
5950.0,1.333
5951.0,1.333
5952.0,1.333
5953.0,1.333
5954.0,1.2899999999999998
5955.0,1.333
5956.0,1.333
5957.0,1.376
5958.0,1.333
5959.0,1.376
5960.0,1.2899999999999998
5961.0,1.333
5962.0,1.333
5963.0,1.2899999999999998
5964.0,1.333
5965.0,1.2899999999999998
5966.0,1.2899999999999998
5967.0,1.333
5968.0,1.333
5969.0,1.333
5970.0,1.2899999999999998
5971.0,1.2899999999999998
5972.0,1.2899999999999998
5973.0,1.333
5974.0,1.333
5975.0,1.333
5976.0,1.2899999999999998
5977.0,1.333
5978.0,1.2899999999999998
5979.0,1.333
5980.0,1.333
5981.0,1.333
5982.0,1.333
5983.0,1.376
5984.0,1.376
5985.0,1.333
5986.0,1.2899999999999998
5987.0,1.333
5988.0,1.333
5989.0,1.333
5990.0,1.333
5991.0,1.333
5992.0,1.333
5993.0,1.333
5994.0,1.333
5995.0,1.2899999999999998
5996.0,1.333
5997.0,1.2899999999999998
5998.0,1.333
5999.0,1.376
6000.0,1.333
6001.0,1.333
6002.0,1.333
6003.0,1.333
6004.0,1.333
6005.0,1.333
6006.0,1.333
6007.0,1.333
6008.0,1.2899999999999998
6009.0,1.333
6010.0,1.333
6011.0,1.333
6012.0,1.333
6013.0,1.333
6014.0,1.2899999999999998
6015.0,1.333
6016.0,1.2899999999999998
6017.0,1.333
6018.0,1.333
6019.0,1.333
6020.0,1.333
6021.0,1.333
6022.0,1.2899999999999998
6023.0,1.333
6024.0,1.333
6025.0,1.376
6026.0,1.333
6027.0,1.333
6028.0,1.333
6029.0,1.333
6030.0,1.2899999999999998
6031.0,1.333
6032.0,1.333
6033.0,1.333
6034.0,1.333
6035.0,1.2899999999999998
6036.0,1.333
6037.0,1.2899999999999998
6038.0,1.333
6039.0,1.333
6040.0,1.333
6041.0,1.333
6042.0,1.333
6043.0,1.333
6044.0,1.2899999999999998
6045.0,1.2899999999999998
6046.0,1.333
6047.0,1.333
6048.0,1.2899999999999998
6049.0,1.333
6050.0,1.376
6051.0,1.333
6052.0,1.333
6053.0,1.333
6054.0,1.333
6055.0,1.2899999999999998
6056.0,1.333
6057.0,1.333
6058.0,1.376
6059.0,1.333
6060.0,1.333
6061.0,1.333
6062.0,1.2899999999999998
6063.0,1.333
6064.0,1.333
6065.0,1.2899999999999998
6066.0,1.333
6067.0,1.333
6068.0,1.333
6069.0,1.333
6070.0,1.2899999999999998
6071.0,1.2899999999999998
6072.0,1.333
6073.0,1.376
6074.0,1.333
6075.0,1.333
6076.0,1.333
6077.0,1.2899999999999998
6078.0,1.2899999999999998
6079.0,1.2899999999999998
6080.0,1.333
6081.0,1.333
6082.0,1.333
6083.0,1.333
6084.0,1.333
6085.0,1.333
6086.0,1.2899999999999998
6087.0,1.333
6088.0,1.2899999999999998
6089.0,1.2899999999999998
6090.0,1.333
6091.0,1.2899999999999998
6092.0,1.333
6093.0,1.2899999999999998
6094.0,1.333
6095.0,1.2899999999999998
6096.0,1.2899999999999998
6097.0,1.333
6098.0,1.2899999999999998
6099.0,1.333
6100.0,1.2899999999999998
6101.0,1.333
6102.0,1.2899999999999998
6103.0,1.2899999999999998
6104.0,1.333
6105.0,1.333
6106.0,1.333
6107.0,1.333
6108.0,1.333
6109.0,1.333
6110.0,1.333
6111.0,1.333
6112.0,1.333
6113.0,1.2899999999999998
6114.0,1.333
6115.0,1.333
6116.0,1.333
6117.0,1.333
6118.0,1.2899999999999998
6119.0,1.2899999999999998
6120.0,1.333
6121.0,1.2899999999999998
6122.0,1.333
6123.0,1.2899999999999998
6124.0,1.333
6125.0,1.2899999999999998
6126.0,1.333
6127.0,1.333
6128.0,1.333
6129.0,1.2899999999999998
6130.0,1.2899999999999998
6131.0,1.333
6132.0,1.333
6133.0,1.333
6134.0,1.2899999999999998
6135.0,1.333
6136.0,1.2899999999999998
6137.0,1.2899999999999998
6138.0,1.333
6139.0,1.333
6140.0,1.333
6141.0,1.333
6142.0,1.333
6143.0,1.2899999999999998
6144.0,1.333
6145.0,1.2899999999999998
6146.0,1.2899999999999998
6147.0,1.2899999999999998
6148.0,1.333
6149.0,1.333
6150.0,1.333
6151.0,1.333
6152.0,1.333
6153.0,1.2899999999999998
6154.0,1.2899999999999998
6155.0,1.333
6156.0,1.333
6157.0,1.333
6158.0,1.333
6159.0,1.333
6160.0,1.333
6161.0,1.333
6162.0,1.2899999999999998
6163.0,1.2899999999999998
6164.0,1.2899999999999998
6165.0,1.376
6166.0,1.333
6167.0,1.333
6168.0,1.333
6169.0,1.2899999999999998
6170.0,1.333
6171.0,1.2899999999999998
6172.0,1.2899999999999998
6173.0,1.2899999999999998
6174.0,1.2899999999999998
6175.0,1.333
6176.0,1.333
6177.0,1.2899999999999998
6178.0,1.2899999999999998
6179.0,1.333
6180.0,1.333
6181.0,1.333
6182.0,1.333
6183.0,1.333
6184.0,1.376
6185.0,1.333
6186.0,1.2899999999999998
6187.0,1.2899999999999998
6188.0,1.2899999999999998
6189.0,1.2899999999999998
6190.0,1.333
6191.0,1.333
6192.0,1.333
6193.0,1.333
6194.0,1.2899999999999998
6195.0,1.333
6196.0,1.2899999999999998
6197.0,1.333
6198.0,1.333
6199.0,1.333
6200.0,1.333
6201.0,1.2899999999999998
6202.0,1.2899999999999998
6203.0,1.2899999999999998
6204.0,1.333
6205.0,1.2899999999999998
6206.0,1.333
6207.0,1.333
6208.0,1.333
6209.0,1.376
6210.0,1.2899999999999998
6211.0,1.333
6212.0,1.333
6213.0,1.333
6214.0,1.333
6215.0,1.333
6216.0,1.333
6217.0,1.333
6218.0,1.333
6219.0,1.333
6220.0,1.2899999999999998
6221.0,1.2899999999999998
6222.0,1.333
6223.0,1.333
6224.0,1.333
6225.0,1.2899999999999998
6226.0,1.2899999999999998
6227.0,1.333
6228.0,1.2899999999999998
6229.0,1.2899999999999998
6230.0,1.333
6231.0,1.2899999999999998
6232.0,1.376
6233.0,1.2899999999999998
6234.0,1.333
6235.0,1.2899999999999998
6236.0,1.2899999999999998
6237.0,1.2899999999999998
6238.0,1.333
6239.0,1.2899999999999998
6240.0,1.2899999999999998
6241.0,1.333
6242.0,1.333
6243.0,1.333
6244.0,1.2899999999999998
6245.0,1.2899999999999998
6246.0,1.333
6247.0,1.2899999999999998
6248.0,1.333
6249.0,1.333
6250.0,1.333
6251.0,1.333
6252.0,1.2899999999999998
6253.0,1.333
6254.0,1.2899999999999998
6255.0,1.2899999999999998
6256.0,1.333
6257.0,1.2899999999999998
6258.0,1.333
6259.0,1.333
6260.0,1.333
6261.0,1.2899999999999998
6262.0,1.2899999999999998
6263.0,1.333
6264.0,1.2899999999999998
6265.0,1.333
6266.0,1.2899999999999998
6267.0,1.333
6268.0,1.333
6269.0,1.2899999999999998
6270.0,1.2899999999999998
6271.0,1.2899999999999998
6272.0,1.333
6273.0,1.333
6274.0,1.2899999999999998
6275.0,1.333
6276.0,1.2899999999999998
6277.0,1.2899999999999998
6278.0,1.2899999999999998
6279.0,1.2899999999999998
6280.0,1.2899999999999998
6281.0,1.2899999999999998
6282.0,1.2899999999999998
6283.0,1.333
6284.0,1.333
6285.0,1.333
6286.0,1.2899999999999998
6287.0,1.2899999999999998
6288.0,1.2899999999999998
6289.0,1.333
6290.0,1.333
6291.0,1.333
6292.0,1.333
6293.0,1.333
6294.0,1.2899999999999998
6295.0,1.2899999999999998
6296.0,1.333
6297.0,1.333
6298.0,1.333
6299.0,1.333
6300.0,1.333
6301.0,1.2899999999999998
6302.0,1.333
6303.0,1.2899999999999998
6304.0,1.2899999999999998
6305.0,1.2899999999999998
6306.0,1.2899999999999998
6307.0,1.2899999999999998
6308.0,1.333
6309.0,1.2899999999999998
6310.0,1.2899999999999998
6311.0,1.333
6312.0,1.333
6313.0,1.2899999999999998
6314.0,1.2899999999999998
6315.0,1.333
6316.0,1.333
6317.0,1.333
6318.0,1.333
6319.0,1.2899999999999998
6320.0,1.2899999999999998
6321.0,1.2899999999999998
6322.0,1.2899999999999998
6323.0,1.333
6324.0,1.333
6325.0,1.2899999999999998
6326.0,1.333
6327.0,1.2899999999999998
6328.0,1.2899999999999998
6329.0,1.333
6330.0,1.2899999999999998
6331.0,1.2899999999999998
6332.0,1.2899999999999998
6333.0,1.333
6334.0,1.333
6335.0,1.2899999999999998
6336.0,1.333
6337.0,1.2899999999999998
6338.0,1.2899999999999998
6339.0,1.2899999999999998
6340.0,1.333
6341.0,1.333
6342.0,1.333
6343.0,1.333
6344.0,1.2899999999999998
6345.0,1.2899999999999998
6346.0,1.2899999999999998
6347.0,1.2899999999999998
6348.0,1.2899999999999998
6349.0,1.333
6350.0,1.333
6351.0,1.333
6352.0,1.2899999999999998
6353.0,1.333
6354.0,1.2899999999999998
6355.0,1.333
6356.0,1.2899999999999998
6357.0,1.333
6358.0,1.2899999999999998
6359.0,1.333
6360.0,1.2899999999999998
6361.0,1.2899999999999998
6362.0,1.2899999999999998
6363.0,1.2899999999999998
6364.0,1.2899999999999998
6365.0,1.333
6366.0,1.333
6367.0,1.333
6368.0,1.2899999999999998
6369.0,1.2899999999999998
6370.0,1.2899999999999998
6371.0,1.2899999999999998
6372.0,1.2899999999999998
6373.0,1.2899999999999998
6374.0,1.333
6375.0,1.333
6376.0,1.2899999999999998
6377.0,1.333
6378.0,1.2899999999999998
6379.0,1.2899999999999998
6380.0,1.333
6381.0,1.333
6382.0,1.2899999999999998
6383.0,1.333
6384.0,1.333
6385.0,1.2899999999999998
6386.0,1.2899999999999998
6387.0,1.2899999999999998
6388.0,1.2899999999999998
6389.0,1.333
6390.0,1.2899999999999998
6391.0,1.333
6392.0,1.333
6393.0,1.333
6394.0,1.2899999999999998
6395.0,1.2899999999999998
6396.0,1.2899999999999998
6397.0,1.2899999999999998
6398.0,1.2899999999999998
6399.0,1.333
6400.0,1.333
6401.0,1.2899999999999998
6402.0,1.333
6403.0,1.2899999999999998
6404.0,1.333
6405.0,1.2899999999999998
6406.0,1.333
6407.0,1.2899999999999998
6408.0,1.333
6409.0,1.333
6410.0,1.333
6411.0,1.333
6412.0,1.2899999999999998
6413.0,1.2899999999999998
6414.0,1.2899999999999998
6415.0,1.2899999999999998
6416.0,1.333
6417.0,1.333
6418.0,1.2899999999999998
6419.0,1.2899999999999998
6420.0,1.333
6421.0,1.2899999999999998
6422.0,1.2899999999999998
6423.0,1.333
6424.0,1.2899999999999998
6425.0,1.333
6426.0,1.333
6427.0,1.2899999999999998
6428.0,1.2899999999999998
6429.0,1.2899999999999998
6430.0,1.2899999999999998
6431.0,1.2899999999999998
6432.0,1.333
6433.0,1.333
6434.0,1.333
6435.0,1.333
6436.0,1.2899999999999998
6437.0,1.2899999999999998
6438.0,1.2899999999999998
6439.0,1.2899999999999998
6440.0,1.333
6441.0,1.333
6442.0,1.333
6443.0,1.2899999999999998
6444.0,1.333
6445.0,1.333
6446.0,1.333
6447.0,1.2899999999999998
6448.0,1.333
6449.0,1.333
6450.0,1.2899999999999998
6451.0,1.333
6452.0,1.333
6453.0,1.2899999999999998
6454.0,1.2899999999999998
6455.0,1.2899999999999998
6456.0,1.333
6457.0,1.2899999999999998
6458.0,1.2899999999999998
6459.0,1.2899999999999998
6460.0,1.2899999999999998
6461.0,1.2899999999999998
6462.0,1.2899999999999998
6463.0,1.2899999999999998
6464.0,1.2899999999999998
6465.0,1.2899999999999998
6466.0,1.333
6467.0,1.2899999999999998
6468.0,1.333
6469.0,1.2899999999999998
6470.0,1.333
6471.0,1.333
6472.0,1.2899999999999998
6473.0,1.2899999999999998
6474.0,1.333
6475.0,1.333
6476.0,1.333
6477.0,1.333
6478.0,1.2899999999999998
6479.0,1.2899999999999998
6480.0,1.2899999999999998
6481.0,1.333
6482.0,1.333
6483.0,1.2899999999999998
6484.0,1.333
6485.0,1.333
6486.0,1.333
6487.0,1.2899999999999998
6488.0,1.333
6489.0,1.333
6490.0,1.333
6491.0,1.333
6492.0,1.333
6493.0,1.333
6494.0,1.2899999999999998
6495.0,1.2899999999999998
6496.0,1.2899999999999998
6497.0,1.333
6498.0,1.333
6499.0,1.2899999999999998
6500.0,1.333
6501.0,1.333
6502.0,1.2899999999999998
6503.0,1.333
6504.0,1.2899999999999998
6505.0,1.2899999999999998
6506.0,1.2899999999999998
6507.0,1.2899999999999998
6508.0,1.333
6509.0,1.2899999999999998
6510.0,1.2899999999999998
6511.0,1.2899999999999998
6512.0,1.2899999999999998
6513.0,1.2899999999999998
6514.0,1.333
6515.0,1.333
6516.0,1.333
6517.0,1.333
6518.0,1.333
6519.0,1.333
6520.0,1.2899999999999998
6521.0,1.2899999999999998
6522.0,1.333
6523.0,1.2899999999999998
6524.0,1.2899999999999998
6525.0,1.333
6526.0,1.2899999999999998
6527.0,1.2899999999999998
6528.0,1.2899999999999998
6529.0,1.2899999999999998
6530.0,1.2899999999999998
6531.0,1.2899999999999998
6532.0,1.333
6533.0,1.333
6534.0,1.333
6535.0,1.2899999999999998
6536.0,1.2899999999999998
6537.0,1.2899999999999998
6538.0,1.2899999999999998
6539.0,1.2899999999999998
6540.0,1.2899999999999998
6541.0,1.333
6542.0,1.333
6543.0,1.333
6544.0,1.2899999999999998
6545.0,1.2899999999999998
6546.0,1.2899999999999998
6547.0,1.2899999999999998
6548.0,1.333
6549.0,1.333
6550.0,1.333
6551.0,1.333
6552.0,1.333
6553.0,1.2899999999999998
6554.0,1.333
6555.0,1.2899999999999998
6556.0,1.2899999999999998
6557.0,1.333
6558.0,1.333
6559.0,1.2899999999999998
6560.0,1.333
6561.0,1.2899999999999998
6562.0,1.2899999999999998
6563.0,1.2899999999999998
6564.0,1.333
6565.0,1.333
6566.0,1.333
6567.0,1.333
6568.0,1.2899999999999998
6569.0,1.2899999999999998
6570.0,1.2899999999999998
6571.0,1.2899999999999998
6572.0,1.2899999999999998
6573.0,1.333
6574.0,1.333
6575.0,1.333
6576.0,1.333
6577.0,1.333
6578.0,1.2899999999999998
6579.0,1.2899999999999998
6580.0,1.2899999999999998
6581.0,1.2899999999999998
6582.0,1.2899999999999998
6583.0,1.333
6584.0,1.333
6585.0,1.2899999999999998
6586.0,1.333
6587.0,1.2899999999999998
6588.0,1.2899999999999998
6589.0,1.333
6590.0,1.333
6591.0,1.333
6592.0,1.2899999999999998
6593.0,1.333
6594.0,1.2899999999999998
6595.0,1.2899999999999998
6596.0,1.2899999999999998
6597.0,1.2899999999999998
6598.0,1.333
6599.0,1.2899999999999998
6600.0,1.2899999999999998
6601.0,1.2899999999999998
6602.0,1.2899999999999998
6603.0,1.2899999999999998
6604.0,1.333
6605.0,1.2899999999999998
6606.0,1.2899999999999998
6607.0,1.333
6608.0,1.333
6609.0,1.333
6610.0,1.2899999999999998
6611.0,1.2899999999999998
6612.0,1.2899999999999998
6613.0,1.2899999999999998
6614.0,1.2899999999999998
6615.0,1.2899999999999998
6616.0,1.2899999999999998
6617.0,1.2899999999999998
6618.0,1.2899999999999998
6619.0,1.2899999999999998
6620.0,1.2899999999999998
6621.0,1.2899999999999998
6622.0,1.2899999999999998
6623.0,1.2899999999999998
6624.0,1.333
6625.0,1.333
6626.0,1.2899999999999998
6627.0,1.333
6628.0,1.2899999999999998
6629.0,1.2899999999999998
6630.0,1.2899999999999998
6631.0,1.2899999999999998
6632.0,1.333
6633.0,1.2899999999999998
6634.0,1.2899999999999998
6635.0,1.2899999999999998
6636.0,1.2899999999999998
6637.0,1.2899999999999998
6638.0,1.2899999999999998
6639.0,1.2899999999999998
6640.0,1.2899999999999998
6641.0,1.2899999999999998
6642.0,1.333
6643.0,1.333
6644.0,1.2899999999999998
6645.0,1.2899999999999998
6646.0,1.2899999999999998
6647.0,1.2899999999999998
6648.0,1.2899999999999998
6649.0,1.333
6650.0,1.2899999999999998
6651.0,1.2899999999999998
6652.0,1.333
6653.0,1.2899999999999998
6654.0,1.2899999999999998
6655.0,1.2899999999999998
6656.0,1.2899999999999998
6657.0,1.333
6658.0,1.333
6659.0,1.2899999999999998
6660.0,1.333
6661.0,1.2899999999999998
6662.0,1.2899999999999998
6663.0,1.2899999999999998
6664.0,1.333
6665.0,1.2899999999999998
6666.0,1.2899999999999998
6667.0,1.2899999999999998
6668.0,1.2899999999999998
6669.0,1.2899999999999998
6670.0,1.333
6671.0,1.2899999999999998
6672.0,1.2899999999999998
6673.0,1.333
6674.0,1.2899999999999998
6675.0,1.2899999999999998
6676.0,1.2899999999999998
6677.0,1.2899999999999998
6678.0,1.2899999999999998
6679.0,1.2899999999999998
6680.0,1.2899999999999998
6681.0,1.2899999999999998
6682.0,1.2899999999999998
6683.0,1.2899999999999998
6684.0,1.2899999999999998
6685.0,1.333
6686.0,1.2899999999999998
6687.0,1.2899999999999998
6688.0,1.2899999999999998
6689.0,1.2899999999999998
6690.0,1.2899999999999998
6691.0,1.333
6692.0,1.2899999999999998
6693.0,1.2899999999999998
6694.0,1.2899999999999998
6695.0,1.2899999999999998
6696.0,1.2899999999999998
6697.0,1.2899999999999998
6698.0,1.2899999999999998
6699.0,1.2899999999999998
6700.0,1.333
6701.0,1.333
6702.0,1.333
6703.0,1.2899999999999998
6704.0,1.2899999999999998
6705.0,1.2899999999999998
6706.0,1.2899999999999998
6707.0,1.2899999999999998
6708.0,1.333
6709.0,1.2899999999999998
6710.0,1.333
6711.0,1.2899999999999998
6712.0,1.2899999999999998
6713.0,1.2899999999999998
6714.0,1.2899999999999998
6715.0,1.333
6716.0,1.2899999999999998
6717.0,1.2899999999999998
6718.0,1.2899999999999998
6719.0,1.2899999999999998
6720.0,1.2899999999999998
6721.0,1.2899999999999998
6722.0,1.2899999999999998
6723.0,1.2899999999999998
6724.0,1.333
6725.0,1.333
6726.0,1.2899999999999998
6727.0,1.2899999999999998
6728.0,1.2899999999999998
6729.0,1.2899999999999998
6730.0,1.2899999999999998
6731.0,1.2899999999999998
6732.0,1.333
6733.0,1.333
6734.0,1.333
6735.0,1.2899999999999998
6736.0,1.2899999999999998
6737.0,1.2899999999999998
6738.0,1.2899999999999998
6739.0,1.2899999999999998
6740.0,1.333
6741.0,1.2899999999999998
6742.0,1.2899999999999998
6743.0,1.2899999999999998
6744.0,1.2899999999999998
6745.0,1.2899999999999998
6746.0,1.2899999999999998
6747.0,1.2899999999999998
6748.0,1.2899999999999998
6749.0,1.333
6750.0,1.2899999999999998
6751.0,1.2899999999999998
6752.0,1.2899999999999998
6753.0,1.2899999999999998
6754.0,1.2899999999999998
6755.0,1.2899999999999998
6756.0,1.333
6757.0,1.2899999999999998
6758.0,1.333
6759.0,1.333
6760.0,1.2899999999999998
6761.0,1.2899999999999998
6762.0,1.2899999999999998
6763.0,1.2899999999999998
6764.0,1.2899999999999998
6765.0,1.2899999999999998
6766.0,1.2899999999999998
6767.0,1.2899999999999998
6768.0,1.333
6769.0,1.2899999999999998
6770.0,1.2899999999999998
6771.0,1.333
6772.0,1.2899999999999998
6773.0,1.2899999999999998
6774.0,1.333
6775.0,1.2899999999999998
6776.0,1.333
6777.0,1.2899999999999998
6778.0,1.2899999999999998
6779.0,1.2899999999999998
6780.0,1.2899999999999998
6781.0,1.2899999999999998
6782.0,1.2899999999999998
6783.0,1.2899999999999998
6784.0,1.2899999999999998
6785.0,1.333
6786.0,1.2899999999999998
6787.0,1.2899999999999998
6788.0,1.2899999999999998
6789.0,1.2899999999999998
6790.0,1.2899999999999998
6791.0,1.2899999999999998
6792.0,1.2899999999999998
6793.0,1.333
6794.0,1.2899999999999998
6795.0,1.2899999999999998
6796.0,1.2899999999999998
6797.0,1.2899999999999998
6798.0,1.2899999999999998
6799.0,1.2899999999999998
6800.0,1.2899999999999998
6801.0,1.333
6802.0,1.2899999999999998
6803.0,1.2899999999999998
6804.0,1.2899999999999998
6805.0,1.2899999999999998
6806.0,1.2899999999999998
6807.0,1.2899999999999998
6808.0,1.2899999999999998
6809.0,1.2899999999999998
6810.0,1.2899999999999998
6811.0,1.2899999999999998
6812.0,1.333
6813.0,1.2899999999999998
6814.0,1.333
6815.0,1.2899999999999998
6816.0,1.2899999999999998
6817.0,1.2899999999999998
6818.0,1.2899999999999998
6819.0,1.2899999999999998
6820.0,1.2899999999999998
6821.0,1.2899999999999998
6822.0,1.2899999999999998
6823.0,1.2899999999999998
6824.0,1.333
6825.0,1.2899999999999998
6826.0,1.2899999999999998
6827.0,1.2899999999999998
6828.0,1.2899999999999998
6829.0,1.2899999999999998
6830.0,1.2899999999999998
6831.0,1.2899999999999998
6832.0,1.333
6833.0,1.2899999999999998
6834.0,1.2899999999999998
6835.0,1.2899999999999998
6836.0,1.2899999999999998
6837.0,1.2899999999999998
6838.0,1.2899999999999998
6839.0,1.2899999999999998
6840.0,1.2899999999999998
6841.0,1.2899999999999998
6842.0,1.2899999999999998
6843.0,1.333
6844.0,1.2899999999999998
6845.0,1.2899999999999998
6846.0,1.2899999999999998
6847.0,1.2899999999999998
6848.0,1.2899999999999998
6849.0,1.333
6850.0,1.333
6851.0,1.2899999999999998
6852.0,1.2899999999999998
6853.0,1.2899999999999998
6854.0,1.2899999999999998
6855.0,1.2899999999999998
6856.0,1.2899999999999998
6857.0,1.2899999999999998
6858.0,1.333
6859.0,1.333
6860.0,1.2899999999999998
6861.0,1.2899999999999998
6862.0,1.2899999999999998
6863.0,1.2899999999999998
6864.0,1.2899999999999998
6865.0,1.2899999999999998
6866.0,1.2899999999999998
6867.0,1.2899999999999998
6868.0,1.2899999999999998
6869.0,1.2899999999999998
6870.0,1.2899999999999998
6871.0,1.2899999999999998
6872.0,1.2899999999999998
6873.0,1.2899999999999998
6874.0,1.2899999999999998
6875.0,1.2899999999999998
6876.0,1.333
6877.0,1.2899999999999998
6878.0,1.333
6879.0,1.2899999999999998
6880.0,1.2899999999999998
6881.0,1.2899999999999998
6882.0,1.2899999999999998
6883.0,1.2899999999999998
6884.0,1.333
6885.0,1.2899999999999998
6886.0,1.2899999999999998
6887.0,1.2899999999999998
6888.0,1.2899999999999998
6889.0,1.2899999999999998
6890.0,1.2899999999999998
6891.0,1.333
6892.0,1.333
6893.0,1.2899999999999998
6894.0,1.2899999999999998
6895.0,1.2899999999999998
6896.0,1.333
6897.0,1.2899999999999998
6898.0,1.333
6899.0,1.2899999999999998
6900.0,1.333
6901.0,1.2899999999999998
6902.0,1.2899999999999998
6903.0,1.2899999999999998
6904.0,1.2899999999999998
6905.0,1.2899999999999998
6906.0,1.2899999999999998
6907.0,1.2899999999999998
6908.0,1.2899999999999998
6909.0,1.2899999999999998
6910.0,1.2899999999999998
6911.0,1.2899999999999998
6912.0,1.2899999999999998
6913.0,1.2899999999999998
6914.0,1.333
6915.0,1.2899999999999998
6916.0,1.2899999999999998
6917.0,1.2899999999999998
6918.0,1.333
6919.0,1.2899999999999998
6920.0,1.2899999999999998
6921.0,1.2899999999999998
6922.0,1.2899999999999998
6923.0,1.2899999999999998
6924.0,1.333
6925.0,1.2899999999999998
6926.0,1.2899999999999998
6927.0,1.2899999999999998
6928.0,1.2899999999999998
6929.0,1.2899999999999998
6930.0,1.2899999999999998
6931.0,1.2899999999999998
6932.0,1.333
6933.0,1.2899999999999998
6934.0,1.333
6935.0,1.2899999999999998
6936.0,1.333
6937.0,1.2899999999999998
6938.0,1.333
6939.0,1.2899999999999998
6940.0,1.2899999999999998
6941.0,1.2899999999999998
6942.0,1.333
6943.0,1.2899999999999998
6944.0,1.333
6945.0,1.2899999999999998
6946.0,1.2899999999999998
6947.0,1.333
6948.0,1.333
6949.0,1.2899999999999998
6950.0,1.2899999999999998
6951.0,1.2899999999999998
6952.0,1.2899999999999998
6953.0,1.2899999999999998
6954.0,1.2899999999999998
6955.0,1.2899999999999998
6956.0,1.333
6957.0,1.2899999999999998
6958.0,1.333
6959.0,1.2899999999999998
6960.0,1.2899999999999998
6961.0,1.333
6962.0,1.2899999999999998
6963.0,1.2899999999999998
6964.0,1.2899999999999998
6965.0,1.2899999999999998
6966.0,1.2899999999999998
6967.0,1.2899999999999998
6968.0,1.2899999999999998
6969.0,1.2899999999999998
6970.0,1.2899999999999998
6971.0,1.2899999999999998
6972.0,1.2899999999999998
6973.0,1.2899999999999998
6974.0,1.2899999999999998
6975.0,1.333
6976.0,1.333
6977.0,1.2899999999999998
6978.0,1.2899999999999998
6979.0,1.2899999999999998
6980.0,1.2899999999999998
6981.0,1.2899999999999998
6982.0,1.2899999999999998
6983.0,1.2899999999999998
6984.0,1.2899999999999998
6985.0,1.2899999999999998
6986.0,1.2899999999999998
6987.0,1.2899999999999998
6988.0,1.2899999999999998
6989.0,1.2899999999999998
6990.0,1.2899999999999998
6991.0,1.2899999999999998
6992.0,1.2899999999999998
6993.0,1.2899999999999998
6994.0,1.2899999999999998
6995.0,1.2899999999999998
6996.0,1.2899999999999998
6997.0,1.2899999999999998
6998.0,1.333
6999.0,1.2899999999999998
7000.0,1.2899999999999998
7001.0,1.333
7002.0,1.2899999999999998
7003.0,1.2899999999999998
7004.0,1.2899999999999998
7005.0,1.2899999999999998
7006.0,1.2899999999999998
7007.0,1.2899999999999998
7008.0,1.333
7009.0,1.2899999999999998
7010.0,1.2899999999999998
7011.0,1.2899999999999998
7012.0,1.2899999999999998
7013.0,1.2899999999999998
7014.0,1.2899999999999998
7015.0,1.2899999999999998
7016.0,1.333
7017.0,1.2899999999999998
7018.0,1.2899999999999998
7019.0,1.2899999999999998
7020.0,1.2899999999999998
7021.0,1.2899999999999998
7022.0,1.333
7023.0,1.2899999999999998
7024.0,1.2899999999999998
7025.0,1.2899999999999998
7026.0,1.2899999999999998
7027.0,1.2899999999999998
7028.0,1.2899999999999998
7029.0,1.2899999999999998
7030.0,1.2899999999999998
7031.0,1.2899999999999998
7032.0,1.2899999999999998
7033.0,1.2899999999999998
7034.0,1.333
7035.0,1.2899999999999998
7036.0,1.333
7037.0,1.2899999999999998
7038.0,1.2899999999999998
7039.0,1.2899999999999998
7040.0,1.2899999999999998
7041.0,1.2899999999999998
7042.0,1.2899999999999998
7043.0,1.2899999999999998
7044.0,1.2899999999999998
7045.0,1.2899999999999998
7046.0,1.2899999999999998
7047.0,1.2899999999999998
7048.0,1.2899999999999998
7049.0,1.2899999999999998
7050.0,1.2899999999999998
7051.0,1.2899999999999998
7052.0,1.2899999999999998
7053.0,1.2899999999999998
7054.0,1.2899999999999998
7055.0,1.2899999999999998
7056.0,1.2899999999999998
7057.0,1.2899999999999998
7058.0,1.333
7059.0,1.2899999999999998
7060.0,1.2899999999999998
7061.0,1.2899999999999998
7062.0,1.333
7063.0,1.2899999999999998
7064.0,1.2899999999999998
7065.0,1.2899999999999998
7066.0,1.2899999999999998
7067.0,1.333
7068.0,1.2899999999999998
7069.0,1.2899999999999998
7070.0,1.2899999999999998
7071.0,1.2899999999999998
7072.0,1.2899999999999998
7073.0,1.2899999999999998
7074.0,1.2899999999999998
7075.0,1.333
7076.0,1.2899999999999998
7077.0,1.2899999999999998
7078.0,1.2899999999999998
7079.0,1.2899999999999998
7080.0,1.2899999999999998
7081.0,1.2899999999999998
7082.0,1.2899999999999998
7083.0,1.2899999999999998
7084.0,1.2899999999999998
7085.0,1.2899999999999998
7086.0,1.2899999999999998
7087.0,1.2899999999999998
7088.0,1.2899999999999998
7089.0,1.2899999999999998
7090.0,1.2899999999999998
7091.0,1.2899999999999998
7092.0,1.2899999999999998
7093.0,1.2899999999999998
7094.0,1.2899999999999998
7095.0,1.2899999999999998
7096.0,1.2899999999999998
7097.0,1.2899999999999998
7098.0,1.2899999999999998
7099.0,1.333
7100.0,1.333
7101.0,1.2899999999999998
7102.0,1.2899999999999998
7103.0,1.2899999999999998
7104.0,1.2899999999999998
7105.0,1.2899999999999998
7106.0,1.2899999999999998
7107.0,1.2899999999999998
7108.0,1.2899999999999998
7109.0,1.2899999999999998
7110.0,1.2899999999999998
7111.0,1.2899999999999998
7112.0,1.2899999999999998
7113.0,1.2899999999999998
7114.0,1.2899999999999998
7115.0,1.2899999999999998
7116.0,1.2899999999999998
7117.0,1.2899999999999998
7118.0,1.2899999999999998
7119.0,1.2899999999999998
7120.0,1.2899999999999998
7121.0,1.2899999999999998
7122.0,1.2899999999999998
7123.0,1.2899999999999998
7124.0,1.333
7125.0,1.2899999999999998
7126.0,1.2899999999999998
7127.0,1.2899999999999998
7128.0,1.2899999999999998
7129.0,1.2899999999999998
7130.0,1.2899999999999998
7131.0,1.2899999999999998
7132.0,1.2899999999999998
7133.0,1.2899999999999998
7134.0,1.333
7135.0,1.333
7136.0,1.2899999999999998
7137.0,1.2899999999999998
7138.0,1.2899999999999998
7139.0,1.2899999999999998
7140.0,1.2899999999999998
7141.0,1.2899999999999998
7142.0,1.333
7143.0,1.2899999999999998
7144.0,1.2899999999999998
7145.0,1.2899999999999998
7146.0,1.2899999999999998
7147.0,1.2899999999999998
7148.0,1.333
7149.0,1.2899999999999998
7150.0,1.2899999999999998
7151.0,1.2899999999999998
7152.0,1.2899999999999998
7153.0,1.2899999999999998
7154.0,1.2899999999999998
7155.0,1.2899999999999998
7156.0,1.2899999999999998
7157.0,1.2899999999999998
7158.0,1.2899999999999998
7159.0,1.2899999999999998
7160.0,1.2899999999999998
7161.0,1.2899999999999998
7162.0,1.2899999999999998
7163.0,1.2899999999999998
7164.0,1.2899999999999998
7165.0,1.2899999999999998
7166.0,1.2899999999999998
7167.0,1.2899999999999998
7168.0,1.2899999999999998
7169.0,1.2899999999999998
7170.0,1.2899999999999998
7171.0,1.2899999999999998
7172.0,1.2899999999999998
7173.0,1.333
7174.0,1.2899999999999998
7175.0,1.2899999999999998
7176.0,1.333
7177.0,1.2899999999999998
7178.0,1.2899999999999998
7179.0,1.2899999999999998
7180.0,1.2899999999999998
7181.0,1.2899999999999998
7182.0,1.2899999999999998
7183.0,1.2899999999999998
7184.0,1.2899999999999998
7185.0,1.2899999999999998
7186.0,1.2899999999999998
7187.0,1.2899999999999998
7188.0,1.2899999999999998
7189.0,1.2899999999999998
7190.0,1.333
7191.0,1.2899999999999998
7192.0,1.2899999999999998
7193.0,1.2899999999999998
7194.0,1.2899999999999998
7195.0,1.2899999999999998
7196.0,1.2899999999999998
7197.0,1.2899999999999998
7198.0,1.2899999999999998
7199.0,1.2899999999999998
7200.0,1.2899999999999998
7201.0,1.2899999999999998
7202.0,1.2899999999999998
7203.0,1.2899999999999998
7204.0,1.2899999999999998
7205.0,1.2899999999999998
7206.0,1.2899999999999998
7207.0,1.333
7208.0,1.2899999999999998
7209.0,1.2899999999999998
7210.0,1.2899999999999998
7211.0,1.2899999999999998
7212.0,1.2899999999999998
7213.0,1.2899999999999998
7214.0,1.2899999999999998
7215.0,1.2899999999999998
7216.0,1.2899999999999998
7217.0,1.2899999999999998
7218.0,1.2899999999999998
7219.0,1.2899999999999998
7220.0,1.2899999999999998
7221.0,1.2899999999999998
7222.0,1.2899999999999998
7223.0,1.2899999999999998
7224.0,1.2899999999999998
7225.0,1.2899999999999998
7226.0,1.2899999999999998
7227.0,1.2899999999999998
7228.0,1.2899999999999998
7229.0,1.2899999999999998
7230.0,1.2899999999999998
7231.0,1.2899999999999998
7232.0,1.2899999999999998
7233.0,1.2899999999999998
7234.0,1.2899999999999998
7235.0,1.2899999999999998
7236.0,1.2899999999999998
7237.0,1.2899999999999998
7238.0,1.2899999999999998
7239.0,1.2899999999999998
7240.0,1.2899999999999998
7241.0,1.2899999999999998
7242.0,1.2899999999999998
7243.0,1.333
7244.0,1.2899999999999998
7245.0,1.2899999999999998
7246.0,1.2899999999999998
7247.0,1.2899999999999998
7248.0,1.2899999999999998
7249.0,1.2899999999999998
7250.0,1.2899999999999998
7251.0,1.2899999999999998
7252.0,1.2899999999999998
7253.0,1.2899999999999998
7254.0,1.2899999999999998
7255.0,1.2899999999999998
7256.0,1.2899999999999998
7257.0,1.2899999999999998
7258.0,1.333
7259.0,1.2899999999999998
7260.0,1.2899999999999998
7261.0,1.2899999999999998
7262.0,1.2899999999999998
7263.0,1.2899999999999998
7264.0,1.2899999999999998
7265.0,1.2899999999999998
7266.0,1.2899999999999998
7267.0,1.2899999999999998
7268.0,1.2899999999999998
7269.0,1.2899999999999998
7270.0,1.2899999999999998
7271.0,1.2469999999999999
7272.0,1.2899999999999998
7273.0,1.2899999999999998
7274.0,1.2899999999999998
7275.0,1.2899999999999998
7276.0,1.2899999999999998
7277.0,1.2899999999999998
7278.0,1.2899999999999998
7279.0,1.2899999999999998
7280.0,1.2899999999999998
7281.0,1.2899999999999998
7282.0,1.2899999999999998
7283.0,1.2899999999999998
7284.0,1.2899999999999998
7285.0,1.333
7286.0,1.2899999999999998
7287.0,1.2899999999999998
7288.0,1.2899999999999998
7289.0,1.2899999999999998
7290.0,1.2899999999999998
7291.0,1.2899999999999998
7292.0,1.333
7293.0,1.2899999999999998
7294.0,1.2899999999999998
7295.0,1.2899999999999998
7296.0,1.2899999999999998
7297.0,1.2899999999999998
7298.0,1.2899999999999998
7299.0,1.2899999999999998
7300.0,1.2899999999999998
7301.0,1.2899999999999998
7302.0,1.2899999999999998
7303.0,1.2899999999999998
7304.0,1.2899999999999998
7305.0,1.2899999999999998
7306.0,1.2899999999999998
7307.0,1.2899999999999998
7308.0,1.2899999999999998
7309.0,1.2899999999999998
7310.0,1.2899999999999998
7311.0,1.2899999999999998
7312.0,1.2899999999999998
7313.0,1.2899999999999998
7314.0,1.2899999999999998
7315.0,1.2899999999999998
7316.0,1.2899999999999998
7317.0,1.2899999999999998
7318.0,1.2899999999999998
7319.0,1.2899999999999998
7320.0,1.2899999999999998
7321.0,1.2899999999999998
7322.0,1.2899999999999998
7323.0,1.2899999999999998
7324.0,1.2899999999999998
7325.0,1.2899999999999998
7326.0,1.2899999999999998
7327.0,1.2899999999999998
7328.0,1.2899999999999998
7329.0,1.2899999999999998
7330.0,1.2899999999999998
7331.0,1.2899999999999998
7332.0,1.2899999999999998
7333.0,1.2899999999999998
7334.0,1.2899999999999998
7335.0,1.2899999999999998
7336.0,1.2899999999999998
7337.0,1.2899999999999998
7338.0,1.2899999999999998
7339.0,1.2899999999999998
7340.0,1.2899999999999998
7341.0,1.2899999999999998
7342.0,1.333
7343.0,1.2899999999999998
7344.0,1.2899999999999998
7345.0,1.2899999999999998
7346.0,1.2899999999999998
7347.0,1.2899999999999998
7348.0,1.2899999999999998
7349.0,1.2899999999999998
7350.0,1.333
7351.0,1.2899999999999998
7352.0,1.2899999999999998
7353.0,1.2899999999999998
7354.0,1.2899999999999998
7355.0,1.2899999999999998
7356.0,1.2899999999999998
7357.0,1.2899999999999998
7358.0,1.2899999999999998
7359.0,1.2899999999999998
7360.0,1.2899999999999998
7361.0,1.2899999999999998
7362.0,1.2899999999999998
7363.0,1.2899999999999998
7364.0,1.2899999999999998
7365.0,1.2899999999999998
7366.0,1.2899999999999998
7367.0,1.2899999999999998
7368.0,1.2899999999999998
7369.0,1.2899999999999998
7370.0,1.2899999999999998
7371.0,1.2899999999999998
7372.0,1.2899999999999998
7373.0,1.2899999999999998
7374.0,1.2899999999999998
7375.0,1.2899999999999998
7376.0,1.2899999999999998
7377.0,1.2899999999999998
7378.0,1.2899999999999998
7379.0,1.2899999999999998
7380.0,1.2899999999999998
7381.0,1.2899999999999998
7382.0,1.333
7383.0,1.333
7384.0,1.2899999999999998
7385.0,1.2899999999999998
7386.0,1.2899999999999998
7387.0,1.2899999999999998
7388.0,1.2899999999999998
7389.0,1.2899999999999998
7390.0,1.2899999999999998
7391.0,1.2899999999999998
7392.0,1.2899999999999998
7393.0,1.2899999999999998
7394.0,1.2899999999999998
7395.0,1.2899999999999998
7396.0,1.2899999999999998
7397.0,1.2899999999999998
7398.0,1.2899999999999998
7399.0,1.2899999999999998
7400.0,1.2899999999999998
7401.0,1.2899999999999998
7402.0,1.2899999999999998
7403.0,1.2899999999999998
7404.0,1.2899999999999998
7405.0,1.2899999999999998
7406.0,1.2899999999999998
7407.0,1.2899999999999998
7408.0,1.333
7409.0,1.2899999999999998
7410.0,1.2899999999999998
7411.0,1.2899999999999998
7412.0,1.2899999999999998
7413.0,1.2899999999999998
7414.0,1.2899999999999998
7415.0,1.2899999999999998
7416.0,1.2899999999999998
7417.0,1.333
7418.0,1.2899999999999998
7419.0,1.2899999999999998
7420.0,1.2899999999999998
7421.0,1.2899999999999998
7422.0,1.2899999999999998
7423.0,1.2899999999999998
7424.0,1.333
7425.0,1.2899999999999998
7426.0,1.2899999999999998
7427.0,1.2899999999999998
7428.0,1.2899999999999998
7429.0,1.2899999999999998
7430.0,1.2899999999999998
7431.0,1.2899999999999998
7432.0,1.2899999999999998
7433.0,1.2899999999999998
7434.0,1.2899999999999998
7435.0,1.2899999999999998
7436.0,1.333
7437.0,1.2899999999999998
7438.0,1.2899999999999998
7439.0,1.2899999999999998
7440.0,1.2899999999999998
7441.0,1.2899999999999998
7442.0,1.2899999999999998
7443.0,1.333
7444.0,1.2899999999999998
7445.0,1.2899999999999998
7446.0,1.2899999999999998
7447.0,1.333
7448.0,1.2899999999999998
7449.0,1.2899999999999998
7450.0,1.2899999999999998
7451.0,1.2899999999999998
7452.0,1.2899999999999998
7453.0,1.2899999999999998
7454.0,1.2899999999999998
7455.0,1.2899999999999998
7456.0,1.2899999999999998
7457.0,1.2899999999999998
7458.0,1.2899999999999998
7459.0,1.2899999999999998
7460.0,1.2899999999999998
7461.0,1.2899999999999998
7462.0,1.2899999999999998
7463.0,1.2899999999999998
7464.0,1.2899999999999998
7465.0,1.2899999999999998
7466.0,1.2899999999999998
7467.0,1.2899999999999998
7468.0,1.2899999999999998
7469.0,1.2899999999999998
7470.0,1.2899999999999998
7471.0,1.2899999999999998
7472.0,1.2899999999999998
7473.0,1.2899999999999998
7474.0,1.2899999999999998
7475.0,1.2899999999999998
7476.0,1.333
7477.0,1.2899999999999998
7478.0,1.2899999999999998
7479.0,1.2899999999999998
7480.0,1.2899999999999998
7481.0,1.2899999999999998
7482.0,1.2899999999999998
7483.0,1.2899999999999998
7484.0,1.2899999999999998
7485.0,1.2899999999999998
7486.0,1.2899999999999998
7487.0,1.2899999999999998
7488.0,1.2899999999999998
7489.0,1.2899999999999998
7490.0,1.2899999999999998
7491.0,1.2899999999999998
7492.0,1.333
7493.0,1.2899999999999998
7494.0,1.2899999999999998
7495.0,1.2899999999999998
7496.0,1.2899999999999998
7497.0,1.2899999999999998
7498.0,1.2899999999999998
7499.0,1.2899999999999998
7500.0,1.2899999999999998
7501.0,1.2899999999999998
7502.0,1.2899999999999998
7503.0,1.2899999999999998
7504.0,1.333
7505.0,1.2899999999999998
7506.0,1.2899999999999998
7507.0,1.2899999999999998
7508.0,1.2899999999999998
7509.0,1.2899999999999998
7510.0,1.2899999999999998
7511.0,1.2899999999999998
7512.0,1.2899999999999998
7513.0,1.2899999999999998
7514.0,1.2899999999999998
7515.0,1.2899999999999998
7516.0,1.2899999999999998
7517.0,1.2899999999999998
7518.0,1.2899999999999998
7519.0,1.2899999999999998
7520.0,1.2899999999999998
7521.0,1.2899999999999998
7522.0,1.2899999999999998
7523.0,1.2899999999999998
7524.0,1.2899999999999998
7525.0,1.2899999999999998
7526.0,1.2899999999999998
7527.0,1.2899999999999998
7528.0,1.2899999999999998
7529.0,1.2899999999999998
7530.0,1.2899999999999998
7531.0,1.2899999999999998
7532.0,1.2899999999999998
7533.0,1.2899999999999998
7534.0,1.2899999999999998
7535.0,1.2899999999999998
7536.0,1.2899999999999998
7537.0,1.2469999999999999
7538.0,1.2899999999999998
7539.0,1.2899999999999998
7540.0,1.2899999999999998
7541.0,1.2899999999999998
7542.0,1.333
7543.0,1.2899999999999998
7544.0,1.2899999999999998
7545.0,1.2899999999999998
7546.0,1.2899999999999998
7547.0,1.2899999999999998
7548.0,1.2899999999999998
7549.0,1.2899999999999998
7550.0,1.2899999999999998
7551.0,1.2899999999999998
7552.0,1.2899999999999998
7553.0,1.2899999999999998
7554.0,1.2899999999999998
7555.0,1.2899999999999998
7556.0,1.2899999999999998
7557.0,1.2899999999999998
7558.0,1.2899999999999998
7559.0,1.2899999999999998
7560.0,1.2899999999999998
7561.0,1.2899999999999998
7562.0,1.2899999999999998
7563.0,1.2899999999999998
7564.0,1.2899999999999998
7565.0,1.2899999999999998
7566.0,1.2899999999999998
7567.0,1.2899999999999998
7568.0,1.2899999999999998
7569.0,1.2899999999999998
7570.0,1.2899999999999998
7571.0,1.2899999999999998
7572.0,1.2899999999999998
7573.0,1.2899999999999998
7574.0,1.2899999999999998
7575.0,1.2899999999999998
7576.0,1.2899999999999998
7577.0,1.2899999999999998
7578.0,1.2899999999999998
7579.0,1.2899999999999998
7580.0,1.2899999999999998
7581.0,1.2899999999999998
7582.0,1.2899999999999998
7583.0,1.2899999999999998
7584.0,1.2899999999999998
7585.0,1.2899999999999998
7586.0,1.2899999999999998
7587.0,1.2899999999999998
7588.0,1.2899999999999998
7589.0,1.2899999999999998
7590.0,1.2899999999999998
7591.0,1.2899999999999998
7592.0,1.2899999999999998
7593.0,1.2899999999999998
7594.0,1.2899999999999998
7595.0,1.2899999999999998
7596.0,1.2899999999999998
7597.0,1.2899999999999998
7598.0,1.2899999999999998
7599.0,1.2899999999999998
7600.0,1.2899999999999998
7601.0,1.2899999999999998
7602.0,1.2899999999999998
7603.0,1.2899999999999998
7604.0,1.2899999999999998
7605.0,1.2469999999999999
7606.0,1.2899999999999998
7607.0,1.2899999999999998
7608.0,1.2899999999999998
7609.0,1.2899999999999998
7610.0,1.2899999999999998
7611.0,1.2899999999999998
7612.0,1.2899999999999998
7613.0,1.2899999999999998
7614.0,1.2899999999999998
7615.0,1.2899999999999998
7616.0,1.2899999999999998
7617.0,1.333
7618.0,1.2899999999999998
7619.0,1.2899999999999998
7620.0,1.2899999999999998
7621.0,1.2899999999999998
7622.0,1.2899999999999998
7623.0,1.2899999999999998
7624.0,1.2899999999999998
7625.0,1.2899999999999998
7626.0,1.2899999999999998
7627.0,1.2899999999999998
7628.0,1.2899999999999998
7629.0,1.2899999999999998
7630.0,1.2899999999999998
7631.0,1.2899999999999998
7632.0,1.2899999999999998
7633.0,1.2899999999999998
7634.0,1.2899999999999998
7635.0,1.2899999999999998
7636.0,1.2899999999999998
7637.0,1.2899999999999998
7638.0,1.2899999999999998
7639.0,1.2899999999999998
7640.0,1.2899999999999998
7641.0,1.2899999999999998
7642.0,1.2899999999999998
7643.0,1.2899999999999998
7644.0,1.2899999999999998
7645.0,1.2899999999999998
7646.0,1.2469999999999999
7647.0,1.2899999999999998
7648.0,1.2899999999999998
7649.0,1.2899999999999998
7650.0,1.2899999999999998
7651.0,1.2899999999999998
7652.0,1.2899999999999998
7653.0,1.2899999999999998
7654.0,1.2899999999999998
7655.0,1.2899999999999998
7656.0,1.2899999999999998
7657.0,1.2899999999999998
7658.0,1.333
7659.0,1.2899999999999998
7660.0,1.2899999999999998
7661.0,1.2899999999999998
7662.0,1.2899999999999998
7663.0,1.2899999999999998
7664.0,1.2899999999999998
7665.0,1.2899999999999998
7666.0,1.2899999999999998
7667.0,1.2899999999999998
7668.0,1.2899999999999998
7669.0,1.2899999999999998
7670.0,1.2899999999999998
7671.0,1.2899999999999998
7672.0,1.2899999999999998
7673.0,1.2899999999999998
7674.0,1.2899999999999998
7675.0,1.2899999999999998
7676.0,1.2899999999999998
7677.0,1.2899999999999998
7678.0,1.2899999999999998
7679.0,1.2899999999999998
7680.0,1.2899999999999998
7681.0,1.2899999999999998
7682.0,1.2899999999999998
7683.0,1.2899999999999998
7684.0,1.2899999999999998
7685.0,1.2899999999999998
7686.0,1.2899999999999998
7687.0,1.2899999999999998
7688.0,1.2899999999999998
7689.0,1.2899999999999998
7690.0,1.2899999999999998
7691.0,1.2899999999999998
7692.0,1.2899999999999998
7693.0,1.2899999999999998
7694.0,1.2899999999999998
7695.0,1.2899999999999998
7696.0,1.2899999999999998
7697.0,1.2899999999999998
7698.0,1.2899999999999998
7699.0,1.2899999999999998
7700.0,1.2899999999999998
7701.0,1.2899999999999998
7702.0,1.2899999999999998
7703.0,1.2899999999999998
7704.0,1.2469999999999999
7705.0,1.2899999999999998
7706.0,1.2899999999999998
7707.0,1.2899999999999998
7708.0,1.2899999999999998
7709.0,1.2899999999999998
7710.0,1.2899999999999998
7711.0,1.2899999999999998
7712.0,1.2899999999999998
7713.0,1.2899999999999998
7714.0,1.2899999999999998
7715.0,1.2899999999999998
7716.0,1.2899999999999998
7717.0,1.2899999999999998
7718.0,1.2899999999999998
7719.0,1.2899999999999998
7720.0,1.2899999999999998
7721.0,1.2469999999999999
7722.0,1.2899999999999998
7723.0,1.2469999999999999
7724.0,1.2899999999999998
7725.0,1.2899999999999998
7726.0,1.2899999999999998
7727.0,1.2899999999999998
7728.0,1.2899999999999998
7729.0,1.2899999999999998
7730.0,1.2469999999999999
7731.0,1.2899999999999998
7732.0,1.2899999999999998
7733.0,1.2899999999999998
7734.0,1.2899999999999998
7735.0,1.2899999999999998
7736.0,1.2899999999999998
7737.0,1.2899999999999998
7738.0,1.2899999999999998
7739.0,1.2899999999999998
7740.0,1.2899999999999998
7741.0,1.2899999999999998
7742.0,1.2899999999999998
7743.0,1.2899999999999998
7744.0,1.2899999999999998
7745.0,1.2899999999999998
7746.0,1.2469999999999999
7747.0,1.2899999999999998
7748.0,1.2899999999999998
7749.0,1.2899999999999998
7750.0,1.2899999999999998
7751.0,1.2899999999999998
7752.0,1.2899999999999998
7753.0,1.2469999999999999
7754.0,1.2899999999999998
7755.0,1.2899999999999998
7756.0,1.2899999999999998
7757.0,1.2899999999999998
7758.0,1.2899999999999998
7759.0,1.2899999999999998
7760.0,1.2899999999999998
7761.0,1.2899999999999998
7762.0,1.2899999999999998
7763.0,1.2899999999999998
7764.0,1.2899999999999998
7765.0,1.2899999999999998
7766.0,1.2899999999999998
7767.0,1.2899999999999998
7768.0,1.2899999999999998
7769.0,1.2899999999999998
7770.0,1.2899999999999998
7771.0,1.2899999999999998
7772.0,1.2899999999999998
7773.0,1.2899999999999998
7774.0,1.2899999999999998
7775.0,1.2899999999999998
7776.0,1.2899999999999998
7777.0,1.2899999999999998
7778.0,1.2899999999999998
7779.0,1.2899999999999998
7780.0,1.2899999999999998
7781.0,1.2899999999999998
7782.0,1.2899999999999998
7783.0,1.2899999999999998
7784.0,1.2899999999999998
7785.0,1.2469999999999999
7786.0,1.2469999999999999
7787.0,1.2469999999999999
7788.0,1.2899999999999998
7789.0,1.2899999999999998
7790.0,1.2899999999999998
7791.0,1.2469999999999999
7792.0,1.2899999999999998
7793.0,1.2899999999999998
7794.0,1.2899999999999998
7795.0,1.2469999999999999
7796.0,1.2899999999999998
7797.0,1.2899999999999998
7798.0,1.2899999999999998
7799.0,1.2899999999999998
7800.0,1.2899999999999998
7801.0,1.2899999999999998
7802.0,1.2899999999999998
7803.0,1.2899999999999998
7804.0,1.2899999999999998
7805.0,1.2899999999999998
7806.0,1.2899999999999998
7807.0,1.2899999999999998
7808.0,1.2899999999999998
7809.0,1.2899999999999998
7810.0,1.2899999999999998
7811.0,1.2899999999999998
7812.0,1.2899999999999998
7813.0,1.2899999999999998
7814.0,1.2899999999999998
7815.0,1.2899999999999998
7816.0,1.2899999999999998
7817.0,1.2899999999999998
7818.0,1.2899999999999998
7819.0,1.2469999999999999
7820.0,1.2899999999999998
7821.0,1.2469999999999999
7822.0,1.2899999999999998
7823.0,1.2899999999999998
7824.0,1.2899999999999998
7825.0,1.2899999999999998
7826.0,1.2899999999999998
7827.0,1.2899999999999998
7828.0,1.2899999999999998
7829.0,1.2899999999999998
7830.0,1.2899999999999998
7831.0,1.2899999999999998
7832.0,1.2899999999999998
7833.0,1.2899999999999998
7834.0,1.2899999999999998
7835.0,1.2899999999999998
7836.0,1.2899999999999998
7837.0,1.2899999999999998
7838.0,1.2899999999999998
7839.0,1.2899999999999998
7840.0,1.2899999999999998
7841.0,1.333
7842.0,1.2899999999999998
7843.0,1.2899999999999998
7844.0,1.2899999999999998
7845.0,1.2899999999999998
7846.0,1.2899999999999998
7847.0,1.2899999999999998
7848.0,1.2899999999999998
7849.0,1.2899999999999998
7850.0,1.2899999999999998
7851.0,1.2899999999999998
7852.0,1.2899999999999998
7853.0,1.2899999999999998
7854.0,1.2899999999999998
7855.0,1.2899999999999998
7856.0,1.2899999999999998
7857.0,1.2899999999999998
7858.0,1.2899999999999998
7859.0,1.2899999999999998
7860.0,1.2899999999999998
7861.0,1.2899999999999998
7862.0,1.2899999999999998
7863.0,1.2469999999999999
7864.0,1.2899999999999998
7865.0,1.2899999999999998
7866.0,1.2899999999999998
7867.0,1.2899999999999998
7868.0,1.2899999999999998
7869.0,1.2899999999999998
7870.0,1.2899999999999998
7871.0,1.2899999999999998
7872.0,1.2899999999999998
7873.0,1.2899999999999998
7874.0,1.2899999999999998
7875.0,1.2899999999999998
7876.0,1.2899999999999998
7877.0,1.2899999999999998
7878.0,1.2899999999999998
7879.0,1.2899999999999998
7880.0,1.2899999999999998
7881.0,1.2899999999999998
7882.0,1.2899999999999998
7883.0,1.2899999999999998
7884.0,1.2899999999999998
7885.0,1.2899999999999998
7886.0,1.2899999999999998
7887.0,1.2899999999999998
7888.0,1.2899999999999998
7889.0,1.2899999999999998
7890.0,1.2899999999999998
7891.0,1.2899999999999998
7892.0,1.2899999999999998
7893.0,1.2899999999999998
7894.0,1.2899999999999998
7895.0,1.2899999999999998
7896.0,1.2899999999999998
7897.0,1.2899999999999998
7898.0,1.2899999999999998
7899.0,1.2899999999999998
7900.0,1.2899999999999998
7901.0,1.2899999999999998
7902.0,1.2899999999999998
7903.0,1.2899999999999998
7904.0,1.2899999999999998
7905.0,1.2899999999999998
7906.0,1.2899999999999998
7907.0,1.2899999999999998
7908.0,1.2899999999999998
7909.0,1.2899999999999998
7910.0,1.2899999999999998
7911.0,1.2899999999999998
7912.0,1.2899999999999998
7913.0,1.2469999999999999
7914.0,1.2899999999999998
7915.0,1.2899999999999998
7916.0,1.2899999999999998
7917.0,1.2899999999999998
7918.0,1.2899999999999998
7919.0,1.2899999999999998
7920.0,1.2899999999999998
7921.0,1.2899999999999998
7922.0,1.2899999999999998
7923.0,1.2899999999999998
7924.0,1.2899999999999998
7925.0,1.2899999999999998
7926.0,1.2899999999999998
7927.0,1.2899999999999998
7928.0,1.2899999999999998
7929.0,1.2899999999999998
7930.0,1.2899999999999998
7931.0,1.2899999999999998
7932.0,1.2899999999999998
7933.0,1.2899999999999998
7934.0,1.2899999999999998
7935.0,1.2899999999999998
7936.0,1.2899999999999998
7937.0,1.2469999999999999
7938.0,1.2899999999999998
7939.0,1.2899999999999998
7940.0,1.2899999999999998
7941.0,1.2899999999999998
7942.0,1.2899999999999998
7943.0,1.2899999999999998
7944.0,1.2899999999999998
7945.0,1.2899999999999998
7946.0,1.2899999999999998
7947.0,1.2899999999999998
7948.0,1.2899999999999998
7949.0,1.2899999999999998
7950.0,1.2899999999999998
7951.0,1.2899999999999998
7952.0,1.2899999999999998
7953.0,1.2899999999999998
7954.0,1.2899999999999998
7955.0,1.2899999999999998
7956.0,1.2899999999999998
7957.0,1.2899999999999998
7958.0,1.333
7959.0,1.2899999999999998
7960.0,1.2899999999999998
7961.0,1.2899999999999998
7962.0,1.2899999999999998
7963.0,1.2899999999999998
7964.0,1.2899999999999998
7965.0,1.2899999999999998
7966.0,1.2899999999999998
7967.0,1.2899999999999998
7968.0,1.2899999999999998
7969.0,1.2899999999999998
7970.0,1.2899999999999998
7971.0,1.2469999999999999
7972.0,1.2469999999999999
7973.0,1.2899999999999998
7974.0,1.2899999999999998
7975.0,1.2899999999999998
7976.0,1.2899999999999998
7977.0,1.2899999999999998
7978.0,1.2899999999999998
7979.0,1.2899999999999998
7980.0,1.2899999999999998
7981.0,1.2899999999999998
7982.0,1.2899999999999998
7983.0,1.2899999999999998
7984.0,1.2899999999999998
7985.0,1.2899999999999998
7986.0,1.2899999999999998
7987.0,1.2899999999999998
7988.0,1.2899999999999998
7989.0,1.2899999999999998
7990.0,1.2899999999999998
7991.0,1.2899999999999998
7992.0,1.2899999999999998
7993.0,1.2899999999999998
7994.0,1.2899999999999998
7995.0,1.2899999999999998
7996.0,1.2899999999999998
7997.0,1.2899999999999998
7998.0,1.2899999999999998
7999.0,1.2899999999999998
8000.0,1.2899999999999998
8001.0,1.2899999999999998
8002.0,1.2899999999999998
8003.0,1.2899999999999998
8004.0,1.2899999999999998
8005.0,1.2469999999999999
8006.0,1.2899999999999998
8007.0,1.2899999999999998
8008.0,1.2899999999999998
8009.0,1.2899999999999998
8010.0,1.2899999999999998
8011.0,1.2899999999999998
8012.0,1.2899999999999998
8013.0,1.2469999999999999
8014.0,1.2899999999999998
8015.0,1.2899999999999998
8016.0,1.2899999999999998
8017.0,1.2899999999999998
8018.0,1.2899999999999998
8019.0,1.2899999999999998
8020.0,1.2899999999999998
8021.0,1.2469999999999999
8022.0,1.2899999999999998
8023.0,1.2899999999999998
8024.0,1.333
8025.0,1.2899999999999998
8026.0,1.2899999999999998
8027.0,1.2899999999999998
8028.0,1.2899999999999998
8029.0,1.2899999999999998
8030.0,1.2899999999999998
8031.0,1.2899999999999998
8032.0,1.2899999999999998
8033.0,1.2899999999999998
8034.0,1.2899999999999998
8035.0,1.2899999999999998
8036.0,1.2899999999999998
8037.0,1.2899999999999998
8038.0,1.2899999999999998
8039.0,1.2899999999999998
8040.0,1.2899999999999998
8041.0,1.2899999999999998
8042.0,1.2899999999999998
8043.0,1.2899999999999998
8044.0,1.2899999999999998
8045.0,1.2899999999999998
8046.0,1.2469999999999999
8047.0,1.2899999999999998
8048.0,1.2899999999999998
8049.0,1.2899999999999998
8050.0,1.2899999999999998
8051.0,1.2899999999999998
8052.0,1.2899999999999998
8053.0,1.2899999999999998
8054.0,1.2899999999999998
8055.0,1.2469999999999999
8056.0,1.2899999999999998
8057.0,1.2899999999999998
8058.0,1.2899999999999998
8059.0,1.2899999999999998
8060.0,1.2899999999999998
8061.0,1.2899999999999998
8062.0,1.2899999999999998
8063.0,1.2899999999999998
8064.0,1.2899999999999998
8065.0,1.2899999999999998
8066.0,1.2899999999999998
8067.0,1.2899999999999998
8068.0,1.2899999999999998
8069.0,1.2469999999999999
8070.0,1.2899999999999998
8071.0,1.2899999999999998
8072.0,1.2899999999999998
8073.0,1.2899999999999998
8074.0,1.2899999999999998
8075.0,1.2899999999999998
8076.0,1.2899999999999998
8077.0,1.2899999999999998
8078.0,1.2899999999999998
8079.0,1.2899999999999998
8080.0,1.2899999999999998
8081.0,1.2899999999999998
8082.0,1.2899999999999998
8083.0,1.2899999999999998
8084.0,1.2899999999999998
8085.0,1.2899999999999998
8086.0,1.2899999999999998
8087.0,1.2899999999999998
8088.0,1.2899999999999998
8089.0,1.2899999999999998
8090.0,1.2899999999999998
8091.0,1.2899999999999998
8092.0,1.2899999999999998
8093.0,1.2899999999999998
8094.0,1.2899999999999998
8095.0,1.2469999999999999
8096.0,1.204
8097.0,1.2899999999999998
8098.0,1.2899999999999998
8099.0,1.2899999999999998
8100.0,1.2899999999999998
8101.0,1.2899999999999998
8102.0,1.2899999999999998
8103.0,1.2469999999999999
8104.0,1.2899999999999998
8105.0,1.2469999999999999
8106.0,1.2899999999999998
8107.0,1.2899999999999998
8108.0,1.2899999999999998
8109.0,1.2899999999999998
8110.0,1.2899999999999998
8111.0,1.2469999999999999
8112.0,1.2899999999999998
8113.0,1.2469999999999999
8114.0,1.2899999999999998
8115.0,1.2899999999999998
8116.0,1.2899999999999998
8117.0,1.2899999999999998
8118.0,1.2899999999999998
8119.0,1.2899999999999998
8120.0,1.2899999999999998
8121.0,1.2469999999999999
8122.0,1.2899999999999998
8123.0,1.2899999999999998
8124.0,1.2899999999999998
8125.0,1.2899999999999998
8126.0,1.2899999999999998
8127.0,1.2899999999999998
8128.0,1.2899999999999998
8129.0,1.2469999999999999
8130.0,1.2469999999999999
8131.0,1.2899999999999998
8132.0,1.2899999999999998
8133.0,1.2899999999999998
8134.0,1.2899999999999998
8135.0,1.2899999999999998
8136.0,1.2899999999999998
8137.0,1.2899999999999998
8138.0,1.2899999999999998
8139.0,1.2469999999999999
8140.0,1.2469999999999999
8141.0,1.2899999999999998
8142.0,1.2899999999999998
8143.0,1.2899999999999998
8144.0,1.2899999999999998
8145.0,1.2899999999999998
8146.0,1.2899999999999998
8147.0,1.2899999999999998
8148.0,1.2899999999999998
8149.0,1.2899999999999998
8150.0,1.2899999999999998
8151.0,1.2899999999999998
8152.0,1.2899999999999998
8153.0,1.2469999999999999
8154.0,1.2899999999999998
8155.0,1.2469999999999999
8156.0,1.2899999999999998
8157.0,1.2469999999999999
8158.0,1.2899999999999998
8159.0,1.2899999999999998
8160.0,1.2899999999999998
8161.0,1.2899999999999998
8162.0,1.2899999999999998
8163.0,1.2469999999999999
8164.0,1.2899999999999998
8165.0,1.2899999999999998
8166.0,1.2899999999999998
8167.0,1.2899999999999998
8168.0,1.2899999999999998
8169.0,1.2899999999999998
8170.0,1.2899999999999998
8171.0,1.2899999999999998
8172.0,1.2899999999999998
8173.0,1.2899999999999998
8174.0,1.2899999999999998
8175.0,1.2899999999999998
8176.0,1.2899999999999998
8177.0,1.2899999999999998
8178.0,1.2899999999999998
8179.0,1.2899999999999998
8180.0,1.2899999999999998
8181.0,1.2899999999999998
8182.0,1.2899999999999998
8183.0,1.2899999999999998
8184.0,1.2899999999999998
8185.0,1.2899999999999998
8186.0,1.2899999999999998
8187.0,1.2899999999999998
8188.0,1.2899999999999998
8189.0,1.2469999999999999
8190.0,1.2899999999999998
8191.0,1.2899999999999998
8192.0,1.2899999999999998
8193.0,1.2899999999999998
8194.0,1.2899999999999998
8195.0,1.2899999999999998
8196.0,1.2899999999999998
8197.0,1.2899999999999998
8198.0,1.2899999999999998
8199.0,1.2899999999999998
8200.0,1.2899999999999998
8201.0,1.2899999999999998
8202.0,1.2899999999999998
8203.0,1.2899999999999998
8204.0,1.2469999999999999
8205.0,1.2899999999999998
8206.0,1.2899999999999998
8207.0,1.2899999999999998
8208.0,1.2899999999999998
8209.0,1.2899999999999998
8210.0,1.2899999999999998
8211.0,1.2899999999999998
8212.0,1.2469999999999999
8213.0,1.2469999999999999
8214.0,1.2469999999999999
8215.0,1.2899999999999998
8216.0,1.2899999999999998
8217.0,1.2899999999999998
8218.0,1.2899999999999998
8219.0,1.2469999999999999
8220.0,1.2899999999999998
8221.0,1.2899999999999998
8222.0,1.2899999999999998
8223.0,1.2899999999999998
8224.0,1.2899999999999998
8225.0,1.2899999999999998
8226.0,1.2899999999999998
8227.0,1.2899999999999998
8228.0,1.2899999999999998
8229.0,1.2899999999999998
8230.0,1.2469999999999999
8231.0,1.2469999999999999
8232.0,1.2899999999999998
8233.0,1.2899999999999998
8234.0,1.2899999999999998
8235.0,1.2899999999999998
8236.0,1.2899999999999998
8237.0,1.2469999999999999
8238.0,1.2899999999999998
8239.0,1.2469999999999999
8240.0,1.2899999999999998
8241.0,1.2899999999999998
8242.0,1.2899999999999998
8243.0,1.2899999999999998
8244.0,1.2899999999999998
8245.0,1.2899999999999998
8246.0,1.2899999999999998
8247.0,1.2899999999999998
8248.0,1.2899999999999998
8249.0,1.2899999999999998
8250.0,1.2899999999999998
8251.0,1.2899999999999998
8252.0,1.2899999999999998
8253.0,1.2899999999999998
8254.0,1.2899999999999998
8255.0,1.2469999999999999
8256.0,1.2899999999999998
8257.0,1.2899999999999998
8258.0,1.2899999999999998
8259.0,1.2899999999999998
8260.0,1.2899999999999998
8261.0,1.2899999999999998
8262.0,1.2899999999999998
8263.0,1.2469999999999999
8264.0,1.2899999999999998
8265.0,1.2899999999999998
8266.0,1.2899999999999998
8267.0,1.2469999999999999
8268.0,1.2899999999999998
8269.0,1.2469999999999999
8270.0,1.2899999999999998
8271.0,1.2469999999999999
8272.0,1.2899999999999998
8273.0,1.2899999999999998
8274.0,1.2899999999999998
8275.0,1.2899999999999998
8276.0,1.2899999999999998
8277.0,1.2899999999999998
8278.0,1.2899999999999998
8279.0,1.2899999999999998
8280.0,1.2899999999999998
8281.0,1.2899999999999998
8282.0,1.2899999999999998
8283.0,1.2899999999999998
8284.0,1.2469999999999999
8285.0,1.2899999999999998
8286.0,1.2899999999999998
8287.0,1.2469999999999999
8288.0,1.2899999999999998
8289.0,1.2899999999999998
8290.0,1.2899999999999998
8291.0,1.2899999999999998
8292.0,1.2899999999999998
8293.0,1.2899999999999998
8294.0,1.2899999999999998
8295.0,1.2899999999999998
8296.0,1.2899999999999998
8297.0,1.2469999999999999
8298.0,1.2899999999999998
8299.0,1.2899999999999998
8300.0,1.2899999999999998
8301.0,1.2899999999999998
8302.0,1.2899999999999998
8303.0,1.2899999999999998
8304.0,1.2469999999999999
8305.0,1.2469999999999999
8306.0,1.2899999999999998
8307.0,1.2899999999999998
8308.0,1.2899999999999998
8309.0,1.2899999999999998
8310.0,1.2899999999999998
8311.0,1.2469999999999999
8312.0,1.2899999999999998
8313.0,1.2469999999999999
8314.0,1.2899999999999998
8315.0,1.2899999999999998
8316.0,1.2899999999999998
8317.0,1.2899999999999998
8318.0,1.2899999999999998
8319.0,1.2899999999999998
8320.0,1.2469999999999999
8321.0,1.2899999999999998
8322.0,1.2899999999999998
8323.0,1.2899999999999998
8324.0,1.2899999999999998
8325.0,1.2899999999999998
8326.0,1.2899999999999998
8327.0,1.2899999999999998
8328.0,1.2469999999999999
8329.0,1.2899999999999998
8330.0,1.2469999999999999
8331.0,1.2899999999999998
8332.0,1.2899999999999998
8333.0,1.2899999999999998
8334.0,1.2899999999999998
8335.0,1.2899999999999998
8336.0,1.2899999999999998
8337.0,1.2469999999999999
8338.0,1.2469999999999999
8339.0,1.2469999999999999
8340.0,1.2899999999999998
8341.0,1.2899999999999998
8342.0,1.2899999999999998
8343.0,1.2899999999999998
8344.0,1.2469999999999999
8345.0,1.2469999999999999
8346.0,1.2899999999999998
8347.0,1.2899999999999998
8348.0,1.2899999999999998
8349.0,1.2899999999999998
8350.0,1.333
8351.0,1.2899999999999998
8352.0,1.2469999999999999
8353.0,1.2899999999999998
8354.0,1.2899999999999998
8355.0,1.2899999999999998
8356.0,1.2899999999999998
8357.0,1.2899999999999998
8358.0,1.2899999999999998
8359.0,1.2899999999999998
8360.0,1.2899999999999998
8361.0,1.2899999999999998
8362.0,1.2899999999999998
8363.0,1.2899999999999998
8364.0,1.2469999999999999
8365.0,1.2899999999999998
8366.0,1.2899999999999998
8367.0,1.2899999999999998
8368.0,1.2899999999999998
8369.0,1.2899999999999998
8370.0,1.2899999999999998
8371.0,1.2899999999999998
8372.0,1.2469999999999999
8373.0,1.2899999999999998
8374.0,1.2899999999999998
8375.0,1.2899999999999998
8376.0,1.2899999999999998
8377.0,1.2899999999999998
8378.0,1.2899999999999998
8379.0,1.2469999999999999
8380.0,1.2469999999999999
8381.0,1.2899999999999998
8382.0,1.2899999999999998
8383.0,1.2469999999999999
8384.0,1.2899999999999998
8385.0,1.2899999999999998
8386.0,1.2469999999999999
8387.0,1.2899999999999998
8388.0,1.2899999999999998
8389.0,1.2899999999999998
8390.0,1.2899999999999998
8391.0,1.2899999999999998
8392.0,1.2899999999999998
8393.0,1.2899999999999998
8394.0,1.2899999999999998
8395.0,1.2899999999999998
8396.0,1.2899999999999998
8397.0,1.2469999999999999
8398.0,1.2899999999999998
8399.0,1.2469999999999999
8400.0,1.2899999999999998
8401.0,1.2899999999999998
8402.0,1.2899999999999998
8403.0,1.2899999999999998
8404.0,1.2899999999999998
8405.0,1.2899999999999998
8406.0,1.2899999999999998
8407.0,1.2899999999999998
8408.0,1.2899999999999998
8409.0,1.2899999999999998
8410.0,1.2899999999999998
8411.0,1.2899999999999998
8412.0,1.2469999999999999
8413.0,1.2899999999999998
8414.0,1.2899999999999998
8415.0,1.2899999999999998
8416.0,1.2899999999999998
8417.0,1.2899999999999998
8418.0,1.2469999999999999
8419.0,1.2469999999999999
8420.0,1.2899999999999998
8421.0,1.2469999999999999
8422.0,1.2899999999999998
8423.0,1.2899999999999998
8424.0,1.2899999999999998
8425.0,1.2899999999999998
8426.0,1.2899999999999998
8427.0,1.2469999999999999
8428.0,1.2469999999999999
8429.0,1.2469999999999999
8430.0,1.2899999999999998
8431.0,1.2899999999999998
8432.0,1.2899999999999998
8433.0,1.2899999999999998
8434.0,1.2899999999999998
8435.0,1.2899999999999998
8436.0,1.2469999999999999
8437.0,1.2469999999999999
8438.0,1.2899999999999998
8439.0,1.2899999999999998
8440.0,1.2899999999999998
8441.0,1.2899999999999998
8442.0,1.2899999999999998
8443.0,1.2469999999999999
8444.0,1.2899999999999998
8445.0,1.2469999999999999
8446.0,1.2899999999999998
8447.0,1.2899999999999998
8448.0,1.2899999999999998
8449.0,1.2899999999999998
8450.0,1.2899999999999998
8451.0,1.2899999999999998
8452.0,1.2899999999999998
8453.0,1.2469999999999999
8454.0,1.2469999999999999
8455.0,1.2469999999999999
8456.0,1.2469999999999999
8457.0,1.2469999999999999
8458.0,1.2899999999999998
8459.0,1.2899999999999998
8460.0,1.2899999999999998
8461.0,1.2899999999999998
8462.0,1.2899999999999998
8463.0,1.2899999999999998
8464.0,1.2899999999999998
8465.0,1.2899999999999998
8466.0,1.2899999999999998
8467.0,1.2899999999999998
8468.0,1.2899999999999998
8469.0,1.2899999999999998
8470.0,1.2899999999999998
8471.0,1.2469999999999999
8472.0,1.2899999999999998
8473.0,1.2899999999999998
8474.0,1.2899999999999998
8475.0,1.2899999999999998
8476.0,1.2899999999999998
8477.0,1.2469999999999999
8478.0,1.2899999999999998
8479.0,1.2469999999999999
8480.0,1.2899999999999998
8481.0,1.2899999999999998
8482.0,1.2899999999999998
8483.0,1.2899999999999998
8484.0,1.2899999999999998
8485.0,1.2899999999999998
8486.0,1.2469999999999999
8487.0,1.2469999999999999
8488.0,1.2469999999999999
8489.0,1.2899999999999998
8490.0,1.2899999999999998
8491.0,1.2899999999999998
8492.0,1.2469999999999999
