time_ms,diameter_mm
0.0,2.3649999999999998
1.0,2.3219999999999996
2.0,2.3219999999999996
3.0,2.3219999999999996
4.0,2.2359999999999998
5.0,2.2359999999999998
6.0,2.1929999999999996
7.0,2.15
8.0,2.15
9.0,2.1069999999999998
10.0,2.1069999999999998
11.0,2.064
12.0,2.064
13.0,2.064
14.0,2.021
15.0,2.021
16.0,1.9779999999999998
17.0,1.9779999999999998
18.0,1.9349999999999998
19.0,1.9349999999999998
20.0,1.892
21.0,1.892
22.0,1.8489999999999998
23.0,1.8059999999999998
24.0,1.763
25.0,1.763
26.0,1.763
27.0,1.6769999999999998
28.0,1.6769999999999998
29.0,1.634
30.0,1.591
31.0,1.591
32.0,1.5479999999999998
33.0,1.505
34.0,1.505
35.0,1.462
36.0,1.4189999999999998
37.0,1.4189999999999998
38.0,1.376
39.0,1.333
40.0,1.2899999999999998
41.0,1.2899999999999998
42.0,1.2469999999999999
43.0,1.204
44.0,1.204
45.0,1.1609999999999998
46.0,1.1609999999999998
47.0,1.1179999999999999
48.0,1.075
49.0,1.032
50.0,1.032
51.0,0.9889999999999999
52.0,0.9889999999999999
53.0,0.9029999999999999
54.0,0.9029999999999999
55.0,0.8599999999999999
56.0,0.8599999999999999
57.0,0.817
58.0,0.817
59.0,0.7739999999999999
60.0,0.7739999999999999
61.0,0.7739999999999999
62.0,0.731
63.0,0.731
64.0,0.688
65.0,0.688
66.0,0.731
67.0,0.688
68.0,0.688
69.0,0.688
70.0,0.6449999999999999
71.0,0.6449999999999999
72.0,0.6449999999999999
73.0,0.6449999999999999
74.0,0.602
75.0,0.602
76.0,0.602
77.0,0.602
78.0,0.602
79.0,0.602
80.0,0.602
81.0,0.5589999999999999
82.0,0.5589999999999999
83.0,0.5589999999999999
84.0,0.5589999999999999
85.0,0.5589999999999999
86.0,0.5589999999999999
87.0,0.5589999999999999
88.0,0.5589999999999999
89.0,0.5589999999999999
90.0,0.5589999999999999
91.0,0.5589999999999999
92.0,0.5589999999999999
93.0,0.516
94.0,0.516
95.0,0.5589999999999999
96.0,0.5589999999999999
97.0,0.516
98.0,0.5589999999999999
99.0,0.516
100.0,0.516
101.0,0.516
102.0,0.5589999999999999
103.0,0.516
104.0,0.516
105.0,0.516
106.0,0.516
107.0,0.5589999999999999
108.0,0.5589999999999999
109.0,0.516
110.0,0.516
111.0,0.516
112.0,0.516
113.0,0.516
114.0,0.516
115.0,0.516
116.0,0.516
117.0,0.516
118.0,0.516
119.0,0.516
120.0,0.516
121.0,0.516
122.0,0.516
123.0,0.516
124.0,0.516
125.0,0.516
126.0,0.516
127.0,0.516
128.0,0.516
129.0,0.516
130.0,0.516
131.0,0.516
132.0,0.516
133.0,0.516
134.0,0.516
135.0,0.516
136.0,0.473
137.0,0.516
138.0,0.516
139.0,0.516
140.0,0.516
141.0,0.516
142.0,0.516
143.0,0.516
144.0,0.516
145.0,0.516
146.0,0.473
147.0,0.473
148.0,0.473
149.0,0.473
150.0,0.473
151.0,0.473
152.0,0.516
153.0,0.473
154.0,0.473
155.0,0.473
156.0,0.473
157.0,0.473
158.0,0.473
159.0,0.473
160.0,0.473
161.0,0.473
162.0,0.473
163.0,0.473
164.0,0.473
165.0,0.473
166.0,0.473
167.0,0.473
168.0,0.473
169.0,0.473
170.0,0.473
171.0,0.473
172.0,0.473
173.0,0.473
174.0,0.473
175.0,0.473
176.0,0.473
177.0,0.473
178.0,0.473
179.0,0.473
180.0,0.473
181.0,0.473
182.0,0.473
183.0,0.473
184.0,0.473
185.0,0.473
186.0,0.473
187.0,0.42999999999999994
188.0,0.42999999999999994
189.0,0.473
190.0,0.473
191.0,0.473
192.0,0.473
193.0,0.473
194.0,0.473
195.0,0.473
196.0,0.473
197.0,0.473
198.0,0.473
199.0,0.473
200.0,0.473
201.0,0.473
202.0,0.473
203.0,0.473
204.0,0.473
205.0,0.473
206.0,0.42999999999999994
207.0,0.473
208.0,0.473
209.0,0.42999999999999994
210.0,0.473
211.0,0.473
212.0,0.473
213.0,0.473
214.0,0.473
215.0,0.473
216.0,0.473
217.0,0.473
218.0,0.473
219.0,0.473
220.0,0.473
221.0,0.473
222.0,0.473
223.0,0.42999999999999994
224.0,0.473
225.0,0.473
226.0,0.42999999999999994
227.0,0.42999999999999994
228.0,0.473
229.0,0.42999999999999994
230.0,0.473
231.0,0.473
232.0,0.473
233.0,0.473
234.0,0.473
235.0,0.42999999999999994
236.0,0.473
237.0,0.42999999999999994
238.0,0.42999999999999994
239.0,0.473
240.0,0.473
241.0,0.42999999999999994
242.0,0.473
243.0,0.473
244.0,0.473
245.0,0.42999999999999994
246.0,0.473
247.0,0.42999999999999994
248.0,0.473
249.0,0.473
250.0,0.473
251.0,0.42999999999999994
252.0,0.473
253.0,0.42999999999999994
254.0,0.473
255.0,0.473
256.0,0.473
257.0,0.473
258.0,0.473
259.0,0.42999999999999994
260.0,0.473
261.0,0.42999999999999994
262.0,0.42999999999999994
263.0,0.42999999999999994
264.0,0.473
265.0,0.42999999999999994
266.0,0.473
267.0,0.42999999999999994
268.0,0.473
269.0,0.42999999999999994
270.0,0.473
271.0,0.42999999999999994
272.0,0.473
273.0,0.42999999999999994
274.0,0.473
275.0,0.42999999999999994
276.0,0.42999999999999994
277.0,0.42999999999999994
278.0,0.42999999999999994
279.0,0.473
280.0,0.42999999999999994
281.0,0.473
282.0,0.473
283.0,0.473
284.0,0.42999999999999994
285.0,0.473
286.0,0.473
287.0,0.473
288.0,0.473
289.0,0.473
290.0,0.473
291.0,0.473
292.0,0.473
293.0,0.473
294.0,0.42999999999999994
295.0,0.42999999999999994
296.0,0.42999999999999994
297.0,0.473
298.0,0.42999999999999994
299.0,0.42999999999999994
300.0,0.473
301.0,0.42999999999999994
302.0,0.473
303.0,0.42999999999999994
304.0,0.473
305.0,0.473
306.0,0.473
307.0,0.473
308.0,0.42999999999999994
309.0,0.42999999999999994
310.0,0.473
311.0,0.42999999999999994
312.0,0.473
313.0,0.473
314.0,0.473
315.0,0.473
316.0,0.42999999999999994
317.0,0.42999999999999994
318.0,0.473
319.0,0.42999999999999994
320.0,0.473
321.0,0.42999999999999994
322.0,0.473
323.0,0.42999999999999994
324.0,0.42999999999999994
325.0,0.42999999999999994
326.0,0.42999999999999994
327.0,0.42999999999999994
328.0,0.473
329.0,0.473
330.0,0.473
331.0,0.42999999999999994
332.0,0.42999999999999994
333.0,0.42999999999999994
334.0,0.42999999999999994
335.0,0.42999999999999994
336.0,0.473
337.0,0.42999999999999994
338.0,0.473
339.0,0.473
340.0,0.42999999999999994
341.0,0.42999999999999994
342.0,0.473
343.0,0.42999999999999994
344.0,0.42999999999999994
345.0,0.473
346.0,0.42999999999999994
347.0,0.473
348.0,0.42999999999999994
349.0,0.473
350.0,0.473
351.0,0.42999999999999994
352.0,0.42999999999999994
353.0,0.42999999999999994
354.0,0.473
355.0,0.42999999999999994
356.0,0.42999999999999994
357.0,0.42999999999999994
358.0,0.473
359.0,0.42999999999999994
360.0,0.42999999999999994
361.0,0.42999999999999994
362.0,0.42999999999999994
363.0,0.42999999999999994
364.0,0.473
365.0,0.42999999999999994
366.0,0.473
367.0,0.42999999999999994
368.0,0.42999999999999994
369.0,0.473
370.0,0.473
371.0,0.42999999999999994
372.0,0.42999999999999994
373.0,0.42999999999999994
374.0,0.473
375.0,0.42999999999999994
376.0,0.42999999999999994
377.0,0.42999999999999994
378.0,0.42999999999999994
379.0,0.42999999999999994
380.0,0.42999999999999994
381.0,0.42999999999999994
382.0,0.42999999999999994
383.0,0.42999999999999994
384.0,0.473
385.0,0.42999999999999994
386.0,0.42999999999999994
387.0,0.42999999999999994
388.0,0.473
389.0,0.473
390.0,0.473
391.0,0.42999999999999994
392.0,0.42999999999999994
393.0,0.473
394.0,0.473
395.0,0.42999999999999994
396.0,0.473
397.0,0.473
398.0,0.473
399.0,0.42999999999999994
400.0,0.42999999999999994
401.0,0.42999999999999994
402.0,0.42999999999999994
403.0,0.42999999999999994
404.0,0.473
405.0,0.42999999999999994
406.0,0.42999999999999994
407.0,0.42999999999999994
408.0,0.42999999999999994
409.0,0.42999999999999994
410.0,0.42999999999999994
411.0,0.42999999999999994
412.0,0.42999999999999994
413.0,0.42999999999999994
414.0,0.42999999999999994
415.0,0.42999999999999994
416.0,0.42999999999999994
417.0,0.42999999999999994
418.0,0.42999999999999994
419.0,0.42999999999999994
420.0,0.42999999999999994
421.0,0.42999999999999994
422.0,0.42999999999999994
423.0,0.42999999999999994
424.0,0.42999999999999994
425.0,0.42999999999999994
426.0,0.42999999999999994
427.0,0.42999999999999994
428.0,0.42999999999999994
429.0,0.42999999999999994
430.0,0.42999999999999994
431.0,0.42999999999999994
432.0,0.42999999999999994
433.0,0.42999999999999994
434.0,0.42999999999999994
435.0,0.42999999999999994
436.0,0.473
437.0,0.473
438.0,0.473
439.0,0.42999999999999994
440.0,0.42999999999999994
441.0,0.42999999999999994
442.0,0.42999999999999994
443.0,0.42999999999999994
444.0,0.42999999999999994
445.0,0.42999999999999994
446.0,0.42999999999999994
447.0,0.42999999999999994
448.0,0.42999999999999994
449.0,0.42999999999999994
450.0,0.42999999999999994
451.0,0.42999999999999994
452.0,0.42999999999999994
453.0,0.42999999999999994
454.0,0.42999999999999994
455.0,0.42999999999999994
456.0,0.42999999999999994
457.0,0.42999999999999994
458.0,0.42999999999999994
459.0,0.42999999999999994
460.0,0.42999999999999994
461.0,0.42999999999999994
462.0,0.42999999999999994
463.0,0.42999999999999994
464.0,0.42999999999999994
465.0,0.42999999999999994
466.0,0.42999999999999994
467.0,0.38699999999999996
468.0,0.42999999999999994
469.0,0.42999999999999994
470.0,0.42999999999999994
471.0,0.42999999999999994
472.0,0.42999999999999994
473.0,0.42999999999999994
474.0,0.42999999999999994
475.0,0.42999999999999994
476.0,0.473
477.0,0.42999999999999994
478.0,0.42999999999999994
479.0,0.42999999999999994
480.0,0.42999999999999994
481.0,0.42999999999999994
482.0,0.42999999999999994
483.0,0.42999999999999994
484.0,0.38699999999999996
485.0,0.42999999999999994
486.0,0.42999999999999994
487.0,0.38699999999999996
488.0,0.42999999999999994
489.0,0.38699999999999996
490.0,0.42999999999999994
491.0,0.38699999999999996
492.0,0.42999999999999994
493.0,0.42999999999999994
494.0,0.38699999999999996
495.0,0.42999999999999994
496.0,0.42999999999999994
497.0,0.38699999999999996
498.0,0.42999999999999994
499.0,0.42999999999999994
500.0,0.42999999999999994
501.0,0.42999999999999994
502.0,0.42999999999999994
503.0,0.42999999999999994
504.0,0.42999999999999994
505.0,0.42999999999999994
506.0,0.42999999999999994
507.0,0.38699999999999996
508.0,0.42999999999999994
509.0,0.42999999999999994
510.0,0.42999999999999994
511.0,0.42999999999999994
512.0,0.42999999999999994
513.0,0.42999999999999994
514.0,0.42999999999999994
515.0,0.42999999999999994
516.0,0.42999999999999994
517.0,0.42999999999999994
518.0,0.42999999999999994
519.0,0.42999999999999994
520.0,0.42999999999999994
521.0,0.42999999999999994
522.0,0.42999999999999994
523.0,0.42999999999999994
524.0,0.38699999999999996
525.0,0.42999999999999994
526.0,0.42999999999999994
527.0,0.42999999999999994
528.0,0.42999999999999994
529.0,0.42999999999999994
530.0,0.42999999999999994
531.0,0.42999999999999994
532.0,0.42999999999999994
533.0,0.38699999999999996
534.0,0.38699999999999996
535.0,0.38699999999999996
536.0,0.42999999999999994
537.0,0.38699999999999996
538.0,0.42999999999999994
539.0,0.42999999999999994
540.0,0.42999999999999994
541.0,0.38699999999999996
542.0,0.42999999999999994
543.0,0.38699999999999996
544.0,0.42999999999999994
545.0,0.42999999999999994
546.0,0.42999999999999994
547.0,0.42999999999999994
548.0,0.42999999999999994
549.0,0.42999999999999994
550.0,0.42999999999999994
551.0,0.42999999999999994
552.0,0.42999999999999994
553.0,0.38699999999999996
554.0,0.38699999999999996
555.0,0.42999999999999994
556.0,0.42999999999999994
557.0,0.42999999999999994
558.0,0.38699999999999996
559.0,0.42999999999999994
560.0,0.38699999999999996
561.0,0.42999999999999994
562.0,0.42999999999999994
563.0,0.42999999999999994
564.0,0.42999999999999994
565.0,0.42999999999999994
566.0,0.38699999999999996
567.0,0.38699999999999996
568.0,0.38699999999999996
569.0,0.42999999999999994
570.0,0.42999999999999994
571.0,0.42999999999999994
572.0,0.38699999999999996
573.0,0.38699999999999996
574.0,0.38699999999999996
575.0,0.38699999999999996
576.0,0.38699999999999996
577.0,0.42999999999999994
578.0,0.38699999999999996
579.0,0.42999999999999994
580.0,0.42999999999999994
581.0,0.42999999999999994
582.0,0.38699999999999996
583.0,0.38699999999999996
584.0,0.38699999999999996
585.0,0.38699999999999996
586.0,0.38699999999999996
587.0,0.42999999999999994
588.0,0.38699999999999996
589.0,0.42999999999999994
590.0,0.42999999999999994
591.0,0.42999999999999994
592.0,0.38699999999999996
593.0,0.42999999999999994
594.0,0.38699999999999996
595.0,0.42999999999999994
596.0,0.42999999999999994
597.0,0.42999999999999994
598.0,0.38699999999999996
599.0,0.42999999999999994
600.0,0.42999999999999994
601.0,0.42999999999999994
602.0,0.42999999999999994
603.0,0.38699999999999996
604.0,0.42999999999999994
605.0,0.42999999999999994
606.0,0.42999999999999994
607.0,0.42999999999999994
608.0,0.42999999999999994
609.0,0.42999999999999994
610.0,0.42999999999999994
611.0,0.38699999999999996
612.0,0.42999999999999994
613.0,0.42999999999999994
614.0,0.38699999999999996
615.0,0.42999999999999994
616.0,0.38699999999999996
617.0,0.38699999999999996
618.0,0.38699999999999996
619.0,0.38699999999999996
620.0,0.38699999999999996
621.0,0.38699999999999996
622.0,0.38699999999999996
623.0,0.42999999999999994
624.0,0.38699999999999996
625.0,0.38699999999999996
626.0,0.42999999999999994
627.0,0.38699999999999996
628.0,0.38699999999999996
629.0,0.38699999999999996
630.0,0.42999999999999994
631.0,0.38699999999999996
632.0,0.42999999999999994
633.0,0.38699999999999996
634.0,0.42999999999999994
635.0,0.38699999999999996
636.0,0.42999999999999994
637.0,0.38699999999999996
638.0,0.38699999999999996
639.0,0.38699999999999996
640.0,0.42999999999999994
641.0,0.42999999999999994
642.0,0.42999999999999994
643.0,0.38699999999999996
644.0,0.42999999999999994
645.0,0.42999999999999994
646.0,0.42999999999999994
647.0,0.42999999999999994
648.0,0.38699999999999996
649.0,0.38699999999999996
650.0,0.42999999999999994
651.0,0.38699999999999996
652.0,0.38699999999999996
653.0,0.38699999999999996
654.0,0.42999999999999994
655.0,0.42999999999999994
656.0,0.42999999999999994
657.0,0.38699999999999996
658.0,0.38699999999999996
659.0,0.38699999999999996
660.0,0.38699999999999996
661.0,0.38699999999999996
662.0,0.38699999999999996
663.0,0.42999999999999994
664.0,0.38699999999999996
665.0,0.38699999999999996
666.0,0.38699999999999996
667.0,0.38699999999999996
668.0,0.38699999999999996
669.0,0.38699999999999996
670.0,0.38699999999999996
671.0,0.38699999999999996
672.0,0.38699999999999996
673.0,0.38699999999999996
674.0,0.42999999999999994
675.0,0.38699999999999996
676.0,0.42999999999999994
677.0,0.38699999999999996
678.0,0.38699999999999996
679.0,0.42999999999999994
680.0,0.38699999999999996
681.0,0.38699999999999996
682.0,0.38699999999999996
683.0,0.38699999999999996
684.0,0.38699999999999996
685.0,0.38699999999999996
686.0,0.42999999999999994
687.0,0.38699999999999996
688.0,0.42999999999999994
689.0,0.38699999999999996
690.0,0.42999999999999994
691.0,0.38699999999999996
692.0,0.38699999999999996
693.0,0.38699999999999996
694.0,0.42999999999999994
695.0,0.38699999999999996
696.0,0.38699999999999996
697.0,0.38699999999999996
698.0,0.42999999999999994
699.0,0.42999999999999994
700.0,0.38699999999999996
701.0,0.38699999999999996
702.0,0.38699999999999996
703.0,0.38699999999999996
704.0,0.38699999999999996
705.0,0.38699999999999996
706.0,0.38699999999999996
707.0,0.38699999999999996
708.0,0.38699999999999996
709.0,0.38699999999999996
710.0,0.38699999999999996
711.0,0.38699999999999996
712.0,0.42999999999999994
713.0,0.38699999999999996
714.0,0.38699999999999996
715.0,0.38699999999999996
716.0,0.42999999999999994
717.0,0.38699999999999996
718.0,0.38699999999999996
719.0,0.42999999999999994
720.0,0.38699999999999996
721.0,0.38699999999999996
722.0,0.38699999999999996
723.0,0.38699999999999996
724.0,0.38699999999999996
725.0,0.38699999999999996
726.0,0.38699999999999996
727.0,0.38699999999999996
728.0,0.38699999999999996
729.0,0.42999999999999994
730.0,0.38699999999999996
731.0,0.38699999999999996
732.0,0.42999999999999994
733.0,0.42999999999999994
734.0,0.38699999999999996
735.0,0.38699999999999996
736.0,0.38699999999999996
737.0,0.42999999999999994
738.0,0.42999999999999994
739.0,0.42999999999999994
740.0,0.38699999999999996
741.0,0.38699999999999996
742.0,0.38699999999999996
743.0,0.38699999999999996
744.0,0.38699999999999996
745.0,0.38699999999999996
746.0,0.42999999999999994
747.0,0.42999999999999994
748.0,0.38699999999999996
749.0,0.38699999999999996
750.0,0.38699999999999996
751.0,0.38699999999999996
752.0,0.38699999999999996
753.0,0.38699999999999996
754.0,0.38699999999999996
755.0,0.38699999999999996
756.0,0.38699999999999996
757.0,0.38699999999999996
758.0,0.38699999999999996
759.0,0.38699999999999996
760.0,0.42999999999999994
761.0,0.42999999999999994
762.0,0.38699999999999996
763.0,0.38699999999999996
764.0,0.42999999999999994
765.0,0.38699999999999996
766.0,0.38699999999999996
767.0,0.38699999999999996
768.0,0.38699999999999996
769.0,0.38699999999999996
770.0,0.38699999999999996
771.0,0.42999999999999994
772.0,0.42999999999999994
773.0,0.42999999999999994
774.0,0.38699999999999996
775.0,0.38699999999999996
776.0,0.38699999999999996
777.0,0.38699999999999996
778.0,0.42999999999999994
779.0,0.42999999999999994
780.0,0.42999999999999994
781.0,0.42999999999999994
782.0,0.38699999999999996
783.0,0.42999999999999994
784.0,0.38699999999999996
785.0,0.38699999999999996
786.0,0.38699999999999996
787.0,0.42999999999999994
788.0,0.42999999999999994
789.0,0.42999999999999994
790.0,0.38699999999999996
791.0,0.38699999999999996
792.0,0.38699999999999996
793.0,0.38699999999999996
794.0,0.38699999999999996
795.0,0.38699999999999996
796.0,0.38699999999999996
797.0,0.38699999999999996
798.0,0.42999999999999994
799.0,0.38699999999999996
800.0,0.38699999999999996
801.0,0.38699999999999996
802.0,0.38699999999999996
803.0,0.38699999999999996
804.0,0.38699999999999996
805.0,0.38699999999999996
806.0,0.38699999999999996
807.0,0.38699999999999996
808.0,0.38699999999999996
809.0,0.38699999999999996
810.0,0.38699999999999996
811.0,0.38699999999999996
812.0,0.38699999999999996
813.0,0.38699999999999996
814.0,0.38699999999999996
815.0,0.38699999999999996
816.0,0.38699999999999996
817.0,0.38699999999999996
818.0,0.38699999999999996
819.0,0.38699999999999996
820.0,0.38699999999999996
821.0,0.38699999999999996
822.0,0.38699999999999996
823.0,0.42999999999999994
824.0,0.38699999999999996
825.0,0.38699999999999996
826.0,0.38699999999999996
827.0,0.38699999999999996
828.0,0.38699999999999996
829.0,0.38699999999999996
830.0,0.42999999999999994
831.0,0.42999999999999994
832.0,0.42999999999999994
833.0,0.38699999999999996
834.0,0.38699999999999996
835.0,0.42999999999999994
836.0,0.38699999999999996
837.0,0.38699999999999996
838.0,0.38699999999999996
839.0,0.42999999999999994
840.0,0.38699999999999996
841.0,0.38699999999999996
842.0,0.38699999999999996
843.0,0.38699999999999996
844.0,0.38699999999999996
845.0,0.38699999999999996
846.0,0.38699999999999996
847.0,0.38699999999999996
848.0,0.38699999999999996
849.0,0.38699999999999996
850.0,0.38699999999999996
851.0,0.38699999999999996
852.0,0.38699999999999996
853.0,0.38699999999999996
854.0,0.38699999999999996
855.0,0.38699999999999996
856.0,0.38699999999999996
857.0,0.38699999999999996
858.0,0.38699999999999996
859.0,0.38699999999999996
860.0,0.38699999999999996
861.0,0.38699999999999996
862.0,0.42999999999999994
863.0,0.42999999999999994
864.0,0.38699999999999996
865.0,0.42999999999999994
866.0,0.38699999999999996
867.0,0.38699999999999996
868.0,0.38699999999999996
869.0,0.42999999999999994
870.0,0.38699999999999996
871.0,0.42999999999999994
872.0,0.38699999999999996
873.0,0.38699999999999996
874.0,0.38699999999999996
875.0,0.38699999999999996
876.0,0.38699999999999996
877.0,0.38699999999999996
878.0,0.38699999999999996
879.0,0.38699999999999996
880.0,0.38699999999999996
881.0,0.38699999999999996
882.0,0.42999999999999994
883.0,0.38699999999999996
884.0,0.38699999999999996
885.0,0.38699999999999996
886.0,0.38699999999999996
887.0,0.38699999999999996
888.0,0.38699999999999996
889.0,0.38699999999999996
890.0,0.38699999999999996
891.0,0.38699999999999996
892.0,0.42999999999999994
893.0,0.38699999999999996
894.0,0.38699999999999996
895.0,0.38699999999999996
896.0,0.38699999999999996
897.0,0.38699999999999996
898.0,0.38699999999999996
899.0,0.38699999999999996
900.0,0.38699999999999996
901.0,0.38699999999999996
902.0,0.38699999999999996
903.0,0.38699999999999996
904.0,0.38699999999999996
905.0,0.38699999999999996
906.0,0.42999999999999994
907.0,0.42999999999999994
908.0,0.38699999999999996
909.0,0.38699999999999996
910.0,0.42999999999999994
911.0,0.38699999999999996
912.0,0.38699999999999996
913.0,0.38699999999999996
914.0,0.42999999999999994
915.0,0.38699999999999996
916.0,0.38699999999999996
917.0,0.38699999999999996
918.0,0.38699999999999996
919.0,0.38699999999999996
920.0,0.38699999999999996
921.0,0.38699999999999996
922.0,0.38699999999999996
923.0,0.38699999999999996
924.0,0.38699999999999996
925.0,0.38699999999999996
926.0,0.38699999999999996
927.0,0.38699999999999996
928.0,0.38699999999999996
929.0,0.38699999999999996
930.0,0.38699999999999996
931.0,0.38699999999999996
932.0,0.38699999999999996
933.0,0.38699999999999996
934.0,0.38699999999999996
935.0,0.38699999999999996
936.0,0.38699999999999996
937.0,0.38699999999999996
938.0,0.38699999999999996
939.0,0.38699999999999996
940.0,0.38699999999999996
941.0,0.38699999999999996
942.0,0.38699999999999996
943.0,0.38699999999999996
944.0,0.38699999999999996
945.0,0.38699999999999996
946.0,0.38699999999999996
947.0,0.38699999999999996
948.0,0.42999999999999994
949.0,0.38699999999999996
950.0,0.38699999999999996
951.0,0.38699999999999996
952.0,0.38699999999999996
953.0,0.38699999999999996
954.0,0.38699999999999996
955.0,0.38699999999999996
956.0,0.38699999999999996
957.0,0.38699999999999996
958.0,0.38699999999999996
959.0,0.38699999999999996
960.0,0.38699999999999996
961.0,0.38699999999999996
962.0,0.38699999999999996
963.0,0.38699999999999996
964.0,0.38699999999999996
965.0,0.38699999999999996
966.0,0.38699999999999996
967.0,0.38699999999999996
968.0,0.38699999999999996
969.0,0.38699999999999996
970.0,0.38699999999999996
971.0,0.38699999999999996
972.0,0.38699999999999996
973.0,0.38699999999999996
974.0,0.42999999999999994
975.0,0.38699999999999996
976.0,0.38699999999999996
977.0,0.38699999999999996
978.0,0.38699999999999996
979.0,0.38699999999999996
980.0,0.38699999999999996
981.0,0.38699999999999996
982.0,0.38699999999999996
983.0,0.38699999999999996
984.0,0.38699999999999996
985.0,0.38699999999999996
986.0,0.38699999999999996
987.0,0.42999999999999994
988.0,0.42999999999999994
989.0,0.38699999999999996
990.0,0.38699999999999996
991.0,0.38699999999999996
992.0,0.38699999999999996
993.0,0.38699999999999996
994.0,0.38699999999999996
995.0,0.38699999999999996
996.0,0.38699999999999996
997.0,0.42999999999999994
998.0,0.38699999999999996
999.0,0.38699999999999996
1000.0,0.38699999999999996
1001.0,0.38699999999999996
1002.0,0.38699999999999996
1003.0,0.38699999999999996
1004.0,0.38699999999999996
1005.0,0.38699999999999996
1006.0,0.38699999999999996
1007.0,0.42999999999999994
1008.0,0.38699999999999996
1009.0,0.38699999999999996
1010.0,0.38699999999999996
1011.0,0.38699999999999996
1012.0,0.38699999999999996
1013.0,0.38699999999999996
1014.0,0.38699999999999996
1015.0,0.38699999999999996
1016.0,0.38699999999999996
1017.0,0.38699999999999996
1018.0,0.38699999999999996
1019.0,0.38699999999999996
1020.0,0.38699999999999996
1021.0,0.38699999999999996
1022.0,0.38699999999999996
1023.0,0.38699999999999996
1024.0,0.38699999999999996
1025.0,0.38699999999999996
1026.0,0.38699999999999996
1027.0,0.38699999999999996
1028.0,0.344
1029.0,0.38699999999999996
1030.0,0.38699999999999996
1031.0,0.38699999999999996
1032.0,0.38699999999999996
1033.0,0.38699999999999996
1034.0,0.38699999999999996
1035.0,0.38699999999999996
1036.0,0.38699999999999996
1037.0,0.38699999999999996
1038.0,0.38699999999999996
1039.0,0.38699999999999996
1040.0,0.42999999999999994
1041.0,0.38699999999999996
1042.0,0.38699999999999996
1043.0,0.38699999999999996
1044.0,0.38699999999999996
1045.0,0.38699999999999996
1046.0,0.38699999999999996
1047.0,0.38699999999999996
1048.0,0.38699999999999996
1049.0,0.38699999999999996
1050.0,0.38699999999999996
1051.0,0.38699999999999996
1052.0,0.38699999999999996
1053.0,0.38699999999999996
1054.0,0.38699999999999996
1055.0,0.38699999999999996
1056.0,0.38699999999999996
1057.0,0.38699999999999996
1058.0,0.38699999999999996
1059.0,0.38699999999999996
1060.0,0.38699999999999996
1061.0,0.38699999999999996
1062.0,0.38699999999999996
1063.0,0.38699999999999996
1064.0,0.38699999999999996
1065.0,0.38699999999999996
1066.0,0.38699999999999996
1067.0,0.38699999999999996
1068.0,0.38699999999999996
1069.0,0.38699999999999996
1070.0,0.38699999999999996
1071.0,0.38699999999999996
1072.0,0.38699999999999996
1073.0,0.38699999999999996
1074.0,0.38699999999999996
1075.0,0.38699999999999996
1076.0,0.38699999999999996
1077.0,0.38699999999999996
1078.0,0.38699999999999996
1079.0,0.38699999999999996
1080.0,0.38699999999999996
1081.0,0.38699999999999996
1082.0,0.38699999999999996
1083.0,0.38699999999999996
1084.0,0.38699999999999996
1085.0,0.38699999999999996
1086.0,0.38699999999999996
1087.0,0.38699999999999996
1088.0,0.38699999999999996
1089.0,0.38699999999999996
1090.0,0.38699999999999996
1091.0,0.38699999999999996
1092.0,0.38699999999999996
1093.0,0.38699999999999996
1094.0,0.38699999999999996
1095.0,0.42999999999999994
1096.0,0.38699999999999996
1097.0,0.38699999999999996
1098.0,0.38699999999999996
1099.0,0.38699999999999996
1100.0,0.38699999999999996
1101.0,0.38699999999999996
1102.0,0.38699999999999996
1103.0,0.38699999999999996
1104.0,0.38699999999999996
1105.0,0.42999999999999994
1106.0,0.38699999999999996
1107.0,0.38699999999999996
1108.0,0.38699999999999996
1109.0,0.38699999999999996
1110.0,0.38699999999999996
1111.0,0.38699999999999996
1112.0,0.38699999999999996
1113.0,0.38699999999999996
1114.0,0.38699999999999996
1115.0,0.38699999999999996
1116.0,0.38699999999999996
1117.0,0.38699999999999996
1118.0,0.38699999999999996
1119.0,0.38699999999999996
1120.0,0.38699999999999996
1121.0,0.344
1122.0,0.38699999999999996
1123.0,0.38699999999999996
1124.0,0.38699999999999996
1125.0,0.38699999999999996
1126.0,0.344
1127.0,0.38699999999999996
1128.0,0.38699999999999996
1129.0,0.38699999999999996
1130.0,0.38699999999999996
1131.0,0.38699999999999996
1132.0,0.38699999999999996
1133.0,0.38699999999999996
1134.0,0.38699999999999996
1135.0,0.38699999999999996
1136.0,0.38699999999999996
1137.0,0.42999999999999994
1138.0,0.38699999999999996
1139.0,0.38699999999999996
1140.0,0.38699999999999996
1141.0,0.38699999999999996
1142.0,0.38699999999999996
1143.0,0.38699999999999996
1144.0,0.38699999999999996
1145.0,0.344
1146.0,0.38699999999999996
1147.0,0.38699999999999996
1148.0,0.38699999999999996
1149.0,0.38699999999999996
1150.0,0.38699999999999996
1151.0,0.38699999999999996
1152.0,0.38699999999999996
1153.0,0.38699999999999996
1154.0,0.38699999999999996
1155.0,0.38699999999999996
1156.0,0.38699999999999996
1157.0,0.344
1158.0,0.38699999999999996
1159.0,0.38699999999999996
1160.0,0.38699999999999996
1161.0,0.38699999999999996
1162.0,0.38699999999999996
1163.0,0.38699999999999996
1164.0,0.38699999999999996
1165.0,0.38699999999999996
1166.0,0.38699999999999996
1167.0,0.38699999999999996
1168.0,0.38699999999999996
1169.0,0.38699999999999996
1170.0,0.38699999999999996
1171.0,0.38699999999999996
1172.0,0.38699999999999996
1173.0,0.38699999999999996
1174.0,0.38699999999999996
1175.0,0.38699999999999996
1176.0,0.38699999999999996
1177.0,0.38699999999999996
1178.0,0.38699999999999996
1179.0,0.38699999999999996
1180.0,0.38699999999999996
1181.0,0.38699999999999996
1182.0,0.38699999999999996
1183.0,0.38699999999999996
1184.0,0.38699999999999996
1185.0,0.38699999999999996
1186.0,0.38699999999999996
1187.0,0.42999999999999994
1188.0,0.38699999999999996
1189.0,0.38699999999999996
1190.0,0.38699999999999996
1191.0,0.38699999999999996
1192.0,0.38699999999999996
1193.0,0.344
1194.0,0.38699999999999996
1195.0,0.38699999999999996
1196.0,0.38699999999999996
1197.0,0.38699999999999996
1198.0,0.38699999999999996
1199.0,0.38699999999999996
1200.0,0.38699999999999996
1201.0,0.38699999999999996
1202.0,0.38699999999999996
1203.0,0.38699999999999996
1204.0,0.42999999999999994
1205.0,0.38699999999999996
1206.0,0.38699999999999996
1207.0,0.38699999999999996
1208.0,0.344
1209.0,0.38699999999999996
1210.0,0.38699999999999996
1211.0,0.38699999999999996
1212.0,0.38699999999999996
1213.0,0.38699999999999996
1214.0,0.38699999999999996
1215.0,0.38699999999999996
1216.0,0.38699999999999996
1217.0,0.38699999999999996
1218.0,0.38699999999999996
1219.0,0.38699999999999996
1220.0,0.38699999999999996
1221.0,0.38699999999999996
1222.0,0.38699999999999996
1223.0,0.38699999999999996
1224.0,0.38699999999999996
1225.0,0.38699999999999996
1226.0,0.38699999999999996
1227.0,0.38699999999999996
1228.0,0.38699999999999996
1229.0,0.38699999999999996
1230.0,0.38699999999999996
1231.0,0.38699999999999996
1232.0,0.38699999999999996
1233.0,0.38699999999999996
1234.0,0.38699999999999996
1235.0,0.38699999999999996
1236.0,0.38699999999999996
1237.0,0.38699999999999996
1238.0,0.42999999999999994
1239.0,0.38699999999999996
1240.0,0.38699999999999996
1241.0,0.38699999999999996
1242.0,0.38699999999999996
1243.0,0.38699999999999996
1244.0,0.38699999999999996
1245.0,0.38699999999999996
1246.0,0.38699999999999996
1247.0,0.38699999999999996
1248.0,0.38699999999999996
1249.0,0.38699999999999996
1250.0,0.38699999999999996
1251.0,0.38699999999999996
1252.0,0.38699999999999996
1253.0,0.38699999999999996
1254.0,0.344
1255.0,0.38699999999999996
1256.0,0.38699999999999996
1257.0,0.38699999999999996
1258.0,0.38699999999999996
1259.0,0.38699999999999996
1260.0,0.38699999999999996
1261.0,0.38699999999999996
1262.0,0.38699999999999996
1263.0,0.42999999999999994
1264.0,0.42999999999999994
1265.0,0.344
1266.0,0.38699999999999996
1267.0,0.344
1268.0,0.38699999999999996
1269.0,0.38699999999999996
1270.0,0.38699999999999996
1271.0,0.38699999999999996
1272.0,0.38699999999999996
1273.0,0.38699999999999996
1274.0,0.38699999999999996
1275.0,0.38699999999999996
1276.0,0.38699999999999996
1277.0,0.344
1278.0,0.38699999999999996
1279.0,0.38699999999999996
1280.0,0.38699999999999996
1281.0,0.38699999999999996
1282.0,0.38699999999999996
1283.0,0.38699999999999996
1284.0,0.38699999999999996
1285.0,0.38699999999999996
1286.0,0.38699999999999996
1287.0,0.38699999999999996
1288.0,0.38699999999999996
1289.0,0.38699999999999996
1290.0,0.38699999999999996
1291.0,0.38699999999999996
1292.0,0.38699999999999996
1293.0,0.38699999999999996
1294.0,0.38699999999999996
1295.0,0.38699999999999996
1296.0,0.38699999999999996
1297.0,0.38699999999999996
1298.0,0.38699999999999996
1299.0,0.38699999999999996
1300.0,0.38699999999999996
1301.0,0.38699999999999996
1302.0,0.38699999999999996
1303.0,0.38699999999999996
1304.0,0.38699999999999996
1305.0,0.42999999999999994
1306.0,0.38699999999999996
1307.0,0.344
1308.0,0.38699999999999996
1309.0,0.344
1310.0,0.38699999999999996
1311.0,0.38699999999999996
1312.0,0.38699999999999996
1313.0,0.38699999999999996
1314.0,0.38699999999999996
1315.0,0.38699999999999996
1316.0,0.38699999999999996
1317.0,0.38699999999999996
1318.0,0.38699999999999996
1319.0,0.38699999999999996
1320.0,0.38699999999999996
1321.0,0.344
1322.0,0.38699999999999996
1323.0,0.38699999999999996
1324.0,0.38699999999999996
1325.0,0.38699999999999996
1326.0,0.38699999999999996
1327.0,0.38699999999999996
1328.0,0.38699999999999996
1329.0,0.38699999999999996
1330.0,0.38699999999999996
1331.0,0.38699999999999996
1332.0,0.38699999999999996
1333.0,0.38699999999999996
1334.0,0.38699999999999996
1335.0,0.38699999999999996
1336.0,0.38699999999999996
1337.0,0.38699999999999996
1338.0,0.38699999999999996
1339.0,0.38699999999999996
1340.0,0.38699999999999996
1341.0,0.38699999999999996
1342.0,0.38699999999999996
1343.0,0.38699999999999996
1344.0,0.38699999999999996
1345.0,0.38699999999999996
1346.0,0.38699999999999996
1347.0,0.38699999999999996
1348.0,0.38699999999999996
1349.0,0.38699999999999996
1350.0,0.38699999999999996
1351.0,0.38699999999999996
1352.0,0.38699999999999996
1353.0,0.38699999999999996
1354.0,0.38699999999999996
1355.0,0.42999999999999994
1356.0,0.38699999999999996
1357.0,0.38699999999999996
1358.0,0.38699999999999996
1359.0,0.38699999999999996
1360.0,0.38699999999999996
1361.0,0.38699999999999996
1362.0,0.38699999999999996
1363.0,0.38699999999999996
1364.0,0.38699999999999996
1365.0,0.38699999999999996
1366.0,0.38699999999999996
1367.0,0.38699999999999996
1368.0,0.38699999999999996
1369.0,0.38699999999999996
1370.0,0.38699999999999996
1371.0,0.38699999999999996
1372.0,0.38699999999999996
1373.0,0.38699999999999996
1374.0,0.38699999999999996
1375.0,0.38699999999999996
1376.0,0.38699999999999996
1377.0,0.38699999999999996
1378.0,0.38699999999999996
1379.0,0.38699999999999996
1380.0,0.38699999999999996
1381.0,0.38699999999999996
1382.0,0.38699999999999996
1383.0,0.38699999999999996
1384.0,0.38699999999999996
1385.0,0.38699999999999996
1386.0,0.38699999999999996
1387.0,0.38699999999999996
1388.0,0.38699999999999996
1389.0,0.38699999999999996
1390.0,0.38699999999999996
1391.0,0.38699999999999996
1392.0,0.38699999999999996
1393.0,0.38699999999999996
1394.0,0.38699999999999996
1395.0,0.38699999999999996
1396.0,0.38699999999999996
1397.0,0.38699999999999996
1398.0,0.38699999999999996
1399.0,0.38699999999999996
1400.0,0.38699999999999996
1401.0,0.38699999999999996
1402.0,0.38699999999999996
1403.0,0.38699999999999996
1404.0,0.38699999999999996
1405.0,0.38699999999999996
1406.0,0.38699999999999996
1407.0,0.38699999999999996
1408.0,0.38699999999999996
1409.0,0.38699999999999996
1410.0,0.38699999999999996
1411.0,0.38699999999999996
1412.0,0.38699999999999996
1413.0,0.38699999999999996
1414.0,0.38699999999999996
1415.0,0.38699999999999996
1416.0,0.38699999999999996
1417.0,0.38699999999999996
1418.0,0.38699999999999996
1419.0,0.38699999999999996
1420.0,0.38699999999999996
1421.0,0.38699999999999996
1422.0,0.38699999999999996
1423.0,0.38699999999999996
1424.0,0.38699999999999996
1425.0,0.38699999999999996
1426.0,0.38699999999999996
1427.0,0.38699999999999996
1428.0,0.38699999999999996
1429.0,0.38699999999999996
1430.0,0.38699999999999996
1431.0,0.38699999999999996
1432.0,0.38699999999999996
1433.0,0.38699999999999996
1434.0,0.38699999999999996
1435.0,0.38699999999999996
1436.0,0.38699999999999996
1437.0,0.38699999999999996
1438.0,0.38699999999999996
1439.0,0.38699999999999996
1440.0,0.38699999999999996
1441.0,0.38699999999999996
1442.0,0.38699999999999996
1443.0,0.38699999999999996
1444.0,0.38699999999999996
1445.0,0.38699999999999996
1446.0,0.38699999999999996
1447.0,0.38699999999999996
1448.0,0.38699999999999996
1449.0,0.38699999999999996
1450.0,0.38699999999999996
1451.0,0.38699999999999996
1452.0,0.38699999999999996
1453.0,0.38699999999999996
1454.0,0.38699999999999996
1455.0,0.38699999999999996
1456.0,0.38699999999999996
1457.0,0.38699999999999996
1458.0,0.38699999999999996
1459.0,0.38699999999999996
1460.0,0.344
1461.0,0.38699999999999996
1462.0,0.38699999999999996
1463.0,0.38699999999999996
1464.0,0.38699999999999996
1465.0,0.38699999999999996
1466.0,0.38699999999999996
1467.0,0.38699999999999996
1468.0,0.344
1469.0,0.344
1470.0,0.38699999999999996
1471.0,0.38699999999999996
1472.0,0.38699999999999996
1473.0,0.38699999999999996
1474.0,0.344
1475.0,0.38699999999999996
1476.0,0.344
1477.0,0.38699999999999996
1478.0,0.344
1479.0,0.344
1480.0,0.38699999999999996
1481.0,0.38699999999999996
1482.0,0.38699999999999996
1483.0,0.38699999999999996
1484.0,0.38699999999999996
1485.0,0.38699999999999996
1486.0,0.38699999999999996
1487.0,0.38699999999999996
1488.0,0.38699999999999996
1489.0,0.38699999999999996
1490.0,0.38699999999999996
1491.0,0.38699999999999996
1492.0,0.38699999999999996
1493.0,0.38699999999999996
1494.0,0.38699999999999996
1495.0,0.38699999999999996
1496.0,0.38699999999999996
1497.0,0.38699999999999996
1498.0,0.38699999999999996
1499.0,0.344
1500.0,0.38699999999999996
1501.0,0.344
1502.0,0.38699999999999996
1503.0,0.38699999999999996
1504.0,0.38699999999999996
1505.0,0.38699999999999996
1506.0,0.38699999999999996
1507.0,0.38699999999999996
1508.0,0.38699999999999996
1509.0,0.38699999999999996
1510.0,0.344
1511.0,0.38699999999999996
1512.0,0.38699999999999996
1513.0,0.38699999999999996
1514.0,0.38699999999999996
1515.0,0.38699999999999996
1516.0,0.344
1517.0,0.38699999999999996
1518.0,0.38699999999999996
1519.0,0.38699999999999996
1520.0,0.38699999999999996
1521.0,0.38699999999999996
1522.0,0.38699999999999996
1523.0,0.38699999999999996
1524.0,0.38699999999999996
1525.0,0.38699999999999996
1526.0,0.38699999999999996
1527.0,0.38699999999999996
1528.0,0.38699999999999996
1529.0,0.38699999999999996
1530.0,0.38699999999999996
1531.0,0.38699999999999996
1532.0,0.38699999999999996
1533.0,0.38699999999999996
1534.0,0.38699999999999996
1535.0,0.38699999999999996
1536.0,0.38699999999999996
1537.0,0.38699999999999996
1538.0,0.38699999999999996
1539.0,0.344
1540.0,0.38699999999999996
1541.0,0.38699999999999996
1542.0,0.38699999999999996
1543.0,0.38699999999999996
1544.0,0.38699999999999996
1545.0,0.38699999999999996
1546.0,0.42999999999999994
1547.0,0.38699999999999996
1548.0,0.38699999999999996
1549.0,0.38699999999999996
1550.0,0.38699999999999996
1551.0,0.344
1552.0,0.38699999999999996
1553.0,0.38699999999999996
1554.0,0.38699999999999996
1555.0,0.38699999999999996
1556.0,0.38699999999999996
1557.0,0.38699999999999996
1558.0,0.38699999999999996
1559.0,0.38699999999999996
1560.0,0.38699999999999996
1561.0,0.38699999999999996
1562.0,0.38699999999999996
1563.0,0.38699999999999996
1564.0,0.38699999999999996
1565.0,0.38699999999999996
1566.0,0.38699999999999996
1567.0,0.344
1568.0,0.38699999999999996
1569.0,0.38699999999999996
1570.0,0.38699999999999996
1571.0,0.38699999999999996
1572.0,0.38699999999999996
1573.0,0.38699999999999996
1574.0,0.38699999999999996
1575.0,0.38699999999999996
1576.0,0.344
1577.0,0.38699999999999996
1578.0,0.38699999999999996
1579.0,0.38699999999999996
1580.0,0.38699999999999996
1581.0,0.38699999999999996
1582.0,0.38699999999999996
1583.0,0.344
1584.0,0.344
1585.0,0.344
1586.0,0.38699999999999996
1587.0,0.38699999999999996
1588.0,0.38699999999999996
1589.0,0.38699999999999996
1590.0,0.38699999999999996
1591.0,0.38699999999999996
1592.0,0.38699999999999996
1593.0,0.38699999999999996
1594.0,0.38699999999999996
1595.0,0.38699999999999996
1596.0,0.38699999999999996
1597.0,0.38699999999999996
1598.0,0.38699999999999996
1599.0,0.38699999999999996
1600.0,0.38699999999999996
1601.0,0.38699999999999996
1602.0,0.38699999999999996
1603.0,0.38699999999999996
1604.0,0.38699999999999996
1605.0,0.38699999999999996
1606.0,0.38699999999999996
1607.0,0.38699999999999996
1608.0,0.38699999999999996
1609.0,0.38699999999999996
1610.0,0.38699999999999996
1611.0,0.38699999999999996
1612.0,0.38699999999999996
1613.0,0.38699999999999996
1614.0,0.38699999999999996
1615.0,0.38699999999999996
1616.0,0.38699999999999996
1617.0,0.38699999999999996
1618.0,0.38699999999999996
1619.0,0.344
1620.0,0.38699999999999996
1621.0,0.38699999999999996
1622.0,0.38699999999999996
1623.0,0.38699999999999996
1624.0,0.38699999999999996
1625.0,0.344
1626.0,0.38699999999999996
1627.0,0.344
1628.0,0.38699999999999996
1629.0,0.38699999999999996
1630.0,0.38699999999999996
1631.0,0.38699999999999996
1632.0,0.38699999999999996
1633.0,0.38699999999999996
1634.0,0.38699999999999996
1635.0,0.38699999999999996
1636.0,0.38699999999999996
1637.0,0.38699999999999996
1638.0,0.38699999999999996
1639.0,0.38699999999999996
1640.0,0.38699999999999996
1641.0,0.38699999999999996
1642.0,0.38699999999999996
1643.0,0.38699999999999996
1644.0,0.38699999999999996
1645.0,0.38699999999999996
1646.0,0.38699999999999996
1647.0,0.38699999999999996
1648.0,0.38699999999999996
1649.0,0.344
1650.0,0.38699999999999996
1651.0,0.344
1652.0,0.344
1653.0,0.38699999999999996
1654.0,0.38699999999999996
1655.0,0.38699999999999996
1656.0,0.38699999999999996
1657.0,0.344
1658.0,0.38699999999999996
1659.0,0.38699999999999996
1660.0,0.344
1661.0,0.344
1662.0,0.38699999999999996
1663.0,0.344
1664.0,0.38699999999999996
1665.0,0.344
1666.0,0.38699999999999996
1667.0,0.38699999999999996
1668.0,0.38699999999999996
1669.0,0.38699999999999996
1670.0,0.38699999999999996
1671.0,0.38699999999999996
1672.0,0.38699999999999996
1673.0,0.38699999999999996
1674.0,0.38699999999999996
1675.0,0.38699999999999996
1676.0,0.38699999999999996
1677.0,0.38699999999999996
1678.0,0.38699999999999996
1679.0,0.38699999999999996
1680.0,0.38699999999999996
1681.0,0.38699999999999996
1682.0,0.38699999999999996
1683.0,0.38699999999999996
1684.0,0.38699999999999996
1685.0,0.38699999999999996
1686.0,0.38699999999999996
1687.0,0.38699999999999996
1688.0,0.38699999999999996
1689.0,0.38699999999999996
1690.0,0.38699999999999996
1691.0,0.38699999999999996
1692.0,0.38699999999999996
1693.0,0.38699999999999996
1694.0,0.38699999999999996
1695.0,0.38699999999999996
1696.0,0.38699999999999996
1697.0,0.38699999999999996
1698.0,0.38699999999999996
1699.0,0.344
1700.0,0.344
1701.0,0.344
1702.0,0.344
1703.0,0.38699999999999996
1704.0,0.344
1705.0,0.38699999999999996
1706.0,0.38699999999999996
1707.0,0.38699999999999996
1708.0,0.38699999999999996
1709.0,0.38699999999999996
1710.0,0.38699999999999996
1711.0,0.38699999999999996
1712.0,0.38699999999999996
1713.0,0.38699999999999996
1714.0,0.38699999999999996
1715.0,0.38699999999999996
1716.0,0.38699999999999996
1717.0,0.344
1718.0,0.38699999999999996
1719.0,0.38699999999999996
1720.0,0.38699999999999996
1721.0,0.38699999999999996
1722.0,0.38699999999999996
1723.0,0.38699999999999996
1724.0,0.38699999999999996
1725.0,0.38699999999999996
1726.0,0.38699999999999996
1727.0,0.344
1728.0,0.38699999999999996
1729.0,0.344
1730.0,0.38699999999999996
1731.0,0.344
1732.0,0.38699999999999996
1733.0,0.38699999999999996
1734.0,0.38699999999999996
1735.0,0.344
1736.0,0.38699999999999996
1737.0,0.38699999999999996
1738.0,0.38699999999999996
1739.0,0.344
1740.0,0.38699999999999996
1741.0,0.38699999999999996
1742.0,0.38699999999999996
1743.0,0.344
1744.0,0.38699999999999996
1745.0,0.38699999999999996
1746.0,0.38699999999999996
1747.0,0.38699999999999996
1748.0,0.38699999999999996
1749.0,0.38699999999999996
1750.0,0.38699999999999996
1751.0,0.38699999999999996
1752.0,0.38699999999999996
1753.0,0.38699999999999996
1754.0,0.38699999999999996
1755.0,0.38699999999999996
1756.0,0.38699999999999996
1757.0,0.38699999999999996
1758.0,0.38699999999999996
1759.0,0.38699999999999996
1760.0,0.38699999999999996
1761.0,0.38699999999999996
1762.0,0.38699999999999996
1763.0,0.38699999999999996
1764.0,0.38699999999999996
1765.0,0.38699999999999996
1766.0,0.38699999999999996
1767.0,0.38699999999999996
1768.0,0.38699999999999996
1769.0,0.38699999999999996
1770.0,0.38699999999999996
1771.0,0.38699999999999996
1772.0,0.38699999999999996
1773.0,0.38699999999999996
1774.0,0.38699999999999996
1775.0,0.38699999999999996
1776.0,0.38699999999999996
1777.0,0.38699999999999996
1778.0,0.38699999999999996
1779.0,0.38699999999999996
1780.0,0.38699999999999996
1781.0,0.38699999999999996
1782.0,0.38699999999999996
1783.0,0.38699999999999996
1784.0,0.38699999999999996
1785.0,0.38699999999999996
1786.0,0.38699999999999996
1787.0,0.38699999999999996
1788.0,0.38699999999999996
1789.0,0.38699999999999996
1790.0,0.38699999999999996
1791.0,0.38699999999999996
1792.0,0.38699999999999996
1793.0,0.38699999999999996
1794.0,0.38699999999999996
1795.0,0.38699999999999996
1796.0,0.38699999999999996
1797.0,0.38699999999999996
1798.0,0.38699999999999996
1799.0,0.38699999999999996
1800.0,0.38699999999999996
1801.0,0.38699999999999996
1802.0,0.38699999999999996
1803.0,0.38699999999999996
1804.0,0.38699999999999996
1805.0,0.38699999999999996
1806.0,0.38699999999999996
1807.0,0.344
1808.0,0.38699999999999996
1809.0,0.38699999999999996
1810.0,0.38699999999999996
1811.0,0.344
1812.0,0.38699999999999996
1813.0,0.344
1814.0,0.344
1815.0,0.38699999999999996
1816.0,0.38699999999999996
1817.0,0.344
1818.0,0.38699999999999996
1819.0,0.38699999999999996
1820.0,0.38699999999999996
1821.0,0.344
1822.0,0.38699999999999996
1823.0,0.38699999999999996
1824.0,0.38699999999999996
1825.0,0.38699999999999996
1826.0,0.38699999999999996
1827.0,0.38699999999999996
1828.0,0.38699999999999996
1829.0,0.38699999999999996
1830.0,0.38699999999999996
1831.0,0.38699999999999996
1832.0,0.38699999999999996
1833.0,0.38699999999999996
1834.0,0.38699999999999996
1835.0,0.38699999999999996
1836.0,0.38699999999999996
1837.0,0.38699999999999996
1838.0,0.344
1839.0,0.344
1840.0,0.38699999999999996
1841.0,0.38699999999999996
1842.0,0.38699999999999996
1843.0,0.38699999999999996
1844.0,0.38699999999999996
1845.0,0.38699999999999996
1846.0,0.38699999999999996
1847.0,0.344
1848.0,0.38699999999999996
1849.0,0.344
1850.0,0.38699999999999996
1851.0,0.344
1852.0,0.344
1853.0,0.38699999999999996
1854.0,0.38699999999999996
1855.0,0.38699999999999996
1856.0,0.38699999999999996
1857.0,0.38699999999999996
1858.0,0.38699999999999996
1859.0,0.38699999999999996
1860.0,0.38699999999999996
1861.0,0.38699999999999996
1862.0,0.38699999999999996
1863.0,0.38699999999999996
1864.0,0.38699999999999996
1865.0,0.38699999999999996
1866.0,0.38699999999999996
1867.0,0.38699999999999996
1868.0,0.38699999999999996
1869.0,0.38699999999999996
1870.0,0.38699999999999996
1871.0,0.38699999999999996
1872.0,0.38699999999999996
1873.0,0.344
1874.0,0.38699999999999996
1875.0,0.38699999999999996
1876.0,0.38699999999999996
1877.0,0.38699999999999996
1878.0,0.344
1879.0,0.38699999999999996
1880.0,0.344
1881.0,0.38699999999999996
1882.0,0.38699999999999996
1883.0,0.38699999999999996
1884.0,0.38699999999999996
1885.0,0.38699999999999996
1886.0,0.38699999999999996
1887.0,0.344
1888.0,0.38699999999999996
1889.0,0.344
1890.0,0.38699999999999996
1891.0,0.38699999999999996
1892.0,0.38699999999999996
1893.0,0.344
1894.0,0.38699999999999996
1895.0,0.38699999999999996
1896.0,0.38699999999999996
1897.0,0.38699999999999996
1898.0,0.38699999999999996
1899.0,0.38699999999999996
1900.0,0.38699999999999996
1901.0,0.38699999999999996
1902.0,0.38699999999999996
1903.0,0.38699999999999996
1904.0,0.38699999999999996
1905.0,0.38699999999999996
1906.0,0.38699999999999996
1907.0,0.38699999999999996
1908.0,0.38699999999999996
1909.0,0.344
1910.0,0.38699999999999996
1911.0,0.344
1912.0,0.38699999999999996
1913.0,0.38699999999999996
1914.0,0.38699999999999996
1915.0,0.38699999999999996
1916.0,0.38699999999999996
1917.0,0.344
1918.0,0.344
1919.0,0.38699999999999996
1920.0,0.38699999999999996
1921.0,0.344
1922.0,0.38699999999999996
1923.0,0.344
1924.0,0.38699999999999996
1925.0,0.38699999999999996
1926.0,0.38699999999999996
1927.0,0.38699999999999996
1928.0,0.38699999999999996
1929.0,0.38699999999999996
1930.0,0.38699999999999996
1931.0,0.38699999999999996
1932.0,0.38699999999999996
1933.0,0.38699999999999996
1934.0,0.38699999999999996
1935.0,0.38699999999999996
1936.0,0.38699999999999996
1937.0,0.38699999999999996
1938.0,0.38699999999999996
1939.0,0.38699999999999996
1940.0,0.38699999999999996
1941.0,0.38699999999999996
1942.0,0.38699999999999996
1943.0,0.38699999999999996
1944.0,0.38699999999999996
1945.0,0.38699999999999996
1946.0,0.38699999999999996
1947.0,0.38699999999999996
1948.0,0.38699999999999996
1949.0,0.38699999999999996
1950.0,0.38699999999999996
1951.0,0.38699999999999996
1952.0,0.38699999999999996
1953.0,0.38699999999999996
1954.0,0.38699999999999996
1955.0,0.38699999999999996
1956.0,0.38699999999999996
1957.0,0.38699999999999996
1958.0,0.344
1959.0,0.38699999999999996
1960.0,0.38699999999999996
1961.0,0.38699999999999996
1962.0,0.38699999999999996
1963.0,0.344
1964.0,0.38699999999999996
1965.0,0.344
1966.0,0.38699999999999996
1967.0,0.38699999999999996
1968.0,0.38699999999999996
1969.0,0.38699999999999996
1970.0,0.38699999999999996
1971.0,0.38699999999999996
1972.0,0.38699999999999996
1973.0,0.38699999999999996
1974.0,0.38699999999999996
1975.0,0.38699999999999996
1976.0,0.38699999999999996
1977.0,0.38699999999999996
1978.0,0.38699999999999996
1979.0,0.38699999999999996
1980.0,0.38699999999999996
1981.0,0.344
1982.0,0.38699999999999996
1983.0,0.38699999999999996
1984.0,0.38699999999999996
1985.0,0.38699999999999996
1986.0,0.38699999999999996
1987.0,0.344
1988.0,0.38699999999999996
1989.0,0.38699999999999996
1990.0,0.38699999999999996
1991.0,0.38699999999999996
1992.0,0.38699999999999996
1993.0,0.344
1994.0,0.38699999999999996
1995.0,0.344
1996.0,0.38699999999999996
1997.0,0.344
1998.0,0.38699999999999996
1999.0,0.344
2000.0,0.344
2001.0,0.38699999999999996
2002.0,0.38699999999999996
2003.0,0.38699999999999996
2004.0,0.38699999999999996
2005.0,0.344
2006.0,0.38699999999999996
2007.0,0.38699999999999996
2008.0,0.38699999999999996
2009.0,0.344
2010.0,0.38699999999999996
2011.0,0.38699999999999996
2012.0,0.38699999999999996
2013.0,0.38699999999999996
2014.0,0.38699999999999996
2015.0,0.38699999999999996
2016.0,0.38699999999999996
2017.0,0.38699999999999996
2018.0,0.38699999999999996
2019.0,0.38699999999999996
2020.0,0.38699999999999996
2021.0,0.344
2022.0,0.38699999999999996
2023.0,0.344
2024.0,0.38699999999999996
2025.0,0.344
2026.0,0.38699999999999996
2027.0,0.38699999999999996
2028.0,0.38699999999999996
2029.0,0.38699999999999996
2030.0,0.38699999999999996
2031.0,0.344
2032.0,0.344
2033.0,0.38699999999999996
2034.0,0.38699999999999996
2035.0,0.38699999999999996
2036.0,0.38699999999999996
2037.0,0.38699999999999996
2038.0,0.38699999999999996
2039.0,0.38699999999999996
2040.0,0.38699999999999996
2041.0,0.38699999999999996
2042.0,0.38699999999999996
2043.0,0.38699999999999996
2044.0,0.38699999999999996
2045.0,0.38699999999999996
2046.0,0.38699999999999996
2047.0,0.38699999999999996
2048.0,0.38699999999999996
2049.0,0.38699999999999996
2050.0,0.38699999999999996
2051.0,0.38699999999999996
2052.0,0.38699999999999996
2053.0,0.38699999999999996
2054.0,0.38699999999999996
2055.0,0.38699999999999996
2056.0,0.38699999999999996
2057.0,0.344
2058.0,0.38699999999999996
2059.0,0.38699999999999996
2060.0,0.344
2061.0,0.38699999999999996
2062.0,0.38699999999999996
2063.0,0.38699999999999996
2064.0,0.38699999999999996
2065.0,0.344
2066.0,0.344
2067.0,0.38699999999999996
2068.0,0.344
2069.0,0.344
2070.0,0.38699999999999996
2071.0,0.344
2072.0,0.38699999999999996
2073.0,0.38699999999999996
2074.0,0.38699999999999996
2075.0,0.344
2076.0,0.38699999999999996
2077.0,0.38699999999999996
2078.0,0.38699999999999996
2079.0,0.38699999999999996
2080.0,0.38699999999999996
2081.0,0.38699999999999996
2082.0,0.38699999999999996
2083.0,0.38699999999999996
2084.0,0.38699999999999996
2085.0,0.38699999999999996
2086.0,0.38699999999999996
2087.0,0.38699999999999996
2088.0,0.38699999999999996
2089.0,0.38699999999999996
2090.0,0.38699999999999996
2091.0,0.38699999999999996
2092.0,0.38699999999999996
2093.0,0.38699999999999996
2094.0,0.38699999999999996
2095.0,0.38699999999999996
2096.0,0.38699999999999996
2097.0,0.38699999999999996
2098.0,0.38699999999999996
2099.0,0.344
2100.0,0.38699999999999996
2101.0,0.344
2102.0,0.344
2103.0,0.344
2104.0,0.38699999999999996
2105.0,0.344
2106.0,0.38699999999999996
2107.0,0.344
2108.0,0.344
2109.0,0.344
2110.0,0.344
2111.0,0.38699999999999996
2112.0,0.38699999999999996
2113.0,0.38699999999999996
2114.0,0.38699999999999996
2115.0,0.38699999999999996
2116.0,0.38699999999999996
2117.0,0.344
2118.0,0.38699999999999996
2119.0,0.38699999999999996
2120.0,0.38699999999999996
2121.0,0.38699999999999996
2122.0,0.38699999999999996
2123.0,0.38699999999999996
2124.0,0.38699999999999996
2125.0,0.38699999999999996
2126.0,0.38699999999999996
2127.0,0.344
2128.0,0.38699999999999996
2129.0,0.38699999999999996
2130.0,0.38699999999999996
2131.0,0.38699999999999996
2132.0,0.38699999999999996
2133.0,0.38699999999999996
2134.0,0.38699999999999996
2135.0,0.344
2136.0,0.38699999999999996
2137.0,0.38699999999999996
2138.0,0.38699999999999996
2139.0,0.38699999999999996
2140.0,0.344
2141.0,0.38699999999999996
2142.0,0.38699999999999996
2143.0,0.344
2144.0,0.38699999999999996
2145.0,0.38699999999999996
2146.0,0.38699999999999996
2147.0,0.344
2148.0,0.38699999999999996
2149.0,0.344
2150.0,0.38699999999999996
2151.0,0.344
2152.0,0.38699999999999996
2153.0,0.38699999999999996
2154.0,0.38699999999999996
2155.0,0.38699999999999996
2156.0,0.38699999999999996
2157.0,0.38699999999999996
2158.0,0.38699999999999996
2159.0,0.38699999999999996
2160.0,0.38699999999999996
2161.0,0.38699999999999996
2162.0,0.38699999999999996
2163.0,0.38699999999999996
2164.0,0.38699999999999996
2165.0,0.38699999999999996
2166.0,0.38699999999999996
2167.0,0.38699999999999996
2168.0,0.38699999999999996
2169.0,0.38699999999999996
2170.0,0.38699999999999996
2171.0,0.38699999999999996
2172.0,0.38699999999999996
2173.0,0.38699999999999996
2174.0,0.38699999999999996
2175.0,0.344
2176.0,0.344
2177.0,0.344
2178.0,0.344
2179.0,0.344
2180.0,0.344
2181.0,0.344
2182.0,0.344
2183.0,0.344
2184.0,0.38699999999999996
2185.0,0.344
2186.0,0.344
2187.0,0.38699999999999996
2188.0,0.38699999999999996
2189.0,0.38699999999999996
2190.0,0.38699999999999996
2191.0,0.38699999999999996
2192.0,0.38699999999999996
2193.0,0.38699999999999996
2194.0,0.38699999999999996
2195.0,0.38699999999999996
2196.0,0.38699999999999996
2197.0,0.38699999999999996
2198.0,0.38699999999999996
2199.0,0.38699999999999996
2200.0,0.38699999999999996
2201.0,0.38699999999999996
2202.0,0.38699999999999996
2203.0,0.38699999999999996
2204.0,0.38699999999999996
2205.0,0.38699999999999996
2206.0,0.38699999999999996
2207.0,0.38699999999999996
2208.0,0.38699999999999996
2209.0,0.344
2210.0,0.344
2211.0,0.344
2212.0,0.38699999999999996
2213.0,0.38699999999999996
2214.0,0.344
2215.0,0.38699999999999996
2216.0,0.344
2217.0,0.344
2218.0,0.38699999999999996
2219.0,0.344
2220.0,0.38699999999999996
2221.0,0.38699999999999996
2222.0,0.38699999999999996
2223.0,0.38699999999999996
2224.0,0.38699999999999996
2225.0,0.38699999999999996
2226.0,0.344
2227.0,0.38699999999999996
2228.0,0.38699999999999996
2229.0,0.38699999999999996
2230.0,0.38699999999999996
2231.0,0.38699999999999996
2232.0,0.38699999999999996
2233.0,0.38699999999999996
2234.0,0.38699999999999996
2235.0,0.38699999999999996
2236.0,0.38699999999999996
2237.0,0.38699999999999996
2238.0,0.38699999999999996
2239.0,0.38699999999999996
2240.0,0.38699999999999996
2241.0,0.38699999999999996
2242.0,0.38699999999999996
2243.0,0.38699999999999996
2244.0,0.38699999999999996
2245.0,0.344
2246.0,0.38699999999999996
2247.0,0.344
2248.0,0.344
2249.0,0.38699999999999996
2250.0,0.344
2251.0,0.344
2252.0,0.344
2253.0,0.344
2254.0,0.38699999999999996
2255.0,0.344
2256.0,0.38699999999999996
2257.0,0.38699999999999996
2258.0,0.38699999999999996
2259.0,0.38699999999999996
2260.0,0.38699999999999996
2261.0,0.344
2262.0,0.38699999999999996
2263.0,0.38699999999999996
2264.0,0.38699999999999996
2265.0,0.38699999999999996
2266.0,0.38699999999999996
2267.0,0.38699999999999996
2268.0,0.38699999999999996
2269.0,0.38699999999999996
2270.0,0.38699999999999996
2271.0,0.38699999999999996
2272.0,0.38699999999999996
2273.0,0.38699999999999996
2274.0,0.38699999999999996
2275.0,0.38699999999999996
2276.0,0.38699999999999996
2277.0,0.38699999999999996
2278.0,0.38699999999999996
2279.0,0.38699999999999996
2280.0,0.38699999999999996
2281.0,0.38699999999999996
2282.0,0.38699999999999996
2283.0,0.38699999999999996
2284.0,0.38699999999999996
2285.0,0.344
2286.0,0.344
2287.0,0.38699999999999996
2288.0,0.344
2289.0,0.344
2290.0,0.344
2291.0,0.344
2292.0,0.38699999999999996
2293.0,0.344
2294.0,0.344
2295.0,0.344
2296.0,0.38699999999999996
2297.0,0.38699999999999996
2298.0,0.38699999999999996
2299.0,0.38699999999999996
2300.0,0.38699999999999996
2301.0,0.344
2302.0,0.38699999999999996
2303.0,0.344
2304.0,0.38699999999999996
2305.0,0.38699999999999996
2306.0,0.38699999999999996
2307.0,0.38699999999999996
2308.0,0.38699999999999996
2309.0,0.38699999999999996
2310.0,0.38699999999999996
2311.0,0.38699999999999996
2312.0,0.38699999999999996
2313.0,0.38699999999999996
2314.0,0.38699999999999996
2315.0,0.38699999999999996
2316.0,0.38699999999999996
2317.0,0.38699999999999996
2318.0,0.38699999999999996
2319.0,0.38699999999999996
2320.0,0.38699999999999996
2321.0,0.344
2322.0,0.344
2323.0,0.344
2324.0,0.38699999999999996
2325.0,0.344
2326.0,0.38699999999999996
2327.0,0.38699999999999996
2328.0,0.344
2329.0,0.344
2330.0,0.344
2331.0,0.344
2332.0,0.38699999999999996
2333.0,0.38699999999999996
2334.0,0.38699999999999996
2335.0,0.38699999999999996
2336.0,0.38699999999999996
2337.0,0.344
2338.0,0.38699999999999996
2339.0,0.38699999999999996
2340.0,0.38699999999999996
2341.0,0.38699999999999996
2342.0,0.38699999999999996
2343.0,0.38699999999999996
2344.0,0.38699999999999996
2345.0,0.38699999999999996
2346.0,0.38699999999999996
2347.0,0.38699999999999996
2348.0,0.38699999999999996
2349.0,0.38699999999999996
2350.0,0.38699999999999996
2351.0,0.38699999999999996
2352.0,0.38699999999999996
2353.0,0.38699999999999996
2354.0,0.38699999999999996
2355.0,0.38699999999999996
2356.0,0.38699999999999996
2357.0,0.38699999999999996
2358.0,0.38699999999999996
2359.0,0.38699999999999996
2360.0,0.344
2361.0,0.344
2362.0,0.344
2363.0,0.344
2364.0,0.344
2365.0,0.344
2366.0,0.38699999999999996
2367.0,0.38699999999999996
2368.0,0.344
2369.0,0.38699999999999996
2370.0,0.38699999999999996
2371.0,0.344
2372.0,0.38699999999999996
2373.0,0.38699999999999996
2374.0,0.38699999999999996
2375.0,0.38699999999999996
2376.0,0.38699999999999996
2377.0,0.38699999999999996
2378.0,0.38699999999999996
2379.0,0.38699999999999996
2380.0,0.38699999999999996
2381.0,0.38699999999999996
2382.0,0.38699999999999996
2383.0,0.38699999999999996
2384.0,0.38699999999999996
2385.0,0.38699999999999996
2386.0,0.38699999999999996
2387.0,0.38699999999999996
2388.0,0.38699999999999996
2389.0,0.38699999999999996
2390.0,0.38699999999999996
2391.0,0.38699999999999996
2392.0,0.38699999999999996
2393.0,0.38699999999999996
2394.0,0.38699999999999996
2395.0,0.344
2396.0,0.38699999999999996
2397.0,0.344
2398.0,0.38699999999999996
2399.0,0.38699999999999996
2400.0,0.38699999999999996
2401.0,0.38699999999999996
2402.0,0.38699999999999996
2403.0,0.344
2404.0,0.344
2405.0,0.344
2406.0,0.344
2407.0,0.38699999999999996
2408.0,0.38699999999999996
2409.0,0.38699999999999996
2410.0,0.38699999999999996
2411.0,0.344
2412.0,0.38699999999999996
2413.0,0.344
2414.0,0.38699999999999996
2415.0,0.38699999999999996
2416.0,0.38699999999999996
2417.0,0.38699999999999996
2418.0,0.38699999999999996
2419.0,0.344
2420.0,0.38699999999999996
2421.0,0.344
2422.0,0.38699999999999996
2423.0,0.38699999999999996
2424.0,0.38699999999999996
2425.0,0.38699999999999996
2426.0,0.38699999999999996
2427.0,0.38699999999999996
2428.0,0.38699999999999996
2429.0,0.38699999999999996
2430.0,0.38699999999999996
2431.0,0.344
2432.0,0.38699999999999996
2433.0,0.344
2434.0,0.38699999999999996
2435.0,0.38699999999999996
2436.0,0.38699999999999996
2437.0,0.344
2438.0,0.344
2439.0,0.344
2440.0,0.344
2441.0,0.38699999999999996
2442.0,0.38699999999999996
2443.0,0.38699999999999996
2444.0,0.38699999999999996
2445.0,0.38699999999999996
2446.0,0.38699999999999996
2447.0,0.344
2448.0,0.38699999999999996
2449.0,0.344
2450.0,0.38699999999999996
2451.0,0.38699999999999996
2452.0,0.38699999999999996
2453.0,0.38699999999999996
2454.0,0.38699999999999996
2455.0,0.38699999999999996
2456.0,0.38699999999999996
2457.0,0.344
2458.0,0.38699999999999996
2459.0,0.38699999999999996
2460.0,0.38699999999999996
2461.0,0.38699999999999996
2462.0,0.38699999999999996
2463.0,0.38699999999999996
2464.0,0.344
2465.0,0.38699999999999996
2466.0,0.38699999999999996
2467.0,0.38699999999999996
2468.0,0.38699999999999996
2469.0,0.344
2470.0,0.38699999999999996
2471.0,0.344
2472.0,0.344
2473.0,0.344
2474.0,0.38699999999999996
2475.0,0.344
2476.0,0.38699999999999996
2477.0,0.38699999999999996
2478.0,0.38699999999999996
2479.0,0.38699999999999996
2480.0,0.344
2481.0,0.344
2482.0,0.38699999999999996
2483.0,0.38699999999999996
2484.0,0.38699999999999996
2485.0,0.38699999999999996
2486.0,0.38699999999999996
2487.0,0.38699999999999996
2488.0,0.38699999999999996
2489.0,0.38699999999999996
2490.0,0.38699999999999996
2491.0,0.38699999999999996
2492.0,0.38699999999999996
2493.0,0.38699999999999996
2494.0,0.38699999999999996
2495.0,0.38699999999999996
2496.0,0.38699999999999996
2497.0,0.38699999999999996
2498.0,0.38699999999999996
2499.0,0.38699999999999996
2500.0,0.38699999999999996
2501.0,0.38699999999999996
2502.0,0.38699999999999996
2503.0,0.38699999999999996
2504.0,0.38699999999999996
2505.0,0.38699999999999996
2506.0,0.344
2507.0,0.344
2508.0,0.38699999999999996
2509.0,0.38699999999999996
2510.0,0.38699999999999996
2511.0,0.38699999999999996
2512.0,0.344
2513.0,0.344
2514.0,0.344
2515.0,0.344
2516.0,0.38699999999999996
2517.0,0.344
2518.0,0.38699999999999996
2519.0,0.38699999999999996
2520.0,0.38699999999999996
2521.0,0.344
2522.0,0.38699999999999996
2523.0,0.344
2524.0,0.38699999999999996
2525.0,0.38699999999999996
2526.0,0.38699999999999996
2527.0,0.38699999999999996
2528.0,0.38699999999999996
2529.0,0.38699999999999996
2530.0,0.38699999999999996
2531.0,0.38699999999999996
2532.0,0.38699999999999996
2533.0,0.38699999999999996
2534.0,0.38699999999999996
2535.0,0.38699999999999996
2536.0,0.38699999999999996
2537.0,0.38699999999999996
2538.0,0.38699999999999996
2539.0,0.38699999999999996
2540.0,0.38699999999999996
2541.0,0.344
2542.0,0.38699999999999996
2543.0,0.38699999999999996
2544.0,0.38699999999999996
2545.0,0.38699999999999996
2546.0,0.344
2547.0,0.38699999999999996
2548.0,0.344
2549.0,0.38699999999999996
2550.0,0.344
2551.0,0.344
2552.0,0.344
2553.0,0.344
2554.0,0.344
2555.0,0.344
2556.0,0.344
2557.0,0.344
2558.0,0.38699999999999996
2559.0,0.38699999999999996
2560.0,0.38699999999999996
2561.0,0.344
2562.0,0.38699999999999996
2563.0,0.38699999999999996
2564.0,0.38699999999999996
2565.0,0.38699999999999996
2566.0,0.38699999999999996
2567.0,0.38699999999999996
2568.0,0.38699999999999996
2569.0,0.38699999999999996
2570.0,0.38699999999999996
2571.0,0.38699999999999996
2572.0,0.38699999999999996
2573.0,0.38699999999999996
2574.0,0.344
2575.0,0.344
2576.0,0.38699999999999996
2577.0,0.38699999999999996
2578.0,0.344
2579.0,0.38699999999999996
2580.0,0.344
2581.0,0.38699999999999996
2582.0,0.344
2583.0,0.344
2584.0,0.344
2585.0,0.344
2586.0,0.344
2587.0,0.344
2588.0,0.344
2589.0,0.38699999999999996
2590.0,0.38699999999999996
2591.0,0.344
2592.0,0.344
2593.0,0.38699999999999996
2594.0,0.38699999999999996
2595.0,0.38699999999999996
2596.0,0.38699999999999996
2597.0,0.344
2598.0,0.344
2599.0,0.38699999999999996
2600.0,0.344
2601.0,0.38699999999999996
2602.0,0.38699999999999996
2603.0,0.38699999999999996
2604.0,0.38699999999999996
2605.0,0.38699999999999996
2606.0,0.38699999999999996
2607.0,0.38699999999999996
2608.0,0.38699999999999996
2609.0,0.38699999999999996
2610.0,0.38699999999999996
2611.0,0.38699999999999996
2612.0,0.38699999999999996
2613.0,0.38699999999999996
2614.0,0.38699999999999996
2615.0,0.38699999999999996
2616.0,0.38699999999999996
2617.0,0.38699999999999996
2618.0,0.38699999999999996
2619.0,0.38699999999999996
2620.0,0.38699999999999996
2621.0,0.38699999999999996
2622.0,0.344
2623.0,0.344
2624.0,0.344
2625.0,0.344
2626.0,0.344
2627.0,0.38699999999999996
2628.0,0.38699999999999996
2629.0,0.344
2630.0,0.38699999999999996
2631.0,0.344
2632.0,0.38699999999999996
2633.0,0.38699999999999996
2634.0,0.344
2635.0,0.38699999999999996
2636.0,0.38699999999999996
2637.0,0.38699999999999996
2638.0,0.38699999999999996
2639.0,0.38699999999999996
2640.0,0.38699999999999996
2641.0,0.38699999999999996
2642.0,0.38699999999999996
2643.0,0.38699999999999996
2644.0,0.38699999999999996
2645.0,0.38699999999999996
2646.0,0.38699999999999996
2647.0,0.38699999999999996
2648.0,0.38699999999999996
2649.0,0.38699999999999996
2650.0,0.38699999999999996
2651.0,0.38699999999999996
2652.0,0.38699999999999996
2653.0,0.38699999999999996
2654.0,0.38699999999999996
2655.0,0.38699999999999996
2656.0,0.38699999999999996
2657.0,0.344
2658.0,0.344
2659.0,0.344
2660.0,0.344
2661.0,0.344
2662.0,0.38699999999999996
2663.0,0.38699999999999996
2664.0,0.38699999999999996
2665.0,0.38699999999999996
2666.0,0.344
2667.0,0.38699999999999996
2668.0,0.344
2669.0,0.344
2670.0,0.38699999999999996
2671.0,0.38699999999999996
2672.0,0.38699999999999996
2673.0,0.38699999999999996
2674.0,0.38699999999999996
2675.0,0.38699999999999996
2676.0,0.38699999999999996
2677.0,0.38699999999999996
2678.0,0.38699999999999996
2679.0,0.38699999999999996
2680.0,0.38699999999999996
2681.0,0.38699999999999996
2682.0,0.38699999999999996
2683.0,0.38699999999999996
2684.0,0.38699999999999996
2685.0,0.344
2686.0,0.38699999999999996
2687.0,0.344
2688.0,0.344
2689.0,0.38699999999999996
2690.0,0.38699999999999996
2691.0,0.344
2692.0,0.344
2693.0,0.344
2694.0,0.38699999999999996
2695.0,0.344
2696.0,0.344
2697.0,0.344
2698.0,0.344
2699.0,0.344
2700.0,0.344
2701.0,0.344
2702.0,0.344
2703.0,0.344
2704.0,0.38699999999999996
2705.0,0.38699999999999996
2706.0,0.344
2707.0,0.38699999999999996
2708.0,0.344
2709.0,0.344
2710.0,0.38699999999999996
2711.0,0.344
2712.0,0.38699999999999996
2713.0,0.38699999999999996
2714.0,0.38699999999999996
2715.0,0.38699999999999996
2716.0,0.38699999999999996
2717.0,0.344
2718.0,0.38699999999999996
2719.0,0.38699999999999996
2720.0,0.38699999999999996
2721.0,0.38699999999999996
2722.0,0.38699999999999996
2723.0,0.38699999999999996
2724.0,0.38699999999999996
2725.0,0.38699999999999996
2726.0,0.38699999999999996
2727.0,0.38699999999999996
2728.0,0.344
2729.0,0.38699999999999996
2730.0,0.38699999999999996
2731.0,0.344
2732.0,0.38699999999999996
2733.0,0.344
2734.0,0.344
2735.0,0.38699999999999996
2736.0,0.344
2737.0,0.344
2738.0,0.38699999999999996
2739.0,0.38699999999999996
2740.0,0.38699999999999996
2741.0,0.38699999999999996
2742.0,0.38699999999999996
2743.0,0.344
2744.0,0.344
2745.0,0.38699999999999996
2746.0,0.38699999999999996
2747.0,0.344
2748.0,0.38699999999999996
2749.0,0.38699999999999996
2750.0,0.38699999999999996
2751.0,0.38699999999999996
2752.0,0.38699999999999996
2753.0,0.38699999999999996
2754.0,0.38699999999999996
2755.0,0.38699999999999996
2756.0,0.38699999999999996
2757.0,0.38699999999999996
2758.0,0.38699999999999996
2759.0,0.38699999999999996
2760.0,0.38699999999999996
2761.0,0.38699999999999996
2762.0,0.38699999999999996
2763.0,0.38699999999999996
2764.0,0.38699999999999996
2765.0,0.38699999999999996
2766.0,0.344
2767.0,0.38699999999999996
2768.0,0.344
2769.0,0.344
2770.0,0.344
2771.0,0.38699999999999996
2772.0,0.38699999999999996
2773.0,0.344
2774.0,0.344
2775.0,0.344
2776.0,0.38699999999999996
2777.0,0.344
2778.0,0.344
2779.0,0.344
2780.0,0.38699999999999996
2781.0,0.344
2782.0,0.38699999999999996
2783.0,0.38699999999999996
2784.0,0.38699999999999996
2785.0,0.38699999999999996
2786.0,0.38699999999999996
2787.0,0.38699999999999996
2788.0,0.38699999999999996
2789.0,0.38699999999999996
2790.0,0.38699999999999996
2791.0,0.38699999999999996
2792.0,0.38699999999999996
2793.0,0.38699999999999996
2794.0,0.38699999999999996
2795.0,0.344
2796.0,0.344
2797.0,0.344
2798.0,0.38699999999999996
2799.0,0.38699999999999996
2800.0,0.38699999999999996
2801.0,0.38699999999999996
2802.0,0.38699999999999996
2803.0,0.38699999999999996
2804.0,0.344
2805.0,0.38699999999999996
2806.0,0.344
2807.0,0.38699999999999996
2808.0,0.38699999999999996
2809.0,0.38699999999999996
2810.0,0.38699999999999996
2811.0,0.344
2812.0,0.38699999999999996
2813.0,0.38699999999999996
2814.0,0.38699999999999996
2815.0,0.344
2816.0,0.38699999999999996
2817.0,0.38699999999999996
2818.0,0.344
2819.0,0.344
2820.0,0.344
2821.0,0.38699999999999996
2822.0,0.38699999999999996
2823.0,0.38699999999999996
2824.0,0.38699999999999996
2825.0,0.38699999999999996
2826.0,0.38699999999999996
2827.0,0.38699999999999996
2828.0,0.38699999999999996
2829.0,0.38699999999999996
2830.0,0.38699999999999996
2831.0,0.38699999999999996
2832.0,0.38699999999999996
2833.0,0.38699999999999996
2834.0,0.38699999999999996
2835.0,0.38699999999999996
2836.0,0.38699999999999996
2837.0,0.38699999999999996
2838.0,0.38699999999999996
2839.0,0.38699999999999996
2840.0,0.38699999999999996
2841.0,0.38699999999999996
2842.0,0.38699999999999996
2843.0,0.344
2844.0,0.344
2845.0,0.38699999999999996
2846.0,0.38699999999999996
2847.0,0.344
2848.0,0.344
2849.0,0.344
2850.0,0.344
2851.0,0.344
2852.0,0.344
2853.0,0.344
2854.0,0.344
2855.0,0.38699999999999996
2856.0,0.344
2857.0,0.38699999999999996
2858.0,0.38699999999999996
2859.0,0.344
2860.0,0.38699999999999996
2861.0,0.38699999999999996
2862.0,0.38699999999999996
2863.0,0.38699999999999996
2864.0,0.38699999999999996
2865.0,0.38699999999999996
2866.0,0.38699999999999996
2867.0,0.38699999999999996
2868.0,0.38699999999999996
2869.0,0.38699999999999996
2870.0,0.38699999999999996
2871.0,0.38699999999999996
2872.0,0.38699999999999996
2873.0,0.38699999999999996
2874.0,0.38699999999999996
2875.0,0.38699999999999996
2876.0,0.344
2877.0,0.344
2878.0,0.344
2879.0,0.38699999999999996
2880.0,0.344
2881.0,0.344
2882.0,0.344
2883.0,0.38699999999999996
2884.0,0.344
2885.0,0.344
2886.0,0.344
2887.0,0.38699999999999996
2888.0,0.344
2889.0,0.38699999999999996
2890.0,0.344
2891.0,0.344
2892.0,0.344
2893.0,0.38699999999999996
2894.0,0.38699999999999996
2895.0,0.344
2896.0,0.38699999999999996
2897.0,0.38699999999999996
2898.0,0.38699999999999996
2899.0,0.38699999999999996
2900.0,0.38699999999999996
2901.0,0.38699999999999996
2902.0,0.38699999999999996
2903.0,0.38699999999999996
2904.0,0.344
2905.0,0.38699999999999996
2906.0,0.38699999999999996
2907.0,0.344
2908.0,0.38699999999999996
2909.0,0.38699999999999996
2910.0,0.38699999999999996
2911.0,0.344
2912.0,0.38699999999999996
2913.0,0.38699999999999996
2914.0,0.344
2915.0,0.38699999999999996
2916.0,0.344
2917.0,0.38699999999999996
2918.0,0.344
2919.0,0.344
2920.0,0.344
2921.0,0.344
2922.0,0.344
2923.0,0.38699999999999996
2924.0,0.38699999999999996
2925.0,0.38699999999999996
2926.0,0.344
2927.0,0.38699999999999996
2928.0,0.344
2929.0,0.38699999999999996
2930.0,0.38699999999999996
2931.0,0.344
2932.0,0.38699999999999996
2933.0,0.38699999999999996
2934.0,0.38699999999999996
2935.0,0.38699999999999996
2936.0,0.38699999999999996
2937.0,0.38699999999999996
2938.0,0.38699999999999996
2939.0,0.38699999999999996
2940.0,0.38699999999999996
2941.0,0.38699999999999996
2942.0,0.38699999999999996
2943.0,0.38699999999999996
2944.0,0.38699999999999996
2945.0,0.38699999999999996
2946.0,0.344
2947.0,0.38699999999999996
2948.0,0.38699999999999996
2949.0,0.344
2950.0,0.344
2951.0,0.344
2952.0,0.344
2953.0,0.38699999999999996
2954.0,0.38699999999999996
2955.0,0.38699999999999996
2956.0,0.344
2957.0,0.38699999999999996
2958.0,0.344
2959.0,0.38699999999999996
2960.0,0.344
2961.0,0.38699999999999996
2962.0,0.344
2963.0,0.38699999999999996
2964.0,0.38699999999999996
2965.0,0.344
2966.0,0.38699999999999996
2967.0,0.38699999999999996
2968.0,0.38699999999999996
2969.0,0.38699999999999996
2970.0,0.38699999999999996
2971.0,0.38699999999999996
2972.0,0.38699999999999996
2973.0,0.38699999999999996
2974.0,0.38699999999999996
2975.0,0.38699999999999996
2976.0,0.38699999999999996
2977.0,0.38699999999999996
2978.0,0.38699999999999996
2979.0,0.38699999999999996
2980.0,0.38699999999999996
2981.0,0.38699999999999996
2982.0,0.38699999999999996
2983.0,0.38699999999999996
2984.0,0.38699999999999996
2985.0,0.38699999999999996
2986.0,0.344
2987.0,0.344
2988.0,0.344
2989.0,0.344
2990.0,0.344
2991.0,0.344
2992.0,0.344
2993.0,0.38699999999999996
2994.0,0.344
2995.0,0.344
2996.0,0.38699999999999996
2997.0,0.38699999999999996
2998.0,0.344
2999.0,0.38699999999999996
3000.0,0.344
3001.0,0.344
3002.0,0.38699999999999996
3003.0,0.38699999999999996
3004.0,0.344
3005.0,0.38699999999999996
3006.0,0.38699999999999996
3007.0,0.38699999999999996
3008.0,0.344
3009.0,0.38699999999999996
3010.0,0.38699999999999996
3011.0,0.38699999999999996
3012.0,0.38699999999999996
3013.0,0.38699999999999996
3014.0,0.38699999999999996
3015.0,0.38699999999999996
3016.0,0.38699999999999996
3017.0,0.38699999999999996
3018.0,0.38699999999999996
3019.0,0.38699999999999996
3020.0,0.38699999999999996
3021.0,0.38699999999999996
3022.0,0.38699999999999996
3023.0,0.38699999999999996
3024.0,0.344
3025.0,0.344
3026.0,0.38699999999999996
3027.0,0.344
3028.0,0.38699999999999996
3029.0,0.344
3030.0,0.344
3031.0,0.38699999999999996
3032.0,0.344
3033.0,0.38699999999999996
3034.0,0.344
3035.0,0.344
3036.0,0.344
3037.0,0.38699999999999996
3038.0,0.38699999999999996
3039.0,0.38699999999999996
3040.0,0.38699999999999996
3041.0,0.38699999999999996
3042.0,0.38699999999999996
3043.0,0.344
3044.0,0.344
3045.0,0.38699999999999996
3046.0,0.38699999999999996
3047.0,0.38699999999999996
3048.0,0.38699999999999996
3049.0,0.38699999999999996
3050.0,0.38699999999999996
3051.0,0.38699999999999996
3052.0,0.38699999999999996
3053.0,0.38699999999999996
3054.0,0.344
3055.0,0.344
3056.0,0.42999999999999994
3057.0,0.344
3058.0,0.38699999999999996
3059.0,0.38699999999999996
3060.0,0.344
3061.0,0.38699999999999996
3062.0,0.344
3063.0,0.38699999999999996
3064.0,0.344
3065.0,0.344
3066.0,0.344
3067.0,0.38699999999999996
3068.0,0.344
3069.0,0.344
3070.0,0.344
3071.0,0.38699999999999996
3072.0,0.344
3073.0,0.38699999999999996
3074.0,0.38699999999999996
3075.0,0.38699999999999996
3076.0,0.344
3077.0,0.344
3078.0,0.38699999999999996
3079.0,0.38699999999999996
3080.0,0.38699999999999996
3081.0,0.344
3082.0,0.38699999999999996
3083.0,0.38699999999999996
3084.0,0.38699999999999996
3085.0,0.38699999999999996
3086.0,0.38699999999999996
3087.0,0.38699999999999996
3088.0,0.38699999999999996
3089.0,0.38699999999999996
3090.0,0.38699999999999996
3091.0,0.38699999999999996
3092.0,0.38699999999999996
3093.0,0.344
3094.0,0.38699999999999996
3095.0,0.38699999999999996
3096.0,0.38699999999999996
3097.0,0.38699999999999996
3098.0,0.38699999999999996
3099.0,0.38699999999999996
3100.0,0.38699999999999996
3101.0,0.344
3102.0,0.344
3103.0,0.38699999999999996
3104.0,0.38699999999999996
3105.0,0.38699999999999996
3106.0,0.344
3107.0,0.344
3108.0,0.344
3109.0,0.38699999999999996
3110.0,0.344
3111.0,0.38699999999999996
3112.0,0.344
3113.0,0.38699999999999996
3114.0,0.344
3115.0,0.38699999999999996
3116.0,0.344
3117.0,0.344
3118.0,0.38699999999999996
3119.0,0.38699999999999996
3120.0,0.38699999999999996
3121.0,0.38699999999999996
3122.0,0.38699999999999996
3123.0,0.38699999999999996
3124.0,0.38699999999999996
3125.0,0.38699999999999996
3126.0,0.344
3127.0,0.38699999999999996
3128.0,0.344
3129.0,0.38699999999999996
3130.0,0.38699999999999996
3131.0,0.344
3132.0,0.38699999999999996
3133.0,0.38699999999999996
3134.0,0.344
3135.0,0.38699999999999996
3136.0,0.344
3137.0,0.38699999999999996
3138.0,0.344
3139.0,0.344
3140.0,0.344
3141.0,0.344
3142.0,0.344
3143.0,0.344
3144.0,0.344
3145.0,0.38699999999999996
3146.0,0.344
3147.0,0.344
3148.0,0.344
3149.0,0.344
3150.0,0.344
3151.0,0.344
3152.0,0.38699999999999996
3153.0,0.38699999999999996
3154.0,0.344
3155.0,0.38699999999999996
3156.0,0.38699999999999996
3157.0,0.344
3158.0,0.38699999999999996
3159.0,0.344
3160.0,0.38699999999999996
3161.0,0.38699999999999996
3162.0,0.38699999999999996
3163.0,0.38699999999999996
3164.0,0.38699999999999996
3165.0,0.344
3166.0,0.38699999999999996
3167.0,0.344
3168.0,0.38699999999999996
3169.0,0.38699999999999996
3170.0,0.38699999999999996
3171.0,0.38699999999999996
3172.0,0.344
3173.0,0.38699999999999996
3174.0,0.344
3175.0,0.38699999999999996
3176.0,0.344
3177.0,0.344
3178.0,0.344
3179.0,0.38699999999999996
3180.0,0.344
3181.0,0.344
3182.0,0.344
3183.0,0.38699999999999996
3184.0,0.344
3185.0,0.38699999999999996
3186.0,0.344
3187.0,0.38699999999999996
3188.0,0.38699999999999996
3189.0,0.38699999999999996
3190.0,0.38699999999999996
3191.0,0.38699999999999996
3192.0,0.38699999999999996
3193.0,0.38699999999999996
3194.0,0.38699999999999996
3195.0,0.38699999999999996
3196.0,0.38699999999999996
3197.0,0.38699999999999996
3198.0,0.38699999999999996
3199.0,0.38699999999999996
3200.0,0.38699999999999996
3201.0,0.38699999999999996
3202.0,0.38699999999999996
3203.0,0.38699999999999996
3204.0,0.38699999999999996
3205.0,0.38699999999999996
3206.0,0.344
3207.0,0.38699999999999996
3208.0,0.38699999999999996
3209.0,0.344
3210.0,0.344
3211.0,0.344
3212.0,0.344
3213.0,0.38699999999999996
3214.0,0.38699999999999996
3215.0,0.344
3216.0,0.38699999999999996
3217.0,0.344
3218.0,0.344
3219.0,0.38699999999999996
3220.0,0.38699999999999996
3221.0,0.344
3222.0,0.344
3223.0,0.38699999999999996
3224.0,0.344
3225.0,0.344
3226.0,0.344
3227.0,0.38699999999999996
3228.0,0.344
3229.0,0.38699999999999996
3230.0,0.38699999999999996
3231.0,0.38699999999999996
3232.0,0.38699999999999996
3233.0,0.38699999999999996
3234.0,0.38699999999999996
3235.0,0.38699999999999996
3236.0,0.38699999999999996
3237.0,0.38699999999999996
3238.0,0.38699999999999996
3239.0,0.38699999999999996
3240.0,0.38699999999999996
3241.0,0.38699999999999996
3242.0,0.38699999999999996
3243.0,0.344
3244.0,0.38699999999999996
3245.0,0.344
3246.0,0.38699999999999996
3247.0,0.38699999999999996
3248.0,0.344
3249.0,0.38699999999999996
3250.0,0.344
3251.0,0.344
3252.0,0.344
3253.0,0.344
3254.0,0.344
3255.0,0.344
3256.0,0.38699999999999996
3257.0,0.344
3258.0,0.344
3259.0,0.38699999999999996
3260.0,0.344
3261.0,0.344
3262.0,0.38699999999999996
3263.0,0.344
3264.0,0.38699999999999996
3265.0,0.38699999999999996
3266.0,0.38699999999999996
3267.0,0.38699999999999996
3268.0,0.38699999999999996
3269.0,0.344
3270.0,0.38699999999999996
3271.0,0.38699999999999996
3272.0,0.38699999999999996
3273.0,0.38699999999999996
3274.0,0.38699999999999996
3275.0,0.38699999999999996
3276.0,0.38699999999999996
3277.0,0.38699999999999996
3278.0,0.38699999999999996
3279.0,0.38699999999999996
3280.0,0.38699999999999996
3281.0,0.38699999999999996
3282.0,0.38699999999999996
3283.0,0.38699999999999996
3284.0,0.344
3285.0,0.38699999999999996
3286.0,0.344
3287.0,0.344
3288.0,0.38699999999999996
3289.0,0.344
3290.0,0.344
3291.0,0.344
3292.0,0.344
3293.0,0.344
3294.0,0.344
3295.0,0.344
3296.0,0.344
3297.0,0.38699999999999996
3298.0,0.344
3299.0,0.344
3300.0,0.344
3301.0,0.344
3302.0,0.344
3303.0,0.38699999999999996
3304.0,0.344
3305.0,0.38699999999999996
3306.0,0.38699999999999996
3307.0,0.38699999999999996
3308.0,0.38699999999999996
3309.0,0.38699999999999996
3310.0,0.344
3311.0,0.38699999999999996
3312.0,0.38699999999999996
3313.0,0.38699999999999996
3314.0,0.38699999999999996
3315.0,0.38699999999999996
3316.0,0.38699999999999996
3317.0,0.38699999999999996
3318.0,0.38699999999999996
3319.0,0.344
3320.0,0.344
3321.0,0.344
3322.0,0.344
3323.0,0.38699999999999996
3324.0,0.344
3325.0,0.38699999999999996
3326.0,0.344
3327.0,0.344
3328.0,0.38699999999999996
3329.0,0.344
3330.0,0.344
3331.0,0.38699999999999996
3332.0,0.38699999999999996
3333.0,0.344
3334.0,0.344
3335.0,0.344
3336.0,0.344
3337.0,0.38699999999999996
3338.0,0.38699999999999996
3339.0,0.38699999999999996
3340.0,0.38699999999999996
3341.0,0.38699999999999996
3342.0,0.344
3343.0,0.344
3344.0,0.344
3345.0,0.38699999999999996
3346.0,0.38699999999999996
3347.0,0.38699999999999996
3348.0,0.344
3349.0,0.38699999999999996
3350.0,0.38699999999999996
3351.0,0.344
3352.0,0.38699999999999996
3353.0,0.38699999999999996
3354.0,0.344
3355.0,0.38699999999999996
3356.0,0.344
3357.0,0.38699999999999996
3358.0,0.38699999999999996
3359.0,0.344
3360.0,0.38699999999999996
3361.0,0.38699999999999996
3362.0,0.344
3363.0,0.344
3364.0,0.344
3365.0,0.344
3366.0,0.38699999999999996
3367.0,0.344
3368.0,0.344
3369.0,0.38699999999999996
3370.0,0.344
3371.0,0.38699999999999996
3372.0,0.38699999999999996
3373.0,0.38699999999999996
3374.0,0.344
3375.0,0.38699999999999996
3376.0,0.344
3377.0,0.38699999999999996
3378.0,0.344
3379.0,0.38699999999999996
3380.0,0.38699999999999996
3381.0,0.38699999999999996
3382.0,0.38699999999999996
3383.0,0.38699999999999996
3384.0,0.38699999999999996
3385.0,0.344
3386.0,0.38699999999999996
3387.0,0.38699999999999996
3388.0,0.344
3389.0,0.38699999999999996
3390.0,0.38699999999999996
3391.0,0.38699999999999996
3392.0,0.38699999999999996
3393.0,0.38699999999999996
3394.0,0.344
3395.0,0.38699999999999996
3396.0,0.38699999999999996
3397.0,0.38699999999999996
3398.0,0.344
3399.0,0.344
3400.0,0.344
3401.0,0.344
3402.0,0.344
3403.0,0.344
3404.0,0.38699999999999996
3405.0,0.344
3406.0,0.344
3407.0,0.344
3408.0,0.38699999999999996
3409.0,0.344
3410.0,0.344
3411.0,0.344
3412.0,0.344
3413.0,0.344
3414.0,0.38699999999999996
3415.0,0.38699999999999996
3416.0,0.38699999999999996
3417.0,0.38699999999999996
3418.0,0.38699999999999996
3419.0,0.38699999999999996
3420.0,0.38699999999999996
3421.0,0.344
3422.0,0.38699999999999996
3423.0,0.344
3424.0,0.38699999999999996
3425.0,0.38699999999999996
3426.0,0.38699999999999996
3427.0,0.38699999999999996
3428.0,0.38699999999999996
3429.0,0.344
3430.0,0.344
3431.0,0.38699999999999996
3432.0,0.38699999999999996
3433.0,0.344
3434.0,0.38699999999999996
3435.0,0.38699999999999996
3436.0,0.344
3437.0,0.344
3438.0,0.38699999999999996
3439.0,0.38699999999999996
3440.0,0.344
3441.0,0.38699999999999996
3442.0,0.38699999999999996
3443.0,0.344
3444.0,0.344
3445.0,0.344
3446.0,0.344
3447.0,0.38699999999999996
3448.0,0.38699999999999996
3449.0,0.38699999999999996
3450.0,0.38699999999999996
3451.0,0.38699999999999996
3452.0,0.38699999999999996
3453.0,0.38699999999999996
3454.0,0.38699999999999996
3455.0,0.38699999999999996
3456.0,0.38699999999999996
3457.0,0.38699999999999996
3458.0,0.38699999999999996
3459.0,0.38699999999999996
3460.0,0.38699999999999996
3461.0,0.38699999999999996
3462.0,0.38699999999999996
3463.0,0.344
3464.0,0.344
3465.0,0.38699999999999996
3466.0,0.38699999999999996
3467.0,0.38699999999999996
3468.0,0.38699999999999996
3469.0,0.38699999999999996
3470.0,0.38699999999999996
3471.0,0.38699999999999996
3472.0,0.344
3473.0,0.38699999999999996
3474.0,0.344
3475.0,0.38699999999999996
3476.0,0.38699999999999996
3477.0,0.38699999999999996
3478.0,0.344
3479.0,0.38699999999999996
3480.0,0.344
3481.0,0.344
3482.0,0.344
3483.0,0.344
3484.0,0.344
3485.0,0.344
3486.0,0.38699999999999996
3487.0,0.38699999999999996
3488.0,0.344
3489.0,0.38699999999999996
3490.0,0.38699999999999996
3491.0,0.38699999999999996
3492.0,0.38699999999999996
3493.0,0.38699999999999996
3494.0,0.344
3495.0,0.344
3496.0,0.38699999999999996
3497.0,0.38699999999999996
3498.0,0.38699999999999996
3499.0,0.38699999999999996
3500.0,0.38699999999999996
3501.0,0.38699999999999996
3502.0,0.38699999999999996
3503.0,0.38699999999999996
3504.0,0.344
3505.0,0.38699999999999996
3506.0,0.38699999999999996
3507.0,0.38699999999999996
3508.0,0.38699999999999996
3509.0,0.344
3510.0,0.344
3511.0,0.38699999999999996
3512.0,0.38699999999999996
3513.0,0.344
3514.0,0.38699999999999996
3515.0,0.344
3516.0,0.344
3517.0,0.344
3518.0,0.344
3519.0,0.344
3520.0,0.344
3521.0,0.38699999999999996
3522.0,0.344
3523.0,0.344
3524.0,0.344
3525.0,0.38699999999999996
3526.0,0.344
3527.0,0.38699999999999996
3528.0,0.38699999999999996
3529.0,0.38699999999999996
3530.0,0.38699999999999996
3531.0,0.38699999999999996
3532.0,0.38699999999999996
3533.0,0.38699999999999996
3534.0,0.38699999999999996
3535.0,0.38699999999999996
3536.0,0.38699999999999996
3537.0,0.38699999999999996
3538.0,0.38699999999999996
3539.0,0.38699999999999996
3540.0,0.344
3541.0,0.38699999999999996
3542.0,0.38699999999999996
3543.0,0.344
3544.0,0.344
3545.0,0.344
3546.0,0.344
3547.0,0.344
3548.0,0.344
3549.0,0.38699999999999996
3550.0,0.344
3551.0,0.38699999999999996
3552.0,0.344
3553.0,0.38699999999999996
3554.0,0.344
3555.0,0.38699999999999996
3556.0,0.344
3557.0,0.38699999999999996
3558.0,0.38699999999999996
3559.0,0.344
3560.0,0.344
3561.0,0.38699999999999996
3562.0,0.38699999999999996
3563.0,0.38699999999999996
3564.0,0.344
3565.0,0.38699999999999996
3566.0,0.38699999999999996
3567.0,0.38699999999999996
3568.0,0.38699999999999996
3569.0,0.38699999999999996
3570.0,0.38699999999999996
3571.0,0.344
3572.0,0.344
3573.0,0.38699999999999996
3574.0,0.38699999999999996
3575.0,0.344
3576.0,0.344
3577.0,0.38699999999999996
3578.0,0.344
3579.0,0.38699999999999996
3580.0,0.344
3581.0,0.38699999999999996
3582.0,0.344
3583.0,0.38699999999999996
3584.0,0.344
3585.0,0.344
3586.0,0.344
3587.0,0.344
3588.0,0.38699999999999996
3589.0,0.344
3590.0,0.344
3591.0,0.38699999999999996
3592.0,0.38699999999999996
3593.0,0.38699999999999996
3594.0,0.344
3595.0,0.38699999999999996
3596.0,0.344
3597.0,0.344
3598.0,0.344
3599.0,0.344
3600.0,0.38699999999999996
3601.0,0.38699999999999996
3602.0,0.38699999999999996
3603.0,0.38699999999999996
3604.0,0.38699999999999996
3605.0,0.38699999999999996
3606.0,0.38699999999999996
3607.0,0.38699999999999996
3608.0,0.38699999999999996
3609.0,0.38699999999999996
3610.0,0.38699999999999996
3611.0,0.38699999999999996
3612.0,0.344
3613.0,0.38699999999999996
3614.0,0.344
3615.0,0.38699999999999996
3616.0,0.344
3617.0,0.38699999999999996
3618.0,0.344
3619.0,0.344
3620.0,0.344
3621.0,0.344
3622.0,0.344
3623.0,0.344
3624.0,0.344
3625.0,0.344
3626.0,0.344
3627.0,0.344
3628.0,0.344
3629.0,0.344
3630.0,0.344
3631.0,0.38699999999999996
3632.0,0.344
3633.0,0.344
3634.0,0.344
3635.0,0.38699999999999996
3636.0,0.344
3637.0,0.344
3638.0,0.344
3639.0,0.38699999999999996
3640.0,0.38699999999999996
3641.0,0.38699999999999996
3642.0,0.38699999999999996
3643.0,0.38699999999999996
3644.0,0.38699999999999996
3645.0,0.38699999999999996
3646.0,0.344
3647.0,0.38699999999999996
3648.0,0.344
3649.0,0.344
3650.0,0.344
3651.0,0.344
3652.0,0.344
3653.0,0.344
3654.0,0.344
3655.0,0.38699999999999996
3656.0,0.344
3657.0,0.38699999999999996
3658.0,0.344
3659.0,0.344
3660.0,0.344
3661.0,0.344
3662.0,0.344
3663.0,0.344
3664.0,0.38699999999999996
3665.0,0.38699999999999996
3666.0,0.344
3667.0,0.38699999999999996
3668.0,0.344
3669.0,0.344
3670.0,0.38699999999999996
3671.0,0.38699999999999996
3672.0,0.38699999999999996
3673.0,0.38699999999999996
3674.0,0.38699999999999996
3675.0,0.38699999999999996
3676.0,0.38699999999999996
3677.0,0.38699999999999996
3678.0,0.38699999999999996
3679.0,0.38699999999999996
3680.0,0.38699999999999996
3681.0,0.38699999999999996
3682.0,0.38699999999999996
3683.0,0.38699999999999996
3684.0,0.38699999999999996
3685.0,0.38699999999999996
3686.0,0.38699999999999996
3687.0,0.38699999999999996
3688.0,0.38699999999999996
3689.0,0.38699999999999996
3690.0,0.38699999999999996
3691.0,0.38699999999999996
3692.0,0.38699999999999996
3693.0,0.38699999999999996
3694.0,0.344
3695.0,0.344
3696.0,0.344
3697.0,0.344
3698.0,0.344
3699.0,0.344
3700.0,0.344
3701.0,0.344
3702.0,0.344
3703.0,0.344
3704.0,0.344
3705.0,0.344
3706.0,0.344
3707.0,0.344
3708.0,0.38699999999999996
3709.0,0.344
3710.0,0.344
3711.0,0.38699999999999996
3712.0,0.344
3713.0,0.38699999999999996
3714.0,0.38699999999999996
3715.0,0.38699999999999996
3716.0,0.38699999999999996
3717.0,0.38699999999999996
3718.0,0.38699999999999996
3719.0,0.38699999999999996
3720.0,0.344
3721.0,0.38699999999999996
3722.0,0.38699999999999996
3723.0,0.344
3724.0,0.344
3725.0,0.344
3726.0,0.344
3727.0,0.38699999999999996
3728.0,0.344
3729.0,0.344
3730.0,0.344
3731.0,0.38699999999999996
3732.0,0.344
3733.0,0.344
3734.0,0.344
3735.0,0.344
3736.0,0.344
3737.0,0.344
3738.0,0.344
3739.0,0.344
3740.0,0.344
3741.0,0.38699999999999996
3742.0,0.344
3743.0,0.344
3744.0,0.344
3745.0,0.38699999999999996
3746.0,0.344
3747.0,0.38699999999999996
3748.0,0.344
3749.0,0.38699999999999996
3750.0,0.344
3751.0,0.38699999999999996
3752.0,0.344
3753.0,0.38699999999999996
3754.0,0.38699999999999996
3755.0,0.38699999999999996
3756.0,0.38699999999999996
3757.0,0.38699999999999996
3758.0,0.38699999999999996
3759.0,0.38699999999999996
3760.0,0.344
3761.0,0.38699999999999996
3762.0,0.38699999999999996
3763.0,0.38699999999999996
3764.0,0.38699999999999996
3765.0,0.38699999999999996
3766.0,0.38699999999999996
3767.0,0.38699999999999996
3768.0,0.344
3769.0,0.344
3770.0,0.344
3771.0,0.344
3772.0,0.38699999999999996
3773.0,0.344
3774.0,0.344
3775.0,0.344
3776.0,0.344
3777.0,0.344
3778.0,0.344
3779.0,0.344
3780.0,0.38699999999999996
3781.0,0.344
3782.0,0.344
3783.0,0.344
3784.0,0.344
3785.0,0.344
3786.0,0.344
3787.0,0.38699999999999996
3788.0,0.38699999999999996
3789.0,0.38699999999999996
3790.0,0.344
3791.0,0.38699999999999996
3792.0,0.38699999999999996
3793.0,0.38699999999999996
3794.0,0.38699999999999996
3795.0,0.38699999999999996
3796.0,0.38699999999999996
3797.0,0.38699999999999996
3798.0,0.38699999999999996
3799.0,0.38699999999999996
3800.0,0.38699999999999996
3801.0,0.38699999999999996
3802.0,0.344
3803.0,0.38699999999999996
3804.0,0.344
3805.0,0.38699999999999996
3806.0,0.344
3807.0,0.38699999999999996
3808.0,0.344
3809.0,0.344
3810.0,0.344
3811.0,0.344
3812.0,0.344
3813.0,0.344
3814.0,0.344
3815.0,0.38699999999999996
3816.0,0.344
3817.0,0.344
3818.0,0.344
3819.0,0.344
3820.0,0.344
3821.0,0.344
3822.0,0.344
3823.0,0.344
3824.0,0.38699999999999996
3825.0,0.38699999999999996
3826.0,0.344
3827.0,0.38699999999999996
3828.0,0.38699999999999996
3829.0,0.38699999999999996
3830.0,0.38699999999999996
3831.0,0.38699999999999996
3832.0,0.38699999999999996
3833.0,0.344
3834.0,0.344
3835.0,0.38699999999999996
3836.0,0.344
3837.0,0.344
3838.0,0.38699999999999996
3839.0,0.344
3840.0,0.38699999999999996
3841.0,0.38699999999999996
3842.0,0.344
3843.0,0.38699999999999996
3844.0,0.344
3845.0,0.344
3846.0,0.344
3847.0,0.344
3848.0,0.344
3849.0,0.38699999999999996
3850.0,0.38699999999999996
3851.0,0.38699999999999996
3852.0,0.344
3853.0,0.38699999999999996
3854.0,0.38699999999999996
3855.0,0.344
3856.0,0.38699999999999996
3857.0,0.344
3858.0,0.38699999999999996
3859.0,0.38699999999999996
3860.0,0.344
3861.0,0.344
3862.0,0.38699999999999996
3863.0,0.38699999999999996
3864.0,0.38699999999999996
3865.0,0.38699999999999996
3866.0,0.38699999999999996
3867.0,0.38699999999999996
3868.0,0.38699999999999996
3869.0,0.344
3870.0,0.38699999999999996
3871.0,0.38699999999999996
3872.0,0.344
3873.0,0.38699999999999996
3874.0,0.38699999999999996
3875.0,0.344
3876.0,0.38699999999999996
3877.0,0.344
3878.0,0.344
3879.0,0.344
3880.0,0.344
3881.0,0.344
3882.0,0.344
3883.0,0.38699999999999996
3884.0,0.38699999999999996
3885.0,0.344
3886.0,0.344
3887.0,0.344
3888.0,0.344
3889.0,0.344
3890.0,0.344
3891.0,0.38699999999999996
3892.0,0.344
3893.0,0.38699999999999996
3894.0,0.38699999999999996
3895.0,0.38699999999999996
3896.0,0.38699999999999996
3897.0,0.344
3898.0,0.38699999999999996
3899.0,0.38699999999999996
3900.0,0.38699999999999996
3901.0,0.38699999999999996
3902.0,0.344
3903.0,0.344
3904.0,0.344
3905.0,0.38699999999999996
3906.0,0.38699999999999996
3907.0,0.42999999999999994
3908.0,0.38699999999999996
3909.0,0.38699999999999996
3910.0,0.344
3911.0,0.344
3912.0,0.38699999999999996
3913.0,0.38699999999999996
3914.0,0.344
3915.0,0.38699999999999996
3916.0,0.344
3917.0,0.38699999999999996
3918.0,0.344
3919.0,0.344
3920.0,0.344
3921.0,0.344
3922.0,0.344
3923.0,0.344
3924.0,0.344
3925.0,0.344
3926.0,0.344
3927.0,0.344
3928.0,0.344
3929.0,0.344
3930.0,0.38699999999999996
3931.0,0.38699999999999996
3932.0,0.38699999999999996
3933.0,0.38699999999999996
3934.0,0.344
3935.0,0.38699999999999996
3936.0,0.38699999999999996
3937.0,0.38699999999999996
3938.0,0.38699999999999996
3939.0,0.38699999999999996
3940.0,0.38699999999999996
3941.0,0.38699999999999996
3942.0,0.38699999999999996
3943.0,0.38699999999999996
3944.0,0.344
3945.0,0.38699999999999996
3946.0,0.38699999999999996
3947.0,0.38699999999999996
3948.0,0.344
3949.0,0.38699999999999996
3950.0,0.38699999999999996
3951.0,0.38699999999999996
3952.0,0.344
3953.0,0.38699999999999996
3954.0,0.344
3955.0,0.38699999999999996
3956.0,0.344
3957.0,0.38699999999999996
3958.0,0.344
3959.0,0.38699999999999996
3960.0,0.344
3961.0,0.344
3962.0,0.344
3963.0,0.38699999999999996
3964.0,0.344
3965.0,0.344
3966.0,0.344
3967.0,0.38699999999999996
3968.0,0.344
3969.0,0.38699999999999996
3970.0,0.344
3971.0,0.38699999999999996
3972.0,0.38699999999999996
3973.0,0.38699999999999996
3974.0,0.38699999999999996
3975.0,0.38699999999999996
3976.0,0.38699999999999996
3977.0,0.38699999999999996
3978.0,0.38699999999999996
3979.0,0.38699999999999996
3980.0,0.38699999999999996
3981.0,0.38699999999999996
3982.0,0.38699999999999996
3983.0,0.38699999999999996
3984.0,0.38699999999999996
3985.0,0.38699999999999996
3986.0,0.344
3987.0,0.38699999999999996
3988.0,0.344
3989.0,0.344
3990.0,0.38699999999999996
3991.0,0.38699999999999996
3992.0,0.344
3993.0,0.38699999999999996
3994.0,0.344
3995.0,0.344
3996.0,0.344
3997.0,0.344
3998.0,0.38699999999999996
3999.0,0.344
4000.0,0.344
4001.0,0.344
4002.0,0.344
4003.0,0.344
4004.0,0.38699999999999996
4005.0,0.38699999999999996
4006.0,0.344
4007.0,0.344
4008.0,0.344
4009.0,0.38699999999999996
4010.0,0.38699999999999996
4011.0,0.344
4012.0,0.38699999999999996
4013.0,0.344
4014.0,0.38699999999999996
4015.0,0.38699999999999996
4016.0,0.344
4017.0,0.38699999999999996
4018.0,0.38699999999999996
4019.0,0.38699999999999996
4020.0,0.38699999999999996
4021.0,0.38699999999999996
4022.0,0.38699999999999996
4023.0,0.38699999999999996
4024.0,0.38699999999999996
4025.0,0.38699999999999996
4026.0,0.344
4027.0,0.38699999999999996
4028.0,0.344
4029.0,0.38699999999999996
4030.0,0.344
4031.0,0.344
4032.0,0.38699999999999996
4033.0,0.38699999999999996
4034.0,0.344
4035.0,0.344
4036.0,0.344
4037.0,0.38699999999999996
4038.0,0.344
4039.0,0.344
4040.0,0.38699999999999996
4041.0,0.344
4042.0,0.38699999999999996
4043.0,0.38699999999999996
4044.0,0.38699999999999996
4045.0,0.38699999999999996
4046.0,0.38699999999999996
4047.0,0.344
4048.0,0.38699999999999996
4049.0,0.38699999999999996
4050.0,0.38699999999999996
4051.0,0.38699999999999996
4052.0,0.38699999999999996
4053.0,0.38699999999999996
4054.0,0.38699999999999996
4055.0,0.38699999999999996
4056.0,0.344
4057.0,0.38699999999999996
4058.0,0.38699999999999996
4059.0,0.38699999999999996
4060.0,0.38699999999999996
4061.0,0.38699999999999996
4062.0,0.38699999999999996
4063.0,0.38699999999999996
4064.0,0.344
4065.0,0.38699999999999996
4066.0,0.344
4067.0,0.38699999999999996
4068.0,0.344
4069.0,0.344
4070.0,0.344
4071.0,0.38699999999999996
4072.0,0.38699999999999996
4073.0,0.344
4074.0,0.344
4075.0,0.344
4076.0,0.344
4077.0,0.344
4078.0,0.344
4079.0,0.344
4080.0,0.344
4081.0,0.344
4082.0,0.344
4083.0,0.38699999999999996
4084.0,0.38699999999999996
4085.0,0.38699999999999996
4086.0,0.38699999999999996
4087.0,0.38699999999999996
4088.0,0.38699999999999996
4089.0,0.344
4090.0,0.38699999999999996
4091.0,0.344
4092.0,0.38699999999999996
4093.0,0.38699999999999996
4094.0,0.38699999999999996
4095.0,0.38699999999999996
4096.0,0.38699999999999996
4097.0,0.344
4098.0,0.38699999999999996
4099.0,0.344
4100.0,0.344
4101.0,0.38699999999999996
4102.0,0.38699999999999996
4103.0,0.344
4104.0,0.344
4105.0,0.38699999999999996
4106.0,0.344
4107.0,0.38699999999999996
4108.0,0.344
4109.0,0.38699999999999996
4110.0,0.38699999999999996
4111.0,0.344
4112.0,0.38699999999999996
4113.0,0.344
4114.0,0.38699999999999996
4115.0,0.42999999999999994
4116.0,0.38699999999999996
4117.0,0.344
4118.0,0.38699999999999996
4119.0,0.38699999999999996
4120.0,0.38699999999999996
4121.0,0.38699999999999996
4122.0,0.38699999999999996
4123.0,0.38699999999999996
4124.0,0.344
4125.0,0.38699999999999996
4126.0,0.38699999999999996
4127.0,0.38699999999999996
4128.0,0.344
4129.0,0.38699999999999996
4130.0,0.344
4131.0,0.38699999999999996
4132.0,0.38699999999999996
4133.0,0.38699999999999996
4134.0,0.344
4135.0,0.344
4136.0,0.38699999999999996
4137.0,0.38699999999999996
4138.0,0.38699999999999996
4139.0,0.38699999999999996
4140.0,0.344
4141.0,0.38699999999999996
4142.0,0.344
4143.0,0.38699999999999996
4144.0,0.344
4145.0,0.38699999999999996
4146.0,0.344
4147.0,0.38699999999999996
4148.0,0.344
4149.0,0.38699999999999996
4150.0,0.38699999999999996
4151.0,0.344
4152.0,0.344
4153.0,0.344
4154.0,0.344
4155.0,0.38699999999999996
4156.0,0.38699999999999996
4157.0,0.38699999999999996
4158.0,0.344
4159.0,0.344
4160.0,0.38699999999999996
4161.0,0.38699999999999996
4162.0,0.38699999999999996
4163.0,0.38699999999999996
4164.0,0.38699999999999996
4165.0,0.38699999999999996
4166.0,0.38699999999999996
4167.0,0.38699999999999996
4168.0,0.38699999999999996
4169.0,0.38699999999999996
4170.0,0.38699999999999996
4171.0,0.38699999999999996
4172.0,0.38699999999999996
4173.0,0.38699999999999996
4174.0,0.344
4175.0,0.38699999999999996
4176.0,0.344
4177.0,0.344
4178.0,0.344
4179.0,0.38699999999999996
4180.0,0.344
4181.0,0.38699999999999996
4182.0,0.344
4183.0,0.344
4184.0,0.344
4185.0,0.344
4186.0,0.344
4187.0,0.344
4188.0,0.344
4189.0,0.344
4190.0,0.344
4191.0,0.344
4192.0,0.344
4193.0,0.344
4194.0,0.38699999999999996
4195.0,0.38699999999999996
4196.0,0.38699999999999996
4197.0,0.38699999999999996
4198.0,0.38699999999999996
4199.0,0.38699999999999996
4200.0,0.38699999999999996
4201.0,0.38699999999999996
4202.0,0.38699999999999996
4203.0,0.38699999999999996
4204.0,0.38699999999999996
4205.0,0.38699999999999996
4206.0,0.38699999999999996
4207.0,0.38699999999999996
4208.0,0.344
4209.0,0.344
4210.0,0.344
4211.0,0.344
4212.0,0.344
4213.0,0.344
4214.0,0.344
4215.0,0.344
4216.0,0.344
4217.0,0.344
4218.0,0.38699999999999996
4219.0,0.344
4220.0,0.344
4221.0,0.344
4222.0,0.344
4223.0,0.38699999999999996
4224.0,0.344
4225.0,0.344
4226.0,0.344
4227.0,0.38699999999999996
4228.0,0.344
4229.0,0.38699999999999996
4230.0,0.38699999999999996
4231.0,0.38699999999999996
4232.0,0.38699999999999996
4233.0,0.38699999999999996
4234.0,0.38699999999999996
4235.0,0.344
4236.0,0.38699999999999996
4237.0,0.38699999999999996
4238.0,0.38699999999999996
4239.0,0.38699999999999996
4240.0,0.38699999999999996
4241.0,0.38699999999999996
4242.0,0.38699999999999996
4243.0,0.344
4244.0,0.38699999999999996
4245.0,0.38699999999999996
4246.0,0.344
4247.0,0.38699999999999996
4248.0,0.38699999999999996
4249.0,0.344
4250.0,0.344
4251.0,0.344
4252.0,0.38699999999999996
4253.0,0.38699999999999996
4254.0,0.38699999999999996
4255.0,0.38699999999999996
4256.0,0.344
4257.0,0.344
4258.0,0.344
4259.0,0.38699999999999996
4260.0,0.344
4261.0,0.344
4262.0,0.344
4263.0,0.38699999999999996
4264.0,0.344
4265.0,0.38699999999999996
4266.0,0.38699999999999996
4267.0,0.344
4268.0,0.38699999999999996
4269.0,0.38699999999999996
4270.0,0.344
4271.0,0.38699999999999996
4272.0,0.344
4273.0,0.344
4274.0,0.344
4275.0,0.38699999999999996
4276.0,0.38699999999999996
4277.0,0.38699999999999996
4278.0,0.38699999999999996
4279.0,0.38699999999999996
4280.0,0.38699999999999996
4281.0,0.38699999999999996
4282.0,0.38699999999999996
4283.0,0.38699999999999996
4284.0,0.344
4285.0,0.38699999999999996
4286.0,0.344
4287.0,0.344
4288.0,0.344
4289.0,0.344
4290.0,0.344
4291.0,0.344
4292.0,0.344
4293.0,0.38699999999999996
4294.0,0.344
4295.0,0.344
4296.0,0.344
4297.0,0.38699999999999996
4298.0,0.38699999999999996
4299.0,0.38699999999999996
4300.0,0.38699999999999996
4301.0,0.344
4302.0,0.344
4303.0,0.344
4304.0,0.38699999999999996
4305.0,0.38699999999999996
4306.0,0.38699999999999996
4307.0,0.38699999999999996
4308.0,0.344
4309.0,0.38699999999999996
4310.0,0.38699999999999996
4311.0,0.344
4312.0,0.344
4313.0,0.38699999999999996
4314.0,0.38699999999999996
4315.0,0.38699999999999996
4316.0,0.344
4317.0,0.344
4318.0,0.38699999999999996
4319.0,0.38699999999999996
4320.0,0.38699999999999996
4321.0,0.344
4322.0,0.344
4323.0,0.344
4324.0,0.344
4325.0,0.344
4326.0,0.344
4327.0,0.344
4328.0,0.344
4329.0,0.344
4330.0,0.344
4331.0,0.344
4332.0,0.344
4333.0,0.38699999999999996
4334.0,0.38699999999999996
4335.0,0.344
4336.0,0.38699999999999996
4337.0,0.38699999999999996
4338.0,0.344
4339.0,0.38699999999999996
4340.0,0.38699999999999996
4341.0,0.38699999999999996
4342.0,0.38699999999999996
4343.0,0.38699999999999996
4344.0,0.344
4345.0,0.38699999999999996
4346.0,0.38699999999999996
4347.0,0.38699999999999996
4348.0,0.38699999999999996
4349.0,0.38699999999999996
4350.0,0.344
4351.0,0.38699999999999996
4352.0,0.344
4353.0,0.38699999999999996
4354.0,0.38699999999999996
4355.0,0.38699999999999996
4356.0,0.38699999999999996
4357.0,0.38699999999999996
4358.0,0.38699999999999996
4359.0,0.344
4360.0,0.344
4361.0,0.344
4362.0,0.38699999999999996
4363.0,0.344
4364.0,0.344
4365.0,0.38699999999999996
4366.0,0.344
4367.0,0.344
4368.0,0.38699999999999996
4369.0,0.344
4370.0,0.344
4371.0,0.344
4372.0,0.344
4373.0,0.344
4374.0,0.38699999999999996
4375.0,0.38699999999999996
4376.0,0.344
4377.0,0.344
4378.0,0.344
4379.0,0.38699999999999996
4380.0,0.344
4381.0,0.38699999999999996
4382.0,0.38699999999999996
4383.0,0.38699999999999996
4384.0,0.38699999999999996
4385.0,0.38699999999999996
4386.0,0.344
4387.0,0.38699999999999996
4388.0,0.38699999999999996
4389.0,0.38699999999999996
4390.0,0.38699999999999996
4391.0,0.38699999999999996
4392.0,0.38699999999999996
4393.0,0.38699999999999996
4394.0,0.38699999999999996
4395.0,0.38699999999999996
4396.0,0.344
4397.0,0.344
4398.0,0.344
4399.0,0.344
4400.0,0.344
4401.0,0.344
4402.0,0.38699999999999996
4403.0,0.38699999999999996
4404.0,0.344
4405.0,0.344
4406.0,0.344
4407.0,0.344
4408.0,0.344
4409.0,0.344
4410.0,0.344
4411.0,0.38699999999999996
4412.0,0.344
4413.0,0.38699999999999996
4414.0,0.344
4415.0,0.38699999999999996
4416.0,0.38699999999999996
4417.0,0.38699999999999996
4418.0,0.344
4419.0,0.38699999999999996
4420.0,0.38699999999999996
4421.0,0.38699999999999996
4422.0,0.38699999999999996
4423.0,0.38699999999999996
4424.0,0.38699999999999996
4425.0,0.38699999999999996
4426.0,0.38699999999999996
4427.0,0.38699999999999996
4428.0,0.344
4429.0,0.38699999999999996
4430.0,0.344
4431.0,0.38699999999999996
4432.0,0.38699999999999996
4433.0,0.38699999999999996
4434.0,0.38699999999999996
4435.0,0.344
4436.0,0.344
4437.0,0.344
4438.0,0.38699999999999996
4439.0,0.38699999999999996
4440.0,0.344
4441.0,0.38699999999999996
4442.0,0.344
4443.0,0.344
4444.0,0.38699999999999996
4445.0,0.38699999999999996
4446.0,0.344
4447.0,0.38699999999999996
4448.0,0.344
4449.0,0.38699999999999996
4450.0,0.344
4451.0,0.38699999999999996
4452.0,0.38699999999999996
4453.0,0.38699999999999996
4454.0,0.38699999999999996
4455.0,0.344
4456.0,0.344
4457.0,0.38699999999999996
4458.0,0.38699999999999996
4459.0,0.38699999999999996
4460.0,0.38699999999999996
4461.0,0.38699999999999996
4462.0,0.38699999999999996
4463.0,0.38699999999999996
4464.0,0.38699999999999996
4465.0,0.38699999999999996
4466.0,0.38699999999999996
4467.0,0.38699999999999996
4468.0,0.344
4469.0,0.38699999999999996
4470.0,0.344
4471.0,0.38699999999999996
4472.0,0.344
4473.0,0.38699999999999996
4474.0,0.344
4475.0,0.38699999999999996
4476.0,0.344
4477.0,0.344
4478.0,0.344
4479.0,0.38699999999999996
4480.0,0.344
4481.0,0.38699999999999996
4482.0,0.344
4483.0,0.38699999999999996
4484.0,0.344
4485.0,0.344
4486.0,0.344
4487.0,0.344
4488.0,0.38699999999999996
4489.0,0.344
4490.0,0.38699999999999996
4491.0,0.38699999999999996
4492.0,0.38699999999999996
4493.0,0.38699999999999996
4494.0,0.344
4495.0,0.344
4496.0,0.344
4497.0,0.38699999999999996
4498.0,0.344
4499.0,0.38699999999999996
4500.0,0.38699999999999996
4501.0,0.38699999999999996
4502.0,0.38699999999999996
4503.0,0.38699999999999996
4504.0,0.344
4505.0,0.344
4506.0,0.344
4507.0,0.38699999999999996
4508.0,0.38699999999999996
4509.0,0.38699999999999996
4510.0,0.38699999999999996
4511.0,0.344
4512.0,0.344
4513.0,0.38699999999999996
4514.0,0.344
4515.0,0.344
4516.0,0.38699999999999996
4517.0,0.38699999999999996
4518.0,0.344
4519.0,0.344
4520.0,0.344
4521.0,0.344
4522.0,0.344
4523.0,0.38699999999999996
4524.0,0.38699999999999996
4525.0,0.38699999999999996
4526.0,0.344
4527.0,0.38699999999999996
4528.0,0.344
4529.0,0.38699999999999996
4530.0,0.344
4531.0,0.38699999999999996
4532.0,0.38699999999999996
4533.0,0.38699999999999996
4534.0,0.38699999999999996
4535.0,0.344
4536.0,0.38699999999999996
4537.0,0.344
4538.0,0.344
4539.0,0.38699999999999996
4540.0,0.38699999999999996
4541.0,0.38699999999999996
4542.0,0.38699999999999996
4543.0,0.344
4544.0,0.344
4545.0,0.38699999999999996
4546.0,0.344
4547.0,0.38699999999999996
4548.0,0.38699999999999996
4549.0,0.38699999999999996
4550.0,0.344
4551.0,0.344
4552.0,0.344
4553.0,0.344
4554.0,0.344
4555.0,0.344
4556.0,0.344
4557.0,0.344
4558.0,0.344
4559.0,0.38699999999999996
4560.0,0.344
4561.0,0.38699999999999996
4562.0,0.344
4563.0,0.344
4564.0,0.344
4565.0,0.344
4566.0,0.38699999999999996
4567.0,0.38699999999999996
4568.0,0.38699999999999996
4569.0,0.38699999999999996
4570.0,0.38699999999999996
4571.0,0.38699999999999996
4572.0,0.38699999999999996
4573.0,0.38699999999999996
4574.0,0.38699999999999996
4575.0,0.38699999999999996
4576.0,0.38699999999999996
4577.0,0.38699999999999996
4578.0,0.344
4579.0,0.344
4580.0,0.344
4581.0,0.344
4582.0,0.344
4583.0,0.344
4584.0,0.38699999999999996
4585.0,0.344
4586.0,0.344
4587.0,0.344
4588.0,0.38699999999999996
4589.0,0.38699999999999996
4590.0,0.344
4591.0,0.38699999999999996
4592.0,0.38699999999999996
4593.0,0.344
4594.0,0.344
4595.0,0.344
4596.0,0.38699999999999996
4597.0,0.344
4598.0,0.38699999999999996
4599.0,0.344
4600.0,0.38699999999999996
4601.0,0.38699999999999996
4602.0,0.344
4603.0,0.38699999999999996
4604.0,0.38699999999999996
4605.0,0.344
4606.0,0.38699999999999996
4607.0,0.38699999999999996
4608.0,0.38699999999999996
4609.0,0.38699999999999996
4610.0,0.38699999999999996
4611.0,0.38699999999999996
4612.0,0.38699999999999996
4613.0,0.344
4614.0,0.344
4615.0,0.344
4616.0,0.344
4617.0,0.38699999999999996
4618.0,0.344
4619.0,0.38699999999999996
4620.0,0.38699999999999996
4621.0,0.344
4622.0,0.38699999999999996
4623.0,0.344
4624.0,0.344
4625.0,0.38699999999999996
4626.0,0.344
4627.0,0.38699999999999996
4628.0,0.344
4629.0,0.344
4630.0,0.38699999999999996
4631.0,0.38699999999999996
4632.0,0.344
4633.0,0.38699999999999996
4634.0,0.344
4635.0,0.38699999999999996
4636.0,0.344
4637.0,0.344
4638.0,0.38699999999999996
4639.0,0.38699999999999996
4640.0,0.38699999999999996
4641.0,0.38699999999999996
4642.0,0.38699999999999996
4643.0,0.38699999999999996
4644.0,0.38699999999999996
4645.0,0.38699999999999996
4646.0,0.38699999999999996
4647.0,0.38699999999999996
4648.0,0.344
4649.0,0.344
4650.0,0.38699999999999996
4651.0,0.38699999999999996
4652.0,0.38699999999999996
4653.0,0.38699999999999996
4654.0,0.38699999999999996
4655.0,0.38699999999999996
4656.0,0.344
4657.0,0.38699999999999996
4658.0,0.38699999999999996
4659.0,0.344
4660.0,0.344
4661.0,0.344
4662.0,0.344
4663.0,0.344
4664.0,0.344
4665.0,0.38699999999999996
4666.0,0.344
4667.0,0.344
4668.0,0.344
4669.0,0.344
4670.0,0.344
4671.0,0.344
4672.0,0.344
4673.0,0.38699999999999996
4674.0,0.344
4675.0,0.344
4676.0,0.344
4677.0,0.38699999999999996
4678.0,0.38699999999999996
4679.0,0.38699999999999996
4680.0,0.344
4681.0,0.38699999999999996
4682.0,0.38699999999999996
4683.0,0.38699999999999996
4684.0,0.38699999999999996
4685.0,0.38699999999999996
4686.0,0.38699999999999996
4687.0,0.38699999999999996
4688.0,0.38699999999999996
4689.0,0.38699999999999996
4690.0,0.38699999999999996
4691.0,0.344
4692.0,0.344
4693.0,0.38699999999999996
4694.0,0.344
4695.0,0.38699999999999996
4696.0,0.344
4697.0,0.344
4698.0,0.344
4699.0,0.38699999999999996
4700.0,0.344
4701.0,0.38699999999999996
4702.0,0.344
4703.0,0.344
4704.0,0.344
4705.0,0.344
4706.0,0.38699999999999996
4707.0,0.344
4708.0,0.38699999999999996
4709.0,0.38699999999999996
4710.0,0.344
4711.0,0.38699999999999996
4712.0,0.38699999999999996
4713.0,0.344
4714.0,0.38699999999999996
4715.0,0.38699999999999996
4716.0,0.38699999999999996
4717.0,0.38699999999999996
4718.0,0.38699999999999996
4719.0,0.38699999999999996
4720.0,0.38699999999999996
4721.0,0.38699999999999996
4722.0,0.38699999999999996
4723.0,0.38699999999999996
4724.0,0.38699999999999996
4725.0,0.344
4726.0,0.344
4727.0,0.38699999999999996
4728.0,0.344
4729.0,0.38699999999999996
4730.0,0.344
4731.0,0.344
4732.0,0.344
4733.0,0.344
4734.0,0.344
4735.0,0.38699999999999996
4736.0,0.344
4737.0,0.38699999999999996
4738.0,0.344
4739.0,0.38699999999999996
4740.0,0.344
4741.0,0.38699999999999996
4742.0,0.344
4743.0,0.38699999999999996
4744.0,0.344
4745.0,0.38699999999999996
4746.0,0.38699999999999996
4747.0,0.38699999999999996
4748.0,0.344
4749.0,0.38699999999999996
4750.0,0.344
4751.0,0.38699999999999996
4752.0,0.38699999999999996
4753.0,0.38699999999999996
4754.0,0.38699999999999996
4755.0,0.38699999999999996
4756.0,0.38699999999999996
4757.0,0.38699999999999996
4758.0,0.344
4759.0,0.344
4760.0,0.38699999999999996
4761.0,0.38699999999999996
4762.0,0.38699999999999996
4763.0,0.38699999999999996
4764.0,0.344
4765.0,0.344
4766.0,0.344
4767.0,0.38699999999999996
4768.0,0.344
4769.0,0.344
4770.0,0.344
4771.0,0.344
4772.0,0.344
4773.0,0.38699999999999996
4774.0,0.344
4775.0,0.38699999999999996
4776.0,0.344
4777.0,0.344
4778.0,0.344
4779.0,0.344
4780.0,0.38699999999999996
4781.0,0.38699999999999996
4782.0,0.38699999999999996
4783.0,0.344
4784.0,0.38699999999999996
4785.0,0.38699999999999996
4786.0,0.344
4787.0,0.38699999999999996
4788.0,0.38699999999999996
4789.0,0.38699999999999996
4790.0,0.38699999999999996
4791.0,0.38699999999999996
4792.0,0.38699999999999996
4793.0,0.38699999999999996
4794.0,0.38699999999999996
4795.0,0.38699999999999996
4796.0,0.344
4797.0,0.38699999999999996
4798.0,0.38699999999999996
4799.0,0.38699999999999996
4800.0,0.38699999999999996
4801.0,0.38699999999999996
4802.0,0.38699999999999996
4803.0,0.38699999999999996
4804.0,0.344
4805.0,0.344
4806.0,0.38699999999999996
4807.0,0.38699999999999996
4808.0,0.38699999999999996
4809.0,0.344
4810.0,0.344
4811.0,0.344
4812.0,0.344
4813.0,0.38699999999999996
4814.0,0.344
4815.0,0.344
4816.0,0.344
4817.0,0.344
4818.0,0.38699999999999996
4819.0,0.38699999999999996
4820.0,0.344
4821.0,0.344
4822.0,0.344
4823.0,0.344
4824.0,0.344
4825.0,0.344
4826.0,0.344
4827.0,0.38699999999999996
4828.0,0.38699999999999996
4829.0,0.38699999999999996
4830.0,0.38699999999999996
4831.0,0.38699999999999996
4832.0,0.38699999999999996
4833.0,0.38699999999999996
4834.0,0.344
4835.0,0.38699999999999996
4836.0,0.38699999999999996
4837.0,0.38699999999999996
4838.0,0.38699999999999996
4839.0,0.38699999999999996
4840.0,0.38699999999999996
4841.0,0.38699999999999996
4842.0,0.344
4843.0,0.344
4844.0,0.344
4845.0,0.344
4846.0,0.344
4847.0,0.344
4848.0,0.344
4849.0,0.38699999999999996
4850.0,0.344
4851.0,0.344
4852.0,0.344
4853.0,0.344
4854.0,0.344
4855.0,0.38699999999999996
4856.0,0.38699999999999996
4857.0,0.344
4858.0,0.344
4859.0,0.344
4860.0,0.38699999999999996
4861.0,0.344
4862.0,0.38699999999999996
4863.0,0.38699999999999996
4864.0,0.38699999999999996
4865.0,0.38699999999999996
4866.0,0.38699999999999996
4867.0,0.38699999999999996
4868.0,0.344
4869.0,0.38699999999999996
4870.0,0.344
4871.0,0.38699999999999996
4872.0,0.38699999999999996
4873.0,0.38699999999999996
4874.0,0.38699999999999996
4875.0,0.38699999999999996
4876.0,0.344
4877.0,0.344
4878.0,0.344
4879.0,0.38699999999999996
4880.0,0.38699999999999996
4881.0,0.344
4882.0,0.344
4883.0,0.344
4884.0,0.344
4885.0,0.38699999999999996
4886.0,0.344
4887.0,0.344
4888.0,0.38699999999999996
4889.0,0.344
4890.0,0.344
4891.0,0.344
4892.0,0.344
4893.0,0.344
4894.0,0.344
4895.0,0.38699999999999996
4896.0,0.38699999999999996
4897.0,0.38699999999999996
4898.0,0.38699999999999996
4899.0,0.38699999999999996
4900.0,0.38699999999999996
4901.0,0.38699999999999996
4902.0,0.344
4903.0,0.344
4904.0,0.38699999999999996
4905.0,0.38699999999999996
4906.0,0.38699999999999996
4907.0,0.38699999999999996
4908.0,0.38699999999999996
4909.0,0.38699999999999996
4910.0,0.344
4911.0,0.38699999999999996
4912.0,0.38699999999999996
4913.0,0.38699999999999996
4914.0,0.38699999999999996
4915.0,0.38699999999999996
4916.0,0.344
4917.0,0.38699999999999996
4918.0,0.38699999999999996
4919.0,0.38699999999999996
4920.0,0.344
4921.0,0.344
4922.0,0.344
4923.0,0.344
4924.0,0.344
4925.0,0.38699999999999996
4926.0,0.38699999999999996
4927.0,0.38699999999999996
4928.0,0.344
4929.0,0.344
4930.0,0.344
4931.0,0.344
4932.0,0.344
4933.0,0.38699999999999996
4934.0,0.344
4935.0,0.38699999999999996
4936.0,0.344
4937.0,0.344
4938.0,0.38699999999999996
4939.0,0.38699999999999996
4940.0,0.38699999999999996
4941.0,0.38699999999999996
4942.0,0.38699999999999996
4943.0,0.344
4944.0,0.344
4945.0,0.38699999999999996
4946.0,0.38699999999999996
4947.0,0.38699999999999996
4948.0,0.38699999999999996
4949.0,0.38699999999999996
4950.0,0.38699999999999996
4951.0,0.344
4952.0,0.344
4953.0,0.344
4954.0,0.344
4955.0,0.344
4956.0,0.344
4957.0,0.344
4958.0,0.344
4959.0,0.344
4960.0,0.344
4961.0,0.344
4962.0,0.344
4963.0,0.38699999999999996
4964.0,0.344
4965.0,0.38699999999999996
4966.0,0.344
4967.0,0.38699999999999996
4968.0,0.344
4969.0,0.38699999999999996
4970.0,0.38699999999999996
4971.0,0.38699999999999996
4972.0,0.38699999999999996
4973.0,0.38699999999999996
4974.0,0.38699999999999996
4975.0,0.38699999999999996
4976.0,0.38699999999999996
4977.0,0.344
4978.0,0.38699999999999996
4979.0,0.344
4980.0,0.344
4981.0,0.38699999999999996
4982.0,0.38699999999999996
4983.0,0.38699999999999996
4984.0,0.344
4985.0,0.344
4986.0,0.344
4987.0,0.38699999999999996
4988.0,0.344
4989.0,0.344
4990.0,0.38699999999999996
4991.0,0.344
4992.0,0.344
4993.0,0.38699999999999996
4994.0,0.38699999999999996
4995.0,0.38699999999999996
4996.0,0.344
4997.0,0.344
4998.0,0.344
4999.0,0.38699999999999996
5000.0,0.38699999999999996
5001.0,0.38699999999999996
5002.0,0.344
5003.0,0.344
5004.0,0.38699999999999996
5005.0,0.38699999999999996
5006.0,0.38699999999999996
5007.0,0.38699999999999996
5008.0,0.38699999999999996
5009.0,0.38699999999999996
5010.0,0.344
5011.0,0.38699999999999996
5012.0,0.344
5013.0,0.38699999999999996
5014.0,0.38699999999999996
5015.0,0.38699999999999996
5016.0,0.38699999999999996
5017.0,0.38699999999999996
5018.0,0.38699999999999996
5019.0,0.344
5020.0,0.38699999999999996
5021.0,0.344
5022.0,0.344
5023.0,0.344
5024.0,0.38699999999999996
5025.0,0.38699999999999996
5026.0,0.344
5027.0,0.344
5028.0,0.344
5029.0,0.344
5030.0,0.38699999999999996
5031.0,0.38699999999999996
5032.0,0.344
5033.0,0.38699999999999996
5034.0,0.344
5035.0,0.38699999999999996
5036.0,0.344
5037.0,0.344
5038.0,0.344
5039.0,0.38699999999999996
5040.0,0.344
5041.0,0.38699999999999996
5042.0,0.38699999999999996
5043.0,0.38699999999999996
5044.0,0.38699999999999996
5045.0,0.38699999999999996
5046.0,0.344
5047.0,0.344
5048.0,0.38699999999999996
5049.0,0.38699999999999996
5050.0,0.38699999999999996
5051.0,0.38699999999999996
5052.0,0.38699999999999996
5053.0,0.38699999999999996
5054.0,0.38699999999999996
5055.0,0.344
5056.0,0.38699999999999996
5057.0,0.38699999999999996
5058.0,0.344
5059.0,0.38699999999999996
5060.0,0.344
5061.0,0.38699999999999996
5062.0,0.344
5063.0,0.38699999999999996
5064.0,0.344
5065.0,0.38699999999999996
5066.0,0.344
5067.0,0.344
5068.0,0.344
5069.0,0.344
5070.0,0.344
5071.0,0.344
5072.0,0.344
5073.0,0.344
5074.0,0.344
5075.0,0.344
5076.0,0.344
5077.0,0.344
5078.0,0.344
5079.0,0.344
5080.0,0.344
5081.0,0.38699999999999996
5082.0,0.38699999999999996
5083.0,0.38699999999999996
5084.0,0.38699999999999996
5085.0,0.38699999999999996
5086.0,0.344
5087.0,0.38699999999999996
5088.0,0.38699999999999996
5089.0,0.38699999999999996
5090.0,0.38699999999999996
5091.0,0.38699999999999996
5092.0,0.38699999999999996
5093.0,0.38699999999999996
5094.0,0.38699999999999996
5095.0,0.38699999999999996
5096.0,0.38699999999999996
5097.0,0.38699999999999996
5098.0,0.344
5099.0,0.344
5100.0,0.344
5101.0,0.344
5102.0,0.344
5103.0,0.344
5104.0,0.344
5105.0,0.38699999999999996
5106.0,0.344
5107.0,0.344
5108.0,0.344
5109.0,0.38699999999999996
5110.0,0.344
5111.0,0.38699999999999996
5112.0,0.344
5113.0,0.38699999999999996
5114.0,0.344
5115.0,0.38699999999999996
5116.0,0.344
5117.0,0.38699999999999996
5118.0,0.344
5119.0,0.38699999999999996
5120.0,0.38699999999999996
5121.0,0.344
5122.0,0.344
5123.0,0.38699999999999996
5124.0,0.38699999999999996
5125.0,0.38699999999999996
5126.0,0.38699999999999996
5127.0,0.344
5128.0,0.344
5129.0,0.38699999999999996
5130.0,0.344
5131.0,0.38699999999999996
5132.0,0.38699999999999996
5133.0,0.38699999999999996
5134.0,0.344
5135.0,0.38699999999999996
5136.0,0.38699999999999996
5137.0,0.344
5138.0,0.344
5139.0,0.38699999999999996
5140.0,0.38699999999999996
5141.0,0.344
5142.0,0.344
5143.0,0.344
5144.0,0.344
5145.0,0.344
5146.0,0.344
5147.0,0.344
5148.0,0.344
5149.0,0.38699999999999996
5150.0,0.344
5151.0,0.38699999999999996
5152.0,0.344
5153.0,0.38699999999999996
5154.0,0.38699999999999996
5155.0,0.344
5156.0,0.38699999999999996
5157.0,0.38699999999999996
5158.0,0.344
5159.0,0.38699999999999996
5160.0,0.38699999999999996
5161.0,0.344
5162.0,0.38699999999999996
5163.0,0.344
5164.0,0.344
5165.0,0.38699999999999996
5166.0,0.38699999999999996
5167.0,0.38699999999999996
5168.0,0.344
5169.0,0.38699999999999996
5170.0,0.38699999999999996
5171.0,0.344
5172.0,0.344
5173.0,0.38699999999999996
5174.0,0.38699999999999996
5175.0,0.38699999999999996
5176.0,0.344
5177.0,0.344
5178.0,0.344
5179.0,0.344
5180.0,0.344
5181.0,0.344
5182.0,0.344
5183.0,0.344
5184.0,0.344
5185.0,0.38699999999999996
5186.0,0.344
5187.0,0.344
5188.0,0.38699999999999996
5189.0,0.344
5190.0,0.344
5191.0,0.344
5192.0,0.344
5193.0,0.38699999999999996
5194.0,0.38699999999999996
5195.0,0.38699999999999996
5196.0,0.38699999999999996
5197.0,0.38699999999999996
5198.0,0.38699999999999996
5199.0,0.344
5200.0,0.38699999999999996
5201.0,0.38699999999999996
5202.0,0.38699999999999996
5203.0,0.38699999999999996
5204.0,0.38699999999999996
5205.0,0.38699999999999996
5206.0,0.344
5207.0,0.38699999999999996
5208.0,0.38699999999999996
5209.0,0.38699999999999996
5210.0,0.344
5211.0,0.344
5212.0,0.344
5213.0,0.344
5214.0,0.344
5215.0,0.38699999999999996
5216.0,0.344
5217.0,0.344
5218.0,0.344
5219.0,0.344
5220.0,0.344
5221.0,0.344
5222.0,0.344
5223.0,0.38699999999999996
5224.0,0.38699999999999996
5225.0,0.38699999999999996
5226.0,0.344
5227.0,0.38699999999999996
5228.0,0.344
5229.0,0.38699999999999996
5230.0,0.344
5231.0,0.38699999999999996
5232.0,0.344
5233.0,0.38699999999999996
5234.0,0.38699999999999996
5235.0,0.38699999999999996
5236.0,0.38699999999999996
5237.0,0.38699999999999996
5238.0,0.344
5239.0,0.38699999999999996
5240.0,0.38699999999999996
5241.0,0.38699999999999996
5242.0,0.38699999999999996
5243.0,0.38699999999999996
5244.0,0.38699999999999996
5245.0,0.38699999999999996
5246.0,0.38699999999999996
5247.0,0.344
5248.0,0.344
5249.0,0.344
5250.0,0.344
5251.0,0.344
5252.0,0.344
5253.0,0.38699999999999996
5254.0,0.344
5255.0,0.344
5256.0,0.344
5257.0,0.344
5258.0,0.344
5259.0,0.344
5260.0,0.38699999999999996
5261.0,0.344
5262.0,0.344
5263.0,0.344
5264.0,0.344
5265.0,0.344
5266.0,0.344
5267.0,0.38699999999999996
5268.0,0.38699999999999996
5269.0,0.38699999999999996
5270.0,0.38699999999999996
5271.0,0.38699999999999996
5272.0,0.38699999999999996
5273.0,0.38699999999999996
5274.0,0.38699999999999996
5275.0,0.38699999999999996
5276.0,0.38699999999999996
5277.0,0.38699999999999996
5278.0,0.38699999999999996
5279.0,0.38699999999999996
5280.0,0.344
5281.0,0.38699999999999996
5282.0,0.38699999999999996
5283.0,0.38699999999999996
5284.0,0.344
5285.0,0.344
5286.0,0.344
5287.0,0.344
5288.0,0.344
5289.0,0.344
5290.0,0.344
5291.0,0.344
5292.0,0.344
5293.0,0.344
5294.0,0.38699999999999996
5295.0,0.38699999999999996
5296.0,0.344
5297.0,0.38699999999999996
5298.0,0.344
5299.0,0.344
5300.0,0.38699999999999996
5301.0,0.344
5302.0,0.344
5303.0,0.38699999999999996
5304.0,0.344
5305.0,0.38699999999999996
5306.0,0.344
5307.0,0.38699999999999996
5308.0,0.38699999999999996
5309.0,0.38699999999999996
5310.0,0.38699999999999996
5311.0,0.38699999999999996
5312.0,0.344
5313.0,0.38699999999999996
5314.0,0.38699999999999996
5315.0,0.38699999999999996
5316.0,0.38699999999999996
5317.0,0.38699999999999996
5318.0,0.38699999999999996
5319.0,0.38699999999999996
5320.0,0.344
5321.0,0.38699999999999996
5322.0,0.344
5323.0,0.38699999999999996
5324.0,0.38699999999999996
5325.0,0.38699999999999996
5326.0,0.344
5327.0,0.344
5328.0,0.344
5329.0,0.38699999999999996
5330.0,0.344
5331.0,0.344
5332.0,0.344
5333.0,0.344
5334.0,0.344
5335.0,0.344
5336.0,0.38699999999999996
5337.0,0.344
5338.0,0.38699999999999996
5339.0,0.38699999999999996
5340.0,0.344
5341.0,0.344
5342.0,0.38699999999999996
5343.0,0.344
5344.0,0.344
5345.0,0.38699999999999996
5346.0,0.38699999999999996
5347.0,0.38699999999999996
5348.0,0.344
5349.0,0.38699999999999996
5350.0,0.344
5351.0,0.38699999999999996
5352.0,0.344
5353.0,0.38699999999999996
5354.0,0.38699999999999996
5355.0,0.38699999999999996
5356.0,0.38699999999999996
5357.0,0.344
5358.0,0.38699999999999996
5359.0,0.344
5360.0,0.344
5361.0,0.344
5362.0,0.344
5363.0,0.344
5364.0,0.344
5365.0,0.344
5366.0,0.344
5367.0,0.38699999999999996
5368.0,0.344
5369.0,0.38699999999999996
5370.0,0.344
5371.0,0.38699999999999996
5372.0,0.344
5373.0,0.38699999999999996
5374.0,0.344
5375.0,0.344
5376.0,0.344
5377.0,0.38699999999999996
5378.0,0.38699999999999996
5379.0,0.38699999999999996
5380.0,0.344
5381.0,0.38699999999999996
5382.0,0.344
5383.0,0.344
5384.0,0.38699999999999996
5385.0,0.38699999999999996
5386.0,0.38699999999999996
5387.0,0.38699999999999996
5388.0,0.38699999999999996
5389.0,0.344
5390.0,0.38699999999999996
5391.0,0.38699999999999996
5392.0,0.38699999999999996
5393.0,0.38699999999999996
5394.0,0.344
5395.0,0.344
5396.0,0.344
5397.0,0.344
5398.0,0.344
5399.0,0.344
5400.0,0.344
5401.0,0.38699999999999996
5402.0,0.344
5403.0,0.38699999999999996
5404.0,0.344
5405.0,0.344
5406.0,0.344
5407.0,0.344
5408.0,0.344
5409.0,0.344
5410.0,0.344
5411.0,0.38699999999999996
5412.0,0.344
5413.0,0.38699999999999996
5414.0,0.38699999999999996
5415.0,0.38699999999999996
5416.0,0.38699999999999996
5417.0,0.38699999999999996
5418.0,0.344
5419.0,0.344
5420.0,0.38699999999999996
5421.0,0.38699999999999996
5422.0,0.38699999999999996
5423.0,0.38699999999999996
5424.0,0.38699999999999996
5425.0,0.38699999999999996
5426.0,0.344
5427.0,0.38699999999999996
5428.0,0.344
5429.0,0.38699999999999996
5430.0,0.344
5431.0,0.38699999999999996
5432.0,0.344
5433.0,0.344
5434.0,0.38699999999999996
5435.0,0.344
5436.0,0.344
5437.0,0.344
5438.0,0.344
5439.0,0.344
5440.0,0.344
5441.0,0.38699999999999996
5442.0,0.344
5443.0,0.344
5444.0,0.344
5445.0,0.38699999999999996
5446.0,0.344
5447.0,0.38699999999999996
5448.0,0.344
5449.0,0.38699999999999996
5450.0,0.344
5451.0,0.38699999999999996
5452.0,0.344
5453.0,0.38699999999999996
5454.0,0.38699999999999996
5455.0,0.38699999999999996
5456.0,0.344
5457.0,0.38699999999999996
5458.0,0.38699999999999996
5459.0,0.38699999999999996
5460.0,0.38699999999999996
5461.0,0.38699999999999996
5462.0,0.38699999999999996
5463.0,0.38699999999999996
5464.0,0.38699999999999996
5465.0,0.38699999999999996
5466.0,0.38699999999999996
5467.0,0.344
5468.0,0.344
5469.0,0.344
5470.0,0.344
5471.0,0.344
5472.0,0.344
5473.0,0.38699999999999996
5474.0,0.344
5475.0,0.38699999999999996
5476.0,0.344
5477.0,0.344
5478.0,0.344
5479.0,0.344
5480.0,0.344
5481.0,0.38699999999999996
5482.0,0.344
5483.0,0.344
5484.0,0.344
5485.0,0.344
5486.0,0.344
5487.0,0.38699999999999996
5488.0,0.344
5489.0,0.38699999999999996
5490.0,0.38699999999999996
5491.0,0.38699999999999996
5492.0,0.38699999999999996
5493.0,0.38699999999999996
5494.0,0.344
5495.0,0.38699999999999996
5496.0,0.38699999999999996
5497.0,0.38699999999999996
5498.0,0.38699999999999996
5499.0,0.38699999999999996
5500.0,0.38699999999999996
5501.0,0.38699999999999996
5502.0,0.344
5503.0,0.38699999999999996
5504.0,0.344
5505.0,0.344
5506.0,0.344
5507.0,0.344
5508.0,0.344
5509.0,0.344
5510.0,0.344
5511.0,0.344
5512.0,0.344
5513.0,0.38699999999999996
5514.0,0.344
5515.0,0.344
5516.0,0.344
5517.0,0.38699999999999996
5518.0,0.344
5519.0,0.344
5520.0,0.38699999999999996
5521.0,0.344
5522.0,0.344
5523.0,0.38699999999999996
5524.0,0.344
5525.0,0.344
5526.0,0.38699999999999996
5527.0,0.344
5528.0,0.344
5529.0,0.344
5530.0,0.38699999999999996
5531.0,0.38699999999999996
5532.0,0.38699999999999996
5533.0,0.38699999999999996
5534.0,0.38699999999999996
5535.0,0.38699999999999996
5536.0,0.38699999999999996
5537.0,0.38699999999999996
5538.0,0.38699999999999996
5539.0,0.38699999999999996
5540.0,0.38699999999999996
5541.0,0.38699999999999996
5542.0,0.38699999999999996
5543.0,0.38699999999999996
5544.0,0.344
5545.0,0.344
5546.0,0.344
5547.0,0.38699999999999996
5548.0,0.38699999999999996
5549.0,0.344
5550.0,0.344
5551.0,0.344
5552.0,0.344
5553.0,0.344
5554.0,0.344
5555.0,0.344
5556.0,0.344
5557.0,0.38699999999999996
5558.0,0.344
5559.0,0.344
5560.0,0.344
5561.0,0.344
5562.0,0.344
5563.0,0.38699999999999996
5564.0,0.38699999999999996
5565.0,0.38699999999999996
5566.0,0.38699999999999996
5567.0,0.38699999999999996
5568.0,0.38699999999999996
5569.0,0.38699999999999996
5570.0,0.38699999999999996
5571.0,0.38699999999999996
5572.0,0.38699999999999996
5573.0,0.344
5574.0,0.344
5575.0,0.38699999999999996
5576.0,0.38699999999999996
5577.0,0.38699999999999996
5578.0,0.344
5579.0,0.38699999999999996
5580.0,0.344
5581.0,0.344
5582.0,0.344
5583.0,0.38699999999999996
5584.0,0.344
5585.0,0.38699999999999996
5586.0,0.344
5587.0,0.344
5588.0,0.344
5589.0,0.38699999999999996
5590.0,0.344
5591.0,0.38699999999999996
5592.0,0.38699999999999996
5593.0,0.344
5594.0,0.344
5595.0,0.344
5596.0,0.344
5597.0,0.38699999999999996
5598.0,0.344
5599.0,0.38699999999999996
5600.0,0.344
5601.0,0.38699999999999996
5602.0,0.38699999999999996
5603.0,0.344
5604.0,0.38699999999999996
5605.0,0.38699999999999996
5606.0,0.38699999999999996
5607.0,0.38699999999999996
5608.0,0.38699999999999996
5609.0,0.38699999999999996
5610.0,0.344
5611.0,0.344
5612.0,0.344
5613.0,0.38699999999999996
5614.0,0.344
5615.0,0.344
5616.0,0.38699999999999996
5617.0,0.38699999999999996
5618.0,0.38699999999999996
5619.0,0.344
5620.0,0.38699999999999996
5621.0,0.38699999999999996
5622.0,0.38699999999999996
5623.0,0.38699999999999996
5624.0,0.344
5625.0,0.344
5626.0,0.38699999999999996
5627.0,0.344
5628.0,0.344
5629.0,0.38699999999999996
5630.0,0.344
5631.0,0.38699999999999996
5632.0,0.344
5633.0,0.344
5634.0,0.344
5635.0,0.38699999999999996
5636.0,0.344
5637.0,0.38699999999999996
5638.0,0.344
5639.0,0.38699999999999996
5640.0,0.344
5641.0,0.38699999999999996
5642.0,0.38699999999999996
5643.0,0.38699999999999996
5644.0,0.38699999999999996
5645.0,0.38699999999999996
5646.0,0.344
5647.0,0.38699999999999996
5648.0,0.38699999999999996
5649.0,0.38699999999999996
5650.0,0.38699999999999996
5651.0,0.38699999999999996
5652.0,0.344
5653.0,0.344
5654.0,0.344
5655.0,0.38699999999999996
5656.0,0.38699999999999996
5657.0,0.38699999999999996
5658.0,0.344
5659.0,0.38699999999999996
5660.0,0.344
5661.0,0.38699999999999996
5662.0,0.344
5663.0,0.344
5664.0,0.344
5665.0,0.344
5666.0,0.344
5667.0,0.344
5668.0,0.344
5669.0,0.344
5670.0,0.344
5671.0,0.344
5672.0,0.344
5673.0,0.38699999999999996
5674.0,0.344
5675.0,0.38699999999999996
5676.0,0.38699999999999996
5677.0,0.38699999999999996
5678.0,0.344
5679.0,0.38699999999999996
5680.0,0.38699999999999996
5681.0,0.344
5682.0,0.38699999999999996
5683.0,0.38699999999999996
5684.0,0.38699999999999996
5685.0,0.38699999999999996
5686.0,0.344
5687.0,0.344
5688.0,0.344
5689.0,0.38699999999999996
5690.0,0.38699999999999996
5691.0,0.38699999999999996
5692.0,0.344
5693.0,0.344
5694.0,0.344
5695.0,0.38699999999999996
5696.0,0.344
5697.0,0.344
5698.0,0.344
5699.0,0.38699999999999996
5700.0,0.344
5701.0,0.344
5702.0,0.344
5703.0,0.38699999999999996
5704.0,0.344
5705.0,0.344
5706.0,0.344
5707.0,0.344
5708.0,0.38699999999999996
5709.0,0.38699999999999996
5710.0,0.38699999999999996
5711.0,0.38699999999999996
5712.0,0.38699999999999996
5713.0,0.38699999999999996
5714.0,0.38699999999999996
5715.0,0.38699999999999996
5716.0,0.38699999999999996
5717.0,0.38699999999999996
5718.0,0.38699999999999996
5719.0,0.38699999999999996
5720.0,0.344
5721.0,0.344
5722.0,0.38699999999999996
5723.0,0.38699999999999996
5724.0,0.38699999999999996
5725.0,0.38699999999999996
5726.0,0.38699999999999996
5727.0,0.38699999999999996
5728.0,0.344
5729.0,0.38699999999999996
5730.0,0.344
5731.0,0.38699999999999996
5732.0,0.344
5733.0,0.344
5734.0,0.344
5735.0,0.344
5736.0,0.344
5737.0,0.344
5738.0,0.344
5739.0,0.344
5740.0,0.344
5741.0,0.38699999999999996
5742.0,0.344
5743.0,0.344
5744.0,0.344
5745.0,0.344
5746.0,0.38699999999999996
5747.0,0.38699999999999996
5748.0,0.38699999999999996
5749.0,0.344
5750.0,0.38699999999999996
5751.0,0.38699999999999996
5752.0,0.38699999999999996
5753.0,0.38699999999999996
5754.0,0.38699999999999996
5755.0,0.38699999999999996
5756.0,0.38699999999999996
5757.0,0.38699999999999996
5758.0,0.344
5759.0,0.38699999999999996
5760.0,0.38699999999999996
5761.0,0.38699999999999996
5762.0,0.38699999999999996
5763.0,0.344
5764.0,0.344
5765.0,0.38699999999999996
5766.0,0.344
5767.0,0.38699999999999996
5768.0,0.344
5769.0,0.344
5770.0,0.344
5771.0,0.38699999999999996
5772.0,0.344
5773.0,0.344
5774.0,0.344
5775.0,0.344
5776.0,0.344
5777.0,0.344
5778.0,0.344
5779.0,0.344
5780.0,0.344
5781.0,0.344
5782.0,0.344
5783.0,0.344
5784.0,0.38699999999999996
5785.0,0.344
5786.0,0.344
5787.0,0.344
5788.0,0.344
5789.0,0.38699999999999996
5790.0,0.344
5791.0,0.38699999999999996
5792.0,0.344
5793.0,0.38699999999999996
5794.0,0.38699999999999996
5795.0,0.38699999999999996
5796.0,0.344
5797.0,0.38699999999999996
5798.0,0.344
5799.0,0.38699999999999996
5800.0,0.344
5801.0,0.38699999999999996
5802.0,0.344
5803.0,0.344
5804.0,0.344
5805.0,0.38699999999999996
5806.0,0.344
5807.0,0.38699999999999996
5808.0,0.344
5809.0,0.38699999999999996
5810.0,0.344
5811.0,0.344
5812.0,0.344
5813.0,0.344
5814.0,0.344
5815.0,0.344
5816.0,0.344
5817.0,0.344
5818.0,0.38699999999999996
5819.0,0.344
5820.0,0.344
5821.0,0.344
5822.0,0.344
5823.0,0.344
5824.0,0.344
5825.0,0.344
5826.0,0.344
5827.0,0.38699999999999996
5828.0,0.38699999999999996
5829.0,0.38699999999999996
5830.0,0.38699999999999996
5831.0,0.38699999999999996
5832.0,0.38699999999999996
5833.0,0.38699999999999996
5834.0,0.38699999999999996
5835.0,0.38699999999999996
5836.0,0.38699999999999996
5837.0,0.38699999999999996
5838.0,0.38699999999999996
5839.0,0.38699999999999996
5840.0,0.344
5841.0,0.344
5842.0,0.344
5843.0,0.344
5844.0,0.344
5845.0,0.38699999999999996
5846.0,0.344
5847.0,0.38699999999999996
5848.0,0.344
5849.0,0.38699999999999996
5850.0,0.344
5851.0,0.344
5852.0,0.38699999999999996
5853.0,0.344
5854.0,0.344
5855.0,0.38699999999999996
5856.0,0.344
5857.0,0.344
5858.0,0.38699999999999996
5859.0,0.344
5860.0,0.38699999999999996
5861.0,0.38699999999999996
5862.0,0.38699999999999996
5863.0,0.344
5864.0,0.38699999999999996
5865.0,0.38699999999999996
5866.0,0.344
5867.0,0.344
5868.0,0.344
5869.0,0.38699999999999996
5870.0,0.344
5871.0,0.38699999999999996
5872.0,0.38699999999999996
5873.0,0.38699999999999996
5874.0,0.344
5875.0,0.344
5876.0,0.344
5877.0,0.344
5878.0,0.344
5879.0,0.344
5880.0,0.344
5881.0,0.38699999999999996
5882.0,0.344
5883.0,0.344
5884.0,0.344
5885.0,0.344
5886.0,0.344
5887.0,0.38699999999999996
5888.0,0.344
5889.0,0.38699999999999996
5890.0,0.344
5891.0,0.38699999999999996
5892.0,0.344
5893.0,0.38699999999999996
5894.0,0.38699999999999996
5895.0,0.38699999999999996
5896.0,0.344
5897.0,0.38699999999999996
5898.0,0.344
5899.0,0.344
5900.0,0.344
5901.0,0.344
5902.0,0.38699999999999996
5903.0,0.38699999999999996
5904.0,0.344
5905.0,0.344
5906.0,0.38699999999999996
5907.0,0.344
5908.0,0.344
5909.0,0.344
5910.0,0.38699999999999996
5911.0,0.38699999999999996
5912.0,0.344
5913.0,0.38699999999999996
5914.0,0.344
5915.0,0.38699999999999996
5916.0,0.344
5917.0,0.344
5918.0,0.344
5919.0,0.344
5920.0,0.344
5921.0,0.344
5922.0,0.344
5923.0,0.344
5924.0,0.344
5925.0,0.344
5926.0,0.344
5927.0,0.344
5928.0,0.38699999999999996
5929.0,0.38699999999999996
5930.0,0.344
5931.0,0.344
5932.0,0.38699999999999996
5933.0,0.38699999999999996
5934.0,0.344
5935.0,0.344
5936.0,0.38699999999999996
5937.0,0.38699999999999996
5938.0,0.38699999999999996
5939.0,0.38699999999999996
5940.0,0.38699999999999996
5941.0,0.38699999999999996
5942.0,0.344
5943.0,0.344
5944.0,0.344
5945.0,0.344
5946.0,0.38699999999999996
5947.0,0.38699999999999996
5948.0,0.344
5949.0,0.344
5950.0,0.344
5951.0,0.344
5952.0,0.344
5953.0,0.344
5954.0,0.344
5955.0,0.38699999999999996
5956.0,0.38699999999999996
5957.0,0.38699999999999996
5958.0,0.344
5959.0,0.344
5960.0,0.344
5961.0,0.344
5962.0,0.344
5963.0,0.38699999999999996
5964.0,0.344
5965.0,0.344
5966.0,0.344
5967.0,0.344
5968.0,0.344
5969.0,0.38699999999999996
5970.0,0.38699999999999996
5971.0,0.38699999999999996
5972.0,0.344
5973.0,0.344
5974.0,0.344
5975.0,0.38699999999999996
5976.0,0.38699999999999996
5977.0,0.38699999999999996
5978.0,0.38699999999999996
5979.0,0.38699999999999996
5980.0,0.38699999999999996
5981.0,0.38699999999999996
5982.0,0.38699999999999996
5983.0,0.344
5984.0,0.344
5985.0,0.38699999999999996
5986.0,0.344
5987.0,0.344
5988.0,0.344
5989.0,0.38699999999999996
5990.0,0.344
5991.0,0.38699999999999996
5992.0,0.344
5993.0,0.38699999999999996
5994.0,0.344
5995.0,0.38699999999999996
5996.0,0.344
5997.0,0.344
5998.0,0.344
5999.0,0.344
6000.0,0.344
6001.0,0.344
6002.0,0.344
6003.0,0.38699999999999996
6004.0,0.344
6005.0,0.38699999999999996
6006.0,0.38699999999999996
6007.0,0.38699999999999996
6008.0,0.38699999999999996
6009.0,0.344
6010.0,0.38699999999999996
6011.0,0.344
6012.0,0.38699999999999996
6013.0,0.38699999999999996
6014.0,0.38699999999999996
6015.0,0.38699999999999996
6016.0,0.38699999999999996
6017.0,0.38699999999999996
6018.0,0.38699999999999996
6019.0,0.38699999999999996
6020.0,0.344
6021.0,0.38699999999999996
6022.0,0.344
6023.0,0.38699999999999996
6024.0,0.38699999999999996
6025.0,0.344
6026.0,0.344
6027.0,0.38699999999999996
6028.0,0.344
6029.0,0.38699999999999996
6030.0,0.344
6031.0,0.344
6032.0,0.38699999999999996
6033.0,0.38699999999999996
6034.0,0.344
6035.0,0.344
6036.0,0.344
6037.0,0.38699999999999996
6038.0,0.344
6039.0,0.344
6040.0,0.38699999999999996
6041.0,0.38699999999999996
6042.0,0.344
6043.0,0.38699999999999996
6044.0,0.344
6045.0,0.38699999999999996
6046.0,0.38699999999999996
6047.0,0.38699999999999996
6048.0,0.38699999999999996
6049.0,0.38699999999999996
6050.0,0.38699999999999996
6051.0,0.38699999999999996
6052.0,0.38699999999999996
6053.0,0.38699999999999996
6054.0,0.38699999999999996
6055.0,0.38699999999999996
6056.0,0.344
6057.0,0.38699999999999996
6058.0,0.344
6059.0,0.344
6060.0,0.344
6061.0,0.344
6062.0,0.344
6063.0,0.38699999999999996
6064.0,0.344
6065.0,0.38699999999999996
6066.0,0.344
6067.0,0.344
6068.0,0.344
6069.0,0.344
6070.0,0.344
6071.0,0.344
6072.0,0.38699999999999996
6073.0,0.344
6074.0,0.38699999999999996
6075.0,0.38699999999999996
6076.0,0.38699999999999996
6077.0,0.38699999999999996
6078.0,0.344
6079.0,0.38699999999999996
6080.0,0.344
6081.0,0.38699999999999996
6082.0,0.38699999999999996
6083.0,0.38699999999999996
6084.0,0.344
6085.0,0.38699999999999996
6086.0,0.344
6087.0,0.344
6088.0,0.344
6089.0,0.344
6090.0,0.344
6091.0,0.344
6092.0,0.344
6093.0,0.344
6094.0,0.38699999999999996
6095.0,0.344
6096.0,0.344
6097.0,0.344
6098.0,0.344
6099.0,0.344
6100.0,0.38699999999999996
6101.0,0.38699999999999996
6102.0,0.344
6103.0,0.344
6104.0,0.344
6105.0,0.38699999999999996
6106.0,0.344
6107.0,0.344
6108.0,0.344
6109.0,0.38699999999999996
6110.0,0.344
6111.0,0.344
6112.0,0.344
6113.0,0.38699999999999996
6114.0,0.344
6115.0,0.344
6116.0,0.38699999999999996
6117.0,0.344
6118.0,0.344
6119.0,0.38699999999999996
6120.0,0.344
6121.0,0.38699999999999996
6122.0,0.344
6123.0,0.38699999999999996
6124.0,0.38699999999999996
6125.0,0.38699999999999996
6126.0,0.38699999999999996
6127.0,0.38699999999999996
6128.0,0.344
6129.0,0.38699999999999996
6130.0,0.344
6131.0,0.344
6132.0,0.344
6133.0,0.38699999999999996
6134.0,0.344
6135.0,0.344
6136.0,0.344
6137.0,0.344
6138.0,0.344
6139.0,0.344
6140.0,0.344
6141.0,0.38699999999999996
6142.0,0.344
6143.0,0.344
6144.0,0.344
6145.0,0.344
6146.0,0.344
6147.0,0.344
6148.0,0.344
6149.0,0.38699999999999996
6150.0,0.38699999999999996
6151.0,0.38699999999999996
6152.0,0.38699999999999996
6153.0,0.38699999999999996
6154.0,0.344
6155.0,0.38699999999999996
6156.0,0.38699999999999996
6157.0,0.38699999999999996
6158.0,0.38699999999999996
6159.0,0.38699999999999996
6160.0,0.38699999999999996
6161.0,0.38699999999999996
6162.0,0.344
6163.0,0.344
6164.0,0.38699999999999996
6165.0,0.38699999999999996
6166.0,0.38699999999999996
6167.0,0.38699999999999996
6168.0,0.344
6169.0,0.38699999999999996
6170.0,0.344
6171.0,0.344
6172.0,0.38699999999999996
6173.0,0.344
6174.0,0.38699999999999996
6175.0,0.344
6176.0,0.344
6177.0,0.38699999999999996
6178.0,0.344
6179.0,0.344
6180.0,0.344
6181.0,0.344
6182.0,0.344
6183.0,0.38699999999999996
6184.0,0.344
6185.0,0.344
6186.0,0.344
6187.0,0.344
6188.0,0.344
6189.0,0.344
6190.0,0.344
6191.0,0.38699999999999996
6192.0,0.38699999999999996
6193.0,0.38699999999999996
6194.0,0.344
6195.0,0.344
6196.0,0.344
6197.0,0.38699999999999996
6198.0,0.344
6199.0,0.38699999999999996
6200.0,0.344
6201.0,0.38699999999999996
6202.0,0.38699999999999996
6203.0,0.38699999999999996
6204.0,0.38699999999999996
6205.0,0.344
6206.0,0.38699999999999996
6207.0,0.38699999999999996
6208.0,0.344
6209.0,0.344
6210.0,0.344
6211.0,0.344
6212.0,0.344
6213.0,0.344
6214.0,0.344
6215.0,0.38699999999999996
6216.0,0.344
6217.0,0.344
6218.0,0.344
6219.0,0.344
6220.0,0.344
6221.0,0.344
6222.0,0.344
6223.0,0.344
6224.0,0.344
6225.0,0.38699999999999996
6226.0,0.344
6227.0,0.344
6228.0,0.344
6229.0,0.38699999999999996
6230.0,0.38699999999999996
6231.0,0.344
6232.0,0.38699999999999996
6233.0,0.38699999999999996
6234.0,0.38699999999999996
6235.0,0.38699999999999996
6236.0,0.344
6237.0,0.38699999999999996
6238.0,0.344
6239.0,0.38699999999999996
6240.0,0.38699999999999996
6241.0,0.38699999999999996
6242.0,0.38699999999999996
6243.0,0.38699999999999996
6244.0,0.344
6245.0,0.344
6246.0,0.344
6247.0,0.344
6248.0,0.344
6249.0,0.344
6250.0,0.344
6251.0,0.38699999999999996
6252.0,0.344
6253.0,0.344
6254.0,0.344
6255.0,0.344
6256.0,0.344
6257.0,0.344
6258.0,0.38699999999999996
6259.0,0.344
6260.0,0.344
6261.0,0.344
6262.0,0.344
6263.0,0.344
6264.0,0.38699999999999996
6265.0,0.38699999999999996
6266.0,0.344
6267.0,0.38699999999999996
6268.0,0.344
6269.0,0.344
6270.0,0.344
6271.0,0.344
6272.0,0.38699999999999996
6273.0,0.38699999999999996
6274.0,0.344
6275.0,0.38699999999999996
6276.0,0.38699999999999996
6277.0,0.344
6278.0,0.344
6279.0,0.38699999999999996
6280.0,0.38699999999999996
6281.0,0.344
6282.0,0.344
6283.0,0.344
6284.0,0.344
6285.0,0.38699999999999996
6286.0,0.344
6287.0,0.344
6288.0,0.344
6289.0,0.344
6290.0,0.344
6291.0,0.38699999999999996
6292.0,0.344
6293.0,0.344
6294.0,0.344
6295.0,0.344
6296.0,0.38699999999999996
6297.0,0.344
6298.0,0.344
6299.0,0.38699999999999996
6300.0,0.344
6301.0,0.38699999999999996
6302.0,0.344
6303.0,0.38699999999999996
6304.0,0.344
6305.0,0.38699999999999996
6306.0,0.344
6307.0,0.344
6308.0,0.38699999999999996
6309.0,0.38699999999999996
6310.0,0.38699999999999996
6311.0,0.38699999999999996
6312.0,0.344
6313.0,0.38699999999999996
6314.0,0.344
6315.0,0.38699999999999996
6316.0,0.344
6317.0,0.38699999999999996
6318.0,0.344
6319.0,0.344
6320.0,0.344
6321.0,0.344
6322.0,0.344
6323.0,0.344
6324.0,0.344
6325.0,0.344
6326.0,0.344
6327.0,0.38699999999999996
6328.0,0.344
6329.0,0.38699999999999996
6330.0,0.344
6331.0,0.344
6332.0,0.344
6333.0,0.344
6334.0,0.344
6335.0,0.38699999999999996
6336.0,0.344
6337.0,0.344
6338.0,0.344
6339.0,0.38699999999999996
6340.0,0.344
6341.0,0.38699999999999996
6342.0,0.38699999999999996
6343.0,0.38699999999999996
6344.0,0.38699999999999996
6345.0,0.38699999999999996
6346.0,0.344
6347.0,0.38699999999999996
6348.0,0.38699999999999996
6349.0,0.38699999999999996
6350.0,0.344
6351.0,0.38699999999999996
6352.0,0.344
6353.0,0.38699999999999996
6354.0,0.38699999999999996
6355.0,0.344
6356.0,0.344
6357.0,0.38699999999999996
6358.0,0.344
6359.0,0.344
6360.0,0.344
6361.0,0.344
6362.0,0.344
6363.0,0.344
6364.0,0.344
6365.0,0.344
6366.0,0.344
6367.0,0.38699999999999996
6368.0,0.344
6369.0,0.344
6370.0,0.344
6371.0,0.344
6372.0,0.344
6373.0,0.38699999999999996
6374.0,0.38699999999999996
6375.0,0.344
6376.0,0.38699999999999996
6377.0,0.38699999999999996
6378.0,0.344
6379.0,0.38699999999999996
6380.0,0.344
6381.0,0.38699999999999996
6382.0,0.344
6383.0,0.38699999999999996
6384.0,0.344
6385.0,0.38699999999999996
6386.0,0.38699999999999996
6387.0,0.38699999999999996
6388.0,0.38699999999999996
6389.0,0.38699999999999996
6390.0,0.344
6391.0,0.38699999999999996
6392.0,0.38699999999999996
6393.0,0.344
6394.0,0.38699999999999996
6395.0,0.344
6396.0,0.344
6397.0,0.344
6398.0,0.344
6399.0,0.38699999999999996
6400.0,0.344
6401.0,0.344
6402.0,0.344
6403.0,0.344
6404.0,0.344
6405.0,0.38699999999999996
6406.0,0.38699999999999996
6407.0,0.38699999999999996
6408.0,0.344
6409.0,0.38699999999999996
6410.0,0.344
6411.0,0.38699999999999996
6412.0,0.344
6413.0,0.38699999999999996
6414.0,0.38699999999999996
6415.0,0.38699999999999996
6416.0,0.38699999999999996
6417.0,0.38699999999999996
6418.0,0.38699999999999996
6419.0,0.38699999999999996
6420.0,0.38699999999999996
6421.0,0.38699999999999996
6422.0,0.38699999999999996
6423.0,0.344
6424.0,0.344
6425.0,0.38699999999999996
6426.0,0.344
6427.0,0.344
6428.0,0.38699999999999996
6429.0,0.38699999999999996
6430.0,0.344
6431.0,0.38699999999999996
6432.0,0.344
6433.0,0.344
6434.0,0.344
6435.0,0.38699999999999996
6436.0,0.344
6437.0,0.38699999999999996
6438.0,0.344
6439.0,0.38699999999999996
6440.0,0.344
6441.0,0.344
6442.0,0.344
6443.0,0.344
6444.0,0.344
6445.0,0.38699999999999996
6446.0,0.344
6447.0,0.344
6448.0,0.38699999999999996
6449.0,0.344
6450.0,0.38699999999999996
6451.0,0.38699999999999996
6452.0,0.344
6453.0,0.38699999999999996
6454.0,0.344
6455.0,0.344
6456.0,0.38699999999999996
6457.0,0.38699999999999996
6458.0,0.344
6459.0,0.344
6460.0,0.344
6461.0,0.38699999999999996
6462.0,0.344
6463.0,0.38699999999999996
6464.0,0.38699999999999996
6465.0,0.344
6466.0,0.38699999999999996
6467.0,0.344
6468.0,0.344
6469.0,0.38699999999999996
6470.0,0.344
6471.0,0.344
6472.0,0.344
6473.0,0.344
6474.0,0.344
6475.0,0.344
6476.0,0.344
6477.0,0.344
6478.0,0.344
6479.0,0.344
6480.0,0.344
6481.0,0.38699999999999996
6482.0,0.344
6483.0,0.344
6484.0,0.344
6485.0,0.38699999999999996
6486.0,0.344
6487.0,0.344
6488.0,0.38699999999999996
6489.0,0.38699999999999996
6490.0,0.344
6491.0,0.38699999999999996
6492.0,0.38699999999999996
6493.0,0.38699999999999996
6494.0,0.344
6495.0,0.344
6496.0,0.38699999999999996
6497.0,0.344
6498.0,0.38699999999999996
6499.0,0.38699999999999996
6500.0,0.344
6501.0,0.344
6502.0,0.344
6503.0,0.344
6504.0,0.344
6505.0,0.38699999999999996
6506.0,0.344
6507.0,0.344
6508.0,0.344
6509.0,0.344
6510.0,0.344
6511.0,0.344
6512.0,0.344
6513.0,0.38699999999999996
6514.0,0.344
6515.0,0.38699999999999996
6516.0,0.344
6517.0,0.344
6518.0,0.344
6519.0,0.38699999999999996
6520.0,0.344
6521.0,0.38699999999999996
6522.0,0.344
6523.0,0.38699999999999996
6524.0,0.344
6525.0,0.38699999999999996
6526.0,0.344
6527.0,0.38699999999999996
6528.0,0.344
6529.0,0.38699999999999996
6530.0,0.38699999999999996
6531.0,0.38699999999999996
6532.0,0.344
6533.0,0.38699999999999996
6534.0,0.344
6535.0,0.38699999999999996
6536.0,0.344
6537.0,0.344
6538.0,0.344
6539.0,0.38699999999999996
6540.0,0.344
6541.0,0.344
6542.0,0.344
6543.0,0.344
6544.0,0.344
6545.0,0.344
6546.0,0.344
6547.0,0.344
6548.0,0.344
6549.0,0.344
6550.0,0.344
6551.0,0.344
6552.0,0.344
6553.0,0.344
6554.0,0.344
6555.0,0.344
6556.0,0.344
6557.0,0.38699999999999996
6558.0,0.344
6559.0,0.38699999999999996
6560.0,0.344
6561.0,0.38699999999999996
6562.0,0.38699999999999996
6563.0,0.38699999999999996
6564.0,0.38699999999999996
6565.0,0.38699999999999996
6566.0,0.38699999999999996
6567.0,0.38699999999999996
6568.0,0.344
6569.0,0.38699999999999996
6570.0,0.344
6571.0,0.38699999999999996
6572.0,0.38699999999999996
6573.0,0.38699999999999996
6574.0,0.344
6575.0,0.344
6576.0,0.344
6577.0,0.344
6578.0,0.344
6579.0,0.344
6580.0,0.344
6581.0,0.344
6582.0,0.344
6583.0,0.344
6584.0,0.344
6585.0,0.344
6586.0,0.344
6587.0,0.38699999999999996
6588.0,0.344
6589.0,0.38699999999999996
6590.0,0.344
6591.0,0.38699999999999996
6592.0,0.344
6593.0,0.344
6594.0,0.344
6595.0,0.38699999999999996
6596.0,0.344
6597.0,0.38699999999999996
6598.0,0.344
6599.0,0.38699999999999996
6600.0,0.38699999999999996
6601.0,0.38699999999999996
6602.0,0.38699999999999996
6603.0,0.38699999999999996
6604.0,0.38699999999999996
6605.0,0.38699999999999996
6606.0,0.38699999999999996
6607.0,0.38699999999999996
6608.0,0.38699999999999996
6609.0,0.38699999999999996
6610.0,0.38699999999999996
6611.0,0.38699999999999996
6612.0,0.344
6613.0,0.38699999999999996
6614.0,0.344
6615.0,0.38699999999999996
6616.0,0.344
6617.0,0.344
6618.0,0.344
6619.0,0.344
6620.0,0.344
6621.0,0.344
6622.0,0.344
6623.0,0.38699999999999996
6624.0,0.344
6625.0,0.38699999999999996
6626.0,0.344
6627.0,0.344
6628.0,0.344
6629.0,0.38699999999999996
6630.0,0.344
6631.0,0.344
6632.0,0.344
6633.0,0.38699999999999996
6634.0,0.344
6635.0,0.38699999999999996
6636.0,0.344
6637.0,0.344
6638.0,0.38699999999999996
6639.0,0.38699999999999996
6640.0,0.38699999999999996
6641.0,0.38699999999999996
6642.0,0.38699999999999996
6643.0,0.38699999999999996
6644.0,0.344
6645.0,0.344
6646.0,0.344
6647.0,0.38699999999999996
6648.0,0.38699999999999996
6649.0,0.38699999999999996
6650.0,0.344
6651.0,0.38699999999999996
6652.0,0.344
6653.0,0.344
6654.0,0.344
6655.0,0.344
6656.0,0.344
6657.0,0.344
6658.0,0.38699999999999996
6659.0,0.38699999999999996
6660.0,0.344
6661.0,0.344
6662.0,0.344
6663.0,0.344
6664.0,0.344
6665.0,0.344
6666.0,0.344
6667.0,0.344
6668.0,0.344
6669.0,0.344
6670.0,0.344
6671.0,0.38699999999999996
6672.0,0.38699999999999996
6673.0,0.344
6674.0,0.344
6675.0,0.38699999999999996
6676.0,0.344
6677.0,0.38699999999999996
6678.0,0.344
6679.0,0.344
6680.0,0.38699999999999996
6681.0,0.344
6682.0,0.344
6683.0,0.38699999999999996
6684.0,0.344
6685.0,0.344
6686.0,0.344
6687.0,0.344
6688.0,0.344
6689.0,0.344
6690.0,0.344
6691.0,0.38699999999999996
6692.0,0.344
6693.0,0.344
6694.0,0.344
6695.0,0.344
6696.0,0.344
6697.0,0.38699999999999996
6698.0,0.344
6699.0,0.38699999999999996
6700.0,0.344
6701.0,0.38699999999999996
6702.0,0.344
6703.0,0.344
6704.0,0.344
6705.0,0.344
6706.0,0.344
6707.0,0.344
6708.0,0.344
6709.0,0.38699999999999996
6710.0,0.344
6711.0,0.344
6712.0,0.38699999999999996
6713.0,0.344
6714.0,0.344
6715.0,0.344
6716.0,0.344
6717.0,0.38699999999999996
6718.0,0.38699999999999996
6719.0,0.38699999999999996
6720.0,0.344
6721.0,0.344
6722.0,0.344
6723.0,0.344
6724.0,0.344
6725.0,0.38699999999999996
6726.0,0.38699999999999996
6727.0,0.38699999999999996
6728.0,0.344
6729.0,0.344
6730.0,0.344
6731.0,0.344
6732.0,0.344
6733.0,0.344
6734.0,0.38699999999999996
6735.0,0.344
6736.0,0.344
6737.0,0.344
6738.0,0.38699999999999996
6739.0,0.344
6740.0,0.38699999999999996
6741.0,0.38699999999999996
6742.0,0.344
6743.0,0.344
6744.0,0.344
6745.0,0.344
6746.0,0.38699999999999996
6747.0,0.344
6748.0,0.344
6749.0,0.38699999999999996
6750.0,0.38699999999999996
6751.0,0.38699999999999996
6752.0,0.344
6753.0,0.38699999999999996
6754.0,0.344
6755.0,0.344
6756.0,0.344
6757.0,0.344
6758.0,0.38699999999999996
6759.0,0.38699999999999996
6760.0,0.344
6761.0,0.344
6762.0,0.344
6763.0,0.344
6764.0,0.344
6765.0,0.344
6766.0,0.344
6767.0,0.38699999999999996
6768.0,0.344
6769.0,0.344
6770.0,0.344
6771.0,0.344
6772.0,0.344
6773.0,0.344
6774.0,0.344
6775.0,0.344
6776.0,0.344
6777.0,0.344
6778.0,0.344
6779.0,0.38699999999999996
6780.0,0.344
6781.0,0.38699999999999996
6782.0,0.344
6783.0,0.38699999999999996
6784.0,0.38699999999999996
6785.0,0.344
6786.0,0.38699999999999996
6787.0,0.38699999999999996
6788.0,0.38699999999999996
6789.0,0.344
6790.0,0.344
6791.0,0.38699999999999996
6792.0,0.344
6793.0,0.38699999999999996
6794.0,0.344
6795.0,0.344
6796.0,0.344
6797.0,0.344
6798.0,0.344
6799.0,0.38699999999999996
6800.0,0.344
6801.0,0.38699999999999996
6802.0,0.38699999999999996
6803.0,0.344
6804.0,0.344
6805.0,0.344
6806.0,0.38699999999999996
6807.0,0.344
6808.0,0.38699999999999996
6809.0,0.344
6810.0,0.344
6811.0,0.344
6812.0,0.344
6813.0,0.38699999999999996
6814.0,0.344
6815.0,0.38699999999999996
6816.0,0.344
6817.0,0.38699999999999996
6818.0,0.344
6819.0,0.38699999999999996
6820.0,0.344
6821.0,0.38699999999999996
6822.0,0.344
6823.0,0.344
6824.0,0.344
6825.0,0.38699999999999996
6826.0,0.38699999999999996
6827.0,0.38699999999999996
6828.0,0.344
6829.0,0.38699999999999996
6830.0,0.38699999999999996
6831.0,0.38699999999999996
6832.0,0.344
6833.0,0.344
6834.0,0.344
6835.0,0.344
6836.0,0.344
6837.0,0.344
6838.0,0.344
6839.0,0.344
6840.0,0.344
6841.0,0.344
6842.0,0.344
6843.0,0.38699999999999996
6844.0,0.38699999999999996
6845.0,0.38699999999999996
6846.0,0.344
6847.0,0.344
6848.0,0.344
6849.0,0.344
6850.0,0.344
6851.0,0.38699999999999996
6852.0,0.38699999999999996
6853.0,0.38699999999999996
6854.0,0.344
6855.0,0.38699999999999996
6856.0,0.344
6857.0,0.38699999999999996
6858.0,0.38699999999999996
6859.0,0.38699999999999996
6860.0,0.38699999999999996
6861.0,0.38699999999999996
6862.0,0.38699999999999996
6863.0,0.38699999999999996
6864.0,0.344
6865.0,0.38699999999999996
6866.0,0.38699999999999996
6867.0,0.38699999999999996
6868.0,0.344
6869.0,0.344
6870.0,0.38699999999999996
6871.0,0.38699999999999996
6872.0,0.344
6873.0,0.344
6874.0,0.344
6875.0,0.344
6876.0,0.344
6877.0,0.344
6878.0,0.344
6879.0,0.344
6880.0,0.344
6881.0,0.344
6882.0,0.344
6883.0,0.38699999999999996
6884.0,0.344
6885.0,0.344
6886.0,0.344
6887.0,0.344
6888.0,0.344
6889.0,0.344
6890.0,0.344
6891.0,0.38699999999999996
6892.0,0.344
6893.0,0.38699999999999996
6894.0,0.344
6895.0,0.38699999999999996
6896.0,0.38699999999999996
6897.0,0.38699999999999996
6898.0,0.344
6899.0,0.38699999999999996
6900.0,0.344
6901.0,0.344
6902.0,0.38699999999999996
6903.0,0.344
6904.0,0.38699999999999996
6905.0,0.38699999999999996
6906.0,0.38699999999999996
6907.0,0.38699999999999996
6908.0,0.344
6909.0,0.344
6910.0,0.344
6911.0,0.38699999999999996
6912.0,0.38699999999999996
6913.0,0.344
6914.0,0.344
6915.0,0.344
6916.0,0.344
6917.0,0.344
6918.0,0.344
6919.0,0.344
6920.0,0.344
6921.0,0.344
6922.0,0.344
6923.0,0.344
6924.0,0.344
6925.0,0.38699999999999996
6926.0,0.344
6927.0,0.344
6928.0,0.344
6929.0,0.38699999999999996
6930.0,0.344
6931.0,0.344
6932.0,0.344
6933.0,0.38699999999999996
6934.0,0.344
6935.0,0.344
6936.0,0.38699999999999996
6937.0,0.38699999999999996
6938.0,0.38699999999999996
6939.0,0.38699999999999996
6940.0,0.38699999999999996
6941.0,0.38699999999999996
6942.0,0.38699999999999996
6943.0,0.38699999999999996
6944.0,0.344
6945.0,0.344
6946.0,0.38699999999999996
6947.0,0.344
6948.0,0.344
6949.0,0.344
6950.0,0.38699999999999996
6951.0,0.344
6952.0,0.344
6953.0,0.344
6954.0,0.344
6955.0,0.344
6956.0,0.344
6957.0,0.344
6958.0,0.344
6959.0,0.344
6960.0,0.344
6961.0,0.344
6962.0,0.344
6963.0,0.38699999999999996
6964.0,0.344
6965.0,0.38699999999999996
6966.0,0.344
6967.0,0.344
6968.0,0.344
6969.0,0.38699999999999996
6970.0,0.344
6971.0,0.38699999999999996
6972.0,0.344
6973.0,0.38699999999999996
6974.0,0.344
6975.0,0.344
6976.0,0.344
6977.0,0.344
6978.0,0.344
6979.0,0.344
6980.0,0.344
6981.0,0.344
6982.0,0.344
6983.0,0.344
6984.0,0.38699999999999996
6985.0,0.38699999999999996
6986.0,0.344
6987.0,0.344
6988.0,0.344
6989.0,0.344
6990.0,0.344
6991.0,0.344
6992.0,0.344
6993.0,0.344
6994.0,0.344
6995.0,0.344
6996.0,0.344
6997.0,0.344
6998.0,0.344
6999.0,0.344
7000.0,0.344
7001.0,0.344
7002.0,0.344
7003.0,0.38699999999999996
7004.0,0.344
7005.0,0.38699999999999996
7006.0,0.344
7007.0,0.38699999999999996
7008.0,0.38699999999999996
7009.0,0.38699999999999996
7010.0,0.344
7011.0,0.38699999999999996
7012.0,0.344
7013.0,0.344
7014.0,0.38699999999999996
7015.0,0.38699999999999996
7016.0,0.344
7017.0,0.344
7018.0,0.38699999999999996
7019.0,0.38699999999999996
7020.0,0.38699999999999996
7021.0,0.344
7022.0,0.344
7023.0,0.38699999999999996
7024.0,0.344
7025.0,0.344
7026.0,0.344
7027.0,0.38699999999999996
7028.0,0.344
7029.0,0.344
7030.0,0.344
7031.0,0.38699999999999996
7032.0,0.344
7033.0,0.38699999999999996
7034.0,0.344
7035.0,0.344
7036.0,0.344
7037.0,0.344
7038.0,0.344
7039.0,0.38699999999999996
7040.0,0.344
7041.0,0.38699999999999996
7042.0,0.344
7043.0,0.344
7044.0,0.344
7045.0,0.38699999999999996
7046.0,0.344
7047.0,0.38699999999999996
7048.0,0.344
7049.0,0.38699999999999996
7050.0,0.344
7051.0,0.38699999999999996
7052.0,0.344
7053.0,0.38699999999999996
7054.0,0.38699999999999996
7055.0,0.38699999999999996
7056.0,0.38699999999999996
7057.0,0.38699999999999996
7058.0,0.344
7059.0,0.38699999999999996
7060.0,0.344
7061.0,0.344
7062.0,0.344
7063.0,0.344
7064.0,0.344
7065.0,0.344
7066.0,0.344
7067.0,0.344
7068.0,0.344
7069.0,0.344
7070.0,0.344
7071.0,0.344
7072.0,0.344
7073.0,0.344
7074.0,0.344
7075.0,0.38699999999999996
7076.0,0.344
7077.0,0.38699999999999996
7078.0,0.344
7079.0,0.344
7080.0,0.38699999999999996
7081.0,0.38699999999999996
7082.0,0.344
7083.0,0.38699999999999996
7084.0,0.344
7085.0,0.38699999999999996
7086.0,0.344
7087.0,0.344
7088.0,0.344
7089.0,0.344
7090.0,0.38699999999999996
7091.0,0.344
7092.0,0.344
7093.0,0.38699999999999996
7094.0,0.344
7095.0,0.38699999999999996
7096.0,0.344
7097.0,0.38699999999999996
7098.0,0.344
7099.0,0.344
7100.0,0.344
7101.0,0.38699999999999996
7102.0,0.344
7103.0,0.344
7104.0,0.344
7105.0,0.344
7106.0,0.344
7107.0,0.344
7108.0,0.344
7109.0,0.38699999999999996
7110.0,0.344
7111.0,0.38699999999999996
7112.0,0.344
7113.0,0.344
7114.0,0.38699999999999996
7115.0,0.38699999999999996
7116.0,0.38699999999999996
7117.0,0.38699999999999996
7118.0,0.344
7119.0,0.38699999999999996
7120.0,0.344
7121.0,0.344
7122.0,0.38699999999999996
7123.0,0.38699999999999996
7124.0,0.38699999999999996
7125.0,0.38699999999999996
7126.0,0.344
7127.0,0.38699999999999996
7128.0,0.344
7129.0,0.344
7130.0,0.344
7131.0,0.344
7132.0,0.344
7133.0,0.38699999999999996
7134.0,0.344
7135.0,0.344
7136.0,0.344
7137.0,0.344
7138.0,0.344
7139.0,0.344
7140.0,0.344
7141.0,0.38699999999999996
7142.0,0.344
7143.0,0.38699999999999996
7144.0,0.344
7145.0,0.38699999999999996
7146.0,0.344
7147.0,0.344
7148.0,0.38699999999999996
7149.0,0.38699999999999996
7150.0,0.344
7151.0,0.38699999999999996
7152.0,0.344
7153.0,0.344
7154.0,0.38699999999999996
7155.0,0.344
7156.0,0.38699999999999996
7157.0,0.344
7158.0,0.38699999999999996
7159.0,0.38699999999999996
7160.0,0.344
7161.0,0.38699999999999996
7162.0,0.344
7163.0,0.38699999999999996
7164.0,0.344
7165.0,0.38699999999999996
7166.0,0.344
7167.0,0.38699999999999996
7168.0,0.344
7169.0,0.344
7170.0,0.344
7171.0,0.344
7172.0,0.344
7173.0,0.344
7174.0,0.344
7175.0,0.344
7176.0,0.344
7177.0,0.344
7178.0,0.344
7179.0,0.344
7180.0,0.344
7181.0,0.344
7182.0,0.344
7183.0,0.38699999999999996
7184.0,0.344
7185.0,0.38699999999999996
7186.0,0.344
7187.0,0.38699999999999996
7188.0,0.344
7189.0,0.344
7190.0,0.344
7191.0,0.38699999999999996
7192.0,0.38699999999999996
7193.0,0.344
7194.0,0.38699999999999996
7195.0,0.344
7196.0,0.344
7197.0,0.38699999999999996
7198.0,0.344
7199.0,0.38699999999999996
7200.0,0.38699999999999996
7201.0,0.38699999999999996
7202.0,0.38699999999999996
7203.0,0.344
7204.0,0.344
7205.0,0.344
7206.0,0.344
7207.0,0.38699999999999996
7208.0,0.344
7209.0,0.344
7210.0,0.344
7211.0,0.344
7212.0,0.344
7213.0,0.38699999999999996
7214.0,0.344
7215.0,0.344
7216.0,0.344
7217.0,0.344
7218.0,0.344
7219.0,0.344
7220.0,0.344
7221.0,0.38699999999999996
7222.0,0.344
7223.0,0.344
7224.0,0.38699999999999996
7225.0,0.38699999999999996
7226.0,0.38699999999999996
7227.0,0.344
7228.0,0.344
7229.0,0.38699999999999996
7230.0,0.38699999999999996
7231.0,0.38699999999999996
7232.0,0.38699999999999996
7233.0,0.38699999999999996
7234.0,0.38699999999999996
7235.0,0.38699999999999996
7236.0,0.344
7237.0,0.38699999999999996
7238.0,0.344
7239.0,0.344
7240.0,0.38699999999999996
7241.0,0.344
7242.0,0.344
7243.0,0.38699999999999996
7244.0,0.344
7245.0,0.344
7246.0,0.344
7247.0,0.38699999999999996
7248.0,0.344
7249.0,0.344
7250.0,0.344
7251.0,0.38699999999999996
7252.0,0.344
7253.0,0.344
7254.0,0.344
7255.0,0.38699999999999996
7256.0,0.344
7257.0,0.344
7258.0,0.344
7259.0,0.38699999999999996
7260.0,0.38699999999999996
7261.0,0.38699999999999996
7262.0,0.344
7263.0,0.38699999999999996
7264.0,0.38699999999999996
7265.0,0.344
7266.0,0.38699999999999996
7267.0,0.38699999999999996
7268.0,0.38699999999999996
7269.0,0.38699999999999996
7270.0,0.344
7271.0,0.344
7272.0,0.344
7273.0,0.344
7274.0,0.344
7275.0,0.38699999999999996
7276.0,0.38699999999999996
7277.0,0.38699999999999996
7278.0,0.344
7279.0,0.38699999999999996
7280.0,0.344
7281.0,0.344
7282.0,0.344
7283.0,0.344
7284.0,0.344
7285.0,0.344
7286.0,0.344
7287.0,0.344
7288.0,0.344
7289.0,0.344
7290.0,0.344
7291.0,0.344
7292.0,0.344
7293.0,0.38699999999999996
7294.0,0.344
7295.0,0.344
7296.0,0.344
7297.0,0.344
7298.0,0.344
7299.0,0.38699999999999996
7300.0,0.344
7301.0,0.38699999999999996
7302.0,0.38699999999999996
7303.0,0.344
7304.0,0.38699999999999996
7305.0,0.38699999999999996
7306.0,0.344
7307.0,0.38699999999999996
7308.0,0.344
7309.0,0.38699999999999996
7310.0,0.38699999999999996
7311.0,0.38699999999999996
7312.0,0.344
7313.0,0.38699999999999996
7314.0,0.38699999999999996
7315.0,0.344
7316.0,0.344
7317.0,0.344
7318.0,0.344
7319.0,0.344
7320.0,0.344
7321.0,0.344
7322.0,0.344
7323.0,0.344
7324.0,0.344
7325.0,0.344
7326.0,0.344
7327.0,0.344
7328.0,0.344
7329.0,0.344
7330.0,0.344
7331.0,0.344
7332.0,0.344
7333.0,0.344
7334.0,0.344
7335.0,0.344
7336.0,0.344
7337.0,0.38699999999999996
7338.0,0.38699999999999996
7339.0,0.38699999999999996
7340.0,0.344
7341.0,0.38699999999999996
7342.0,0.38699999999999996
7343.0,0.38699999999999996
7344.0,0.344
7345.0,0.38699999999999996
7346.0,0.344
7347.0,0.38699999999999996
7348.0,0.344
7349.0,0.344
7350.0,0.344
7351.0,0.344
7352.0,0.38699999999999996
7353.0,0.344
7354.0,0.344
7355.0,0.344
7356.0,0.344
7357.0,0.38699999999999996
7358.0,0.344
7359.0,0.38699999999999996
7360.0,0.38699999999999996
7361.0,0.344
7362.0,0.344
7363.0,0.344
7364.0,0.344
7365.0,0.38699999999999996
7366.0,0.344
7367.0,0.344
7368.0,0.344
7369.0,0.344
7370.0,0.344
7371.0,0.344
7372.0,0.344
7373.0,0.38699999999999996
7374.0,0.344
7375.0,0.344
7376.0,0.344
7377.0,0.38699999999999996
7378.0,0.38699999999999996
7379.0,0.38699999999999996
7380.0,0.38699999999999996
7381.0,0.38699999999999996
7382.0,0.38699999999999996
7383.0,0.344
7384.0,0.344
7385.0,0.38699999999999996
7386.0,0.38699999999999996
7387.0,0.38699999999999996
7388.0,0.38699999999999996
7389.0,0.38699999999999996
7390.0,0.344
7391.0,0.344
7392.0,0.344
7393.0,0.344
7394.0,0.344
7395.0,0.38699999999999996
7396.0,0.344
7397.0,0.344
7398.0,0.344
7399.0,0.344
7400.0,0.344
7401.0,0.344
7402.0,0.344
7403.0,0.38699999999999996
7404.0,0.344
7405.0,0.344
7406.0,0.344
7407.0,0.38699999999999996
7408.0,0.344
7409.0,0.344
7410.0,0.38699999999999996
7411.0,0.38699999999999996
7412.0,0.38699999999999996
7413.0,0.38699999999999996
7414.0,0.344
7415.0,0.344
7416.0,0.344
7417.0,0.38699999999999996
7418.0,0.38699999999999996
7419.0,0.344
7420.0,0.38699999999999996
7421.0,0.344
7422.0,0.344
7423.0,0.344
7424.0,0.344
7425.0,0.344
7426.0,0.344
7427.0,0.38699999999999996
7428.0,0.344
7429.0,0.344
7430.0,0.344
7431.0,0.344
7432.0,0.344
7433.0,0.38699999999999996
7434.0,0.344
7435.0,0.344
7436.0,0.344
7437.0,0.38699999999999996
7438.0,0.38699999999999996
7439.0,0.38699999999999996
7440.0,0.344
7441.0,0.344
7442.0,0.344
7443.0,0.344
7444.0,0.344
7445.0,0.344
7446.0,0.344
7447.0,0.38699999999999996
7448.0,0.38699999999999996
7449.0,0.344
7450.0,0.38699999999999996
7451.0,0.38699999999999996
7452.0,0.38699999999999996
7453.0,0.344
7454.0,0.38699999999999996
7455.0,0.38699999999999996
7456.0,0.344
7457.0,0.38699999999999996
7458.0,0.38699999999999996
7459.0,0.38699999999999996
7460.0,0.38699999999999996
7461.0,0.38699999999999996
7462.0,0.344
7463.0,0.38699999999999996
7464.0,0.38699999999999996
7465.0,0.38699999999999996
7466.0,0.344
7467.0,0.344
7468.0,0.344
7469.0,0.344
7470.0,0.344
7471.0,0.38699999999999996
7472.0,0.344
7473.0,0.344
7474.0,0.344
7475.0,0.38699999999999996
7476.0,0.38699999999999996
7477.0,0.344
7478.0,0.344
7479.0,0.38699999999999996
7480.0,0.38699999999999996
7481.0,0.344
7482.0,0.38699999999999996
7483.0,0.344
7484.0,0.38699999999999996
7485.0,0.38699999999999996
7486.0,0.38699999999999996
7487.0,0.38699999999999996
7488.0,0.344
7489.0,0.38699999999999996
7490.0,0.344
7491.0,0.38699999999999996
7492.0,0.38699999999999996
7493.0,0.38699999999999996
7494.0,0.344
7495.0,0.38699999999999996
7496.0,0.344
7497.0,0.344
7498.0,0.344
7499.0,0.38699999999999996
7500.0,0.344
7501.0,0.344
7502.0,0.344
7503.0,0.344
7504.0,0.344
7505.0,0.344
7506.0,0.344
7507.0,0.344
7508.0,0.344
7509.0,0.344
7510.0,0.344
7511.0,0.344
7512.0,0.344
7513.0,0.344
7514.0,0.38699999999999996
7515.0,0.344
7516.0,0.38699999999999996
7517.0,0.38699999999999996
7518.0,0.344
7519.0,0.344
7520.0,0.344
7521.0,0.38699999999999996
7522.0,0.38699999999999996
7523.0,0.38699999999999996
7524.0,0.344
7525.0,0.38699999999999996
7526.0,0.38699999999999996
7527.0,0.344
7528.0,0.344
7529.0,0.38699999999999996
7530.0,0.38699999999999996
7531.0,0.38699999999999996
7532.0,0.42999999999999994
7533.0,0.344
7534.0,0.344
7535.0,0.344
7536.0,0.344
7537.0,0.344
7538.0,0.344
7539.0,0.38699999999999996
7540.0,0.344
7541.0,0.344
7542.0,0.344
7543.0,0.344
7544.0,0.344
7545.0,0.344
7546.0,0.344
7547.0,0.38699999999999996
7548.0,0.344
7549.0,0.38699999999999996
7550.0,0.344
7551.0,0.38699999999999996
7552.0,0.344
7553.0,0.344
7554.0,0.344
7555.0,0.344
7556.0,0.344
7557.0,0.38699999999999996
7558.0,0.344
7559.0,0.38699999999999996
7560.0,0.38699999999999996
7561.0,0.38699999999999996
7562.0,0.38699999999999996
7563.0,0.344
7564.0,0.38699999999999996
7565.0,0.344
7566.0,0.38699999999999996
7567.0,0.344
7568.0,0.344
7569.0,0.344
7570.0,0.344
7571.0,0.38699999999999996
7572.0,0.344
7573.0,0.38699999999999996
7574.0,0.344
7575.0,0.344
7576.0,0.344
7577.0,0.344
7578.0,0.344
7579.0,0.344
7580.0,0.344
7581.0,0.344
7582.0,0.344
7583.0,0.344
7584.0,0.344
7585.0,0.344
7586.0,0.344
7587.0,0.38699999999999996
7588.0,0.344
7589.0,0.344
7590.0,0.38699999999999996
7591.0,0.344
7592.0,0.38699999999999996
7593.0,0.344
7594.0,0.344
7595.0,0.344
7596.0,0.344
7597.0,0.344
7598.0,0.38699999999999996
7599.0,0.38699999999999996
7600.0,0.38699999999999996
7601.0,0.38699999999999996
7602.0,0.344
7603.0,0.344
7604.0,0.344
7605.0,0.344
7606.0,0.38699999999999996
7607.0,0.38699999999999996
7608.0,0.344
7609.0,0.38699999999999996
7610.0,0.344
7611.0,0.38699999999999996
7612.0,0.344
7613.0,0.344
7614.0,0.344
7615.0,0.38699999999999996
7616.0,0.344
7617.0,0.344
7618.0,0.344
7619.0,0.344
7620.0,0.344
7621.0,0.344
7622.0,0.344
7623.0,0.38699999999999996
7624.0,0.344
7625.0,0.38699999999999996
7626.0,0.344
7627.0,0.344
7628.0,0.344
7629.0,0.344
7630.0,0.344
7631.0,0.38699999999999996
7632.0,0.38699999999999996
7633.0,0.38699999999999996
7634.0,0.38699999999999996
7635.0,0.38699999999999996
7636.0,0.344
7637.0,0.344
7638.0,0.344
7639.0,0.38699999999999996
7640.0,0.344
7641.0,0.344
7642.0,0.344
7643.0,0.38699999999999996
7644.0,0.344
7645.0,0.344
7646.0,0.344
7647.0,0.344
7648.0,0.38699999999999996
7649.0,0.38699999999999996
7650.0,0.344
7651.0,0.38699999999999996
7652.0,0.344
7653.0,0.344
7654.0,0.344
7655.0,0.38699999999999996
7656.0,0.344
7657.0,0.38699999999999996
7658.0,0.344
7659.0,0.38699999999999996
7660.0,0.344
7661.0,0.38699999999999996
7662.0,0.344
7663.0,0.344
7664.0,0.344
7665.0,0.344
7666.0,0.38699999999999996
7667.0,0.344
7668.0,0.38699999999999996
7669.0,0.344
7670.0,0.38699999999999996
7671.0,0.344
7672.0,0.344
7673.0,0.38699999999999996
7674.0,0.38699999999999996
7675.0,0.344
7676.0,0.38699999999999996
7677.0,0.38699999999999996
7678.0,0.344
7679.0,0.344
7680.0,0.344
7681.0,0.38699999999999996
7682.0,0.344
7683.0,0.344
7684.0,0.344
7685.0,0.344
7686.0,0.344
7687.0,0.344
7688.0,0.344
7689.0,0.344
7690.0,0.344
7691.0,0.344
7692.0,0.38699999999999996
7693.0,0.344
7694.0,0.344
7695.0,0.344
7696.0,0.344
7697.0,0.344
7698.0,0.344
7699.0,0.344
7700.0,0.344
7701.0,0.38699999999999996
7702.0,0.344
7703.0,0.344
7704.0,0.344
7705.0,0.38699999999999996
7706.0,0.344
7707.0,0.344
7708.0,0.38699999999999996
7709.0,0.38699999999999996
7710.0,0.344
7711.0,0.38699999999999996
7712.0,0.344
7713.0,0.38699999999999996
7714.0,0.344
7715.0,0.38699999999999996
7716.0,0.38699999999999996
7717.0,0.344
7718.0,0.344
7719.0,0.38699999999999996
7720.0,0.344
7721.0,0.344
7722.0,0.344
7723.0,0.344
7724.0,0.344
7725.0,0.38699999999999996
7726.0,0.344
7727.0,0.38699999999999996
7728.0,0.344
7729.0,0.344
7730.0,0.344
7731.0,0.344
7732.0,0.344
7733.0,0.344
7734.0,0.344
7735.0,0.344
7736.0,0.344
7737.0,0.38699999999999996
7738.0,0.344
7739.0,0.344
7740.0,0.344
7741.0,0.38699999999999996
7742.0,0.38699999999999996
7743.0,0.38699999999999996
7744.0,0.38699999999999996
7745.0,0.38699999999999996
7746.0,0.344
7747.0,0.38699999999999996
7748.0,0.38699999999999996
7749.0,0.344
7750.0,0.344
7751.0,0.344
7752.0,0.344
7753.0,0.344
7754.0,0.344
7755.0,0.38699999999999996
7756.0,0.38699999999999996
7757.0,0.38699999999999996
7758.0,0.38699999999999996
7759.0,0.38699999999999996
7760.0,0.344
7761.0,0.344
7762.0,0.344
7763.0,0.344
7764.0,0.344
7765.0,0.344
7766.0,0.344
7767.0,0.38699999999999996
7768.0,0.344
7769.0,0.344
7770.0,0.344
7771.0,0.344
7772.0,0.344
7773.0,0.344
7774.0,0.344
7775.0,0.344
7776.0,0.344
7777.0,0.38699999999999996
7778.0,0.344
7779.0,0.38699999999999996
7780.0,0.344
7781.0,0.38699999999999996
7782.0,0.344
7783.0,0.38699999999999996
7784.0,0.38699999999999996
7785.0,0.38699999999999996
7786.0,0.38699999999999996
7787.0,0.344
7788.0,0.344
7789.0,0.38699999999999996
7790.0,0.344
7791.0,0.38699999999999996
7792.0,0.38699999999999996
7793.0,0.344
7794.0,0.38699999999999996
7795.0,0.38699999999999996
7796.0,0.344
7797.0,0.344
7798.0,0.344
7799.0,0.344
7800.0,0.344
7801.0,0.38699999999999996
7802.0,0.344
7803.0,0.344
7804.0,0.344
7805.0,0.344
7806.0,0.344
7807.0,0.344
7808.0,0.344
7809.0,0.38699999999999996
7810.0,0.344
7811.0,0.344
7812.0,0.344
7813.0,0.344
7814.0,0.38699999999999996
7815.0,0.38699999999999996
7816.0,0.38699999999999996
7817.0,0.38699999999999996
7818.0,0.344
7819.0,0.38699999999999996
7820.0,0.344
7821.0,0.38699999999999996
7822.0,0.38699999999999996
7823.0,0.344
7824.0,0.344
7825.0,0.344
7826.0,0.38699999999999996
7827.0,0.38699999999999996
7828.0,0.344
7829.0,0.38699999999999996
7830.0,0.38699999999999996
7831.0,0.38699999999999996
7832.0,0.344
7833.0,0.38699999999999996
7834.0,0.38699999999999996
7835.0,0.38699999999999996
7836.0,0.344
7837.0,0.344
7838.0,0.344
7839.0,0.344
7840.0,0.344
7841.0,0.344
7842.0,0.344
7843.0,0.344
7844.0,0.344
7845.0,0.344
7846.0,0.344
7847.0,0.344
7848.0,0.344
7849.0,0.344
7850.0,0.344
7851.0,0.344
7852.0,0.344
7853.0,0.38699999999999996
7854.0,0.344
7855.0,0.38699999999999996
7856.0,0.344
7857.0,0.38699999999999996
7858.0,0.38699999999999996
7859.0,0.344
7860.0,0.344
7861.0,0.344
7862.0,0.344
7863.0,0.344
7864.0,0.38699999999999996
7865.0,0.38699999999999996
7866.0,0.344
7867.0,0.38699999999999996
7868.0,0.344
7869.0,0.38699999999999996
7870.0,0.344
7871.0,0.344
7872.0,0.344
7873.0,0.38699999999999996
7874.0,0.344
7875.0,0.344
7876.0,0.344
7877.0,0.38699999999999996
7878.0,0.38699999999999996
7879.0,0.344
7880.0,0.344
7881.0,0.344
7882.0,0.344
7883.0,0.344
7884.0,0.344
7885.0,0.38699999999999996
7886.0,0.344
7887.0,0.38699999999999996
7888.0,0.344
7889.0,0.38699999999999996
7890.0,0.344
7891.0,0.344
7892.0,0.344
7893.0,0.38699999999999996
7894.0,0.38699999999999996
7895.0,0.344
7896.0,0.38699999999999996
7897.0,0.38699999999999996
7898.0,0.38699999999999996
7899.0,0.38699999999999996
7900.0,0.38699999999999996
7901.0,0.38699999999999996
7902.0,0.344
7903.0,0.38699999999999996
7904.0,0.344
7905.0,0.38699999999999996
7906.0,0.344
7907.0,0.344
7908.0,0.344
7909.0,0.38699999999999996
7910.0,0.344
7911.0,0.344
7912.0,0.344
7913.0,0.344
7914.0,0.344
7915.0,0.344
7916.0,0.344
7917.0,0.344
7918.0,0.344
7919.0,0.344
7920.0,0.344
7921.0,0.344
7922.0,0.344
7923.0,0.344
7924.0,0.344
7925.0,0.344
7926.0,0.344
7927.0,0.38699999999999996
7928.0,0.38699999999999996
7929.0,0.38699999999999996
7930.0,0.344
7931.0,0.344
7932.0,0.38699999999999996
7933.0,0.38699999999999996
7934.0,0.38699999999999996
7935.0,0.38699999999999996
7936.0,0.38699999999999996
7937.0,0.344
7938.0,0.344
7939.0,0.344
7940.0,0.344
7941.0,0.38699999999999996
7942.0,0.344
7943.0,0.38699999999999996
7944.0,0.344
7945.0,0.344
7946.0,0.344
7947.0,0.344
7948.0,0.344
7949.0,0.38699999999999996
7950.0,0.344
7951.0,0.344
7952.0,0.344
7953.0,0.344
7954.0,0.344
7955.0,0.344
7956.0,0.344
7957.0,0.344
7958.0,0.344
7959.0,0.344
7960.0,0.344
7961.0,0.344
7962.0,0.344
7963.0,0.344
7964.0,0.344
7965.0,0.38699999999999996
7966.0,0.344
7967.0,0.38699999999999996
7968.0,0.38699999999999996
7969.0,0.301
7970.0,0.344
7971.0,0.38699999999999996
7972.0,0.344
7973.0,0.38699999999999996
7974.0,0.344
7975.0,0.38699999999999996
7976.0,0.344
7977.0,0.38699999999999996
7978.0,0.344
7979.0,0.38699999999999996
7980.0,0.344
7981.0,0.38699999999999996
7982.0,0.344
7983.0,0.344
7984.0,0.344
7985.0,0.344
7986.0,0.344
7987.0,0.344
7988.0,0.344
7989.0,0.38699999999999996
7990.0,0.344
7991.0,0.38699999999999996
7992.0,0.344
7993.0,0.344
7994.0,0.344
7995.0,0.344
7996.0,0.344
7997.0,0.344
7998.0,0.344
7999.0,0.344
8000.0,0.344
8001.0,0.344
8002.0,0.344
8003.0,0.38699999999999996
8004.0,0.38699999999999996
8005.0,0.38699999999999996
8006.0,0.38699999999999996
8007.0,0.38699999999999996
8008.0,0.344
8009.0,0.38699999999999996
8010.0,0.38699999999999996
8011.0,0.38699999999999996
8012.0,0.344
8013.0,0.38699999999999996
8014.0,0.344
8015.0,0.38699999999999996
8016.0,0.344
8017.0,0.38699999999999996
8018.0,0.344
8019.0,0.38699999999999996
8020.0,0.344
8021.0,0.38699999999999996
8022.0,0.344
8023.0,0.344
8024.0,0.344
8025.0,0.38699999999999996
8026.0,0.344
8027.0,0.38699999999999996
8028.0,0.344
8029.0,0.344
8030.0,0.344
8031.0,0.38699999999999996
8032.0,0.344
8033.0,0.38699999999999996
8034.0,0.344
8035.0,0.344
8036.0,0.344
8037.0,0.344
8038.0,0.344
8039.0,0.38699999999999996
8040.0,0.38699999999999996
8041.0,0.38699999999999996
8042.0,0.38699999999999996
8043.0,0.38699999999999996
8044.0,0.38699999999999996
8045.0,0.38699999999999996
8046.0,0.38699999999999996
8047.0,0.344
8048.0,0.38699999999999996
8049.0,0.38699999999999996
8050.0,0.344
8051.0,0.344
8052.0,0.344
8053.0,0.344
8054.0,0.344
8055.0,0.344
8056.0,0.344
8057.0,0.38699999999999996
8058.0,0.344
8059.0,0.344
8060.0,0.344
8061.0,0.38699999999999996
8062.0,0.344
8063.0,0.344
8064.0,0.344
8065.0,0.344
8066.0,0.344
8067.0,0.344
8068.0,0.344
8069.0,0.344
8070.0,0.344
8071.0,0.38699999999999996
8072.0,0.344
8073.0,0.38699999999999996
8074.0,0.344
8075.0,0.38699999999999996
8076.0,0.344
8077.0,0.38699999999999996
8078.0,0.344
8079.0,0.344
8080.0,0.38699999999999996
8081.0,0.38699999999999996
8082.0,0.38699999999999996
8083.0,0.38699999999999996
8084.0,0.344
8085.0,0.344
8086.0,0.38699999999999996
8087.0,0.38699999999999996
8088.0,0.38699999999999996
8089.0,0.38699999999999996
8090.0,0.344
8091.0,0.344
8092.0,0.344
8093.0,0.344
8094.0,0.344
8095.0,0.344
8096.0,0.344
8097.0,0.344
8098.0,0.38699999999999996
8099.0,0.38699999999999996
8100.0,0.344
8101.0,0.344
8102.0,0.344
8103.0,0.344
8104.0,0.344
8105.0,0.344
8106.0,0.344
8107.0,0.38699999999999996
8108.0,0.344
8109.0,0.344
8110.0,0.344
8111.0,0.38699999999999996
8112.0,0.344
8113.0,0.344
8114.0,0.38699999999999996
8115.0,0.38699999999999996
8116.0,0.344
8117.0,0.38699999999999996
8118.0,0.344
8119.0,0.344
8120.0,0.344
8121.0,0.344
8122.0,0.38699999999999996
8123.0,0.344
8124.0,0.344
8125.0,0.38699999999999996
8126.0,0.38699999999999996
8127.0,0.38699999999999996
8128.0,0.344
8129.0,0.38699999999999996
8130.0,0.344
8131.0,0.38699999999999996
8132.0,0.344
8133.0,0.344
8134.0,0.344
8135.0,0.344
8136.0,0.344
8137.0,0.344
8138.0,0.344
8139.0,0.344
8140.0,0.344
8141.0,0.344
8142.0,0.38699999999999996
8143.0,0.38699999999999996
8144.0,0.38699999999999996
8145.0,0.38699999999999996
8146.0,0.38699999999999996
8147.0,0.344
8148.0,0.344
8149.0,0.344
8150.0,0.38699999999999996
8151.0,0.344
8152.0,0.344
8153.0,0.344
8154.0,0.344
8155.0,0.38699999999999996
8156.0,0.38699999999999996
8157.0,0.38699999999999996
8158.0,0.344
8159.0,0.38699999999999996
8160.0,0.38699999999999996
8161.0,0.344
8162.0,0.344
8163.0,0.344
8164.0,0.344
8165.0,0.38699999999999996
8166.0,0.344
8167.0,0.344
8168.0,0.344
8169.0,0.344
8170.0,0.344
8171.0,0.344
8172.0,0.344
8173.0,0.344
8174.0,0.344
8175.0,0.344
8176.0,0.344
8177.0,0.344
8178.0,0.344
8179.0,0.344
8180.0,0.344
8181.0,0.344
8182.0,0.344
8183.0,0.38699999999999996
8184.0,0.344
8185.0,0.344
8186.0,0.344
8187.0,0.344
8188.0,0.344
8189.0,0.344
8190.0,0.344
8191.0,0.344
8192.0,0.38699999999999996
8193.0,0.344
8194.0,0.344
8195.0,0.38699999999999996
8196.0,0.344
8197.0,0.344
8198.0,0.344
8199.0,0.38699999999999996
8200.0,0.38699999999999996
8201.0,0.344
8202.0,0.344
8203.0,0.38699999999999996
8204.0,0.344
8205.0,0.344
8206.0,0.344
8207.0,0.38699999999999996
8208.0,0.344
8209.0,0.344
8210.0,0.344
8211.0,0.344
8212.0,0.344
8213.0,0.344
8214.0,0.344
8215.0,0.38699999999999996
8216.0,0.344
8217.0,0.344
8218.0,0.344
8219.0,0.344
8220.0,0.344
8221.0,0.38699999999999996
8222.0,0.344
8223.0,0.38699999999999996
8224.0,0.344
8225.0,0.344
8226.0,0.38699999999999996
8227.0,0.38699999999999996
8228.0,0.38699999999999996
8229.0,0.38699999999999996
8230.0,0.344
8231.0,0.38699999999999996
8232.0,0.38699999999999996
8233.0,0.38699999999999996
8234.0,0.38699999999999996
8235.0,0.38699999999999996
8236.0,0.38699999999999996
8237.0,0.344
8238.0,0.38699999999999996
8239.0,0.38699999999999996
8240.0,0.344
8241.0,0.344
8242.0,0.344
8243.0,0.38699999999999996
8244.0,0.344
8245.0,0.344
8246.0,0.344
8247.0,0.344
8248.0,0.344
8249.0,0.344
8250.0,0.344
8251.0,0.38699999999999996
8252.0,0.344
8253.0,0.344
8254.0,0.344
8255.0,0.344
8256.0,0.344
8257.0,0.38699999999999996
8258.0,0.344
8259.0,0.38699999999999996
8260.0,0.38699999999999996
8261.0,0.344
8262.0,0.344
8263.0,0.344
8264.0,0.344
8265.0,0.38699999999999996
8266.0,0.344
8267.0,0.344
8268.0,0.344
8269.0,0.344
8270.0,0.344
8271.0,0.38699999999999996
8272.0,0.344
8273.0,0.38699999999999996
8274.0,0.38699999999999996
8275.0,0.344
8276.0,0.344
8277.0,0.38699999999999996
8278.0,0.344
8279.0,0.38699999999999996
8280.0,0.344
8281.0,0.344
8282.0,0.344
8283.0,0.344
8284.0,0.344
8285.0,0.344
8286.0,0.344
8287.0,0.38699999999999996
8288.0,0.344
8289.0,0.38699999999999996
8290.0,0.344
8291.0,0.344
8292.0,0.344
8293.0,0.344
8294.0,0.344
8295.0,0.344
8296.0,0.38699999999999996
8297.0,0.38699999999999996
8298.0,0.38699999999999996
8299.0,0.344
8300.0,0.38699999999999996
8301.0,0.344
8302.0,0.344
8303.0,0.38699999999999996
8304.0,0.38699999999999996
8305.0,0.344
8306.0,0.344
8307.0,0.344
8308.0,0.38699999999999996
8309.0,0.38699999999999996
8310.0,0.38699999999999996
8311.0,0.38699999999999996
8312.0,0.344
8313.0,0.344
8314.0,0.344
8315.0,0.344
8316.0,0.344
8317.0,0.344
8318.0,0.344
8319.0,0.344
8320.0,0.344
8321.0,0.344
8322.0,0.344
8323.0,0.344
8324.0,0.344
8325.0,0.38699999999999996
8326.0,0.344
8327.0,0.38699999999999996
8328.0,0.344
8329.0,0.344
8330.0,0.344
8331.0,0.344
8332.0,0.344
8333.0,0.38699999999999996
8334.0,0.344
8335.0,0.38699999999999996
8336.0,0.344
8337.0,0.38699999999999996
8338.0,0.38699999999999996
8339.0,0.344
8340.0,0.38699999999999996
8341.0,0.38699999999999996
8342.0,0.38699999999999996
8343.0,0.38699999999999996
8344.0,0.38699999999999996
8345.0,0.344
8346.0,0.344
8347.0,0.344
8348.0,0.344
8349.0,0.344
8350.0,0.38699999999999996
8351.0,0.38699999999999996
8352.0,0.38699999999999996
8353.0,0.344
8354.0,0.344
8355.0,0.344
8356.0,0.344
8357.0,0.344
8358.0,0.344
8359.0,0.344
8360.0,0.344
8361.0,0.38699999999999996
8362.0,0.344
8363.0,0.344
8364.0,0.344
8365.0,0.344
8366.0,0.344
8367.0,0.38699999999999996
8368.0,0.38699999999999996
8369.0,0.38699999999999996
8370.0,0.344
8371.0,0.344
8372.0,0.344
8373.0,0.38699999999999996
8374.0,0.38699999999999996
8375.0,0.38699999999999996
8376.0,0.344
8377.0,0.38699999999999996
8378.0,0.344
8379.0,0.38699999999999996
8380.0,0.344
8381.0,0.38699999999999996
8382.0,0.344
8383.0,0.38699999999999996
8384.0,0.38699999999999996
8385.0,0.344
8386.0,0.344
8387.0,0.344
8388.0,0.344
8389.0,0.344
8390.0,0.38699999999999996
8391.0,0.344
8392.0,0.344
8393.0,0.38699999999999996
8394.0,0.344
8395.0,0.344
8396.0,0.344
8397.0,0.344
8398.0,0.344
8399.0,0.344
8400.0,0.344
8401.0,0.344
8402.0,0.344
8403.0,0.38699999999999996
8404.0,0.344
8405.0,0.38699999999999996
8406.0,0.344
8407.0,0.38699999999999996
8408.0,0.38699999999999996
8409.0,0.38699999999999996
8410.0,0.38699999999999996
8411.0,0.38699999999999996
8412.0,0.38699999999999996
8413.0,0.344
8414.0,0.344
8415.0,0.38699999999999996
8416.0,0.344
8417.0,0.38699999999999996
8418.0,0.344
8419.0,0.344
8420.0,0.344
8421.0,0.344
8422.0,0.38699999999999996
8423.0,0.344
8424.0,0.344
8425.0,0.38699999999999996
8426.0,0.38699999999999996
8427.0,0.38699999999999996
8428.0,0.344
8429.0,0.344
8430.0,0.344
8431.0,0.344
8432.0,0.344
8433.0,0.344
8434.0,0.344
8435.0,0.344
8436.0,0.344
8437.0,0.344
8438.0,0.38699999999999996
8439.0,0.344
8440.0,0.344
8441.0,0.344
8442.0,0.344
8443.0,0.344
8444.0,0.344
8445.0,0.38699999999999996
8446.0,0.344
8447.0,0.344
8448.0,0.38699999999999996
8449.0,0.344
8450.0,0.38699999999999996
8451.0,0.344
8452.0,0.38699999999999996
8453.0,0.38699999999999996
8454.0,0.38699999999999996
8455.0,0.344
8456.0,0.344
8457.0,0.344
8458.0,0.38699999999999996
8459.0,0.344
8460.0,0.344
8461.0,0.38699999999999996
8462.0,0.344
8463.0,0.344
8464.0,0.344
8465.0,0.38699999999999996
8466.0,0.344
8467.0,0.344
8468.0,0.344
8469.0,0.344
8470.0,0.344
8471.0,0.344
8472.0,0.344
8473.0,0.344
8474.0,0.344
8475.0,0.344
8476.0,0.344
8477.0,0.38699999999999996
8478.0,0.344
8479.0,0.38699999999999996
8480.0,0.344
8481.0,0.344
8482.0,0.344
8483.0,0.344
8484.0,0.344
8485.0,0.38699999999999996
8486.0,0.344
8487.0,0.38699999999999996
8488.0,0.344
8489.0,0.38699999999999996
8490.0,0.344
8491.0,0.38699999999999996
8492.0,0.344
8493.0,0.38699999999999996
8494.0,0.38699999999999996
8495.0,0.38699999999999996
8496.0,0.344
8497.0,0.344
8498.0,0.344
8499.0,0.38699999999999996
8500.0,0.344
8501.0,0.344
8502.0,0.344
8503.0,0.344
8504.0,0.344
8505.0,0.344
8506.0,0.344
8507.0,0.344
8508.0,0.344
8509.0,0.344
8510.0,0.344
8511.0,0.344
8512.0,0.344
8513.0,0.38699999999999996
8514.0,0.344
8515.0,0.38699999999999996
8516.0,0.344
8517.0,0.38699999999999996
8518.0,0.38699999999999996
8519.0,0.344
8520.0,0.344
8521.0,0.344
8522.0,0.38699999999999996
8523.0,0.38699999999999996
8524.0,0.344
8525.0,0.344
8526.0,0.344
8527.0,0.38699999999999996
8528.0,0.344
8529.0,0.344
8530.0,0.344
8531.0,0.38699999999999996
8532.0,0.344
8533.0,0.344
