time_ms,diameter_mm
0.0,2.064
1.0,2.021
2.0,1.9779999999999998
3.0,1.9349999999999998
4.0,1.892
5.0,1.8489999999999998
6.0,1.8059999999999998
7.0,1.763
8.0,1.7199999999999998
9.0,1.6769999999999998
10.0,1.6769999999999998
11.0,1.634
12.0,1.591
13.0,1.591
14.0,1.5479999999999998
15.0,1.505
16.0,1.505
17.0,1.462
18.0,1.4189999999999998
19.0,1.4189999999999998
20.0,1.376
21.0,1.333
22.0,1.2899999999999998
23.0,1.2899999999999998
24.0,1.2469999999999999
25.0,1.204
26.0,1.1179999999999999
27.0,1.1179999999999999
28.0,1.075
29.0,0.9889999999999999
30.0,0.9889999999999999
31.0,0.9029999999999999
32.0,0.8599999999999999
33.0,0.817
34.0,0.7739999999999999
35.0,0.731
36.0,0.731
37.0,0.688
38.0,0.6449999999999999
39.0,0.602
40.0,0.602
41.0,0.602
42.0,0.5589999999999999
43.0,0.5589999999999999
44.0,0.5589999999999999
45.0,0.516
46.0,0.516
47.0,0.5589999999999999
48.0,0.473
49.0,0.516
50.0,0.473
51.0,0.473
52.0,0.516
53.0,0.42999999999999994
54.0,0.42999999999999994
55.0,0.42999999999999994
56.0,0.38699999999999996
57.0,0.38699999999999996
58.0,0.38699999999999996
59.0,0.344
60.0,0.38699999999999996
61.0,0.344
62.0,0.38699999999999996
63.0,0.344
64.0,0.344
65.0,0.344
66.0,0.344
67.0,0.344
68.0,0.344
69.0,0.344
70.0,0.344
71.0,0.344
72.0,0.344
73.0,0.344
74.0,0.344
75.0,0.344
76.0,0.344
77.0,0.344
78.0,0.301
79.0,0.344
80.0,0.344
81.0,0.344
82.0,0.344
83.0,0.344
84.0,0.344
85.0,0.301
86.0,0.344
87.0,0.344
88.0,0.344
89.0,0.344
90.0,0.344
91.0,0.344
92.0,0.301
93.0,0.344
94.0,0.344
95.0,0.344
96.0,0.301
97.0,0.344
98.0,0.344
99.0,0.301
100.0,0.344
101.0,0.301
102.0,0.344
103.0,0.344
104.0,0.301
105.0,0.301
106.0,0.301
107.0,0.301
108.0,0.344
109.0,0.344
110.0,0.344
111.0,0.301
112.0,0.301
113.0,0.301
114.0,0.301
115.0,0.301
116.0,0.301
117.0,0.301
118.0,0.301
119.0,0.301
120.0,0.301
121.0,0.301
122.0,0.301
123.0,0.301
124.0,0.344
125.0,0.344
126.0,0.301
127.0,0.301
128.0,0.301
129.0,0.301
130.0,0.301
131.0,0.301
132.0,0.301
133.0,0.301
134.0,0.301
135.0,0.301
136.0,0.301
137.0,0.301
138.0,0.301
139.0,0.301
140.0,0.301
141.0,0.301
142.0,0.344
143.0,0.301
144.0,0.301
145.0,0.301
146.0,0.301
147.0,0.301
148.0,0.301
149.0,0.301
150.0,0.301
151.0,0.301
152.0,0.301
153.0,0.301
154.0,0.301
155.0,0.301
156.0,0.301
157.0,0.301
158.0,0.301
159.0,0.301
160.0,0.301
161.0,0.301
162.0,0.301
163.0,0.301
164.0,0.301
165.0,0.301
166.0,0.301
167.0,0.301
168.0,0.301
169.0,0.301
170.0,0.301
171.0,0.301
172.0,0.258
173.0,0.301
174.0,0.258
175.0,0.301
176.0,0.258
177.0,0.301
178.0,0.258
179.0,0.301
180.0,0.258
181.0,0.258
182.0,0.258
183.0,0.258
184.0,0.301
185.0,0.301
186.0,0.301
187.0,0.301
188.0,0.301
189.0,0.301
190.0,0.301
191.0,0.258
192.0,0.301
193.0,0.258
194.0,0.258
195.0,0.258
196.0,0.258
197.0,0.258
198.0,0.301
199.0,0.258
200.0,0.301
201.0,0.258
202.0,0.258
203.0,0.301
204.0,0.258
205.0,0.301
206.0,0.301
207.0,0.301
208.0,0.258
209.0,0.301
210.0,0.258
211.0,0.301
212.0,0.301
213.0,0.301
214.0,0.258
215.0,0.301
216.0,0.258
217.0,0.301
218.0,0.258
219.0,0.301
220.0,0.258
221.0,0.258
222.0,0.258
223.0,0.258
224.0,0.301
225.0,0.258
226.0,0.301
227.0,0.301
228.0,0.301
229.0,0.258
230.0,0.258
231.0,0.258
232.0,0.258
233.0,0.258
234.0,0.258
235.0,0.258
236.0,0.258
237.0,0.258
238.0,0.258
239.0,0.258
240.0,0.258
241.0,0.258
242.0,0.301
243.0,0.301
244.0,0.258
245.0,0.301
246.0,0.301
247.0,0.301
248.0,0.258
249.0,0.258
250.0,0.258
251.0,0.258
252.0,0.258
253.0,0.258
254.0,0.258
255.0,0.258
256.0,0.258
257.0,0.258
258.0,0.258
259.0,0.258
260.0,0.258
261.0,0.258
262.0,0.258
263.0,0.258
264.0,0.258
265.0,0.258
266.0,0.258
267.0,0.258
268.0,0.258
269.0,0.258
270.0,0.21499999999999997
271.0,0.258
272.0,0.258
273.0,0.258
274.0,0.258
275.0,0.258
276.0,0.258
277.0,0.258
278.0,0.258
279.0,0.258
280.0,0.258
281.0,0.258
282.0,0.258
283.0,0.258
284.0,0.258
285.0,0.301
286.0,0.258
287.0,0.258
288.0,0.21499999999999997
289.0,0.258
290.0,0.258
291.0,0.258
292.0,0.258
293.0,0.258
294.0,0.258
295.0,0.258
296.0,0.258
297.0,0.258
298.0,0.258
299.0,0.258
300.0,0.258
301.0,0.258
302.0,0.258
303.0,0.258
304.0,0.258
305.0,0.258
306.0,0.258
307.0,0.258
308.0,0.258
309.0,0.258
310.0,0.258
311.0,0.258
312.0,0.258
313.0,0.258
314.0,0.258
315.0,0.258
316.0,0.258
317.0,0.258
318.0,0.258
319.0,0.258
320.0,0.258
321.0,0.21499999999999997
322.0,0.21499999999999997
323.0,0.21499999999999997
324.0,0.21499999999999997
325.0,0.21499999999999997
326.0,0.258
327.0,0.258
328.0,0.258
329.0,0.21499999999999997
330.0,0.258
331.0,0.21499999999999997
332.0,0.21499999999999997
333.0,0.258
334.0,0.258
335.0,0.258
336.0,0.258
337.0,0.21499999999999997
338.0,0.258
339.0,0.21499999999999997
340.0,0.21499999999999997
341.0,0.21499999999999997
342.0,0.21499999999999997
343.0,0.21499999999999997
344.0,0.258
345.0,0.21499999999999997
346.0,0.258
347.0,0.258
348.0,0.258
349.0,0.21499999999999997
350.0,0.21499999999999997
351.0,0.21499999999999997
352.0,0.21499999999999997
353.0,0.258
354.0,0.258
355.0,0.258
356.0,0.258
357.0,0.21499999999999997
358.0,0.21499999999999997
359.0,0.21499999999999997
360.0,0.21499999999999997
361.0,0.21499999999999997
362.0,0.21499999999999997
363.0,0.21499999999999997
364.0,0.258
365.0,0.21499999999999997
366.0,0.21499999999999997
367.0,0.21499999999999997
368.0,0.258
369.0,0.258
370.0,0.258
371.0,0.21499999999999997
372.0,0.258
373.0,0.21499999999999997
374.0,0.21499999999999997
375.0,0.258
376.0,0.258
377.0,0.258
378.0,0.258
379.0,0.258
380.0,0.258
381.0,0.258
382.0,0.258
383.0,0.258
384.0,0.258
385.0,0.258
386.0,0.258
387.0,0.258
388.0,0.258
389.0,0.258
390.0,0.21499999999999997
391.0,0.21499999999999997
392.0,0.21499999999999997
393.0,0.258
394.0,0.21499999999999997
395.0,0.258
396.0,0.21499999999999997
397.0,0.21499999999999997
398.0,0.258
399.0,0.258
400.0,0.258
401.0,0.258
402.0,0.21499999999999997
403.0,0.21499999999999997
404.0,0.21499999999999997
405.0,0.258
406.0,0.258
407.0,0.258
408.0,0.258
409.0,0.258
410.0,0.21499999999999997
411.0,0.258
412.0,0.21499999999999997
413.0,0.258
414.0,0.21499999999999997
415.0,0.21499999999999997
416.0,0.21499999999999997
417.0,0.258
418.0,0.258
419.0,0.258
420.0,0.258
421.0,0.258
422.0,0.258
423.0,0.21499999999999997
424.0,0.21499999999999997
425.0,0.21499999999999997
426.0,0.21499999999999997
427.0,0.258
428.0,0.258
429.0,0.258
430.0,0.258
431.0,0.21499999999999997
432.0,0.21499999999999997
433.0,0.21499999999999997
434.0,0.21499999999999997
435.0,0.258
436.0,0.21499999999999997
437.0,0.21499999999999997
438.0,0.21499999999999997
439.0,0.21499999999999997
440.0,0.258
441.0,0.258
442.0,0.258
443.0,0.21499999999999997
444.0,0.21499999999999997
445.0,0.21499999999999997
446.0,0.21499999999999997
447.0,0.21499999999999997
448.0,0.258
449.0,0.258
450.0,0.258
451.0,0.21499999999999997
452.0,0.21499999999999997
453.0,0.21499999999999997
454.0,0.21499999999999997
455.0,0.21499999999999997
456.0,0.21499999999999997
457.0,0.258
458.0,0.258
459.0,0.258
460.0,0.21499999999999997
461.0,0.21499999999999997
462.0,0.21499999999999997
463.0,0.21499999999999997
464.0,0.21499999999999997
465.0,0.21499999999999997
466.0,0.21499999999999997
467.0,0.21499999999999997
468.0,0.21499999999999997
469.0,0.258
470.0,0.258
471.0,0.258
472.0,0.258
473.0,0.21499999999999997
474.0,0.21499999999999997
475.0,0.258
476.0,0.258
477.0,0.258
478.0,0.258
479.0,0.258
480.0,0.258
481.0,0.258
482.0,0.21499999999999997
483.0,0.258
484.0,0.21499999999999997
485.0,0.258
486.0,0.21499999999999997
487.0,0.258
488.0,0.258
489.0,0.21499999999999997
490.0,0.21499999999999997
491.0,0.21499999999999997
492.0,0.258
493.0,0.21499999999999997
494.0,0.21499999999999997
495.0,0.21499999999999997
496.0,0.258
497.0,0.258
498.0,0.258
499.0,0.258
500.0,0.258
501.0,0.258
502.0,0.258
503.0,0.258
504.0,0.21499999999999997
505.0,0.21499999999999997
506.0,0.258
507.0,0.258
508.0,0.258
509.0,0.21499999999999997
510.0,0.21499999999999997
511.0,0.258
512.0,0.258
513.0,0.258
514.0,0.258
515.0,0.258
516.0,0.258
517.0,0.258
518.0,0.258
519.0,0.258
520.0,0.258
521.0,0.258
522.0,0.258
523.0,0.258
524.0,0.258
525.0,0.258
526.0,0.21499999999999997
527.0,0.258
528.0,0.258
529.0,0.258
530.0,0.21499999999999997
531.0,0.258
532.0,0.21499999999999997
533.0,0.258
534.0,0.258
535.0,0.258
536.0,0.258
537.0,0.258
538.0,0.258
539.0,0.258
540.0,0.21499999999999997
541.0,0.258
542.0,0.258
543.0,0.258
544.0,0.258
545.0,0.258
546.0,0.21499999999999997
547.0,0.21499999999999997
548.0,0.21499999999999997
549.0,0.21499999999999997
550.0,0.21499999999999997
551.0,0.258
552.0,0.258
553.0,0.258
554.0,0.258
555.0,0.258
556.0,0.258
557.0,0.258
558.0,0.258
559.0,0.258
560.0,0.258
561.0,0.258
562.0,0.258
563.0,0.258
564.0,0.258
565.0,0.258
566.0,0.258
567.0,0.258
568.0,0.258
569.0,0.258
570.0,0.258
571.0,0.21499999999999997
572.0,0.21499999999999997
573.0,0.21499999999999997
574.0,0.258
575.0,0.258
576.0,0.258
577.0,0.258
578.0,0.258
579.0,0.258
580.0,0.258
581.0,0.258
582.0,0.258
583.0,0.258
584.0,0.258
585.0,0.258
586.0,0.258
587.0,0.258
588.0,0.21499999999999997
589.0,0.21499999999999997
590.0,0.21499999999999997
591.0,0.21499999999999997
592.0,0.21499999999999997
593.0,0.258
594.0,0.21499999999999997
595.0,0.258
596.0,0.258
597.0,0.258
598.0,0.258
599.0,0.258
600.0,0.21499999999999997
601.0,0.258
602.0,0.258
603.0,0.258
604.0,0.258
605.0,0.258
606.0,0.258
607.0,0.258
608.0,0.21499999999999997
609.0,0.21499999999999997
610.0,0.21499999999999997
611.0,0.21499999999999997
612.0,0.21499999999999997
613.0,0.21499999999999997
614.0,0.21499999999999997
615.0,0.258
616.0,0.21499999999999997
617.0,0.258
618.0,0.258
619.0,0.258
620.0,0.258
621.0,0.258
622.0,0.21499999999999997
623.0,0.258
624.0,0.258
625.0,0.258
626.0,0.21499999999999997
627.0,0.21499999999999997
628.0,0.21499999999999997
629.0,0.21499999999999997
630.0,0.21499999999999997
631.0,0.258
632.0,0.21499999999999997
633.0,0.258
634.0,0.21499999999999997
635.0,0.258
636.0,0.21499999999999997
637.0,0.21499999999999997
638.0,0.258
639.0,0.258
640.0,0.258
641.0,0.21499999999999997
642.0,0.258
643.0,0.258
644.0,0.21499999999999997
645.0,0.258
646.0,0.21499999999999997
647.0,0.258
648.0,0.21499999999999997
649.0,0.258
650.0,0.21499999999999997
651.0,0.258
652.0,0.21499999999999997
653.0,0.21499999999999997
654.0,0.21499999999999997
655.0,0.258
656.0,0.21499999999999997
657.0,0.21499999999999997
658.0,0.21499999999999997
659.0,0.21499999999999997
660.0,0.21499999999999997
661.0,0.258
662.0,0.21499999999999997
663.0,0.21499999999999997
664.0,0.21499999999999997
665.0,0.21499999999999997
666.0,0.21499999999999997
667.0,0.258
668.0,0.21499999999999997
669.0,0.21499999999999997
670.0,0.21499999999999997
671.0,0.21499999999999997
672.0,0.21499999999999997
673.0,0.258
674.0,0.21499999999999997
675.0,0.258
676.0,0.258
677.0,0.258
678.0,0.21499999999999997
679.0,0.21499999999999997
680.0,0.21499999999999997
681.0,0.21499999999999997
682.0,0.21499999999999997
683.0,0.258
684.0,0.21499999999999997
685.0,0.258
686.0,0.21499999999999997
687.0,0.21499999999999997
688.0,0.21499999999999997
689.0,0.21499999999999997
690.0,0.21499999999999997
691.0,0.21499999999999997
692.0,0.21499999999999997
693.0,0.258
694.0,0.21499999999999997
695.0,0.21499999999999997
696.0,0.21499999999999997
697.0,0.21499999999999997
698.0,0.21499999999999997
699.0,0.258
700.0,0.21499999999999997
701.0,0.258
702.0,0.21499999999999997
703.0,0.258
704.0,0.21499999999999997
705.0,0.21499999999999997
706.0,0.21499999999999997
707.0,0.258
708.0,0.258
709.0,0.258
710.0,0.21499999999999997
711.0,0.258
712.0,0.21499999999999997
713.0,0.21499999999999997
714.0,0.21499999999999997
715.0,0.21499999999999997
716.0,0.21499999999999997
717.0,0.21499999999999997
718.0,0.21499999999999997
719.0,0.21499999999999997
720.0,0.21499999999999997
721.0,0.258
722.0,0.21499999999999997
723.0,0.21499999999999997
724.0,0.21499999999999997
725.0,0.21499999999999997
726.0,0.21499999999999997
727.0,0.21499999999999997
728.0,0.21499999999999997
729.0,0.21499999999999997
730.0,0.21499999999999997
731.0,0.21499999999999997
732.0,0.21499999999999997
733.0,0.21499999999999997
734.0,0.21499999999999997
735.0,0.258
736.0,0.21499999999999997
737.0,0.258
738.0,0.21499999999999997
739.0,0.21499999999999997
740.0,0.258
741.0,0.258
742.0,0.258
743.0,0.258
744.0,0.258
745.0,0.258
746.0,0.21499999999999997
747.0,0.258
748.0,0.21499999999999997
749.0,0.258
750.0,0.21499999999999997
751.0,0.21499999999999997
752.0,0.21499999999999997
753.0,0.258
754.0,0.21499999999999997
755.0,0.21499999999999997
756.0,0.21499999999999997
757.0,0.258
758.0,0.258
759.0,0.21499999999999997
760.0,0.21499999999999997
761.0,0.21499999999999997
762.0,0.258
763.0,0.258
764.0,0.258
765.0,0.258
766.0,0.258
767.0,0.21499999999999997
768.0,0.21499999999999997
769.0,0.21499999999999997
770.0,0.21499999999999997
771.0,0.21499999999999997
772.0,0.21499999999999997
773.0,0.21499999999999997
774.0,0.21499999999999997
775.0,0.21499999999999997
776.0,0.258
777.0,0.258
778.0,0.258
779.0,0.258
780.0,0.258
781.0,0.258
782.0,0.21499999999999997
783.0,0.258
784.0,0.258
785.0,0.258
786.0,0.258
787.0,0.258
788.0,0.21499999999999997
789.0,0.21499999999999997
790.0,0.21499999999999997
791.0,0.21499999999999997
792.0,0.21499999999999997
793.0,0.21499999999999997
794.0,0.21499999999999997
795.0,0.21499999999999997
796.0,0.21499999999999997
797.0,0.258
798.0,0.258
799.0,0.258
800.0,0.21499999999999997
801.0,0.21499999999999997
802.0,0.21499999999999997
803.0,0.21499999999999997
804.0,0.21499999999999997
805.0,0.21499999999999997
806.0,0.21499999999999997
807.0,0.21499999999999997
808.0,0.21499999999999997
809.0,0.258
810.0,0.21499999999999997
811.0,0.21499999999999997
812.0,0.21499999999999997
813.0,0.258
814.0,0.21499999999999997
815.0,0.21499999999999997
816.0,0.21499999999999997
817.0,0.21499999999999997
818.0,0.258
819.0,0.21499999999999997
820.0,0.258
821.0,0.258
822.0,0.21499999999999997
823.0,0.258
824.0,0.21499999999999997
825.0,0.21499999999999997
826.0,0.21499999999999997
827.0,0.258
828.0,0.21499999999999997
829.0,0.21499999999999997
830.0,0.21499999999999997
831.0,0.258
832.0,0.258
833.0,0.258
834.0,0.258
835.0,0.21499999999999997
836.0,0.21499999999999997
837.0,0.258
838.0,0.258
839.0,0.21499999999999997
840.0,0.258
841.0,0.258
842.0,0.21499999999999997
843.0,0.21499999999999997
844.0,0.21499999999999997
845.0,0.21499999999999997
846.0,0.21499999999999997
847.0,0.21499999999999997
848.0,0.21499999999999997
849.0,0.21499999999999997
850.0,0.21499999999999997
851.0,0.258
852.0,0.258
853.0,0.21499999999999997
854.0,0.258
855.0,0.258
856.0,0.21499999999999997
857.0,0.21499999999999997
858.0,0.21499999999999997
859.0,0.258
860.0,0.258
861.0,0.21499999999999997
862.0,0.258
863.0,0.21499999999999997
864.0,0.21499999999999997
865.0,0.21499999999999997
866.0,0.21499999999999997
867.0,0.21499999999999997
868.0,0.21499999999999997
869.0,0.21499999999999997
870.0,0.21499999999999997
871.0,0.21499999999999997
872.0,0.21499999999999997
873.0,0.21499999999999997
874.0,0.21499999999999997
875.0,0.21499999999999997
876.0,0.21499999999999997
877.0,0.21499999999999997
878.0,0.21499999999999997
879.0,0.21499999999999997
880.0,0.21499999999999997
881.0,0.21499999999999997
882.0,0.21499999999999997
883.0,0.21499999999999997
884.0,0.21499999999999997
885.0,0.21499999999999997
886.0,0.21499999999999997
887.0,0.258
888.0,0.21499999999999997
889.0,0.21499999999999997
890.0,0.21499999999999997
891.0,0.21499999999999997
892.0,0.21499999999999997
893.0,0.258
894.0,0.258
895.0,0.21499999999999997
896.0,0.21499999999999997
897.0,0.21499999999999997
898.0,0.21499999999999997
899.0,0.21499999999999997
900.0,0.21499999999999997
901.0,0.21499999999999997
902.0,0.21499999999999997
903.0,0.258
904.0,0.21499999999999997
905.0,0.21499999999999997
906.0,0.21499999999999997
907.0,0.21499999999999997
908.0,0.21499999999999997
909.0,0.21499999999999997
910.0,0.21499999999999997
911.0,0.21499999999999997
912.0,0.21499999999999997
913.0,0.21499999999999997
914.0,0.21499999999999997
915.0,0.21499999999999997
916.0,0.21499999999999997
917.0,0.21499999999999997
918.0,0.21499999999999997
919.0,0.21499999999999997
920.0,0.21499999999999997
921.0,0.21499999999999997
922.0,0.21499999999999997
923.0,0.21499999999999997
924.0,0.21499999999999997
925.0,0.21499999999999997
926.0,0.21499999999999997
927.0,0.21499999999999997
928.0,0.21499999999999997
929.0,0.258
930.0,0.21499999999999997
931.0,0.21499999999999997
932.0,0.21499999999999997
933.0,0.21499999999999997
934.0,0.21499999999999997
935.0,0.21499999999999997
936.0,0.21499999999999997
937.0,0.21499999999999997
938.0,0.21499999999999997
939.0,0.21499999999999997
940.0,0.21499999999999997
941.0,0.21499999999999997
942.0,0.21499999999999997
943.0,0.21499999999999997
944.0,0.21499999999999997
945.0,0.21499999999999997
946.0,0.21499999999999997
947.0,0.21499999999999997
948.0,0.21499999999999997
949.0,0.21499999999999997
950.0,0.21499999999999997
951.0,0.21499999999999997
952.0,0.21499999999999997
953.0,0.21499999999999997
954.0,0.21499999999999997
955.0,0.21499999999999997
956.0,0.21499999999999997
957.0,0.21499999999999997
958.0,0.21499999999999997
959.0,0.21499999999999997
960.0,0.21499999999999997
961.0,0.21499999999999997
962.0,0.21499999999999997
963.0,0.21499999999999997
964.0,0.21499999999999997
965.0,0.21499999999999997
966.0,0.21499999999999997
967.0,0.21499999999999997
968.0,0.21499999999999997
969.0,0.21499999999999997
970.0,0.21499999999999997
971.0,0.21499999999999997
972.0,0.21499999999999997
973.0,0.21499999999999997
974.0,0.21499999999999997
975.0,0.21499999999999997
976.0,0.21499999999999997
977.0,0.21499999999999997
978.0,0.172
979.0,0.21499999999999997
980.0,0.21499999999999997
981.0,0.21499999999999997
982.0,0.21499999999999997
983.0,0.21499999999999997
984.0,0.21499999999999997
985.0,0.21499999999999997
986.0,0.21499999999999997
987.0,0.21499999999999997
988.0,0.21499999999999997
989.0,0.21499999999999997
990.0,0.21499999999999997
991.0,0.21499999999999997
992.0,0.21499999999999997
993.0,0.21499999999999997
994.0,0.21499999999999997
995.0,0.21499999999999997
996.0,0.21499999999999997
997.0,0.21499999999999997
998.0,0.21499999999999997
999.0,0.21499999999999997
1000.0,0.21499999999999997
1001.0,0.21499999999999997
1002.0,0.21499999999999997
1003.0,0.21499999999999997
1004.0,0.21499999999999997
1005.0,0.21499999999999997
1006.0,0.21499999999999997
1007.0,0.21499999999999997
1008.0,0.21499999999999997
1009.0,0.21499999999999997
1010.0,0.21499999999999997
1011.0,0.21499999999999997
1012.0,0.21499999999999997
1013.0,0.21499999999999997
1014.0,0.21499999999999997
1015.0,0.21499999999999997
1016.0,0.21499999999999997
1017.0,0.21499999999999997
1018.0,0.21499999999999997
1019.0,0.21499999999999997
1020.0,0.21499999999999997
1021.0,0.21499999999999997
1022.0,0.21499999999999997
1023.0,0.21499999999999997
1024.0,0.21499999999999997
1025.0,0.21499999999999997
1026.0,0.21499999999999997
1027.0,0.21499999999999997
1028.0,0.21499999999999997
1029.0,0.21499999999999997
1030.0,0.21499999999999997
1031.0,0.21499999999999997
1032.0,0.21499999999999997
1033.0,0.21499999999999997
1034.0,0.21499999999999997
1035.0,0.21499999999999997
1036.0,0.21499999999999997
1037.0,0.21499999999999997
1038.0,0.172
1039.0,0.21499999999999997
1040.0,0.172
1041.0,0.172
1042.0,0.21499999999999997
1043.0,0.21499999999999997
1044.0,0.21499999999999997
1045.0,0.172
1046.0,0.21499999999999997
1047.0,0.21499999999999997
1048.0,0.21499999999999997
1049.0,0.21499999999999997
1050.0,0.21499999999999997
1051.0,0.21499999999999997
1052.0,0.21499999999999997
1053.0,0.21499999999999997
1054.0,0.21499999999999997
1055.0,0.21499999999999997
1056.0,0.21499999999999997
1057.0,0.21499999999999997
1058.0,0.21499999999999997
1059.0,0.21499999999999997
1060.0,0.172
1061.0,0.21499999999999997
1062.0,0.21499999999999997
1063.0,0.21499999999999997
1064.0,0.21499999999999997
1065.0,0.21499999999999997
1066.0,0.21499999999999997
1067.0,0.21499999999999997
1068.0,0.21499999999999997
1069.0,0.21499999999999997
1070.0,0.21499999999999997
1071.0,0.21499999999999997
1072.0,0.172
1073.0,0.21499999999999997
1074.0,0.172
1075.0,0.21499999999999997
1076.0,0.21499999999999997
1077.0,0.172
1078.0,0.21499999999999997
1079.0,0.21499999999999997
1080.0,0.21499999999999997
1081.0,0.21499999999999997
1082.0,0.21499999999999997
1083.0,0.172
1084.0,0.21499999999999997
1085.0,0.21499999999999997
1086.0,0.21499999999999997
1087.0,0.21499999999999997
1088.0,0.21499999999999997
1089.0,0.21499999999999997
1090.0,0.21499999999999997
1091.0,0.21499999999999997
1092.0,0.21499999999999997
1093.0,0.21499999999999997
1094.0,0.21499999999999997
1095.0,0.21499999999999997
1096.0,0.21499999999999997
1097.0,0.172
1098.0,0.21499999999999997
1099.0,0.21499999999999997
1100.0,0.21499999999999997
1101.0,0.21499999999999997
1102.0,0.21499999999999997
1103.0,0.21499999999999997
1104.0,0.21499999999999997
1105.0,0.21499999999999997
1106.0,0.21499999999999997
1107.0,0.21499999999999997
1108.0,0.21499999999999997
1109.0,0.21499999999999997
1110.0,0.21499999999999997
1111.0,0.21499999999999997
1112.0,0.21499999999999997
1113.0,0.21499999999999997
1114.0,0.172
1115.0,0.172
1116.0,0.172
1117.0,0.172
1118.0,0.21499999999999997
1119.0,0.21499999999999997
1120.0,0.21499999999999997
1121.0,0.21499999999999997
1122.0,0.21499999999999997
1123.0,0.21499999999999997
1124.0,0.21499999999999997
1125.0,0.21499999999999997
1126.0,0.21499999999999997
1127.0,0.21499999999999997
1128.0,0.21499999999999997
1129.0,0.21499999999999997
1130.0,0.21499999999999997
1131.0,0.21499999999999997
1132.0,0.21499999999999997
1133.0,0.21499999999999997
1134.0,0.21499999999999997
1135.0,0.172
1136.0,0.21499999999999997
1137.0,0.21499999999999997
1138.0,0.21499999999999997
1139.0,0.21499999999999997
1140.0,0.21499999999999997
1141.0,0.21499999999999997
1142.0,0.21499999999999997
1143.0,0.21499999999999997
1144.0,0.21499999999999997
1145.0,0.21499999999999997
1146.0,0.21499999999999997
1147.0,0.21499999999999997
1148.0,0.21499999999999997
1149.0,0.172
1150.0,0.21499999999999997
1151.0,0.172
1152.0,0.21499999999999997
1153.0,0.172
1154.0,0.21499999999999997
1155.0,0.21499999999999997
1156.0,0.21499999999999997
1157.0,0.21499999999999997
1158.0,0.21499999999999997
1159.0,0.21499999999999997
1160.0,0.21499999999999997
1161.0,0.21499999999999997
1162.0,0.21499999999999997
1163.0,0.21499999999999997
1164.0,0.21499999999999997
1165.0,0.21499999999999997
1166.0,0.21499999999999997
1167.0,0.21499999999999997
1168.0,0.21499999999999997
1169.0,0.21499999999999997
1170.0,0.21499999999999997
1171.0,0.21499999999999997
1172.0,0.21499999999999997
1173.0,0.21499999999999997
1174.0,0.21499999999999997
1175.0,0.21499999999999997
1176.0,0.21499999999999997
1177.0,0.21499999999999997
1178.0,0.21499999999999997
1179.0,0.21499999999999997
1180.0,0.21499999999999997
1181.0,0.21499999999999997
1182.0,0.21499999999999997
1183.0,0.21499999999999997
1184.0,0.21499999999999997
1185.0,0.21499999999999997
1186.0,0.21499999999999997
1187.0,0.21499999999999997
1188.0,0.21499999999999997
1189.0,0.21499999999999997
1190.0,0.21499999999999997
1191.0,0.172
1192.0,0.21499999999999997
1193.0,0.21499999999999997
1194.0,0.21499999999999997
1195.0,0.21499999999999997
1196.0,0.21499999999999997
1197.0,0.21499999999999997
1198.0,0.21499999999999997
1199.0,0.21499999999999997
1200.0,0.21499999999999997
1201.0,0.21499999999999997
1202.0,0.21499999999999997
1203.0,0.21499999999999997
1204.0,0.21499999999999997
1205.0,0.21499999999999997
1206.0,0.21499999999999997
1207.0,0.21499999999999997
1208.0,0.21499999999999997
1209.0,0.21499999999999997
1210.0,0.21499999999999997
1211.0,0.21499999999999997
1212.0,0.21499999999999997
1213.0,0.21499999999999997
1214.0,0.21499999999999997
1215.0,0.21499999999999997
1216.0,0.21499999999999997
1217.0,0.172
1218.0,0.21499999999999997
1219.0,0.172
1220.0,0.21499999999999997
1221.0,0.21499999999999997
1222.0,0.21499999999999997
1223.0,0.21499999999999997
1224.0,0.172
1225.0,0.21499999999999997
1226.0,0.21499999999999997
1227.0,0.21499999999999997
1228.0,0.21499999999999997
1229.0,0.21499999999999997
1230.0,0.21499999999999997
1231.0,0.21499999999999997
1232.0,0.21499999999999997
1233.0,0.21499999999999997
1234.0,0.21499999999999997
1235.0,0.21499999999999997
1236.0,0.21499999999999997
1237.0,0.21499999999999997
1238.0,0.21499999999999997
1239.0,0.172
1240.0,0.21499999999999997
1241.0,0.21499999999999997
1242.0,0.21499999999999997
1243.0,0.21499999999999997
1244.0,0.21499999999999997
1245.0,0.21499999999999997
1246.0,0.21499999999999997
1247.0,0.21499999999999997
1248.0,0.21499999999999997
1249.0,0.21499999999999997
1250.0,0.21499999999999997
1251.0,0.172
1252.0,0.172
1253.0,0.21499999999999997
1254.0,0.21499999999999997
1255.0,0.21499999999999997
1256.0,0.172
1257.0,0.21499999999999997
1258.0,0.21499999999999997
1259.0,0.21499999999999997
1260.0,0.21499999999999997
1261.0,0.172
1262.0,0.21499999999999997
1263.0,0.21499999999999997
1264.0,0.21499999999999997
1265.0,0.21499999999999997
1266.0,0.21499999999999997
1267.0,0.21499999999999997
1268.0,0.21499999999999997
1269.0,0.21499999999999997
1270.0,0.21499999999999997
1271.0,0.172
1272.0,0.172
1273.0,0.172
1274.0,0.21499999999999997
1275.0,0.21499999999999997
1276.0,0.21499999999999997
1277.0,0.21499999999999997
1278.0,0.21499999999999997
1279.0,0.172
1280.0,0.172
1281.0,0.172
1282.0,0.21499999999999997
1283.0,0.21499999999999997
1284.0,0.21499999999999997
1285.0,0.21499999999999997
1286.0,0.21499999999999997
1287.0,0.21499999999999997
1288.0,0.21499999999999997
1289.0,0.21499999999999997
1290.0,0.21499999999999997
1291.0,0.21499999999999997
1292.0,0.21499999999999997
1293.0,0.21499999999999997
1294.0,0.21499999999999997
1295.0,0.172
1296.0,0.21499999999999997
1297.0,0.21499999999999997
1298.0,0.21499999999999997
1299.0,0.21499999999999997
1300.0,0.21499999999999997
1301.0,0.21499999999999997
1302.0,0.172
1303.0,0.21499999999999997
1304.0,0.21499999999999997
1305.0,0.21499999999999997
1306.0,0.21499999999999997
1307.0,0.21499999999999997
1308.0,0.21499999999999997
1309.0,0.21499999999999997
1310.0,0.21499999999999997
1311.0,0.21499999999999997
1312.0,0.21499999999999997
1313.0,0.172
1314.0,0.172
1315.0,0.172
1316.0,0.21499999999999997
1317.0,0.21499999999999997
1318.0,0.21499999999999997
1319.0,0.21499999999999997
1320.0,0.21499999999999997
1321.0,0.21499999999999997
1322.0,0.21499999999999997
1323.0,0.21499999999999997
1324.0,0.21499999999999997
1325.0,0.21499999999999997
1326.0,0.172
1327.0,0.172
1328.0,0.172
1329.0,0.21499999999999997
1330.0,0.21499999999999997
1331.0,0.21499999999999997
1332.0,0.21499999999999997
1333.0,0.21499999999999997
1334.0,0.21499999999999997
1335.0,0.21499999999999997
1336.0,0.21499999999999997
1337.0,0.21499999999999997
1338.0,0.21499999999999997
1339.0,0.21499999999999997
1340.0,0.21499999999999997
1341.0,0.21499999999999997
1342.0,0.21499999999999997
1343.0,0.21499999999999997
1344.0,0.21499999999999997
1345.0,0.21499999999999997
1346.0,0.21499999999999997
1347.0,0.21499999999999997
1348.0,0.172
1349.0,0.172
1350.0,0.21499999999999997
1351.0,0.21499999999999997
1352.0,0.21499999999999997
1353.0,0.21499999999999997
1354.0,0.21499999999999997
1355.0,0.172
1356.0,0.172
1357.0,0.172
1358.0,0.21499999999999997
1359.0,0.21499999999999997
1360.0,0.21499999999999997
1361.0,0.21499999999999997
1362.0,0.21499999999999997
1363.0,0.21499999999999997
1364.0,0.21499999999999997
1365.0,0.21499999999999997
1366.0,0.21499999999999997
1367.0,0.21499999999999997
1368.0,0.21499999999999997
1369.0,0.21499999999999997
1370.0,0.21499999999999997
1371.0,0.21499999999999997
1372.0,0.21499999999999997
1373.0,0.21499999999999997
1374.0,0.21499999999999997
1375.0,0.21499999999999997
1376.0,0.21499999999999997
1377.0,0.21499999999999997
1378.0,0.21499999999999997
1379.0,0.21499999999999997
1380.0,0.21499999999999997
1381.0,0.21499999999999997
1382.0,0.21499999999999997
1383.0,0.21499999999999997
1384.0,0.21499999999999997
1385.0,0.21499999999999997
1386.0,0.21499999999999997
1387.0,0.21499999999999997
1388.0,0.21499999999999997
1389.0,0.172
1390.0,0.21499999999999997
1391.0,0.172
1392.0,0.21499999999999997
1393.0,0.21499999999999997
1394.0,0.21499999999999997
1395.0,0.21499999999999997
1396.0,0.21499999999999997
1397.0,0.21499999999999997
1398.0,0.21499999999999997
1399.0,0.21499999999999997
1400.0,0.21499999999999997
1401.0,0.21499999999999997
1402.0,0.172
1403.0,0.21499999999999997
1404.0,0.172
1405.0,0.21499999999999997
1406.0,0.21499999999999997
1407.0,0.21499999999999997
1408.0,0.21499999999999997
1409.0,0.21499999999999997
1410.0,0.172
1411.0,0.21499999999999997
1412.0,0.172
1413.0,0.21499999999999997
1414.0,0.21499999999999997
1415.0,0.21499999999999997
1416.0,0.21499999999999997
1417.0,0.21499999999999997
1418.0,0.21499999999999997
1419.0,0.21499999999999997
1420.0,0.172
1421.0,0.21499999999999997
1422.0,0.21499999999999997
1423.0,0.21499999999999997
1424.0,0.21499999999999997
1425.0,0.172
1426.0,0.21499999999999997
1427.0,0.21499999999999997
1428.0,0.21499999999999997
1429.0,0.21499999999999997
1430.0,0.21499999999999997
1431.0,0.21499999999999997
1432.0,0.21499999999999997
1433.0,0.21499999999999997
1434.0,0.21499999999999997
1435.0,0.21499999999999997
1436.0,0.172
1437.0,0.21499999999999997
1438.0,0.172
1439.0,0.21499999999999997
1440.0,0.21499999999999997
1441.0,0.21499999999999997
1442.0,0.21499999999999997
1443.0,0.21499999999999997
1444.0,0.172
1445.0,0.21499999999999997
1446.0,0.21499999999999997
1447.0,0.21499999999999997
1448.0,0.21499999999999997
1449.0,0.21499999999999997
1450.0,0.21499999999999997
1451.0,0.21499999999999997
1452.0,0.21499999999999997
1453.0,0.21499999999999997
1454.0,0.21499999999999997
1455.0,0.21499999999999997
1456.0,0.21499999999999997
1457.0,0.21499999999999997
1458.0,0.21499999999999997
1459.0,0.21499999999999997
1460.0,0.21499999999999997
1461.0,0.21499999999999997
1462.0,0.21499999999999997
1463.0,0.21499999999999997
1464.0,0.21499999999999997
1465.0,0.21499999999999997
1466.0,0.21499999999999997
1467.0,0.172
1468.0,0.21499999999999997
1469.0,0.21499999999999997
1470.0,0.21499999999999997
1471.0,0.21499999999999997
1472.0,0.21499999999999997
1473.0,0.21499999999999997
1474.0,0.21499999999999997
1475.0,0.21499999999999997
1476.0,0.21499999999999997
1477.0,0.172
1478.0,0.172
1479.0,0.172
1480.0,0.172
1481.0,0.172
1482.0,0.172
1483.0,0.172
1484.0,0.21499999999999997
1485.0,0.172
1486.0,0.172
1487.0,0.172
1488.0,0.21499999999999997
1489.0,0.21499999999999997
1490.0,0.21499999999999997
1491.0,0.172
1492.0,0.172
1493.0,0.21499999999999997
1494.0,0.21499999999999997
1495.0,0.21499999999999997
1496.0,0.21499999999999997
1497.0,0.21499999999999997
1498.0,0.172
1499.0,0.172
1500.0,0.172
1501.0,0.172
1502.0,0.172
1503.0,0.172
1504.0,0.21499999999999997
1505.0,0.21499999999999997
1506.0,0.21499999999999997
1507.0,0.21499999999999997
1508.0,0.21499999999999997
1509.0,0.21499999999999997
1510.0,0.172
1511.0,0.21499999999999997
1512.0,0.172
1513.0,0.172
1514.0,0.21499999999999997
1515.0,0.172
1516.0,0.172
1517.0,0.21499999999999997
1518.0,0.172
1519.0,0.172
1520.0,0.21499999999999997
1521.0,0.21499999999999997
1522.0,0.172
1523.0,0.172
1524.0,0.172
1525.0,0.21499999999999997
1526.0,0.21499999999999997
1527.0,0.21499999999999997
1528.0,0.172
1529.0,0.21499999999999997
1530.0,0.21499999999999997
1531.0,0.21499999999999997
1532.0,0.21499999999999997
1533.0,0.172
1534.0,0.172
1535.0,0.172
1536.0,0.172
1537.0,0.172
1538.0,0.21499999999999997
1539.0,0.172
1540.0,0.172
1541.0,0.172
1542.0,0.172
1543.0,0.21499999999999997
1544.0,0.172
1545.0,0.172
1546.0,0.21499999999999997
1547.0,0.172
1548.0,0.21499999999999997
1549.0,0.172
1550.0,0.21499999999999997
1551.0,0.172
1552.0,0.21499999999999997
1553.0,0.172
1554.0,0.172
1555.0,0.172
1556.0,0.172
1557.0,0.172
1558.0,0.172
1559.0,0.172
1560.0,0.172
1561.0,0.172
1562.0,0.172
1563.0,0.172
1564.0,0.172
1565.0,0.129
1566.0,0.172
1567.0,0.172
1568.0,0.172
1569.0,0.172
1570.0,0.129
1571.0,0.172
1572.0,0.172
1573.0,0.172
1574.0,0.172
1575.0,0.172
1576.0,0.172
1577.0,0.172
1578.0,0.172
1579.0,0.172
1580.0,0.129
1581.0,0.129
1582.0,0.172
1583.0,0.172
1584.0,0.172
1585.0,0.172
1586.0,0.172
1587.0,0.172
1588.0,0.172
1589.0,0.172
1590.0,0.172
1591.0,0.172
1592.0,0.172
1593.0,0.172
1594.0,0.172
1595.0,0.172
1596.0,0.172
1597.0,0.172
1598.0,0.172
1599.0,0.172
1600.0,0.172
1601.0,0.172
1602.0,0.129
1603.0,0.172
1604.0,0.172
1605.0,0.172
1606.0,0.172
1607.0,0.172
1608.0,0.172
1609.0,0.172
1610.0,0.172
1611.0,0.172
1612.0,0.172
1613.0,0.172
1614.0,0.172
1615.0,0.172
1616.0,0.129
1617.0,0.172
1618.0,0.172
1619.0,0.172
1620.0,0.172
1621.0,0.172
1622.0,0.172
1623.0,0.172
1624.0,0.172
1625.0,0.172
1626.0,0.172
1627.0,0.172
1628.0,0.172
1629.0,0.172
1630.0,0.172
1631.0,0.172
1632.0,0.172
1633.0,0.129
1634.0,0.172
1635.0,0.172
1636.0,0.172
1637.0,0.129
1638.0,0.129
1639.0,0.172
1640.0,0.129
1641.0,0.172
1642.0,0.129
1643.0,0.172
1644.0,0.172
1645.0,0.129
1646.0,0.129
1647.0,0.172
1648.0,0.172
1649.0,0.129
1650.0,0.172
1651.0,0.172
1652.0,0.129
1653.0,0.129
1654.0,0.172
1655.0,0.172
1656.0,0.172
1657.0,0.172
1658.0,0.172
1659.0,0.172
1660.0,0.172
1661.0,0.129
1662.0,0.172
1663.0,0.172
1664.0,0.172
1665.0,0.172
1666.0,0.172
1667.0,0.172
1668.0,0.172
1669.0,0.172
1670.0,0.172
1671.0,0.172
1672.0,0.172
1673.0,0.129
1674.0,0.172
1675.0,0.172
1676.0,0.172
1677.0,0.172
1678.0,0.172
1679.0,0.172
1680.0,0.172
1681.0,0.172
1682.0,0.172
1683.0,0.172
1684.0,0.129
1685.0,0.172
1686.0,0.172
1687.0,0.172
1688.0,0.129
1689.0,0.129
1690.0,0.129
1691.0,0.129
1692.0,0.172
1693.0,0.172
1694.0,0.172
1695.0,0.172
1696.0,0.129
1697.0,0.172
1698.0,0.172
1699.0,0.172
1700.0,0.172
1701.0,0.172
1702.0,0.172
1703.0,0.172
1704.0,0.172
1705.0,0.172
1706.0,0.172
1707.0,0.172
1708.0,0.172
1709.0,0.129
1710.0,0.129
1711.0,0.172
1712.0,0.172
1713.0,0.172
1714.0,0.172
1715.0,0.129
1716.0,0.129
1717.0,0.129
1718.0,0.129
1719.0,0.172
1720.0,0.172
1721.0,0.172
1722.0,0.172
1723.0,0.172
1724.0,0.172
1725.0,0.172
1726.0,0.172
1727.0,0.129
1728.0,0.129
1729.0,0.172
1730.0,0.172
1731.0,0.129
1732.0,0.129
1733.0,0.172
1734.0,0.172
1735.0,0.172
1736.0,0.172
1737.0,0.172
1738.0,0.129
1739.0,0.172
1740.0,0.172
1741.0,0.172
1742.0,0.172
1743.0,0.172
1744.0,0.172
1745.0,0.172
1746.0,0.129
1747.0,0.129
1748.0,0.129
1749.0,0.129
1750.0,0.129
1751.0,0.129
1752.0,0.129
1753.0,0.129
1754.0,0.172
1755.0,0.172
1756.0,0.172
1757.0,0.172
1758.0,0.172
1759.0,0.129
1760.0,0.129
1761.0,0.172
1762.0,0.172
1763.0,0.172
1764.0,0.172
1765.0,0.172
1766.0,0.172
1767.0,0.129
1768.0,0.172
1769.0,0.129
1770.0,0.129
1771.0,0.129
1772.0,0.172
1773.0,0.172
1774.0,0.172
1775.0,0.172
1776.0,0.172
1777.0,0.172
1778.0,0.172
1779.0,0.172
1780.0,0.172
1781.0,0.172
1782.0,0.129
1783.0,0.172
1784.0,0.172
1785.0,0.172
1786.0,0.172
1787.0,0.129
1788.0,0.129
1789.0,0.172
1790.0,0.172
1791.0,0.129
1792.0,0.129
1793.0,0.129
1794.0,0.172
1795.0,0.172
1796.0,0.172
1797.0,0.172
1798.0,0.172
1799.0,0.172
1800.0,0.129
1801.0,0.129
1802.0,0.172
1803.0,0.129
1804.0,0.172
1805.0,0.172
1806.0,0.172
1807.0,0.172
1808.0,0.172
1809.0,0.172
1810.0,0.172
1811.0,0.172
1812.0,0.172
1813.0,0.129
1814.0,0.172
1815.0,0.129
1816.0,0.172
1817.0,0.172
1818.0,0.172
1819.0,0.172
1820.0,0.172
1821.0,0.129
1822.0,0.129
1823.0,0.172
1824.0,0.172
1825.0,0.129
1826.0,0.172
1827.0,0.172
1828.0,0.129
1829.0,0.172
1830.0,0.172
1831.0,0.172
1832.0,0.172
1833.0,0.129
1834.0,0.129
1835.0,0.129
1836.0,0.129
1837.0,0.172
1838.0,0.172
1839.0,0.172
1840.0,0.172
1841.0,0.172
1842.0,0.172
1843.0,0.129
1844.0,0.172
1845.0,0.129
1846.0,0.172
1847.0,0.129
1848.0,0.172
1849.0,0.172
1850.0,0.172
1851.0,0.172
1852.0,0.172
1853.0,0.172
1854.0,0.172
1855.0,0.129
1856.0,0.129
1857.0,0.129
1858.0,0.129
1859.0,0.172
1860.0,0.172
1861.0,0.172
1862.0,0.172
1863.0,0.172
1864.0,0.172
1865.0,0.172
1866.0,0.172
1867.0,0.172
1868.0,0.129
1869.0,0.129
1870.0,0.129
1871.0,0.172
1872.0,0.129
1873.0,0.172
1874.0,0.172
1875.0,0.129
1876.0,0.172
1877.0,0.172
1878.0,0.172
1879.0,0.129
1880.0,0.129
1881.0,0.129
1882.0,0.129
1883.0,0.129
1884.0,0.172
1885.0,0.129
1886.0,0.172
1887.0,0.172
1888.0,0.129
1889.0,0.129
1890.0,0.172
1891.0,0.172
1892.0,0.172
1893.0,0.172
1894.0,0.172
1895.0,0.129
1896.0,0.172
1897.0,0.172
1898.0,0.172
1899.0,0.172
1900.0,0.129
1901.0,0.172
1902.0,0.172
1903.0,0.172
1904.0,0.172
1905.0,0.172
1906.0,0.172
1907.0,0.172
1908.0,0.172
1909.0,0.172
1910.0,0.172
1911.0,0.129
1912.0,0.129
1913.0,0.172
1914.0,0.172
1915.0,0.129
1916.0,0.129
1917.0,0.172
1918.0,0.172
1919.0,0.172
1920.0,0.172
1921.0,0.172
1922.0,0.172
1923.0,0.129
1924.0,0.172
1925.0,0.172
1926.0,0.172
1927.0,0.172
1928.0,0.172
1929.0,0.172
1930.0,0.172
1931.0,0.129
1932.0,0.172
1933.0,0.129
1934.0,0.172
1935.0,0.129
1936.0,0.172
1937.0,0.172
1938.0,0.172
1939.0,0.172
1940.0,0.172
1941.0,0.172
1942.0,0.172
1943.0,0.129
1944.0,0.172
1945.0,0.172
1946.0,0.172
1947.0,0.172
1948.0,0.172
1949.0,0.172
1950.0,0.172
1951.0,0.172
1952.0,0.172
1953.0,0.129
1954.0,0.172
1955.0,0.129
1956.0,0.172
1957.0,0.129
1958.0,0.172
1959.0,0.172
1960.0,0.172
1961.0,0.172
1962.0,0.172
1963.0,0.172
1964.0,0.172
1965.0,0.129
1966.0,0.129
1967.0,0.172
1968.0,0.172
1969.0,0.129
1970.0,0.172
1971.0,0.172
1972.0,0.129
1973.0,0.172
1974.0,0.172
1975.0,0.172
1976.0,0.172
1977.0,0.172
1978.0,0.172
1979.0,0.172
1980.0,0.172
1981.0,0.172
1982.0,0.172
1983.0,0.172
1984.0,0.172
1985.0,0.172
1986.0,0.172
1987.0,0.129
1988.0,0.172
1989.0,0.129
1990.0,0.129
1991.0,0.129
1992.0,0.129
1993.0,0.129
1994.0,0.172
1995.0,0.172
1996.0,0.172
1997.0,0.172
1998.0,0.172
1999.0,0.129
2000.0,0.172
2001.0,0.172
2002.0,0.172
2003.0,0.172
2004.0,0.172
2005.0,0.129
2006.0,0.129
2007.0,0.129
2008.0,0.172
2009.0,0.129
2010.0,0.129
2011.0,0.172
2012.0,0.172
2013.0,0.129
2014.0,0.129
2015.0,0.172
2016.0,0.172
2017.0,0.172
2018.0,0.172
2019.0,0.172
2020.0,0.172
2021.0,0.172
2022.0,0.129
2023.0,0.129
2024.0,0.172
2025.0,0.129
2026.0,0.129
2027.0,0.129
2028.0,0.172
2029.0,0.172
2030.0,0.172
2031.0,0.172
2032.0,0.129
2033.0,0.129
2034.0,0.172
2035.0,0.172
2036.0,0.172
2037.0,0.172
2038.0,0.172
2039.0,0.129
2040.0,0.172
2041.0,0.129
2042.0,0.129
2043.0,0.172
2044.0,0.129
2045.0,0.172
2046.0,0.129
2047.0,0.172
2048.0,0.172
2049.0,0.172
2050.0,0.172
2051.0,0.172
2052.0,0.172
2053.0,0.172
2054.0,0.172
2055.0,0.129
2056.0,0.172
2057.0,0.172
2058.0,0.172
2059.0,0.172
2060.0,0.172
2061.0,0.129
2062.0,0.172
2063.0,0.172
2064.0,0.172
2065.0,0.129
2066.0,0.172
2067.0,0.129
2068.0,0.129
2069.0,0.172
2070.0,0.172
2071.0,0.172
2072.0,0.172
2073.0,0.172
2074.0,0.172
2075.0,0.129
2076.0,0.172
2077.0,0.129
2078.0,0.129
2079.0,0.172
2080.0,0.172
2081.0,0.129
2082.0,0.129
2083.0,0.172
2084.0,0.129
2085.0,0.172
2086.0,0.172
2087.0,0.172
2088.0,0.172
2089.0,0.172
2090.0,0.172
2091.0,0.172
2092.0,0.172
2093.0,0.172
2094.0,0.172
2095.0,0.129
2096.0,0.129
2097.0,0.129
2098.0,0.129
2099.0,0.129
2100.0,0.129
2101.0,0.129
2102.0,0.172
2103.0,0.172
2104.0,0.172
2105.0,0.172
2106.0,0.172
2107.0,0.129
2108.0,0.129
2109.0,0.129
2110.0,0.129
2111.0,0.129
2112.0,0.172
2113.0,0.172
2114.0,0.172
2115.0,0.172
2116.0,0.129
2117.0,0.172
2118.0,0.172
2119.0,0.172
2120.0,0.172
2121.0,0.172
2122.0,0.129
2123.0,0.129
2124.0,0.172
2125.0,0.129
2126.0,0.172
2127.0,0.172
2128.0,0.172
2129.0,0.172
2130.0,0.129
2131.0,0.129
2132.0,0.129
2133.0,0.129
2134.0,0.129
2135.0,0.172
2136.0,0.172
2137.0,0.172
2138.0,0.172
2139.0,0.172
2140.0,0.172
2141.0,0.129
2142.0,0.129
2143.0,0.129
2144.0,0.172
2145.0,0.172
2146.0,0.172
2147.0,0.172
2148.0,0.172
2149.0,0.129
2150.0,0.172
2151.0,0.172
2152.0,0.129
2153.0,0.129
2154.0,0.129
2155.0,0.172
2156.0,0.129
2157.0,0.172
2158.0,0.129
2159.0,0.172
2160.0,0.172
2161.0,0.172
2162.0,0.172
2163.0,0.172
2164.0,0.172
2165.0,0.172
2166.0,0.172
2167.0,0.172
2168.0,0.172
2169.0,0.172
2170.0,0.129
2171.0,0.172
2172.0,0.172
2173.0,0.129
2174.0,0.172
2175.0,0.172
2176.0,0.172
2177.0,0.129
2178.0,0.172
2179.0,0.129
2180.0,0.172
2181.0,0.172
2182.0,0.172
2183.0,0.129
2184.0,0.129
2185.0,0.172
2186.0,0.129
2187.0,0.129
2188.0,0.172
2189.0,0.129
2190.0,0.172
2191.0,0.172
2192.0,0.172
2193.0,0.172
2194.0,0.172
2195.0,0.172
2196.0,0.172
2197.0,0.172
2198.0,0.172
2199.0,0.172
2200.0,0.172
2201.0,0.172
2202.0,0.129
2203.0,0.172
2204.0,0.172
2205.0,0.172
2206.0,0.129
2207.0,0.129
2208.0,0.129
2209.0,0.172
2210.0,0.129
2211.0,0.172
2212.0,0.129
2213.0,0.129
2214.0,0.172
2215.0,0.172
2216.0,0.172
2217.0,0.129
2218.0,0.172
2219.0,0.172
2220.0,0.172
2221.0,0.172
2222.0,0.172
2223.0,0.172
2224.0,0.172
2225.0,0.172
2226.0,0.129
2227.0,0.129
2228.0,0.172
2229.0,0.172
2230.0,0.129
2231.0,0.129
2232.0,0.129
2233.0,0.172
2234.0,0.172
2235.0,0.172
2236.0,0.172
2237.0,0.172
2238.0,0.172
2239.0,0.172
2240.0,0.172
2241.0,0.172
2242.0,0.172
2243.0,0.172
2244.0,0.172
2245.0,0.172
2246.0,0.129
2247.0,0.172
2248.0,0.129
2249.0,0.129
2250.0,0.129
2251.0,0.129
2252.0,0.172
2253.0,0.129
2254.0,0.172
2255.0,0.172
2256.0,0.172
2257.0,0.172
2258.0,0.172
2259.0,0.172
2260.0,0.172
2261.0,0.129
2262.0,0.172
2263.0,0.129
2264.0,0.172
2265.0,0.129
2266.0,0.172
2267.0,0.129
2268.0,0.129
2269.0,0.172
2270.0,0.172
2271.0,0.172
2272.0,0.172
2273.0,0.172
2274.0,0.172
2275.0,0.172
2276.0,0.172
2277.0,0.172
2278.0,0.172
2279.0,0.172
2280.0,0.172
2281.0,0.172
2282.0,0.129
2283.0,0.129
2284.0,0.172
2285.0,0.172
2286.0,0.129
2287.0,0.129
2288.0,0.172
2289.0,0.129
2290.0,0.172
2291.0,0.129
2292.0,0.172
2293.0,0.172
2294.0,0.172
2295.0,0.172
2296.0,0.172
2297.0,0.129
2298.0,0.172
2299.0,0.129
2300.0,0.172
2301.0,0.129
2302.0,0.172
2303.0,0.129
2304.0,0.172
2305.0,0.172
2306.0,0.172
2307.0,0.172
2308.0,0.129
2309.0,0.172
2310.0,0.172
2311.0,0.172
2312.0,0.172
2313.0,0.172
2314.0,0.172
2315.0,0.172
2316.0,0.172
2317.0,0.129
2318.0,0.129
2319.0,0.129
2320.0,0.129
2321.0,0.129
2322.0,0.129
2323.0,0.129
2324.0,0.172
2325.0,0.172
2326.0,0.172
2327.0,0.129
2328.0,0.172
2329.0,0.129
2330.0,0.172
2331.0,0.129
2332.0,0.172
2333.0,0.172
2334.0,0.172
2335.0,0.172
2336.0,0.172
2337.0,0.172
2338.0,0.129
2339.0,0.129
2340.0,0.129
2341.0,0.129
2342.0,0.172
2343.0,0.172
2344.0,0.129
2345.0,0.129
2346.0,0.172
2347.0,0.172
2348.0,0.172
2349.0,0.172
2350.0,0.129
2351.0,0.172
2352.0,0.129
2353.0,0.172
2354.0,0.172
2355.0,0.172
2356.0,0.172
2357.0,0.129
2358.0,0.129
2359.0,0.172
2360.0,0.172
2361.0,0.172
2362.0,0.129
2363.0,0.129
2364.0,0.129
2365.0,0.129
2366.0,0.172
2367.0,0.172
2368.0,0.172
2369.0,0.129
2370.0,0.172
2371.0,0.129
2372.0,0.129
2373.0,0.129
2374.0,0.129
2375.0,0.129
2376.0,0.129
2377.0,0.129
2378.0,0.172
2379.0,0.172
2380.0,0.172
2381.0,0.172
2382.0,0.172
2383.0,0.129
2384.0,0.129
2385.0,0.172
2386.0,0.172
2387.0,0.172
2388.0,0.172
2389.0,0.172
2390.0,0.172
2391.0,0.129
2392.0,0.129
2393.0,0.129
2394.0,0.172
2395.0,0.172
2396.0,0.172
2397.0,0.172
2398.0,0.129
2399.0,0.129
2400.0,0.172
2401.0,0.172
2402.0,0.172
2403.0,0.172
2404.0,0.172
2405.0,0.172
2406.0,0.129
2407.0,0.129
2408.0,0.129
2409.0,0.129
2410.0,0.129
2411.0,0.129
2412.0,0.172
2413.0,0.172
2414.0,0.172
2415.0,0.172
2416.0,0.172
2417.0,0.172
2418.0,0.172
2419.0,0.172
2420.0,0.172
2421.0,0.172
2422.0,0.172
2423.0,0.172
2424.0,0.172
2425.0,0.172
2426.0,0.172
2427.0,0.129
2428.0,0.129
2429.0,0.129
2430.0,0.129
2431.0,0.129
2432.0,0.129
2433.0,0.129
2434.0,0.172
2435.0,0.172
2436.0,0.172
2437.0,0.129
2438.0,0.172
2439.0,0.129
2440.0,0.172
2441.0,0.129
2442.0,0.172
2443.0,0.129
2444.0,0.172
2445.0,0.172
2446.0,0.129
2447.0,0.129
2448.0,0.129
2449.0,0.129
2450.0,0.129
2451.0,0.129
2452.0,0.172
2453.0,0.172
2454.0,0.172
2455.0,0.172
2456.0,0.172
2457.0,0.172
2458.0,0.172
2459.0,0.172
2460.0,0.172
2461.0,0.172
2462.0,0.172
2463.0,0.172
2464.0,0.172
2465.0,0.172
2466.0,0.172
2467.0,0.129
2468.0,0.172
2469.0,0.172
2470.0,0.172
2471.0,0.129
2472.0,0.129
2473.0,0.172
2474.0,0.172
2475.0,0.129
2476.0,0.172
2477.0,0.172
2478.0,0.172
2479.0,0.172
2480.0,0.172
2481.0,0.129
2482.0,0.129
2483.0,0.129
2484.0,0.129
2485.0,0.172
2486.0,0.172
2487.0,0.172
2488.0,0.129
2489.0,0.172
2490.0,0.172
2491.0,0.172
2492.0,0.172
2493.0,0.172
2494.0,0.172
2495.0,0.172
2496.0,0.129
2497.0,0.172
2498.0,0.172
2499.0,0.172
2500.0,0.172
2501.0,0.172
2502.0,0.172
2503.0,0.172
2504.0,0.129
2505.0,0.129
2506.0,0.129
2507.0,0.172
2508.0,0.129
2509.0,0.172
2510.0,0.172
2511.0,0.172
2512.0,0.172
2513.0,0.172
2514.0,0.129
2515.0,0.129
2516.0,0.172
2517.0,0.129
2518.0,0.172
2519.0,0.172
2520.0,0.172
2521.0,0.129
2522.0,0.129
2523.0,0.129
2524.0,0.129
2525.0,0.129
2526.0,0.129
2527.0,0.129
2528.0,0.172
2529.0,0.172
2530.0,0.172
2531.0,0.172
2532.0,0.172
2533.0,0.172
2534.0,0.172
2535.0,0.172
2536.0,0.129
2537.0,0.172
2538.0,0.129
2539.0,0.172
2540.0,0.129
2541.0,0.172
2542.0,0.129
2543.0,0.172
2544.0,0.172
2545.0,0.172
2546.0,0.172
2547.0,0.172
2548.0,0.129
2549.0,0.172
2550.0,0.129
2551.0,0.129
2552.0,0.172
2553.0,0.129
2554.0,0.172
2555.0,0.129
2556.0,0.129
2557.0,0.129
2558.0,0.129
2559.0,0.172
2560.0,0.129
2561.0,0.172
2562.0,0.129
2563.0,0.129
2564.0,0.172
2565.0,0.172
2566.0,0.172
2567.0,0.172
2568.0,0.172
2569.0,0.172
2570.0,0.172
2571.0,0.172
2572.0,0.129
2573.0,0.172
2574.0,0.129
2575.0,0.172
2576.0,0.172
2577.0,0.129
2578.0,0.129
2579.0,0.129
2580.0,0.129
2581.0,0.129
2582.0,0.172
2583.0,0.129
2584.0,0.129
2585.0,0.172
2586.0,0.172
2587.0,0.172
2588.0,0.172
2589.0,0.129
2590.0,0.129
2591.0,0.129
2592.0,0.129
2593.0,0.172
2594.0,0.129
2595.0,0.129
2596.0,0.129
2597.0,0.129
2598.0,0.129
2599.0,0.172
2600.0,0.172
2601.0,0.172
2602.0,0.172
2603.0,0.172
2604.0,0.129
2605.0,0.172
2606.0,0.129
2607.0,0.172
2608.0,0.172
2609.0,0.172
2610.0,0.172
2611.0,0.129
2612.0,0.129
2613.0,0.129
2614.0,0.129
2615.0,0.129
2616.0,0.172
2617.0,0.129
2618.0,0.129
2619.0,0.172
2620.0,0.172
2621.0,0.129
2622.0,0.172
2623.0,0.129
2624.0,0.172
2625.0,0.129
2626.0,0.172
2627.0,0.129
2628.0,0.172
2629.0,0.129
2630.0,0.129
2631.0,0.129
2632.0,0.129
2633.0,0.129
2634.0,0.172
2635.0,0.172
2636.0,0.172
2637.0,0.172
2638.0,0.172
2639.0,0.172
2640.0,0.172
2641.0,0.172
2642.0,0.172
2643.0,0.172
2644.0,0.172
2645.0,0.172
2646.0,0.172
2647.0,0.172
2648.0,0.172
2649.0,0.172
2650.0,0.172
2651.0,0.129
2652.0,0.129
2653.0,0.129
2654.0,0.129
2655.0,0.129
2656.0,0.172
2657.0,0.172
2658.0,0.129
2659.0,0.129
2660.0,0.172
2661.0,0.129
2662.0,0.172
2663.0,0.172
2664.0,0.172
2665.0,0.172
2666.0,0.129
2667.0,0.129
2668.0,0.172
2669.0,0.172
2670.0,0.129
2671.0,0.129
2672.0,0.129
2673.0,0.129
2674.0,0.129
2675.0,0.172
2676.0,0.172
2677.0,0.172
2678.0,0.172
2679.0,0.172
2680.0,0.172
2681.0,0.172
2682.0,0.129
2683.0,0.129
2684.0,0.172
2685.0,0.172
2686.0,0.129
2687.0,0.129
2688.0,0.129
2689.0,0.129
2690.0,0.172
2691.0,0.129
2692.0,0.129
2693.0,0.129
2694.0,0.172
2695.0,0.172
2696.0,0.172
2697.0,0.172
2698.0,0.172
2699.0,0.172
2700.0,0.172
2701.0,0.172
2702.0,0.172
2703.0,0.129
2704.0,0.129
2705.0,0.129
2706.0,0.129
2707.0,0.129
2708.0,0.129
2709.0,0.129
2710.0,0.129
2711.0,0.172
2712.0,0.172
2713.0,0.172
2714.0,0.172
2715.0,0.172
2716.0,0.172
2717.0,0.172
2718.0,0.172
2719.0,0.172
2720.0,0.172
2721.0,0.172
2722.0,0.129
2723.0,0.129
2724.0,0.172
2725.0,0.129
2726.0,0.129
2727.0,0.129
2728.0,0.129
2729.0,0.129
2730.0,0.172
2731.0,0.172
2732.0,0.172
2733.0,0.172
2734.0,0.172
2735.0,0.172
2736.0,0.129
2737.0,0.129
2738.0,0.172
2739.0,0.129
2740.0,0.172
2741.0,0.172
2742.0,0.172
2743.0,0.129
2744.0,0.129
2745.0,0.172
2746.0,0.172
2747.0,0.172
2748.0,0.172
2749.0,0.129
2750.0,0.172
2751.0,0.172
2752.0,0.172
2753.0,0.172
2754.0,0.172
2755.0,0.172
2756.0,0.172
2757.0,0.172
2758.0,0.172
2759.0,0.172
2760.0,0.172
2761.0,0.129
2762.0,0.129
2763.0,0.129
2764.0,0.172
2765.0,0.172
2766.0,0.129
2767.0,0.129
2768.0,0.172
2769.0,0.129
2770.0,0.172
2771.0,0.129
2772.0,0.172
2773.0,0.172
2774.0,0.172
2775.0,0.172
2776.0,0.172
2777.0,0.129
2778.0,0.172
2779.0,0.129
2780.0,0.129
2781.0,0.129
2782.0,0.129
2783.0,0.129
2784.0,0.129
2785.0,0.172
2786.0,0.172
2787.0,0.172
2788.0,0.172
2789.0,0.172
2790.0,0.172
2791.0,0.172
2792.0,0.172
2793.0,0.172
2794.0,0.172
2795.0,0.172
2796.0,0.172
2797.0,0.172
2798.0,0.129
2799.0,0.172
2800.0,0.172
2801.0,0.129
2802.0,0.129
2803.0,0.172
2804.0,0.129
2805.0,0.129
2806.0,0.172
2807.0,0.172
2808.0,0.172
2809.0,0.172
2810.0,0.172
2811.0,0.172
2812.0,0.172
2813.0,0.129
2814.0,0.129
2815.0,0.129
2816.0,0.129
2817.0,0.129
2818.0,0.129
2819.0,0.172
2820.0,0.172
2821.0,0.172
2822.0,0.172
2823.0,0.172
2824.0,0.172
2825.0,0.129
2826.0,0.172
2827.0,0.172
2828.0,0.172
2829.0,0.172
2830.0,0.172
2831.0,0.172
2832.0,0.129
2833.0,0.129
2834.0,0.129
2835.0,0.129
2836.0,0.129
2837.0,0.129
2838.0,0.129
2839.0,0.129
2840.0,0.129
2841.0,0.129
2842.0,0.172
2843.0,0.172
2844.0,0.172
2845.0,0.129
2846.0,0.129
2847.0,0.129
2848.0,0.172
2849.0,0.172
2850.0,0.172
2851.0,0.129
2852.0,0.172
2853.0,0.129
2854.0,0.129
2855.0,0.172
2856.0,0.129
2857.0,0.129
2858.0,0.129
2859.0,0.129
2860.0,0.129
2861.0,0.172
2862.0,0.172
2863.0,0.172
2864.0,0.172
2865.0,0.172
2866.0,0.172
2867.0,0.129
2868.0,0.129
2869.0,0.129
2870.0,0.172
2871.0,0.172
2872.0,0.172
2873.0,0.129
2874.0,0.172
2875.0,0.129
2876.0,0.172
2877.0,0.172
2878.0,0.172
2879.0,0.129
2880.0,0.129
2881.0,0.129
2882.0,0.129
2883.0,0.172
2884.0,0.172
2885.0,0.172
2886.0,0.172
2887.0,0.129
2888.0,0.129
2889.0,0.129
2890.0,0.172
2891.0,0.129
2892.0,0.129
2893.0,0.129
2894.0,0.129
2895.0,0.172
2896.0,0.172
2897.0,0.172
2898.0,0.172
2899.0,0.172
2900.0,0.172
2901.0,0.172
2902.0,0.172
2903.0,0.172
2904.0,0.129
2905.0,0.172
2906.0,0.172
2907.0,0.172
2908.0,0.129
2909.0,0.129
2910.0,0.129
2911.0,0.129
2912.0,0.129
2913.0,0.129
2914.0,0.129
2915.0,0.172
2916.0,0.172
2917.0,0.172
2918.0,0.172
2919.0,0.172
2920.0,0.172
2921.0,0.129
2922.0,0.172
2923.0,0.172
2924.0,0.129
2925.0,0.129
2926.0,0.172
2927.0,0.129
2928.0,0.172
2929.0,0.129
2930.0,0.172
2931.0,0.172
2932.0,0.172
2933.0,0.172
2934.0,0.129
2935.0,0.129
2936.0,0.129
2937.0,0.172
2938.0,0.172
2939.0,0.172
2940.0,0.172
2941.0,0.172
2942.0,0.129
2943.0,0.129
2944.0,0.172
2945.0,0.129
2946.0,0.129
2947.0,0.129
2948.0,0.172
2949.0,0.129
2950.0,0.172
2951.0,0.129
2952.0,0.172
2953.0,0.172
2954.0,0.172
2955.0,0.129
2956.0,0.172
2957.0,0.129
2958.0,0.129
2959.0,0.172
2960.0,0.172
2961.0,0.172
2962.0,0.172
2963.0,0.129
2964.0,0.172
2965.0,0.172
2966.0,0.172
2967.0,0.172
2968.0,0.172
2969.0,0.129
2970.0,0.172
2971.0,0.172
2972.0,0.172
2973.0,0.172
2974.0,0.172
2975.0,0.172
2976.0,0.129
2977.0,0.172
2978.0,0.172
2979.0,0.172
2980.0,0.172
2981.0,0.172
2982.0,0.172
2983.0,0.172
2984.0,0.129
2985.0,0.172
2986.0,0.172
2987.0,0.129
2988.0,0.129
2989.0,0.129
2990.0,0.129
2991.0,0.129
2992.0,0.172
2993.0,0.129
2994.0,0.172
2995.0,0.172
2996.0,0.172
2997.0,0.129
2998.0,0.172
2999.0,0.129
3000.0,0.129
3001.0,0.129
3002.0,0.172
3003.0,0.129
3004.0,0.129
3005.0,0.172
3006.0,0.172
3007.0,0.172
3008.0,0.172
3009.0,0.172
3010.0,0.129
3011.0,0.129
3012.0,0.129
3013.0,0.172
3014.0,0.172
3015.0,0.172
3016.0,0.172
3017.0,0.129
3018.0,0.129
3019.0,0.129
3020.0,0.129
3021.0,0.129
3022.0,0.129
3023.0,0.172
3024.0,0.172
3025.0,0.129
3026.0,0.172
3027.0,0.172
3028.0,0.172
3029.0,0.172
3030.0,0.172
3031.0,0.129
3032.0,0.129
3033.0,0.129
3034.0,0.172
3035.0,0.172
3036.0,0.172
3037.0,0.129
3038.0,0.129
3039.0,0.129
3040.0,0.172
3041.0,0.172
3042.0,0.129
3043.0,0.172
3044.0,0.129
3045.0,0.129
3046.0,0.172
3047.0,0.172
3048.0,0.172
3049.0,0.172
3050.0,0.172
3051.0,0.172
3052.0,0.129
3053.0,0.129
3054.0,0.172
3055.0,0.172
3056.0,0.172
3057.0,0.129
3058.0,0.172
3059.0,0.129
3060.0,0.172
3061.0,0.172
3062.0,0.172
3063.0,0.172
3064.0,0.129
3065.0,0.129
3066.0,0.129
3067.0,0.129
3068.0,0.172
3069.0,0.172
3070.0,0.172
3071.0,0.129
3072.0,0.172
3073.0,0.129
3074.0,0.172
3075.0,0.129
3076.0,0.129
3077.0,0.172
3078.0,0.129
3079.0,0.129
3080.0,0.172
3081.0,0.172
3082.0,0.172
3083.0,0.172
3084.0,0.172
3085.0,0.172
3086.0,0.129
3087.0,0.129
3088.0,0.172
3089.0,0.172
3090.0,0.172
3091.0,0.172
3092.0,0.129
3093.0,0.129
3094.0,0.172
3095.0,0.129
3096.0,0.172
3097.0,0.129
3098.0,0.129
3099.0,0.129
3100.0,0.129
3101.0,0.129
3102.0,0.172
3103.0,0.172
3104.0,0.172
3105.0,0.129
3106.0,0.172
3107.0,0.129
3108.0,0.129
3109.0,0.129
3110.0,0.129
3111.0,0.172
3112.0,0.172
3113.0,0.129
3114.0,0.129
3115.0,0.172
3116.0,0.172
3117.0,0.172
3118.0,0.172
3119.0,0.172
3120.0,0.172
3121.0,0.129
3122.0,0.172
3123.0,0.172
3124.0,0.172
3125.0,0.172
3126.0,0.172
3127.0,0.172
3128.0,0.129
3129.0,0.172
3130.0,0.129
3131.0,0.172
3132.0,0.129
3133.0,0.129
3134.0,0.129
3135.0,0.172
3136.0,0.172
3137.0,0.129
3138.0,0.172
3139.0,0.129
3140.0,0.129
3141.0,0.129
3142.0,0.129
3143.0,0.129
3144.0,0.129
3145.0,0.172
3146.0,0.172
3147.0,0.129
3148.0,0.129
3149.0,0.129
3150.0,0.129
3151.0,0.172
3152.0,0.129
3153.0,0.129
3154.0,0.129
3155.0,0.129
3156.0,0.172
3157.0,0.172
3158.0,0.172
3159.0,0.172
3160.0,0.172
3161.0,0.172
3162.0,0.172
3163.0,0.172
3164.0,0.129
3165.0,0.129
3166.0,0.172
3167.0,0.129
3168.0,0.129
3169.0,0.129
3170.0,0.172
3171.0,0.172
3172.0,0.172
3173.0,0.129
3174.0,0.129
3175.0,0.129
3176.0,0.172
3177.0,0.172
3178.0,0.129
3179.0,0.172
3180.0,0.129
3181.0,0.129
3182.0,0.129
3183.0,0.129
3184.0,0.129
3185.0,0.129
3186.0,0.129
3187.0,0.129
3188.0,0.129
3189.0,0.129
3190.0,0.129
3191.0,0.172
3192.0,0.172
3193.0,0.172
3194.0,0.172
3195.0,0.129
3196.0,0.129
3197.0,0.172
3198.0,0.172
3199.0,0.172
3200.0,0.172
3201.0,0.172
3202.0,0.129
3203.0,0.172
3204.0,0.172
3205.0,0.129
3206.0,0.129
3207.0,0.129
3208.0,0.129
3209.0,0.129
3210.0,0.129
3211.0,0.129
3212.0,0.172
3213.0,0.172
3214.0,0.172
3215.0,0.172
3216.0,0.172
3217.0,0.129
3218.0,0.129
3219.0,0.129
3220.0,0.129
3221.0,0.129
3222.0,0.129
3223.0,0.129
3224.0,0.129
3225.0,0.172
3226.0,0.172
3227.0,0.172
3228.0,0.129
3229.0,0.172
3230.0,0.172
3231.0,0.172
3232.0,0.172
3233.0,0.172
3234.0,0.172
3235.0,0.172
3236.0,0.172
3237.0,0.172
3238.0,0.129
3239.0,0.129
3240.0,0.129
3241.0,0.129
3242.0,0.129
3243.0,0.129
3244.0,0.129
3245.0,0.129
3246.0,0.172
3247.0,0.172
3248.0,0.172
3249.0,0.172
3250.0,0.172
3251.0,0.129
3252.0,0.172
3253.0,0.172
3254.0,0.172
3255.0,0.172
3256.0,0.172
3257.0,0.129
3258.0,0.129
3259.0,0.129
3260.0,0.129
3261.0,0.129
3262.0,0.129
3263.0,0.129
3264.0,0.129
3265.0,0.172
3266.0,0.172
3267.0,0.172
3268.0,0.172
3269.0,0.172
3270.0,0.172
3271.0,0.172
3272.0,0.172
3273.0,0.172
3274.0,0.172
3275.0,0.172
3276.0,0.172
3277.0,0.172
3278.0,0.129
3279.0,0.129
3280.0,0.129
3281.0,0.129
3282.0,0.172
3283.0,0.129
3284.0,0.172
3285.0,0.172
3286.0,0.129
3287.0,0.129
3288.0,0.129
3289.0,0.172
3290.0,0.172
3291.0,0.172
3292.0,0.129
3293.0,0.129
3294.0,0.129
3295.0,0.129
3296.0,0.129
3297.0,0.129
3298.0,0.129
3299.0,0.129
3300.0,0.172
3301.0,0.172
3302.0,0.172
3303.0,0.172
3304.0,0.172
3305.0,0.172
3306.0,0.172
3307.0,0.172
3308.0,0.172
3309.0,0.172
3310.0,0.172
3311.0,0.172
3312.0,0.172
3313.0,0.172
3314.0,0.129
3315.0,0.129
3316.0,0.129
3317.0,0.129
3318.0,0.129
3319.0,0.129
3320.0,0.129
3321.0,0.129
3322.0,0.129
3323.0,0.172
3324.0,0.129
3325.0,0.129
3326.0,0.129
3327.0,0.129
3328.0,0.172
3329.0,0.129
3330.0,0.172
3331.0,0.172
3332.0,0.172
3333.0,0.129
3334.0,0.129
3335.0,0.172
3336.0,0.172
3337.0,0.172
3338.0,0.172
3339.0,0.129
3340.0,0.129
3341.0,0.129
3342.0,0.129
3343.0,0.172
3344.0,0.172
3345.0,0.172
3346.0,0.172
3347.0,0.172
3348.0,0.129
3349.0,0.172
3350.0,0.129
3351.0,0.172
3352.0,0.129
3353.0,0.129
3354.0,0.129
3355.0,0.129
3356.0,0.129
3357.0,0.129
3358.0,0.172
3359.0,0.129
3360.0,0.172
3361.0,0.172
3362.0,0.172
3363.0,0.129
3364.0,0.129
3365.0,0.129
3366.0,0.172
3367.0,0.129
3368.0,0.129
3369.0,0.172
3370.0,0.172
3371.0,0.172
3372.0,0.129
3373.0,0.129
3374.0,0.172
3375.0,0.172
3376.0,0.172
3377.0,0.172
3378.0,0.172
3379.0,0.172
3380.0,0.172
3381.0,0.172
3382.0,0.172
3383.0,0.172
3384.0,0.172
3385.0,0.129
3386.0,0.129
3387.0,0.172
3388.0,0.172
3389.0,0.129
3390.0,0.129
3391.0,0.129
3392.0,0.172
3393.0,0.172
3394.0,0.129
3395.0,0.129
3396.0,0.129
3397.0,0.129
3398.0,0.172
3399.0,0.172
3400.0,0.172
3401.0,0.129
3402.0,0.129
3403.0,0.129
3404.0,0.129
3405.0,0.172
3406.0,0.129
3407.0,0.129
3408.0,0.172
3409.0,0.172
3410.0,0.172
3411.0,0.172
3412.0,0.172
3413.0,0.172
3414.0,0.172
3415.0,0.172
3416.0,0.172
3417.0,0.172
3418.0,0.172
3419.0,0.172
3420.0,0.172
3421.0,0.172
3422.0,0.129
3423.0,0.129
3424.0,0.129
3425.0,0.129
3426.0,0.172
3427.0,0.172
3428.0,0.129
3429.0,0.129
3430.0,0.129
3431.0,0.129
3432.0,0.172
3433.0,0.129
3434.0,0.172
3435.0,0.172
3436.0,0.129
3437.0,0.172
3438.0,0.129
3439.0,0.129
3440.0,0.129
3441.0,0.129
3442.0,0.129
3443.0,0.129
3444.0,0.129
3445.0,0.172
3446.0,0.172
3447.0,0.172
3448.0,0.172
3449.0,0.172
3450.0,0.172
3451.0,0.172
3452.0,0.172
3453.0,0.172
3454.0,0.172
3455.0,0.172
3456.0,0.172
3457.0,0.172
3458.0,0.172
3459.0,0.129
3460.0,0.129
3461.0,0.129
3462.0,0.129
3463.0,0.129
3464.0,0.129
3465.0,0.129
3466.0,0.129
3467.0,0.129
3468.0,0.172
3469.0,0.129
3470.0,0.172
3471.0,0.129
3472.0,0.129
3473.0,0.129
3474.0,0.129
3475.0,0.129
3476.0,0.129
3477.0,0.129
3478.0,0.129
3479.0,0.129
3480.0,0.129
3481.0,0.129
3482.0,0.172
3483.0,0.172
3484.0,0.129
3485.0,0.172
3486.0,0.129
3487.0,0.172
3488.0,0.172
3489.0,0.172
3490.0,0.172
3491.0,0.172
3492.0,0.172
3493.0,0.172
3494.0,0.172
3495.0,0.172
3496.0,0.172
3497.0,0.172
3498.0,0.172
3499.0,0.172
3500.0,0.129
3501.0,0.129
3502.0,0.172
3503.0,0.129
3504.0,0.129
3505.0,0.129
3506.0,0.129
3507.0,0.129
3508.0,0.172
3509.0,0.129
3510.0,0.172
3511.0,0.172
3512.0,0.172
3513.0,0.129
3514.0,0.129
3515.0,0.129
3516.0,0.172
3517.0,0.129
3518.0,0.129
3519.0,0.172
3520.0,0.129
3521.0,0.172
3522.0,0.172
3523.0,0.172
3524.0,0.172
3525.0,0.172
3526.0,0.172
3527.0,0.172
3528.0,0.129
3529.0,0.172
3530.0,0.172
3531.0,0.172
3532.0,0.172
3533.0,0.172
3534.0,0.172
3535.0,0.129
3536.0,0.129
3537.0,0.129
3538.0,0.129
3539.0,0.129
3540.0,0.172
3541.0,0.129
3542.0,0.172
3543.0,0.172
3544.0,0.172
3545.0,0.172
3546.0,0.172
3547.0,0.129
3548.0,0.172
3549.0,0.129
3550.0,0.129
3551.0,0.129
3552.0,0.172
3553.0,0.129
3554.0,0.129
3555.0,0.129
3556.0,0.172
3557.0,0.172
3558.0,0.172
3559.0,0.172
3560.0,0.129
3561.0,0.129
3562.0,0.172
3563.0,0.172
3564.0,0.172
3565.0,0.172
3566.0,0.172
3567.0,0.172
3568.0,0.172
3569.0,0.129
3570.0,0.129
3571.0,0.129
3572.0,0.172
3573.0,0.172
3574.0,0.172
3575.0,0.129
3576.0,0.172
3577.0,0.172
3578.0,0.172
3579.0,0.129
3580.0,0.129
3581.0,0.129
3582.0,0.129
3583.0,0.129
3584.0,0.129
3585.0,0.129
3586.0,0.172
3587.0,0.172
3588.0,0.129
3589.0,0.129
3590.0,0.172
3591.0,0.172
3592.0,0.172
3593.0,0.129
3594.0,0.129
3595.0,0.172
3596.0,0.129
3597.0,0.172
3598.0,0.172
3599.0,0.172
3600.0,0.172
3601.0,0.172
3602.0,0.129
3603.0,0.129
3604.0,0.129
3605.0,0.172
3606.0,0.172
3607.0,0.172
3608.0,0.129
3609.0,0.129
3610.0,0.172
3611.0,0.129
3612.0,0.172
3613.0,0.129
3614.0,0.172
3615.0,0.172
3616.0,0.129
3617.0,0.129
3618.0,0.172
3619.0,0.172
3620.0,0.172
3621.0,0.129
3622.0,0.129
3623.0,0.172
3624.0,0.172
3625.0,0.129
3626.0,0.129
3627.0,0.129
3628.0,0.172
3629.0,0.129
3630.0,0.129
3631.0,0.172
3632.0,0.172
3633.0,0.172
3634.0,0.172
3635.0,0.172
3636.0,0.129
3637.0,0.172
3638.0,0.129
3639.0,0.172
3640.0,0.172
3641.0,0.172
3642.0,0.172
3643.0,0.129
3644.0,0.129
3645.0,0.129
3646.0,0.129
3647.0,0.172
3648.0,0.129
3649.0,0.129
3650.0,0.129
3651.0,0.129
3652.0,0.129
3653.0,0.172
3654.0,0.172
3655.0,0.129
3656.0,0.172
3657.0,0.129
3658.0,0.129
3659.0,0.129
3660.0,0.129
3661.0,0.129
3662.0,0.129
3663.0,0.172
3664.0,0.129
3665.0,0.172
3666.0,0.172
3667.0,0.172
3668.0,0.172
3669.0,0.172
3670.0,0.172
3671.0,0.129
3672.0,0.172
3673.0,0.172
3674.0,0.172
3675.0,0.172
3676.0,0.172
3677.0,0.172
3678.0,0.129
3679.0,0.129
3680.0,0.129
3681.0,0.172
3682.0,0.172
3683.0,0.129
3684.0,0.129
3685.0,0.129
3686.0,0.172
3687.0,0.172
3688.0,0.172
3689.0,0.172
3690.0,0.129
3691.0,0.129
3692.0,0.172
3693.0,0.172
3694.0,0.172
3695.0,0.172
3696.0,0.172
3697.0,0.129
3698.0,0.129
3699.0,0.172
3700.0,0.172
3701.0,0.172
3702.0,0.129
3703.0,0.172
3704.0,0.172
3705.0,0.172
3706.0,0.172
3707.0,0.172
3708.0,0.172
3709.0,0.172
3710.0,0.172
3711.0,0.172
3712.0,0.172
3713.0,0.172
3714.0,0.172
3715.0,0.172
3716.0,0.172
3717.0,0.129
3718.0,0.172
3719.0,0.129
3720.0,0.129
3721.0,0.172
3722.0,0.172
3723.0,0.129
3724.0,0.129
3725.0,0.129
3726.0,0.129
3727.0,0.172
3728.0,0.172
3729.0,0.172
3730.0,0.172
3731.0,0.172
3732.0,0.129
3733.0,0.129
3734.0,0.129
3735.0,0.129
3736.0,0.129
3737.0,0.129
3738.0,0.129
3739.0,0.172
3740.0,0.172
3741.0,0.172
3742.0,0.172
3743.0,0.172
3744.0,0.172
3745.0,0.172
3746.0,0.172
3747.0,0.172
3748.0,0.172
3749.0,0.172
3750.0,0.172
3751.0,0.172
3752.0,0.172
3753.0,0.129
3754.0,0.129
3755.0,0.129
3756.0,0.129
3757.0,0.129
3758.0,0.129
3759.0,0.129
3760.0,0.129
3761.0,0.129
3762.0,0.129
3763.0,0.172
3764.0,0.172
3765.0,0.129
3766.0,0.129
3767.0,0.129
3768.0,0.172
3769.0,0.172
3770.0,0.172
3771.0,0.129
3772.0,0.172
3773.0,0.129
3774.0,0.129
3775.0,0.172
3776.0,0.172
3777.0,0.172
3778.0,0.172
3779.0,0.172
3780.0,0.172
3781.0,0.172
3782.0,0.172
3783.0,0.172
3784.0,0.172
3785.0,0.172
3786.0,0.172
3787.0,0.172
3788.0,0.172
3789.0,0.172
3790.0,0.172
3791.0,0.172
3792.0,0.129
3793.0,0.129
3794.0,0.129
3795.0,0.172
3796.0,0.172
3797.0,0.129
3798.0,0.129
3799.0,0.129
3800.0,0.172
3801.0,0.129
3802.0,0.172
3803.0,0.129
3804.0,0.172
3805.0,0.129
3806.0,0.172
3807.0,0.129
3808.0,0.129
3809.0,0.129
3810.0,0.129
3811.0,0.172
3812.0,0.129
3813.0,0.129
3814.0,0.172
3815.0,0.172
3816.0,0.129
3817.0,0.172
3818.0,0.172
3819.0,0.172
3820.0,0.172
3821.0,0.172
3822.0,0.172
3823.0,0.172
3824.0,0.129
3825.0,0.172
3826.0,0.172
3827.0,0.172
3828.0,0.172
3829.0,0.172
3830.0,0.129
3831.0,0.129
3832.0,0.129
3833.0,0.129
3834.0,0.129
3835.0,0.172
3836.0,0.129
3837.0,0.129
3838.0,0.129
3839.0,0.129
3840.0,0.129
3841.0,0.129
3842.0,0.172
3843.0,0.129
3844.0,0.129
3845.0,0.129
3846.0,0.129
3847.0,0.129
3848.0,0.129
3849.0,0.129
3850.0,0.172
3851.0,0.172
3852.0,0.172
3853.0,0.172
3854.0,0.172
3855.0,0.172
3856.0,0.172
3857.0,0.172
3858.0,0.172
3859.0,0.172
3860.0,0.172
3861.0,0.172
3862.0,0.172
3863.0,0.172
3864.0,0.129
3865.0,0.129
3866.0,0.172
3867.0,0.129
3868.0,0.129
3869.0,0.129
3870.0,0.172
3871.0,0.129
3872.0,0.129
3873.0,0.172
3874.0,0.172
3875.0,0.129
3876.0,0.172
3877.0,0.129
3878.0,0.129
3879.0,0.172
3880.0,0.172
3881.0,0.129
3882.0,0.172
3883.0,0.129
3884.0,0.129
3885.0,0.172
3886.0,0.172
3887.0,0.172
3888.0,0.172
3889.0,0.172
3890.0,0.129
3891.0,0.129
3892.0,0.129
3893.0,0.172
3894.0,0.172
3895.0,0.172
3896.0,0.172
3897.0,0.172
3898.0,0.172
3899.0,0.129
3900.0,0.129
3901.0,0.129
3902.0,0.129
3903.0,0.129
3904.0,0.129
3905.0,0.129
3906.0,0.172
3907.0,0.172
3908.0,0.129
3909.0,0.172
3910.0,0.172
3911.0,0.129
3912.0,0.129
3913.0,0.129
3914.0,0.172
3915.0,0.129
3916.0,0.172
3917.0,0.129
3918.0,0.129
3919.0,0.129
3920.0,0.172
3921.0,0.172
3922.0,0.129
3923.0,0.129
3924.0,0.129
3925.0,0.129
3926.0,0.172
3927.0,0.172
3928.0,0.172
3929.0,0.172
3930.0,0.172
3931.0,0.172
3932.0,0.172
3933.0,0.172
3934.0,0.129
3935.0,0.172
3936.0,0.172
3937.0,0.172
3938.0,0.172
3939.0,0.129
3940.0,0.129
3941.0,0.172
3942.0,0.129
3943.0,0.172
3944.0,0.172
3945.0,0.129
3946.0,0.129
3947.0,0.129
3948.0,0.172
3949.0,0.172
3950.0,0.172
3951.0,0.172
3952.0,0.172
3953.0,0.129
3954.0,0.129
3955.0,0.129
3956.0,0.129
3957.0,0.129
3958.0,0.129
3959.0,0.129
3960.0,0.129
3961.0,0.172
3962.0,0.172
3963.0,0.172
3964.0,0.172
3965.0,0.172
3966.0,0.129
3967.0,0.172
3968.0,0.172
3969.0,0.172
3970.0,0.172
3971.0,0.172
3972.0,0.172
3973.0,0.172
3974.0,0.129
3975.0,0.129
3976.0,0.129
3977.0,0.172
3978.0,0.129
3979.0,0.172
3980.0,0.129
3981.0,0.129
3982.0,0.172
3983.0,0.172
3984.0,0.172
3985.0,0.129
3986.0,0.172
3987.0,0.129
3988.0,0.129
3989.0,0.129
3990.0,0.172
3991.0,0.172
3992.0,0.129
3993.0,0.129
3994.0,0.129
3995.0,0.172
3996.0,0.172
3997.0,0.129
3998.0,0.129
3999.0,0.129
4000.0,0.129
4001.0,0.129
4002.0,0.172
4003.0,0.172
4004.0,0.172
4005.0,0.172
4006.0,0.172
4007.0,0.172
4008.0,0.172
4009.0,0.172
4010.0,0.172
4011.0,0.172
4012.0,0.172
4013.0,0.172
4014.0,0.172
4015.0,0.129
4016.0,0.129
4017.0,0.129
4018.0,0.129
4019.0,0.129
4020.0,0.129
4021.0,0.129
4022.0,0.129
4023.0,0.129
4024.0,0.172
4025.0,0.172
4026.0,0.172
4027.0,0.129
4028.0,0.172
4029.0,0.129
4030.0,0.129
4031.0,0.129
4032.0,0.129
4033.0,0.129
4034.0,0.172
4035.0,0.129
4036.0,0.129
4037.0,0.172
4038.0,0.172
4039.0,0.172
4040.0,0.172
4041.0,0.172
4042.0,0.172
4043.0,0.172
4044.0,0.172
4045.0,0.172
4046.0,0.172
4047.0,0.172
4048.0,0.172
4049.0,0.172
4050.0,0.172
4051.0,0.129
4052.0,0.129
4053.0,0.129
4054.0,0.172
4055.0,0.129
4056.0,0.129
4057.0,0.129
4058.0,0.129
4059.0,0.129
4060.0,0.172
4061.0,0.172
4062.0,0.172
4063.0,0.129
4064.0,0.129
4065.0,0.129
4066.0,0.129
4067.0,0.129
4068.0,0.172
4069.0,0.129
4070.0,0.129
4071.0,0.172
4072.0,0.172
4073.0,0.172
4074.0,0.172
4075.0,0.129
4076.0,0.129
4077.0,0.129
4078.0,0.172
4079.0,0.172
4080.0,0.172
4081.0,0.172
4082.0,0.172
4083.0,0.172
4084.0,0.129
4085.0,0.172
4086.0,0.129
4087.0,0.129
4088.0,0.129
4089.0,0.129
4090.0,0.129
4091.0,0.129
4092.0,0.129
4093.0,0.129
4094.0,0.172
4095.0,0.129
4096.0,0.129
4097.0,0.129
4098.0,0.129
4099.0,0.129
4100.0,0.129
4101.0,0.129
4102.0,0.172
4103.0,0.172
4104.0,0.129
4105.0,0.129
4106.0,0.172
4107.0,0.129
4108.0,0.129
4109.0,0.129
4110.0,0.172
4111.0,0.129
4112.0,0.172
4113.0,0.172
4114.0,0.172
4115.0,0.172
4116.0,0.172
4117.0,0.172
4118.0,0.172
4119.0,0.172
4120.0,0.172
4121.0,0.172
4122.0,0.172
4123.0,0.172
4124.0,0.172
4125.0,0.129
4126.0,0.129
4127.0,0.129
4128.0,0.172
4129.0,0.129
4130.0,0.129
4131.0,0.129
4132.0,0.129
4133.0,0.129
4134.0,0.172
4135.0,0.129
4136.0,0.172
4137.0,0.129
4138.0,0.172
4139.0,0.129
4140.0,0.172
4141.0,0.129
4142.0,0.129
4143.0,0.129
4144.0,0.129
4145.0,0.129
4146.0,0.129
4147.0,0.129
4148.0,0.172
4149.0,0.172
4150.0,0.172
4151.0,0.172
4152.0,0.172
4153.0,0.129
4154.0,0.172
4155.0,0.172
4156.0,0.172
4157.0,0.172
4158.0,0.172
4159.0,0.172
4160.0,0.129
4161.0,0.129
4162.0,0.129
4163.0,0.129
4164.0,0.129
4165.0,0.129
4166.0,0.129
4167.0,0.129
4168.0,0.129
4169.0,0.172
4170.0,0.172
4171.0,0.172
4172.0,0.129
4173.0,0.129
4174.0,0.129
4175.0,0.129
4176.0,0.129
4177.0,0.172
4178.0,0.172
4179.0,0.172
4180.0,0.129
4181.0,0.172
4182.0,0.172
4183.0,0.172
4184.0,0.172
4185.0,0.129
4186.0,0.129
4187.0,0.172
4188.0,0.172
4189.0,0.172
4190.0,0.172
4191.0,0.172
4192.0,0.172
4193.0,0.172
4194.0,0.172
4195.0,0.172
4196.0,0.129
4197.0,0.129
4198.0,0.129
4199.0,0.172
4200.0,0.129
4201.0,0.129
4202.0,0.129
4203.0,0.172
4204.0,0.172
4205.0,0.172
4206.0,0.129
4207.0,0.129
4208.0,0.129
4209.0,0.129
4210.0,0.172
4211.0,0.129
4212.0,0.172
4213.0,0.129
4214.0,0.129
4215.0,0.129
4216.0,0.172
4217.0,0.172
4218.0,0.172
4219.0,0.172
4220.0,0.129
4221.0,0.129
4222.0,0.172
4223.0,0.172
4224.0,0.172
4225.0,0.172
4226.0,0.172
4227.0,0.172
4228.0,0.172
4229.0,0.129
4230.0,0.129
4231.0,0.172
4232.0,0.172
4233.0,0.172
4234.0,0.172
4235.0,0.129
4236.0,0.129
4237.0,0.129
4238.0,0.172
4239.0,0.129
4240.0,0.129
4241.0,0.129
4242.0,0.129
4243.0,0.129
4244.0,0.172
4245.0,0.172
4246.0,0.172
4247.0,0.172
4248.0,0.172
4249.0,0.129
4250.0,0.129
4251.0,0.129
4252.0,0.129
4253.0,0.129
4254.0,0.129
4255.0,0.172
4256.0,0.172
4257.0,0.172
4258.0,0.172
4259.0,0.172
4260.0,0.172
4261.0,0.172
4262.0,0.172
4263.0,0.172
4264.0,0.172
4265.0,0.172
4266.0,0.172
4267.0,0.172
4268.0,0.172
4269.0,0.172
4270.0,0.129
4271.0,0.172
4272.0,0.129
4273.0,0.129
4274.0,0.129
4275.0,0.129
4276.0,0.129
4277.0,0.129
4278.0,0.172
4279.0,0.129
4280.0,0.172
4281.0,0.129
4282.0,0.129
4283.0,0.129
4284.0,0.129
4285.0,0.129
4286.0,0.172
4287.0,0.129
4288.0,0.129
4289.0,0.129
4290.0,0.129
4291.0,0.172
4292.0,0.172
4293.0,0.172
4294.0,0.172
4295.0,0.129
4296.0,0.129
4297.0,0.172
4298.0,0.172
4299.0,0.172
4300.0,0.172
4301.0,0.172
4302.0,0.172
4303.0,0.172
4304.0,0.172
4305.0,0.172
4306.0,0.172
4307.0,0.172
4308.0,0.172
4309.0,0.172
4310.0,0.172
4311.0,0.129
4312.0,0.129
4313.0,0.129
4314.0,0.172
4315.0,0.129
4316.0,0.172
4317.0,0.129
4318.0,0.129
4319.0,0.129
4320.0,0.129
4321.0,0.129
4322.0,0.172
4323.0,0.129
4324.0,0.129
4325.0,0.129
4326.0,0.129
4327.0,0.129
4328.0,0.129
4329.0,0.129
4330.0,0.129
4331.0,0.129
4332.0,0.172
4333.0,0.172
4334.0,0.172
4335.0,0.172
4336.0,0.172
4337.0,0.172
4338.0,0.172
4339.0,0.172
4340.0,0.172
4341.0,0.172
4342.0,0.172
4343.0,0.172
4344.0,0.172
4345.0,0.172
4346.0,0.129
4347.0,0.129
4348.0,0.129
4349.0,0.129
4350.0,0.129
4351.0,0.129
4352.0,0.129
4353.0,0.172
4354.0,0.129
4355.0,0.129
4356.0,0.172
4357.0,0.129
4358.0,0.129
4359.0,0.129
4360.0,0.129
4361.0,0.129
4362.0,0.172
4363.0,0.129
4364.0,0.129
4365.0,0.129
4366.0,0.129
4367.0,0.172
4368.0,0.172
4369.0,0.172
4370.0,0.172
4371.0,0.172
4372.0,0.129
4373.0,0.129
4374.0,0.172
4375.0,0.172
4376.0,0.172
4377.0,0.172
4378.0,0.172
4379.0,0.129
4380.0,0.172
4381.0,0.129
4382.0,0.129
4383.0,0.129
4384.0,0.129
4385.0,0.129
4386.0,0.129
4387.0,0.172
4388.0,0.129
4389.0,0.129
4390.0,0.172
4391.0,0.129
4392.0,0.172
4393.0,0.129
4394.0,0.129
4395.0,0.172
4396.0,0.129
4397.0,0.129
4398.0,0.172
4399.0,0.129
4400.0,0.129
4401.0,0.129
4402.0,0.172
4403.0,0.129
4404.0,0.129
4405.0,0.129
4406.0,0.129
4407.0,0.172
4408.0,0.129
4409.0,0.172
4410.0,0.172
4411.0,0.172
4412.0,0.172
4413.0,0.172
4414.0,0.172
4415.0,0.172
4416.0,0.172
4417.0,0.172
4418.0,0.172
4419.0,0.129
4420.0,0.129
4421.0,0.129
4422.0,0.172
4423.0,0.172
4424.0,0.172
4425.0,0.129
4426.0,0.129
4427.0,0.129
4428.0,0.129
4429.0,0.129
4430.0,0.129
4431.0,0.129
4432.0,0.172
4433.0,0.129
4434.0,0.129
4435.0,0.129
4436.0,0.129
4437.0,0.129
4438.0,0.129
4439.0,0.129
4440.0,0.129
4441.0,0.129
4442.0,0.129
4443.0,0.172
4444.0,0.172
4445.0,0.172
4446.0,0.172
4447.0,0.172
4448.0,0.172
4449.0,0.172
4450.0,0.172
4451.0,0.172
4452.0,0.172
4453.0,0.172
4454.0,0.172
4455.0,0.172
4456.0,0.129
4457.0,0.129
4458.0,0.129
4459.0,0.129
4460.0,0.129
4461.0,0.129
4462.0,0.172
4463.0,0.129
4464.0,0.172
4465.0,0.129
4466.0,0.172
4467.0,0.172
4468.0,0.172
4469.0,0.172
4470.0,0.129
4471.0,0.129
4472.0,0.129
4473.0,0.129
4474.0,0.129
4475.0,0.129
4476.0,0.172
4477.0,0.172
4478.0,0.172
4479.0,0.172
4480.0,0.129
4481.0,0.172
4482.0,0.172
4483.0,0.172
4484.0,0.172
4485.0,0.172
4486.0,0.172
4487.0,0.172
4488.0,0.172
4489.0,0.172
4490.0,0.172
4491.0,0.129
4492.0,0.129
4493.0,0.129
4494.0,0.129
4495.0,0.129
4496.0,0.129
4497.0,0.129
4498.0,0.172
4499.0,0.172
4500.0,0.172
4501.0,0.172
4502.0,0.129
4503.0,0.129
4504.0,0.172
4505.0,0.129
4506.0,0.129
4507.0,0.129
4508.0,0.172
4509.0,0.172
4510.0,0.172
4511.0,0.129
4512.0,0.129
4513.0,0.172
4514.0,0.172
4515.0,0.172
4516.0,0.172
4517.0,0.172
4518.0,0.172
4519.0,0.172
4520.0,0.172
4521.0,0.172
4522.0,0.172
4523.0,0.172
4524.0,0.172
4525.0,0.172
4526.0,0.172
4527.0,0.172
4528.0,0.172
4529.0,0.172
4530.0,0.172
4531.0,0.172
4532.0,0.129
4533.0,0.129
4534.0,0.129
4535.0,0.129
4536.0,0.129
4537.0,0.129
4538.0,0.129
4539.0,0.129
4540.0,0.172
4541.0,0.172
4542.0,0.172
4543.0,0.129
4544.0,0.172
4545.0,0.129
4546.0,0.129
4547.0,0.129
4548.0,0.129
4549.0,0.129
4550.0,0.129
4551.0,0.129
4552.0,0.129
4553.0,0.172
4554.0,0.172
4555.0,0.172
4556.0,0.172
4557.0,0.172
4558.0,0.129
4559.0,0.172
4560.0,0.172
4561.0,0.172
4562.0,0.172
4563.0,0.172
4564.0,0.172
4565.0,0.172
4566.0,0.172
4567.0,0.129
4568.0,0.129
4569.0,0.129
4570.0,0.172
4571.0,0.129
4572.0,0.129
4573.0,0.129
4574.0,0.129
4575.0,0.129
4576.0,0.172
4577.0,0.172
4578.0,0.172
4579.0,0.129
4580.0,0.129
4581.0,0.129
4582.0,0.129
4583.0,0.129
4584.0,0.129
4585.0,0.129
4586.0,0.129
4587.0,0.129
4588.0,0.172
4589.0,0.172
4590.0,0.172
4591.0,0.129
4592.0,0.129
4593.0,0.172
4594.0,0.172
4595.0,0.172
4596.0,0.172
4597.0,0.172
4598.0,0.172
4599.0,0.172
4600.0,0.172
4601.0,0.172
4602.0,0.129
4603.0,0.129
4604.0,0.172
4605.0,0.172
4606.0,0.172
4607.0,0.129
4608.0,0.129
4609.0,0.129
4610.0,0.172
4611.0,0.129
4612.0,0.129
4613.0,0.129
4614.0,0.129
4615.0,0.129
4616.0,0.129
4617.0,0.129
4618.0,0.172
4619.0,0.129
4620.0,0.129
4621.0,0.129
4622.0,0.129
4623.0,0.172
4624.0,0.129
4625.0,0.129
4626.0,0.129
4627.0,0.129
4628.0,0.172
4629.0,0.172
4630.0,0.172
4631.0,0.172
4632.0,0.172
4633.0,0.172
4634.0,0.172
4635.0,0.129
4636.0,0.129
4637.0,0.129
4638.0,0.172
4639.0,0.172
4640.0,0.129
4641.0,0.129
4642.0,0.129
4643.0,0.129
4644.0,0.172
4645.0,0.129
4646.0,0.129
4647.0,0.172
4648.0,0.129
4649.0,0.129
4650.0,0.172
4651.0,0.172
4652.0,0.172
4653.0,0.172
4654.0,0.172
4655.0,0.129
4656.0,0.129
4657.0,0.129
4658.0,0.129
4659.0,0.129
4660.0,0.129
4661.0,0.129
4662.0,0.172
4663.0,0.172
4664.0,0.172
4665.0,0.172
4666.0,0.172
4667.0,0.172
4668.0,0.129
4669.0,0.129
4670.0,0.172
4671.0,0.172
4672.0,0.172
4673.0,0.172
4674.0,0.172
4675.0,0.172
4676.0,0.129
4677.0,0.129
4678.0,0.129
4679.0,0.129
4680.0,0.129
4681.0,0.129
4682.0,0.129
4683.0,0.129
4684.0,0.172
4685.0,0.129
4686.0,0.172
4687.0,0.172
4688.0,0.129
4689.0,0.129
4690.0,0.129
4691.0,0.129
4692.0,0.129
4693.0,0.129
4694.0,0.129
4695.0,0.129
4696.0,0.129
4697.0,0.172
4698.0,0.172
4699.0,0.172
4700.0,0.172
4701.0,0.172
4702.0,0.129
4703.0,0.172
4704.0,0.172
4705.0,0.172
4706.0,0.172
4707.0,0.172
4708.0,0.172
4709.0,0.172
4710.0,0.129
4711.0,0.129
4712.0,0.129
4713.0,0.129
4714.0,0.129
4715.0,0.129
4716.0,0.172
4717.0,0.129
4718.0,0.172
4719.0,0.172
4720.0,0.172
4721.0,0.172
4722.0,0.172
4723.0,0.129
4724.0,0.129
4725.0,0.129
4726.0,0.172
4727.0,0.172
4728.0,0.172
4729.0,0.172
4730.0,0.129
4731.0,0.129
4732.0,0.129
4733.0,0.172
4734.0,0.129
4735.0,0.172
4736.0,0.129
4737.0,0.129
4738.0,0.172
4739.0,0.172
4740.0,0.172
4741.0,0.172
4742.0,0.172
4743.0,0.172
4744.0,0.172
4745.0,0.172
4746.0,0.172
4747.0,0.172
4748.0,0.172
4749.0,0.172
4750.0,0.172
4751.0,0.172
4752.0,0.129
4753.0,0.129
4754.0,0.172
4755.0,0.129
4756.0,0.129
4757.0,0.129
4758.0,0.172
4759.0,0.129
4760.0,0.172
4761.0,0.172
4762.0,0.172
4763.0,0.172
4764.0,0.129
4765.0,0.129
4766.0,0.129
4767.0,0.129
4768.0,0.129
4769.0,0.129
4770.0,0.172
4771.0,0.129
4772.0,0.172
4773.0,0.172
4774.0,0.172
4775.0,0.172
4776.0,0.172
4777.0,0.172
4778.0,0.172
4779.0,0.172
4780.0,0.172
4781.0,0.172
4782.0,0.172
4783.0,0.172
4784.0,0.172
4785.0,0.172
4786.0,0.129
4787.0,0.172
4788.0,0.129
4789.0,0.129
4790.0,0.129
4791.0,0.129
4792.0,0.129
4793.0,0.129
4794.0,0.172
4795.0,0.172
4796.0,0.172
4797.0,0.172
4798.0,0.129
4799.0,0.129
4800.0,0.129
4801.0,0.129
4802.0,0.129
4803.0,0.129
4804.0,0.172
4805.0,0.129
4806.0,0.129
4807.0,0.129
4808.0,0.129
4809.0,0.129
4810.0,0.172
4811.0,0.172
4812.0,0.129
4813.0,0.172
4814.0,0.172
4815.0,0.172
4816.0,0.172
4817.0,0.172
4818.0,0.172
4819.0,0.172
4820.0,0.129
4821.0,0.172
4822.0,0.172
4823.0,0.172
4824.0,0.172
4825.0,0.172
4826.0,0.129
4827.0,0.129
4828.0,0.172
4829.0,0.129
4830.0,0.129
4831.0,0.129
4832.0,0.129
4833.0,0.129
4834.0,0.129
4835.0,0.129
4836.0,0.172
4837.0,0.129
4838.0,0.129
4839.0,0.129
4840.0,0.129
4841.0,0.129
4842.0,0.172
4843.0,0.172
4844.0,0.129
4845.0,0.129
4846.0,0.129
4847.0,0.129
4848.0,0.129
4849.0,0.172
4850.0,0.172
4851.0,0.172
4852.0,0.172
4853.0,0.172
4854.0,0.129
4855.0,0.129
4856.0,0.129
4857.0,0.172
4858.0,0.172
4859.0,0.172
4860.0,0.172
4861.0,0.172
4862.0,0.129
4863.0,0.129
4864.0,0.172
4865.0,0.129
4866.0,0.172
4867.0,0.129
4868.0,0.129
4869.0,0.129
4870.0,0.129
4871.0,0.129
4872.0,0.129
4873.0,0.129
4874.0,0.129
4875.0,0.129
4876.0,0.129
4877.0,0.129
4878.0,0.129
4879.0,0.129
4880.0,0.129
4881.0,0.129
4882.0,0.172
4883.0,0.172
4884.0,0.172
4885.0,0.172
4886.0,0.172
4887.0,0.172
4888.0,0.129
4889.0,0.172
4890.0,0.129
4891.0,0.172
4892.0,0.172
4893.0,0.172
4894.0,0.172
4895.0,0.172
4896.0,0.129
4897.0,0.129
4898.0,0.129
4899.0,0.129
4900.0,0.129
4901.0,0.129
4902.0,0.129
4903.0,0.129
4904.0,0.172
4905.0,0.172
4906.0,0.172
4907.0,0.129
4908.0,0.129
4909.0,0.129
4910.0,0.129
4911.0,0.129
4912.0,0.129
4913.0,0.129
4914.0,0.129
4915.0,0.129
4916.0,0.129
4917.0,0.129
4918.0,0.172
4919.0,0.172
4920.0,0.172
4921.0,0.172
4922.0,0.172
4923.0,0.172
4924.0,0.172
4925.0,0.172
4926.0,0.172
4927.0,0.129
4928.0,0.172
4929.0,0.172
4930.0,0.172
4931.0,0.172
4932.0,0.172
4933.0,0.172
4934.0,0.172
4935.0,0.172
4936.0,0.129
4937.0,0.129
4938.0,0.129
4939.0,0.129
4940.0,0.129
4941.0,0.129
4942.0,0.172
4943.0,0.129
4944.0,0.172
4945.0,0.129
4946.0,0.172
4947.0,0.172
4948.0,0.172
4949.0,0.129
4950.0,0.129
4951.0,0.129
4952.0,0.129
4953.0,0.129
4954.0,0.129
4955.0,0.129
4956.0,0.129
4957.0,0.172
4958.0,0.172
4959.0,0.172
4960.0,0.172
4961.0,0.172
4962.0,0.172
4963.0,0.172
4964.0,0.172
4965.0,0.172
4966.0,0.172
4967.0,0.172
4968.0,0.172
4969.0,0.172
4970.0,0.172
4971.0,0.172
4972.0,0.172
4973.0,0.129
4974.0,0.129
4975.0,0.129
4976.0,0.129
4977.0,0.172
4978.0,0.129
4979.0,0.129
4980.0,0.172
4981.0,0.129
4982.0,0.172
4983.0,0.172
4984.0,0.172
4985.0,0.129
4986.0,0.129
4987.0,0.129
4988.0,0.129
4989.0,0.129
4990.0,0.129
4991.0,0.129
4992.0,0.129
4993.0,0.172
4994.0,0.172
4995.0,0.172
4996.0,0.172
4997.0,0.172
4998.0,0.172
4999.0,0.172
5000.0,0.172
5001.0,0.172
5002.0,0.172
5003.0,0.172
5004.0,0.172
5005.0,0.172
5006.0,0.172
5007.0,0.172
5008.0,0.172
5009.0,0.172
5010.0,0.172
5011.0,0.172
5012.0,0.129
5013.0,0.129
5014.0,0.129
5015.0,0.129
5016.0,0.129
5017.0,0.129
5018.0,0.129
5019.0,0.129
5020.0,0.172
5021.0,0.129
5022.0,0.172
5023.0,0.129
5024.0,0.172
5025.0,0.129
5026.0,0.172
5027.0,0.129
5028.0,0.129
5029.0,0.129
5030.0,0.172
5031.0,0.129
5032.0,0.172
5033.0,0.129
5034.0,0.129
5035.0,0.172
5036.0,0.172
5037.0,0.172
5038.0,0.172
5039.0,0.172
5040.0,0.172
5041.0,0.172
5042.0,0.172
5043.0,0.172
5044.0,0.129
5045.0,0.172
5046.0,0.172
5047.0,0.172
5048.0,0.129
5049.0,0.129
5050.0,0.129
5051.0,0.129
5052.0,0.129
5053.0,0.129
5054.0,0.129
5055.0,0.129
5056.0,0.129
5057.0,0.129
5058.0,0.172
5059.0,0.129
5060.0,0.172
5061.0,0.129
5062.0,0.129
5063.0,0.129
5064.0,0.129
5065.0,0.129
5066.0,0.129
5067.0,0.129
5068.0,0.129
5069.0,0.172
5070.0,0.172
5071.0,0.172
5072.0,0.172
5073.0,0.172
5074.0,0.172
5075.0,0.172
5076.0,0.172
5077.0,0.172
5078.0,0.172
5079.0,0.172
5080.0,0.172
5081.0,0.172
5082.0,0.172
5083.0,0.129
5084.0,0.129
5085.0,0.129
5086.0,0.129
5087.0,0.129
5088.0,0.129
5089.0,0.172
5090.0,0.129
5091.0,0.129
5092.0,0.172
5093.0,0.129
5094.0,0.129
5095.0,0.129
5096.0,0.129
5097.0,0.172
5098.0,0.129
5099.0,0.129
5100.0,0.129
5101.0,0.129
5102.0,0.129
5103.0,0.129
5104.0,0.129
5105.0,0.172
5106.0,0.172
5107.0,0.172
5108.0,0.172
5109.0,0.172
5110.0,0.129
5111.0,0.172
5112.0,0.172
5113.0,0.172
5114.0,0.172
5115.0,0.172
5116.0,0.129
5117.0,0.129
5118.0,0.129
5119.0,0.129
5120.0,0.129
5121.0,0.129
5122.0,0.129
5123.0,0.129
5124.0,0.129
5125.0,0.129
5126.0,0.129
5127.0,0.129
5128.0,0.172
5129.0,0.129
5130.0,0.172
5131.0,0.129
5132.0,0.129
5133.0,0.129
5134.0,0.129
5135.0,0.129
5136.0,0.129
5137.0,0.172
5138.0,0.172
5139.0,0.172
5140.0,0.172
5141.0,0.172
5142.0,0.172
5143.0,0.129
5144.0,0.172
5145.0,0.172
5146.0,0.172
5147.0,0.172
5148.0,0.172
5149.0,0.172
5150.0,0.172
5151.0,0.172
5152.0,0.172
5153.0,0.129
5154.0,0.129
5155.0,0.172
5156.0,0.172
5157.0,0.129
5158.0,0.129
5159.0,0.129
5160.0,0.129
5161.0,0.129
5162.0,0.129
5163.0,0.129
5164.0,0.129
5165.0,0.129
5166.0,0.172
5167.0,0.129
5168.0,0.129
5169.0,0.172
5170.0,0.172
5171.0,0.129
5172.0,0.129
5173.0,0.129
5174.0,0.172
5175.0,0.129
5176.0,0.129
5177.0,0.129
5178.0,0.129
5179.0,0.129
5180.0,0.172
5181.0,0.172
5182.0,0.172
5183.0,0.172
5184.0,0.172
5185.0,0.172
5186.0,0.172
5187.0,0.172
5188.0,0.172
5189.0,0.172
5190.0,0.129
5191.0,0.172
5192.0,0.129
5193.0,0.129
5194.0,0.129
5195.0,0.129
5196.0,0.129
5197.0,0.129
5198.0,0.129
5199.0,0.129
5200.0,0.129
5201.0,0.129
5202.0,0.172
5203.0,0.172
5204.0,0.172
5205.0,0.129
5206.0,0.172
5207.0,0.129
5208.0,0.129
5209.0,0.129
5210.0,0.172
5211.0,0.129
5212.0,0.129
5213.0,0.172
5214.0,0.172
5215.0,0.172
5216.0,0.172
5217.0,0.172
5218.0,0.129
5219.0,0.172
5220.0,0.129
5221.0,0.172
5222.0,0.172
5223.0,0.172
5224.0,0.129
5225.0,0.172
5226.0,0.172
5227.0,0.172
5228.0,0.129
5229.0,0.172
5230.0,0.172
5231.0,0.172
5232.0,0.172
5233.0,0.129
5234.0,0.129
5235.0,0.172
5236.0,0.172
5237.0,0.172
5238.0,0.129
5239.0,0.129
5240.0,0.129
5241.0,0.129
5242.0,0.172
5243.0,0.172
5244.0,0.172
5245.0,0.129
5246.0,0.129
5247.0,0.129
5248.0,0.129
5249.0,0.172
5250.0,0.129
5251.0,0.172
5252.0,0.129
5253.0,0.129
5254.0,0.129
5255.0,0.172
5256.0,0.172
5257.0,0.172
5258.0,0.172
5259.0,0.172
5260.0,0.172
5261.0,0.172
5262.0,0.172
5263.0,0.172
5264.0,0.172
5265.0,0.172
5266.0,0.172
5267.0,0.172
5268.0,0.129
5269.0,0.129
5270.0,0.129
5271.0,0.129
5272.0,0.129
5273.0,0.129
5274.0,0.129
5275.0,0.129
5276.0,0.172
5277.0,0.172
5278.0,0.172
5279.0,0.129
5280.0,0.172
5281.0,0.129
5282.0,0.129
5283.0,0.129
5284.0,0.129
5285.0,0.129
5286.0,0.129
5287.0,0.129
5288.0,0.129
5289.0,0.172
5290.0,0.172
5291.0,0.172
5292.0,0.172
5293.0,0.172
5294.0,0.172
5295.0,0.172
5296.0,0.172
5297.0,0.172
5298.0,0.172
5299.0,0.172
5300.0,0.172
5301.0,0.172
5302.0,0.172
5303.0,0.129
5304.0,0.129
5305.0,0.129
5306.0,0.129
5307.0,0.129
5308.0,0.129
5309.0,0.129
5310.0,0.129
5311.0,0.129
5312.0,0.129
5313.0,0.129
5314.0,0.129
5315.0,0.129
5316.0,0.129
5317.0,0.129
5318.0,0.129
5319.0,0.129
5320.0,0.129
5321.0,0.129
5322.0,0.129
5323.0,0.129
5324.0,0.129
5325.0,0.172
5326.0,0.172
5327.0,0.172
5328.0,0.129
5329.0,0.129
5330.0,0.129
5331.0,0.172
5332.0,0.172
5333.0,0.172
5334.0,0.172
5335.0,0.172
5336.0,0.172
5337.0,0.129
5338.0,0.129
5339.0,0.172
5340.0,0.172
5341.0,0.172
5342.0,0.172
5343.0,0.129
5344.0,0.129
5345.0,0.129
5346.0,0.172
5347.0,0.129
5348.0,0.129
5349.0,0.129
5350.0,0.129
5351.0,0.129
5352.0,0.129
5353.0,0.129
5354.0,0.172
5355.0,0.129
5356.0,0.129
5357.0,0.129
5358.0,0.172
5359.0,0.129
5360.0,0.129
5361.0,0.129
5362.0,0.129
5363.0,0.172
5364.0,0.129
5365.0,0.172
5366.0,0.172
5367.0,0.172
5368.0,0.172
5369.0,0.172
5370.0,0.129
5371.0,0.172
5372.0,0.172
5373.0,0.172
5374.0,0.172
5375.0,0.172
5376.0,0.172
5377.0,0.129
5378.0,0.129
5379.0,0.129
5380.0,0.129
5381.0,0.129
5382.0,0.129
5383.0,0.129
5384.0,0.129
5385.0,0.129
5386.0,0.172
5387.0,0.129
5388.0,0.129
5389.0,0.129
5390.0,0.172
5391.0,0.172
5392.0,0.129
5393.0,0.129
5394.0,0.129
5395.0,0.129
5396.0,0.129
5397.0,0.129
5398.0,0.129
5399.0,0.172
5400.0,0.172
5401.0,0.129
5402.0,0.172
5403.0,0.172
5404.0,0.172
5405.0,0.172
5406.0,0.172
5407.0,0.172
5408.0,0.172
5409.0,0.172
5410.0,0.172
5411.0,0.172
5412.0,0.129
5413.0,0.129
5414.0,0.129
5415.0,0.129
5416.0,0.172
5417.0,0.172
5418.0,0.129
5419.0,0.129
5420.0,0.172
5421.0,0.129
5422.0,0.172
5423.0,0.172
5424.0,0.129
5425.0,0.129
5426.0,0.129
5427.0,0.129
5428.0,0.129
5429.0,0.129
5430.0,0.129
5431.0,0.129
5432.0,0.129
5433.0,0.172
5434.0,0.172
5435.0,0.172
5436.0,0.172
5437.0,0.129
5438.0,0.129
5439.0,0.172
5440.0,0.172
5441.0,0.172
5442.0,0.172
5443.0,0.172
5444.0,0.172
5445.0,0.172
5446.0,0.172
5447.0,0.172
5448.0,0.172
5449.0,0.172
5450.0,0.172
5451.0,0.129
5452.0,0.129
5453.0,0.129
5454.0,0.129
5455.0,0.129
5456.0,0.172
5457.0,0.129
5458.0,0.172
5459.0,0.129
5460.0,0.129
5461.0,0.129
5462.0,0.172
5463.0,0.129
5464.0,0.172
5465.0,0.129
5466.0,0.129
5467.0,0.129
5468.0,0.129
5469.0,0.129
5470.0,0.129
5471.0,0.129
5472.0,0.129
5473.0,0.172
5474.0,0.129
5475.0,0.172
5476.0,0.172
5477.0,0.172
5478.0,0.172
5479.0,0.172
5480.0,0.172
5481.0,0.172
5482.0,0.172
5483.0,0.172
5484.0,0.172
5485.0,0.172
5486.0,0.172
5487.0,0.172
5488.0,0.129
5489.0,0.129
5490.0,0.129
5491.0,0.129
5492.0,0.129
5493.0,0.129
5494.0,0.129
5495.0,0.129
5496.0,0.129
5497.0,0.129
5498.0,0.172
5499.0,0.129
5500.0,0.172
5501.0,0.172
5502.0,0.172
5503.0,0.129
5504.0,0.129
5505.0,0.129
5506.0,0.129
5507.0,0.129
5508.0,0.129
5509.0,0.129
5510.0,0.172
5511.0,0.172
5512.0,0.172
5513.0,0.172
5514.0,0.172
5515.0,0.172
5516.0,0.129
5517.0,0.172
5518.0,0.172
5519.0,0.172
5520.0,0.172
5521.0,0.172
5522.0,0.172
5523.0,0.172
5524.0,0.172
5525.0,0.172
5526.0,0.172
5527.0,0.172
5528.0,0.172
5529.0,0.129
5530.0,0.172
5531.0,0.129
5532.0,0.129
5533.0,0.129
5534.0,0.129
5535.0,0.129
5536.0,0.129
5537.0,0.129
5538.0,0.129
5539.0,0.129
5540.0,0.172
5541.0,0.129
5542.0,0.129
5543.0,0.129
5544.0,0.129
5545.0,0.172
5546.0,0.129
5547.0,0.172
5548.0,0.129
5549.0,0.129
5550.0,0.129
5551.0,0.172
5552.0,0.129
5553.0,0.172
5554.0,0.172
5555.0,0.172
5556.0,0.172
5557.0,0.172
5558.0,0.172
5559.0,0.172
5560.0,0.172
5561.0,0.172
5562.0,0.172
5563.0,0.172
5564.0,0.129
5565.0,0.129
5566.0,0.129
5567.0,0.129
5568.0,0.129
5569.0,0.129
5570.0,0.129
5571.0,0.129
5572.0,0.129
5573.0,0.129
5574.0,0.129
5575.0,0.129
5576.0,0.129
5577.0,0.129
5578.0,0.129
5579.0,0.129
5580.0,0.129
5581.0,0.129
5582.0,0.129
5583.0,0.129
5584.0,0.129
5585.0,0.172
5586.0,0.172
5587.0,0.172
5588.0,0.172
5589.0,0.172
5590.0,0.172
5591.0,0.172
5592.0,0.172
5593.0,0.172
5594.0,0.172
5595.0,0.172
5596.0,0.172
5597.0,0.172
5598.0,0.129
5599.0,0.129
5600.0,0.129
5601.0,0.129
5602.0,0.129
5603.0,0.129
5604.0,0.129
5605.0,0.129
5606.0,0.129
5607.0,0.129
5608.0,0.172
5609.0,0.172
5610.0,0.129
5611.0,0.129
5612.0,0.129
5613.0,0.129
5614.0,0.129
5615.0,0.129
5616.0,0.129
5617.0,0.129
5618.0,0.129
5619.0,0.129
5620.0,0.129
5621.0,0.172
5622.0,0.172
5623.0,0.172
5624.0,0.172
5625.0,0.172
5626.0,0.129
5627.0,0.172
5628.0,0.172
5629.0,0.172
5630.0,0.172
5631.0,0.172
5632.0,0.172
5633.0,0.129
5634.0,0.129
5635.0,0.129
5636.0,0.129
5637.0,0.172
5638.0,0.129
5639.0,0.129
5640.0,0.129
5641.0,0.129
5642.0,0.129
5643.0,0.129
5644.0,0.172
5645.0,0.129
5646.0,0.129
5647.0,0.129
5648.0,0.129
5649.0,0.129
5650.0,0.129
5651.0,0.129
5652.0,0.172
5653.0,0.129
5654.0,0.129
5655.0,0.172
5656.0,0.129
5657.0,0.172
5658.0,0.129
5659.0,0.129
5660.0,0.129
5661.0,0.129
5662.0,0.172
5663.0,0.172
5664.0,0.172
5665.0,0.172
5666.0,0.172
5667.0,0.172
5668.0,0.172
5669.0,0.172
5670.0,0.172
5671.0,0.172
5672.0,0.172
5673.0,0.172
5674.0,0.129
5675.0,0.129
5676.0,0.129
5677.0,0.129
5678.0,0.129
5679.0,0.172
5680.0,0.129
5681.0,0.129
5682.0,0.129
5683.0,0.129
5684.0,0.172
5685.0,0.129
5686.0,0.172
5687.0,0.129
5688.0,0.129
5689.0,0.172
5690.0,0.129
5691.0,0.172
5692.0,0.129
5693.0,0.129
5694.0,0.129
5695.0,0.172
5696.0,0.172
5697.0,0.172
5698.0,0.172
5699.0,0.172
5700.0,0.172
5701.0,0.172
5702.0,0.172
5703.0,0.172
5704.0,0.172
5705.0,0.172
5706.0,0.172
5707.0,0.172
5708.0,0.129
5709.0,0.129
5710.0,0.129
5711.0,0.129
5712.0,0.129
5713.0,0.129
5714.0,0.129
5715.0,0.129
5716.0,0.129
5717.0,0.129
5718.0,0.172
5719.0,0.172
5720.0,0.172
5721.0,0.129
5722.0,0.129
5723.0,0.129
5724.0,0.129
5725.0,0.129
5726.0,0.129
5727.0,0.129
5728.0,0.172
5729.0,0.172
5730.0,0.129
5731.0,0.172
5732.0,0.172
5733.0,0.172
5734.0,0.129
5735.0,0.129
5736.0,0.129
5737.0,0.172
5738.0,0.172
5739.0,0.172
5740.0,0.172
5741.0,0.172
5742.0,0.172
5743.0,0.129
5744.0,0.129
5745.0,0.172
5746.0,0.172
5747.0,0.172
5748.0,0.172
5749.0,0.172
5750.0,0.129
5751.0,0.129
5752.0,0.129
5753.0,0.129
5754.0,0.172
5755.0,0.129
5756.0,0.129
5757.0,0.129
5758.0,0.172
5759.0,0.129
5760.0,0.172
5761.0,0.129
5762.0,0.129
5763.0,0.129
5764.0,0.129
5765.0,0.129
5766.0,0.129
5767.0,0.129
5768.0,0.129
5769.0,0.129
5770.0,0.129
5771.0,0.172
5772.0,0.172
5773.0,0.172
5774.0,0.172
5775.0,0.172
5776.0,0.172
5777.0,0.172
5778.0,0.129
5779.0,0.172
5780.0,0.172
5781.0,0.172
5782.0,0.172
5783.0,0.172
5784.0,0.129
5785.0,0.129
5786.0,0.172
5787.0,0.129
5788.0,0.129
5789.0,0.172
5790.0,0.129
5791.0,0.129
5792.0,0.129
5793.0,0.129
5794.0,0.172
5795.0,0.172
5796.0,0.129
5797.0,0.129
5798.0,0.129
5799.0,0.129
5800.0,0.129
5801.0,0.129
5802.0,0.129
5803.0,0.129
5804.0,0.129
5805.0,0.172
5806.0,0.172
5807.0,0.172
5808.0,0.172
5809.0,0.129
5810.0,0.129
5811.0,0.129
5812.0,0.129
5813.0,0.172
5814.0,0.172
5815.0,0.172
5816.0,0.172
5817.0,0.172
5818.0,0.172
5819.0,0.172
5820.0,0.129
5821.0,0.129
5822.0,0.129
5823.0,0.172
5824.0,0.129
5825.0,0.129
5826.0,0.129
5827.0,0.129
5828.0,0.129
5829.0,0.129
5830.0,0.129
5831.0,0.129
5832.0,0.129
5833.0,0.129
5834.0,0.129
5835.0,0.129
5836.0,0.129
5837.0,0.129
5838.0,0.129
5839.0,0.129
5840.0,0.172
5841.0,0.172
5842.0,0.172
5843.0,0.172
5844.0,0.129
5845.0,0.129
5846.0,0.172
5847.0,0.172
5848.0,0.172
5849.0,0.172
5850.0,0.172
5851.0,0.172
5852.0,0.172
5853.0,0.172
5854.0,0.172
5855.0,0.172
5856.0,0.172
5857.0,0.172
5858.0,0.172
5859.0,0.129
5860.0,0.129
5861.0,0.129
5862.0,0.129
5863.0,0.129
5864.0,0.129
5865.0,0.129
5866.0,0.129
5867.0,0.129
5868.0,0.172
5869.0,0.172
5870.0,0.172
5871.0,0.172
5872.0,0.172
5873.0,0.129
5874.0,0.129
5875.0,0.129
5876.0,0.129
5877.0,0.129
5878.0,0.129
5879.0,0.172
5880.0,0.129
5881.0,0.172
5882.0,0.172
5883.0,0.172
5884.0,0.172
5885.0,0.172
5886.0,0.172
5887.0,0.172
5888.0,0.172
5889.0,0.172
5890.0,0.172
5891.0,0.172
5892.0,0.172
5893.0,0.172
5894.0,0.129
5895.0,0.129
5896.0,0.129
5897.0,0.129
5898.0,0.129
5899.0,0.129
5900.0,0.129
5901.0,0.129
5902.0,0.129
5903.0,0.172
5904.0,0.172
5905.0,0.129
5906.0,0.172
5907.0,0.129
5908.0,0.129
5909.0,0.129
5910.0,0.129
5911.0,0.129
5912.0,0.129
5913.0,0.129
5914.0,0.129
5915.0,0.172
5916.0,0.172
5917.0,0.172
5918.0,0.172
5919.0,0.172
5920.0,0.172
5921.0,0.172
5922.0,0.172
5923.0,0.172
5924.0,0.172
5925.0,0.172
5926.0,0.172
5927.0,0.172
5928.0,0.172
5929.0,0.129
5930.0,0.129
5931.0,0.172
5932.0,0.172
5933.0,0.172
5934.0,0.129
5935.0,0.129
5936.0,0.129
5937.0,0.129
5938.0,0.129
5939.0,0.129
5940.0,0.129
5941.0,0.129
5942.0,0.129
5943.0,0.129
5944.0,0.129
5945.0,0.129
5946.0,0.129
5947.0,0.129
5948.0,0.129
5949.0,0.172
5950.0,0.129
5951.0,0.129
5952.0,0.172
5953.0,0.129
5954.0,0.129
5955.0,0.172
5956.0,0.129
5957.0,0.172
5958.0,0.172
5959.0,0.172
5960.0,0.172
5961.0,0.172
5962.0,0.172
5963.0,0.172
5964.0,0.129
5965.0,0.129
5966.0,0.172
5967.0,0.172
5968.0,0.172
5969.0,0.129
5970.0,0.129
5971.0,0.129
5972.0,0.129
5973.0,0.129
5974.0,0.129
5975.0,0.129
5976.0,0.129
5977.0,0.129
5978.0,0.172
5979.0,0.129
5980.0,0.172
5981.0,0.129
5982.0,0.129
5983.0,0.129
5984.0,0.129
5985.0,0.129
5986.0,0.129
5987.0,0.129
5988.0,0.129
5989.0,0.129
5990.0,0.172
5991.0,0.172
5992.0,0.172
5993.0,0.172
5994.0,0.172
5995.0,0.172
5996.0,0.172
5997.0,0.172
5998.0,0.172
5999.0,0.172
6000.0,0.172
6001.0,0.172
6002.0,0.172
6003.0,0.172
6004.0,0.129
6005.0,0.129
6006.0,0.129
6007.0,0.129
6008.0,0.129
6009.0,0.129
6010.0,0.129
6011.0,0.129
6012.0,0.172
6013.0,0.172
6014.0,0.172
6015.0,0.172
6016.0,0.172
6017.0,0.129
6018.0,0.172
6019.0,0.129
6020.0,0.129
6021.0,0.129
6022.0,0.129
6023.0,0.129
6024.0,0.172
6025.0,0.172
6026.0,0.172
6027.0,0.172
6028.0,0.172
6029.0,0.172
6030.0,0.172
6031.0,0.172
6032.0,0.172
6033.0,0.172
6034.0,0.172
6035.0,0.172
6036.0,0.172
6037.0,0.172
6038.0,0.172
6039.0,0.172
6040.0,0.129
6041.0,0.129
6042.0,0.172
6043.0,0.172
6044.0,0.129
6045.0,0.129
6046.0,0.129
6047.0,0.129
6048.0,0.172
6049.0,0.129
6050.0,0.172
6051.0,0.129
6052.0,0.129
6053.0,0.129
6054.0,0.129
6055.0,0.129
6056.0,0.129
6057.0,0.129
6058.0,0.129
6059.0,0.129
6060.0,0.129
6061.0,0.129
6062.0,0.172
6063.0,0.172
6064.0,0.129
6065.0,0.172
6066.0,0.172
6067.0,0.172
6068.0,0.172
6069.0,0.172
6070.0,0.172
6071.0,0.172
6072.0,0.172
6073.0,0.172
6074.0,0.172
6075.0,0.172
6076.0,0.172
6077.0,0.172
6078.0,0.172
6079.0,0.172
6080.0,0.129
6081.0,0.129
6082.0,0.129
6083.0,0.129
6084.0,0.129
6085.0,0.129
6086.0,0.129
6087.0,0.129
6088.0,0.172
6089.0,0.129
6090.0,0.172
6091.0,0.172
6092.0,0.129
6093.0,0.129
6094.0,0.129
6095.0,0.129
6096.0,0.129
6097.0,0.129
6098.0,0.129
6099.0,0.129
6100.0,0.129
6101.0,0.129
6102.0,0.172
6103.0,0.172
6104.0,0.172
6105.0,0.172
6106.0,0.172
6107.0,0.172
6108.0,0.172
6109.0,0.172
6110.0,0.172
6111.0,0.172
6112.0,0.172
6113.0,0.172
6114.0,0.172
6115.0,0.172
6116.0,0.129
6117.0,0.129
6118.0,0.129
6119.0,0.172
6120.0,0.129
6121.0,0.129
6122.0,0.129
6123.0,0.129
6124.0,0.172
6125.0,0.129
6126.0,0.129
6127.0,0.129
6128.0,0.129
6129.0,0.129
6130.0,0.129
6131.0,0.129
6132.0,0.172
6133.0,0.129
6134.0,0.129
6135.0,0.172
6136.0,0.129
6137.0,0.172
6138.0,0.172
6139.0,0.172
6140.0,0.172
6141.0,0.172
6142.0,0.172
6143.0,0.172
6144.0,0.172
6145.0,0.172
6146.0,0.172
6147.0,0.172
6148.0,0.172
6149.0,0.172
6150.0,0.129
6151.0,0.129
6152.0,0.172
6153.0,0.172
6154.0,0.172
6155.0,0.129
6156.0,0.129
6157.0,0.129
6158.0,0.129
6159.0,0.129
6160.0,0.129
6161.0,0.129
6162.0,0.129
6163.0,0.129
6164.0,0.129
6165.0,0.129
6166.0,0.172
6167.0,0.129
6168.0,0.129
6169.0,0.172
6170.0,0.129
6171.0,0.172
6172.0,0.129
6173.0,0.129
6174.0,0.129
6175.0,0.129
6176.0,0.129
6177.0,0.172
6178.0,0.172
6179.0,0.172
6180.0,0.172
6181.0,0.172
6182.0,0.172
6183.0,0.172
6184.0,0.129
6185.0,0.172
6186.0,0.172
6187.0,0.172
6188.0,0.172
6189.0,0.172
6190.0,0.129
6191.0,0.172
6192.0,0.129
6193.0,0.129
6194.0,0.129
6195.0,0.129
6196.0,0.129
6197.0,0.129
6198.0,0.129
6199.0,0.129
6200.0,0.129
6201.0,0.129
6202.0,0.129
6203.0,0.129
6204.0,0.129
6205.0,0.129
6206.0,0.129
6207.0,0.129
6208.0,0.129
6209.0,0.129
6210.0,0.129
6211.0,0.129
6212.0,0.172
6213.0,0.172
6214.0,0.172
6215.0,0.172
6216.0,0.129
6217.0,0.129
6218.0,0.129
6219.0,0.129
6220.0,0.172
6221.0,0.172
6222.0,0.172
6223.0,0.172
6224.0,0.129
6225.0,0.129
6226.0,0.129
6227.0,0.129
6228.0,0.129
6229.0,0.129
6230.0,0.129
6231.0,0.129
6232.0,0.129
6233.0,0.129
6234.0,0.172
6235.0,0.129
6236.0,0.129
6237.0,0.129
6238.0,0.129
6239.0,0.129
6240.0,0.129
6241.0,0.129
6242.0,0.129
6243.0,0.129
6244.0,0.129
6245.0,0.129
6246.0,0.129
6247.0,0.172
6248.0,0.172
6249.0,0.172
6250.0,0.129
6251.0,0.129
6252.0,0.172
6253.0,0.172
6254.0,0.172
6255.0,0.172
6256.0,0.172
6257.0,0.172
6258.0,0.172
6259.0,0.172
6260.0,0.172
6261.0,0.172
6262.0,0.172
6263.0,0.172
6264.0,0.172
6265.0,0.172
6266.0,0.129
6267.0,0.129
6268.0,0.129
6269.0,0.129
6270.0,0.129
6271.0,0.129
6272.0,0.129
6273.0,0.129
6274.0,0.129
6275.0,0.129
6276.0,0.172
6277.0,0.129
6278.0,0.172
6279.0,0.129
6280.0,0.129
6281.0,0.172
6282.0,0.129
6283.0,0.129
6284.0,0.129
6285.0,0.129
6286.0,0.129
6287.0,0.172
6288.0,0.172
6289.0,0.172
6290.0,0.172
6291.0,0.172
6292.0,0.172
6293.0,0.172
6294.0,0.172
6295.0,0.172
6296.0,0.172
6297.0,0.172
6298.0,0.172
6299.0,0.172
6300.0,0.129
6301.0,0.129
6302.0,0.129
6303.0,0.129
6304.0,0.129
6305.0,0.129
6306.0,0.129
6307.0,0.129
6308.0,0.172
6309.0,0.172
6310.0,0.172
6311.0,0.172
6312.0,0.172
6313.0,0.129
6314.0,0.129
6315.0,0.129
6316.0,0.129
6317.0,0.129
6318.0,0.129
6319.0,0.129
6320.0,0.129
6321.0,0.129
6322.0,0.172
6323.0,0.172
6324.0,0.172
6325.0,0.172
6326.0,0.172
6327.0,0.172
6328.0,0.172
6329.0,0.129
6330.0,0.129
6331.0,0.172
6332.0,0.172
6333.0,0.172
6334.0,0.172
6335.0,0.172
6336.0,0.172
6337.0,0.172
6338.0,0.129
6339.0,0.172
6340.0,0.129
6341.0,0.129
6342.0,0.129
6343.0,0.129
6344.0,0.172
6345.0,0.129
6346.0,0.172
6347.0,0.172
6348.0,0.129
6349.0,0.129
6350.0,0.172
6351.0,0.129
6352.0,0.129
6353.0,0.129
6354.0,0.129
6355.0,0.129
6356.0,0.129
6357.0,0.129
6358.0,0.129
6359.0,0.129
6360.0,0.172
6361.0,0.172
6362.0,0.172
6363.0,0.172
6364.0,0.172
6365.0,0.172
6366.0,0.172
6367.0,0.172
6368.0,0.172
6369.0,0.172
6370.0,0.172
6371.0,0.172
6372.0,0.172
6373.0,0.172
6374.0,0.172
6375.0,0.129
6376.0,0.129
6377.0,0.129
6378.0,0.129
6379.0,0.129
6380.0,0.129
6381.0,0.129
6382.0,0.129
6383.0,0.129
6384.0,0.172
6385.0,0.129
6386.0,0.172
6387.0,0.172
6388.0,0.172
6389.0,0.129
6390.0,0.129
6391.0,0.129
6392.0,0.129
6393.0,0.129
6394.0,0.129
6395.0,0.129
6396.0,0.129
6397.0,0.172
6398.0,0.172
6399.0,0.172
6400.0,0.172
6401.0,0.172
6402.0,0.172
6403.0,0.172
6404.0,0.172
6405.0,0.172
6406.0,0.172
6407.0,0.172
6408.0,0.172
6409.0,0.172
6410.0,0.129
6411.0,0.129
6412.0,0.129
6413.0,0.129
6414.0,0.129
6415.0,0.129
6416.0,0.129
6417.0,0.129
6418.0,0.129
6419.0,0.129
6420.0,0.172
6421.0,0.129
6422.0,0.129
6423.0,0.129
6424.0,0.129
6425.0,0.129
6426.0,0.129
6427.0,0.129
6428.0,0.129
6429.0,0.129
6430.0,0.129
6431.0,0.172
6432.0,0.172
6433.0,0.172
6434.0,0.172
6435.0,0.172
6436.0,0.129
6437.0,0.129
6438.0,0.129
6439.0,0.172
6440.0,0.172
6441.0,0.172
6442.0,0.172
6443.0,0.172
6444.0,0.172
6445.0,0.172
6446.0,0.129
6447.0,0.129
6448.0,0.129
6449.0,0.172
6450.0,0.129
6451.0,0.129
6452.0,0.129
6453.0,0.129
6454.0,0.129
6455.0,0.129
6456.0,0.129
6457.0,0.129
6458.0,0.129
6459.0,0.129
6460.0,0.129
6461.0,0.129
6462.0,0.129
6463.0,0.129
6464.0,0.129
6465.0,0.129
6466.0,0.172
6467.0,0.172
6468.0,0.172
6469.0,0.172
6470.0,0.129
6471.0,0.129
6472.0,0.172
6473.0,0.172
6474.0,0.172
6475.0,0.172
6476.0,0.172
6477.0,0.172
6478.0,0.129
6479.0,0.172
6480.0,0.129
6481.0,0.172
6482.0,0.172
6483.0,0.172
6484.0,0.129
6485.0,0.129
6486.0,0.129
6487.0,0.129
6488.0,0.129
6489.0,0.129
6490.0,0.129
6491.0,0.129
6492.0,0.129
6493.0,0.129
6494.0,0.172
6495.0,0.172
6496.0,0.129
6497.0,0.129
6498.0,0.129
6499.0,0.129
6500.0,0.172
6501.0,0.172
6502.0,0.129
6503.0,0.129
6504.0,0.129
6505.0,0.172
6506.0,0.172
6507.0,0.172
6508.0,0.172
6509.0,0.172
6510.0,0.172
6511.0,0.172
6512.0,0.172
6513.0,0.172
6514.0,0.129
6515.0,0.172
6516.0,0.172
6517.0,0.172
6518.0,0.172
6519.0,0.172
6520.0,0.129
6521.0,0.129
6522.0,0.129
6523.0,0.129
6524.0,0.129
6525.0,0.129
6526.0,0.129
6527.0,0.129
6528.0,0.129
6529.0,0.129
6530.0,0.172
6531.0,0.129
6532.0,0.172
6533.0,0.129
6534.0,0.129
6535.0,0.129
6536.0,0.129
6537.0,0.129
6538.0,0.129
6539.0,0.129
6540.0,0.129
6541.0,0.172
6542.0,0.172
6543.0,0.172
6544.0,0.172
6545.0,0.172
6546.0,0.129
6547.0,0.172
6548.0,0.172
6549.0,0.172
6550.0,0.172
6551.0,0.172
6552.0,0.172
6553.0,0.172
6554.0,0.129
6555.0,0.129
6556.0,0.172
6557.0,0.172
6558.0,0.172
6559.0,0.172
6560.0,0.129
6561.0,0.129
6562.0,0.129
6563.0,0.129
6564.0,0.129
6565.0,0.129
6566.0,0.129
6567.0,0.129
6568.0,0.129
6569.0,0.129
6570.0,0.172
6571.0,0.172
6572.0,0.172
6573.0,0.172
6574.0,0.129
6575.0,0.129
6576.0,0.129
6577.0,0.172
6578.0,0.129
6579.0,0.172
6580.0,0.129
6581.0,0.129
6582.0,0.129
6583.0,0.172
6584.0,0.172
6585.0,0.172
6586.0,0.172
6587.0,0.172
6588.0,0.172
6589.0,0.172
6590.0,0.172
6591.0,0.172
6592.0,0.172
6593.0,0.172
6594.0,0.172
6595.0,0.172
6596.0,0.172
6597.0,0.129
6598.0,0.129
6599.0,0.129
6600.0,0.129
6601.0,0.129
6602.0,0.129
6603.0,0.129
6604.0,0.129
6605.0,0.129
6606.0,0.172
6607.0,0.129
6608.0,0.129
6609.0,0.129
6610.0,0.129
6611.0,0.129
6612.0,0.129
6613.0,0.129
6614.0,0.129
6615.0,0.129
6616.0,0.129
6617.0,0.129
6618.0,0.129
6619.0,0.172
6620.0,0.172
6621.0,0.172
6622.0,0.129
6623.0,0.172
6624.0,0.172
6625.0,0.172
6626.0,0.172
6627.0,0.172
6628.0,0.172
6629.0,0.172
6630.0,0.172
6631.0,0.172
6632.0,0.129
6633.0,0.129
6634.0,0.172
6635.0,0.172
6636.0,0.129
6637.0,0.129
6638.0,0.129
6639.0,0.129
6640.0,0.129
6641.0,0.129
6642.0,0.129
6643.0,0.129
6644.0,0.129
6645.0,0.129
6646.0,0.129
6647.0,0.129
6648.0,0.129
6649.0,0.129
6650.0,0.129
6651.0,0.129
6652.0,0.129
6653.0,0.129
6654.0,0.129
6655.0,0.129
6656.0,0.129
6657.0,0.129
6658.0,0.129
6659.0,0.172
6660.0,0.129
6661.0,0.172
6662.0,0.172
6663.0,0.172
6664.0,0.172
6665.0,0.172
6666.0,0.129
6667.0,0.172
6668.0,0.172
6669.0,0.172
6670.0,0.172
6671.0,0.172
6672.0,0.129
6673.0,0.129
6674.0,0.129
6675.0,0.129
6676.0,0.129
6677.0,0.129
6678.0,0.129
6679.0,0.129
6680.0,0.129
6681.0,0.129
6682.0,0.129
6683.0,0.129
6684.0,0.129
6685.0,0.129
6686.0,0.129
6687.0,0.172
6688.0,0.129
6689.0,0.129
6690.0,0.129
6691.0,0.129
6692.0,0.129
6693.0,0.172
6694.0,0.172
6695.0,0.172
6696.0,0.172
6697.0,0.172
6698.0,0.129
6699.0,0.172
6700.0,0.172
6701.0,0.172
6702.0,0.172
6703.0,0.172
6704.0,0.172
6705.0,0.172
6706.0,0.129
6707.0,0.172
6708.0,0.129
6709.0,0.129
6710.0,0.129
6711.0,0.129
6712.0,0.129
6713.0,0.129
6714.0,0.129
6715.0,0.129
6716.0,0.172
6717.0,0.129
6718.0,0.129
6719.0,0.129
6720.0,0.129
6721.0,0.129
6722.0,0.129
6723.0,0.129
6724.0,0.129
6725.0,0.129
6726.0,0.129
6727.0,0.129
6728.0,0.172
6729.0,0.172
6730.0,0.172
6731.0,0.172
6732.0,0.172
6733.0,0.172
6734.0,0.172
6735.0,0.172
6736.0,0.172
6737.0,0.172
6738.0,0.172
6739.0,0.172
6740.0,0.129
6741.0,0.129
6742.0,0.129
6743.0,0.129
6744.0,0.129
6745.0,0.129
6746.0,0.172
6747.0,0.129
6748.0,0.172
6749.0,0.129
6750.0,0.172
6751.0,0.129
6752.0,0.129
6753.0,0.129
6754.0,0.129
6755.0,0.129
6756.0,0.129
6757.0,0.129
6758.0,0.129
6759.0,0.129
6760.0,0.129
6761.0,0.129
6762.0,0.172
6763.0,0.172
6764.0,0.172
6765.0,0.172
6766.0,0.172
6767.0,0.172
6768.0,0.172
6769.0,0.172
6770.0,0.172
6771.0,0.172
6772.0,0.172
6773.0,0.172
6774.0,0.172
6775.0,0.172
6776.0,0.172
6777.0,0.172
6778.0,0.172
6779.0,0.129
6780.0,0.129
6781.0,0.129
6782.0,0.129
6783.0,0.129
6784.0,0.129
6785.0,0.129
6786.0,0.172
6787.0,0.129
6788.0,0.129
6789.0,0.129
6790.0,0.129
6791.0,0.129
6792.0,0.129
6793.0,0.129
6794.0,0.129
6795.0,0.129
6796.0,0.129
6797.0,0.172
6798.0,0.129
6799.0,0.172
6800.0,0.129
6801.0,0.129
6802.0,0.129
6803.0,0.172
6804.0,0.172
6805.0,0.172
6806.0,0.172
6807.0,0.172
6808.0,0.172
6809.0,0.172
6810.0,0.172
6811.0,0.172
6812.0,0.172
6813.0,0.172
6814.0,0.172
6815.0,0.172
6816.0,0.172
6817.0,0.129
6818.0,0.129
6819.0,0.129
6820.0,0.129
6821.0,0.129
6822.0,0.129
6823.0,0.129
6824.0,0.129
6825.0,0.129
6826.0,0.129
6827.0,0.129
6828.0,0.129
6829.0,0.129
6830.0,0.129
6831.0,0.129
6832.0,0.129
6833.0,0.129
6834.0,0.129
6835.0,0.129
6836.0,0.129
6837.0,0.172
6838.0,0.172
6839.0,0.172
6840.0,0.172
6841.0,0.172
6842.0,0.172
6843.0,0.172
6844.0,0.172
6845.0,0.172
6846.0,0.172
6847.0,0.172
6848.0,0.172
6849.0,0.172
6850.0,0.172
6851.0,0.172
6852.0,0.129
6853.0,0.129
6854.0,0.129
6855.0,0.129
6856.0,0.172
6857.0,0.129
6858.0,0.129
6859.0,0.129
6860.0,0.129
6861.0,0.129
6862.0,0.129
6863.0,0.129
6864.0,0.129
6865.0,0.129
6866.0,0.129
6867.0,0.129
6868.0,0.129
6869.0,0.129
6870.0,0.129
6871.0,0.129
6872.0,0.129
6873.0,0.172
6874.0,0.129
6875.0,0.129
6876.0,0.129
6877.0,0.129
6878.0,0.129
6879.0,0.172
6880.0,0.172
6881.0,0.172
6882.0,0.172
6883.0,0.172
6884.0,0.172
6885.0,0.129
6886.0,0.129
6887.0,0.172
6888.0,0.172
6889.0,0.172
6890.0,0.172
6891.0,0.172
6892.0,0.129
6893.0,0.129
6894.0,0.129
6895.0,0.129
6896.0,0.129
6897.0,0.129
6898.0,0.172
6899.0,0.129
6900.0,0.129
6901.0,0.129
6902.0,0.129
6903.0,0.129
6904.0,0.129
6905.0,0.129
6906.0,0.129
6907.0,0.172
6908.0,0.129
6909.0,0.129
6910.0,0.129
6911.0,0.129
6912.0,0.129
6913.0,0.129
6914.0,0.172
6915.0,0.172
6916.0,0.172
6917.0,0.172
6918.0,0.172
6919.0,0.172
6920.0,0.129
6921.0,0.129
6922.0,0.172
6923.0,0.172
6924.0,0.172
6925.0,0.172
6926.0,0.172
6927.0,0.129
6928.0,0.172
6929.0,0.129
6930.0,0.129
6931.0,0.129
6932.0,0.172
6933.0,0.172
6934.0,0.129
6935.0,0.129
6936.0,0.129
6937.0,0.129
6938.0,0.129
6939.0,0.129
6940.0,0.129
6941.0,0.172
6942.0,0.129
6943.0,0.129
6944.0,0.172
6945.0,0.129
6946.0,0.129
6947.0,0.129
6948.0,0.129
6949.0,0.172
6950.0,0.172
6951.0,0.172
6952.0,0.129
6953.0,0.129
6954.0,0.129
6955.0,0.129
6956.0,0.172
6957.0,0.172
6958.0,0.172
6959.0,0.172
6960.0,0.172
6961.0,0.172
6962.0,0.129
6963.0,0.129
6964.0,0.129
6965.0,0.172
6966.0,0.172
6967.0,0.172
6968.0,0.129
6969.0,0.129
6970.0,0.129
6971.0,0.129
6972.0,0.129
6973.0,0.129
6974.0,0.129
6975.0,0.129
6976.0,0.129
6977.0,0.129
6978.0,0.172
6979.0,0.129
6980.0,0.129
6981.0,0.129
6982.0,0.129
6983.0,0.172
6984.0,0.129
6985.0,0.129
6986.0,0.129
6987.0,0.129
6988.0,0.129
6989.0,0.129
6990.0,0.172
6991.0,0.172
6992.0,0.172
6993.0,0.172
6994.0,0.129
6995.0,0.129
6996.0,0.129
6997.0,0.172
6998.0,0.172
6999.0,0.172
7000.0,0.172
7001.0,0.172
7002.0,0.129
7003.0,0.129
7004.0,0.129
7005.0,0.129
7006.0,0.129
7007.0,0.172
7008.0,0.129
7009.0,0.172
7010.0,0.129
7011.0,0.129
7012.0,0.172
7013.0,0.129
7014.0,0.129
7015.0,0.129
7016.0,0.129
7017.0,0.172
7018.0,0.129
7019.0,0.172
7020.0,0.129
7021.0,0.129
7022.0,0.129
7023.0,0.172
7024.0,0.172
7025.0,0.172
7026.0,0.172
7027.0,0.172
7028.0,0.172
7029.0,0.172
7030.0,0.129
7031.0,0.129
7032.0,0.172
7033.0,0.172
7034.0,0.172
7035.0,0.172
7036.0,0.129
7037.0,0.129
7038.0,0.129
7039.0,0.129
7040.0,0.129
7041.0,0.172
7042.0,0.129
7043.0,0.129
7044.0,0.129
7045.0,0.129
7046.0,0.172
7047.0,0.129
7048.0,0.129
7049.0,0.129
7050.0,0.129
7051.0,0.129
7052.0,0.129
7053.0,0.129
7054.0,0.129
7055.0,0.129
7056.0,0.129
7057.0,0.129
7058.0,0.172
7059.0,0.172
7060.0,0.172
7061.0,0.172
7062.0,0.129
7063.0,0.172
7064.0,0.172
7065.0,0.172
7066.0,0.129
7067.0,0.172
7068.0,0.172
7069.0,0.172
7070.0,0.172
7071.0,0.129
7072.0,0.172
7073.0,0.172
7074.0,0.172
7075.0,0.172
7076.0,0.172
7077.0,0.172
7078.0,0.129
7079.0,0.129
7080.0,0.129
7081.0,0.172
7082.0,0.129
7083.0,0.129
7084.0,0.129
7085.0,0.129
7086.0,0.129
7087.0,0.129
7088.0,0.172
7089.0,0.129
7090.0,0.129
7091.0,0.129
7092.0,0.129
7093.0,0.129
7094.0,0.129
7095.0,0.129
7096.0,0.129
7097.0,0.172
7098.0,0.129
7099.0,0.172
7100.0,0.172
7101.0,0.172
7102.0,0.172
7103.0,0.172
7104.0,0.172
7105.0,0.172
7106.0,0.172
7107.0,0.172
7108.0,0.172
7109.0,0.172
7110.0,0.172
7111.0,0.172
7112.0,0.172
7113.0,0.129
7114.0,0.129
7115.0,0.172
7116.0,0.172
7117.0,0.172
7118.0,0.129
7119.0,0.129
7120.0,0.172
7121.0,0.129
7122.0,0.172
7123.0,0.172
7124.0,0.172
7125.0,0.129
7126.0,0.129
7127.0,0.129
7128.0,0.129
7129.0,0.129
7130.0,0.172
7131.0,0.172
7132.0,0.172
7133.0,0.129
7134.0,0.172
7135.0,0.172
7136.0,0.172
7137.0,0.172
7138.0,0.172
7139.0,0.172
7140.0,0.172
7141.0,0.172
7142.0,0.172
7143.0,0.172
7144.0,0.172
7145.0,0.172
7146.0,0.172
7147.0,0.172
7148.0,0.172
7149.0,0.172
7150.0,0.172
7151.0,0.172
7152.0,0.172
7153.0,0.172
7154.0,0.129
7155.0,0.129
7156.0,0.129
7157.0,0.129
7158.0,0.129
7159.0,0.129
7160.0,0.129
7161.0,0.129
7162.0,0.129
7163.0,0.129
7164.0,0.129
7165.0,0.129
7166.0,0.129
7167.0,0.129
7168.0,0.129
7169.0,0.129
7170.0,0.129
7171.0,0.129
7172.0,0.129
7173.0,0.129
7174.0,0.172
7175.0,0.172
7176.0,0.172
7177.0,0.172
7178.0,0.172
7179.0,0.172
7180.0,0.172
7181.0,0.172
7182.0,0.172
7183.0,0.172
7184.0,0.172
7185.0,0.172
7186.0,0.172
7187.0,0.172
7188.0,0.172
7189.0,0.129
7190.0,0.129
7191.0,0.129
7192.0,0.129
7193.0,0.129
7194.0,0.129
7195.0,0.129
7196.0,0.129
7197.0,0.129
7198.0,0.172
7199.0,0.129
7200.0,0.129
7201.0,0.129
7202.0,0.129
7203.0,0.129
7204.0,0.129
7205.0,0.129
7206.0,0.129
7207.0,0.129
7208.0,0.129
7209.0,0.129
7210.0,0.172
7211.0,0.172
7212.0,0.172
7213.0,0.172
7214.0,0.172
7215.0,0.172
7216.0,0.172
7217.0,0.172
7218.0,0.172
7219.0,0.172
7220.0,0.172
7221.0,0.172
7222.0,0.129
7223.0,0.172
7224.0,0.129
7225.0,0.129
7226.0,0.129
7227.0,0.129
7228.0,0.129
7229.0,0.129
7230.0,0.129
7231.0,0.129
7232.0,0.172
7233.0,0.129
7234.0,0.129
7235.0,0.129
7236.0,0.129
7237.0,0.129
7238.0,0.129
7239.0,0.129
7240.0,0.129
7241.0,0.129
7242.0,0.129
7243.0,0.129
7244.0,0.172
7245.0,0.172
7246.0,0.172
7247.0,0.172
7248.0,0.172
7249.0,0.172
7250.0,0.129
7251.0,0.172
7252.0,0.172
7253.0,0.172
7254.0,0.172
7255.0,0.172
7256.0,0.172
7257.0,0.129
7258.0,0.129
7259.0,0.129
7260.0,0.129
7261.0,0.129
7262.0,0.172
7263.0,0.129
7264.0,0.129
7265.0,0.129
7266.0,0.129
7267.0,0.129
7268.0,0.129
7269.0,0.129
7270.0,0.129
7271.0,0.129
7272.0,0.129
7273.0,0.129
7274.0,0.129
7275.0,0.129
7276.0,0.129
7277.0,0.129
7278.0,0.129
7279.0,0.129
7280.0,0.172
7281.0,0.172
7282.0,0.172
7283.0,0.129
7284.0,0.129
7285.0,0.172
7286.0,0.172
7287.0,0.172
7288.0,0.172
7289.0,0.172
7290.0,0.172
7291.0,0.172
7292.0,0.129
7293.0,0.129
7294.0,0.129
7295.0,0.129
7296.0,0.172
7297.0,0.172
7298.0,0.129
7299.0,0.129
7300.0,0.129
7301.0,0.129
7302.0,0.172
7303.0,0.129
7304.0,0.129
7305.0,0.129
7306.0,0.129
7307.0,0.129
7308.0,0.172
7309.0,0.129
7310.0,0.172
7311.0,0.129
7312.0,0.129
7313.0,0.129
7314.0,0.129
7315.0,0.172
7316.0,0.129
7317.0,0.129
7318.0,0.129
7319.0,0.172
7320.0,0.172
7321.0,0.172
7322.0,0.172
7323.0,0.172
7324.0,0.172
7325.0,0.172
7326.0,0.172
7327.0,0.172
7328.0,0.172
7329.0,0.172
7330.0,0.172
7331.0,0.172
7332.0,0.172
7333.0,0.172
7334.0,0.129
7335.0,0.129
7336.0,0.129
7337.0,0.129
7338.0,0.129
7339.0,0.129
7340.0,0.129
7341.0,0.129
7342.0,0.129
7343.0,0.129
7344.0,0.129
7345.0,0.129
7346.0,0.172
7347.0,0.129
7348.0,0.129
7349.0,0.129
7350.0,0.172
7351.0,0.172
7352.0,0.129
7353.0,0.129
7354.0,0.129
7355.0,0.172
7356.0,0.172
7357.0,0.172
7358.0,0.172
7359.0,0.172
7360.0,0.172
7361.0,0.172
7362.0,0.172
7363.0,0.172
7364.0,0.172
7365.0,0.172
7366.0,0.172
7367.0,0.172
7368.0,0.172
7369.0,0.172
7370.0,0.172
7371.0,0.172
7372.0,0.172
7373.0,0.172
7374.0,0.172
7375.0,0.129
7376.0,0.129
7377.0,0.129
7378.0,0.129
7379.0,0.129
7380.0,0.129
7381.0,0.129
7382.0,0.129
7383.0,0.129
7384.0,0.172
7385.0,0.129
7386.0,0.129
7387.0,0.172
7388.0,0.129
7389.0,0.129
7390.0,0.129
7391.0,0.129
7392.0,0.129
7393.0,0.129
7394.0,0.129
7395.0,0.129
7396.0,0.172
7397.0,0.172
7398.0,0.172
7399.0,0.172
7400.0,0.172
7401.0,0.172
7402.0,0.172
7403.0,0.172
7404.0,0.172
7405.0,0.172
7406.0,0.172
7407.0,0.172
7408.0,0.172
7409.0,0.172
7410.0,0.172
7411.0,0.172
7412.0,0.172
7413.0,0.129
7414.0,0.129
7415.0,0.129
7416.0,0.129
7417.0,0.129
7418.0,0.129
7419.0,0.129
7420.0,0.172
7421.0,0.129
7422.0,0.129
7423.0,0.129
7424.0,0.129
7425.0,0.129
7426.0,0.129
7427.0,0.129
7428.0,0.172
7429.0,0.129
7430.0,0.129
7431.0,0.129
7432.0,0.172
7433.0,0.129
7434.0,0.172
7435.0,0.129
7436.0,0.129
7437.0,0.172
7438.0,0.172
7439.0,0.172
7440.0,0.172
7441.0,0.172
7442.0,0.172
7443.0,0.172
7444.0,0.172
7445.0,0.172
7446.0,0.172
7447.0,0.172
7448.0,0.172
7449.0,0.129
7450.0,0.129
7451.0,0.129
7452.0,0.129
7453.0,0.129
7454.0,0.129
7455.0,0.129
7456.0,0.129
7457.0,0.129
7458.0,0.129
7459.0,0.129
7460.0,0.129
7461.0,0.129
7462.0,0.129
7463.0,0.129
7464.0,0.129
7465.0,0.129
7466.0,0.129
7467.0,0.172
7468.0,0.129
7469.0,0.172
7470.0,0.129
7471.0,0.129
7472.0,0.129
7473.0,0.172
7474.0,0.172
7475.0,0.172
7476.0,0.172
7477.0,0.172
7478.0,0.129
7479.0,0.172
7480.0,0.172
7481.0,0.172
7482.0,0.172
7483.0,0.172
7484.0,0.172
7485.0,0.129
7486.0,0.129
7487.0,0.129
7488.0,0.129
7489.0,0.129
7490.0,0.129
7491.0,0.129
7492.0,0.129
7493.0,0.129
7494.0,0.129
7495.0,0.129
7496.0,0.172
7497.0,0.172
7498.0,0.129
7499.0,0.129
7500.0,0.129
7501.0,0.129
7502.0,0.129
7503.0,0.129
7504.0,0.129
7505.0,0.129
7506.0,0.129
7507.0,0.172
7508.0,0.172
7509.0,0.172
7510.0,0.172
7511.0,0.172
7512.0,0.172
7513.0,0.129
7514.0,0.172
7515.0,0.172
7516.0,0.172
7517.0,0.172
7518.0,0.172
7519.0,0.172
7520.0,0.129
7521.0,0.129
7522.0,0.129
7523.0,0.129
7524.0,0.129
7525.0,0.129
7526.0,0.129
7527.0,0.129
7528.0,0.129
7529.0,0.129
7530.0,0.129
7531.0,0.129
7532.0,0.129
7533.0,0.129
7534.0,0.129
7535.0,0.129
7536.0,0.129
7537.0,0.129
7538.0,0.129
7539.0,0.129
7540.0,0.129
7541.0,0.172
7542.0,0.172
7543.0,0.172
7544.0,0.129
7545.0,0.129
7546.0,0.172
7547.0,0.129
7548.0,0.172
7549.0,0.172
7550.0,0.172
7551.0,0.172
7552.0,0.172
7553.0,0.172
7554.0,0.172
7555.0,0.129
7556.0,0.129
7557.0,0.172
7558.0,0.172
7559.0,0.172
7560.0,0.129
7561.0,0.129
7562.0,0.129
7563.0,0.129
7564.0,0.129
7565.0,0.129
7566.0,0.129
7567.0,0.129
7568.0,0.129
7569.0,0.129
7570.0,0.129
7571.0,0.129
7572.0,0.172
7573.0,0.129
7574.0,0.129
7575.0,0.129
7576.0,0.129
7577.0,0.172
7578.0,0.129
7579.0,0.129
7580.0,0.129
7581.0,0.172
7582.0,0.172
7583.0,0.172
7584.0,0.172
7585.0,0.172
7586.0,0.172
7587.0,0.172
7588.0,0.172
7589.0,0.172
7590.0,0.172
7591.0,0.172
7592.0,0.172
7593.0,0.172
7594.0,0.129
7595.0,0.172
7596.0,0.129
7597.0,0.129
7598.0,0.129
7599.0,0.129
7600.0,0.129
7601.0,0.129
7602.0,0.129
7603.0,0.129
7604.0,0.172
7605.0,0.172
7606.0,0.172
7607.0,0.129
7608.0,0.129
7609.0,0.129
7610.0,0.129
7611.0,0.129
7612.0,0.129
7613.0,0.172
7614.0,0.129
7615.0,0.172
7616.0,0.172
7617.0,0.172
7618.0,0.172
7619.0,0.172
7620.0,0.172
7621.0,0.172
7622.0,0.172
7623.0,0.172
7624.0,0.172
7625.0,0.172
7626.0,0.172
7627.0,0.172
7628.0,0.172
7629.0,0.172
7630.0,0.129
7631.0,0.129
7632.0,0.129
7633.0,0.129
7634.0,0.129
7635.0,0.129
7636.0,0.129
7637.0,0.129
7638.0,0.129
7639.0,0.129
7640.0,0.172
7641.0,0.129
7642.0,0.172
7643.0,0.129
7644.0,0.129
7645.0,0.129
7646.0,0.129
7647.0,0.129
7648.0,0.129
7649.0,0.129
7650.0,0.129
7651.0,0.129
7652.0,0.129
7653.0,0.172
7654.0,0.172
7655.0,0.172
7656.0,0.129
7657.0,0.172
7658.0,0.172
7659.0,0.172
7660.0,0.172
7661.0,0.172
7662.0,0.172
7663.0,0.172
7664.0,0.172
7665.0,0.172
7666.0,0.172
7667.0,0.172
7668.0,0.172
7669.0,0.172
7670.0,0.129
7671.0,0.129
7672.0,0.129
7673.0,0.129
7674.0,0.172
7675.0,0.129
7676.0,0.129
7677.0,0.129
7678.0,0.129
7679.0,0.129
7680.0,0.129
7681.0,0.129
7682.0,0.129
7683.0,0.129
7684.0,0.129
7685.0,0.129
7686.0,0.129
7687.0,0.129
7688.0,0.129
7689.0,0.129
7690.0,0.129
7691.0,0.129
7692.0,0.129
7693.0,0.172
7694.0,0.172
7695.0,0.172
7696.0,0.172
7697.0,0.172
7698.0,0.129
7699.0,0.172
7700.0,0.129
7701.0,0.172
7702.0,0.172
7703.0,0.172
7704.0,0.172
7705.0,0.172
7706.0,0.129
7707.0,0.129
7708.0,0.129
7709.0,0.129
7710.0,0.129
7711.0,0.129
7712.0,0.129
7713.0,0.129
7714.0,0.129
7715.0,0.129
7716.0,0.129
7717.0,0.129
7718.0,0.129
7719.0,0.129
7720.0,0.129
7721.0,0.129
7722.0,0.129
7723.0,0.129
7724.0,0.129
7725.0,0.129
7726.0,0.129
7727.0,0.129
7728.0,0.172
7729.0,0.172
7730.0,0.172
7731.0,0.129
7732.0,0.129
7733.0,0.172
7734.0,0.172
7735.0,0.172
7736.0,0.172
7737.0,0.172
7738.0,0.172
7739.0,0.172
7740.0,0.172
7741.0,0.129
7742.0,0.129
7743.0,0.129
7744.0,0.129
7745.0,0.172
7746.0,0.129
7747.0,0.129
7748.0,0.129
7749.0,0.129
7750.0,0.129
7751.0,0.129
7752.0,0.129
7753.0,0.129
7754.0,0.129
7755.0,0.129
7756.0,0.129
7757.0,0.129
7758.0,0.129
7759.0,0.129
7760.0,0.129
7761.0,0.129
7762.0,0.129
7763.0,0.129
7764.0,0.129
7765.0,0.172
7766.0,0.172
7767.0,0.172
7768.0,0.129
7769.0,0.129
7770.0,0.172
7771.0,0.172
7772.0,0.172
7773.0,0.172
7774.0,0.172
7775.0,0.172
7776.0,0.172
7777.0,0.172
7778.0,0.172
7779.0,0.172
7780.0,0.172
7781.0,0.172
7782.0,0.129
7783.0,0.129
7784.0,0.129
7785.0,0.129
7786.0,0.129
7787.0,0.129
7788.0,0.129
7789.0,0.129
7790.0,0.129
7791.0,0.129
7792.0,0.129
7793.0,0.129
7794.0,0.129
7795.0,0.129
7796.0,0.129
7797.0,0.129
7798.0,0.129
7799.0,0.129
7800.0,0.129
7801.0,0.129
7802.0,0.129
7803.0,0.172
7804.0,0.172
7805.0,0.172
7806.0,0.172
7807.0,0.172
7808.0,0.172
7809.0,0.172
7810.0,0.172
7811.0,0.172
7812.0,0.172
7813.0,0.172
7814.0,0.172
7815.0,0.172
7816.0,0.129
7817.0,0.129
7818.0,0.129
7819.0,0.129
7820.0,0.129
7821.0,0.172
7822.0,0.129
7823.0,0.129
7824.0,0.129
7825.0,0.129
7826.0,0.172
7827.0,0.129
7828.0,0.129
7829.0,0.129
7830.0,0.129
7831.0,0.129
7832.0,0.129
7833.0,0.129
7834.0,0.129
7835.0,0.129
7836.0,0.129
7837.0,0.129
7838.0,0.129
7839.0,0.172
7840.0,0.172
7841.0,0.172
7842.0,0.172
7843.0,0.172
7844.0,0.172
7845.0,0.172
7846.0,0.172
7847.0,0.172
7848.0,0.172
7849.0,0.172
7850.0,0.172
7851.0,0.172
7852.0,0.129
7853.0,0.129
7854.0,0.129
7855.0,0.172
7856.0,0.129
7857.0,0.129
7858.0,0.129
7859.0,0.129
7860.0,0.129
7861.0,0.129
7862.0,0.129
7863.0,0.129
7864.0,0.129
7865.0,0.129
7866.0,0.129
7867.0,0.129
7868.0,0.129
7869.0,0.129
7870.0,0.129
7871.0,0.129
7872.0,0.129
7873.0,0.172
7874.0,0.172
7875.0,0.172
7876.0,0.129
7877.0,0.172
7878.0,0.172
7879.0,0.172
7880.0,0.172
7881.0,0.172
7882.0,0.172
7883.0,0.172
7884.0,0.172
7885.0,0.172
7886.0,0.172
7887.0,0.172
7888.0,0.172
7889.0,0.172
7890.0,0.172
7891.0,0.172
7892.0,0.129
7893.0,0.129
7894.0,0.129
7895.0,0.129
7896.0,0.129
7897.0,0.129
7898.0,0.129
7899.0,0.129
7900.0,0.129
7901.0,0.129
7902.0,0.129
7903.0,0.172
7904.0,0.129
7905.0,0.129
7906.0,0.129
7907.0,0.129
7908.0,0.129
7909.0,0.129
7910.0,0.129
7911.0,0.129
7912.0,0.129
7913.0,0.129
7914.0,0.172
7915.0,0.172
7916.0,0.172
7917.0,0.172
7918.0,0.172
7919.0,0.172
7920.0,0.172
7921.0,0.172
7922.0,0.172
7923.0,0.129
7924.0,0.172
7925.0,0.172
7926.0,0.172
7927.0,0.129
7928.0,0.129
7929.0,0.129
7930.0,0.129
7931.0,0.129
7932.0,0.129
7933.0,0.129
7934.0,0.129
7935.0,0.129
7936.0,0.172
7937.0,0.172
7938.0,0.172
7939.0,0.129
7940.0,0.129
7941.0,0.129
7942.0,0.129
7943.0,0.129
7944.0,0.129
7945.0,0.129
7946.0,0.129
7947.0,0.129
7948.0,0.129
7949.0,0.172
7950.0,0.172
7951.0,0.172
7952.0,0.172
7953.0,0.172
7954.0,0.172
7955.0,0.172
7956.0,0.172
7957.0,0.172
7958.0,0.172
7959.0,0.172
7960.0,0.172
7961.0,0.172
7962.0,0.129
7963.0,0.172
7964.0,0.129
7965.0,0.129
7966.0,0.129
7967.0,0.172
7968.0,0.129
7969.0,0.129
7970.0,0.129
7971.0,0.129
7972.0,0.129
7973.0,0.129
7974.0,0.129
7975.0,0.129
7976.0,0.129
7977.0,0.129
7978.0,0.129
7979.0,0.129
7980.0,0.129
7981.0,0.129
7982.0,0.129
7983.0,0.129
7984.0,0.172
7985.0,0.129
7986.0,0.172
7987.0,0.172
7988.0,0.129
7989.0,0.172
7990.0,0.172
7991.0,0.172
7992.0,0.172
7993.0,0.172
7994.0,0.172
7995.0,0.129
7996.0,0.129
7997.0,0.172
7998.0,0.172
7999.0,0.172
8000.0,0.172
8001.0,0.172
8002.0,0.172
8003.0,0.129
8004.0,0.129
8005.0,0.129
8006.0,0.129
8007.0,0.129
8008.0,0.129
8009.0,0.129
8010.0,0.129
8011.0,0.129
8012.0,0.129
8013.0,0.129
8014.0,0.172
8015.0,0.129
8016.0,0.129
8017.0,0.129
8018.0,0.129
8019.0,0.129
8020.0,0.129
8021.0,0.129
8022.0,0.129
8023.0,0.172
8024.0,0.172
8025.0,0.172
8026.0,0.172
8027.0,0.172
8028.0,0.172
8029.0,0.129
8030.0,0.129
8031.0,0.172
8032.0,0.172
8033.0,0.172
8034.0,0.172
8035.0,0.172
8036.0,0.172
8037.0,0.172
8038.0,0.129
8039.0,0.129
8040.0,0.129
8041.0,0.172
8042.0,0.172
8043.0,0.129
8044.0,0.129
8045.0,0.129
8046.0,0.129
8047.0,0.129
8048.0,0.129
8049.0,0.129
8050.0,0.129
8051.0,0.129
8052.0,0.129
8053.0,0.129
8054.0,0.172
8055.0,0.172
8056.0,0.129
8057.0,0.129
8058.0,0.129
8059.0,0.172
8060.0,0.172
8061.0,0.172
8062.0,0.129
8063.0,0.129
8064.0,0.129
8065.0,0.129
8066.0,0.129
8067.0,0.172
8068.0,0.172
8069.0,0.172
8070.0,0.172
8071.0,0.172
8072.0,0.172
8073.0,0.172
8074.0,0.172
8075.0,0.172
8076.0,0.172
8077.0,0.129
8078.0,0.129
8079.0,0.129
8080.0,0.129
8081.0,0.129
8082.0,0.129
8083.0,0.129
8084.0,0.129
8085.0,0.172
8086.0,0.129
8087.0,0.129
8088.0,0.129
8089.0,0.129
8090.0,0.172
8091.0,0.129
8092.0,0.129
8093.0,0.129
8094.0,0.129
8095.0,0.129
8096.0,0.129
8097.0,0.129
8098.0,0.129
8099.0,0.129
8100.0,0.172
8101.0,0.172
8102.0,0.172
8103.0,0.172
8104.0,0.129
8105.0,0.172
8106.0,0.129
8107.0,0.172
8108.0,0.172
8109.0,0.172
8110.0,0.172
8111.0,0.172
8112.0,0.172
8113.0,0.129
8114.0,0.129
8115.0,0.129
8116.0,0.129
8117.0,0.129
8118.0,0.129
8119.0,0.129
8120.0,0.129
8121.0,0.129
8122.0,0.172
8123.0,0.129
8124.0,0.129
8125.0,0.129
8126.0,0.129
8127.0,0.129
8128.0,0.129
8129.0,0.129
8130.0,0.129
8131.0,0.129
8132.0,0.129
8133.0,0.129
8134.0,0.172
8135.0,0.172
8136.0,0.172
8137.0,0.172
8138.0,0.172
8139.0,0.129
8140.0,0.172
8141.0,0.172
8142.0,0.172
8143.0,0.172
8144.0,0.129
8145.0,0.172
8146.0,0.172
8147.0,0.172
8148.0,0.129
8149.0,0.172
8150.0,0.172
8151.0,0.172
8152.0,0.172
8153.0,0.129
8154.0,0.129
8155.0,0.129
8156.0,0.129
8157.0,0.129
8158.0,0.129
8159.0,0.129
8160.0,0.129
8161.0,0.129
8162.0,0.129
8163.0,0.129
8164.0,0.172
8165.0,0.129
8166.0,0.129
8167.0,0.129
8168.0,0.129
8169.0,0.129
8170.0,0.129
8171.0,0.129
8172.0,0.129
8173.0,0.129
8174.0,0.129
8175.0,0.172
8176.0,0.172
8177.0,0.172
8178.0,0.172
8179.0,0.172
8180.0,0.172
8181.0,0.172
8182.0,0.172
8183.0,0.172
8184.0,0.172
8185.0,0.172
8186.0,0.172
8187.0,0.172
8188.0,0.172
8189.0,0.129
8190.0,0.129
8191.0,0.129
8192.0,0.129
8193.0,0.129
8194.0,0.129
8195.0,0.129
8196.0,0.129
8197.0,0.129
8198.0,0.129
8199.0,0.129
8200.0,0.129
8201.0,0.129
8202.0,0.172
8203.0,0.129
8204.0,0.172
8205.0,0.129
8206.0,0.129
8207.0,0.129
8208.0,0.129
8209.0,0.129
8210.0,0.129
8211.0,0.172
8212.0,0.172
8213.0,0.172
8214.0,0.172
8215.0,0.172
8216.0,0.172
8217.0,0.172
8218.0,0.129
8219.0,0.172
8220.0,0.129
8221.0,0.172
8222.0,0.172
8223.0,0.172
8224.0,0.129
8225.0,0.172
8226.0,0.172
8227.0,0.129
8228.0,0.172
8229.0,0.129
8230.0,0.129
8231.0,0.129
8232.0,0.129
8233.0,0.129
8234.0,0.172
8235.0,0.129
8236.0,0.129
8237.0,0.129
8238.0,0.129
8239.0,0.129
8240.0,0.129
8241.0,0.129
8242.0,0.129
8243.0,0.129
8244.0,0.129
8245.0,0.129
8246.0,0.129
8247.0,0.129
8248.0,0.129
8249.0,0.129
8250.0,0.129
8251.0,0.172
8252.0,0.172
8253.0,0.172
8254.0,0.172
8255.0,0.172
8256.0,0.172
8257.0,0.172
8258.0,0.172
8259.0,0.172
8260.0,0.172
8261.0,0.172
8262.0,0.172
8263.0,0.172
8264.0,0.172
8265.0,0.129
8266.0,0.129
8267.0,0.129
8268.0,0.129
8269.0,0.129
8270.0,0.129
8271.0,0.129
8272.0,0.129
8273.0,0.129
8274.0,0.129
8275.0,0.129
8276.0,0.129
8277.0,0.129
8278.0,0.129
8279.0,0.129
8280.0,0.129
8281.0,0.129
8282.0,0.129
8283.0,0.129
8284.0,0.129
8285.0,0.129
8286.0,0.129
8287.0,0.172
8288.0,0.172
8289.0,0.172
8290.0,0.172
8291.0,0.172
8292.0,0.129
8293.0,0.172
8294.0,0.172
8295.0,0.172
8296.0,0.172
8297.0,0.172
8298.0,0.172
8299.0,0.172
8300.0,0.129
8301.0,0.129
8302.0,0.129
8303.0,0.129
8304.0,0.129
8305.0,0.129
8306.0,0.129
8307.0,0.129
8308.0,0.129
8309.0,0.129
8310.0,0.129
8311.0,0.129
8312.0,0.129
8313.0,0.129
8314.0,0.129
8315.0,0.129
8316.0,0.129
8317.0,0.129
8318.0,0.129
8319.0,0.129
8320.0,0.129
8321.0,0.129
8322.0,0.129
8323.0,0.172
8324.0,0.129
8325.0,0.129
8326.0,0.172
8327.0,0.172
8328.0,0.129
8329.0,0.172
8330.0,0.172
8331.0,0.172
8332.0,0.172
8333.0,0.172
8334.0,0.172
8335.0,0.129
8336.0,0.129
8337.0,0.129
8338.0,0.129
8339.0,0.172
8340.0,0.129
8341.0,0.129
8342.0,0.129
8343.0,0.129
8344.0,0.129
8345.0,0.129
8346.0,0.129
8347.0,0.129
8348.0,0.129
8349.0,0.129
8350.0,0.129
8351.0,0.129
8352.0,0.129
8353.0,0.129
8354.0,0.129
8355.0,0.129
8356.0,0.172
8357.0,0.172
8358.0,0.172
8359.0,0.172
8360.0,0.129
8361.0,0.172
8362.0,0.129
8363.0,0.172
8364.0,0.172
8365.0,0.172
8366.0,0.172
8367.0,0.172
8368.0,0.172
8369.0,0.172
8370.0,0.129
8371.0,0.172
8372.0,0.129
8373.0,0.129
8374.0,0.129
8375.0,0.129
8376.0,0.129
8377.0,0.129
8378.0,0.129
8379.0,0.129
8380.0,0.129
8381.0,0.129
8382.0,0.129
8383.0,0.129
8384.0,0.129
8385.0,0.129
8386.0,0.129
8387.0,0.129
8388.0,0.129
8389.0,0.129
8390.0,0.129
8391.0,0.172
8392.0,0.172
8393.0,0.172
8394.0,0.129
8395.0,0.129
8396.0,0.172
8397.0,0.172
8398.0,0.172
8399.0,0.172
8400.0,0.172
8401.0,0.172
8402.0,0.172
8403.0,0.172
8404.0,0.172
8405.0,0.172
8406.0,0.172
8407.0,0.172
8408.0,0.172
8409.0,0.172
8410.0,0.129
8411.0,0.129
8412.0,0.129
8413.0,0.129
8414.0,0.129
8415.0,0.129
8416.0,0.129
8417.0,0.129
8418.0,0.129
8419.0,0.129
8420.0,0.129
8421.0,0.172
8422.0,0.172
8423.0,0.129
8424.0,0.129
8425.0,0.129
8426.0,0.129
8427.0,0.129
8428.0,0.129
8429.0,0.129
8430.0,0.129
8431.0,0.172
8432.0,0.172
8433.0,0.172
8434.0,0.172
8435.0,0.172
8436.0,0.172
8437.0,0.172
8438.0,0.172
8439.0,0.172
8440.0,0.129
8441.0,0.129
8442.0,0.172
8443.0,0.172
8444.0,0.172
8445.0,0.172
8446.0,0.129
8447.0,0.129
8448.0,0.129
8449.0,0.172
8450.0,0.129
8451.0,0.129
8452.0,0.129
8453.0,0.129
8454.0,0.129
8455.0,0.129
8456.0,0.129
8457.0,0.129
8458.0,0.129
8459.0,0.129
8460.0,0.129
8461.0,0.129
8462.0,0.172
8463.0,0.129
8464.0,0.129
8465.0,0.129
8466.0,0.129
8467.0,0.172
8468.0,0.172
8469.0,0.129
8470.0,0.129
8471.0,0.129
8472.0,0.129
8473.0,0.172
8474.0,0.172
8475.0,0.172
8476.0,0.129
8477.0,0.172
8478.0,0.172
8479.0,0.172
8480.0,0.172
8481.0,0.172
8482.0,0.172
8483.0,0.172
8484.0,0.172
8485.0,0.172
8486.0,0.172
8487.0,0.129
8488.0,0.129
8489.0,0.129
8490.0,0.129
8491.0,0.129
8492.0,0.129
8493.0,0.129
8494.0,0.129
8495.0,0.129
8496.0,0.172
8497.0,0.129
8498.0,0.129
8499.0,0.129
8500.0,0.129
8501.0,0.129
8502.0,0.129
8503.0,0.129
8504.0,0.129
8505.0,0.129
8506.0,0.129
8507.0,0.129
8508.0,0.172
8509.0,0.172
8510.0,0.129
8511.0,0.172
8512.0,0.129
8513.0,0.129
8514.0,0.129
8515.0,0.172
8516.0,0.172
8517.0,0.172
8518.0,0.172
8519.0,0.172
8520.0,0.172
8521.0,0.129
8522.0,0.129
8523.0,0.172
8524.0,0.172
8525.0,0.172
8526.0,0.172
8527.0,0.172
8528.0,0.129
8529.0,0.129
8530.0,0.172
8531.0,0.129
8532.0,0.129
8533.0,0.129
