time_ms,diameter_mm
0.0,1.892
1.0,1.8489999999999998
2.0,1.8489999999999998
3.0,1.8489999999999998
4.0,1.8489999999999998
5.0,1.8059999999999998
6.0,1.8059999999999998
7.0,1.763
8.0,1.8059999999999998
9.0,1.8059999999999998
10.0,1.8059999999999998
11.0,1.763
12.0,1.8059999999999998
13.0,1.763
14.0,1.763
15.0,1.763
16.0,1.7199999999999998
17.0,1.763
18.0,1.7199999999999998
19.0,1.7199999999999998
20.0,1.7199999999999998
21.0,1.7199999999999998
22.0,1.6769999999999998
23.0,1.6769999999999998
24.0,1.6769999999999998
25.0,1.6769999999999998
26.0,1.6769999999999998
27.0,1.6769999999999998
28.0,1.6769999999999998
29.0,1.634
30.0,1.6769999999999998
31.0,1.634
32.0,1.634
33.0,1.591
34.0,1.634
35.0,1.591
36.0,1.591
37.0,1.591
38.0,1.591
39.0,1.591
40.0,1.591
41.0,1.591
42.0,1.591
43.0,1.591
44.0,1.591
45.0,1.591
46.0,1.5479999999999998
47.0,1.5479999999999998
48.0,1.5479999999999998
49.0,1.5479999999999998
50.0,1.5479999999999998
51.0,1.5479999999999998
52.0,1.5479999999999998
53.0,1.5479999999999998
54.0,1.5479999999999998
55.0,1.5479999999999998
56.0,1.5479999999999998
57.0,1.5479999999999998
58.0,1.505
59.0,1.5479999999999998
60.0,1.505
61.0,1.505
62.0,1.505
63.0,1.505
64.0,1.505
65.0,1.505
66.0,1.505
67.0,1.505
68.0,1.462
69.0,1.462
70.0,1.505
71.0,1.462
72.0,1.462
73.0,1.462
74.0,1.462
75.0,1.462
76.0,1.462
77.0,1.462
78.0,1.462
79.0,1.462
80.0,1.462
81.0,1.462
82.0,1.462
83.0,1.4189999999999998
84.0,1.4189999999999998
85.0,1.462
86.0,1.462
87.0,1.4189999999999998
88.0,1.4189999999999998
89.0,1.4189999999999998
90.0,1.462
91.0,1.4189999999999998
92.0,1.4189999999999998
93.0,1.462
94.0,1.462
95.0,1.4189999999999998
96.0,1.4189999999999998
97.0,1.4189999999999998
98.0,1.4189999999999998
99.0,1.4189999999999998
100.0,1.4189999999999998
101.0,1.4189999999999998
102.0,1.4189999999999998
103.0,1.4189999999999998
104.0,1.4189999999999998
105.0,1.376
106.0,1.4189999999999998
107.0,1.376
108.0,1.4189999999999998
109.0,1.376
110.0,1.4189999999999998
111.0,1.376
112.0,1.376
113.0,1.376
114.0,1.376
115.0,1.376
116.0,1.4189999999999998
117.0,1.376
118.0,1.376
119.0,1.376
120.0,1.376
121.0,1.376
122.0,1.376
123.0,1.376
124.0,1.376
125.0,1.376
126.0,1.376
127.0,1.376
128.0,1.376
129.0,1.376
130.0,1.376
131.0,1.376
132.0,1.333
133.0,1.333
134.0,1.376
135.0,1.333
136.0,1.376
137.0,1.376
138.0,1.333
139.0,1.333
140.0,1.333
141.0,1.333
142.0,1.333
143.0,1.333
144.0,1.376
145.0,1.333
146.0,1.333
147.0,1.333
148.0,1.333
149.0,1.376
150.0,1.333
151.0,1.333
152.0,1.333
153.0,1.333
154.0,1.333
155.0,1.333
156.0,1.333
157.0,1.333
158.0,1.333
159.0,1.333
160.0,1.333
161.0,1.333
162.0,1.333
163.0,1.2899999999999998
164.0,1.333
165.0,1.333
166.0,1.333
167.0,1.333
168.0,1.376
169.0,1.376
170.0,1.333
171.0,1.333
172.0,1.333
173.0,1.333
174.0,1.333
175.0,1.333
176.0,1.333
177.0,1.333
178.0,1.333
179.0,1.333
180.0,1.333
181.0,1.333
182.0,1.333
183.0,1.333
184.0,1.333
185.0,1.333
186.0,1.333
187.0,1.333
188.0,1.333
189.0,1.333
190.0,1.2899999999999998
191.0,1.2899999999999998
192.0,1.2899999999999998
193.0,1.2899999999999998
194.0,1.2899999999999998
195.0,1.2899999999999998
196.0,1.2899999999999998
197.0,1.2899999999999998
198.0,1.2899999999999998
199.0,1.333
200.0,1.2899999999999998
201.0,1.2899999999999998
202.0,1.2899999999999998
203.0,1.2899999999999998
204.0,1.2899999999999998
205.0,1.2899999999999998
206.0,1.2899999999999998
207.0,1.2899999999999998
208.0,1.2899999999999998
209.0,1.2899999999999998
210.0,1.2899999999999998
211.0,1.2899999999999998
212.0,1.2899999999999998
213.0,1.2899999999999998
214.0,1.2899999999999998
215.0,1.2899999999999998
216.0,1.2899999999999998
217.0,1.2899999999999998
218.0,1.2899999999999998
219.0,1.333
220.0,1.2899999999999998
221.0,1.2899999999999998
222.0,1.2899999999999998
223.0,1.2899999999999998
224.0,1.2899999999999998
225.0,1.2899999999999998
226.0,1.2899999999999998
227.0,1.2899999999999998
228.0,1.2899999999999998
229.0,1.2899999999999998
230.0,1.2899999999999998
231.0,1.2899999999999998
232.0,1.2469999999999999
233.0,1.2899999999999998
234.0,1.2899999999999998
235.0,1.2899999999999998
236.0,1.2899999999999998
237.0,1.2899999999999998
238.0,1.2899999999999998
239.0,1.2899999999999998
240.0,1.2899999999999998
241.0,1.2899999999999998
242.0,1.2899999999999998
243.0,1.2899999999999998
244.0,1.2899999999999998
245.0,1.2899999999999998
246.0,1.2469999999999999
247.0,1.2899999999999998
248.0,1.2899999999999998
249.0,1.2899999999999998
250.0,1.2899999999999998
251.0,1.2899999999999998
252.0,1.2899999999999998
253.0,1.2899999999999998
254.0,1.2899999999999998
255.0,1.2469999999999999
256.0,1.2899999999999998
257.0,1.2899999999999998
258.0,1.2899999999999998
259.0,1.2899999999999998
260.0,1.2469999999999999
261.0,1.2899999999999998
262.0,1.2469999999999999
263.0,1.2899999999999998
264.0,1.2899999999999998
265.0,1.2469999999999999
266.0,1.2469999999999999
267.0,1.2469999999999999
268.0,1.2899999999999998
269.0,1.2469999999999999
270.0,1.2469999999999999
271.0,1.2899999999999998
272.0,1.2469999999999999
273.0,1.2469999999999999
274.0,1.2899999999999998
275.0,1.2899999999999998
276.0,1.2899999999999998
277.0,1.2469999999999999
278.0,1.2899999999999998
279.0,1.2469999999999999
280.0,1.2899999999999998
281.0,1.2899999999999998
282.0,1.2899999999999998
283.0,1.2899999999999998
284.0,1.2899999999999998
285.0,1.2899999999999998
286.0,1.2899999999999998
287.0,1.2469999999999999
288.0,1.2899999999999998
289.0,1.2469999999999999
290.0,1.2899999999999998
291.0,1.2469999999999999
292.0,1.2469999999999999
293.0,1.2469999999999999
294.0,1.2899999999999998
295.0,1.2469999999999999
296.0,1.2469999999999999
297.0,1.2469999999999999
298.0,1.2469999999999999
299.0,1.2469999999999999
300.0,1.2469999999999999
301.0,1.2469999999999999
302.0,1.2469999999999999
303.0,1.2469999999999999
304.0,1.2469999999999999
305.0,1.2469999999999999
306.0,1.2469999999999999
307.0,1.2469999999999999
308.0,1.2469999999999999
309.0,1.2469999999999999
310.0,1.2469999999999999
311.0,1.2469999999999999
312.0,1.2469999999999999
313.0,1.2469999999999999
314.0,1.2469999999999999
315.0,1.2469999999999999
316.0,1.2469999999999999
317.0,1.2469999999999999
318.0,1.2469999999999999
319.0,1.2469999999999999
320.0,1.2469999999999999
321.0,1.2469999999999999
322.0,1.2469999999999999
323.0,1.2469999999999999
324.0,1.2469999999999999
325.0,1.2469999999999999
326.0,1.2469999999999999
327.0,1.2469999999999999
328.0,1.2899999999999998
329.0,1.2469999999999999
330.0,1.2469999999999999
331.0,1.2469999999999999
332.0,1.2469999999999999
333.0,1.2469999999999999
334.0,1.2469999999999999
335.0,1.2469999999999999
336.0,1.2469999999999999
337.0,1.2469999999999999
338.0,1.2469999999999999
339.0,1.2469999999999999
340.0,1.2469999999999999
341.0,1.2469999999999999
342.0,1.2469999999999999
343.0,1.2469999999999999
344.0,1.2469999999999999
345.0,1.2469999999999999
346.0,1.2469999999999999
347.0,1.2469999999999999
348.0,1.2469999999999999
349.0,1.2469999999999999
350.0,1.2469999999999999
351.0,1.2469999999999999
352.0,1.2469999999999999
353.0,1.2469999999999999
354.0,1.2469999999999999
355.0,1.2469999999999999
356.0,1.2469999999999999
357.0,1.2469999999999999
358.0,1.2469999999999999
359.0,1.2469999999999999
360.0,1.2469999999999999
361.0,1.2469999999999999
362.0,1.2469999999999999
363.0,1.2469999999999999
364.0,1.2469999999999999
365.0,1.2469999999999999
366.0,1.2469999999999999
367.0,1.2469999999999999
368.0,1.2469999999999999
369.0,1.204
370.0,1.2469999999999999
371.0,1.2469999999999999
372.0,1.204
373.0,1.204
374.0,1.2469999999999999
375.0,1.2469999999999999
376.0,1.2469999999999999
377.0,1.204
378.0,1.2469999999999999
379.0,1.204
380.0,1.204
381.0,1.2469999999999999
382.0,1.204
383.0,1.204
384.0,1.2469999999999999
385.0,1.2469999999999999
386.0,1.2899999999999998
387.0,1.2469999999999999
388.0,1.204
389.0,1.204
390.0,1.204
391.0,1.2469999999999999
392.0,1.2469999999999999
393.0,1.2469999999999999
394.0,1.2469999999999999
395.0,1.2469999999999999
396.0,1.2469999999999999
397.0,1.2469999999999999
398.0,1.2469999999999999
399.0,1.2469999999999999
400.0,1.2469999999999999
401.0,1.204
402.0,1.2469999999999999
403.0,1.2469999999999999
404.0,1.2469999999999999
405.0,1.2469999999999999
406.0,1.2469999999999999
407.0,1.2469999999999999
408.0,1.204
409.0,1.204
410.0,1.204
411.0,1.2469999999999999
412.0,1.204
413.0,1.204
414.0,1.204
415.0,1.204
416.0,1.204
417.0,1.204
418.0,1.204
419.0,1.204
420.0,1.204
421.0,1.204
422.0,1.204
423.0,1.204
424.0,1.204
425.0,1.204
426.0,1.204
427.0,1.2469999999999999
428.0,1.204
429.0,1.204
430.0,1.204
431.0,1.204
432.0,1.2469999999999999
433.0,1.204
434.0,1.2469999999999999
435.0,1.2469999999999999
436.0,1.2469999999999999
437.0,1.204
438.0,1.204
439.0,1.204
440.0,1.2469999999999999
441.0,1.2469999999999999
442.0,1.2469999999999999
443.0,1.2469999999999999
444.0,1.2469999999999999
445.0,1.204
446.0,1.204
447.0,1.2469999999999999
448.0,1.204
449.0,1.204
450.0,1.204
451.0,1.204
452.0,1.204
453.0,1.204
454.0,1.204
455.0,1.204
456.0,1.204
457.0,1.204
458.0,1.204
459.0,1.204
460.0,1.204
461.0,1.204
462.0,1.204
463.0,1.204
464.0,1.204
465.0,1.204
466.0,1.204
467.0,1.204
468.0,1.2469999999999999
469.0,1.204
470.0,1.2469999999999999
471.0,1.204
472.0,1.204
473.0,1.204
474.0,1.204
475.0,1.204
476.0,1.204
477.0,1.2469999999999999
478.0,1.204
479.0,1.204
480.0,1.2469999999999999
481.0,1.204
482.0,1.204
483.0,1.204
484.0,1.204
485.0,1.204
486.0,1.204
487.0,1.204
488.0,1.204
489.0,1.204
490.0,1.204
491.0,1.204
492.0,1.204
493.0,1.204
494.0,1.204
495.0,1.204
496.0,1.204
497.0,1.204
498.0,1.204
499.0,1.204
500.0,1.204
501.0,1.204
502.0,1.204
503.0,1.204
504.0,1.204
505.0,1.204
506.0,1.204
507.0,1.204
508.0,1.204
509.0,1.204
510.0,1.204
511.0,1.204
512.0,1.204
513.0,1.204
514.0,1.204
515.0,1.204
516.0,1.204
517.0,1.204
518.0,1.204
519.0,1.204
520.0,1.204
521.0,1.204
522.0,1.204
523.0,1.204
524.0,1.204
525.0,1.1609999999999998
526.0,1.204
527.0,1.1609999999999998
528.0,1.204
529.0,1.204
530.0,1.204
531.0,1.204
532.0,1.204
533.0,1.204
534.0,1.204
535.0,1.204
536.0,1.204
537.0,1.204
538.0,1.204
539.0,1.204
540.0,1.204
541.0,1.204
542.0,1.204
543.0,1.204
544.0,1.204
545.0,1.204
546.0,1.204
547.0,1.204
548.0,1.204
549.0,1.204
550.0,1.204
551.0,1.204
552.0,1.204
553.0,1.204
554.0,1.204
555.0,1.204
556.0,1.204
557.0,1.204
558.0,1.204
559.0,1.204
560.0,1.204
561.0,1.204
562.0,1.204
563.0,1.204
564.0,1.204
565.0,1.204
566.0,1.204
567.0,1.204
568.0,1.204
569.0,1.204
570.0,1.204
571.0,1.204
572.0,1.204
573.0,1.204
574.0,1.204
575.0,1.204
576.0,1.204
577.0,1.204
578.0,1.204
579.0,1.204
580.0,1.204
581.0,1.204
582.0,1.204
583.0,1.204
584.0,1.204
585.0,1.204
586.0,1.204
587.0,1.204
588.0,1.204
589.0,1.204
590.0,1.204
591.0,1.204
592.0,1.204
593.0,1.204
594.0,1.204
595.0,1.204
596.0,1.204
597.0,1.204
598.0,1.204
599.0,1.204
600.0,1.204
601.0,1.204
602.0,1.204
603.0,1.204
604.0,1.204
605.0,1.204
606.0,1.204
607.0,1.204
608.0,1.204
609.0,1.1609999999999998
610.0,1.204
611.0,1.1609999999999998
612.0,1.204
613.0,1.204
614.0,1.204
615.0,1.1609999999999998
616.0,1.204
617.0,1.204
618.0,1.204
619.0,1.204
620.0,1.204
621.0,1.204
622.0,1.204
623.0,1.204
624.0,1.204
625.0,1.204
626.0,1.204
627.0,1.204
628.0,1.204
629.0,1.204
630.0,1.204
631.0,1.204
632.0,1.204
633.0,1.204
634.0,1.204
635.0,1.204
636.0,1.204
637.0,1.204
638.0,1.204
639.0,1.204
640.0,1.204
641.0,1.204
642.0,1.204
643.0,1.204
644.0,1.204
645.0,1.204
646.0,1.204
647.0,1.204
648.0,1.204
649.0,1.204
650.0,1.204
651.0,1.204
652.0,1.204
653.0,1.204
654.0,1.204
655.0,1.204
656.0,1.204
657.0,1.204
658.0,1.204
659.0,1.204
660.0,1.204
661.0,1.1609999999999998
662.0,1.1609999999999998
663.0,1.204
664.0,1.204
665.0,1.204
666.0,1.204
667.0,1.204
668.0,1.204
669.0,1.204
670.0,1.204
671.0,1.204
672.0,1.204
673.0,1.204
674.0,1.204
675.0,1.204
676.0,1.204
677.0,1.204
678.0,1.204
679.0,1.204
680.0,1.204
681.0,1.204
682.0,1.204
683.0,1.204
684.0,1.204
685.0,1.204
686.0,1.204
687.0,1.204
688.0,1.204
689.0,1.204
690.0,1.204
691.0,1.204
692.0,1.204
693.0,1.1609999999999998
694.0,1.204
695.0,1.204
696.0,1.204
697.0,1.1609999999999998
698.0,1.204
699.0,1.1609999999999998
700.0,1.204
701.0,1.1609999999999998
702.0,1.1609999999999998
703.0,1.1609999999999998
704.0,1.204
705.0,1.1609999999999998
706.0,1.204
707.0,1.1609999999999998
708.0,1.204
709.0,1.204
710.0,1.204
711.0,1.204
712.0,1.204
713.0,1.204
714.0,1.204
715.0,1.204
716.0,1.204
717.0,1.204
718.0,1.204
719.0,1.204
720.0,1.204
721.0,1.204
722.0,1.204
723.0,1.204
724.0,1.204
725.0,1.204
726.0,1.204
727.0,1.204
728.0,1.204
729.0,1.1609999999999998
730.0,1.204
731.0,1.204
732.0,1.204
733.0,1.204
734.0,1.204
735.0,1.204
736.0,1.204
737.0,1.204
738.0,1.204
739.0,1.1609999999999998
740.0,1.204
741.0,1.1609999999999998
742.0,1.204
743.0,1.204
744.0,1.204
745.0,1.1609999999999998
746.0,1.204
747.0,1.1609999999999998
748.0,1.204
749.0,1.1609999999999998
750.0,1.204
751.0,1.1609999999999998
752.0,1.204
753.0,1.1609999999999998
754.0,1.1609999999999998
755.0,1.204
756.0,1.204
757.0,1.1609999999999998
758.0,1.204
759.0,1.204
760.0,1.204
761.0,1.204
762.0,1.204
763.0,1.1609999999999998
764.0,1.204
765.0,1.204
766.0,1.204
767.0,1.204
768.0,1.204
769.0,1.204
770.0,1.204
771.0,1.204
772.0,1.204
773.0,1.204
774.0,1.204
775.0,1.204
776.0,1.204
777.0,1.204
778.0,1.204
779.0,1.1609999999999998
780.0,1.204
781.0,1.204
782.0,1.204
783.0,1.204
784.0,1.204
785.0,1.1609999999999998
786.0,1.204
787.0,1.1609999999999998
788.0,1.204
789.0,1.1609999999999998
790.0,1.204
791.0,1.1609999999999998
792.0,1.204
793.0,1.1609999999999998
794.0,1.204
795.0,1.1609999999999998
796.0,1.204
797.0,1.204
798.0,1.204
799.0,1.1609999999999998
800.0,1.204
801.0,1.1609999999999998
802.0,1.204
803.0,1.204
804.0,1.204
805.0,1.1609999999999998
806.0,1.204
807.0,1.204
808.0,1.204
809.0,1.204
810.0,1.204
811.0,1.1609999999999998
812.0,1.204
813.0,1.1609999999999998
814.0,1.204
815.0,1.204
816.0,1.204
817.0,1.204
818.0,1.204
819.0,1.204
820.0,1.204
821.0,1.1609999999999998
822.0,1.204
823.0,1.204
824.0,1.204
825.0,1.204
826.0,1.204
827.0,1.1609999999999998
828.0,1.204
829.0,1.204
830.0,1.204
831.0,1.1609999999999998
832.0,1.1609999999999998
833.0,1.204
834.0,1.204
835.0,1.1609999999999998
836.0,1.204
837.0,1.1609999999999998
838.0,1.204
839.0,1.1609999999999998
840.0,1.204
841.0,1.1609999999999998
842.0,1.1609999999999998
843.0,1.204
844.0,1.204
845.0,1.204
846.0,1.204
847.0,1.1609999999999998
848.0,1.204
849.0,1.204
850.0,1.204
851.0,1.204
852.0,1.204
853.0,1.204
854.0,1.204
855.0,1.204
856.0,1.204
857.0,1.204
858.0,1.204
859.0,1.204
860.0,1.204
861.0,1.1609999999999998
862.0,1.204
863.0,1.204
864.0,1.204
865.0,1.204
866.0,1.1609999999999998
867.0,1.204
868.0,1.204
869.0,1.204
870.0,1.204
871.0,1.204
872.0,1.1609999999999998
873.0,1.1609999999999998
874.0,1.204
875.0,1.1609999999999998
876.0,1.204
877.0,1.1609999999999998
878.0,1.204
879.0,1.1609999999999998
880.0,1.204
881.0,1.1609999999999998
882.0,1.204
883.0,1.1609999999999998
884.0,1.1609999999999998
885.0,1.1609999999999998
886.0,1.204
887.0,1.204
888.0,1.204
889.0,1.1609999999999998
890.0,1.204
891.0,1.204
892.0,1.204
893.0,1.1609999999999998
894.0,1.204
895.0,1.1609999999999998
896.0,1.204
897.0,1.1609999999999998
898.0,1.204
899.0,1.204
900.0,1.204
901.0,1.204
902.0,1.204
903.0,1.204
904.0,1.204
905.0,1.1609999999999998
906.0,1.1609999999999998
907.0,1.1609999999999998
908.0,1.204
909.0,1.1609999999999998
910.0,1.204
911.0,1.204
912.0,1.204
913.0,1.1609999999999998
914.0,1.204
915.0,1.1609999999999998
916.0,1.204
917.0,1.204
918.0,1.204
919.0,1.1609999999999998
920.0,1.204
921.0,1.1609999999999998
922.0,1.1609999999999998
923.0,1.1609999999999998
924.0,1.204
925.0,1.1609999999999998
926.0,1.204
927.0,1.204
928.0,1.204
929.0,1.204
930.0,1.1609999999999998
931.0,1.1609999999999998
932.0,1.1609999999999998
933.0,1.1609999999999998
934.0,1.204
935.0,1.1609999999999998
936.0,1.204
937.0,1.1609999999999998
938.0,1.204
939.0,1.204
940.0,1.204
941.0,1.1609999999999998
942.0,1.1609999999999998
943.0,1.1609999999999998
944.0,1.204
945.0,1.1609999999999998
946.0,1.204
947.0,1.1609999999999998
948.0,1.204
949.0,1.1609999999999998
950.0,1.204
951.0,1.1609999999999998
952.0,1.204
953.0,1.1609999999999998
954.0,1.204
955.0,1.1609999999999998
956.0,1.204
957.0,1.1609999999999998
958.0,1.1609999999999998
959.0,1.204
960.0,1.204
961.0,1.1609999999999998
962.0,1.204
963.0,1.1609999999999998
964.0,1.204
965.0,1.204
966.0,1.1609999999999998
967.0,1.1609999999999998
968.0,1.1609999999999998
969.0,1.1609999999999998
970.0,1.204
971.0,1.1609999999999998
972.0,1.204
973.0,1.1609999999999998
974.0,1.204
975.0,1.1609999999999998
976.0,1.1609999999999998
977.0,1.1609999999999998
978.0,1.1609999999999998
979.0,1.1609999999999998
980.0,1.204
981.0,1.1609999999999998
982.0,1.1609999999999998
983.0,1.1609999999999998
984.0,1.204
985.0,1.1609999999999998
986.0,1.204
987.0,1.1609999999999998
988.0,1.204
989.0,1.1609999999999998
990.0,1.204
991.0,1.1609999999999998
992.0,1.204
993.0,1.1609999999999998
994.0,1.204
995.0,1.204
996.0,1.204
997.0,1.204
998.0,1.204
999.0,1.204
1000.0,1.204
1001.0,1.1609999999999998
1002.0,1.204
1003.0,1.1609999999999998
1004.0,1.204
1005.0,1.1609999999999998
1006.0,1.204
1007.0,1.1609999999999998
1008.0,1.204
1009.0,1.1609999999999998
1010.0,1.204
1011.0,1.1609999999999998
1012.0,1.1609999999999998
1013.0,1.1609999999999998
1014.0,1.1609999999999998
1015.0,1.1609999999999998
1016.0,1.1609999999999998
1017.0,1.1609999999999998
1018.0,1.204
1019.0,1.1609999999999998
1020.0,1.1609999999999998
1021.0,1.1609999999999998
1022.0,1.1609999999999998
1023.0,1.1609999999999998
1024.0,1.1609999999999998
1025.0,1.1609999999999998
1026.0,1.204
1027.0,1.1609999999999998
1028.0,1.204
1029.0,1.1609999999999998
1030.0,1.204
1031.0,1.1609999999999998
1032.0,1.1609999999999998
1033.0,1.1609999999999998
1034.0,1.204
1035.0,1.1609999999999998
1036.0,1.204
1037.0,1.1609999999999998
1038.0,1.204
1039.0,1.204
1040.0,1.1609999999999998
1041.0,1.204
1042.0,1.204
1043.0,1.204
1044.0,1.204
1045.0,1.1609999999999998
1046.0,1.204
1047.0,1.1609999999999998
1048.0,1.204
1049.0,1.1609999999999998
1050.0,1.1609999999999998
1051.0,1.1609999999999998
1052.0,1.1609999999999998
1053.0,1.1609999999999998
1054.0,1.1609999999999998
1055.0,1.204
1056.0,1.204
1057.0,1.1609999999999998
1058.0,1.204
1059.0,1.1609999999999998
1060.0,1.204
1061.0,1.1609999999999998
1062.0,1.204
1063.0,1.204
1064.0,1.204
1065.0,1.1609999999999998
1066.0,1.204
1067.0,1.1609999999999998
1068.0,1.204
1069.0,1.1609999999999998
1070.0,1.204
1071.0,1.1609999999999998
1072.0,1.204
1073.0,1.204
1074.0,1.204
1075.0,1.1609999999999998
1076.0,1.1609999999999998
1077.0,1.1609999999999998
1078.0,1.204
1079.0,1.1609999999999998
1080.0,1.204
1081.0,1.1609999999999998
1082.0,1.1609999999999998
1083.0,1.204
1084.0,1.204
1085.0,1.1609999999999998
1086.0,1.204
1087.0,1.1609999999999998
1088.0,1.1609999999999998
1089.0,1.1609999999999998
1090.0,1.1609999999999998
1091.0,1.1609999999999998
1092.0,1.1609999999999998
1093.0,1.1609999999999998
1094.0,1.1609999999999998
1095.0,1.1609999999999998
1096.0,1.1609999999999998
1097.0,1.1609999999999998
1098.0,1.204
1099.0,1.1609999999999998
1100.0,1.204
1101.0,1.1609999999999998
1102.0,1.204
1103.0,1.1609999999999998
1104.0,1.1609999999999998
1105.0,1.1609999999999998
1106.0,1.204
1107.0,1.1609999999999998
1108.0,1.204
1109.0,1.204
1110.0,1.204
1111.0,1.1609999999999998
1112.0,1.204
1113.0,1.204
1114.0,1.204
1115.0,1.1609999999999998
1116.0,1.204
1117.0,1.1609999999999998
1118.0,1.204
1119.0,1.1609999999999998
1120.0,1.204
1121.0,1.204
1122.0,1.204
1123.0,1.204
1124.0,1.204
1125.0,1.1609999999999998
1126.0,1.204
1127.0,1.1609999999999998
1128.0,1.1609999999999998
1129.0,1.1609999999999998
1130.0,1.1609999999999998
1131.0,1.1609999999999998
1132.0,1.204
1133.0,1.1609999999999998
1134.0,1.1609999999999998
1135.0,1.204
1136.0,1.1609999999999998
1137.0,1.1609999999999998
1138.0,1.1609999999999998
1139.0,1.1609999999999998
1140.0,1.1609999999999998
1141.0,1.1609999999999998
1142.0,1.1609999999999998
1143.0,1.1609999999999998
1144.0,1.1609999999999998
1145.0,1.1609999999999998
1146.0,1.1609999999999998
1147.0,1.1609999999999998
1148.0,1.1609999999999998
1149.0,1.1609999999999998
1150.0,1.1609999999999998
1151.0,1.1609999999999998
1152.0,1.204
1153.0,1.1609999999999998
1154.0,1.1609999999999998
1155.0,1.1609999999999998
1156.0,1.1609999999999998
1157.0,1.1609999999999998
1158.0,1.204
1159.0,1.1609999999999998
1160.0,1.204
1161.0,1.1609999999999998
1162.0,1.1609999999999998
1163.0,1.1609999999999998
1164.0,1.1609999999999998
1165.0,1.1609999999999998
1166.0,1.204
1167.0,1.1609999999999998
1168.0,1.1609999999999998
1169.0,1.1609999999999998
1170.0,1.204
1171.0,1.1609999999999998
1172.0,1.204
1173.0,1.1609999999999998
1174.0,1.204
1175.0,1.1609999999999998
1176.0,1.1609999999999998
1177.0,1.1609999999999998
1178.0,1.1609999999999998
1179.0,1.204
1180.0,1.1609999999999998
1181.0,1.1609999999999998
1182.0,1.1609999999999998
1183.0,1.1609999999999998
1184.0,1.1609999999999998
1185.0,1.1609999999999998
1186.0,1.1609999999999998
1187.0,1.204
1188.0,1.204
1189.0,1.1609999999999998
1190.0,1.204
1191.0,1.1609999999999998
1192.0,1.1609999999999998
1193.0,1.1609999999999998
1194.0,1.204
1195.0,1.1609999999999998
1196.0,1.1609999999999998
1197.0,1.1609999999999998
1198.0,1.204
1199.0,1.1609999999999998
1200.0,1.1609999999999998
1201.0,1.1609999999999998
1202.0,1.1609999999999998
1203.0,1.1609999999999998
1204.0,1.1609999999999998
1205.0,1.1609999999999998
1206.0,1.1609999999999998
1207.0,1.1609999999999998
1208.0,1.1609999999999998
1209.0,1.1609999999999998
1210.0,1.1609999999999998
1211.0,1.1609999999999998
1212.0,1.1609999999999998
1213.0,1.1609999999999998
1214.0,1.1609999999999998
1215.0,1.1609999999999998
1216.0,1.1609999999999998
1217.0,1.1609999999999998
1218.0,1.1609999999999998
1219.0,1.1609999999999998
1220.0,1.1609999999999998
1221.0,1.1609999999999998
1222.0,1.1609999999999998
1223.0,1.1609999999999998
1224.0,1.204
1225.0,1.1609999999999998
1226.0,1.1609999999999998
1227.0,1.1609999999999998
1228.0,1.1609999999999998
1229.0,1.1609999999999998
1230.0,1.1609999999999998
1231.0,1.1609999999999998
1232.0,1.204
1233.0,1.1609999999999998
1234.0,1.1609999999999998
1235.0,1.1609999999999998
1236.0,1.204
1237.0,1.1609999999999998
1238.0,1.204
1239.0,1.1609999999999998
1240.0,1.1609999999999998
1241.0,1.1609999999999998
1242.0,1.1609999999999998
1243.0,1.1609999999999998
1244.0,1.1609999999999998
1245.0,1.1609999999999998
1246.0,1.1609999999999998
1247.0,1.1609999999999998
1248.0,1.204
1249.0,1.1609999999999998
1250.0,1.1609999999999998
1251.0,1.1609999999999998
1252.0,1.204
1253.0,1.1609999999999998
1254.0,1.1609999999999998
1255.0,1.1609999999999998
1256.0,1.1609999999999998
1257.0,1.1609999999999998
1258.0,1.1609999999999998
1259.0,1.1609999999999998
1260.0,1.1609999999999998
1261.0,1.1609999999999998
1262.0,1.204
1263.0,1.1609999999999998
1264.0,1.1609999999999998
1265.0,1.204
1266.0,1.1609999999999998
1267.0,1.1609999999999998
1268.0,1.1609999999999998
1269.0,1.1609999999999998
1270.0,1.1609999999999998
1271.0,1.1609999999999998
1272.0,1.1609999999999998
1273.0,1.204
1274.0,1.1609999999999998
1275.0,1.1609999999999998
1276.0,1.1609999999999998
1277.0,1.1609999999999998
1278.0,1.1609999999999998
1279.0,1.1609999999999998
1280.0,1.1609999999999998
1281.0,1.1609999999999998
1282.0,1.1609999999999998
1283.0,1.1609999999999998
1284.0,1.1609999999999998
1285.0,1.1609999999999998
1286.0,1.1609999999999998
1287.0,1.1609999999999998
1288.0,1.1609999999999998
1289.0,1.1609999999999998
1290.0,1.1609999999999998
1291.0,1.1609999999999998
1292.0,1.1609999999999998
1293.0,1.204
1294.0,1.204
1295.0,1.1609999999999998
1296.0,1.1609999999999998
1297.0,1.1609999999999998
1298.0,1.1609999999999998
1299.0,1.1609999999999998
1300.0,1.1609999999999998
1301.0,1.1609999999999998
1302.0,1.204
1303.0,1.1609999999999998
1304.0,1.1609999999999998
1305.0,1.1609999999999998
1306.0,1.1609999999999998
1307.0,1.1609999999999998
1308.0,1.1609999999999998
1309.0,1.1609999999999998
1310.0,1.1609999999999998
1311.0,1.1609999999999998
1312.0,1.204
1313.0,1.1609999999999998
1314.0,1.204
1315.0,1.1609999999999998
1316.0,1.1609999999999998
1317.0,1.1609999999999998
1318.0,1.1609999999999998
1319.0,1.1609999999999998
1320.0,1.1609999999999998
1321.0,1.1609999999999998
1322.0,1.1609999999999998
1323.0,1.1609999999999998
1324.0,1.1609999999999998
1325.0,1.1609999999999998
1326.0,1.1609999999999998
1327.0,1.1609999999999998
1328.0,1.1609999999999998
1329.0,1.1609999999999998
1330.0,1.1609999999999998
1331.0,1.1609999999999998
1332.0,1.204
1333.0,1.1609999999999998
1334.0,1.1609999999999998
1335.0,1.1609999999999998
1336.0,1.1609999999999998
1337.0,1.1609999999999998
1338.0,1.1609999999999998
1339.0,1.1609999999999998
1340.0,1.204
1341.0,1.1609999999999998
1342.0,1.1609999999999998
1343.0,1.1609999999999998
1344.0,1.204
1345.0,1.1609999999999998
1346.0,1.1609999999999998
1347.0,1.1609999999999998
1348.0,1.1609999999999998
1349.0,1.1609999999999998
1350.0,1.1609999999999998
1351.0,1.1609999999999998
1352.0,1.204
1353.0,1.1609999999999998
1354.0,1.1609999999999998
1355.0,1.1609999999999998
1356.0,1.1609999999999998
1357.0,1.1609999999999998
1358.0,1.1609999999999998
1359.0,1.1609999999999998
1360.0,1.1609999999999998
1361.0,1.1609999999999998
1362.0,1.1609999999999998
1363.0,1.1609999999999998
1364.0,1.1609999999999998
1365.0,1.1609999999999998
1366.0,1.1609999999999998
1367.0,1.1609999999999998
1368.0,1.1609999999999998
1369.0,1.1609999999999998
1370.0,1.204
1371.0,1.1609999999999998
1372.0,1.1609999999999998
1373.0,1.1609999999999998
1374.0,1.204
1375.0,1.1609999999999998
1376.0,1.1609999999999998
1377.0,1.1609999999999998
1378.0,1.1609999999999998
1379.0,1.1609999999999998
1380.0,1.1609999999999998
1381.0,1.1609999999999998
1382.0,1.204
1383.0,1.1609999999999998
1384.0,1.1609999999999998
1385.0,1.1609999999999998
1386.0,1.1609999999999998
1387.0,1.1609999999999998
1388.0,1.1609999999999998
1389.0,1.1609999999999998
1390.0,1.1609999999999998
1391.0,1.1609999999999998
1392.0,1.1609999999999998
1393.0,1.1609999999999998
1394.0,1.1609999999999998
1395.0,1.1609999999999998
1396.0,1.1609999999999998
1397.0,1.1609999999999998
1398.0,1.1609999999999998
1399.0,1.1609999999999998
1400.0,1.1609999999999998
1401.0,1.1609999999999998
1402.0,1.1609999999999998
1403.0,1.1609999999999998
1404.0,1.1609999999999998
1405.0,1.1609999999999998
1406.0,1.1609999999999998
1407.0,1.1609999999999998
1408.0,1.1609999999999998
1409.0,1.1609999999999998
1410.0,1.1609999999999998
1411.0,1.1609999999999998
1412.0,1.1609999999999998
1413.0,1.1609999999999998
1414.0,1.1609999999999998
1415.0,1.1609999999999998
1416.0,1.1609999999999998
1417.0,1.1609999999999998
1418.0,1.1609999999999998
1419.0,1.1609999999999998
1420.0,1.1609999999999998
1421.0,1.1609999999999998
1422.0,1.1609999999999998
1423.0,1.1609999999999998
1424.0,1.204
1425.0,1.1609999999999998
1426.0,1.204
1427.0,1.1609999999999998
1428.0,1.1609999999999998
1429.0,1.1609999999999998
1430.0,1.204
1431.0,1.1609999999999998
1432.0,1.1609999999999998
1433.0,1.1609999999999998
1434.0,1.1609999999999998
1435.0,1.1609999999999998
1436.0,1.1609999999999998
1437.0,1.1609999999999998
1438.0,1.1609999999999998
1439.0,1.1609999999999998
1440.0,1.1609999999999998
1441.0,1.1609999999999998
1442.0,1.1609999999999998
1443.0,1.1609999999999998
1444.0,1.204
1445.0,1.1609999999999998
1446.0,1.1609999999999998
1447.0,1.1609999999999998
1448.0,1.204
1449.0,1.1609999999999998
1450.0,1.1609999999999998
1451.0,1.1609999999999998
1452.0,1.204
1453.0,1.1609999999999998
1454.0,1.1609999999999998
1455.0,1.1609999999999998
1456.0,1.1609999999999998
1457.0,1.1609999999999998
1458.0,1.1609999999999998
1459.0,1.1609999999999998
1460.0,1.1609999999999998
1461.0,1.1609999999999998
1462.0,1.1609999999999998
1463.0,1.1609999999999998
1464.0,1.204
1465.0,1.1609999999999998
1466.0,1.1609999999999998
1467.0,1.1609999999999998
1468.0,1.1609999999999998
1469.0,1.1609999999999998
1470.0,1.1609999999999998
1471.0,1.1609999999999998
1472.0,1.1609999999999998
1473.0,1.1609999999999998
1474.0,1.1609999999999998
1475.0,1.1609999999999998
1476.0,1.1609999999999998
1477.0,1.1609999999999998
1478.0,1.1609999999999998
1479.0,1.1609999999999998
1480.0,1.1609999999999998
1481.0,1.1609999999999998
1482.0,1.1609999999999998
1483.0,1.1609999999999998
1484.0,1.1609999999999998
1485.0,1.1609999999999998
1486.0,1.1609999999999998
1487.0,1.1609999999999998
1488.0,1.1609999999999998
1489.0,1.1609999999999998
1490.0,1.1609999999999998
1491.0,1.1609999999999998
1492.0,1.1609999999999998
1493.0,1.1609999999999998
1494.0,1.1609999999999998
1495.0,1.1609999999999998
1496.0,1.1609999999999998
1497.0,1.1609999999999998
1498.0,1.1609999999999998
1499.0,1.1609999999999998
1500.0,1.1609999999999998
1501.0,1.1609999999999998
1502.0,1.204
1503.0,1.1609999999999998
1504.0,1.1609999999999998
1505.0,1.1609999999999998
1506.0,1.1609999999999998
1507.0,1.1609999999999998
1508.0,1.1609999999999998
1509.0,1.1609999999999998
1510.0,1.1609999999999998
1511.0,1.1609999999999998
1512.0,1.204
1513.0,1.1609999999999998
1514.0,1.1609999999999998
1515.0,1.1609999999999998
1516.0,1.1609999999999998
1517.0,1.1609999999999998
1518.0,1.1609999999999998
1519.0,1.204
1520.0,1.204
1521.0,1.1609999999999998
1522.0,1.1609999999999998
1523.0,1.1609999999999998
1524.0,1.1609999999999998
1525.0,1.1609999999999998
1526.0,1.1609999999999998
1527.0,1.1609999999999998
1528.0,1.1609999999999998
1529.0,1.1609999999999998
1530.0,1.1609999999999998
1531.0,1.1609999999999998
1532.0,1.1609999999999998
1533.0,1.1609999999999998
1534.0,1.1609999999999998
1535.0,1.1609999999999998
1536.0,1.1609999999999998
1537.0,1.1609999999999998
1538.0,1.1609999999999998
1539.0,1.1609999999999998
1540.0,1.1609999999999998
1541.0,1.1609999999999998
1542.0,1.1609999999999998
1543.0,1.1609999999999998
1544.0,1.1609999999999998
1545.0,1.1609999999999998
1546.0,1.1609999999999998
1547.0,1.1609999999999998
1548.0,1.1609999999999998
1549.0,1.1609999999999998
1550.0,1.1609999999999998
1551.0,1.1609999999999998
1552.0,1.1609999999999998
1553.0,1.1609999999999998
1554.0,1.1609999999999998
1555.0,1.1609999999999998
1556.0,1.1609999999999998
1557.0,1.1609999999999998
1558.0,1.1609999999999998
1559.0,1.1609999999999998
1560.0,1.1609999999999998
1561.0,1.1609999999999998
1562.0,1.1609999999999998
1563.0,1.1609999999999998
1564.0,1.1609999999999998
1565.0,1.1609999999999998
1566.0,1.1609999999999998
1567.0,1.1609999999999998
1568.0,1.1609999999999998
1569.0,1.1609999999999998
1570.0,1.1609999999999998
1571.0,1.1609999999999998
1572.0,1.1609999999999998
1573.0,1.1609999999999998
1574.0,1.1609999999999998
1575.0,1.1609999999999998
1576.0,1.1609999999999998
1577.0,1.1609999999999998
1578.0,1.1609999999999998
1579.0,1.1609999999999998
1580.0,1.1609999999999998
1581.0,1.1609999999999998
1582.0,1.1609999999999998
1583.0,1.1609999999999998
1584.0,1.1609999999999998
1585.0,1.1609999999999998
1586.0,1.1609999999999998
1587.0,1.1609999999999998
1588.0,1.1609999999999998
1589.0,1.1609999999999998
1590.0,1.1609999999999998
1591.0,1.1609999999999998
1592.0,1.1609999999999998
1593.0,1.1609999999999998
1594.0,1.1609999999999998
1595.0,1.1609999999999998
1596.0,1.1609999999999998
1597.0,1.1609999999999998
1598.0,1.1609999999999998
1599.0,1.1609999999999998
1600.0,1.1609999999999998
1601.0,1.1609999999999998
1602.0,1.1609999999999998
1603.0,1.1609999999999998
1604.0,1.1609999999999998
1605.0,1.1609999999999998
1606.0,1.1609999999999998
1607.0,1.1609999999999998
1608.0,1.1609999999999998
1609.0,1.1609999999999998
1610.0,1.1609999999999998
1611.0,1.1609999999999998
1612.0,1.1609999999999998
1613.0,1.1609999999999998
1614.0,1.1609999999999998
1615.0,1.1609999999999998
1616.0,1.1609999999999998
1617.0,1.1609999999999998
1618.0,1.1609999999999998
1619.0,1.1609999999999998
1620.0,1.1609999999999998
1621.0,1.1609999999999998
1622.0,1.1609999999999998
1623.0,1.1609999999999998
1624.0,1.1609999999999998
1625.0,1.1609999999999998
1626.0,1.1609999999999998
1627.0,1.1609999999999998
1628.0,1.1609999999999998
1629.0,1.1609999999999998
1630.0,1.1609999999999998
1631.0,1.1609999999999998
1632.0,1.1609999999999998
1633.0,1.1609999999999998
1634.0,1.1609999999999998
1635.0,1.1609999999999998
1636.0,1.1609999999999998
1637.0,1.1609999999999998
1638.0,1.1609999999999998
1639.0,1.1609999999999998
1640.0,1.1609999999999998
1641.0,1.1609999999999998
1642.0,1.1609999999999998
1643.0,1.1609999999999998
1644.0,1.1609999999999998
1645.0,1.1609999999999998
1646.0,1.204
1647.0,1.1609999999999998
1648.0,1.1609999999999998
1649.0,1.1609999999999998
1650.0,1.1609999999999998
1651.0,1.1609999999999998
1652.0,1.1609999999999998
1653.0,1.1609999999999998
1654.0,1.1609999999999998
1655.0,1.1609999999999998
1656.0,1.1609999999999998
1657.0,1.1609999999999998
1658.0,1.1609999999999998
1659.0,1.1609999999999998
1660.0,1.1609999999999998
1661.0,1.1609999999999998
1662.0,1.204
1663.0,1.1609999999999998
1664.0,1.204
1665.0,1.1609999999999998
1666.0,1.204
1667.0,1.1609999999999998
1668.0,1.204
1669.0,1.1609999999999998
1670.0,1.1609999999999998
1671.0,1.1179999999999999
1672.0,1.1609999999999998
1673.0,1.1609999999999998
1674.0,1.1609999999999998
1675.0,1.1609999999999998
1676.0,1.1609999999999998
1677.0,1.1609999999999998
1678.0,1.1609999999999998
1679.0,1.1609999999999998
1680.0,1.1609999999999998
1681.0,1.1609999999999998
1682.0,1.1609999999999998
1683.0,1.1609999999999998
1684.0,1.1609999999999998
1685.0,1.1609999999999998
1686.0,1.1609999999999998
1687.0,1.1609999999999998
1688.0,1.1609999999999998
1689.0,1.1609999999999998
1690.0,1.1609999999999998
1691.0,1.1609999999999998
1692.0,1.1609999999999998
1693.0,1.1609999999999998
1694.0,1.1609999999999998
1695.0,1.1609999999999998
1696.0,1.1609999999999998
1697.0,1.1609999999999998
1698.0,1.204
1699.0,1.1609999999999998
1700.0,1.1609999999999998
1701.0,1.1609999999999998
1702.0,1.1609999999999998
1703.0,1.1609999999999998
1704.0,1.1609999999999998
1705.0,1.1609999999999998
1706.0,1.1609999999999998
1707.0,1.1609999999999998
1708.0,1.1609999999999998
1709.0,1.1609999999999998
1710.0,1.1609999999999998
1711.0,1.1609999999999998
1712.0,1.1609999999999998
1713.0,1.1609999999999998
1714.0,1.1609999999999998
1715.0,1.1609999999999998
1716.0,1.1609999999999998
1717.0,1.1609999999999998
1718.0,1.1609999999999998
1719.0,1.1609999999999998
1720.0,1.1609999999999998
1721.0,1.1609999999999998
1722.0,1.1609999999999998
1723.0,1.1609999999999998
1724.0,1.1609999999999998
1725.0,1.1609999999999998
1726.0,1.1609999999999998
1727.0,1.1609999999999998
1728.0,1.1609999999999998
1729.0,1.1609999999999998
1730.0,1.204
1731.0,1.1609999999999998
1732.0,1.1609999999999998
1733.0,1.1609999999999998
1734.0,1.1609999999999998
1735.0,1.1609999999999998
1736.0,1.1609999999999998
1737.0,1.1609999999999998
1738.0,1.1609999999999998
1739.0,1.1609999999999998
1740.0,1.1609999999999998
1741.0,1.1609999999999998
1742.0,1.1609999999999998
1743.0,1.1609999999999998
1744.0,1.1609999999999998
1745.0,1.1609999999999998
1746.0,1.1609999999999998
1747.0,1.1609999999999998
1748.0,1.1609999999999998
1749.0,1.1609999999999998
1750.0,1.1609999999999998
1751.0,1.1609999999999998
1752.0,1.1609999999999998
1753.0,1.1609999999999998
1754.0,1.1609999999999998
1755.0,1.1609999999999998
1756.0,1.1609999999999998
1757.0,1.1609999999999998
1758.0,1.1609999999999998
1759.0,1.1609999999999998
1760.0,1.1609999999999998
1761.0,1.1609999999999998
1762.0,1.1609999999999998
1763.0,1.1609999999999998
1764.0,1.1609999999999998
1765.0,1.1609999999999998
1766.0,1.1609999999999998
1767.0,1.1609999999999998
1768.0,1.1609999999999998
1769.0,1.1609999999999998
1770.0,1.1609999999999998
1771.0,1.1609999999999998
1772.0,1.1609999999999998
1773.0,1.1609999999999998
1774.0,1.1609999999999998
1775.0,1.1609999999999998
1776.0,1.1609999999999998
1777.0,1.1609999999999998
1778.0,1.1609999999999998
1779.0,1.1609999999999998
1780.0,1.1609999999999998
1781.0,1.1609999999999998
1782.0,1.1609999999999998
1783.0,1.1609999999999998
1784.0,1.1609999999999998
1785.0,1.1609999999999998
1786.0,1.1609999999999998
1787.0,1.1609999999999998
1788.0,1.1609999999999998
1789.0,1.1609999999999998
1790.0,1.1609999999999998
1791.0,1.1609999999999998
1792.0,1.1609999999999998
1793.0,1.1609999999999998
1794.0,1.1609999999999998
1795.0,1.1609999999999998
1796.0,1.1609999999999998
1797.0,1.1609999999999998
1798.0,1.1609999999999998
1799.0,1.1609999999999998
1800.0,1.1609999999999998
1801.0,1.1609999999999998
1802.0,1.1609999999999998
1803.0,1.1609999999999998
1804.0,1.204
1805.0,1.1609999999999998
1806.0,1.1609999999999998
1807.0,1.1609999999999998
1808.0,1.1609999999999998
1809.0,1.1609999999999998
1810.0,1.1609999999999998
1811.0,1.1609999999999998
1812.0,1.1609999999999998
1813.0,1.1609999999999998
1814.0,1.1609999999999998
1815.0,1.1609999999999998
1816.0,1.1609999999999998
1817.0,1.1609999999999998
1818.0,1.1609999999999998
1819.0,1.1609999999999998
1820.0,1.1609999999999998
1821.0,1.1609999999999998
1822.0,1.1609999999999998
1823.0,1.1609999999999998
1824.0,1.1609999999999998
1825.0,1.1609999999999998
1826.0,1.1609999999999998
1827.0,1.1609999999999998
1828.0,1.1609999999999998
1829.0,1.1609999999999998
1830.0,1.1609999999999998
1831.0,1.1609999999999998
1832.0,1.1609999999999998
1833.0,1.1609999999999998
1834.0,1.1609999999999998
1835.0,1.1609999999999998
1836.0,1.1609999999999998
1837.0,1.1609999999999998
1838.0,1.1609999999999998
1839.0,1.1609999999999998
1840.0,1.1609999999999998
1841.0,1.1609999999999998
1842.0,1.1609999999999998
1843.0,1.1609999999999998
1844.0,1.1609999999999998
1845.0,1.1609999999999998
1846.0,1.204
1847.0,1.1609999999999998
1848.0,1.1609999999999998
1849.0,1.1609999999999998
1850.0,1.1609999999999998
1851.0,1.1609999999999998
1852.0,1.204
1853.0,1.1609999999999998
1854.0,1.1609999999999998
1855.0,1.1609999999999998
1856.0,1.1609999999999998
1857.0,1.1609999999999998
1858.0,1.1609999999999998
1859.0,1.1609999999999998
1860.0,1.1609999999999998
1861.0,1.1609999999999998
1862.0,1.1609999999999998
1863.0,1.1609999999999998
1864.0,1.1609999999999998
1865.0,1.1609999999999998
1866.0,1.1609999999999998
1867.0,1.1609999999999998
1868.0,1.1609999999999998
1869.0,1.1609999999999998
1870.0,1.1609999999999998
1871.0,1.1609999999999998
1872.0,1.1609999999999998
1873.0,1.1609999999999998
1874.0,1.1609999999999998
1875.0,1.1609999999999998
1876.0,1.1609999999999998
1877.0,1.1609999999999998
1878.0,1.1609999999999998
1879.0,1.1609999999999998
1880.0,1.1609999999999998
1881.0,1.1609999999999998
1882.0,1.1609999999999998
1883.0,1.1609999999999998
1884.0,1.1609999999999998
1885.0,1.1609999999999998
1886.0,1.1609999999999998
1887.0,1.1609999999999998
1888.0,1.1609999999999998
1889.0,1.1609999999999998
1890.0,1.1609999999999998
1891.0,1.1609999999999998
1892.0,1.1609999999999998
1893.0,1.1609999999999998
1894.0,1.1609999999999998
1895.0,1.1609999999999998
1896.0,1.1609999999999998
1897.0,1.1609999999999998
1898.0,1.1609999999999998
1899.0,1.1609999999999998
1900.0,1.1609999999999998
1901.0,1.1609999999999998
1902.0,1.1609999999999998
1903.0,1.1609999999999998
1904.0,1.1609999999999998
1905.0,1.1609999999999998
1906.0,1.1609999999999998
1907.0,1.1609999999999998
1908.0,1.1609999999999998
1909.0,1.1609999999999998
1910.0,1.1609999999999998
1911.0,1.1609999999999998
1912.0,1.1609999999999998
1913.0,1.1609999999999998
1914.0,1.1609999999999998
1915.0,1.1609999999999998
1916.0,1.1609999999999998
1917.0,1.1609999999999998
1918.0,1.1609999999999998
1919.0,1.1609999999999998
1920.0,1.1609999999999998
1921.0,1.1609999999999998
1922.0,1.1609999999999998
1923.0,1.1609999999999998
1924.0,1.1609999999999998
1925.0,1.1609999999999998
1926.0,1.1609999999999998
1927.0,1.1609999999999998
1928.0,1.1609999999999998
1929.0,1.1609999999999998
1930.0,1.1609999999999998
1931.0,1.1609999999999998
1932.0,1.1609999999999998
1933.0,1.1609999999999998
1934.0,1.1609999999999998
1935.0,1.1609999999999998
1936.0,1.1609999999999998
1937.0,1.1609999999999998
1938.0,1.1609999999999998
1939.0,1.1609999999999998
1940.0,1.1609999999999998
1941.0,1.1609999999999998
1942.0,1.1609999999999998
1943.0,1.1609999999999998
1944.0,1.1609999999999998
1945.0,1.1609999999999998
1946.0,1.1609999999999998
1947.0,1.1609999999999998
1948.0,1.1609999999999998
1949.0,1.1609999999999998
1950.0,1.1609999999999998
1951.0,1.1609999999999998
1952.0,1.1609999999999998
1953.0,1.1609999999999998
1954.0,1.1609999999999998
1955.0,1.1609999999999998
1956.0,1.1609999999999998
1957.0,1.1609999999999998
1958.0,1.1609999999999998
1959.0,1.1609999999999998
1960.0,1.1609999999999998
1961.0,1.1609999999999998
1962.0,1.1609999999999998
1963.0,1.1609999999999998
1964.0,1.1609999999999998
1965.0,1.1609999999999998
1966.0,1.1609999999999998
1967.0,1.1609999999999998
1968.0,1.1609999999999998
1969.0,1.1609999999999998
1970.0,1.1609999999999998
1971.0,1.1609999999999998
1972.0,1.1609999999999998
1973.0,1.1609999999999998
1974.0,1.1609999999999998
1975.0,1.1609999999999998
1976.0,1.1609999999999998
1977.0,1.1609999999999998
1978.0,1.1609999999999998
1979.0,1.1609999999999998
1980.0,1.1609999999999998
1981.0,1.1609999999999998
1982.0,1.1609999999999998
1983.0,1.1609999999999998
1984.0,1.1609999999999998
1985.0,1.1609999999999998
1986.0,1.1609999999999998
1987.0,1.1609999999999998
1988.0,1.1609999999999998
1989.0,1.1609999999999998
1990.0,1.1609999999999998
1991.0,1.1609999999999998
1992.0,1.1609999999999998
1993.0,1.1609999999999998
1994.0,1.1609999999999998
1995.0,1.1609999999999998
1996.0,1.1609999999999998
1997.0,1.1609999999999998
1998.0,1.1609999999999998
1999.0,1.1609999999999998
2000.0,1.1609999999999998
2001.0,1.1609999999999998
2002.0,1.1609999999999998
2003.0,1.1609999999999998
2004.0,1.1609999999999998
2005.0,1.1609999999999998
2006.0,1.1609999999999998
2007.0,1.1609999999999998
2008.0,1.1609999999999998
2009.0,1.1609999999999998
2010.0,1.1609999999999998
2011.0,1.1609999999999998
2012.0,1.1609999999999998
2013.0,1.1609999999999998
2014.0,1.1609999999999998
2015.0,1.1609999999999998
2016.0,1.1609999999999998
2017.0,1.1609999999999998
2018.0,1.1609999999999998
2019.0,1.1609999999999998
2020.0,1.1609999999999998
2021.0,1.1609999999999998
2022.0,1.1609999999999998
2023.0,1.1609999999999998
2024.0,1.1609999999999998
2025.0,1.1609999999999998
2026.0,1.1609999999999998
2027.0,1.1609999999999998
2028.0,1.1609999999999998
2029.0,1.1609999999999998
2030.0,1.1609999999999998
2031.0,1.1609999999999998
2032.0,1.1609999999999998
2033.0,1.1609999999999998
2034.0,1.1609999999999998
2035.0,1.1609999999999998
2036.0,1.1609999999999998
2037.0,1.1609999999999998
2038.0,1.1609999999999998
2039.0,1.1609999999999998
2040.0,1.1609999999999998
2041.0,1.1609999999999998
2042.0,1.1609999999999998
2043.0,1.1609999999999998
2044.0,1.1609999999999998
2045.0,1.1609999999999998
2046.0,1.1609999999999998
2047.0,1.1609999999999998
2048.0,1.1609999999999998
2049.0,1.1609999999999998
2050.0,1.1609999999999998
2051.0,1.1609999999999998
2052.0,1.1609999999999998
2053.0,1.1609999999999998
2054.0,1.1609999999999998
2055.0,1.1609999999999998
2056.0,1.1609999999999998
2057.0,1.1609999999999998
2058.0,1.1609999999999998
2059.0,1.1609999999999998
2060.0,1.1609999999999998
2061.0,1.1609999999999998
2062.0,1.1609999999999998
2063.0,1.1609999999999998
2064.0,1.1609999999999998
2065.0,1.1609999999999998
2066.0,1.1609999999999998
2067.0,1.1609999999999998
2068.0,1.1609999999999998
2069.0,1.1609999999999998
2070.0,1.1609999999999998
2071.0,1.1609999999999998
2072.0,1.1609999999999998
2073.0,1.1609999999999998
2074.0,1.1609999999999998
2075.0,1.1609999999999998
2076.0,1.1609999999999998
2077.0,1.1609999999999998
2078.0,1.1609999999999998
2079.0,1.1609999999999998
2080.0,1.1609999999999998
2081.0,1.1609999999999998
2082.0,1.1609999999999998
2083.0,1.1609999999999998
2084.0,1.1609999999999998
2085.0,1.1609999999999998
2086.0,1.1609999999999998
2087.0,1.1609999999999998
2088.0,1.1609999999999998
2089.0,1.1179999999999999
2090.0,1.1609999999999998
2091.0,1.1609999999999998
2092.0,1.1609999999999998
2093.0,1.1609999999999998
2094.0,1.1609999999999998
2095.0,1.1609999999999998
2096.0,1.1609999999999998
2097.0,1.1609999999999998
2098.0,1.1609999999999998
2099.0,1.1609999999999998
2100.0,1.1609999999999998
2101.0,1.1609999999999998
2102.0,1.1609999999999998
2103.0,1.1609999999999998
2104.0,1.1609999999999998
2105.0,1.1609999999999998
2106.0,1.1609999999999998
2107.0,1.1609999999999998
2108.0,1.1609999999999998
2109.0,1.1609999999999998
2110.0,1.1609999999999998
2111.0,1.1609999999999998
2112.0,1.1609999999999998
2113.0,1.1609999999999998
2114.0,1.1609999999999998
2115.0,1.1609999999999998
2116.0,1.1609999999999998
2117.0,1.1609999999999998
2118.0,1.1609999999999998
2119.0,1.1609999999999998
2120.0,1.1609999999999998
2121.0,1.1609999999999998
2122.0,1.1609999999999998
2123.0,1.1609999999999998
2124.0,1.1609999999999998
2125.0,1.1609999999999998
2126.0,1.1609999999999998
2127.0,1.1609999999999998
2128.0,1.1609999999999998
2129.0,1.1609999999999998
2130.0,1.1609999999999998
2131.0,1.1609999999999998
2132.0,1.1609999999999998
2133.0,1.1609999999999998
2134.0,1.1609999999999998
2135.0,1.1609999999999998
2136.0,1.1609999999999998
2137.0,1.1609999999999998
2138.0,1.1609999999999998
2139.0,1.1609999999999998
2140.0,1.1609999999999998
2141.0,1.1609999999999998
2142.0,1.1609999999999998
2143.0,1.1609999999999998
2144.0,1.1609999999999998
2145.0,1.1609999999999998
2146.0,1.1609999999999998
2147.0,1.1609999999999998
2148.0,1.1609999999999998
2149.0,1.1609999999999998
2150.0,1.1609999999999998
2151.0,1.1609999999999998
2152.0,1.1609999999999998
2153.0,1.1609999999999998
2154.0,1.1609999999999998
2155.0,1.1609999999999998
2156.0,1.1609999999999998
2157.0,1.1609999999999998
2158.0,1.1609999999999998
2159.0,1.1609999999999998
2160.0,1.1609999999999998
2161.0,1.1609999999999998
2162.0,1.1609999999999998
2163.0,1.1609999999999998
2164.0,1.1609999999999998
2165.0,1.1609999999999998
2166.0,1.1609999999999998
2167.0,1.1609999999999998
2168.0,1.1609999999999998
2169.0,1.1609999999999998
2170.0,1.1609999999999998
2171.0,1.1609999999999998
2172.0,1.1609999999999998
2173.0,1.1609999999999998
2174.0,1.1609999999999998
2175.0,1.1609999999999998
2176.0,1.1609999999999998
2177.0,1.1609999999999998
2178.0,1.1609999999999998
2179.0,1.1609999999999998
2180.0,1.1609999999999998
2181.0,1.1609999999999998
2182.0,1.1609999999999998
2183.0,1.1609999999999998
2184.0,1.1609999999999998
2185.0,1.1609999999999998
2186.0,1.1609999999999998
2187.0,1.1609999999999998
2188.0,1.1609999999999998
2189.0,1.1609999999999998
2190.0,1.1609999999999998
2191.0,1.1609999999999998
2192.0,1.1609999999999998
2193.0,1.1609999999999998
2194.0,1.1609999999999998
2195.0,1.1609999999999998
2196.0,1.1609999999999998
2197.0,1.1609999999999998
2198.0,1.1609999999999998
2199.0,1.1609999999999998
2200.0,1.1609999999999998
2201.0,1.1609999999999998
2202.0,1.1609999999999998
2203.0,1.1609999999999998
2204.0,1.1609999999999998
2205.0,1.1609999999999998
2206.0,1.1609999999999998
2207.0,1.1609999999999998
2208.0,1.1609999999999998
2209.0,1.1609999999999998
2210.0,1.1609999999999998
2211.0,1.1609999999999998
2212.0,1.1609999999999998
2213.0,1.1609999999999998
2214.0,1.1609999999999998
2215.0,1.1609999999999998
2216.0,1.1609999999999998
2217.0,1.1609999999999998
2218.0,1.1609999999999998
2219.0,1.1609999999999998
2220.0,1.1609999999999998
2221.0,1.1609999999999998
2222.0,1.1609999999999998
2223.0,1.1609999999999998
2224.0,1.1609999999999998
2225.0,1.1609999999999998
2226.0,1.1609999999999998
2227.0,1.1609999999999998
2228.0,1.1609999999999998
2229.0,1.1609999999999998
2230.0,1.1609999999999998
2231.0,1.1609999999999998
2232.0,1.1609999999999998
2233.0,1.1609999999999998
2234.0,1.1609999999999998
2235.0,1.1609999999999998
2236.0,1.1609999999999998
2237.0,1.1609999999999998
2238.0,1.1609999999999998
2239.0,1.1609999999999998
2240.0,1.1609999999999998
2241.0,1.1609999999999998
2242.0,1.1609999999999998
2243.0,1.1609999999999998
2244.0,1.1609999999999998
2245.0,1.1609999999999998
2246.0,1.1609999999999998
2247.0,1.1609999999999998
2248.0,1.1609999999999998
2249.0,1.1609999999999998
2250.0,1.1609999999999998
2251.0,1.1609999999999998
2252.0,1.1609999999999998
2253.0,1.1609999999999998
2254.0,1.1609999999999998
2255.0,1.1609999999999998
2256.0,1.1609999999999998
2257.0,1.1609999999999998
2258.0,1.1609999999999998
2259.0,1.1609999999999998
2260.0,1.1609999999999998
2261.0,1.1609999999999998
2262.0,1.1609999999999998
2263.0,1.1609999999999998
2264.0,1.1609999999999998
2265.0,1.1609999999999998
2266.0,1.1609999999999998
2267.0,1.1609999999999998
2268.0,1.1609999999999998
2269.0,1.1609999999999998
2270.0,1.1609999999999998
2271.0,1.1609999999999998
2272.0,1.1609999999999998
2273.0,1.1609999999999998
2274.0,1.1609999999999998
2275.0,1.1609999999999998
2276.0,1.1609999999999998
2277.0,1.1609999999999998
2278.0,1.1609999999999998
2279.0,1.1609999999999998
2280.0,1.1609999999999998
2281.0,1.1609999999999998
2282.0,1.1609999999999998
2283.0,1.1609999999999998
2284.0,1.1609999999999998
2285.0,1.1609999999999998
2286.0,1.1609999999999998
2287.0,1.1609999999999998
2288.0,1.1609999999999998
2289.0,1.1609999999999998
2290.0,1.1609999999999998
2291.0,1.1609999999999998
2292.0,1.1609999999999998
2293.0,1.1609999999999998
2294.0,1.1609999999999998
2295.0,1.1609999999999998
2296.0,1.1609999999999998
2297.0,1.1609999999999998
2298.0,1.1609999999999998
2299.0,1.1609999999999998
2300.0,1.1609999999999998
2301.0,1.1609999999999998
2302.0,1.1609999999999998
2303.0,1.1609999999999998
2304.0,1.1609999999999998
2305.0,1.1609999999999998
2306.0,1.1609999999999998
2307.0,1.1609999999999998
2308.0,1.1609999999999998
2309.0,1.1609999999999998
2310.0,1.1609999999999998
2311.0,1.1179999999999999
2312.0,1.1609999999999998
2313.0,1.1609999999999998
2314.0,1.1609999999999998
2315.0,1.1609999999999998
2316.0,1.1609999999999998
2317.0,1.1609999999999998
2318.0,1.1609999999999998
2319.0,1.1609999999999998
2320.0,1.1609999999999998
2321.0,1.1609999999999998
2322.0,1.1609999999999998
2323.0,1.1609999999999998
2324.0,1.1609999999999998
2325.0,1.1609999999999998
2326.0,1.1609999999999998
2327.0,1.1609999999999998
2328.0,1.1609999999999998
2329.0,1.1609999999999998
2330.0,1.1609999999999998
2331.0,1.1609999999999998
2332.0,1.1609999999999998
2333.0,1.1609999999999998
2334.0,1.1609999999999998
2335.0,1.1609999999999998
2336.0,1.1609999999999998
2337.0,1.1609999999999998
2338.0,1.1609999999999998
2339.0,1.1609999999999998
2340.0,1.1609999999999998
2341.0,1.1609999999999998
2342.0,1.1609999999999998
2343.0,1.1609999999999998
2344.0,1.1609999999999998
2345.0,1.1609999999999998
2346.0,1.1609999999999998
2347.0,1.1609999999999998
2348.0,1.1609999999999998
2349.0,1.1609999999999998
2350.0,1.1609999999999998
2351.0,1.1609999999999998
2352.0,1.1609999999999998
2353.0,1.1609999999999998
2354.0,1.1609999999999998
2355.0,1.1609999999999998
2356.0,1.1609999999999998
2357.0,1.1609999999999998
2358.0,1.1609999999999998
2359.0,1.1609999999999998
2360.0,1.1609999999999998
2361.0,1.1609999999999998
2362.0,1.1609999999999998
2363.0,1.1609999999999998
2364.0,1.1609999999999998
2365.0,1.1179999999999999
2366.0,1.1609999999999998
2367.0,1.1609999999999998
2368.0,1.1609999999999998
2369.0,1.1609999999999998
2370.0,1.1609999999999998
2371.0,1.1609999999999998
2372.0,1.1609999999999998
2373.0,1.1609999999999998
2374.0,1.1609999999999998
2375.0,1.1609999999999998
2376.0,1.1609999999999998
2377.0,1.1609999999999998
2378.0,1.1609999999999998
2379.0,1.1609999999999998
2380.0,1.1609999999999998
2381.0,1.1609999999999998
2382.0,1.1609999999999998
2383.0,1.1609999999999998
2384.0,1.1609999999999998
2385.0,1.1609999999999998
2386.0,1.1609999999999998
2387.0,1.1609999999999998
2388.0,1.1609999999999998
2389.0,1.1609999999999998
2390.0,1.1609999999999998
2391.0,1.1609999999999998
2392.0,1.1609999999999998
2393.0,1.1609999999999998
2394.0,1.1609999999999998
2395.0,1.1609999999999998
2396.0,1.1609999999999998
2397.0,1.1609999999999998
2398.0,1.1609999999999998
2399.0,1.1609999999999998
2400.0,1.1609999999999998
2401.0,1.1609999999999998
2402.0,1.1609999999999998
2403.0,1.1609999999999998
2404.0,1.1609999999999998
2405.0,1.1609999999999998
2406.0,1.1609999999999998
2407.0,1.1609999999999998
2408.0,1.1609999999999998
2409.0,1.1609999999999998
2410.0,1.1609999999999998
2411.0,1.1609999999999998
2412.0,1.1609999999999998
2413.0,1.1609999999999998
2414.0,1.1609999999999998
2415.0,1.1609999999999998
2416.0,1.1609999999999998
2417.0,1.1609999999999998
2418.0,1.1609999999999998
2419.0,1.1609999999999998
2420.0,1.1609999999999998
2421.0,1.1609999999999998
2422.0,1.1609999999999998
2423.0,1.1609999999999998
2424.0,1.1609999999999998
2425.0,1.1609999999999998
2426.0,1.1609999999999998
2427.0,1.1609999999999998
2428.0,1.1609999999999998
2429.0,1.1609999999999998
2430.0,1.1609999999999998
2431.0,1.1609999999999998
2432.0,1.1609999999999998
2433.0,1.1609999999999998
2434.0,1.1609999999999998
2435.0,1.1609999999999998
2436.0,1.1609999999999998
2437.0,1.1609999999999998
2438.0,1.1609999999999998
2439.0,1.1609999999999998
2440.0,1.1609999999999998
2441.0,1.1609999999999998
2442.0,1.1609999999999998
2443.0,1.1609999999999998
2444.0,1.1609999999999998
2445.0,1.1609999999999998
2446.0,1.1609999999999998
2447.0,1.1609999999999998
2448.0,1.1609999999999998
2449.0,1.1609999999999998
2450.0,1.1609999999999998
2451.0,1.1609999999999998
2452.0,1.1609999999999998
2453.0,1.1609999999999998
2454.0,1.1609999999999998
2455.0,1.1609999999999998
2456.0,1.1609999999999998
2457.0,1.1609999999999998
2458.0,1.1609999999999998
2459.0,1.1609999999999998
2460.0,1.1609999999999998
2461.0,1.1609999999999998
2462.0,1.1609999999999998
2463.0,1.1609999999999998
2464.0,1.1609999999999998
2465.0,1.1609999999999998
2466.0,1.1609999999999998
2467.0,1.1609999999999998
2468.0,1.1609999999999998
2469.0,1.1609999999999998
2470.0,1.1609999999999998
2471.0,1.1609999999999998
2472.0,1.1609999999999998
2473.0,1.1609999999999998
2474.0,1.1609999999999998
2475.0,1.1179999999999999
2476.0,1.1609999999999998
2477.0,1.1179999999999999
2478.0,1.1609999999999998
2479.0,1.1179999999999999
2480.0,1.1609999999999998
2481.0,1.1609999999999998
2482.0,1.1609999999999998
2483.0,1.1609999999999998
2484.0,1.1609999999999998
2485.0,1.1609999999999998
2486.0,1.1609999999999998
2487.0,1.1609999999999998
2488.0,1.1609999999999998
2489.0,1.1609999999999998
2490.0,1.1609999999999998
2491.0,1.1609999999999998
2492.0,1.1609999999999998
2493.0,1.1609999999999998
2494.0,1.1609999999999998
2495.0,1.1609999999999998
2496.0,1.1609999999999998
2497.0,1.1609999999999998
2498.0,1.1609999999999998
2499.0,1.1609999999999998
2500.0,1.1609999999999998
2501.0,1.1609999999999998
2502.0,1.1609999999999998
2503.0,1.1609999999999998
2504.0,1.1609999999999998
2505.0,1.1609999999999998
2506.0,1.1609999999999998
2507.0,1.1609999999999998
2508.0,1.1609999999999998
2509.0,1.1609999999999998
2510.0,1.1609999999999998
2511.0,1.1609999999999998
2512.0,1.1609999999999998
2513.0,1.1609999999999998
2514.0,1.1609999999999998
2515.0,1.1609999999999998
2516.0,1.1609999999999998
2517.0,1.1609999999999998
2518.0,1.1609999999999998
2519.0,1.1609999999999998
2520.0,1.1609999999999998
2521.0,1.1609999999999998
2522.0,1.1609999999999998
2523.0,1.1609999999999998
2524.0,1.1609999999999998
2525.0,1.1609999999999998
2526.0,1.1609999999999998
2527.0,1.1609999999999998
2528.0,1.1609999999999998
2529.0,1.1609999999999998
2530.0,1.1609999999999998
2531.0,1.1609999999999998
2532.0,1.1609999999999998
2533.0,1.1609999999999998
2534.0,1.1609999999999998
2535.0,1.1609999999999998
2536.0,1.1609999999999998
2537.0,1.1609999999999998
2538.0,1.1609999999999998
2539.0,1.1609999999999998
2540.0,1.1609999999999998
2541.0,1.1609999999999998
2542.0,1.1609999999999998
2543.0,1.1609999999999998
2544.0,1.1609999999999998
2545.0,1.1609999999999998
2546.0,1.1609999999999998
2547.0,1.1609999999999998
2548.0,1.1609999999999998
2549.0,1.1609999999999998
2550.0,1.1609999999999998
2551.0,1.1609999999999998
2552.0,1.1609999999999998
2553.0,1.1609999999999998
2554.0,1.1609999999999998
2555.0,1.1609999999999998
2556.0,1.1609999999999998
2557.0,1.1609999999999998
2558.0,1.1609999999999998
2559.0,1.1609999999999998
2560.0,1.1609999999999998
2561.0,1.1609999999999998
2562.0,1.1609999999999998
2563.0,1.1609999999999998
2564.0,1.1609999999999998
2565.0,1.1609999999999998
2566.0,1.1609999999999998
2567.0,1.1609999999999998
2568.0,1.1609999999999998
2569.0,1.1609999999999998
2570.0,1.1609999999999998
2571.0,1.1609999999999998
2572.0,1.1609999999999998
2573.0,1.1609999999999998
2574.0,1.1609999999999998
2575.0,1.1609999999999998
2576.0,1.1609999999999998
2577.0,1.1609999999999998
2578.0,1.1609999999999998
2579.0,1.1179999999999999
2580.0,1.1609999999999998
2581.0,1.1609999999999998
2582.0,1.1609999999999998
2583.0,1.1609999999999998
2584.0,1.1609999999999998
2585.0,1.1609999999999998
2586.0,1.1609999999999998
2587.0,1.1609999999999998
2588.0,1.1609999999999998
2589.0,1.1609999999999998
2590.0,1.1609999999999998
2591.0,1.1609999999999998
2592.0,1.1609999999999998
2593.0,1.1609999999999998
2594.0,1.1609999999999998
2595.0,1.1609999999999998
2596.0,1.1609999999999998
2597.0,1.1609999999999998
2598.0,1.1609999999999998
2599.0,1.1609999999999998
2600.0,1.1609999999999998
2601.0,1.1609999999999998
2602.0,1.1609999999999998
2603.0,1.1609999999999998
2604.0,1.1609999999999998
2605.0,1.1609999999999998
2606.0,1.1609999999999998
2607.0,1.1179999999999999
2608.0,1.1609999999999998
2609.0,1.1179999999999999
2610.0,1.1609999999999998
2611.0,1.1609999999999998
2612.0,1.1609999999999998
2613.0,1.1179999999999999
2614.0,1.1609999999999998
2615.0,1.1609999999999998
2616.0,1.1609999999999998
2617.0,1.1609999999999998
2618.0,1.1609999999999998
2619.0,1.1609999999999998
2620.0,1.1609999999999998
2621.0,1.1609999999999998
2622.0,1.1609999999999998
2623.0,1.1609999999999998
2624.0,1.1609999999999998
2625.0,1.1609999999999998
2626.0,1.1609999999999998
2627.0,1.1609999999999998
2628.0,1.1609999999999998
2629.0,1.1609999999999998
2630.0,1.1609999999999998
2631.0,1.1609999999999998
2632.0,1.1609999999999998
2633.0,1.1179999999999999
2634.0,1.1609999999999998
2635.0,1.1609999999999998
2636.0,1.1609999999999998
2637.0,1.1609999999999998
2638.0,1.1609999999999998
2639.0,1.1609999999999998
2640.0,1.1609999999999998
2641.0,1.1609999999999998
2642.0,1.1609999999999998
2643.0,1.1609999999999998
2644.0,1.1609999999999998
2645.0,1.1609999999999998
2646.0,1.1609999999999998
2647.0,1.1609999999999998
2648.0,1.1609999999999998
2649.0,1.1609999999999998
2650.0,1.1609999999999998
2651.0,1.1179999999999999
2652.0,1.1609999999999998
2653.0,1.1609999999999998
2654.0,1.1609999999999998
2655.0,1.1179999999999999
2656.0,1.1609999999999998
2657.0,1.1609999999999998
2658.0,1.1609999999999998
2659.0,1.1609999999999998
2660.0,1.1609999999999998
2661.0,1.1609999999999998
2662.0,1.1609999999999998
2663.0,1.1179999999999999
2664.0,1.1609999999999998
2665.0,1.1179999999999999
2666.0,1.1179999999999999
2667.0,1.1179999999999999
2668.0,1.1609999999999998
2669.0,1.1609999999999998
2670.0,1.1609999999999998
2671.0,1.1609999999999998
2672.0,1.1609999999999998
2673.0,1.1179999999999999
2674.0,1.1609999999999998
2675.0,1.1609999999999998
2676.0,1.1609999999999998
2677.0,1.1609999999999998
2678.0,1.1609999999999998
2679.0,1.1609999999999998
2680.0,1.1609999999999998
2681.0,1.1609999999999998
2682.0,1.1609999999999998
2683.0,1.1609999999999998
2684.0,1.1609999999999998
2685.0,1.1609999999999998
2686.0,1.1609999999999998
2687.0,1.1609999999999998
2688.0,1.1609999999999998
2689.0,1.1609999999999998
2690.0,1.1609999999999998
2691.0,1.1609999999999998
2692.0,1.1609999999999998
2693.0,1.1609999999999998
2694.0,1.1609999999999998
2695.0,1.1179999999999999
2696.0,1.1609999999999998
2697.0,1.1609999999999998
2698.0,1.1609999999999998
2699.0,1.1609999999999998
2700.0,1.1609999999999998
2701.0,1.1609999999999998
2702.0,1.1609999999999998
2703.0,1.1609999999999998
2704.0,1.1609999999999998
2705.0,1.1609999999999998
2706.0,1.1609999999999998
2707.0,1.1609999999999998
2708.0,1.1609999999999998
2709.0,1.1609999999999998
2710.0,1.1609999999999998
2711.0,1.1609999999999998
2712.0,1.1609999999999998
2713.0,1.1609999999999998
2714.0,1.1609999999999998
2715.0,1.1609999999999998
2716.0,1.1609999999999998
2717.0,1.1179999999999999
2718.0,1.1609999999999998
2719.0,1.1179999999999999
2720.0,1.1609999999999998
2721.0,1.1609999999999998
2722.0,1.1609999999999998
2723.0,1.1609999999999998
2724.0,1.1609999999999998
2725.0,1.1609999999999998
2726.0,1.1609999999999998
2727.0,1.1609999999999998
2728.0,1.1609999999999998
2729.0,1.1179999999999999
2730.0,1.1179999999999999
2731.0,1.1179999999999999
2732.0,1.1609999999999998
2733.0,1.1609999999999998
2734.0,1.1609999999999998
2735.0,1.1609999999999998
2736.0,1.1609999999999998
2737.0,1.1609999999999998
2738.0,1.1609999999999998
2739.0,1.1609999999999998
2740.0,1.1609999999999998
2741.0,1.1609999999999998
2742.0,1.1609999999999998
2743.0,1.1609999999999998
2744.0,1.1609999999999998
2745.0,1.1609999999999998
2746.0,1.1609999999999998
2747.0,1.1609999999999998
2748.0,1.1609999999999998
2749.0,1.1609999999999998
2750.0,1.1609999999999998
2751.0,1.1609999999999998
2752.0,1.1609999999999998
2753.0,1.1609999999999998
2754.0,1.1609999999999998
2755.0,1.1609999999999998
2756.0,1.1609999999999998
2757.0,1.1609999999999998
2758.0,1.1609999999999998
2759.0,1.1609999999999998
2760.0,1.1609999999999998
2761.0,1.1609999999999998
2762.0,1.1609999999999998
2763.0,1.1609999999999998
2764.0,1.1609999999999998
2765.0,1.1609999999999998
2766.0,1.1609999999999998
2767.0,1.1609999999999998
2768.0,1.1609999999999998
2769.0,1.1609999999999998
2770.0,1.1609999999999998
2771.0,1.1609999999999998
2772.0,1.1609999999999998
2773.0,1.1609999999999998
2774.0,1.1609999999999998
2775.0,1.1609999999999998
2776.0,1.1609999999999998
2777.0,1.1609999999999998
2778.0,1.1609999999999998
2779.0,1.1179999999999999
2780.0,1.1609999999999998
2781.0,1.1179999999999999
2782.0,1.1609999999999998
2783.0,1.1609999999999998
2784.0,1.1609999999999998
2785.0,1.1179999999999999
2786.0,1.1609999999999998
2787.0,1.1609999999999998
2788.0,1.1609999999999998
2789.0,1.1609999999999998
2790.0,1.1609999999999998
2791.0,1.1609999999999998
2792.0,1.1609999999999998
2793.0,1.1609999999999998
2794.0,1.1609999999999998
2795.0,1.1609999999999998
2796.0,1.1609999999999998
2797.0,1.1609999999999998
2798.0,1.1609999999999998
2799.0,1.1609999999999998
2800.0,1.1609999999999998
2801.0,1.1609999999999998
2802.0,1.1609999999999998
2803.0,1.1609999999999998
2804.0,1.1609999999999998
2805.0,1.1609999999999998
2806.0,1.1609999999999998
2807.0,1.1609999999999998
2808.0,1.1609999999999998
2809.0,1.1609999999999998
2810.0,1.1609999999999998
2811.0,1.1609999999999998
2812.0,1.1609999999999998
2813.0,1.1179999999999999
2814.0,1.1609999999999998
2815.0,1.1609999999999998
2816.0,1.1609999999999998
2817.0,1.1609999999999998
2818.0,1.1609999999999998
2819.0,1.1609999999999998
2820.0,1.1609999999999998
2821.0,1.1609999999999998
2822.0,1.1609999999999998
2823.0,1.1609999999999998
2824.0,1.1609999999999998
2825.0,1.1609999999999998
2826.0,1.1609999999999998
2827.0,1.1179999999999999
2828.0,1.1609999999999998
2829.0,1.1179999999999999
2830.0,1.1609999999999998
2831.0,1.1179999999999999
2832.0,1.1609999999999998
2833.0,1.1179999999999999
2834.0,1.1609999999999998
2835.0,1.1609999999999998
2836.0,1.1609999999999998
2837.0,1.1609999999999998
2838.0,1.1609999999999998
2839.0,1.1609999999999998
2840.0,1.1609999999999998
2841.0,1.1179999999999999
2842.0,1.1609999999999998
2843.0,1.1179999999999999
2844.0,1.1609999999999998
2845.0,1.1179999999999999
2846.0,1.1609999999999998
2847.0,1.1179999999999999
2848.0,1.1609999999999998
2849.0,1.1609999999999998
2850.0,1.1609999999999998
2851.0,1.1609999999999998
2852.0,1.1609999999999998
2853.0,1.1609999999999998
2854.0,1.1609999999999998
2855.0,1.1609999999999998
2856.0,1.1609999999999998
2857.0,1.1609999999999998
2858.0,1.1609999999999998
2859.0,1.1609999999999998
2860.0,1.1609999999999998
2861.0,1.1609999999999998
2862.0,1.1609999999999998
2863.0,1.1609999999999998
2864.0,1.1609999999999998
2865.0,1.1609999999999998
2866.0,1.1609999999999998
2867.0,1.1609999999999998
2868.0,1.1609999999999998
2869.0,1.1609999999999998
2870.0,1.1609999999999998
2871.0,1.1609999999999998
2872.0,1.1609999999999998
2873.0,1.1179999999999999
2874.0,1.1609999999999998
2875.0,1.1609999999999998
2876.0,1.1609999999999998
2877.0,1.1609999999999998
2878.0,1.1609999999999998
2879.0,1.1179999999999999
2880.0,1.1609999999999998
2881.0,1.1609999999999998
2882.0,1.1609999999999998
2883.0,1.1609999999999998
2884.0,1.1609999999999998
2885.0,1.1609999999999998
2886.0,1.1609999999999998
2887.0,1.1609999999999998
2888.0,1.1609999999999998
2889.0,1.1609999999999998
2890.0,1.1609999999999998
2891.0,1.1609999999999998
2892.0,1.1609999999999998
2893.0,1.1609999999999998
2894.0,1.1609999999999998
2895.0,1.1609999999999998
2896.0,1.1609999999999998
2897.0,1.1609999999999998
2898.0,1.1609999999999998
2899.0,1.1609999999999998
2900.0,1.1609999999999998
2901.0,1.1609999999999998
2902.0,1.1609999999999998
2903.0,1.1179999999999999
2904.0,1.1609999999999998
2905.0,1.1609999999999998
2906.0,1.1609999999999998
2907.0,1.1609999999999998
2908.0,1.1609999999999998
2909.0,1.1609999999999998
2910.0,1.1609999999999998
2911.0,1.1609999999999998
2912.0,1.1609999999999998
2913.0,1.1609999999999998
2914.0,1.1609999999999998
2915.0,1.1609999999999998
2916.0,1.1609999999999998
2917.0,1.1609999999999998
2918.0,1.1609999999999998
2919.0,1.1609999999999998
2920.0,1.1609999999999998
2921.0,1.1609999999999998
2922.0,1.1609999999999998
2923.0,1.1609999999999998
2924.0,1.1609999999999998
2925.0,1.1609999999999998
2926.0,1.1609999999999998
2927.0,1.1609999999999998
2928.0,1.1609999999999998
2929.0,1.1609999999999998
2930.0,1.1609999999999998
2931.0,1.1609999999999998
2932.0,1.1609999999999998
2933.0,1.1609999999999998
2934.0,1.1609999999999998
2935.0,1.1609999999999998
2936.0,1.1609999999999998
2937.0,1.1609999999999998
2938.0,1.1609999999999998
2939.0,1.1609999999999998
2940.0,1.1609999999999998
2941.0,1.1179999999999999
2942.0,1.1609999999999998
2943.0,1.1179999999999999
2944.0,1.1609999999999998
2945.0,1.1609999999999998
2946.0,1.1609999999999998
2947.0,1.1609999999999998
2948.0,1.1609999999999998
2949.0,1.1609999999999998
2950.0,1.1609999999999998
2951.0,1.1609999999999998
2952.0,1.1609999999999998
2953.0,1.1609999999999998
2954.0,1.1609999999999998
2955.0,1.1179999999999999
2956.0,1.1609999999999998
2957.0,1.1609999999999998
2958.0,1.1609999999999998
2959.0,1.1609999999999998
2960.0,1.1609999999999998
2961.0,1.1609999999999998
2962.0,1.1609999999999998
2963.0,1.1609999999999998
2964.0,1.1609999999999998
2965.0,1.1609999999999998
2966.0,1.1609999999999998
2967.0,1.1609999999999998
2968.0,1.1609999999999998
2969.0,1.1609999999999998
2970.0,1.1609999999999998
2971.0,1.1609999999999998
2972.0,1.1609999999999998
2973.0,1.1609999999999998
2974.0,1.1609999999999998
2975.0,1.1609999999999998
2976.0,1.1609999999999998
2977.0,1.1609999999999998
2978.0,1.1609999999999998
2979.0,1.1609999999999998
2980.0,1.1609999999999998
2981.0,1.1609999999999998
2982.0,1.1609999999999998
2983.0,1.1609999999999998
2984.0,1.1609999999999998
2985.0,1.1609999999999998
2986.0,1.1609999999999998
2987.0,1.1609999999999998
2988.0,1.1609999999999998
2989.0,1.1609999999999998
2990.0,1.1609999999999998
2991.0,1.1609999999999998
2992.0,1.1609999999999998
2993.0,1.1609999999999998
2994.0,1.1609999999999998
2995.0,1.1609999999999998
2996.0,1.1609999999999998
2997.0,1.1609999999999998
2998.0,1.1609999999999998
2999.0,1.1609999999999998
3000.0,1.1609999999999998
3001.0,1.1609999999999998
3002.0,1.1609999999999998
3003.0,1.1609999999999998
3004.0,1.1609999999999998
3005.0,1.1609999999999998
3006.0,1.1609999999999998
3007.0,1.1609999999999998
3008.0,1.1609999999999998
3009.0,1.1609999999999998
3010.0,1.1609999999999998
3011.0,1.1609999999999998
3012.0,1.1609999999999998
3013.0,1.1609999999999998
3014.0,1.1609999999999998
3015.0,1.1609999999999998
3016.0,1.1609999999999998
3017.0,1.1609999999999998
3018.0,1.1609999999999998
3019.0,1.1179999999999999
3020.0,1.1609999999999998
3021.0,1.1609999999999998
3022.0,1.1609999999999998
3023.0,1.1179999999999999
3024.0,1.1609999999999998
3025.0,1.1609999999999998
3026.0,1.1609999999999998
3027.0,1.1609999999999998
3028.0,1.1609999999999998
3029.0,1.1609999999999998
3030.0,1.1609999999999998
3031.0,1.1609999999999998
3032.0,1.1609999999999998
3033.0,1.1609999999999998
3034.0,1.1609999999999998
3035.0,1.1609999999999998
3036.0,1.1609999999999998
3037.0,1.1609999999999998
3038.0,1.1609999999999998
3039.0,1.1609999999999998
3040.0,1.1609999999999998
3041.0,1.1609999999999998
3042.0,1.1609999999999998
3043.0,1.1609999999999998
3044.0,1.1609999999999998
3045.0,1.1179999999999999
3046.0,1.1609999999999998
3047.0,1.1609999999999998
3048.0,1.1609999999999998
3049.0,1.1609999999999998
3050.0,1.1609999999999998
3051.0,1.1609999999999998
3052.0,1.1609999999999998
3053.0,1.1609999999999998
3054.0,1.1609999999999998
3055.0,1.1609999999999998
3056.0,1.1609999999999998
3057.0,1.1609999999999998
3058.0,1.1609999999999998
3059.0,1.1609999999999998
3060.0,1.1609999999999998
3061.0,1.1609999999999998
3062.0,1.1609999999999998
3063.0,1.1609999999999998
3064.0,1.1609999999999998
3065.0,1.1609999999999998
3066.0,1.1609999999999998
3067.0,1.1609999999999998
3068.0,1.1609999999999998
3069.0,1.1179999999999999
3070.0,1.1609999999999998
3071.0,1.1609999999999998
3072.0,1.1609999999999998
3073.0,1.1609999999999998
3074.0,1.1609999999999998
3075.0,1.1609999999999998
3076.0,1.1609999999999998
3077.0,1.1609999999999998
3078.0,1.1609999999999998
3079.0,1.1609999999999998
3080.0,1.1609999999999998
3081.0,1.1609999999999998
3082.0,1.1609999999999998
3083.0,1.1609999999999998
3084.0,1.1609999999999998
3085.0,1.1609999999999998
3086.0,1.1609999999999998
3087.0,1.1609999999999998
3088.0,1.1609999999999998
3089.0,1.1609999999999998
3090.0,1.1609999999999998
3091.0,1.1609999999999998
3092.0,1.1609999999999998
3093.0,1.1179999999999999
3094.0,1.1609999999999998
3095.0,1.1609999999999998
3096.0,1.1609999999999998
3097.0,1.1609999999999998
3098.0,1.1609999999999998
3099.0,1.1609999999999998
3100.0,1.1609999999999998
3101.0,1.1609999999999998
3102.0,1.1609999999999998
3103.0,1.1609999999999998
3104.0,1.1609999999999998
3105.0,1.1609999999999998
3106.0,1.1609999999999998
3107.0,1.1609999999999998
3108.0,1.1609999999999998
3109.0,1.1609999999999998
3110.0,1.1609999999999998
3111.0,1.1609999999999998
3112.0,1.1609999999999998
3113.0,1.1609999999999998
3114.0,1.1609999999999998
3115.0,1.1609999999999998
3116.0,1.1609999999999998
3117.0,1.1609999999999998
3118.0,1.1609999999999998
3119.0,1.1179999999999999
3120.0,1.1609999999999998
3121.0,1.1179999999999999
3122.0,1.1609999999999998
3123.0,1.1609999999999998
3124.0,1.1609999999999998
3125.0,1.1609999999999998
3126.0,1.1609999999999998
3127.0,1.1609999999999998
3128.0,1.1609999999999998
3129.0,1.1609999999999998
3130.0,1.1609999999999998
3131.0,1.1609999999999998
3132.0,1.1609999999999998
3133.0,1.1609999999999998
3134.0,1.1609999999999998
3135.0,1.1609999999999998
3136.0,1.1609999999999998
3137.0,1.1609999999999998
3138.0,1.1609999999999998
3139.0,1.1609999999999998
3140.0,1.1609999999999998
3141.0,1.1179999999999999
3142.0,1.1609999999999998
3143.0,1.1609999999999998
3144.0,1.1609999999999998
3145.0,1.1609999999999998
3146.0,1.1609999999999998
3147.0,1.1609999999999998
3148.0,1.1609999999999998
3149.0,1.1609999999999998
3150.0,1.1609999999999998
3151.0,1.1609999999999998
3152.0,1.1609999999999998
3153.0,1.1609999999999998
3154.0,1.1609999999999998
3155.0,1.1609999999999998
3156.0,1.1609999999999998
3157.0,1.1609999999999998
3158.0,1.1609999999999998
3159.0,1.1609999999999998
3160.0,1.1609999999999998
3161.0,1.1609999999999998
3162.0,1.1609999999999998
3163.0,1.1609999999999998
3164.0,1.1609999999999998
3165.0,1.1609999999999998
3166.0,1.1609999999999998
3167.0,1.1609999999999998
3168.0,1.1609999999999998
3169.0,1.1179999999999999
3170.0,1.1609999999999998
3171.0,1.1609999999999998
3172.0,1.1609999999999998
3173.0,1.1609999999999998
3174.0,1.1609999999999998
3175.0,1.1609999999999998
3176.0,1.1609999999999998
3177.0,1.1179999999999999
3178.0,1.1609999999999998
3179.0,1.1179999999999999
3180.0,1.1609999999999998
3181.0,1.1609999999999998
3182.0,1.1609999999999998
3183.0,1.1609999999999998
3184.0,1.1609999999999998
3185.0,1.1179999999999999
3186.0,1.1609999999999998
3187.0,1.1609999999999998
3188.0,1.1609999999999998
3189.0,1.1609999999999998
3190.0,1.1609999999999998
3191.0,1.1609999999999998
3192.0,1.1609999999999998
3193.0,1.1609999999999998
3194.0,1.1609999999999998
3195.0,1.1609999999999998
3196.0,1.1609999999999998
3197.0,1.1609999999999998
3198.0,1.1609999999999998
3199.0,1.1609999999999998
3200.0,1.1609999999999998
3201.0,1.1609999999999998
3202.0,1.1609999999999998
3203.0,1.1609999999999998
3204.0,1.1609999999999998
3205.0,1.1179999999999999
3206.0,1.1609999999999998
3207.0,1.1609999999999998
3208.0,1.1609999999999998
3209.0,1.1609999999999998
3210.0,1.1609999999999998
3211.0,1.1609999999999998
3212.0,1.1609999999999998
3213.0,1.1609999999999998
3214.0,1.1609999999999998
3215.0,1.1609999999999998
3216.0,1.1609999999999998
3217.0,1.1609999999999998
3218.0,1.1609999999999998
3219.0,1.1609999999999998
3220.0,1.1609999999999998
3221.0,1.1179999999999999
3222.0,1.1609999999999998
3223.0,1.1609999999999998
3224.0,1.1609999999999998
3225.0,1.1609999999999998
3226.0,1.1609999999999998
3227.0,1.1609999999999998
3228.0,1.1609999999999998
3229.0,1.1179999999999999
3230.0,1.1609999999999998
3231.0,1.1609999999999998
3232.0,1.1609999999999998
3233.0,1.1609999999999998
3234.0,1.1609999999999998
3235.0,1.1609999999999998
3236.0,1.1609999999999998
3237.0,1.1179999999999999
3238.0,1.1609999999999998
3239.0,1.1609999999999998
3240.0,1.1609999999999998
3241.0,1.1609999999999998
3242.0,1.1609999999999998
3243.0,1.1609999999999998
3244.0,1.1609999999999998
3245.0,1.1609999999999998
3246.0,1.1609999999999998
3247.0,1.1609999999999998
3248.0,1.1609999999999998
3249.0,1.1179999999999999
3250.0,1.1609999999999998
3251.0,1.1609999999999998
3252.0,1.1609999999999998
3253.0,1.1609999999999998
3254.0,1.1609999999999998
3255.0,1.1609999999999998
3256.0,1.1609999999999998
3257.0,1.1609999999999998
3258.0,1.1609999999999998
3259.0,1.1179999999999999
3260.0,1.1609999999999998
3261.0,1.1609999999999998
3262.0,1.1609999999999998
3263.0,1.1609999999999998
3264.0,1.1609999999999998
3265.0,1.1609999999999998
3266.0,1.1609999999999998
3267.0,1.1609999999999998
3268.0,1.1609999999999998
3269.0,1.1609999999999998
3270.0,1.1609999999999998
3271.0,1.1609999999999998
3272.0,1.1609999999999998
3273.0,1.1609999999999998
3274.0,1.1609999999999998
3275.0,1.1609999999999998
3276.0,1.1609999999999998
3277.0,1.1609999999999998
3278.0,1.1609999999999998
3279.0,1.1609999999999998
3280.0,1.1609999999999998
3281.0,1.1609999999999998
3282.0,1.1609999999999998
3283.0,1.1609999999999998
3284.0,1.1609999999999998
3285.0,1.1609999999999998
3286.0,1.1609999999999998
3287.0,1.1609999999999998
3288.0,1.1609999999999998
3289.0,1.1179999999999999
3290.0,1.1609999999999998
3291.0,1.1609999999999998
3292.0,1.1609999999999998
3293.0,1.1609999999999998
3294.0,1.1609999999999998
3295.0,1.1179999999999999
3296.0,1.1609999999999998
3297.0,1.1609999999999998
3298.0,1.1609999999999998
3299.0,1.1609999999999998
3300.0,1.1609999999999998
3301.0,1.1609999999999998
3302.0,1.1609999999999998
3303.0,1.1609999999999998
3304.0,1.1609999999999998
3305.0,1.1179999999999999
3306.0,1.1609999999999998
3307.0,1.1609999999999998
3308.0,1.1609999999999998
3309.0,1.1609999999999998
3310.0,1.1609999999999998
3311.0,1.1609999999999998
3312.0,1.1609999999999998
3313.0,1.1179999999999999
3314.0,1.1609999999999998
3315.0,1.1609999999999998
3316.0,1.1609999999999998
3317.0,1.1609999999999998
3318.0,1.1609999999999998
3319.0,1.1609999999999998
3320.0,1.1609999999999998
3321.0,1.1609999999999998
3322.0,1.1609999999999998
3323.0,1.1179999999999999
3324.0,1.1609999999999998
3325.0,1.1609999999999998
3326.0,1.1609999999999998
3327.0,1.1609999999999998
3328.0,1.1609999999999998
3329.0,1.1609999999999998
3330.0,1.1609999999999998
3331.0,1.1609999999999998
3332.0,1.1609999999999998
3333.0,1.1609999999999998
3334.0,1.1609999999999998
3335.0,1.1609999999999998
3336.0,1.1609999999999998
3337.0,1.1609999999999998
3338.0,1.1609999999999998
3339.0,1.1179999999999999
3340.0,1.1609999999999998
3341.0,1.1609999999999998
3342.0,1.1609999999999998
3343.0,1.1609999999999998
3344.0,1.1609999999999998
3345.0,1.1179999999999999
3346.0,1.1609999999999998
3347.0,1.1609999999999998
3348.0,1.1609999999999998
3349.0,1.1609999999999998
3350.0,1.1609999999999998
3351.0,1.1609999999999998
3352.0,1.1609999999999998
3353.0,1.1609999999999998
3354.0,1.1609999999999998
3355.0,1.1179999999999999
3356.0,1.1609999999999998
3357.0,1.1179999999999999
3358.0,1.1609999999999998
3359.0,1.1609999999999998
3360.0,1.1609999999999998
3361.0,1.1609999999999998
3362.0,1.1609999999999998
3363.0,1.1609999999999998
3364.0,1.1609999999999998
3365.0,1.1609999999999998
3366.0,1.1609999999999998
3367.0,1.1609999999999998
3368.0,1.1609999999999998
3369.0,1.1609999999999998
3370.0,1.1609999999999998
3371.0,1.1609999999999998
3372.0,1.1609999999999998
3373.0,1.1609999999999998
3374.0,1.1609999999999998
3375.0,1.1609999999999998
3376.0,1.1609999999999998
3377.0,1.1609999999999998
3378.0,1.1609999999999998
3379.0,1.1179999999999999
3380.0,1.1609999999999998
3381.0,1.1179999999999999
3382.0,1.1609999999999998
3383.0,1.1609999999999998
3384.0,1.1609999999999998
3385.0,1.1609999999999998
3386.0,1.1609999999999998
3387.0,1.1609999999999998
3388.0,1.1609999999999998
3389.0,1.1609999999999998
3390.0,1.1609999999999998
3391.0,1.1609999999999998
3392.0,1.1609999999999998
3393.0,1.1179999999999999
3394.0,1.1609999999999998
3395.0,1.1609999999999998
3396.0,1.1609999999999998
3397.0,1.1609999999999998
3398.0,1.1609999999999998
3399.0,1.1609999999999998
3400.0,1.1609999999999998
3401.0,1.1609999999999998
3402.0,1.1609999999999998
3403.0,1.1609999999999998
3404.0,1.1609999999999998
3405.0,1.1179999999999999
3406.0,1.1609999999999998
3407.0,1.1609999999999998
3408.0,1.1609999999999998
3409.0,1.1609999999999998
3410.0,1.1609999999999998
3411.0,1.1609999999999998
3412.0,1.1609999999999998
3413.0,1.1609999999999998
3414.0,1.1609999999999998
3415.0,1.1179999999999999
3416.0,1.1609999999999998
3417.0,1.1609999999999998
3418.0,1.1609999999999998
3419.0,1.1609999999999998
3420.0,1.1609999999999998
3421.0,1.1609999999999998
3422.0,1.1609999999999998
3423.0,1.1609999999999998
3424.0,1.1609999999999998
3425.0,1.1609999999999998
3426.0,1.1609999999999998
3427.0,1.1609999999999998
3428.0,1.1609999999999998
3429.0,1.1609999999999998
3430.0,1.1609999999999998
3431.0,1.1609999999999998
3432.0,1.1609999999999998
3433.0,1.1609999999999998
3434.0,1.1609999999999998
3435.0,1.1609999999999998
3436.0,1.1609999999999998
3437.0,1.1179999999999999
3438.0,1.1609999999999998
3439.0,1.1609999999999998
3440.0,1.1609999999999998
3441.0,1.1609999999999998
3442.0,1.1609999999999998
3443.0,1.1609999999999998
3444.0,1.1609999999999998
3445.0,1.1609999999999998
3446.0,1.1609999999999998
3447.0,1.1609999999999998
3448.0,1.1609999999999998
3449.0,1.1179999999999999
3450.0,1.1609999999999998
3451.0,1.1609999999999998
3452.0,1.1609999999999998
3453.0,1.1609999999999998
3454.0,1.1609999999999998
3455.0,1.1609999999999998
3456.0,1.1609999999999998
3457.0,1.1179999999999999
3458.0,1.1609999999999998
3459.0,1.1609999999999998
3460.0,1.1609999999999998
3461.0,1.1609999999999998
3462.0,1.1609999999999998
3463.0,1.1609999999999998
3464.0,1.1609999999999998
3465.0,1.1609999999999998
3466.0,1.1609999999999998
3467.0,1.1609999999999998
3468.0,1.1609999999999998
3469.0,1.1609999999999998
3470.0,1.1609999999999998
3471.0,1.1609999999999998
3472.0,1.1609999999999998
3473.0,1.1609999999999998
3474.0,1.1609999999999998
3475.0,1.1609999999999998
3476.0,1.1609999999999998
3477.0,1.1609999999999998
3478.0,1.1609999999999998
3479.0,1.1609999999999998
3480.0,1.1609999999999998
3481.0,1.1609999999999998
3482.0,1.1609999999999998
3483.0,1.1609999999999998
3484.0,1.1609999999999998
3485.0,1.1609999999999998
3486.0,1.1609999999999998
3487.0,1.1179999999999999
3488.0,1.1609999999999998
3489.0,1.1609999999999998
3490.0,1.1609999999999998
3491.0,1.1609999999999998
3492.0,1.1609999999999998
3493.0,1.1609999999999998
3494.0,1.1609999999999998
3495.0,1.1609999999999998
3496.0,1.1609999999999998
3497.0,1.1609999999999998
3498.0,1.1609999999999998
3499.0,1.1609999999999998
3500.0,1.1609999999999998
3501.0,1.1609999999999998
3502.0,1.1609999999999998
3503.0,1.1609999999999998
3504.0,1.1609999999999998
3505.0,1.1609999999999998
3506.0,1.1609999999999998
3507.0,1.1609999999999998
3508.0,1.1609999999999998
3509.0,1.1609999999999998
3510.0,1.1609999999999998
3511.0,1.1179999999999999
3512.0,1.1609999999999998
3513.0,1.1609999999999998
3514.0,1.1609999999999998
3515.0,1.1609999999999998
3516.0,1.1609999999999998
3517.0,1.1609999999999998
3518.0,1.1609999999999998
3519.0,1.1609999999999998
3520.0,1.1609999999999998
3521.0,1.1609999999999998
3522.0,1.1609999999999998
3523.0,1.1609999999999998
3524.0,1.1609999999999998
3525.0,1.1179999999999999
3526.0,1.1609999999999998
3527.0,1.1609999999999998
3528.0,1.1609999999999998
3529.0,1.1609999999999998
3530.0,1.1609999999999998
3531.0,1.1609999999999998
3532.0,1.1609999999999998
3533.0,1.1609999999999998
3534.0,1.1609999999999998
3535.0,1.1609999999999998
3536.0,1.1609999999999998
3537.0,1.1609999999999998
3538.0,1.1609999999999998
3539.0,1.1609999999999998
3540.0,1.1609999999999998
3541.0,1.1609999999999998
3542.0,1.1609999999999998
3543.0,1.1609999999999998
3544.0,1.1609999999999998
3545.0,1.1179999999999999
3546.0,1.1609999999999998
3547.0,1.1609999999999998
3548.0,1.1609999999999998
3549.0,1.1609999999999998
3550.0,1.1609999999999998
3551.0,1.1609999999999998
3552.0,1.1609999999999998
3553.0,1.1609999999999998
3554.0,1.1609999999999998
3555.0,1.1609999999999998
3556.0,1.1609999999999998
3557.0,1.1609999999999998
3558.0,1.1609999999999998
3559.0,1.1609999999999998
3560.0,1.1609999999999998
3561.0,1.1609999999999998
3562.0,1.1609999999999998
3563.0,1.1609999999999998
3564.0,1.1609999999999998
3565.0,1.1609999999999998
3566.0,1.1609999999999998
3567.0,1.1609999999999998
3568.0,1.1609999999999998
3569.0,1.1609999999999998
3570.0,1.1609999999999998
3571.0,1.1179999999999999
3572.0,1.1609999999999998
3573.0,1.1179999999999999
3574.0,1.1609999999999998
3575.0,1.1179999999999999
3576.0,1.1609999999999998
3577.0,1.1609999999999998
3578.0,1.1609999999999998
3579.0,1.1609999999999998
3580.0,1.1609999999999998
3581.0,1.1179999999999999
3582.0,1.1609999999999998
3583.0,1.1609999999999998
3584.0,1.1609999999999998
3585.0,1.1609999999999998
3586.0,1.1609999999999998
3587.0,1.1609999999999998
3588.0,1.1609999999999998
3589.0,1.1179999999999999
3590.0,1.1609999999999998
3591.0,1.1179999999999999
3592.0,1.1609999999999998
3593.0,1.1179999999999999
3594.0,1.1609999999999998
3595.0,1.1609999999999998
3596.0,1.1609999999999998
3597.0,1.1179999999999999
3598.0,1.1609999999999998
3599.0,1.1179999999999999
3600.0,1.1609999999999998
3601.0,1.1179999999999999
3602.0,1.1609999999999998
3603.0,1.1609999999999998
3604.0,1.1609999999999998
3605.0,1.1609999999999998
3606.0,1.1609999999999998
3607.0,1.1609999999999998
3608.0,1.1609999999999998
3609.0,1.1609999999999998
3610.0,1.1609999999999998
3611.0,1.1609999999999998
3612.0,1.1609999999999998
3613.0,1.1609999999999998
3614.0,1.1609999999999998
3615.0,1.1609999999999998
3616.0,1.1609999999999998
3617.0,1.1179999999999999
3618.0,1.1609999999999998
3619.0,1.1609999999999998
3620.0,1.1609999999999998
3621.0,1.1609999999999998
3622.0,1.1609999999999998
3623.0,1.1609999999999998
3624.0,1.1609999999999998
3625.0,1.1609999999999998
3626.0,1.1609999999999998
3627.0,1.1179999999999999
3628.0,1.1609999999999998
3629.0,1.1609999999999998
3630.0,1.1609999999999998
3631.0,1.1179999999999999
3632.0,1.1609999999999998
3633.0,1.1179999999999999
3634.0,1.1609999999999998
3635.0,1.1179999999999999
3636.0,1.1609999999999998
3637.0,1.1179999999999999
3638.0,1.1609999999999998
3639.0,1.1179999999999999
3640.0,1.1609999999999998
3641.0,1.1179999999999999
3642.0,1.1609999999999998
3643.0,1.1609999999999998
3644.0,1.1609999999999998
3645.0,1.1609999999999998
3646.0,1.1609999999999998
3647.0,1.1609999999999998
3648.0,1.1609999999999998
3649.0,1.1609999999999998
3650.0,1.1609999999999998
3651.0,1.1609999999999998
3652.0,1.1609999999999998
3653.0,1.1609999999999998
3654.0,1.1609999999999998
3655.0,1.1609999999999998
3656.0,1.1609999999999998
3657.0,1.1609999999999998
3658.0,1.1609999999999998
3659.0,1.1609999999999998
3660.0,1.1609999999999998
3661.0,1.1609999999999998
3662.0,1.1609999999999998
3663.0,1.1609999999999998
3664.0,1.1609999999999998
3665.0,1.1609999999999998
3666.0,1.1609999999999998
3667.0,1.1609999999999998
3668.0,1.1609999999999998
3669.0,1.1609999999999998
3670.0,1.1609999999999998
3671.0,1.1609999999999998
3672.0,1.1609999999999998
3673.0,1.1609999999999998
3674.0,1.1609999999999998
3675.0,1.1609999999999998
3676.0,1.1609999999999998
3677.0,1.1609999999999998
3678.0,1.1609999999999998
3679.0,1.1609999999999998
3680.0,1.1609999999999998
3681.0,1.1609999999999998
3682.0,1.1609999999999998
3683.0,1.1179999999999999
3684.0,1.1609999999999998
3685.0,1.1609999999999998
3686.0,1.1609999999999998
3687.0,1.1609999999999998
3688.0,1.1609999999999998
3689.0,1.1609999999999998
3690.0,1.1609999999999998
3691.0,1.1609999999999998
3692.0,1.1609999999999998
3693.0,1.1609999999999998
3694.0,1.1609999999999998
3695.0,1.1179999999999999
3696.0,1.1609999999999998
3697.0,1.1609999999999998
3698.0,1.1609999999999998
3699.0,1.1179999999999999
3700.0,1.1609999999999998
3701.0,1.1179999999999999
3702.0,1.1609999999999998
3703.0,1.1609999999999998
3704.0,1.1609999999999998
3705.0,1.1179999999999999
3706.0,1.1609999999999998
3707.0,1.1609999999999998
3708.0,1.1609999999999998
3709.0,1.1609999999999998
3710.0,1.1609999999999998
3711.0,1.1609999999999998
3712.0,1.1609999999999998
3713.0,1.1609999999999998
3714.0,1.1609999999999998
3715.0,1.1609999999999998
3716.0,1.1609999999999998
3717.0,1.1609999999999998
3718.0,1.1609999999999998
3719.0,1.1609999999999998
3720.0,1.1609999999999998
3721.0,1.1609999999999998
3722.0,1.1609999999999998
3723.0,1.1609999999999998
3724.0,1.1609999999999998
3725.0,1.1609999999999998
3726.0,1.1609999999999998
3727.0,1.1609999999999998
3728.0,1.1609999999999998
3729.0,1.1609999999999998
3730.0,1.1609999999999998
3731.0,1.1609999999999998
3732.0,1.1609999999999998
3733.0,1.1609999999999998
3734.0,1.1609999999999998
3735.0,1.1609999999999998
3736.0,1.1609999999999998
3737.0,1.1609999999999998
3738.0,1.1609999999999998
3739.0,1.1609999999999998
3740.0,1.1609999999999998
3741.0,1.1609999999999998
3742.0,1.1609999999999998
3743.0,1.1179999999999999
3744.0,1.1609999999999998
3745.0,1.1609999999999998
3746.0,1.1609999999999998
3747.0,1.1609999999999998
3748.0,1.1609999999999998
3749.0,1.1609999999999998
3750.0,1.1609999999999998
3751.0,1.1609999999999998
3752.0,1.1609999999999998
3753.0,1.1609999999999998
3754.0,1.1609999999999998
3755.0,1.1179999999999999
3756.0,1.1609999999999998
3757.0,1.1179999999999999
3758.0,1.1609999999999998
3759.0,1.1609999999999998
3760.0,1.1609999999999998
3761.0,1.1609999999999998
3762.0,1.1609999999999998
3763.0,1.1179999999999999
3764.0,1.1609999999999998
3765.0,1.1179999999999999
3766.0,1.1609999999999998
3767.0,1.1609999999999998
3768.0,1.1609999999999998
3769.0,1.1179999999999999
3770.0,1.1609999999999998
3771.0,1.1179999999999999
3772.0,1.1609999999999998
3773.0,1.1179999999999999
3774.0,1.1609999999999998
3775.0,1.1179999999999999
3776.0,1.1609999999999998
3777.0,1.1609999999999998
3778.0,1.1609999999999998
3779.0,1.1609999999999998
3780.0,1.1609999999999998
3781.0,1.1609999999999998
3782.0,1.1609999999999998
3783.0,1.1609999999999998
3784.0,1.1609999999999998
3785.0,1.1609999999999998
3786.0,1.1609999999999998
3787.0,1.1609999999999998
3788.0,1.1609999999999998
3789.0,1.1609999999999998
3790.0,1.1609999999999998
3791.0,1.1609999999999998
3792.0,1.1609999999999998
3793.0,1.1609999999999998
3794.0,1.1609999999999998
3795.0,1.1609999999999998
3796.0,1.1609999999999998
3797.0,1.1179999999999999
3798.0,1.1609999999999998
3799.0,1.1609999999999998
3800.0,1.1609999999999998
3801.0,1.1609999999999998
3802.0,1.1609999999999998
3803.0,1.1609999999999998
3804.0,1.1609999999999998
3805.0,1.1609999999999998
3806.0,1.1609999999999998
3807.0,1.1609999999999998
3808.0,1.1609999999999998
3809.0,1.1609999999999998
3810.0,1.1609999999999998
3811.0,1.1609999999999998
3812.0,1.1609999999999998
3813.0,1.1179999999999999
3814.0,1.1609999999999998
3815.0,1.1179999999999999
3816.0,1.1609999999999998
3817.0,1.1609999999999998
3818.0,1.1609999999999998
3819.0,1.1609999999999998
3820.0,1.1609999999999998
3821.0,1.1609999999999998
3822.0,1.1609999999999998
3823.0,1.1609999999999998
3824.0,1.1609999999999998
3825.0,1.1609999999999998
3826.0,1.1609999999999998
3827.0,1.1609999999999998
3828.0,1.1609999999999998
3829.0,1.1609999999999998
3830.0,1.1609999999999998
3831.0,1.1609999999999998
3832.0,1.1609999999999998
3833.0,1.1609999999999998
3834.0,1.1609999999999998
3835.0,1.1609999999999998
3836.0,1.1609999999999998
3837.0,1.1609999999999998
3838.0,1.1609999999999998
3839.0,1.1609999999999998
3840.0,1.1609999999999998
3841.0,1.1609999999999998
3842.0,1.1609999999999998
3843.0,1.1609999999999998
3844.0,1.1609999999999998
3845.0,1.1609999999999998
3846.0,1.1609999999999998
3847.0,1.1609999999999998
3848.0,1.1609999999999998
3849.0,1.1609999999999998
3850.0,1.1609999999999998
3851.0,1.1179999999999999
3852.0,1.1609999999999998
3853.0,1.1179999999999999
3854.0,1.1609999999999998
3855.0,1.1609999999999998
3856.0,1.1609999999999998
3857.0,1.1179999999999999
3858.0,1.1609999999999998
3859.0,1.1179999999999999
3860.0,1.1609999999999998
3861.0,1.1609999999999998
3862.0,1.1609999999999998
3863.0,1.1179999999999999
3864.0,1.1609999999999998
3865.0,1.1179999999999999
3866.0,1.1609999999999998
3867.0,1.1609999999999998
3868.0,1.1609999999999998
3869.0,1.1609999999999998
3870.0,1.1609999999999998
3871.0,1.1609999999999998
3872.0,1.1609999999999998
3873.0,1.1609999999999998
3874.0,1.1609999999999998
3875.0,1.1609999999999998
3876.0,1.1609999999999998
3877.0,1.1609999999999998
3878.0,1.1609999999999998
3879.0,1.1609999999999998
3880.0,1.1609999999999998
3881.0,1.1609999999999998
3882.0,1.1609999999999998
3883.0,1.1609999999999998
3884.0,1.1609999999999998
3885.0,1.1609999999999998
3886.0,1.1609999999999998
3887.0,1.1609999999999998
3888.0,1.1609999999999998
3889.0,1.1609999999999998
3890.0,1.1609999999999998
3891.0,1.1609999999999998
3892.0,1.1609999999999998
3893.0,1.1609999999999998
3894.0,1.1609999999999998
3895.0,1.1609999999999998
3896.0,1.1609999999999998
3897.0,1.1609999999999998
3898.0,1.1609999999999998
3899.0,1.1609999999999998
3900.0,1.1609999999999998
3901.0,1.1609999999999998
3902.0,1.1609999999999998
3903.0,1.1609999999999998
3904.0,1.1609999999999998
3905.0,1.1179999999999999
3906.0,1.1179999999999999
3907.0,1.1179999999999999
3908.0,1.1609999999999998
3909.0,1.1179999999999999
3910.0,1.1609999999999998
3911.0,1.1609999999999998
3912.0,1.1609999999999998
3913.0,1.1179999999999999
3914.0,1.1609999999999998
3915.0,1.1609999999999998
3916.0,1.1609999999999998
3917.0,1.1609999999999998
3918.0,1.1609999999999998
3919.0,1.1609999999999998
3920.0,1.1609999999999998
3921.0,1.1179999999999999
3922.0,1.1609999999999998
3923.0,1.1609999999999998
3924.0,1.1609999999999998
3925.0,1.1609999999999998
3926.0,1.1609999999999998
3927.0,1.1609999999999998
3928.0,1.1609999999999998
3929.0,1.1179999999999999
3930.0,1.1609999999999998
3931.0,1.1609999999999998
3932.0,1.1609999999999998
3933.0,1.1609999999999998
3934.0,1.1609999999999998
3935.0,1.1609999999999998
3936.0,1.1609999999999998
3937.0,1.1609999999999998
3938.0,1.1609999999999998
3939.0,1.1609999999999998
3940.0,1.1609999999999998
3941.0,1.1179999999999999
3942.0,1.1609999999999998
3943.0,1.1609999999999998
3944.0,1.1609999999999998
3945.0,1.1179999999999999
3946.0,1.1609999999999998
3947.0,1.1609999999999998
3948.0,1.1609999999999998
3949.0,1.1609999999999998
3950.0,1.1609999999999998
3951.0,1.1609999999999998
3952.0,1.1609999999999998
3953.0,1.1609999999999998
3954.0,1.1609999999999998
3955.0,1.1609999999999998
3956.0,1.1609999999999998
3957.0,1.1179999999999999
3958.0,1.1609999999999998
3959.0,1.1609999999999998
3960.0,1.1609999999999998
3961.0,1.1609999999999998
3962.0,1.1609999999999998
3963.0,1.1609999999999998
3964.0,1.1609999999999998
3965.0,1.1609999999999998
3966.0,1.1609999999999998
3967.0,1.1179999999999999
3968.0,1.1609999999999998
3969.0,1.1609999999999998
3970.0,1.1609999999999998
3971.0,1.1609999999999998
3972.0,1.1609999999999998
3973.0,1.1609999999999998
3974.0,1.1609999999999998
3975.0,1.1609999999999998
3976.0,1.1609999999999998
3977.0,1.1179999999999999
3978.0,1.1609999999999998
3979.0,1.1609999999999998
3980.0,1.1609999999999998
3981.0,1.1609999999999998
3982.0,1.1609999999999998
3983.0,1.1609999999999998
3984.0,1.1609999999999998
3985.0,1.1609999999999998
3986.0,1.1609999999999998
3987.0,1.1609999999999998
3988.0,1.1609999999999998
3989.0,1.1179999999999999
3990.0,1.1609999999999998
3991.0,1.1179999999999999
3992.0,1.1609999999999998
3993.0,1.1179999999999999
3994.0,1.1609999999999998
3995.0,1.1609999999999998
3996.0,1.1609999999999998
3997.0,1.1609999999999998
3998.0,1.1609999999999998
3999.0,1.1609999999999998
4000.0,1.1609999999999998
4001.0,1.1179999999999999
4002.0,1.1609999999999998
4003.0,1.1179999999999999
4004.0,1.1609999999999998
4005.0,1.1609999999999998
4006.0,1.1609999999999998
4007.0,1.1609999999999998
4008.0,1.1609999999999998
4009.0,1.1179999999999999
4010.0,1.1609999999999998
4011.0,1.1179999999999999
4012.0,1.1609999999999998
4013.0,1.1609999999999998
4014.0,1.1609999999999998
4015.0,1.1609999999999998
4016.0,1.1609999999999998
4017.0,1.1609999999999998
4018.0,1.1609999999999998
4019.0,1.1609999999999998
4020.0,1.1179999999999999
4021.0,1.1609999999999998
4022.0,1.1609999999999998
4023.0,1.1609999999999998
4024.0,1.1609999999999998
4025.0,1.1609999999999998
4026.0,1.1609999999999998
4027.0,1.1609999999999998
4028.0,1.1609999999999998
4029.0,1.1609999999999998
4030.0,1.1609999999999998
4031.0,1.1609999999999998
4032.0,1.1609999999999998
4033.0,1.1609999999999998
4034.0,1.1609999999999998
4035.0,1.1179999999999999
4036.0,1.1609999999999998
4037.0,1.1609999999999998
4038.0,1.1609999999999998
4039.0,1.1179999999999999
4040.0,1.1609999999999998
4041.0,1.1179999999999999
4042.0,1.1609999999999998
4043.0,1.1179999999999999
4044.0,1.1609999999999998
4045.0,1.1609999999999998
4046.0,1.1609999999999998
4047.0,1.1609999999999998
4048.0,1.1609999999999998
4049.0,1.1609999999999998
4050.0,1.1609999999999998
4051.0,1.1609999999999998
4052.0,1.1609999999999998
4053.0,1.1609999999999998
4054.0,1.1609999999999998
4055.0,1.1609999999999998
4056.0,1.1609999999999998
4057.0,1.1609999999999998
4058.0,1.1609999999999998
4059.0,1.1609999999999998
4060.0,1.1609999999999998
4061.0,1.1609999999999998
4062.0,1.1609999999999998
4063.0,1.1179999999999999
4064.0,1.1609999999999998
4065.0,1.1179999999999999
4066.0,1.1609999999999998
4067.0,1.1179999999999999
4068.0,1.1609999999999998
4069.0,1.1179999999999999
4070.0,1.1609999999999998
4071.0,1.1179999999999999
4072.0,1.1609999999999998
4073.0,1.1609999999999998
4074.0,1.1609999999999998
4075.0,1.1179999999999999
4076.0,1.1609999999999998
4077.0,1.1609999999999998
4078.0,1.1609999999999998
4079.0,1.1609999999999998
4080.0,1.1609999999999998
4081.0,1.1609999999999998
4082.0,1.1609999999999998
4083.0,1.1179999999999999
4084.0,1.1609999999999998
4085.0,1.1609999999999998
4086.0,1.1609999999999998
4087.0,1.1609999999999998
4088.0,1.1609999999999998
4089.0,1.1609999999999998
4090.0,1.1609999999999998
4091.0,1.1609999999999998
4092.0,1.1609999999999998
4093.0,1.1609999999999998
4094.0,1.1609999999999998
4095.0,1.1609999999999998
4096.0,1.1609999999999998
4097.0,1.1609999999999998
4098.0,1.1609999999999998
4099.0,1.1609999999999998
4100.0,1.1609999999999998
4101.0,1.1609999999999998
4102.0,1.1609999999999998
4103.0,1.1609999999999998
4104.0,1.1609999999999998
4105.0,1.1609999999999998
4106.0,1.1609999999999998
4107.0,1.1179999999999999
4108.0,1.1609999999999998
4109.0,1.1609999999999998
4110.0,1.1609999999999998
4111.0,1.1609999999999998
4112.0,1.1609999999999998
4113.0,1.1609999999999998
4114.0,1.1609999999999998
4115.0,1.1609999999999998
4116.0,1.1609999999999998
4117.0,1.1609999999999998
4118.0,1.1609999999999998
4119.0,1.1179999999999999
4120.0,1.1609999999999998
4121.0,1.1609999999999998
4122.0,1.1609999999999998
4123.0,1.1609999999999998
4124.0,1.1609999999999998
4125.0,1.1179999999999999
4126.0,1.1609999999999998
4127.0,1.1179999999999999
4128.0,1.1609999999999998
4129.0,1.1609999999999998
4130.0,1.1609999999999998
4131.0,1.1609999999999998
4132.0,1.1609999999999998
4133.0,1.1609999999999998
4134.0,1.1609999999999998
4135.0,1.1609999999999998
4136.0,1.1609999999999998
4137.0,1.1179999999999999
4138.0,1.1609999999999998
4139.0,1.1609999999999998
4140.0,1.1609999999999998
4141.0,1.1609999999999998
4142.0,1.1609999999999998
4143.0,1.1179999999999999
4144.0,1.1609999999999998
4145.0,1.1609999999999998
4146.0,1.1609999999999998
4147.0,1.1609999999999998
4148.0,1.1609999999999998
4149.0,1.1609999999999998
4150.0,1.1609999999999998
4151.0,1.1179999999999999
4152.0,1.1609999999999998
4153.0,1.1609999999999998
4154.0,1.1609999999999998
4155.0,1.1609999999999998
4156.0,1.1609999999999998
4157.0,1.1609999999999998
4158.0,1.1609999999999998
4159.0,1.1179999999999999
4160.0,1.1609999999999998
4161.0,1.1609999999999998
4162.0,1.1609999999999998
4163.0,1.1179999999999999
4164.0,1.1609999999999998
4165.0,1.1179999999999999
4166.0,1.1179999999999999
4167.0,1.1609999999999998
4168.0,1.1609999999999998
4169.0,1.1179999999999999
4170.0,1.1609999999999998
4171.0,1.1609999999999998
4172.0,1.1609999999999998
4173.0,1.1179999999999999
4174.0,1.1609999999999998
4175.0,1.1609999999999998
4176.0,1.1609999999999998
4177.0,1.1609999999999998
4178.0,1.1609999999999998
4179.0,1.1179999999999999
4180.0,1.1609999999999998
4181.0,1.1609999999999998
4182.0,1.1609999999999998
4183.0,1.1609999999999998
4184.0,1.1609999999999998
4185.0,1.1609999999999998
4186.0,1.1609999999999998
4187.0,1.1609999999999998
4188.0,1.1609999999999998
4189.0,1.1179999999999999
4190.0,1.1609999999999998
4191.0,1.1609999999999998
4192.0,1.1179999999999999
4193.0,1.1609999999999998
4194.0,1.1609999999999998
4195.0,1.1609999999999998
4196.0,1.1609999999999998
4197.0,1.1609999999999998
4198.0,1.1179999999999999
4199.0,1.1609999999999998
4200.0,1.1609999999999998
4201.0,1.1609999999999998
4202.0,1.1609999999999998
4203.0,1.1179999999999999
4204.0,1.1609999999999998
4205.0,1.1179999999999999
4206.0,1.1609999999999998
4207.0,1.1179999999999999
4208.0,1.1609999999999998
4209.0,1.1179999999999999
4210.0,1.1609999999999998
4211.0,1.1609999999999998
4212.0,1.1609999999999998
4213.0,1.1609999999999998
4214.0,1.1609999999999998
4215.0,1.1179999999999999
4216.0,1.1609999999999998
4217.0,1.1179999999999999
4218.0,1.1609999999999998
4219.0,1.1609999999999998
4220.0,1.1609999999999998
4221.0,1.1609999999999998
4222.0,1.1609999999999998
4223.0,1.1609999999999998
4224.0,1.1609999999999998
4225.0,1.1609999999999998
4226.0,1.1609999999999998
4227.0,1.1609999999999998
4228.0,1.1609999999999998
4229.0,1.1609999999999998
4230.0,1.1609999999999998
4231.0,1.1609999999999998
4232.0,1.1609999999999998
4233.0,1.1179999999999999
4234.0,1.1609999999999998
4235.0,1.1609999999999998
4236.0,1.1609999999999998
4237.0,1.1179999999999999
4238.0,1.1609999999999998
4239.0,1.1179999999999999
4240.0,1.1609999999999998
4241.0,1.1609999999999998
4242.0,1.1609999999999998
4243.0,1.1609999999999998
4244.0,1.1609999999999998
4245.0,1.1609999999999998
4246.0,1.1609999999999998
4247.0,1.1179999999999999
4248.0,1.1609999999999998
4249.0,1.1179999999999999
4250.0,1.1609999999999998
4251.0,1.1179999999999999
4252.0,1.1609999999999998
4253.0,1.1179999999999999
4254.0,1.1609999999999998
4255.0,1.1179999999999999
4256.0,1.1609999999999998
4257.0,1.1179999999999999
4258.0,1.1609999999999998
4259.0,1.1179999999999999
4260.0,1.1609999999999998
4261.0,1.1179999999999999
4262.0,1.1609999999999998
4263.0,1.1609999999999998
4264.0,1.1609999999999998
4265.0,1.1609999999999998
4266.0,1.1609999999999998
4267.0,1.1609999999999998
4268.0,1.1609999999999998
4269.0,1.1609999999999998
4270.0,1.1609999999999998
4271.0,1.1179999999999999
4272.0,1.1609999999999998
4273.0,1.1609999999999998
4274.0,1.1609999999999998
4275.0,1.1609999999999998
4276.0,1.1609999999999998
4277.0,1.1609999999999998
4278.0,1.1609999999999998
4279.0,1.1179999999999999
4280.0,1.1609999999999998
4281.0,1.1609999999999998
4282.0,1.1609999999999998
4283.0,1.1609999999999998
4284.0,1.1609999999999998
4285.0,1.1609999999999998
4286.0,1.1609999999999998
4287.0,1.1179999999999999
4288.0,1.1179999999999999
4289.0,1.1179999999999999
4290.0,1.1609999999999998
4291.0,1.1609999999999998
4292.0,1.1609999999999998
4293.0,1.1179999999999999
4294.0,1.1609999999999998
4295.0,1.1609999999999998
4296.0,1.1609999999999998
4297.0,1.1179999999999999
4298.0,1.1609999999999998
4299.0,1.1179999999999999
4300.0,1.1609999999999998
4301.0,1.1179999999999999
4302.0,1.1609999999999998
4303.0,1.1609999999999998
4304.0,1.1609999999999998
4305.0,1.1609999999999998
4306.0,1.1609999999999998
4307.0,1.1609999999999998
4308.0,1.1609999999999998
4309.0,1.1609999999999998
4310.0,1.1609999999999998
4311.0,1.1179999999999999
4312.0,1.1609999999999998
4313.0,1.1609999999999998
4314.0,1.1609999999999998
4315.0,1.1179999999999999
4316.0,1.1609999999999998
4317.0,1.1609999999999998
4318.0,1.1609999999999998
4319.0,1.1179999999999999
4320.0,1.1609999999999998
4321.0,1.1179999999999999
4322.0,1.1609999999999998
4323.0,1.1609999999999998
4324.0,1.1609999999999998
4325.0,1.1179999999999999
4326.0,1.1609999999999998
4327.0,1.1179999999999999
4328.0,1.1609999999999998
4329.0,1.1179999999999999
4330.0,1.1609999999999998
4331.0,1.1609999999999998
4332.0,1.1609999999999998
4333.0,1.1179999999999999
4334.0,1.1609999999999998
4335.0,1.1609999999999998
4336.0,1.1609999999999998
4337.0,1.1179999999999999
4338.0,1.1609999999999998
4339.0,1.1179999999999999
4340.0,1.1179999999999999
4341.0,1.1179999999999999
4342.0,1.1609999999999998
4343.0,1.1179999999999999
4344.0,1.1609999999999998
4345.0,1.1179999999999999
4346.0,1.1609999999999998
4347.0,1.1609999999999998
4348.0,1.1609999999999998
4349.0,1.1179999999999999
4350.0,1.1609999999999998
4351.0,1.1609999999999998
4352.0,1.1609999999999998
4353.0,1.1179999999999999
4354.0,1.1609999999999998
4355.0,1.1609999999999998
4356.0,1.1609999999999998
4357.0,1.1179999999999999
4358.0,1.1609999999999998
4359.0,1.1609999999999998
4360.0,1.1609999999999998
4361.0,1.1609999999999998
4362.0,1.1609999999999998
4363.0,1.1179999999999999
4364.0,1.1609999999999998
4365.0,1.1609999999999998
4366.0,1.1609999999999998
4367.0,1.1609999999999998
4368.0,1.1609999999999998
4369.0,1.1609999999999998
4370.0,1.1609999999999998
4371.0,1.1609999999999998
4372.0,1.1609999999999998
4373.0,1.1609999999999998
4374.0,1.1609999999999998
4375.0,1.1609999999999998
4376.0,1.1609999999999998
4377.0,1.1609999999999998
4378.0,1.1609999999999998
4379.0,1.1179999999999999
4380.0,1.1609999999999998
4381.0,1.1179999999999999
4382.0,1.1609999999999998
4383.0,1.1179999999999999
4384.0,1.1179999999999999
4385.0,1.1609999999999998
4386.0,1.1609999999999998
4387.0,1.1609999999999998
4388.0,1.1609999999999998
4389.0,1.1609999999999998
4390.0,1.1609999999999998
4391.0,1.1609999999999998
4392.0,1.1609999999999998
4393.0,1.1609999999999998
4394.0,1.1609999999999998
4395.0,1.1609999999999998
4396.0,1.1609999999999998
4397.0,1.1609999999999998
4398.0,1.1609999999999998
4399.0,1.1609999999999998
4400.0,1.1609999999999998
4401.0,1.1609999999999998
4402.0,1.1609999999999998
4403.0,1.1179999999999999
4404.0,1.1609999999999998
4405.0,1.1609999999999998
4406.0,1.1609999999999998
4407.0,1.1609999999999998
4408.0,1.1609999999999998
4409.0,1.1609999999999998
4410.0,1.1609999999999998
4411.0,1.1609999999999998
4412.0,1.1609999999999998
4413.0,1.1179999999999999
4414.0,1.1609999999999998
4415.0,1.1609999999999998
4416.0,1.1609999999999998
4417.0,1.1609999999999998
4418.0,1.1609999999999998
4419.0,1.1609999999999998
4420.0,1.1609999999999998
4421.0,1.1609999999999998
4422.0,1.1609999999999998
4423.0,1.1609999999999998
4424.0,1.1609999999999998
4425.0,1.1609999999999998
4426.0,1.1609999999999998
4427.0,1.1609999999999998
4428.0,1.1609999999999998
4429.0,1.1179999999999999
4430.0,1.1609999999999998
4431.0,1.1179999999999999
4432.0,1.1609999999999998
4433.0,1.1179999999999999
4434.0,1.1609999999999998
4435.0,1.1609999999999998
4436.0,1.1609999999999998
4437.0,1.1609999999999998
4438.0,1.1609999999999998
4439.0,1.1179999999999999
4440.0,1.1609999999999998
4441.0,1.1609999999999998
4442.0,1.1609999999999998
4443.0,1.1179999999999999
4444.0,1.1609999999999998
4445.0,1.1609999999999998
4446.0,1.1609999999999998
4447.0,1.1609999999999998
4448.0,1.1609999999999998
4449.0,1.1609999999999998
4450.0,1.1609999999999998
4451.0,1.1609999999999998
4452.0,1.1609999999999998
4453.0,1.1609999999999998
4454.0,1.1609999999999998
4455.0,1.1179999999999999
4456.0,1.1609999999999998
4457.0,1.1179999999999999
4458.0,1.1609999999999998
4459.0,1.1179999999999999
4460.0,1.1609999999999998
4461.0,1.1609999999999998
4462.0,1.1609999999999998
4463.0,1.1179999999999999
4464.0,1.1179999999999999
4465.0,1.1179999999999999
4466.0,1.1609999999999998
4467.0,1.1609999999999998
4468.0,1.1609999999999998
4469.0,1.1609999999999998
4470.0,1.1609999999999998
4471.0,1.1609999999999998
4472.0,1.1609999999999998
4473.0,1.1179999999999999
4474.0,1.1609999999999998
4475.0,1.1179999999999999
4476.0,1.1609999999999998
4477.0,1.1609999999999998
4478.0,1.1609999999999998
4479.0,1.1179999999999999
4480.0,1.1609999999999998
4481.0,1.1179999999999999
4482.0,1.1609999999999998
4483.0,1.1609999999999998
4484.0,1.1609999999999998
4485.0,1.1609999999999998
4486.0,1.1609999999999998
4487.0,1.1609999999999998
4488.0,1.1609999999999998
4489.0,1.1179999999999999
4490.0,1.1609999999999998
4491.0,1.1609999999999998
4492.0,1.1609999999999998
4493.0,1.1609999999999998
4494.0,1.1609999999999998
4495.0,1.1609999999999998
4496.0,1.1609999999999998
4497.0,1.1179999999999999
4498.0,1.1609999999999998
4499.0,1.1609999999999998
4500.0,1.1609999999999998
4501.0,1.1609999999999998
4502.0,1.1609999999999998
4503.0,1.1179999999999999
4504.0,1.1609999999999998
4505.0,1.1609999999999998
4506.0,1.1609999999999998
4507.0,1.1179999999999999
4508.0,1.1609999999999998
4509.0,1.1179999999999999
4510.0,1.1609999999999998
4511.0,1.1179999999999999
4512.0,1.1609999999999998
4513.0,1.1179999999999999
4514.0,1.1609999999999998
4515.0,1.1179999999999999
4516.0,1.1179999999999999
4517.0,1.1609999999999998
4518.0,1.1609999999999998
4519.0,1.1609999999999998
4520.0,1.1609999999999998
4521.0,1.1609999999999998
4522.0,1.1609999999999998
4523.0,1.1609999999999998
4524.0,1.1609999999999998
4525.0,1.1609999999999998
4526.0,1.1609999999999998
4527.0,1.1609999999999998
4528.0,1.1609999999999998
4529.0,1.1609999999999998
4530.0,1.1609999999999998
4531.0,1.1609999999999998
4532.0,1.1609999999999998
4533.0,1.1609999999999998
4534.0,1.1609999999999998
4535.0,1.1609999999999998
4536.0,1.1609999999999998
4537.0,1.1609999999999998
4538.0,1.1609999999999998
4539.0,1.1609999999999998
4540.0,1.1609999999999998
4541.0,1.1609999999999998
4542.0,1.1609999999999998
4543.0,1.1609999999999998
4544.0,1.1609999999999998
4545.0,1.1609999999999998
4546.0,1.1609999999999998
4547.0,1.1179999999999999
4548.0,1.1609999999999998
4549.0,1.1609999999999998
4550.0,1.1609999999999998
4551.0,1.1179999999999999
4552.0,1.1609999999999998
4553.0,1.1179999999999999
4554.0,1.1179999999999999
4555.0,1.1179999999999999
4556.0,1.1609999999999998
4557.0,1.1179999999999999
4558.0,1.1609999999999998
4559.0,1.1179999999999999
4560.0,1.1609999999999998
4561.0,1.1179999999999999
4562.0,1.1609999999999998
4563.0,1.1179999999999999
4564.0,1.1609999999999998
4565.0,1.1179999999999999
4566.0,1.1609999999999998
4567.0,1.1179999999999999
4568.0,1.1609999999999998
4569.0,1.1179999999999999
4570.0,1.1609999999999998
4571.0,1.1179999999999999
4572.0,1.1609999999999998
4573.0,1.1179999999999999
4574.0,1.1609999999999998
4575.0,1.1609999999999998
4576.0,1.1609999999999998
4577.0,1.1609999999999998
4578.0,1.1609999999999998
4579.0,1.1179999999999999
4580.0,1.1609999999999998
4581.0,1.1179999999999999
4582.0,1.1609999999999998
4583.0,1.1179999999999999
4584.0,1.1609999999999998
4585.0,1.1609999999999998
4586.0,1.1609999999999998
4587.0,1.1609999999999998
4588.0,1.1609999999999998
4589.0,1.1609999999999998
4590.0,1.1609999999999998
4591.0,1.1609999999999998
4592.0,1.1609999999999998
4593.0,1.1609999999999998
4594.0,1.1609999999999998
4595.0,1.1179999999999999
4596.0,1.1609999999999998
4597.0,1.1179999999999999
4598.0,1.1179999999999999
4599.0,1.1179999999999999
4600.0,1.1609999999999998
4601.0,1.1179999999999999
4602.0,1.1609999999999998
4603.0,1.1179999999999999
4604.0,1.1609999999999998
4605.0,1.1179999999999999
4606.0,1.1609999999999998
4607.0,1.1609999999999998
4608.0,1.1609999999999998
4609.0,1.1179999999999999
4610.0,1.1609999999999998
4611.0,1.1179999999999999
4612.0,1.1609999999999998
4613.0,1.1179999999999999
4614.0,1.1609999999999998
4615.0,1.1179999999999999
4616.0,1.1609999999999998
4617.0,1.1609999999999998
4618.0,1.1609999999999998
4619.0,1.1179999999999999
4620.0,1.1609999999999998
4621.0,1.1609999999999998
4622.0,1.1609999999999998
4623.0,1.1609999999999998
4624.0,1.1609999999999998
4625.0,1.1179999999999999
4626.0,1.1609999999999998
4627.0,1.1609999999999998
4628.0,1.1609999999999998
4629.0,1.1609999999999998
4630.0,1.1609999999999998
4631.0,1.1609999999999998
4632.0,1.1609999999999998
4633.0,1.1609999999999998
4634.0,1.1609999999999998
4635.0,1.1609999999999998
4636.0,1.1609999999999998
4637.0,1.1609999999999998
4638.0,1.1609999999999998
4639.0,1.1609999999999998
4640.0,1.1609999999999998
4641.0,1.1609999999999998
4642.0,1.1609999999999998
4643.0,1.1179999999999999
4644.0,1.1609999999999998
4645.0,1.1179999999999999
4646.0,1.1609999999999998
4647.0,1.1609999999999998
4648.0,1.1609999999999998
4649.0,1.1179999999999999
4650.0,1.1179999999999999
4651.0,1.1179999999999999
4652.0,1.1609999999999998
4653.0,1.1609999999999998
4654.0,1.1609999999999998
4655.0,1.1179999999999999
4656.0,1.1609999999999998
4657.0,1.1609999999999998
4658.0,1.1609999999999998
4659.0,1.1609999999999998
4660.0,1.1609999999999998
4661.0,1.1609999999999998
4662.0,1.1609999999999998
4663.0,1.1609999999999998
4664.0,1.1609999999999998
4665.0,1.1609999999999998
4666.0,1.1609999999999998
4667.0,1.1179999999999999
4668.0,1.1609999999999998
4669.0,1.1179999999999999
4670.0,1.1609999999999998
4671.0,1.1179999999999999
4672.0,1.1609999999999998
4673.0,1.1609999999999998
4674.0,1.1609999999999998
4675.0,1.1609999999999998
4676.0,1.1609999999999998
4677.0,1.1609999999999998
4678.0,1.1609999999999998
4679.0,1.1609999999999998
4680.0,1.1609999999999998
4681.0,1.1179999999999999
4682.0,1.1609999999999998
4683.0,1.1609999999999998
4684.0,1.1609999999999998
4685.0,1.1609999999999998
4686.0,1.1609999999999998
4687.0,1.1179999999999999
4688.0,1.1609999999999998
4689.0,1.1179999999999999
4690.0,1.1609999999999998
4691.0,1.1179999999999999
4692.0,1.1609999999999998
4693.0,1.1609999999999998
4694.0,1.1609999999999998
4695.0,1.1609999999999998
4696.0,1.1609999999999998
4697.0,1.1609999999999998
4698.0,1.1609999999999998
4699.0,1.1609999999999998
4700.0,1.1609999999999998
4701.0,1.1609999999999998
4702.0,1.1609999999999998
4703.0,1.1609999999999998
4704.0,1.1609999999999998
4705.0,1.1609999999999998
4706.0,1.1609999999999998
4707.0,1.1609999999999998
4708.0,1.1609999999999998
4709.0,1.1609999999999998
4710.0,1.1609999999999998
4711.0,1.1609999999999998
4712.0,1.1609999999999998
4713.0,1.1179999999999999
4714.0,1.1609999999999998
4715.0,1.1609999999999998
4716.0,1.1609999999999998
4717.0,1.1609999999999998
4718.0,1.1609999999999998
4719.0,1.1179999999999999
4720.0,1.1609999999999998
4721.0,1.1609999999999998
4722.0,1.1609999999999998
4723.0,1.1609999999999998
4724.0,1.1609999999999998
4725.0,1.1179999999999999
4726.0,1.1609999999999998
4727.0,1.1609999999999998
4728.0,1.1609999999999998
4729.0,1.1179999999999999
4730.0,1.1609999999999998
4731.0,1.1179999999999999
4732.0,1.1609999999999998
4733.0,1.1179999999999999
4734.0,1.1609999999999998
4735.0,1.1179999999999999
4736.0,1.1609999999999998
4737.0,1.1609999999999998
4738.0,1.1609999999999998
4739.0,1.1609999999999998
4740.0,1.1609999999999998
4741.0,1.1609999999999998
4742.0,1.1609999999999998
4743.0,1.1179999999999999
4744.0,1.1609999999999998
4745.0,1.1179999999999999
4746.0,1.1609999999999998
4747.0,1.1179999999999999
4748.0,1.1609999999999998
4749.0,1.1609999999999998
4750.0,1.1609999999999998
4751.0,1.1609999999999998
4752.0,1.1609999999999998
4753.0,1.1609999999999998
4754.0,1.1609999999999998
4755.0,1.1179999999999999
4756.0,1.1609999999999998
4757.0,1.1179999999999999
4758.0,1.1609999999999998
4759.0,1.1609999999999998
4760.0,1.1609999999999998
4761.0,1.1179999999999999
4762.0,1.1609999999999998
4763.0,1.1179999999999999
4764.0,1.1609999999999998
4765.0,1.1179999999999999
4766.0,1.1609999999999998
4767.0,1.1179999999999999
4768.0,1.1609999999999998
4769.0,1.1179999999999999
4770.0,1.1609999999999998
4771.0,1.1609999999999998
4772.0,1.1609999999999998
4773.0,1.1179999999999999
4774.0,1.1609999999999998
4775.0,1.1179999999999999
4776.0,1.1609999999999998
4777.0,1.1179999999999999
4778.0,1.1609999999999998
4779.0,1.1179999999999999
4780.0,1.1179999999999999
4781.0,1.1179999999999999
4782.0,1.1609999999999998
4783.0,1.1179999999999999
4784.0,1.1609999999999998
4785.0,1.1609999999999998
4786.0,1.1609999999999998
4787.0,1.1609999999999998
4788.0,1.1609999999999998
4789.0,1.1609999999999998
4790.0,1.1609999999999998
4791.0,1.1609999999999998
4792.0,1.1609999999999998
4793.0,1.1609999999999998
4794.0,1.1609999999999998
4795.0,1.1179999999999999
4796.0,1.1609999999999998
4797.0,1.1609999999999998
4798.0,1.1609999999999998
4799.0,1.1609999999999998
4800.0,1.1609999999999998
4801.0,1.1609999999999998
4802.0,1.1609999999999998
4803.0,1.1179999999999999
4804.0,1.1609999999999998
4805.0,1.1179999999999999
4806.0,1.1609999999999998
4807.0,1.1179999999999999
4808.0,1.1179999999999999
4809.0,1.1179999999999999
4810.0,1.1609999999999998
4811.0,1.1179999999999999
4812.0,1.1609999999999998
4813.0,1.1609999999999998
4814.0,1.1609999999999998
4815.0,1.1179999999999999
4816.0,1.1609999999999998
4817.0,1.1179999999999999
4818.0,1.1609999999999998
4819.0,1.1179999999999999
4820.0,1.1609999999999998
4821.0,1.1179999999999999
4822.0,1.1609999999999998
4823.0,1.1609999999999998
4824.0,1.1609999999999998
4825.0,1.1179999999999999
4826.0,1.1609999999999998
4827.0,1.1609999999999998
4828.0,1.1609999999999998
4829.0,1.1179999999999999
4830.0,1.1609999999999998
4831.0,1.1179999999999999
4832.0,1.1609999999999998
4833.0,1.1179999999999999
4834.0,1.1609999999999998
4835.0,1.1179999999999999
4836.0,1.1609999999999998
4837.0,1.1179999999999999
4838.0,1.1609999999999998
4839.0,1.1179999999999999
4840.0,1.1609999999999998
4841.0,1.1609999999999998
4842.0,1.1609999999999998
4843.0,1.1609999999999998
4844.0,1.1609999999999998
4845.0,1.1609999999999998
4846.0,1.1609999999999998
4847.0,1.1179999999999999
4848.0,1.1609999999999998
4849.0,1.1179999999999999
4850.0,1.1609999999999998
4851.0,1.1179999999999999
4852.0,1.1609999999999998
4853.0,1.1179999999999999
4854.0,1.1609999999999998
4855.0,1.1609999999999998
4856.0,1.1609999999999998
4857.0,1.1179999999999999
4858.0,1.1609999999999998
4859.0,1.1179999999999999
4860.0,1.1609999999999998
4861.0,1.1609999999999998
4862.0,1.1609999999999998
4863.0,1.1179999999999999
4864.0,1.1609999999999998
4865.0,1.1179999999999999
4866.0,1.1609999999999998
4867.0,1.1179999999999999
4868.0,1.1609999999999998
4869.0,1.1179999999999999
4870.0,1.1609999999999998
4871.0,1.1609999999999998
4872.0,1.1609999999999998
4873.0,1.1179999999999999
4874.0,1.1609999999999998
4875.0,1.1179999999999999
4876.0,1.1609999999999998
4877.0,1.1179999999999999
4878.0,1.1609999999999998
4879.0,1.1609999999999998
4880.0,1.1609999999999998
4881.0,1.1609999999999998
4882.0,1.1609999999999998
4883.0,1.1179999999999999
4884.0,1.1609999999999998
4885.0,1.1609999999999998
4886.0,1.1609999999999998
4887.0,1.1609999999999998
4888.0,1.1609999999999998
4889.0,1.1179999999999999
4890.0,1.1609999999999998
4891.0,1.1179999999999999
4892.0,1.1609999999999998
4893.0,1.1609999999999998
4894.0,1.1609999999999998
4895.0,1.1609999999999998
4896.0,1.1609999999999998
4897.0,1.1179999999999999
4898.0,1.1609999999999998
4899.0,1.1179999999999999
4900.0,1.1609999999999998
4901.0,1.1609999999999998
4902.0,1.1609999999999998
4903.0,1.1609999999999998
4904.0,1.1609999999999998
4905.0,1.1179999999999999
4906.0,1.1179999999999999
4907.0,1.1179999999999999
4908.0,1.1609999999999998
4909.0,1.1179999999999999
4910.0,1.1609999999999998
4911.0,1.1179999999999999
4912.0,1.1609999999999998
4913.0,1.1179999999999999
4914.0,1.1609999999999998
4915.0,1.1179999999999999
4916.0,1.1609999999999998
4917.0,1.1179999999999999
4918.0,1.1609999999999998
4919.0,1.1179999999999999
4920.0,1.1609999999999998
4921.0,1.1179999999999999
4922.0,1.1609999999999998
4923.0,1.1179999999999999
4924.0,1.1609999999999998
4925.0,1.1179999999999999
4926.0,1.1609999999999998
4927.0,1.1179999999999999
4928.0,1.1609999999999998
4929.0,1.1179999999999999
4930.0,1.1609999999999998
4931.0,1.1609999999999998
4932.0,1.1609999999999998
4933.0,1.1179999999999999
4934.0,1.1609999999999998
4935.0,1.1609999999999998
4936.0,1.1609999999999998
4937.0,1.1609999999999998
4938.0,1.1609999999999998
4939.0,1.1179999999999999
4940.0,1.1609999999999998
4941.0,1.1179999999999999
4942.0,1.1609999999999998
4943.0,1.1179999999999999
4944.0,1.1609999999999998
4945.0,1.1609999999999998
4946.0,1.1609999999999998
4947.0,1.1609999999999998
4948.0,1.1609999999999998
4949.0,1.1179999999999999
4950.0,1.1609999999999998
4951.0,1.1179999999999999
4952.0,1.1609999999999998
4953.0,1.1609999999999998
4954.0,1.1609999999999998
4955.0,1.1179999999999999
4956.0,1.1609999999999998
4957.0,1.1179999999999999
4958.0,1.1609999999999998
4959.0,1.1609999999999998
4960.0,1.1609999999999998
4961.0,1.1609999999999998
4962.0,1.1609999999999998
4963.0,1.1179999999999999
4964.0,1.1609999999999998
4965.0,1.1609999999999998
4966.0,1.1609999999999998
4967.0,1.1179999999999999
4968.0,1.1609999999999998
4969.0,1.1609999999999998
4970.0,1.1609999999999998
4971.0,1.1609999999999998
4972.0,1.1609999999999998
4973.0,1.1609999999999998
4974.0,1.1609999999999998
4975.0,1.1179999999999999
4976.0,1.1609999999999998
4977.0,1.1609999999999998
4978.0,1.1609999999999998
4979.0,1.1179999999999999
4980.0,1.1609999999999998
4981.0,1.1179999999999999
4982.0,1.1609999999999998
4983.0,1.1179999999999999
4984.0,1.1609999999999998
4985.0,1.1179999999999999
4986.0,1.1609999999999998
4987.0,1.1179999999999999
4988.0,1.1609999999999998
4989.0,1.1179999999999999
4990.0,1.1609999999999998
4991.0,1.1609999999999998
4992.0,1.1609999999999998
4993.0,1.1179999999999999
4994.0,1.1609999999999998
4995.0,1.1179999999999999
4996.0,1.1609999999999998
4997.0,1.1609999999999998
4998.0,1.1609999999999998
4999.0,1.1609999999999998
5000.0,1.1609999999999998
5001.0,1.1179999999999999
5002.0,1.1609999999999998
5003.0,1.1609999999999998
5004.0,1.1609999999999998
5005.0,1.1179999999999999
5006.0,1.1609999999999998
5007.0,1.1179999999999999
5008.0,1.1609999999999998
5009.0,1.1179999999999999
5010.0,1.1609999999999998
5011.0,1.1179999999999999
5012.0,1.1609999999999998
5013.0,1.1609999999999998
5014.0,1.1609999999999998
5015.0,1.1609999999999998
5016.0,1.1609999999999998
5017.0,1.1179999999999999
5018.0,1.1609999999999998
5019.0,1.1609999999999998
5020.0,1.1609999999999998
5021.0,1.1609999999999998
5022.0,1.1609999999999998
5023.0,1.1609999999999998
5024.0,1.1609999999999998
5025.0,1.1609999999999998
5026.0,1.1609999999999998
5027.0,1.1609999999999998
5028.0,1.1609999999999998
5029.0,1.1609999999999998
5030.0,1.1609999999999998
5031.0,1.1609999999999998
5032.0,1.1609999999999998
5033.0,1.1609999999999998
5034.0,1.1609999999999998
5035.0,1.1179999999999999
5036.0,1.1609999999999998
5037.0,1.1609999999999998
5038.0,1.1179999999999999
5039.0,1.1179999999999999
5040.0,1.1609999999999998
5041.0,1.1179999999999999
5042.0,1.1609999999999998
5043.0,1.1179999999999999
5044.0,1.1609999999999998
5045.0,1.1179999999999999
5046.0,1.1609999999999998
5047.0,1.1609999999999998
5048.0,1.1609999999999998
5049.0,1.1609999999999998
5050.0,1.1609999999999998
5051.0,1.1609999999999998
5052.0,1.1609999999999998
5053.0,1.1609999999999998
5054.0,1.1609999999999998
5055.0,1.1609999999999998
5056.0,1.1609999999999998
5057.0,1.1179999999999999
5058.0,1.1609999999999998
5059.0,1.1609999999999998
5060.0,1.1609999999999998
5061.0,1.1609999999999998
5062.0,1.1609999999999998
5063.0,1.1609999999999998
5064.0,1.1609999999999998
5065.0,1.1609999999999998
5066.0,1.1609999999999998
5067.0,1.1609999999999998
5068.0,1.1609999999999998
5069.0,1.1609999999999998
5070.0,1.1609999999999998
5071.0,1.1609999999999998
5072.0,1.1609999999999998
5073.0,1.1609999999999998
5074.0,1.1609999999999998
5075.0,1.1179999999999999
5076.0,1.1609999999999998
5077.0,1.1179999999999999
5078.0,1.1609999999999998
5079.0,1.1609999999999998
5080.0,1.1609999999999998
5081.0,1.1609999999999998
5082.0,1.1609999999999998
5083.0,1.1179999999999999
5084.0,1.1609999999999998
5085.0,1.1179999999999999
5086.0,1.1609999999999998
5087.0,1.1179999999999999
5088.0,1.1609999999999998
5089.0,1.1609999999999998
5090.0,1.1609999999999998
5091.0,1.1179999999999999
5092.0,1.1609999999999998
5093.0,1.1609999999999998
5094.0,1.1609999999999998
5095.0,1.1609999999999998
5096.0,1.1609999999999998
5097.0,1.1179999999999999
5098.0,1.1609999999999998
5099.0,1.1179999999999999
5100.0,1.1609999999999998
5101.0,1.1179999999999999
5102.0,1.1609999999999998
5103.0,1.1179999999999999
5104.0,1.1609999999999998
5105.0,1.1609999999999998
5106.0,1.1609999999999998
5107.0,1.1179999999999999
5108.0,1.1609999999999998
5109.0,1.1609999999999998
5110.0,1.1609999999999998
5111.0,1.1179999999999999
5112.0,1.1609999999999998
5113.0,1.1179999999999999
5114.0,1.1609999999999998
5115.0,1.1179999999999999
5116.0,1.1609999999999998
5117.0,1.1609999999999998
5118.0,1.1609999999999998
5119.0,1.1609999999999998
5120.0,1.1609999999999998
5121.0,1.1609999999999998
5122.0,1.1609999999999998
5123.0,1.1609999999999998
5124.0,1.1609999999999998
5125.0,1.1609999999999998
5126.0,1.1609999999999998
5127.0,1.1179999999999999
5128.0,1.1609999999999998
5129.0,1.1179999999999999
5130.0,1.1609999999999998
5131.0,1.1179999999999999
5132.0,1.1609999999999998
5133.0,1.1179999999999999
5134.0,1.1609999999999998
5135.0,1.1179999999999999
5136.0,1.1609999999999998
5137.0,1.1179999999999999
5138.0,1.1609999999999998
5139.0,1.1179999999999999
5140.0,1.1609999999999998
5141.0,1.1609999999999998
5142.0,1.1609999999999998
5143.0,1.1179999999999999
5144.0,1.1609999999999998
5145.0,1.1609999999999998
5146.0,1.1609999999999998
5147.0,1.1179999999999999
5148.0,1.1609999999999998
5149.0,1.1609999999999998
5150.0,1.1609999999999998
5151.0,1.1609999999999998
5152.0,1.1609999999999998
5153.0,1.1609999999999998
5154.0,1.1609999999999998
5155.0,1.1179999999999999
5156.0,1.1609999999999998
5157.0,1.1179999999999999
5158.0,1.1609999999999998
5159.0,1.1609999999999998
5160.0,1.1609999999999998
5161.0,1.1609999999999998
5162.0,1.1609999999999998
5163.0,1.1609999999999998
5164.0,1.1609999999999998
5165.0,1.1179999999999999
5166.0,1.1609999999999998
5167.0,1.1179999999999999
5168.0,1.1609999999999998
5169.0,1.1179999999999999
5170.0,1.1609999999999998
5171.0,1.1609999999999998
5172.0,1.1609999999999998
5173.0,1.1179999999999999
5174.0,1.1609999999999998
5175.0,1.1179999999999999
5176.0,1.1609999999999998
5177.0,1.1609999999999998
5178.0,1.1609999999999998
5179.0,1.1179999999999999
5180.0,1.1609999999999998
5181.0,1.1179999999999999
5182.0,1.1609999999999998
5183.0,1.1609999999999998
5184.0,1.1609999999999998
5185.0,1.1609999999999998
5186.0,1.1609999999999998
5187.0,1.1609999999999998
5188.0,1.1609999999999998
5189.0,1.1609999999999998
5190.0,1.1609999999999998
5191.0,1.1609999999999998
5192.0,1.1179999999999999
5193.0,1.1609999999999998
5194.0,1.1609999999999998
5195.0,1.1609999999999998
5196.0,1.1609999999999998
5197.0,1.1609999999999998
5198.0,1.1609999999999998
5199.0,1.1179999999999999
5200.0,1.1179999999999999
5201.0,1.1179999999999999
5202.0,1.1609999999999998
5203.0,1.1179999999999999
5204.0,1.1609999999999998
5205.0,1.1179999999999999
5206.0,1.1609999999999998
5207.0,1.1609999999999998
5208.0,1.1609999999999998
5209.0,1.1179999999999999
5210.0,1.1609999999999998
5211.0,1.1179999999999999
5212.0,1.1609999999999998
5213.0,1.1179999999999999
5214.0,1.1609999999999998
5215.0,1.1179999999999999
5216.0,1.1609999999999998
5217.0,1.1179999999999999
5218.0,1.1609999999999998
5219.0,1.1609999999999998
5220.0,1.1609999999999998
5221.0,1.1609999999999998
5222.0,1.1609999999999998
5223.0,1.1609999999999998
5224.0,1.1609999999999998
5225.0,1.1609999999999998
5226.0,1.1609999999999998
5227.0,1.1179999999999999
5228.0,1.1609999999999998
5229.0,1.1179999999999999
5230.0,1.1609999999999998
5231.0,1.1179999999999999
5232.0,1.1609999999999998
5233.0,1.1609999999999998
5234.0,1.1609999999999998
5235.0,1.1609999999999998
5236.0,1.1609999999999998
5237.0,1.1609999999999998
5238.0,1.1609999999999998
5239.0,1.1179999999999999
5240.0,1.1179999999999999
5241.0,1.1609999999999998
5242.0,1.1609999999999998
5243.0,1.1179999999999999
5244.0,1.1609999999999998
5245.0,1.1179999999999999
5246.0,1.1179999999999999
5247.0,1.1179999999999999
5248.0,1.1609999999999998
5249.0,1.1179999999999999
5250.0,1.1609999999999998
5251.0,1.1179999999999999
5252.0,1.1609999999999998
5253.0,1.1179999999999999
5254.0,1.1609999999999998
5255.0,1.1179999999999999
5256.0,1.1609999999999998
5257.0,1.1179999999999999
5258.0,1.1609999999999998
5259.0,1.1609999999999998
5260.0,1.1609999999999998
5261.0,1.1609999999999998
5262.0,1.1609999999999998
5263.0,1.1609999999999998
5264.0,1.1609999999999998
5265.0,1.1179999999999999
5266.0,1.1609999999999998
5267.0,1.1179999999999999
5268.0,1.1609999999999998
5269.0,1.1179999999999999
5270.0,1.1609999999999998
5271.0,1.1179999999999999
5272.0,1.1609999999999998
5273.0,1.1179999999999999
5274.0,1.1609999999999998
5275.0,1.1609999999999998
5276.0,1.1609999999999998
5277.0,1.1609999999999998
5278.0,1.1609999999999998
5279.0,1.1609999999999998
5280.0,1.1609999999999998
5281.0,1.1179999999999999
5282.0,1.1609999999999998
5283.0,1.1179999999999999
5284.0,1.1609999999999998
5285.0,1.1179999999999999
5286.0,1.1609999999999998
5287.0,1.1179999999999999
5288.0,1.1609999999999998
5289.0,1.1179999999999999
5290.0,1.1609999999999998
5291.0,1.1179999999999999
5292.0,1.1609999999999998
5293.0,1.1609999999999998
5294.0,1.1609999999999998
5295.0,1.1609999999999998
5296.0,1.1609999999999998
5297.0,1.1179999999999999
5298.0,1.1609999999999998
5299.0,1.1179999999999999
5300.0,1.1609999999999998
5301.0,1.1609999999999998
5302.0,1.1609999999999998
5303.0,1.1179999999999999
5304.0,1.1609999999999998
5305.0,1.1609999999999998
5306.0,1.1609999999999998
5307.0,1.1179999999999999
5308.0,1.1609999999999998
5309.0,1.1179999999999999
5310.0,1.1609999999999998
5311.0,1.1179999999999999
5312.0,1.1609999999999998
5313.0,1.1179999999999999
5314.0,1.1609999999999998
5315.0,1.1179999999999999
5316.0,1.1609999999999998
5317.0,1.1609999999999998
5318.0,1.1609999999999998
5319.0,1.1609999999999998
5320.0,1.1609999999999998
5321.0,1.1609999999999998
5322.0,1.1609999999999998
5323.0,1.1179999999999999
5324.0,1.1609999999999998
5325.0,1.1609999999999998
5326.0,1.1609999999999998
5327.0,1.1179999999999999
5328.0,1.1609999999999998
5329.0,1.1179999999999999
5330.0,1.1609999999999998
5331.0,1.1179999999999999
5332.0,1.1609999999999998
5333.0,1.1179999999999999
5334.0,1.1609999999999998
5335.0,1.1179999999999999
5336.0,1.1609999999999998
5337.0,1.1179999999999999
5338.0,1.1609999999999998
5339.0,1.1179999999999999
5340.0,1.1609999999999998
5341.0,1.1179999999999999
5342.0,1.1609999999999998
5343.0,1.1179999999999999
5344.0,1.1609999999999998
5345.0,1.1609999999999998
5346.0,1.1609999999999998
5347.0,1.1179999999999999
5348.0,1.1609999999999998
5349.0,1.1609999999999998
5350.0,1.1609999999999998
5351.0,1.1179999999999999
5352.0,1.1609999999999998
5353.0,1.1609999999999998
5354.0,1.1609999999999998
5355.0,1.1179999999999999
5356.0,1.1609999999999998
5357.0,1.1609999999999998
5358.0,1.1609999999999998
5359.0,1.1179999999999999
5360.0,1.1609999999999998
5361.0,1.1179999999999999
5362.0,1.1609999999999998
5363.0,1.1179999999999999
5364.0,1.1609999999999998
5365.0,1.1609999999999998
5366.0,1.1609999999999998
5367.0,1.1179999999999999
5368.0,1.1609999999999998
5369.0,1.1179999999999999
5370.0,1.1609999999999998
5371.0,1.1179999999999999
5372.0,1.1179999999999999
5373.0,1.1179999999999999
5374.0,1.1609999999999998
5375.0,1.1179999999999999
5376.0,1.1179999999999999
5377.0,1.1179999999999999
5378.0,1.1609999999999998
5379.0,1.1179999999999999
5380.0,1.1609999999999998
5381.0,1.1609999999999998
5382.0,1.1609999999999998
5383.0,1.1609999999999998
5384.0,1.1609999999999998
5385.0,1.1179999999999999
5386.0,1.1609999999999998
5387.0,1.1179999999999999
5388.0,1.1609999999999998
5389.0,1.1609999999999998
5390.0,1.1609999999999998
5391.0,1.1179999999999999
5392.0,1.1609999999999998
5393.0,1.1609999999999998
5394.0,1.1609999999999998
5395.0,1.1179999999999999
5396.0,1.1609999999999998
5397.0,1.1609999999999998
5398.0,1.1609999999999998
5399.0,1.1179999999999999
5400.0,1.1609999999999998
5401.0,1.1609999999999998
5402.0,1.1609999999999998
5403.0,1.1609999999999998
5404.0,1.1609999999999998
5405.0,1.1179999999999999
5406.0,1.1609999999999998
5407.0,1.1179999999999999
5408.0,1.1609999999999998
5409.0,1.1179999999999999
5410.0,1.1609999999999998
5411.0,1.1179999999999999
5412.0,1.1609999999999998
5413.0,1.1179999999999999
5414.0,1.1609999999999998
5415.0,1.1609999999999998
5416.0,1.1609999999999998
5417.0,1.1609999999999998
5418.0,1.1609999999999998
5419.0,1.1179999999999999
5420.0,1.1609999999999998
5421.0,1.1179999999999999
5422.0,1.1609999999999998
5423.0,1.1179999999999999
5424.0,1.1609999999999998
5425.0,1.1179999999999999
5426.0,1.1609999999999998
5427.0,1.1179999999999999
5428.0,1.1609999999999998
5429.0,1.1179999999999999
5430.0,1.1609999999999998
5431.0,1.1609999999999998
5432.0,1.1609999999999998
5433.0,1.1609999999999998
5434.0,1.1609999999999998
5435.0,1.1179999999999999
5436.0,1.1609999999999998
5437.0,1.1179999999999999
5438.0,1.1609999999999998
5439.0,1.1179999999999999
5440.0,1.1609999999999998
5441.0,1.1179999999999999
5442.0,1.1609999999999998
5443.0,1.1179999999999999
5444.0,1.1179999999999999
5445.0,1.1609999999999998
5446.0,1.1609999999999998
5447.0,1.1179999999999999
5448.0,1.1179999999999999
5449.0,1.1179999999999999
5450.0,1.1609999999999998
5451.0,1.1179999999999999
5452.0,1.1609999999999998
5453.0,1.1179999999999999
5454.0,1.1179999999999999
5455.0,1.1179999999999999
5456.0,1.1179999999999999
5457.0,1.1179999999999999
5458.0,1.1609999999999998
5459.0,1.1179999999999999
5460.0,1.1179999999999999
5461.0,1.1179999999999999
5462.0,1.1609999999999998
5463.0,1.1179999999999999
5464.0,1.1609999999999998
5465.0,1.1179999999999999
5466.0,1.1609999999999998
5467.0,1.1179999999999999
5468.0,1.1609999999999998
5469.0,1.1179999999999999
5470.0,1.1179999999999999
5471.0,1.1179999999999999
5472.0,1.1609999999999998
5473.0,1.1179999999999999
5474.0,1.1609999999999998
5475.0,1.1179999999999999
5476.0,1.1609999999999998
5477.0,1.1179999999999999
5478.0,1.1609999999999998
5479.0,1.1609999999999998
5480.0,1.1609999999999998
5481.0,1.1179999999999999
5482.0,1.1609999999999998
5483.0,1.1179999999999999
5484.0,1.1609999999999998
5485.0,1.1609999999999998
5486.0,1.1609999999999998
5487.0,1.1609999999999998
5488.0,1.1609999999999998
5489.0,1.1179999999999999
5490.0,1.1609999999999998
5491.0,1.1609999999999998
5492.0,1.1609999999999998
5493.0,1.1179999999999999
5494.0,1.1179999999999999
5495.0,1.1179999999999999
5496.0,1.1609999999999998
5497.0,1.1179999999999999
5498.0,1.1609999999999998
5499.0,1.1179999999999999
5500.0,1.1609999999999998
5501.0,1.1179999999999999
5502.0,1.1609999999999998
5503.0,1.1609999999999998
5504.0,1.1609999999999998
5505.0,1.1179999999999999
5506.0,1.1609999999999998
5507.0,1.1179999999999999
5508.0,1.1609999999999998
5509.0,1.1179999999999999
5510.0,1.1609999999999998
5511.0,1.1179999999999999
5512.0,1.1609999999999998
5513.0,1.1179999999999999
5514.0,1.1609999999999998
5515.0,1.1609999999999998
5516.0,1.1609999999999998
5517.0,1.1609999999999998
5518.0,1.1609999999999998
5519.0,1.1609999999999998
5520.0,1.1609999999999998
5521.0,1.1179999999999999
5522.0,1.1179999999999999
5523.0,1.1609999999999998
5524.0,1.1609999999999998
5525.0,1.1179999999999999
5526.0,1.1609999999999998
5527.0,1.1179999999999999
5528.0,1.1609999999999998
5529.0,1.1179999999999999
5530.0,1.1609999999999998
5531.0,1.1179999999999999
5532.0,1.1609999999999998
5533.0,1.1609999999999998
5534.0,1.1609999999999998
5535.0,1.1609999999999998
5536.0,1.1609999999999998
5537.0,1.1179999999999999
5538.0,1.1179999999999999
5539.0,1.1609999999999998
5540.0,1.1609999999999998
5541.0,1.1609999999999998
5542.0,1.1609999999999998
5543.0,1.1609999999999998
5544.0,1.1609999999999998
5545.0,1.1609999999999998
5546.0,1.1609999999999998
5547.0,1.1179999999999999
5548.0,1.1179999999999999
5549.0,1.1179999999999999
5550.0,1.1609999999999998
5551.0,1.1179999999999999
5552.0,1.1609999999999998
5553.0,1.1179999999999999
5554.0,1.1179999999999999
5555.0,1.1609999999999998
5556.0,1.1179999999999999
5557.0,1.1179999999999999
5558.0,1.1179999999999999
5559.0,1.1179999999999999
5560.0,1.1179999999999999
5561.0,1.1179999999999999
5562.0,1.1609999999999998
5563.0,1.1179999999999999
5564.0,1.1609999999999998
5565.0,1.1179999999999999
5566.0,1.1609999999999998
5567.0,1.1179999999999999
5568.0,1.1609999999999998
5569.0,1.1179999999999999
5570.0,1.1609999999999998
5571.0,1.1609999999999998
5572.0,1.1609999999999998
5573.0,1.1179999999999999
5574.0,1.1609999999999998
5575.0,1.1179999999999999
5576.0,1.1609999999999998
5577.0,1.1609999999999998
5578.0,1.1609999999999998
5579.0,1.1609999999999998
5580.0,1.1609999999999998
5581.0,1.1179999999999999
5582.0,1.1609999999999998
5583.0,1.1179999999999999
5584.0,1.1179999999999999
5585.0,1.1179999999999999
5586.0,1.1609999999999998
5587.0,1.1179999999999999
5588.0,1.1609999999999998
5589.0,1.1179999999999999
5590.0,1.1609999999999998
5591.0,1.1179999999999999
5592.0,1.1609999999999998
5593.0,1.1609999999999998
5594.0,1.1609999999999998
5595.0,1.1179999999999999
5596.0,1.1609999999999998
5597.0,1.1179999999999999
5598.0,1.1179999999999999
5599.0,1.1609999999999998
5600.0,1.1179999999999999
5601.0,1.1179999999999999
5602.0,1.1609999999999998
5603.0,1.1179999999999999
5604.0,1.1609999999999998
5605.0,1.1179999999999999
5606.0,1.1609999999999998
5607.0,1.1609999999999998
5608.0,1.1609999999999998
5609.0,1.1179999999999999
5610.0,1.1609999999999998
5611.0,1.1609999999999998
5612.0,1.1609999999999998
5613.0,1.1609999999999998
5614.0,1.1609999999999998
5615.0,1.1179999999999999
5616.0,1.1609999999999998
5617.0,1.1179999999999999
5618.0,1.1609999999999998
5619.0,1.1179999999999999
5620.0,1.1609999999999998
5621.0,1.1179999999999999
5622.0,1.1609999999999998
5623.0,1.1179999999999999
5624.0,1.1609999999999998
5625.0,1.1179999999999999
5626.0,1.1609999999999998
5627.0,1.1179999999999999
5628.0,1.1609999999999998
5629.0,1.1179999999999999
5630.0,1.1609999999999998
5631.0,1.1179999999999999
5632.0,1.1609999999999998
5633.0,1.1179999999999999
5634.0,1.1609999999999998
5635.0,1.1179999999999999
5636.0,1.1179999999999999
5637.0,1.1179999999999999
5638.0,1.1179999999999999
5639.0,1.1179999999999999
5640.0,1.1179999999999999
5641.0,1.1179999999999999
5642.0,1.1179999999999999
5643.0,1.1179999999999999
5644.0,1.1609999999999998
5645.0,1.1609999999999998
5646.0,1.1609999999999998
5647.0,1.1179999999999999
5648.0,1.1179999999999999
5649.0,1.1179999999999999
5650.0,1.1609999999999998
5651.0,1.1179999999999999
5652.0,1.1609999999999998
5653.0,1.1609999999999998
5654.0,1.1609999999999998
5655.0,1.1609999999999998
5656.0,1.1609999999999998
5657.0,1.1179999999999999
5658.0,1.1609999999999998
5659.0,1.1179999999999999
5660.0,1.1609999999999998
5661.0,1.1179999999999999
5662.0,1.1609999999999998
5663.0,1.1609999999999998
5664.0,1.1609999999999998
5665.0,1.1609999999999998
5666.0,1.1609999999999998
5667.0,1.1609999999999998
5668.0,1.1609999999999998
5669.0,1.1609999999999998
5670.0,1.1609999999999998
5671.0,1.1609999999999998
5672.0,1.1609999999999998
5673.0,1.1179999999999999
5674.0,1.1609999999999998
5675.0,1.1179999999999999
5676.0,1.1609999999999998
5677.0,1.1179999999999999
5678.0,1.1609999999999998
5679.0,1.1179999999999999
5680.0,1.1179999999999999
5681.0,1.1179999999999999
5682.0,1.1179999999999999
5683.0,1.1179999999999999
5684.0,1.1179999999999999
5685.0,1.1179999999999999
5686.0,1.1609999999999998
5687.0,1.1179999999999999
5688.0,1.1179999999999999
5689.0,1.1179999999999999
5690.0,1.1179999999999999
5691.0,1.1179999999999999
5692.0,1.1179999999999999
5693.0,1.1179999999999999
5694.0,1.1609999999999998
5695.0,1.1179999999999999
5696.0,1.1609999999999998
5697.0,1.1179999999999999
5698.0,1.1609999999999998
5699.0,1.1179999999999999
5700.0,1.1179999999999999
5701.0,1.1179999999999999
5702.0,1.1609999999999998
5703.0,1.1609999999999998
5704.0,1.1609999999999998
5705.0,1.1609999999999998
5706.0,1.1609999999999998
5707.0,1.1179999999999999
5708.0,1.1609999999999998
5709.0,1.1179999999999999
5710.0,1.1609999999999998
5711.0,1.1179999999999999
5712.0,1.1609999999999998
5713.0,1.1609999999999998
5714.0,1.1609999999999998
5715.0,1.1179999999999999
5716.0,1.1609999999999998
5717.0,1.1179999999999999
5718.0,1.1179999999999999
5719.0,1.1179999999999999
5720.0,1.1609999999999998
5721.0,1.1179999999999999
5722.0,1.1609999999999998
5723.0,1.1179999999999999
5724.0,1.1609999999999998
5725.0,1.1179999999999999
5726.0,1.1609999999999998
5727.0,1.1609999999999998
5728.0,1.1609999999999998
5729.0,1.1179999999999999
5730.0,1.1609999999999998
5731.0,1.1179999999999999
5732.0,1.1609999999999998
5733.0,1.1179999999999999
5734.0,1.1609999999999998
5735.0,1.1179999999999999
5736.0,1.1609999999999998
5737.0,1.1609999999999998
5738.0,1.1609999999999998
5739.0,1.1179999999999999
5740.0,1.1609999999999998
5741.0,1.1609999999999998
5742.0,1.1609999999999998
5743.0,1.1179999999999999
5744.0,1.1179999999999999
5745.0,1.1179999999999999
5746.0,1.1609999999999998
5747.0,1.1179999999999999
5748.0,1.1609999999999998
5749.0,1.1179999999999999
5750.0,1.1609999999999998
5751.0,1.1609999999999998
5752.0,1.1609999999999998
5753.0,1.1179999999999999
5754.0,1.1609999999999998
5755.0,1.1179999999999999
5756.0,1.1609999999999998
5757.0,1.1179999999999999
5758.0,1.1179999999999999
5759.0,1.1179999999999999
5760.0,1.1609999999999998
5761.0,1.1179999999999999
5762.0,1.1609999999999998
5763.0,1.1179999999999999
5764.0,1.1609999999999998
5765.0,1.1179999999999999
5766.0,1.1179999999999999
5767.0,1.1179999999999999
5768.0,1.1179999999999999
5769.0,1.1179999999999999
5770.0,1.1609999999999998
5771.0,1.1609999999999998
5772.0,1.1609999999999998
5773.0,1.1179999999999999
5774.0,1.1609999999999998
5775.0,1.1179999999999999
5776.0,1.1609999999999998
5777.0,1.1179999999999999
5778.0,1.1179999999999999
5779.0,1.1179999999999999
5780.0,1.1609999999999998
5781.0,1.1179999999999999
5782.0,1.1609999999999998
5783.0,1.1609999999999998
5784.0,1.1609999999999998
5785.0,1.1179999999999999
5786.0,1.1609999999999998
5787.0,1.1609999999999998
5788.0,1.1609999999999998
5789.0,1.1179999999999999
5790.0,1.1179999999999999
5791.0,1.1179999999999999
5792.0,1.1609999999999998
5793.0,1.1609999999999998
5794.0,1.1609999999999998
5795.0,1.1179999999999999
5796.0,1.1609999999999998
5797.0,1.1179999999999999
5798.0,1.1609999999999998
5799.0,1.1179999999999999
5800.0,1.1179999999999999
5801.0,1.1179999999999999
5802.0,1.1609999999999998
5803.0,1.1179999999999999
5804.0,1.1179999999999999
5805.0,1.1179999999999999
5806.0,1.1179999999999999
5807.0,1.1179999999999999
5808.0,1.1179999999999999
5809.0,1.1179999999999999
5810.0,1.1179999999999999
5811.0,1.1179999999999999
5812.0,1.1179999999999999
5813.0,1.1179999999999999
5814.0,1.1179999999999999
5815.0,1.1179999999999999
5816.0,1.1179999999999999
5817.0,1.1179999999999999
5818.0,1.1179999999999999
5819.0,1.1179999999999999
5820.0,1.1609999999999998
5821.0,1.1609999999999998
5822.0,1.1609999999999998
5823.0,1.1609999999999998
5824.0,1.1609999999999998
5825.0,1.1609999999999998
5826.0,1.1609999999999998
5827.0,1.1609999999999998
5828.0,1.1609999999999998
5829.0,1.1609999999999998
5830.0,1.1179999999999999
5831.0,1.1609999999999998
5832.0,1.1609999999999998
5833.0,1.1179999999999999
5834.0,1.1609999999999998
5835.0,1.1609999999999998
5836.0,1.1609999999999998
5837.0,1.1179999999999999
5838.0,1.1609999999999998
5839.0,1.1179999999999999
5840.0,1.1609999999999998
5841.0,1.1179999999999999
5842.0,1.1609999999999998
5843.0,1.1179999999999999
5844.0,1.1609999999999998
5845.0,1.1609999999999998
5846.0,1.1609999999999998
5847.0,1.1179999999999999
5848.0,1.1179999999999999
5849.0,1.1179999999999999
5850.0,1.1179999999999999
5851.0,1.1179999999999999
5852.0,1.1179999999999999
5853.0,1.1179999999999999
5854.0,1.1179999999999999
5855.0,1.1179999999999999
5856.0,1.1179999999999999
5857.0,1.1179999999999999
5858.0,1.1179999999999999
5859.0,1.1179999999999999
5860.0,1.1609999999999998
5861.0,1.1179999999999999
5862.0,1.1179999999999999
5863.0,1.1179999999999999
5864.0,1.1609999999999998
5865.0,1.1179999999999999
5866.0,1.1179999999999999
5867.0,1.1179999999999999
5868.0,1.1179999999999999
5869.0,1.1179999999999999
5870.0,1.1609999999999998
5871.0,1.1179999999999999
5872.0,1.1609999999999998
5873.0,1.1179999999999999
5874.0,1.1609999999999998
5875.0,1.1179999999999999
5876.0,1.1179999999999999
5877.0,1.1179999999999999
5878.0,1.1609999999999998
5879.0,1.1179999999999999
5880.0,1.1179999999999999
5881.0,1.1609999999999998
5882.0,1.1179999999999999
5883.0,1.1179999999999999
5884.0,1.1609999999999998
5885.0,1.1179999999999999
5886.0,1.1609999999999998
5887.0,1.1179999999999999
5888.0,1.1609999999999998
5889.0,1.1179999999999999
5890.0,1.1179999999999999
5891.0,1.1179999999999999
5892.0,1.1179999999999999
5893.0,1.1179999999999999
5894.0,1.1609999999999998
5895.0,1.1179999999999999
5896.0,1.1609999999999998
5897.0,1.1179999999999999
5898.0,1.1179999999999999
5899.0,1.1179999999999999
5900.0,1.1609999999999998
5901.0,1.1179999999999999
5902.0,1.1609999999999998
5903.0,1.1179999999999999
5904.0,1.1609999999999998
5905.0,1.1179999999999999
5906.0,1.1609999999999998
5907.0,1.1609999999999998
5908.0,1.1179999999999999
5909.0,1.1179999999999999
5910.0,1.1609999999999998
5911.0,1.1609999999999998
5912.0,1.1609999999999998
5913.0,1.1609999999999998
5914.0,1.1609999999999998
5915.0,1.1179999999999999
5916.0,1.1609999999999998
5917.0,1.1609999999999998
5918.0,1.1609999999999998
5919.0,1.1609999999999998
5920.0,1.1609999999999998
5921.0,1.1609999999999998
5922.0,1.1609999999999998
5923.0,1.1609999999999998
5924.0,1.1609999999999998
5925.0,1.1179999999999999
5926.0,1.1179999999999999
5927.0,1.1609999999999998
5928.0,1.1179999999999999
5929.0,1.1179999999999999
5930.0,1.1179999999999999
5931.0,1.1179999999999999
5932.0,1.1179999999999999
5933.0,1.1179999999999999
5934.0,1.1609999999999998
5935.0,1.1179999999999999
5936.0,1.1179999999999999
5937.0,1.1179999999999999
5938.0,1.1609999999999998
5939.0,1.1179999999999999
5940.0,1.1609999999999998
5941.0,1.1179999999999999
5942.0,1.1179999999999999
5943.0,1.1179999999999999
5944.0,1.1609999999999998
5945.0,1.1179999999999999
5946.0,1.1179999999999999
5947.0,1.1179999999999999
5948.0,1.1179999999999999
5949.0,1.1179999999999999
5950.0,1.1609999999999998
5951.0,1.1179999999999999
5952.0,1.1609999999999998
5953.0,1.1179999999999999
5954.0,1.1609999999999998
5955.0,1.1179999999999999
5956.0,1.1609999999999998
5957.0,1.1179999999999999
5958.0,1.1609999999999998
5959.0,1.1179999999999999
5960.0,1.1609999999999998
5961.0,1.1609999999999998
5962.0,1.1609999999999998
5963.0,1.1179999999999999
5964.0,1.1609999999999998
5965.0,1.1179999999999999
5966.0,1.1609999999999998
5967.0,1.1609999999999998
5968.0,1.1609999999999998
5969.0,1.1609999999999998
5970.0,1.1609999999999998
5971.0,1.1179999999999999
5972.0,1.1609999999999998
5973.0,1.1179999999999999
5974.0,1.1179999999999999
5975.0,1.1609999999999998
5976.0,1.1179999999999999
5977.0,1.1179999999999999
5978.0,1.1609999999999998
5979.0,1.1179999999999999
5980.0,1.1609999999999998
5981.0,1.1179999999999999
5982.0,1.1609999999999998
5983.0,1.1609999999999998
5984.0,1.1179999999999999
5985.0,1.1179999999999999
5986.0,1.1609999999999998
5987.0,1.1179999999999999
5988.0,1.1179999999999999
5989.0,1.1179999999999999
5990.0,1.1609999999999998
5991.0,1.1179999999999999
5992.0,1.1609999999999998
5993.0,1.1609999999999998
5994.0,1.1609999999999998
5995.0,1.1609999999999998
5996.0,1.1179999999999999
5997.0,1.1179999999999999
5998.0,1.1609999999999998
5999.0,1.1609999999999998
6000.0,1.1609999999999998
6001.0,1.1609999999999998
6002.0,1.1609999999999998
6003.0,1.1179999999999999
6004.0,1.1609999999999998
6005.0,1.1609999999999998
6006.0,1.1609999999999998
6007.0,1.1179999999999999
6008.0,1.1609999999999998
6009.0,1.1609999999999998
6010.0,1.1609999999999998
6011.0,1.1179999999999999
6012.0,1.1609999999999998
6013.0,1.1179999999999999
6014.0,1.1609999999999998
6015.0,1.1179999999999999
6016.0,1.1179999999999999
6017.0,1.1179999999999999
6018.0,1.1609999999999998
6019.0,1.1179999999999999
6020.0,1.1609999999999998
6021.0,1.1179999999999999
6022.0,1.1609999999999998
6023.0,1.1179999999999999
6024.0,1.1179999999999999
6025.0,1.1179999999999999
6026.0,1.1179999999999999
6027.0,1.1179999999999999
6028.0,1.1609999999999998
6029.0,1.1609999999999998
6030.0,1.1179999999999999
6031.0,1.1179999999999999
6032.0,1.1609999999999998
6033.0,1.1179999999999999
6034.0,1.1179999999999999
6035.0,1.1179999999999999
6036.0,1.1179999999999999
6037.0,1.1179999999999999
6038.0,1.1179999999999999
6039.0,1.1179999999999999
6040.0,1.1179999999999999
6041.0,1.1179999999999999
6042.0,1.1179999999999999
6043.0,1.1179999999999999
6044.0,1.1609999999999998
6045.0,1.1179999999999999
6046.0,1.1609999999999998
6047.0,1.1179999999999999
6048.0,1.1609999999999998
6049.0,1.1179999999999999
6050.0,1.1179999999999999
6051.0,1.1179999999999999
6052.0,1.1609999999999998
6053.0,1.1179999999999999
6054.0,1.1609999999999998
6055.0,1.1179999999999999
6056.0,1.1609999999999998
6057.0,1.1179999999999999
6058.0,1.1609999999999998
6059.0,1.1179999999999999
6060.0,1.1179999999999999
6061.0,1.1179999999999999
6062.0,1.1179999999999999
6063.0,1.1179999999999999
6064.0,1.1609999999999998
6065.0,1.1179999999999999
6066.0,1.1179999999999999
6067.0,1.1179999999999999
6068.0,1.1179999999999999
6069.0,1.1179999999999999
6070.0,1.1609999999999998
6071.0,1.1179999999999999
6072.0,1.1609999999999998
6073.0,1.1179999999999999
6074.0,1.1609999999999998
6075.0,1.1179999999999999
6076.0,1.1609999999999998
6077.0,1.1179999999999999
6078.0,1.1609999999999998
6079.0,1.1179999999999999
6080.0,1.1179999999999999
6081.0,1.1179999999999999
6082.0,1.1609999999999998
6083.0,1.1179999999999999
6084.0,1.1609999999999998
6085.0,1.1179999999999999
6086.0,1.1609999999999998
6087.0,1.1609999999999998
6088.0,1.1609999999999998
6089.0,1.1609999999999998
6090.0,1.1609999999999998
6091.0,1.1609999999999998
6092.0,1.1609999999999998
6093.0,1.1609999999999998
6094.0,1.1609999999999998
6095.0,1.1609999999999998
6096.0,1.1609999999999998
6097.0,1.1609999999999998
6098.0,1.1609999999999998
6099.0,1.1609999999999998
6100.0,1.1609999999999998
6101.0,1.1609999999999998
6102.0,1.1609999999999998
6103.0,1.1609999999999998
6104.0,1.1609999999999998
6105.0,1.1609999999999998
6106.0,1.1179999999999999
6107.0,1.1179999999999999
6108.0,1.1609999999999998
6109.0,1.1179999999999999
6110.0,1.1609999999999998
6111.0,1.1179999999999999
6112.0,1.1179999999999999
6113.0,1.1179999999999999
6114.0,1.1609999999999998
6115.0,1.1179999999999999
6116.0,1.1609999999999998
6117.0,1.1179999999999999
6118.0,1.1179999999999999
6119.0,1.1609999999999998
6120.0,1.1609999999999998
6121.0,1.1179999999999999
6122.0,1.1179999999999999
6123.0,1.1179999999999999
6124.0,1.1179999999999999
6125.0,1.1179999999999999
6126.0,1.1609999999999998
6127.0,1.1179999999999999
6128.0,1.1609999999999998
6129.0,1.1179999999999999
6130.0,1.1179999999999999
6131.0,1.1179999999999999
6132.0,1.1609999999999998
6133.0,1.1179999999999999
6134.0,1.1609999999999998
6135.0,1.1609999999999998
6136.0,1.1609999999999998
6137.0,1.1609999999999998
6138.0,1.1609999999999998
6139.0,1.1179999999999999
6140.0,1.1609999999999998
6141.0,1.1179999999999999
6142.0,1.1609999999999998
6143.0,1.1179999999999999
6144.0,1.1609999999999998
6145.0,1.1609999999999998
6146.0,1.1609999999999998
6147.0,1.1609999999999998
6148.0,1.1609999999999998
6149.0,1.1179999999999999
6150.0,1.1609999999999998
6151.0,1.1179999999999999
6152.0,1.1609999999999998
6153.0,1.1179999999999999
6154.0,1.1609999999999998
6155.0,1.1179999999999999
6156.0,1.1179999999999999
6157.0,1.1179999999999999
6158.0,1.1179999999999999
6159.0,1.1179999999999999
6160.0,1.1179999999999999
6161.0,1.1179999999999999
6162.0,1.1609999999999998
6163.0,1.1179999999999999
6164.0,1.1179999999999999
6165.0,1.1179999999999999
6166.0,1.1179999999999999
6167.0,1.1179999999999999
6168.0,1.1179999999999999
6169.0,1.1179999999999999
6170.0,1.1609999999999998
6171.0,1.1179999999999999
6172.0,1.1179999999999999
6173.0,1.1179999999999999
6174.0,1.1609999999999998
6175.0,1.1179999999999999
6176.0,1.1609999999999998
6177.0,1.1179999999999999
6178.0,1.1609999999999998
6179.0,1.1179999999999999
6180.0,1.1609999999999998
6181.0,1.1179999999999999
6182.0,1.1609999999999998
6183.0,1.1609999999999998
6184.0,1.1609999999999998
6185.0,1.1179999999999999
6186.0,1.1609999999999998
6187.0,1.1179999999999999
6188.0,1.1609999999999998
6189.0,1.1179999999999999
6190.0,1.1609999999999998
6191.0,1.1179999999999999
6192.0,1.1179999999999999
6193.0,1.1609999999999998
6194.0,1.1609999999999998
6195.0,1.1179999999999999
6196.0,1.1609999999999998
6197.0,1.1179999999999999
6198.0,1.1609999999999998
6199.0,1.1179999999999999
6200.0,1.1609999999999998
6201.0,1.1179999999999999
6202.0,1.1179999999999999
6203.0,1.1179999999999999
6204.0,1.1179999999999999
6205.0,1.1179999999999999
6206.0,1.1609999999999998
6207.0,1.1179999999999999
6208.0,1.1179999999999999
6209.0,1.1179999999999999
6210.0,1.1179999999999999
6211.0,1.1179999999999999
6212.0,1.1179999999999999
6213.0,1.1179999999999999
6214.0,1.1609999999999998
6215.0,1.1179999999999999
6216.0,1.1609999999999998
6217.0,1.1179999999999999
6218.0,1.1609999999999998
6219.0,1.1609999999999998
6220.0,1.1609999999999998
6221.0,1.1179999999999999
6222.0,1.1609999999999998
6223.0,1.1179999999999999
6224.0,1.1179999999999999
6225.0,1.1179999999999999
6226.0,1.1609999999999998
6227.0,1.1179999999999999
6228.0,1.1609999999999998
6229.0,1.1179999999999999
6230.0,1.1609999999999998
6231.0,1.1179999999999999
6232.0,1.1179999999999999
6233.0,1.1179999999999999
6234.0,1.1609999999999998
6235.0,1.1179999999999999
6236.0,1.1609999999999998
6237.0,1.1179999999999999
6238.0,1.1609999999999998
6239.0,1.1179999999999999
6240.0,1.1609999999999998
6241.0,1.1179999999999999
6242.0,1.1609999999999998
6243.0,1.1179999999999999
6244.0,1.1609999999999998
6245.0,1.1179999999999999
6246.0,1.1609999999999998
6247.0,1.1179999999999999
6248.0,1.1179999999999999
6249.0,1.1179999999999999
6250.0,1.1179999999999999
6251.0,1.1179999999999999
6252.0,1.1609999999999998
6253.0,1.1609999999999998
6254.0,1.1609999999999998
6255.0,1.1179999999999999
6256.0,1.1609999999999998
6257.0,1.1179999999999999
6258.0,1.1609999999999998
6259.0,1.1179999999999999
6260.0,1.1609999999999998
6261.0,1.1179999999999999
6262.0,1.1609999999999998
6263.0,1.1609999999999998
6264.0,1.1609999999999998
6265.0,1.1179999999999999
6266.0,1.1609999999999998
6267.0,1.1609999999999998
6268.0,1.1609999999999998
6269.0,1.1179999999999999
6270.0,1.1609999999999998
6271.0,1.1609999999999998
6272.0,1.1609999999999998
6273.0,1.1179999999999999
6274.0,1.1609999999999998
6275.0,1.1609999999999998
6276.0,1.1609999999999998
6277.0,1.1609999999999998
6278.0,1.1179999999999999
6279.0,1.1179999999999999
6280.0,1.1609999999999998
6281.0,1.1179999999999999
6282.0,1.1609999999999998
6283.0,1.1179999999999999
6284.0,1.1609999999999998
6285.0,1.1179999999999999
6286.0,1.1609999999999998
6287.0,1.1609999999999998
6288.0,1.1609999999999998
6289.0,1.1179999999999999
6290.0,1.1179999999999999
6291.0,1.1179999999999999
6292.0,1.1179999999999999
6293.0,1.1179999999999999
6294.0,1.1179999999999999
6295.0,1.1179999999999999
6296.0,1.1609999999999998
6297.0,1.1609999999999998
6298.0,1.1179999999999999
6299.0,1.1179999999999999
6300.0,1.1179999999999999
6301.0,1.1179999999999999
6302.0,1.1179999999999999
6303.0,1.1179999999999999
6304.0,1.1609999999999998
6305.0,1.1609999999999998
6306.0,1.1609999999999998
6307.0,1.1609999999999998
6308.0,1.1609999999999998
6309.0,1.1179999999999999
6310.0,1.1609999999999998
6311.0,1.1609999999999998
6312.0,1.1179999999999999
6313.0,1.1179999999999999
6314.0,1.1609999999999998
6315.0,1.1609999999999998
6316.0,1.1179999999999999
6317.0,1.1179999999999999
6318.0,1.1609999999999998
6319.0,1.1609999999999998
6320.0,1.1609999999999998
6321.0,1.1609999999999998
6322.0,1.1609999999999998
6323.0,1.1179999999999999
6324.0,1.1179999999999999
6325.0,1.1179999999999999
6326.0,1.1179999999999999
6327.0,1.1179999999999999
6328.0,1.1179999999999999
6329.0,1.1179999999999999
6330.0,1.1179999999999999
6331.0,1.1179999999999999
6332.0,1.1179999999999999
6333.0,1.1179999999999999
6334.0,1.1609999999999998
6335.0,1.1179999999999999
6336.0,1.1179999999999999
6337.0,1.1179999999999999
6338.0,1.1609999999999998
6339.0,1.1179999999999999
6340.0,1.1609999999999998
6341.0,1.1179999999999999
6342.0,1.1179999999999999
6343.0,1.1179999999999999
6344.0,1.1179999999999999
6345.0,1.1179999999999999
6346.0,1.1609999999999998
6347.0,1.1179999999999999
6348.0,1.1609999999999998
6349.0,1.1179999999999999
6350.0,1.1609999999999998
6351.0,1.1609999999999998
6352.0,1.1609999999999998
6353.0,1.1609999999999998
6354.0,1.1609999999999998
6355.0,1.1179999999999999
6356.0,1.1609999999999998
6357.0,1.1179999999999999
6358.0,1.1609999999999998
6359.0,1.1609999999999998
6360.0,1.1609999999999998
6361.0,1.1179999999999999
6362.0,1.1179999999999999
6363.0,1.1179999999999999
6364.0,1.1609999999999998
6365.0,1.1179999999999999
6366.0,1.1179999999999999
6367.0,1.1179999999999999
6368.0,1.1179999999999999
6369.0,1.1179999999999999
6370.0,1.1609999999999998
6371.0,1.1179999999999999
6372.0,1.1609999999999998
6373.0,1.1179999999999999
6374.0,1.1179999999999999
6375.0,1.1179999999999999
6376.0,1.1179999999999999
6377.0,1.1179999999999999
6378.0,1.1179999999999999
6379.0,1.1179999999999999
6380.0,1.1609999999999998
6381.0,1.1179999999999999
6382.0,1.1179999999999999
6383.0,1.1609999999999998
6384.0,1.1609999999999998
6385.0,1.1179999999999999
6386.0,1.1609999999999998
6387.0,1.1179999999999999
6388.0,1.1179999999999999
6389.0,1.1179999999999999
6390.0,1.1179999999999999
6391.0,1.1179999999999999
6392.0,1.1609999999999998
6393.0,1.1609999999999998
6394.0,1.1609999999999998
6395.0,1.1609999999999998
6396.0,1.1609999999999998
6397.0,1.1179999999999999
6398.0,1.1609999999999998
6399.0,1.1179999999999999
6400.0,1.1609999999999998
6401.0,1.1179999999999999
6402.0,1.1609999999999998
6403.0,1.1179999999999999
6404.0,1.1609999999999998
6405.0,1.1609999999999998
6406.0,1.1609999999999998
6407.0,1.1179999999999999
6408.0,1.1609999999999998
6409.0,1.1609999999999998
6410.0,1.1609999999999998
6411.0,1.1179999999999999
6412.0,1.1609999999999998
6413.0,1.1179999999999999
6414.0,1.1609999999999998
6415.0,1.1179999999999999
6416.0,1.1179999999999999
6417.0,1.1179999999999999
6418.0,1.1179999999999999
6419.0,1.1179999999999999
6420.0,1.1179999999999999
6421.0,1.1179999999999999
6422.0,1.1609999999999998
6423.0,1.1179999999999999
6424.0,1.1179999999999999
6425.0,1.1179999999999999
6426.0,1.1179999999999999
6427.0,1.1179999999999999
6428.0,1.1179999999999999
6429.0,1.1179999999999999
6430.0,1.1609999999999998
6431.0,1.1179999999999999
6432.0,1.1179999999999999
6433.0,1.1179999999999999
6434.0,1.1179999999999999
6435.0,1.1179999999999999
6436.0,1.1609999999999998
6437.0,1.1179999999999999
6438.0,1.1609999999999998
6439.0,1.1179999999999999
6440.0,1.1609999999999998
6441.0,1.1609999999999998
6442.0,1.1609999999999998
6443.0,1.1179999999999999
6444.0,1.1609999999999998
6445.0,1.1179999999999999
6446.0,1.1609999999999998
6447.0,1.1609999999999998
6448.0,1.1609999999999998
6449.0,1.1179999999999999
6450.0,1.1609999999999998
6451.0,1.1609999999999998
6452.0,1.1609999999999998
6453.0,1.1179999999999999
6454.0,1.1609999999999998
6455.0,1.1609999999999998
6456.0,1.1609999999999998
6457.0,1.1179999999999999
6458.0,1.1179999999999999
6459.0,1.1179999999999999
6460.0,1.1179999999999999
6461.0,1.1179999999999999
6462.0,1.1609999999999998
6463.0,1.1179999999999999
6464.0,1.1609999999999998
6465.0,1.1179999999999999
6466.0,1.1609999999999998
6467.0,1.1179999999999999
6468.0,1.1179999999999999
6469.0,1.1179999999999999
6470.0,1.1179999999999999
6471.0,1.1179999999999999
6472.0,1.1179999999999999
6473.0,1.1179999999999999
6474.0,1.1179999999999999
6475.0,1.1179999999999999
6476.0,1.1179999999999999
6477.0,1.1609999999999998
6478.0,1.1609999999999998
6479.0,1.1179999999999999
6480.0,1.1609999999999998
6481.0,1.1179999999999999
6482.0,1.1609999999999998
6483.0,1.1179999999999999
6484.0,1.1609999999999998
6485.0,1.1609999999999998
6486.0,1.1609999999999998
6487.0,1.1179999999999999
6488.0,1.1609999999999998
6489.0,1.1179999999999999
6490.0,1.1609999999999998
6491.0,1.1179999999999999
6492.0,1.1609999999999998
6493.0,1.1179999999999999
6494.0,1.1609999999999998
6495.0,1.1179999999999999
6496.0,1.1179999999999999
6497.0,1.1179999999999999
6498.0,1.1609999999999998
6499.0,1.1179999999999999
6500.0,1.1179999999999999
6501.0,1.1179999999999999
6502.0,1.1179999999999999
6503.0,1.1179999999999999
6504.0,1.1609999999999998
6505.0,1.1179999999999999
6506.0,1.1179999999999999
6507.0,1.1179999999999999
6508.0,1.1609999999999998
6509.0,1.1179999999999999
6510.0,1.1609999999999998
6511.0,1.1179999999999999
6512.0,1.1609999999999998
6513.0,1.1179999999999999
6514.0,1.1609999999999998
6515.0,1.1179999999999999
6516.0,1.1179999999999999
6517.0,1.1179999999999999
6518.0,1.1609999999999998
6519.0,1.1179999999999999
6520.0,1.1609999999999998
6521.0,1.1609999999999998
6522.0,1.1609999999999998
6523.0,1.1609999999999998
6524.0,1.1609999999999998
6525.0,1.1179999999999999
6526.0,1.1179999999999999
6527.0,1.1179999999999999
6528.0,1.1609999999999998
6529.0,1.1179999999999999
6530.0,1.1609999999999998
6531.0,1.1179999999999999
6532.0,1.1609999999999998
6533.0,1.1179999999999999
6534.0,1.1179999999999999
6535.0,1.1179999999999999
6536.0,1.1179999999999999
6537.0,1.1179999999999999
6538.0,1.1179999999999999
6539.0,1.1179999999999999
6540.0,1.1179999999999999
6541.0,1.1179999999999999
6542.0,1.1179999999999999
6543.0,1.1179999999999999
6544.0,1.1179999999999999
6545.0,1.1179999999999999
6546.0,1.1179999999999999
6547.0,1.1179999999999999
6548.0,1.1179999999999999
6549.0,1.1179999999999999
6550.0,1.1179999999999999
6551.0,1.1179999999999999
6552.0,1.1179999999999999
6553.0,1.1179999999999999
6554.0,1.1179999999999999
6555.0,1.1179999999999999
6556.0,1.1179999999999999
6557.0,1.1179999999999999
6558.0,1.1179999999999999
6559.0,1.1179999999999999
6560.0,1.1609999999999998
6561.0,1.1179999999999999
6562.0,1.1609999999999998
6563.0,1.1179999999999999
6564.0,1.1179999999999999
6565.0,1.1179999999999999
6566.0,1.1179999999999999
6567.0,1.1179999999999999
6568.0,1.1609999999999998
6569.0,1.1609999999999998
6570.0,1.1609999999999998
6571.0,1.1609999999999998
6572.0,1.1609999999999998
6573.0,1.1179999999999999
6574.0,1.1609999999999998
6575.0,1.1179999999999999
6576.0,1.1609999999999998
6577.0,1.1179999999999999
6578.0,1.1609999999999998
6579.0,1.1179999999999999
6580.0,1.1609999999999998
6581.0,1.1179999999999999
6582.0,1.1609999999999998
6583.0,1.1179999999999999
6584.0,1.1179999999999999
6585.0,1.1179999999999999
6586.0,1.1609999999999998
6587.0,1.1179999999999999
6588.0,1.1179999999999999
6589.0,1.1179999999999999
6590.0,1.1179999999999999
6591.0,1.1179999999999999
6592.0,1.1179999999999999
6593.0,1.1179999999999999
6594.0,1.1179999999999999
6595.0,1.1179999999999999
6596.0,1.1179999999999999
6597.0,1.1179999999999999
6598.0,1.1609999999999998
6599.0,1.1179999999999999
6600.0,1.1609999999999998
6601.0,1.1179999999999999
6602.0,1.1609999999999998
6603.0,1.1179999999999999
6604.0,1.1179999999999999
6605.0,1.1179999999999999
6606.0,1.1609999999999998
6607.0,1.1179999999999999
6608.0,1.1609999999999998
6609.0,1.1179999999999999
6610.0,1.1179999999999999
6611.0,1.1609999999999998
6612.0,1.1609999999999998
6613.0,1.1179999999999999
6614.0,1.1179999999999999
6615.0,1.1609999999999998
6616.0,1.1179999999999999
6617.0,1.1179999999999999
6618.0,1.1609999999999998
6619.0,1.1179999999999999
6620.0,1.1609999999999998
6621.0,1.1179999999999999
6622.0,1.1609999999999998
6623.0,1.1179999999999999
6624.0,1.1609999999999998
6625.0,1.1179999999999999
6626.0,1.1609999999999998
6627.0,1.1179999999999999
6628.0,1.1609999999999998
6629.0,1.1179999999999999
6630.0,1.1609999999999998
6631.0,1.1179999999999999
6632.0,1.1179999999999999
6633.0,1.1609999999999998
6634.0,1.1609999999999998
6635.0,1.1609999999999998
6636.0,1.1609999999999998
6637.0,1.1179999999999999
6638.0,1.1179999999999999
6639.0,1.1179999999999999
6640.0,1.1179999999999999
6641.0,1.1609999999999998
6642.0,1.1179999999999999
6643.0,1.1179999999999999
6644.0,1.1179999999999999
6645.0,1.1179999999999999
6646.0,1.1179999999999999
6647.0,1.1179999999999999
6648.0,1.1179999999999999
6649.0,1.1179999999999999
6650.0,1.1179999999999999
6651.0,1.1179999999999999
6652.0,1.1179999999999999
6653.0,1.1179999999999999
6654.0,1.1609999999999998
6655.0,1.1179999999999999
6656.0,1.1609999999999998
6657.0,1.1179999999999999
6658.0,1.1609999999999998
6659.0,1.1179999999999999
6660.0,1.1179999999999999
6661.0,1.1609999999999998
6662.0,1.1609999999999998
6663.0,1.1179999999999999
6664.0,1.1609999999999998
6665.0,1.1179999999999999
6666.0,1.1609999999999998
6667.0,1.1179999999999999
6668.0,1.1609999999999998
6669.0,1.1179999999999999
6670.0,1.1609999999999998
6671.0,1.1179999999999999
6672.0,1.1609999999999998
6673.0,1.1179999999999999
6674.0,1.1609999999999998
6675.0,1.1179999999999999
6676.0,1.1609999999999998
6677.0,1.1179999999999999
6678.0,1.1609999999999998
6679.0,1.1179999999999999
6680.0,1.1179999999999999
6681.0,1.1179999999999999
6682.0,1.1179999999999999
6683.0,1.1179999999999999
6684.0,1.1179999999999999
6685.0,1.1179999999999999
6686.0,1.1179999999999999
6687.0,1.1179999999999999
6688.0,1.1179999999999999
6689.0,1.1179999999999999
6690.0,1.1179999999999999
6691.0,1.1179999999999999
6692.0,1.1179999999999999
6693.0,1.1179999999999999
6694.0,1.1609999999999998
6695.0,1.1179999999999999
6696.0,1.1609999999999998
6697.0,1.1179999999999999
6698.0,1.1179999999999999
6699.0,1.1179999999999999
6700.0,1.1179999999999999
6701.0,1.1179999999999999
6702.0,1.1179999999999999
6703.0,1.1609999999999998
6704.0,1.1609999999999998
6705.0,1.1609999999999998
6706.0,1.1179999999999999
6707.0,1.1609999999999998
6708.0,1.1179999999999999
6709.0,1.1179999999999999
6710.0,1.1609999999999998
6711.0,1.1609999999999998
6712.0,1.1609999999999998
6713.0,1.1609999999999998
6714.0,1.1609999999999998
6715.0,1.1609999999999998
6716.0,1.1609999999999998
6717.0,1.1609999999999998
6718.0,1.1609999999999998
6719.0,1.1609999999999998
6720.0,1.1609999999999998
6721.0,1.1179999999999999
6722.0,1.1179999999999999
6723.0,1.1179999999999999
6724.0,1.1609999999999998
6725.0,1.1179999999999999
6726.0,1.1179999999999999
6727.0,1.1179999999999999
6728.0,1.1179999999999999
6729.0,1.1179999999999999
6730.0,1.1179999999999999
6731.0,1.1179999999999999
6732.0,1.1179999999999999
6733.0,1.1179999999999999
6734.0,1.1179999999999999
6735.0,1.1179999999999999
6736.0,1.1609999999999998
6737.0,1.1179999999999999
6738.0,1.1179999999999999
6739.0,1.1179999999999999
6740.0,1.1179999999999999
6741.0,1.1179999999999999
6742.0,1.1609999999999998
6743.0,1.1179999999999999
6744.0,1.1609999999999998
6745.0,1.1179999999999999
6746.0,1.1609999999999998
6747.0,1.1179999999999999
6748.0,1.1609999999999998
6749.0,1.1179999999999999
6750.0,1.1609999999999998
6751.0,1.1179999999999999
6752.0,1.1179999999999999
6753.0,1.1179999999999999
6754.0,1.1609999999999998
6755.0,1.1179999999999999
6756.0,1.1609999999999998
6757.0,1.1179999999999999
6758.0,1.1609999999999998
6759.0,1.1609999999999998
6760.0,1.1179999999999999
6761.0,1.1609999999999998
6762.0,1.1609999999999998
6763.0,1.1179999999999999
6764.0,1.1609999999999998
6765.0,1.1179999999999999
6766.0,1.1609999999999998
6767.0,1.1179999999999999
6768.0,1.1609999999999998
6769.0,1.1179999999999999
6770.0,1.1179999999999999
6771.0,1.1179999999999999
6772.0,1.1609999999999998
6773.0,1.1179999999999999
6774.0,1.1179999999999999
6775.0,1.1179999999999999
6776.0,1.1609999999999998
6777.0,1.1179999999999999
6778.0,1.1609999999999998
6779.0,1.1179999999999999
6780.0,1.1609999999999998
6781.0,1.1179999999999999
6782.0,1.1609999999999998
6783.0,1.1179999999999999
6784.0,1.1609999999999998
6785.0,1.1179999999999999
6786.0,1.1609999999999998
6787.0,1.1179999999999999
6788.0,1.1609999999999998
6789.0,1.1179999999999999
6790.0,1.1609999999999998
6791.0,1.1179999999999999
6792.0,1.1609999999999998
6793.0,1.1179999999999999
6794.0,1.1609999999999998
6795.0,1.1179999999999999
6796.0,1.1609999999999998
6797.0,1.1179999999999999
6798.0,1.1609999999999998
6799.0,1.1179999999999999
6800.0,1.1609999999999998
6801.0,1.1179999999999999
6802.0,1.1609999999999998
6803.0,1.1179999999999999
6804.0,1.1179999999999999
6805.0,1.1179999999999999
6806.0,1.1609999999999998
6807.0,1.1179999999999999
6808.0,1.1609999999999998
6809.0,1.1179999999999999
6810.0,1.1609999999999998
6811.0,1.1179999999999999
6812.0,1.1179999999999999
6813.0,1.1179999999999999
6814.0,1.1179999999999999
6815.0,1.1179999999999999
6816.0,1.1609999999999998
6817.0,1.1179999999999999
6818.0,1.1609999999999998
6819.0,1.1179999999999999
6820.0,1.1179999999999999
6821.0,1.1179999999999999
6822.0,1.1609999999999998
6823.0,1.1179999999999999
6824.0,1.1609999999999998
6825.0,1.1179999999999999
6826.0,1.1179999999999999
6827.0,1.1179999999999999
6828.0,1.1179999999999999
6829.0,1.1609999999999998
6830.0,1.1609999999999998
6831.0,1.1179999999999999
6832.0,1.1609999999999998
6833.0,1.1609999999999998
6834.0,1.1179999999999999
6835.0,1.1179999999999999
6836.0,1.1609999999999998
6837.0,1.1179999999999999
6838.0,1.1179999999999999
6839.0,1.1179999999999999
6840.0,1.1179999999999999
6841.0,1.1179999999999999
6842.0,1.1609999999999998
6843.0,1.1179999999999999
6844.0,1.1609999999999998
6845.0,1.1179999999999999
6846.0,1.1609999999999998
6847.0,1.1609999999999998
6848.0,1.1179999999999999
6849.0,1.1179999999999999
6850.0,1.1609999999999998
6851.0,1.1179999999999999
6852.0,1.1179999999999999
6853.0,1.1179999999999999
6854.0,1.1179999999999999
6855.0,1.1179999999999999
6856.0,1.1179999999999999
6857.0,1.1179999999999999
6858.0,1.1609999999999998
6859.0,1.1179999999999999
6860.0,1.1609999999999998
6861.0,1.1609999999999998
6862.0,1.1179999999999999
6863.0,1.1179999999999999
6864.0,1.1179999999999999
6865.0,1.1179999999999999
6866.0,1.1609999999999998
6867.0,1.1179999999999999
6868.0,1.1609999999999998
6869.0,1.1179999999999999
6870.0,1.1179999999999999
6871.0,1.1179999999999999
6872.0,1.1179999999999999
6873.0,1.1179999999999999
6874.0,1.1179999999999999
6875.0,1.1179999999999999
6876.0,1.1179999999999999
6877.0,1.1179999999999999
6878.0,1.1179999999999999
6879.0,1.1179999999999999
6880.0,1.1179999999999999
6881.0,1.1179999999999999
6882.0,1.1609999999999998
6883.0,1.1179999999999999
6884.0,1.1179999999999999
6885.0,1.1179999999999999
6886.0,1.1609999999999998
6887.0,1.1179999999999999
6888.0,1.1609999999999998
6889.0,1.1179999999999999
6890.0,1.1179999999999999
6891.0,1.1179999999999999
6892.0,1.1609999999999998
6893.0,1.1179999999999999
6894.0,1.1609999999999998
6895.0,1.1179999999999999
6896.0,1.1609999999999998
6897.0,1.1179999999999999
6898.0,1.1609999999999998
6899.0,1.1179999999999999
6900.0,1.1179999999999999
6901.0,1.1179999999999999
6902.0,1.1179999999999999
6903.0,1.1179999999999999
6904.0,1.1179999999999999
6905.0,1.1179999999999999
6906.0,1.1609999999999998
6907.0,1.1179999999999999
6908.0,1.1609999999999998
6909.0,1.1179999999999999
6910.0,1.1609999999999998
6911.0,1.1179999999999999
6912.0,1.1609999999999998
6913.0,1.1609999999999998
6914.0,1.1609999999999998
6915.0,1.1179999999999999
6916.0,1.1609999999999998
6917.0,1.1179999999999999
6918.0,1.1609999999999998
6919.0,1.1179999999999999
6920.0,1.1609999999999998
6921.0,1.1179999999999999
6922.0,1.1179999999999999
6923.0,1.1179999999999999
6924.0,1.1179999999999999
6925.0,1.1179999999999999
6926.0,1.1609999999999998
6927.0,1.1179999999999999
6928.0,1.1609999999999998
6929.0,1.1179999999999999
6930.0,1.1609999999999998
6931.0,1.1179999999999999
6932.0,1.1179999999999999
6933.0,1.1179999999999999
6934.0,1.1179999999999999
6935.0,1.1179999999999999
6936.0,1.1609999999999998
6937.0,1.1179999999999999
6938.0,1.1609999999999998
6939.0,1.1179999999999999
6940.0,1.1179999999999999
6941.0,1.1609999999999998
6942.0,1.1179999999999999
6943.0,1.1179999999999999
6944.0,1.1179999999999999
6945.0,1.1179999999999999
6946.0,1.1179999999999999
6947.0,1.1179999999999999
6948.0,1.1609999999999998
6949.0,1.1179999999999999
6950.0,1.1609999999999998
6951.0,1.1179999999999999
6952.0,1.1609999999999998
6953.0,1.1179999999999999
6954.0,1.1609999999999998
6955.0,1.1179999999999999
6956.0,1.1179999999999999
6957.0,1.1179999999999999
6958.0,1.1609999999999998
6959.0,1.1179999999999999
6960.0,1.1609999999999998
6961.0,1.1179999999999999
6962.0,1.1609999999999998
6963.0,1.1179999999999999
6964.0,1.1609999999999998
6965.0,1.1179999999999999
6966.0,1.1609999999999998
6967.0,1.1179999999999999
6968.0,1.1609999999999998
6969.0,1.1179999999999999
6970.0,1.1609999999999998
6971.0,1.1179999999999999
6972.0,1.1609999999999998
6973.0,1.1179999999999999
6974.0,1.1179999999999999
6975.0,1.1179999999999999
6976.0,1.1179999999999999
6977.0,1.1179999999999999
6978.0,1.1179999999999999
6979.0,1.1179999999999999
6980.0,1.1609999999999998
6981.0,1.1179999999999999
6982.0,1.1609999999999998
6983.0,1.1179999999999999
6984.0,1.1179999999999999
6985.0,1.1179999999999999
6986.0,1.1609999999999998
6987.0,1.1179999999999999
6988.0,1.1179999999999999
6989.0,1.1179999999999999
6990.0,1.1179999999999999
6991.0,1.1179999999999999
6992.0,1.1179999999999999
6993.0,1.1179999999999999
6994.0,1.1179999999999999
6995.0,1.1179999999999999
6996.0,1.1609999999999998
6997.0,1.1179999999999999
6998.0,1.1609999999999998
6999.0,1.1179999999999999
7000.0,1.1609999999999998
7001.0,1.1179999999999999
7002.0,1.1609999999999998
7003.0,1.1179999999999999
7004.0,1.1609999999999998
7005.0,1.1179999999999999
7006.0,1.1609999999999998
7007.0,1.1179999999999999
7008.0,1.1179999999999999
7009.0,1.1179999999999999
7010.0,1.1609999999999998
7011.0,1.1179999999999999
7012.0,1.1609999999999998
7013.0,1.1179999999999999
7014.0,1.1609999999999998
7015.0,1.1179999999999999
7016.0,1.1609999999999998
7017.0,1.1609999999999998
7018.0,1.1609999999999998
7019.0,1.1609999999999998
7020.0,1.1179999999999999
7021.0,1.1179999999999999
7022.0,1.1179999999999999
7023.0,1.1179999999999999
7024.0,1.1179999999999999
7025.0,1.1179999999999999
7026.0,1.1179999999999999
7027.0,1.1179999999999999
7028.0,1.1179999999999999
7029.0,1.1179999999999999
7030.0,1.1609999999999998
7031.0,1.1179999999999999
7032.0,1.1179999999999999
7033.0,1.1179999999999999
7034.0,1.1179999999999999
7035.0,1.1179999999999999
7036.0,1.1179999999999999
7037.0,1.1179999999999999
7038.0,1.1179999999999999
7039.0,1.1179999999999999
7040.0,1.1609999999999998
7041.0,1.1179999999999999
7042.0,1.1179999999999999
7043.0,1.1179999999999999
7044.0,1.1179999999999999
7045.0,1.1179999999999999
7046.0,1.1179999999999999
7047.0,1.1179999999999999
7048.0,1.1179999999999999
7049.0,1.1179999999999999
7050.0,1.1179999999999999
7051.0,1.1179999999999999
7052.0,1.1609999999999998
7053.0,1.1179999999999999
7054.0,1.1179999999999999
7055.0,1.1179999999999999
7056.0,1.1609999999999998
7057.0,1.1179999999999999
7058.0,1.1609999999999998
7059.0,1.1179999999999999
7060.0,1.1609999999999998
7061.0,1.1179999999999999
7062.0,1.1609999999999998
7063.0,1.1179999999999999
7064.0,1.1179999999999999
7065.0,1.1179999999999999
7066.0,1.1179999999999999
7067.0,1.1179999999999999
7068.0,1.1609999999999998
7069.0,1.1179999999999999
7070.0,1.1609999999999998
7071.0,1.1609999999999998
7072.0,1.1179999999999999
7073.0,1.1179999999999999
7074.0,1.1179999999999999
7075.0,1.1179999999999999
7076.0,1.1609999999999998
7077.0,1.1179999999999999
7078.0,1.1609999999999998
7079.0,1.1179999999999999
7080.0,1.1179999999999999
7081.0,1.1179999999999999
7082.0,1.1609999999999998
7083.0,1.1179999999999999
7084.0,1.1179999999999999
7085.0,1.1179999999999999
7086.0,1.1609999999999998
7087.0,1.1179999999999999
7088.0,1.1179999999999999
7089.0,1.1179999999999999
7090.0,1.1609999999999998
7091.0,1.1179999999999999
7092.0,1.1179999999999999
7093.0,1.1179999999999999
7094.0,1.1609999999999998
7095.0,1.1179999999999999
7096.0,1.1179999999999999
7097.0,1.1609999999999998
7098.0,1.1609999999999998
7099.0,1.1179999999999999
7100.0,1.1609999999999998
7101.0,1.1179999999999999
7102.0,1.1179999999999999
7103.0,1.1179999999999999
7104.0,1.1179999999999999
7105.0,1.1179999999999999
7106.0,1.1179999999999999
7107.0,1.1179999999999999
7108.0,1.1609999999999998
7109.0,1.1179999999999999
7110.0,1.1609999999999998
7111.0,1.1179999999999999
7112.0,1.1609999999999998
7113.0,1.1179999999999999
7114.0,1.1179999999999999
7115.0,1.1179999999999999
7116.0,1.1609999999999998
7117.0,1.1179999999999999
7118.0,1.1179999999999999
7119.0,1.1179999999999999
7120.0,1.1609999999999998
7121.0,1.1179999999999999
7122.0,1.1179999999999999
7123.0,1.1179999999999999
7124.0,1.1609999999999998
7125.0,1.1179999999999999
7126.0,1.1609999999999998
7127.0,1.1179999999999999
7128.0,1.1609999999999998
7129.0,1.1179999999999999
7130.0,1.1179999999999999
7131.0,1.1179999999999999
7132.0,1.1609999999999998
7133.0,1.1609999999999998
7134.0,1.1179999999999999
7135.0,1.1179999999999999
7136.0,1.1609999999999998
7137.0,1.1179999999999999
7138.0,1.1609999999999998
7139.0,1.1609999999999998
7140.0,1.1609999999999998
7141.0,1.1179999999999999
7142.0,1.1609999999999998
7143.0,1.1179999999999999
7144.0,1.1179999999999999
7145.0,1.1179999999999999
7146.0,1.1609999999999998
7147.0,1.1179999999999999
7148.0,1.1609999999999998
7149.0,1.1179999999999999
7150.0,1.1609999999999998
7151.0,1.1179999999999999
7152.0,1.1179999999999999
7153.0,1.1179999999999999
7154.0,1.1179999999999999
7155.0,1.1179999999999999
7156.0,1.1179999999999999
7157.0,1.1179999999999999
7158.0,1.1609999999999998
7159.0,1.1179999999999999
7160.0,1.1179999999999999
7161.0,1.1179999999999999
7162.0,1.1609999999999998
7163.0,1.1179999999999999
7164.0,1.1179999999999999
7165.0,1.1179999999999999
7166.0,1.1179999999999999
7167.0,1.1179999999999999
7168.0,1.1609999999999998
7169.0,1.1179999999999999
7170.0,1.1609999999999998
7171.0,1.1179999999999999
7172.0,1.1609999999999998
7173.0,1.1179999999999999
7174.0,1.1609999999999998
7175.0,1.1179999999999999
7176.0,1.1609999999999998
7177.0,1.1179999999999999
7178.0,1.1609999999999998
7179.0,1.1179999999999999
7180.0,1.1609999999999998
7181.0,1.1179999999999999
7182.0,1.1609999999999998
7183.0,1.1179999999999999
7184.0,1.1609999999999998
7185.0,1.1179999999999999
7186.0,1.1609999999999998
7187.0,1.1179999999999999
7188.0,1.1609999999999998
7189.0,1.1609999999999998
7190.0,1.1609999999999998
7191.0,1.1609999999999998
7192.0,1.1609999999999998
7193.0,1.1179999999999999
7194.0,1.1179999999999999
7195.0,1.1179999999999999
7196.0,1.1179999999999999
7197.0,1.1179999999999999
7198.0,1.1609999999999998
7199.0,1.1179999999999999
7200.0,1.1179999999999999
7201.0,1.1179999999999999
7202.0,1.1179999999999999
7203.0,1.1179999999999999
7204.0,1.1179999999999999
7205.0,1.1179999999999999
7206.0,1.1179999999999999
7207.0,1.1179999999999999
7208.0,1.1179999999999999
7209.0,1.1179999999999999
7210.0,1.1179999999999999
7211.0,1.1179999999999999
7212.0,1.1179999999999999
7213.0,1.1179999999999999
7214.0,1.1179999999999999
7215.0,1.1179999999999999
7216.0,1.1609999999999998
7217.0,1.1179999999999999
7218.0,1.1179999999999999
7219.0,1.1179999999999999
7220.0,1.1609999999999998
7221.0,1.1179999999999999
7222.0,1.1609999999999998
7223.0,1.1179999999999999
7224.0,1.1609999999999998
7225.0,1.1179999999999999
7226.0,1.1609999999999998
7227.0,1.1179999999999999
7228.0,1.1609999999999998
7229.0,1.1179999999999999
7230.0,1.1609999999999998
7231.0,1.1179999999999999
7232.0,1.1609999999999998
7233.0,1.1179999999999999
7234.0,1.1609999999999998
7235.0,1.1179999999999999
7236.0,1.1609999999999998
7237.0,1.1179999999999999
7238.0,1.1609999999999998
7239.0,1.1179999999999999
7240.0,1.1609999999999998
7241.0,1.1179999999999999
7242.0,1.1609999999999998
7243.0,1.1609999999999998
7244.0,1.1609999999999998
7245.0,1.1179999999999999
7246.0,1.1609999999999998
7247.0,1.1179999999999999
7248.0,1.1609999999999998
7249.0,1.1179999999999999
7250.0,1.1609999999999998
7251.0,1.1179999999999999
7252.0,1.1609999999999998
7253.0,1.1179999999999999
7254.0,1.1179999999999999
7255.0,1.1179999999999999
7256.0,1.1609999999999998
7257.0,1.1179999999999999
7258.0,1.1179999999999999
7259.0,1.1179999999999999
7260.0,1.1609999999999998
7261.0,1.1179999999999999
7262.0,1.1179999999999999
7263.0,1.1179999999999999
7264.0,1.1609999999999998
7265.0,1.1179999999999999
7266.0,1.1609999999999998
7267.0,1.1179999999999999
7268.0,1.1179999999999999
7269.0,1.1179999999999999
7270.0,1.1179999999999999
7271.0,1.1179999999999999
7272.0,1.1179999999999999
7273.0,1.1179999999999999
7274.0,1.1179999999999999
7275.0,1.1179999999999999
7276.0,1.1609999999999998
7277.0,1.1179999999999999
7278.0,1.1609999999999998
7279.0,1.1179999999999999
7280.0,1.1179999999999999
7281.0,1.1179999999999999
7282.0,1.1609999999999998
7283.0,1.1179999999999999
7284.0,1.1179999999999999
7285.0,1.1179999999999999
7286.0,1.1609999999999998
7287.0,1.1179999999999999
7288.0,1.1179999999999999
7289.0,1.1179999999999999
7290.0,1.1179999999999999
7291.0,1.1179999999999999
7292.0,1.1179999999999999
7293.0,1.1179999999999999
7294.0,1.1179999999999999
7295.0,1.1179999999999999
7296.0,1.1609999999999998
7297.0,1.1179999999999999
7298.0,1.1609999999999998
7299.0,1.1179999999999999
7300.0,1.1179999999999999
7301.0,1.1179999999999999
7302.0,1.1179999999999999
7303.0,1.1179999999999999
7304.0,1.1609999999999998
7305.0,1.1179999999999999
7306.0,1.1609999999999998
7307.0,1.1179999999999999
7308.0,1.1179999999999999
7309.0,1.1179999999999999
7310.0,1.1609999999999998
7311.0,1.1179999999999999
7312.0,1.1609999999999998
7313.0,1.1179999999999999
7314.0,1.1179999999999999
7315.0,1.1179999999999999
7316.0,1.1179999999999999
7317.0,1.1179999999999999
7318.0,1.1609999999999998
7319.0,1.1179999999999999
7320.0,1.1609999999999998
7321.0,1.1609999999999998
7322.0,1.1609999999999998
7323.0,1.1609999999999998
7324.0,1.1609999999999998
7325.0,1.1609999999999998
7326.0,1.1179999999999999
7327.0,1.1179999999999999
7328.0,1.1609999999999998
7329.0,1.1179999999999999
7330.0,1.1179999999999999
7331.0,1.1179999999999999
7332.0,1.1179999999999999
7333.0,1.1609999999999998
7334.0,1.1179999999999999
7335.0,1.1179999999999999
7336.0,1.1179999999999999
7337.0,1.1179999999999999
7338.0,1.1609999999999998
7339.0,1.1179999999999999
7340.0,1.1179999999999999
7341.0,1.1179999999999999
7342.0,1.1179999999999999
7343.0,1.1179999999999999
7344.0,1.1179999999999999
7345.0,1.1179999999999999
7346.0,1.1609999999999998
7347.0,1.1179999999999999
7348.0,1.1179999999999999
7349.0,1.1179999999999999
7350.0,1.1179999999999999
7351.0,1.1179999999999999
7352.0,1.1609999999999998
7353.0,1.1179999999999999
7354.0,1.1179999999999999
7355.0,1.1179999999999999
7356.0,1.1609999999999998
7357.0,1.1179999999999999
7358.0,1.1609999999999998
7359.0,1.1179999999999999
7360.0,1.1179999999999999
7361.0,1.1179999999999999
7362.0,1.1179999999999999
7363.0,1.1179999999999999
7364.0,1.1609999999999998
7365.0,1.1179999999999999
7366.0,1.1609999999999998
7367.0,1.1179999999999999
7368.0,1.1179999999999999
7369.0,1.1179999999999999
7370.0,1.1179999999999999
7371.0,1.1179999999999999
7372.0,1.1179999999999999
7373.0,1.1179999999999999
7374.0,1.1609999999999998
7375.0,1.1179999999999999
7376.0,1.1609999999999998
7377.0,1.1179999999999999
7378.0,1.1609999999999998
7379.0,1.1179999999999999
7380.0,1.1179999999999999
7381.0,1.1179999999999999
7382.0,1.1179999999999999
7383.0,1.1179999999999999
7384.0,1.1609999999999998
7385.0,1.1609999999999998
7386.0,1.1179999999999999
7387.0,1.1179999999999999
7388.0,1.1179999999999999
7389.0,1.1179999999999999
7390.0,1.1179999999999999
7391.0,1.1179999999999999
7392.0,1.1609999999999998
7393.0,1.1179999999999999
7394.0,1.1609999999999998
7395.0,1.1179999999999999
7396.0,1.1609999999999998
7397.0,1.1609999999999998
7398.0,1.1609999999999998
7399.0,1.1179999999999999
7400.0,1.1609999999999998
7401.0,1.1179999999999999
7402.0,1.1179999999999999
7403.0,1.1179999999999999
7404.0,1.1609999999999998
7405.0,1.1609999999999998
7406.0,1.1609999999999998
7407.0,1.1179999999999999
7408.0,1.1609999999999998
7409.0,1.1609999999999998
7410.0,1.1609999999999998
7411.0,1.1179999999999999
7412.0,1.1609999999999998
7413.0,1.1179999999999999
7414.0,1.1179999999999999
7415.0,1.1179999999999999
7416.0,1.1609999999999998
7417.0,1.1609999999999998
7418.0,1.1609999999999998
7419.0,1.1179999999999999
7420.0,1.1179999999999999
7421.0,1.1179999999999999
7422.0,1.1609999999999998
7423.0,1.1179999999999999
7424.0,1.1179999999999999
7425.0,1.1179999999999999
7426.0,1.1609999999999998
7427.0,1.1179999999999999
7428.0,1.1179999999999999
7429.0,1.1179999999999999
7430.0,1.1609999999999998
7431.0,1.1179999999999999
7432.0,1.1179999999999999
7433.0,1.1179999999999999
7434.0,1.1609999999999998
7435.0,1.1179999999999999
7436.0,1.1609999999999998
7437.0,1.1179999999999999
7438.0,1.1609999999999998
7439.0,1.1179999999999999
7440.0,1.1609999999999998
7441.0,1.1179999999999999
7442.0,1.1609999999999998
7443.0,1.1609999999999998
7444.0,1.1609999999999998
7445.0,1.1179999999999999
7446.0,1.1179999999999999
7447.0,1.1179999999999999
7448.0,1.1609999999999998
7449.0,1.1179999999999999
7450.0,1.1179999999999999
7451.0,1.1179999999999999
7452.0,1.1609999999999998
7453.0,1.1179999999999999
7454.0,1.1609999999999998
7455.0,1.1179999999999999
7456.0,1.1609999999999998
7457.0,1.1179999999999999
7458.0,1.1609999999999998
7459.0,1.1179999999999999
7460.0,1.1179999999999999
7461.0,1.1179999999999999
7462.0,1.1179999999999999
7463.0,1.1609999999999998
7464.0,1.1179999999999999
7465.0,1.1179999999999999
7466.0,1.1609999999999998
7467.0,1.1179999999999999
7468.0,1.1609999999999998
7469.0,1.1179999999999999
7470.0,1.1609999999999998
7471.0,1.1179999999999999
7472.0,1.1609999999999998
7473.0,1.1179999999999999
7474.0,1.1179999999999999
7475.0,1.1609999999999998
7476.0,1.1179999999999999
7477.0,1.1609999999999998
7478.0,1.1179999999999999
7479.0,1.1179999999999999
7480.0,1.1609999999999998
7481.0,1.1179999999999999
7482.0,1.1179999999999999
7483.0,1.1179999999999999
7484.0,1.1179999999999999
7485.0,1.1179999999999999
7486.0,1.1609999999999998
7487.0,1.1179999999999999
7488.0,1.1179999999999999
7489.0,1.1179999999999999
7490.0,1.1179999999999999
7491.0,1.1179999999999999
7492.0,1.1179999999999999
7493.0,1.1179999999999999
7494.0,1.1179999999999999
7495.0,1.1179999999999999
7496.0,1.1179999999999999
7497.0,1.1179999999999999
7498.0,1.1179999999999999
7499.0,1.1179999999999999
7500.0,1.1609999999999998
7501.0,1.1179999999999999
7502.0,1.1179999999999999
7503.0,1.1179999999999999
7504.0,1.1179999999999999
7505.0,1.1179999999999999
7506.0,1.1179999999999999
7507.0,1.1179999999999999
7508.0,1.1609999999999998
7509.0,1.1179999999999999
7510.0,1.1609999999999998
7511.0,1.1179999999999999
7512.0,1.1179999999999999
7513.0,1.1179999999999999
7514.0,1.1179999999999999
7515.0,1.1179999999999999
7516.0,1.1179999999999999
7517.0,1.1179999999999999
7518.0,1.1609999999999998
7519.0,1.1179999999999999
7520.0,1.1609999999999998
7521.0,1.1179999999999999
7522.0,1.1609999999999998
7523.0,1.1179999999999999
7524.0,1.1179999999999999
7525.0,1.1179999999999999
7526.0,1.1179999999999999
7527.0,1.1179999999999999
7528.0,1.1609999999999998
7529.0,1.1179999999999999
7530.0,1.1609999999999998
7531.0,1.1179999999999999
7532.0,1.1609999999999998
7533.0,1.1609999999999998
7534.0,1.1609999999999998
7535.0,1.1179999999999999
7536.0,1.1179999999999999
7537.0,1.1609999999999998
7538.0,1.1179999999999999
7539.0,1.1179999999999999
7540.0,1.1179999999999999
7541.0,1.1179999999999999
7542.0,1.1609999999999998
7543.0,1.1179999999999999
7544.0,1.1609999999999998
7545.0,1.1179999999999999
7546.0,1.1179999999999999
7547.0,1.1179999999999999
7548.0,1.1179999999999999
7549.0,1.1179999999999999
7550.0,1.1179999999999999
7551.0,1.1179999999999999
7552.0,1.1609999999999998
7553.0,1.1179999999999999
7554.0,1.1179999999999999
7555.0,1.1179999999999999
7556.0,1.1179999999999999
7557.0,1.1179999999999999
7558.0,1.1179999999999999
7559.0,1.1179999999999999
7560.0,1.1179999999999999
7561.0,1.1179999999999999
7562.0,1.1609999999999998
7563.0,1.1179999999999999
7564.0,1.1179999999999999
7565.0,1.1179999999999999
7566.0,1.1609999999999998
7567.0,1.1179999999999999
7568.0,1.1179999999999999
7569.0,1.1179999999999999
7570.0,1.1609999999999998
7571.0,1.1179999999999999
7572.0,1.1609999999999998
7573.0,1.1179999999999999
7574.0,1.1609999999999998
7575.0,1.1179999999999999
7576.0,1.1179999999999999
7577.0,1.1179999999999999
7578.0,1.1609999999999998
7579.0,1.1179999999999999
7580.0,1.1609999999999998
7581.0,1.1179999999999999
7582.0,1.1179999999999999
7583.0,1.1179999999999999
7584.0,1.1179999999999999
7585.0,1.1179999999999999
7586.0,1.1609999999999998
7587.0,1.1179999999999999
7588.0,1.1609999999999998
7589.0,1.1179999999999999
7590.0,1.1609999999999998
7591.0,1.1609999999999998
7592.0,1.1179999999999999
7593.0,1.1179999999999999
7594.0,1.1179999999999999
7595.0,1.1179999999999999
7596.0,1.1609999999999998
7597.0,1.1179999999999999
7598.0,1.1179999999999999
7599.0,1.1179999999999999
7600.0,1.1179999999999999
7601.0,1.1179999999999999
7602.0,1.1179999999999999
7603.0,1.1179999999999999
7604.0,1.1179999999999999
7605.0,1.1179999999999999
7606.0,1.1609999999999998
7607.0,1.1179999999999999
7608.0,1.1609999999999998
7609.0,1.1179999999999999
7610.0,1.1609999999999998
7611.0,1.1179999999999999
7612.0,1.1609999999999998
7613.0,1.1179999999999999
7614.0,1.1609999999999998
7615.0,1.1179999999999999
7616.0,1.1609999999999998
7617.0,1.1179999999999999
7618.0,1.1609999999999998
7619.0,1.1179999999999999
7620.0,1.1609999999999998
7621.0,1.1179999999999999
7622.0,1.1179999999999999
7623.0,1.1179999999999999
7624.0,1.1609999999999998
7625.0,1.1179999999999999
7626.0,1.1179999999999999
7627.0,1.1179999999999999
7628.0,1.1609999999999998
7629.0,1.1179999999999999
7630.0,1.1609999999999998
7631.0,1.1179999999999999
7632.0,1.1609999999999998
7633.0,1.1179999999999999
7634.0,1.1179999999999999
7635.0,1.1179999999999999
7636.0,1.1179999999999999
7637.0,1.1179999999999999
7638.0,1.1179999999999999
7639.0,1.1179999999999999
7640.0,1.1609999999999998
7641.0,1.1179999999999999
7642.0,1.1179999999999999
7643.0,1.1179999999999999
7644.0,1.1179999999999999
7645.0,1.1179999999999999
7646.0,1.1609999999999998
7647.0,1.1179999999999999
7648.0,1.1609999999999998
7649.0,1.1179999999999999
7650.0,1.1609999999999998
7651.0,1.1179999999999999
7652.0,1.1179999999999999
7653.0,1.1179999999999999
7654.0,1.1609999999999998
7655.0,1.1179999999999999
7656.0,1.1609999999999998
7657.0,1.1179999999999999
7658.0,1.1609999999999998
7659.0,1.1179999999999999
7660.0,1.1609999999999998
7661.0,1.1179999999999999
7662.0,1.1609999999999998
7663.0,1.1179999999999999
7664.0,1.1179999999999999
7665.0,1.1179999999999999
7666.0,1.1179999999999999
7667.0,1.1179999999999999
7668.0,1.1179999999999999
7669.0,1.1179999999999999
7670.0,1.1609999999999998
7671.0,1.1179999999999999
7672.0,1.1179999999999999
7673.0,1.1179999999999999
7674.0,1.1179999999999999
7675.0,1.1179999999999999
7676.0,1.1179999999999999
7677.0,1.1179999999999999
7678.0,1.1179999999999999
7679.0,1.1179999999999999
7680.0,1.1179999999999999
7681.0,1.1179999999999999
7682.0,1.1179999999999999
7683.0,1.1179999999999999
7684.0,1.1179999999999999
7685.0,1.1179999999999999
7686.0,1.1179999999999999
7687.0,1.1179999999999999
7688.0,1.1179999999999999
7689.0,1.1179999999999999
7690.0,1.1179999999999999
7691.0,1.1179999999999999
7692.0,1.1179999999999999
7693.0,1.1179999999999999
7694.0,1.1609999999999998
7695.0,1.1179999999999999
7696.0,1.1609999999999998
7697.0,1.1179999999999999
7698.0,1.1609999999999998
7699.0,1.1179999999999999
7700.0,1.1609999999999998
7701.0,1.1179999999999999
7702.0,1.1609999999999998
7703.0,1.1179999999999999
7704.0,1.1179999999999999
7705.0,1.1179999999999999
7706.0,1.1609999999999998
7707.0,1.1179999999999999
7708.0,1.1609999999999998
7709.0,1.1179999999999999
7710.0,1.1609999999999998
7711.0,1.1179999999999999
7712.0,1.1609999999999998
7713.0,1.1179999999999999
7714.0,1.1179999999999999
7715.0,1.1179999999999999
7716.0,1.1179999999999999
7717.0,1.1179999999999999
7718.0,1.1179999999999999
7719.0,1.1179999999999999
7720.0,1.1609999999999998
7721.0,1.1179999999999999
7722.0,1.1179999999999999
7723.0,1.1179999999999999
7724.0,1.1179999999999999
7725.0,1.1179999999999999
7726.0,1.1179999999999999
7727.0,1.1179999999999999
7728.0,1.1179999999999999
7729.0,1.1179999999999999
7730.0,1.1179999999999999
7731.0,1.1179999999999999
7732.0,1.1609999999999998
7733.0,1.1179999999999999
7734.0,1.1179999999999999
7735.0,1.1179999999999999
7736.0,1.1609999999999998
7737.0,1.1609999999999998
7738.0,1.1179999999999999
7739.0,1.1179999999999999
7740.0,1.1179999999999999
7741.0,1.1179999999999999
7742.0,1.1609999999999998
7743.0,1.1179999999999999
7744.0,1.1179999999999999
7745.0,1.1179999999999999
7746.0,1.1179999999999999
7747.0,1.1179999999999999
7748.0,1.1179999999999999
7749.0,1.1179999999999999
7750.0,1.1179999999999999
7751.0,1.1179999999999999
7752.0,1.1609999999999998
7753.0,1.1179999999999999
7754.0,1.1609999999999998
7755.0,1.1179999999999999
7756.0,1.1609999999999998
7757.0,1.1179999999999999
7758.0,1.1179999999999999
7759.0,1.1179999999999999
7760.0,1.1609999999999998
7761.0,1.1179999999999999
7762.0,1.1609999999999998
7763.0,1.1179999999999999
7764.0,1.1609999999999998
7765.0,1.1179999999999999
7766.0,1.1609999999999998
7767.0,1.1179999999999999
7768.0,1.1179999999999999
7769.0,1.1179999999999999
7770.0,1.1609999999999998
7771.0,1.1179999999999999
7772.0,1.1609999999999998
7773.0,1.1179999999999999
7774.0,1.1179999999999999
7775.0,1.1179999999999999
7776.0,1.1179999999999999
7777.0,1.1179999999999999
7778.0,1.1609999999999998
7779.0,1.1179999999999999
7780.0,1.1179999999999999
7781.0,1.1179999999999999
7782.0,1.1179999999999999
7783.0,1.1179999999999999
7784.0,1.1179999999999999
7785.0,1.1179999999999999
7786.0,1.1179999999999999
7787.0,1.1179999999999999
7788.0,1.1179999999999999
7789.0,1.1179999999999999
7790.0,1.1609999999999998
7791.0,1.1179999999999999
7792.0,1.1609999999999998
7793.0,1.1179999999999999
7794.0,1.1609999999999998
7795.0,1.1179999999999999
7796.0,1.1609999999999998
7797.0,1.1179999999999999
7798.0,1.1609999999999998
7799.0,1.1179999999999999
7800.0,1.1179999999999999
7801.0,1.1179999999999999
7802.0,1.1179999999999999
7803.0,1.1179999999999999
7804.0,1.1179999999999999
7805.0,1.1179999999999999
7806.0,1.1179999999999999
7807.0,1.1179999999999999
7808.0,1.1609999999999998
7809.0,1.1179999999999999
7810.0,1.1609999999999998
7811.0,1.1179999999999999
7812.0,1.1179999999999999
7813.0,1.1609999999999998
7814.0,1.1179999999999999
7815.0,1.1179999999999999
7816.0,1.1179999999999999
7817.0,1.1179999999999999
7818.0,1.1609999999999998
7819.0,1.1179999999999999
7820.0,1.1179999999999999
7821.0,1.1179999999999999
7822.0,1.1179999999999999
7823.0,1.1179999999999999
7824.0,1.1609999999999998
7825.0,1.1179999999999999
7826.0,1.1609999999999998
7827.0,1.1179999999999999
7828.0,1.1179999999999999
7829.0,1.1179999999999999
7830.0,1.1179999999999999
7831.0,1.1179999999999999
7832.0,1.1609999999999998
7833.0,1.1179999999999999
7834.0,1.1609999999999998
7835.0,1.1179999999999999
7836.0,1.1179999999999999
7837.0,1.1179999999999999
7838.0,1.1179999999999999
7839.0,1.1179999999999999
7840.0,1.1179999999999999
7841.0,1.1179999999999999
7842.0,1.1179999999999999
7843.0,1.1179999999999999
7844.0,1.1609999999999998
7845.0,1.1179999999999999
7846.0,1.1179999999999999
7847.0,1.1179999999999999
7848.0,1.1179999999999999
7849.0,1.1179999999999999
7850.0,1.1179999999999999
7851.0,1.1179999999999999
7852.0,1.1179999999999999
7853.0,1.1179999999999999
7854.0,1.1179999999999999
7855.0,1.1179999999999999
7856.0,1.1179999999999999
7857.0,1.1179999999999999
7858.0,1.1179999999999999
7859.0,1.1179999999999999
7860.0,1.1179999999999999
7861.0,1.1609999999999998
7862.0,1.1179999999999999
7863.0,1.1179999999999999
7864.0,1.1179999999999999
7865.0,1.1179999999999999
7866.0,1.1179999999999999
7867.0,1.1179999999999999
7868.0,1.1609999999999998
7869.0,1.1179999999999999
7870.0,1.1609999999999998
7871.0,1.1179999999999999
7872.0,1.1609999999999998
7873.0,1.1179999999999999
7874.0,1.1609999999999998
7875.0,1.1179999999999999
7876.0,1.1609999999999998
7877.0,1.1179999999999999
7878.0,1.1179999999999999
7879.0,1.1179999999999999
7880.0,1.1179999999999999
7881.0,1.1179999999999999
7882.0,1.1179999999999999
7883.0,1.1179999999999999
7884.0,1.1179999999999999
7885.0,1.1179999999999999
7886.0,1.1179999999999999
7887.0,1.1179999999999999
7888.0,1.1609999999999998
7889.0,1.1179999999999999
7890.0,1.1179999999999999
7891.0,1.1179999999999999
7892.0,1.1179999999999999
7893.0,1.1179999999999999
7894.0,1.1179999999999999
7895.0,1.1179999999999999
7896.0,1.1179999999999999
7897.0,1.1179999999999999
7898.0,1.1179999999999999
7899.0,1.1179999999999999
7900.0,1.1179999999999999
7901.0,1.1179999999999999
7902.0,1.1179999999999999
7903.0,1.1179999999999999
7904.0,1.1609999999999998
7905.0,1.1179999999999999
7906.0,1.1609999999999998
7907.0,1.1179999999999999
7908.0,1.1609999999999998
7909.0,1.1179999999999999
7910.0,1.1609999999999998
7911.0,1.1179999999999999
7912.0,1.1609999999999998
7913.0,1.1179999999999999
7914.0,1.1179999999999999
7915.0,1.1179999999999999
7916.0,1.1609999999999998
7917.0,1.1179999999999999
7918.0,1.1609999999999998
7919.0,1.1179999999999999
7920.0,1.1609999999999998
7921.0,1.1179999999999999
7922.0,1.1609999999999998
7923.0,1.1179999999999999
7924.0,1.1609999999999998
7925.0,1.1179999999999999
7926.0,1.1179999999999999
7927.0,1.1179999999999999
7928.0,1.1609999999999998
7929.0,1.1179999999999999
7930.0,1.1179999999999999
7931.0,1.1179999999999999
7932.0,1.1179999999999999
7933.0,1.1179999999999999
7934.0,1.1179999999999999
7935.0,1.1179999999999999
7936.0,1.1179999999999999
7937.0,1.1179999999999999
7938.0,1.1179999999999999
7939.0,1.1179999999999999
7940.0,1.1179999999999999
7941.0,1.1179999999999999
7942.0,1.1179999999999999
7943.0,1.1179999999999999
7944.0,1.1609999999999998
7945.0,1.1179999999999999
7946.0,1.1179999999999999
7947.0,1.1179999999999999
7948.0,1.1609999999999998
7949.0,1.1179999999999999
7950.0,1.1179999999999999
7951.0,1.1179999999999999
7952.0,1.1609999999999998
7953.0,1.1179999999999999
7954.0,1.1609999999999998
7955.0,1.1179999999999999
7956.0,1.1179999999999999
7957.0,1.1179999999999999
7958.0,1.1609999999999998
7959.0,1.1179999999999999
7960.0,1.1179999999999999
7961.0,1.1179999999999999
7962.0,1.1609999999999998
7963.0,1.1179999999999999
7964.0,1.1609999999999998
7965.0,1.1609999999999998
7966.0,1.1179999999999999
7967.0,1.1179999999999999
7968.0,1.1609999999999998
7969.0,1.1179999999999999
7970.0,1.1179999999999999
7971.0,1.1179999999999999
7972.0,1.1609999999999998
7973.0,1.1179999999999999
7974.0,1.1609999999999998
7975.0,1.1179999999999999
7976.0,1.1609999999999998
7977.0,1.1179999999999999
7978.0,1.1179999999999999
7979.0,1.1179999999999999
7980.0,1.1609999999999998
7981.0,1.1179999999999999
7982.0,1.1609999999999998
7983.0,1.1179999999999999
7984.0,1.1179999999999999
7985.0,1.1179999999999999
7986.0,1.1609999999999998
7987.0,1.1179999999999999
7988.0,1.1179999999999999
7989.0,1.1179999999999999
7990.0,1.1179999999999999
7991.0,1.1179999999999999
7992.0,1.1609999999999998
7993.0,1.1179999999999999
7994.0,1.1609999999999998
7995.0,1.1179999999999999
7996.0,1.1179999999999999
7997.0,1.1179999999999999
7998.0,1.1179999999999999
7999.0,1.1179999999999999
8000.0,1.1179999999999999
8001.0,1.1179999999999999
8002.0,1.1609999999999998
8003.0,1.1179999999999999
8004.0,1.1609999999999998
8005.0,1.1179999999999999
8006.0,1.1609999999999998
8007.0,1.1609999999999998
8008.0,1.1609999999999998
8009.0,1.1179999999999999
8010.0,1.1179999999999999
8011.0,1.1179999999999999
8012.0,1.1179999999999999
8013.0,1.1179999999999999
8014.0,1.1609999999999998
8015.0,1.1179999999999999
8016.0,1.1179999999999999
8017.0,1.1179999999999999
8018.0,1.1179999999999999
8019.0,1.1179999999999999
8020.0,1.1609999999999998
8021.0,1.1179999999999999
8022.0,1.1179999999999999
8023.0,1.1179999999999999
8024.0,1.1179999999999999
8025.0,1.1179999999999999
8026.0,1.1609999999999998
8027.0,1.1179999999999999
8028.0,1.1609999999999998
8029.0,1.1179999999999999
8030.0,1.1179999999999999
8031.0,1.1179999999999999
8032.0,1.1609999999999998
8033.0,1.1179999999999999
8034.0,1.1179999999999999
8035.0,1.1179999999999999
8036.0,1.1179999999999999
8037.0,1.1179999999999999
8038.0,1.1179999999999999
8039.0,1.1179999999999999
8040.0,1.1179999999999999
8041.0,1.1179999999999999
8042.0,1.1179999999999999
8043.0,1.1179999999999999
8044.0,1.1609999999999998
8045.0,1.1179999999999999
8046.0,1.1609999999999998
8047.0,1.1179999999999999
8048.0,1.1609999999999998
8049.0,1.1179999999999999
8050.0,1.1609999999999998
8051.0,1.1179999999999999
8052.0,1.1609999999999998
8053.0,1.1179999999999999
8054.0,1.1609999999999998
8055.0,1.1179999999999999
8056.0,1.1609999999999998
8057.0,1.1179999999999999
8058.0,1.1179999999999999
8059.0,1.1179999999999999
8060.0,1.1609999999999998
8061.0,1.1179999999999999
8062.0,1.1179999999999999
8063.0,1.1179999999999999
8064.0,1.1609999999999998
8065.0,1.1179999999999999
8066.0,1.1179999999999999
8067.0,1.1179999999999999
8068.0,1.1179999999999999
8069.0,1.1179999999999999
8070.0,1.1179999999999999
8071.0,1.1179999999999999
8072.0,1.1179999999999999
8073.0,1.1179999999999999
8074.0,1.1179999999999999
8075.0,1.1179999999999999
8076.0,1.1179999999999999
8077.0,1.1179999999999999
8078.0,1.1179999999999999
8079.0,1.1179999999999999
8080.0,1.1609999999999998
8081.0,1.1179999999999999
8082.0,1.1609999999999998
8083.0,1.1179999999999999
8084.0,1.1179999999999999
8085.0,1.1179999999999999
8086.0,1.1609999999999998
8087.0,1.1179999999999999
8088.0,1.1609999999999998
8089.0,1.1609999999999998
8090.0,1.1609999999999998
8091.0,1.1179999999999999
8092.0,1.1609999999999998
8093.0,1.1179999999999999
8094.0,1.1609999999999998
8095.0,1.1179999999999999
8096.0,1.1609999999999998
8097.0,1.1179999999999999
8098.0,1.1609999999999998
8099.0,1.1609999999999998
8100.0,1.1609999999999998
8101.0,1.1179999999999999
8102.0,1.1179999999999999
8103.0,1.1179999999999999
8104.0,1.1179999999999999
8105.0,1.1179999999999999
8106.0,1.1609999999999998
8107.0,1.1179999999999999
8108.0,1.1179999999999999
8109.0,1.1179999999999999
8110.0,1.1179999999999999
8111.0,1.1179999999999999
8112.0,1.1179999999999999
8113.0,1.1179999999999999
8114.0,1.1179999999999999
8115.0,1.1179999999999999
8116.0,1.1179999999999999
8117.0,1.1179999999999999
8118.0,1.1179999999999999
8119.0,1.1179999999999999
8120.0,1.1179999999999999
8121.0,1.1179999999999999
8122.0,1.1179999999999999
8123.0,1.1179999999999999
8124.0,1.1179999999999999
8125.0,1.1179999999999999
8126.0,1.1179999999999999
8127.0,1.1179999999999999
8128.0,1.1179999999999999
8129.0,1.1179999999999999
8130.0,1.1179999999999999
8131.0,1.1179999999999999
8132.0,1.1179999999999999
8133.0,1.1179999999999999
8134.0,1.1179999999999999
8135.0,1.1179999999999999
8136.0,1.1179999999999999
8137.0,1.1179999999999999
8138.0,1.1609999999999998
8139.0,1.1179999999999999
8140.0,1.1179999999999999
8141.0,1.1179999999999999
8142.0,1.1609999999999998
8143.0,1.1179999999999999
8144.0,1.1609999999999998
8145.0,1.1609999999999998
8146.0,1.1609999999999998
8147.0,1.1179999999999999
8148.0,1.1609999999999998
8149.0,1.1179999999999999
8150.0,1.1609999999999998
8151.0,1.1179999999999999
8152.0,1.1609999999999998
8153.0,1.1179999999999999
8154.0,1.1179999999999999
8155.0,1.1179999999999999
8156.0,1.1179999999999999
8157.0,1.1179999999999999
8158.0,1.1609999999999998
8159.0,1.1179999999999999
8160.0,1.1179999999999999
8161.0,1.1179999999999999
8162.0,1.1179999999999999
8163.0,1.1609999999999998
8164.0,1.1179999999999999
8165.0,1.1179999999999999
8166.0,1.1609999999999998
8167.0,1.1179999999999999
8168.0,1.1609999999999998
8169.0,1.1179999999999999
8170.0,1.1609999999999998
8171.0,1.1179999999999999
8172.0,1.1179999999999999
8173.0,1.1179999999999999
8174.0,1.1179999999999999
8175.0,1.1179999999999999
8176.0,1.1609999999999998
8177.0,1.1179999999999999
8178.0,1.1609999999999998
8179.0,1.1179999999999999
8180.0,1.1609999999999998
8181.0,1.1179999999999999
8182.0,1.1179999999999999
8183.0,1.1179999999999999
8184.0,1.1179999999999999
8185.0,1.1179999999999999
8186.0,1.1179999999999999
8187.0,1.1609999999999998
8188.0,1.1609999999999998
8189.0,1.1179999999999999
8190.0,1.1179999999999999
8191.0,1.1179999999999999
8192.0,1.1179999999999999
8193.0,1.1179999999999999
8194.0,1.1179999999999999
8195.0,1.1179999999999999
8196.0,1.1179999999999999
8197.0,1.1179999999999999
8198.0,1.1179999999999999
8199.0,1.1179999999999999
8200.0,1.1179999999999999
8201.0,1.1179999999999999
8202.0,1.1609999999999998
8203.0,1.1179999999999999
8204.0,1.1179999999999999
8205.0,1.1179999999999999
8206.0,1.1609999999999998
8207.0,1.1179999999999999
8208.0,1.1179999999999999
8209.0,1.1179999999999999
8210.0,1.1609999999999998
8211.0,1.1179999999999999
8212.0,1.1609999999999998
8213.0,1.1179999999999999
8214.0,1.1179999999999999
8215.0,1.1179999999999999
8216.0,1.1179999999999999
8217.0,1.1179999999999999
8218.0,1.1179999999999999
8219.0,1.1179999999999999
8220.0,1.1609999999999998
8221.0,1.1179999999999999
8222.0,1.1179999999999999
8223.0,1.1179999999999999
8224.0,1.1179999999999999
8225.0,1.1179999999999999
8226.0,1.1179999999999999
8227.0,1.1179999999999999
8228.0,1.1179999999999999
8229.0,1.1179999999999999
8230.0,1.1609999999999998
8231.0,1.1609999999999998
8232.0,1.1609999999999998
8233.0,1.1179999999999999
8234.0,1.1609999999999998
8235.0,1.1179999999999999
8236.0,1.1609999999999998
8237.0,1.1179999999999999
8238.0,1.1609999999999998
8239.0,1.1179999999999999
8240.0,1.1609999999999998
8241.0,1.1179999999999999
8242.0,1.1179999999999999
8243.0,1.1179999999999999
8244.0,1.1179999999999999
8245.0,1.1179999999999999
8246.0,1.1179999999999999
8247.0,1.1179999999999999
8248.0,1.1179999999999999
8249.0,1.1179999999999999
8250.0,1.1609999999999998
8251.0,1.1179999999999999
8252.0,1.1179999999999999
8253.0,1.1179999999999999
8254.0,1.1179999999999999
8255.0,1.1179999999999999
8256.0,1.1179999999999999
8257.0,1.1179999999999999
8258.0,1.1179999999999999
8259.0,1.1179999999999999
8260.0,1.1609999999999998
8261.0,1.1179999999999999
8262.0,1.1179999999999999
8263.0,1.1179999999999999
8264.0,1.1179999999999999
8265.0,1.1179999999999999
8266.0,1.1609999999999998
8267.0,1.1179999999999999
8268.0,1.1179999999999999
8269.0,1.1179999999999999
8270.0,1.1609999999999998
8271.0,1.1179999999999999
8272.0,1.1609999999999998
8273.0,1.1179999999999999
8274.0,1.1609999999999998
8275.0,1.1179999999999999
8276.0,1.1609999999999998
8277.0,1.1179999999999999
8278.0,1.1609999999999998
8279.0,1.1179999999999999
8280.0,1.1609999999999998
8281.0,1.1179999999999999
8282.0,1.1609999999999998
8283.0,1.1179999999999999
8284.0,1.1609999999999998
8285.0,1.1179999999999999
8286.0,1.1179999999999999
8287.0,1.1179999999999999
8288.0,1.1179999999999999
8289.0,1.1179999999999999
8290.0,1.1609999999999998
8291.0,1.1179999999999999
8292.0,1.1179999999999999
8293.0,1.1179999999999999
8294.0,1.1609999999999998
8295.0,1.1179999999999999
8296.0,1.1179999999999999
8297.0,1.1179999999999999
8298.0,1.1179999999999999
8299.0,1.1179999999999999
8300.0,1.1179999999999999
8301.0,1.1179999999999999
8302.0,1.1179999999999999
8303.0,1.1179999999999999
8304.0,1.1179999999999999
8305.0,1.1179999999999999
8306.0,1.1179999999999999
8307.0,1.1179999999999999
8308.0,1.1609999999999998
8309.0,1.1179999999999999
8310.0,1.1179999999999999
8311.0,1.1179999999999999
8312.0,1.1609999999999998
8313.0,1.1609999999999998
8314.0,1.1609999999999998
8315.0,1.1179999999999999
8316.0,1.1609999999999998
8317.0,1.1179999999999999
8318.0,1.1609999999999998
8319.0,1.1179999999999999
8320.0,1.1609999999999998
8321.0,1.1179999999999999
8322.0,1.1609999999999998
8323.0,1.1609999999999998
8324.0,1.1609999999999998
8325.0,1.1179999999999999
8326.0,1.1609999999999998
8327.0,1.1179999999999999
8328.0,1.1179999999999999
8329.0,1.1179999999999999
8330.0,1.1609999999999998
8331.0,1.1179999999999999
8332.0,1.1179999999999999
8333.0,1.1179999999999999
8334.0,1.1179999999999999
8335.0,1.1179999999999999
8336.0,1.1609999999999998
8337.0,1.1179999999999999
8338.0,1.1179999999999999
8339.0,1.1179999999999999
8340.0,1.1179999999999999
8341.0,1.1179999999999999
8342.0,1.1179999999999999
8343.0,1.1179999999999999
8344.0,1.1179999999999999
8345.0,1.1179999999999999
8346.0,1.1609999999999998
8347.0,1.1179999999999999
8348.0,1.1179999999999999
8349.0,1.1179999999999999
8350.0,1.1179999999999999
8351.0,1.1179999999999999
8352.0,1.1609999999999998
8353.0,1.1179999999999999
8354.0,1.1609999999999998
8355.0,1.1179999999999999
8356.0,1.1609999999999998
8357.0,1.1179999999999999
8358.0,1.1609999999999998
8359.0,1.1179999999999999
8360.0,1.1179999999999999
8361.0,1.1179999999999999
8362.0,1.1179999999999999
8363.0,1.1179999999999999
8364.0,1.1609999999999998
8365.0,1.1179999999999999
8366.0,1.1609999999999998
8367.0,1.1179999999999999
8368.0,1.1179999999999999
8369.0,1.1179999999999999
8370.0,1.1609999999999998
8371.0,1.1179999999999999
8372.0,1.1179999999999999
8373.0,1.1179999999999999
8374.0,1.1609999999999998
8375.0,1.1179999999999999
8376.0,1.1179999999999999
8377.0,1.1179999999999999
8378.0,1.1179999999999999
8379.0,1.1179999999999999
8380.0,1.1179999999999999
8381.0,1.1179999999999999
8382.0,1.1609999999999998
8383.0,1.1179999999999999
8384.0,1.1179999999999999
8385.0,1.1179999999999999
8386.0,1.1609999999999998
8387.0,1.1179999999999999
8388.0,1.1179999999999999
8389.0,1.1179999999999999
8390.0,1.1609999999999998
8391.0,1.1179999999999999
8392.0,1.1179999999999999
8393.0,1.1179999999999999
8394.0,1.1179999999999999
8395.0,1.1179999999999999
8396.0,1.1609999999999998
8397.0,1.1179999999999999
8398.0,1.1609999999999998
8399.0,1.1179999999999999
8400.0,1.1179999999999999
8401.0,1.1179999999999999
8402.0,1.1609999999999998
8403.0,1.1179999999999999
8404.0,1.1179999999999999
8405.0,1.1179999999999999
8406.0,1.1609999999999998
8407.0,1.1179999999999999
8408.0,1.1179999999999999
8409.0,1.1179999999999999
8410.0,1.1609999999999998
8411.0,1.1609999999999998
8412.0,1.1609999999999998
8413.0,1.1609999999999998
8414.0,1.1609999999999998
8415.0,1.1179999999999999
8416.0,1.1179999999999999
8417.0,1.1179999999999999
8418.0,1.1179999999999999
8419.0,1.1179999999999999
8420.0,1.1609999999999998
8421.0,1.1609999999999998
8422.0,1.1179999999999999
8423.0,1.1179999999999999
8424.0,1.1179999999999999
8425.0,1.1179999999999999
8426.0,1.1179999999999999
8427.0,1.1179999999999999
8428.0,1.1609999999999998
8429.0,1.1179999999999999
8430.0,1.1179999999999999
8431.0,1.1179999999999999
8432.0,1.1179999999999999
8433.0,1.1179999999999999
8434.0,1.1179999999999999
8435.0,1.1179999999999999
8436.0,1.1179999999999999
8437.0,1.1179999999999999
8438.0,1.1609999999999998
8439.0,1.1609999999999998
8440.0,1.1179999999999999
8441.0,1.1179999999999999
8442.0,1.1609999999999998
8443.0,1.1179999999999999
8444.0,1.1609999999999998
8445.0,1.1179999999999999
8446.0,1.1609999999999998
8447.0,1.1179999999999999
8448.0,1.1609999999999998
8449.0,1.1179999999999999
8450.0,1.1609999999999998
8451.0,1.1179999999999999
8452.0,1.1179999999999999
8453.0,1.1179999999999999
8454.0,1.1179999999999999
8455.0,1.1179999999999999
8456.0,1.1179999999999999
8457.0,1.1179999999999999
8458.0,1.1609999999999998
8459.0,1.1179999999999999
8460.0,1.1179999999999999
8461.0,1.1179999999999999
8462.0,1.1179999999999999
8463.0,1.1179999999999999
8464.0,1.1179999999999999
8465.0,1.1179999999999999
8466.0,1.1179999999999999
8467.0,1.1179999999999999
8468.0,1.1179999999999999
8469.0,1.1179999999999999
8470.0,1.1179999999999999
8471.0,1.1179999999999999
8472.0,1.1179999999999999
8473.0,1.1179999999999999
8474.0,1.1179999999999999
8475.0,1.1179999999999999
8476.0,1.1609999999999998
8477.0,1.1179999999999999
8478.0,1.1609999999999998
8479.0,1.1179999999999999
8480.0,1.1609999999999998
8481.0,1.1179999999999999
8482.0,1.1179999999999999
8483.0,1.1179999999999999
8484.0,1.1609999999999998
8485.0,1.1179999999999999
8486.0,1.1609999999999998
8487.0,1.1179999999999999
8488.0,1.1179999999999999
8489.0,1.1179999999999999
8490.0,1.1179999999999999
8491.0,1.1179999999999999
8492.0,1.1609999999999998
8493.0,1.1179999999999999
8494.0,1.1179999999999999
8495.0,1.1179999999999999
8496.0,1.1609999999999998
8497.0,1.1179999999999999
8498.0,1.1609999999999998
8499.0,1.1179999999999999
8500.0,1.1609999999999998
8501.0,1.1609999999999998
8502.0,1.1609999999999998
8503.0,1.1179999999999999
8504.0,1.1609999999999998
8505.0,1.1179999999999999
8506.0,1.1179999999999999
8507.0,1.1179999999999999
8508.0,1.1609999999999998
8509.0,1.1609999999999998
8510.0,1.1609999999999998
8511.0,1.1179999999999999
8512.0,1.1609999999999998
8513.0,1.1179999999999999
8514.0,1.1179999999999999
8515.0,1.1179999999999999
8516.0,1.1179999999999999
8517.0,1.1179999999999999
8518.0,1.1179999999999999
8519.0,1.1179999999999999
8520.0,1.1609999999999998
8521.0,1.1179999999999999
8522.0,1.1179999999999999
8523.0,1.1179999999999999
8524.0,1.1179999999999999
8525.0,1.1179999999999999
8526.0,1.1179999999999999
8527.0,1.1179999999999999
8528.0,1.1179999999999999
8529.0,1.1179999999999999
8530.0,1.1179999999999999
8531.0,1.1179999999999999
8532.0,1.1179999999999999
8533.0,1.1179999999999999
