time_ms,diameter_mm
0.0,3.139
1.0,3.139
2.0,3.139
3.0,3.0959999999999996
4.0,3.0959999999999996
5.0,3.0959999999999996
6.0,3.0959999999999996
7.0,3.0959999999999996
8.0,3.0959999999999996
9.0,3.053
10.0,3.053
11.0,3.053
12.0,3.053
13.0,3.053
14.0,3.053
15.0,3.053
16.0,3.053
17.0,3.053
18.0,3.053
19.0,3.053
20.0,3.053
21.0,3.053
22.0,3.01
23.0,3.01
24.0,3.01
25.0,3.01
26.0,3.01
27.0,3.01
28.0,3.01
29.0,3.01
30.0,3.01
31.0,3.01
32.0,3.01
33.0,3.01
34.0,3.01
35.0,3.01
36.0,2.9669999999999996
37.0,2.9669999999999996
38.0,2.9669999999999996
39.0,2.9669999999999996
40.0,2.9669999999999996
41.0,2.9669999999999996
42.0,2.9669999999999996
43.0,2.924
44.0,2.9669999999999996
45.0,2.9669999999999996
46.0,2.924
47.0,2.9669999999999996
48.0,2.9669999999999996
49.0,2.924
50.0,2.924
51.0,2.924
52.0,2.924
53.0,2.924
54.0,2.924
55.0,2.924
56.0,2.924
57.0,2.924
58.0,2.924
59.0,2.924
60.0,2.924
61.0,2.924
62.0,2.924
63.0,2.924
64.0,2.924
65.0,2.924
66.0,2.881
67.0,2.924
68.0,2.924
69.0,2.924
70.0,2.924
71.0,2.924
72.0,2.924
73.0,2.924
74.0,2.924
75.0,2.881
76.0,2.881
77.0,2.881
78.0,2.881
79.0,2.881
80.0,2.881
81.0,2.881
82.0,2.881
83.0,2.881
84.0,2.881
85.0,2.881
86.0,2.8379999999999996
87.0,2.8379999999999996
88.0,2.8379999999999996
89.0,2.881
90.0,2.8379999999999996
91.0,2.881
92.0,2.8379999999999996
93.0,2.8379999999999996
94.0,2.8379999999999996
95.0,2.8379999999999996
96.0,2.8379999999999996
97.0,2.8379999999999996
98.0,2.8379999999999996
99.0,2.8379999999999996
100.0,2.8379999999999996
101.0,2.8379999999999996
102.0,2.8379999999999996
103.0,2.8379999999999996
104.0,2.8379999999999996
105.0,2.8379999999999996
106.0,2.8379999999999996
107.0,2.8379999999999996
108.0,2.8379999999999996
109.0,2.8379999999999996
110.0,2.8379999999999996
111.0,2.8379999999999996
112.0,2.8379999999999996
113.0,2.8379999999999996
114.0,2.8379999999999996
115.0,2.8379999999999996
116.0,2.8379999999999996
117.0,2.8379999999999996
118.0,2.8379999999999996
119.0,2.795
120.0,2.8379999999999996
121.0,2.8379999999999996
122.0,2.8379999999999996
123.0,2.8379999999999996
124.0,2.8379999999999996
125.0,2.8379999999999996
126.0,2.8379999999999996
127.0,2.8379999999999996
128.0,2.8379999999999996
129.0,2.8379999999999996
130.0,2.8379999999999996
131.0,2.795
132.0,2.795
133.0,2.8379999999999996
134.0,2.795
135.0,2.795
136.0,2.795
137.0,2.795
138.0,2.795
139.0,2.795
140.0,2.795
141.0,2.752
142.0,2.752
143.0,2.795
144.0,2.752
145.0,2.752
146.0,2.752
147.0,2.752
148.0,2.752
149.0,2.795
150.0,2.752
151.0,2.752
152.0,2.752
153.0,2.752
154.0,2.752
155.0,2.752
156.0,2.752
157.0,2.752
158.0,2.752
159.0,2.752
160.0,2.752
161.0,2.752
162.0,2.752
163.0,2.752
164.0,2.752
165.0,2.752
166.0,2.752
167.0,2.752
168.0,2.752
169.0,2.752
170.0,2.752
171.0,2.752
172.0,2.752
173.0,2.752
174.0,2.752
175.0,2.752
176.0,2.752
177.0,2.7089999999999996
178.0,2.752
179.0,2.752
180.0,2.752
181.0,2.752
182.0,2.752
183.0,2.752
184.0,2.752
185.0,2.752
186.0,2.7089999999999996
187.0,2.752
188.0,2.752
189.0,2.752
190.0,2.7089999999999996
191.0,2.752
192.0,2.752
193.0,2.7089999999999996
194.0,2.752
195.0,2.7089999999999996
196.0,2.7089999999999996
197.0,2.7089999999999996
198.0,2.7089999999999996
199.0,2.666
200.0,2.7089999999999996
201.0,2.7089999999999996
202.0,2.666
203.0,2.7089999999999996
204.0,2.666
205.0,2.7089999999999996
206.0,2.7089999999999996
207.0,2.7089999999999996
208.0,2.666
209.0,2.666
210.0,2.666
211.0,2.666
212.0,2.666
213.0,2.666
214.0,2.666
215.0,2.666
216.0,2.666
217.0,2.666
218.0,2.666
219.0,2.666
220.0,2.666
221.0,2.666
222.0,2.666
223.0,2.666
224.0,2.666
225.0,2.666
226.0,2.666
227.0,2.666
228.0,2.666
229.0,2.666
230.0,2.666
231.0,2.666
232.0,2.666
233.0,2.666
234.0,2.666
235.0,2.666
236.0,2.666
237.0,2.666
238.0,2.666
239.0,2.666
240.0,2.666
241.0,2.666
242.0,2.666
243.0,2.666
244.0,2.666
245.0,2.666
246.0,2.6229999999999998
247.0,2.666
248.0,2.666
249.0,2.666
250.0,2.666
251.0,2.666
252.0,2.666
253.0,2.666
254.0,2.666
255.0,2.666
256.0,2.666
257.0,2.6229999999999998
258.0,2.666
259.0,2.666
260.0,2.666
261.0,2.6229999999999998
262.0,2.6229999999999998
263.0,2.666
264.0,2.666
265.0,2.666
266.0,2.666
267.0,2.6229999999999998
268.0,2.666
269.0,2.5799999999999996
270.0,2.6229999999999998
271.0,2.5799999999999996
272.0,2.5799999999999996
273.0,2.6229999999999998
274.0,2.6229999999999998
275.0,2.6229999999999998
276.0,2.6229999999999998
277.0,2.5799999999999996
278.0,2.666
279.0,2.5799999999999996
280.0,2.6229999999999998
281.0,2.5799999999999996
282.0,2.6229999999999998
283.0,2.6229999999999998
284.0,2.5799999999999996
285.0,2.5799999999999996
286.0,2.5799999999999996
287.0,2.5799999999999996
288.0,2.6229999999999998
289.0,2.5799999999999996
290.0,2.5799999999999996
291.0,2.5799999999999996
292.0,2.5799999999999996
293.0,2.5799999999999996
294.0,2.5799999999999996
295.0,2.5799999999999996
296.0,2.5799999999999996
297.0,2.5799999999999996
298.0,2.5799999999999996
299.0,2.5799999999999996
300.0,2.5799999999999996
301.0,2.5799999999999996
302.0,2.5799999999999996
303.0,2.5799999999999996
304.0,2.5799999999999996
305.0,2.5799999999999996
306.0,2.5799999999999996
307.0,2.5799999999999996
308.0,2.5799999999999996
309.0,2.5799999999999996
310.0,2.5799999999999996
311.0,2.5799999999999996
312.0,2.5799999999999996
313.0,2.5799999999999996
314.0,2.5799999999999996
315.0,2.5799999999999996
316.0,2.5799999999999996
317.0,2.5799999999999996
318.0,2.5799999999999996
319.0,2.5799999999999996
320.0,2.5799999999999996
321.0,2.5799999999999996
322.0,2.5799999999999996
323.0,2.5799999999999996
324.0,2.5799999999999996
325.0,2.5799999999999996
326.0,2.5799999999999996
327.0,2.5799999999999996
328.0,2.5799999999999996
329.0,2.5799999999999996
330.0,2.5799999999999996
331.0,2.5799999999999996
332.0,2.5799999999999996
333.0,2.5799999999999996
334.0,2.5799999999999996
335.0,2.5799999999999996
336.0,2.5799999999999996
337.0,2.5799999999999996
338.0,2.5799999999999996
339.0,2.5799999999999996
340.0,2.5799999999999996
341.0,2.5799999999999996
342.0,2.5799999999999996
343.0,2.5799999999999996
344.0,2.5799999999999996
345.0,2.5799999999999996
346.0,2.5799999999999996
347.0,2.5799999999999996
348.0,2.5799999999999996
349.0,2.5799999999999996
350.0,2.5799999999999996
351.0,2.5799999999999996
352.0,2.5799999999999996
353.0,2.5799999999999996
354.0,2.5799999999999996
355.0,2.537
356.0,2.5799999999999996
357.0,2.5799999999999996
358.0,2.537
359.0,2.537
360.0,2.5799999999999996
361.0,2.537
362.0,2.5799999999999996
363.0,2.537
364.0,2.5799999999999996
365.0,2.537
366.0,2.537
367.0,2.4939999999999998
368.0,2.537
369.0,2.4939999999999998
370.0,2.537
371.0,2.4939999999999998
372.0,2.4939999999999998
373.0,2.4939999999999998
374.0,2.537
375.0,2.537
376.0,2.537
377.0,2.4939999999999998
378.0,2.537
379.0,2.537
380.0,2.537
381.0,2.4939999999999998
382.0,2.4939999999999998
383.0,2.4939999999999998
384.0,2.537
385.0,2.4939999999999998
386.0,2.537
387.0,2.4939999999999998
388.0,2.4939999999999998
389.0,2.537
390.0,2.4939999999999998
391.0,2.4939999999999998
392.0,2.4939999999999998
393.0,2.4939999999999998
394.0,2.4939999999999998
395.0,2.4939999999999998
396.0,2.4939999999999998
397.0,2.4939999999999998
398.0,2.4939999999999998
399.0,2.4939999999999998
400.0,2.4939999999999998
401.0,2.4939999999999998
402.0,2.4939999999999998
403.0,2.4939999999999998
404.0,2.4939999999999998
405.0,2.4939999999999998
406.0,2.4939999999999998
407.0,2.4939999999999998
408.0,2.4939999999999998
409.0,2.4939999999999998
410.0,2.4939999999999998
411.0,2.4939999999999998
412.0,2.4939999999999998
413.0,2.4939999999999998
414.0,2.4939999999999998
415.0,2.4939999999999998
416.0,2.4939999999999998
417.0,2.4939999999999998
418.0,2.4939999999999998
419.0,2.4939999999999998
420.0,2.4939999999999998
421.0,2.4939999999999998
422.0,2.4939999999999998
423.0,2.4939999999999998
424.0,2.4939999999999998
425.0,2.4939999999999998
426.0,2.4939999999999998
427.0,2.4939999999999998
428.0,2.4939999999999998
429.0,2.4939999999999998
430.0,2.4939999999999998
431.0,2.4939999999999998
432.0,2.4939999999999998
433.0,2.4939999999999998
434.0,2.4939999999999998
435.0,2.4939999999999998
436.0,2.4939999999999998
437.0,2.4939999999999998
438.0,2.4939999999999998
439.0,2.4939999999999998
440.0,2.4939999999999998
441.0,2.4939999999999998
442.0,2.4939999999999998
443.0,2.4939999999999998
444.0,2.4939999999999998
445.0,2.4939999999999998
446.0,2.4939999999999998
447.0,2.4939999999999998
448.0,2.4939999999999998
449.0,2.4939999999999998
450.0,2.4939999999999998
451.0,2.4939999999999998
452.0,2.4509999999999996
453.0,2.4939999999999998
454.0,2.4509999999999996
455.0,2.4939999999999998
456.0,2.4939999999999998
457.0,2.4939999999999998
458.0,2.4939999999999998
459.0,2.4509999999999996
460.0,2.4939999999999998
461.0,2.4939999999999998
462.0,2.4939999999999998
463.0,2.4939999999999998
464.0,2.4509999999999996
465.0,2.4509999999999996
466.0,2.4939999999999998
467.0,2.4509999999999996
468.0,2.408
469.0,2.4509999999999996
470.0,2.4509999999999996
471.0,2.4509999999999996
472.0,2.4509999999999996
473.0,2.4509999999999996
474.0,2.4509999999999996
475.0,2.4509999999999996
476.0,2.4509999999999996
477.0,2.4509999999999996
478.0,2.4509999999999996
479.0,2.4509999999999996
480.0,2.4509999999999996
481.0,2.4509999999999996
482.0,2.4509999999999996
483.0,2.4509999999999996
484.0,2.4509999999999996
485.0,2.4509999999999996
486.0,2.4509999999999996
487.0,2.4509999999999996
488.0,2.408
489.0,2.408
490.0,2.4509999999999996
491.0,2.4509999999999996
492.0,2.4509999999999996
493.0,2.4509999999999996
494.0,2.4509999999999996
495.0,2.408
496.0,2.4509999999999996
497.0,2.4509999999999996
498.0,2.408
499.0,2.4509999999999996
500.0,2.4509999999999996
501.0,2.408
502.0,2.4509999999999996
503.0,2.408
504.0,2.408
505.0,2.408
506.0,2.408
507.0,2.4509999999999996
508.0,2.408
509.0,2.408
510.0,2.408
511.0,2.4509999999999996
512.0,2.4509999999999996
513.0,2.408
514.0,2.408
515.0,2.4509999999999996
516.0,2.408
517.0,2.408
518.0,2.408
519.0,2.4509999999999996
520.0,2.4509999999999996
521.0,2.4509999999999996
522.0,2.4509999999999996
523.0,2.4509999999999996
524.0,2.4509999999999996
525.0,2.408
526.0,2.408
527.0,2.408
528.0,2.4509999999999996
529.0,2.408
530.0,2.408
531.0,2.4509999999999996
532.0,2.408
533.0,2.408
534.0,2.408
535.0,2.408
536.0,2.408
537.0,2.408
538.0,2.408
539.0,2.408
540.0,2.408
541.0,2.408
542.0,2.408
543.0,2.408
544.0,2.408
545.0,2.408
546.0,2.408
547.0,2.408
548.0,2.408
549.0,2.408
550.0,2.408
551.0,2.408
552.0,2.408
553.0,2.408
554.0,2.408
555.0,2.408
556.0,2.408
557.0,2.408
558.0,2.408
559.0,2.3649999999999998
560.0,2.408
561.0,2.408
562.0,2.408
563.0,2.408
564.0,2.408
565.0,2.408
566.0,2.3649999999999998
567.0,2.3649999999999998
568.0,2.3649999999999998
569.0,2.408
570.0,2.408
571.0,2.408
572.0,2.408
573.0,2.408
574.0,2.408
575.0,2.408
576.0,2.408
577.0,2.408
578.0,2.408
579.0,2.408
580.0,2.408
581.0,2.408
582.0,2.408
583.0,2.408
584.0,2.3649999999999998
585.0,2.3649999999999998
586.0,2.3649999999999998
587.0,2.3649999999999998
588.0,2.3649999999999998
589.0,2.3649999999999998
590.0,2.3649999999999998
591.0,2.3649999999999998
592.0,2.3649999999999998
593.0,2.3649999999999998
594.0,2.3649999999999998
595.0,2.3649999999999998
596.0,2.3649999999999998
597.0,2.3649999999999998
598.0,2.3649999999999998
599.0,2.3649999999999998
600.0,2.3649999999999998
601.0,2.3649999999999998
602.0,2.3649999999999998
603.0,2.3649999999999998
604.0,2.3649999999999998
605.0,2.3649999999999998
606.0,2.3649999999999998
607.0,2.3649999999999998
608.0,2.3649999999999998
609.0,2.3649999999999998
610.0,2.3649999999999998
611.0,2.3649999999999998
612.0,2.3649999999999998
613.0,2.3649999999999998
614.0,2.3649999999999998
615.0,2.3649999999999998
616.0,2.3649999999999998
617.0,2.3649999999999998
618.0,2.3649999999999998
619.0,2.3649999999999998
620.0,2.3219999999999996
621.0,2.3649999999999998
622.0,2.3649999999999998
623.0,2.3649999999999998
624.0,2.3649999999999998
625.0,2.3649999999999998
626.0,2.3649999999999998
627.0,2.3649999999999998
628.0,2.3649999999999998
629.0,2.3649999999999998
630.0,2.3649999999999998
631.0,2.3649999999999998
632.0,2.3219999999999996
633.0,2.3649999999999998
634.0,2.3649999999999998
635.0,2.3649999999999998
636.0,2.3649999999999998
637.0,2.3649999999999998
638.0,2.3649999999999998
639.0,2.3649999999999998
640.0,2.3649999999999998
641.0,2.3649999999999998
642.0,2.3649999999999998
643.0,2.3649999999999998
644.0,2.3649999999999998
645.0,2.3649999999999998
646.0,2.3649999999999998
647.0,2.3649999999999998
648.0,2.3649999999999998
649.0,2.3649999999999998
650.0,2.3649999999999998
651.0,2.3649999999999998
652.0,2.3219999999999996
653.0,2.3649999999999998
654.0,2.3649999999999998
655.0,2.3649999999999998
656.0,2.3649999999999998
657.0,2.3649999999999998
658.0,2.3649999999999998
659.0,2.3649999999999998
660.0,2.3649999999999998
661.0,2.3649999999999998
662.0,2.3219999999999996
663.0,2.3649999999999998
664.0,2.3649999999999998
665.0,2.3649999999999998
666.0,2.3219999999999996
667.0,2.3649999999999998
668.0,2.3649999999999998
669.0,2.3649999999999998
670.0,2.3219999999999996
671.0,2.3649999999999998
672.0,2.3219999999999996
673.0,2.3649999999999998
674.0,2.3219999999999996
675.0,2.3649999999999998
676.0,2.3219999999999996
677.0,2.3219999999999996
678.0,2.3649999999999998
679.0,2.3649999999999998
680.0,2.3649999999999998
681.0,2.3649999999999998
682.0,2.3649999999999998
683.0,2.3649999999999998
684.0,2.3649999999999998
685.0,2.3649999999999998
686.0,2.3649999999999998
687.0,2.3649999999999998
688.0,2.3649999999999998
689.0,2.3219999999999996
690.0,2.3219999999999996
691.0,2.3219999999999996
692.0,2.3219999999999996
693.0,2.3219999999999996
694.0,2.3219999999999996
695.0,2.3649999999999998
696.0,2.3219999999999996
697.0,2.3649999999999998
698.0,2.3219999999999996
699.0,2.3219999999999996
700.0,2.3219999999999996
701.0,2.3649999999999998
702.0,2.3219999999999996
703.0,2.3649999999999998
704.0,2.3219999999999996
705.0,2.3219999999999996
706.0,2.3219999999999996
707.0,2.3649999999999998
708.0,2.3219999999999996
709.0,2.3649999999999998
710.0,2.3219999999999996
711.0,2.3219999999999996
712.0,2.3219999999999996
713.0,2.3219999999999996
714.0,2.279
715.0,2.3219999999999996
716.0,2.3219999999999996
717.0,2.3219999999999996
718.0,2.3649999999999998
719.0,2.3219999999999996
720.0,2.3219999999999996
721.0,2.3219999999999996
722.0,2.3219999999999996
723.0,2.3219999999999996
724.0,2.3219999999999996
725.0,2.279
726.0,2.3219999999999996
727.0,2.279
728.0,2.3219999999999996
729.0,2.3219999999999996
730.0,2.279
731.0,2.279
732.0,2.279
733.0,2.3219999999999996
734.0,2.279
735.0,2.279
736.0,2.3219999999999996
737.0,2.3219999999999996
738.0,2.279
739.0,2.279
740.0,2.279
741.0,2.3219999999999996
742.0,2.279
743.0,2.3219999999999996
744.0,2.279
745.0,2.3219999999999996
746.0,2.279
747.0,2.279
748.0,2.279
749.0,2.3219999999999996
750.0,2.279
751.0,2.3219999999999996
752.0,2.279
753.0,2.279
754.0,2.279
755.0,2.279
756.0,2.279
757.0,2.279
758.0,2.3219999999999996
759.0,2.279
760.0,2.279
761.0,2.279
762.0,2.279
763.0,2.279
764.0,2.279
765.0,2.3219999999999996
766.0,2.3219999999999996
767.0,2.279
768.0,2.279
769.0,2.279
770.0,2.279
771.0,2.279
772.0,2.279
773.0,2.279
774.0,2.279
775.0,2.3219999999999996
776.0,2.279
777.0,2.279
778.0,2.279
779.0,2.3219999999999996
780.0,2.279
781.0,2.279
782.0,2.279
783.0,2.279
784.0,2.279
785.0,2.279
786.0,2.279
787.0,2.279
788.0,2.279
789.0,2.279
790.0,2.279
791.0,2.279
792.0,2.279
793.0,2.279
794.0,2.279
795.0,2.279
796.0,2.279
797.0,2.279
798.0,2.279
799.0,2.279
800.0,2.279
801.0,2.279
802.0,2.279
803.0,2.279
804.0,2.279
805.0,2.279
806.0,2.279
807.0,2.279
808.0,2.279
809.0,2.279
810.0,2.279
811.0,2.279
812.0,2.279
813.0,2.3219999999999996
814.0,2.279
815.0,2.279
816.0,2.279
817.0,2.279
818.0,2.279
819.0,2.279
820.0,2.279
821.0,2.279
822.0,2.279
823.0,2.279
824.0,2.279
825.0,2.279
826.0,2.279
827.0,2.279
828.0,2.279
829.0,2.279
830.0,2.279
831.0,2.279
832.0,2.279
833.0,2.279
834.0,2.279
835.0,2.279
836.0,2.279
837.0,2.279
838.0,2.2359999999999998
839.0,2.279
840.0,2.279
841.0,2.279
842.0,2.2359999999999998
843.0,2.279
844.0,2.279
845.0,2.279
846.0,2.279
847.0,2.279
848.0,2.2359999999999998
849.0,2.279
850.0,2.279
851.0,2.279
852.0,2.2359999999999998
853.0,2.279
854.0,2.279
855.0,2.279
856.0,2.279
857.0,2.279
858.0,2.2359999999999998
859.0,2.279
860.0,2.279
861.0,2.279
862.0,2.279
863.0,2.279
864.0,2.279
865.0,2.279
866.0,2.2359999999999998
867.0,2.279
868.0,2.2359999999999998
869.0,2.2359999999999998
870.0,2.2359999999999998
871.0,2.279
872.0,2.279
873.0,2.279
874.0,2.2359999999999998
875.0,2.279
876.0,2.279
877.0,2.2359999999999998
878.0,2.279
879.0,2.2359999999999998
880.0,2.279
881.0,2.279
882.0,2.279
883.0,2.2359999999999998
884.0,2.2359999999999998
885.0,2.279
886.0,2.2359999999999998
887.0,2.2359999999999998
888.0,2.2359999999999998
889.0,2.2359999999999998
890.0,2.279
891.0,2.2359999999999998
892.0,2.2359999999999998
893.0,2.2359999999999998
894.0,2.2359999999999998
895.0,2.2359999999999998
896.0,2.2359999999999998
897.0,2.2359999999999998
898.0,2.2359999999999998
899.0,2.2359999999999998
900.0,2.2359999999999998
901.0,2.279
902.0,2.2359999999999998
903.0,2.2359999999999998
904.0,2.279
905.0,2.2359999999999998
906.0,2.2359999999999998
907.0,2.2359999999999998
908.0,2.2359999999999998
909.0,2.2359999999999998
910.0,2.1929999999999996
911.0,2.2359999999999998
912.0,2.1929999999999996
913.0,2.2359999999999998
914.0,2.2359999999999998
915.0,2.2359999999999998
916.0,2.2359999999999998
917.0,2.1929999999999996
918.0,2.2359999999999998
919.0,2.2359999999999998
920.0,2.2359999999999998
921.0,2.1929999999999996
922.0,2.2359999999999998
923.0,2.1929999999999996
924.0,2.1929999999999996
925.0,2.1929999999999996
926.0,2.1929999999999996
927.0,2.2359999999999998
928.0,2.2359999999999998
929.0,2.2359999999999998
930.0,2.1929999999999996
931.0,2.2359999999999998
932.0,2.1929999999999996
933.0,2.2359999999999998
934.0,2.1929999999999996
935.0,2.1929999999999996
936.0,2.2359999999999998
937.0,2.2359999999999998
938.0,2.1929999999999996
939.0,2.2359999999999998
940.0,2.1929999999999996
941.0,2.1929999999999996
942.0,2.1929999999999996
943.0,2.1929999999999996
944.0,2.1929999999999996
945.0,2.1929999999999996
946.0,2.2359999999999998
947.0,2.1929999999999996
948.0,2.2359999999999998
949.0,2.1929999999999996
950.0,2.1929999999999996
951.0,2.1929999999999996
952.0,2.1929999999999996
953.0,2.1929999999999996
954.0,2.2359999999999998
955.0,2.1929999999999996
956.0,2.2359999999999998
957.0,2.1929999999999996
958.0,2.1929999999999996
959.0,2.1929999999999996
960.0,2.1929999999999996
961.0,2.1929999999999996
962.0,2.1929999999999996
963.0,2.1929999999999996
964.0,2.1929999999999996
965.0,2.1929999999999996
966.0,2.1929999999999996
967.0,2.1929999999999996
968.0,2.1929999999999996
969.0,2.1929999999999996
970.0,2.1929999999999996
971.0,2.1929999999999996
972.0,2.1929999999999996
973.0,2.1929999999999996
974.0,2.1929999999999996
975.0,2.1929999999999996
976.0,2.1929999999999996
977.0,2.1929999999999996
978.0,2.1929999999999996
979.0,2.1929999999999996
980.0,2.1929999999999996
981.0,2.1929999999999996
982.0,2.1929999999999996
983.0,2.1929999999999996
984.0,2.1929999999999996
985.0,2.1929999999999996
986.0,2.1929999999999996
987.0,2.1929999999999996
988.0,2.1929999999999996
989.0,2.1929999999999996
990.0,2.1929999999999996
991.0,2.1929999999999996
992.0,2.1929999999999996
993.0,2.1929999999999996
994.0,2.1929999999999996
995.0,2.1929999999999996
996.0,2.2359999999999998
997.0,2.1929999999999996
998.0,2.1929999999999996
999.0,2.1929999999999996
1000.0,2.1929999999999996
1001.0,2.1929999999999996
1002.0,2.1929999999999996
1003.0,2.1929999999999996
1004.0,2.1929999999999996
1005.0,2.1929999999999996
1006.0,2.1929999999999996
1007.0,2.1929999999999996
1008.0,2.1929999999999996
1009.0,2.1929999999999996
1010.0,2.1929999999999996
1011.0,2.1929999999999996
1012.0,2.1929999999999996
1013.0,2.1929999999999996
1014.0,2.1929999999999996
1015.0,2.1929999999999996
1016.0,2.1929999999999996
1017.0,2.1929999999999996
1018.0,2.1929999999999996
1019.0,2.1929999999999996
1020.0,2.1929999999999996
1021.0,2.1929999999999996
1022.0,2.1929999999999996
1023.0,2.1929999999999996
1024.0,2.1929999999999996
1025.0,2.1929999999999996
1026.0,2.1929999999999996
1027.0,2.1929999999999996
1028.0,2.1929999999999996
1029.0,2.1929999999999996
1030.0,2.1929999999999996
1031.0,2.1929999999999996
1032.0,2.1929999999999996
1033.0,2.1929999999999996
1034.0,2.1929999999999996
1035.0,2.1929999999999996
1036.0,2.1929999999999996
1037.0,2.1929999999999996
1038.0,2.1929999999999996
1039.0,2.1929999999999996
1040.0,2.1929999999999996
1041.0,2.1929999999999996
1042.0,2.1929999999999996
1043.0,2.1929999999999996
1044.0,2.1929999999999996
1045.0,2.1929999999999996
1046.0,2.1929999999999996
1047.0,2.1929999999999996
1048.0,2.1929999999999996
1049.0,2.1929999999999996
1050.0,2.1929999999999996
1051.0,2.1929999999999996
1052.0,2.1929999999999996
1053.0,2.1929999999999996
1054.0,2.1929999999999996
1055.0,2.1929999999999996
1056.0,2.1929999999999996
1057.0,2.1929999999999996
1058.0,2.1929999999999996
1059.0,2.1929999999999996
1060.0,2.1929999999999996
1061.0,2.1929999999999996
1062.0,2.1929999999999996
1063.0,2.1929999999999996
1064.0,2.1929999999999996
1065.0,2.1929999999999996
1066.0,2.1929999999999996
1067.0,2.1929999999999996
1068.0,2.1929999999999996
1069.0,2.1929999999999996
1070.0,2.1929999999999996
1071.0,2.1929999999999996
1072.0,2.1929999999999996
1073.0,2.1929999999999996
1074.0,2.1929999999999996
1075.0,2.1929999999999996
1076.0,2.1929999999999996
1077.0,2.1929999999999996
1078.0,2.1929999999999996
1079.0,2.1929999999999996
1080.0,2.1929999999999996
1081.0,2.1929999999999996
1082.0,2.1929999999999996
1083.0,2.1929999999999996
1084.0,2.1929999999999996
1085.0,2.1929999999999996
1086.0,2.1929999999999996
1087.0,2.1929999999999996
1088.0,2.1929999999999996
1089.0,2.1929999999999996
1090.0,2.1929999999999996
1091.0,2.1929999999999996
1092.0,2.1929999999999996
1093.0,2.15
1094.0,2.1929999999999996
1095.0,2.1929999999999996
1096.0,2.15
1097.0,2.1929999999999996
1098.0,2.1929999999999996
1099.0,2.1929999999999996
1100.0,2.1929999999999996
1101.0,2.1929999999999996
1102.0,2.15
1103.0,2.1929999999999996
1104.0,2.1929999999999996
1105.0,2.1929999999999996
1106.0,2.1929999999999996
1107.0,2.1929999999999996
1108.0,2.15
1109.0,2.1929999999999996
1110.0,2.15
1111.0,2.1929999999999996
1112.0,2.1929999999999996
1113.0,2.1929999999999996
1114.0,2.15
1115.0,2.1929999999999996
1116.0,2.15
1117.0,2.1929999999999996
1118.0,2.15
1119.0,2.1929999999999996
1120.0,2.1929999999999996
1121.0,2.1929999999999996
1122.0,2.1929999999999996
1123.0,2.1929999999999996
1124.0,2.1929999999999996
1125.0,2.15
1126.0,2.1929999999999996
1127.0,2.1929999999999996
1128.0,2.15
1129.0,2.1929999999999996
1130.0,2.1929999999999996
1131.0,2.1929999999999996
1132.0,2.1929999999999996
1133.0,2.15
1134.0,2.1929999999999996
1135.0,2.1929999999999996
1136.0,2.1929999999999996
1137.0,2.15
1138.0,2.1929999999999996
1139.0,2.1929999999999996
1140.0,2.1929999999999996
1141.0,2.15
1142.0,2.15
1143.0,2.1929999999999996
1144.0,2.1069999999999998
1145.0,2.15
1146.0,2.15
1147.0,2.1929999999999996
1148.0,2.1069999999999998
1149.0,2.15
1150.0,2.15
1151.0,2.1069999999999998
1152.0,2.15
1153.0,2.15
1154.0,2.15
1155.0,2.1069999999999998
1156.0,2.15
1157.0,2.1069999999999998
1158.0,2.1069999999999998
1159.0,2.15
1160.0,2.1069999999999998
1161.0,2.15
1162.0,2.1069999999999998
1163.0,2.15
1164.0,2.1069999999999998
1165.0,2.1929999999999996
1166.0,2.15
1167.0,2.15
1168.0,2.1069999999999998
1169.0,2.15
1170.0,2.1069999999999998
1171.0,2.15
1172.0,2.15
1173.0,2.15
1174.0,2.1069999999999998
1175.0,2.1069999999999998
1176.0,2.15
1177.0,2.1069999999999998
1178.0,2.1069999999999998
1179.0,2.1069999999999998
1180.0,2.1069999999999998
1181.0,2.1069999999999998
1182.0,2.1069999999999998
1183.0,2.1069999999999998
1184.0,2.1069999999999998
1185.0,2.1069999999999998
1186.0,2.1069999999999998
1187.0,2.15
1188.0,2.1069999999999998
1189.0,2.1069999999999998
1190.0,2.1069999999999998
1191.0,2.1069999999999998
1192.0,2.1069999999999998
1193.0,2.1069999999999998
1194.0,2.1069999999999998
1195.0,2.1069999999999998
1196.0,2.1069999999999998
1197.0,2.15
1198.0,2.1069999999999998
1199.0,2.1069999999999998
1200.0,2.1069999999999998
1201.0,2.1069999999999998
1202.0,2.1069999999999998
1203.0,2.1069999999999998
1204.0,2.1069999999999998
1205.0,2.1069999999999998
1206.0,2.1069999999999998
1207.0,2.1069999999999998
1208.0,2.1069999999999998
1209.0,2.1069999999999998
1210.0,2.1069999999999998
1211.0,2.15
1212.0,2.1069999999999998
1213.0,2.1069999999999998
1214.0,2.1069999999999998
1215.0,2.15
1216.0,2.1069999999999998
1217.0,2.1069999999999998
1218.0,2.1069999999999998
1219.0,2.1069999999999998
1220.0,2.1069999999999998
1221.0,2.1069999999999998
1222.0,2.1069999999999998
1223.0,2.1069999999999998
1224.0,2.1069999999999998
1225.0,2.1069999999999998
1226.0,2.1069999999999998
1227.0,2.1069999999999998
1228.0,2.1069999999999998
1229.0,2.1069999999999998
1230.0,2.1069999999999998
1231.0,2.1069999999999998
1232.0,2.1069999999999998
1233.0,2.1069999999999998
1234.0,2.1069999999999998
1235.0,2.1069999999999998
1236.0,2.1069999999999998
1237.0,2.1069999999999998
1238.0,2.1069999999999998
1239.0,2.1069999999999998
1240.0,2.1069999999999998
1241.0,2.1069999999999998
1242.0,2.1069999999999998
1243.0,2.1069999999999998
1244.0,2.1069999999999998
1245.0,2.1069999999999998
1246.0,2.1069999999999998
1247.0,2.1069999999999998
1248.0,2.1069999999999998
1249.0,2.1069999999999998
1250.0,2.1069999999999998
1251.0,2.1069999999999998
1252.0,2.1069999999999998
1253.0,2.1069999999999998
1254.0,2.1069999999999998
1255.0,2.1069999999999998
1256.0,2.1069999999999998
1257.0,2.1069999999999998
1258.0,2.1069999999999998
1259.0,2.1069999999999998
1260.0,2.1069999999999998
1261.0,2.1069999999999998
1262.0,2.1069999999999998
1263.0,2.1069999999999998
1264.0,2.1069999999999998
1265.0,2.1069999999999998
1266.0,2.1069999999999998
1267.0,2.1069999999999998
1268.0,2.1069999999999998
1269.0,2.1069999999999998
1270.0,2.1069999999999998
1271.0,2.1069999999999998
1272.0,2.1069999999999998
1273.0,2.1069999999999998
1274.0,2.1069999999999998
1275.0,2.1069999999999998
1276.0,2.1069999999999998
1277.0,2.1069999999999998
1278.0,2.1069999999999998
1279.0,2.1069999999999998
1280.0,2.1069999999999998
1281.0,2.1069999999999998
1282.0,2.1069999999999998
1283.0,2.1069999999999998
1284.0,2.1069999999999998
1285.0,2.1069999999999998
1286.0,2.1069999999999998
1287.0,2.1069999999999998
1288.0,2.1069999999999998
1289.0,2.1069999999999998
1290.0,2.1069999999999998
1291.0,2.1069999999999998
1292.0,2.1069999999999998
1293.0,2.1069999999999998
1294.0,2.1069999999999998
1295.0,2.1069999999999998
1296.0,2.1069999999999998
1297.0,2.1069999999999998
1298.0,2.1069999999999998
1299.0,2.1069999999999998
1300.0,2.1069999999999998
1301.0,2.1069999999999998
1302.0,2.1069999999999998
1303.0,2.1069999999999998
1304.0,2.1069999999999998
1305.0,2.1069999999999998
1306.0,2.1069999999999998
1307.0,2.1069999999999998
1308.0,2.1069999999999998
1309.0,2.1069999999999998
1310.0,2.1069999999999998
1311.0,2.1069999999999998
1312.0,2.1069999999999998
1313.0,2.1069999999999998
1314.0,2.1069999999999998
1315.0,2.1069999999999998
1316.0,2.1069999999999998
1317.0,2.1069999999999998
1318.0,2.1069999999999998
1319.0,2.1069999999999998
1320.0,2.1069999999999998
1321.0,2.1069999999999998
1322.0,2.1069999999999998
1323.0,2.1069999999999998
1324.0,2.1069999999999998
1325.0,2.1069999999999998
1326.0,2.1069999999999998
1327.0,2.1069999999999998
1328.0,2.1069999999999998
1329.0,2.1069999999999998
1330.0,2.1069999999999998
1331.0,2.1069999999999998
1332.0,2.1069999999999998
1333.0,2.1069999999999998
1334.0,2.1069999999999998
1335.0,2.064
1336.0,2.1069999999999998
1337.0,2.1069999999999998
1338.0,2.1069999999999998
1339.0,2.1069999999999998
1340.0,2.1069999999999998
1341.0,2.1069999999999998
1342.0,2.1069999999999998
1343.0,2.1069999999999998
1344.0,2.1069999999999998
1345.0,2.1069999999999998
1346.0,2.1069999999999998
1347.0,2.1069999999999998
1348.0,2.1069999999999998
1349.0,2.1069999999999998
1350.0,2.1069999999999998
1351.0,2.1069999999999998
1352.0,2.1069999999999998
1353.0,2.1069999999999998
1354.0,2.064
1355.0,2.1069999999999998
1356.0,2.1069999999999998
1357.0,2.1069999999999998
1358.0,2.1069999999999998
1359.0,2.1069999999999998
1360.0,2.064
1361.0,2.1069999999999998
1362.0,2.1069999999999998
1363.0,2.1069999999999998
1364.0,2.1069999999999998
1365.0,2.1069999999999998
1366.0,2.064
1367.0,2.064
1368.0,2.1069999999999998
1369.0,2.1069999999999998
1370.0,2.064
1371.0,2.1069999999999998
1372.0,2.064
1373.0,2.1069999999999998
1374.0,2.064
1375.0,2.064
1376.0,2.064
1377.0,2.064
1378.0,2.064
1379.0,2.064
1380.0,2.1069999999999998
1381.0,2.064
1382.0,2.1069999999999998
1383.0,2.1069999999999998
1384.0,2.064
1385.0,2.1069999999999998
1386.0,2.1069999999999998
1387.0,2.1069999999999998
1388.0,2.064
1389.0,2.064
1390.0,2.1069999999999998
1391.0,2.064
1392.0,2.064
1393.0,2.064
1394.0,2.1069999999999998
1395.0,2.1069999999999998
1396.0,2.1069999999999998
1397.0,2.1069999999999998
1398.0,2.064
1399.0,2.1069999999999998
1400.0,2.064
1401.0,2.064
1402.0,2.064
1403.0,2.064
1404.0,2.064
1405.0,2.021
1406.0,2.064
1407.0,2.064
1408.0,2.021
1409.0,2.064
1410.0,2.064
1411.0,2.064
1412.0,2.064
1413.0,2.021
1414.0,2.021
1415.0,2.021
1416.0,2.064
1417.0,2.064
1418.0,2.064
1419.0,2.021
1420.0,2.064
1421.0,2.021
1422.0,2.064
1423.0,2.064
1424.0,2.021
1425.0,2.064
1426.0,2.021
1427.0,2.021
1428.0,2.064
1429.0,2.064
1430.0,2.064
1431.0,2.064
1432.0,2.064
1433.0,2.021
1434.0,2.064
1435.0,2.021
1436.0,2.021
1437.0,2.021
1438.0,2.021
1439.0,2.021
1440.0,2.021
1441.0,2.064
1442.0,2.021
1443.0,2.021
1444.0,2.021
1445.0,2.021
1446.0,2.021
1447.0,2.021
1448.0,2.064
1449.0,2.064
1450.0,2.021
1451.0,2.021
1452.0,2.021
1453.0,2.021
1454.0,2.021
1455.0,2.021
1456.0,2.021
1457.0,2.021
1458.0,2.064
1459.0,2.021
1460.0,2.021
1461.0,2.021
1462.0,2.021
1463.0,2.021
1464.0,2.021
1465.0,2.021
1466.0,2.021
1467.0,2.021
1468.0,2.021
1469.0,2.021
1470.0,2.021
1471.0,2.021
1472.0,2.021
1473.0,2.021
1474.0,2.021
1475.0,2.021
1476.0,2.021
1477.0,2.021
1478.0,2.021
1479.0,2.021
1480.0,2.021
1481.0,2.021
1482.0,2.021
1483.0,2.021
1484.0,2.021
1485.0,2.021
1486.0,2.021
1487.0,2.021
1488.0,2.021
1489.0,2.021
1490.0,2.021
1491.0,2.021
1492.0,2.021
1493.0,2.021
1494.0,2.021
1495.0,2.021
1496.0,2.021
1497.0,2.021
1498.0,2.021
1499.0,2.021
1500.0,2.021
1501.0,2.021
1502.0,2.021
1503.0,2.021
1504.0,2.021
1505.0,2.021
1506.0,2.021
1507.0,2.021
1508.0,2.021
1509.0,2.021
1510.0,2.021
1511.0,2.021
1512.0,2.064
1513.0,2.021
1514.0,2.021
1515.0,2.021
1516.0,2.021
1517.0,2.021
1518.0,2.021
1519.0,2.021
1520.0,2.021
1521.0,2.021
1522.0,2.021
1523.0,2.021
1524.0,2.021
1525.0,2.021
1526.0,2.021
1527.0,2.021
1528.0,2.021
1529.0,2.021
1530.0,2.021
1531.0,2.021
1532.0,2.021
1533.0,2.021
1534.0,2.021
1535.0,2.021
1536.0,2.021
1537.0,2.021
1538.0,2.021
1539.0,2.021
1540.0,2.021
1541.0,2.021
1542.0,2.021
1543.0,2.021
1544.0,2.021
1545.0,2.021
1546.0,2.021
1547.0,2.021
1548.0,2.021
1549.0,2.021
1550.0,2.021
1551.0,2.021
1552.0,2.021
1553.0,2.021
1554.0,2.021
1555.0,2.021
1556.0,2.021
1557.0,2.021
1558.0,2.021
1559.0,2.021
1560.0,2.021
1561.0,2.021
1562.0,2.021
1563.0,2.021
1564.0,2.021
1565.0,2.021
1566.0,2.021
1567.0,2.021
1568.0,2.021
1569.0,2.021
1570.0,2.021
1571.0,2.021
1572.0,2.021
1573.0,2.021
1574.0,2.021
1575.0,2.021
1576.0,2.021
1577.0,2.021
1578.0,2.021
1579.0,2.021
1580.0,2.021
1581.0,2.021
1582.0,2.021
1583.0,2.021
1584.0,2.021
1585.0,2.021
1586.0,2.021
1587.0,2.021
1588.0,2.021
1589.0,2.021
1590.0,2.021
1591.0,2.021
1592.0,2.021
1593.0,2.021
1594.0,2.021
1595.0,2.021
1596.0,2.021
1597.0,2.021
1598.0,1.9779999999999998
1599.0,2.021
1600.0,2.021
1601.0,2.021
1602.0,2.021
1603.0,2.021
1604.0,2.021
1605.0,2.021
1606.0,2.021
1607.0,2.021
1608.0,2.021
1609.0,2.021
1610.0,2.021
1611.0,2.021
1612.0,2.021
1613.0,2.021
1614.0,2.021
1615.0,2.021
1616.0,2.021
1617.0,2.021
1618.0,2.021
1619.0,2.021
1620.0,2.021
1621.0,2.021
1622.0,2.021
1623.0,1.9779999999999998
1624.0,1.9779999999999998
1625.0,1.9779999999999998
1626.0,2.021
1627.0,1.9779999999999998
1628.0,2.021
1629.0,2.021
1630.0,1.9779999999999998
1631.0,1.9779999999999998
1632.0,1.9779999999999998
1633.0,1.9779999999999998
1634.0,1.9779999999999998
1635.0,1.9779999999999998
1636.0,1.9779999999999998
1637.0,1.9779999999999998
1638.0,1.9779999999999998
1639.0,1.9779999999999998
1640.0,1.9779999999999998
1641.0,1.9779999999999998
1642.0,1.9779999999999998
1643.0,1.9779999999999998
1644.0,1.9779999999999998
1645.0,2.021
1646.0,2.021
1647.0,2.021
1648.0,2.021
1649.0,1.9779999999999998
1650.0,2.021
1651.0,2.021
1652.0,1.9779999999999998
1653.0,1.9779999999999998
1654.0,1.9779999999999998
1655.0,1.9779999999999998
1656.0,1.9779999999999998
1657.0,2.021
1658.0,1.9779999999999998
1659.0,2.021
1660.0,2.021
1661.0,1.9779999999999998
1662.0,1.9779999999999998
1663.0,1.9779999999999998
1664.0,1.9779999999999998
1665.0,1.9779999999999998
1666.0,1.9779999999999998
1667.0,1.9779999999999998
1668.0,1.9779999999999998
1669.0,1.9779999999999998
1670.0,1.9779999999999998
1671.0,1.9779999999999998
1672.0,1.9779999999999998
1673.0,1.9779999999999998
1674.0,1.9779999999999998
1675.0,1.9779999999999998
1676.0,1.9779999999999998
1677.0,1.9779999999999998
1678.0,1.9779999999999998
1679.0,1.9779999999999998
1680.0,1.9779999999999998
1681.0,1.9779999999999998
1682.0,1.9779999999999998
1683.0,1.9779999999999998
1684.0,1.9779999999999998
1685.0,1.9779999999999998
1686.0,1.9779999999999998
1687.0,1.9349999999999998
1688.0,1.9779999999999998
1689.0,1.9779999999999998
1690.0,1.9779999999999998
1691.0,1.9349999999999998
1692.0,1.9349999999999998
1693.0,1.9779999999999998
1694.0,1.9779999999999998
1695.0,1.9349999999999998
1696.0,1.9779999999999998
1697.0,1.9779999999999998
1698.0,1.9779999999999998
1699.0,1.9779999999999998
1700.0,1.9779999999999998
1701.0,1.9779999999999998
1702.0,1.9779999999999998
1703.0,1.9349999999999998
1704.0,1.9779999999999998
1705.0,1.9349999999999998
1706.0,1.9779999999999998
1707.0,1.9779999999999998
1708.0,1.9349999999999998
1709.0,1.9349999999999998
1710.0,1.9779999999999998
1711.0,1.9349999999999998
1712.0,1.9779999999999998
1713.0,1.9779999999999998
1714.0,1.9349999999999998
1715.0,1.9349999999999998
1716.0,1.9779999999999998
1717.0,1.9779999999999998
1718.0,1.9779999999999998
1719.0,1.9349999999999998
1720.0,1.9349999999999998
1721.0,1.9349999999999998
1722.0,1.9349999999999998
1723.0,1.9779999999999998
1724.0,1.9779999999999998
1725.0,1.9349999999999998
1726.0,1.9779999999999998
1727.0,1.9349999999999998
1728.0,1.9349999999999998
1729.0,1.9779999999999998
1730.0,1.9779999999999998
1731.0,1.9349999999999998
1732.0,1.9779999999999998
1733.0,1.9349999999999998
1734.0,1.9349999999999998
1735.0,1.9349999999999998
1736.0,1.9779999999999998
1737.0,1.9779999999999998
1738.0,1.9779999999999998
1739.0,1.9349999999999998
1740.0,1.9779999999999998
1741.0,1.9779999999999998
1742.0,1.9349999999999998
1743.0,1.9349999999999998
1744.0,1.9349999999999998
1745.0,1.9779999999999998
1746.0,1.9349999999999998
1747.0,1.9349999999999998
1748.0,1.9349999999999998
1749.0,1.9349999999999998
1750.0,1.9349999999999998
1751.0,1.9349999999999998
1752.0,1.9349999999999998
1753.0,1.9349999999999998
1754.0,1.9779999999999998
1755.0,1.9349999999999998
1756.0,1.9349999999999998
1757.0,1.9349999999999998
1758.0,1.9349999999999998
1759.0,1.9349999999999998
1760.0,1.9349999999999998
1761.0,1.9779999999999998
1762.0,1.9349999999999998
1763.0,1.9349999999999998
1764.0,1.9349999999999998
1765.0,1.9779999999999998
1766.0,1.9779999999999998
1767.0,1.9349999999999998
1768.0,1.9349999999999998
1769.0,1.9349999999999998
1770.0,1.9349999999999998
1771.0,1.9349999999999998
1772.0,1.9349999999999998
1773.0,1.9349999999999998
1774.0,1.9349999999999998
1775.0,1.9349999999999998
1776.0,1.9349999999999998
1777.0,1.9349999999999998
1778.0,1.9349999999999998
1779.0,1.9349999999999998
1780.0,1.9349999999999998
1781.0,1.9349999999999998
1782.0,1.9349999999999998
1783.0,1.9349999999999998
1784.0,1.9349999999999998
1785.0,1.9349999999999998
1786.0,1.9349999999999998
1787.0,1.9349999999999998
1788.0,1.9349999999999998
1789.0,1.9349999999999998
1790.0,1.9349999999999998
1791.0,1.9349999999999998
1792.0,1.9349999999999998
1793.0,1.9349999999999998
1794.0,1.9349999999999998
1795.0,1.9349999999999998
1796.0,1.9349999999999998
1797.0,1.9349999999999998
1798.0,1.9349999999999998
1799.0,1.9349999999999998
1800.0,1.9349999999999998
1801.0,1.9349999999999998
1802.0,1.9349999999999998
1803.0,1.9349999999999998
1804.0,1.9349999999999998
1805.0,1.892
1806.0,1.9349999999999998
1807.0,1.9349999999999998
1808.0,1.9349999999999998
1809.0,1.9779999999999998
1810.0,1.9349999999999998
1811.0,1.9349999999999998
1812.0,1.9349999999999998
1813.0,1.9349999999999998
1814.0,1.9349999999999998
1815.0,1.9349999999999998
1816.0,1.9349999999999998
1817.0,1.9349999999999998
1818.0,1.9349999999999998
1819.0,1.892
1820.0,1.9349999999999998
1821.0,1.9349999999999998
1822.0,1.9349999999999998
1823.0,1.9349999999999998
1824.0,1.9349999999999998
1825.0,1.9349999999999998
1826.0,1.9349999999999998
1827.0,1.9349999999999998
1828.0,1.9349999999999998
1829.0,1.9349999999999998
1830.0,1.9349999999999998
1831.0,1.9349999999999998
1832.0,1.9349999999999998
1833.0,1.9349999999999998
1834.0,1.9349999999999998
1835.0,1.9349999999999998
1836.0,1.9349999999999998
1837.0,1.9349999999999998
1838.0,1.9349999999999998
1839.0,1.9349999999999998
1840.0,1.9349999999999998
1841.0,1.9349999999999998
1842.0,1.9349999999999998
1843.0,1.9349999999999998
1844.0,1.9349999999999998
1845.0,1.9349999999999998
1846.0,1.892
1847.0,1.892
1848.0,1.9349999999999998
1849.0,1.9349999999999998
1850.0,1.892
1851.0,1.892
1852.0,1.892
1853.0,1.892
1854.0,1.892
1855.0,1.892
1856.0,1.892
1857.0,1.892
1858.0,1.892
1859.0,1.892
1860.0,1.892
1861.0,1.892
1862.0,1.9349999999999998
1863.0,1.892
1864.0,1.892
1865.0,1.892
1866.0,1.892
1867.0,1.892
1868.0,1.9349999999999998
1869.0,1.9349999999999998
1870.0,1.9349999999999998
1871.0,1.9349999999999998
1872.0,1.9349999999999998
1873.0,1.9349999999999998
1874.0,1.9349999999999998
1875.0,1.9349999999999998
1876.0,1.9349999999999998
1877.0,1.892
1878.0,1.9349999999999998
1879.0,1.892
1880.0,1.892
1881.0,1.892
1882.0,1.892
1883.0,1.892
1884.0,1.892
1885.0,1.892
1886.0,1.892
1887.0,1.892
1888.0,1.892
1889.0,1.892
1890.0,1.892
1891.0,1.9349999999999998
1892.0,1.892
1893.0,1.892
1894.0,1.892
1895.0,1.892
1896.0,1.892
1897.0,1.892
1898.0,1.892
1899.0,1.892
1900.0,1.892
1901.0,1.892
1902.0,1.892
1903.0,1.892
1904.0,1.892
1905.0,1.892
1906.0,1.892
1907.0,1.892
1908.0,1.8489999999999998
1909.0,1.892
1910.0,1.892
1911.0,1.892
1912.0,1.892
1913.0,1.892
1914.0,1.8489999999999998
1915.0,1.892
1916.0,1.8489999999999998
1917.0,1.892
1918.0,1.892
1919.0,1.892
1920.0,1.892
1921.0,1.892
1922.0,1.892
1923.0,1.892
1924.0,1.892
1925.0,1.892
1926.0,1.892
1927.0,1.892
1928.0,1.892
1929.0,1.892
1930.0,1.892
1931.0,1.892
1932.0,1.892
1933.0,1.892
1934.0,1.892
1935.0,1.892
1936.0,1.892
1937.0,1.892
1938.0,1.892
1939.0,1.892
1940.0,1.892
1941.0,1.892
1942.0,1.892
1943.0,1.892
1944.0,1.892
1945.0,1.892
1946.0,1.892
1947.0,1.892
1948.0,1.8489999999999998
1949.0,1.892
1950.0,1.892
1951.0,1.892
1952.0,1.892
1953.0,1.892
1954.0,1.892
1955.0,1.892
1956.0,1.892
1957.0,1.892
1958.0,1.892
1959.0,1.892
1960.0,1.892
1961.0,1.892
1962.0,1.892
1963.0,1.892
1964.0,1.8489999999999998
1965.0,1.892
1966.0,1.892
1967.0,1.892
1968.0,1.892
1969.0,1.892
1970.0,1.892
1971.0,1.892
1972.0,1.8489999999999998
1973.0,1.892
1974.0,1.892
1975.0,1.892
1976.0,1.8489999999999998
1977.0,1.892
1978.0,1.8489999999999998
1979.0,1.892
1980.0,1.8489999999999998
1981.0,1.892
1982.0,1.8489999999999998
1983.0,1.892
1984.0,1.8489999999999998
1985.0,1.892
1986.0,1.8489999999999998
1987.0,1.8489999999999998
1988.0,1.892
1989.0,1.892
1990.0,1.892
1991.0,1.892
1992.0,1.8489999999999998
1993.0,1.892
1994.0,1.8489999999999998
1995.0,1.8489999999999998
1996.0,1.892
1997.0,1.892
1998.0,1.8489999999999998
1999.0,1.892
2000.0,1.8489999999999998
2001.0,1.892
2002.0,1.8489999999999998
2003.0,1.892
2004.0,1.892
2005.0,1.892
2006.0,1.8489999999999998
2007.0,1.8489999999999998
2008.0,1.892
2009.0,1.8489999999999998
2010.0,1.892
2011.0,1.8489999999999998
2012.0,1.892
2013.0,1.892
2014.0,1.892
2015.0,1.8489999999999998
2016.0,1.8489999999999998
2017.0,1.8489999999999998
2018.0,1.8489999999999998
2019.0,1.8489999999999998
2020.0,1.8489999999999998
2021.0,1.8489999999999998
2022.0,1.8489999999999998
2023.0,1.892
2024.0,1.8489999999999998
2025.0,1.892
2026.0,1.8489999999999998
2027.0,1.892
2028.0,1.8489999999999998
2029.0,1.892
2030.0,1.892
2031.0,1.8489999999999998
2032.0,1.8489999999999998
2033.0,1.8489999999999998
2034.0,1.8489999999999998
2035.0,1.8489999999999998
2036.0,1.8489999999999998
2037.0,1.8489999999999998
2038.0,1.8489999999999998
2039.0,1.8489999999999998
2040.0,1.8489999999999998
2041.0,1.8489999999999998
2042.0,1.8059999999999998
2043.0,1.8489999999999998
2044.0,1.8489999999999998
2045.0,1.8489999999999998
2046.0,1.8489999999999998
2047.0,1.8059999999999998
2048.0,1.8489999999999998
2049.0,1.8489999999999998
2050.0,1.8489999999999998
2051.0,1.8489999999999998
2052.0,1.8489999999999998
2053.0,1.8489999999999998
2054.0,1.8489999999999998
2055.0,1.8489999999999998
2056.0,1.8489999999999998
2057.0,1.8489999999999998
2058.0,1.8489999999999998
2059.0,1.8489999999999998
2060.0,1.8489999999999998
2061.0,1.8489999999999998
2062.0,1.8489999999999998
2063.0,1.8489999999999998
2064.0,1.8489999999999998
2065.0,1.8489999999999998
2066.0,1.8489999999999998
2067.0,1.8059999999999998
2068.0,1.8059999999999998
2069.0,1.8489999999999998
2070.0,1.8059999999999998
2071.0,1.8489999999999998
2072.0,1.8059999999999998
2073.0,1.8489999999999998
2074.0,1.8059999999999998
2075.0,1.8489999999999998
2076.0,1.8059999999999998
2077.0,1.8489999999999998
2078.0,1.8489999999999998
2079.0,1.8489999999999998
2080.0,1.8059999999999998
2081.0,1.8059999999999998
2082.0,1.8059999999999998
2083.0,1.8489999999999998
2084.0,1.8059999999999998
2085.0,1.8059999999999998
2086.0,1.8059999999999998
2087.0,1.8059999999999998
2088.0,1.8489999999999998
2089.0,1.8059999999999998
2090.0,1.8059999999999998
2091.0,1.8489999999999998
2092.0,1.8059999999999998
2093.0,1.8489999999999998
2094.0,1.8059999999999998
2095.0,1.8059999999999998
2096.0,1.8059999999999998
2097.0,1.8059999999999998
2098.0,1.8489999999999998
2099.0,1.8059999999999998
2100.0,1.8059999999999998
2101.0,1.8059999999999998
2102.0,1.8059999999999998
2103.0,1.8059999999999998
2104.0,1.8059999999999998
2105.0,1.8489999999999998
2106.0,1.8489999999999998
2107.0,1.8059999999999998
2108.0,1.8059999999999998
2109.0,1.8489999999999998
2110.0,1.8059999999999998
2111.0,1.8059999999999998
2112.0,1.8059999999999998
2113.0,1.8059999999999998
2114.0,1.8059999999999998
2115.0,1.8059999999999998
2116.0,1.8059999999999998
2117.0,1.8059999999999998
2118.0,1.8059999999999998
2119.0,1.8059999999999998
2120.0,1.8059999999999998
2121.0,1.8059999999999998
2122.0,1.8059999999999998
2123.0,1.8059999999999998
2124.0,1.8059999999999998
2125.0,1.8059999999999998
2126.0,1.8059999999999998
2127.0,1.8059999999999998
2128.0,1.8059999999999998
2129.0,1.8059999999999998
2130.0,1.8059999999999998
2131.0,1.8059999999999998
2132.0,1.8059999999999998
2133.0,1.8059999999999998
2134.0,1.8059999999999998
2135.0,1.8059999999999998
2136.0,1.8059999999999998
2137.0,1.8059999999999998
2138.0,1.8489999999999998
2139.0,1.8059999999999998
2140.0,1.8059999999999998
2141.0,1.8059999999999998
2142.0,1.8059999999999998
2143.0,1.8059999999999998
2144.0,1.8059999999999998
2145.0,1.8059999999999998
2146.0,1.8059999999999998
2147.0,1.8059999999999998
2148.0,1.8059999999999998
2149.0,1.8059999999999998
2150.0,1.8059999999999998
2151.0,1.8059999999999998
2152.0,1.8059999999999998
2153.0,1.8059999999999998
2154.0,1.8059999999999998
2155.0,1.8059999999999998
2156.0,1.8059999999999998
2157.0,1.8059999999999998
2158.0,1.8059999999999998
2159.0,1.8059999999999998
2160.0,1.8059999999999998
2161.0,1.8059999999999998
2162.0,1.8059999999999998
2163.0,1.8059999999999998
2164.0,1.8059999999999998
2165.0,1.8059999999999998
2166.0,1.8059999999999998
2167.0,1.8059999999999998
2168.0,1.8059999999999998
2169.0,1.8059999999999998
2170.0,1.8059999999999998
2171.0,1.8059999999999998
2172.0,1.8059999999999998
2173.0,1.8059999999999998
2174.0,1.8059999999999998
2175.0,1.8059999999999998
2176.0,1.8059999999999998
2177.0,1.8059999999999998
2178.0,1.8059999999999998
2179.0,1.8059999999999998
2180.0,1.8059999999999998
2181.0,1.8059999999999998
2182.0,1.8059999999999998
2183.0,1.8059999999999998
2184.0,1.8059999999999998
2185.0,1.8059999999999998
2186.0,1.8059999999999998
2187.0,1.8059999999999998
2188.0,1.8059999999999998
2189.0,1.8059999999999998
2190.0,1.8059999999999998
2191.0,1.8059999999999998
2192.0,1.8059999999999998
2193.0,1.8059999999999998
2194.0,1.8059999999999998
2195.0,1.8059999999999998
2196.0,1.8059999999999998
2197.0,1.8059999999999998
2198.0,1.8059999999999998
2199.0,1.8059999999999998
2200.0,1.8059999999999998
2201.0,1.8059999999999998
2202.0,1.8059999999999998
2203.0,1.8059999999999998
2204.0,1.8059999999999998
2205.0,1.8059999999999998
2206.0,1.8059999999999998
2207.0,1.8059999999999998
2208.0,1.8059999999999998
2209.0,1.8059999999999998
2210.0,1.8059999999999998
2211.0,1.8059999999999998
2212.0,1.8059999999999998
2213.0,1.8059999999999998
2214.0,1.8059999999999998
2215.0,1.8059999999999998
2216.0,1.8059999999999998
2217.0,1.8059999999999998
2218.0,1.8059999999999998
2219.0,1.8059999999999998
2220.0,1.8059999999999998
2221.0,1.8059999999999998
2222.0,1.8059999999999998
2223.0,1.8059999999999998
2224.0,1.8059999999999998
2225.0,1.8059999999999998
2226.0,1.8059999999999998
2227.0,1.8059999999999998
2228.0,1.8059999999999998
2229.0,1.8059999999999998
2230.0,1.8059999999999998
2231.0,1.8059999999999998
2232.0,1.8059999999999998
2233.0,1.8059999999999998
2234.0,1.8059999999999998
2235.0,1.8059999999999998
2236.0,1.8059999999999998
2237.0,1.8059999999999998
2238.0,1.8059999999999998
2239.0,1.8059999999999998
2240.0,1.8059999999999998
2241.0,1.8059999999999998
2242.0,1.8059999999999998
2243.0,1.8059999999999998
2244.0,1.8059999999999998
2245.0,1.8059999999999998
2246.0,1.8059999999999998
2247.0,1.8059999999999998
2248.0,1.8059999999999998
2249.0,1.8059999999999998
2250.0,1.8059999999999998
2251.0,1.8059999999999998
2252.0,1.8059999999999998
2253.0,1.8059999999999998
2254.0,1.8059999999999998
2255.0,1.8059999999999998
2256.0,1.8059999999999998
2257.0,1.8059999999999998
2258.0,1.8059999999999998
2259.0,1.8059999999999998
2260.0,1.8059999999999998
2261.0,1.8059999999999998
2262.0,1.8059999999999998
2263.0,1.8059999999999998
2264.0,1.8059999999999998
2265.0,1.8059999999999998
2266.0,1.8059999999999998
2267.0,1.8059999999999998
2268.0,1.8059999999999998
2269.0,1.8059999999999998
2270.0,1.8059999999999998
2271.0,1.8059999999999998
2272.0,1.8059999999999998
2273.0,1.8059999999999998
2274.0,1.8059999999999998
2275.0,1.8059999999999998
2276.0,1.8059999999999998
2277.0,1.8059999999999998
2278.0,1.8059999999999998
2279.0,1.763
2280.0,1.8059999999999998
2281.0,1.8059999999999998
2282.0,1.8059999999999998
2283.0,1.8059999999999998
2284.0,1.8059999999999998
2285.0,1.8059999999999998
2286.0,1.8059999999999998
2287.0,1.8059999999999998
2288.0,1.8059999999999998
2289.0,1.8059999999999998
2290.0,1.8059999999999998
2291.0,1.8059999999999998
2292.0,1.8059999999999998
2293.0,1.763
2294.0,1.8059999999999998
2295.0,1.763
2296.0,1.8059999999999998
2297.0,1.763
2298.0,1.763
2299.0,1.763
2300.0,1.763
2301.0,1.763
2302.0,1.763
2303.0,1.763
2304.0,1.8059999999999998
2305.0,1.763
2306.0,1.8059999999999998
2307.0,1.8059999999999998
2308.0,1.8059999999999998
2309.0,1.8059999999999998
2310.0,1.8059999999999998
2311.0,1.8059999999999998
2312.0,1.8059999999999998
2313.0,1.8059999999999998
2314.0,1.8059999999999998
2315.0,1.8059999999999998
2316.0,1.8059999999999998
2317.0,1.8059999999999998
2318.0,1.8059999999999998
2319.0,1.8059999999999998
2320.0,1.8059999999999998
2321.0,1.8059999999999998
2322.0,1.8059999999999998
2323.0,1.763
2324.0,1.8059999999999998
2325.0,1.8059999999999998
2326.0,1.8059999999999998
2327.0,1.763
2328.0,1.8059999999999998
2329.0,1.763
2330.0,1.763
2331.0,1.763
2332.0,1.763
2333.0,1.763
2334.0,1.763
2335.0,1.763
2336.0,1.763
2337.0,1.763
2338.0,1.8059999999999998
2339.0,1.763
2340.0,1.763
2341.0,1.763
2342.0,1.763
2343.0,1.763
2344.0,1.763
2345.0,1.763
2346.0,1.763
2347.0,1.8059999999999998
2348.0,1.8059999999999998
2349.0,1.763
2350.0,1.8059999999999998
2351.0,1.763
2352.0,1.763
2353.0,1.763
2354.0,1.8059999999999998
2355.0,1.763
2356.0,1.763
2357.0,1.763
2358.0,1.763
2359.0,1.763
2360.0,1.763
2361.0,1.763
2362.0,1.763
2363.0,1.763
2364.0,1.763
2365.0,1.763
2366.0,1.763
2367.0,1.763
2368.0,1.763
2369.0,1.763
2370.0,1.763
2371.0,1.763
2372.0,1.763
2373.0,1.763
2374.0,1.763
2375.0,1.763
2376.0,1.763
2377.0,1.763
2378.0,1.763
2379.0,1.763
2380.0,1.763
2381.0,1.763
2382.0,1.763
2383.0,1.763
2384.0,1.763
2385.0,1.763
2386.0,1.763
2387.0,1.763
2388.0,1.763
2389.0,1.763
2390.0,1.763
2391.0,1.763
2392.0,1.763
2393.0,1.763
2394.0,1.763
2395.0,1.763
2396.0,1.763
2397.0,1.763
2398.0,1.763
2399.0,1.763
2400.0,1.763
2401.0,1.763
2402.0,1.763
2403.0,1.763
2404.0,1.763
2405.0,1.763
2406.0,1.763
2407.0,1.763
2408.0,1.763
2409.0,1.763
2410.0,1.763
2411.0,1.763
2412.0,1.763
2413.0,1.763
2414.0,1.763
2415.0,1.763
2416.0,1.763
2417.0,1.763
2418.0,1.763
2419.0,1.763
2420.0,1.763
2421.0,1.763
2422.0,1.763
2423.0,1.763
2424.0,1.763
2425.0,1.763
2426.0,1.763
2427.0,1.763
2428.0,1.763
2429.0,1.763
2430.0,1.763
2431.0,1.763
2432.0,1.763
2433.0,1.763
2434.0,1.763
2435.0,1.763
2436.0,1.763
2437.0,1.763
2438.0,1.763
2439.0,1.763
2440.0,1.763
2441.0,1.763
2442.0,1.763
2443.0,1.763
2444.0,1.763
2445.0,1.763
2446.0,1.763
2447.0,1.763
2448.0,1.763
2449.0,1.763
2450.0,1.763
2451.0,1.763
2452.0,1.763
2453.0,1.763
2454.0,1.763
2455.0,1.763
2456.0,1.7199999999999998
2457.0,1.763
2458.0,1.763
2459.0,1.763
2460.0,1.763
2461.0,1.763
2462.0,1.763
2463.0,1.763
2464.0,1.763
2465.0,1.7199999999999998
2466.0,1.763
2467.0,1.763
2468.0,1.763
2469.0,1.763
2470.0,1.763
2471.0,1.763
2472.0,1.763
2473.0,1.763
2474.0,1.763
2475.0,1.7199999999999998
2476.0,1.763
2477.0,1.7199999999999998
2478.0,1.763
2479.0,1.763
2480.0,1.763
2481.0,1.763
2482.0,1.763
2483.0,1.763
2484.0,1.763
2485.0,1.763
2486.0,1.763
2487.0,1.763
2488.0,1.763
2489.0,1.763
2490.0,1.763
2491.0,1.763
2492.0,1.763
2493.0,1.763
2494.0,1.763
2495.0,1.7199999999999998
2496.0,1.763
2497.0,1.763
2498.0,1.763
2499.0,1.763
2500.0,1.763
2501.0,1.763
2502.0,1.763
2503.0,1.7199999999999998
2504.0,1.763
2505.0,1.763
2506.0,1.763
2507.0,1.763
2508.0,1.763
2509.0,1.763
2510.0,1.763
2511.0,1.763
2512.0,1.763
2513.0,1.763
2514.0,1.763
2515.0,1.763
2516.0,1.763
2517.0,1.763
2518.0,1.763
2519.0,1.763
2520.0,1.763
2521.0,1.763
2522.0,1.763
2523.0,1.763
2524.0,1.763
2525.0,1.763
2526.0,1.763
2527.0,1.763
2528.0,1.763
2529.0,1.763
2530.0,1.763
2531.0,1.763
2532.0,1.763
2533.0,1.763
2534.0,1.763
2535.0,1.7199999999999998
2536.0,1.763
2537.0,1.763
2538.0,1.763
2539.0,1.763
2540.0,1.763
2541.0,1.7199999999999998
2542.0,1.763
2543.0,1.763
2544.0,1.763
2545.0,1.763
2546.0,1.763
2547.0,1.763
2548.0,1.763
2549.0,1.763
2550.0,1.763
2551.0,1.763
2552.0,1.763
2553.0,1.763
2554.0,1.763
2555.0,1.763
2556.0,1.763
2557.0,1.763
2558.0,1.763
2559.0,1.763
2560.0,1.763
2561.0,1.763
2562.0,1.763
2563.0,1.763
2564.0,1.763
2565.0,1.763
2566.0,1.763
2567.0,1.763
2568.0,1.7199999999999998
2569.0,1.763
2570.0,1.7199999999999998
2571.0,1.763
2572.0,1.763
2573.0,1.763
2574.0,1.763
2575.0,1.763
2576.0,1.763
2577.0,1.763
2578.0,1.763
2579.0,1.763
2580.0,1.763
2581.0,1.763
2582.0,1.7199999999999998
2583.0,1.7199999999999998
2584.0,1.763
2585.0,1.763
2586.0,1.763
2587.0,1.763
2588.0,1.763
2589.0,1.763
2590.0,1.763
2591.0,1.763
2592.0,1.763
2593.0,1.763
2594.0,1.7199999999999998
2595.0,1.763
2596.0,1.763
2597.0,1.763
2598.0,1.763
2599.0,1.763
2600.0,1.763
2601.0,1.763
2602.0,1.763
2603.0,1.763
2604.0,1.763
2605.0,1.763
2606.0,1.763
2607.0,1.763
2608.0,1.7199999999999998
2609.0,1.763
2610.0,1.7199999999999998
2611.0,1.763
2612.0,1.7199999999999998
2613.0,1.7199999999999998
2614.0,1.7199999999999998
2615.0,1.763
2616.0,1.763
2617.0,1.763
2618.0,1.7199999999999998
2619.0,1.763
2620.0,1.763
2621.0,1.763
2622.0,1.763
2623.0,1.763
2624.0,1.7199999999999998
2625.0,1.763
2626.0,1.7199999999999998
2627.0,1.763
2628.0,1.763
2629.0,1.763
2630.0,1.7199999999999998
2631.0,1.763
2632.0,1.7199999999999998
2633.0,1.7199999999999998
2634.0,1.7199999999999998
2635.0,1.763
2636.0,1.763
2637.0,1.763
2638.0,1.7199999999999998
2639.0,1.763
2640.0,1.763
2641.0,1.763
2642.0,1.763
2643.0,1.7199999999999998
2644.0,1.763
2645.0,1.7199999999999998
2646.0,1.763
2647.0,1.7199999999999998
2648.0,1.7199999999999998
2649.0,1.7199999999999998
2650.0,1.763
2651.0,1.763
2652.0,1.763
2653.0,1.763
2654.0,1.763
2655.0,1.763
2656.0,1.763
2657.0,1.763
2658.0,1.763
2659.0,1.7199999999999998
2660.0,1.7199999999999998
2661.0,1.763
2662.0,1.7199999999999998
2663.0,1.7199999999999998
2664.0,1.7199999999999998
2665.0,1.763
2666.0,1.7199999999999998
2667.0,1.7199999999999998
2668.0,1.7199999999999998
2669.0,1.7199999999999998
2670.0,1.7199999999999998
2671.0,1.7199999999999998
2672.0,1.7199999999999998
2673.0,1.7199999999999998
2674.0,1.7199999999999998
2675.0,1.7199999999999998
2676.0,1.7199999999999998
2677.0,1.7199999999999998
2678.0,1.763
2679.0,1.763
2680.0,1.7199999999999998
2681.0,1.7199999999999998
2682.0,1.7199999999999998
2683.0,1.7199999999999998
2684.0,1.7199999999999998
2685.0,1.763
2686.0,1.763
2687.0,1.7199999999999998
2688.0,1.7199999999999998
2689.0,1.7199999999999998
2690.0,1.763
2691.0,1.7199999999999998
2692.0,1.7199999999999998
2693.0,1.7199999999999998
2694.0,1.763
2695.0,1.763
2696.0,1.7199999999999998
2697.0,1.763
2698.0,1.7199999999999998
2699.0,1.7199999999999998
2700.0,1.7199999999999998
2701.0,1.7199999999999998
2702.0,1.7199999999999998
2703.0,1.7199999999999998
2704.0,1.7199999999999998
2705.0,1.7199999999999998
2706.0,1.7199999999999998
2707.0,1.7199999999999998
2708.0,1.7199999999999998
2709.0,1.7199999999999998
2710.0,1.7199999999999998
2711.0,1.6769999999999998
2712.0,1.7199999999999998
2713.0,1.7199999999999998
2714.0,1.7199999999999998
2715.0,1.7199999999999998
2716.0,1.7199999999999998
2717.0,1.6769999999999998
2718.0,1.7199999999999998
2719.0,1.7199999999999998
2720.0,1.6769999999999998
2721.0,1.7199999999999998
2722.0,1.7199999999999998
2723.0,1.763
2724.0,1.6769999999999998
2725.0,1.7199999999999998
2726.0,1.763
2727.0,1.7199999999999998
2728.0,1.7199999999999998
2729.0,1.7199999999999998
2730.0,1.7199999999999998
2731.0,1.7199999999999998
2732.0,1.6769999999999998
2733.0,1.763
2734.0,1.763
2735.0,1.7199999999999998
2736.0,1.7199999999999998
2737.0,1.7199999999999998
2738.0,1.7199999999999998
2739.0,1.7199999999999998
2740.0,1.6769999999999998
2741.0,1.7199999999999998
2742.0,1.6769999999999998
2743.0,1.6769999999999998
2744.0,1.7199999999999998
2745.0,1.7199999999999998
2746.0,1.7199999999999998
2747.0,1.6769999999999998
2748.0,1.7199999999999998
2749.0,1.7199999999999998
2750.0,1.7199999999999998
2751.0,1.6769999999999998
2752.0,1.7199999999999998
2753.0,1.7199999999999998
2754.0,1.7199999999999998
2755.0,1.6769999999999998
2756.0,1.7199999999999998
2757.0,1.7199999999999998
2758.0,1.6769999999999998
2759.0,1.7199999999999998
2760.0,1.6769999999999998
2761.0,1.6769999999999998
2762.0,1.7199999999999998
2763.0,1.7199999999999998
2764.0,1.7199999999999998
2765.0,1.6769999999999998
2766.0,1.7199999999999998
2767.0,1.7199999999999998
2768.0,1.6769999999999998
2769.0,1.7199999999999998
2770.0,1.7199999999999998
2771.0,1.7199999999999998
2772.0,1.7199999999999998
2773.0,1.7199999999999998
2774.0,1.7199999999999998
2775.0,1.7199999999999998
2776.0,1.7199999999999998
2777.0,1.7199999999999998
2778.0,1.7199999999999998
2779.0,1.6769999999999998
2780.0,1.7199999999999998
2781.0,1.7199999999999998
2782.0,1.7199999999999998
2783.0,1.6769999999999998
2784.0,1.6769999999999998
2785.0,1.6769999999999998
2786.0,1.7199999999999998
2787.0,1.6769999999999998
2788.0,1.7199999999999998
2789.0,1.6769999999999998
2790.0,1.6769999999999998
2791.0,1.6769999999999998
2792.0,1.6769999999999998
2793.0,1.7199999999999998
2794.0,1.6769999999999998
2795.0,1.6769999999999998
2796.0,1.7199999999999998
2797.0,1.7199999999999998
2798.0,1.6769999999999998
2799.0,1.7199999999999998
2800.0,1.7199999999999998
2801.0,1.7199999999999998
2802.0,1.6769999999999998
2803.0,1.6769999999999998
2804.0,1.6769999999999998
2805.0,1.6769999999999998
2806.0,1.6769999999999998
2807.0,1.6769999999999998
2808.0,1.6769999999999998
2809.0,1.7199999999999998
2810.0,1.7199999999999998
2811.0,1.6769999999999998
2812.0,1.7199999999999998
2813.0,1.7199999999999998
2814.0,1.7199999999999998
2815.0,1.7199999999999998
2816.0,1.7199999999999998
2817.0,1.7199999999999998
2818.0,1.7199999999999998
2819.0,1.7199999999999998
2820.0,1.7199999999999998
2821.0,1.7199999999999998
2822.0,1.7199999999999998
2823.0,1.7199999999999998
2824.0,1.6769999999999998
2825.0,1.7199999999999998
2826.0,1.6769999999999998
2827.0,1.6769999999999998
2828.0,1.6769999999999998
2829.0,1.6769999999999998
2830.0,1.6769999999999998
2831.0,1.6769999999999998
2832.0,1.7199999999999998
2833.0,1.7199999999999998
2834.0,1.6769999999999998
2835.0,1.6769999999999998
2836.0,1.6769999999999998
2837.0,1.6769999999999998
2838.0,1.6769999999999998
2839.0,1.6769999999999998
2840.0,1.6769999999999998
2841.0,1.6769999999999998
2842.0,1.6769999999999998
2843.0,1.6769999999999998
2844.0,1.6769999999999998
2845.0,1.6769999999999998
2846.0,1.7199999999999998
2847.0,1.6769999999999998
2848.0,1.6769999999999998
2849.0,1.6769999999999998
2850.0,1.6769999999999998
2851.0,1.6769999999999998
2852.0,1.6769999999999998
2853.0,1.6769999999999998
2854.0,1.6769999999999998
2855.0,1.6769999999999998
2856.0,1.7199999999999998
2857.0,1.7199999999999998
2858.0,1.7199999999999998
2859.0,1.6769999999999998
2860.0,1.6769999999999998
2861.0,1.6769999999999998
2862.0,1.6769999999999998
2863.0,1.6769999999999998
2864.0,1.7199999999999998
2865.0,1.6769999999999998
2866.0,1.6769999999999998
2867.0,1.6769999999999998
2868.0,1.7199999999999998
2869.0,1.7199999999999998
2870.0,1.6769999999999998
2871.0,1.6769999999999998
2872.0,1.6769999999999998
2873.0,1.6769999999999998
2874.0,1.6769999999999998
2875.0,1.7199999999999998
2876.0,1.6769999999999998
2877.0,1.6769999999999998
2878.0,1.7199999999999998
2879.0,1.6769999999999998
2880.0,1.6769999999999998
2881.0,1.6769999999999998
2882.0,1.7199999999999998
2883.0,1.6769999999999998
2884.0,1.6769999999999998
2885.0,1.7199999999999998
2886.0,1.7199999999999998
2887.0,1.7199999999999998
2888.0,1.7199999999999998
2889.0,1.7199999999999998
2890.0,1.7199999999999998
2891.0,1.6769999999999998
2892.0,1.6769999999999998
2893.0,1.7199999999999998
2894.0,1.6769999999999998
2895.0,1.6769999999999998
2896.0,1.6769999999999998
2897.0,1.6769999999999998
2898.0,1.6769999999999998
2899.0,1.6769999999999998
2900.0,1.6769999999999998
2901.0,1.6769999999999998
2902.0,1.6769999999999998
2903.0,1.6769999999999998
2904.0,1.6769999999999998
2905.0,1.6769999999999998
2906.0,1.7199999999999998
2907.0,1.7199999999999998
2908.0,1.6769999999999998
2909.0,1.6769999999999998
2910.0,1.6769999999999998
2911.0,1.6769999999999998
2912.0,1.6769999999999998
2913.0,1.7199999999999998
2914.0,1.6769999999999998
2915.0,1.6769999999999998
2916.0,1.6769999999999998
2917.0,1.6769999999999998
2918.0,1.6769999999999998
2919.0,1.6769999999999998
2920.0,1.7199999999999998
2921.0,1.6769999999999998
2922.0,1.6769999999999998
2923.0,1.6769999999999998
2924.0,1.6769999999999998
2925.0,1.7199999999999998
2926.0,1.6769999999999998
2927.0,1.6769999999999998
2928.0,1.7199999999999998
2929.0,1.7199999999999998
2930.0,1.7199999999999998
2931.0,1.6769999999999998
2932.0,1.6769999999999998
2933.0,1.6769999999999998
2934.0,1.6769999999999998
2935.0,1.6769999999999998
2936.0,1.6769999999999998
2937.0,1.6769999999999998
2938.0,1.6769999999999998
2939.0,1.6769999999999998
2940.0,1.6769999999999998
2941.0,1.6769999999999998
2942.0,1.6769999999999998
2943.0,1.6769999999999998
2944.0,1.6769999999999998
2945.0,1.7199999999999998
2946.0,1.6769999999999998
2947.0,1.6769999999999998
2948.0,1.6769999999999998
2949.0,1.6769999999999998
2950.0,1.6769999999999998
2951.0,1.6769999999999998
2952.0,1.6769999999999998
2953.0,1.6769999999999998
2954.0,1.6769999999999998
2955.0,1.6769999999999998
2956.0,1.6769999999999998
2957.0,1.7199999999999998
2958.0,1.6769999999999998
2959.0,1.6769999999999998
2960.0,1.6769999999999998
2961.0,1.6769999999999998
2962.0,1.6769999999999998
2963.0,1.6769999999999998
2964.0,1.6769999999999998
2965.0,1.6769999999999998
2966.0,1.6769999999999998
2967.0,1.6769999999999998
2968.0,1.6769999999999998
2969.0,1.6769999999999998
2970.0,1.7199999999999998
2971.0,1.6769999999999998
2972.0,1.6769999999999998
2973.0,1.6769999999999998
2974.0,1.6769999999999998
2975.0,1.6769999999999998
2976.0,1.6769999999999998
2977.0,1.6769999999999998
2978.0,1.7199999999999998
2979.0,1.6769999999999998
2980.0,1.6769999999999998
2981.0,1.7199999999999998
2982.0,1.6769999999999998
2983.0,1.6769999999999998
2984.0,1.6769999999999998
2985.0,1.6769999999999998
2986.0,1.6769999999999998
2987.0,1.6769999999999998
2988.0,1.6769999999999998
2989.0,1.6769999999999998
2990.0,1.6769999999999998
2991.0,1.6769999999999998
2992.0,1.6769999999999998
2993.0,1.6769999999999998
2994.0,1.6769999999999998
2995.0,1.6769999999999998
2996.0,1.6769999999999998
2997.0,1.6769999999999998
2998.0,1.6769999999999998
2999.0,1.6769999999999998
3000.0,1.6769999999999998
3001.0,1.6769999999999998
3002.0,1.6769999999999998
3003.0,1.7199999999999998
3004.0,1.6769999999999998
3005.0,1.6769999999999998
3006.0,1.6769999999999998
3007.0,1.6769999999999998
3008.0,1.6769999999999998
3009.0,1.6769999999999998
3010.0,1.6769999999999998
3011.0,1.6769999999999998
3012.0,1.6769999999999998
3013.0,1.6769999999999998
3014.0,1.6769999999999998
3015.0,1.6769999999999998
3016.0,1.6769999999999998
3017.0,1.6769999999999998
3018.0,1.6769999999999998
3019.0,1.6769999999999998
3020.0,1.6769999999999998
3021.0,1.6769999999999998
3022.0,1.6769999999999998
3023.0,1.6769999999999998
3024.0,1.6769999999999998
3025.0,1.7199999999999998
3026.0,1.6769999999999998
3027.0,1.6769999999999998
3028.0,1.6769999999999998
3029.0,1.6769999999999998
3030.0,1.6769999999999998
3031.0,1.6769999999999998
3032.0,1.6769999999999998
3033.0,1.6769999999999998
3034.0,1.6769999999999998
3035.0,1.6769999999999998
3036.0,1.6769999999999998
3037.0,1.6769999999999998
3038.0,1.6769999999999998
3039.0,1.6769999999999998
3040.0,1.6769999999999998
3041.0,1.6769999999999998
3042.0,1.6769999999999998
3043.0,1.6769999999999998
3044.0,1.6769999999999998
3045.0,1.6769999999999998
3046.0,1.6769999999999998
3047.0,1.6769999999999998
3048.0,1.6769999999999998
3049.0,1.6769999999999998
3050.0,1.6769999999999998
3051.0,1.6769999999999998
3052.0,1.6769999999999998
3053.0,1.6769999999999998
3054.0,1.6769999999999998
3055.0,1.6769999999999998
3056.0,1.6769999999999998
3057.0,1.6769999999999998
3058.0,1.6769999999999998
3059.0,1.6769999999999998
3060.0,1.6769999999999998
3061.0,1.6769999999999998
3062.0,1.6769999999999998
3063.0,1.6769999999999998
3064.0,1.6769999999999998
3065.0,1.7199999999999998
3066.0,1.6769999999999998
3067.0,1.6769999999999998
3068.0,1.6769999999999998
3069.0,1.6769999999999998
3070.0,1.6769999999999998
3071.0,1.6769999999999998
3072.0,1.6769999999999998
3073.0,1.6769999999999998
3074.0,1.6769999999999998
3075.0,1.6769999999999998
3076.0,1.6769999999999998
3077.0,1.6769999999999998
3078.0,1.6769999999999998
3079.0,1.6769999999999998
3080.0,1.6769999999999998
3081.0,1.6769999999999998
3082.0,1.6769999999999998
3083.0,1.6769999999999998
3084.0,1.6769999999999998
3085.0,1.6769999999999998
3086.0,1.6769999999999998
3087.0,1.6769999999999998
3088.0,1.6769999999999998
3089.0,1.6769999999999998
3090.0,1.6769999999999998
3091.0,1.6769999999999998
3092.0,1.6769999999999998
3093.0,1.6769999999999998
3094.0,1.6769999999999998
3095.0,1.6769999999999998
3096.0,1.6769999999999998
3097.0,1.6769999999999998
3098.0,1.6769999999999998
3099.0,1.6769999999999998
3100.0,1.6769999999999998
3101.0,1.6769999999999998
3102.0,1.6769999999999998
3103.0,1.6769999999999998
3104.0,1.6769999999999998
3105.0,1.6769999999999998
3106.0,1.6769999999999998
3107.0,1.6769999999999998
3108.0,1.6769999999999998
3109.0,1.6769999999999998
3110.0,1.6769999999999998
3111.0,1.6769999999999998
3112.0,1.6769999999999998
3113.0,1.6769999999999998
3114.0,1.6769999999999998
3115.0,1.6769999999999998
3116.0,1.6769999999999998
3117.0,1.6769999999999998
3118.0,1.6769999999999998
3119.0,1.6769999999999998
3120.0,1.6769999999999998
3121.0,1.6769999999999998
3122.0,1.6769999999999998
3123.0,1.6769999999999998
3124.0,1.6769999999999998
3125.0,1.6769999999999998
3126.0,1.6769999999999998
3127.0,1.6769999999999998
3128.0,1.6769999999999998
3129.0,1.6769999999999998
3130.0,1.6769999999999998
3131.0,1.6769999999999998
3132.0,1.6769999999999998
3133.0,1.6769999999999998
3134.0,1.6769999999999998
3135.0,1.6769999999999998
3136.0,1.6769999999999998
3137.0,1.6769999999999998
3138.0,1.6769999999999998
3139.0,1.6769999999999998
3140.0,1.6769999999999998
3141.0,1.6769999999999998
3142.0,1.6769999999999998
3143.0,1.6769999999999998
3144.0,1.6769999999999998
3145.0,1.7199999999999998
3146.0,1.6769999999999998
3147.0,1.6769999999999998
3148.0,1.634
3149.0,1.6769999999999998
3150.0,1.634
3151.0,1.6769999999999998
3152.0,1.6769999999999998
3153.0,1.634
3154.0,1.6769999999999998
3155.0,1.6769999999999998
3156.0,1.6769999999999998
3157.0,1.634
3158.0,1.6769999999999998
3159.0,1.6769999999999998
3160.0,1.6769999999999998
3161.0,1.6769999999999998
3162.0,1.6769999999999998
3163.0,1.6769999999999998
3164.0,1.6769999999999998
3165.0,1.6769999999999998
3166.0,1.6769999999999998
3167.0,1.6769999999999998
3168.0,1.6769999999999998
3169.0,1.6769999999999998
3170.0,1.6769999999999998
3171.0,1.6769999999999998
3172.0,1.6769999999999998
3173.0,1.6769999999999998
3174.0,1.6769999999999998
3175.0,1.6769999999999998
3176.0,1.6769999999999998
3177.0,1.6769999999999998
3178.0,1.6769999999999998
3179.0,1.6769999999999998
3180.0,1.6769999999999998
3181.0,1.634
3182.0,1.6769999999999998
3183.0,1.6769999999999998
3184.0,1.6769999999999998
3185.0,1.6769999999999998
3186.0,1.6769999999999998
3187.0,1.6769999999999998
3188.0,1.634
3189.0,1.6769999999999998
3190.0,1.6769999999999998
3191.0,1.6769999999999998
3192.0,1.6769999999999998
3193.0,1.6769999999999998
3194.0,1.6769999999999998
3195.0,1.634
3196.0,1.6769999999999998
3197.0,1.6769999999999998
3198.0,1.6769999999999998
3199.0,1.6769999999999998
3200.0,1.6769999999999998
3201.0,1.6769999999999998
3202.0,1.634
3203.0,1.6769999999999998
3204.0,1.6769999999999998
3205.0,1.634
3206.0,1.6769999999999998
3207.0,1.6769999999999998
3208.0,1.6769999999999998
3209.0,1.6769999999999998
3210.0,1.6769999999999998
3211.0,1.6769999999999998
3212.0,1.6769999999999998
3213.0,1.6769999999999998
3214.0,1.6769999999999998
3215.0,1.6769999999999998
3216.0,1.6769999999999998
3217.0,1.6769999999999998
3218.0,1.6769999999999998
3219.0,1.6769999999999998
3220.0,1.6769999999999998
3221.0,1.634
3222.0,1.6769999999999998
3223.0,1.6769999999999998
3224.0,1.6769999999999998
3225.0,1.634
3226.0,1.6769999999999998
3227.0,1.634
3228.0,1.634
3229.0,1.634
3230.0,1.634
3231.0,1.634
3232.0,1.6769999999999998
3233.0,1.6769999999999998
3234.0,1.6769999999999998
3235.0,1.634
3236.0,1.6769999999999998
3237.0,1.6769999999999998
3238.0,1.6769999999999998
3239.0,1.6769999999999998
3240.0,1.6769999999999998
3241.0,1.6769999999999998
3242.0,1.6769999999999998
3243.0,1.6769999999999998
3244.0,1.6769999999999998
3245.0,1.6769999999999998
3246.0,1.6769999999999998
3247.0,1.6769999999999998
3248.0,1.6769999999999998
3249.0,1.6769999999999998
3250.0,1.6769999999999998
3251.0,1.6769999999999998
3252.0,1.634
3253.0,1.634
3254.0,1.6769999999999998
3255.0,1.6769999999999998
3256.0,1.6769999999999998
3257.0,1.6769999999999998
3258.0,1.6769999999999998
3259.0,1.634
3260.0,1.634
3261.0,1.6769999999999998
3262.0,1.6769999999999998
3263.0,1.6769999999999998
3264.0,1.6769999999999998
3265.0,1.634
3266.0,1.634
3267.0,1.634
3268.0,1.634
3269.0,1.634
3270.0,1.6769999999999998
3271.0,1.6769999999999998
3272.0,1.6769999999999998
3273.0,1.6769999999999998
3274.0,1.6769999999999998
3275.0,1.634
3276.0,1.6769999999999998
3277.0,1.6769999999999998
3278.0,1.6769999999999998
3279.0,1.634
3280.0,1.634
3281.0,1.634
3282.0,1.634
3283.0,1.634
3284.0,1.6769999999999998
3285.0,1.634
3286.0,1.6769999999999998
3287.0,1.634
3288.0,1.6769999999999998
3289.0,1.634
3290.0,1.6769999999999998
3291.0,1.6769999999999998
3292.0,1.634
3293.0,1.634
3294.0,1.634
3295.0,1.634
3296.0,1.6769999999999998
3297.0,1.634
3298.0,1.6769999999999998
3299.0,1.634
3300.0,1.634
3301.0,1.634
3302.0,1.6769999999999998
3303.0,1.6769999999999998
3304.0,1.634
3305.0,1.6769999999999998
3306.0,1.6769999999999998
3307.0,1.6769999999999998
3308.0,1.6769999999999998
3309.0,1.634
3310.0,1.6769999999999998
3311.0,1.6769999999999998
3312.0,1.6769999999999998
3313.0,1.6769999999999998
3314.0,1.6769999999999998
3315.0,1.6769999999999998
3316.0,1.6769999999999998
3317.0,1.634
3318.0,1.634
3319.0,1.634
3320.0,1.6769999999999998
3321.0,1.634
3322.0,1.6769999999999998
3323.0,1.634
3324.0,1.6769999999999998
3325.0,1.634
3326.0,1.634
3327.0,1.634
3328.0,1.634
3329.0,1.634
3330.0,1.634
3331.0,1.634
3332.0,1.634
3333.0,1.634
3334.0,1.634
3335.0,1.634
3336.0,1.634
3337.0,1.634
3338.0,1.6769999999999998
3339.0,1.634
3340.0,1.634
3341.0,1.634
3342.0,1.6769999999999998
3343.0,1.634
3344.0,1.634
3345.0,1.634
3346.0,1.634
3347.0,1.634
3348.0,1.6769999999999998
3349.0,1.6769999999999998
3350.0,1.634
3351.0,1.6769999999999998
3352.0,1.6769999999999998
3353.0,1.6769999999999998
3354.0,1.6769999999999998
3355.0,1.6769999999999998
3356.0,1.6769999999999998
3357.0,1.6769999999999998
3358.0,1.6769999999999998
3359.0,1.634
3360.0,1.6769999999999998
3361.0,1.634
3362.0,1.6769999999999998
3363.0,1.634
3364.0,1.634
3365.0,1.634
3366.0,1.634
3367.0,1.634
3368.0,1.634
3369.0,1.634
3370.0,1.634
3371.0,1.634
3372.0,1.634
3373.0,1.634
3374.0,1.634
3375.0,1.634
3376.0,1.634
3377.0,1.634
3378.0,1.6769999999999998
3379.0,1.634
3380.0,1.634
3381.0,1.634
3382.0,1.634
3383.0,1.634
3384.0,1.634
3385.0,1.6769999999999998
3386.0,1.6769999999999998
3387.0,1.634
3388.0,1.634
3389.0,1.634
3390.0,1.6769999999999998
3391.0,1.6769999999999998
3392.0,1.6769999999999998
3393.0,1.634
3394.0,1.6769999999999998
3395.0,1.6769999999999998
3396.0,1.6769999999999998
3397.0,1.634
3398.0,1.634
3399.0,1.6769999999999998
3400.0,1.634
3401.0,1.634
3402.0,1.634
3403.0,1.634
3404.0,1.634
3405.0,1.634
3406.0,1.634
3407.0,1.634
3408.0,1.634
3409.0,1.6769999999999998
3410.0,1.634
3411.0,1.634
3412.0,1.634
3413.0,1.634
3414.0,1.634
3415.0,1.634
3416.0,1.634
3417.0,1.634
3418.0,1.634
3419.0,1.634
3420.0,1.634
3421.0,1.634
3422.0,1.6769999999999998
3423.0,1.634
3424.0,1.634
3425.0,1.634
3426.0,1.634
3427.0,1.634
3428.0,1.634
3429.0,1.634
3430.0,1.634
3431.0,1.6769999999999998
3432.0,1.634
3433.0,1.634
3434.0,1.6769999999999998
3435.0,1.634
3436.0,1.634
3437.0,1.634
3438.0,1.634
3439.0,1.634
3440.0,1.634
3441.0,1.634
3442.0,1.634
3443.0,1.634
3444.0,1.634
3445.0,1.634
3446.0,1.634
3447.0,1.634
3448.0,1.634
3449.0,1.6769999999999998
3450.0,1.634
3451.0,1.634
3452.0,1.634
3453.0,1.634
3454.0,1.634
3455.0,1.634
3456.0,1.634
3457.0,1.634
3458.0,1.634
3459.0,1.634
3460.0,1.634
3461.0,1.634
3462.0,1.634
3463.0,1.634
3464.0,1.634
3465.0,1.634
3466.0,1.634
3467.0,1.634
3468.0,1.634
3469.0,1.634
3470.0,1.634
3471.0,1.6769999999999998
3472.0,1.634
3473.0,1.634
3474.0,1.634
3475.0,1.634
3476.0,1.634
3477.0,1.634
3478.0,1.634
3479.0,1.634
3480.0,1.6769999999999998
3481.0,1.634
3482.0,1.634
3483.0,1.634
3484.0,1.634
3485.0,1.634
3486.0,1.634
3487.0,1.634
3488.0,1.634
3489.0,1.634
3490.0,1.634
3491.0,1.634
3492.0,1.634
3493.0,1.634
3494.0,1.634
3495.0,1.634
3496.0,1.634
3497.0,1.634
3498.0,1.634
3499.0,1.634
3500.0,1.634
3501.0,1.634
3502.0,1.634
3503.0,1.634
3504.0,1.634
3505.0,1.634
3506.0,1.634
3507.0,1.634
3508.0,1.634
3509.0,1.634
3510.0,1.634
3511.0,1.634
3512.0,1.634
3513.0,1.634
3514.0,1.634
3515.0,1.634
3516.0,1.634
3517.0,1.634
3518.0,1.634
3519.0,1.634
3520.0,1.634
3521.0,1.634
3522.0,1.634
3523.0,1.634
3524.0,1.634
3525.0,1.634
3526.0,1.634
3527.0,1.634
3528.0,1.634
3529.0,1.634
3530.0,1.634
3531.0,1.634
3532.0,1.634
3533.0,1.634
3534.0,1.634
3535.0,1.634
3536.0,1.634
3537.0,1.634
3538.0,1.634
3539.0,1.634
3540.0,1.634
3541.0,1.634
3542.0,1.634
3543.0,1.634
3544.0,1.634
3545.0,1.634
3546.0,1.634
3547.0,1.634
3548.0,1.634
3549.0,1.634
3550.0,1.634
3551.0,1.634
3552.0,1.634
3553.0,1.634
3554.0,1.634
3555.0,1.634
3556.0,1.634
3557.0,1.634
3558.0,1.634
3559.0,1.634
3560.0,1.634
3561.0,1.634
3562.0,1.634
3563.0,1.634
3564.0,1.634
3565.0,1.634
3566.0,1.634
3567.0,1.634
3568.0,1.634
3569.0,1.634
3570.0,1.634
3571.0,1.634
3572.0,1.634
3573.0,1.634
3574.0,1.634
3575.0,1.634
3576.0,1.634
3577.0,1.634
3578.0,1.634
3579.0,1.634
3580.0,1.634
3581.0,1.634
3582.0,1.634
3583.0,1.634
3584.0,1.634
3585.0,1.634
3586.0,1.634
3587.0,1.634
3588.0,1.634
3589.0,1.634
3590.0,1.634
3591.0,1.634
3592.0,1.634
3593.0,1.634
3594.0,1.634
3595.0,1.634
3596.0,1.634
3597.0,1.634
3598.0,1.634
3599.0,1.634
3600.0,1.634
3601.0,1.634
3602.0,1.634
3603.0,1.634
3604.0,1.634
3605.0,1.634
3606.0,1.634
3607.0,1.634
3608.0,1.634
3609.0,1.634
3610.0,1.634
3611.0,1.634
3612.0,1.634
3613.0,1.634
3614.0,1.634
3615.0,1.634
3616.0,1.634
3617.0,1.634
3618.0,1.634
3619.0,1.634
3620.0,1.634
3621.0,1.634
3622.0,1.634
3623.0,1.634
3624.0,1.634
3625.0,1.634
3626.0,1.634
3627.0,1.634
3628.0,1.634
3629.0,1.634
3630.0,1.634
3631.0,1.634
3632.0,1.634
3633.0,1.634
3634.0,1.634
3635.0,1.634
3636.0,1.634
3637.0,1.634
3638.0,1.634
3639.0,1.634
3640.0,1.634
3641.0,1.634
3642.0,1.634
3643.0,1.634
3644.0,1.634
3645.0,1.634
3646.0,1.634
3647.0,1.634
3648.0,1.634
3649.0,1.634
3650.0,1.634
3651.0,1.634
3652.0,1.634
3653.0,1.634
3654.0,1.634
3655.0,1.634
3656.0,1.634
3657.0,1.634
3658.0,1.634
3659.0,1.634
3660.0,1.634
3661.0,1.634
3662.0,1.634
3663.0,1.634
3664.0,1.634
3665.0,1.634
3666.0,1.634
3667.0,1.634
3668.0,1.634
3669.0,1.634
3670.0,1.634
3671.0,1.634
3672.0,1.634
3673.0,1.634
3674.0,1.634
3675.0,1.634
3676.0,1.634
3677.0,1.634
3678.0,1.634
3679.0,1.634
3680.0,1.634
3681.0,1.634
3682.0,1.634
3683.0,1.634
3684.0,1.634
3685.0,1.634
3686.0,1.634
3687.0,1.634
3688.0,1.634
3689.0,1.634
3690.0,1.634
3691.0,1.634
3692.0,1.634
3693.0,1.634
3694.0,1.634
3695.0,1.634
3696.0,1.634
3697.0,1.634
3698.0,1.634
3699.0,1.634
3700.0,1.634
3701.0,1.634
3702.0,1.634
3703.0,1.634
3704.0,1.634
3705.0,1.634
3706.0,1.634
3707.0,1.634
3708.0,1.634
3709.0,1.634
3710.0,1.634
3711.0,1.634
3712.0,1.634
3713.0,1.634
3714.0,1.634
3715.0,1.634
3716.0,1.634
3717.0,1.634
3718.0,1.634
3719.0,1.634
3720.0,1.634
3721.0,1.634
3722.0,1.634
3723.0,1.634
3724.0,1.634
3725.0,1.634
3726.0,1.634
3727.0,1.634
3728.0,1.634
3729.0,1.634
3730.0,1.634
3731.0,1.634
3732.0,1.634
3733.0,1.634
3734.0,1.634
3735.0,1.634
3736.0,1.634
3737.0,1.634
3738.0,1.634
3739.0,1.634
3740.0,1.634
3741.0,1.634
3742.0,1.634
3743.0,1.634
3744.0,1.634
3745.0,1.634
3746.0,1.634
3747.0,1.634
3748.0,1.634
3749.0,1.634
3750.0,1.634
3751.0,1.634
3752.0,1.634
3753.0,1.634
3754.0,1.634
3755.0,1.634
3756.0,1.634
3757.0,1.634
3758.0,1.634
3759.0,1.634
3760.0,1.634
3761.0,1.634
3762.0,1.634
3763.0,1.634
3764.0,1.634
3765.0,1.634
3766.0,1.634
3767.0,1.634
3768.0,1.634
3769.0,1.634
3770.0,1.634
3771.0,1.634
3772.0,1.634
3773.0,1.634
3774.0,1.634
3775.0,1.634
3776.0,1.634
3777.0,1.634
3778.0,1.634
3779.0,1.634
3780.0,1.634
3781.0,1.634
3782.0,1.634
3783.0,1.634
3784.0,1.634
3785.0,1.634
3786.0,1.634
3787.0,1.634
3788.0,1.634
3789.0,1.634
3790.0,1.634
3791.0,1.634
3792.0,1.634
3793.0,1.634
3794.0,1.634
3795.0,1.634
3796.0,1.634
3797.0,1.634
3798.0,1.634
3799.0,1.634
3800.0,1.634
3801.0,1.634
3802.0,1.634
3803.0,1.634
3804.0,1.634
3805.0,1.634
3806.0,1.634
3807.0,1.634
3808.0,1.634
3809.0,1.634
3810.0,1.634
3811.0,1.634
3812.0,1.634
3813.0,1.634
3814.0,1.634
3815.0,1.634
3816.0,1.634
3817.0,1.634
3818.0,1.634
3819.0,1.634
3820.0,1.634
3821.0,1.634
3822.0,1.634
3823.0,1.634
3824.0,1.634
3825.0,1.634
3826.0,1.634
3827.0,1.634
3828.0,1.634
3829.0,1.634
3830.0,1.634
3831.0,1.634
3832.0,1.634
3833.0,1.634
3834.0,1.634
3835.0,1.634
3836.0,1.634
3837.0,1.634
3838.0,1.634
3839.0,1.634
3840.0,1.634
3841.0,1.634
3842.0,1.634
3843.0,1.634
3844.0,1.634
3845.0,1.634
3846.0,1.634
3847.0,1.634
3848.0,1.634
3849.0,1.634
3850.0,1.634
3851.0,1.634
3852.0,1.634
3853.0,1.634
3854.0,1.634
3855.0,1.634
3856.0,1.634
3857.0,1.634
3858.0,1.634
3859.0,1.634
3860.0,1.634
3861.0,1.634
3862.0,1.634
3863.0,1.634
3864.0,1.634
3865.0,1.634
3866.0,1.634
3867.0,1.634
3868.0,1.634
3869.0,1.634
3870.0,1.634
3871.0,1.634
3872.0,1.634
3873.0,1.634
3874.0,1.634
3875.0,1.634
3876.0,1.634
3877.0,1.634
3878.0,1.634
3879.0,1.634
3880.0,1.634
3881.0,1.634
3882.0,1.634
3883.0,1.634
3884.0,1.634
3885.0,1.634
3886.0,1.634
3887.0,1.634
3888.0,1.634
3889.0,1.634
3890.0,1.634
3891.0,1.634
3892.0,1.634
3893.0,1.634
3894.0,1.634
3895.0,1.634
3896.0,1.634
3897.0,1.634
3898.0,1.634
3899.0,1.634
3900.0,1.634
3901.0,1.634
3902.0,1.634
3903.0,1.634
3904.0,1.634
3905.0,1.634
3906.0,1.634
3907.0,1.634
3908.0,1.634
3909.0,1.634
3910.0,1.634
3911.0,1.634
3912.0,1.634
3913.0,1.634
3914.0,1.634
3915.0,1.634
3916.0,1.634
3917.0,1.634
3918.0,1.634
3919.0,1.634
3920.0,1.634
3921.0,1.634
3922.0,1.634
3923.0,1.634
3924.0,1.634
3925.0,1.634
3926.0,1.634
3927.0,1.634
3928.0,1.634
3929.0,1.634
3930.0,1.634
3931.0,1.634
3932.0,1.634
3933.0,1.634
3934.0,1.634
3935.0,1.634
3936.0,1.634
3937.0,1.634
3938.0,1.634
3939.0,1.634
3940.0,1.634
3941.0,1.634
3942.0,1.634
3943.0,1.634
3944.0,1.634
3945.0,1.634
3946.0,1.634
3947.0,1.634
3948.0,1.634
3949.0,1.634
3950.0,1.634
3951.0,1.634
3952.0,1.634
3953.0,1.634
3954.0,1.634
3955.0,1.634
3956.0,1.634
3957.0,1.591
3958.0,1.634
3959.0,1.634
3960.0,1.634
3961.0,1.634
3962.0,1.634
3963.0,1.634
3964.0,1.634
3965.0,1.634
3966.0,1.591
3967.0,1.634
3968.0,1.634
3969.0,1.634
3970.0,1.634
3971.0,1.634
3972.0,1.634
3973.0,1.634
3974.0,1.634
3975.0,1.634
3976.0,1.634
3977.0,1.634
3978.0,1.634
3979.0,1.634
3980.0,1.634
3981.0,1.634
3982.0,1.634
3983.0,1.634
3984.0,1.634
3985.0,1.634
3986.0,1.634
3987.0,1.634
3988.0,1.634
3989.0,1.634
3990.0,1.634
3991.0,1.634
3992.0,1.634
3993.0,1.634
3994.0,1.634
3995.0,1.634
3996.0,1.634
3997.0,1.634
3998.0,1.634
3999.0,1.634
4000.0,1.634
4001.0,1.634
4002.0,1.634
4003.0,1.634
4004.0,1.634
4005.0,1.634
4006.0,1.634
4007.0,1.634
4008.0,1.634
4009.0,1.634
4010.0,1.634
4011.0,1.634
4012.0,1.634
4013.0,1.634
4014.0,1.634
4015.0,1.634
4016.0,1.634
4017.0,1.634
4018.0,1.634
4019.0,1.634
4020.0,1.634
4021.0,1.634
4022.0,1.634
4023.0,1.634
4024.0,1.634
4025.0,1.634
4026.0,1.634
4027.0,1.634
4028.0,1.634
4029.0,1.634
4030.0,1.634
4031.0,1.634
4032.0,1.634
4033.0,1.591
4034.0,1.634
4035.0,1.634
4036.0,1.634
4037.0,1.591
4038.0,1.634
4039.0,1.634
4040.0,1.591
4041.0,1.634
4042.0,1.634
4043.0,1.634
4044.0,1.634
4045.0,1.591
4046.0,1.634
4047.0,1.591
4048.0,1.634
4049.0,1.591
4050.0,1.591
4051.0,1.634
4052.0,1.591
4053.0,1.634
4054.0,1.634
4055.0,1.634
4056.0,1.634
4057.0,1.634
4058.0,1.634
4059.0,1.634
4060.0,1.634
4061.0,1.634
4062.0,1.634
4063.0,1.634
4064.0,1.634
4065.0,1.634
4066.0,1.634
4067.0,1.634
4068.0,1.634
4069.0,1.634
4070.0,1.634
4071.0,1.591
4072.0,1.634
4073.0,1.591
4074.0,1.591
4075.0,1.591
4076.0,1.591
4077.0,1.591
4078.0,1.591
4079.0,1.634
4080.0,1.634
4081.0,1.591
4082.0,1.591
4083.0,1.634
4084.0,1.634
4085.0,1.591
4086.0,1.634
4087.0,1.591
4088.0,1.634
4089.0,1.634
4090.0,1.634
4091.0,1.634
4092.0,1.634
4093.0,1.634
4094.0,1.634
4095.0,1.634
4096.0,1.591
4097.0,1.634
4098.0,1.634
4099.0,1.634
4100.0,1.634
4101.0,1.634
4102.0,1.634
4103.0,1.591
4104.0,1.591
4105.0,1.591
4106.0,1.591
4107.0,1.591
4108.0,1.634
4109.0,1.591
4110.0,1.634
4111.0,1.634
4112.0,1.634
4113.0,1.591
4114.0,1.634
4115.0,1.634
4116.0,1.591
4117.0,1.591
4118.0,1.591
4119.0,1.591
4120.0,1.591
4121.0,1.634
4122.0,1.634
4123.0,1.634
4124.0,1.591
4125.0,1.591
4126.0,1.634
4127.0,1.591
4128.0,1.634
4129.0,1.634
4130.0,1.634
4131.0,1.591
4132.0,1.591
4133.0,1.634
4134.0,1.591
4135.0,1.591
4136.0,1.591
4137.0,1.591
4138.0,1.591
4139.0,1.591
4140.0,1.634
4141.0,1.591
4142.0,1.591
4143.0,1.591
4144.0,1.591
4145.0,1.591
4146.0,1.591
4147.0,1.591
4148.0,1.591
4149.0,1.591
4150.0,1.591
4151.0,1.591
4152.0,1.591
4153.0,1.591
4154.0,1.591
4155.0,1.591
4156.0,1.591
4157.0,1.591
4158.0,1.591
4159.0,1.591
4160.0,1.634
4161.0,1.634
4162.0,1.634
4163.0,1.591
4164.0,1.634
4165.0,1.591
4166.0,1.634
4167.0,1.634
4168.0,1.591
4169.0,1.591
4170.0,1.591
4171.0,1.591
4172.0,1.591
4173.0,1.591
4174.0,1.634
4175.0,1.634
4176.0,1.591
4177.0,1.591
4178.0,1.591
4179.0,1.591
4180.0,1.591
4181.0,1.591
4182.0,1.591
4183.0,1.591
4184.0,1.591
4185.0,1.591
4186.0,1.591
4187.0,1.591
4188.0,1.591
4189.0,1.591
4190.0,1.591
4191.0,1.591
4192.0,1.591
4193.0,1.591
4194.0,1.634
4195.0,1.591
4196.0,1.591
4197.0,1.591
4198.0,1.591
4199.0,1.591
4200.0,1.591
4201.0,1.591
4202.0,1.591
4203.0,1.591
4204.0,1.591
4205.0,1.634
4206.0,1.634
4207.0,1.591
4208.0,1.591
4209.0,1.591
4210.0,1.591
4211.0,1.591
4212.0,1.591
4213.0,1.591
4214.0,1.591
4215.0,1.634
4216.0,1.591
4217.0,1.591
4218.0,1.591
4219.0,1.591
4220.0,1.591
4221.0,1.591
4222.0,1.591
4223.0,1.591
4224.0,1.591
4225.0,1.591
4226.0,1.591
4227.0,1.591
4228.0,1.591
4229.0,1.591
4230.0,1.591
4231.0,1.591
4232.0,1.591
4233.0,1.591
4234.0,1.591
4235.0,1.591
4236.0,1.591
4237.0,1.591
4238.0,1.591
4239.0,1.591
4240.0,1.591
4241.0,1.591
4242.0,1.591
4243.0,1.634
4244.0,1.634
4245.0,1.591
4246.0,1.591
4247.0,1.591
4248.0,1.634
4249.0,1.591
4250.0,1.591
4251.0,1.591
4252.0,1.591
4253.0,1.591
4254.0,1.591
4255.0,1.591
4256.0,1.5479999999999998
4257.0,1.5479999999999998
4258.0,1.591
4259.0,1.591
4260.0,1.591
4261.0,1.591
4262.0,1.591
4263.0,1.591
4264.0,1.591
4265.0,1.591
4266.0,1.591
4267.0,1.591
4268.0,1.591
4269.0,1.591
4270.0,1.591
4271.0,1.591
4272.0,1.591
4273.0,1.591
4274.0,1.591
4275.0,1.5479999999999998
4276.0,1.591
4277.0,1.591
4278.0,1.5479999999999998
4279.0,1.591
4280.0,1.591
4281.0,1.591
4282.0,1.5479999999999998
4283.0,1.591
4284.0,1.591
4285.0,1.591
4286.0,1.591
4287.0,1.5479999999999998
4288.0,1.591
4289.0,1.591
4290.0,1.591
4291.0,1.591
4292.0,1.5479999999999998
4293.0,1.591
4294.0,1.591
4295.0,1.591
4296.0,1.591
4297.0,1.591
4298.0,1.591
4299.0,1.591
4300.0,1.591
4301.0,1.591
4302.0,1.591
4303.0,1.591
4304.0,1.591
4305.0,1.591
4306.0,1.591
4307.0,1.591
4308.0,1.591
4309.0,1.591
4310.0,1.591
4311.0,1.591
4312.0,1.591
4313.0,1.591
4314.0,1.591
4315.0,1.591
4316.0,1.5479999999999998
4317.0,1.5479999999999998
4318.0,1.591
4319.0,1.591
4320.0,1.591
4321.0,1.591
4322.0,1.5479999999999998
4323.0,1.591
4324.0,1.591
4325.0,1.591
4326.0,1.591
4327.0,1.591
4328.0,1.5479999999999998
4329.0,1.5479999999999998
4330.0,1.5479999999999998
4331.0,1.591
4332.0,1.591
4333.0,1.591
4334.0,1.5479999999999998
4335.0,1.591
4336.0,1.5479999999999998
4337.0,1.5479999999999998
4338.0,1.5479999999999998
4339.0,1.591
4340.0,1.591
4341.0,1.591
4342.0,1.5479999999999998
4343.0,1.5479999999999998
4344.0,1.591
4345.0,1.5479999999999998
4346.0,1.591
4347.0,1.591
4348.0,1.591
4349.0,1.5479999999999998
4350.0,1.591
4351.0,1.5479999999999998
4352.0,1.591
4353.0,1.5479999999999998
4354.0,1.5479999999999998
4355.0,1.5479999999999998
4356.0,1.591
4357.0,1.591
4358.0,1.5479999999999998
4359.0,1.591
4360.0,1.591
4361.0,1.591
4362.0,1.5479999999999998
4363.0,1.591
4364.0,1.591
4365.0,1.591
4366.0,1.5479999999999998
4367.0,1.591
4368.0,1.591
4369.0,1.5479999999999998
4370.0,1.591
4371.0,1.591
4372.0,1.591
4373.0,1.591
4374.0,1.591
4375.0,1.591
4376.0,1.5479999999999998
4377.0,1.591
4378.0,1.5479999999999998
4379.0,1.5479999999999998
4380.0,1.591
4381.0,1.591
4382.0,1.591
4383.0,1.5479999999999998
4384.0,1.591
4385.0,1.591
4386.0,1.5479999999999998
4387.0,1.5479999999999998
4388.0,1.591
4389.0,1.5479999999999998
4390.0,1.591
4391.0,1.591
4392.0,1.591
4393.0,1.591
4394.0,1.591
4395.0,1.5479999999999998
4396.0,1.5479999999999998
4397.0,1.591
4398.0,1.5479999999999998
4399.0,1.591
4400.0,1.5479999999999998
4401.0,1.591
4402.0,1.591
4403.0,1.591
4404.0,1.5479999999999998
4405.0,1.5479999999999998
4406.0,1.5479999999999998
4407.0,1.591
4408.0,1.591
4409.0,1.5479999999999998
4410.0,1.591
4411.0,1.5479999999999998
4412.0,1.591
4413.0,1.5479999999999998
4414.0,1.5479999999999998
4415.0,1.5479999999999998
4416.0,1.5479999999999998
4417.0,1.5479999999999998
4418.0,1.5479999999999998
4419.0,1.5479999999999998
4420.0,1.5479999999999998
4421.0,1.5479999999999998
4422.0,1.5479999999999998
4423.0,1.5479999999999998
4424.0,1.5479999999999998
4425.0,1.591
4426.0,1.5479999999999998
4427.0,1.5479999999999998
4428.0,1.5479999999999998
4429.0,1.5479999999999998
4430.0,1.5479999999999998
4431.0,1.5479999999999998
4432.0,1.591
4433.0,1.5479999999999998
4434.0,1.5479999999999998
4435.0,1.5479999999999998
4436.0,1.591
4437.0,1.5479999999999998
4438.0,1.5479999999999998
4439.0,1.591
4440.0,1.591
4441.0,1.591
4442.0,1.5479999999999998
4443.0,1.591
4444.0,1.591
4445.0,1.5479999999999998
4446.0,1.591
4447.0,1.5479999999999998
4448.0,1.591
4449.0,1.5479999999999998
4450.0,1.591
4451.0,1.5479999999999998
4452.0,1.5479999999999998
4453.0,1.5479999999999998
4454.0,1.591
4455.0,1.5479999999999998
4456.0,1.5479999999999998
4457.0,1.5479999999999998
4458.0,1.5479999999999998
4459.0,1.5479999999999998
4460.0,1.5479999999999998
4461.0,1.591
4462.0,1.5479999999999998
4463.0,1.5479999999999998
4464.0,1.5479999999999998
4465.0,1.591
4466.0,1.5479999999999998
4467.0,1.5479999999999998
4468.0,1.5479999999999998
4469.0,1.591
4470.0,1.5479999999999998
4471.0,1.5479999999999998
4472.0,1.5479999999999998
4473.0,1.5479999999999998
4474.0,1.5479999999999998
4475.0,1.5479999999999998
4476.0,1.591
4477.0,1.5479999999999998
4478.0,1.591
4479.0,1.591
4480.0,1.591
4481.0,1.591
4482.0,1.591
4483.0,1.591
4484.0,1.591
4485.0,1.591
4486.0,1.591
4487.0,1.591
4488.0,1.591
4489.0,1.591
4490.0,1.5479999999999998
4491.0,1.591
4492.0,1.591
4493.0,1.5479999999999998
4494.0,1.591
4495.0,1.5479999999999998
4496.0,1.5479999999999998
4497.0,1.5479999999999998
4498.0,1.5479999999999998
4499.0,1.5479999999999998
4500.0,1.5479999999999998
4501.0,1.5479999999999998
4502.0,1.5479999999999998
4503.0,1.5479999999999998
4504.0,1.5479999999999998
4505.0,1.5479999999999998
4506.0,1.5479999999999998
4507.0,1.5479999999999998
4508.0,1.5479999999999998
4509.0,1.5479999999999998
4510.0,1.5479999999999998
4511.0,1.5479999999999998
4512.0,1.5479999999999998
4513.0,1.5479999999999998
4514.0,1.5479999999999998
4515.0,1.5479999999999998
4516.0,1.5479999999999998
4517.0,1.5479999999999998
4518.0,1.5479999999999998
4519.0,1.591
4520.0,1.5479999999999998
4521.0,1.5479999999999998
4522.0,1.5479999999999998
4523.0,1.5479999999999998
4524.0,1.5479999999999998
4525.0,1.5479999999999998
4526.0,1.5479999999999998
4527.0,1.5479999999999998
4528.0,1.5479999999999998
4529.0,1.5479999999999998
4530.0,1.591
4531.0,1.5479999999999998
4532.0,1.5479999999999998
4533.0,1.5479999999999998
4534.0,1.5479999999999998
4535.0,1.5479999999999998
4536.0,1.5479999999999998
4537.0,1.5479999999999998
4538.0,1.5479999999999998
4539.0,1.5479999999999998
4540.0,1.5479999999999998
4541.0,1.5479999999999998
4542.0,1.591
4543.0,1.5479999999999998
4544.0,1.5479999999999998
4545.0,1.5479999999999998
4546.0,1.5479999999999998
4547.0,1.5479999999999998
4548.0,1.5479999999999998
4549.0,1.5479999999999998
4550.0,1.5479999999999998
4551.0,1.5479999999999998
4552.0,1.5479999999999998
4553.0,1.5479999999999998
4554.0,1.591
4555.0,1.5479999999999998
4556.0,1.5479999999999998
4557.0,1.5479999999999998
4558.0,1.5479999999999998
4559.0,1.5479999999999998
4560.0,1.5479999999999998
4561.0,1.5479999999999998
4562.0,1.591
4563.0,1.5479999999999998
4564.0,1.5479999999999998
4565.0,1.5479999999999998
4566.0,1.5479999999999998
4567.0,1.5479999999999998
4568.0,1.5479999999999998
4569.0,1.5479999999999998
4570.0,1.5479999999999998
4571.0,1.5479999999999998
4572.0,1.5479999999999998
4573.0,1.5479999999999998
4574.0,1.5479999999999998
4575.0,1.5479999999999998
4576.0,1.5479999999999998
4577.0,1.5479999999999998
4578.0,1.5479999999999998
4579.0,1.5479999999999998
4580.0,1.5479999999999998
4581.0,1.5479999999999998
4582.0,1.5479999999999998
4583.0,1.5479999999999998
4584.0,1.5479999999999998
4585.0,1.5479999999999998
4586.0,1.5479999999999998
4587.0,1.5479999999999998
4588.0,1.5479999999999998
4589.0,1.5479999999999998
4590.0,1.5479999999999998
4591.0,1.5479999999999998
4592.0,1.5479999999999998
4593.0,1.5479999999999998
4594.0,1.5479999999999998
4595.0,1.5479999999999998
4596.0,1.5479999999999998
4597.0,1.591
4598.0,1.5479999999999998
4599.0,1.5479999999999998
4600.0,1.5479999999999998
4601.0,1.5479999999999998
4602.0,1.5479999999999998
4603.0,1.5479999999999998
4604.0,1.5479999999999998
4605.0,1.5479999999999998
4606.0,1.5479999999999998
4607.0,1.5479999999999998
4608.0,1.5479999999999998
4609.0,1.5479999999999998
4610.0,1.5479999999999998
4611.0,1.5479999999999998
4612.0,1.5479999999999998
4613.0,1.5479999999999998
4614.0,1.5479999999999998
4615.0,1.5479999999999998
4616.0,1.5479999999999998
4617.0,1.5479999999999998
4618.0,1.5479999999999998
4619.0,1.5479999999999998
4620.0,1.5479999999999998
4621.0,1.5479999999999998
4622.0,1.591
4623.0,1.5479999999999998
4624.0,1.5479999999999998
4625.0,1.5479999999999998
4626.0,1.5479999999999998
4627.0,1.5479999999999998
4628.0,1.5479999999999998
4629.0,1.5479999999999998
4630.0,1.5479999999999998
4631.0,1.5479999999999998
4632.0,1.5479999999999998
4633.0,1.5479999999999998
4634.0,1.5479999999999998
4635.0,1.5479999999999998
4636.0,1.5479999999999998
4637.0,1.5479999999999998
4638.0,1.5479999999999998
4639.0,1.5479999999999998
4640.0,1.5479999999999998
4641.0,1.5479999999999998
4642.0,1.5479999999999998
4643.0,1.5479999999999998
4644.0,1.5479999999999998
4645.0,1.5479999999999998
4646.0,1.5479999999999998
4647.0,1.5479999999999998
4648.0,1.5479999999999998
4649.0,1.5479999999999998
4650.0,1.5479999999999998
4651.0,1.5479999999999998
4652.0,1.5479999999999998
4653.0,1.5479999999999998
4654.0,1.5479999999999998
4655.0,1.591
4656.0,1.5479999999999998
4657.0,1.5479999999999998
4658.0,1.5479999999999998
4659.0,1.5479999999999998
4660.0,1.5479999999999998
4661.0,1.5479999999999998
4662.0,1.5479999999999998
4663.0,1.5479999999999998
4664.0,1.5479999999999998
4665.0,1.5479999999999998
4666.0,1.5479999999999998
4667.0,1.5479999999999998
4668.0,1.5479999999999998
4669.0,1.5479999999999998
4670.0,1.5479999999999998
4671.0,1.5479999999999998
4672.0,1.5479999999999998
4673.0,1.5479999999999998
4674.0,1.5479999999999998
4675.0,1.5479999999999998
4676.0,1.5479999999999998
4677.0,1.5479999999999998
4678.0,1.5479999999999998
4679.0,1.5479999999999998
4680.0,1.5479999999999998
4681.0,1.5479999999999998
4682.0,1.5479999999999998
4683.0,1.5479999999999998
4684.0,1.5479999999999998
4685.0,1.5479999999999998
4686.0,1.5479999999999998
4687.0,1.5479999999999998
4688.0,1.5479999999999998
4689.0,1.5479999999999998
4690.0,1.5479999999999998
4691.0,1.5479999999999998
4692.0,1.5479999999999998
4693.0,1.5479999999999998
4694.0,1.5479999999999998
4695.0,1.5479999999999998
4696.0,1.5479999999999998
4697.0,1.5479999999999998
4698.0,1.5479999999999998
4699.0,1.5479999999999998
4700.0,1.5479999999999998
4701.0,1.5479999999999998
4702.0,1.5479999999999998
4703.0,1.5479999999999998
4704.0,1.5479999999999998
4705.0,1.5479999999999998
4706.0,1.5479999999999998
4707.0,1.5479999999999998
4708.0,1.5479999999999998
4709.0,1.5479999999999998
4710.0,1.5479999999999998
4711.0,1.5479999999999998
4712.0,1.5479999999999998
4713.0,1.591
4714.0,1.5479999999999998
4715.0,1.5479999999999998
4716.0,1.5479999999999998
4717.0,1.5479999999999998
4718.0,1.5479999999999998
4719.0,1.5479999999999998
4720.0,1.5479999999999998
4721.0,1.5479999999999998
4722.0,1.5479999999999998
4723.0,1.5479999999999998
4724.0,1.5479999999999998
4725.0,1.5479999999999998
4726.0,1.5479999999999998
4727.0,1.5479999999999998
4728.0,1.5479999999999998
4729.0,1.5479999999999998
4730.0,1.5479999999999998
4731.0,1.5479999999999998
4732.0,1.5479999999999998
4733.0,1.5479999999999998
4734.0,1.5479999999999998
4735.0,1.5479999999999998
4736.0,1.5479999999999998
4737.0,1.5479999999999998
4738.0,1.5479999999999998
4739.0,1.5479999999999998
4740.0,1.5479999999999998
4741.0,1.5479999999999998
4742.0,1.5479999999999998
4743.0,1.5479999999999998
4744.0,1.5479999999999998
4745.0,1.5479999999999998
4746.0,1.5479999999999998
4747.0,1.5479999999999998
4748.0,1.5479999999999998
4749.0,1.5479999999999998
4750.0,1.5479999999999998
4751.0,1.5479999999999998
4752.0,1.5479999999999998
4753.0,1.5479999999999998
4754.0,1.5479999999999998
4755.0,1.5479999999999998
4756.0,1.5479999999999998
4757.0,1.5479999999999998
4758.0,1.5479999999999998
4759.0,1.5479999999999998
4760.0,1.5479999999999998
4761.0,1.5479999999999998
4762.0,1.5479999999999998
4763.0,1.5479999999999998
4764.0,1.5479999999999998
4765.0,1.5479999999999998
4766.0,1.5479999999999998
4767.0,1.5479999999999998
4768.0,1.5479999999999998
4769.0,1.5479999999999998
4770.0,1.5479999999999998
4771.0,1.5479999999999998
4772.0,1.5479999999999998
4773.0,1.5479999999999998
4774.0,1.5479999999999998
4775.0,1.5479999999999998
4776.0,1.5479999999999998
4777.0,1.5479999999999998
4778.0,1.5479999999999998
4779.0,1.5479999999999998
4780.0,1.5479999999999998
4781.0,1.5479999999999998
4782.0,1.5479999999999998
4783.0,1.5479999999999998
4784.0,1.5479999999999998
4785.0,1.5479999999999998
4786.0,1.5479999999999998
4787.0,1.5479999999999998
4788.0,1.5479999999999998
4789.0,1.5479999999999998
4790.0,1.5479999999999998
4791.0,1.5479999999999998
4792.0,1.5479999999999998
4793.0,1.5479999999999998
4794.0,1.5479999999999998
4795.0,1.5479999999999998
4796.0,1.5479999999999998
4797.0,1.5479999999999998
4798.0,1.5479999999999998
4799.0,1.5479999999999998
4800.0,1.5479999999999998
4801.0,1.5479999999999998
4802.0,1.5479999999999998
4803.0,1.5479999999999998
4804.0,1.5479999999999998
4805.0,1.5479999999999998
4806.0,1.5479999999999998
4807.0,1.5479999999999998
4808.0,1.5479999999999998
4809.0,1.5479999999999998
4810.0,1.5479999999999998
4811.0,1.5479999999999998
4812.0,1.5479999999999998
4813.0,1.5479999999999998
4814.0,1.5479999999999998
4815.0,1.5479999999999998
4816.0,1.5479999999999998
4817.0,1.5479999999999998
4818.0,1.5479999999999998
4819.0,1.5479999999999998
4820.0,1.5479999999999998
4821.0,1.5479999999999998
4822.0,1.5479999999999998
4823.0,1.5479999999999998
4824.0,1.5479999999999998
4825.0,1.5479999999999998
4826.0,1.5479999999999998
4827.0,1.5479999999999998
4828.0,1.5479999999999998
4829.0,1.5479999999999998
4830.0,1.5479999999999998
4831.0,1.5479999999999998
4832.0,1.5479999999999998
4833.0,1.5479999999999998
4834.0,1.5479999999999998
4835.0,1.5479999999999998
4836.0,1.5479999999999998
4837.0,1.5479999999999998
4838.0,1.5479999999999998
4839.0,1.5479999999999998
4840.0,1.5479999999999998
4841.0,1.5479999999999998
4842.0,1.5479999999999998
4843.0,1.5479999999999998
4844.0,1.5479999999999998
4845.0,1.5479999999999998
4846.0,1.5479999999999998
4847.0,1.5479999999999998
4848.0,1.5479999999999998
4849.0,1.5479999999999998
4850.0,1.505
4851.0,1.5479999999999998
4852.0,1.5479999999999998
4853.0,1.5479999999999998
4854.0,1.5479999999999998
4855.0,1.5479999999999998
4856.0,1.5479999999999998
4857.0,1.5479999999999998
4858.0,1.5479999999999998
4859.0,1.5479999999999998
4860.0,1.5479999999999998
4861.0,1.5479999999999998
4862.0,1.5479999999999998
4863.0,1.5479999999999998
4864.0,1.5479999999999998
4865.0,1.5479999999999998
4866.0,1.5479999999999998
4867.0,1.5479999999999998
4868.0,1.5479999999999998
4869.0,1.5479999999999998
4870.0,1.5479999999999998
4871.0,1.5479999999999998
4872.0,1.5479999999999998
4873.0,1.5479999999999998
4874.0,1.5479999999999998
4875.0,1.5479999999999998
4876.0,1.5479999999999998
4877.0,1.5479999999999998
4878.0,1.5479999999999998
4879.0,1.5479999999999998
4880.0,1.5479999999999998
4881.0,1.5479999999999998
4882.0,1.5479999999999998
4883.0,1.5479999999999998
4884.0,1.5479999999999998
4885.0,1.5479999999999998
4886.0,1.5479999999999998
4887.0,1.5479999999999998
4888.0,1.5479999999999998
4889.0,1.5479999999999998
4890.0,1.505
4891.0,1.5479999999999998
4892.0,1.505
4893.0,1.5479999999999998
4894.0,1.5479999999999998
4895.0,1.505
4896.0,1.5479999999999998
4897.0,1.5479999999999998
4898.0,1.5479999999999998
4899.0,1.5479999999999998
4900.0,1.5479999999999998
4901.0,1.5479999999999998
4902.0,1.5479999999999998
4903.0,1.5479999999999998
4904.0,1.5479999999999998
4905.0,1.5479999999999998
4906.0,1.5479999999999998
4907.0,1.5479999999999998
4908.0,1.5479999999999998
4909.0,1.5479999999999998
4910.0,1.5479999999999998
4911.0,1.5479999999999998
4912.0,1.5479999999999998
4913.0,1.5479999999999998
4914.0,1.5479999999999998
4915.0,1.5479999999999998
4916.0,1.5479999999999998
4917.0,1.5479999999999998
4918.0,1.5479999999999998
4919.0,1.5479999999999998
4920.0,1.5479999999999998
4921.0,1.5479999999999998
4922.0,1.5479999999999998
4923.0,1.5479999999999998
4924.0,1.505
4925.0,1.5479999999999998
4926.0,1.505
4927.0,1.505
4928.0,1.505
4929.0,1.505
4930.0,1.5479999999999998
4931.0,1.505
4932.0,1.5479999999999998
4933.0,1.505
4934.0,1.5479999999999998
4935.0,1.5479999999999998
4936.0,1.505
4937.0,1.5479999999999998
4938.0,1.5479999999999998
4939.0,1.5479999999999998
4940.0,1.5479999999999998
4941.0,1.5479999999999998
4942.0,1.505
4943.0,1.5479999999999998
4944.0,1.5479999999999998
4945.0,1.5479999999999998
4946.0,1.5479999999999998
4947.0,1.5479999999999998
4948.0,1.5479999999999998
4949.0,1.5479999999999998
4950.0,1.5479999999999998
4951.0,1.5479999999999998
4952.0,1.5479999999999998
4953.0,1.5479999999999998
4954.0,1.5479999999999998
4955.0,1.5479999999999998
4956.0,1.5479999999999998
4957.0,1.5479999999999998
4958.0,1.5479999999999998
4959.0,1.5479999999999998
4960.0,1.5479999999999998
4961.0,1.5479999999999998
4962.0,1.5479999999999998
4963.0,1.5479999999999998
4964.0,1.5479999999999998
4965.0,1.5479999999999998
4966.0,1.505
4967.0,1.505
4968.0,1.505
4969.0,1.5479999999999998
4970.0,1.505
4971.0,1.5479999999999998
4972.0,1.505
4973.0,1.5479999999999998
4974.0,1.5479999999999998
4975.0,1.5479999999999998
4976.0,1.5479999999999998
4977.0,1.5479999999999998
4978.0,1.5479999999999998
4979.0,1.5479999999999998
4980.0,1.5479999999999998
4981.0,1.5479999999999998
4982.0,1.5479999999999998
4983.0,1.5479999999999998
4984.0,1.5479999999999998
4985.0,1.5479999999999998
4986.0,1.5479999999999998
4987.0,1.5479999999999998
4988.0,1.5479999999999998
4989.0,1.5479999999999998
4990.0,1.5479999999999998
4991.0,1.5479999999999998
4992.0,1.5479999999999998
4993.0,1.5479999999999998
4994.0,1.5479999999999998
4995.0,1.5479999999999998
4996.0,1.5479999999999998
4997.0,1.5479999999999998
4998.0,1.5479999999999998
4999.0,1.505
5000.0,1.5479999999999998
5001.0,1.505
5002.0,1.5479999999999998
5003.0,1.505
5004.0,1.505
5005.0,1.505
5006.0,1.5479999999999998
5007.0,1.5479999999999998
5008.0,1.5479999999999998
5009.0,1.5479999999999998
5010.0,1.5479999999999998
5011.0,1.5479999999999998
5012.0,1.5479999999999998
5013.0,1.5479999999999998
5014.0,1.5479999999999998
5015.0,1.5479999999999998
5016.0,1.5479999999999998
5017.0,1.5479999999999998
5018.0,1.505
5019.0,1.5479999999999998
5020.0,1.505
5021.0,1.5479999999999998
5022.0,1.5479999999999998
5023.0,1.5479999999999998
5024.0,1.5479999999999998
5025.0,1.5479999999999998
5026.0,1.505
5027.0,1.505
5028.0,1.5479999999999998
5029.0,1.505
5030.0,1.505
5031.0,1.5479999999999998
5032.0,1.5479999999999998
5033.0,1.505
5034.0,1.5479999999999998
5035.0,1.5479999999999998
5036.0,1.505
5037.0,1.505
5038.0,1.5479999999999998
5039.0,1.505
5040.0,1.5479999999999998
5041.0,1.505
5042.0,1.5479999999999998
5043.0,1.505
5044.0,1.505
5045.0,1.505
5046.0,1.5479999999999998
5047.0,1.5479999999999998
5048.0,1.5479999999999998
5049.0,1.5479999999999998
5050.0,1.5479999999999998
5051.0,1.5479999999999998
5052.0,1.5479999999999998
5053.0,1.5479999999999998
5054.0,1.5479999999999998
5055.0,1.5479999999999998
5056.0,1.5479999999999998
5057.0,1.5479999999999998
5058.0,1.5479999999999998
5059.0,1.5479999999999998
5060.0,1.505
5061.0,1.5479999999999998
5062.0,1.505
5063.0,1.5479999999999998
5064.0,1.5479999999999998
5065.0,1.5479999999999998
5066.0,1.5479999999999998
5067.0,1.505
5068.0,1.505
5069.0,1.505
5070.0,1.5479999999999998
5071.0,1.5479999999999998
5072.0,1.505
5073.0,1.505
5074.0,1.505
5075.0,1.505
5076.0,1.505
5077.0,1.5479999999999998
5078.0,1.505
5079.0,1.5479999999999998
5080.0,1.505
5081.0,1.505
5082.0,1.5479999999999998
5083.0,1.5479999999999998
5084.0,1.505
5085.0,1.5479999999999998
5086.0,1.505
5087.0,1.5479999999999998
5088.0,1.5479999999999998
5089.0,1.5479999999999998
5090.0,1.5479999999999998
5091.0,1.5479999999999998
5092.0,1.5479999999999998
5093.0,1.5479999999999998
5094.0,1.5479999999999998
5095.0,1.5479999999999998
5096.0,1.505
5097.0,1.5479999999999998
5098.0,1.5479999999999998
5099.0,1.5479999999999998
5100.0,1.5479999999999998
5101.0,1.505
5102.0,1.5479999999999998
5103.0,1.505
5104.0,1.505
5105.0,1.505
5106.0,1.5479999999999998
5107.0,1.505
5108.0,1.505
5109.0,1.505
5110.0,1.505
5111.0,1.505
5112.0,1.505
5113.0,1.505
5114.0,1.505
5115.0,1.505
5116.0,1.505
5117.0,1.505
5118.0,1.5479999999999998
5119.0,1.505
5120.0,1.5479999999999998
5121.0,1.505
5122.0,1.505
5123.0,1.5479999999999998
5124.0,1.5479999999999998
5125.0,1.5479999999999998
5126.0,1.5479999999999998
5127.0,1.505
5128.0,1.5479999999999998
5129.0,1.505
5130.0,1.5479999999999998
5131.0,1.5479999999999998
5132.0,1.505
5133.0,1.5479999999999998
5134.0,1.505
5135.0,1.5479999999999998
5136.0,1.5479999999999998
5137.0,1.5479999999999998
5138.0,1.5479999999999998
5139.0,1.5479999999999998
5140.0,1.505
5141.0,1.505
5142.0,1.5479999999999998
5143.0,1.5479999999999998
5144.0,1.505
5145.0,1.5479999999999998
5146.0,1.5479999999999998
5147.0,1.505
5148.0,1.505
5149.0,1.505
5150.0,1.505
5151.0,1.505
5152.0,1.505
5153.0,1.505
5154.0,1.505
5155.0,1.505
5156.0,1.505
5157.0,1.505
5158.0,1.505
5159.0,1.505
5160.0,1.505
5161.0,1.505
5162.0,1.505
5163.0,1.5479999999999998
5164.0,1.5479999999999998
5165.0,1.505
5166.0,1.5479999999999998
5167.0,1.5479999999999998
5168.0,1.5479999999999998
5169.0,1.5479999999999998
5170.0,1.5479999999999998
5171.0,1.5479999999999998
5172.0,1.505
5173.0,1.5479999999999998
5174.0,1.505
5175.0,1.5479999999999998
5176.0,1.505
5177.0,1.505
5178.0,1.505
5179.0,1.505
5180.0,1.505
5181.0,1.505
5182.0,1.505
5183.0,1.505
5184.0,1.505
5185.0,1.505
5186.0,1.505
5187.0,1.505
5188.0,1.505
5189.0,1.505
5190.0,1.505
5191.0,1.505
5192.0,1.505
5193.0,1.505
5194.0,1.505
5195.0,1.5479999999999998
5196.0,1.505
5197.0,1.505
5198.0,1.505
5199.0,1.505
5200.0,1.505
5201.0,1.5479999999999998
5202.0,1.505
5203.0,1.505
5204.0,1.505
5205.0,1.5479999999999998
5206.0,1.505
5207.0,1.505
5208.0,1.505
5209.0,1.5479999999999998
5210.0,1.505
5211.0,1.505
5212.0,1.505
5213.0,1.505
5214.0,1.505
5215.0,1.505
5216.0,1.505
5217.0,1.505
5218.0,1.505
5219.0,1.505
5220.0,1.505
5221.0,1.505
5222.0,1.505
5223.0,1.505
5224.0,1.505
5225.0,1.505
5226.0,1.505
5227.0,1.505
5228.0,1.505
5229.0,1.505
5230.0,1.505
5231.0,1.505
5232.0,1.505
5233.0,1.505
5234.0,1.505
5235.0,1.505
5236.0,1.505
5237.0,1.505
5238.0,1.505
5239.0,1.505
5240.0,1.505
5241.0,1.505
5242.0,1.505
5243.0,1.505
5244.0,1.505
5245.0,1.505
5246.0,1.505
5247.0,1.5479999999999998
5248.0,1.505
5249.0,1.505
5250.0,1.505
5251.0,1.505
5252.0,1.505
5253.0,1.505
5254.0,1.505
5255.0,1.505
5256.0,1.505
5257.0,1.505
5258.0,1.505
5259.0,1.505
5260.0,1.505
5261.0,1.505
5262.0,1.505
5263.0,1.505
5264.0,1.505
5265.0,1.505
5266.0,1.505
5267.0,1.505
5268.0,1.505
5269.0,1.505
5270.0,1.505
5271.0,1.505
5272.0,1.5479999999999998
5273.0,1.505
5274.0,1.5479999999999998
5275.0,1.462
5276.0,1.5479999999999998
5277.0,1.505
5278.0,1.5479999999999998
5279.0,1.505
5280.0,1.505
5281.0,1.505
5282.0,1.505
5283.0,1.505
5284.0,1.505
5285.0,1.505
5286.0,1.505
5287.0,1.505
5288.0,1.505
5289.0,1.505
5290.0,1.505
5291.0,1.505
5292.0,1.505
5293.0,1.505
5294.0,1.505
5295.0,1.505
5296.0,1.505
5297.0,1.505
5298.0,1.505
5299.0,1.505
5300.0,1.505
5301.0,1.505
5302.0,1.505
5303.0,1.505
5304.0,1.505
5305.0,1.505
5306.0,1.505
5307.0,1.505
5308.0,1.505
5309.0,1.505
5310.0,1.505
5311.0,1.505
5312.0,1.505
5313.0,1.5479999999999998
5314.0,1.505
5315.0,1.505
5316.0,1.5479999999999998
5317.0,1.505
5318.0,1.505
5319.0,1.5479999999999998
5320.0,1.505
5321.0,1.505
5322.0,1.505
5323.0,1.505
5324.0,1.505
5325.0,1.505
5326.0,1.505
5327.0,1.505
5328.0,1.505
5329.0,1.505
5330.0,1.505
5331.0,1.505
5332.0,1.505
5333.0,1.505
5334.0,1.505
5335.0,1.505
5336.0,1.505
5337.0,1.505
5338.0,1.505
5339.0,1.505
5340.0,1.505
5341.0,1.505
5342.0,1.505
5343.0,1.505
5344.0,1.505
5345.0,1.505
5346.0,1.505
5347.0,1.505
5348.0,1.505
5349.0,1.505
5350.0,1.505
5351.0,1.505
5352.0,1.505
5353.0,1.5479999999999998
5354.0,1.505
5355.0,1.505
5356.0,1.505
5357.0,1.505
5358.0,1.505
5359.0,1.505
5360.0,1.505
5361.0,1.505
5362.0,1.505
5363.0,1.505
5364.0,1.505
5365.0,1.505
5366.0,1.505
5367.0,1.505
5368.0,1.505
5369.0,1.505
5370.0,1.505
5371.0,1.505
5372.0,1.505
5373.0,1.505
5374.0,1.505
5375.0,1.505
5376.0,1.505
5377.0,1.505
5378.0,1.505
5379.0,1.505
5380.0,1.505
5381.0,1.505
5382.0,1.505
5383.0,1.505
5384.0,1.505
5385.0,1.505
5386.0,1.505
5387.0,1.505
5388.0,1.505
5389.0,1.505
5390.0,1.505
5391.0,1.505
5392.0,1.505
5393.0,1.505
5394.0,1.505
5395.0,1.505
5396.0,1.505
5397.0,1.505
5398.0,1.505
5399.0,1.505
5400.0,1.505
5401.0,1.505
5402.0,1.505
5403.0,1.505
5404.0,1.505
5405.0,1.505
5406.0,1.505
5407.0,1.505
5408.0,1.505
5409.0,1.505
5410.0,1.505
5411.0,1.505
5412.0,1.505
5413.0,1.505
5414.0,1.505
5415.0,1.505
5416.0,1.505
5417.0,1.505
5418.0,1.505
5419.0,1.505
5420.0,1.505
5421.0,1.505
5422.0,1.505
5423.0,1.505
5424.0,1.505
5425.0,1.505
5426.0,1.505
5427.0,1.505
5428.0,1.505
5429.0,1.505
5430.0,1.505
5431.0,1.505
5432.0,1.505
5433.0,1.505
5434.0,1.505
5435.0,1.505
5436.0,1.505
5437.0,1.505
5438.0,1.505
5439.0,1.505
5440.0,1.505
5441.0,1.505
5442.0,1.505
5443.0,1.505
5444.0,1.505
5445.0,1.505
5446.0,1.505
5447.0,1.505
5448.0,1.505
5449.0,1.505
5450.0,1.505
5451.0,1.505
5452.0,1.505
5453.0,1.505
5454.0,1.505
5455.0,1.505
5456.0,1.462
5457.0,1.505
5458.0,1.505
5459.0,1.505
5460.0,1.505
5461.0,1.505
5462.0,1.505
5463.0,1.505
5464.0,1.505
5465.0,1.505
5466.0,1.505
5467.0,1.505
5468.0,1.462
5469.0,1.505
5470.0,1.505
5471.0,1.505
5472.0,1.505
5473.0,1.505
5474.0,1.505
5475.0,1.505
5476.0,1.505
5477.0,1.505
5478.0,1.505
5479.0,1.505
5480.0,1.505
5481.0,1.505
5482.0,1.462
5483.0,1.505
5484.0,1.505
5485.0,1.505
5486.0,1.505
5487.0,1.505
5488.0,1.505
5489.0,1.505
5490.0,1.462
5491.0,1.505
5492.0,1.505
5493.0,1.462
5494.0,1.505
5495.0,1.505
5496.0,1.462
5497.0,1.462
5498.0,1.505
5499.0,1.462
5500.0,1.462
5501.0,1.505
5502.0,1.505
5503.0,1.505
5504.0,1.505
5505.0,1.505
5506.0,1.462
5507.0,1.505
5508.0,1.505
5509.0,1.505
5510.0,1.505
5511.0,1.505
5512.0,1.505
5513.0,1.505
5514.0,1.505
5515.0,1.505
5516.0,1.505
5517.0,1.505
5518.0,1.505
5519.0,1.505
5520.0,1.505
5521.0,1.462
5522.0,1.505
5523.0,1.505
5524.0,1.505
5525.0,1.505
5526.0,1.462
5527.0,1.505
5528.0,1.462
5529.0,1.505
5530.0,1.462
5531.0,1.505
5532.0,1.462
5533.0,1.505
5534.0,1.462
5535.0,1.505
5536.0,1.505
5537.0,1.462
5538.0,1.505
5539.0,1.462
5540.0,1.462
5541.0,1.505
5542.0,1.462
5543.0,1.462
5544.0,1.505
5545.0,1.505
5546.0,1.462
5547.0,1.462
5548.0,1.462
5549.0,1.505
5550.0,1.462
5551.0,1.505
5552.0,1.505
5553.0,1.505
5554.0,1.505
5555.0,1.505
5556.0,1.505
5557.0,1.505
5558.0,1.505
5559.0,1.505
5560.0,1.505
5561.0,1.505
5562.0,1.462
5563.0,1.505
5564.0,1.505
5565.0,1.505
5566.0,1.462
5567.0,1.505
5568.0,1.462
5569.0,1.462
5570.0,1.462
5571.0,1.462
5572.0,1.462
5573.0,1.462
5574.0,1.462
5575.0,1.462
5576.0,1.462
5577.0,1.462
5578.0,1.462
5579.0,1.462
5580.0,1.462
5581.0,1.462
5582.0,1.462
5583.0,1.462
5584.0,1.462
5585.0,1.462
5586.0,1.462
5587.0,1.505
5588.0,1.505
5589.0,1.462
5590.0,1.462
5591.0,1.462
5592.0,1.462
5593.0,1.462
5594.0,1.462
5595.0,1.505
5596.0,1.462
5597.0,1.462
5598.0,1.505
5599.0,1.505
5600.0,1.462
5601.0,1.462
5602.0,1.462
5603.0,1.462
5604.0,1.462
5605.0,1.462
5606.0,1.462
5607.0,1.462
5608.0,1.462
5609.0,1.462
5610.0,1.462
5611.0,1.462
5612.0,1.462
5613.0,1.462
5614.0,1.462
5615.0,1.462
5616.0,1.462
5617.0,1.462
5618.0,1.462
5619.0,1.462
5620.0,1.462
5621.0,1.462
5622.0,1.462
5623.0,1.462
5624.0,1.462
5625.0,1.505
5626.0,1.462
5627.0,1.462
5628.0,1.462
5629.0,1.505
5630.0,1.462
5631.0,1.462
5632.0,1.462
5633.0,1.462
5634.0,1.462
5635.0,1.462
5636.0,1.462
5637.0,1.462
5638.0,1.462
5639.0,1.462
5640.0,1.462
5641.0,1.462
5642.0,1.462
5643.0,1.462
5644.0,1.462
5645.0,1.462
5646.0,1.462
5647.0,1.462
5648.0,1.462
5649.0,1.462
5650.0,1.462
5651.0,1.462
5652.0,1.462
5653.0,1.462
5654.0,1.462
5655.0,1.462
5656.0,1.462
5657.0,1.462
5658.0,1.462
5659.0,1.462
5660.0,1.462
5661.0,1.462
5662.0,1.4189999999999998
5663.0,1.462
5664.0,1.462
5665.0,1.4189999999999998
5666.0,1.4189999999999998
5667.0,1.4189999999999998
5668.0,1.4189999999999998
5669.0,1.462
5670.0,1.462
5671.0,1.462
5672.0,1.462
5673.0,1.462
5674.0,1.462
5675.0,1.462
5676.0,1.462
5677.0,1.462
5678.0,1.462
5679.0,1.462
5680.0,1.462
5681.0,1.462
5682.0,1.462
5683.0,1.462
5684.0,1.462
5685.0,1.462
5686.0,1.4189999999999998
5687.0,1.462
5688.0,1.462
5689.0,1.462
5690.0,1.4189999999999998
5691.0,1.462
5692.0,1.4189999999999998
5693.0,1.4189999999999998
5694.0,1.4189999999999998
5695.0,1.462
5696.0,1.4189999999999998
5697.0,1.462
5698.0,1.4189999999999998
5699.0,1.462
5700.0,1.4189999999999998
5701.0,1.4189999999999998
5702.0,1.4189999999999998
5703.0,1.4189999999999998
5704.0,1.4189999999999998
5705.0,1.4189999999999998
5706.0,1.4189999999999998
5707.0,1.462
5708.0,1.4189999999999998
5709.0,1.462
5710.0,1.4189999999999998
5711.0,1.462
5712.0,1.4189999999999998
5713.0,1.4189999999999998
5714.0,1.4189999999999998
5715.0,1.462
5716.0,1.4189999999999998
5717.0,1.462
5718.0,1.4189999999999998
5719.0,1.4189999999999998
5720.0,1.4189999999999998
5721.0,1.4189999999999998
5722.0,1.376
5723.0,1.4189999999999998
5724.0,1.4189999999999998
5725.0,1.4189999999999998
5726.0,1.4189999999999998
5727.0,1.4189999999999998
5728.0,1.4189999999999998
5729.0,1.4189999999999998
5730.0,1.4189999999999998
5731.0,1.4189999999999998
5732.0,1.4189999999999998
5733.0,1.4189999999999998
5734.0,1.4189999999999998
5735.0,1.4189999999999998
5736.0,1.4189999999999998
5737.0,1.4189999999999998
5738.0,1.4189999999999998
5739.0,1.4189999999999998
5740.0,1.4189999999999998
5741.0,1.4189999999999998
5742.0,1.4189999999999998
5743.0,1.4189999999999998
5744.0,1.4189999999999998
5745.0,1.4189999999999998
5746.0,1.4189999999999998
5747.0,1.4189999999999998
5748.0,1.4189999999999998
5749.0,1.4189999999999998
5750.0,1.4189999999999998
5751.0,1.376
5752.0,1.376
5753.0,1.376
5754.0,1.376
5755.0,1.376
5756.0,1.376
5757.0,1.4189999999999998
5758.0,1.376
5759.0,1.376
5760.0,1.376
5761.0,1.4189999999999998
5762.0,1.376
5763.0,1.4189999999999998
5764.0,1.4189999999999998
5765.0,1.4189999999999998
5766.0,1.4189999999999998
5767.0,1.4189999999999998
5768.0,1.4189999999999998
5769.0,1.4189999999999998
5770.0,1.4189999999999998
5771.0,1.4189999999999998
5772.0,1.4189999999999998
5773.0,1.4189999999999998
5774.0,1.4189999999999998
5775.0,1.4189999999999998
5776.0,1.4189999999999998
5777.0,1.4189999999999998
5778.0,1.4189999999999998
5779.0,1.4189999999999998
5780.0,1.4189999999999998
5781.0,1.4189999999999998
5782.0,1.4189999999999998
5783.0,1.4189999999999998
5784.0,1.376
5785.0,1.376
5786.0,1.376
5787.0,1.376
5788.0,1.376
5789.0,1.376
5790.0,1.376
5791.0,1.376
5792.0,1.376
5793.0,1.4189999999999998
5794.0,1.376
5795.0,1.376
5796.0,1.376
5797.0,1.4189999999999998
5798.0,1.4189999999999998
5799.0,1.376
5800.0,1.376
5801.0,1.376
5802.0,1.376
5803.0,1.376
5804.0,1.376
5805.0,1.376
5806.0,1.4189999999999998
5807.0,1.4189999999999998
5808.0,1.4189999999999998
5809.0,1.376
5810.0,1.4189999999999998
5811.0,1.376
5812.0,1.4189999999999998
5813.0,1.4189999999999998
5814.0,1.376
5815.0,1.4189999999999998
5816.0,1.4189999999999998
5817.0,1.4189999999999998
5818.0,1.376
5819.0,1.376
5820.0,1.376
5821.0,1.376
5822.0,1.4189999999999998
5823.0,1.376
5824.0,1.376
5825.0,1.376
5826.0,1.376
5827.0,1.376
5828.0,1.376
5829.0,1.376
5830.0,1.4189999999999998
5831.0,1.376
5832.0,1.376
5833.0,1.376
5834.0,1.376
5835.0,1.376
5836.0,1.376
5837.0,1.376
5838.0,1.376
5839.0,1.376
5840.0,1.376
5841.0,1.376
5842.0,1.376
5843.0,1.376
5844.0,1.376
5845.0,1.376
5846.0,1.376
5847.0,1.376
5848.0,1.376
5849.0,1.376
5850.0,1.376
5851.0,1.376
5852.0,1.376
5853.0,1.376
5854.0,1.376
5855.0,1.376
5856.0,1.376
5857.0,1.376
5858.0,1.376
5859.0,1.376
5860.0,1.376
5861.0,1.376
5862.0,1.376
5863.0,1.376
5864.0,1.376
5865.0,1.376
5866.0,1.376
5867.0,1.376
5868.0,1.376
5869.0,1.376
5870.0,1.376
5871.0,1.376
5872.0,1.376
5873.0,1.376
5874.0,1.376
5875.0,1.376
5876.0,1.376
5877.0,1.376
5878.0,1.333
5879.0,1.376
5880.0,1.376
5881.0,1.376
5882.0,1.376
5883.0,1.376
5884.0,1.376
5885.0,1.376
5886.0,1.376
5887.0,1.376
5888.0,1.376
5889.0,1.376
5890.0,1.376
5891.0,1.333
5892.0,1.376
5893.0,1.376
5894.0,1.376
5895.0,1.333
5896.0,1.376
5897.0,1.376
5898.0,1.376
5899.0,1.376
5900.0,1.376
5901.0,1.376
5902.0,1.333
5903.0,1.376
5904.0,1.376
5905.0,1.333
5906.0,1.376
5907.0,1.376
5908.0,1.376
5909.0,1.376
5910.0,1.376
5911.0,1.376
5912.0,1.333
5913.0,1.333
5914.0,1.333
5915.0,1.333
5916.0,1.333
5917.0,1.333
5918.0,1.333
5919.0,1.376
5920.0,1.333
5921.0,1.333
5922.0,1.333
5923.0,1.333
5924.0,1.333
5925.0,1.333
5926.0,1.333
5927.0,1.333
5928.0,1.333
5929.0,1.333
5930.0,1.333
5931.0,1.333
5932.0,1.333
5933.0,1.376
5934.0,1.333
5935.0,1.333
5936.0,1.333
5937.0,1.333
5938.0,1.333
5939.0,1.376
5940.0,1.333
5941.0,1.333
5942.0,1.333
5943.0,1.333
5944.0,1.333
5945.0,1.333
5946.0,1.333
5947.0,1.333
5948.0,1.333
5949.0,1.2899999999999998
5950.0,1.333
5951.0,1.333
5952.0,1.333
5953.0,1.333
5954.0,1.333
5955.0,1.333
5956.0,1.333
5957.0,1.333
5958.0,1.333
5959.0,1.333
5960.0,1.333
5961.0,1.333
5962.0,1.333
5963.0,1.333
5964.0,1.333
5965.0,1.333
5966.0,1.333
5967.0,1.333
5968.0,1.333
5969.0,1.333
5970.0,1.333
5971.0,1.333
5972.0,1.333
5973.0,1.333
5974.0,1.333
5975.0,1.333
5976.0,1.2899999999999998
5977.0,1.2899999999999998
5978.0,1.333
5979.0,1.2899999999999998
5980.0,1.2899999999999998
5981.0,1.2899999999999998
5982.0,1.333
5983.0,1.2899999999999998
5984.0,1.333
5985.0,1.2899999999999998
5986.0,1.333
5987.0,1.2899999999999998
5988.0,1.333
5989.0,1.2899999999999998
5990.0,1.333
5991.0,1.333
5992.0,1.333
5993.0,1.333
5994.0,1.2899999999999998
5995.0,1.333
5996.0,1.333
5997.0,1.2899999999999998
5998.0,1.333
5999.0,1.333
6000.0,1.333
6001.0,1.333
6002.0,1.333
6003.0,1.333
6004.0,1.2899999999999998
6005.0,1.2899999999999998
6006.0,1.333
6007.0,1.2899999999999998
6008.0,1.333
6009.0,1.2899999999999998
6010.0,1.2899999999999998
6011.0,1.2899999999999998
6012.0,1.2899999999999998
6013.0,1.2899999999999998
6014.0,1.2899999999999998
6015.0,1.2899999999999998
6016.0,1.2899999999999998
6017.0,1.2899999999999998
6018.0,1.2899999999999998
6019.0,1.2899999999999998
6020.0,1.2899999999999998
6021.0,1.2899999999999998
6022.0,1.2899999999999998
6023.0,1.2899999999999998
6024.0,1.2899999999999998
6025.0,1.2899999999999998
6026.0,1.2899999999999998
6027.0,1.333
6028.0,1.2899999999999998
6029.0,1.2899999999999998
6030.0,1.333
6031.0,1.333
6032.0,1.2899999999999998
6033.0,1.2899999999999998
6034.0,1.2899999999999998
6035.0,1.333
6036.0,1.2899999999999998
6037.0,1.333
6038.0,1.2899999999999998
6039.0,1.333
6040.0,1.2899999999999998
6041.0,1.333
6042.0,1.333
6043.0,1.2899999999999998
6044.0,1.2899999999999998
6045.0,1.2899999999999998
6046.0,1.333
6047.0,1.2899999999999998
6048.0,1.2899999999999998
6049.0,1.2899999999999998
6050.0,1.2899999999999998
6051.0,1.2899999999999998
6052.0,1.2899999999999998
6053.0,1.2899999999999998
6054.0,1.333
6055.0,1.2899999999999998
6056.0,1.2899999999999998
6057.0,1.2899999999999998
6058.0,1.2899999999999998
6059.0,1.2899999999999998
6060.0,1.2899999999999998
6061.0,1.2899999999999998
6062.0,1.2899999999999998
6063.0,1.2899999999999998
6064.0,1.2899999999999998
6065.0,1.2899999999999998
6066.0,1.2899999999999998
6067.0,1.2899999999999998
6068.0,1.2899999999999998
6069.0,1.2899999999999998
6070.0,1.2899999999999998
6071.0,1.2899999999999998
6072.0,1.2899999999999998
6073.0,1.333
6074.0,1.2899999999999998
6075.0,1.2899999999999998
6076.0,1.2899999999999998
6077.0,1.2899999999999998
6078.0,1.2899999999999998
6079.0,1.2899999999999998
6080.0,1.2899999999999998
6081.0,1.2899999999999998
6082.0,1.2899999999999998
6083.0,1.2899999999999998
6084.0,1.2899999999999998
6085.0,1.2899999999999998
6086.0,1.2899999999999998
6087.0,1.2899999999999998
6088.0,1.2899999999999998
6089.0,1.2899999999999998
6090.0,1.2899999999999998
6091.0,1.2899999999999998
6092.0,1.2899999999999998
6093.0,1.2899999999999998
6094.0,1.2899999999999998
6095.0,1.2899999999999998
6096.0,1.2899999999999998
6097.0,1.2899999999999998
6098.0,1.2899999999999998
6099.0,1.2899999999999998
6100.0,1.2899999999999998
6101.0,1.2899999999999998
6102.0,1.2899999999999998
6103.0,1.2899999999999998
6104.0,1.2899999999999998
6105.0,1.2899999999999998
6106.0,1.2899999999999998
6107.0,1.2899999999999998
6108.0,1.2899999999999998
6109.0,1.2899999999999998
6110.0,1.2899999999999998
6111.0,1.2899999999999998
6112.0,1.2899999999999998
6113.0,1.2899999999999998
6114.0,1.2899999999999998
6115.0,1.2899999999999998
6116.0,1.2899999999999998
6117.0,1.2899999999999998
6118.0,1.2899999999999998
6119.0,1.2899999999999998
6120.0,1.2899999999999998
6121.0,1.2899999999999998
6122.0,1.2899999999999998
6123.0,1.2899999999999998
6124.0,1.2899999999999998
6125.0,1.2899999999999998
6126.0,1.2899999999999998
6127.0,1.2899999999999998
6128.0,1.2899999999999998
6129.0,1.2899999999999998
6130.0,1.2899999999999998
6131.0,1.2899999999999998
6132.0,1.2899999999999998
6133.0,1.2899999999999998
6134.0,1.2899999999999998
6135.0,1.2899999999999998
6136.0,1.2899999999999998
6137.0,1.2899999999999998
6138.0,1.2899999999999998
6139.0,1.2899999999999998
6140.0,1.2899999999999998
6141.0,1.2899999999999998
6142.0,1.2899999999999998
6143.0,1.2899999999999998
6144.0,1.2469999999999999
6145.0,1.2899999999999998
6146.0,1.2469999999999999
6147.0,1.2899999999999998
6148.0,1.2899999999999998
6149.0,1.2899999999999998
6150.0,1.2899999999999998
6151.0,1.2899999999999998
6152.0,1.2899999999999998
6153.0,1.2899999999999998
6154.0,1.2899999999999998
6155.0,1.2899999999999998
6156.0,1.2899999999999998
6157.0,1.2899999999999998
6158.0,1.2899999999999998
6159.0,1.2899999999999998
6160.0,1.2899999999999998
6161.0,1.2899999999999998
6162.0,1.2899999999999998
6163.0,1.2899999999999998
6164.0,1.2899999999999998
6165.0,1.2899999999999998
6166.0,1.2899999999999998
6167.0,1.2899999999999998
6168.0,1.2469999999999999
6169.0,1.2899999999999998
6170.0,1.2469999999999999
6171.0,1.2899999999999998
6172.0,1.2469999999999999
6173.0,1.2899999999999998
6174.0,1.2469999999999999
6175.0,1.2899999999999998
6176.0,1.2899999999999998
6177.0,1.2899999999999998
6178.0,1.2899999999999998
6179.0,1.2899999999999998
6180.0,1.2899999999999998
6181.0,1.2469999999999999
6182.0,1.2469999999999999
6183.0,1.2899999999999998
6184.0,1.2469999999999999
6185.0,1.2469999999999999
6186.0,1.2899999999999998
6187.0,1.2469999999999999
6188.0,1.2469999999999999
6189.0,1.2899999999999998
6190.0,1.2899999999999998
6191.0,1.2899999999999998
6192.0,1.2469999999999999
6193.0,1.2469999999999999
6194.0,1.2469999999999999
6195.0,1.2899999999999998
6196.0,1.2469999999999999
6197.0,1.2899999999999998
6198.0,1.2469999999999999
6199.0,1.2899999999999998
6200.0,1.2899999999999998
6201.0,1.2469999999999999
6202.0,1.2469999999999999
6203.0,1.2899999999999998
6204.0,1.2899999999999998
6205.0,1.2899999999999998
6206.0,1.2469999999999999
6207.0,1.2469999999999999
6208.0,1.2899999999999998
6209.0,1.2469999999999999
6210.0,1.2469999999999999
6211.0,1.2469999999999999
6212.0,1.2469999999999999
6213.0,1.2469999999999999
6214.0,1.2899999999999998
6215.0,1.2469999999999999
6216.0,1.2469999999999999
6217.0,1.2469999999999999
6218.0,1.2469999999999999
6219.0,1.2469999999999999
6220.0,1.2469999999999999
6221.0,1.2469999999999999
6222.0,1.2469999999999999
6223.0,1.2469999999999999
6224.0,1.2469999999999999
6225.0,1.2469999999999999
6226.0,1.2469999999999999
6227.0,1.2469999999999999
6228.0,1.2469999999999999
6229.0,1.2469999999999999
6230.0,1.2469999999999999
6231.0,1.2899999999999998
6232.0,1.204
6233.0,1.2469999999999999
6234.0,1.2469999999999999
6235.0,1.2469999999999999
6236.0,1.2469999999999999
6237.0,1.2469999999999999
6238.0,1.2469999999999999
6239.0,1.2899999999999998
6240.0,1.2469999999999999
6241.0,1.2469999999999999
6242.0,1.2469999999999999
6243.0,1.2469999999999999
6244.0,1.2469999999999999
6245.0,1.2469999999999999
6246.0,1.2469999999999999
6247.0,1.2469999999999999
6248.0,1.2469999999999999
6249.0,1.2469999999999999
6250.0,1.2469999999999999
6251.0,1.2469999999999999
6252.0,1.2469999999999999
6253.0,1.2469999999999999
6254.0,1.2469999999999999
6255.0,1.2469999999999999
6256.0,1.2469999999999999
6257.0,1.2469999999999999
6258.0,1.2469999999999999
6259.0,1.2469999999999999
6260.0,1.2469999999999999
6261.0,1.2469999999999999
6262.0,1.2469999999999999
6263.0,1.2469999999999999
6264.0,1.2469999999999999
6265.0,1.2469999999999999
6266.0,1.2469999999999999
6267.0,1.2469999999999999
6268.0,1.2469999999999999
6269.0,1.2469999999999999
6270.0,1.2469999999999999
6271.0,1.2469999999999999
6272.0,1.2469999999999999
6273.0,1.2469999999999999
6274.0,1.2469999999999999
6275.0,1.204
6276.0,1.2469999999999999
6277.0,1.2469999999999999
6278.0,1.2469999999999999
6279.0,1.2469999999999999
6280.0,1.204
6281.0,1.2469999999999999
6282.0,1.2469999999999999
6283.0,1.2469999999999999
6284.0,1.2469999999999999
6285.0,1.2469999999999999
6286.0,1.2469999999999999
6287.0,1.2469999999999999
6288.0,1.2469999999999999
6289.0,1.2469999999999999
6290.0,1.2469999999999999
6291.0,1.2469999999999999
6292.0,1.2469999999999999
6293.0,1.2469999999999999
6294.0,1.2469999999999999
6295.0,1.2469999999999999
6296.0,1.2469999999999999
6297.0,1.2469999999999999
6298.0,1.2469999999999999
6299.0,1.2469999999999999
6300.0,1.204
6301.0,1.2469999999999999
6302.0,1.204
6303.0,1.2469999999999999
6304.0,1.204
6305.0,1.2469999999999999
6306.0,1.2469999999999999
6307.0,1.2469999999999999
6308.0,1.2469999999999999
6309.0,1.2469999999999999
6310.0,1.204
6311.0,1.204
6312.0,1.204
6313.0,1.2469999999999999
6314.0,1.204
6315.0,1.2469999999999999
6316.0,1.2469999999999999
6317.0,1.2469999999999999
6318.0,1.204
6319.0,1.2469999999999999
6320.0,1.204
6321.0,1.2469999999999999
6322.0,1.2469999999999999
6323.0,1.2469999999999999
6324.0,1.2469999999999999
6325.0,1.204
6326.0,1.204
6327.0,1.2469999999999999
6328.0,1.204
6329.0,1.2469999999999999
6330.0,1.204
6331.0,1.204
6332.0,1.2469999999999999
6333.0,1.204
6334.0,1.2469999999999999
6335.0,1.2469999999999999
6336.0,1.204
6337.0,1.204
6338.0,1.2469999999999999
6339.0,1.204
6340.0,1.204
6341.0,1.204
6342.0,1.204
6343.0,1.204
6344.0,1.2469999999999999
6345.0,1.204
6346.0,1.204
6347.0,1.204
6348.0,1.204
6349.0,1.2469999999999999
6350.0,1.2469999999999999
6351.0,1.204
6352.0,1.204
6353.0,1.204
6354.0,1.204
6355.0,1.204
6356.0,1.204
6357.0,1.204
6358.0,1.204
6359.0,1.2469999999999999
6360.0,1.204
6361.0,1.204
6362.0,1.204
6363.0,1.204
6364.0,1.204
6365.0,1.2469999999999999
6366.0,1.2469999999999999
6367.0,1.204
6368.0,1.2469999999999999
6369.0,1.204
6370.0,1.2469999999999999
6371.0,1.204
6372.0,1.204
6373.0,1.2469999999999999
6374.0,1.204
6375.0,1.204
6376.0,1.204
6377.0,1.204
6378.0,1.204
6379.0,1.204
6380.0,1.204
6381.0,1.204
6382.0,1.204
6383.0,1.204
6384.0,1.204
6385.0,1.204
6386.0,1.204
6387.0,1.204
6388.0,1.204
6389.0,1.204
6390.0,1.204
6391.0,1.204
6392.0,1.204
6393.0,1.204
6394.0,1.204
6395.0,1.204
6396.0,1.204
6397.0,1.204
6398.0,1.204
6399.0,1.204
6400.0,1.204
6401.0,1.204
6402.0,1.204
6403.0,1.204
6404.0,1.204
6405.0,1.204
6406.0,1.204
6407.0,1.204
6408.0,1.204
6409.0,1.204
6410.0,1.1609999999999998
6411.0,1.204
6412.0,1.204
6413.0,1.204
6414.0,1.1609999999999998
6415.0,1.204
6416.0,1.204
6417.0,1.204
6418.0,1.204
6419.0,1.204
6420.0,1.204
6421.0,1.204
6422.0,1.204
6423.0,1.204
6424.0,1.204
6425.0,1.204
6426.0,1.204
6427.0,1.204
6428.0,1.204
6429.0,1.204
6430.0,1.204
6431.0,1.204
6432.0,1.1609999999999998
6433.0,1.204
6434.0,1.204
6435.0,1.204
6436.0,1.1609999999999998
6437.0,1.204
6438.0,1.204
6439.0,1.204
6440.0,1.204
6441.0,1.204
6442.0,1.1609999999999998
6443.0,1.1609999999999998
6444.0,1.1609999999999998
6445.0,1.204
6446.0,1.204
6447.0,1.1609999999999998
6448.0,1.1609999999999998
6449.0,1.204
6450.0,1.1609999999999998
6451.0,1.204
6452.0,1.204
6453.0,1.204
6454.0,1.1609999999999998
6455.0,1.204
6456.0,1.1609999999999998
6457.0,1.204
6458.0,1.204
6459.0,1.204
6460.0,1.1609999999999998
6461.0,1.204
6462.0,1.1609999999999998
6463.0,1.204
6464.0,1.1609999999999998
6465.0,1.204
6466.0,1.1609999999999998
6467.0,1.1609999999999998
6468.0,1.1609999999999998
6469.0,1.204
6470.0,1.1609999999999998
6471.0,1.1609999999999998
6472.0,1.1609999999999998
6473.0,1.1609999999999998
6474.0,1.204
6475.0,1.1609999999999998
6476.0,1.1609999999999998
6477.0,1.1609999999999998
6478.0,1.1609999999999998
6479.0,1.204
6480.0,1.1609999999999998
6481.0,1.204
6482.0,1.1609999999999998
6483.0,1.204
6484.0,1.1609999999999998
6485.0,1.204
6486.0,1.1609999999999998
6487.0,1.1609999999999998
6488.0,1.1609999999999998
6489.0,1.204
6490.0,1.1609999999999998
6491.0,1.1609999999999998
6492.0,1.1609999999999998
6493.0,1.204
6494.0,1.1609999999999998
6495.0,1.204
6496.0,1.1609999999999998
6497.0,1.204
6498.0,1.1609999999999998
6499.0,1.1609999999999998
6500.0,1.204
6501.0,1.204
6502.0,1.1609999999999998
6503.0,1.204
6504.0,1.204
6505.0,1.1609999999999998
6506.0,1.204
6507.0,1.1609999999999998
6508.0,1.1609999999999998
6509.0,1.1609999999999998
6510.0,1.1609999999999998
6511.0,1.1609999999999998
6512.0,1.1609999999999998
6513.0,1.1609999999999998
6514.0,1.1609999999999998
6515.0,1.1609999999999998
6516.0,1.204
6517.0,1.1609999999999998
6518.0,1.1609999999999998
6519.0,1.1609999999999998
6520.0,1.1609999999999998
6521.0,1.1609999999999998
6522.0,1.1609999999999998
6523.0,1.1609999999999998
6524.0,1.1609999999999998
6525.0,1.1609999999999998
6526.0,1.1609999999999998
6527.0,1.1609999999999998
6528.0,1.1609999999999998
6529.0,1.1609999999999998
6530.0,1.1609999999999998
6531.0,1.1609999999999998
6532.0,1.1609999999999998
6533.0,1.1609999999999998
6534.0,1.1609999999999998
6535.0,1.1609999999999998
6536.0,1.1609999999999998
6537.0,1.1609999999999998
6538.0,1.1609999999999998
6539.0,1.1609999999999998
6540.0,1.1609999999999998
6541.0,1.1609999999999998
6542.0,1.1609999999999998
6543.0,1.1609999999999998
6544.0,1.1609999999999998
6545.0,1.1609999999999998
6546.0,1.1609999999999998
6547.0,1.1609999999999998
6548.0,1.204
6549.0,1.1609999999999998
6550.0,1.1609999999999998
6551.0,1.1609999999999998
6552.0,1.1609999999999998
6553.0,1.1609999999999998
6554.0,1.1609999999999998
6555.0,1.1609999999999998
6556.0,1.1609999999999998
6557.0,1.1609999999999998
6558.0,1.1609999999999998
6559.0,1.1609999999999998
6560.0,1.1609999999999998
6561.0,1.1609999999999998
6562.0,1.1609999999999998
6563.0,1.1609999999999998
6564.0,1.1609999999999998
6565.0,1.1179999999999999
6566.0,1.1609999999999998
6567.0,1.1609999999999998
6568.0,1.1609999999999998
6569.0,1.1609999999999998
6570.0,1.1609999999999998
6571.0,1.1179999999999999
6572.0,1.1609999999999998
6573.0,1.1609999999999998
6574.0,1.1609999999999998
6575.0,1.1609999999999998
6576.0,1.1609999999999998
6577.0,1.1609999999999998
6578.0,1.1609999999999998
6579.0,1.1609999999999998
6580.0,1.1609999999999998
6581.0,1.1609999999999998
6582.0,1.1609999999999998
6583.0,1.1609999999999998
6584.0,1.1609999999999998
6585.0,1.1179999999999999
6586.0,1.204
6587.0,1.1609999999999998
6588.0,1.1609999999999998
6589.0,1.1609999999999998
6590.0,1.1609999999999998
6591.0,1.1609999999999998
6592.0,1.1609999999999998
6593.0,1.1179999999999999
6594.0,1.1609999999999998
6595.0,1.1179999999999999
6596.0,1.1609999999999998
6597.0,1.1179999999999999
6598.0,1.1609999999999998
6599.0,1.1179999999999999
6600.0,1.1609999999999998
6601.0,1.1179999999999999
6602.0,1.1609999999999998
6603.0,1.1179999999999999
6604.0,1.1179999999999999
6605.0,1.1609999999999998
6606.0,1.1609999999999998
6607.0,1.1609999999999998
6608.0,1.1179999999999999
6609.0,1.1609999999999998
6610.0,1.1179999999999999
6611.0,1.1179999999999999
6612.0,1.1609999999999998
6613.0,1.1609999999999998
6614.0,1.1609999999999998
6615.0,1.1179999999999999
6616.0,1.1179999999999999
6617.0,1.1609999999999998
6618.0,1.1609999999999998
6619.0,1.1609999999999998
6620.0,1.1609999999999998
6621.0,1.1179999999999999
6622.0,1.1609999999999998
6623.0,1.1609999999999998
6624.0,1.1609999999999998
6625.0,1.1609999999999998
6626.0,1.1609999999999998
6627.0,1.1609999999999998
6628.0,1.1609999999999998
6629.0,1.1179999999999999
6630.0,1.1609999999999998
6631.0,1.1609999999999998
6632.0,1.1609999999999998
6633.0,1.1179999999999999
6634.0,1.1609999999999998
6635.0,1.1179999999999999
6636.0,1.1609999999999998
6637.0,1.1179999999999999
6638.0,1.1609999999999998
6639.0,1.1179999999999999
6640.0,1.1609999999999998
6641.0,1.1179999999999999
6642.0,1.1609999999999998
6643.0,1.1179999999999999
6644.0,1.1179999999999999
6645.0,1.1179999999999999
6646.0,1.1179999999999999
6647.0,1.1609999999999998
6648.0,1.1609999999999998
6649.0,1.1179999999999999
6650.0,1.1609999999999998
6651.0,1.1179999999999999
6652.0,1.1179999999999999
6653.0,1.1179999999999999
6654.0,1.1609999999999998
6655.0,1.1179999999999999
6656.0,1.1179999999999999
6657.0,1.1179999999999999
6658.0,1.1179999999999999
6659.0,1.1179999999999999
6660.0,1.1179999999999999
6661.0,1.1179999999999999
6662.0,1.1609999999999998
6663.0,1.1179999999999999
6664.0,1.1179999999999999
6665.0,1.1179999999999999
6666.0,1.1609999999999998
6667.0,1.1609999999999998
6668.0,1.1179999999999999
6669.0,1.1179999999999999
6670.0,1.1609999999999998
6671.0,1.1179999999999999
6672.0,1.1609999999999998
6673.0,1.1179999999999999
6674.0,1.1179999999999999
6675.0,1.1179999999999999
6676.0,1.1179999999999999
6677.0,1.1179999999999999
6678.0,1.1179999999999999
6679.0,1.1179999999999999
6680.0,1.1179999999999999
6681.0,1.1179999999999999
6682.0,1.1609999999999998
6683.0,1.1179999999999999
6684.0,1.1179999999999999
6685.0,1.1179999999999999
6686.0,1.1609999999999998
6687.0,1.1179999999999999
6688.0,1.1179999999999999
6689.0,1.1179999999999999
6690.0,1.1609999999999998
6691.0,1.1179999999999999
6692.0,1.1179999999999999
6693.0,1.1179999999999999
6694.0,1.1179999999999999
6695.0,1.1179999999999999
6696.0,1.1179999999999999
6697.0,1.1179999999999999
6698.0,1.1609999999999998
6699.0,1.1179999999999999
6700.0,1.1609999999999998
6701.0,1.1179999999999999
6702.0,1.1179999999999999
6703.0,1.1179999999999999
6704.0,1.1179999999999999
6705.0,1.1179999999999999
6706.0,1.1179999999999999
6707.0,1.1179999999999999
6708.0,1.1179999999999999
6709.0,1.1179999999999999
6710.0,1.1179999999999999
6711.0,1.1179999999999999
6712.0,1.1179999999999999
6713.0,1.1179999999999999
6714.0,1.1179999999999999
6715.0,1.1179999999999999
6716.0,1.1609999999999998
6717.0,1.1179999999999999
6718.0,1.1609999999999998
6719.0,1.1179999999999999
6720.0,1.1179999999999999
6721.0,1.1179999999999999
6722.0,1.1179999999999999
6723.0,1.1179999999999999
6724.0,1.1179999999999999
6725.0,1.1179999999999999
6726.0,1.1179999999999999
6727.0,1.1179999999999999
6728.0,1.1179999999999999
6729.0,1.1179999999999999
6730.0,1.1179999999999999
6731.0,1.1179999999999999
6732.0,1.1179999999999999
6733.0,1.1179999999999999
6734.0,1.1179999999999999
6735.0,1.1179999999999999
6736.0,1.1179999999999999
6737.0,1.1179999999999999
6738.0,1.1179999999999999
6739.0,1.1179999999999999
6740.0,1.1179999999999999
6741.0,1.1179999999999999
6742.0,1.1179999999999999
6743.0,1.1179999999999999
6744.0,1.1179999999999999
6745.0,1.1179999999999999
6746.0,1.1179999999999999
6747.0,1.1179999999999999
6748.0,1.1179999999999999
6749.0,1.1179999999999999
6750.0,1.1179999999999999
6751.0,1.1179999999999999
6752.0,1.1179999999999999
6753.0,1.1179999999999999
6754.0,1.1179999999999999
6755.0,1.1179999999999999
6756.0,1.1179999999999999
6757.0,1.1179999999999999
6758.0,1.1179999999999999
6759.0,1.1179999999999999
6760.0,1.1179999999999999
6761.0,1.1179999999999999
6762.0,1.1609999999999998
6763.0,1.1179999999999999
6764.0,1.1179999999999999
6765.0,1.1179999999999999
6766.0,1.1179999999999999
6767.0,1.1179999999999999
6768.0,1.1179999999999999
6769.0,1.1179999999999999
6770.0,1.1179999999999999
6771.0,1.1179999999999999
6772.0,1.1179999999999999
6773.0,1.1179999999999999
6774.0,1.1179999999999999
6775.0,1.1179999999999999
6776.0,1.1179999999999999
6777.0,1.1179999999999999
6778.0,1.1179999999999999
6779.0,1.1179999999999999
6780.0,1.1179999999999999
6781.0,1.1179999999999999
6782.0,1.1179999999999999
6783.0,1.1179999999999999
6784.0,1.1179999999999999
6785.0,1.1179999999999999
6786.0,1.1179999999999999
6787.0,1.1179999999999999
6788.0,1.1179999999999999
6789.0,1.1179999999999999
6790.0,1.1179999999999999
6791.0,1.1179999999999999
6792.0,1.1179999999999999
6793.0,1.1179999999999999
6794.0,1.1179999999999999
6795.0,1.1179999999999999
6796.0,1.1179999999999999
6797.0,1.1179999999999999
6798.0,1.1179999999999999
6799.0,1.1179999999999999
6800.0,1.1179999999999999
6801.0,1.1179999999999999
6802.0,1.1179999999999999
6803.0,1.1179999999999999
6804.0,1.1179999999999999
6805.0,1.1179999999999999
6806.0,1.075
6807.0,1.1179999999999999
6808.0,1.1179999999999999
6809.0,1.075
6810.0,1.1179999999999999
6811.0,1.075
6812.0,1.1179999999999999
6813.0,1.1179999999999999
6814.0,1.075
6815.0,1.075
6816.0,1.1179999999999999
6817.0,1.075
6818.0,1.1179999999999999
6819.0,1.1179999999999999
6820.0,1.1179999999999999
6821.0,1.1179999999999999
6822.0,1.1179999999999999
6823.0,1.1179999999999999
6824.0,1.1179999999999999
6825.0,1.1179999999999999
6826.0,1.1179999999999999
6827.0,1.1179999999999999
6828.0,1.1179999999999999
6829.0,1.1179999999999999
6830.0,1.1179999999999999
6831.0,1.1179999999999999
6832.0,1.1179999999999999
6833.0,1.1179999999999999
6834.0,1.1179999999999999
6835.0,1.1179999999999999
6836.0,1.1179999999999999
6837.0,1.1179999999999999
6838.0,1.1179999999999999
6839.0,1.1179999999999999
6840.0,1.1179999999999999
6841.0,1.1179999999999999
6842.0,1.1179999999999999
6843.0,1.1179999999999999
6844.0,1.075
6845.0,1.075
6846.0,1.1179999999999999
6847.0,1.075
6848.0,1.075
6849.0,1.075
6850.0,1.1179999999999999
6851.0,1.075
6852.0,1.1179999999999999
6853.0,1.075
6854.0,1.1179999999999999
6855.0,1.075
6856.0,1.1179999999999999
6857.0,1.075
6858.0,1.1179999999999999
6859.0,1.075
6860.0,1.075
6861.0,1.075
6862.0,1.1179999999999999
6863.0,1.1179999999999999
6864.0,1.1179999999999999
6865.0,1.1179999999999999
6866.0,1.1179999999999999
6867.0,1.1179999999999999
6868.0,1.1179999999999999
6869.0,1.1179999999999999
6870.0,1.1179999999999999
6871.0,1.1179999999999999
6872.0,1.1179999999999999
6873.0,1.1179999999999999
6874.0,1.1179999999999999
6875.0,1.1179999999999999
6876.0,1.1179999999999999
6877.0,1.075
6878.0,1.1179999999999999
6879.0,1.075
6880.0,1.1179999999999999
6881.0,1.1179999999999999
6882.0,1.1179999999999999
6883.0,1.075
6884.0,1.075
6885.0,1.075
6886.0,1.075
6887.0,1.075
6888.0,1.075
6889.0,1.075
6890.0,1.075
6891.0,1.075
6892.0,1.075
6893.0,1.075
6894.0,1.075
6895.0,1.075
6896.0,1.1179999999999999
6897.0,1.075
6898.0,1.1179999999999999
6899.0,1.075
6900.0,1.1179999999999999
6901.0,1.075
6902.0,1.075
6903.0,1.075
6904.0,1.075
6905.0,1.1179999999999999
6906.0,1.1179999999999999
6907.0,1.075
6908.0,1.075
6909.0,1.075
6910.0,1.1179999999999999
6911.0,1.075
6912.0,1.075
6913.0,1.075
6914.0,1.1179999999999999
6915.0,1.075
6916.0,1.075
6917.0,1.075
6918.0,1.1179999999999999
6919.0,1.075
6920.0,1.075
6921.0,1.075
6922.0,1.1179999999999999
6923.0,1.075
6924.0,1.075
6925.0,1.075
6926.0,1.1179999999999999
6927.0,1.075
6928.0,1.1179999999999999
6929.0,1.075
6930.0,1.075
6931.0,1.075
6932.0,1.1179999999999999
6933.0,1.075
6934.0,1.075
6935.0,1.075
6936.0,1.075
6937.0,1.075
6938.0,1.075
6939.0,1.075
6940.0,1.075
6941.0,1.075
6942.0,1.075
6943.0,1.075
6944.0,1.075
6945.0,1.075
6946.0,1.075
6947.0,1.075
6948.0,1.075
6949.0,1.075
6950.0,1.075
6951.0,1.075
6952.0,1.075
6953.0,1.075
6954.0,1.075
6955.0,1.075
6956.0,1.075
6957.0,1.075
6958.0,1.075
6959.0,1.075
6960.0,1.075
6961.0,1.075
6962.0,1.075
6963.0,1.075
6964.0,1.075
6965.0,1.075
6966.0,1.075
6967.0,1.075
6968.0,1.075
6969.0,1.075
6970.0,1.075
6971.0,1.075
6972.0,1.1179999999999999
6973.0,1.075
6974.0,1.075
6975.0,1.075
6976.0,1.075
6977.0,1.075
6978.0,1.075
6979.0,1.075
6980.0,1.075
6981.0,1.075
6982.0,1.075
6983.0,1.075
6984.0,1.075
6985.0,1.075
6986.0,1.075
6987.0,1.075
6988.0,1.075
6989.0,1.075
6990.0,1.075
6991.0,1.075
6992.0,1.075
6993.0,1.075
6994.0,1.075
6995.0,1.075
6996.0,1.1179999999999999
6997.0,1.075
6998.0,1.075
6999.0,1.075
7000.0,1.075
7001.0,1.075
7002.0,1.075
7003.0,1.032
7004.0,1.075
7005.0,1.032
7006.0,1.075
7007.0,1.075
7008.0,1.075
7009.0,1.032
7010.0,1.075
7011.0,1.032
7012.0,1.075
7013.0,1.075
7014.0,1.075
7015.0,1.075
7016.0,1.075
7017.0,1.075
7018.0,1.075
7019.0,1.032
7020.0,1.075
7021.0,1.075
7022.0,1.075
7023.0,1.075
7024.0,1.075
7025.0,1.075
7026.0,1.075
7027.0,1.075
7028.0,1.075
7029.0,1.075
7030.0,1.032
7031.0,1.032
7032.0,1.075
7033.0,1.075
7034.0,1.075
7035.0,1.075
7036.0,1.075
7037.0,1.075
7038.0,1.075
7039.0,1.075
7040.0,1.032
7041.0,1.075
7042.0,1.075
7043.0,1.075
7044.0,1.075
7045.0,1.075
7046.0,1.075
7047.0,1.032
7048.0,1.032
7049.0,1.032
7050.0,1.032
7051.0,1.032
7052.0,1.075
7053.0,1.032
7054.0,1.032
7055.0,1.032
7056.0,1.032
7057.0,1.032
7058.0,1.032
7059.0,1.032
7060.0,1.032
7061.0,1.075
7062.0,1.075
7063.0,1.032
7064.0,1.032
7065.0,1.032
7066.0,1.075
7067.0,1.075
7068.0,1.075
7069.0,1.032
7070.0,1.075
7071.0,1.075
7072.0,1.032
7073.0,1.075
7074.0,1.075
7075.0,1.032
7076.0,1.075
7077.0,1.032
7078.0,1.075
7079.0,1.032
7080.0,1.075
7081.0,1.032
7082.0,1.032
7083.0,1.075
7084.0,1.032
7085.0,1.032
7086.0,1.032
7087.0,1.032
7088.0,1.032
7089.0,1.032
7090.0,1.075
7091.0,1.032
7092.0,1.032
7093.0,1.032
7094.0,1.032
7095.0,1.032
7096.0,1.032
7097.0,1.075
7098.0,1.032
7099.0,1.032
7100.0,1.032
7101.0,1.032
7102.0,1.032
7103.0,1.075
7104.0,1.075
7105.0,1.032
7106.0,1.032
7107.0,1.032
7108.0,1.075
7109.0,1.075
7110.0,1.075
7111.0,1.032
7112.0,1.032
7113.0,1.075
7114.0,1.075
7115.0,1.032
7116.0,1.075
7117.0,1.032
7118.0,1.032
7119.0,1.032
7120.0,1.032
7121.0,1.032
7122.0,1.032
7123.0,1.032
7124.0,1.032
7125.0,1.032
7126.0,1.032
7127.0,1.032
7128.0,1.032
7129.0,1.032
7130.0,1.032
7131.0,1.032
7132.0,1.032
7133.0,1.032
7134.0,1.032
7135.0,1.032
7136.0,1.032
7137.0,1.032
7138.0,1.075
7139.0,1.032
7140.0,1.032
7141.0,1.032
7142.0,1.032
7143.0,1.032
7144.0,1.032
7145.0,1.032
7146.0,1.032
7147.0,1.032
7148.0,1.032
7149.0,1.032
7150.0,1.032
7151.0,1.032
7152.0,1.032
7153.0,1.032
7154.0,1.032
7155.0,1.032
7156.0,1.032
7157.0,1.032
7158.0,1.032
7159.0,1.032
7160.0,1.032
7161.0,1.032
7162.0,1.032
7163.0,1.032
7164.0,1.032
7165.0,1.032
7166.0,1.032
7167.0,1.032
7168.0,1.032
7169.0,1.032
7170.0,1.032
7171.0,1.032
7172.0,1.032
7173.0,1.032
7174.0,1.032
7175.0,1.032
7176.0,1.032
7177.0,1.032
7178.0,1.032
7179.0,1.032
7180.0,1.032
7181.0,1.032
7182.0,1.032
7183.0,1.032
7184.0,1.032
7185.0,1.032
7186.0,1.032
7187.0,1.032
7188.0,1.032
7189.0,1.075
7190.0,1.032
7191.0,1.032
7192.0,1.032
7193.0,1.032
7194.0,1.032
7195.0,1.032
7196.0,1.032
7197.0,1.032
7198.0,1.032
7199.0,1.032
7200.0,1.032
7201.0,1.032
7202.0,1.032
7203.0,1.032
7204.0,1.032
7205.0,1.032
7206.0,1.032
7207.0,1.032
7208.0,1.032
7209.0,1.032
7210.0,1.032
7211.0,1.032
7212.0,1.032
7213.0,1.032
7214.0,1.032
7215.0,1.032
7216.0,1.032
7217.0,1.032
7218.0,1.032
7219.0,1.032
7220.0,1.032
7221.0,1.032
7222.0,1.032
7223.0,1.075
7224.0,1.032
7225.0,1.032
7226.0,1.032
7227.0,1.032
7228.0,1.032
7229.0,1.032
7230.0,1.032
7231.0,1.032
7232.0,1.032
7233.0,1.032
7234.0,1.032
7235.0,1.032
7236.0,1.032
7237.0,1.032
7238.0,1.032
7239.0,1.032
7240.0,1.032
7241.0,1.032
7242.0,1.032
7243.0,1.032
7244.0,1.032
7245.0,1.032
7246.0,1.032
7247.0,1.032
7248.0,1.032
7249.0,1.032
7250.0,1.032
7251.0,1.032
7252.0,1.032
7253.0,1.032
7254.0,1.032
7255.0,1.032
7256.0,1.032
7257.0,1.032
7258.0,1.032
7259.0,1.032
7260.0,1.032
7261.0,1.032
7262.0,1.032
7263.0,1.032
7264.0,1.032
7265.0,1.032
7266.0,1.032
7267.0,1.032
7268.0,1.032
7269.0,1.032
7270.0,1.032
7271.0,1.032
7272.0,1.032
7273.0,1.032
7274.0,1.032
7275.0,1.032
7276.0,1.032
7277.0,1.032
7278.0,1.032
7279.0,1.032
7280.0,1.032
7281.0,1.032
7282.0,1.032
7283.0,1.032
7284.0,1.032
7285.0,1.032
7286.0,1.032
7287.0,0.9889999999999999
7288.0,1.032
7289.0,1.032
7290.0,1.032
7291.0,1.032
7292.0,1.032
7293.0,1.032
7294.0,0.9889999999999999
7295.0,1.032
7296.0,1.032
7297.0,1.032
7298.0,1.032
7299.0,1.032
7300.0,1.032
7301.0,0.9889999999999999
7302.0,1.032
7303.0,1.032
7304.0,1.032
7305.0,1.032
7306.0,1.032
7307.0,1.032
7308.0,1.032
7309.0,1.032
7310.0,1.032
7311.0,1.032
7312.0,1.032
7313.0,1.032
7314.0,1.032
7315.0,1.032
7316.0,1.032
7317.0,1.032
7318.0,1.032
7319.0,1.032
7320.0,1.032
7321.0,1.032
7322.0,1.032
7323.0,1.032
7324.0,1.032
7325.0,1.032
7326.0,1.032
7327.0,0.9889999999999999
7328.0,1.032
7329.0,1.032
7330.0,1.032
7331.0,0.9889999999999999
7332.0,1.032
7333.0,1.032
7334.0,0.9889999999999999
7335.0,0.9889999999999999
7336.0,1.032
7337.0,1.032
7338.0,1.032
7339.0,1.032
7340.0,1.032
7341.0,1.032
7342.0,1.032
7343.0,1.032
7344.0,1.032
7345.0,1.032
7346.0,1.032
7347.0,1.032
7348.0,1.032
7349.0,1.032
7350.0,1.032
7351.0,1.032
7352.0,1.032
7353.0,1.032
7354.0,1.032
7355.0,1.032
7356.0,1.032
7357.0,1.032
7358.0,1.032
7359.0,0.9889999999999999
7360.0,1.032
7361.0,0.9889999999999999
7362.0,1.032
7363.0,1.032
7364.0,1.032
7365.0,1.032
7366.0,1.032
7367.0,1.032
7368.0,0.9889999999999999
7369.0,1.032
7370.0,0.9889999999999999
7371.0,0.9889999999999999
7372.0,1.032
7373.0,0.9889999999999999
7374.0,0.9889999999999999
7375.0,0.9889999999999999
7376.0,1.032
7377.0,1.032
7378.0,1.032
7379.0,1.032
7380.0,0.9889999999999999
7381.0,1.032
7382.0,1.032
7383.0,1.032
7384.0,0.9889999999999999
7385.0,0.9889999999999999
7386.0,1.032
7387.0,1.032
7388.0,1.032
7389.0,1.032
7390.0,0.9889999999999999
7391.0,0.9889999999999999
7392.0,1.032
7393.0,0.9889999999999999
7394.0,1.032
7395.0,0.9889999999999999
7396.0,1.032
7397.0,0.9889999999999999
7398.0,1.032
7399.0,1.032
7400.0,1.032
7401.0,0.9889999999999999
7402.0,1.032
7403.0,0.9889999999999999
7404.0,1.032
7405.0,0.9889999999999999
7406.0,1.032
7407.0,0.9889999999999999
7408.0,1.032
7409.0,0.9889999999999999
7410.0,0.9889999999999999
7411.0,0.9889999999999999
7412.0,0.9889999999999999
7413.0,1.032
7414.0,0.9889999999999999
7415.0,0.9889999999999999
7416.0,1.032
7417.0,0.9889999999999999
7418.0,0.9889999999999999
7419.0,1.032
7420.0,1.032
7421.0,1.032
7422.0,1.032
7423.0,0.9889999999999999
7424.0,1.032
7425.0,1.032
7426.0,1.032
7427.0,0.9889999999999999
7428.0,1.032
7429.0,0.9889999999999999
7430.0,1.032
7431.0,0.9889999999999999
7432.0,1.032
7433.0,0.9889999999999999
7434.0,0.9889999999999999
7435.0,0.9889999999999999
7436.0,1.032
7437.0,0.9889999999999999
7438.0,1.032
7439.0,0.946
7440.0,0.9889999999999999
7441.0,0.9889999999999999
7442.0,0.9889999999999999
7443.0,0.9889999999999999
7444.0,0.9889999999999999
7445.0,0.9889999999999999
7446.0,1.032
7447.0,0.9889999999999999
7448.0,0.9889999999999999
7449.0,0.9889999999999999
7450.0,0.9889999999999999
7451.0,0.9889999999999999
7452.0,0.9889999999999999
7453.0,0.946
7454.0,1.032
7455.0,0.9889999999999999
7456.0,1.032
7457.0,0.9889999999999999
7458.0,0.9889999999999999
7459.0,0.9889999999999999
7460.0,0.9889999999999999
7461.0,0.9889999999999999
7462.0,0.9889999999999999
7463.0,0.9889999999999999
7464.0,1.032
7465.0,0.9889999999999999
7466.0,0.9889999999999999
7467.0,0.9889999999999999
7468.0,1.032
7469.0,0.9889999999999999
7470.0,1.032
7471.0,0.9889999999999999
7472.0,0.9889999999999999
7473.0,0.9889999999999999
7474.0,0.9889999999999999
7475.0,0.9889999999999999
7476.0,0.9889999999999999
7477.0,0.9889999999999999
7478.0,0.9889999999999999
7479.0,0.9889999999999999
7480.0,0.9889999999999999
7481.0,0.9889999999999999
7482.0,0.9889999999999999
7483.0,0.9889999999999999
7484.0,0.9889999999999999
7485.0,0.9889999999999999
7486.0,0.9889999999999999
7487.0,0.9889999999999999
7488.0,0.9889999999999999
7489.0,0.9889999999999999
7490.0,0.9889999999999999
7491.0,0.946
7492.0,0.9889999999999999
7493.0,1.032
7494.0,0.9889999999999999
7495.0,0.9889999999999999
7496.0,1.032
7497.0,0.9889999999999999
7498.0,1.032
7499.0,0.9889999999999999
7500.0,0.9889999999999999
7501.0,0.9889999999999999
7502.0,0.9889999999999999
7503.0,0.9889999999999999
7504.0,0.9889999999999999
7505.0,0.9889999999999999
7506.0,1.032
7507.0,0.9889999999999999
7508.0,0.9889999999999999
7509.0,0.9889999999999999
7510.0,0.9889999999999999
7511.0,0.9889999999999999
7512.0,0.9889999999999999
7513.0,0.9889999999999999
7514.0,0.9889999999999999
7515.0,0.9889999999999999
7516.0,0.9889999999999999
7517.0,0.9889999999999999
7518.0,0.9889999999999999
7519.0,0.9889999999999999
7520.0,0.9889999999999999
7521.0,0.9889999999999999
7522.0,0.9889999999999999
7523.0,0.946
7524.0,0.9889999999999999
7525.0,0.9889999999999999
7526.0,0.9889999999999999
7527.0,0.9889999999999999
7528.0,0.9889999999999999
7529.0,0.9889999999999999
7530.0,0.9889999999999999
7531.0,0.946
7532.0,0.9889999999999999
7533.0,0.946
7534.0,0.9889999999999999
7535.0,0.9889999999999999
7536.0,0.9889999999999999
7537.0,0.9889999999999999
7538.0,1.032
7539.0,0.9889999999999999
7540.0,0.9889999999999999
7541.0,0.946
7542.0,0.9889999999999999
7543.0,0.9889999999999999
7544.0,0.9889999999999999
7545.0,0.9889999999999999
7546.0,0.9889999999999999
7547.0,0.9889999999999999
7548.0,0.9889999999999999
7549.0,0.946
7550.0,0.9889999999999999
7551.0,0.9889999999999999
7552.0,0.9889999999999999
7553.0,0.9889999999999999
7554.0,0.9889999999999999
7555.0,0.9889999999999999
7556.0,0.9889999999999999
7557.0,0.9889999999999999
7558.0,0.9889999999999999
7559.0,0.946
7560.0,0.9889999999999999
7561.0,0.946
7562.0,0.9889999999999999
7563.0,0.946
7564.0,0.9889999999999999
7565.0,0.9889999999999999
7566.0,0.9889999999999999
7567.0,0.946
7568.0,0.9889999999999999
7569.0,0.9889999999999999
7570.0,0.9889999999999999
7571.0,0.946
7572.0,0.9889999999999999
7573.0,0.9889999999999999
7574.0,0.9889999999999999
7575.0,0.946
7576.0,0.9889999999999999
7577.0,0.946
7578.0,0.9889999999999999
7579.0,0.946
7580.0,0.9889999999999999
7581.0,0.946
7582.0,0.9889999999999999
7583.0,0.946
7584.0,0.946
7585.0,0.9889999999999999
7586.0,0.9889999999999999
7587.0,0.946
7588.0,0.946
7589.0,0.9889999999999999
7590.0,0.9889999999999999
7591.0,0.9889999999999999
7592.0,0.9889999999999999
7593.0,0.946
7594.0,0.9889999999999999
7595.0,0.946
7596.0,0.9889999999999999
7597.0,0.946
7598.0,0.9889999999999999
7599.0,0.9889999999999999
7600.0,0.9889999999999999
7601.0,0.946
7602.0,0.9889999999999999
7603.0,0.946
7604.0,0.946
7605.0,0.946
7606.0,0.9889999999999999
7607.0,0.946
7608.0,0.9889999999999999
7609.0,0.946
7610.0,0.9889999999999999
7611.0,0.946
7612.0,0.946
7613.0,0.9889999999999999
7614.0,0.946
7615.0,0.946
7616.0,0.9889999999999999
7617.0,0.946
7618.0,0.9889999999999999
7619.0,0.946
7620.0,0.9889999999999999
7621.0,0.9889999999999999
7622.0,0.9889999999999999
7623.0,0.9889999999999999
7624.0,0.9889999999999999
7625.0,0.9889999999999999
7626.0,0.946
7627.0,0.9889999999999999
7628.0,0.946
7629.0,0.9889999999999999
7630.0,0.9889999999999999
7631.0,0.946
7632.0,0.946
7633.0,0.946
7634.0,0.946
7635.0,0.9889999999999999
7636.0,0.9889999999999999
7637.0,0.946
7638.0,0.9889999999999999
7639.0,0.946
7640.0,0.9889999999999999
7641.0,0.946
7642.0,0.946
7643.0,0.946
7644.0,0.9889999999999999
7645.0,0.946
7646.0,0.9889999999999999
7647.0,0.946
7648.0,0.9889999999999999
7649.0,0.946
7650.0,0.9889999999999999
7651.0,0.946
7652.0,0.946
7653.0,0.946
7654.0,0.946
7655.0,0.9889999999999999
7656.0,0.9889999999999999
7657.0,0.946
7658.0,0.9889999999999999
7659.0,0.946
7660.0,0.9889999999999999
7661.0,0.946
7662.0,0.9889999999999999
7663.0,0.946
7664.0,0.9889999999999999
7665.0,0.9889999999999999
7666.0,0.9889999999999999
7667.0,0.9889999999999999
7668.0,0.9889999999999999
7669.0,0.946
7670.0,0.9889999999999999
7671.0,0.9889999999999999
7672.0,0.946
7673.0,0.946
7674.0,0.9889999999999999
7675.0,0.946
7676.0,0.946
7677.0,0.946
7678.0,0.946
7679.0,0.946
7680.0,0.946
7681.0,0.9889999999999999
7682.0,0.946
7683.0,0.946
7684.0,0.9889999999999999
7685.0,0.946
7686.0,0.9889999999999999
7687.0,0.9889999999999999
7688.0,0.946
7689.0,0.946
7690.0,0.9889999999999999
7691.0,0.946
7692.0,0.9889999999999999
7693.0,0.9889999999999999
7694.0,0.946
7695.0,0.9889999999999999
7696.0,0.9889999999999999
7697.0,0.9889999999999999
7698.0,0.9889999999999999
7699.0,0.946
7700.0,0.9889999999999999
7701.0,0.946
7702.0,0.9889999999999999
7703.0,0.946
7704.0,0.946
7705.0,0.946
7706.0,0.9889999999999999
7707.0,0.946
7708.0,0.9889999999999999
7709.0,0.946
7710.0,0.9889999999999999
7711.0,0.946
7712.0,0.9889999999999999
7713.0,0.946
7714.0,0.946
7715.0,0.946
7716.0,0.9889999999999999
7717.0,0.946
7718.0,0.946
7719.0,0.946
7720.0,0.946
7721.0,0.946
7722.0,0.946
7723.0,0.9889999999999999
7724.0,0.9889999999999999
7725.0,0.946
7726.0,0.946
7727.0,0.946
7728.0,0.9889999999999999
7729.0,0.946
7730.0,0.946
7731.0,0.946
7732.0,0.9889999999999999
7733.0,0.946
7734.0,0.9889999999999999
7735.0,0.946
7736.0,0.9889999999999999
7737.0,0.946
7738.0,0.946
7739.0,0.946
7740.0,0.9889999999999999
7741.0,0.946
7742.0,0.946
7743.0,0.946
7744.0,0.946
7745.0,0.946
7746.0,0.946
7747.0,0.946
7748.0,0.946
7749.0,0.946
7750.0,0.946
7751.0,0.946
7752.0,0.946
7753.0,0.946
7754.0,0.946
7755.0,0.946
7756.0,0.946
7757.0,0.946
7758.0,0.946
7759.0,0.946
7760.0,0.946
7761.0,0.946
7762.0,0.9889999999999999
7763.0,0.946
7764.0,0.946
7765.0,0.946
7766.0,0.946
7767.0,0.9889999999999999
7768.0,0.946
7769.0,0.946
7770.0,0.9889999999999999
7771.0,0.946
7772.0,0.946
7773.0,0.946
7774.0,0.946
7775.0,0.946
7776.0,0.946
7777.0,0.946
7778.0,0.946
7779.0,0.946
7780.0,0.946
7781.0,0.946
7782.0,0.946
7783.0,0.946
7784.0,0.946
7785.0,0.946
7786.0,0.946
7787.0,0.946
7788.0,0.946
7789.0,0.9889999999999999
7790.0,0.946
7791.0,0.946
7792.0,0.946
7793.0,0.946
7794.0,0.946
7795.0,0.946
7796.0,0.946
7797.0,0.946
7798.0,0.946
7799.0,0.946
7800.0,0.946
7801.0,0.946
7802.0,0.946
7803.0,0.946
7804.0,0.946
7805.0,0.946
7806.0,0.946
7807.0,0.946
7808.0,0.946
7809.0,0.946
7810.0,0.946
7811.0,0.946
7812.0,0.946
7813.0,0.946
7814.0,0.9889999999999999
7815.0,0.946
7816.0,0.9889999999999999
7817.0,0.946
7818.0,0.946
7819.0,0.946
7820.0,0.946
7821.0,0.946
7822.0,0.946
7823.0,0.946
7824.0,0.946
7825.0,0.946
7826.0,0.946
7827.0,0.946
7828.0,0.946
7829.0,0.946
7830.0,0.946
7831.0,0.946
7832.0,0.946
7833.0,0.946
7834.0,0.946
7835.0,0.946
7836.0,0.946
7837.0,0.946
7838.0,0.946
7839.0,0.946
7840.0,0.946
7841.0,0.946
7842.0,0.946
7843.0,0.946
7844.0,0.946
7845.0,0.946
7846.0,0.946
7847.0,0.946
7848.0,0.946
7849.0,0.946
7850.0,0.946
7851.0,0.946
7852.0,0.946
7853.0,0.946
7854.0,0.946
7855.0,0.946
7856.0,0.9889999999999999
7857.0,0.946
7858.0,0.946
7859.0,0.946
7860.0,0.946
7861.0,0.946
7862.0,0.946
7863.0,0.946
7864.0,0.946
7865.0,0.946
7866.0,0.946
7867.0,0.946
7868.0,0.946
7869.0,0.946
7870.0,0.946
7871.0,0.946
7872.0,0.946
7873.0,0.946
7874.0,0.946
7875.0,0.946
7876.0,0.946
7877.0,0.946
7878.0,0.946
7879.0,0.946
7880.0,0.946
7881.0,0.946
7882.0,0.946
7883.0,0.946
7884.0,0.946
7885.0,0.946
7886.0,0.946
7887.0,0.946
7888.0,0.946
7889.0,0.946
7890.0,0.946
7891.0,0.946
7892.0,0.946
7893.0,0.946
7894.0,0.9889999999999999
7895.0,0.946
7896.0,0.946
7897.0,0.946
7898.0,0.946
7899.0,0.946
7900.0,0.946
7901.0,0.946
7902.0,0.946
7903.0,0.946
7904.0,0.946
7905.0,0.946
7906.0,0.946
7907.0,0.946
7908.0,0.946
7909.0,0.946
7910.0,0.946
7911.0,0.946
7912.0,0.946
7913.0,0.946
7914.0,0.946
7915.0,0.946
7916.0,0.946
7917.0,0.946
7918.0,0.946
7919.0,0.946
7920.0,0.9889999999999999
7921.0,0.946
7922.0,0.946
7923.0,0.946
7924.0,0.946
7925.0,0.946
7926.0,0.9029999999999999
7927.0,0.946
7928.0,0.946
7929.0,0.946
7930.0,0.946
7931.0,0.946
7932.0,0.946
7933.0,0.946
7934.0,0.946
7935.0,0.946
7936.0,0.946
7937.0,0.946
7938.0,0.946
7939.0,0.946
7940.0,0.946
7941.0,0.946
7942.0,0.946
7943.0,0.946
7944.0,0.946
7945.0,0.946
7946.0,0.946
7947.0,0.946
7948.0,0.946
7949.0,0.946
7950.0,0.946
7951.0,0.946
7952.0,0.946
7953.0,0.946
7954.0,0.946
7955.0,0.946
7956.0,0.946
7957.0,0.946
7958.0,0.946
7959.0,0.946
7960.0,0.946
7961.0,0.946
7962.0,0.946
7963.0,0.946
7964.0,0.946
7965.0,0.946
7966.0,0.946
7967.0,0.946
7968.0,0.946
7969.0,0.946
7970.0,0.946
7971.0,0.946
7972.0,0.946
7973.0,0.946
7974.0,0.9889999999999999
7975.0,0.946
7976.0,0.9889999999999999
7977.0,0.946
7978.0,0.946
7979.0,0.946
7980.0,0.946
7981.0,0.946
7982.0,0.946
7983.0,0.946
7984.0,0.946
7985.0,0.946
7986.0,0.946
7987.0,0.946
7988.0,0.946
7989.0,0.946
7990.0,0.946
7991.0,0.946
7992.0,0.946
7993.0,0.946
7994.0,0.946
7995.0,0.946
7996.0,0.946
7997.0,0.946
7998.0,0.946
7999.0,0.946
8000.0,0.946
8001.0,0.946
8002.0,0.946
8003.0,0.946
8004.0,0.946
8005.0,0.946
8006.0,0.946
8007.0,0.946
8008.0,0.946
8009.0,0.946
8010.0,0.946
8011.0,0.946
8012.0,0.946
8013.0,0.946
8014.0,0.946
8015.0,0.946
8016.0,0.946
8017.0,0.946
8018.0,0.946
8019.0,0.946
8020.0,0.946
8021.0,0.946
8022.0,0.9029999999999999
8023.0,0.9029999999999999
8024.0,0.9029999999999999
8025.0,0.946
8026.0,0.946
8027.0,0.946
8028.0,0.9029999999999999
8029.0,0.946
8030.0,0.9029999999999999
8031.0,0.9029999999999999
8032.0,0.9029999999999999
8033.0,0.946
8034.0,0.946
8035.0,0.946
8036.0,0.946
8037.0,0.946
8038.0,0.9029999999999999
8039.0,0.946
8040.0,0.946
8041.0,0.946
8042.0,0.9029999999999999
8043.0,0.946
8044.0,0.9029999999999999
8045.0,0.946
8046.0,0.946
8047.0,0.9029999999999999
8048.0,0.946
8049.0,0.946
8050.0,0.946
8051.0,0.946
8052.0,0.946
8053.0,0.946
8054.0,0.946
8055.0,0.946
8056.0,0.946
8057.0,0.946
8058.0,0.9029999999999999
8059.0,0.946
8060.0,0.946
8061.0,0.9029999999999999
8062.0,0.9029999999999999
8063.0,0.946
8064.0,0.9029999999999999
8065.0,0.946
8066.0,0.9029999999999999
8067.0,0.946
8068.0,0.9029999999999999
8069.0,0.946
8070.0,0.9029999999999999
8071.0,0.9029999999999999
8072.0,0.9029999999999999
8073.0,0.946
8074.0,0.9029999999999999
8075.0,0.946
8076.0,0.946
8077.0,0.946
8078.0,0.9029999999999999
8079.0,0.946
8080.0,0.946
8081.0,0.946
8082.0,0.946
8083.0,0.9029999999999999
8084.0,0.946
8085.0,0.946
8086.0,0.946
8087.0,0.9029999999999999
8088.0,0.946
8089.0,0.946
8090.0,0.946
8091.0,0.946
8092.0,0.946
8093.0,0.946
8094.0,0.946
8095.0,0.946
8096.0,0.9029999999999999
8097.0,0.946
8098.0,0.946
8099.0,0.946
8100.0,0.946
8101.0,0.9029999999999999
8102.0,0.9029999999999999
8103.0,0.9029999999999999
8104.0,0.9029999999999999
8105.0,0.946
8106.0,0.9029999999999999
8107.0,0.9029999999999999
8108.0,0.9029999999999999
8109.0,0.9029999999999999
8110.0,0.9029999999999999
8111.0,0.9029999999999999
8112.0,0.9029999999999999
8113.0,0.9029999999999999
8114.0,0.9029999999999999
8115.0,0.946
8116.0,0.9029999999999999
8117.0,0.946
8118.0,0.946
8119.0,0.946
8120.0,0.9029999999999999
8121.0,0.946
8122.0,0.946
8123.0,0.946
8124.0,0.946
8125.0,0.946
8126.0,0.9029999999999999
8127.0,0.946
8128.0,0.946
8129.0,0.946
8130.0,0.9029999999999999
8131.0,0.946
8132.0,0.9029999999999999
8133.0,0.9029999999999999
8134.0,0.9029999999999999
8135.0,0.9029999999999999
8136.0,0.9029999999999999
8137.0,0.946
8138.0,0.9029999999999999
8139.0,0.9029999999999999
8140.0,0.9029999999999999
8141.0,0.9029999999999999
8142.0,0.9029999999999999
8143.0,0.9029999999999999
8144.0,0.9029999999999999
8145.0,0.9029999999999999
8146.0,0.9029999999999999
8147.0,0.9029999999999999
8148.0,0.9029999999999999
8149.0,0.9029999999999999
8150.0,0.9029999999999999
8151.0,0.9029999999999999
8152.0,0.9029999999999999
8153.0,0.946
8154.0,0.9029999999999999
8155.0,0.946
8156.0,0.9029999999999999
8157.0,0.9029999999999999
8158.0,0.9029999999999999
8159.0,0.946
8160.0,0.9029999999999999
8161.0,0.946
8162.0,0.9029999999999999
8163.0,0.9029999999999999
8164.0,0.9029999999999999
8165.0,0.946
8166.0,0.946
8167.0,0.946
8168.0,0.9029999999999999
8169.0,0.9029999999999999
8170.0,0.9029999999999999
8171.0,0.946
8172.0,0.9029999999999999
8173.0,0.9029999999999999
8174.0,0.9029999999999999
8175.0,0.9029999999999999
8176.0,0.9029999999999999
8177.0,0.9029999999999999
8178.0,0.9029999999999999
8179.0,0.9029999999999999
8180.0,0.9029999999999999
8181.0,0.946
8182.0,0.9029999999999999
8183.0,0.8599999999999999
8184.0,0.9029999999999999
8185.0,0.9029999999999999
8186.0,0.9029999999999999
8187.0,0.9029999999999999
8188.0,0.9029999999999999
8189.0,0.9029999999999999
8190.0,0.9029999999999999
8191.0,0.9029999999999999
8192.0,0.9029999999999999
8193.0,0.9029999999999999
8194.0,0.9029999999999999
8195.0,0.9029999999999999
8196.0,0.9029999999999999
8197.0,0.9029999999999999
8198.0,0.9029999999999999
8199.0,0.946
8200.0,0.9029999999999999
8201.0,0.9029999999999999
8202.0,0.9029999999999999
8203.0,0.9029999999999999
8204.0,0.9029999999999999
8205.0,0.9029999999999999
8206.0,0.9029999999999999
8207.0,0.9029999999999999
8208.0,0.9029999999999999
8209.0,0.9029999999999999
8210.0,0.9029999999999999
8211.0,0.9029999999999999
8212.0,0.9029999999999999
8213.0,0.9029999999999999
8214.0,0.9029999999999999
8215.0,0.9029999999999999
8216.0,0.9029999999999999
8217.0,0.9029999999999999
8218.0,0.9029999999999999
8219.0,0.9029999999999999
8220.0,0.9029999999999999
8221.0,0.9029999999999999
8222.0,0.9029999999999999
8223.0,0.9029999999999999
8224.0,0.9029999999999999
8225.0,0.9029999999999999
8226.0,0.9029999999999999
8227.0,0.9029999999999999
8228.0,0.9029999999999999
8229.0,0.9029999999999999
8230.0,0.9029999999999999
8231.0,0.9029999999999999
8232.0,0.9029999999999999
8233.0,0.9029999999999999
8234.0,0.9029999999999999
8235.0,0.9029999999999999
8236.0,0.9029999999999999
8237.0,0.9029999999999999
8238.0,0.9029999999999999
8239.0,0.9029999999999999
8240.0,0.9029999999999999
8241.0,0.9029999999999999
8242.0,0.9029999999999999
8243.0,0.9029999999999999
8244.0,0.9029999999999999
8245.0,0.9029999999999999
8246.0,0.9029999999999999
8247.0,0.9029999999999999
8248.0,0.9029999999999999
8249.0,0.8599999999999999
8250.0,0.9029999999999999
8251.0,0.9029999999999999
8252.0,0.9029999999999999
8253.0,0.9029999999999999
8254.0,0.9029999999999999
8255.0,0.946
8256.0,0.9029999999999999
8257.0,0.9029999999999999
8258.0,0.9029999999999999
8259.0,0.9029999999999999
8260.0,0.9029999999999999
8261.0,0.8599999999999999
8262.0,0.9029999999999999
8263.0,0.9029999999999999
8264.0,0.9029999999999999
8265.0,0.9029999999999999
8266.0,0.9029999999999999
8267.0,0.9029999999999999
8268.0,0.9029999999999999
8269.0,0.9029999999999999
8270.0,0.9029999999999999
8271.0,0.9029999999999999
8272.0,0.9029999999999999
8273.0,0.9029999999999999
8274.0,0.9029999999999999
8275.0,0.9029999999999999
8276.0,0.9029999999999999
8277.0,0.9029999999999999
8278.0,0.9029999999999999
8279.0,0.9029999999999999
8280.0,0.9029999999999999
8281.0,0.9029999999999999
8282.0,0.9029999999999999
8283.0,0.9029999999999999
8284.0,0.9029999999999999
8285.0,0.9029999999999999
8286.0,0.9029999999999999
8287.0,0.9029999999999999
8288.0,0.9029999999999999
8289.0,0.9029999999999999
8290.0,0.9029999999999999
8291.0,0.9029999999999999
8292.0,0.9029999999999999
8293.0,0.9029999999999999
8294.0,0.9029999999999999
8295.0,0.9029999999999999
8296.0,0.9029999999999999
8297.0,0.9029999999999999
8298.0,0.9029999999999999
8299.0,0.9029999999999999
8300.0,0.9029999999999999
8301.0,0.8599999999999999
8302.0,0.9029999999999999
8303.0,0.9029999999999999
8304.0,0.9029999999999999
8305.0,0.8599999999999999
8306.0,0.8599999999999999
8307.0,0.8599999999999999
8308.0,0.8599999999999999
8309.0,0.9029999999999999
8310.0,0.9029999999999999
8311.0,0.9029999999999999
8312.0,0.9029999999999999
8313.0,0.946
8314.0,0.9029999999999999
8315.0,0.9029999999999999
8316.0,0.9029999999999999
8317.0,0.9029999999999999
8318.0,0.9029999999999999
8319.0,0.8599999999999999
8320.0,0.9029999999999999
8321.0,0.9029999999999999
8322.0,0.9029999999999999
8323.0,0.9029999999999999
8324.0,0.9029999999999999
8325.0,0.9029999999999999
8326.0,0.9029999999999999
8327.0,0.9029999999999999
8328.0,0.9029999999999999
8329.0,0.9029999999999999
8330.0,0.9029999999999999
8331.0,0.9029999999999999
8332.0,0.9029999999999999
8333.0,0.9029999999999999
8334.0,0.9029999999999999
8335.0,0.9029999999999999
8336.0,0.9029999999999999
8337.0,0.9029999999999999
8338.0,0.9029999999999999
8339.0,0.9029999999999999
8340.0,0.9029999999999999
8341.0,0.8599999999999999
8342.0,0.9029999999999999
8343.0,0.8599999999999999
8344.0,0.9029999999999999
8345.0,0.8599999999999999
8346.0,0.9029999999999999
8347.0,0.9029999999999999
8348.0,0.9029999999999999
8349.0,0.9029999999999999
8350.0,0.8599999999999999
8351.0,0.8599999999999999
8352.0,0.9029999999999999
8353.0,0.9029999999999999
8354.0,0.9029999999999999
8355.0,0.8599999999999999
8356.0,0.9029999999999999
8357.0,0.9029999999999999
8358.0,0.9029999999999999
8359.0,0.9029999999999999
8360.0,0.9029999999999999
8361.0,0.9029999999999999
8362.0,0.9029999999999999
8363.0,0.9029999999999999
8364.0,0.9029999999999999
8365.0,0.9029999999999999
8366.0,0.9029999999999999
8367.0,0.9029999999999999
8368.0,0.9029999999999999
8369.0,0.9029999999999999
8370.0,0.9029999999999999
8371.0,0.9029999999999999
8372.0,0.9029999999999999
8373.0,0.8599999999999999
8374.0,0.9029999999999999
8375.0,0.8599999999999999
8376.0,0.9029999999999999
8377.0,0.9029999999999999
8378.0,0.8599999999999999
8379.0,0.9029999999999999
8380.0,0.9029999999999999
8381.0,0.8599999999999999
8382.0,0.8599999999999999
8383.0,0.8599999999999999
8384.0,0.9029999999999999
8385.0,0.9029999999999999
8386.0,0.9029999999999999
8387.0,0.9029999999999999
8388.0,0.9029999999999999
8389.0,0.9029999999999999
8390.0,0.9029999999999999
8391.0,0.8599999999999999
8392.0,0.9029999999999999
8393.0,0.9029999999999999
8394.0,0.8599999999999999
8395.0,0.8599999999999999
8396.0,0.9029999999999999
8397.0,0.8599999999999999
8398.0,0.9029999999999999
8399.0,0.9029999999999999
8400.0,0.9029999999999999
8401.0,0.9029999999999999
8402.0,0.9029999999999999
8403.0,0.8599999999999999
8404.0,0.9029999999999999
8405.0,0.9029999999999999
8406.0,0.9029999999999999
8407.0,0.8599999999999999
8408.0,0.9029999999999999
8409.0,0.8599999999999999
8410.0,0.8599999999999999
8411.0,0.8599999999999999
8412.0,0.9029999999999999
8413.0,0.9029999999999999
8414.0,0.9029999999999999
8415.0,0.8599999999999999
8416.0,0.9029999999999999
8417.0,0.8599999999999999
8418.0,0.8599999999999999
8419.0,0.8599999999999999
8420.0,0.9029999999999999
8421.0,0.9029999999999999
8422.0,0.9029999999999999
8423.0,0.9029999999999999
8424.0,0.9029999999999999
8425.0,0.9029999999999999
8426.0,0.9029999999999999
8427.0,0.8599999999999999
8428.0,0.9029999999999999
8429.0,0.8599999999999999
8430.0,0.8599999999999999
8431.0,0.8599999999999999
8432.0,0.8599999999999999
8433.0,0.8599999999999999
8434.0,0.9029999999999999
8435.0,0.8599999999999999
8436.0,0.9029999999999999
8437.0,0.9029999999999999
8438.0,0.9029999999999999
8439.0,0.9029999999999999
8440.0,0.9029999999999999
8441.0,0.8599999999999999
8442.0,0.8599999999999999
8443.0,0.9029999999999999
8444.0,0.9029999999999999
8445.0,0.9029999999999999
8446.0,0.9029999999999999
8447.0,0.9029999999999999
8448.0,0.8599999999999999
8449.0,0.9029999999999999
8450.0,0.9029999999999999
8451.0,0.9029999999999999
8452.0,0.9029999999999999
8453.0,0.9029999999999999
8454.0,0.8599999999999999
8455.0,0.8599999999999999
8456.0,0.9029999999999999
8457.0,0.8599999999999999
8458.0,0.9029999999999999
8459.0,0.8599999999999999
8460.0,0.8599999999999999
8461.0,0.8599999999999999
8462.0,0.9029999999999999
8463.0,0.8599999999999999
8464.0,0.8599999999999999
8465.0,0.8599999999999999
8466.0,0.8599999999999999
8467.0,0.9029999999999999
8468.0,0.9029999999999999
8469.0,0.9029999999999999
8470.0,0.9029999999999999
8471.0,0.9029999999999999
8472.0,0.8599999999999999
8473.0,0.8599999999999999
8474.0,0.9029999999999999
8475.0,0.8599999999999999
8476.0,0.8599999999999999
8477.0,0.9029999999999999
8478.0,0.9029999999999999
8479.0,0.8599999999999999
8480.0,0.8599999999999999
8481.0,0.8599999999999999
8482.0,0.9029999999999999
8483.0,0.9029999999999999
8484.0,0.8599999999999999
8485.0,0.8599999999999999
8486.0,0.9029999999999999
8487.0,0.9029999999999999
8488.0,0.9029999999999999
8489.0,0.8599999999999999
8490.0,0.8599999999999999
8491.0,0.8599999999999999
8492.0,0.8599999999999999
8493.0,0.9029999999999999
8494.0,0.8599999999999999
8495.0,0.8599999999999999
8496.0,0.8599999999999999
8497.0,0.8599999999999999
8498.0,0.9029999999999999
8499.0,0.8599999999999999
8500.0,0.9029999999999999
8501.0,0.8599999999999999
8502.0,0.8599999999999999
8503.0,0.9029999999999999
8504.0,0.8599999999999999
8505.0,0.8599999999999999
8506.0,0.9029999999999999
8507.0,0.8599999999999999
8508.0,0.9029999999999999
8509.0,0.8599999999999999
8510.0,0.9029999999999999
8511.0,0.8599999999999999
8512.0,0.9029999999999999
8513.0,0.8599999999999999
8514.0,0.8599999999999999
8515.0,0.8599999999999999
8516.0,0.8599999999999999
8517.0,0.8599999999999999
8518.0,0.8599999999999999
8519.0,0.8599999999999999
8520.0,0.9029999999999999
8521.0,0.8599999999999999
8522.0,0.8599999999999999
8523.0,0.8599999999999999
8524.0,0.8599999999999999
8525.0,0.8599999999999999
8526.0,0.8599999999999999
8527.0,0.8599999999999999
8528.0,0.8599999999999999
8529.0,0.8599999999999999
8530.0,0.8599999999999999
8531.0,0.8599999999999999
8532.0,0.8599999999999999
8533.0,0.8599999999999999
