time_ms,diameter_mm
0.0,2.1069999999999998
2.0,2.1069999999999998
4.0,2.1069999999999998
6.0,2.15
8.0,2.1069999999999998
10.0,2.064
12.0,2.1069999999999998
14.0,2.15
16.0,2.1069999999999998
18.0,2.1069999999999998
20.0,2.1069999999999998
22.0,2.15
24.0,2.1069999999999998
26.0,2.064
28.0,2.1069999999999998
30.0,2.1069999999999998
32.0,2.1069999999999998
34.0,2.1069999999999998
36.0,2.1069999999999998
38.0,2.1069999999999998
40.0,2.1069999999999998
42.0,2.1069999999999998
44.0,2.064
46.0,2.1069999999999998
48.0,2.15
50.0,2.1069999999999998
52.0,2.064
54.0,2.1069999999999998
56.0,2.15
58.0,2.1069999999999998
60.0,2.064
62.0,2.1069999999999998
64.0,2.15
66.0,2.1069999999999998
68.0,2.064
70.0,2.064
72.0,2.1069999999999998
74.0,2.1069999999999998
76.0,2.1069999999999998
78.0,2.1069999999999998
80.0,2.1069999999999998
82.0,2.1069999999999998
84.0,2.064
86.0,2.064
88.0,2.1069999999999998
90.0,2.1069999999999998
92.0,2.064
94.0,2.064
96.0,2.1069999999999998
98.0,2.1069999999999998
100.0,2.064
102.0,2.064
104.0,2.1069999999999998
106.0,2.1069999999999998
108.0,2.1069999999999998
110.0,2.064
112.0,2.064
114.0,2.1069999999999998
116.0,2.064
118.0,2.064
120.0,2.064
122.0,2.1069999999999998
124.0,2.1069999999999998
126.0,2.064
128.0,2.064
130.0,2.1069999999999998
132.0,2.1069999999999998
134.0,2.064
136.0,2.064
138.0,2.1069999999999998
140.0,2.1069999999999998
142.0,2.064
144.0,2.064
146.0,2.1069999999999998
148.0,2.064
150.0,2.064
152.0,2.064
154.0,2.064
156.0,2.1069999999999998
158.0,2.064
160.0,2.064
162.0,2.1069999999999998
164.0,2.1069999999999998
166.0,2.1069999999999998
168.0,2.064
170.0,2.064
172.0,2.064
174.0,2.064
176.0,2.064
178.0,2.064
180.0,2.1069999999999998
182.0,2.1069999999999998
184.0,2.064
186.0,2.064
188.0,2.1069999999999998
190.0,2.064
192.0,2.064
194.0,2.064
196.0,2.1069999999999998
198.0,2.1069999999999998
200.0,2.064
202.0,2.064
204.0,2.064
206.0,2.1069999999999998
208.0,2.064
210.0,2.064
212.0,2.064
214.0,2.1069999999999998
216.0,2.064
218.0,2.064
220.0,2.064
222.0,2.1069999999999998
224.0,2.064
226.0,2.064
228.0,2.064
230.0,2.064
232.0,2.064
234.0,2.064
236.0,2.064
238.0,2.064
240.0,2.064
242.0,2.064
244.0,2.064
246.0,2.064
248.0,2.064
250.0,2.064
252.0,2.064
254.0,2.064
256.0,2.064
258.0,2.064
260.0,2.064
262.0,2.064
264.0,2.064
266.0,2.064
268.0,2.064
270.0,2.064
272.0,2.064
274.0,2.064
276.0,2.064
278.0,2.064
280.0,2.064
282.0,2.064
284.0,2.064
286.0,2.064
288.0,2.064
290.0,2.064
292.0,2.064
294.0,2.064
296.0,2.064
298.0,2.064
300.0,2.064
302.0,2.064
304.0,2.064
306.0,2.064
308.0,2.064
310.0,2.064
312.0,2.064
314.0,2.064
316.0,2.064
318.0,2.064
320.0,2.064
322.0,2.064
324.0,2.064
326.0,2.064
328.0,2.064
330.0,2.064
332.0,2.064
334.0,2.064
336.0,2.064
338.0,2.064
340.0,2.064
342.0,2.064
344.0,2.064
346.0,2.064
348.0,2.064
350.0,2.064
352.0,2.064
354.0,2.064
356.0,2.064
358.0,2.064
360.0,2.064
362.0,2.064
364.0,2.064
366.0,2.064
368.0,2.064
370.0,2.064
372.0,2.064
374.0,2.064
376.0,2.021
378.0,2.021
380.0,2.064
382.0,2.064
384.0,2.021
386.0,2.064
388.0,2.064
390.0,2.064
392.0,2.064
394.0,2.064
396.0,2.064
398.0,2.064
400.0,2.064
402.0,2.064
404.0,2.064
406.0,2.064
408.0,2.064
410.0,2.021
412.0,2.064
414.0,2.064
416.0,2.064
418.0,2.064
420.0,2.021
422.0,2.064
424.0,2.021
426.0,2.021
428.0,2.021
430.0,2.064
432.0,2.064
434.0,2.021
436.0,2.021
438.0,2.064
440.0,2.064
442.0,2.064
444.0,2.021
446.0,2.064
448.0,2.064
450.0,2.064
452.0,2.021
454.0,2.064
456.0,2.064
458.0,2.064
460.0,2.021
462.0,2.021
464.0,2.064
466.0,2.021
468.0,2.021
470.0,2.021
472.0,2.021
474.0,2.064
476.0,2.021
478.0,2.021
480.0,2.064
482.0,2.064
484.0,2.021
486.0,2.021
488.0,2.064
490.0,2.064
492.0,2.021
494.0,2.021
496.0,2.064
498.0,2.064
500.0,2.021
502.0,1.9779999999999998
504.0,2.021
506.0,2.064
508.0,2.021
510.0,2.021
512.0,2.021
514.0,2.021
516.0,2.021
518.0,1.9779999999999998
520.0,2.021
522.0,2.064
524.0,2.064
526.0,2.021
528.0,2.021
530.0,2.064
532.0,2.064
534.0,2.021
536.0,2.021
538.0,2.064
540.0,2.064
542.0,2.021
544.0,1.9779999999999998
546.0,2.021
548.0,2.021
550.0,2.021
552.0,1.9779999999999998
554.0,2.021
556.0,2.021
558.0,2.021
560.0,1.9779999999999998
562.0,2.021
564.0,2.021
566.0,2.021
568.0,1.9779999999999998
570.0,2.021
572.0,2.064
574.0,2.064
576.0,1.9779999999999998
578.0,2.021
580.0,2.064
582.0,2.021
584.0,1.9779999999999998
586.0,1.9779999999999998
588.0,1.9779999999999998
590.0,2.021
592.0,1.9779999999999998
594.0,1.9779999999999998
596.0,2.021
598.0,2.021
600.0,2.021
602.0,1.9779999999999998
604.0,2.021
606.0,2.021
608.0,1.9779999999999998
610.0,1.9779999999999998
612.0,1.9779999999999998
614.0,2.021
616.0,2.021
618.0,1.9779999999999998
620.0,1.9779999999999998
622.0,2.021
624.0,2.021
626.0,1.9779999999999998
628.0,1.9779999999999998
630.0,2.021
632.0,2.021
634.0,1.9779999999999998
636.0,1.9779999999999998
638.0,2.021
640.0,2.021
642.0,1.9779999999999998
644.0,1.9779999999999998
646.0,1.9779999999999998
648.0,2.021
650.0,1.9779999999999998
652.0,1.9779999999999998
654.0,1.9779999999999998
656.0,2.021
658.0,1.9779999999999998
660.0,1.9779999999999998
662.0,1.9779999999999998
664.0,2.021
666.0,1.9779999999999998
668.0,1.9779999999999998
670.0,1.9779999999999998
672.0,2.021
674.0,2.021
676.0,1.9779999999999998
678.0,1.9779999999999998
680.0,2.021
682.0,2.021
684.0,1.9779999999999998
686.0,1.9779999999999998
688.0,2.021
690.0,2.021
692.0,1.9779999999999998
694.0,1.9779999999999998
696.0,1.9779999999999998
698.0,2.021
700.0,1.9779999999999998
702.0,1.9779999999999998
704.0,1.9779999999999998
706.0,2.021
708.0,1.9779999999999998
710.0,1.9779999999999998
712.0,1.9779999999999998
714.0,1.9779999999999998
716.0,1.9779999999999998
718.0,1.9779999999999998
720.0,1.9779999999999998
722.0,2.021
724.0,1.9779999999999998
726.0,1.9779999999999998
728.0,1.9779999999999998
730.0,2.021
732.0,2.021
734.0,1.9779999999999998
736.0,1.9779999999999998
738.0,1.9779999999999998
740.0,1.9779999999999998
742.0,1.9779999999999998
744.0,1.9779999999999998
746.0,1.9779999999999998
748.0,1.9779999999999998
750.0,1.9779999999999998
752.0,1.9779999999999998
754.0,1.9779999999999998
756.0,1.9779999999999998
758.0,1.9779999999999998
760.0,1.9779999999999998
762.0,1.9779999999999998
764.0,1.9779999999999998
766.0,1.9779999999999998
768.0,1.9779999999999998
770.0,1.9779999999999998
772.0,1.9779999999999998
774.0,1.9779999999999998
776.0,1.9779999999999998
778.0,1.9779999999999998
780.0,1.9779999999999998
782.0,1.9779999999999998
784.0,1.9779999999999998
786.0,1.9779999999999998
788.0,1.9779999999999998
790.0,1.9779999999999998
792.0,1.9779999999999998
794.0,1.9779999999999998
796.0,1.9779999999999998
798.0,1.9779999999999998
800.0,1.9779999999999998
802.0,1.9779999999999998
804.0,1.9779999999999998
806.0,1.9779999999999998
808.0,1.9779999999999998
810.0,1.9779999999999998
812.0,1.9779999999999998
814.0,1.9779999999999998
816.0,1.9779999999999998
818.0,1.9779999999999998
820.0,1.9779999999999998
822.0,1.9779999999999998
824.0,1.9779999999999998
826.0,1.9779999999999998
828.0,1.9779999999999998
830.0,1.9779999999999998
832.0,1.9779999999999998
834.0,1.9779999999999998
836.0,1.9779999999999998
838.0,1.9779999999999998
840.0,1.9779999999999998
842.0,1.9779999999999998
844.0,1.9779999999999998
846.0,1.9779999999999998
848.0,1.9779999999999998
850.0,1.9779999999999998
852.0,1.9779999999999998
854.0,1.9779999999999998
856.0,1.9779999999999998
858.0,1.9779999999999998
860.0,1.9349999999999998
862.0,1.9779999999999998
864.0,1.9779999999999998
866.0,1.9779999999999998
868.0,1.9349999999999998
870.0,1.9779999999999998
872.0,1.9779999999999998
874.0,1.9779999999999998
876.0,1.9779999999999998
878.0,1.9779999999999998
880.0,1.9779999999999998
882.0,1.9779999999999998
884.0,1.9779999999999998
886.0,1.9779999999999998
888.0,1.9779999999999998
890.0,1.9779999999999998
892.0,1.9779999999999998
894.0,1.9349999999999998
896.0,1.9779999999999998
898.0,1.9779999999999998
900.0,1.9349999999999998
902.0,1.9349999999999998
904.0,1.9779999999999998
906.0,1.9779999999999998
908.0,1.9779999999999998
910.0,1.9349999999999998
912.0,1.9779999999999998
914.0,1.9779999999999998
916.0,1.9349999999999998
918.0,1.9349999999999998
920.0,1.9779999999999998
922.0,1.9779999999999998
924.0,1.9779999999999998
926.0,1.9349999999999998
928.0,1.9349999999999998
930.0,1.9779999999999998
932.0,1.9779999999999998
934.0,1.9779999999999998
936.0,1.9349999999999998
938.0,1.9779999999999998
940.0,1.9779999999999998
942.0,1.9779999999999998
944.0,1.9349999999999998
946.0,1.9779999999999998
948.0,1.9779999999999998
950.0,1.9349999999999998
952.0,1.9349999999999998
954.0,1.9349999999999998
956.0,1.9779999999999998
958.0,1.9349999999999998
960.0,1.9349999999999998
962.0,1.9349999999999998
964.0,1.9779999999999998
966.0,1.9779999999999998
968.0,1.9349999999999998
970.0,1.9779999999999998
972.0,1.9779999999999998
974.0,1.9779999999999998
976.0,1.9349999999999998
978.0,1.9349999999999998
980.0,1.9779999999999998
982.0,1.9779999999999998
984.0,1.9349999999999998
986.0,1.9349999999999998
988.0,1.9349999999999998
990.0,1.9349999999999998
992.0,1.9349999999999998
994.0,1.9349999999999998
996.0,1.9349999999999998
998.0,1.9349999999999998
1000.0,1.9349999999999998
1002.0,1.892
1004.0,1.9349999999999998
1006.0,1.9779999999999998
1008.0,1.9349999999999998
1010.0,1.9349999999999998
1012.0,1.9349999999999998
1014.0,1.9779999999999998
1016.0,1.9349999999999998
1018.0,1.892
1020.0,1.9349999999999998
1022.0,1.9779999999999998
1024.0,1.9349999999999998
1026.0,1.892
1028.0,1.9349999999999998
1030.0,1.9349999999999998
1032.0,1.9349999999999998
1034.0,1.9349999999999998
1036.0,1.892
1038.0,1.9349999999999998
1040.0,1.9349999999999998
1042.0,1.9349999999999998
1044.0,1.892
1046.0,1.9349999999999998
1048.0,1.9779999999999998
1050.0,1.9349999999999998
1052.0,1.892
1054.0,1.9349999999999998
1056.0,1.9349999999999998
1058.0,1.9349999999999998
1060.0,1.892
1062.0,1.892
1064.0,1.9349999999999998
1066.0,1.9349999999999998
1068.0,1.9349999999999998
1070.0,1.9349999999999998
1072.0,1.9349999999999998
1074.0,1.9349999999999998
1076.0,1.892
1078.0,1.892
1080.0,1.9349999999999998
1082.0,1.9349999999999998
1084.0,1.892
1086.0,1.892
1088.0,1.9349999999999998
1090.0,1.9349999999999998
1092.0,1.892
1094.0,1.892
1096.0,1.892
1098.0,1.9349999999999998
1100.0,1.9349999999999998
1102.0,1.892
1104.0,1.892
1106.0,1.9349999999999998
1108.0,1.892
1110.0,1.892
1112.0,1.892
1114.0,1.9349999999999998
1116.0,1.892
1118.0,1.892
1120.0,1.892
1122.0,1.9349999999999998
1124.0,1.892
1126.0,1.892
1128.0,1.892
1130.0,1.9349999999999998
1132.0,1.892
1134.0,1.892
1136.0,1.892
1138.0,1.9349999999999998
1140.0,1.9349999999999998
1142.0,1.892
1144.0,1.892
1146.0,1.892
1148.0,1.9349999999999998
1150.0,1.892
1152.0,1.892
1154.0,1.892
1156.0,1.9349999999999998
1158.0,1.892
1160.0,1.892
1162.0,1.892
1164.0,1.892
1166.0,1.892
1168.0,1.892
1170.0,1.892
1172.0,1.892
1174.0,1.9349999999999998
1176.0,1.892
1178.0,1.892
1180.0,1.892
1182.0,1.9349999999999998
1184.0,1.892
1186.0,1.892
1188.0,1.892
1190.0,1.892
1192.0,1.892
1194.0,1.892
1196.0,1.892
1198.0,1.892
1200.0,1.892
1202.0,1.892
1204.0,1.892
1206.0,1.9349999999999998
1208.0,1.892
1210.0,1.892
1212.0,1.892
1214.0,1.892
1216.0,1.892
1218.0,1.892
1220.0,1.892
1222.0,1.892
1224.0,1.892
1226.0,1.892
1228.0,1.892
1230.0,1.892
1232.0,1.892
1234.0,1.892
1236.0,1.892
1238.0,1.892
1240.0,1.892
1242.0,1.892
1244.0,1.892
1246.0,1.892
1248.0,1.892
1250.0,1.892
1252.0,1.892
1254.0,1.892
1256.0,1.892
1258.0,1.892
1260.0,1.892
1262.0,1.892
1264.0,1.892
1266.0,1.892
1268.0,1.892
1270.0,1.892
1272.0,1.892
1274.0,1.892
1276.0,1.892
1278.0,1.892
1280.0,1.892
1282.0,1.892
1284.0,1.892
1286.0,1.892
1288.0,1.892
1290.0,1.892
1292.0,1.892
1294.0,1.892
1296.0,1.892
1298.0,1.892
1300.0,1.892
1302.0,1.8489999999999998
1304.0,1.892
1306.0,1.892
1308.0,1.892
1310.0,1.892
1312.0,1.892
1314.0,1.892
1316.0,1.892
1318.0,1.892
1320.0,1.892
1322.0,1.892
1324.0,1.892
1326.0,1.892
1328.0,1.8489999999999998
1330.0,1.892
1332.0,1.892
1334.0,1.892
1336.0,1.8489999999999998
1338.0,1.892
1340.0,1.892
1342.0,1.892
1344.0,1.8489999999999998
1346.0,1.892
1348.0,1.892
1350.0,1.892
1352.0,1.8489999999999998
1354.0,1.892
1356.0,1.892
1358.0,1.892
1360.0,1.8489999999999998
1362.0,1.892
1364.0,1.892
1366.0,1.892
1368.0,1.8489999999999998
1370.0,1.8489999999999998
1372.0,1.892
1374.0,1.892
1376.0,1.8489999999999998
1378.0,1.8489999999999998
1380.0,1.892
1382.0,1.892
1384.0,1.8489999999999998
1386.0,1.892
1388.0,1.892
1390.0,1.892
1392.0,1.892
1394.0,1.8489999999999998
1396.0,1.892
1398.0,1.892
1400.0,1.8489999999999998
1402.0,1.8489999999999998
1404.0,1.8489999999999998
1406.0,1.892
1408.0,1.8489999999999998
1410.0,1.8489999999999998
1412.0,1.8489999999999998
1414.0,1.892
1416.0,1.892
1418.0,1.8489999999999998
1420.0,1.8489999999999998
1422.0,1.892
1424.0,1.892
1426.0,1.8489999999999998
1428.0,1.8489999999999998
1430.0,1.892
1432.0,1.892
1434.0,1.8489999999999998
1436.0,1.8489999999999998
1438.0,1.8489999999999998
1440.0,1.892
1442.0,1.8489999999999998
1444.0,1.8059999999999998
1446.0,1.8489999999999998
1448.0,1.892
1450.0,1.8489999999999998
1452.0,1.8059999999999998
1454.0,1.8489999999999998
1456.0,1.8489999999999998
1458.0,1.8489999999999998
1460.0,1.8059999999999998
1462.0,1.8489999999999998
1464.0,1.8489999999999998
1466.0,1.892
1468.0,1.8489999999999998
1470.0,1.8059999999999998
1472.0,1.8489999999999998
1474.0,1.892
1476.0,1.8489999999999998
1478.0,1.8059999999999998
1480.0,1.8489999999999998
1482.0,1.892
1484.0,1.8059999999999998
1486.0,1.8059999999999998
1488.0,1.8489999999999998
1490.0,1.8489999999999998
1492.0,1.8489999999999998
1494.0,1.8059999999999998
1496.0,1.8489999999999998
1498.0,1.8489999999999998
1500.0,1.8489999999999998
1502.0,1.8059999999999998
1504.0,1.8489999999999998
1506.0,1.8489999999999998
1508.0,1.8489999999999998
1510.0,1.8059999999999998
1512.0,1.8489999999999998
1514.0,1.8489999999999998
1516.0,1.8489999999999998
1518.0,1.8059999999999998
1520.0,1.8489999999999998
1522.0,1.8489999999999998
1524.0,1.8489999999999998
1526.0,1.8059999999999998
1528.0,1.8059999999999998
1530.0,1.8489999999999998
1532.0,1.8489999999999998
1534.0,1.8059999999999998
1536.0,1.8059999999999998
1538.0,1.8059999999999998
1540.0,1.8489999999999998
1542.0,1.8059999999999998
1544.0,1.8059999999999998
1546.0,1.8489999999999998
1548.0,1.8489999999999998
1550.0,1.8489999999999998
1552.0,1.8059999999999998
1554.0,1.8489999999999998
1556.0,1.8489999999999998
1558.0,1.8489999999999998
1560.0,1.8059999999999998
1562.0,1.8489999999999998
1564.0,1.8489999999999998
1566.0,1.8489999999999998
1568.0,1.8059999999999998
1570.0,1.8059999999999998
1572.0,1.8489999999999998
1574.0,1.8489999999999998
1576.0,1.8059999999999998
1578.0,1.8059999999999998
1580.0,1.8489999999999998
1582.0,1.8489999999999998
1584.0,1.8059999999999998
1586.0,1.8059999999999998
1588.0,1.8489999999999998
1590.0,1.8489999999999998
1592.0,1.8059999999999998
1594.0,1.8059999999999998
1596.0,1.8059999999999998
1598.0,1.8489999999999998
1600.0,1.8059999999999998
1602.0,1.8059999999999998
1604.0,1.8059999999999998
1606.0,1.8489999999999998
1608.0,1.8059999999999998
1610.0,1.8059999999999998
1612.0,1.8059999999999998
1614.0,1.8489999999999998
1616.0,1.8489999999999998
1618.0,1.8059999999999998
1620.0,1.8059999999999998
1622.0,1.8489999999999998
1624.0,1.8489999999999998
1626.0,1.8059999999999998
1628.0,1.8059999999999998
1630.0,1.8489999999999998
1632.0,1.8489999999999998
1634.0,1.8059999999999998
1636.0,1.8059999999999998
1638.0,1.8059999999999998
1640.0,1.8489999999999998
1642.0,1.8059999999999998
1644.0,1.8059999999999998
1646.0,1.8059999999999998
1648.0,1.8489999999999998
1650.0,1.8059999999999998
1652.0,1.8059999999999998
1654.0,1.8059999999999998
1656.0,1.8489999999999998
1658.0,1.8059999999999998
1660.0,1.8059999999999998
1662.0,1.8059999999999998
1664.0,1.8489999999999998
1666.0,1.8059999999999998
1668.0,1.8059999999999998
1670.0,1.8059999999999998
1672.0,1.8059999999999998
1674.0,1.8059999999999998
1676.0,1.8059999999999998
1678.0,1.8059999999999998
1680.0,1.8059999999999998
1682.0,1.8059999999999998
1684.0,1.8059999999999998
1686.0,1.8059999999999998
1688.0,1.8059999999999998
1690.0,1.8059999999999998
1692.0,1.8059999999999998
1694.0,1.8059999999999998
1696.0,1.8059999999999998
1698.0,1.8489999999999998
1700.0,1.8059999999999998
1702.0,1.8059999999999998
1704.0,1.8059999999999998
1706.0,1.8059999999999998
1708.0,1.8059999999999998
1710.0,1.8059999999999998
1712.0,1.8059999999999998
1714.0,1.8059999999999998
1716.0,1.8059999999999998
1718.0,1.8059999999999998
1720.0,1.8059999999999998
1722.0,1.8059999999999998
1724.0,1.8059999999999998
1726.0,1.8059999999999998
1728.0,1.8059999999999998
1730.0,1.8059999999999998
1732.0,1.8059999999999998
1734.0,1.8059999999999998
1736.0,1.8059999999999998
1738.0,1.8059999999999998
1740.0,1.8059999999999998
1742.0,1.8059999999999998
1744.0,1.8059999999999998
1746.0,1.8059999999999998
1748.0,1.8059999999999998
1750.0,1.8059999999999998
1752.0,1.8059999999999998
1754.0,1.8059999999999998
1756.0,1.8059999999999998
1758.0,1.8059999999999998
1760.0,1.8059999999999998
1762.0,1.8059999999999998
1764.0,1.8059999999999998
1766.0,1.8059999999999998
1768.0,1.8059999999999998
1770.0,1.8059999999999998
1772.0,1.8059999999999998
1774.0,1.8059999999999998
1776.0,1.8059999999999998
1778.0,1.8059999999999998
1780.0,1.8059999999999998
1782.0,1.8059999999999998
1784.0,1.8059999999999998
1786.0,1.8059999999999998
1788.0,1.8059999999999998
1790.0,1.8059999999999998
1792.0,1.8059999999999998
1794.0,1.8059999999999998
1796.0,1.8059999999999998
1798.0,1.8059999999999998
1800.0,1.8059999999999998
1802.0,1.763
1804.0,1.8059999999999998
1806.0,1.8059999999999998
1808.0,1.8059999999999998
1810.0,1.763
1812.0,1.763
1814.0,1.8059999999999998
1816.0,1.8059999999999998
1818.0,1.8059999999999998
1820.0,1.8059999999999998
1822.0,1.8059999999999998
1824.0,1.8059999999999998
1826.0,1.763
1828.0,1.8059999999999998
1830.0,1.8059999999999998
1832.0,1.8059999999999998
1834.0,1.8059999999999998
1836.0,1.763
1838.0,1.8059999999999998
1840.0,1.8059999999999998
1842.0,1.8059999999999998
1844.0,1.763
1846.0,1.763
1848.0,1.8059999999999998
1850.0,1.763
1852.0,1.763
1854.0,1.763
1856.0,1.8059999999999998
1858.0,1.8059999999999998
1860.0,1.763
1862.0,1.763
1864.0,1.8059999999999998
1866.0,1.8059999999999998
1868.0,1.763
1870.0,1.763
1872.0,1.8059999999999998
1874.0,1.8059999999999998
1876.0,1.763
1878.0,1.763
1880.0,1.8059999999999998
1882.0,1.8059999999999998
1884.0,1.763
1886.0,1.763
1888.0,1.763
1890.0,1.8059999999999998
1892.0,1.763
1894.0,1.763
1896.0,1.763
1898.0,1.8059999999999998
1900.0,1.8059999999999998
1902.0,1.7199999999999998
1904.0,1.763
1906.0,1.763
1908.0,1.763
1910.0,1.7199999999999998
1912.0,1.763
1914.0,1.8059999999999998
1916.0,1.8059999999999998
1918.0,1.763
1920.0,1.763
1922.0,1.763
1924.0,1.763
1926.0,1.763
1928.0,1.7199999999999998
1930.0,1.763
1932.0,1.763
1934.0,1.763
1936.0,1.7199999999999998
1938.0,1.763
1940.0,1.8059999999999998
1942.0,1.763
1944.0,1.7199999999999998
1946.0,1.7199999999999998
1948.0,1.763
1950.0,1.763
1952.0,1.7199999999999998
1954.0,1.7199999999999998
1956.0,1.763
1958.0,1.763
1960.0,1.7199999999999998
1962.0,1.7199999999999998
1964.0,1.763
1966.0,1.763
1968.0,1.7199999999999998
1970.0,1.7199999999999998
1972.0,1.763
1974.0,1.763
1976.0,1.7199999999999998
1978.0,1.7199999999999998
1980.0,1.763
1982.0,1.763
1984.0,1.7199999999999998
1986.0,1.7199999999999998
1988.0,1.763
1990.0,1.763
1992.0,1.7199999999999998
1994.0,1.7199999999999998
1996.0,1.7199999999999998
1998.0,1.763
2000.0,1.763
2002.0,1.7199999999999998
2004.0,1.7199999999999998
2006.0,1.763
2008.0,1.763
2010.0,1.7199999999999998
2012.0,1.7199999999999998
2014.0,1.763
2016.0,1.763
2018.0,1.7199999999999998
2020.0,1.7199999999999998
2022.0,1.763
2024.0,1.763
2026.0,1.7199999999999998
2028.0,1.7199999999999998
2030.0,1.7199999999999998
2032.0,1.763
2034.0,1.7199999999999998
2036.0,1.7199999999999998
2038.0,1.7199999999999998
2040.0,1.763
2042.0,1.7199999999999998
2044.0,1.7199999999999998
2046.0,1.7199999999999998
2048.0,1.763
2050.0,1.7199999999999998
2052.0,1.7199999999999998
2054.0,1.7199999999999998
2056.0,1.763
2058.0,1.763
2060.0,1.7199999999999998
2062.0,1.763
2064.0,1.763
2066.0,1.763
2068.0,1.7199999999999998
2070.0,1.7199999999999998
2072.0,1.763
2074.0,1.7199999999999998
2076.0,1.7199999999999998
2078.0,1.7199999999999998
2080.0,1.7199999999999998
2082.0,1.763
2084.0,1.7199999999999998
2086.0,1.7199999999999998
2088.0,1.763
2090.0,1.7199999999999998
2092.0,1.763
2094.0,1.7199999999999998
2096.0,1.7199999999999998
2098.0,1.763
2100.0,1.763
2102.0,1.7199999999999998
2104.0,1.7199999999999998
2106.0,1.7199999999999998
2108.0,1.7199999999999998
2110.0,1.7199999999999998
2112.0,1.7199999999999998
2114.0,1.7199999999999998
2116.0,1.7199999999999998
2118.0,1.7199999999999998
2120.0,1.7199999999999998
2122.0,1.7199999999999998
2124.0,1.763
2126.0,1.7199999999999998
2128.0,1.7199999999999998
2130.0,1.7199999999999998
2132.0,1.7199999999999998
2134.0,1.7199999999999998
2136.0,1.7199999999999998
2138.0,1.7199999999999998
2140.0,1.763
2142.0,1.763
2144.0,1.7199999999999998
2146.0,1.763
2148.0,1.763
2150.0,1.7199999999999998
2152.0,1.7199999999999998
2154.0,1.7199999999999998
2156.0,1.7199999999999998
2158.0,1.7199999999999998
2160.0,1.7199999999999998
2162.0,1.7199999999999998
2164.0,1.7199999999999998
2166.0,1.7199999999999998
2168.0,1.7199999999999998
2170.0,1.7199999999999998
2172.0,1.7199999999999998
2174.0,1.7199999999999998
2176.0,1.7199999999999998
2178.0,1.7199999999999998
2180.0,1.7199999999999998
2182.0,1.7199999999999998
2184.0,1.7199999999999998
2186.0,1.7199999999999998
2188.0,1.7199999999999998
2190.0,1.763
2192.0,1.7199999999999998
2194.0,1.7199999999999998
2196.0,1.7199999999999998
2198.0,1.763
2200.0,1.7199999999999998
2202.0,1.7199999999999998
2204.0,1.7199999999999998
2206.0,1.7199999999999998
2208.0,1.7199999999999998
2210.0,1.6769999999999998
2212.0,1.7199999999999998
2214.0,1.7199999999999998
2216.0,1.7199999999999998
2218.0,1.7199999999999998
2220.0,1.7199999999999998
2222.0,1.7199999999999998
2224.0,1.7199999999999998
2226.0,1.7199999999999998
2228.0,1.7199999999999998
2230.0,1.7199999999999998
2232.0,1.7199999999999998
2234.0,1.7199999999999998
2236.0,1.6769999999999998
2238.0,1.7199999999999998
2240.0,1.763
2242.0,1.7199999999999998
2244.0,1.7199999999999998
2246.0,1.7199999999999998
2248.0,1.7199999999999998
2250.0,1.7199999999999998
2252.0,1.7199999999999998
2254.0,1.7199999999999998
2256.0,1.7199999999999998
2258.0,1.7199999999999998
2260.0,1.7199999999999998
2262.0,1.7199999999999998
2264.0,1.7199999999999998
2266.0,1.7199999999999998
2268.0,1.7199999999999998
2270.0,1.7199999999999998
2272.0,1.7199999999999998
2274.0,1.7199999999999998
2276.0,1.6769999999999998
2278.0,1.6769999999999998
2280.0,1.6769999999999998
2282.0,1.7199999999999998
2284.0,1.6769999999999998
2286.0,1.6769999999999998
2288.0,1.6769999999999998
2290.0,1.7199999999999998
2292.0,1.7199999999999998
2294.0,1.6769999999999998
2296.0,1.7199999999999998
2298.0,1.7199999999999998
2300.0,1.7199999999999998
2302.0,1.6769999999999998
2304.0,1.6769999999999998
2306.0,1.7199999999999998
2308.0,1.7199999999999998
2310.0,1.6769999999999998
2312.0,1.6769999999999998
2314.0,1.7199999999999998
2316.0,1.7199999999999998
2318.0,1.6769999999999998
2320.0,1.6769999999999998
2322.0,1.7199999999999998
2324.0,1.6769999999999998
2326.0,1.6769999999999998
2328.0,1.6769999999999998
2330.0,1.6769999999999998
2332.0,1.7199999999999998
2334.0,1.6769999999999998
2336.0,1.6769999999999998
2338.0,1.7199999999999998
2340.0,1.7199999999999998
2342.0,1.7199999999999998
2344.0,1.6769999999999998
2346.0,1.7199999999999998
2348.0,1.7199999999999998
2350.0,1.7199999999999998
2352.0,1.6769999999999998
2354.0,1.6769999999999998
2356.0,1.6769999999999998
2358.0,1.6769999999999998
2360.0,1.6769999999999998
2362.0,1.6769999999999998
2364.0,1.7199999999999998
2366.0,1.6769999999999998
2368.0,1.6769999999999998
2370.0,1.6769999999999998
2372.0,1.7199999999999998
2374.0,1.7199999999999998
2376.0,1.6769999999999998
2378.0,1.634
2380.0,1.6769999999999998
2382.0,1.7199999999999998
2384.0,1.6769999999999998
2386.0,1.634
2388.0,1.7199999999999998
2390.0,1.7199999999999998
2392.0,1.6769999999999998
2394.0,1.634
2396.0,1.6769999999999998
2398.0,1.7199999999999998
2400.0,1.6769999999999998
2402.0,1.634
2404.0,1.6769999999999998
2406.0,1.6769999999999998
2408.0,1.6769999999999998
2410.0,1.634
2412.0,1.6769999999999998
2414.0,1.7199999999999998
2416.0,1.6769999999999998
2418.0,1.634
2420.0,1.634
2422.0,1.6769999999999998
2424.0,1.7199999999999998
2426.0,1.6769999999999998
2428.0,1.634
2430.0,1.6769999999999998
2432.0,1.6769999999999998
2434.0,1.634
2436.0,1.634
2438.0,1.634
2440.0,1.6769999999999998
2442.0,1.634
2444.0,1.634
2446.0,1.6769999999999998
2448.0,1.6769999999999998
2450.0,1.6769999999999998
2452.0,1.634
2454.0,1.6769999999999998
2456.0,1.6769999999999998
2458.0,1.6769999999999998
2460.0,1.634
2462.0,1.634
2464.0,1.6769999999999998
2466.0,1.6769999999999998
2468.0,1.634
2470.0,1.634
2472.0,1.6769999999999998
2474.0,1.6769999999999998
2476.0,1.634
2478.0,1.634
2480.0,1.6769999999999998
2482.0,1.6769999999999998
2484.0,1.634
2486.0,1.634
2488.0,1.6769999999999998
2490.0,1.6769999999999998
2492.0,1.6769999999999998
2494.0,1.634
2496.0,1.6769999999999998
2498.0,1.6769999999999998
2500.0,1.6769999999999998
2502.0,1.634
2504.0,1.634
2506.0,1.6769999999999998
2508.0,1.6769999999999998
2510.0,1.634
2512.0,1.634
2514.0,1.6769999999999998
2516.0,1.6769999999999998
2518.0,1.634
2520.0,1.634
2522.0,1.6769999999999998
2524.0,1.6769999999999998
2526.0,1.634
2528.0,1.634
2530.0,1.634
2532.0,1.634
2534.0,1.634
2536.0,1.634
2538.0,1.634
2540.0,1.6769999999999998
2542.0,1.634
2544.0,1.634
2546.0,1.634
2548.0,1.6769999999999998
2550.0,1.634
2552.0,1.634
2554.0,1.634
2556.0,1.634
2558.0,1.634
2560.0,1.634
2562.0,1.634
2564.0,1.6769999999999998
2566.0,1.634
2568.0,1.634
2570.0,1.634
2572.0,1.634
2574.0,1.6769999999999998
2576.0,1.634
2578.0,1.634
2580.0,1.634
2582.0,1.6769999999999998
2584.0,1.634
2586.0,1.634
2588.0,1.634
2590.0,1.634
2592.0,1.634
2594.0,1.634
2596.0,1.634
2598.0,1.634
2600.0,1.634
2602.0,1.634
2604.0,1.634
2606.0,1.634
2608.0,1.634
2610.0,1.634
2612.0,1.634
2614.0,1.6769999999999998
2616.0,1.6769999999999998
2618.0,1.634
2620.0,1.634
2622.0,1.634
2624.0,1.634
2626.0,1.634
2628.0,1.634
2630.0,1.634
2632.0,1.634
2634.0,1.634
2636.0,1.591
2638.0,1.634
2640.0,1.634
2642.0,1.634
2644.0,1.634
2646.0,1.634
2648.0,1.634
2650.0,1.634
2652.0,1.634
2654.0,1.634
2656.0,1.6769999999999998
2658.0,1.634
2660.0,1.634
2662.0,1.634
2664.0,1.634
2666.0,1.634
2668.0,1.634
2670.0,1.634
2672.0,1.634
2674.0,1.634
2676.0,1.634
2678.0,1.634
2680.0,1.634
2682.0,1.634
2684.0,1.634
2686.0,1.634
2688.0,1.634
2690.0,1.634
2692.0,1.634
2694.0,1.634
2696.0,1.634
2698.0,1.634
2700.0,1.634
2702.0,1.634
2704.0,1.634
2706.0,1.634
2708.0,1.634
2710.0,1.634
2712.0,1.634
2714.0,1.634
2716.0,1.634
2718.0,1.634
2720.0,1.634
2722.0,1.634
2724.0,1.634
2726.0,1.634
2728.0,1.634
2730.0,1.634
2732.0,1.634
2734.0,1.591
2736.0,1.591
2738.0,1.634
2740.0,1.634
2742.0,1.634
2744.0,1.591
2746.0,1.634
2748.0,1.634
2750.0,1.634
2752.0,1.591
2754.0,1.591
2756.0,1.634
2758.0,1.634
2760.0,1.591
2762.0,1.634
2764.0,1.634
2766.0,1.634
2768.0,1.591
2770.0,1.591
2772.0,1.634
2774.0,1.634
2776.0,1.591
2778.0,1.591
2780.0,1.634
2782.0,1.634
2784.0,1.591
2786.0,1.591
2788.0,1.634
2790.0,1.634
2792.0,1.634
2794.0,1.5479999999999998
2796.0,1.591
2798.0,1.634
2800.0,1.634
2802.0,1.591
2804.0,1.591
2806.0,1.634
2808.0,1.634
2810.0,1.591
2812.0,1.591
2814.0,1.634
2816.0,1.634
2818.0,1.591
2820.0,1.5479999999999998
2822.0,1.591
2824.0,1.634
2826.0,1.591
2828.0,1.5479999999999998
2830.0,1.591
2832.0,1.634
2834.0,1.591
2836.0,1.591
2838.0,1.591
2840.0,1.634
2842.0,1.591
2844.0,1.5479999999999998
2846.0,1.591
2848.0,1.591
2850.0,1.591
2852.0,1.5479999999999998
2854.0,1.591
2856.0,1.634
2858.0,1.591
2860.0,1.5479999999999998
2862.0,1.5479999999999998
2864.0,1.634
2866.0,1.591
2868.0,1.5479999999999998
2870.0,1.5479999999999998
2872.0,1.591
2874.0,1.591
2876.0,1.5479999999999998
2878.0,1.5479999999999998
2880.0,1.5479999999999998
2882.0,1.634
2884.0,1.5479999999999998
2886.0,1.5479999999999998
2888.0,1.5479999999999998
2890.0,1.634
2892.0,1.5479999999999998
2894.0,1.5479999999999998
2896.0,1.5479999999999998
2898.0,1.591
2900.0,1.5479999999999998
2902.0,1.5479999999999998
2904.0,1.5479999999999998
2906.0,1.591
2908.0,1.591
2910.0,1.5479999999999998
2912.0,1.5479999999999998
2914.0,1.591
2916.0,1.591
2918.0,1.5479999999999998
2920.0,1.5479999999999998
2922.0,1.591
2924.0,1.634
2926.0,1.591
2928.0,1.5479999999999998
2930.0,1.591
2932.0,1.634
2934.0,1.5479999999999998
2936.0,1.5479999999999998
2938.0,1.5479999999999998
2940.0,1.591
2942.0,1.5479999999999998
2944.0,1.5479999999999998
2946.0,1.5479999999999998
2948.0,1.591
2950.0,1.591
2952.0,1.5479999999999998
2954.0,1.5479999999999998
2956.0,1.591
2958.0,1.591
2960.0,1.5479999999999998
2962.0,1.5479999999999998
2964.0,1.5479999999999998
2966.0,1.591
2968.0,1.5479999999999998
2970.0,1.5479999999999998
2972.0,1.5479999999999998
2974.0,1.591
2976.0,1.5479999999999998
2978.0,1.5479999999999998
2980.0,1.591
2982.0,1.591
2984.0,1.5479999999999998
2986.0,1.5479999999999998
2988.0,1.5479999999999998
2990.0,1.591
2992.0,1.5479999999999998
2994.0,1.5479999999999998
2996.0,1.5479999999999998
2998.0,1.591
3000.0,1.5479999999999998
3002.0,1.5479999999999998
3004.0,1.5479999999999998
3006.0,1.591
3008.0,1.591
3010.0,1.5479999999999998
3012.0,1.5479999999999998
3014.0,1.5479999999999998
3016.0,1.5479999999999998
3018.0,1.5479999999999998
3020.0,1.5479999999999998
3022.0,1.5479999999999998
3024.0,1.5479999999999998
3026.0,1.5479999999999998
3028.0,1.5479999999999998
3030.0,1.5479999999999998
3032.0,1.591
3034.0,1.5479999999999998
3036.0,1.5479999999999998
3038.0,1.5479999999999998
3040.0,1.5479999999999998
3042.0,1.5479999999999998
3044.0,1.5479999999999998
3046.0,1.5479999999999998
3048.0,1.5479999999999998
3050.0,1.5479999999999998
3052.0,1.5479999999999998
3054.0,1.5479999999999998
3056.0,1.5479999999999998
3058.0,1.5479999999999998
3060.0,1.5479999999999998
3062.0,1.5479999999999998
3064.0,1.5479999999999998
3066.0,1.591
3068.0,1.5479999999999998
3070.0,1.5479999999999998
3072.0,1.5479999999999998
3074.0,1.591
3076.0,1.5479999999999998
3078.0,1.5479999999999998
3080.0,1.5479999999999998
3082.0,1.591
3084.0,1.5479999999999998
3086.0,1.5479999999999998
3088.0,1.5479999999999998
3090.0,1.5479999999999998
3092.0,1.5479999999999998
3094.0,1.5479999999999998
3096.0,1.5479999999999998
3098.0,1.5479999999999998
3100.0,1.5479999999999998
3102.0,1.5479999999999998
3104.0,1.5479999999999998
3106.0,1.5479999999999998
3108.0,1.5479999999999998
3110.0,1.5479999999999998
3112.0,1.5479999999999998
3114.0,1.5479999999999998
3116.0,1.5479999999999998
3118.0,1.5479999999999998
3120.0,1.5479999999999998
3122.0,1.5479999999999998
3124.0,1.5479999999999998
3126.0,1.5479999999999998
3128.0,1.5479999999999998
3130.0,1.5479999999999998
3132.0,1.5479999999999998
3134.0,1.5479999999999998
3136.0,1.5479999999999998
3138.0,1.5479999999999998
3140.0,1.5479999999999998
3142.0,1.5479999999999998
3144.0,1.5479999999999998
3146.0,1.5479999999999998
3148.0,1.5479999999999998
3150.0,1.5479999999999998
3152.0,1.5479999999999998
3154.0,1.5479999999999998
3156.0,1.5479999999999998
3158.0,1.5479999999999998
3160.0,1.5479999999999998
3162.0,1.5479999999999998
3164.0,1.5479999999999998
3166.0,1.5479999999999998
3168.0,1.5479999999999998
3170.0,1.5479999999999998
3172.0,1.5479999999999998
3174.0,1.5479999999999998
3176.0,1.5479999999999998
3178.0,1.5479999999999998
3180.0,1.5479999999999998
3182.0,1.5479999999999998
3184.0,1.5479999999999998
3186.0,1.5479999999999998
3188.0,1.5479999999999998
3190.0,1.5479999999999998
3192.0,1.5479999999999998
3194.0,1.5479999999999998
3196.0,1.5479999999999998
3198.0,1.5479999999999998
3200.0,1.5479999999999998
3202.0,1.5479999999999998
3204.0,1.5479999999999998
3206.0,1.5479999999999998
3208.0,1.5479999999999998
3210.0,1.5479999999999998
3212.0,1.5479999999999998
3214.0,1.5479999999999998
3216.0,1.5479999999999998
3218.0,1.5479999999999998
3220.0,1.5479999999999998
3222.0,1.5479999999999998
3224.0,1.5479999999999998
3226.0,1.5479999999999998
3228.0,1.5479999999999998
3230.0,1.5479999999999998
3232.0,1.5479999999999998
3234.0,1.5479999999999998
3236.0,1.5479999999999998
3238.0,1.5479999999999998
3240.0,1.5479999999999998
3242.0,1.5479999999999998
3244.0,1.505
3246.0,1.505
3248.0,1.5479999999999998
3250.0,1.5479999999999998
3252.0,1.5479999999999998
3254.0,1.505
3256.0,1.5479999999999998
3258.0,1.5479999999999998
3260.0,1.5479999999999998
3262.0,1.505
3264.0,1.5479999999999998
3266.0,1.5479999999999998
3268.0,1.505
3270.0,1.505
3272.0,1.5479999999999998
3274.0,1.5479999999999998
3276.0,1.5479999999999998
3278.0,1.505
3280.0,1.5479999999999998
3282.0,1.5479999999999998
3284.0,1.5479999999999998
3286.0,1.505
3288.0,1.505
3290.0,1.5479999999999998
3292.0,1.5479999999999998
3294.0,1.505
3296.0,1.5479999999999998
3298.0,1.5479999999999998
3300.0,1.5479999999999998
3302.0,1.505
3304.0,1.505
3306.0,1.5479999999999998
3308.0,1.5479999999999998
3310.0,1.505
3312.0,1.505
3314.0,1.505
3316.0,1.5479999999999998
3318.0,1.505
3320.0,1.462
3322.0,1.505
3324.0,1.5479999999999998
3326.0,1.505
3328.0,1.462
3330.0,1.505
3332.0,1.5479999999999998
3334.0,1.505
3336.0,1.462
3338.0,1.505
3340.0,1.5479999999999998
3342.0,1.5479999999999998
3344.0,1.462
3346.0,1.505
3348.0,1.5479999999999998
3350.0,1.505
3352.0,1.462
3354.0,1.505
3356.0,1.5479999999999998
3358.0,1.505
3360.0,1.462
3362.0,1.462
3364.0,1.5479999999999998
3366.0,1.505
3368.0,1.462
3370.0,1.462
3372.0,1.505
3374.0,1.505
3376.0,1.505
3378.0,1.462
3380.0,1.505
3382.0,1.5479999999999998
3384.0,1.505
3386.0,1.462
3388.0,1.462
3390.0,1.5479999999999998
3392.0,1.505
3394.0,1.462
3396.0,1.505
3398.0,1.505
3400.0,1.505
3402.0,1.462
3404.0,1.462
3406.0,1.505
3408.0,1.505
3410.0,1.462
3412.0,1.462
3414.0,1.505
3416.0,1.505
3418.0,1.462
3420.0,1.462
3422.0,1.505
3424.0,1.505
3426.0,1.462
3428.0,1.462
3430.0,1.505
3432.0,1.5479999999999998
3434.0,1.505
3436.0,1.462
3438.0,1.462
3440.0,1.505
3442.0,1.505
3444.0,1.462
3446.0,1.462
3448.0,1.505
3450.0,1.505
3452.0,1.462
3454.0,1.462
3456.0,1.505
3458.0,1.505
3460.0,1.462
3462.0,1.462
3464.0,1.462
3466.0,1.505
3468.0,1.462
3470.0,1.462
3472.0,1.462
3474.0,1.505
3476.0,1.462
3478.0,1.462
3480.0,1.462
3482.0,1.505
3484.0,1.462
3486.0,1.462
3488.0,1.462
3490.0,1.505
3492.0,1.462
3494.0,1.462
3496.0,1.462
3498.0,1.505
3500.0,1.462
3502.0,1.462
3504.0,1.462
3506.0,1.505
3508.0,1.462
3510.0,1.462
3512.0,1.462
3514.0,1.462
3516.0,1.505
3518.0,1.462
3520.0,1.462
3522.0,1.462
3524.0,1.462
3526.0,1.462
3528.0,1.462
3530.0,1.462
3532.0,1.462
3534.0,1.462
3536.0,1.462
3538.0,1.462
3540.0,1.505
3542.0,1.462
3544.0,1.462
3546.0,1.462
3548.0,1.505
3550.0,1.462
3552.0,1.462
3554.0,1.462
3556.0,1.462
3558.0,1.462
3560.0,1.462
3562.0,1.462
3564.0,1.462
3566.0,1.462
3568.0,1.462
3570.0,1.462
3572.0,1.462
3574.0,1.505
3576.0,1.462
3578.0,1.462
3580.0,1.462
3582.0,1.462
3584.0,1.462
3586.0,1.462
3588.0,1.462
3590.0,1.505
3592.0,1.462
3594.0,1.462
3596.0,1.462
3598.0,1.462
3600.0,1.462
3602.0,1.462
3604.0,1.462
3606.0,1.462
3608.0,1.462
3610.0,1.462
3612.0,1.462
3614.0,1.462
3616.0,1.462
3618.0,1.462
3620.0,1.462
3622.0,1.462
3624.0,1.462
3626.0,1.462
3628.0,1.462
3630.0,1.462
3632.0,1.462
3634.0,1.462
3636.0,1.462
3638.0,1.462
3640.0,1.462
3642.0,1.462
3644.0,1.462
3646.0,1.462
3648.0,1.462
3650.0,1.462
3652.0,1.462
3654.0,1.462
3656.0,1.462
3658.0,1.462
3660.0,1.462
3662.0,1.462
3664.0,1.462
3666.0,1.462
3668.0,1.462
3670.0,1.462
3672.0,1.462
3674.0,1.462
3676.0,1.462
3678.0,1.462
3680.0,1.462
3682.0,1.462
3684.0,1.462
3686.0,1.462
3688.0,1.462
3690.0,1.462
3692.0,1.462
3694.0,1.462
3696.0,1.462
3698.0,1.462
3700.0,1.462
3702.0,1.462
3704.0,1.462
3706.0,1.462
3708.0,1.462
3710.0,1.462
3712.0,1.462
3714.0,1.462
3716.0,1.462
3718.0,1.462
3720.0,1.462
3722.0,1.462
3724.0,1.462
3726.0,1.462
3728.0,1.462
3730.0,1.462
3732.0,1.462
3734.0,1.462
3736.0,1.4189999999999998
3738.0,1.462
3740.0,1.462
3742.0,1.462
3744.0,1.4189999999999998
3746.0,1.462
3748.0,1.462
3750.0,1.462
3752.0,1.462
3754.0,1.4189999999999998
3756.0,1.462
3758.0,1.462
3760.0,1.4189999999999998
3762.0,1.4189999999999998
3764.0,1.462
3766.0,1.462
3768.0,1.4189999999999998
3770.0,1.4189999999999998
3772.0,1.462
3774.0,1.462
3776.0,1.462
3778.0,1.4189999999999998
3780.0,1.462
3782.0,1.462
3784.0,1.462
3786.0,1.4189999999999998
3788.0,1.462
3790.0,1.462
3792.0,1.462
3794.0,1.4189999999999998
3796.0,1.4189999999999998
3798.0,1.462
3800.0,1.4189999999999998
3802.0,1.4189999999999998
3804.0,1.4189999999999998
3806.0,1.4189999999999998
3808.0,1.462
3810.0,1.4189999999999998
3812.0,1.376
3814.0,1.4189999999999998
3816.0,1.462
3818.0,1.376
3820.0,1.376
3822.0,1.462
3824.0,1.462
3826.0,1.4189999999999998
3828.0,1.376
3830.0,1.4189999999999998
3832.0,1.462
3834.0,1.462
3836.0,1.376
3838.0,1.462
3840.0,1.4189999999999998
3842.0,1.4189999999999998
3844.0,1.376
3846.0,1.376
3848.0,1.4189999999999998
3850.0,1.4189999999999998
3852.0,1.376
3854.0,1.4189999999999998
3856.0,1.4189999999999998
3858.0,1.4189999999999998
3860.0,1.376
3862.0,1.376
3864.0,1.4189999999999998
3866.0,1.462
3868.0,1.4189999999999998
3870.0,1.376
3872.0,1.376
3874.0,1.462
3876.0,1.4189999999999998
3878.0,1.376
3880.0,1.4189999999999998
3882.0,1.462
3884.0,1.376
3886.0,1.376
3888.0,1.376
3890.0,1.4189999999999998
3892.0,1.4189999999999998
3894.0,1.376
3896.0,1.376
3898.0,1.4189999999999998
3900.0,1.4189999999999998
3902.0,1.376
3904.0,1.376
3906.0,1.4189999999999998
3908.0,1.376
3910.0,1.376
3912.0,1.376
3914.0,1.4189999999999998
3916.0,1.4189999999999998
3918.0,1.376
3920.0,1.376
3922.0,1.376
3924.0,1.4189999999999998
3926.0,1.376
3928.0,1.376
3930.0,1.376
3932.0,1.4189999999999998
3934.0,1.376
3936.0,1.376
3938.0,1.376
3940.0,1.4189999999999998
3942.0,1.4189999999999998
3944.0,1.376
3946.0,1.376
3948.0,1.4189999999999998
3950.0,1.4189999999999998
3952.0,1.376
3954.0,1.376
3956.0,1.4189999999999998
3958.0,1.4189999999999998
3960.0,1.376
3962.0,1.376
3964.0,1.376
3966.0,1.4189999999999998
3968.0,1.376
3970.0,1.376
3972.0,1.376
3974.0,1.4189999999999998
3976.0,1.376
3978.0,1.376
3980.0,1.376
3982.0,1.376
3984.0,1.376
3986.0,1.376
3988.0,1.376
3990.0,1.376
3992.0,1.376
3994.0,1.376
3996.0,1.376
3998.0,1.4189999999999998
4000.0,1.376
4002.0,1.376
4004.0,1.376
4006.0,1.376
4008.0,1.376
4010.0,1.376
4012.0,1.376
4014.0,1.376
4016.0,1.376
4018.0,1.376
4020.0,1.376
4022.0,1.376
4024.0,1.376
4026.0,1.376
4028.0,1.376
4030.0,1.376
4032.0,1.376
4034.0,1.376
4036.0,1.376
4038.0,1.376
4040.0,1.376
4042.0,1.376
4044.0,1.376
4046.0,1.376
4048.0,1.376
4050.0,1.376
4052.0,1.376
4054.0,1.376
4056.0,1.376
4058.0,1.376
4060.0,1.376
4062.0,1.376
4064.0,1.376
4066.0,1.376
4068.0,1.376
4070.0,1.376
4072.0,1.376
4074.0,1.376
4076.0,1.376
4078.0,1.376
4080.0,1.376
4082.0,1.376
4084.0,1.376
4086.0,1.376
4088.0,1.376
4090.0,1.376
4092.0,1.376
4094.0,1.376
4096.0,1.376
4098.0,1.376
4100.0,1.376
4102.0,1.376
4104.0,1.376
4106.0,1.376
4108.0,1.376
4110.0,1.376
4112.0,1.376
4114.0,1.376
4116.0,1.376
4118.0,1.376
4120.0,1.376
4122.0,1.376
4124.0,1.376
4126.0,1.376
4128.0,1.376
4130.0,1.376
4132.0,1.376
4134.0,1.376
4136.0,1.333
4138.0,1.376
4140.0,1.376
4142.0,1.376
4144.0,1.376
4146.0,1.376
4148.0,1.376
4150.0,1.376
4152.0,1.376
4154.0,1.376
4156.0,1.376
4158.0,1.376
4160.0,1.376
4162.0,1.333
4164.0,1.376
4166.0,1.376
4168.0,1.376
4170.0,1.333
4172.0,1.376
4174.0,1.376
4176.0,1.376
4178.0,1.333
4180.0,1.376
4182.0,1.376
4184.0,1.376
4186.0,1.333
4188.0,1.376
4190.0,1.376
4192.0,1.376
4194.0,1.333
4196.0,1.333
4198.0,1.376
4200.0,1.376
4202.0,1.333
4204.0,1.333
4206.0,1.376
4208.0,1.376
4210.0,1.333
4212.0,1.333
4214.0,1.376
4216.0,1.376
4218.0,1.376
4220.0,1.2899999999999998
4222.0,1.376
4224.0,1.376
4226.0,1.376
4228.0,1.333
4230.0,1.376
4232.0,1.376
4234.0,1.376
4236.0,1.333
4238.0,1.376
4240.0,1.376
4242.0,1.376
4244.0,1.333
4246.0,1.333
4248.0,1.376
4250.0,1.376
4252.0,1.333
4254.0,1.333
4256.0,1.376
4258.0,1.376
4260.0,1.333
4262.0,1.333
4264.0,1.376
4266.0,1.376
4268.0,1.333
4270.0,1.333
4272.0,1.333
4274.0,1.376
4276.0,1.333
4278.0,1.333
4280.0,1.333
4282.0,1.376
4284.0,1.333
4286.0,1.333
4288.0,1.333
4290.0,1.376
4292.0,1.333
4294.0,1.2899999999999998
4296.0,1.2899999999999998
4298.0,1.376
4300.0,1.376
4302.0,1.333
4304.0,1.2899999999999998
4306.0,1.376
4308.0,1.376
4310.0,1.333
4312.0,1.2899999999999998
4314.0,1.333
4316.0,1.333
4318.0,1.333
4320.0,1.2899999999999998
4322.0,1.333
4324.0,1.333
4326.0,1.333
4328.0,1.2899999999999998
4330.0,1.333
4332.0,1.376
4334.0,1.333
4336.0,1.2899999999999998
4338.0,1.2899999999999998
4340.0,1.333
4342.0,1.333
4344.0,1.2899999999999998
4346.0,1.2899999999999998
4348.0,1.376
4350.0,1.333
4352.0,1.2899999999999998
4354.0,1.2899999999999998
4356.0,1.333
4358.0,1.333
4360.0,1.2899999999999998
4362.0,1.2899999999999998
4364.0,1.333
4366.0,1.376
4368.0,1.2899999999999998
4370.0,1.2899999999999998
4372.0,1.333
4374.0,1.376
4376.0,1.2899999999999998
4378.0,1.2899999999999998
4380.0,1.2899999999999998
4382.0,1.333
4384.0,1.2899999999999998
4386.0,1.2899999999999998
4388.0,1.2899999999999998
4390.0,1.333
4392.0,1.333
4394.0,1.2899999999999998
4396.0,1.2899999999999998
4398.0,1.333
4400.0,1.333
4402.0,1.2899999999999998
4404.0,1.2899999999999998
4406.0,1.2899999999999998
4408.0,1.333
4410.0,1.2899999999999998
4412.0,1.2899999999999998
4414.0,1.333
4416.0,1.333
4418.0,1.2899999999999998
4420.0,1.2899999999999998
4422.0,1.2899999999999998
4424.0,1.333
4426.0,1.333
4428.0,1.2899999999999998
4430.0,1.2899999999999998
4432.0,1.333
4434.0,1.2899999999999998
4436.0,1.2899999999999998
4438.0,1.2899999999999998
4440.0,1.333
4442.0,1.2899999999999998
4444.0,1.2899999999999998
4446.0,1.2899999999999998
4448.0,1.2899999999999998
4450.0,1.333
4452.0,1.2899999999999998
4454.0,1.2899999999999998
4456.0,1.2899999999999998
4458.0,1.333
4460.0,1.2899999999999998
4462.0,1.2899999999999998
4464.0,1.2899999999999998
4466.0,1.333
4468.0,1.2899999999999998
4470.0,1.2899999999999998
4472.0,1.2899999999999998
4474.0,1.2899999999999998
4476.0,1.2899999999999998
4478.0,1.2899999999999998
4480.0,1.2899999999999998
4482.0,1.333
4484.0,1.2899999999999998
4486.0,1.2899999999999998
4488.0,1.2899999999999998
4490.0,1.2899999999999998
4492.0,1.2899999999999998
4494.0,1.2899999999999998
4496.0,1.2899999999999998
4498.0,1.2899999999999998
4500.0,1.2899999999999998
4502.0,1.2899999999999998
4504.0,1.2899999999999998
4506.0,1.2899999999999998
4508.0,1.2899999999999998
4510.0,1.2899999999999998
4512.0,1.2899999999999998
4514.0,1.2899999999999998
4516.0,1.2899999999999998
4518.0,1.2899999999999998
4520.0,1.2899999999999998
4522.0,1.2899999999999998
4524.0,1.333
4526.0,1.2899999999999998
4528.0,1.2899999999999998
4530.0,1.2899999999999998
4532.0,1.333
4534.0,1.2899999999999998
4536.0,1.2899999999999998
4538.0,1.2899999999999998
4540.0,1.2899999999999998
4542.0,1.2899999999999998
4544.0,1.2899999999999998
4546.0,1.2899999999999998
4548.0,1.2899999999999998
4550.0,1.2899999999999998
4552.0,1.2899999999999998
4554.0,1.2469999999999999
4556.0,1.2899999999999998
4558.0,1.2899999999999998
4560.0,1.2899999999999998
4562.0,1.2899999999999998
4564.0,1.2899999999999998
4566.0,1.2899999999999998
4568.0,1.2899999999999998
4570.0,1.2899999999999998
4572.0,1.2899999999999998
4574.0,1.2899999999999998
4576.0,1.2899999999999998
4578.0,1.2899999999999998
4580.0,1.2899999999999998
4582.0,1.2899999999999998
4584.0,1.2899999999999998
4586.0,1.2899999999999998
4588.0,1.2899999999999998
4590.0,1.2899999999999998
4592.0,1.2899999999999998
4594.0,1.2899999999999998
4596.0,1.2899999999999998
4598.0,1.2899999999999998
4600.0,1.2899999999999998
4602.0,1.2899999999999998
4604.0,1.2899999999999998
4606.0,1.2899999999999998
4608.0,1.2899999999999998
4610.0,1.2899999999999998
4612.0,1.2899999999999998
4614.0,1.2899999999999998
4616.0,1.2899999999999998
4618.0,1.2899999999999998
4620.0,1.2899999999999998
4622.0,1.2899999999999998
4624.0,1.2899999999999998
4626.0,1.2899999999999998
4628.0,1.2899999999999998
4630.0,1.2899999999999998
4632.0,1.2899999999999998
4634.0,1.2899999999999998
4636.0,1.2899999999999998
4638.0,1.2899999999999998
4640.0,1.2899999999999998
4642.0,1.2899999999999998
4644.0,1.2899999999999998
4646.0,1.2899999999999998
4648.0,1.2899999999999998
4650.0,1.2899999999999998
4652.0,1.2899999999999998
4654.0,1.2899999999999998
4656.0,1.2899999999999998
4658.0,1.2899999999999998
4660.0,1.2899999999999998
4662.0,1.2899999999999998
4664.0,1.2899999999999998
4666.0,1.2899999999999998
4668.0,1.2899999999999998
4670.0,1.2469999999999999
4672.0,1.2899999999999998
4674.0,1.2899999999999998
4676.0,1.2899999999999998
4678.0,1.2899999999999998
4680.0,1.2899999999999998
4682.0,1.2899999999999998
4684.0,1.2899999999999998
4686.0,1.2899999999999998
4688.0,1.2899999999999998
4690.0,1.2899999999999998
4692.0,1.2899999999999998
4694.0,1.2899999999999998
4696.0,1.2899999999999998
4698.0,1.2899999999999998
4700.0,1.2899999999999998
4702.0,1.2899999999999998
4704.0,1.2899999999999998
4706.0,1.2899999999999998
4708.0,1.2899999999999998
4710.0,1.2469999999999999
4712.0,1.2469999999999999
4714.0,1.2899999999999998
4716.0,1.2899999999999998
4718.0,1.2899999999999998
4720.0,1.2469999999999999
4722.0,1.2899999999999998
4724.0,1.2899999999999998
4726.0,1.2899999999999998
4728.0,1.2469999999999999
4730.0,1.2899999999999998
4732.0,1.2899999999999998
4734.0,1.2899999999999998
4736.0,1.2469999999999999
4738.0,1.2899999999999998
4740.0,1.2899999999999998
4742.0,1.2899999999999998
4744.0,1.2899999999999998
4746.0,1.2469999999999999
4748.0,1.2899999999999998
4750.0,1.2899999999999998
4752.0,1.2469999999999999
4754.0,1.2469999999999999
4756.0,1.2899999999999998
4758.0,1.2899999999999998
4760.0,1.2469999999999999
4762.0,1.2469999999999999
4764.0,1.2469999999999999
4766.0,1.2899999999999998
4768.0,1.2899999999999998
4770.0,1.204
4772.0,1.2899999999999998
4774.0,1.2899999999999998
4776.0,1.2899999999999998
4778.0,1.2469999999999999
4780.0,1.2469999999999999
4782.0,1.2899999999999998
4784.0,1.2899999999999998
4786.0,1.2469999999999999
4788.0,1.2469999999999999
4790.0,1.2899999999999998
4792.0,1.2899999999999998
4794.0,1.204
4796.0,1.2469999999999999
4798.0,1.2899999999999998
4800.0,1.2899999999999998
4802.0,1.2469999999999999
4804.0,1.204
4806.0,1.2469999999999999
4808.0,1.2899999999999998
4810.0,1.204
4812.0,1.204
4814.0,1.2899999999999998
4816.0,1.2899999999999998
4818.0,1.2469999999999999
4820.0,1.204
4822.0,1.2469999999999999
4824.0,1.2899999999999998
4826.0,1.2469999999999999
4828.0,1.204
4830.0,1.2469999999999999
4832.0,1.2469999999999999
4834.0,1.2469999999999999
4836.0,1.204
4838.0,1.2469999999999999
4840.0,1.2899999999999998
4842.0,1.2469999999999999
4844.0,1.204
4846.0,1.204
4848.0,1.2899999999999998
4850.0,1.2469999999999999
4852.0,1.204
4854.0,1.204
4856.0,1.2469999999999999
4858.0,1.2469999999999999
4860.0,1.2469999999999999
4862.0,1.204
4864.0,1.204
4866.0,1.2899999999999998
4868.0,1.204
4870.0,1.204
4872.0,1.2469999999999999
4874.0,1.2899999999999998
4876.0,1.204
4878.0,1.204
4880.0,1.204
4882.0,1.2469999999999999
4884.0,1.204
4886.0,1.204
4888.0,1.204
4890.0,1.2469999999999999
4892.0,1.2469999999999999
4894.0,1.204
4896.0,1.204
4898.0,1.2469999999999999
4900.0,1.2469999999999999
4902.0,1.204
4904.0,1.204
4906.0,1.2469999999999999
4908.0,1.2469999999999999
4910.0,1.204
4912.0,1.204
4914.0,1.2469999999999999
4916.0,1.2469999999999999
4918.0,1.204
4920.0,1.204
4922.0,1.204
4924.0,1.2469999999999999
4926.0,1.204
4928.0,1.204
4930.0,1.204
4932.0,1.2469999999999999
4934.0,1.204
4936.0,1.204
4938.0,1.204
4940.0,1.2469999999999999
4942.0,1.2469999999999999
4944.0,1.204
4946.0,1.204
4948.0,1.2469999999999999
4950.0,1.2469999999999999
4952.0,1.204
4954.0,1.204
4956.0,1.204
4958.0,1.2469999999999999
4960.0,1.204
4962.0,1.204
4964.0,1.204
4966.0,1.2469999999999999
4968.0,1.204
4970.0,1.204
4972.0,1.204
4974.0,1.204
4976.0,1.204
4978.0,1.204
4980.0,1.204
4982.0,1.2469999999999999
4984.0,1.204
4986.0,1.204
4988.0,1.204
4990.0,1.204
4992.0,1.204
4994.0,1.204
4996.0,1.204
4998.0,1.204
5000.0,1.204
5002.0,1.204
5004.0,1.204
5006.0,1.204
5008.0,1.204
5010.0,1.204
5012.0,1.204
5014.0,1.204
5016.0,1.204
5018.0,1.204
5020.0,1.204
5022.0,1.204
5024.0,1.204
5026.0,1.204
5028.0,1.204
5030.0,1.204
5032.0,1.204
5034.0,1.204
5036.0,1.204
5038.0,1.204
5040.0,1.204
5042.0,1.204
5044.0,1.204
5046.0,1.204
5048.0,1.204
5050.0,1.204
5052.0,1.204
5054.0,1.204
5056.0,1.204
5058.0,1.204
5060.0,1.204
5062.0,1.204
5064.0,1.204
5066.0,1.204
5068.0,1.204
5070.0,1.204
5072.0,1.204
5074.0,1.204
5076.0,1.204
5078.0,1.1609999999999998
5080.0,1.204
5082.0,1.2469999999999999
5084.0,1.204
5086.0,1.204
5088.0,1.204
5090.0,1.204
5092.0,1.204
5094.0,1.204
5096.0,1.204
5098.0,1.204
5100.0,1.204
5102.0,1.204
5104.0,1.204
5106.0,1.204
5108.0,1.204
5110.0,1.204
5112.0,1.204
5114.0,1.204
5116.0,1.204
5118.0,1.204
5120.0,1.204
5122.0,1.204
5124.0,1.204
5126.0,1.204
5128.0,1.204
5130.0,1.204
5132.0,1.204
5134.0,1.204
5136.0,1.204
5138.0,1.1609999999999998
5140.0,1.204
5142.0,1.204
5144.0,1.204
5146.0,1.1609999999999998
5148.0,1.204
5150.0,1.204
5152.0,1.204
5154.0,1.204
5156.0,1.204
5158.0,1.204
5160.0,1.1609999999999998
5162.0,1.1609999999999998
5164.0,1.204
5166.0,1.204
5168.0,1.204
5170.0,1.1609999999999998
5172.0,1.204
5174.0,1.204
5176.0,1.204
5178.0,1.1609999999999998
5180.0,1.204
5182.0,1.204
5184.0,1.204
5186.0,1.1609999999999998
5188.0,1.204
5190.0,1.204
5192.0,1.204
5194.0,1.1609999999999998
5196.0,1.1609999999999998
5198.0,1.204
5200.0,1.204
5202.0,1.1609999999999998
5204.0,1.1609999999999998
5206.0,1.204
5208.0,1.204
5210.0,1.1609999999999998
5212.0,1.1609999999999998
5214.0,1.1609999999999998
5216.0,1.204
5218.0,1.1609999999999998
5220.0,1.1609999999999998
5222.0,1.204
5224.0,1.204
5226.0,1.204
5228.0,1.1609999999999998
5230.0,1.1609999999999998
5232.0,1.204
5234.0,1.1609999999999998
5236.0,1.1609999999999998
5238.0,1.1609999999999998
5240.0,1.204
5242.0,1.1609999999999998
5244.0,1.1609999999999998
5246.0,1.1179999999999999
5248.0,1.204
5250.0,1.204
5252.0,1.1609999999999998
5254.0,1.1179999999999999
5256.0,1.204
5258.0,1.204
5260.0,1.1609999999999998
5262.0,1.1179999999999999
5264.0,1.204
5266.0,1.204
5268.0,1.204
5270.0,1.1179999999999999
5272.0,1.1609999999999998
5274.0,1.204
5276.0,1.1609999999999998
5278.0,1.1179999999999999
5280.0,1.1609999999999998
5282.0,1.204
5284.0,1.1609999999999998
5286.0,1.1179999999999999
5288.0,1.1179999999999999
5290.0,1.204
5292.0,1.1609999999999998
5294.0,1.1179999999999999
5296.0,1.1179999999999999
5298.0,1.204
5300.0,1.204
5302.0,1.1179999999999999
5304.0,1.1179999999999999
5306.0,1.1609999999999998
5308.0,1.204
5310.0,1.1609999999999998
5312.0,1.1179999999999999
5314.0,1.1609999999999998
5316.0,1.204
5318.0,1.1179999999999999
5320.0,1.1179999999999999
5322.0,1.1609999999999998
5324.0,1.1609999999999998
5326.0,1.1609999999999998
5328.0,1.1179999999999999
5330.0,1.1179999999999999
5332.0,1.1609999999999998
5334.0,1.1609999999999998
5336.0,1.1179999999999999
5338.0,1.1179999999999999
5340.0,1.1609999999999998
5342.0,1.1609999999999998
5344.0,1.1179999999999999
5346.0,1.1179999999999999
5348.0,1.1609999999999998
5350.0,1.1609999999999998
5352.0,1.1179999999999999
5354.0,1.1179999999999999
5356.0,1.1609999999999998
5358.0,1.1609999999999998
5360.0,1.1179999999999999
5362.0,1.1179999999999999
5364.0,1.1609999999999998
5366.0,1.1609999999999998
5368.0,1.1179999999999999
5370.0,1.1179999999999999
5372.0,1.1179999999999999
5374.0,1.1609999999999998
5376.0,1.1179999999999999
5378.0,1.1179999999999999
5380.0,1.1179999999999999
5382.0,1.1609999999999998
5384.0,1.1179999999999999
5386.0,1.1179999999999999
5388.0,1.1179999999999999
5390.0,1.1609999999999998
5392.0,1.1609999999999998
5394.0,1.1179999999999999
5396.0,1.1179999999999999
5398.0,1.1179999999999999
5400.0,1.1179999999999999
5402.0,1.1179999999999999
5404.0,1.1179999999999999
5406.0,1.1179999999999999
5408.0,1.1609999999999998
5410.0,1.1179999999999999
5412.0,1.1179999999999999
5414.0,1.1609999999999998
5416.0,1.1179999999999999
5418.0,1.1179999999999999
5420.0,1.1179999999999999
5422.0,1.1179999999999999
5424.0,1.1609999999999998
5426.0,1.1179999999999999
5428.0,1.1179999999999999
5430.0,1.1179999999999999
5432.0,1.1179999999999999
5434.0,1.1179999999999999
5436.0,1.1179999999999999
5438.0,1.1179999999999999
5440.0,1.1609999999999998
5442.0,1.1179999999999999
5444.0,1.1179999999999999
5446.0,1.1179999999999999
5448.0,1.1179999999999999
5450.0,1.1179999999999999
5452.0,1.1179999999999999
5454.0,1.1179999999999999
5456.0,1.1179999999999999
5458.0,1.1179999999999999
5460.0,1.1179999999999999
5462.0,1.1179999999999999
5464.0,1.1179999999999999
5466.0,1.1609999999999998
5468.0,1.1179999999999999
5470.0,1.1179999999999999
5472.0,1.1179999999999999
5474.0,1.1179999999999999
5476.0,1.1179999999999999
5478.0,1.1179999999999999
5480.0,1.1179999999999999
5482.0,1.1179999999999999
5484.0,1.1179999999999999
5486.0,1.1179999999999999
5488.0,1.1179999999999999
5490.0,1.1179999999999999
5492.0,1.1179999999999999
5494.0,1.1179999999999999
5496.0,1.1179999999999999
5498.0,1.1179999999999999
5500.0,1.1179999999999999
5502.0,1.1179999999999999
5504.0,1.1179999999999999
5506.0,1.1179999999999999
5508.0,1.1179999999999999
5510.0,1.1179999999999999
5512.0,1.1179999999999999
5514.0,1.1179999999999999
5516.0,1.1179999999999999
5518.0,1.1179999999999999
5520.0,1.075
5522.0,1.1179999999999999
5524.0,1.1179999999999999
5526.0,1.1179999999999999
5528.0,1.1179999999999999
5530.0,1.1179999999999999
5532.0,1.1609999999999998
5534.0,1.1179999999999999
5536.0,1.1179999999999999
5538.0,1.1179999999999999
5540.0,1.1179999999999999
5542.0,1.1179999999999999
5544.0,1.075
5546.0,1.1179999999999999
5548.0,1.1179999999999999
5550.0,1.1179999999999999
5552.0,1.1179999999999999
5554.0,1.1179999999999999
5556.0,1.1179999999999999
5558.0,1.1179999999999999
5560.0,1.1179999999999999
5562.0,1.1179999999999999
5564.0,1.1179999999999999
5566.0,1.1179999999999999
5568.0,1.1179999999999999
5570.0,1.1179999999999999
5572.0,1.1179999999999999
5574.0,1.1179999999999999
5576.0,1.1179999999999999
5578.0,1.075
5580.0,1.1179999999999999
5582.0,1.1179999999999999
5584.0,1.1179999999999999
5586.0,1.1179999999999999
5588.0,1.075
5590.0,1.1179999999999999
5592.0,1.1179999999999999
5594.0,1.1179999999999999
5596.0,1.1179999999999999
5598.0,1.1179999999999999
5600.0,1.1179999999999999
5602.0,1.075
5604.0,1.075
5606.0,1.1179999999999999
5608.0,1.1179999999999999
5610.0,1.1179999999999999
5612.0,1.075
5614.0,1.1179999999999999
5616.0,1.1179999999999999
5618.0,1.1179999999999999
5620.0,1.075
5622.0,1.075
5624.0,1.1179999999999999
5626.0,1.1179999999999999
5628.0,1.075
5630.0,1.075
5632.0,1.1179999999999999
5634.0,1.1179999999999999
5636.0,1.075
5638.0,1.1179999999999999
5640.0,1.1179999999999999
5642.0,1.1179999999999999
5644.0,1.075
5646.0,1.075
5648.0,1.1179999999999999
5650.0,1.1179999999999999
5652.0,1.075
5654.0,1.075
5656.0,1.1179999999999999
5658.0,1.1179999999999999
5660.0,1.075
5662.0,1.075
5664.0,1.1179999999999999
5666.0,1.1179999999999999
5668.0,1.1179999999999999
5670.0,1.032
5672.0,1.1179999999999999
5674.0,1.1179999999999999
5676.0,1.1179999999999999
5678.0,1.032
5680.0,1.075
5682.0,1.1179999999999999
5684.0,1.1179999999999999
5686.0,1.032
5688.0,1.075
5690.0,1.1179999999999999
5692.0,1.1179999999999999
5694.0,1.075
5696.0,1.075
5698.0,1.1179999999999999
5700.0,1.1179999999999999
5702.0,1.075
5704.0,1.032
5706.0,1.1179999999999999
5708.0,1.1179999999999999
5710.0,1.075
5712.0,1.032
5714.0,1.1179999999999999
5716.0,1.1179999999999999
5718.0,1.075
5720.0,1.032
5722.0,1.075
5724.0,1.1179999999999999
5726.0,1.075
5728.0,1.032
5730.0,1.075
5732.0,1.1179999999999999
5734.0,1.075
5736.0,1.075
5738.0,1.032
5740.0,1.1179999999999999
5742.0,1.1179999999999999
5744.0,1.032
5746.0,1.032
5748.0,1.075
5750.0,1.1179999999999999
5752.0,1.032
5754.0,1.032
5756.0,1.1179999999999999
5758.0,1.1179999999999999
5760.0,1.032
5762.0,1.032
5764.0,1.1179999999999999
5766.0,1.1179999999999999
5768.0,1.075
5770.0,1.032
5772.0,1.032
5774.0,1.1179999999999999
5776.0,1.075
5778.0,1.032
5780.0,1.032
5782.0,1.1179999999999999
5784.0,1.032
5786.0,1.032
5788.0,1.032
5790.0,1.075
5792.0,1.075
5794.0,1.032
5796.0,1.032
5798.0,1.075
5800.0,1.075
5802.0,1.032
5804.0,1.032
5806.0,1.075
5808.0,1.075
5810.0,1.032
5812.0,1.032
5814.0,1.032
5816.0,1.1179999999999999
5818.0,1.032
5820.0,1.032
5822.0,1.032
5824.0,1.1179999999999999
5826.0,1.032
5828.0,1.032
5830.0,1.032
5832.0,1.075
5834.0,1.032
5836.0,1.032
5838.0,1.032
5840.0,1.032
5842.0,1.075
5844.0,1.032
5846.0,1.032
5848.0,1.032
5850.0,1.075
5852.0,1.032
5854.0,1.032
5856.0,1.075
5858.0,1.032
5860.0,1.032
5862.0,1.032
5864.0,1.032
5866.0,1.075
5868.0,1.032
5870.0,1.032
5872.0,1.032
5874.0,1.032
5876.0,1.032
5878.0,1.032
5880.0,1.032
5882.0,1.075
5884.0,1.032
5886.0,1.032
5888.0,1.032
5890.0,1.075
5892.0,1.032
5894.0,1.032
5896.0,1.032
5898.0,1.032
5900.0,1.032
5902.0,1.032
5904.0,1.032
5906.0,1.032
5908.0,1.032
5910.0,1.032
5912.0,1.032
5914.0,1.032
5916.0,1.032
5918.0,1.032
5920.0,1.032
5922.0,1.032
5924.0,1.032
5926.0,1.032
5928.0,1.032
5930.0,1.032
5932.0,1.032
5934.0,1.032
5936.0,1.032
5938.0,1.032
5940.0,1.032
5942.0,1.032
5944.0,1.032
5946.0,1.032
5948.0,1.032
5950.0,1.032
5952.0,1.032
5954.0,1.032
5956.0,1.032
5958.0,1.032
5960.0,1.032
5962.0,1.032
5964.0,1.032
5966.0,1.032
5968.0,1.032
5970.0,1.032
5972.0,1.032
5974.0,1.032
5976.0,1.032
5978.0,1.032
5980.0,1.032
5982.0,1.032
5984.0,1.032
5986.0,1.032
5988.0,1.032
5990.0,1.032
5992.0,1.032
5994.0,1.032
5996.0,1.032
5998.0,1.032
6000.0,1.032
6002.0,1.032
6004.0,1.032
6006.0,1.032
6008.0,1.032
6010.0,1.032
6012.0,1.032
6014.0,1.032
6016.0,1.032
6018.0,1.032
6020.0,1.032
6022.0,1.032
6024.0,1.032
6026.0,1.032
6028.0,1.032
6030.0,1.032
6032.0,1.032
6034.0,1.032
6036.0,1.032
6038.0,1.032
6040.0,1.032
6042.0,1.032
6044.0,1.032
6046.0,1.032
6048.0,1.032
6050.0,1.032
6052.0,1.032
6054.0,0.9889999999999999
6056.0,1.032
6058.0,1.032
6060.0,1.032
6062.0,1.032
6064.0,1.032
6066.0,1.032
6068.0,1.032
6070.0,1.032
6072.0,1.032
6074.0,1.032
6076.0,1.032
6078.0,1.032
6080.0,1.032
6082.0,1.032
6084.0,1.032
6086.0,1.032
6088.0,1.032
6090.0,1.032
6092.0,1.032
6094.0,1.032
6096.0,0.9889999999999999
6098.0,1.032
6100.0,1.032
6102.0,1.032
6104.0,0.9889999999999999
6106.0,1.032
6108.0,1.032
6110.0,1.032
6112.0,0.9889999999999999
6114.0,1.032
6116.0,1.032
6118.0,1.032
6120.0,0.9889999999999999
6122.0,1.032
6124.0,1.032
6126.0,1.032
6128.0,0.9889999999999999
6130.0,0.9889999999999999
6132.0,1.032
6134.0,1.032
6136.0,0.9889999999999999
6138.0,1.032
6140.0,1.032
6142.0,1.032
6144.0,0.9889999999999999
6146.0,0.9889999999999999
6148.0,1.032
6150.0,1.032
6152.0,0.9889999999999999
6154.0,0.9889999999999999
6156.0,1.032
6158.0,1.032
6160.0,1.032
6162.0,0.9889999999999999
6164.0,0.9889999999999999
6166.0,1.032
6168.0,0.9889999999999999
6170.0,0.9889999999999999
6172.0,1.032
6174.0,1.032
6176.0,1.032
6178.0,0.9889999999999999
6180.0,0.9889999999999999
6182.0,1.032
6184.0,1.032
6186.0,0.9889999999999999
6188.0,0.9889999999999999
6190.0,1.032
6192.0,1.032
6194.0,0.9889999999999999
6196.0,0.9889999999999999
6198.0,1.032
6200.0,1.032
6202.0,0.9889999999999999
6204.0,0.946
6206.0,0.9889999999999999
6208.0,1.032
6210.0,0.9889999999999999
6212.0,0.946
6214.0,0.9889999999999999
6216.0,1.032
6218.0,0.9889999999999999
6220.0,0.9889999999999999
6222.0,0.946
6224.0,1.032
6226.0,1.032
6228.0,0.946
6230.0,0.9889999999999999
6232.0,1.032
6234.0,1.032
6236.0,0.9889999999999999
6238.0,0.946
6240.0,1.032
6242.0,1.032
6244.0,0.9889999999999999
6246.0,0.9889999999999999
6248.0,0.9889999999999999
6250.0,1.032
6252.0,0.9889999999999999
6254.0,0.946
6256.0,0.9889999999999999
6258.0,1.032
6260.0,0.9889999999999999
6262.0,0.946
6264.0,0.9889999999999999
6266.0,1.032
6268.0,0.946
6270.0,0.946
6272.0,0.946
6274.0,1.032
6276.0,0.9889999999999999
6278.0,0.946
6280.0,0.946
6282.0,1.032
6284.0,0.9889999999999999
6286.0,0.946
6288.0,0.946
6290.0,0.9889999999999999
6292.0,0.9889999999999999
6294.0,0.946
6296.0,0.946
6298.0,0.9889999999999999
6300.0,0.9889999999999999
6302.0,0.946
6304.0,0.946
6306.0,0.9889999999999999
6308.0,0.9889999999999999
6310.0,0.946
6312.0,0.946
6314.0,0.9889999999999999
6316.0,0.9889999999999999
6318.0,0.9889999999999999
6320.0,0.946
6322.0,0.946
6324.0,0.9889999999999999
6326.0,0.946
6328.0,0.946
6330.0,0.946
6332.0,0.9889999999999999
6334.0,0.9889999999999999
6336.0,0.946
6338.0,0.946
6340.0,0.946
6342.0,0.946
6344.0,0.946
6346.0,0.946
6348.0,0.946
6350.0,0.9889999999999999
6352.0,0.946
6354.0,0.946
6356.0,0.946
6358.0,0.9889999999999999
6360.0,0.946
6362.0,0.946
6364.0,0.946
6366.0,0.9889999999999999
6368.0,0.946
6370.0,0.946
6372.0,0.946
6374.0,0.946
6376.0,0.946
6378.0,0.946
6380.0,0.946
6382.0,0.9889999999999999
6384.0,0.946
6386.0,0.946
6388.0,0.946
6390.0,0.946
6392.0,0.946
6394.0,0.946
6396.0,0.946
6398.0,0.946
6400.0,0.946
6402.0,0.946
6404.0,0.946
6406.0,0.946
6408.0,0.9889999999999999
6410.0,0.946
6412.0,0.946
6414.0,0.946
6416.0,0.946
6418.0,0.946
6420.0,0.946
6422.0,0.946
6424.0,0.946
6426.0,0.946
6428.0,0.946
6430.0,0.946
6432.0,0.946
6434.0,0.946
6436.0,0.946
6438.0,0.946
6440.0,0.946
6442.0,0.946
6444.0,0.946
6446.0,0.946
6448.0,0.946
6450.0,0.9889999999999999
6452.0,0.946
6454.0,0.946
6456.0,0.946
6458.0,0.946
6460.0,0.946
6462.0,0.946
6464.0,0.946
6466.0,0.946
6468.0,0.946
6470.0,0.9029999999999999
6472.0,0.946
6474.0,0.946
6476.0,0.946
6478.0,0.946
6480.0,0.946
6482.0,0.946
6484.0,0.946
6486.0,0.946
6488.0,0.946
6490.0,0.946
6492.0,0.946
6494.0,0.946
6496.0,0.946
6498.0,0.946
6500.0,0.946
6502.0,0.946
6504.0,0.946
6506.0,0.946
6508.0,0.946
6510.0,0.946
6512.0,0.9029999999999999
6514.0,0.946
6516.0,0.946
6518.0,0.946
6520.0,0.9029999999999999
6522.0,0.946
6524.0,0.946
6526.0,0.946
6528.0,0.946
6530.0,0.946
6532.0,0.946
6534.0,0.946
6536.0,0.9029999999999999
6538.0,0.9029999999999999
6540.0,0.946
6542.0,0.946
6544.0,0.9029999999999999
6546.0,0.9029999999999999
6548.0,0.946
6550.0,0.946
6552.0,0.946
6554.0,0.9029999999999999
6556.0,0.946
6558.0,0.946
6560.0,0.946
6562.0,0.9029999999999999
6564.0,0.946
6566.0,0.946
6568.0,0.946
6570.0,0.9029999999999999
6572.0,0.946
6574.0,0.946
6576.0,0.946
6578.0,0.9029999999999999
6580.0,0.946
6582.0,0.946
6584.0,0.946
6586.0,0.9029999999999999
6588.0,0.9029999999999999
6590.0,0.946
6592.0,0.946
6594.0,0.9029999999999999
6596.0,0.9029999999999999
6598.0,0.946
6600.0,0.946
6602.0,0.9029999999999999
6604.0,0.9029999999999999
6606.0,0.946
6608.0,0.946
6610.0,0.9029999999999999
6612.0,0.9029999999999999
6614.0,0.9029999999999999
6616.0,0.946
6618.0,0.9029999999999999
6620.0,0.9029999999999999
6622.0,0.9029999999999999
6624.0,0.946
6626.0,0.946
6628.0,0.8599999999999999
6630.0,0.9029999999999999
6632.0,0.946
6634.0,0.946
6636.0,0.9029999999999999
6638.0,0.9029999999999999
6640.0,0.946
6642.0,0.946
6644.0,0.9029999999999999
6646.0,0.9029999999999999
6648.0,0.9029999999999999
6650.0,0.946
6652.0,0.9029999999999999
6654.0,0.8599999999999999
6656.0,0.9029999999999999
6658.0,0.946
6660.0,0.9029999999999999
6662.0,0.9029999999999999
6664.0,0.946
6666.0,0.946
6668.0,0.946
6670.0,0.8599999999999999
6672.0,0.9029999999999999
6674.0,0.946
6676.0,0.946
6678.0,0.8599999999999999
6680.0,0.9029999999999999
6682.0,0.946
6684.0,0.946
6686.0,0.9029999999999999
6688.0,0.9029999999999999
6690.0,0.9029999999999999
6692.0,0.946
6694.0,0.9029999999999999
6696.0,0.8599999999999999
6698.0,0.9029999999999999
6700.0,0.946
6702.0,0.9029999999999999
6704.0,0.8599999999999999
6706.0,0.9029999999999999
6708.0,0.946
6710.0,0.9029999999999999
6712.0,0.8599999999999999
6714.0,0.8599999999999999
6716.0,0.946
6718.0,0.9029999999999999
6720.0,0.8599999999999999
6722.0,0.8599999999999999
6724.0,0.946
6726.0,0.9029999999999999
6728.0,0.8599999999999999
6730.0,0.9029999999999999
6732.0,0.9029999999999999
6734.0,0.9029999999999999
6736.0,0.8599999999999999
6738.0,0.8599999999999999
6740.0,0.9029999999999999
6742.0,0.9029999999999999
6744.0,0.8599999999999999
6746.0,0.8599999999999999
6748.0,0.8599999999999999
6750.0,0.9029999999999999
6752.0,0.8599999999999999
6754.0,0.8599999999999999
6756.0,0.8599999999999999
6758.0,0.9029999999999999
6760.0,0.8599999999999999
6762.0,0.8599999999999999
6764.0,0.9029999999999999
6766.0,0.9029999999999999
6768.0,0.8599999999999999
6770.0,0.8599999999999999
6772.0,0.8599999999999999
6774.0,0.9029999999999999
6776.0,0.8599999999999999
6778.0,0.8599999999999999
6780.0,0.8599999999999999
6782.0,0.9029999999999999
6784.0,0.8599999999999999
6786.0,0.8599999999999999
6788.0,0.8599999999999999
6790.0,0.8599999999999999
6792.0,0.8599999999999999
6794.0,0.8599999999999999
6796.0,0.8599999999999999
6798.0,0.8599999999999999
6800.0,0.9029999999999999
6802.0,0.8599999999999999
6804.0,0.8599999999999999
6806.0,0.8599999999999999
6808.0,0.9029999999999999
6810.0,0.8599999999999999
6812.0,0.8599999999999999
6814.0,0.8599999999999999
6816.0,0.9029999999999999
6818.0,0.8599999999999999
6820.0,0.8599999999999999
6822.0,0.8599999999999999
6824.0,0.9029999999999999
6826.0,0.8599999999999999
6828.0,0.8599999999999999
6830.0,0.8599999999999999
6832.0,0.8599999999999999
6834.0,0.8599999999999999
6836.0,0.8599999999999999
6838.0,0.8599999999999999
6840.0,0.8599999999999999
6842.0,0.8599999999999999
6844.0,0.8599999999999999
6846.0,0.8599999999999999
6848.0,0.8599999999999999
6850.0,0.8599999999999999
6852.0,0.8599999999999999
6854.0,0.8599999999999999
6856.0,0.8599999999999999
6858.0,0.8599999999999999
6860.0,0.8599999999999999
6862.0,0.8599999999999999
6864.0,0.8599999999999999
6866.0,0.9029999999999999
6868.0,0.8599999999999999
6870.0,0.8599999999999999
6872.0,0.8599999999999999
6874.0,0.8599999999999999
6876.0,0.8599999999999999
6878.0,0.8599999999999999
6880.0,0.8599999999999999
6882.0,0.8599999999999999
6884.0,0.8599999999999999
6886.0,0.8599999999999999
6888.0,0.8599999999999999
6890.0,0.8599999999999999
6892.0,0.8599999999999999
6894.0,0.8599999999999999
6896.0,0.8599999999999999
6898.0,0.8599999999999999
6900.0,0.8599999999999999
6902.0,0.8599999999999999
6904.0,0.8599999999999999
6906.0,0.8599999999999999
6908.0,0.8599999999999999
6910.0,0.8599999999999999
6912.0,0.8599999999999999
6914.0,0.8599999999999999
6916.0,0.8599999999999999
6918.0,0.8599999999999999
6920.0,0.8599999999999999
6922.0,0.8599999999999999
6924.0,0.8599999999999999
6926.0,0.8599999999999999
6928.0,0.8599999999999999
6930.0,0.8599999999999999
6932.0,0.8599999999999999
6934.0,0.8599999999999999
6936.0,0.8599999999999999
6938.0,0.8599999999999999
6940.0,0.8599999999999999
6942.0,0.8599999999999999
6944.0,0.8599999999999999
6946.0,0.8599999999999999
6948.0,0.8599999999999999
6950.0,0.8599999999999999
6952.0,0.8599999999999999
6954.0,0.817
6956.0,0.8599999999999999
6958.0,0.8599999999999999
6960.0,0.8599999999999999
6962.0,0.817
6964.0,0.8599999999999999
6966.0,0.8599999999999999
6968.0,0.8599999999999999
6970.0,0.817
6972.0,0.8599999999999999
6974.0,0.8599999999999999
6976.0,0.8599999999999999
6978.0,0.817
6980.0,0.8599999999999999
6982.0,0.8599999999999999
6984.0,0.8599999999999999
6986.0,0.817
6988.0,0.817
6990.0,0.8599999999999999
6992.0,0.8599999999999999
6994.0,0.8599999999999999
6996.0,0.8599999999999999
6998.0,0.8599999999999999
7000.0,0.8599999999999999
7002.0,0.8599999999999999
7004.0,0.817
7006.0,0.8599999999999999
7008.0,0.8599999999999999
7010.0,0.8599999999999999
7012.0,0.817
7014.0,0.8599999999999999
7016.0,0.8599999999999999
7018.0,0.8599999999999999
7020.0,0.817
7022.0,0.8599999999999999
7024.0,0.8599999999999999
7026.0,0.8599999999999999
7028.0,0.8599999999999999
7030.0,0.8599999999999999
7032.0,0.8599999999999999
7034.0,0.8599999999999999
7036.0,0.8599999999999999
7038.0,0.817
7040.0,0.8599999999999999
7042.0,0.8599999999999999
7044.0,0.8599999999999999
7046.0,0.817
7048.0,0.8599999999999999
7050.0,0.8599999999999999
7052.0,0.8599999999999999
7054.0,0.817
7056.0,0.817
7058.0,0.8599999999999999
7060.0,0.817
7062.0,0.817
7064.0,0.8599999999999999
7066.0,0.8599999999999999
7068.0,0.8599999999999999
7070.0,0.817
7072.0,0.8599999999999999
7074.0,0.8599999999999999
7076.0,0.8599999999999999
7078.0,0.817
7080.0,0.817
7082.0,0.8599999999999999
7084.0,0.8599999999999999
7086.0,0.817
7088.0,0.817
7090.0,0.8599999999999999
7092.0,0.8599999999999999
7094.0,0.817
7096.0,0.817
7098.0,0.817
7100.0,0.8599999999999999
7102.0,0.8599999999999999
7104.0,0.817
7106.0,0.817
7108.0,0.8599999999999999
7110.0,0.8599999999999999
7112.0,0.817
7114.0,0.817
7116.0,0.8599999999999999
7118.0,0.8599999999999999
7120.0,0.817
7122.0,0.817
7124.0,0.8599999999999999
7126.0,0.8599999999999999
7128.0,0.7739999999999999
7130.0,0.817
7132.0,0.8599999999999999
7134.0,0.8599999999999999
7136.0,0.817
7138.0,0.817
7140.0,0.8599999999999999
7142.0,0.8599999999999999
7144.0,0.817
7146.0,0.7739999999999999
7148.0,0.8599999999999999
7150.0,0.8599999999999999
7152.0,0.817
7154.0,0.7739999999999999
7156.0,0.8599999999999999
7158.0,0.817
7160.0,0.817
7162.0,0.817
7164.0,0.817
7166.0,0.817
7168.0,0.817
7170.0,0.817
7172.0,0.817
7174.0,0.817
7176.0,0.8599999999999999
7178.0,0.7739999999999999
7180.0,0.7739999999999999
7182.0,0.817
7184.0,0.8599999999999999
7186.0,0.817
7188.0,0.7739999999999999
7190.0,0.8599999999999999
7192.0,0.8599999999999999
7194.0,0.7739999999999999
7196.0,0.7739999999999999
7198.0,0.817
7200.0,0.8599999999999999
7202.0,0.817
7204.0,0.7739999999999999
7206.0,0.817
7208.0,0.8599999999999999
7210.0,0.817
7212.0,0.7739999999999999
7214.0,0.817
7216.0,0.817
7218.0,0.817
7220.0,0.7739999999999999
7222.0,0.7739999999999999
7224.0,0.817
7226.0,0.817
7228.0,0.7739999999999999
7230.0,0.7739999999999999
7232.0,0.817
7234.0,0.817
7236.0,0.7739999999999999
7238.0,0.7739999999999999
7240.0,0.817
7242.0,0.8599999999999999
7244.0,0.817
7246.0,0.7739999999999999
7248.0,0.817
7250.0,0.817
7252.0,0.7739999999999999
7254.0,0.7739999999999999
7256.0,0.7739999999999999
7258.0,0.817
7260.0,0.7739999999999999
7262.0,0.7739999999999999
7264.0,0.7739999999999999
7266.0,0.817
7268.0,0.7739999999999999
7270.0,0.7739999999999999
7272.0,0.7739999999999999
7274.0,0.817
7276.0,0.817
7278.0,0.7739999999999999
7280.0,0.7739999999999999
7282.0,0.7739999999999999
7284.0,0.817
7286.0,0.7739999999999999
7288.0,0.7739999999999999
7290.0,0.7739999999999999
7292.0,0.8599999999999999
7294.0,0.7739999999999999
7296.0,0.7739999999999999
7298.0,0.7739999999999999
7300.0,0.817
7302.0,0.7739999999999999
7304.0,0.7739999999999999
7306.0,0.7739999999999999
7308.0,0.817
7310.0,0.7739999999999999
7312.0,0.7739999999999999
7314.0,0.7739999999999999
7316.0,0.7739999999999999
7318.0,0.7739999999999999
7320.0,0.7739999999999999
7322.0,0.7739999999999999
7324.0,0.817
7326.0,0.7739999999999999
7328.0,0.7739999999999999
7330.0,0.7739999999999999
7332.0,0.817
7334.0,0.7739999999999999
7336.0,0.7739999999999999
7338.0,0.7739999999999999
7340.0,0.7739999999999999
7342.0,0.7739999999999999
7344.0,0.7739999999999999
7346.0,0.7739999999999999
7348.0,0.7739999999999999
7350.0,0.7739999999999999
7352.0,0.7739999999999999
7354.0,0.7739999999999999
7356.0,0.7739999999999999
7358.0,0.7739999999999999
7360.0,0.7739999999999999
7362.0,0.7739999999999999
7364.0,0.7739999999999999
7366.0,0.7739999999999999
7368.0,0.7739999999999999
7370.0,0.7739999999999999
7372.0,0.7739999999999999
7374.0,0.7739999999999999
7376.0,0.7739999999999999
7378.0,0.7739999999999999
7380.0,0.7739999999999999
7382.0,0.7739999999999999
7384.0,0.7739999999999999
7386.0,0.7739999999999999
7388.0,0.7739999999999999
7390.0,0.7739999999999999
7392.0,0.7739999999999999
7394.0,0.7739999999999999
7396.0,0.7739999999999999
7398.0,0.7739999999999999
7400.0,0.7739999999999999
7402.0,0.7739999999999999
7404.0,0.7739999999999999
7406.0,0.7739999999999999
7408.0,0.7739999999999999
7410.0,0.7739999999999999
7412.0,0.7739999999999999
7414.0,0.7739999999999999
7416.0,0.7739999999999999
7418.0,0.7739999999999999
7420.0,0.7739999999999999
7422.0,0.7739999999999999
7424.0,0.7739999999999999
7426.0,0.7739999999999999
7428.0,0.7739999999999999
7430.0,0.731
7432.0,0.7739999999999999
7434.0,0.7739999999999999
7436.0,0.7739999999999999
7438.0,0.731
7440.0,0.7739999999999999
7442.0,0.7739999999999999
7444.0,0.7739999999999999
7446.0,0.731
7448.0,0.7739999999999999
7450.0,0.7739999999999999
7452.0,0.7739999999999999
7454.0,0.731
7456.0,0.7739999999999999
7458.0,0.7739999999999999
7460.0,0.7739999999999999
7462.0,0.731
7464.0,0.7739999999999999
7466.0,0.7739999999999999
7468.0,0.7739999999999999
7470.0,0.731
7472.0,0.731
7474.0,0.7739999999999999
7476.0,0.7739999999999999
7478.0,0.731
7480.0,0.7739999999999999
7482.0,0.7739999999999999
7484.0,0.7739999999999999
7486.0,0.7739999999999999
7488.0,0.7739999999999999
7490.0,0.7739999999999999
7492.0,0.7739999999999999
7494.0,0.731
7496.0,0.731
7498.0,0.731
7500.0,0.7739999999999999
7502.0,0.731
7504.0,0.731
7506.0,0.731
7508.0,0.7739999999999999
7510.0,0.731
7512.0,0.731
7514.0,0.731
7516.0,0.7739999999999999
7518.0,0.7739999999999999
7520.0,0.731
7522.0,0.7739999999999999
7524.0,0.7739999999999999
7526.0,0.7739999999999999
7528.0,0.731
7530.0,0.731
7532.0,0.7739999999999999
7534.0,0.7739999999999999
7536.0,0.731
7538.0,0.731
7540.0,0.731
7542.0,0.731
7544.0,0.731
7546.0,0.731
7548.0,0.731
7550.0,0.7739999999999999
7552.0,0.731
7554.0,0.731
7556.0,0.731
7558.0,0.7739999999999999
7560.0,0.7739999999999999
7562.0,0.688
7564.0,0.731
7566.0,0.7739999999999999
7568.0,0.7739999999999999
7570.0,0.688
7572.0,0.731
7574.0,0.7739999999999999
7576.0,0.7739999999999999
7578.0,0.731
7580.0,0.688
7582.0,0.731
7584.0,0.7739999999999999
7586.0,0.731
7588.0,0.731
7590.0,0.731
7592.0,0.7739999999999999
7594.0,0.731
7596.0,0.731
7598.0,0.731
7600.0,0.7739999999999999
7602.0,0.731
7604.0,0.688
7606.0,0.731
7608.0,0.731
7610.0,0.731
7612.0,0.688
7614.0,0.688
7616.0,0.7739999999999999
7618.0,0.731
7620.0,0.688
7622.0,0.688
7624.0,0.7739999999999999
7626.0,0.731
7628.0,0.731
7630.0,0.731
7632.0,0.731
7634.0,0.731
7636.0,0.731
7638.0,0.688
7640.0,0.731
7642.0,0.731
7644.0,0.688
7646.0,0.688
7648.0,0.688
7650.0,0.731
7652.0,0.688
7654.0,0.688
7656.0,0.731
7658.0,0.731
7660.0,0.731
7662.0,0.688
7664.0,0.731
7666.0,0.731
7668.0,0.688
7670.0,0.688
7672.0,0.688
7674.0,0.731
7676.0,0.731
7678.0,0.688
7680.0,0.688
7682.0,0.731
7684.0,0.731
7686.0,0.688
7688.0,0.688
7690.0,0.731
7692.0,0.731
7694.0,0.688
7696.0,0.688
7698.0,0.688
7700.0,0.731
7702.0,0.688
7704.0,0.688
7706.0,0.688
7708.0,0.731
7710.0,0.688
7712.0,0.688
7714.0,0.688
7716.0,0.731
7718.0,0.731
7720.0,0.688
7722.0,0.688
7724.0,0.731
7726.0,0.731
7728.0,0.688
7730.0,0.688
7732.0,0.731
7734.0,0.688
7736.0,0.688
7738.0,0.6449999999999999
7740.0,0.688
7742.0,0.731
7744.0,0.688
7746.0,0.688
7748.0,0.688
7750.0,0.688
7752.0,0.688
7754.0,0.688
7756.0,0.688
7758.0,0.688
7760.0,0.688
7762.0,0.688
7764.0,0.688
7766.0,0.688
7768.0,0.688
7770.0,0.688
7772.0,0.688
7774.0,0.688
7776.0,0.688
7778.0,0.688
7780.0,0.688
7782.0,0.688
7784.0,0.688
7786.0,0.688
7788.0,0.688
7790.0,0.688
7792.0,0.688
7794.0,0.688
7796.0,0.688
7798.0,0.688
7800.0,0.688
7802.0,0.688
7804.0,0.6449999999999999
7806.0,0.688
7808.0,0.688
7810.0,0.688
7812.0,0.688
7814.0,0.688
7816.0,0.688
7818.0,0.688
7820.0,0.6449999999999999
7822.0,0.688
7824.0,0.688
7826.0,0.688
7828.0,0.688
7830.0,0.688
7832.0,0.688
7834.0,0.688
7836.0,0.688
7838.0,0.6449999999999999
7840.0,0.688
7842.0,0.688
7844.0,0.688
7846.0,0.6449999999999999
7848.0,0.688
7850.0,0.688
7852.0,0.688
7854.0,0.6449999999999999
7856.0,0.6449999999999999
7858.0,0.688
7860.0,0.688
7862.0,0.688
7864.0,0.6449999999999999
7866.0,0.688
7868.0,0.688
7870.0,0.6449999999999999
7872.0,0.688
7874.0,0.688
7876.0,0.688
7878.0,0.6449999999999999
7880.0,0.6449999999999999
7882.0,0.688
7884.0,0.688
7886.0,0.6449999999999999
7888.0,0.6449999999999999
7890.0,0.688
7892.0,0.688
7894.0,0.688
7896.0,0.6449999999999999
7898.0,0.6449999999999999
7900.0,0.688
7902.0,0.688
7904.0,0.6449999999999999
7906.0,0.6449999999999999
7908.0,0.688
7910.0,0.688
7912.0,0.6449999999999999
7914.0,0.688
7916.0,0.688
7918.0,0.688
7920.0,0.6449999999999999
7922.0,0.6449999999999999
7924.0,0.688
7926.0,0.688
7928.0,0.6449999999999999
7930.0,0.6449999999999999
7932.0,0.688
7934.0,0.688
7936.0,0.6449999999999999
7938.0,0.6449999999999999
7940.0,0.688
7942.0,0.688
7944.0,0.6449999999999999
7946.0,0.6449999999999999
7948.0,0.688
7950.0,0.6449999999999999
7952.0,0.6449999999999999
7954.0,0.6449999999999999
7956.0,0.688
7958.0,0.688
7960.0,0.688
7962.0,0.6449999999999999
7964.0,0.688
7966.0,0.688
7968.0,0.6449999999999999
7970.0,0.6449999999999999
7972.0,0.6449999999999999
7974.0,0.688
7976.0,0.688
7978.0,0.6449999999999999
7980.0,0.6449999999999999
7982.0,0.6449999999999999
7984.0,0.688
7986.0,0.6449999999999999
7988.0,0.6449999999999999
7990.0,0.6449999999999999
7992.0,0.688
7994.0,0.6449999999999999
7996.0,0.6449999999999999
7998.0,0.6449999999999999
8000.0,0.688
8002.0,0.6449999999999999
8004.0,0.6449999999999999
8006.0,0.6449999999999999
8008.0,0.688
8010.0,0.6449999999999999
8012.0,0.6449999999999999
8014.0,0.6449999999999999
8016.0,0.6449999999999999
8018.0,0.6449999999999999
8020.0,0.6449999999999999
8022.0,0.6449999999999999
8024.0,0.688
8026.0,0.6449999999999999
8028.0,0.602
8030.0,0.6449999999999999
8032.0,0.688
8034.0,0.688
8036.0,0.6449999999999999
8038.0,0.602
8040.0,0.6449999999999999
8042.0,0.6449999999999999
8044.0,0.6449999999999999
8046.0,0.6449999999999999
8048.0,0.6449999999999999
8050.0,0.6449999999999999
8052.0,0.6449999999999999
8054.0,0.6449999999999999
8056.0,0.6449999999999999
8058.0,0.6449999999999999
8060.0,0.6449999999999999
8062.0,0.602
8064.0,0.6449999999999999
8066.0,0.6449999999999999
8068.0,0.6449999999999999
8070.0,0.602
8072.0,0.602
8074.0,0.6449999999999999
8076.0,0.688
8078.0,0.602
8080.0,0.602
8082.0,0.6449999999999999
8084.0,0.6449999999999999
8086.0,0.6449999999999999
8088.0,0.6449999999999999
8090.0,0.6449999999999999
8092.0,0.6449999999999999
8094.0,0.602
8096.0,0.602
8098.0,0.602
8100.0,0.6449999999999999
8102.0,0.6449999999999999
8104.0,0.602
8106.0,0.6449999999999999
8108.0,0.688
8110.0,0.6449999999999999
8112.0,0.602
8114.0,0.602
8116.0,0.6449999999999999
8118.0,0.6449999999999999
8120.0,0.602
8122.0,0.602
8124.0,0.6449999999999999
8126.0,0.6449999999999999
8128.0,0.602
8130.0,0.602
8132.0,0.6449999999999999
8134.0,0.6449999999999999
8136.0,0.602
8138.0,0.602
8140.0,0.6449999999999999
8142.0,0.6449999999999999
8144.0,0.602
8146.0,0.602
8148.0,0.602
8150.0,0.6449999999999999
8152.0,0.602
8154.0,0.602
8156.0,0.602
8158.0,0.6449999999999999
8160.0,0.6449999999999999
8162.0,0.602
8164.0,0.602
8166.0,0.602
8168.0,0.602
8170.0,0.602
8172.0,0.602
8174.0,0.6449999999999999
8176.0,0.602
8178.0,0.602
8180.0,0.602
8182.0,0.602
8184.0,0.602
8186.0,0.602
8188.0,0.602
8190.0,0.602
8192.0,0.6449999999999999
8194.0,0.602
8196.0,0.602
8198.0,0.602
8200.0,0.602
8202.0,0.602
8204.0,0.602
8206.0,0.602
8208.0,0.6449999999999999
8210.0,0.602
8212.0,0.5589999999999999
8214.0,0.602
8216.0,0.6449999999999999
8218.0,0.602
8220.0,0.5589999999999999
8222.0,0.602
8224.0,0.602
8226.0,0.602
8228.0,0.5589999999999999
8230.0,0.602
8232.0,0.602
8234.0,0.602
8236.0,0.602
8238.0,0.5589999999999999
8240.0,0.602
8242.0,0.602
8244.0,0.602
8246.0,0.5589999999999999
8248.0,0.602
8250.0,0.602
8252.0,0.602
8254.0,0.602
8256.0,0.602
8258.0,0.602
8260.0,0.602
8262.0,0.5589999999999999
8264.0,0.602
8266.0,0.602
8268.0,0.602
8270.0,0.5589999999999999
8272.0,0.5589999999999999
8274.0,0.602
8276.0,0.602
8278.0,0.602
8280.0,0.5589999999999999
8282.0,0.602
8284.0,0.602
8286.0,0.602
8288.0,0.5589999999999999
8290.0,0.602
8292.0,0.602
8294.0,0.602
8296.0,0.5589999999999999
8298.0,0.602
8300.0,0.602
8302.0,0.5589999999999999
8304.0,0.5589999999999999
8306.0,0.602
8308.0,0.602
8310.0,0.602
8312.0,0.5589999999999999
8314.0,0.5589999999999999
8316.0,0.602
8318.0,0.602
8320.0,0.5589999999999999
8322.0,0.5589999999999999
8324.0,0.602
8326.0,0.602
8328.0,0.5589999999999999
8330.0,0.5589999999999999
8332.0,0.602
8334.0,0.602
8336.0,0.602
8338.0,0.5589999999999999
8340.0,0.602
8342.0,0.602
8344.0,0.5589999999999999
8346.0,0.5589999999999999
8348.0,0.602
8350.0,0.602
8352.0,0.5589999999999999
8354.0,0.5589999999999999
8356.0,0.5589999999999999
8358.0,0.602
8360.0,0.5589999999999999
8362.0,0.5589999999999999
8364.0,0.5589999999999999
8366.0,0.602
8368.0,0.602
8370.0,0.5589999999999999
8372.0,0.5589999999999999
8374.0,0.602
8376.0,0.602
8378.0,0.5589999999999999
8380.0,0.5589999999999999
8382.0,0.602
8384.0,0.602
8386.0,0.5589999999999999
8388.0,0.5589999999999999
8390.0,0.602
8392.0,0.602
8394.0,0.5589999999999999
8396.0,0.5589999999999999
8398.0,0.5589999999999999
8400.0,0.602
8402.0,0.5589999999999999
8404.0,0.5589999999999999
8406.0,0.5589999999999999
8408.0,0.602
8410.0,0.5589999999999999
8412.0,0.5589999999999999
8414.0,0.5589999999999999
8416.0,0.5589999999999999
8418.0,0.602
8420.0,0.5589999999999999
8422.0,0.5589999999999999
8424.0,0.602
8426.0,0.5589999999999999
8428.0,0.5589999999999999
8430.0,0.5589999999999999
8432.0,0.5589999999999999
8434.0,0.602
8436.0,0.5589999999999999
8438.0,0.5589999999999999
8440.0,0.5589999999999999
8442.0,0.5589999999999999
8444.0,0.5589999999999999
8446.0,0.5589999999999999
8448.0,0.5589999999999999
8450.0,0.602
8452.0,0.5589999999999999
8454.0,0.5589999999999999
8456.0,0.5589999999999999
8458.0,0.602
8460.0,0.5589999999999999
8462.0,0.5589999999999999
8464.0,0.5589999999999999
8466.0,0.5589999999999999
8468.0,0.602
8470.0,0.5589999999999999
8472.0,0.516
8474.0,0.602
8476.0,0.602
8478.0,0.5589999999999999
8480.0,0.516
8482.0,0.5589999999999999
8484.0,0.602
8486.0,0.5589999999999999
8488.0,0.5589999999999999
8490.0,0.5589999999999999
8492.0,0.602
8494.0,0.5589999999999999
8496.0,0.516
8498.0,0.5589999999999999
8500.0,0.5589999999999999
8502.0,0.5589999999999999
8504.0,0.516
8506.0,0.5589999999999999
8508.0,0.5589999999999999
8510.0,0.5589999999999999
8512.0,0.516
8514.0,0.5589999999999999
8516.0,0.5589999999999999
8518.0,0.5589999999999999
8520.0,0.516
8522.0,0.5589999999999999
8524.0,0.5589999999999999
8526.0,0.5589999999999999
8528.0,0.516
8530.0,0.5589999999999999
8532.0,0.5589999999999999
8534.0,0.5589999999999999
8536.0,0.516
8538.0,0.516
8540.0,0.516
8542.0,0.5589999999999999
8544.0,0.516
8546.0,0.516
8548.0,0.516
8550.0,0.5589999999999999
8552.0,0.516
8554.0,0.516
8556.0,0.516
8558.0,0.5589999999999999
8560.0,0.516
8562.0,0.516
8564.0,0.516
8566.0,0.5589999999999999
8568.0,0.5589999999999999
8570.0,0.516
8572.0,0.516
8574.0,0.5589999999999999
8576.0,0.516
8578.0,0.516
8580.0,0.516
8582.0,0.5589999999999999
8584.0,0.516
8586.0,0.516
8588.0,0.516
8590.0,0.516
8592.0,0.5589999999999999
8594.0,0.516
8596.0,0.516
8598.0,0.516
8600.0,0.516
8602.0,0.516
8604.0,0.516
8606.0,0.5589999999999999
8608.0,0.5589999999999999
8610.0,0.5589999999999999
8612.0,0.473
8614.0,0.516
8616.0,0.516
8618.0,0.516
8620.0,0.516
8622.0,0.516
8624.0,0.516
8626.0,0.516
8628.0,0.516
8630.0,0.516
8632.0,0.516
8634.0,0.516
8636.0,0.516
8638.0,0.473
8640.0,0.516
8642.0,0.516
8644.0,0.516
8646.0,0.516
8648.0,0.516
8650.0,0.5589999999999999
8652.0,0.516
8654.0,0.516
8656.0,0.516
8658.0,0.516
8660.0,0.516
8662.0,0.473
8664.0,0.516
8666.0,0.516
8668.0,0.516
8670.0,0.473
8672.0,0.516
8674.0,0.516
8676.0,0.516
8678.0,0.516
8680.0,0.473
8682.0,0.516
8684.0,0.516
8686.0,0.516
8688.0,0.516
8690.0,0.516
8692.0,0.516
8694.0,0.516
8696.0,0.473
8698.0,0.516
8700.0,0.516
8702.0,0.516
8704.0,0.473
8706.0,0.473
8708.0,0.516
8710.0,0.516
8712.0,0.473
8714.0,0.516
8716.0,0.516
8718.0,0.516
8720.0,0.473
8722.0,0.473
8724.0,0.516
8726.0,0.516
8728.0,0.473
8730.0,0.473
8732.0,0.516
8734.0,0.516
8736.0,0.473
8738.0,0.473
8740.0,0.516
8742.0,0.516
8744.0,0.473
8746.0,0.473
8748.0,0.516
8750.0,0.516
8752.0,0.516
8754.0,0.473
8756.0,0.473
8758.0,0.516
8760.0,0.516
8762.0,0.473
8764.0,0.516
8766.0,0.516
8768.0,0.516
8770.0,0.516
8772.0,0.473
8774.0,0.516
8776.0,0.516
8778.0,0.473
8780.0,0.473
8782.0,0.473
8784.0,0.516
8786.0,0.473
8788.0,0.473
8790.0,0.473
8792.0,0.516
8794.0,0.473
8796.0,0.473
8798.0,0.473
8800.0,0.516
8802.0,0.473
8804.0,0.473
8806.0,0.473
8808.0,0.516
8810.0,0.516
8812.0,0.473
8814.0,0.473
8816.0,0.516
8818.0,0.473
8820.0,0.473
8822.0,0.473
8824.0,0.516
8826.0,0.473
8828.0,0.473
8830.0,0.473
8832.0,0.473
8834.0,0.516
8836.0,0.473
8838.0,0.473
8840.0,0.473
8842.0,0.516
8844.0,0.473
8846.0,0.473
8848.0,0.473
8850.0,0.473
8852.0,0.473
8854.0,0.473
8856.0,0.473
8858.0,0.473
8860.0,0.516
8862.0,0.473
8864.0,0.473
8866.0,0.473
8868.0,0.473
8870.0,0.473
8872.0,0.473
8874.0,0.473
8876.0,0.473
8878.0,0.473
8880.0,0.473
8882.0,0.473
8884.0,0.516
8886.0,0.473
8888.0,0.42999999999999994
8890.0,0.473
8892.0,0.473
8894.0,0.473
8896.0,0.473
8898.0,0.473
8900.0,0.473
8902.0,0.473
8904.0,0.473
8906.0,0.473
8908.0,0.473
8910.0,0.473
8912.0,0.42999999999999994
8914.0,0.473
8916.0,0.473
8918.0,0.473
8920.0,0.42999999999999994
8922.0,0.473
8924.0,0.473
8926.0,0.473
8928.0,0.473
8930.0,0.42999999999999994
8932.0,0.473
8934.0,0.473
8936.0,0.473
8938.0,0.42999999999999994
8940.0,0.473
8942.0,0.473
8944.0,0.42999999999999994
8946.0,0.42999999999999994
8948.0,0.42999999999999994
8950.0,0.473
8952.0,0.473
8954.0,0.42999999999999994
8956.0,0.42999999999999994
8958.0,0.473
8960.0,0.473
8962.0,0.42999999999999994
8964.0,0.42999999999999994
8966.0,0.473
8968.0,0.473
8970.0,0.42999999999999994
8972.0,0.42999999999999994
8974.0,0.473
8976.0,0.473
8978.0,0.42999999999999994
8980.0,0.42999999999999994
8982.0,0.473
8984.0,0.473
8986.0,0.42999999999999994
8988.0,0.42999999999999994
8990.0,0.473
8992.0,0.473
8994.0,0.42999999999999994
8996.0,0.42999999999999994
8998.0,0.42999999999999994
9000.0,0.473
9002.0,0.42999999999999994
9004.0,0.42999999999999994
9006.0,0.42999999999999994
9008.0,0.473
9010.0,0.473
9012.0,0.42999999999999994
9014.0,0.42999999999999994
9016.0,0.473
9018.0,0.42999999999999994
9020.0,0.38699999999999996
9022.0,0.42999999999999994
9024.0,0.42999999999999994
9026.0,0.42999999999999994
9028.0,0.42999999999999994
9030.0,0.42999999999999994
9032.0,0.42999999999999994
9034.0,0.473
9036.0,0.42999999999999994
9038.0,0.38699999999999996
9040.0,0.42999999999999994
9042.0,0.42999999999999994
9044.0,0.42999999999999994
9046.0,0.38699999999999996
9048.0,0.42999999999999994
9050.0,0.42999999999999994
9052.0,0.42999999999999994
9054.0,0.42999999999999994
9056.0,0.42999999999999994
9058.0,0.42999999999999994
9060.0,0.42999999999999994
9062.0,0.42999999999999994
9064.0,0.38699999999999996
9066.0,0.42999999999999994
9068.0,0.42999999999999994
9070.0,0.42999999999999994
9072.0,0.38699999999999996
9074.0,0.42999999999999994
9076.0,0.42999999999999994
9078.0,0.42999999999999994
9080.0,0.38699999999999996
9082.0,0.42999999999999994
9084.0,0.42999999999999994
9086.0,0.42999999999999994
9088.0,0.42999999999999994
9090.0,0.42999999999999994
9092.0,0.42999999999999994
9094.0,0.42999999999999994
9096.0,0.38699999999999996
9098.0,0.42999999999999994
9100.0,0.42999999999999994
9102.0,0.42999999999999994
9104.0,0.38699999999999996
9106.0,0.42999999999999994
9108.0,0.42999999999999994
9110.0,0.42999999999999994
9112.0,0.38699999999999996
9114.0,0.38699999999999996
9116.0,0.42999999999999994
9118.0,0.42999999999999994
9120.0,0.38699999999999996
9122.0,0.38699999999999996
9124.0,0.42999999999999994
9126.0,0.42999999999999994
9128.0,0.38699999999999996
9130.0,0.38699999999999996
9132.0,0.42999999999999994
9134.0,0.42999999999999994
9136.0,0.38699999999999996
9138.0,0.38699999999999996
9140.0,0.42999999999999994
9142.0,0.42999999999999994
9144.0,0.38699999999999996
9146.0,0.38699999999999996
9148.0,0.38699999999999996
9150.0,0.42999999999999994
9152.0,0.38699999999999996
9154.0,0.38699999999999996
9156.0,0.38699999999999996
9158.0,0.42999999999999994
9160.0,0.42999999999999994
9162.0,0.38699999999999996
9164.0,0.38699999999999996
9166.0,0.42999999999999994
9168.0,0.42999999999999994
9170.0,0.38699999999999996
9172.0,0.38699999999999996
9174.0,0.42999999999999994
9176.0,0.42999999999999994
9178.0,0.38699999999999996
9180.0,0.38699999999999996
9182.0,0.42999999999999994
9184.0,0.42999999999999994
9186.0,0.38699999999999996
9188.0,0.38699999999999996
9190.0,0.38699999999999996
9192.0,0.42999999999999994
9194.0,0.38699999999999996
9196.0,0.38699999999999996
9198.0,0.38699999999999996
9200.0,0.42999999999999994
9202.0,0.38699999999999996
9204.0,0.38699999999999996
9206.0,0.38699999999999996
9208.0,0.42999999999999994
9210.0,0.42999999999999994
9212.0,0.38699999999999996
9214.0,0.38699999999999996
9216.0,0.42999999999999994
9218.0,0.38699999999999996
9220.0,0.38699999999999996
9222.0,0.38699999999999996
9224.0,0.38699999999999996
9226.0,0.38699999999999996
9228.0,0.38699999999999996
9230.0,0.38699999999999996
9232.0,0.38699999999999996
9234.0,0.38699999999999996
9236.0,0.38699999999999996
9238.0,0.38699999999999996
9240.0,0.38699999999999996
9242.0,0.42999999999999994
9244.0,0.38699999999999996
9246.0,0.38699999999999996
9248.0,0.38699999999999996
9250.0,0.38699999999999996
9252.0,0.38699999999999996
9254.0,0.38699999999999996
9256.0,0.38699999999999996
9258.0,0.38699999999999996
9260.0,0.38699999999999996
9262.0,0.38699999999999996
9264.0,0.38699999999999996
9266.0,0.38699999999999996
9268.0,0.38699999999999996
9270.0,0.38699999999999996
9272.0,0.38699999999999996
9274.0,0.38699999999999996
9276.0,0.38699999999999996
9278.0,0.38699999999999996
9280.0,0.38699999999999996
9282.0,0.38699999999999996
9284.0,0.38699999999999996
9286.0,0.38699999999999996
9288.0,0.38699999999999996
9290.0,0.38699999999999996
9292.0,0.38699999999999996
9294.0,0.38699999999999996
9296.0,0.38699999999999996
9298.0,0.38699999999999996
9300.0,0.38699999999999996
9302.0,0.38699999999999996
9304.0,0.38699999999999996
9306.0,0.38699999999999996
9308.0,0.38699999999999996
9310.0,0.38699999999999996
9312.0,0.38699999999999996
9314.0,0.38699999999999996
9316.0,0.38699999999999996
9318.0,0.38699999999999996
9320.0,0.38699999999999996
9322.0,0.38699999999999996
9324.0,0.38699999999999996
9326.0,0.38699999999999996
9328.0,0.38699999999999996
9330.0,0.344
9332.0,0.38699999999999996
9334.0,0.38699999999999996
9336.0,0.38699999999999996
9338.0,0.38699999999999996
9340.0,0.38699999999999996
9342.0,0.38699999999999996
9344.0,0.38699999999999996
9346.0,0.38699999999999996
9348.0,0.38699999999999996
9350.0,0.38699999999999996
9352.0,0.38699999999999996
9354.0,0.344
9356.0,0.38699999999999996
9358.0,0.38699999999999996
9360.0,0.38699999999999996
9362.0,0.344
9364.0,0.344
9366.0,0.38699999999999996
9368.0,0.38699999999999996
9370.0,0.344
9372.0,0.344
9374.0,0.38699999999999996
9376.0,0.38699999999999996
9378.0,0.38699999999999996
9380.0,0.38699999999999996
9382.0,0.38699999999999996
9384.0,0.38699999999999996
9386.0,0.38699999999999996
9388.0,0.344
9390.0,0.38699999999999996
9392.0,0.38699999999999996
9394.0,0.344
9396.0,0.344
9398.0,0.344
9400.0,0.38699999999999996
9402.0,0.38699999999999996
9404.0,0.344
9406.0,0.344
9408.0,0.38699999999999996
9410.0,0.38699999999999996
9412.0,0.344
9414.0,0.344
9416.0,0.38699999999999996
9418.0,0.38699999999999996
9420.0,0.344
9422.0,0.344
9424.0,0.38699999999999996
9426.0,0.38699999999999996
9428.0,0.344
9430.0,0.344
9432.0,0.344
9434.0,0.38699999999999996
9436.0,0.344
9438.0,0.344
9440.0,0.38699999999999996
9442.0,0.38699999999999996
9444.0,0.344
9446.0,0.344
9448.0,0.344
9450.0,0.38699999999999996
9452.0,0.344
9454.0,0.344
9456.0,0.344
9458.0,0.344
9460.0,0.344
9462.0,0.344
9464.0,0.344
9466.0,0.344
9468.0,0.344
9470.0,0.344
9472.0,0.344
9474.0,0.344
9476.0,0.344
9478.0,0.344
9480.0,0.301
9482.0,0.344
9484.0,0.38699999999999996
9486.0,0.344
9488.0,0.301
9490.0,0.344
9492.0,0.344
9494.0,0.344
9496.0,0.344
9498.0,0.344
9500.0,0.344
9502.0,0.344
9504.0,0.301
9506.0,0.344
9508.0,0.344
9510.0,0.344
9512.0,0.344
9514.0,0.344
9516.0,0.344
9518.0,0.344
9520.0,0.301
9522.0,0.344
9524.0,0.344
9526.0,0.344
9528.0,0.301
9530.0,0.301
9532.0,0.344
9534.0,0.344
9536.0,0.301
9538.0,0.301
9540.0,0.301
9542.0,0.344
9544.0,0.344
9546.0,0.344
9548.0,0.344
9550.0,0.344
9552.0,0.344
9554.0,0.301
9556.0,0.301
9558.0,0.344
9560.0,0.344
9562.0,0.301
9564.0,0.301
9566.0,0.344
9568.0,0.344
9570.0,0.301
9572.0,0.301
9574.0,0.344
9576.0,0.344
9578.0,0.344
9580.0,0.301
9582.0,0.344
9584.0,0.344
9586.0,0.301
9588.0,0.301
9590.0,0.301
9592.0,0.344
9594.0,0.344
9596.0,0.301
9598.0,0.301
9600.0,0.344
9602.0,0.301
9604.0,0.301
9606.0,0.301
9608.0,0.301
9610.0,0.301
9612.0,0.301
9614.0,0.301
9616.0,0.301
9618.0,0.301
9620.0,0.301
9622.0,0.301
9624.0,0.301
9626.0,0.301
9628.0,0.301
9630.0,0.301
9632.0,0.301
9634.0,0.344
9636.0,0.301
9638.0,0.301
9640.0,0.301
9642.0,0.344
9644.0,0.301
9646.0,0.301
9648.0,0.301
9650.0,0.301
9652.0,0.301
9654.0,0.301
9656.0,0.301
9658.0,0.301
9660.0,0.301
9662.0,0.301
9664.0,0.301
9666.0,0.301
9668.0,0.301
9670.0,0.301
9672.0,0.301
9674.0,0.301
9676.0,0.301
9678.0,0.301
9680.0,0.301
9682.0,0.301
9684.0,0.344
9686.0,0.301
9688.0,0.301
9690.0,0.301
9692.0,0.301
9694.0,0.301
9696.0,0.301
9698.0,0.301
9700.0,0.301
9702.0,0.301
9704.0,0.301
9706.0,0.301
9708.0,0.301
9710.0,0.301
9712.0,0.301
9714.0,0.301
9716.0,0.301
9718.0,0.301
9720.0,0.301
9722.0,0.301
9724.0,0.301
9726.0,0.301
9728.0,0.301
9730.0,0.301
9732.0,0.301
9734.0,0.301
9736.0,0.301
9738.0,0.301
9740.0,0.301
9742.0,0.301
9744.0,0.301
9746.0,0.301
9748.0,0.301
9750.0,0.301
9752.0,0.301
9754.0,0.301
9756.0,0.301
9758.0,0.301
9760.0,0.301
9762.0,0.301
9764.0,0.301
9766.0,0.301
9768.0,0.301
9770.0,0.258
9772.0,0.258
9774.0,0.301
9776.0,0.301
9778.0,0.301
9780.0,0.301
9782.0,0.301
9784.0,0.301
9786.0,0.301
9788.0,0.301
9790.0,0.301
9792.0,0.301
9794.0,0.301
9796.0,0.301
9798.0,0.301
9800.0,0.301
9802.0,0.301
9804.0,0.258
9806.0,0.301
9808.0,0.301
9810.0,0.301
9812.0,0.258
9814.0,0.258
9816.0,0.301
9818.0,0.301
9820.0,0.258
9822.0,0.258
9824.0,0.301
9826.0,0.301
9828.0,0.301
9830.0,0.258
9832.0,0.301
9834.0,0.301
9836.0,0.301
9838.0,0.258
9840.0,0.301
9842.0,0.301
9844.0,0.301
9846.0,0.258
9848.0,0.301
9850.0,0.301
9852.0,0.301
9854.0,0.258
9856.0,0.258
9858.0,0.301
9860.0,0.301
9862.0,0.21499999999999997
9864.0,0.258
9866.0,0.301
9868.0,0.301
9870.0,0.258
9872.0,0.258
9874.0,0.301
9876.0,0.301
9878.0,0.258
9880.0,0.21499999999999997
9882.0,0.258
9884.0,0.301
9886.0,0.301
9888.0,0.21499999999999997
9890.0,0.258
9892.0,0.301
9894.0,0.258
9896.0,0.21499999999999997
9898.0,0.21499999999999997
9900.0,0.258
9902.0,0.258
9904.0,0.21499999999999997
9906.0,0.21499999999999997
9908.0,0.258
9910.0,0.258
9912.0,0.258
9914.0,0.258
9916.0,0.258
9918.0,0.258
9920.0,0.21499999999999997
9922.0,0.21499999999999997
9924.0,0.301
9926.0,0.258
9928.0,0.21499999999999997
9930.0,0.21499999999999997
9932.0,0.258
9934.0,0.258
9936.0,0.258
9938.0,0.21499999999999997
9940.0,0.258
9942.0,0.258
9944.0,0.21499999999999997
9946.0,0.21499999999999997
9948.0,0.258
9950.0,0.258
9952.0,0.258
9954.0,0.21499999999999997
9956.0,0.21499999999999997
9958.0,0.258
9960.0,0.258
9962.0,0.21499999999999997
9964.0,0.21499999999999997
9966.0,0.21499999999999997
9968.0,0.258
9970.0,0.21499999999999997
9972.0,0.21499999999999997
9974.0,0.258
9976.0,0.258
9978.0,0.21499999999999997
9980.0,0.21499999999999997
9982.0,0.21499999999999997
9984.0,0.258
9986.0,0.21499999999999997
9988.0,0.21499999999999997
9990.0,0.21499999999999997
9992.0,0.258
9994.0,0.21499999999999997
9996.0,0.21499999999999997
9998.0,0.21499999999999997
10000.0,0.258
10002.0,0.21499999999999997
10004.0,0.21499999999999997
10006.0,0.21499999999999997
10008.0,0.258
10010.0,0.21499999999999997
10012.0,0.21499999999999997
10014.0,0.21499999999999997
10016.0,0.21499999999999997
10018.0,0.21499999999999997
10020.0,0.21499999999999997
10022.0,0.21499999999999997
10024.0,0.21499999999999997
10026.0,0.258
10028.0,0.21499999999999997
10030.0,0.21499999999999997
10032.0,0.21499999999999997
10034.0,0.21499999999999997
10036.0,0.21499999999999997
10038.0,0.21499999999999997
10040.0,0.21499999999999997
10042.0,0.21499999999999997
10044.0,0.21499999999999997
10046.0,0.21499999999999997
10048.0,0.21499999999999997
10050.0,0.21499999999999997
10052.0,0.21499999999999997
10054.0,0.21499999999999997
10056.0,0.21499999999999997
10058.0,0.21499999999999997
10060.0,0.21499999999999997
10062.0,0.21499999999999997
10064.0,0.21499999999999997
10066.0,0.21499999999999997
10068.0,0.21499999999999997
10070.0,0.21499999999999997
10072.0,0.21499999999999997
10074.0,0.21499999999999997
10076.0,0.21499999999999997
10078.0,0.21499999999999997
10080.0,0.21499999999999997
10082.0,0.21499999999999997
10084.0,0.21499999999999997
10086.0,0.21499999999999997
10088.0,0.21499999999999997
10090.0,0.21499999999999997
10092.0,0.21499999999999997
10094.0,0.21499999999999997
10096.0,0.21499999999999997
10098.0,0.21499999999999997
10100.0,0.21499999999999997
10102.0,0.21499999999999997
10104.0,0.21499999999999997
10106.0,0.21499999999999997
10108.0,0.21499999999999997
10110.0,0.21499999999999997
10112.0,0.21499999999999997
10114.0,0.21499999999999997
10116.0,0.21499999999999997
10118.0,0.21499999999999997
10120.0,0.21499999999999997
10122.0,0.21499999999999997
10124.0,0.21499999999999997
10126.0,0.21499999999999997
10128.0,0.21499999999999997
10130.0,0.21499999999999997
10132.0,0.21499999999999997
10134.0,0.21499999999999997
10136.0,0.21499999999999997
10138.0,0.21499999999999997
10140.0,0.21499999999999997
10142.0,0.21499999999999997
10144.0,0.21499999999999997
10146.0,0.21499999999999997
10148.0,0.21499999999999997
10150.0,0.21499999999999997
10152.0,0.21499999999999997
10154.0,0.21499999999999997
10156.0,0.21499999999999997
10158.0,0.21499999999999997
10160.0,0.21499999999999997
10162.0,0.21499999999999997
10164.0,0.21499999999999997
10166.0,0.21499999999999997
10168.0,0.21499999999999997
10170.0,0.21499999999999997
10172.0,0.172
10174.0,0.21499999999999997
10176.0,0.21499999999999997
10178.0,0.21499999999999997
10180.0,0.21499999999999997
10182.0,0.21499999999999997
10184.0,0.21499999999999997
10186.0,0.21499999999999997
10188.0,0.172
10190.0,0.21499999999999997
10192.0,0.21499999999999997
10194.0,0.21499999999999997
10196.0,0.172
10198.0,0.21499999999999997
10200.0,0.21499999999999997
10202.0,0.21499999999999997
10204.0,0.172
10206.0,0.21499999999999997
10208.0,0.21499999999999997
10210.0,0.21499999999999997
10212.0,0.129
10214.0,0.172
10216.0,0.21499999999999997
10218.0,0.21499999999999997
10220.0,0.172
10222.0,0.172
10224.0,0.21499999999999997
10226.0,0.21499999999999997
10228.0,0.21499999999999997
10230.0,0.172
10232.0,0.129
10234.0,0.21499999999999997
10236.0,0.129
10238.0,0.172
10240.0,0.172
10242.0,0.21499999999999997
10244.0,0.21499999999999997
10246.0,0.129
10248.0,0.172
10250.0,0.21499999999999997
10252.0,0.21499999999999997
10254.0,0.129
10256.0,0.172
10258.0,0.21499999999999997
10260.0,0.21499999999999997
10262.0,0.129
10264.0,0.129
10266.0,0.21499999999999997
10268.0,0.172
10270.0,0.129
10272.0,0.129
10274.0,0.172
10276.0,0.21499999999999997
10278.0,0.172
10280.0,0.129
10282.0,0.172
10284.0,0.21499999999999997
10286.0,0.129
10288.0,0.129
10290.0,0.172
10292.0,0.129
10294.0,0.172
10296.0,0.129
10298.0,0.129
10300.0,0.129
10302.0,0.172
10304.0,0.129
10306.0,0.129
10308.0,0.129
10310.0,0.172
10312.0,0.129
10314.0,0.129
10316.0,0.172
10318.0,0.172
10320.0,0.129
10322.0,0.129
10324.0,0.129
10326.0,0.172
10328.0,0.129
10330.0,0.129
10332.0,0.129
10334.0,0.172
10336.0,0.129
10338.0,0.129
10340.0,0.129
10342.0,0.172
10344.0,0.129
10346.0,0.129
10348.0,0.129
10350.0,0.129
10352.0,0.129
10354.0,0.129
10356.0,0.129
10358.0,0.129
10360.0,0.129
10362.0,0.129
10364.0,0.129
10366.0,0.129
10368.0,0.129
10370.0,0.129
10372.0,0.129
10374.0,0.129
10376.0,0.129
10378.0,0.129
10380.0,0.129
10382.0,0.129
10384.0,0.129
10386.0,0.129
10388.0,0.129
10390.0,0.129
10392.0,0.129
10394.0,0.129
10396.0,0.129
10398.0,0.129
10400.0,0.129
10402.0,0.129
10404.0,0.129
10406.0,0.129
10408.0,0.129
10410.0,0.129
10412.0,0.129
10414.0,0.129
10416.0,0.129
10418.0,0.129
10420.0,0.129
10422.0,0.129
10424.0,0.129
10426.0,0.129
10428.0,0.129
10430.0,0.129
10432.0,0.129
10434.0,0.129
10436.0,0.129
10438.0,0.129
10440.0,0.129
10442.0,0.129
10444.0,0.129
10446.0,0.129
10448.0,0.129
10450.0,0.129
10452.0,0.129
10454.0,0.129
10456.0,0.129
10458.0,0.129
10460.0,0.129
10462.0,0.129
10464.0,0.129
10466.0,0.129
10468.0,0.129
10470.0,0.129
10472.0,0.129
10474.0,0.129
10476.0,0.129
10478.0,0.129
10480.0,0.086
10482.0,0.129
10484.0,0.129
10486.0,0.129
10488.0,0.086
10490.0,0.129
10492.0,0.129
10494.0,0.129
10496.0,0.086
10498.0,0.129
10500.0,0.129
10502.0,0.129
10504.0,0.086
10506.0,0.086
10508.0,0.129
10510.0,0.129
10512.0,0.086
10514.0,0.086
10516.0,0.129
10518.0,0.129
10520.0,0.043
10522.0,0.086
10524.0,0.129
10526.0,0.129
10528.0,0.043
10530.0,0.043
10532.0,0.086
10534.0,0.129
10536.0,0.086
10538.0,0.043
10540.0,0.086
10542.0,0.129
10544.0,0.086
10546.0,0.043
10548.0,0.043
10550.0,0.086
10552.0,0.086
10554.0,0.043
10556.0,0.043
10558.0,0.086
10560.0,0.043
10562.0,0.043
10564.0,0.043
10566.0,0.086
10568.0,0.086
10570.0,0.043
10572.0,0.043
10574.0,0.043
10576.0,0.043
10578.0,0.043
10580.0,0.043
10582.0,0.043
10584.0,0.043
10586.0,0.043
10588.0,0.043
10590.0,0.043
10592.0,0.043
10594.0,0.043
10596.0,0.043
10598.0,0.043
10600.0,0.043
10602.0,0.043
10604.0,0.043
10606.0,0.043
10608.0,0.043
10610.0,0.043
10612.0,0.043
10614.0,0.043
10616.0,0.043
10618.0,0.043
10620.0,0.043
10622.0,0.0
